ISO-10303-21;
HEADER;
/* Generated by software containing ST-Developer
 * from STEP Tools, Inc. (www.steptools.com) 
 */

FILE_DESCRIPTION(
/* description */ (''),
/* implementation_level */ '2;1');

FILE_NAME(
/* name */ '',
/* time_stamp */ '2026-07-15T11:32:04+08:00',
/* author */ (''),
/* organization */ (''),
/* preprocessor_version */ 'ST-DEVELOPER v20.1',
/* originating_system */ 'Autodesk Translation Framework v15.8.0.0',
/* authorisation */ '');

FILE_SCHEMA (('AUTOMOTIVE_DESIGN { 1 0 10303 214 3 1 1 }'));
ENDSEC;

DATA;
#10=MECHANICAL_DESIGN_GEOMETRIC_PRESENTATION_REPRESENTATION('',(#13),#2298);
#11=SHAPE_REPRESENTATION_RELATIONSHIP('SRR','None',#2305,#12);
#12=ADVANCED_BREP_SHAPE_REPRESENTATION('',(#14),#2297);
#13=STYLED_ITEM('',(#2314),#14);
#14=MANIFOLD_SOLID_BREP('\X2\9ACB517382824FDD630167B6\X0\',#749);
#15=FACE_BOUND('',#151,.T.);
#16=SPHERICAL_SURFACE('',#784,1.6);
#17=SPHERICAL_SURFACE('',#786,1.6);
#18=SPHERICAL_SURFACE('',#787,1.6);
#19=SPHERICAL_SURFACE('',#788,1.6);
#20=SPHERICAL_SURFACE('',#789,1.6);
#21=SPHERICAL_SURFACE('',#790,1.6);
#22=CYLINDRICAL_SURFACE('',#766,6.25);
#23=CYLINDRICAL_SURFACE('',#775,7.45);
#24=CIRCLE('',#764,6.25);
#25=CIRCLE('',#765,7.45);
#26=CIRCLE('',#767,6.25);
#27=CIRCLE('',#768,6.25);
#28=CIRCLE('',#769,6.25);
#29=CIRCLE('',#770,6.25);
#30=CIRCLE('',#771,6.25);
#31=CIRCLE('',#772,6.25);
#32=CIRCLE('',#774,7.45);
#33=CIRCLE('',#776,7.45);
#34=CIRCLE('',#777,7.45);
#35=CIRCLE('',#778,7.45);
#36=CIRCLE('',#779,7.45);
#37=CIRCLE('',#780,7.45);
#38=PLANE('',#763);
#39=PLANE('',#773);
#40=PLANE('',#781);
#41=PLANE('',#782);
#42=PLANE('',#783);
#43=PLANE('',#785);
#44=PLANE('',#791);
#45=LINE('',#951,#59);
#46=LINE('',#967,#60);
#47=LINE('',#1215,#61);
#48=LINE('',#1353,#62);
#49=LINE('',#1357,#63);
#50=LINE('',#1478,#64);
#51=LINE('',#1765,#65);
#52=LINE('',#1774,#66);
#53=LINE('',#1887,#67);
#54=LINE('',#1896,#68);
#55=LINE('',#2007,#69);
#56=LINE('',#2016,#70);
#57=LINE('',#2162,#71);
#58=LINE('',#2187,#72);
#59=VECTOR('',#794,10.);
#60=VECTOR('',#799,10.);
#61=VECTOR('',#812,6.25);
#62=VECTOR('',#819,10.);
#63=VECTOR('',#822,10.);
#64=VECTOR('',#827,7.45);
#65=VECTOR('',#836,10.);
#66=VECTOR('',#839,10.);
#67=VECTOR('',#840,10.);
#68=VECTOR('',#843,10.);
#69=VECTOR('',#844,10.);
#70=VECTOR('',#847,10.);
#71=VECTOR('',#850,10.);
#72=VECTOR('',#853,10.);
#73=FACE_OUTER_BOUND('',#112,.T.);
#74=FACE_OUTER_BOUND('',#113,.T.);
#75=FACE_OUTER_BOUND('',#114,.T.);
#76=FACE_OUTER_BOUND('',#115,.T.);
#77=FACE_OUTER_BOUND('',#116,.T.);
#78=FACE_OUTER_BOUND('',#117,.T.);
#79=FACE_OUTER_BOUND('',#118,.T.);
#80=FACE_OUTER_BOUND('',#119,.T.);
#81=FACE_OUTER_BOUND('',#120,.T.);
#82=FACE_OUTER_BOUND('',#121,.T.);
#83=FACE_OUTER_BOUND('',#122,.T.);
#84=FACE_OUTER_BOUND('',#123,.T.);
#85=FACE_OUTER_BOUND('',#124,.T.);
#86=FACE_OUTER_BOUND('',#125,.T.);
#87=FACE_OUTER_BOUND('',#126,.T.);
#88=FACE_OUTER_BOUND('',#127,.T.);
#89=FACE_OUTER_BOUND('',#128,.T.);
#90=FACE_OUTER_BOUND('',#129,.T.);
#91=FACE_OUTER_BOUND('',#130,.T.);
#92=FACE_OUTER_BOUND('',#131,.T.);
#93=FACE_OUTER_BOUND('',#132,.T.);
#94=FACE_OUTER_BOUND('',#133,.T.);
#95=FACE_OUTER_BOUND('',#134,.T.);
#96=FACE_OUTER_BOUND('',#135,.T.);
#97=FACE_OUTER_BOUND('',#136,.T.);
#98=FACE_OUTER_BOUND('',#137,.T.);
#99=FACE_OUTER_BOUND('',#138,.T.);
#100=FACE_OUTER_BOUND('',#139,.T.);
#101=FACE_OUTER_BOUND('',#140,.T.);
#102=FACE_OUTER_BOUND('',#141,.T.);
#103=FACE_OUTER_BOUND('',#142,.T.);
#104=FACE_OUTER_BOUND('',#143,.T.);
#105=FACE_OUTER_BOUND('',#144,.T.);
#106=FACE_OUTER_BOUND('',#145,.T.);
#107=FACE_OUTER_BOUND('',#146,.T.);
#108=FACE_OUTER_BOUND('',#147,.T.);
#109=FACE_OUTER_BOUND('',#148,.T.);
#110=FACE_OUTER_BOUND('',#149,.T.);
#111=FACE_OUTER_BOUND('',#150,.T.);
#112=EDGE_LOOP('',(#446,#447,#448,#449,#450));
#113=EDGE_LOOP('',(#451,#452,#453));
#114=EDGE_LOOP('',(#454,#455,#456,#457,#458,#459));
#115=EDGE_LOOP('',(#460,#461,#462,#463,#464,#465,#466,#467,#468,#469,#470,
#471,#472,#473,#474,#475,#476,#477,#478,#479,#480,#481,#482,#483,#484,#485,
#486,#487,#488,#489,#490,#491,#492,#493));
#116=EDGE_LOOP('',(#494,#495,#496,#497,#498));
#117=EDGE_LOOP('',(#499,#500,#501,#502,#503,#504));
#118=EDGE_LOOP('',(#505,#506,#507));
#119=EDGE_LOOP('',(#508,#509,#510,#511,#512,#513,#514,#515,#516,#517,#518,
#519,#520,#521,#522,#523,#524,#525,#526,#527,#528,#529,#530,#531,#532,#533,
#534,#535,#536,#537,#538,#539,#540,#541,#542,#543,#544,#545,#546,#547));
#120=EDGE_LOOP('',(#548,#549,#550,#551,#552));
#121=EDGE_LOOP('',(#553,#554,#555));
#122=EDGE_LOOP('',(#556,#557,#558,#559,#560,#561));
#123=EDGE_LOOP('',(#562,#563,#564,#565,#566));
#124=EDGE_LOOP('',(#567,#568,#569));
#125=EDGE_LOOP('',(#570,#571,#572,#573,#574));
#126=EDGE_LOOP('',(#575,#576,#577));
#127=EDGE_LOOP('',(#578,#579,#580,#581,#582,#583));
#128=EDGE_LOOP('',(#584,#585,#586,#587,#588));
#129=EDGE_LOOP('',(#589,#590,#591));
#130=EDGE_LOOP('',(#592,#593,#594,#595,#596));
#131=EDGE_LOOP('',(#597,#598,#599));
#132=EDGE_LOOP('',(#600,#601,#602,#603,#604,#605));
#133=EDGE_LOOP('',(#606,#607,#608,#609,#610));
#134=EDGE_LOOP('',(#611,#612,#613));
#135=EDGE_LOOP('',(#614,#615,#616,#617,#618));
#136=EDGE_LOOP('',(#619,#620,#621,#622,#623));
#137=EDGE_LOOP('',(#624,#625,#626,#627,#628));
#138=EDGE_LOOP('',(#629,#630,#631));
#139=EDGE_LOOP('',(#632,#633,#634));
#140=EDGE_LOOP('',(#635,#636,#637,#638,#639,#640));
#141=EDGE_LOOP('',(#641,#642,#643,#644,#645));
#142=EDGE_LOOP('',(#646,#647,#648,#649,#650));
#143=EDGE_LOOP('',(#651,#652,#653,#654,#655,#656,#657));
#144=EDGE_LOOP('',(#658,#659,#660,#661,#662));
#145=EDGE_LOOP('',(#663,#664,#665,#666,#667));
#146=EDGE_LOOP('',(#668,#669,#670,#671,#672));
#147=EDGE_LOOP('',(#673,#674,#675,#676,#677));
#148=EDGE_LOOP('',(#678,#679,#680));
#149=EDGE_LOOP('',(#681,#682,#683));
#150=EDGE_LOOP('',(#684));
#151=EDGE_LOOP('',(#685));
#152=B_SPLINE_CURVE_WITH_KNOTS('',3,(#894,#895,#896,#897,#898,#899,#900,
#901,#902,#903),.UNSPECIFIED.,.F.,.F.,(4,2,2,2,4),(0.,0.0643602400445062,
0.128205165528664,0.162696695549473,0.190203730728292),.UNSPECIFIED.);
#153=B_SPLINE_CURVE_WITH_KNOTS('',3,(#905,#906,#907,#908,#909),
 .UNSPECIFIED.,.F.,.F.,(4,1,4),(-0.216138941455626,-0.0941510862410499,
0.0479702269727188),.UNSPECIFIED.);
#154=B_SPLINE_CURVE_WITH_KNOTS('',3,(#911,#912,#913,#914,#915,#916,#917,
#918,#919,#920),.UNSPECIFIED.,.F.,.F.,(4,2,2,2,4),(0.,0.0379322183029444,
0.077432223268887,0.0981012443643188,0.118697741447601),.UNSPECIFIED.);
#155=B_SPLINE_CURVE_WITH_KNOTS('',3,(#922,#923,#924,#925,#926,#927,#928,
#929),.UNSPECIFIED.,.F.,.F.,(4,2,2,4),(0.0540320825090646,0.0682890446757716,
0.103717134471634,0.12654923852238),.UNSPECIFIED.);
#156=B_SPLINE_CURVE_WITH_KNOTS('',3,(#930,#931,#932,#933),.UNSPECIFIED.,
 .F.,.F.,(4,4),(4.36456793333078E-6,0.0639460563656164),.UNSPECIFIED.);
#157=B_SPLINE_CURVE_WITH_KNOTS('',3,(#952,#953,#954,#955),.UNSPECIFIED.,
 .F.,.F.,(4,4),(-0.323407084578363,-0.296464245222227),.UNSPECIFIED.);
#158=B_SPLINE_CURVE_WITH_KNOTS('',3,(#960,#961,#962,#963,#964,#965),
 .UNSPECIFIED.,.F.,.F.,(4,2,4),(0.,0.0474876111861839,0.0604262698485377),
 .UNSPECIFIED.);
#159=B_SPLINE_CURVE_WITH_KNOTS('',3,(#971,#972,#973,#974,#975,#976),
 .UNSPECIFIED.,.F.,.F.,(4,2,4),(0.867426638322287,0.901671575277038,0.956458945030176),
 .UNSPECIFIED.);
#160=B_SPLINE_CURVE_WITH_KNOTS('',3,(#978,#979,#980,#981,#982,#983,#984,
#985,#986,#987,#988,#989,#990,#991,#992,#993,#994,#995,#996,#997,#998,#999,
#1000,#1001,#1002,#1003),.UNSPECIFIED.,.F.,.F.,(4,2,2,2,2,2,2,2,2,2,2,2,
4),(0.,0.0547873697531388,0.109574739506278,0.158787155883826,0.198950946070685,
0.239114736257544,0.279278526444403,0.319442316631262,0.368654733008811,
0.42344210276195,0.478229472515088,0.533016842268227,0.567261779222978),
 .UNSPECIFIED.);
#161=B_SPLINE_CURVE_WITH_KNOTS('',3,(#1005,#1006,#1007,#1008,#1009,#1010,
#1011,#1012),.UNSPECIFIED.,.F.,.F.,(4,2,2,4),(3.99967794223511E-6,0.0399712428737418,
0.0801601429966421,0.11892087293821),.UNSPECIFIED.);
#162=B_SPLINE_CURVE_WITH_KNOTS('',3,(#1016,#1017,#1018,#1019,#1020,#1021,
#1022,#1023,#1024,#1025),.UNSPECIFIED.,.F.,.F.,(4,2,2,2,4),(0.,0.0379322183027513,
0.0774322232684954,0.0981012443641069,0.118697741447595),.UNSPECIFIED.);
#163=B_SPLINE_CURVE_WITH_KNOTS('',3,(#1027,#1028,#1029,#1030,#1031,#1032),
 .UNSPECIFIED.,.F.,.F.,(4,2,4),(0.867426638322287,0.901671575277038,0.956458945030177),
 .UNSPECIFIED.);
#164=B_SPLINE_CURVE_WITH_KNOTS('',3,(#1034,#1035,#1036,#1037,#1038,#1039,
#1040,#1041,#1042,#1043,#1044,#1045,#1046,#1047,#1048,#1049,#1050,#1051,
#1052,#1053,#1054,#1055,#1056,#1057,#1058,#1059),.UNSPECIFIED.,.F.,.F.,
(4,2,2,2,2,2,2,2,2,2,2,2,4),(0.,0.0547873697531387,0.109574739506277,0.158787155883826,
0.198950946070685,0.239114736257544,0.279278526444403,0.319442316631262,
0.368654733008811,0.42344210276195,0.478229472515088,0.533016842268227,
0.567261779222978),.UNSPECIFIED.);
#165=B_SPLINE_CURVE_WITH_KNOTS('',3,(#1061,#1062,#1063,#1064,#1065,#1066,
#1067,#1068),.UNSPECIFIED.,.F.,.F.,(4,2,2,4),(0.,0.0399712681784235,0.0801601767751666,
0.118916841152771),.UNSPECIFIED.);
#166=B_SPLINE_CURVE_WITH_KNOTS('',3,(#1072,#1073,#1074,#1075,#1076,#1077,
#1078,#1079,#1080,#1081),.UNSPECIFIED.,.F.,.F.,(4,2,2,2,4),(0.,0.0379322182984989,
0.0774322232648909,0.0981012443617328,0.118697741447583),.UNSPECIFIED.);
#167=B_SPLINE_CURVE_WITH_KNOTS('',3,(#1083,#1084,#1085,#1086,#1087,#1088),
 .UNSPECIFIED.,.F.,.F.,(4,2,4),(0.867426638322287,0.901671575277038,0.956458945030177),
 .UNSPECIFIED.);
#168=B_SPLINE_CURVE_WITH_KNOTS('',3,(#1090,#1091,#1092,#1093,#1094,#1095,
#1096,#1097,#1098,#1099,#1100,#1101,#1102,#1103,#1104,#1105,#1106,#1107,
#1108,#1109,#1110,#1111,#1112,#1113,#1114,#1115),.UNSPECIFIED.,.F.,.F.,
(4,2,2,2,2,2,2,2,2,2,2,2,4),(0.,0.0547873697531387,0.109574739506277,0.158787155883826,
0.198950946070685,0.239114736257544,0.279278526444403,0.319442316631262,
0.368654733008811,0.42344210276195,0.478229472515088,0.533016842268227,
0.567261779222978),.UNSPECIFIED.);
#169=B_SPLINE_CURVE_WITH_KNOTS('',3,(#1117,#1118,#1119,#1120,#1121,#1122,
#1123,#1124),.UNSPECIFIED.,.F.,.F.,(4,2,2,4),(3.99967794224562E-6,0.0399712428749665,
0.0801601429999181,0.118920872938212),.UNSPECIFIED.);
#170=B_SPLINE_CURVE_WITH_KNOTS('',3,(#1128,#1129,#1130,#1131,#1132,#1133,
#1134,#1135,#1136,#1137),.UNSPECIFIED.,.F.,.F.,(4,2,2,2,4),(0.,0.0379322183029432,
0.0774322232688828,0.0981012443643157,0.1186977414476),.UNSPECIFIED.);
#171=B_SPLINE_CURVE_WITH_KNOTS('',3,(#1139,#1140,#1141,#1142,#1143,#1144),
 .UNSPECIFIED.,.F.,.F.,(4,2,4),(0.867426638322287,0.901671575277038,0.956458945030176),
 .UNSPECIFIED.);
#172=B_SPLINE_CURVE_WITH_KNOTS('',3,(#1146,#1147,#1148,#1149,#1150,#1151,
#1152,#1153,#1154,#1155,#1156,#1157,#1158,#1159,#1160,#1161,#1162,#1163,
#1164,#1165,#1166,#1167,#1168,#1169,#1170,#1171),.UNSPECIFIED.,.F.,.F.,
(4,2,2,2,2,2,2,2,2,2,2,2,4),(0.,0.0547873697531387,0.109574739506277,0.158787155883826,
0.198950946070685,0.239114736257544,0.279278526444403,0.319442316631262,
0.368654733008811,0.423442102761949,0.478229472515088,0.533016842268227,
0.567261779222978),.UNSPECIFIED.);
#173=B_SPLINE_CURVE_WITH_KNOTS('',3,(#1173,#1174,#1175,#1176,#1177,#1178,
#1179,#1180),.UNSPECIFIED.,.F.,.F.,(4,2,2,4),(3.99967794221905E-6,0.0399712428737421,
0.0801601429966424,0.118920872938209),.UNSPECIFIED.);
#174=B_SPLINE_CURVE_WITH_KNOTS('',3,(#1184,#1185,#1186,#1187,#1188,#1189,
#1190,#1191,#1192,#1193),.UNSPECIFIED.,.F.,.F.,(4,2,2,2,4),(0.,0.037932218302751,
0.0774322232684938,0.0981012443641043,0.118697741447592),.UNSPECIFIED.);
#175=B_SPLINE_CURVE_WITH_KNOTS('',3,(#1195,#1196,#1197,#1198,#1199,#1200),
 .UNSPECIFIED.,.F.,.F.,(4,2,4),(0.867426638322287,0.901671575277038,0.956458945030177),
 .UNSPECIFIED.);
#176=B_SPLINE_CURVE_WITH_KNOTS('',3,(#1202,#1203,#1204,#1205,#1206,#1207,
#1208,#1209,#1210,#1211,#1212,#1213),.UNSPECIFIED.,.F.,.F.,(4,2,2,2,2,4),
(0.,0.0547873697531387,0.109574739506277,0.158787155883826,0.198950946070685,
0.239114736257544),.UNSPECIFIED.);
#177=B_SPLINE_CURVE_WITH_KNOTS('',3,(#1218,#1219,#1220,#1221,#1222,#1223,
#1224,#1225,#1226,#1227,#1228,#1229,#1230,#1231,#1232,#1233),
 .UNSPECIFIED.,.F.,.F.,(4,2,2,2,2,2,2,4),(0.239114736257544,0.279278526444403,
0.319442316631262,0.368654733008811,0.423442102761949,0.478229472515088,
0.533016842268227,0.567261779222978),.UNSPECIFIED.);
#178=B_SPLINE_CURVE_WITH_KNOTS('',3,(#1235,#1236,#1237,#1238,#1239,#1240,
#1241,#1242),.UNSPECIFIED.,.F.,.F.,(4,2,2,4),(3.99967794218945E-6,0.0399712428750417,
0.0801601430002664,0.118920872938215),.UNSPECIFIED.);
#179=B_SPLINE_CURVE_WITH_KNOTS('',3,(#1246,#1247,#1248,#1249,#1250,#1251,
#1252,#1253,#1254,#1255),.UNSPECIFIED.,.F.,.F.,(4,2,2,2,4),(0.,0.0379322182984981,
0.0774322232648874,0.0981012443617314,0.118697741447585),.UNSPECIFIED.);
#180=B_SPLINE_CURVE_WITH_KNOTS('',3,(#1257,#1258,#1259,#1260,#1261,#1262),
 .UNSPECIFIED.,.F.,.F.,(4,2,4),(0.867426638322287,0.901671575277038,0.956458945030177),
 .UNSPECIFIED.);
#181=B_SPLINE_CURVE_WITH_KNOTS('',3,(#1264,#1265,#1266,#1267,#1268,#1269,
#1270,#1271,#1272,#1273,#1274,#1275,#1276,#1277,#1278,#1279,#1280,#1281,
#1282,#1283,#1284,#1285,#1286,#1287,#1288,#1289),.UNSPECIFIED.,.F.,.F.,
(4,2,2,2,2,2,2,2,2,2,2,2,4),(0.,0.0547873697531386,0.109574739506277,0.158787155883826,
0.198950946070685,0.239114736257544,0.279278526444403,0.319442316631262,
0.368654733008811,0.42344210276195,0.478229472515088,0.533016842268227,
0.567261779222978),.UNSPECIFIED.);
#182=B_SPLINE_CURVE_WITH_KNOTS('',3,(#1290,#1291,#1292,#1293,#1294,#1295,
#1296,#1297),.UNSPECIFIED.,.F.,.F.,(4,2,2,4),(3.99967794232076E-6,0.0399712428749675,
0.0801601429999233,0.118920872938219),.UNSPECIFIED.);
#183=B_SPLINE_CURVE_WITH_KNOTS('',3,(#1324,#1325,#1326,#1327,#1328),
 .UNSPECIFIED.,.F.,.F.,(4,1,4),(-1.69002406755936,-1.54790274640624,-1.42591488335209),
 .UNSPECIFIED.);
#184=B_SPLINE_CURVE_WITH_KNOTS('',3,(#1330,#1331,#1332,#1333,#1334,#1335,
#1336,#1337,#1338,#1339),.UNSPECIFIED.,.F.,.F.,(4,2,2,2,4),(0.,0.0262435671005392,
0.0855704081638692,0.13283660389935,0.177735132785362),.UNSPECIFIED.);
#185=B_SPLINE_CURVE_WITH_KNOTS('',3,(#1341,#1342,#1343,#1344),
 .UNSPECIFIED.,.F.,.F.,(4,4),(1.57810776154032,1.64204945605896),
 .UNSPECIFIED.);
#186=B_SPLINE_CURVE_WITH_KNOTS('',3,(#1345,#1346,#1347,#1348,#1349,#1350),
 .UNSPECIFIED.,.F.,.F.,(4,2,4),(0.,0.0476073100391092,0.0604173845807716),
 .UNSPECIFIED.);
#187=B_SPLINE_CURVE_WITH_KNOTS('',3,(#1358,#1359,#1360,#1361,#1362,#1363,
#1364,#1365,#1366,#1367),.UNSPECIFIED.,.F.,.F.,(4,2,2,2,4),(0.0870886262980552,
0.0871973250196334,0.104484110809187,0.142599891198303,0.148712831013281),
 .UNSPECIFIED.);
#188=B_SPLINE_CURVE_WITH_KNOTS('',3,(#1384,#1385,#1386,#1387),
 .UNSPECIFIED.,.F.,.F.,(4,4),(-0.211747146319833,-0.184804306963439),
 .UNSPECIFIED.);
#189=B_SPLINE_CURVE_WITH_KNOTS('',3,(#1390,#1391,#1392,#1393),
 .UNSPECIFIED.,.F.,.F.,(4,4),(-0.211747146319833,-0.184804306956886),
 .UNSPECIFIED.);
#190=B_SPLINE_CURVE_WITH_KNOTS('',3,(#1395,#1396,#1397,#1398,#1399,#1400,
#1401,#1402,#1403,#1404),.UNSPECIFIED.,.F.,.F.,(4,2,2,2,4),(0.,0.0262435671423106,
0.0855704081813605,0.132836603807721,0.177735132507146),.UNSPECIFIED.);
#191=B_SPLINE_CURVE_WITH_KNOTS('',3,(#1406,#1407,#1408,#1409,#1410,#1411,
#1412,#1413,#1414,#1415,#1416,#1417,#1418,#1419,#1420,#1421,#1422,#1423,
#1424,#1425,#1426,#1427,#1428),.UNSPECIFIED.,.F.,.F.,(4,3,2,2,2,2,2,2,2,
2,4),(-0.01781166024145,0.,0.0266131052979605,0.053226210595921,0.0786073764154677,
0.122040226815267,0.165473077215066,0.190854243034613,0.217467348332573,
0.244080453630534,0.261892113871985),.UNSPECIFIED.);
#192=B_SPLINE_CURVE_WITH_KNOTS('',3,(#1430,#1431,#1432,#1433,#1434,#1435,
#1436,#1437,#1438,#1439),.UNSPECIFIED.,.F.,.F.,(4,2,2,2,4),(0.,0.0643602399102629,
0.128205165464516,0.162696695471653,0.190203730784784),.UNSPECIFIED.);
#193=B_SPLINE_CURVE_WITH_KNOTS('',3,(#1441,#1442,#1443,#1444),
 .UNSPECIFIED.,.F.,.F.,(4,4),(-0.323407084578363,-0.296464245222227),
 .UNSPECIFIED.);
#194=B_SPLINE_CURVE_WITH_KNOTS('',3,(#1448,#1449,#1450,#1451),
 .UNSPECIFIED.,.F.,.F.,(4,4),(-0.211747146319833,-0.184804306963695),
 .UNSPECIFIED.);
#195=B_SPLINE_CURVE_WITH_KNOTS('',3,(#1453,#1454,#1455,#1456,#1457,#1458,
#1459,#1460,#1461,#1462),.UNSPECIFIED.,.F.,.F.,(4,2,2,2,4),(0.,0.0262435671424126,
0.0855704081663611,0.132836603800561,0.177735132511305),.UNSPECIFIED.);
#196=B_SPLINE_CURVE_WITH_KNOTS('',3,(#1464,#1465,#1466,#1467,#1468,#1469,
#1470,#1471,#1472,#1473,#1474,#1475,#1476),.UNSPECIFIED.,.F.,.F.,(4,3,2,
2,2,4),(-0.0178116602414501,0.,0.0266131052979603,0.0532262105959207,0.0786073764154677,
0.122040226815267),.UNSPECIFIED.);
#197=B_SPLINE_CURVE_WITH_KNOTS('',3,(#1481,#1482,#1483,#1484,#1485,#1486,
#1487,#1488,#1489,#1490,#1491,#1492),.UNSPECIFIED.,.F.,.F.,(4,2,2,2,2,4),
(0.122040226815267,0.165473077215066,0.190854243034613,0.217467348332574,
0.244080453630534,0.261892113871985),.UNSPECIFIED.);
#198=B_SPLINE_CURVE_WITH_KNOTS('',3,(#1494,#1495,#1496,#1497,#1498,#1499,
#1500,#1501,#1502,#1503),.UNSPECIFIED.,.F.,.F.,(4,2,2,2,4),(0.,0.0643602400228756,
0.128205165494862,0.162696695519891,0.19020373073707),.UNSPECIFIED.);
#199=B_SPLINE_CURVE_WITH_KNOTS('',3,(#1505,#1506,#1507,#1508),
 .UNSPECIFIED.,.F.,.F.,(4,4),(-0.323407084578363,-0.296464245222227),
 .UNSPECIFIED.);
#200=B_SPLINE_CURVE_WITH_KNOTS('',3,(#1512,#1513,#1514,#1515),
 .UNSPECIFIED.,.F.,.F.,(4,4),(-0.211747146319833,-0.184804306963439),
 .UNSPECIFIED.);
#201=B_SPLINE_CURVE_WITH_KNOTS('',3,(#1517,#1518,#1519,#1520,#1521,#1522,
#1523,#1524,#1525,#1526),.UNSPECIFIED.,.F.,.F.,(4,2,2,2,4),(0.,0.0262435671004707,
0.0855704081633412,0.132836603898461,0.177735132784131),.UNSPECIFIED.);
#202=B_SPLINE_CURVE_WITH_KNOTS('',3,(#1528,#1529,#1530,#1531,#1532,#1533,
#1534,#1535,#1536,#1537,#1538,#1539,#1540,#1541,#1542,#1543,#1544,#1545,
#1546,#1547,#1548,#1549,#1550),.UNSPECIFIED.,.F.,.F.,(4,3,2,2,2,2,2,2,2,
2,4),(-0.01781166024145,0.,0.0266131052979607,0.0532262105959213,0.0786073764154681,
0.122040226815267,0.165473077215066,0.190854243034613,0.217467348332574,
0.244080453630534,0.261892113871985),.UNSPECIFIED.);
#203=B_SPLINE_CURVE_WITH_KNOTS('',3,(#1552,#1553,#1554,#1555,#1556,#1557,
#1558,#1559,#1560,#1561),.UNSPECIFIED.,.F.,.F.,(4,2,2,2,4),(0.,0.0643602400445072,
0.128205165528657,0.162696695549467,0.190203730728396),.UNSPECIFIED.);
#204=B_SPLINE_CURVE_WITH_KNOTS('',3,(#1563,#1564,#1565,#1566),
 .UNSPECIFIED.,.F.,.F.,(4,4),(-0.323407084578363,-0.296464245222227),
 .UNSPECIFIED.);
#205=B_SPLINE_CURVE_WITH_KNOTS('',3,(#1570,#1571,#1572,#1573),
 .UNSPECIFIED.,.F.,.F.,(4,4),(-0.211747146319833,-0.184804306956887),
 .UNSPECIFIED.);
#206=B_SPLINE_CURVE_WITH_KNOTS('',3,(#1575,#1576,#1577,#1578,#1579,#1580,
#1581,#1582,#1583,#1584),.UNSPECIFIED.,.F.,.F.,(4,2,2,2,4),(0.,0.0262435671422312,
0.0855704081807016,0.132836603806576,0.177735132505541),.UNSPECIFIED.);
#207=B_SPLINE_CURVE_WITH_KNOTS('',3,(#1586,#1587,#1588,#1589,#1590,#1591,
#1592,#1593,#1594,#1595,#1596,#1597,#1598,#1599,#1600,#1601,#1602,#1603,
#1604,#1605,#1606,#1607,#1608),.UNSPECIFIED.,.F.,.F.,(4,3,2,2,2,2,2,2,2,
2,4),(-0.0178116602414498,0.,0.0266131052979601,0.0532262105959203,0.0786073764154674,
0.122040226815267,0.165473077215066,0.190854243034613,0.217467348332573,
0.244080453630534,0.261892113871984),.UNSPECIFIED.);
#208=B_SPLINE_CURVE_WITH_KNOTS('',3,(#1610,#1611,#1612,#1613,#1614,#1615,
#1616,#1617,#1618,#1619),.UNSPECIFIED.,.F.,.F.,(4,2,2,2,4),(0.,0.0643602399102692,
0.12820516546455,0.162696695471728,0.190203730785215),.UNSPECIFIED.);
#209=B_SPLINE_CURVE_WITH_KNOTS('',3,(#1621,#1622,#1623,#1624),
 .UNSPECIFIED.,.F.,.F.,(4,4),(-0.323407084578363,-0.296464245222227),
 .UNSPECIFIED.);
#210=B_SPLINE_CURVE_WITH_KNOTS('',3,(#1628,#1629,#1630,#1631),
 .UNSPECIFIED.,.F.,.F.,(4,4),(-0.211747146319833,-0.184804306963695),
 .UNSPECIFIED.);
#211=B_SPLINE_CURVE_WITH_KNOTS('',3,(#1633,#1634,#1635,#1636,#1637,#1638,
#1639,#1640,#1641,#1642),.UNSPECIFIED.,.F.,.F.,(4,2,2,2,4),(0.,0.0262435671425516,
0.0855704081674677,0.132836603802447,0.177735132513933),.UNSPECIFIED.);
#212=B_SPLINE_CURVE_WITH_KNOTS('',3,(#1644,#1645,#1646,#1647,#1648,#1649,
#1650,#1651,#1652,#1653,#1654,#1655,#1656,#1657,#1658,#1659,#1660,#1661,
#1662,#1663,#1664,#1665,#1666),.UNSPECIFIED.,.F.,.F.,(4,3,2,2,2,2,2,2,2,
2,4),(-0.0178116602414499,0.,0.0266131052979603,0.0532262105959207,0.0786073764154676,
0.122040226815267,0.165473077215066,0.190854243034613,0.217467348332573,
0.244080453630534,0.261892113871985),.UNSPECIFIED.);
#213=B_SPLINE_CURVE_WITH_KNOTS('',3,(#1668,#1669,#1670,#1671,#1672,#1673,
#1674,#1675,#1676,#1677),.UNSPECIFIED.,.F.,.F.,(4,2,2,2,4),(0.,0.0578879989049346,
0.124408962581311,0.161808273729421,0.201966366383224),.UNSPECIFIED.);
#214=B_SPLINE_CURVE_WITH_KNOTS('',3,(#1678,#1679,#1680,#1681),
 .UNSPECIFIED.,.F.,.F.,(4,4),(-0.323407084578363,-0.296464245222227),
 .UNSPECIFIED.);
#215=B_SPLINE_CURVE_WITH_KNOTS('',3,(#1682,#1683,#1684,#1685,#1686,#1687,
#1688,#1689,#1690,#1691,#1692,#1693,#1694,#1695,#1696,#1697,#1698,#1699,
#1700,#1701,#1702,#1703,#1704),.UNSPECIFIED.,.F.,.F.,(4,3,2,2,2,2,2,2,2,
2,4),(-0.0178116602414501,0.,0.0266131052979602,0.0532262105959204,0.0786073764154675,
0.122040226815267,0.165473077215066,0.190854243034614,0.217467348332574,
0.244080453630534,0.261892113871985),.UNSPECIFIED.);
#216=B_SPLINE_CURVE_WITH_KNOTS('',3,(#1730,#1731,#1732,#1733,#1734),
 .UNSPECIFIED.,.F.,.F.,(4,1,4),(-0.216138945346559,-0.0534884611644991,
0.0479763664714926),.UNSPECIFIED.);
#217=B_SPLINE_CURVE_WITH_KNOTS('',3,(#1736,#1737,#1738,#1739,#1740,#1741,
#1742,#1743),.UNSPECIFIED.,.F.,.F.,(4,2,2,4),(0.0683417793745772,0.0718110199794707,
0.093164145844403,0.133333817788882),.UNSPECIFIED.);
#218=B_SPLINE_CURVE_WITH_KNOTS('',3,(#1744,#1745,#1746,#1747,#1748),
 .UNSPECIFIED.,.F.,.F.,(4,1,4),(7.73615702166453E-17,0.0534884611644991,
0.063955632551026),.UNSPECIFIED.);
#219=B_SPLINE_CURVE_WITH_KNOTS('',3,(#1768,#1769,#1770,#1771,#1772,#1773),
 .UNSPECIFIED.,.F.,.F.,(4,2,4),(0.,0.0475865868506299,0.060419581727998),
 .UNSPECIFIED.);
#220=B_SPLINE_CURVE_WITH_KNOTS('',3,(#1800,#1801,#1802,#1803,#1804),
 .UNSPECIFIED.,.F.,.F.,(4,1,4),(-1.69002482394143,-1.54790351088197,-1.42591565574982),
 .UNSPECIFIED.);
#221=B_SPLINE_CURVE_WITH_KNOTS('',3,(#1805,#1806,#1807,#1808),
 .UNSPECIFIED.,.F.,.F.,(4,4),(1.57810853997328,1.64205023214575),
 .UNSPECIFIED.);
#222=B_SPLINE_CURVE_WITH_KNOTS('',3,(#1850,#1851,#1852,#1853,#1854),
 .UNSPECIFIED.,.F.,.F.,(4,1,4),(-1.79423826589046,-1.63158779431926,-1.53012295710208),
 .UNSPECIFIED.);
#223=B_SPLINE_CURVE_WITH_KNOTS('',3,(#1856,#1857,#1858,#1859,#1860,#1861,
#1862,#1863,#1864,#1865),.UNSPECIFIED.,.F.,.F.,(4,2,2,2,4),(0.0870886262981746,
0.087197325019753,0.104484110809335,0.142599891198545,0.148712831013548),
 .UNSPECIFIED.);
#224=B_SPLINE_CURVE_WITH_KNOTS('',3,(#1866,#1867,#1868,#1869,#1870),
 .UNSPECIFIED.,.F.,.F.,(4,1,4),(1.57809932507357,1.63158779431926,1.64205495765041),
 .UNSPECIFIED.);
#225=B_SPLINE_CURVE_WITH_KNOTS('',3,(#1890,#1891,#1892,#1893,#1894,#1895),
 .UNSPECIFIED.,.F.,.F.,(4,2,4),(0.,0.0476073100391119,0.060417384580772),
 .UNSPECIFIED.);
#226=B_SPLINE_CURVE_WITH_KNOTS('',3,(#1922,#1923,#1924,#1925,#1926),
 .UNSPECIFIED.,.F.,.F.,(4,1,4),(-0.111925870668791,0.0301954548384551,0.152183308410059),
 .UNSPECIFIED.);
#227=B_SPLINE_CURVE_WITH_KNOTS('',3,(#1927,#1928,#1929,#1930),
 .UNSPECIFIED.,.F.,.F.,(4,4),(9.62889805996084E-6,0.0639513482977948),
 .UNSPECIFIED.);
#228=B_SPLINE_CURVE_WITH_KNOTS('',3,(#1972,#1973,#1974,#1975,#1976),
 .UNSPECIFIED.,.F.,.F.,(4,1,4),(-0.216138941455626,-0.0534884678361911,
0.0479763548711752),.UNSPECIFIED.);
#229=B_SPLINE_CURVE_WITH_KNOTS('',3,(#1978,#1979,#1980,#1981,#1982,#1983,
#1984,#1985),.UNSPECIFIED.,.F.,.F.,(4,2,2,4),(0.0540320825090342,0.0682890446759074,
0.103717134472247,0.12654923852334),.UNSPECIFIED.);
#230=B_SPLINE_CURVE_WITH_KNOTS('',3,(#1986,#1987,#1988,#1989,#1990),
 .UNSPECIFIED.,.F.,.F.,(4,1,4),(-2.61319924056867E-16,0.0534884678361911,
0.0639556325510258),.UNSPECIFIED.);
#231=B_SPLINE_CURVE_WITH_KNOTS('',3,(#2010,#2011,#2012,#2013,#2014,#2015),
 .UNSPECIFIED.,.F.,.F.,(4,2,4),(0.,0.0474876111861842,0.0604262698485191),
 .UNSPECIFIED.);
#232=B_SPLINE_CURVE_WITH_KNOTS('',3,(#2042,#2043,#2044,#2045,#2046),
 .UNSPECIFIED.,.F.,.F.,(4,1,4),(-1.69002406755936,-1.54790274640624,-1.42591488335209),
 .UNSPECIFIED.);
#233=B_SPLINE_CURVE_WITH_KNOTS('',3,(#2047,#2048,#2049,#2050),
 .UNSPECIFIED.,.F.,.F.,(4,4),(1.57810776154031,1.64204945605896),
 .UNSPECIFIED.);
#234=B_SPLINE_CURVE_WITH_KNOTS('',3,(#2092,#2093,#2094,#2095,#2096),
 .UNSPECIFIED.,.F.,.F.,(4,1,4),(-0.216138945346562,-0.0534884611645001,
0.0479763664714923),.UNSPECIFIED.);
#235=B_SPLINE_CURVE_WITH_KNOTS('',3,(#2098,#2099,#2100,#2101,#2102,#2103,
#2104,#2105),.UNSPECIFIED.,.F.,.F.,(4,2,2,4),(0.0683417793745516,0.0718110199794612,
0.0931641458444396,0.133333817788819),.UNSPECIFIED.);
#236=B_SPLINE_CURVE_WITH_KNOTS('',3,(#2106,#2107,#2108,#2109,#2110),
 .UNSPECIFIED.,.F.,.F.,(4,1,4),(1.67519878887977E-16,0.0534884611645001,
0.063955632551026),.UNSPECIFIED.);
#237=B_SPLINE_CURVE_WITH_KNOTS('',3,(#2112,#2113,#2114,#2115,#2116),
 .UNSPECIFIED.,.F.,.F.,(4,1,4),(-1.69002482394143,-1.54790351088197,-1.42591565574982),
 .UNSPECIFIED.);
#238=B_SPLINE_CURVE_WITH_KNOTS('',3,(#2142,#2143,#2144,#2145),
 .UNSPECIFIED.,.F.,.F.,(4,4),(1.57810853997328,1.64205023214575),
 .UNSPECIFIED.);
#239=B_SPLINE_CURVE_WITH_KNOTS('',3,(#2181,#2182,#2183,#2184,#2185,#2186),
 .UNSPECIFIED.,.F.,.F.,(4,2,4),(0.,0.0475865868506292,0.0604195817280745),
 .UNSPECIFIED.);
#240=B_SPLINE_CURVE_WITH_KNOTS('',3,(#2217,#2218,#2219,#2220,#2221),
 .UNSPECIFIED.,.F.,.F.,(4,1,4),(-1.79423826589046,-1.67225041221206,-1.53012908650524),
 .UNSPECIFIED.);
#241=B_SPLINE_CURVE_WITH_KNOTS('',3,(#2222,#2223,#2224,#2225),
 .UNSPECIFIED.,.F.,.F.,(4,4),(1.57810360854796,1.6420453274652),
 .UNSPECIFIED.);
#242=B_SPLINE_CURVE_WITH_KNOTS('',3,(#2227,#2228,#2229,#2230,#2231),
 .UNSPECIFIED.,.F.,.F.,(4,1,4),(-0.11193200013643,-0.0104671630574894,0.152183308410056),
 .UNSPECIFIED.);
#243=B_SPLINE_CURVE_WITH_KNOTS('',3,(#2257,#2258,#2259,#2260,#2261),
 .UNSPECIFIED.,.F.,.F.,(4,1,4),(-1.95719466072953E-16,0.0104671630574894,
0.0639556321541398),.UNSPECIFIED.);
#244=VERTEX_POINT('',#892);
#245=VERTEX_POINT('',#893);
#246=VERTEX_POINT('',#904);
#247=VERTEX_POINT('',#910);
#248=VERTEX_POINT('',#921);
#249=VERTEX_POINT('',#950);
#250=VERTEX_POINT('',#957);
#251=VERTEX_POINT('',#959);
#252=VERTEX_POINT('',#966);
#253=VERTEX_POINT('',#970);
#254=VERTEX_POINT('',#977);
#255=VERTEX_POINT('',#1004);
#256=VERTEX_POINT('',#1013);
#257=VERTEX_POINT('',#1015);
#258=VERTEX_POINT('',#1026);
#259=VERTEX_POINT('',#1033);
#260=VERTEX_POINT('',#1060);
#261=VERTEX_POINT('',#1069);
#262=VERTEX_POINT('',#1071);
#263=VERTEX_POINT('',#1082);
#264=VERTEX_POINT('',#1089);
#265=VERTEX_POINT('',#1116);
#266=VERTEX_POINT('',#1125);
#267=VERTEX_POINT('',#1127);
#268=VERTEX_POINT('',#1138);
#269=VERTEX_POINT('',#1145);
#270=VERTEX_POINT('',#1172);
#271=VERTEX_POINT('',#1181);
#272=VERTEX_POINT('',#1183);
#273=VERTEX_POINT('',#1194);
#274=VERTEX_POINT('',#1201);
#275=VERTEX_POINT('',#1214);
#276=VERTEX_POINT('',#1217);
#277=VERTEX_POINT('',#1234);
#278=VERTEX_POINT('',#1243);
#279=VERTEX_POINT('',#1245);
#280=VERTEX_POINT('',#1256);
#281=VERTEX_POINT('',#1263);
#282=VERTEX_POINT('',#1323);
#283=VERTEX_POINT('',#1329);
#284=VERTEX_POINT('',#1340);
#285=VERTEX_POINT('',#1352);
#286=VERTEX_POINT('',#1354);
#287=VERTEX_POINT('',#1356);
#288=VERTEX_POINT('',#1389);
#289=VERTEX_POINT('',#1394);
#290=VERTEX_POINT('',#1405);
#291=VERTEX_POINT('',#1429);
#292=VERTEX_POINT('',#1440);
#293=VERTEX_POINT('',#1445);
#294=VERTEX_POINT('',#1447);
#295=VERTEX_POINT('',#1452);
#296=VERTEX_POINT('',#1463);
#297=VERTEX_POINT('',#1477);
#298=VERTEX_POINT('',#1480);
#299=VERTEX_POINT('',#1493);
#300=VERTEX_POINT('',#1504);
#301=VERTEX_POINT('',#1509);
#302=VERTEX_POINT('',#1511);
#303=VERTEX_POINT('',#1516);
#304=VERTEX_POINT('',#1527);
#305=VERTEX_POINT('',#1551);
#306=VERTEX_POINT('',#1562);
#307=VERTEX_POINT('',#1567);
#308=VERTEX_POINT('',#1569);
#309=VERTEX_POINT('',#1574);
#310=VERTEX_POINT('',#1585);
#311=VERTEX_POINT('',#1609);
#312=VERTEX_POINT('',#1620);
#313=VERTEX_POINT('',#1625);
#314=VERTEX_POINT('',#1627);
#315=VERTEX_POINT('',#1632);
#316=VERTEX_POINT('',#1643);
#317=VERTEX_POINT('',#1667);
#318=VERTEX_POINT('',#1735);
#319=VERTEX_POINT('',#1767);
#320=VERTEX_POINT('',#1855);
#321=VERTEX_POINT('',#1889);
#322=VERTEX_POINT('',#1977);
#323=VERTEX_POINT('',#2009);
#324=VERTEX_POINT('',#2097);
#325=VERTEX_POINT('',#2180);
#326=EDGE_CURVE('',#244,#245,#152,.T.);
#327=EDGE_CURVE('',#245,#246,#153,.T.);
#328=EDGE_CURVE('',#246,#247,#154,.T.);
#329=EDGE_CURVE('',#247,#248,#155,.T.);
#330=EDGE_CURVE('',#248,#244,#156,.T.);
#331=EDGE_CURVE('',#249,#248,#45,.T.);
#332=EDGE_CURVE('',#244,#249,#157,.T.);
#333=EDGE_CURVE('',#250,#247,#24,.T.);
#334=EDGE_CURVE('',#251,#250,#158,.T.);
#335=EDGE_CURVE('',#251,#252,#46,.T.);
#336=EDGE_CURVE('',#252,#249,#25,.T.);
#337=EDGE_CURVE('',#246,#253,#159,.T.);
#338=EDGE_CURVE('',#253,#254,#160,.T.);
#339=EDGE_CURVE('',#255,#254,#161,.T.);
#340=EDGE_CURVE('',#255,#256,#26,.T.);
#341=EDGE_CURVE('',#257,#256,#162,.T.);
#342=EDGE_CURVE('',#257,#258,#163,.T.);
#343=EDGE_CURVE('',#258,#259,#164,.T.);
#344=EDGE_CURVE('',#260,#259,#165,.T.);
#345=EDGE_CURVE('',#260,#261,#27,.T.);
#346=EDGE_CURVE('',#262,#261,#166,.T.);
#347=EDGE_CURVE('',#262,#263,#167,.T.);
#348=EDGE_CURVE('',#263,#264,#168,.T.);
#349=EDGE_CURVE('',#265,#264,#169,.T.);
#350=EDGE_CURVE('',#265,#266,#28,.T.);
#351=EDGE_CURVE('',#267,#266,#170,.T.);
#352=EDGE_CURVE('',#267,#268,#171,.T.);
#353=EDGE_CURVE('',#268,#269,#172,.T.);
#354=EDGE_CURVE('',#270,#269,#173,.T.);
#355=EDGE_CURVE('',#270,#271,#29,.T.);
#356=EDGE_CURVE('',#272,#271,#174,.T.);
#357=EDGE_CURVE('',#272,#273,#175,.T.);
#358=EDGE_CURVE('',#273,#274,#176,.T.);
#359=EDGE_CURVE('',#274,#275,#47,.T.);
#360=EDGE_CURVE('',#275,#275,#30,.T.);
#361=EDGE_CURVE('',#274,#276,#177,.T.);
#362=EDGE_CURVE('',#277,#276,#178,.T.);
#363=EDGE_CURVE('',#277,#278,#31,.T.);
#364=EDGE_CURVE('',#279,#278,#179,.T.);
#365=EDGE_CURVE('',#279,#280,#180,.T.);
#366=EDGE_CURVE('',#280,#281,#181,.T.);
#367=EDGE_CURVE('',#250,#281,#182,.T.);
#368=EDGE_CURVE('',#254,#282,#183,.T.);
#369=EDGE_CURVE('',#282,#283,#184,.T.);
#370=EDGE_CURVE('',#283,#284,#185,.T.);
#371=EDGE_CURVE('',#284,#255,#186,.T.);
#372=EDGE_CURVE('',#284,#285,#48,.T.);
#373=EDGE_CURVE('',#285,#286,#32,.T.);
#374=EDGE_CURVE('',#286,#287,#49,.T.);
#375=EDGE_CURVE('',#256,#287,#187,.T.);
#376=EDGE_CURVE('',#285,#283,#188,.T.);
#377=EDGE_CURVE('',#252,#288,#189,.T.);
#378=EDGE_CURVE('',#289,#288,#190,.T.);
#379=EDGE_CURVE('',#289,#290,#191,.T.);
#380=EDGE_CURVE('',#291,#290,#192,.T.);
#381=EDGE_CURVE('',#291,#292,#193,.T.);
#382=EDGE_CURVE('',#293,#292,#33,.T.);
#383=EDGE_CURVE('',#293,#294,#194,.T.);
#384=EDGE_CURVE('',#295,#294,#195,.T.);
#385=EDGE_CURVE('',#295,#296,#196,.T.);
#386=EDGE_CURVE('',#296,#297,#50,.T.);
#387=EDGE_CURVE('',#297,#297,#34,.T.);
#388=EDGE_CURVE('',#296,#298,#197,.T.);
#389=EDGE_CURVE('',#299,#298,#198,.T.);
#390=EDGE_CURVE('',#299,#300,#199,.T.);
#391=EDGE_CURVE('',#301,#300,#35,.T.);
#392=EDGE_CURVE('',#301,#302,#200,.T.);
#393=EDGE_CURVE('',#303,#302,#201,.T.);
#394=EDGE_CURVE('',#303,#304,#202,.T.);
#395=EDGE_CURVE('',#305,#304,#203,.T.);
#396=EDGE_CURVE('',#305,#306,#204,.T.);
#397=EDGE_CURVE('',#307,#306,#36,.T.);
#398=EDGE_CURVE('',#307,#308,#205,.T.);
#399=EDGE_CURVE('',#309,#308,#206,.T.);
#400=EDGE_CURVE('',#309,#310,#207,.T.);
#401=EDGE_CURVE('',#311,#310,#208,.T.);
#402=EDGE_CURVE('',#311,#312,#209,.T.);
#403=EDGE_CURVE('',#313,#312,#37,.T.);
#404=EDGE_CURVE('',#313,#314,#210,.T.);
#405=EDGE_CURVE('',#315,#314,#211,.T.);
#406=EDGE_CURVE('',#315,#316,#212,.T.);
#407=EDGE_CURVE('',#317,#316,#213,.T.);
#408=EDGE_CURVE('',#317,#286,#214,.T.);
#409=EDGE_CURVE('',#282,#245,#215,.T.);
#410=EDGE_CURVE('',#290,#279,#216,.T.);
#411=EDGE_CURVE('',#278,#318,#217,.T.);
#412=EDGE_CURVE('',#318,#291,#218,.T.);
#413=EDGE_CURVE('',#292,#318,#51,.T.);
#414=EDGE_CURVE('',#319,#277,#219,.T.);
#415=EDGE_CURVE('',#319,#293,#52,.T.);
#416=EDGE_CURVE('',#281,#289,#220,.T.);
#417=EDGE_CURVE('',#288,#251,#221,.T.);
#418=EDGE_CURVE('',#298,#272,#222,.T.);
#419=EDGE_CURVE('',#271,#320,#223,.T.);
#420=EDGE_CURVE('',#320,#299,#224,.T.);
#421=EDGE_CURVE('',#300,#320,#53,.T.);
#422=EDGE_CURVE('',#321,#270,#225,.T.);
#423=EDGE_CURVE('',#321,#301,#54,.T.);
#424=EDGE_CURVE('',#276,#295,#226,.T.);
#425=EDGE_CURVE('',#294,#319,#227,.T.);
#426=EDGE_CURVE('',#304,#267,#228,.T.);
#427=EDGE_CURVE('',#266,#322,#229,.T.);
#428=EDGE_CURVE('',#322,#305,#230,.T.);
#429=EDGE_CURVE('',#306,#322,#55,.T.);
#430=EDGE_CURVE('',#323,#265,#231,.T.);
#431=EDGE_CURVE('',#323,#307,#56,.T.);
#432=EDGE_CURVE('',#269,#303,#232,.T.);
#433=EDGE_CURVE('',#302,#321,#233,.T.);
#434=EDGE_CURVE('',#310,#262,#234,.T.);
#435=EDGE_CURVE('',#261,#324,#235,.T.);
#436=EDGE_CURVE('',#324,#311,#236,.T.);
#437=EDGE_CURVE('',#264,#309,#237,.T.);
#438=EDGE_CURVE('',#308,#323,#238,.T.);
#439=EDGE_CURVE('',#312,#324,#57,.T.);
#440=EDGE_CURVE('',#325,#260,#239,.T.);
#441=EDGE_CURVE('',#325,#313,#58,.T.);
#442=EDGE_CURVE('',#316,#257,#240,.T.);
#443=EDGE_CURVE('',#287,#317,#241,.T.);
#444=EDGE_CURVE('',#259,#315,#242,.T.);
#445=EDGE_CURVE('',#314,#325,#243,.T.);
#446=ORIENTED_EDGE('',*,*,#326,.T.);
#447=ORIENTED_EDGE('',*,*,#327,.T.);
#448=ORIENTED_EDGE('',*,*,#328,.T.);
#449=ORIENTED_EDGE('',*,*,#329,.T.);
#450=ORIENTED_EDGE('',*,*,#330,.T.);
#451=ORIENTED_EDGE('',*,*,#330,.F.);
#452=ORIENTED_EDGE('',*,*,#331,.F.);
#453=ORIENTED_EDGE('',*,*,#332,.F.);
#454=ORIENTED_EDGE('',*,*,#329,.F.);
#455=ORIENTED_EDGE('',*,*,#333,.F.);
#456=ORIENTED_EDGE('',*,*,#334,.F.);
#457=ORIENTED_EDGE('',*,*,#335,.T.);
#458=ORIENTED_EDGE('',*,*,#336,.T.);
#459=ORIENTED_EDGE('',*,*,#331,.T.);
#460=ORIENTED_EDGE('',*,*,#328,.F.);
#461=ORIENTED_EDGE('',*,*,#337,.T.);
#462=ORIENTED_EDGE('',*,*,#338,.T.);
#463=ORIENTED_EDGE('',*,*,#339,.F.);
#464=ORIENTED_EDGE('',*,*,#340,.T.);
#465=ORIENTED_EDGE('',*,*,#341,.F.);
#466=ORIENTED_EDGE('',*,*,#342,.T.);
#467=ORIENTED_EDGE('',*,*,#343,.T.);
#468=ORIENTED_EDGE('',*,*,#344,.F.);
#469=ORIENTED_EDGE('',*,*,#345,.T.);
#470=ORIENTED_EDGE('',*,*,#346,.F.);
#471=ORIENTED_EDGE('',*,*,#347,.T.);
#472=ORIENTED_EDGE('',*,*,#348,.T.);
#473=ORIENTED_EDGE('',*,*,#349,.F.);
#474=ORIENTED_EDGE('',*,*,#350,.T.);
#475=ORIENTED_EDGE('',*,*,#351,.F.);
#476=ORIENTED_EDGE('',*,*,#352,.T.);
#477=ORIENTED_EDGE('',*,*,#353,.T.);
#478=ORIENTED_EDGE('',*,*,#354,.F.);
#479=ORIENTED_EDGE('',*,*,#355,.T.);
#480=ORIENTED_EDGE('',*,*,#356,.F.);
#481=ORIENTED_EDGE('',*,*,#357,.T.);
#482=ORIENTED_EDGE('',*,*,#358,.T.);
#483=ORIENTED_EDGE('',*,*,#359,.T.);
#484=ORIENTED_EDGE('',*,*,#360,.F.);
#485=ORIENTED_EDGE('',*,*,#359,.F.);
#486=ORIENTED_EDGE('',*,*,#361,.T.);
#487=ORIENTED_EDGE('',*,*,#362,.F.);
#488=ORIENTED_EDGE('',*,*,#363,.T.);
#489=ORIENTED_EDGE('',*,*,#364,.F.);
#490=ORIENTED_EDGE('',*,*,#365,.T.);
#491=ORIENTED_EDGE('',*,*,#366,.T.);
#492=ORIENTED_EDGE('',*,*,#367,.F.);
#493=ORIENTED_EDGE('',*,*,#333,.T.);
#494=ORIENTED_EDGE('',*,*,#339,.T.);
#495=ORIENTED_EDGE('',*,*,#368,.T.);
#496=ORIENTED_EDGE('',*,*,#369,.T.);
#497=ORIENTED_EDGE('',*,*,#370,.T.);
#498=ORIENTED_EDGE('',*,*,#371,.T.);
#499=ORIENTED_EDGE('',*,*,#371,.F.);
#500=ORIENTED_EDGE('',*,*,#372,.T.);
#501=ORIENTED_EDGE('',*,*,#373,.T.);
#502=ORIENTED_EDGE('',*,*,#374,.T.);
#503=ORIENTED_EDGE('',*,*,#375,.F.);
#504=ORIENTED_EDGE('',*,*,#340,.F.);
#505=ORIENTED_EDGE('',*,*,#370,.F.);
#506=ORIENTED_EDGE('',*,*,#376,.F.);
#507=ORIENTED_EDGE('',*,*,#372,.F.);
#508=ORIENTED_EDGE('',*,*,#326,.F.);
#509=ORIENTED_EDGE('',*,*,#332,.T.);
#510=ORIENTED_EDGE('',*,*,#336,.F.);
#511=ORIENTED_EDGE('',*,*,#377,.T.);
#512=ORIENTED_EDGE('',*,*,#378,.F.);
#513=ORIENTED_EDGE('',*,*,#379,.T.);
#514=ORIENTED_EDGE('',*,*,#380,.F.);
#515=ORIENTED_EDGE('',*,*,#381,.T.);
#516=ORIENTED_EDGE('',*,*,#382,.F.);
#517=ORIENTED_EDGE('',*,*,#383,.T.);
#518=ORIENTED_EDGE('',*,*,#384,.F.);
#519=ORIENTED_EDGE('',*,*,#385,.T.);
#520=ORIENTED_EDGE('',*,*,#386,.T.);
#521=ORIENTED_EDGE('',*,*,#387,.T.);
#522=ORIENTED_EDGE('',*,*,#386,.F.);
#523=ORIENTED_EDGE('',*,*,#388,.T.);
#524=ORIENTED_EDGE('',*,*,#389,.F.);
#525=ORIENTED_EDGE('',*,*,#390,.T.);
#526=ORIENTED_EDGE('',*,*,#391,.F.);
#527=ORIENTED_EDGE('',*,*,#392,.T.);
#528=ORIENTED_EDGE('',*,*,#393,.F.);
#529=ORIENTED_EDGE('',*,*,#394,.T.);
#530=ORIENTED_EDGE('',*,*,#395,.F.);
#531=ORIENTED_EDGE('',*,*,#396,.T.);
#532=ORIENTED_EDGE('',*,*,#397,.F.);
#533=ORIENTED_EDGE('',*,*,#398,.T.);
#534=ORIENTED_EDGE('',*,*,#399,.F.);
#535=ORIENTED_EDGE('',*,*,#400,.T.);
#536=ORIENTED_EDGE('',*,*,#401,.F.);
#537=ORIENTED_EDGE('',*,*,#402,.T.);
#538=ORIENTED_EDGE('',*,*,#403,.F.);
#539=ORIENTED_EDGE('',*,*,#404,.T.);
#540=ORIENTED_EDGE('',*,*,#405,.F.);
#541=ORIENTED_EDGE('',*,*,#406,.T.);
#542=ORIENTED_EDGE('',*,*,#407,.F.);
#543=ORIENTED_EDGE('',*,*,#408,.T.);
#544=ORIENTED_EDGE('',*,*,#373,.F.);
#545=ORIENTED_EDGE('',*,*,#376,.T.);
#546=ORIENTED_EDGE('',*,*,#369,.F.);
#547=ORIENTED_EDGE('',*,*,#409,.T.);
#548=ORIENTED_EDGE('',*,*,#380,.T.);
#549=ORIENTED_EDGE('',*,*,#410,.T.);
#550=ORIENTED_EDGE('',*,*,#364,.T.);
#551=ORIENTED_EDGE('',*,*,#411,.T.);
#552=ORIENTED_EDGE('',*,*,#412,.T.);
#553=ORIENTED_EDGE('',*,*,#412,.F.);
#554=ORIENTED_EDGE('',*,*,#413,.F.);
#555=ORIENTED_EDGE('',*,*,#381,.F.);
#556=ORIENTED_EDGE('',*,*,#411,.F.);
#557=ORIENTED_EDGE('',*,*,#363,.F.);
#558=ORIENTED_EDGE('',*,*,#414,.F.);
#559=ORIENTED_EDGE('',*,*,#415,.T.);
#560=ORIENTED_EDGE('',*,*,#382,.T.);
#561=ORIENTED_EDGE('',*,*,#413,.T.);
#562=ORIENTED_EDGE('',*,*,#367,.T.);
#563=ORIENTED_EDGE('',*,*,#416,.T.);
#564=ORIENTED_EDGE('',*,*,#378,.T.);
#565=ORIENTED_EDGE('',*,*,#417,.T.);
#566=ORIENTED_EDGE('',*,*,#334,.T.);
#567=ORIENTED_EDGE('',*,*,#417,.F.);
#568=ORIENTED_EDGE('',*,*,#377,.F.);
#569=ORIENTED_EDGE('',*,*,#335,.F.);
#570=ORIENTED_EDGE('',*,*,#389,.T.);
#571=ORIENTED_EDGE('',*,*,#418,.T.);
#572=ORIENTED_EDGE('',*,*,#356,.T.);
#573=ORIENTED_EDGE('',*,*,#419,.T.);
#574=ORIENTED_EDGE('',*,*,#420,.T.);
#575=ORIENTED_EDGE('',*,*,#420,.F.);
#576=ORIENTED_EDGE('',*,*,#421,.F.);
#577=ORIENTED_EDGE('',*,*,#390,.F.);
#578=ORIENTED_EDGE('',*,*,#419,.F.);
#579=ORIENTED_EDGE('',*,*,#355,.F.);
#580=ORIENTED_EDGE('',*,*,#422,.F.);
#581=ORIENTED_EDGE('',*,*,#423,.T.);
#582=ORIENTED_EDGE('',*,*,#391,.T.);
#583=ORIENTED_EDGE('',*,*,#421,.T.);
#584=ORIENTED_EDGE('',*,*,#362,.T.);
#585=ORIENTED_EDGE('',*,*,#424,.T.);
#586=ORIENTED_EDGE('',*,*,#384,.T.);
#587=ORIENTED_EDGE('',*,*,#425,.T.);
#588=ORIENTED_EDGE('',*,*,#414,.T.);
#589=ORIENTED_EDGE('',*,*,#425,.F.);
#590=ORIENTED_EDGE('',*,*,#383,.F.);
#591=ORIENTED_EDGE('',*,*,#415,.F.);
#592=ORIENTED_EDGE('',*,*,#395,.T.);
#593=ORIENTED_EDGE('',*,*,#426,.T.);
#594=ORIENTED_EDGE('',*,*,#351,.T.);
#595=ORIENTED_EDGE('',*,*,#427,.T.);
#596=ORIENTED_EDGE('',*,*,#428,.T.);
#597=ORIENTED_EDGE('',*,*,#428,.F.);
#598=ORIENTED_EDGE('',*,*,#429,.F.);
#599=ORIENTED_EDGE('',*,*,#396,.F.);
#600=ORIENTED_EDGE('',*,*,#427,.F.);
#601=ORIENTED_EDGE('',*,*,#350,.F.);
#602=ORIENTED_EDGE('',*,*,#430,.F.);
#603=ORIENTED_EDGE('',*,*,#431,.T.);
#604=ORIENTED_EDGE('',*,*,#397,.T.);
#605=ORIENTED_EDGE('',*,*,#429,.T.);
#606=ORIENTED_EDGE('',*,*,#354,.T.);
#607=ORIENTED_EDGE('',*,*,#432,.T.);
#608=ORIENTED_EDGE('',*,*,#393,.T.);
#609=ORIENTED_EDGE('',*,*,#433,.T.);
#610=ORIENTED_EDGE('',*,*,#422,.T.);
#611=ORIENTED_EDGE('',*,*,#433,.F.);
#612=ORIENTED_EDGE('',*,*,#392,.F.);
#613=ORIENTED_EDGE('',*,*,#423,.F.);
#614=ORIENTED_EDGE('',*,*,#401,.T.);
#615=ORIENTED_EDGE('',*,*,#434,.T.);
#616=ORIENTED_EDGE('',*,*,#346,.T.);
#617=ORIENTED_EDGE('',*,*,#435,.T.);
#618=ORIENTED_EDGE('',*,*,#436,.T.);
#619=ORIENTED_EDGE('',*,*,#434,.F.);
#620=ORIENTED_EDGE('',*,*,#400,.F.);
#621=ORIENTED_EDGE('',*,*,#437,.F.);
#622=ORIENTED_EDGE('',*,*,#348,.F.);
#623=ORIENTED_EDGE('',*,*,#347,.F.);
#624=ORIENTED_EDGE('',*,*,#349,.T.);
#625=ORIENTED_EDGE('',*,*,#437,.T.);
#626=ORIENTED_EDGE('',*,*,#399,.T.);
#627=ORIENTED_EDGE('',*,*,#438,.T.);
#628=ORIENTED_EDGE('',*,*,#430,.T.);
#629=ORIENTED_EDGE('',*,*,#436,.F.);
#630=ORIENTED_EDGE('',*,*,#439,.F.);
#631=ORIENTED_EDGE('',*,*,#402,.F.);
#632=ORIENTED_EDGE('',*,*,#438,.F.);
#633=ORIENTED_EDGE('',*,*,#398,.F.);
#634=ORIENTED_EDGE('',*,*,#431,.F.);
#635=ORIENTED_EDGE('',*,*,#435,.F.);
#636=ORIENTED_EDGE('',*,*,#345,.F.);
#637=ORIENTED_EDGE('',*,*,#440,.F.);
#638=ORIENTED_EDGE('',*,*,#441,.T.);
#639=ORIENTED_EDGE('',*,*,#403,.T.);
#640=ORIENTED_EDGE('',*,*,#439,.T.);
#641=ORIENTED_EDGE('',*,*,#327,.F.);
#642=ORIENTED_EDGE('',*,*,#409,.F.);
#643=ORIENTED_EDGE('',*,*,#368,.F.);
#644=ORIENTED_EDGE('',*,*,#338,.F.);
#645=ORIENTED_EDGE('',*,*,#337,.F.);
#646=ORIENTED_EDGE('',*,*,#410,.F.);
#647=ORIENTED_EDGE('',*,*,#379,.F.);
#648=ORIENTED_EDGE('',*,*,#416,.F.);
#649=ORIENTED_EDGE('',*,*,#366,.F.);
#650=ORIENTED_EDGE('',*,*,#365,.F.);
#651=ORIENTED_EDGE('',*,*,#418,.F.);
#652=ORIENTED_EDGE('',*,*,#388,.F.);
#653=ORIENTED_EDGE('',*,*,#385,.F.);
#654=ORIENTED_EDGE('',*,*,#424,.F.);
#655=ORIENTED_EDGE('',*,*,#361,.F.);
#656=ORIENTED_EDGE('',*,*,#358,.F.);
#657=ORIENTED_EDGE('',*,*,#357,.F.);
#658=ORIENTED_EDGE('',*,*,#426,.F.);
#659=ORIENTED_EDGE('',*,*,#394,.F.);
#660=ORIENTED_EDGE('',*,*,#432,.F.);
#661=ORIENTED_EDGE('',*,*,#353,.F.);
#662=ORIENTED_EDGE('',*,*,#352,.F.);
#663=ORIENTED_EDGE('',*,*,#407,.T.);
#664=ORIENTED_EDGE('',*,*,#442,.T.);
#665=ORIENTED_EDGE('',*,*,#341,.T.);
#666=ORIENTED_EDGE('',*,*,#375,.T.);
#667=ORIENTED_EDGE('',*,*,#443,.T.);
#668=ORIENTED_EDGE('',*,*,#442,.F.);
#669=ORIENTED_EDGE('',*,*,#406,.F.);
#670=ORIENTED_EDGE('',*,*,#444,.F.);
#671=ORIENTED_EDGE('',*,*,#343,.F.);
#672=ORIENTED_EDGE('',*,*,#342,.F.);
#673=ORIENTED_EDGE('',*,*,#344,.T.);
#674=ORIENTED_EDGE('',*,*,#444,.T.);
#675=ORIENTED_EDGE('',*,*,#405,.T.);
#676=ORIENTED_EDGE('',*,*,#445,.T.);
#677=ORIENTED_EDGE('',*,*,#440,.T.);
#678=ORIENTED_EDGE('',*,*,#445,.F.);
#679=ORIENTED_EDGE('',*,*,#404,.F.);
#680=ORIENTED_EDGE('',*,*,#441,.F.);
#681=ORIENTED_EDGE('',*,*,#443,.F.);
#682=ORIENTED_EDGE('',*,*,#374,.F.);
#683=ORIENTED_EDGE('',*,*,#408,.F.);
#684=ORIENTED_EDGE('',*,*,#387,.F.);
#685=ORIENTED_EDGE('',*,*,#360,.T.);
#686=B_SPLINE_SURFACE_WITH_KNOTS('',3,3,((#867,#868,#869,#870,#871),(#872,
#873,#874,#875,#876),(#877,#878,#879,#880,#881),(#882,#883,#884,#885,#886),
(#887,#888,#889,#890,#891)),.UNSPECIFIED.,.F.,.F.,.F.,(4,1,4),(4,1,4),(0.,
0.5,1.),(-0.0684993873783849,0.0941510862410499,0.216138941455626),
 .UNSPECIFIED.);
#687=B_SPLINE_SURFACE_WITH_KNOTS('',3,3,((#934,#935,#936,#937),(#938,#939,
#940,#941),(#942,#943,#944,#945),(#946,#947,#948,#949)),.UNSPECIFIED.,.F.,
 .F.,.F.,(4,4),(4,4),(0.296464245222227,0.323407084578363),(-0.0534811476691059,
0.),.UNSPECIFIED.);
#688=B_SPLINE_SURFACE_WITH_KNOTS('',3,3,((#1298,#1299,#1300,#1301,#1302),
(#1303,#1304,#1305,#1306,#1307),(#1308,#1309,#1310,#1311,#1312),(#1313,
#1314,#1315,#1316,#1317),(#1318,#1319,#1320,#1321,#1322)),.UNSPECIFIED.,
 .F.,.F.,.F.,(4,1,4),(4,1,4),(0.,0.5,1.),(1.42591488335209,1.54790274640624,
1.71055323047844),.UNSPECIFIED.);
#689=B_SPLINE_SURFACE_WITH_KNOTS('',3,3,((#1368,#1369,#1370,#1371),(#1372,
#1373,#1374,#1375),(#1376,#1377,#1378,#1379),(#1380,#1381,#1382,#1383)),
 .UNSPECIFIED.,.F.,.F.,.F.,(4,4),(4,4),(0.184804306963439,0.211747146319833),
(-0.0534811476696817,0.),.UNSPECIFIED.);
#690=B_SPLINE_SURFACE_WITH_KNOTS('',3,3,((#1705,#1706,#1707,#1708,#1709),
(#1710,#1711,#1712,#1713,#1714),(#1715,#1716,#1717,#1718,#1719),(#1720,
#1721,#1722,#1723,#1724),(#1725,#1726,#1727,#1728,#1729)),.UNSPECIFIED.,
 .F.,.F.,.F.,(4,1,4),(4,1,4),(0.,0.5,1.),(-0.068499401972046,0.0534884611644991,
0.216138945346559),.UNSPECIFIED.);
#691=B_SPLINE_SURFACE_WITH_KNOTS('',3,3,((#1749,#1750,#1751,#1752),(#1753,
#1754,#1755,#1756),(#1757,#1758,#1759,#1760),(#1761,#1762,#1763,#1764)),
 .UNSPECIFIED.,.F.,.F.,.F.,(4,4),(4,4),(0.296464245222227,0.323407084578363),
(-0.0534811476691061,0.),.UNSPECIFIED.);
#692=B_SPLINE_SURFACE_WITH_KNOTS('',3,3,((#1775,#1776,#1777,#1778,#1779),
(#1780,#1781,#1782,#1783,#1784),(#1785,#1786,#1787,#1788,#1789),(#1790,
#1791,#1792,#1793,#1794),(#1795,#1796,#1797,#1798,#1799)),.UNSPECIFIED.,
 .F.,.F.,.F.,(4,1,4),(4,1,4),(0.,0.5,1.),(1.42591565574982,1.54790351088197,
1.7105539843915),.UNSPECIFIED.);
#693=B_SPLINE_SURFACE_WITH_KNOTS('',3,3,((#1809,#1810,#1811,#1812),(#1813,
#1814,#1815,#1816),(#1817,#1818,#1819,#1820),(#1821,#1822,#1823,#1824)),
 .UNSPECIFIED.,.F.,.F.,.F.,(4,4),(4,4),(0.184804306956886,0.211747146319833),
(-0.0534811476834283,0.),.UNSPECIFIED.);
#694=B_SPLINE_SURFACE_WITH_KNOTS('',3,3,((#1825,#1826,#1827,#1828,#1829),
(#1830,#1831,#1832,#1833,#1834),(#1835,#1836,#1837,#1838,#1839),(#1840,
#1841,#1842,#1843,#1844),(#1845,#1846,#1847,#1848,#1849)),.UNSPECIFIED.,
 .F.,.F.,.F.,(4,1,4),(4,1,4),(0.,0.5,1.),(1.50959994064086,1.63158779431926,
1.79423826589046),.UNSPECIFIED.);
#695=B_SPLINE_SURFACE_WITH_KNOTS('',3,3,((#1871,#1872,#1873,#1874),(#1875,
#1876,#1877,#1878),(#1879,#1880,#1881,#1882),(#1883,#1884,#1885,#1886)),
 .UNSPECIFIED.,.F.,.F.,.F.,(4,4),(4,4),(0.296464245222227,0.323407084578363),
(-0.0534811476691058,0.),.UNSPECIFIED.);
#696=B_SPLINE_SURFACE_WITH_KNOTS('',3,3,((#1897,#1898,#1899,#1900,#1901),
(#1902,#1903,#1904,#1905,#1906),(#1907,#1908,#1909,#1910,#1911),(#1912,
#1913,#1914,#1915,#1916),(#1917,#1918,#1919,#1920,#1921)),.UNSPECIFIED.,
 .F.,.F.,.F.,(4,1,4),(4,1,4),(0.,0.5,1.),(-0.152183308410059,-0.0301954548384551,
0.13245501659035),.UNSPECIFIED.);
#697=B_SPLINE_SURFACE_WITH_KNOTS('',3,3,((#1931,#1932,#1933,#1934),(#1935,
#1936,#1937,#1938),(#1939,#1940,#1941,#1942),(#1943,#1944,#1945,#1946)),
 .UNSPECIFIED.,.F.,.F.,.F.,(4,4),(4,4),(0.184804306963695,0.211747146319833),
(-0.0534811476691098,0.),.UNSPECIFIED.);
#698=B_SPLINE_SURFACE_WITH_KNOTS('',3,3,((#1947,#1948,#1949,#1950,#1951),
(#1952,#1953,#1954,#1955,#1956),(#1957,#1958,#1959,#1960,#1961),(#1962,
#1963,#1964,#1965,#1966),(#1967,#1968,#1969,#1970,#1971)),.UNSPECIFIED.,
 .F.,.F.,.F.,(4,1,4),(4,1,4),(0.,0.5,1.),(-0.0684993873783852,0.0534884678361911,
0.216138941455626),.UNSPECIFIED.);
#699=B_SPLINE_SURFACE_WITH_KNOTS('',3,3,((#1991,#1992,#1993,#1994),(#1995,
#1996,#1997,#1998),(#1999,#2000,#2001,#2002),(#2003,#2004,#2005,#2006)),
 .UNSPECIFIED.,.F.,.F.,.F.,(4,4),(4,4),(0.296464245222227,0.323407084578363),
(-0.0534811476691059,0.),.UNSPECIFIED.);
#700=B_SPLINE_SURFACE_WITH_KNOTS('',3,3,((#2017,#2018,#2019,#2020,#2021),
(#2022,#2023,#2024,#2025,#2026),(#2027,#2028,#2029,#2030,#2031),(#2032,
#2033,#2034,#2035,#2036),(#2037,#2038,#2039,#2040,#2041)),.UNSPECIFIED.,
 .F.,.F.,.F.,(4,1,4),(4,1,4),(0.,0.5,1.),(1.42591488335209,1.54790274640624,
1.71055323047844),.UNSPECIFIED.);
#701=B_SPLINE_SURFACE_WITH_KNOTS('',3,3,((#2051,#2052,#2053,#2054),(#2055,
#2056,#2057,#2058),(#2059,#2060,#2061,#2062),(#2063,#2064,#2065,#2066)),
 .UNSPECIFIED.,.F.,.F.,.F.,(4,4),(4,4),(0.184804306963439,0.211747146319833),
(-0.0534811476696819,0.),.UNSPECIFIED.);
#702=B_SPLINE_SURFACE_WITH_KNOTS('',3,3,((#2067,#2068,#2069,#2070,#2071),
(#2072,#2073,#2074,#2075,#2076),(#2077,#2078,#2079,#2080,#2081),(#2082,
#2083,#2084,#2085,#2086),(#2087,#2088,#2089,#2090,#2091)),.UNSPECIFIED.,
 .F.,.F.,.F.,(4,1,4),(4,1,4),(0.,0.5,1.),(-0.068499401972046,0.0534884611645001,
0.216138945346562),.UNSPECIFIED.);
#703=B_SPLINE_SURFACE_WITH_KNOTS('',3,3,((#2117,#2118,#2119,#2120,#2121),
(#2122,#2123,#2124,#2125,#2126),(#2127,#2128,#2129,#2130,#2131),(#2132,
#2133,#2134,#2135,#2136),(#2137,#2138,#2139,#2140,#2141)),.UNSPECIFIED.,
 .F.,.F.,.F.,(4,1,4),(4,1,4),(0.,0.5,1.),(1.42591565574982,1.54790351088197,
1.7105539843915),.UNSPECIFIED.);
#704=B_SPLINE_SURFACE_WITH_KNOTS('',3,3,((#2146,#2147,#2148,#2149),(#2150,
#2151,#2152,#2153),(#2154,#2155,#2156,#2157),(#2158,#2159,#2160,#2161)),
 .UNSPECIFIED.,.F.,.F.,.F.,(4,4),(4,4),(0.296464245222227,0.323407084578363),
(-0.053481147669106,0.),.UNSPECIFIED.);
#705=B_SPLINE_SURFACE_WITH_KNOTS('',3,3,((#2163,#2164,#2165,#2166),(#2167,
#2168,#2169,#2170),(#2171,#2172,#2173,#2174),(#2175,#2176,#2177,#2178)),
 .UNSPECIFIED.,.F.,.F.,.F.,(4,4),(4,4),(0.184804306956887,0.211747146319833),
(-0.0534811476834284,0.),.UNSPECIFIED.);
#706=B_SPLINE_SURFACE_WITH_KNOTS('',3,3,((#2192,#2193,#2194,#2195,#2196),
(#2197,#2198,#2199,#2200,#2201),(#2202,#2203,#2204,#2205,#2206),(#2207,
#2208,#2209,#2210,#2211),(#2212,#2213,#2214,#2215,#2216)),.UNSPECIFIED.,
 .F.,.F.,.F.,(4,1,4),(4,1,4),(0.,0.5,1.),(1.50959994064086,1.67225041221206,
1.79423826589046),.UNSPECIFIED.);
#707=B_SPLINE_SURFACE_WITH_KNOTS('',3,3,((#2232,#2233,#2234,#2235,#2236),
(#2237,#2238,#2239,#2240,#2241),(#2242,#2243,#2244,#2245,#2246),(#2247,
#2248,#2249,#2250,#2251),(#2252,#2253,#2254,#2255,#2256)),.UNSPECIFIED.,
 .F.,.F.,.F.,(4,1,4),(4,1,4),(0.,0.5,1.),(-0.152183308410056,0.0104671630574894,
0.132455016658149),.UNSPECIFIED.);
#708=B_SPLINE_SURFACE_WITH_KNOTS('',3,3,((#2262,#2263,#2264,#2265),(#2266,
#2267,#2268,#2269),(#2270,#2271,#2272,#2273),(#2274,#2275,#2276,#2277)),
 .UNSPECIFIED.,.F.,.F.,.F.,(4,4),(4,4),(0.184804306963695,0.211747146319833),
(-0.0534811476691098,0.),.UNSPECIFIED.);
#709=B_SPLINE_SURFACE_WITH_KNOTS('',3,3,((#2278,#2279,#2280,#2281),(#2282,
#2283,#2284,#2285),(#2286,#2287,#2288,#2289),(#2290,#2291,#2292,#2293)),
 .UNSPECIFIED.,.F.,.F.,.F.,(4,4),(4,4),(0.296464245222227,0.323407084578363),
(-0.0534811476691062,0.),.UNSPECIFIED.);
#710=ADVANCED_FACE('',(#73),#686,.F.);
#711=ADVANCED_FACE('',(#74),#687,.F.);
#712=ADVANCED_FACE('',(#75),#38,.T.);
#713=ADVANCED_FACE('',(#76),#22,.F.);
#714=ADVANCED_FACE('',(#77),#688,.F.);
#715=ADVANCED_FACE('',(#78),#39,.T.);
#716=ADVANCED_FACE('',(#79),#689,.F.);
#717=ADVANCED_FACE('',(#80),#23,.T.);
#718=ADVANCED_FACE('',(#81),#690,.F.);
#719=ADVANCED_FACE('',(#82),#691,.F.);
#720=ADVANCED_FACE('',(#83),#40,.T.);
#721=ADVANCED_FACE('',(#84),#692,.F.);
#722=ADVANCED_FACE('',(#85),#693,.F.);
#723=ADVANCED_FACE('',(#86),#694,.F.);
#724=ADVANCED_FACE('',(#87),#695,.F.);
#725=ADVANCED_FACE('',(#88),#41,.T.);
#726=ADVANCED_FACE('',(#89),#696,.F.);
#727=ADVANCED_FACE('',(#90),#697,.F.);
#728=ADVANCED_FACE('',(#91),#698,.F.);
#729=ADVANCED_FACE('',(#92),#699,.F.);
#730=ADVANCED_FACE('',(#93),#42,.T.);
#731=ADVANCED_FACE('',(#94),#700,.F.);
#732=ADVANCED_FACE('',(#95),#701,.F.);
#733=ADVANCED_FACE('',(#96),#702,.F.);
#734=ADVANCED_FACE('',(#97),#16,.F.);
#735=ADVANCED_FACE('',(#98),#703,.F.);
#736=ADVANCED_FACE('',(#99),#704,.F.);
#737=ADVANCED_FACE('',(#100),#705,.F.);
#738=ADVANCED_FACE('',(#101),#43,.T.);
#739=ADVANCED_FACE('',(#102),#17,.F.);
#740=ADVANCED_FACE('',(#103),#18,.F.);
#741=ADVANCED_FACE('',(#104),#19,.F.);
#742=ADVANCED_FACE('',(#105),#20,.F.);
#743=ADVANCED_FACE('',(#106),#706,.F.);
#744=ADVANCED_FACE('',(#107),#21,.F.);
#745=ADVANCED_FACE('',(#108),#707,.F.);
#746=ADVANCED_FACE('',(#109),#708,.F.);
#747=ADVANCED_FACE('',(#110),#709,.F.);
#748=ADVANCED_FACE('',(#111,#15),#44,.T.);
#749=CLOSED_SHELL('',(#710,#711,#712,#713,#714,#715,#716,#717,#718,#719,
#720,#721,#722,#723,#724,#725,#726,#727,#728,#729,#730,#731,#732,#733,#734,
#735,#736,#737,#738,#739,#740,#741,#742,#743,#744,#745,#746,#747,#748));
#750=DERIVED_UNIT_ELEMENT(#752,1.);
#751=DERIVED_UNIT_ELEMENT(#2300,-3.);
#752=(
MASS_UNIT()
NAMED_UNIT(*)
SI_UNIT(.KILO.,.GRAM.)
);
#753=DERIVED_UNIT((#750,#751));
#754=MEASURE_REPRESENTATION_ITEM('density measure',
POSITIVE_RATIO_MEASURE(7850.),#753);
#755=PROPERTY_DEFINITION_REPRESENTATION(#760,#757);
#756=PROPERTY_DEFINITION_REPRESENTATION(#761,#758);
#757=REPRESENTATION('material name',(#759),#2297);
#758=REPRESENTATION('density',(#754),#2297);
#759=DESCRIPTIVE_REPRESENTATION_ITEM('\X2\94A2\X0\','\X2\94A2\X0\');
#760=PROPERTY_DEFINITION('material property','material name',#2307);
#761=PROPERTY_DEFINITION('material property','density of part',#2307);
#762=AXIS2_PLACEMENT_3D('',#866,#792,#793);
#763=AXIS2_PLACEMENT_3D('',#956,#795,#796);
#764=AXIS2_PLACEMENT_3D('',#958,#797,#798);
#765=AXIS2_PLACEMENT_3D('',#968,#800,#801);
#766=AXIS2_PLACEMENT_3D('',#969,#802,#803);
#767=AXIS2_PLACEMENT_3D('',#1014,#804,#805);
#768=AXIS2_PLACEMENT_3D('',#1070,#806,#807);
#769=AXIS2_PLACEMENT_3D('',#1126,#808,#809);
#770=AXIS2_PLACEMENT_3D('',#1182,#810,#811);
#771=AXIS2_PLACEMENT_3D('',#1216,#813,#814);
#772=AXIS2_PLACEMENT_3D('',#1244,#815,#816);
#773=AXIS2_PLACEMENT_3D('',#1351,#817,#818);
#774=AXIS2_PLACEMENT_3D('',#1355,#820,#821);
#775=AXIS2_PLACEMENT_3D('',#1388,#823,#824);
#776=AXIS2_PLACEMENT_3D('',#1446,#825,#826);
#777=AXIS2_PLACEMENT_3D('',#1479,#828,#829);
#778=AXIS2_PLACEMENT_3D('',#1510,#830,#831);
#779=AXIS2_PLACEMENT_3D('',#1568,#832,#833);
#780=AXIS2_PLACEMENT_3D('',#1626,#834,#835);
#781=AXIS2_PLACEMENT_3D('',#1766,#837,#838);
#782=AXIS2_PLACEMENT_3D('',#1888,#841,#842);
#783=AXIS2_PLACEMENT_3D('',#2008,#845,#846);
#784=AXIS2_PLACEMENT_3D('',#2111,#848,#849);
#785=AXIS2_PLACEMENT_3D('',#2179,#851,#852);
#786=AXIS2_PLACEMENT_3D('',#2188,#854,#855);
#787=AXIS2_PLACEMENT_3D('',#2189,#856,#857);
#788=AXIS2_PLACEMENT_3D('',#2190,#858,#859);
#789=AXIS2_PLACEMENT_3D('',#2191,#860,#861);
#790=AXIS2_PLACEMENT_3D('',#2226,#862,#863);
#791=AXIS2_PLACEMENT_3D('',#2294,#864,#865);
#792=DIRECTION('axis',(0.,0.,1.));
#793=DIRECTION('refdir',(1.,0.,0.));
#794=DIRECTION('',(-0.306821481205338,0.,0.951767082153487));
#795=DIRECTION('center_axis',(0.,-1.,0.));
#796=DIRECTION('ref_axis',(0.,0.,-1.));
#797=DIRECTION('center_axis',(0.,-1.,0.));
#798=DIRECTION('ref_axis',(1.,0.,0.));
#799=DIRECTION('',(-0.306821481205337,0.,-0.951767082153487));
#800=DIRECTION('center_axis',(0.,-1.,0.));
#801=DIRECTION('ref_axis',(1.,0.,0.));
#802=DIRECTION('center_axis',(0.,-1.,0.));
#803=DIRECTION('ref_axis',(1.,0.,0.));
#804=DIRECTION('center_axis',(0.,-1.,0.));
#805=DIRECTION('ref_axis',(1.,0.,0.));
#806=DIRECTION('center_axis',(0.,-1.,0.));
#807=DIRECTION('ref_axis',(1.,0.,0.));
#808=DIRECTION('center_axis',(0.,-1.,0.));
#809=DIRECTION('ref_axis',(1.,0.,0.));
#810=DIRECTION('center_axis',(0.,-1.,0.));
#811=DIRECTION('ref_axis',(1.,0.,0.));
#812=DIRECTION('',(0.,1.,0.));
#813=DIRECTION('center_axis',(0.,-1.,0.));
#814=DIRECTION('ref_axis',(1.,0.,0.));
#815=DIRECTION('center_axis',(0.,-1.,0.));
#816=DIRECTION('ref_axis',(1.,0.,0.));
#817=DIRECTION('center_axis',(0.,-1.,0.));
#818=DIRECTION('ref_axis',(0.,0.,-1.));
#819=DIRECTION('',(0.670843731028042,0.,-0.741598738227336));
#820=DIRECTION('center_axis',(0.,-1.,0.));
#821=DIRECTION('ref_axis',(1.,0.,0.));
#822=DIRECTION('',(-0.97766521223338,0.,0.21016834392615));
#823=DIRECTION('center_axis',(0.,-1.,0.));
#824=DIRECTION('ref_axis',(1.,0.,0.));
#825=DIRECTION('center_axis',(0.,-1.,0.));
#826=DIRECTION('ref_axis',(1.,0.,0.));
#827=DIRECTION('',(0.,1.,0.));
#828=DIRECTION('center_axis',(0.,-1.,0.));
#829=DIRECTION('ref_axis',(1.,0.,0.));
#830=DIRECTION('center_axis',(0.,-1.,0.));
#831=DIRECTION('ref_axis',(1.,0.,0.));
#832=DIRECTION('center_axis',(0.,-1.,0.));
#833=DIRECTION('ref_axis',(1.,0.,0.));
#834=DIRECTION('center_axis',(0.,-1.,0.));
#835=DIRECTION('ref_axis',(1.,0.,0.));
#836=DIRECTION('',(0.670843731028042,0.,0.741598738227336));
#837=DIRECTION('center_axis',(0.,-1.,0.));
#838=DIRECTION('ref_axis',(0.,0.,-1.));
#839=DIRECTION('',(-0.977665212233379,0.,-0.210168343926152));
#840=DIRECTION('',(0.97766521223338,0.,-0.210168343926151));
#841=DIRECTION('center_axis',(0.,-1.,0.));
#842=DIRECTION('ref_axis',(0.,0.,-1.));
#843=DIRECTION('',(-0.670843731028042,0.,0.741598738227335));
#844=DIRECTION('',(0.306821481205338,0.,-0.951767082153487));
#845=DIRECTION('center_axis',(0.,-1.,0.));
#846=DIRECTION('ref_axis',(0.,0.,-1.));
#847=DIRECTION('',(0.306821481205337,0.,0.951767082153487));
#848=DIRECTION('center_axis',(0.,0.,1.));
#849=DIRECTION('ref_axis',(-0.335654093220203,0.941985312892151,0.));
#850=DIRECTION('',(-0.670843731028041,0.,-0.741598738227336));
#851=DIRECTION('center_axis',(0.,-1.,0.));
#852=DIRECTION('ref_axis',(0.,0.,-1.));
#853=DIRECTION('',(0.977665212233379,0.,0.210168343926152));
#854=DIRECTION('center_axis',(0.,0.,1.));
#855=DIRECTION('ref_axis',(-0.335654093220204,0.94198531289215,0.));
#856=DIRECTION('center_axis',(0.,0.,1.));
#857=DIRECTION('ref_axis',(0.335654093220197,0.941985312892153,0.));
#858=DIRECTION('center_axis',(1.,0.,1.23259516440783E-31));
#859=DIRECTION('ref_axis',(0.,1.,1.89882151931499E-15));
#860=DIRECTION('center_axis',(0.,0.,1.));
#861=DIRECTION('ref_axis',(0.335654093220211,0.941985312892148,0.));
#862=DIRECTION('center_axis',(1.,0.,-8.90766633201227E-32));
#863=DIRECTION('ref_axis',(0.,1.,-1.45473230946492E-15));
#864=DIRECTION('center_axis',(0.,1.,0.));
#865=DIRECTION('ref_axis',(0.,0.,1.));
#866=CARTESIAN_POINT('',(0.,0.,0.));
#867=CARTESIAN_POINT('Ctrl Pts',(1.84009592826318,-5.10379609513878,-5.99266804239188));
#868=CARTESIAN_POINT('Ctrl Pts',(2.02030599595494,-5.07431252694408,-6.49504194209767));
#869=CARTESIAN_POINT('Ctrl Pts',(2.52750884152062,-4.78993548198109,-7.23969144782343));
#870=CARTESIAN_POINT('Ctrl Pts',(3.24682595300883,-4.28122099204459,-7.51641473438192));
#871=CARTESIAN_POINT('Ctrl Pts',(3.55337624921444,-4.04127424293461,-7.5372828442038));
#872=CARTESIAN_POINT('Ctrl Pts',(1.96307108227995,-4.93913505500595,-5.92113826648597));
#873=CARTESIAN_POINT('Ctrl Pts',(2.13600370316854,-4.91560010072646,-6.37655935913254));
#874=CARTESIAN_POINT('Ctrl Pts',(2.60492715064178,-4.66243855578237,-7.0471357587386));
#875=CARTESIAN_POINT('Ctrl Pts',(3.25340325848686,-4.19851006439352,-7.30072730075233));
#876=CARTESIAN_POINT('Ctrl Pts',(3.53007979012574,-3.97798495872201,-7.32186107546425));
#877=CARTESIAN_POINT('Ctrl Pts',(2.10095330311105,-4.51558050229611,-5.81137223163438));
#878=CARTESIAN_POINT('Ctrl Pts',(2.25595222618407,-4.49277833518465,-6.17483966761946));
#879=CARTESIAN_POINT('Ctrl Pts',(2.64829331537663,-4.28722206283612,-6.70233852385982));
#880=CARTESIAN_POINT('Ctrl Pts',(3.1657234746405,-3.91310891521362,-6.91385988582998));
#881=CARTESIAN_POINT('Ctrl Pts',(3.38782344928786,-3.73324347709772,-6.93698457693841));
#882=CARTESIAN_POINT('Ctrl Pts',(1.96708326964828,-4.07679191261742,-5.81276365466447));
#883=CARTESIAN_POINT('Ctrl Pts',(2.1021514645747,-4.04333201124446,-6.12709805407303));
#884=CARTESIAN_POINT('Ctrl Pts',(2.45131986471327,-3.84558581800561,-6.59539423274718));
#885=CARTESIAN_POINT('Ctrl Pts',(2.91783135564965,-3.51554572562667,-6.7883756960445));
#886=CARTESIAN_POINT('Ctrl Pts',(3.11707186414221,-3.35996364503782,-6.81200087971274));
#887=CARTESIAN_POINT('Ctrl Pts',(1.84570407131169,-3.89843272213465,-5.84118450732097));
#888=CARTESIAN_POINT('Ctrl Pts',(1.97301855521248,-3.86056087881994,-6.14724635500537));
#889=CARTESIAN_POINT('Ctrl Pts',(2.31449918391011,-3.65947009542104,-6.6144020051811));
#890=CARTESIAN_POINT('Ctrl Pts',(2.78117530135638,-3.33333525959517,-6.80536007594857));
#891=CARTESIAN_POINT('Ctrl Pts',(2.97915647028391,-3.1820169749948,-6.82840587000843));
#892=CARTESIAN_POINT('',(2.4760099567685,-4.79927584679679,-7.02651227096226));
#893=CARTESIAN_POINT('',(2.9791564702839,-3.1820169749948,-6.82840587000843));
#894=CARTESIAN_POINT('Ctrl Pts',(2.4760099567685,-4.79927584679678,-7.02651227096226));
#895=CARTESIAN_POINT('Ctrl Pts',(2.61908534695355,-4.6475773062159,-6.97609521097495));
#896=CARTESIAN_POINT('Ctrl Pts',(2.73055023746839,-4.46642253085379,-6.93215572038914));
#897=CARTESIAN_POINT('Ctrl Pts',(2.89743997141252,-4.07811694511868,-6.86406574541894));
#898=CARTESIAN_POINT('Ctrl Pts',(2.94826084256923,-3.88358635654532,-6.84186930698288));
#899=CARTESIAN_POINT('Ctrl Pts',(2.99103356293307,-3.62261573888276,-6.82323134866954));
#900=CARTESIAN_POINT('Ctrl Pts',(3.00116686064076,-3.52651491488798,-6.81876091722061));
#901=CARTESIAN_POINT('Ctrl Pts',(3.00400263068398,-3.3600269846552,-6.81751201574448));
#902=CARTESIAN_POINT('Ctrl Pts',(3.00036989837484,-3.26815481431718,-6.81915069057752));
#903=CARTESIAN_POINT('Ctrl Pts',(2.97915647028391,-3.1820169749948,-6.82840587000843));
#904=CARTESIAN_POINT('',(1.89693298506742,-3.88045657494662,-5.95517802002285));
#905=CARTESIAN_POINT('Ctrl Pts',(2.97915647028391,-3.1820169749948,-6.82840587000843));
#906=CARTESIAN_POINT('Ctrl Pts',(2.78117530135638,-3.33333525959517,-6.80536007594857));
#907=CARTESIAN_POINT('Ctrl Pts',(2.3481575773942,-3.63594805471074,-6.62817460173056));
#908=CARTESIAN_POINT('Ctrl Pts',(2.02292747122047,-3.83090361181849,-6.21319558222652));
#909=CARTESIAN_POINT('Ctrl Pts',(1.89709855155539,-3.88048363541097,-5.95510249918559));
#910=CARTESIAN_POINT('',(1.90733431422084,-5.,-5.95185482129695));
#911=CARTESIAN_POINT('Ctrl Pts',(1.89693298506742,-3.88045657494662,-5.95517802002284));
#912=CARTESIAN_POINT('Ctrl Pts',(1.96477493224205,-3.98494453620104,-5.93356798134154));
#913=CARTESIAN_POINT('Ctrl Pts',(2.01230480574298,-4.10243729219004,-5.91725261943992));
#914=CARTESIAN_POINT('Ctrl Pts',(2.06512438751899,-4.35451520339337,-5.89903158727086));
#915=CARTESIAN_POINT('Ctrl Pts',(2.06821554761898,-4.48767368975106,-5.89792046386317));
#916=CARTESIAN_POINT('Ctrl Pts',(2.0366397814771,-4.68563328683503,-5.90886877478703));
#917=CARTESIAN_POINT('Ctrl Pts',(2.01933210716906,-4.75231092412987,-5.91484713269908));
#918=CARTESIAN_POINT('Ctrl Pts',(1.97226953807179,-4.88073167976548,-5.9307054636692));
#919=CARTESIAN_POINT('Ctrl Pts',(1.94267855943749,-4.94216193447626,-5.94052838714557));
#920=CARTESIAN_POINT('Ctrl Pts',(1.90733431422084,-5.,-5.95185482129695));
#921=CARTESIAN_POINT('',(2.1217283855358,-5.,-6.58164880337103));
#922=CARTESIAN_POINT('Ctrl Pts',(1.90733431422084,-5.,-5.95185482129695));
#923=CARTESIAN_POINT('Ctrl Pts',(1.92195674501306,-5.,-5.99585744637235));
#924=CARTESIAN_POINT('Ctrl Pts',(1.93661690509107,-5.,-6.03932495258858));
#925=CARTESIAN_POINT('Ctrl Pts',(1.98923397018079,-5.,-6.19361296552687));
#926=CARTESIAN_POINT('Ctrl Pts',(2.02525870948355,-5.,-6.29623157379516));
#927=CARTESIAN_POINT('Ctrl Pts',(2.0792024406237,-5.,-6.4531297237523));
#928=CARTESIAN_POINT('Ctrl Pts',(2.10140211546472,-5.,-6.51859625998124));
#929=CARTESIAN_POINT('Ctrl Pts',(2.1217283855358,-5.,-6.58164880337103));
#930=CARTESIAN_POINT('Ctrl Pts',(2.12311388517432,-5.00022199768314,-6.58085045239825));
#931=CARTESIAN_POINT('Ctrl Pts',(2.2274444255792,-4.94875088950368,-6.74759849945998));
#932=CARTESIAN_POINT('Ctrl Pts',(2.34608937349287,-4.88061254809388,-6.89752569961473));
#933=CARTESIAN_POINT('Ctrl Pts',(2.47659673411717,-4.7994380054612,-7.02601873747122));
#934=CARTESIAN_POINT('Ctrl Pts',(2.1217283855358,-5.,-6.58164880337103));
#935=CARTESIAN_POINT('Ctrl Pts',(2.17642560201712,-5.,-6.75132078959518));
#936=CARTESIAN_POINT('Ctrl Pts',(2.23112281849844,-5.,-6.92099277581933));
#937=CARTESIAN_POINT('Ctrl Pts',(2.28582003497977,-5.,-7.09066476204348));
#938=CARTESIAN_POINT('Ctrl Pts',(2.18083782100505,-4.93309194893226,-6.56259367435475));
#939=CARTESIAN_POINT('Ctrl Pts',(2.23705885259797,-4.93309194893226,-6.73177442807207));
#940=CARTESIAN_POINT('Ctrl Pts',(2.29327988392416,-4.93309194893226,-6.90095518099299));
#941=CARTESIAN_POINT('Ctrl Pts',(2.34950091551708,-4.93309194893226,-7.07013593471031));
#942=CARTESIAN_POINT('Ctrl Pts',(2.23969054078776,-4.86618389786452,-6.54274220932728));
#943=CARTESIAN_POINT('Ctrl Pts',(2.297428769388,-4.86618389786452,-6.71141120108285));
#944=CARTESIAN_POINT('Ctrl Pts',(2.35516699771811,-4.86618389786452,-6.88008019204316));
#945=CARTESIAN_POINT('Ctrl Pts',(2.41290522631835,-4.86618389786452,-7.04874918379873));
#946=CARTESIAN_POINT('Ctrl Pts',(2.29826518612674,-4.79927584679678,-6.52210161275808));
#947=CARTESIAN_POINT('Ctrl Pts',(2.35751344300733,-4.79927584679678,-6.69023849882614));
#948=CARTESIAN_POINT('Ctrl Pts',(2.41676169988791,-4.79927584679678,-6.8583753848942));
#949=CARTESIAN_POINT('Ctrl Pts',(2.4760099567685,-4.79927584679678,-7.02651227096226));
#950=CARTESIAN_POINT('',(2.28582003497977,-5.,-7.09066476204347));
#951=CARTESIAN_POINT('',(2.28582003497977,-5.,-7.09066476204348));
#952=CARTESIAN_POINT('Ctrl Pts',(2.4760099567685,-4.79927584679678,-7.02651227096226));
#953=CARTESIAN_POINT('Ctrl Pts',(2.41290522631835,-4.86618389786452,-7.04874918379873));
#954=CARTESIAN_POINT('Ctrl Pts',(2.34950091551708,-4.93309194893226,-7.07013593471031));
#955=CARTESIAN_POINT('Ctrl Pts',(2.28582003497977,-5.,-7.09066476204348));
#956=CARTESIAN_POINT('Origin',(6.25,-5.,0.));
#957=CARTESIAN_POINT('',(-1.90733431422084,-5.,-5.95185482129695));
#958=CARTESIAN_POINT('Origin',(0.,-5.,0.));
#959=CARTESIAN_POINT('',(-2.12172838553579,-5.,-6.581648803371));
#960=CARTESIAN_POINT('Ctrl Pts',(-2.12172838553579,-5.,-6.581648803371));
#961=CARTESIAN_POINT('Ctrl Pts',(-2.07316098819229,-5.,-6.43099165291395));
#962=CARTESIAN_POINT('Ctrl Pts',(-2.02088226367091,-5.,-6.28587522129183));
#963=CARTESIAN_POINT('Ctrl Pts',(-1.94055499168528,-5.,-6.05098778296741));
#964=CARTESIAN_POINT('Ctrl Pts',(-1.92395662232907,-5.,-6.00187558747239));
#965=CARTESIAN_POINT('Ctrl Pts',(-1.90733431422084,-5.,-5.95185482129695));
#966=CARTESIAN_POINT('',(-2.28582003497976,-5.,-7.09066476204348));
#967=CARTESIAN_POINT('',(-2.28582003497976,-5.,-7.09066476204348));
#968=CARTESIAN_POINT('Origin',(0.,-5.,0.));
#969=CARTESIAN_POINT('Origin',(0.,-3.,0.));
#970=CARTESIAN_POINT('',(1.63524560873708,-3.00000014249235,-6.03228578559621));
#971=CARTESIAN_POINT('Ctrl Pts',(1.89693298506742,-3.88045657494662,-5.95517802002285));
#972=CARTESIAN_POINT('Ctrl Pts',(1.83305653972061,-3.78207615067478,-5.97552490734339));
#973=CARTESIAN_POINT('Ctrl Pts',(1.77801116898788,-3.67353402983033,-5.99191950519501));
#974=CARTESIAN_POINT('Ctrl Pts',(1.66848610775456,-3.37812243657025,-6.02358499829874));
#975=CARTESIAN_POINT('Ctrl Pts',(1.63524560873708,-3.18262470833615,-6.03228578559621));
#976=CARTESIAN_POINT('Ctrl Pts',(1.63524560873708,-3.00000014249235,-6.03228578559621));
#977=CARTESIAN_POINT('',(4.20886895686478,-3.88045657494661,-4.62038116435646));
#978=CARTESIAN_POINT('Ctrl Pts',(1.63524560873708,-3.00000014249235,-6.03228578559621));
#979=CARTESIAN_POINT('Ctrl Pts',(1.63524560873708,-2.81737557664856,-6.03228578559621));
#980=CARTESIAN_POINT('Ctrl Pts',(1.66848610775456,-2.62187784841446,-6.02358499829874));
#981=CARTESIAN_POINT('Ctrl Pts',(1.8032818970339,-2.25830590946863,-5.98461332288699));
#982=CARTESIAN_POINT('Ctrl Pts',(1.90467345159723,-2.09021299048013,-5.95395178856259));
#983=CARTESIAN_POINT('Ctrl Pts',(2.12338094650869,-1.83182250818903,-5.87926126819042));
#984=CARTESIAN_POINT('Ctrl Pts',(2.26713416274352,-1.70831591757512,-5.8260548239515));
#985=CARTESIAN_POINT('Ctrl Pts',(2.50614781742104,-1.56080118608548,-5.72671392836383));
#986=CARTESIAN_POINT('Ctrl Pts',(2.62942837403698,-1.50411238808274,-5.67170439577511));
#987=CARTESIAN_POINT('Ctrl Pts',(2.88091010897207,-1.42999570875764,-5.54819621887694));
#988=CARTESIAN_POINT('Ctrl Pts',(3.0090571246197,-1.41254931964972,-5.47959842396418));
#989=CARTESIAN_POINT('Ctrl Pts',(3.24094287538029,-1.41254931964972,-5.34571912334131));
#990=CARTESIAN_POINT('Ctrl Pts',(3.36442381624215,-1.42999570875764,-5.26903944982768));
#991=CARTESIAN_POINT('Ctrl Pts',(3.59712590247862,-1.50411238808275,-5.1130039672352));
#992=CARTESIAN_POINT('Ctrl Pts',(3.70640583345872,-1.56080118608548,-5.03374463970747));
#993=CARTESIAN_POINT('Ctrl Pts',(3.91194440001111,-1.70831591757512,-4.8764231906992));
#994=CARTESIAN_POINT('Ctrl Pts',(4.02989914048446,-1.83182250818903,-4.77853247568359));
#995=CARTESIAN_POINT('Ctrl Pts',(4.20393677600438,-2.09021299048013,-4.62647148927829));
#996=CARTESIAN_POINT('Ctrl Pts',(4.28118622092998,-2.25830590946863,-4.55399459445946));
#997=CARTESIAN_POINT('Ctrl Pts',(4.38233457650426,-2.62187784841446,-4.45674385432624));
#998=CARTESIAN_POINT('Ctrl Pts',(4.40648992884554,-2.81737557664856,-4.43230713139137));
#999=CARTESIAN_POINT('Ctrl Pts',(4.40648992884554,-3.18262470833615,-4.43230713139137));
#1000=CARTESIAN_POINT('Ctrl Pts',(4.38233457650426,-3.37812243657025,-4.45674385432624));
#1001=CARTESIAN_POINT('Ctrl Pts',(4.30014892443641,-3.67353402983032,-4.53576259315348));
#1002=CARTESIAN_POINT('Ctrl Pts',(4.25842810084572,-3.78207615067478,-4.57523598364295));
#1003=CARTESIAN_POINT('Ctrl Pts',(4.20886895686478,-3.88045657494661,-4.62038116435646));
#1004=CARTESIAN_POINT('',(4.20079031776962,-5.,-4.62772738027349));
#1005=CARTESIAN_POINT('Ctrl Pts',(4.20079031776962,-5.,-4.62772738027349));
#1006=CARTESIAN_POINT('Ctrl Pts',(4.1475158693245,-4.88787600277867,-4.67608692456445));
#1007=CARTESIAN_POINT('Ctrl Pts',(4.11025105139654,-4.76276513346022,-4.70838748201606));
#1008=CARTESIAN_POINT('Ctrl Pts',(4.07385710088894,-4.49994271229367,-4.73991256446955));
#1009=CARTESIAN_POINT('Ctrl Pts',(4.07529284028979,-4.36452303718593,-4.73869919569059));
#1010=CARTESIAN_POINT('Ctrl Pts',(4.11677750904652,-4.10732045761356,-4.70269817923788));
#1011=CARTESIAN_POINT('Ctrl Pts',(4.15513686556727,-3.9871207647255,-4.66932763067706));
#1012=CARTESIAN_POINT('Ctrl Pts',(4.20886895686478,-3.88045657494661,-4.62038116435646));
#1013=CARTESIAN_POINT('',(6.10812463199047,-5.,-1.32412744102345));
#1014=CARTESIAN_POINT('Origin',(0.,-5.,0.));
#1015=CARTESIAN_POINT('',(6.10580194193221,-3.88045657494662,-1.33479685566639));
#1016=CARTESIAN_POINT('Ctrl Pts',(6.10580194193221,-3.88045657494662,-1.33479685566639));
#1017=CARTESIAN_POINT('Ctrl Pts',(6.12100807304467,-3.98494453620051,-1.26523898663066));
#1018=CARTESIAN_POINT('Ctrl Pts',(6.13064349191637,-4.10243729218885,-1.21591922778952));
#1019=CARTESIAN_POINT('Ctrl Pts',(6.14127340606285,-4.35451520339081,-1.1610656120695));
#1020=CARTESIAN_POINT('Ctrl Pts',(6.1418567250151,-4.48767368974782,-1.15783302719156));
#1021=CARTESIAN_POINT('Ctrl Pts',(6.1355503573329,-4.68563328683185,-1.19065259827557));
#1022=CARTESIAN_POINT('Ctrl Pts',(6.13207393000364,-4.75231092412734,-1.20863066286276));
#1023=CARTESIAN_POINT('Ctrl Pts',(6.12227636293671,-4.88073167976427,-1.25731720875362));
#1024=CARTESIAN_POINT('Ctrl Pts',(6.11598777488949,-4.94216193447569,-1.2878552097122));
#1025=CARTESIAN_POINT('Ctrl Pts',(6.10812463199047,-5.,-1.32412744102345));
#1026=CARTESIAN_POINT('',(6.04173553758263,-3.00000014249235,-1.59997865420484));
#1027=CARTESIAN_POINT('Ctrl Pts',(6.10580194193221,-3.88045657494662,-1.33479685566639));
#1028=CARTESIAN_POINT('Ctrl Pts',(6.09148464056634,-3.78207615067478,-1.40028892370044));
#1029=CARTESIAN_POINT('Ctrl Pts',(6.0781600934243,-3.67353402983033,-1.45615691204153));
#1030=CARTESIAN_POINT('Ctrl Pts',(6.05082068425883,-3.37812243657024,-1.5668411439725));
#1031=CARTESIAN_POINT('Ctrl Pts',(6.04173553758263,-3.18262470833615,-1.59997865420484));
#1032=CARTESIAN_POINT('Ctrl Pts',(6.04173553758263,-3.00000014249235,-1.59997865420484));
#1033=CARTESIAN_POINT('',(6.10580194193221,-3.88045657494661,1.33479685566639));
#1034=CARTESIAN_POINT('Ctrl Pts',(6.04173553758263,-3.00000014249235,-1.59997865420484));
#1035=CARTESIAN_POINT('Ctrl Pts',(6.04173553758263,-2.81737557664856,-1.59997865420484));
#1036=CARTESIAN_POINT('Ctrl Pts',(6.05082068425883,-2.62187784841446,-1.5668411439725));
#1037=CARTESIAN_POINT('Ctrl Pts',(6.08446811796389,-2.25830590946863,-1.43061872842754));
#1038=CARTESIAN_POINT('Ctrl Pts',(6.10861022760162,-2.09021299048013,-1.3274802992843));
#1039=CARTESIAN_POINT('Ctrl Pts',(6.15328008699316,-1.83182250818903,-1.10072879250683));
#1040=CARTESIAN_POINT('Ctrl Pts',(6.17907856275463,-1.70831591757512,-0.949631633252296));
#1041=CARTESIAN_POINT('Ctrl Pts',(6.21255365087978,-1.56080118608548,-0.692969288656362));
#1042=CARTESIAN_POINT('Ctrl Pts',(6.22655427651561,-1.50411238808275,-0.558700428539917));
#1043=CARTESIAN_POINT('Ctrl Pts',(6.24533392521423,-1.42999570875764,-0.279156769049257));
#1044=CARTESIAN_POINT('Ctrl Pts',(6.25,-1.41254931964972,-0.133879300622863));
#1045=CARTESIAN_POINT('Ctrl Pts',(6.25,-1.41254931964972,0.133879300622863));
#1046=CARTESIAN_POINT('Ctrl Pts',(6.24533392521423,-1.42999570875764,0.279156769049257));
#1047=CARTESIAN_POINT('Ctrl Pts',(6.22655427651561,-1.50411238808275,0.558700428539917));
#1048=CARTESIAN_POINT('Ctrl Pts',(6.21255365087978,-1.56080118608548,0.692969288656362));
#1049=CARTESIAN_POINT('Ctrl Pts',(6.17907856275463,-1.70831591757512,0.949631633252296));
#1050=CARTESIAN_POINT('Ctrl Pts',(6.15328008699316,-1.83182250818903,1.10072879250683));
#1051=CARTESIAN_POINT('Ctrl Pts',(6.10861022760162,-2.09021299048013,1.3274802992843));
#1052=CARTESIAN_POINT('Ctrl Pts',(6.08446811796389,-2.25830590946863,1.43061872842754));
#1053=CARTESIAN_POINT('Ctrl Pts',(6.05082068425883,-2.62187784841446,1.5668411439725));
#1054=CARTESIAN_POINT('Ctrl Pts',(6.04173553758263,-2.81737557664856,1.59997865420484));
#1055=CARTESIAN_POINT('Ctrl Pts',(6.04173553758263,-3.18262470833615,1.59997865420484));
#1056=CARTESIAN_POINT('Ctrl Pts',(6.05082068425883,-3.37812243657025,1.5668411439725));
#1057=CARTESIAN_POINT('Ctrl Pts',(6.0781600934243,-3.67353402983033,1.45615691204153));
#1058=CARTESIAN_POINT('Ctrl Pts',(6.09148464056634,-3.78207615067478,1.40028892370044));
#1059=CARTESIAN_POINT('Ctrl Pts',(6.10580194193221,-3.88045657494661,1.33479685566639));
#1060=CARTESIAN_POINT('',(6.10812463199047,-5.,1.32412744102346));
#1061=CARTESIAN_POINT('Ctrl Pts',(6.10812463147623,-5.00000000378254,1.32412744339562));
#1062=CARTESIAN_POINT('Ctrl Pts',(6.12336956617945,-4.88786449594745,1.25380342614903));
#1063=CARTESIAN_POINT('Ctrl Pts',(6.13271061070562,-4.76273967065861,1.20537828944893));
#1064=CARTESIAN_POINT('Ctrl Pts',(6.14181360969808,-4.49990214543948,1.15810540603211));
#1065=CARTESIAN_POINT('Ctrl Pts',(6.14147972912181,-4.36448249580717,1.15996070150477));
#1066=CARTESIAN_POINT('Ctrl Pts',(6.13104279332317,-4.10729534107917,1.21389522122591));
#1067=CARTESIAN_POINT('Ctrl Pts',(6.12132315221002,-3.98710958261353,1.26379771040088));
#1068=CARTESIAN_POINT('Ctrl Pts',(6.10580194193221,-3.88045657494661,1.33479685566639));
#1069=CARTESIAN_POINT('',(4.20079031776962,-5.,4.6277273802735));
#1070=CARTESIAN_POINT('Origin',(0.,-5.,0.));
#1071=CARTESIAN_POINT('',(4.20886895686479,-3.88045657494662,4.62038116435646));
#1072=CARTESIAN_POINT('Ctrl Pts',(4.20886895686478,-3.88045657494662,4.62038116435646));
#1073=CARTESIAN_POINT('Ctrl Pts',(4.15623314080887,-3.98494453618879,4.66832899470561));
#1074=CARTESIAN_POINT('Ctrl Pts',(4.11833868618231,-4.10243729216259,4.70133339164318));
#1075=CARTESIAN_POINT('Ctrl Pts',(4.07614901854669,-4.35451520335044,4.73796597519931));
#1076=CARTESIAN_POINT('Ctrl Pts',(4.07364117739471,-4.48767368970956,4.74008743667274));
#1077=CARTESIAN_POINT('Ctrl Pts',(4.09891057584925,-4.68563328680093,4.71821617651622));
#1078=CARTESIAN_POINT('Ctrl Pts',(4.11274182282739,-4.75231092410093,4.70621646984165));
#1079=CARTESIAN_POINT('Ctrl Pts',(4.150006824859,-4.88073167975019,4.67338825492013));
#1080=CARTESIAN_POINT('Ctrl Pts',(4.17330921544849,-4.94216193446906,4.65267317743613));
#1081=CARTESIAN_POINT('Ctrl Pts',(4.20079031776962,-5.,4.6277273802735));
#1082=CARTESIAN_POINT('',(4.40648992884554,-3.00000014249235,4.43230713139137));
#1083=CARTESIAN_POINT('Ctrl Pts',(4.20886895686479,-3.88045657494662,4.62038116435646));
#1084=CARTESIAN_POINT('Ctrl Pts',(4.25842810084572,-3.78207615067478,4.57523598364295));
#1085=CARTESIAN_POINT('Ctrl Pts',(4.30014892443641,-3.67353402983033,4.53576259315348));
#1086=CARTESIAN_POINT('Ctrl Pts',(4.38233457650427,-3.37812243657025,4.45674385432624));
#1087=CARTESIAN_POINT('Ctrl Pts',(4.40648992884554,-3.18262470833615,4.43230713139137));
#1088=CARTESIAN_POINT('Ctrl Pts',(4.40648992884554,-3.00000014249235,4.43230713139137));
#1089=CARTESIAN_POINT('',(1.89693298506742,-3.88045657494661,5.95517802002284));
#1090=CARTESIAN_POINT('Ctrl Pts',(4.40648992884554,-3.00000014249235,4.43230713139137));
#1091=CARTESIAN_POINT('Ctrl Pts',(4.40648992884554,-2.81737557664856,4.43230713139137));
#1092=CARTESIAN_POINT('Ctrl Pts',(4.38233457650427,-2.62187784841446,4.45674385432624));
#1093=CARTESIAN_POINT('Ctrl Pts',(4.28118622092998,-2.25830590946863,4.55399459445945));
#1094=CARTESIAN_POINT('Ctrl Pts',(4.20393677600438,-2.09021299048013,4.62647148927829));
#1095=CARTESIAN_POINT('Ctrl Pts',(4.02989914048447,-1.83182250818903,4.77853247568358));
#1096=CARTESIAN_POINT('Ctrl Pts',(3.91194440001111,-1.70831591757512,4.8764231906992));
#1097=CARTESIAN_POINT('Ctrl Pts',(3.70640583345873,-1.56080118608548,5.03374463970747));
#1098=CARTESIAN_POINT('Ctrl Pts',(3.59712590247863,-1.50411238808275,5.1130039672352));
#1099=CARTESIAN_POINT('Ctrl Pts',(3.36442381624216,-1.42999570875764,5.26903944982768));
#1100=CARTESIAN_POINT('Ctrl Pts',(3.24094287538029,-1.41254931964972,5.34571912334131));
#1101=CARTESIAN_POINT('Ctrl Pts',(3.00905712461971,-1.41254931964972,5.47959842396417));
#1102=CARTESIAN_POINT('Ctrl Pts',(2.88091010897208,-1.42999570875764,5.54819621887694));
#1103=CARTESIAN_POINT('Ctrl Pts',(2.62942837403699,-1.50411238808275,5.67170439577511));
#1104=CARTESIAN_POINT('Ctrl Pts',(2.50614781742105,-1.56080118608548,5.72671392836383));
#1105=CARTESIAN_POINT('Ctrl Pts',(2.26713416274352,-1.70831591757512,5.8260548239515));
#1106=CARTESIAN_POINT('Ctrl Pts',(2.1233809465087,-1.83182250818903,5.87926126819041));
#1107=CARTESIAN_POINT('Ctrl Pts',(1.90467345159723,-2.09021299048013,5.95395178856259));
#1108=CARTESIAN_POINT('Ctrl Pts',(1.80328189703391,-2.25830590946863,5.98461332288699));
#1109=CARTESIAN_POINT('Ctrl Pts',(1.66848610775456,-2.62187784841446,6.02358499829874));
#1110=CARTESIAN_POINT('Ctrl Pts',(1.63524560873709,-2.81737557664856,6.03228578559621));
#1111=CARTESIAN_POINT('Ctrl Pts',(1.63524560873709,-3.18262470833615,6.03228578559621));
#1112=CARTESIAN_POINT('Ctrl Pts',(1.66848610775456,-3.37812243657025,6.02358499829874));
#1113=CARTESIAN_POINT('Ctrl Pts',(1.77801116898789,-3.67353402983033,5.99191950519501));
#1114=CARTESIAN_POINT('Ctrl Pts',(1.83305653972062,-3.78207615067478,5.97552490734339));
#1115=CARTESIAN_POINT('Ctrl Pts',(1.89693298506742,-3.88045657494661,5.95517802002284));
#1116=CARTESIAN_POINT('',(1.90733431422084,-5.,5.95185482129695));
#1117=CARTESIAN_POINT('Ctrl Pts',(1.90733431422084,-5.,5.95185482129695));
#1118=CARTESIAN_POINT('Ctrl Pts',(1.9758521323169,-4.88787600277523,5.92989756771567));
#1119=CARTESIAN_POINT('Ctrl Pts',(2.02245764459112,-4.76276513345258,5.91377556744815));
#1120=CARTESIAN_POINT('Ctrl Pts',(2.06795614210495,-4.49994271227474,5.8980200229916));
#1121=CARTESIAN_POINT('Ctrl Pts',(2.06618746421497,-4.36452303715991,5.89865672539756));
#1122=CARTESIAN_POINT('Ctrl Pts',(2.01426733501948,-4.10732045759322,5.91658299418447));
#1123=CARTESIAN_POINT('Ctrl Pts',(1.96618791396942,-3.98712076471645,5.93311789712291));
#1124=CARTESIAN_POINT('Ctrl Pts',(1.89693298506742,-3.88045657494661,5.95517802002284));
#1125=CARTESIAN_POINT('',(-1.90733431422085,-5.,5.95185482129695));
#1126=CARTESIAN_POINT('Origin',(0.,-5.,0.));
#1127=CARTESIAN_POINT('',(-1.89693298506742,-3.88045657494662,5.95517802002284));
#1128=CARTESIAN_POINT('Ctrl Pts',(-1.89693298506742,-3.88045657494662,5.95517802002284));
#1129=CARTESIAN_POINT('Ctrl Pts',(-1.96477493224205,-3.98494453620104,5.93356798134154));
#1130=CARTESIAN_POINT('Ctrl Pts',(-2.01230480574298,-4.10243729219003,5.91725261943991));
#1131=CARTESIAN_POINT('Ctrl Pts',(-2.065124387519,-4.35451520339337,5.89903158727086));
#1132=CARTESIAN_POINT('Ctrl Pts',(-2.06821554761898,-4.48767368975106,5.89792046386317));
#1133=CARTESIAN_POINT('Ctrl Pts',(-2.0366397814771,-4.68563328683503,5.90886877478703));
#1134=CARTESIAN_POINT('Ctrl Pts',(-2.01933210716906,-4.75231092412987,5.91484713269908));
#1135=CARTESIAN_POINT('Ctrl Pts',(-1.97226953807179,-4.88073167976548,5.9307054636692));
#1136=CARTESIAN_POINT('Ctrl Pts',(-1.9426785594375,-4.94216193447627,5.94052838714557));
#1137=CARTESIAN_POINT('Ctrl Pts',(-1.90733431422085,-5.,5.95185482129694));
#1138=CARTESIAN_POINT('',(-1.63524560873709,-3.00000014249235,6.03228578559621));
#1139=CARTESIAN_POINT('Ctrl Pts',(-1.89693298506742,-3.88045657494662,5.95517802002284));
#1140=CARTESIAN_POINT('Ctrl Pts',(-1.83305653972062,-3.78207615067478,5.97552490734339));
#1141=CARTESIAN_POINT('Ctrl Pts',(-1.77801116898789,-3.67353402983033,5.99191950519501));
#1142=CARTESIAN_POINT('Ctrl Pts',(-1.66848610775456,-3.37812243657025,6.02358499829874));
#1143=CARTESIAN_POINT('Ctrl Pts',(-1.63524560873709,-3.18262470833615,6.03228578559621));
#1144=CARTESIAN_POINT('Ctrl Pts',(-1.63524560873709,-3.00000014249235,6.03228578559621));
#1145=CARTESIAN_POINT('',(-4.20886895686479,-3.88045657494661,4.62038116435646));
#1146=CARTESIAN_POINT('Ctrl Pts',(-1.63524560873709,-3.00000014249235,6.03228578559621));
#1147=CARTESIAN_POINT('Ctrl Pts',(-1.63524560873709,-2.81737557664856,6.03228578559621));
#1148=CARTESIAN_POINT('Ctrl Pts',(-1.66848610775456,-2.62187784841446,6.02358499829874));
#1149=CARTESIAN_POINT('Ctrl Pts',(-1.80328189703391,-2.25830590946863,5.98461332288699));
#1150=CARTESIAN_POINT('Ctrl Pts',(-1.90467345159723,-2.09021299048013,5.95395178856259));
#1151=CARTESIAN_POINT('Ctrl Pts',(-2.12338094650869,-1.83182250818903,5.87926126819041));
#1152=CARTESIAN_POINT('Ctrl Pts',(-2.26713416274352,-1.70831591757512,5.8260548239515));
#1153=CARTESIAN_POINT('Ctrl Pts',(-2.50614781742104,-1.56080118608548,5.72671392836383));
#1154=CARTESIAN_POINT('Ctrl Pts',(-2.62942837403698,-1.50411238808275,5.67170439577511));
#1155=CARTESIAN_POINT('Ctrl Pts',(-2.88091010897207,-1.42999570875764,5.54819621887694));
#1156=CARTESIAN_POINT('Ctrl Pts',(-3.00905712461971,-1.41254931964972,5.47959842396417));
#1157=CARTESIAN_POINT('Ctrl Pts',(-3.24094287538029,-1.41254931964972,5.34571912334131));
#1158=CARTESIAN_POINT('Ctrl Pts',(-3.36442381624216,-1.42999570875764,5.26903944982768));
#1159=CARTESIAN_POINT('Ctrl Pts',(-3.59712590247862,-1.50411238808275,5.1130039672352));
#1160=CARTESIAN_POINT('Ctrl Pts',(-3.70640583345873,-1.56080118608548,5.03374463970747));
#1161=CARTESIAN_POINT('Ctrl Pts',(-3.91194440001111,-1.70831591757512,4.8764231906992));
#1162=CARTESIAN_POINT('Ctrl Pts',(-4.02989914048446,-1.83182250818902,4.77853247568359));
#1163=CARTESIAN_POINT('Ctrl Pts',(-4.20393677600438,-2.09021299048012,4.62647148927829));
#1164=CARTESIAN_POINT('Ctrl Pts',(-4.28118622092998,-2.25830590946862,4.55399459445945));
#1165=CARTESIAN_POINT('Ctrl Pts',(-4.38233457650427,-2.62187784841446,4.45674385432624));
#1166=CARTESIAN_POINT('Ctrl Pts',(-4.40648992884554,-2.81737557664856,4.43230713139137));
#1167=CARTESIAN_POINT('Ctrl Pts',(-4.40648992884554,-3.18262470833615,4.43230713139137));
#1168=CARTESIAN_POINT('Ctrl Pts',(-4.38233457650427,-3.37812243657025,4.45674385432624));
#1169=CARTESIAN_POINT('Ctrl Pts',(-4.30014892443641,-3.67353402983033,4.53576259315348));
#1170=CARTESIAN_POINT('Ctrl Pts',(-4.25842810084572,-3.78207615067478,4.57523598364295));
#1171=CARTESIAN_POINT('Ctrl Pts',(-4.20886895686479,-3.88045657494661,4.62038116435646));
#1172=CARTESIAN_POINT('',(-4.20079031776963,-5.,4.62772738027349));
#1173=CARTESIAN_POINT('Ctrl Pts',(-4.20079031776963,-5.,4.62772738027349));
#1174=CARTESIAN_POINT('Ctrl Pts',(-4.14751586932451,-4.88787600277867,4.67608692456444));
#1175=CARTESIAN_POINT('Ctrl Pts',(-4.11025105139654,-4.76276513346022,4.70838748201606));
#1176=CARTESIAN_POINT('Ctrl Pts',(-4.07385710088894,-4.49994271229367,4.73991256446954));
#1177=CARTESIAN_POINT('Ctrl Pts',(-4.07529284028979,-4.36452303718593,4.73869919569059));
#1178=CARTESIAN_POINT('Ctrl Pts',(-4.11677750904652,-4.10732045761356,4.70269817923788));
#1179=CARTESIAN_POINT('Ctrl Pts',(-4.15513686556728,-3.98712076472551,4.66932763067706));
#1180=CARTESIAN_POINT('Ctrl Pts',(-4.20886895686479,-3.88045657494661,4.62038116435646));
#1181=CARTESIAN_POINT('',(-6.10812463199047,-5.,1.32412744102345));
#1182=CARTESIAN_POINT('Origin',(0.,-5.,0.));
#1183=CARTESIAN_POINT('',(-6.10580194193221,-3.88045657494662,1.33479685566639));
#1184=CARTESIAN_POINT('Ctrl Pts',(-6.10580194193221,-3.88045657494662,1.33479685566639));
#1185=CARTESIAN_POINT('Ctrl Pts',(-6.12100807304467,-3.98494453620051,1.26523898663066));
#1186=CARTESIAN_POINT('Ctrl Pts',(-6.13064349191637,-4.10243729218884,1.21591922778952));
#1187=CARTESIAN_POINT('Ctrl Pts',(-6.14127340606284,-4.35451520339081,1.16106561206951));
#1188=CARTESIAN_POINT('Ctrl Pts',(-6.1418567250151,-4.48767368974782,1.15783302719156));
#1189=CARTESIAN_POINT('Ctrl Pts',(-6.1355503573329,-4.68563328683186,1.19065259827557));
#1190=CARTESIAN_POINT('Ctrl Pts',(-6.13207393000364,-4.75231092412734,1.20863066286276));
#1191=CARTESIAN_POINT('Ctrl Pts',(-6.12227636293672,-4.88073167976427,1.25731720875362));
#1192=CARTESIAN_POINT('Ctrl Pts',(-6.11598777488949,-4.94216193447569,1.2878552097122));
#1193=CARTESIAN_POINT('Ctrl Pts',(-6.10812463199047,-5.,1.32412744102345));
#1194=CARTESIAN_POINT('',(-6.04173553758263,-3.00000014249235,1.59997865420484));
#1195=CARTESIAN_POINT('Ctrl Pts',(-6.10580194193221,-3.88045657494662,1.33479685566639));
#1196=CARTESIAN_POINT('Ctrl Pts',(-6.09148464056634,-3.78207615067478,1.40028892370044));
#1197=CARTESIAN_POINT('Ctrl Pts',(-6.0781600934243,-3.67353402983033,1.45615691204153));
#1198=CARTESIAN_POINT('Ctrl Pts',(-6.05082068425883,-3.37812243657024,1.5668411439725));
#1199=CARTESIAN_POINT('Ctrl Pts',(-6.04173553758263,-3.18262470833615,1.59997865420484));
#1200=CARTESIAN_POINT('Ctrl Pts',(-6.04173553758263,-3.00000014249235,1.59997865420484));
#1201=CARTESIAN_POINT('',(-6.25,-1.41254931964972,-3.57574295381863E-17));
#1202=CARTESIAN_POINT('Ctrl Pts',(-6.04173553758263,-3.00000014249235,1.59997865420484));
#1203=CARTESIAN_POINT('Ctrl Pts',(-6.04173553758263,-2.81737557664856,1.59997865420484));
#1204=CARTESIAN_POINT('Ctrl Pts',(-6.05082068425883,-2.62187784841446,1.5668411439725));
#1205=CARTESIAN_POINT('Ctrl Pts',(-6.08446811796389,-2.25830590946863,1.43061872842754));
#1206=CARTESIAN_POINT('Ctrl Pts',(-6.10861022760162,-2.09021299048013,1.3274802992843));
#1207=CARTESIAN_POINT('Ctrl Pts',(-6.15328008699316,-1.83182250818903,1.10072879250683));
#1208=CARTESIAN_POINT('Ctrl Pts',(-6.17907856275463,-1.70831591757512,0.949631633252298));
#1209=CARTESIAN_POINT('Ctrl Pts',(-6.21255365087978,-1.56080118608548,0.692969288656364));
#1210=CARTESIAN_POINT('Ctrl Pts',(-6.22655427651561,-1.50411238808275,0.558700428539919));
#1211=CARTESIAN_POINT('Ctrl Pts',(-6.24533392521423,-1.42999570875764,0.279156769049258));
#1212=CARTESIAN_POINT('Ctrl Pts',(-6.25,-1.41254931964972,0.133879300622864));
#1213=CARTESIAN_POINT('Ctrl Pts',(-6.25,-1.41254931964972,7.28583859910259E-16));
#1214=CARTESIAN_POINT('',(-6.25,-1.,-7.65404249467096E-16));
#1215=CARTESIAN_POINT('',(-6.25,-3.,-7.65404249467096E-16));
#1216=CARTESIAN_POINT('Origin',(0.,-1.,0.));
#1217=CARTESIAN_POINT('',(-6.10580194193221,-3.88045657494661,-1.33479685566639));
#1218=CARTESIAN_POINT('Ctrl Pts',(-6.25,-1.41254931964972,6.93889390390723E-16));
#1219=CARTESIAN_POINT('Ctrl Pts',(-6.25,-1.41254931964972,-0.133879300622862));
#1220=CARTESIAN_POINT('Ctrl Pts',(-6.24533392521423,-1.42999570875764,-0.279156769049256));
#1221=CARTESIAN_POINT('Ctrl Pts',(-6.22655427651561,-1.50411238808274,-0.558700428539915));
#1222=CARTESIAN_POINT('Ctrl Pts',(-6.21255365087978,-1.56080118608548,-0.69296928865636));
#1223=CARTESIAN_POINT('Ctrl Pts',(-6.17907856275463,-1.70831591757512,-0.949631633252294));
#1224=CARTESIAN_POINT('Ctrl Pts',(-6.15328008699316,-1.83182250818903,-1.10072879250683));
#1225=CARTESIAN_POINT('Ctrl Pts',(-6.10861022760162,-2.09021299048012,-1.3274802992843));
#1226=CARTESIAN_POINT('Ctrl Pts',(-6.08446811796389,-2.25830590946863,-1.43061872842753));
#1227=CARTESIAN_POINT('Ctrl Pts',(-6.05082068425883,-2.62187784841446,-1.56684114397249));
#1228=CARTESIAN_POINT('Ctrl Pts',(-6.04173553758263,-2.81737557664856,-1.59997865420484));
#1229=CARTESIAN_POINT('Ctrl Pts',(-6.04173553758263,-3.18262470833615,-1.59997865420484));
#1230=CARTESIAN_POINT('Ctrl Pts',(-6.05082068425883,-3.37812243657025,-1.56684114397249));
#1231=CARTESIAN_POINT('Ctrl Pts',(-6.0781600934243,-3.67353402983033,-1.45615691204152));
#1232=CARTESIAN_POINT('Ctrl Pts',(-6.09148464056634,-3.78207615067478,-1.40028892370044));
#1233=CARTESIAN_POINT('Ctrl Pts',(-6.10580194193221,-3.88045657494661,-1.33479685566639));
#1234=CARTESIAN_POINT('',(-6.10812463199047,-5.,-1.32412744102346));
#1235=CARTESIAN_POINT('Ctrl Pts',(-6.10812463199047,-5.,-1.32412744102346));
#1236=CARTESIAN_POINT('Ctrl Pts',(-6.1233680016398,-4.88787600277502,-1.25381064314961));
#1237=CARTESIAN_POINT('Ctrl Pts',(-6.13270869598543,-4.76276513345212,-1.20538808542995));
#1238=CARTESIAN_POINT('Ctrl Pts',(-6.14181324299251,-4.49994271227309,-1.15810745852065));
#1239=CARTESIAN_POINT('Ctrl Pts',(-6.14148030450569,-4.36452303715733,-1.15995752970775));
#1240=CARTESIAN_POINT('Ctrl Pts',(-6.13104484407233,-4.10732045759107,-1.21388481495307));
#1241=CARTESIAN_POINT('Ctrl Pts',(-6.12132477954112,-3.98712076471549,-1.26379026645064));
#1242=CARTESIAN_POINT('Ctrl Pts',(-6.10580194193221,-3.88045657494661,-1.33479685566639));
#1243=CARTESIAN_POINT('',(-4.20079031776962,-5.,-4.62772738027349));
#1244=CARTESIAN_POINT('Origin',(0.,-5.,0.));
#1245=CARTESIAN_POINT('',(-4.20886895686479,-3.88045657494662,-4.62038116435646));
#1246=CARTESIAN_POINT('Ctrl Pts',(-4.20886895686479,-3.88045657494662,-4.62038116435646));
#1247=CARTESIAN_POINT('Ctrl Pts',(-4.15623314080887,-3.98494453618879,-4.66832899470561));
#1248=CARTESIAN_POINT('Ctrl Pts',(-4.11833868618231,-4.10243729216258,-4.70133339164317));
#1249=CARTESIAN_POINT('Ctrl Pts',(-4.07614901854669,-4.35451520335044,-4.7379659751993));
#1250=CARTESIAN_POINT('Ctrl Pts',(-4.07364117739472,-4.48767368970956,-4.74008743667274));
#1251=CARTESIAN_POINT('Ctrl Pts',(-4.09891057584926,-4.68563328680094,-4.71821617651622));
#1252=CARTESIAN_POINT('Ctrl Pts',(-4.11274182282739,-4.75231092410094,-4.70621646984165));
#1253=CARTESIAN_POINT('Ctrl Pts',(-4.150006824859,-4.88073167975019,-4.67338825492013));
#1254=CARTESIAN_POINT('Ctrl Pts',(-4.17330921544849,-4.94216193446906,-4.65267317743612));
#1255=CARTESIAN_POINT('Ctrl Pts',(-4.20079031776962,-5.,-4.62772738027349));
#1256=CARTESIAN_POINT('',(-4.40648992884555,-3.00000014249235,-4.43230713139137));
#1257=CARTESIAN_POINT('Ctrl Pts',(-4.20886895686479,-3.88045657494662,-4.62038116435646));
#1258=CARTESIAN_POINT('Ctrl Pts',(-4.25842810084572,-3.78207615067478,-4.57523598364295));
#1259=CARTESIAN_POINT('Ctrl Pts',(-4.30014892443642,-3.67353402983033,-4.53576259315348));
#1260=CARTESIAN_POINT('Ctrl Pts',(-4.38233457650427,-3.37812243657025,-4.45674385432624));
#1261=CARTESIAN_POINT('Ctrl Pts',(-4.40648992884555,-3.18262470833615,-4.43230713139137));
#1262=CARTESIAN_POINT('Ctrl Pts',(-4.40648992884555,-3.00000014249235,-4.43230713139137));
#1263=CARTESIAN_POINT('',(-1.89693298506742,-3.88045657494661,-5.95517802002284));
#1264=CARTESIAN_POINT('Ctrl Pts',(-4.40648992884555,-3.00000014249235,-4.43230713139137));
#1265=CARTESIAN_POINT('Ctrl Pts',(-4.40648992884555,-2.81737557664856,-4.43230713139137));
#1266=CARTESIAN_POINT('Ctrl Pts',(-4.38233457650427,-2.62187784841446,-4.45674385432624));
#1267=CARTESIAN_POINT('Ctrl Pts',(-4.28118622092998,-2.25830590946863,-4.55399459445945));
#1268=CARTESIAN_POINT('Ctrl Pts',(-4.20393677600439,-2.09021299048013,-4.62647148927829));
#1269=CARTESIAN_POINT('Ctrl Pts',(-4.02989914048447,-1.83182250818903,-4.77853247568358));
#1270=CARTESIAN_POINT('Ctrl Pts',(-3.91194440001112,-1.70831591757512,-4.8764231906992));
#1271=CARTESIAN_POINT('Ctrl Pts',(-3.70640583345873,-1.56080118608548,-5.03374463970746));
#1272=CARTESIAN_POINT('Ctrl Pts',(-3.59712590247863,-1.50411238808275,-5.11300396723519));
#1273=CARTESIAN_POINT('Ctrl Pts',(-3.36442381624216,-1.42999570875764,-5.26903944982768));
#1274=CARTESIAN_POINT('Ctrl Pts',(-3.2409428753803,-1.41254931964972,-5.34571912334131));
#1275=CARTESIAN_POINT('Ctrl Pts',(-3.00905712461971,-1.41254931964972,-5.47959842396417));
#1276=CARTESIAN_POINT('Ctrl Pts',(-2.88091010897208,-1.42999570875764,-5.54819621887694));
#1277=CARTESIAN_POINT('Ctrl Pts',(-2.62942837403699,-1.50411238808274,-5.67170439577511));
#1278=CARTESIAN_POINT('Ctrl Pts',(-2.50614781742105,-1.56080118608548,-5.72671392836383));
#1279=CARTESIAN_POINT('Ctrl Pts',(-2.26713416274352,-1.70831591757512,-5.82605482395149));
#1280=CARTESIAN_POINT('Ctrl Pts',(-2.1233809465087,-1.83182250818903,-5.87926126819041));
#1281=CARTESIAN_POINT('Ctrl Pts',(-1.90467345159724,-2.09021299048013,-5.95395178856259));
#1282=CARTESIAN_POINT('Ctrl Pts',(-1.80328189703391,-2.25830590946863,-5.98461332288699));
#1283=CARTESIAN_POINT('Ctrl Pts',(-1.66848610775457,-2.62187784841446,-6.02358499829873));
#1284=CARTESIAN_POINT('Ctrl Pts',(-1.63524560873709,-2.81737557664856,-6.03228578559621));
#1285=CARTESIAN_POINT('Ctrl Pts',(-1.63524560873709,-3.18262470833615,-6.03228578559621));
#1286=CARTESIAN_POINT('Ctrl Pts',(-1.66848610775457,-3.37812243657025,-6.02358499829873));
#1287=CARTESIAN_POINT('Ctrl Pts',(-1.77801116898789,-3.67353402983033,-5.99191950519501));
#1288=CARTESIAN_POINT('Ctrl Pts',(-1.83305653972062,-3.78207615067478,-5.97552490734339));
#1289=CARTESIAN_POINT('Ctrl Pts',(-1.89693298506742,-3.88045657494661,-5.95517802002284));
#1290=CARTESIAN_POINT('Ctrl Pts',(-1.90733431422084,-5.,-5.95185482129695));
#1291=CARTESIAN_POINT('Ctrl Pts',(-1.9758521323169,-4.88787600277523,-5.92989756771567));
#1292=CARTESIAN_POINT('Ctrl Pts',(-2.02245764459112,-4.76276513345258,-5.91377556744815));
#1293=CARTESIAN_POINT('Ctrl Pts',(-2.06795614210495,-4.49994271227473,-5.8980200229916));
#1294=CARTESIAN_POINT('Ctrl Pts',(-2.06618746421497,-4.36452303715991,-5.89865672539756));
#1295=CARTESIAN_POINT('Ctrl Pts',(-2.01426733501949,-4.10732045759323,-5.91658299418447));
#1296=CARTESIAN_POINT('Ctrl Pts',(-1.96618791396943,-3.98712076471646,-5.93311789712291));
#1297=CARTESIAN_POINT('Ctrl Pts',(-1.89693298506742,-3.88045657494661,-5.95517802002284));
#1298=CARTESIAN_POINT('Ctrl Pts',(4.75079029398189,-4.0412742429346,-6.84595552312588));
#1299=CARTESIAN_POINT('Ctrl Pts',(4.88599310372463,-4.2812209474542,-6.57004117543763));
#1300=CARTESIAN_POINT('Ctrl Pts',(5.00599903739598,-4.78993616415542,-5.80873328766545));
#1301=CARTESIAN_POINT('Ctrl Pts',(4.61471837840008,-5.07431252216846,-4.99715735292883));
#1302=CARTESIAN_POINT('Ctrl Pts',(4.26975479702698,-5.10379609513877,-4.58990384047221));
#1303=CARTESIAN_POINT('Ctrl Pts',(4.57587779926961,-3.97798495872199,-6.71806931336706));
#1304=CARTESIAN_POINT('Ctrl Pts',(4.69591365700388,-4.19851002341234,-6.46789356747214));
#1305=CARTESIAN_POINT('Ctrl Pts',(4.80053164974915,-4.66243956926229,-5.77950211543654));
#1306=CARTESIAN_POINT('Ctrl Pts',(4.45426059204257,-4.91560009691436,-5.03811321022942));
#1307=CARTESIAN_POINT('Ctrl Pts',(4.14632061695706,-4.93913505500594,-4.66063855993208));
#1308=CARTESIAN_POINT('Ctrl Pts',(4.31370049960747,-3.73324020946972,-6.40243393361191));
#1309=CARTESIAN_POINT('Ctrl Pts',(4.4047239000613,-3.91310561416044,-6.19852740572606));
#1310=CARTESIAN_POINT('Ctrl Pts',(4.48025525175335,-4.28722060366377,-5.64465703894994));
#1311=CARTESIAN_POINT('Ctrl Pts',(4.21959746984525,-4.49277796871855,-5.04112754177515));
#1312=CARTESIAN_POINT('Ctrl Pts',(3.98232485993803,-4.51558013952341,-4.72516076766339));
#1313=CARTESIAN_POINT('Ctrl Pts',(4.34082988036207,-3.35996364503781,-6.10546385962525));
#1314=CARTESIAN_POINT('Ctrl Pts',(4.41999011067188,-3.51554569671415,-5.92110396023406));
#1315=CARTESIAN_POINT('Ctrl Pts',(4.48611572141456,-3.84558550490749,-5.4206032509424));
#1316=CARTESIAN_POINT('Ctrl Pts',(4.25514686717239,-4.04333200582477,-4.88406564236473));
#1317=CARTESIAN_POINT('Ctrl Pts',(4.05045935631019,-4.07679191261741,-4.60992591020704));
#1318=CARTESIAN_POINT('Ctrl Pts',(4.42399471563612,-3.18201697499479,-5.99422812011886));
#1319=CARTESIAN_POINT('Ctrl Pts',(4.50302704230673,-3.33333523147501,-5.81124853533067));
#1320=CARTESIAN_POINT('Ctrl Pts',(4.57098853525331,-3.65947054677828,-5.31161637885836));
#1321=CARTESIAN_POINT('Ctrl Pts',(4.33716226177152,-3.86056087268563,-4.782307411101));
#1322=CARTESIAN_POINT('Ctrl Pts',(4.13576213587622,-3.89843272213464,-4.51901886728481));
#1323=CARTESIAN_POINT('',(4.42399471563612,-3.18201697499479,-5.99422812011886));
#1324=CARTESIAN_POINT('Ctrl Pts',(4.20872073403058,-3.88048364347242,-4.62048681495764));
#1325=CARTESIAN_POINT('Ctrl Pts',(4.36932123401059,-3.83090366503929,-4.85850445079445));
#1326=CARTESIAN_POINT('Ctrl Pts',(4.56608690279581,-3.63594847011812,-5.34765168486468));
#1327=CARTESIAN_POINT('Ctrl Pts',(4.50302704230673,-3.33333523147501,-5.81124853533067));
#1328=CARTESIAN_POINT('Ctrl Pts',(4.42399471563612,-3.18201697499479,-5.99422812011886));
#1329=CARTESIAN_POINT('',(4.84713314827215,-4.79927584679677,-5.65754365806587));
#1330=CARTESIAN_POINT('Ctrl Pts',(4.42399471563612,-3.18201697499479,-5.99422812011886));
#1331=CARTESIAN_POINT('Ctrl Pts',(4.40573073130721,-3.266499075571,-6.00770771557943));
#1332=CARTESIAN_POINT('Ctrl Pts',(4.4023303487323,-3.35621482049052,-6.01015711818491));
#1333=CARTESIAN_POINT('Ctrl Pts',(4.40506957714446,-3.59097745990033,-6.00815009495222));
#1334=CARTESIAN_POINT('Ctrl Pts',(4.43101920531242,-3.7866505350885,-5.98933456690203));
#1335=CARTESIAN_POINT('Ctrl Pts',(4.51668375724402,-4.13689137411595,-5.92489049431571));
#1336=CARTESIAN_POINT('Ctrl Pts',(4.5679259784855,-4.28963823709863,-5.88584402070112));
#1337=CARTESIAN_POINT('Ctrl Pts',(4.69207488121837,-4.56516259058541,-5.78730468297784));
#1338=CARTESIAN_POINT('Ctrl Pts',(4.76408235340362,-4.68991240938194,-5.72869790540848));
#1339=CARTESIAN_POINT('Ctrl Pts',(4.84713314827215,-4.79927584679677,-5.65754365806587));
#1340=CARTESIAN_POINT('',(4.63901086973884,-5.,-5.12829508349004));
#1341=CARTESIAN_POINT('Ctrl Pts',(4.8464108516229,-4.79943825684099,-5.65780555801407));
#1342=CARTESIAN_POINT('Ctrl Pts',(4.80038647117099,-4.88061277591356,-5.48053632431657));
#1343=CARTESIAN_POINT('Ctrl Pts',(4.72986856827131,-4.94875104858653,-5.30282311496908));
#1344=CARTESIAN_POINT('Ctrl Pts',(4.63762614585102,-5.00022209527433,-5.12909612052013));
#1345=CARTESIAN_POINT('Ctrl Pts',(4.63901086973884,-5.,-5.12829508349004));
#1346=CARTESIAN_POINT('Ctrl Pts',(4.53255398476936,-5.,-5.01061001330537));
#1347=CARTESIAN_POINT('Ctrl Pts',(4.43268932831876,-4.99999999999946,-4.89236921197777));
#1348=CARTESIAN_POINT('Ctrl Pts',(4.26936693794259,-4.99999999999946,-4.70530779302266));
#1349=CARTESIAN_POINT('Ctrl Pts',(4.23544710593818,-5.,-4.66673766157539));
#1350=CARTESIAN_POINT('Ctrl Pts',(4.20079031776962,-5.,-4.62772738027349));
#1351=CARTESIAN_POINT('Origin',(6.25,-5.,0.));
#1352=CARTESIAN_POINT('',(4.99778579615891,-5.,-5.52491059979365));
#1353=CARTESIAN_POINT('',(4.99778579615891,-5.,-5.52491059979365));
#1354=CARTESIAN_POINT('',(7.28360583113868,-5.,-1.56575416224982));
#1355=CARTESIAN_POINT('Origin',(0.,-5.,0.));
#1356=CARTESIAN_POINT('',(6.76073925527466,-5.,-1.45335371988096));
#1357=CARTESIAN_POINT('',(7.28360583113868,-5.,-1.56575416224982));
#1358=CARTESIAN_POINT('Ctrl Pts',(6.10812463199047,-5.,-1.32412744102345));
#1359=CARTESIAN_POINT('Ctrl Pts',(6.10853965474797,-5.,-1.32421276833631));
#1360=CARTESIAN_POINT('Ctrl Pts',(6.10895471398392,-4.9999999999991,-1.32429808567715));
#1361=CARTESIAN_POINT('Ctrl Pts',(6.17538423913721,-4.9999999999991,-1.33795018822658));
#1362=CARTESIAN_POINT('Ctrl Pts',(6.23914697171569,-5.,-1.35061873846434));
#1363=CARTESIAN_POINT('Ctrl Pts',(6.45327760329859,-5.,-1.39231787637278));
#1364=CARTESIAN_POINT('Ctrl Pts',(6.57616330975609,-5.,-1.41502511134307));
#1365=CARTESIAN_POINT('Ctrl Pts',(6.72075708929705,-5.,-1.44485787347114));
#1366=CARTESIAN_POINT('Ctrl Pts',(6.74078393841307,-5.,-1.44906393249276));
#1367=CARTESIAN_POINT('Ctrl Pts',(6.76073925527466,-5.,-1.45335371988096));
#1368=CARTESIAN_POINT('Ctrl Pts',(4.49917308964349,-4.79927584679487,-5.25140684219495));
#1369=CARTESIAN_POINT('Ctrl Pts',(4.61515977585256,-4.79927584679487,-5.386785780819));
#1370=CARTESIAN_POINT('Ctrl Pts',(4.73114646206163,-4.79927584679487,-5.52216471944306));
#1371=CARTESIAN_POINT('Ctrl Pts',(4.8471331482707,-4.79927584679487,-5.65754365806711));
#1372=CARTESIAN_POINT('Ctrl Pts',(4.54633569329159,-4.86618389786324,-5.21100000959799));
#1373=CARTESIAN_POINT('Ctrl Pts',(4.66353821068374,-4.86618389786324,-5.34533727821457));
#1374=CARTESIAN_POINT('Ctrl Pts',(4.78074072752224,-4.86618389786324,-5.47967454619957));
#1375=CARTESIAN_POINT('Ctrl Pts',(4.89794324491439,-4.86618389786324,-5.61401181481614));
#1376=CARTESIAN_POINT('Ctrl Pts',(4.59295392619949,-4.93309194893162,-5.16995779169774));
#1377=CARTESIAN_POINT('Ctrl Pts',(4.71135824095489,-4.93309194893162,-5.30323701014429));
#1378=CARTESIAN_POINT('Ctrl Pts',(4.82976255515395,-4.93309194893162,-5.43651622796163));
#1379=CARTESIAN_POINT('Ctrl Pts',(4.94816686990935,-4.93309194893162,-5.56979544640818));
#1380=CARTESIAN_POINT('Ctrl Pts',(4.639010869735,-5.,-5.12829508348579));
#1381=CARTESIAN_POINT('Ctrl Pts',(4.7586025118763,-5.,-5.26050025558841));
#1382=CARTESIAN_POINT('Ctrl Pts',(4.87819415401761,-5.,-5.39270542769103));
#1383=CARTESIAN_POINT('Ctrl Pts',(4.99778579615891,-5.,-5.52491059979365));
#1384=CARTESIAN_POINT('Ctrl Pts',(4.99778579615891,-5.,-5.52491059979365));
#1385=CARTESIAN_POINT('Ctrl Pts',(4.94816686990935,-4.93309194893162,-5.56979544640818));
#1386=CARTESIAN_POINT('Ctrl Pts',(4.89794324491439,-4.86618389786324,-5.61401181481614));
#1387=CARTESIAN_POINT('Ctrl Pts',(4.8471331482707,-4.79927584679487,-5.65754365806711));
#1388=CARTESIAN_POINT('Origin',(0.,-3.,0.));
#1389=CARTESIAN_POINT('',(-2.47600995676851,-4.79927584679677,-7.02651227096226));
#1390=CARTESIAN_POINT('Ctrl Pts',(-2.28582003497976,-5.,-7.09066476204348));
#1391=CARTESIAN_POINT('Ctrl Pts',(-2.34950091553318,-4.93309194891535,-7.07013593470512));
#1392=CARTESIAN_POINT('Ctrl Pts',(-2.4129052263504,-4.8661838978307,-7.04874918378792));
#1393=CARTESIAN_POINT('Ctrl Pts',(-2.47600995681635,-4.79927584674605,-7.0265122709454));
#1394=CARTESIAN_POINT('',(-2.97915647028391,-3.18201697499479,-6.82840587000842));
#1395=CARTESIAN_POINT('Ctrl Pts',(-2.97915647028391,-3.18201697499479,-6.82840587000842));
#1396=CARTESIAN_POINT('Ctrl Pts',(-2.99996213458307,-3.26649907570547,-6.8193285933211));
#1397=CARTESIAN_POINT('Ctrl Pts',(-3.0037835707403,-3.35621482081468,-6.81760847693595));
#1398=CARTESIAN_POINT('Ctrl Pts',(-3.00067582333601,-3.59097746064149,-6.81897720675214));
#1399=CARTESIAN_POINT('Ctrl Pts',(-2.97140628387407,-3.78665053608982,-6.83204247998445));
#1400=CARTESIAN_POINT('Ctrl Pts',(-2.87276380368226,-4.1368913752725,-6.87400812196523));
#1401=CARTESIAN_POINT('Ctrl Pts',(-2.81332745493825,-4.28963823813824,-6.89886195051349));
#1402=CARTESIAN_POINT('Ctrl Pts',(-2.66591543388973,-4.5651625911613,-6.95710838523519));
#1403=CARTESIAN_POINT('Ctrl Pts',(-2.57915673975017,-4.68991240963478,-6.99016529655696));
#1404=CARTESIAN_POINT('Ctrl Pts',(-2.47600995676851,-4.79927584679677,-7.02651227096226));
#1405=CARTESIAN_POINT('',(-4.42399471563613,-3.1820169749948,-5.99422812011886));
#1406=CARTESIAN_POINT('Ctrl Pts',(-2.97915647028391,-3.18201697499479,-6.82840587000842));
#1407=CARTESIAN_POINT('Ctrl Pts',(-2.96422865442818,-3.12140207587977,-6.83491870771029));
#1408=CARTESIAN_POINT('Ctrl Pts',(-2.95704521944232,-3.05937234329719,-6.83801020547449));
#1409=CARTESIAN_POINT('Ctrl Pts',(-2.95704521944232,-3.00000014249235,-6.83801020547449));
#1410=CARTESIAN_POINT('Ctrl Pts',(-2.95704521944232,-2.91128979149915,-6.83801020547449));
#1411=CARTESIAN_POINT('Ctrl Pts',(-2.97363974165745,-2.81680490886774,-6.83090560545209));
#1412=CARTESIAN_POINT('Ctrl Pts',(-3.03974373627573,-2.6423137296464,-6.80174707652375));
#1413=CARTESIAN_POINT('Ctrl Pts',(-3.08914061169684,-2.56227482352668,-6.77963317544083));
#1414=CARTESIAN_POINT('Ctrl Pts',(-3.19710479026014,-2.43635808532377,-6.72936851633911));
#1415=CARTESIAN_POINT('Ctrl Pts',(-3.27016746791141,-2.37519105101525,-6.6943300189102));
#1416=CARTESIAN_POINT('Ctrl Pts',(-3.45075166586457,-2.26646634355125,-6.60386734904517));
#1417=CARTESIAN_POINT('Ctrl Pts',(-3.59962016065002,-2.22540295387963,-6.52427734219373));
#1418=CARTESIAN_POINT('Ctrl Pts',(-3.85037983934999,-2.22540295387963,-6.3795011741944));
#1419=CARTESIAN_POINT('Ctrl Pts',(-3.99374105456344,-2.26646634355125,-6.29037227931277));
#1420=CARTESIAN_POINT('Ctrl Pts',(-4.16237612373729,-2.37519105101525,-6.17921311129581));
#1421=CARTESIAN_POINT('Ctrl Pts',(-4.22925169144681,-2.43635808532377,-6.13345822509575));
#1422=CARTESIAN_POINT('Ctrl Pts',(-4.32676425242311,-2.56227482352668,-6.06509083331207));
#1423=CARTESIAN_POINT('Ctrl Pts',(-4.37061389024825,-2.6423137296464,-6.03336883487128));
#1424=CARTESIAN_POINT('Ctrl Pts',(-4.42891791434631,-2.81680490886774,-5.99070036070438));
#1425=CARTESIAN_POINT('Ctrl Pts',(-4.44336793955701,-2.91128979149915,-5.97988138291362));
#1426=CARTESIAN_POINT('Ctrl Pts',(-4.44336793955701,-3.05937234329719,-5.97988138291362));
#1427=CARTESIAN_POINT('Ctrl Pts',(-4.43709890646453,-3.12140207587978,-5.98455667121571));
#1428=CARTESIAN_POINT('Ctrl Pts',(-4.42399471563613,-3.1820169749948,-5.99422812011886));
#1429=CARTESIAN_POINT('',(-4.84713314827215,-4.79927584679679,-5.65754365806586));
#1430=CARTESIAN_POINT('Ctrl Pts',(-4.84713314827215,-4.79927584679678,-5.65754365806587));
#1431=CARTESIAN_POINT('Ctrl Pts',(-4.73193299868677,-4.64757730653232,-5.75624205042297));
#1432=CARTESIAN_POINT('Ctrl Pts',(-4.63814783850311,-4.46642253160983,-5.83080373184002));
#1433=CARTESIAN_POINT('Ctrl Pts',(-4.49573532335053,-4.07811694618186,-5.94128949368658));
#1434=CARTESIAN_POINT('Ctrl Pts',(-4.45110220810631,-3.88358635741147,-5.97420344001255));
#1435=CARTESIAN_POINT('Ctrl Pts',(-4.41357490246257,-3.62261573963286,-6.00192672334578));
#1436=CARTESIAN_POINT('Ctrl Pts',(-4.4046367463839,-3.52651491570246,-6.00846720087814));
#1437=CARTESIAN_POINT('Ctrl Pts',(-4.40213728086885,-3.36002698515941,-6.0102985991015));
#1438=CARTESIAN_POINT('Ctrl Pts',(-4.40537278104187,-3.26815481452552,-6.00797189806474));
#1439=CARTESIAN_POINT('Ctrl Pts',(-4.42399471563613,-3.18201697499479,-5.99422812011886));
#1440=CARTESIAN_POINT('',(-4.99778579615891,-5.,-5.52491059979365));
#1441=CARTESIAN_POINT('Ctrl Pts',(-4.84713314827215,-4.79927584679679,-5.65754365806586));
#1442=CARTESIAN_POINT('Ctrl Pts',(-4.89794324491535,-4.86618389786452,-5.61401181481529));
#1443=CARTESIAN_POINT('Ctrl Pts',(-4.94816686990982,-4.93309194893226,-5.56979544640775));
#1444=CARTESIAN_POINT('Ctrl Pts',(-4.99778579615891,-5.,-5.52491059979365));
#1445=CARTESIAN_POINT('',(-7.28360583113868,-5.,-1.56575416224983));
#1446=CARTESIAN_POINT('Origin',(0.,-5.,0.));
#1447=CARTESIAN_POINT('',(-7.32314310504066,-4.79927584679677,-1.36896861289639));
#1448=CARTESIAN_POINT('Ctrl Pts',(-7.28360583113868,-5.,-1.56575416224983));
#1449=CARTESIAN_POINT('Ctrl Pts',(-7.29766778542691,-4.93309194893226,-1.50034048830257));
#1450=CARTESIAN_POINT('Ctrl Pts',(-7.3108484712337,-4.86618389786451,-1.43473736898343));
#1451=CARTESIAN_POINT('Ctrl Pts',(-7.32314310504066,-4.79927584679677,-1.36896861289639));
#1452=CARTESIAN_POINT('',(-7.40315118592003,-3.18201697499479,-0.834177749889566));
#1453=CARTESIAN_POINT('Ctrl Pts',(-7.40315118592003,-3.18201697499479,-0.834177749889568));
#1454=CARTESIAN_POINT('Ctrl Pts',(-7.40569286586122,-3.2664990757058,-0.811620877720137));
#1455=CARTESIAN_POINT('Ctrl Pts',(-7.40611391945283,-3.35621482081562,-0.80745135873644));
#1456=CARTESIAN_POINT('Ctrl Pts',(-7.40574540054243,-3.59097746060466,-0.810827111845043));
#1457=CARTESIAN_POINT('Ctrl Pts',(-7.40242548933945,-3.78665053599402,-0.842707913177655));
#1458=CARTESIAN_POINT('Ctrl Pts',(-7.38944756129003,-4.13689137514355,-0.949117627870882));
#1459=CARTESIAN_POINT('Ctrl Pts',(-7.38125343382266,-4.28963823803326,-1.0130179300653));
#1460=CARTESIAN_POINT('Ctrl Pts',(-7.35799031544643,-4.56516259110942,-1.16980370248997));
#1461=CARTESIAN_POINT('Ctrl Pts',(-7.34323909334998,-4.689912409612,-1.2614673912906));
#1462=CARTESIAN_POINT('Ctrl Pts',(-7.32314310504066,-4.79927584679677,-1.36896861289639));
#1463=CARTESIAN_POINT('',(-7.45,-2.22540295387963,-9.07209036436359E-16));
#1464=CARTESIAN_POINT('Ctrl Pts',(-7.40315118592003,-3.18201697499479,-0.834177749889566));
#1465=CARTESIAN_POINT('Ctrl Pts',(-7.4013275608927,-3.12140207587977,-0.850362036494578));
#1466=CARTESIAN_POINT('Ctrl Pts',(-7.40041315899932,-3.05937234329719,-0.858128822560874));
#1467=CARTESIAN_POINT('Ctrl Pts',(-7.40041315899932,-3.00000014249235,-0.858128822560874));
#1468=CARTESIAN_POINT('Ctrl Pts',(-7.40041315899932,-2.91128979149915,-0.858128822560874));
#1469=CARTESIAN_POINT('Ctrl Pts',(-7.40255765600375,-2.81680490886774,-0.840205244747703));
#1470=CARTESIAN_POINT('Ctrl Pts',(-7.41035762652397,-2.6423137296464,-0.768378241652469));
#1471=CARTESIAN_POINT('Ctrl Pts',(-7.41590486411994,-2.56227482352668,-0.714542342128758));
#1472=CARTESIAN_POINT('Ctrl Pts',(-7.42635648170694,-2.43635808532377,-0.595910291243362));
#1473=CARTESIAN_POINT('Ctrl Pts',(-7.4325435916487,-2.37519105101525,-0.51511690761439));
#1474=CARTESIAN_POINT('Ctrl Pts',(-7.444492720428,-2.26646634355125,-0.313495069732404));
#1475=CARTESIAN_POINT('Ctrl Pts',(-7.45,-2.22540295387964,-0.144776167999332));
#1476=CARTESIAN_POINT('Ctrl Pts',(-7.45,-2.22540295387963,-1.00613961606655E-15));
#1477=CARTESIAN_POINT('',(-7.45,-1.,-9.12361865364778E-16));
#1478=CARTESIAN_POINT('',(-7.45,-3.,-9.12361865364778E-16));
#1479=CARTESIAN_POINT('Origin',(0.,-1.,0.));
#1480=CARTESIAN_POINT('',(-7.40315118592003,-3.1820169749948,0.834177749889567));
#1481=CARTESIAN_POINT('Ctrl Pts',(-7.45,-2.22540295387963,-9.0205620750794E-16));
#1482=CARTESIAN_POINT('Ctrl Pts',(-7.45,-2.22540295387964,0.14477616799933));
#1483=CARTESIAN_POINT('Ctrl Pts',(-7.444492720428,-2.26646634355124,0.313495069732402));
#1484=CARTESIAN_POINT('Ctrl Pts',(-7.4325435916487,-2.37519105101525,0.515116907614388));
#1485=CARTESIAN_POINT('Ctrl Pts',(-7.42635648170694,-2.43635808532377,0.59591029124336));
#1486=CARTESIAN_POINT('Ctrl Pts',(-7.41590486411994,-2.56227482352668,0.714542342128757));
#1487=CARTESIAN_POINT('Ctrl Pts',(-7.41035762652397,-2.6423137296464,0.768378241652469));
#1488=CARTESIAN_POINT('Ctrl Pts',(-7.40255765600375,-2.81680490886774,0.840205244747705));
#1489=CARTESIAN_POINT('Ctrl Pts',(-7.40041315899932,-2.91128979149915,0.858128822560876));
#1490=CARTESIAN_POINT('Ctrl Pts',(-7.40041315899932,-3.05937234329719,0.858128822560876));
#1491=CARTESIAN_POINT('Ctrl Pts',(-7.4013275608927,-3.12140207587978,0.850362036494581));
#1492=CARTESIAN_POINT('Ctrl Pts',(-7.40315118592003,-3.1820169749948,0.834177749889568));
#1493=CARTESIAN_POINT('',(-7.32314310504065,-4.79927584679679,1.3689686128964));
#1494=CARTESIAN_POINT('Ctrl Pts',(-7.32314310504066,-4.79927584679678,1.36896861289639));
#1495=CARTESIAN_POINT('Ctrl Pts',(-7.35101834539068,-4.64757730626689,1.21985316039623));
#1496=CARTESIAN_POINT('Ctrl Pts',(-7.36869807556877,-4.46642253097561,1.10135198831695));
#1497=CARTESIAN_POINT('Ctrl Pts',(-7.39317529447467,-4.07811694536107,0.922776251613812));
#1498=CARTESIAN_POINT('Ctrl Pts',(-7.39936305049601,-3.88358635683036,0.867665866919429));
#1499=CARTESIAN_POINT('Ctrl Pts',(-7.4046084653085,-3.62261573917552,0.821304625301232));
#1500=CARTESIAN_POINT('Ctrl Pts',(-7.40580360696345,-3.52651491516606,0.810293716321937));
#1501=CARTESIAN_POINT('Ctrl Pts',(-7.40613991158357,-3.36002698480737,0.807213416653579));
#1502=CARTESIAN_POINT('Ctrl Pts',(-7.40574267946364,-3.26815481437995,0.811178792529256));
#1503=CARTESIAN_POINT('Ctrl Pts',(-7.40315118592003,-3.1820169749948,0.834177749889567));
#1504=CARTESIAN_POINT('',(-7.28360583113868,-5.,1.56575416224982));
#1505=CARTESIAN_POINT('Ctrl Pts',(-7.32314310504065,-4.79927584679679,1.36896861289639));
#1506=CARTESIAN_POINT('Ctrl Pts',(-7.3108484712337,-4.86618389786452,1.43473736898343));
#1507=CARTESIAN_POINT('Ctrl Pts',(-7.29766778542691,-4.93309194893226,1.50034048830256));
#1508=CARTESIAN_POINT('Ctrl Pts',(-7.28360583113868,-5.,1.56575416224982));
#1509=CARTESIAN_POINT('',(-4.99778579615891,-5.,5.52491059979365));
#1510=CARTESIAN_POINT('Origin',(0.,-5.,0.));
#1511=CARTESIAN_POINT('',(-4.84713314827215,-4.79927584679678,5.65754365806586));
#1512=CARTESIAN_POINT('Ctrl Pts',(-4.99778579615891,-5.,5.52491059979365));
#1513=CARTESIAN_POINT('Ctrl Pts',(-4.94816686990935,-4.93309194893162,5.56979544640817));
#1514=CARTESIAN_POINT('Ctrl Pts',(-4.8979432449144,-4.86618389786324,5.61401181481614));
#1515=CARTESIAN_POINT('Ctrl Pts',(-4.8471331482707,-4.79927584679487,5.65754365806711));
#1516=CARTESIAN_POINT('',(-4.42399471563612,-3.18201697499479,5.99422812011886));
#1517=CARTESIAN_POINT('Ctrl Pts',(-4.42399471563612,-3.18201697499479,5.99422812011886));
#1518=CARTESIAN_POINT('Ctrl Pts',(-4.40573073130726,-3.26649907557078,6.00770771557939));
#1519=CARTESIAN_POINT('Ctrl Pts',(-4.4023303487323,-3.35621482049014,6.01015711818491));
#1520=CARTESIAN_POINT('Ctrl Pts',(-4.40506957714446,-3.59097745990036,6.00815009495222));
#1521=CARTESIAN_POINT('Ctrl Pts',(-4.43101920531244,-3.78665053508853,5.98933456690201));
#1522=CARTESIAN_POINT('Ctrl Pts',(-4.51668375724402,-4.13689137411594,5.92489049431571));
#1523=CARTESIAN_POINT('Ctrl Pts',(-4.5679259784855,-4.28963823709863,5.88584402070112));
#1524=CARTESIAN_POINT('Ctrl Pts',(-4.69207488121837,-4.56516259058541,5.78730468297784));
#1525=CARTESIAN_POINT('Ctrl Pts',(-4.76408235340362,-4.68991240938195,5.72869790540847));
#1526=CARTESIAN_POINT('Ctrl Pts',(-4.84713314827215,-4.79927584679677,5.65754365806587));
#1527=CARTESIAN_POINT('',(-2.97915647028391,-3.18201697499479,6.82840587000843));
#1528=CARTESIAN_POINT('Ctrl Pts',(-4.42399471563612,-3.18201697499479,5.99422812011886));
#1529=CARTESIAN_POINT('Ctrl Pts',(-4.43709890646453,-3.12140207587977,5.98455667121571));
#1530=CARTESIAN_POINT('Ctrl Pts',(-4.443367939557,-3.05937234329719,5.97988138291363));
#1531=CARTESIAN_POINT('Ctrl Pts',(-4.443367939557,-3.00000014249235,5.97988138291363));
#1532=CARTESIAN_POINT('Ctrl Pts',(-4.443367939557,-2.91128979149915,5.97988138291363));
#1533=CARTESIAN_POINT('Ctrl Pts',(-4.42891791434631,-2.81680490886774,5.99070036070439));
#1534=CARTESIAN_POINT('Ctrl Pts',(-4.37061389024824,-2.6423137296464,6.03336883487128));
#1535=CARTESIAN_POINT('Ctrl Pts',(-4.3267642524231,-2.56227482352668,6.06509083331207));
#1536=CARTESIAN_POINT('Ctrl Pts',(-4.2292516914468,-2.43635808532377,6.13345822509576));
#1537=CARTESIAN_POINT('Ctrl Pts',(-4.16237612373729,-2.37519105101525,6.17921311129581));
#1538=CARTESIAN_POINT('Ctrl Pts',(-3.99374105456343,-2.26646634355125,6.29037227931277));
#1539=CARTESIAN_POINT('Ctrl Pts',(-3.85037983934998,-2.22540295387963,6.3795011741944));
#1540=CARTESIAN_POINT('Ctrl Pts',(-3.59962016065001,-2.22540295387963,6.52427734219374));
#1541=CARTESIAN_POINT('Ctrl Pts',(-3.45075166586456,-2.26646634355125,6.60386734904517));
#1542=CARTESIAN_POINT('Ctrl Pts',(-3.2701674679114,-2.37519105101525,6.6943300189102));
#1543=CARTESIAN_POINT('Ctrl Pts',(-3.19710479026013,-2.43635808532377,6.72936851633912));
#1544=CARTESIAN_POINT('Ctrl Pts',(-3.08914061169683,-2.56227482352668,6.77963317544083));
#1545=CARTESIAN_POINT('Ctrl Pts',(-3.03974373627573,-2.6423137296464,6.80174707652375));
#1546=CARTESIAN_POINT('Ctrl Pts',(-2.97363974165744,-2.81680490886774,6.83090560545209));
#1547=CARTESIAN_POINT('Ctrl Pts',(-2.95704521944232,-2.91128979149915,6.8380102054745));
#1548=CARTESIAN_POINT('Ctrl Pts',(-2.95704521944232,-3.05937234329719,6.8380102054745));
#1549=CARTESIAN_POINT('Ctrl Pts',(-2.96422865442818,-3.12140207587977,6.83491870771029));
#1550=CARTESIAN_POINT('Ctrl Pts',(-2.97915647028391,-3.18201697499479,6.82840587000843));
#1551=CARTESIAN_POINT('',(-2.4760099567685,-4.79927584679679,7.02651227096226));
#1552=CARTESIAN_POINT('Ctrl Pts',(-2.47600995676851,-4.79927584679678,7.02651227096226));
#1553=CARTESIAN_POINT('Ctrl Pts',(-2.61908534695356,-4.6475773062159,6.97609521097494));
#1554=CARTESIAN_POINT('Ctrl Pts',(-2.7305502374684,-4.46642253085378,6.93215572038914));
#1555=CARTESIAN_POINT('Ctrl Pts',(-2.89743997141252,-4.0781169451187,6.86406574541894));
#1556=CARTESIAN_POINT('Ctrl Pts',(-2.94826084256923,-3.88358635654534,6.84186930698288));
#1557=CARTESIAN_POINT('Ctrl Pts',(-2.99103356293308,-3.62261573888273,6.82323134866954));
#1558=CARTESIAN_POINT('Ctrl Pts',(-3.00116686064076,-3.52651491488797,6.81876091722061));
#1559=CARTESIAN_POINT('Ctrl Pts',(-3.00400263068399,-3.36002698465492,6.81751201574448));
#1560=CARTESIAN_POINT('Ctrl Pts',(-3.0003698983748,-3.26815481431702,6.81915069057753));
#1561=CARTESIAN_POINT('Ctrl Pts',(-2.97915647028391,-3.1820169749948,6.82840587000842));
#1562=CARTESIAN_POINT('',(-2.28582003497977,-5.,7.09066476204347));
#1563=CARTESIAN_POINT('Ctrl Pts',(-2.4760099567685,-4.79927584679679,7.02651227096226));
#1564=CARTESIAN_POINT('Ctrl Pts',(-2.41290522631835,-4.86618389786452,7.04874918379872));
#1565=CARTESIAN_POINT('Ctrl Pts',(-2.34950091551709,-4.93309194893226,7.07013593471031));
#1566=CARTESIAN_POINT('Ctrl Pts',(-2.28582003497977,-5.,7.09066476204347));
#1567=CARTESIAN_POINT('',(2.28582003497976,-5.,7.09066476204348));
#1568=CARTESIAN_POINT('Origin',(0.,-5.,0.));
#1569=CARTESIAN_POINT('',(2.47600995676851,-4.79927584679677,7.02651227096226));
#1570=CARTESIAN_POINT('Ctrl Pts',(2.28582003497976,-5.,7.09066476204348));
#1571=CARTESIAN_POINT('Ctrl Pts',(2.34950091553318,-4.93309194891535,7.07013593470512));
#1572=CARTESIAN_POINT('Ctrl Pts',(2.4129052263504,-4.8661838978307,7.04874918378792));
#1573=CARTESIAN_POINT('Ctrl Pts',(2.47600995681635,-4.79927584674605,7.0265122709454));
#1574=CARTESIAN_POINT('',(2.97915647028391,-3.18201697499479,6.82840587000843));
#1575=CARTESIAN_POINT('Ctrl Pts',(2.97915647028391,-3.18201697499479,6.82840587000842));
#1576=CARTESIAN_POINT('Ctrl Pts',(2.99996213458301,-3.26649907570521,6.81932859332113));
#1577=CARTESIAN_POINT('Ctrl Pts',(3.0037835707403,-3.35621482081423,6.81760847693594));
#1578=CARTESIAN_POINT('Ctrl Pts',(3.000675823336,-3.5909774606414,6.81897720675214));
#1579=CARTESIAN_POINT('Ctrl Pts',(2.97140628387409,-3.78665053608972,6.83204247998444));
#1580=CARTESIAN_POINT('Ctrl Pts',(2.87276380368226,-4.13689137527249,6.87400812196522));
#1581=CARTESIAN_POINT('Ctrl Pts',(2.81332745493825,-4.28963823813824,6.89886195051349));
#1582=CARTESIAN_POINT('Ctrl Pts',(2.66591543388972,-4.5651625911613,6.95710838523519));
#1583=CARTESIAN_POINT('Ctrl Pts',(2.57915673975016,-4.68991240963478,6.99016529655696));
#1584=CARTESIAN_POINT('Ctrl Pts',(2.47600995676851,-4.79927584679677,7.02651227096226));
#1585=CARTESIAN_POINT('',(4.42399471563612,-3.18201697499479,5.99422812011886));
#1586=CARTESIAN_POINT('Ctrl Pts',(2.97915647028391,-3.18201697499479,6.82840587000843));
#1587=CARTESIAN_POINT('Ctrl Pts',(2.96422865442818,-3.12140207587977,6.83491870771029));
#1588=CARTESIAN_POINT('Ctrl Pts',(2.95704521944232,-3.05937234329719,6.8380102054745));
#1589=CARTESIAN_POINT('Ctrl Pts',(2.95704521944232,-3.00000014249235,6.8380102054745));
#1590=CARTESIAN_POINT('Ctrl Pts',(2.95704521944232,-2.91128979149915,6.8380102054745));
#1591=CARTESIAN_POINT('Ctrl Pts',(2.97363974165744,-2.81680490886774,6.83090560545209));
#1592=CARTESIAN_POINT('Ctrl Pts',(3.03974373627573,-2.64231372964641,6.80174707652375));
#1593=CARTESIAN_POINT('Ctrl Pts',(3.08914061169683,-2.56227482352668,6.77963317544083));
#1594=CARTESIAN_POINT('Ctrl Pts',(3.19710479026014,-2.43635808532377,6.72936851633912));
#1595=CARTESIAN_POINT('Ctrl Pts',(3.27016746791141,-2.37519105101525,6.6943300189102));
#1596=CARTESIAN_POINT('Ctrl Pts',(3.45075166586456,-2.26646634355125,6.60386734904517));
#1597=CARTESIAN_POINT('Ctrl Pts',(3.59962016065002,-2.22540295387963,6.52427734219374));
#1598=CARTESIAN_POINT('Ctrl Pts',(3.85037983934999,-2.22540295387963,6.3795011741944));
#1599=CARTESIAN_POINT('Ctrl Pts',(3.99374105456344,-2.26646634355125,6.29037227931277));
#1600=CARTESIAN_POINT('Ctrl Pts',(4.16237612373729,-2.37519105101525,6.17921311129581));
#1601=CARTESIAN_POINT('Ctrl Pts',(4.22925169144681,-2.43635808532377,6.13345822509576));
#1602=CARTESIAN_POINT('Ctrl Pts',(4.3267642524231,-2.56227482352668,6.06509083331207));
#1603=CARTESIAN_POINT('Ctrl Pts',(4.37061389024824,-2.6423137296464,6.03336883487128));
#1604=CARTESIAN_POINT('Ctrl Pts',(4.42891791434631,-2.81680490886774,5.99070036070438));
#1605=CARTESIAN_POINT('Ctrl Pts',(4.44336793955701,-2.91128979149915,5.97988138291362));
#1606=CARTESIAN_POINT('Ctrl Pts',(4.44336793955701,-3.05937234329719,5.97988138291362));
#1607=CARTESIAN_POINT('Ctrl Pts',(4.43709890646453,-3.12140207587977,5.98455667121571));
#1608=CARTESIAN_POINT('Ctrl Pts',(4.42399471563612,-3.18201697499479,5.99422812011886));
#1609=CARTESIAN_POINT('',(4.84713314827215,-4.79927584679679,5.65754365806586));
#1610=CARTESIAN_POINT('Ctrl Pts',(4.84713314827215,-4.79927584679678,5.65754365806587));
#1611=CARTESIAN_POINT('Ctrl Pts',(4.73193299868676,-4.6475773065323,5.75624205042298));
#1612=CARTESIAN_POINT('Ctrl Pts',(4.63814783850309,-4.4664225316098,5.83080373184004));
#1613=CARTESIAN_POINT('Ctrl Pts',(4.49573532335048,-4.07811694618173,5.94128949368661));
#1614=CARTESIAN_POINT('Ctrl Pts',(4.45110220810629,-3.88358635741135,5.97420344001256));
#1615=CARTESIAN_POINT('Ctrl Pts',(4.41357490246256,-3.62261573963283,6.00192672334579));
#1616=CARTESIAN_POINT('Ctrl Pts',(4.40463674638389,-3.52651491570244,6.00846720087815));
#1617=CARTESIAN_POINT('Ctrl Pts',(4.40213728086884,-3.36002698515854,6.01029859910151));
#1618=CARTESIAN_POINT('Ctrl Pts',(4.40537278104198,-3.26815481452502,6.00797189806467));
#1619=CARTESIAN_POINT('Ctrl Pts',(4.42399471563612,-3.18201697499479,5.99422812011886));
#1620=CARTESIAN_POINT('',(4.9977857961589,-5.,5.52491059979365));
#1621=CARTESIAN_POINT('Ctrl Pts',(4.84713314827215,-4.79927584679679,5.65754365806586));
#1622=CARTESIAN_POINT('Ctrl Pts',(4.89794324491535,-4.86618389786452,5.6140118148153));
#1623=CARTESIAN_POINT('Ctrl Pts',(4.94816686990982,-4.93309194893226,5.56979544640775));
#1624=CARTESIAN_POINT('Ctrl Pts',(4.9977857961589,-5.,5.52491059979365));
#1625=CARTESIAN_POINT('',(7.28360583113868,-5.,1.56575416224983));
#1626=CARTESIAN_POINT('Origin',(0.,-5.,0.));
#1627=CARTESIAN_POINT('',(7.32314310504066,-4.79927584679677,1.3689686128964));
#1628=CARTESIAN_POINT('Ctrl Pts',(7.28360583113868,-5.,1.56575416224983));
#1629=CARTESIAN_POINT('Ctrl Pts',(7.29766778542691,-4.93309194893226,1.50034048830257));
#1630=CARTESIAN_POINT('Ctrl Pts',(7.3108484712337,-4.86618389786452,1.43473736898343));
#1631=CARTESIAN_POINT('Ctrl Pts',(7.32314310504066,-4.79927584679677,1.3689686128964));
#1632=CARTESIAN_POINT('',(7.40315118592003,-3.18201697499479,0.834177749889566));
#1633=CARTESIAN_POINT('Ctrl Pts',(7.40315118592003,-3.18201697499479,0.834177749889568));
#1634=CARTESIAN_POINT('Ctrl Pts',(7.40569286586124,-3.26649907570625,0.811620877720017));
#1635=CARTESIAN_POINT('Ctrl Pts',(7.40611391945283,-3.3562148208164,0.807451358736449));
#1636=CARTESIAN_POINT('Ctrl Pts',(7.40574540054244,-3.59097746060469,0.810827111845043));
#1637=CARTESIAN_POINT('Ctrl Pts',(7.40242548933945,-3.78665053599406,0.842707913177666));
#1638=CARTESIAN_POINT('Ctrl Pts',(7.38944756129003,-4.13689137514355,0.949117627870884));
#1639=CARTESIAN_POINT('Ctrl Pts',(7.38125343382266,-4.28963823803326,1.01301793006531));
#1640=CARTESIAN_POINT('Ctrl Pts',(7.35799031544643,-4.56516259110942,1.16980370248997));
#1641=CARTESIAN_POINT('Ctrl Pts',(7.34323909334998,-4.689912409612,1.2614673912906));
#1642=CARTESIAN_POINT('Ctrl Pts',(7.32314310504066,-4.79927584679677,1.36896861289639));
#1643=CARTESIAN_POINT('',(7.40315118592003,-3.1820169749948,-0.834177749889566));
#1644=CARTESIAN_POINT('Ctrl Pts',(7.40315118592003,-3.18201697499479,0.834177749889566));
#1645=CARTESIAN_POINT('Ctrl Pts',(7.40132756089271,-3.12140207587977,0.850362036494577));
#1646=CARTESIAN_POINT('Ctrl Pts',(7.40041315899932,-3.05937234329719,0.858128822560872));
#1647=CARTESIAN_POINT('Ctrl Pts',(7.40041315899932,-3.00000014249235,0.858128822560872));
#1648=CARTESIAN_POINT('Ctrl Pts',(7.40041315899932,-2.91128979149915,0.858128822560872));
#1649=CARTESIAN_POINT('Ctrl Pts',(7.40255765600375,-2.81680490886774,0.840205244747703));
#1650=CARTESIAN_POINT('Ctrl Pts',(7.41035762652397,-2.6423137296464,0.768378241652468));
#1651=CARTESIAN_POINT('Ctrl Pts',(7.41590486411994,-2.56227482352668,0.714542342128757));
#1652=CARTESIAN_POINT('Ctrl Pts',(7.42635648170694,-2.43635808532377,0.595910291243361));
#1653=CARTESIAN_POINT('Ctrl Pts',(7.4325435916487,-2.37519105101525,0.515116907614389));
#1654=CARTESIAN_POINT('Ctrl Pts',(7.444492720428,-2.26646634355125,0.313495069732403));
#1655=CARTESIAN_POINT('Ctrl Pts',(7.45,-2.22540295387963,0.144776167999331));
#1656=CARTESIAN_POINT('Ctrl Pts',(7.45,-2.22540295387963,-0.144776167999331));
#1657=CARTESIAN_POINT('Ctrl Pts',(7.444492720428,-2.26646634355125,-0.313495069732403));
#1658=CARTESIAN_POINT('Ctrl Pts',(7.4325435916487,-2.37519105101525,-0.515116907614389));
#1659=CARTESIAN_POINT('Ctrl Pts',(7.42635648170694,-2.43635808532377,-0.595910291243361));
#1660=CARTESIAN_POINT('Ctrl Pts',(7.41590486411994,-2.56227482352668,-0.714542342128757));
#1661=CARTESIAN_POINT('Ctrl Pts',(7.41035762652397,-2.6423137296464,-0.768378241652468));
#1662=CARTESIAN_POINT('Ctrl Pts',(7.40255765600375,-2.81680490886774,-0.840205244747703));
#1663=CARTESIAN_POINT('Ctrl Pts',(7.40041315899932,-2.91128979149915,-0.858128822560872));
#1664=CARTESIAN_POINT('Ctrl Pts',(7.40041315899932,-3.05937234329719,-0.858128822560872));
#1665=CARTESIAN_POINT('Ctrl Pts',(7.4013275608927,-3.12140207587978,-0.850362036494579));
#1666=CARTESIAN_POINT('Ctrl Pts',(7.40315118592003,-3.1820169749948,-0.834177749889566));
#1667=CARTESIAN_POINT('',(7.32314310504065,-4.79927584679679,-1.36896861289639));
#1668=CARTESIAN_POINT('Ctrl Pts',(7.32314310504066,-4.79927584679678,-1.36896861289639));
#1669=CARTESIAN_POINT('Ctrl Pts',(7.34821513526123,-4.66283252488012,-1.23484861663829));
#1670=CARTESIAN_POINT('Ctrl Pts',(7.3650066156988,-4.50254922870763,-1.12547708599557));
#1671=CARTESIAN_POINT('Ctrl Pts',(7.39101509179597,-4.13131670383608,-0.940918481356674));
#1672=CARTESIAN_POINT('Ctrl Pts',(7.39800202191121,-3.92857489044674,-0.879352636405373));
#1673=CARTESIAN_POINT('Ctrl Pts',(7.40412729445685,-3.65570832045852,-0.825697721145378));
#1674=CARTESIAN_POINT('Ctrl Pts',(7.40559262404994,-3.55235729190608,-0.812224132298256));
#1675=CARTESIAN_POINT('Ctrl Pts',(7.40631027094735,-3.34587416389257,-0.805654937479492));
#1676=CARTESIAN_POINT('Ctrl Pts',(7.40538611475322,-3.25630307203931,-0.814343228956768));
#1677=CARTESIAN_POINT('Ctrl Pts',(7.40315118592003,-3.18201697499479,-0.834177749889565));
#1678=CARTESIAN_POINT('Ctrl Pts',(7.32314310504065,-4.79927584679679,-1.36896861289639));
#1679=CARTESIAN_POINT('Ctrl Pts',(7.3108484712337,-4.86618389786452,-1.43473736898343));
#1680=CARTESIAN_POINT('Ctrl Pts',(7.29766778542691,-4.93309194893226,-1.50034048830256));
#1681=CARTESIAN_POINT('Ctrl Pts',(7.28360583113868,-5.,-1.56575416224982));
#1682=CARTESIAN_POINT('Ctrl Pts',(4.42399471563612,-3.18201697499479,-5.99422812011886));
#1683=CARTESIAN_POINT('Ctrl Pts',(4.43709890646452,-3.12140207587977,-5.98455667121571));
#1684=CARTESIAN_POINT('Ctrl Pts',(4.443367939557,-3.05937234329719,-5.97988138291363));
#1685=CARTESIAN_POINT('Ctrl Pts',(4.443367939557,-3.00000014249235,-5.97988138291363));
#1686=CARTESIAN_POINT('Ctrl Pts',(4.443367939557,-2.91128979149915,-5.97988138291363));
#1687=CARTESIAN_POINT('Ctrl Pts',(4.4289179143463,-2.81680490886774,-5.99070036070438));
#1688=CARTESIAN_POINT('Ctrl Pts',(4.37061389024824,-2.6423137296464,-6.03336883487128));
#1689=CARTESIAN_POINT('Ctrl Pts',(4.3267642524231,-2.56227482352668,-6.06509083331208));
#1690=CARTESIAN_POINT('Ctrl Pts',(4.2292516914468,-2.43635808532377,-6.13345822509576));
#1691=CARTESIAN_POINT('Ctrl Pts',(4.16237612373729,-2.37519105101525,-6.17921311129581));
#1692=CARTESIAN_POINT('Ctrl Pts',(3.99374105456343,-2.26646634355125,-6.29037227931277));
#1693=CARTESIAN_POINT('Ctrl Pts',(3.85037983934998,-2.22540295387963,-6.37950117419441));
#1694=CARTESIAN_POINT('Ctrl Pts',(3.59962016065001,-2.22540295387963,-6.52427734219374));
#1695=CARTESIAN_POINT('Ctrl Pts',(3.45075166586456,-2.26646634355125,-6.60386734904518));
#1696=CARTESIAN_POINT('Ctrl Pts',(3.2701674679114,-2.37519105101525,-6.6943300189102));
#1697=CARTESIAN_POINT('Ctrl Pts',(3.19710479026013,-2.43635808532377,-6.72936851633912));
#1698=CARTESIAN_POINT('Ctrl Pts',(3.08914061169683,-2.56227482352668,-6.77963317544083));
#1699=CARTESIAN_POINT('Ctrl Pts',(3.03974373627572,-2.6423137296464,-6.80174707652375));
#1700=CARTESIAN_POINT('Ctrl Pts',(2.97363974165744,-2.81680490886774,-6.83090560545209));
#1701=CARTESIAN_POINT('Ctrl Pts',(2.95704521944231,-2.91128979149915,-6.8380102054745));
#1702=CARTESIAN_POINT('Ctrl Pts',(2.95704521944231,-3.05937234329719,-6.8380102054745));
#1703=CARTESIAN_POINT('Ctrl Pts',(2.96422865442817,-3.12140207587978,-6.83491870771029));
#1704=CARTESIAN_POINT('Ctrl Pts',(2.9791564702839,-3.1820169749948,-6.82840587000843));
#1705=CARTESIAN_POINT('Ctrl Pts',(-4.269754797027,-5.10379609513878,-4.58990384047223));
#1706=CARTESIAN_POINT('Ctrl Pts',(-4.52847748345697,-5.08168341537684,-4.8953439752871));
#1707=CARTESIAN_POINT('Ctrl Pts',(-4.97847603412808,-4.85437259877001,-5.68007663503511));
#1708=CARTESIAN_POINT('Ctrl Pts',(-4.93106070663233,-4.36120318169087,-6.47806972690185));
#1709=CARTESIAN_POINT('Ctrl Pts',(-4.7507902939819,-4.04127424293461,-6.84595552312588));
#1710=CARTESIAN_POINT('Ctrl Pts',(-4.14632061695708,-4.93913505500594,-4.6606385599321));
#1711=CARTESIAN_POINT('Ctrl Pts',(-4.37727559862841,-4.92148383640995,-4.94374454809296));
#1712=CARTESIAN_POINT('Ctrl Pts',(-4.77613704184638,-4.7203742166862,-5.66324293281955));
#1713=CARTESIAN_POINT('Ctrl Pts',(-4.7359256092802,-4.27201837775475,-6.38450165280276));
#1714=CARTESIAN_POINT('Ctrl Pts',(-4.57587779926962,-3.97798495872201,-6.71806931336705));
#1715=CARTESIAN_POINT('Ctrl Pts',(-3.98232485993805,-4.51558013952341,-4.72516076766341));
#1716=CARTESIAN_POINT('Ctrl Pts',(-4.16027931764369,-4.49847851139332,-4.96213584861374));
#1717=CARTESIAN_POINT('Ctrl Pts',(-4.46193789850544,-4.33319918006169,-5.55216628966916));
#1718=CARTESIAN_POINT('Ctrl Pts',(-4.43506503331708,-3.97306074860518,-6.13055856361005));
#1719=CARTESIAN_POINT('Ctrl Pts',(-4.31370049960747,-3.73324020946974,-6.40243393361191));
#1720=CARTESIAN_POINT('Ctrl Pts',(-4.0504593563102,-4.07679191261741,-4.60992591020705));
#1721=CARTESIAN_POINT('Ctrl Pts',(-4.20397498969428,-4.05169698248412,-4.81553070964331));
#1722=CARTESIAN_POINT('Ctrl Pts',(-4.46938408517171,-3.88777229642018,-5.3368188027492));
#1723=CARTESIAN_POINT('Ctrl Pts',(-4.44637685390948,-3.56740638021515,-5.85965066090047));
#1724=CARTESIAN_POINT('Ctrl Pts',(-4.34082988036207,-3.35996364503782,-6.10546385962525));
#1725=CARTESIAN_POINT('Ctrl Pts',(-4.13576213587624,-3.89843272213464,-4.51901886728482));
#1726=CARTESIAN_POINT('Ctrl Pts',(-4.28681223053133,-3.87002883500395,-4.71648527545237));
#1727=CARTESIAN_POINT('Ctrl Pts',(-4.55382740105675,-3.70189708170376,-5.22760976350497));
#1728=CARTESIAN_POINT('Ctrl Pts',(-4.52937115099825,-3.38377464992135,-5.75025534086127));
#1729=CARTESIAN_POINT('Ctrl Pts',(-4.42399471563613,-3.18201697499479,-5.99422812011886));
#1730=CARTESIAN_POINT('Ctrl Pts',(-4.42399471563613,-3.18201697499479,-5.99422812011886));
#1731=CARTESIAN_POINT('Ctrl Pts',(-4.52937115099825,-3.38377464992135,-5.75025534086127));
#1732=CARTESIAN_POINT('Ctrl Pts',(-4.55206405295946,-3.67895977187711,-5.26529363090842));
#1733=CARTESIAN_POINT('Ctrl Pts',(-4.32380168570211,-3.84500375531791,-4.79025151465744));
#1734=CARTESIAN_POINT('Ctrl Pts',(-4.20880974416385,-3.88046688902957,-4.62042341156143));
#1735=CARTESIAN_POINT('',(-4.63901086973886,-5.,-5.12829508349006));
#1736=CARTESIAN_POINT('Ctrl Pts',(-4.20079031776962,-5.,-4.62772738027349));
#1737=CARTESIAN_POINT('Ctrl Pts',(-4.20940397354404,-5.,-4.63742306047223));
#1738=CARTESIAN_POINT('Ctrl Pts',(-4.21801543968077,-4.99999999999884,-4.64714042027025));
#1739=CARTESIAN_POINT('Ctrl Pts',(-4.27973278837414,-4.99999999999884,-4.71694925590205));
#1740=CARTESIAN_POINT('Ctrl Pts',(-4.3280307836857,-5.,-4.77240861767351));
#1741=CARTESIAN_POINT('Ctrl Pts',(-4.48546563822242,-5.,-4.95413199635239));
#1742=CARTESIAN_POINT('Ctrl Pts',(-4.55507510462916,-5.,-5.03550647323935));
#1743=CARTESIAN_POINT('Ctrl Pts',(-4.63901086973886,-5.,-5.12829508349006));
#1744=CARTESIAN_POINT('Ctrl Pts',(-4.63877433890572,-4.99999825050001,-5.12861143138758));
#1745=CARTESIAN_POINT('Ctrl Pts',(-4.71625809033695,-4.95687978104371,-5.27381030145122));
#1746=CARTESIAN_POINT('Ctrl Pts',(-4.79047209268457,-4.89142940449447,-5.45084957928739));
#1747=CARTESIAN_POINT('Ctrl Pts',(-4.8395736686111,-4.81255689632441,-5.62855832301608));
#1748=CARTESIAN_POINT('Ctrl Pts',(-4.84693959334216,-4.79930184202262,-5.65763596639548));
#1749=CARTESIAN_POINT('Ctrl Pts',(-4.63901086973886,-5.,-5.12829508349006));
#1750=CARTESIAN_POINT('Ctrl Pts',(-4.75860251187888,-5.,-5.26050025559126));
#1751=CARTESIAN_POINT('Ctrl Pts',(-4.87819415401889,-5.,-5.39270542769246));
#1752=CARTESIAN_POINT('Ctrl Pts',(-4.99778579615891,-5.,-5.52491059979365));
#1753=CARTESIAN_POINT('Ctrl Pts',(-4.59295392620375,-4.93309194893226,-5.16995779170164));
#1754=CARTESIAN_POINT('Ctrl Pts',(-4.71135824095788,-4.93309194893226,-5.30323701014675));
#1755=CARTESIAN_POINT('Ctrl Pts',(-4.82976255515569,-4.93309194893226,-5.43651622796264));
#1756=CARTESIAN_POINT('Ctrl Pts',(-4.94816686990982,-4.93309194893226,-5.56979544640775));
#1757=CARTESIAN_POINT('Ctrl Pts',(-4.54633569329627,-4.86618389786452,-5.21100000960154));
#1758=CARTESIAN_POINT('Ctrl Pts',(-4.66353821068718,-4.86618389786452,-5.34533727821665));
#1759=CARTESIAN_POINT('Ctrl Pts',(-4.78074072752444,-4.86618389786452,-5.47967454620019));
#1760=CARTESIAN_POINT('Ctrl Pts',(-4.89794324491535,-4.86618389786452,-5.61401181481529));
#1761=CARTESIAN_POINT('Ctrl Pts',(-4.49917308964858,-4.79927584679679,-5.25140684219816));
#1762=CARTESIAN_POINT('Ctrl Pts',(-4.61515977585644,-4.79927584679679,-5.38678578082073));
#1763=CARTESIAN_POINT('Ctrl Pts',(-4.73114646206429,-4.79927584679679,-5.52216471944329));
#1764=CARTESIAN_POINT('Ctrl Pts',(-4.84713314827215,-4.79927584679679,-5.65754365806586));
#1765=CARTESIAN_POINT('',(-4.99778579615891,-5.,-5.52491059979365));
#1766=CARTESIAN_POINT('Origin',(6.25,-5.,0.));
#1767=CARTESIAN_POINT('',(-6.76073925527463,-5.,-1.45335371988096));
#1768=CARTESIAN_POINT('Ctrl Pts',(-6.76073925527463,-5.,-1.45335371988096));
#1769=CARTESIAN_POINT('Ctrl Pts',(-6.60566008683202,-5.,-1.42001640604265));
#1770=CARTESIAN_POINT('Ctrl Pts',(-6.45341790311161,-4.99999999999892,-1.39266556797914));
#1771=CARTESIAN_POINT('Ctrl Pts',(-6.20976795368127,-4.99999999999892,-1.34476006221059));
#1772=CARTESIAN_POINT('Ctrl Pts',(-6.15932390119366,-5.,-1.33465384224511));
#1773=CARTESIAN_POINT('Ctrl Pts',(-6.10812463199047,-5.,-1.32412744102346));
#1774=CARTESIAN_POINT('',(-7.28360583113868,-5.,-1.56575416224983));
#1775=CARTESIAN_POINT('Ctrl Pts',(-3.55337624921445,-4.04127424293459,-7.5372828442038));
#1776=CARTESIAN_POINT('Ctrl Pts',(-3.24682595243181,-4.28122099249623,-7.51641473434263));
#1777=CARTESIAN_POINT('Ctrl Pts',(-2.52750883131922,-4.78993548864417,-7.23969143996433));
#1778=CARTESIAN_POINT('Ctrl Pts',(-2.0203059956806,-5.07431252698894,-6.49504194133284));
#1779=CARTESIAN_POINT('Ctrl Pts',(-1.84009592826321,-5.10379609513877,-5.99266804239197));
#1780=CARTESIAN_POINT('Ctrl Pts',(-3.53007979012575,-3.97798495872199,-7.32186107546424));
#1781=CARTESIAN_POINT('Ctrl Pts',(-3.25340325796607,-4.1985100648086,-7.30072730071255));
#1782=CARTESIAN_POINT('Ctrl Pts',(-2.60492714137319,-4.6624385618095,-7.04713575162591));
#1783=CARTESIAN_POINT('Ctrl Pts',(-2.13600370290528,-4.91560010076226,-6.37655935843919));
#1784=CARTESIAN_POINT('Ctrl Pts',(-1.96307108227998,-4.93913505500594,-5.92113826648605));
#1785=CARTESIAN_POINT('Ctrl Pts',(-3.38782344928787,-3.7332434770977,-6.93698457693841));
#1786=CARTESIAN_POINT('Ctrl Pts',(-3.16572347422244,-3.91310891555218,-6.91385988578645));
#1787=CARTESIAN_POINT('Ctrl Pts',(-2.64829330786348,-4.28722206770131,-6.70233851815646));
#1788=CARTESIAN_POINT('Ctrl Pts',(-2.25595222594811,-4.49277833521934,-6.1748396670661));
#1789=CARTESIAN_POINT('Ctrl Pts',(-2.10095330311108,-4.5155805022961,-5.81137223163444));
#1790=CARTESIAN_POINT('Ctrl Pts',(-3.11707186414222,-3.35996364503781,-6.81200087971274));
#1791=CARTESIAN_POINT('Ctrl Pts',(-2.91783135527462,-3.51554572591952,-6.78837569600003));
#1792=CARTESIAN_POINT('Ctrl Pts',(-2.45131985797422,-3.84558582240974,-6.59539422764133));
#1793=CARTESIAN_POINT('Ctrl Pts',(-2.10215146436908,-4.04333201129538,-6.12709805359447));
#1794=CARTESIAN_POINT('Ctrl Pts',(-1.96708326964831,-4.07679191261741,-5.81276365466452));
#1795=CARTESIAN_POINT('Ctrl Pts',(-2.97915647028391,-3.18201697499479,-6.82840587000842));
#1796=CARTESIAN_POINT('Ctrl Pts',(-2.78117530098372,-3.33333525987999,-6.80536007590519));
#1797=CARTESIAN_POINT('Ctrl Pts',(-2.31449917720674,-3.65947009982405,-6.61440200009277));
#1798=CARTESIAN_POINT('Ctrl Pts',(-1.97301855501867,-3.86056087887758,-6.1472463545394));
#1799=CARTESIAN_POINT('Ctrl Pts',(-1.84570407131172,-3.89843272213464,-5.84118450732102));
#1800=CARTESIAN_POINT('Ctrl Pts',(-1.89709855148382,-3.88048363547728,-5.95510249923344));
#1801=CARTESIAN_POINT('Ctrl Pts',(-2.02292747029799,-3.83090361237288,-6.21319558132722));
#1802=CARTESIAN_POINT('Ctrl Pts',(-2.34815757124297,-3.63594805874996,-6.62817459704518));
#1803=CARTESIAN_POINT('Ctrl Pts',(-2.78117530098372,-3.33333525987999,-6.80536007590519));
#1804=CARTESIAN_POINT('Ctrl Pts',(-2.97915647028391,-3.18201697499479,-6.82840587000842));
#1805=CARTESIAN_POINT('Ctrl Pts',(-2.47659673374671,-4.79943800581617,-7.02601873806965));
#1806=CARTESIAN_POINT('Ctrl Pts',(-2.34608937247858,-4.88061254894687,-6.89752570016484));
#1807=CARTESIAN_POINT('Ctrl Pts',(-2.22744442469539,-4.94875089030765,-6.7475985001449));
#1808=CARTESIAN_POINT('Ctrl Pts',(-2.12311388452752,-5.00022199830143,-6.58085045299589));
#1809=CARTESIAN_POINT('Ctrl Pts',(-2.29826518612355,-4.79927584674605,-6.52210161260734));
#1810=CARTESIAN_POINT('Ctrl Pts',(-2.35751344302115,-4.79927584674605,-6.69023849872003));
#1811=CARTESIAN_POINT('Ctrl Pts',(-2.41676169991875,-4.79927584674605,-6.85837538483271));
#1812=CARTESIAN_POINT('Ctrl Pts',(-2.47600995681635,-4.79927584674605,-7.0265122709454));
#1813=CARTESIAN_POINT('Ctrl Pts',(-2.23969054077112,-4.8661838978307,-6.54274220918174));
#1814=CARTESIAN_POINT('Ctrl Pts',(-2.29742876938759,-4.8661838978307,-6.71141120098222));
#1815=CARTESIAN_POINT('Ctrl Pts',(-2.35516699773393,-4.8661838978307,-6.88008019198744));
#1816=CARTESIAN_POINT('Ctrl Pts',(-2.4129052263504,-4.8661838978307,-7.04874918378792));
#1817=CARTESIAN_POINT('Ctrl Pts',(-2.18083782097482,-4.93309194891535,-6.56259367421401));
#1818=CARTESIAN_POINT('Ctrl Pts',(-2.23705885258319,-4.93309194891535,-6.73177442797652));
#1819=CARTESIAN_POINT('Ctrl Pts',(-2.29327988392481,-4.93309194891535,-6.90095518094262));
#1820=CARTESIAN_POINT('Ctrl Pts',(-2.34950091553318,-4.93309194891535,-7.07013593470512));
#1821=CARTESIAN_POINT('Ctrl Pts',(-2.12172838549186,-5.,-6.58164880323472));
#1822=CARTESIAN_POINT('Ctrl Pts',(-2.17642560198783,-5.,-6.7513207895043));
#1823=CARTESIAN_POINT('Ctrl Pts',(-2.23112281848379,-5.,-6.92099277577389));
#1824=CARTESIAN_POINT('Ctrl Pts',(-2.28582003497976,-5.,-7.09066476204348));
#1825=CARTESIAN_POINT('Ctrl Pts',(-6.10985072529021,-5.10379609513878,1.40276420191973));
#1826=CARTESIAN_POINT('Ctrl Pts',(-6.50373090761277,-5.0816834196984,1.47410453955371));
#1827=CARTESIAN_POINT('Ctrl Pts',(-7.4083319789961,-4.85436965622706,1.47146608926067));
#1828=CARTESIAN_POINT('Ctrl Pts',(-8.07570325323174,-4.36120325320452,1.03138905210983));
#1829=CARTESIAN_POINT('Ctrl Pts',(-8.30416654319634,-4.04127424293461,0.691327321077923));
#1830=CARTESIAN_POINT('Ctrl Pts',(-6.10939169923706,-4.93913505500594,1.26049970655395));
#1831=CARTESIAN_POINT('Ctrl Pts',(-6.47004609729953,-4.9214838398596,1.31895958230643));
#1832=CARTESIAN_POINT('Ctrl Pts',(-7.29258402532022,-4.72036840255603,1.30465337239895));
#1833=CARTESIAN_POINT('Ctrl Pts',(-7.8971033797859,-4.27201844347998,0.909181129932181));
#1834=CARTESIAN_POINT('Ctrl Pts',(-8.10595758939536,-3.97798495872201,0.603791762097188));
#1835=CARTESIAN_POINT('Ctrl Pts',(-6.08327556619796,-4.51558162961085,1.08618565492625));
#1836=CARTESIAN_POINT('Ctrl Pts',(-6.37747917772036,-4.49848000482298,1.12181118857843));
#1837=CARTESIAN_POINT('Ctrl Pts',(-7.03928285123589,-4.33320164492495,1.0880418963999));
#1838=CARTESIAN_POINT('Ctrl Pts',(-7.52673513985784,-3.97307422398141,0.775574569873222));
#1839=CARTESIAN_POINT('Ctrl Pts',(-7.70150388915395,-3.73325363123893,0.534532061681146));
#1840=CARTESIAN_POINT('Ctrl Pts',(-6.01754262595851,-4.07679191261741,1.20283774445747));
#1841=CARTESIAN_POINT('Ctrl Pts',(-6.27235937230259,-4.05169698738851,1.23298377723647));
#1842=CARTESIAN_POINT('Ctrl Pts',(-6.85651990305422,-3.88777237921446,1.20220741927341));
#1843=CARTESIAN_POINT('Ctrl Pts',(-7.29779472080814,-3.56740642658478,0.920850027739841));
#1844=CARTESIAN_POINT('Ctrl Pts',(-7.45790174450429,-3.35996364503782,0.706537020087493));
#1845=CARTESIAN_POINT('Ctrl Pts',(-5.98146620718795,-3.89843272213464,1.3221656400362));
#1846=CARTESIAN_POINT('Ctrl Pts',(-6.22800213220125,-3.87002884055502,1.35424564889827));
#1847=CARTESIAN_POINT('Ctrl Pts',(-6.80415939414144,-3.70189498572618,1.32993590265827));
#1848=CARTESIAN_POINT('Ctrl Pts',(-7.24455274348066,-3.38377469502021,1.04742285716884));
#1849=CARTESIAN_POINT('Ctrl Pts',(-7.40315118592003,-3.18201697499479,0.834177749889566));
#1850=CARTESIAN_POINT('Ctrl Pts',(-7.40315118592003,-3.18201697499479,0.834177749889566));
#1851=CARTESIAN_POINT('Ctrl Pts',(-7.24455274348066,-3.38377469502021,1.04742285716884));
#1852=CARTESIAN_POINT('Ctrl Pts',(-6.83591267244637,-3.67895784977626,1.30956612329702));
#1853=CARTESIAN_POINT('Ctrl Pts',(-6.31038061361353,-3.84500350181442,1.34939775795269));
#1854=CARTESIAN_POINT('Ctrl Pts',(-6.10580889082483,-3.88046684120407,1.33472478699444));
#1855=CARTESIAN_POINT('',(-6.76073925527466,-5.,1.45335371988096));
#1856=CARTESIAN_POINT('Ctrl Pts',(-6.10812463199047,-5.,1.32412744102345));
#1857=CARTESIAN_POINT('Ctrl Pts',(-6.10853965474797,-5.,1.32421276833631));
#1858=CARTESIAN_POINT('Ctrl Pts',(-6.10895471398392,-4.9999999999991,1.32429808567715));
#1859=CARTESIAN_POINT('Ctrl Pts',(-6.1753842391372,-4.9999999999991,1.33795018822657));
#1860=CARTESIAN_POINT('Ctrl Pts',(-6.2391469717157,-5.,1.35061873846435));
#1861=CARTESIAN_POINT('Ctrl Pts',(-6.45327760329865,-5.,1.39231787637279));
#1862=CARTESIAN_POINT('Ctrl Pts',(-6.57616330975608,-5.,1.41502511134307));
#1863=CARTESIAN_POINT('Ctrl Pts',(-6.72075708929711,-5.,1.44485787347115));
#1864=CARTESIAN_POINT('Ctrl Pts',(-6.74078393841309,-5.,1.44906393249276));
#1865=CARTESIAN_POINT('Ctrl Pts',(-6.76073925527466,-5.,1.45335371988096));
#1866=CARTESIAN_POINT('Ctrl Pts',(-6.76089566599864,-4.99999750683186,1.45299538022789));
#1867=CARTESIAN_POINT('Ctrl Pts',(-6.92538382708525,-4.95687873726659,1.44750063694468));
#1868=CARTESIAN_POINT('Ctrl Pts',(-7.11581175249998,-4.89142801837269,1.42325427977814));
#1869=CARTESIAN_POINT('Ctrl Pts',(-7.29426289757974,-4.81255546670879,1.37692340402318));
#1870=CARTESIAN_POINT('Ctrl Pts',(-7.32312781935164,-4.79930042276281,1.36876367135675));
#1871=CARTESIAN_POINT('Ctrl Pts',(-6.76073925527466,-5.,1.45335371988096));
#1872=CARTESIAN_POINT('Ctrl Pts',(-6.935028113896,-5.,1.49082053400391));
#1873=CARTESIAN_POINT('Ctrl Pts',(-7.10931697251734,-5.,1.52828734812687));
#1874=CARTESIAN_POINT('Ctrl Pts',(-7.28360583113868,-5.,1.56575416224982));
#1875=CARTESIAN_POINT('Ctrl Pts',(-6.7737917472088,-4.93309194893226,1.3926358826531));
#1876=CARTESIAN_POINT('Ctrl Pts',(-6.94841709355586,-4.93309194893226,1.42853741792532));
#1877=CARTESIAN_POINT('Ctrl Pts',(-7.12304243907985,-4.93309194893226,1.46443895303034));
#1878=CARTESIAN_POINT('Ctrl Pts',(-7.29766778542691,-4.93309194893226,1.50034048830256));
#1879=CARTESIAN_POINT('Ctrl Pts',(-6.78602623408403,-4.86618389786452,1.33174219972573));
#1880=CARTESIAN_POINT('Ctrl Pts',(-6.96096698007518,-4.86618389786452,1.36607392286619));
#1881=CARTESIAN_POINT('Ctrl Pts',(-7.13590772524255,-4.86618389786452,1.40040564584297));
#1882=CARTESIAN_POINT('Ctrl Pts',(-7.3108484712337,-4.86618389786452,1.43473736898343));
#1883=CARTESIAN_POINT('Ctrl Pts',(-6.79743827577532,-4.79927584679679,1.27069477055991));
#1884=CARTESIAN_POINT('Ctrl Pts',(-6.97267321886376,-4.79927584679679,1.3034527180054));
#1885=CARTESIAN_POINT('Ctrl Pts',(-7.14790816195221,-4.79927584679679,1.3362106654509));
#1886=CARTESIAN_POINT('Ctrl Pts',(-7.32314310504065,-4.79927584679679,1.36896861289639));
#1887=CARTESIAN_POINT('',(-7.28360583113868,-5.,1.56575416224982));
#1888=CARTESIAN_POINT('Origin',(6.25,-5.,0.));
#1889=CARTESIAN_POINT('',(-4.63901086973884,-5.,5.12829508349003));
#1890=CARTESIAN_POINT('Ctrl Pts',(-4.63901086973884,-5.,5.12829508349003));
#1891=CARTESIAN_POINT('Ctrl Pts',(-4.53255398476935,-5.,5.01061001330536));
#1892=CARTESIAN_POINT('Ctrl Pts',(-4.43268932831875,-4.99999999999946,4.89236921197775));
#1893=CARTESIAN_POINT('Ctrl Pts',(-4.26936693794261,-4.99999999999946,4.70530779302269));
#1894=CARTESIAN_POINT('Ctrl Pts',(-4.2354471059382,-5.,4.66673766157541));
#1895=CARTESIAN_POINT('Ctrl Pts',(-4.20079031776963,-5.,4.62772738027349));
#1896=CARTESIAN_POINT('',(-4.99778579615891,-5.,5.52491059979365));
#1897=CARTESIAN_POINT('Ctrl Pts',(-8.30416654319634,-4.04127424293459,-0.691327321077924));
#1898=CARTESIAN_POINT('Ctrl Pts',(-8.13281907530462,-4.28122100122275,-0.946373619974438));
#1899=CARTESIAN_POINT('Ctrl Pts',(-7.53351488556413,-4.78993295623157,-1.43097216258852));
#1900=CARTESIAN_POINT('Ctrl Pts',(-6.63502430068777,-5.0743125279429,-1.49788465191136));
#1901=CARTESIAN_POINT('Ctrl Pts',(-6.10985072529018,-5.10379609513877,-1.40276420191973));
#1902=CARTESIAN_POINT('Ctrl Pts',(-8.10595758939536,-3.97798495872199,-0.60379176209719));
#1903=CARTESIAN_POINT('Ctrl Pts',(-7.94931693180589,-4.19851007282879,-0.832833788532542));
#1904=CARTESIAN_POINT('Ctrl Pts',(-7.40546459207372,-4.66243463495944,-1.26764941324525));
#1905=CARTESIAN_POINT('Ctrl Pts',(-6.59026422904159,-4.91560010152375,-1.33844620740402));
#1906=CARTESIAN_POINT('Ctrl Pts',(-6.10939169923703,-4.93913505500594,-1.26049970655394));
#1907=CARTESIAN_POINT('Ctrl Pts',(-7.70150388915395,-3.73325363123892,-0.534532061681147));
#1908=CARTESIAN_POINT('Ctrl Pts',(-7.5704273268619,-3.91311907623485,-0.715313943266505));
#1909=CARTESIAN_POINT('Ctrl Pts',(-7.12853615313853,-4.28722602546499,-1.05766054099459));
#1910=CARTESIAN_POINT('Ctrl Pts',(-6.47554704745658,-4.49277946327186,-1.1336863663691));
#1911=CARTESIAN_POINT('Ctrl Pts',(-6.08327556619793,-4.51558162961084,-1.08618565492625));
#1912=CARTESIAN_POINT('Ctrl Pts',(-7.45790174450429,-3.35996364503781,-0.706537020087495));
#1913=CARTESIAN_POINT('Ctrl Pts',(-7.33782147643905,-3.51554573157782,-0.867271776219122));
#1914=CARTESIAN_POINT('Ctrl Pts',(-6.93744232510764,-3.84558730288249,-1.17480556923467));
#1915=CARTESIAN_POINT('Ctrl Pts',(-6.35729828708263,-4.04333201237799,-1.24303245475044));
#1916=CARTESIAN_POINT('Ctrl Pts',(-6.01754262595849,-4.07679191261741,-1.20283774445747));
#1917=CARTESIAN_POINT('Ctrl Pts',(-7.40315118592004,-3.18201697499479,-0.834177749889567));
#1918=CARTESIAN_POINT('Ctrl Pts',(-7.28420235380015,-3.33333526538323,-0.994111580739431));
#1919=CARTESIAN_POINT('Ctrl Pts',(-6.88549264827582,-3.65946842233488,-1.30279395190641));
#1920=CARTESIAN_POINT('Ctrl Pts',(-6.31018077322606,-3.86056088010294,-1.36493898510153));
#1921=CARTESIAN_POINT('Ctrl Pts',(-5.98146620718793,-3.89843272213464,-1.3221656400362));
#1922=CARTESIAN_POINT('Ctrl Pts',(-6.10581930466932,-3.88048360910646,-1.33461590376518));
#1923=CARTESIAN_POINT('Ctrl Pts',(-6.39224926940013,-3.83090340999639,-1.35469229383858));
#1924=CARTESIAN_POINT('Ctrl Pts',(-6.91424903491152,-3.63594651898996,-1.28053066237543));
#1925=CARTESIAN_POINT('Ctrl Pts',(-7.28420235380015,-3.33333526538323,-0.994111580739431));
#1926=CARTESIAN_POINT('Ctrl Pts',(-7.40315118592004,-3.18201697499479,-0.834177749889567));
#1927=CARTESIAN_POINT('Ctrl Pts',(-7.32301041036476,-4.79943701297762,-1.36822013347417));
#1928=CARTESIAN_POINT('Ctrl Pts',(-7.14647821825918,-4.88061168680766,-1.41699566833394));
#1929=CARTESIAN_POINT('Ctrl Pts',(-6.95731444938628,-4.94875031125705,-1.44478007798179));
#1930=CARTESIAN_POINT('Ctrl Pts',(-6.76074063800791,-5.00022166126966,-1.45175752047769));
#1931=CARTESIAN_POINT('Ctrl Pts',(-6.79743827577528,-4.79927584679677,-1.2706947705599));
#1932=CARTESIAN_POINT('Ctrl Pts',(-6.97267321886374,-4.79927584679677,-1.3034527180054));
#1933=CARTESIAN_POINT('Ctrl Pts',(-7.1479081619522,-4.79927584679677,-1.3362106654509));
#1934=CARTESIAN_POINT('Ctrl Pts',(-7.32314310504066,-4.79927584679677,-1.36896861289639));
#1935=CARTESIAN_POINT('Ctrl Pts',(-6.78602623408399,-4.86618389786451,-1.33174219972572));
#1936=CARTESIAN_POINT('Ctrl Pts',(-6.96096698007516,-4.86618389786451,-1.36607392286619));
#1937=CARTESIAN_POINT('Ctrl Pts',(-7.13590772524254,-4.86618389786451,-1.40040564584297));
#1938=CARTESIAN_POINT('Ctrl Pts',(-7.3108484712337,-4.86618389786451,-1.43473736898343));
#1939=CARTESIAN_POINT('Ctrl Pts',(-6.77379174720876,-4.93309194893226,-1.3926358826531));
#1940=CARTESIAN_POINT('Ctrl Pts',(-6.94841709355584,-4.93309194893226,-1.42853741792532));
#1941=CARTESIAN_POINT('Ctrl Pts',(-7.12304243907983,-4.93309194893226,-1.46443895303035));
#1942=CARTESIAN_POINT('Ctrl Pts',(-7.29766778542691,-4.93309194893226,-1.50034048830257));
#1943=CARTESIAN_POINT('Ctrl Pts',(-6.76073925527463,-5.,-1.45335371988096));
#1944=CARTESIAN_POINT('Ctrl Pts',(-6.93502811389598,-5.,-1.49082053400392));
#1945=CARTESIAN_POINT('Ctrl Pts',(-7.10931697251733,-5.,-1.52828734812688));
#1946=CARTESIAN_POINT('Ctrl Pts',(-7.28360583113868,-5.,-1.56575416224983));
#1947=CARTESIAN_POINT('Ctrl Pts',(-1.84009592826318,-5.10379609513878,5.99266804239188));
#1948=CARTESIAN_POINT('Ctrl Pts',(-1.975253479032,-5.08168341899276,6.36944846717123));
#1949=CARTESIAN_POINT('Ctrl Pts',(-2.42985005717779,-4.85437196832951,7.15152734829172));
#1950=CARTESIAN_POINT('Ctrl Pts',(-3.14464252094031,-4.3612032417479,7.50945869777462));
#1951=CARTESIAN_POINT('Ctrl Pts',(-3.55337624921445,-4.04127424293461,7.5372828442038));
#1952=CARTESIAN_POINT('Ctrl Pts',(-1.96307108227995,-4.93913505500595,5.92113826648597));
#1953=CARTESIAN_POINT('Ctrl Pts',(-2.0927705479464,-4.92148383929633,6.26270408597091));
#1954=CARTESIAN_POINT('Ctrl Pts',(-2.51644093538126,-4.72037303148844,6.96787989049549));
#1955=CARTESIAN_POINT('Ctrl Pts',(-3.16117774794058,-4.27201843295068,7.29368270918169));
#1956=CARTESIAN_POINT('Ctrl Pts',(-3.53007979012574,-3.97798495872201,7.32186107546424));
#1957=CARTESIAN_POINT('Ctrl Pts',(-2.10095330311106,-4.51558050229611,5.81137223163438));
#1958=CARTESIAN_POINT('Ctrl Pts',(-2.21720249541582,-4.49847887696251,6.0839728086232));
#1959=CARTESIAN_POINT('Ctrl Pts',(-2.5773534163957,-4.33319989373734,6.64023079485712));
#1960=CARTESIAN_POINT('Ctrl Pts',(-3.09169014975806,-3.97306406125225,6.9061516554605));
#1961=CARTESIAN_POINT('Ctrl Pts',(-3.38782344928787,-3.73324347709772,6.9369845769384));
#1962=CARTESIAN_POINT('Ctrl Pts',(-1.96708326964828,-4.07679191261742,5.81276365466447));
#1963=CARTESIAN_POINT('Ctrl Pts',(-2.06838441584311,-4.0516969865877,6.0485144542209));
#1964=CARTESIAN_POINT('Ctrl Pts',(-2.38712655517045,-3.88777227570989,6.53901242025655));
#1965=CARTESIAN_POINT('Ctrl Pts',(-2.8514178528188,-3.56740641915628,6.78050063482175));
#1966=CARTESIAN_POINT('Ctrl Pts',(-3.11707186414222,-3.35996364503782,6.81200087971274));
#1967=CARTESIAN_POINT('Ctrl Pts',(-1.84570407131169,-3.89843272213465,5.84118450732097));
#1968=CARTESIAN_POINT('Ctrl Pts',(-1.94118993423729,-3.87002883964861,6.07073089308428));
#1969=CARTESIAN_POINT('Ctrl Pts',(-2.25032769810229,-3.70189663673066,6.55753662675442));
#1970=CARTESIAN_POINT('Ctrl Pts',(-2.71518157838055,-3.38377468779529,6.79767814459528));
#1971=CARTESIAN_POINT('Ctrl Pts',(-2.97915647028391,-3.18201697499479,6.82840587000843));
#1972=CARTESIAN_POINT('Ctrl Pts',(-2.97915647028391,-3.18201697499479,6.82840587000843));
#1973=CARTESIAN_POINT('Ctrl Pts',(-2.71518157838055,-3.38377468779529,6.79767814459528));
#1974=CARTESIAN_POINT('Ctrl Pts',(-2.28384465744903,-3.67895936357422,6.57485134398582));
#1975=CARTESIAN_POINT('Ctrl Pts',(-1.98657844687826,-3.84500370206132,6.1396480251421));
#1976=CARTESIAN_POINT('Ctrl Pts',(-1.89699912050227,-3.88046687811377,5.95514789009848));
#1977=CARTESIAN_POINT('',(-2.12172838553581,-5.,6.58164880337103));
#1978=CARTESIAN_POINT('Ctrl Pts',(-1.90733431422085,-5.,5.95185482129695));
#1979=CARTESIAN_POINT('Ctrl Pts',(-1.92195674501308,-5.,5.99585744637241));
#1980=CARTESIAN_POINT('Ctrl Pts',(-1.93661690509111,-5.,6.03932495258868));
#1981=CARTESIAN_POINT('Ctrl Pts',(-1.98923397018081,-5.,6.19361296552691));
#1982=CARTESIAN_POINT('Ctrl Pts',(-2.02525870948359,-5.,6.29623157379525));
#1983=CARTESIAN_POINT('Ctrl Pts',(-2.07920244062378,-5.,6.45312972375253));
#1984=CARTESIAN_POINT('Ctrl Pts',(-2.10140211546474,-5.,6.5185962599813));
#1985=CARTESIAN_POINT('Ctrl Pts',(-2.1217283855358,-5.,6.58164880337102));
#1986=CARTESIAN_POINT('Ctrl Pts',(-2.12211986634802,-4.9999981124872,6.58160262959011));
#1987=CARTESIAN_POINT('Ctrl Pts',(-2.20912365102435,-4.95687957695856,6.72130522884447));
#1988=CARTESIAN_POINT('Ctrl Pts',(-2.32533686549041,-4.89142912744372,6.87409637224034));
#1989=CARTESIAN_POINT('Ctrl Pts',(-2.45468632558229,-4.81255661143618,7.00547400963875));
#1990=CARTESIAN_POINT('Ctrl Pts',(-2.47618532696881,-4.79930156602354,7.02639189939582));
#1991=CARTESIAN_POINT('Ctrl Pts',(-2.12172838553581,-5.,6.58164880337103));
#1992=CARTESIAN_POINT('Ctrl Pts',(-2.17642560201713,-5.,6.75132078959518));
#1993=CARTESIAN_POINT('Ctrl Pts',(-2.23112281849845,-5.,6.92099277581932));
#1994=CARTESIAN_POINT('Ctrl Pts',(-2.28582003497977,-5.,7.09066476204347));
#1995=CARTESIAN_POINT('Ctrl Pts',(-2.18083782100505,-4.93309194893226,6.56259367435474));
#1996=CARTESIAN_POINT('Ctrl Pts',(-2.23705885259798,-4.93309194893226,6.73177442807207));
#1997=CARTESIAN_POINT('Ctrl Pts',(-2.29327988392416,-4.93309194893226,6.90095518099298));
#1998=CARTESIAN_POINT('Ctrl Pts',(-2.34950091551709,-4.93309194893226,7.07013593471031));
#1999=CARTESIAN_POINT('Ctrl Pts',(-2.23969054078776,-4.86618389786452,6.54274220932728));
#2000=CARTESIAN_POINT('Ctrl Pts',(-2.297428769388,-4.86618389786452,6.71141120108285));
#2001=CARTESIAN_POINT('Ctrl Pts',(-2.35516699771811,-4.86618389786452,6.88008019204316));
#2002=CARTESIAN_POINT('Ctrl Pts',(-2.41290522631835,-4.86618389786452,7.04874918379872));
#2003=CARTESIAN_POINT('Ctrl Pts',(-2.29826518612674,-4.79927584679679,6.52210161275807));
#2004=CARTESIAN_POINT('Ctrl Pts',(-2.35751344300733,-4.79927584679679,6.69023849882613));
#2005=CARTESIAN_POINT('Ctrl Pts',(-2.41676169988791,-4.79927584679679,6.8583753848942));
#2006=CARTESIAN_POINT('Ctrl Pts',(-2.4760099567685,-4.79927584679679,7.02651227096226));
#2007=CARTESIAN_POINT('',(-2.28582003497977,-5.,7.09066476204347));
#2008=CARTESIAN_POINT('Origin',(6.25,-5.,0.));
#2009=CARTESIAN_POINT('',(2.12172838553578,-5.,6.581648803371));
#2010=CARTESIAN_POINT('Ctrl Pts',(2.12172838553578,-5.,6.58164880337099));
#2011=CARTESIAN_POINT('Ctrl Pts',(2.07316098819229,-5.,6.43099165291395));
#2012=CARTESIAN_POINT('Ctrl Pts',(2.02088226367092,-5.,6.28587522129185));
#2013=CARTESIAN_POINT('Ctrl Pts',(1.9405549916853,-5.,6.05098778296748));
#2014=CARTESIAN_POINT('Ctrl Pts',(1.92395662232908,-5.,6.00187558747243));
#2015=CARTESIAN_POINT('Ctrl Pts',(1.90733431422084,-5.,5.95185482129695));
#2016=CARTESIAN_POINT('',(2.28582003497976,-5.,7.09066476204348));
#2017=CARTESIAN_POINT('Ctrl Pts',(-4.75079029398189,-4.0412742429346,6.84595552312588));
#2018=CARTESIAN_POINT('Ctrl Pts',(-4.88599310372464,-4.28122094745421,6.57004117543762));
#2019=CARTESIAN_POINT('Ctrl Pts',(-5.00599903739596,-4.7899361641555,5.80873328766529));
#2020=CARTESIAN_POINT('Ctrl Pts',(-4.61471837840008,-5.07431252216845,4.99715735292883));
#2021=CARTESIAN_POINT('Ctrl Pts',(-4.26975479702698,-5.10379609513877,4.58990384047221));
#2022=CARTESIAN_POINT('Ctrl Pts',(-4.57587779926962,-3.97798495872199,6.71806931336706));
#2023=CARTESIAN_POINT('Ctrl Pts',(-4.69591365700388,-4.19851002341235,6.46789356747213));
#2024=CARTESIAN_POINT('Ctrl Pts',(-4.80053164974913,-4.66243956926236,5.7795021154364));
#2025=CARTESIAN_POINT('Ctrl Pts',(-4.45426059204258,-4.91560009691436,5.03811321022942));
#2026=CARTESIAN_POINT('Ctrl Pts',(-4.14632061695706,-4.93913505500594,4.66063855993208));
#2027=CARTESIAN_POINT('Ctrl Pts',(-4.31370049960747,-3.73324020946972,6.40243393361191));
#2028=CARTESIAN_POINT('Ctrl Pts',(-4.40472390006131,-3.91310561416045,6.19852740572605));
#2029=CARTESIAN_POINT('Ctrl Pts',(-4.48025525175333,-4.28722060366382,5.64465703894982));
#2030=CARTESIAN_POINT('Ctrl Pts',(-4.21959746984526,-4.49277796871855,5.04112754177516));
#2031=CARTESIAN_POINT('Ctrl Pts',(-3.98232485993804,-4.51558013952341,4.72516076766339));
#2032=CARTESIAN_POINT('Ctrl Pts',(-4.34082988036207,-3.35996364503781,6.10546385962525));
#2033=CARTESIAN_POINT('Ctrl Pts',(-4.41999011067189,-3.51554569671416,5.92110396023405));
#2034=CARTESIAN_POINT('Ctrl Pts',(-4.48611572141454,-3.84558550490754,5.42060325094229));
#2035=CARTESIAN_POINT('Ctrl Pts',(-4.2551468671724,-4.04333200582477,4.88406564236473));
#2036=CARTESIAN_POINT('Ctrl Pts',(-4.05045935631019,-4.07679191261741,4.60992591020704));
#2037=CARTESIAN_POINT('Ctrl Pts',(-4.42399471563612,-3.18201697499479,5.99422812011886));
#2038=CARTESIAN_POINT('Ctrl Pts',(-4.50302704230673,-3.33333523147502,5.81124853533066));
#2039=CARTESIAN_POINT('Ctrl Pts',(-4.57098853525329,-3.65947054677833,5.31161637885825));
#2040=CARTESIAN_POINT('Ctrl Pts',(-4.33716226177153,-3.86056087268562,4.782307411101));
#2041=CARTESIAN_POINT('Ctrl Pts',(-4.13576213587622,-3.89843272213464,4.5190188672848));
#2042=CARTESIAN_POINT('Ctrl Pts',(-4.20872073403058,-3.88048364347242,4.62048681495764));
#2043=CARTESIAN_POINT('Ctrl Pts',(-4.3693212340106,-3.83090366503929,4.85850445079444));
#2044=CARTESIAN_POINT('Ctrl Pts',(-4.56608690279579,-3.63594847011817,5.34765168486458));
#2045=CARTESIAN_POINT('Ctrl Pts',(-4.50302704230673,-3.33333523147502,5.81124853533066));
#2046=CARTESIAN_POINT('Ctrl Pts',(-4.42399471563612,-3.18201697499479,5.99422812011886));
#2047=CARTESIAN_POINT('Ctrl Pts',(-4.84641085162291,-4.79943825684099,5.65780555801406));
#2048=CARTESIAN_POINT('Ctrl Pts',(-4.80038647117101,-4.88061277591357,5.48053632431656));
#2049=CARTESIAN_POINT('Ctrl Pts',(-4.72986856827132,-4.94875104858654,5.30282311496907));
#2050=CARTESIAN_POINT('Ctrl Pts',(-4.63762614585103,-5.00022209527434,5.12909612052012));
#2051=CARTESIAN_POINT('Ctrl Pts',(-4.49917308964349,-4.79927584679487,5.25140684219495));
#2052=CARTESIAN_POINT('Ctrl Pts',(-4.61515977585256,-4.79927584679487,5.386785780819));
#2053=CARTESIAN_POINT('Ctrl Pts',(-4.73114646206163,-4.79927584679487,5.52216471944305));
#2054=CARTESIAN_POINT('Ctrl Pts',(-4.8471331482707,-4.79927584679487,5.65754365806711));
#2055=CARTESIAN_POINT('Ctrl Pts',(-4.54633569329159,-4.86618389786324,5.21100000959799));
#2056=CARTESIAN_POINT('Ctrl Pts',(-4.66353821068374,-4.86618389786324,5.34533727821456));
#2057=CARTESIAN_POINT('Ctrl Pts',(-4.78074072752225,-4.86618389786324,5.47967454619956));
#2058=CARTESIAN_POINT('Ctrl Pts',(-4.8979432449144,-4.86618389786324,5.61401181481614));
#2059=CARTESIAN_POINT('Ctrl Pts',(-4.59295392619949,-4.93309194893162,5.16995779169774));
#2060=CARTESIAN_POINT('Ctrl Pts',(-4.71135824095489,-4.93309194893162,5.30323701014428));
#2061=CARTESIAN_POINT('Ctrl Pts',(-4.82976255515395,-4.93309194893162,5.43651622796162));
#2062=CARTESIAN_POINT('Ctrl Pts',(-4.94816686990935,-4.93309194893162,5.56979544640817));
#2063=CARTESIAN_POINT('Ctrl Pts',(-4.639010869735,-5.,5.12829508348579));
#2064=CARTESIAN_POINT('Ctrl Pts',(-4.7586025118763,-5.,5.26050025558841));
#2065=CARTESIAN_POINT('Ctrl Pts',(-4.87819415401761,-5.,5.39270542769103));
#2066=CARTESIAN_POINT('Ctrl Pts',(-4.99778579615891,-5.,5.52491059979365));
#2067=CARTESIAN_POINT('Ctrl Pts',(4.269754797027,-5.10379609513878,4.58990384047223));
#2068=CARTESIAN_POINT('Ctrl Pts',(4.52847748345697,-5.08168341537684,4.89534397528711));
#2069=CARTESIAN_POINT('Ctrl Pts',(4.97847603412808,-4.85437259877001,5.68007663503511));
#2070=CARTESIAN_POINT('Ctrl Pts',(4.93106070663233,-4.36120318169088,6.47806972690184));
#2071=CARTESIAN_POINT('Ctrl Pts',(4.75079029398189,-4.04127424293461,6.84595552312588));
#2072=CARTESIAN_POINT('Ctrl Pts',(4.14632061695708,-4.93913505500594,4.6606385599321));
#2073=CARTESIAN_POINT('Ctrl Pts',(4.37727559862842,-4.92148383640996,4.94374454809297));
#2074=CARTESIAN_POINT('Ctrl Pts',(4.77613704184637,-4.7203742166862,5.66324293281956));
#2075=CARTESIAN_POINT('Ctrl Pts',(4.73592560928021,-4.27201837775475,6.38450165280275));
#2076=CARTESIAN_POINT('Ctrl Pts',(4.57587779926961,-3.97798495872201,6.71806931336706));
#2077=CARTESIAN_POINT('Ctrl Pts',(3.98232485993805,-4.51558013952341,4.72516076766341));
#2078=CARTESIAN_POINT('Ctrl Pts',(4.16027931764369,-4.49847851139332,4.96213584861375));
#2079=CARTESIAN_POINT('Ctrl Pts',(4.46193789850544,-4.33319918006168,5.55216628966918));
#2080=CARTESIAN_POINT('Ctrl Pts',(4.43506503331708,-3.97306074860518,6.13055856361005));
#2081=CARTESIAN_POINT('Ctrl Pts',(4.31370049960747,-3.73324020946974,6.40243393361191));
#2082=CARTESIAN_POINT('Ctrl Pts',(4.0504593563102,-4.07679191261741,4.60992591020705));
#2083=CARTESIAN_POINT('Ctrl Pts',(4.20397498969428,-4.05169698248412,4.81553070964331));
#2084=CARTESIAN_POINT('Ctrl Pts',(4.46938408517171,-3.88777229642017,5.33681880274921));
#2085=CARTESIAN_POINT('Ctrl Pts',(4.44637685390948,-3.56740638021515,5.85965066090047));
#2086=CARTESIAN_POINT('Ctrl Pts',(4.34082988036207,-3.35996364503782,6.10546385962525));
#2087=CARTESIAN_POINT('Ctrl Pts',(4.13576213587623,-3.89843272213464,4.51901886728482));
#2088=CARTESIAN_POINT('Ctrl Pts',(4.28681223053133,-3.87002883500395,4.71648527545237));
#2089=CARTESIAN_POINT('Ctrl Pts',(4.55382740105675,-3.70189708170376,5.22760976350499));
#2090=CARTESIAN_POINT('Ctrl Pts',(4.52937115099825,-3.38377464992136,5.75025534086127));
#2091=CARTESIAN_POINT('Ctrl Pts',(4.42399471563612,-3.18201697499479,5.99422812011886));
#2092=CARTESIAN_POINT('Ctrl Pts',(4.42399471563612,-3.18201697499479,5.99422812011886));
#2093=CARTESIAN_POINT('Ctrl Pts',(4.52937115099825,-3.38377464992136,5.75025534086127));
#2094=CARTESIAN_POINT('Ctrl Pts',(4.55206405295946,-3.67895977187711,5.26529363090843));
#2095=CARTESIAN_POINT('Ctrl Pts',(4.32380168570211,-3.84500375531791,4.79025151465744));
#2096=CARTESIAN_POINT('Ctrl Pts',(4.20880974416385,-3.88046688902957,4.62042341156144));
#2097=CARTESIAN_POINT('',(4.63901086973886,-5.,5.12829508349006));
#2098=CARTESIAN_POINT('Ctrl Pts',(4.20079031776962,-5.,4.6277273802735));
#2099=CARTESIAN_POINT('Ctrl Pts',(4.20940397354402,-5.,4.63742306047222));
#2100=CARTESIAN_POINT('Ctrl Pts',(4.21801543968075,-4.99999999999884,4.64714042027023));
#2101=CARTESIAN_POINT('Ctrl Pts',(4.27973278837406,-4.99999999999884,4.71694925590197));
#2102=CARTESIAN_POINT('Ctrl Pts',(4.32803078368536,-5.,4.77240861767313));
#2103=CARTESIAN_POINT('Ctrl Pts',(4.48546563822257,-5.,4.95413199635256));
#2104=CARTESIAN_POINT('Ctrl Pts',(4.55507510462916,-5.,5.03550647323934));
#2105=CARTESIAN_POINT('Ctrl Pts',(4.63901086973886,-5.,5.12829508349007));
#2106=CARTESIAN_POINT('Ctrl Pts',(4.63877433890572,-4.99999825050001,5.12861143138758));
#2107=CARTESIAN_POINT('Ctrl Pts',(4.71625809033695,-4.95687978104371,5.27381030145122));
#2108=CARTESIAN_POINT('Ctrl Pts',(4.79047209268457,-4.89142940449447,5.45084957928739));
#2109=CARTESIAN_POINT('Ctrl Pts',(4.8395736686111,-4.81255689632442,5.62855832301607));
#2110=CARTESIAN_POINT('Ctrl Pts',(4.84693959334216,-4.79930184202262,5.65763596639547));
#2111=CARTESIAN_POINT('Origin',(3.02500014367979,-3.00000014249235,5.23945394175655));
#2112=CARTESIAN_POINT('Ctrl Pts',(1.89709855148382,-3.88048363547729,5.95510249923344));
#2113=CARTESIAN_POINT('Ctrl Pts',(2.02292747029799,-3.83090361237288,6.21319558132722));
#2114=CARTESIAN_POINT('Ctrl Pts',(2.34815757124295,-3.63594805874997,6.62817459704517));
#2115=CARTESIAN_POINT('Ctrl Pts',(2.78117530098372,-3.33333525987999,6.80536007590519));
#2116=CARTESIAN_POINT('Ctrl Pts',(2.97915647028391,-3.18201697499478,6.82840587000843));
#2117=CARTESIAN_POINT('Ctrl Pts',(3.55337624921445,-4.04127424293459,7.5372828442038));
#2118=CARTESIAN_POINT('Ctrl Pts',(3.24682595243181,-4.28122099249623,7.51641473434263));
#2119=CARTESIAN_POINT('Ctrl Pts',(2.5275088313192,-4.78993548864418,7.23969143996433));
#2120=CARTESIAN_POINT('Ctrl Pts',(2.02030599568059,-5.07431252698895,6.49504194133283));
#2121=CARTESIAN_POINT('Ctrl Pts',(1.84009592826321,-5.10379609513877,5.99266804239197));
#2122=CARTESIAN_POINT('Ctrl Pts',(3.53007979012575,-3.97798495872199,7.32186107546424));
#2123=CARTESIAN_POINT('Ctrl Pts',(3.25340325796606,-4.1985100648086,7.30072730071255));
#2124=CARTESIAN_POINT('Ctrl Pts',(2.60492714137317,-4.66243856180951,7.0471357516259));
#2125=CARTESIAN_POINT('Ctrl Pts',(2.13600370290527,-4.91560010076226,6.37655935843918));
#2126=CARTESIAN_POINT('Ctrl Pts',(1.96307108227998,-4.93913505500594,5.92113826648605));
#2127=CARTESIAN_POINT('Ctrl Pts',(3.38782344928787,-3.7332434770977,6.93698457693841));
#2128=CARTESIAN_POINT('Ctrl Pts',(3.16572347422244,-3.91310891555218,6.91385988578645));
#2129=CARTESIAN_POINT('Ctrl Pts',(2.64829330786347,-4.28722206770132,6.70233851815646));
#2130=CARTESIAN_POINT('Ctrl Pts',(2.2559522259481,-4.49277833521934,6.17483966706609));
#2131=CARTESIAN_POINT('Ctrl Pts',(2.10095330311108,-4.5155805022961,5.81137223163444));
#2132=CARTESIAN_POINT('Ctrl Pts',(3.11707186414222,-3.35996364503781,6.81200087971274));
#2133=CARTESIAN_POINT('Ctrl Pts',(2.91783135527461,-3.51554572591952,6.78837569600003));
#2134=CARTESIAN_POINT('Ctrl Pts',(2.4513198579742,-3.84558582240975,6.59539422764132));
#2135=CARTESIAN_POINT('Ctrl Pts',(2.10215146436908,-4.04333201129538,6.12709805359447));
#2136=CARTESIAN_POINT('Ctrl Pts',(1.96708326964831,-4.07679191261741,5.81276365466453));
#2137=CARTESIAN_POINT('Ctrl Pts',(2.97915647028391,-3.18201697499478,6.82840587000843));
#2138=CARTESIAN_POINT('Ctrl Pts',(2.78117530098372,-3.33333525987999,6.80536007590519));
#2139=CARTESIAN_POINT('Ctrl Pts',(2.31449917720672,-3.65947009982407,6.61440200009276));
#2140=CARTESIAN_POINT('Ctrl Pts',(1.97301855501866,-3.86056087887758,6.1472463545394));
#2141=CARTESIAN_POINT('Ctrl Pts',(1.84570407131171,-3.89843272213464,5.84118450732102));
#2142=CARTESIAN_POINT('Ctrl Pts',(2.4765967337467,-4.79943800581617,7.02601873806965));
#2143=CARTESIAN_POINT('Ctrl Pts',(2.34608937247858,-4.88061254894687,6.89752570016484));
#2144=CARTESIAN_POINT('Ctrl Pts',(2.22744442469539,-4.94875089030765,6.7475985001449));
#2145=CARTESIAN_POINT('Ctrl Pts',(2.12311388452752,-5.00022199830143,6.58085045299588));
#2146=CARTESIAN_POINT('Ctrl Pts',(4.63901086973886,-5.,5.12829508349006));
#2147=CARTESIAN_POINT('Ctrl Pts',(4.75860251187887,-5.,5.26050025559126));
#2148=CARTESIAN_POINT('Ctrl Pts',(4.87819415401889,-5.,5.39270542769246));
#2149=CARTESIAN_POINT('Ctrl Pts',(4.9977857961589,-5.,5.52491059979365));
#2150=CARTESIAN_POINT('Ctrl Pts',(4.59295392620374,-4.93309194893226,5.16995779170164));
#2151=CARTESIAN_POINT('Ctrl Pts',(4.71135824095788,-4.93309194893226,5.30323701014675));
#2152=CARTESIAN_POINT('Ctrl Pts',(4.82976255515568,-4.93309194893226,5.43651622796264));
#2153=CARTESIAN_POINT('Ctrl Pts',(4.94816686990982,-4.93309194893226,5.56979544640775));
#2154=CARTESIAN_POINT('Ctrl Pts',(4.54633569329626,-4.86618389786452,5.21100000960155));
#2155=CARTESIAN_POINT('Ctrl Pts',(4.66353821068717,-4.86618389786452,5.34533727821665));
#2156=CARTESIAN_POINT('Ctrl Pts',(4.78074072752444,-4.86618389786452,5.47967454620019));
#2157=CARTESIAN_POINT('Ctrl Pts',(4.89794324491535,-4.86618389786452,5.6140118148153));
#2158=CARTESIAN_POINT('Ctrl Pts',(4.49917308964858,-4.79927584679679,5.25140684219816));
#2159=CARTESIAN_POINT('Ctrl Pts',(4.61515977585643,-4.79927584679679,5.38678578082073));
#2160=CARTESIAN_POINT('Ctrl Pts',(4.73114646206429,-4.79927584679679,5.5221647194433));
#2161=CARTESIAN_POINT('Ctrl Pts',(4.84713314827215,-4.79927584679679,5.65754365806586));
#2162=CARTESIAN_POINT('',(4.9977857961589,-5.,5.52491059979365));
#2163=CARTESIAN_POINT('Ctrl Pts',(2.29826518612355,-4.79927584674605,6.52210161260734));
#2164=CARTESIAN_POINT('Ctrl Pts',(2.35751344302115,-4.79927584674605,6.69023849872003));
#2165=CARTESIAN_POINT('Ctrl Pts',(2.41676169991875,-4.79927584674605,6.85837538483271));
#2166=CARTESIAN_POINT('Ctrl Pts',(2.47600995681635,-4.79927584674605,7.0265122709454));
#2167=CARTESIAN_POINT('Ctrl Pts',(2.23969054077112,-4.8661838978307,6.54274220918174));
#2168=CARTESIAN_POINT('Ctrl Pts',(2.29742876938759,-4.8661838978307,6.71141120098222));
#2169=CARTESIAN_POINT('Ctrl Pts',(2.35516699773393,-4.8661838978307,6.88008019198744));
#2170=CARTESIAN_POINT('Ctrl Pts',(2.4129052263504,-4.8661838978307,7.04874918378792));
#2171=CARTESIAN_POINT('Ctrl Pts',(2.18083782097481,-4.93309194891535,6.56259367421401));
#2172=CARTESIAN_POINT('Ctrl Pts',(2.23705885258318,-4.93309194891535,6.73177442797652));
#2173=CARTESIAN_POINT('Ctrl Pts',(2.29327988392481,-4.93309194891535,6.90095518094262));
#2174=CARTESIAN_POINT('Ctrl Pts',(2.34950091553318,-4.93309194891535,7.07013593470512));
#2175=CARTESIAN_POINT('Ctrl Pts',(2.12172838549185,-5.,6.58164880323472));
#2176=CARTESIAN_POINT('Ctrl Pts',(2.17642560198782,-5.,6.7513207895043));
#2177=CARTESIAN_POINT('Ctrl Pts',(2.23112281848379,-5.,6.92099277577389));
#2178=CARTESIAN_POINT('Ctrl Pts',(2.28582003497976,-5.,7.09066476204348));
#2179=CARTESIAN_POINT('Origin',(6.25,-5.,0.));
#2180=CARTESIAN_POINT('',(6.76073925527463,-5.,1.45335371988096));
#2181=CARTESIAN_POINT('Ctrl Pts',(6.76073925527463,-5.,1.45335371988096));
#2182=CARTESIAN_POINT('Ctrl Pts',(6.60566008683202,-5.,1.42001640604265));
#2183=CARTESIAN_POINT('Ctrl Pts',(6.4534179031116,-4.99999999999892,1.39266556797914));
#2184=CARTESIAN_POINT('Ctrl Pts',(6.20976795368095,-4.99999999999892,1.34476006221053));
#2185=CARTESIAN_POINT('Ctrl Pts',(6.15932390119351,-5.,1.33465384224508));
#2186=CARTESIAN_POINT('Ctrl Pts',(6.10812463199047,-5.,1.32412744102346));
#2187=CARTESIAN_POINT('',(7.28360583113868,-5.,1.56575416224983));
#2188=CARTESIAN_POINT('Origin',(3.02500014367979,-3.00000014249235,-5.23945394175655));
#2189=CARTESIAN_POINT('Origin',(-3.02500014367979,-3.00000014249235,-5.23945394175655));
#2190=CARTESIAN_POINT('Origin',(-6.05000028735958,-3.00000014249235,1.11022302462516E-15));
#2191=CARTESIAN_POINT('Origin',(-3.02500014367979,-3.00000014249235,5.23945394175655));
#2192=CARTESIAN_POINT('Ctrl Pts',(6.10985072529021,-5.10379609513878,-1.40276420191973));
#2193=CARTESIAN_POINT('Ctrl Pts',(6.6350243017203,-5.07431252788494,-1.49788465209836));
#2194=CARTESIAN_POINT('Ctrl Pts',(7.53351490089766,-4.78993294764633,-1.43097215626254));
#2195=CARTESIAN_POINT('Ctrl Pts',(8.13281907572289,-4.28122100063704,-0.946373619351852));
#2196=CARTESIAN_POINT('Ctrl Pts',(8.30416654319634,-4.04127424293461,-0.69132732107792));
#2197=CARTESIAN_POINT('Ctrl Pts',(6.10939169923706,-4.93913505500594,-1.26049970655395));
#2198=CARTESIAN_POINT('Ctrl Pts',(6.59026422998702,-4.91560010147748,-1.33844620755726));
#2199=CARTESIAN_POINT('Ctrl Pts',(7.4054646059744,-4.66243462719382,-1.26764940747949));
#2200=CARTESIAN_POINT('Ctrl Pts',(7.94931693218826,-4.19851007229049,-0.832833787973432));
#2201=CARTESIAN_POINT('Ctrl Pts',(8.10595758939536,-3.977984958722,-0.603791762097186));
#2202=CARTESIAN_POINT('Ctrl Pts',(6.08327556619796,-4.51558162961085,-1.08618565492625));
#2203=CARTESIAN_POINT('Ctrl Pts',(6.47554704822782,-4.49277946322703,-1.13368636646248));
#2204=CARTESIAN_POINT('Ctrl Pts',(7.12853616433724,-4.28722601919645,-1.0576605362831));
#2205=CARTESIAN_POINT('Ctrl Pts',(7.57042732718187,-3.91311907579579,-0.715313942825202));
#2206=CARTESIAN_POINT('Ctrl Pts',(7.70150388915395,-3.73325363123893,-0.534532061681144));
#2207=CARTESIAN_POINT('Ctrl Pts',(6.01754262595851,-4.07679191261741,-1.20283774445747));
#2208=CARTESIAN_POINT('Ctrl Pts',(6.35729828775061,-4.04333201231221,-1.24303245482946));
#2209=CARTESIAN_POINT('Ctrl Pts',(6.93744233514126,-3.8455872972074,-1.17480556499982));
#2210=CARTESIAN_POINT('Ctrl Pts',(7.33782147673217,-3.51554573119804,-0.867271775826753));
#2211=CARTESIAN_POINT('Ctrl Pts',(7.45790174450429,-3.35996364503782,-0.706537020087491));
#2212=CARTESIAN_POINT('Ctrl Pts',(5.98146620718795,-3.89843272213464,-1.3221656400362));
#2213=CARTESIAN_POINT('Ctrl Pts',(6.31018077387234,-3.86056088002848,-1.36493898518562));
#2214=CARTESIAN_POINT('Ctrl Pts',(6.885492658267,-3.65946841666196,-1.30279394770116));
#2215=CARTESIAN_POINT('Ctrl Pts',(7.28420235409051,-3.33333526501386,-0.994111580349019));
#2216=CARTESIAN_POINT('Ctrl Pts',(7.40315118592004,-3.18201697499479,-0.834177749889564));
#2217=CARTESIAN_POINT('Ctrl Pts',(7.40315118592004,-3.18201697499479,-0.834177749889564));
#2218=CARTESIAN_POINT('Ctrl Pts',(7.28420235409051,-3.33333526501386,-0.994111580349019));
#2219=CARTESIAN_POINT('Ctrl Pts',(6.91424904409778,-3.63594651378566,-1.28053065852682));
#2220=CARTESIAN_POINT('Ctrl Pts',(6.39224927099825,-3.83090340928203,-1.35469229338831));
#2221=CARTESIAN_POINT('Ctrl Pts',(6.10581930466204,-3.88048360902103,-1.33461590365443));
#2222=CARTESIAN_POINT('Ctrl Pts',(6.76074063775762,-5.00022166047277,-1.45175751936978));
#2223=CARTESIAN_POINT('Ctrl Pts',(6.9573144491908,-4.94875031022074,-1.44478007655245));
#2224=CARTESIAN_POINT('Ctrl Pts',(7.14647821829739,-4.8806116857079,-1.41699566684488));
#2225=CARTESIAN_POINT('Ctrl Pts',(7.32301040993409,-4.79943701251904,-1.36822013267158));
#2226=CARTESIAN_POINT('Origin',(6.05000028735958,-3.00000014249235,0.));
#2227=CARTESIAN_POINT('Ctrl Pts',(6.10580889081643,-3.88046684117252,1.33472478695779));
#2228=CARTESIAN_POINT('Ctrl Pts',(6.31038061363871,-3.84500350169007,1.34939775782323));
#2229=CARTESIAN_POINT('Ctrl Pts',(6.83591267568891,-3.67895784862605,1.30956612287735));
#2230=CARTESIAN_POINT('Ctrl Pts',(7.24455274305575,-3.38377469556074,1.04742285774016));
#2231=CARTESIAN_POINT('Ctrl Pts',(7.40315118592003,-3.18201697499479,0.834177749889566));
#2232=CARTESIAN_POINT('Ctrl Pts',(8.30416654319634,-4.04127424293459,0.691327321077923));
#2233=CARTESIAN_POINT('Ctrl Pts',(8.07570325261965,-4.36120325406166,1.03138905302092));
#2234=CARTESIAN_POINT('Ctrl Pts',(7.40833198431658,-4.85436965454535,1.47146608878758));
#2235=CARTESIAN_POINT('Ctrl Pts',(6.5037309062827,-5.08168341985728,1.47410453938958));
#2236=CARTESIAN_POINT('Ctrl Pts',(6.10985072463344,-5.10379609517564,1.40276420180078));
#2237=CARTESIAN_POINT('Ctrl Pts',(8.10595758939536,-3.97798495872199,0.603791762097189));
#2238=CARTESIAN_POINT('Ctrl Pts',(7.89710337922634,-4.27201844426774,0.909181130750378));
#2239=CARTESIAN_POINT('Ctrl Pts',(7.29258403015171,-4.72036840105769,1.30465337191359));
#2240=CARTESIAN_POINT('Ctrl Pts',(6.47004609608395,-4.92148383999601,1.31895958217777));
#2241=CARTESIAN_POINT('Ctrl Pts',(6.10939169863567,-4.93913505503549,1.26049970645635));
#2242=CARTESIAN_POINT('Ctrl Pts',(7.70150388915395,-3.73325363123892,0.534532061681147));
#2243=CARTESIAN_POINT('Ctrl Pts',(7.52673513938961,-3.97307422462392,0.775574570519019));
#2244=CARTESIAN_POINT('Ctrl Pts',(7.03928285512099,-4.33320164370334,1.088041895904));
#2245=CARTESIAN_POINT('Ctrl Pts',(6.37747917673226,-4.49848000494148,1.12181118851241));
#2246=CARTESIAN_POINT('Ctrl Pts',(6.08327556570752,-4.51558162963931,1.086185654867));
#2247=CARTESIAN_POINT('Ctrl Pts',(7.45790174450429,-3.35996364503781,0.706537020087494));
#2248=CARTESIAN_POINT('Ctrl Pts',(7.29779472037919,-3.56740642714055,0.920850028314024));
#2249=CARTESIAN_POINT('Ctrl Pts',(6.85651990649325,-3.88777237804305,1.20220741882437));
#2250=CARTESIAN_POINT('Ctrl Pts',(6.27235937144184,-4.05169698752436,1.23298377718106));
#2251=CARTESIAN_POINT('Ctrl Pts',(6.01754262553339,-4.07679191265922,1.20283774440703));
#2252=CARTESIAN_POINT('Ctrl Pts',(7.40315118592003,-3.18201697499479,0.834177749889566));
#2253=CARTESIAN_POINT('Ctrl Pts',(7.24455274305575,-3.38377469556074,1.04742285774016));
#2254=CARTESIAN_POINT('Ctrl Pts',(6.80415939754627,-3.70189498453321,1.32993590224029));
#2255=CARTESIAN_POINT('Ctrl Pts',(6.22800213136384,-3.87002884070017,1.35424564883519));
#2256=CARTESIAN_POINT('Ctrl Pts',(5.98146620677687,-3.898432722182,1.32216563998271));
#2257=CARTESIAN_POINT('Ctrl Pts',(7.32312781929187,-4.79930042318353,1.36876367191543));
#2258=CARTESIAN_POINT('Ctrl Pts',(7.29426289822448,-4.81255546676153,1.37692340432498));
#2259=CARTESIAN_POINT('Ctrl Pts',(7.11581175398181,-4.89142801785403,1.42325427960344));
#2260=CARTESIAN_POINT('Ctrl Pts',(6.92538382891195,-4.95687873655793,1.44750063664274));
#2261=CARTESIAN_POINT('Ctrl Pts',(6.76089566756813,-4.99999750623836,1.45299537998539));
#2262=CARTESIAN_POINT('Ctrl Pts',(6.79743827577528,-4.79927584679677,1.2706947705599));
#2263=CARTESIAN_POINT('Ctrl Pts',(6.97267321886374,-4.79927584679677,1.3034527180054));
#2264=CARTESIAN_POINT('Ctrl Pts',(7.1479081619522,-4.79927584679677,1.3362106654509));
#2265=CARTESIAN_POINT('Ctrl Pts',(7.32314310504066,-4.79927584679677,1.3689686128964));
#2266=CARTESIAN_POINT('Ctrl Pts',(6.78602623408399,-4.86618389786452,1.33174219972573));
#2267=CARTESIAN_POINT('Ctrl Pts',(6.96096698007515,-4.86618389786452,1.36607392286619));
#2268=CARTESIAN_POINT('Ctrl Pts',(7.13590772524254,-4.86618389786452,1.40040564584297));
#2269=CARTESIAN_POINT('Ctrl Pts',(7.3108484712337,-4.86618389786452,1.43473736898343));
#2270=CARTESIAN_POINT('Ctrl Pts',(6.77379174720876,-4.93309194893226,1.3926358826531));
#2271=CARTESIAN_POINT('Ctrl Pts',(6.94841709355583,-4.93309194893226,1.42853741792532));
#2272=CARTESIAN_POINT('Ctrl Pts',(7.12304243907983,-4.93309194893226,1.46443895303035));
#2273=CARTESIAN_POINT('Ctrl Pts',(7.29766778542691,-4.93309194893226,1.50034048830257));
#2274=CARTESIAN_POINT('Ctrl Pts',(6.76073925527463,-5.,1.45335371988096));
#2275=CARTESIAN_POINT('Ctrl Pts',(6.93502811389598,-5.,1.49082053400392));
#2276=CARTESIAN_POINT('Ctrl Pts',(7.10931697251733,-5.,1.52828734812688));
#2277=CARTESIAN_POINT('Ctrl Pts',(7.28360583113868,-5.,1.56575416224983));
#2278=CARTESIAN_POINT('Ctrl Pts',(6.76073925527466,-5.,-1.45335371988096));
#2279=CARTESIAN_POINT('Ctrl Pts',(6.935028113896,-5.,-1.49082053400391));
#2280=CARTESIAN_POINT('Ctrl Pts',(7.10931697251734,-5.,-1.52828734812687));
#2281=CARTESIAN_POINT('Ctrl Pts',(7.28360583113868,-5.,-1.56575416224982));
#2282=CARTESIAN_POINT('Ctrl Pts',(6.77379174720879,-4.93309194893226,-1.3926358826531));
#2283=CARTESIAN_POINT('Ctrl Pts',(6.94841709355586,-4.93309194893226,-1.42853741792531));
#2284=CARTESIAN_POINT('Ctrl Pts',(7.12304243907984,-4.93309194893226,-1.46443895303034));
#2285=CARTESIAN_POINT('Ctrl Pts',(7.29766778542691,-4.93309194893226,-1.50034048830256));
#2286=CARTESIAN_POINT('Ctrl Pts',(6.78602623408402,-4.86618389786452,-1.33174219972573));
#2287=CARTESIAN_POINT('Ctrl Pts',(6.96096698007518,-4.86618389786452,-1.36607392286619));
#2288=CARTESIAN_POINT('Ctrl Pts',(7.13590772524255,-4.86618389786452,-1.40040564584297));
#2289=CARTESIAN_POINT('Ctrl Pts',(7.3108484712337,-4.86618389786452,-1.43473736898343));
#2290=CARTESIAN_POINT('Ctrl Pts',(6.79743827577532,-4.79927584679679,-1.27069477055991));
#2291=CARTESIAN_POINT('Ctrl Pts',(6.97267321886376,-4.79927584679679,-1.3034527180054));
#2292=CARTESIAN_POINT('Ctrl Pts',(7.14790816195221,-4.79927584679679,-1.3362106654509));
#2293=CARTESIAN_POINT('Ctrl Pts',(7.32314310504065,-4.79927584679679,-1.36896861289639));
#2294=CARTESIAN_POINT('Origin',(7.45,-1.,0.));
#2295=UNCERTAINTY_MEASURE_WITH_UNIT(LENGTH_MEASURE(0.01),#2299,
'DISTANCE_ACCURACY_VALUE',
'Maximum model space distance between geometric entities at asserted c
onnectivities');
#2296=UNCERTAINTY_MEASURE_WITH_UNIT(LENGTH_MEASURE(0.01),#2299,
'DISTANCE_ACCURACY_VALUE',
'Maximum model space distance between geometric entities at asserted c
onnectivities');
#2297=(
GEOMETRIC_REPRESENTATION_CONTEXT(3)
GLOBAL_UNCERTAINTY_ASSIGNED_CONTEXT((#2295))
GLOBAL_UNIT_ASSIGNED_CONTEXT((#2299,#2301,#2302))
REPRESENTATION_CONTEXT('','3D')
);
#2298=(
GEOMETRIC_REPRESENTATION_CONTEXT(3)
GLOBAL_UNCERTAINTY_ASSIGNED_CONTEXT((#2296))
GLOBAL_UNIT_ASSIGNED_CONTEXT((#2299,#2301,#2302))
REPRESENTATION_CONTEXT('','3D')
);
#2299=(
LENGTH_UNIT()
NAMED_UNIT(*)
SI_UNIT(.MILLI.,.METRE.)
);
#2300=(
LENGTH_UNIT()
NAMED_UNIT(*)
SI_UNIT($,.METRE.)
);
#2301=(
NAMED_UNIT(*)
PLANE_ANGLE_UNIT()
SI_UNIT($,.RADIAN.)
);
#2302=(
NAMED_UNIT(*)
SI_UNIT($,.STERADIAN.)
SOLID_ANGLE_UNIT()
);
#2303=SHAPE_DEFINITION_REPRESENTATION(#2304,#2305);
#2304=PRODUCT_DEFINITION_SHAPE('',$,#2307);
#2305=SHAPE_REPRESENTATION('',(#762),#2297);
#2306=PRODUCT_DEFINITION_CONTEXT('part definition',#2311,'design');
#2307=PRODUCT_DEFINITION('\X2\9ACB517382824FDD630167B6\X0\',
'\X2\9ACB517382824FDD630167B6\X0\',#2308,#2306);
#2308=PRODUCT_DEFINITION_FORMATION('',$,#2313);
#2309=PRODUCT_RELATED_PRODUCT_CATEGORY('\X2\9ACB517382824FDD630167B6\X0\',
'\X2\9ACB517382824FDD630167B6\X0\',(#2313));
#2310=APPLICATION_PROTOCOL_DEFINITION('international standard',
'automotive_design',2009,#2311);
#2311=APPLICATION_CONTEXT(
'Core Data for Automotive Mechanical Design Process');
#2312=PRODUCT_CONTEXT('part definition',#2311,'mechanical');
#2313=PRODUCT('\X2\9ACB517382824FDD630167B6\X0\','\X2\9ACB517382824FDD630167B6\X0\',
$,(#2312));
#2314=PRESENTATION_STYLE_ASSIGNMENT((#2315));
#2315=SURFACE_STYLE_USAGE(.BOTH.,#2316);
#2316=SURFACE_SIDE_STYLE('',(#2317));
#2317=SURFACE_STYLE_FILL_AREA(#2318);
#2318=FILL_AREA_STYLE('\X2\94A2\X0\ - \X2\7F0E5149\X0\',(#2319));
#2319=FILL_AREA_STYLE_COLOUR('\X2\94A2\X0\ - \X2\7F0E5149\X0\',#2320);
#2320=COLOUR_RGB('\X2\94A2\X0\ - \X2\7F0E5149\X0\',0.627450980392157,0.627450980392157,
0.627450980392157);
ENDSEC;
END-ISO-10303-21;
