ISO-10303-21;
HEADER;
/* Generated by software containing ST-Developer
 * from STEP Tools, Inc. (www.steptools.com) 
 */

FILE_DESCRIPTION(
/* description */ (''),
/* implementation_level */ '2;1');

FILE_NAME(
/* name */ '',
/* time_stamp */ '2026-07-15T12:19:21+08:00',
/* author */ (''),
/* organization */ (''),
/* preprocessor_version */ 'ST-DEVELOPER v20.1',
/* originating_system */ 'Autodesk Translation Framework v15.8.0.0',
/* authorisation */ '');

FILE_SCHEMA (('AUTOMOTIVE_DESIGN { 1 0 10303 214 3 1 1 }'));
ENDSEC;

DATA;
#10=MECHANICAL_DESIGN_GEOMETRIC_PRESENTATION_REPRESENTATION('',(#13),#2832);
#11=SHAPE_REPRESENTATION_RELATIONSHIP('SRR','None',#2839,#12);
#12=ADVANCED_BREP_SHAPE_REPRESENTATION('',(#14),#2831);
#13=STYLED_ITEM('',(#2848),#14);
#14=MANIFOLD_SOLID_BREP('\X2\5927817F4E3B52A8529B53D1751F5668\X0\',#1188);
#15=B_SPLINE_SURFACE_WITH_KNOTS('',3,1,((#1908,#1909),(#1910,#1911),(#1912,
#1913),(#1914,#1915),(#1916,#1917),(#1918,#1919),(#1920,#1921)),
 .UNSPECIFIED.,.F.,.F.,.F.,(4,3,4),(2,2),(-1.,-0.280742178679678,0.),(0.,
0.3),.UNSPECIFIED.);
#16=B_SPLINE_SURFACE_WITH_KNOTS('',3,1,((#1933,#1934),(#1935,#1936),(#1937,
#1938),(#1939,#1940),(#1941,#1942),(#1943,#1944),(#1945,#1946)),
 .UNSPECIFIED.,.F.,.F.,.F.,(4,3,4),(2,2),(0.,0.710283751862569,1.),(0.,
0.3),.UNSPECIFIED.);
#17=B_SPLINE_SURFACE_WITH_KNOTS('',3,1,((#1956,#1957),(#1958,#1959),(#1960,
#1961),(#1962,#1963),(#1964,#1965),(#1966,#1967),(#1968,#1969)),
 .UNSPECIFIED.,.F.,.F.,.F.,(4,3,4),(2,2),(-1.,-0.280742178679642,0.),(0.,
0.3),.UNSPECIFIED.);
#18=B_SPLINE_SURFACE_WITH_KNOTS('',3,1,((#1979,#1980),(#1981,#1982),(#1983,
#1984),(#1985,#1986),(#1987,#1988),(#1989,#1990),(#1991,#1992)),
 .UNSPECIFIED.,.F.,.F.,.F.,(4,3,4),(2,2),(0.,0.71028375186255,1.),(0.,0.3),
 .UNSPECIFIED.);
#19=B_SPLINE_SURFACE_WITH_KNOTS('',3,1,((#2002,#2003),(#2004,#2005),(#2006,
#2007),(#2008,#2009),(#2010,#2011),(#2012,#2013),(#2014,#2015)),
 .UNSPECIFIED.,.F.,.F.,.F.,(4,3,4),(2,2),(-1.,-0.280742178679643,0.),(0.,
0.3),.UNSPECIFIED.);
#20=B_SPLINE_SURFACE_WITH_KNOTS('',3,1,((#2025,#2026),(#2027,#2028),(#2029,
#2030),(#2031,#2032),(#2033,#2034),(#2035,#2036),(#2037,#2038)),
 .UNSPECIFIED.,.F.,.F.,.F.,(4,3,4),(2,2),(0.,0.710283751862529,1.),(0.,
0.3),.UNSPECIFIED.);
#21=B_SPLINE_SURFACE_WITH_KNOTS('',3,1,((#2048,#2049),(#2050,#2051),(#2052,
#2053),(#2054,#2055),(#2056,#2057),(#2058,#2059),(#2060,#2061)),
 .UNSPECIFIED.,.F.,.F.,.F.,(4,3,4),(2,2),(-1.,-0.280742178679613,0.),(0.,
0.3),.UNSPECIFIED.);
#22=B_SPLINE_SURFACE_WITH_KNOTS('',3,1,((#2071,#2072),(#2073,#2074),(#2075,
#2076),(#2077,#2078),(#2079,#2080),(#2081,#2082),(#2083,#2084)),
 .UNSPECIFIED.,.F.,.F.,.F.,(4,3,4),(2,2),(0.,0.710283751862391,1.),(0.,
0.3),.UNSPECIFIED.);
#23=B_SPLINE_SURFACE_WITH_KNOTS('',3,1,((#2094,#2095),(#2096,#2097),(#2098,
#2099),(#2100,#2101),(#2102,#2103),(#2104,#2105),(#2106,#2107)),
 .UNSPECIFIED.,.F.,.F.,.F.,(4,3,4),(2,2),(-1.,-0.280742178679673,0.),(0.,
0.3),.UNSPECIFIED.);
#24=B_SPLINE_SURFACE_WITH_KNOTS('',3,1,((#2117,#2118),(#2119,#2120),(#2121,
#2122),(#2123,#2124),(#2125,#2126),(#2127,#2128),(#2129,#2130)),
 .UNSPECIFIED.,.F.,.F.,.F.,(4,3,4),(2,2),(0.,0.710283751862469,1.),(0.,
0.3),.UNSPECIFIED.);
#25=B_SPLINE_SURFACE_WITH_KNOTS('',3,1,((#2140,#2141),(#2142,#2143),(#2144,
#2145),(#2146,#2147),(#2148,#2149),(#2150,#2151),(#2152,#2153)),
 .UNSPECIFIED.,.F.,.F.,.F.,(4,3,4),(2,2),(-1.,-0.280742178679714,0.),(0.,
0.3),.UNSPECIFIED.);
#26=B_SPLINE_SURFACE_WITH_KNOTS('',3,1,((#2163,#2164),(#2165,#2166),(#2167,
#2168),(#2169,#2170),(#2171,#2172),(#2173,#2174),(#2175,#2176)),
 .UNSPECIFIED.,.F.,.F.,.F.,(4,3,4),(2,2),(0.,0.710283751862515,1.),(0.,
0.3),.UNSPECIFIED.);
#27=B_SPLINE_SURFACE_WITH_KNOTS('',3,1,((#2186,#2187),(#2188,#2189),(#2190,
#2191),(#2192,#2193),(#2194,#2195),(#2196,#2197),(#2198,#2199)),
 .UNSPECIFIED.,.F.,.F.,.F.,(4,3,4),(2,2),(-1.,-0.280742178679675,0.),(0.,
0.3),.UNSPECIFIED.);
#28=B_SPLINE_SURFACE_WITH_KNOTS('',3,1,((#2209,#2210),(#2211,#2212),(#2213,
#2214),(#2215,#2216),(#2217,#2218),(#2219,#2220),(#2221,#2222)),
 .UNSPECIFIED.,.F.,.F.,.F.,(4,3,4),(2,2),(0.,0.710283751862494,1.),(0.,
0.3),.UNSPECIFIED.);
#29=B_SPLINE_SURFACE_WITH_KNOTS('',3,1,((#2232,#2233),(#2234,#2235),(#2236,
#2237),(#2238,#2239),(#2240,#2241),(#2242,#2243),(#2244,#2245)),
 .UNSPECIFIED.,.F.,.F.,.F.,(4,3,4),(2,2),(-1.,-0.280742178679687,0.),(0.,
0.3),.UNSPECIFIED.);
#30=B_SPLINE_SURFACE_WITH_KNOTS('',3,1,((#2255,#2256),(#2257,#2258),(#2259,
#2260),(#2261,#2262),(#2263,#2264),(#2265,#2266),(#2267,#2268)),
 .UNSPECIFIED.,.F.,.F.,.F.,(4,3,4),(2,2),(0.,0.710283751862601,1.),(0.,
0.3),.UNSPECIFIED.);
#31=B_SPLINE_SURFACE_WITH_KNOTS('',3,1,((#2278,#2279),(#2280,#2281),(#2282,
#2283),(#2284,#2285),(#2286,#2287),(#2288,#2289),(#2290,#2291)),
 .UNSPECIFIED.,.F.,.F.,.F.,(4,3,4),(2,2),(-1.,-0.28074217867973,0.),(0.,
0.3),.UNSPECIFIED.);
#32=B_SPLINE_SURFACE_WITH_KNOTS('',3,1,((#2301,#2302),(#2303,#2304),(#2305,
#2306),(#2307,#2308),(#2309,#2310),(#2311,#2312),(#2313,#2314)),
 .UNSPECIFIED.,.F.,.F.,.F.,(4,3,4),(2,2),(0.,0.710283751862477,1.),(0.,
0.3),.UNSPECIFIED.);
#33=B_SPLINE_SURFACE_WITH_KNOTS('',3,1,((#2324,#2325),(#2326,#2327),(#2328,
#2329),(#2330,#2331),(#2332,#2333),(#2334,#2335),(#2336,#2337)),
 .UNSPECIFIED.,.F.,.F.,.F.,(4,3,4),(2,2),(-1.,-0.280742178679672,0.),(0.,
0.3),.UNSPECIFIED.);
#34=B_SPLINE_SURFACE_WITH_KNOTS('',3,1,((#2347,#2348),(#2349,#2350),(#2351,
#2352),(#2353,#2354),(#2355,#2356),(#2357,#2358),(#2359,#2360)),
 .UNSPECIFIED.,.F.,.F.,.F.,(4,3,4),(2,2),(0.,0.710283751862452,1.),(0.,
0.3),.UNSPECIFIED.);
#35=B_SPLINE_SURFACE_WITH_KNOTS('',3,1,((#2370,#2371),(#2372,#2373),(#2374,
#2375),(#2376,#2377),(#2378,#2379),(#2380,#2381),(#2382,#2383)),
 .UNSPECIFIED.,.F.,.F.,.F.,(4,3,4),(2,2),(-1.,-0.280742178679705,0.),(0.,
0.3),.UNSPECIFIED.);
#36=B_SPLINE_SURFACE_WITH_KNOTS('',3,1,((#2393,#2394),(#2395,#2396),(#2397,
#2398),(#2399,#2400),(#2401,#2402),(#2403,#2404),(#2405,#2406)),
 .UNSPECIFIED.,.F.,.F.,.F.,(4,3,4),(2,2),(0.,0.710283751862464,1.),(0.,
0.3),.UNSPECIFIED.);
#37=B_SPLINE_SURFACE_WITH_KNOTS('',3,1,((#2416,#2417),(#2418,#2419),(#2420,
#2421),(#2422,#2423),(#2424,#2425),(#2426,#2427),(#2428,#2429)),
 .UNSPECIFIED.,.F.,.F.,.F.,(4,3,4),(2,2),(-1.,-0.280742178679675,0.),(0.,
0.3),.UNSPECIFIED.);
#38=B_SPLINE_SURFACE_WITH_KNOTS('',3,1,((#2439,#2440),(#2441,#2442),(#2443,
#2444),(#2445,#2446),(#2447,#2448),(#2449,#2450),(#2451,#2452)),
 .UNSPECIFIED.,.F.,.F.,.F.,(4,3,4),(2,2),(0.,0.710283751862494,1.),(0.,
0.3),.UNSPECIFIED.);
#39=B_SPLINE_SURFACE_WITH_KNOTS('',3,1,((#2462,#2463),(#2464,#2465),(#2466,
#2467),(#2468,#2469),(#2470,#2471),(#2472,#2473),(#2474,#2475)),
 .UNSPECIFIED.,.F.,.F.,.F.,(4,3,4),(2,2),(-1.,-0.28074217867969,0.),(0.,
0.3),.UNSPECIFIED.);
#40=B_SPLINE_SURFACE_WITH_KNOTS('',3,1,((#2485,#2486),(#2487,#2488),(#2489,
#2490),(#2491,#2492),(#2493,#2494),(#2495,#2496),(#2497,#2498)),
 .UNSPECIFIED.,.F.,.F.,.F.,(4,3,4),(2,2),(0.,0.7102837518624,1.),(0.,0.3),
 .UNSPECIFIED.);
#41=B_SPLINE_SURFACE_WITH_KNOTS('',3,1,((#2508,#2509),(#2510,#2511),(#2512,
#2513),(#2514,#2515),(#2516,#2517),(#2518,#2519),(#2520,#2521)),
 .UNSPECIFIED.,.F.,.F.,.F.,(4,3,4),(2,2),(-1.,-0.280742178679682,0.),(0.,
0.3),.UNSPECIFIED.);
#42=B_SPLINE_SURFACE_WITH_KNOTS('',3,1,((#2531,#2532),(#2533,#2534),(#2535,
#2536),(#2537,#2538),(#2539,#2540),(#2541,#2542),(#2543,#2544)),
 .UNSPECIFIED.,.F.,.F.,.F.,(4,3,4),(2,2),(0.,0.710283751862515,1.),(0.,
0.3),.UNSPECIFIED.);
#43=B_SPLINE_SURFACE_WITH_KNOTS('',3,1,((#2554,#2555),(#2556,#2557),(#2558,
#2559),(#2560,#2561),(#2562,#2563),(#2564,#2565),(#2566,#2567)),
 .UNSPECIFIED.,.F.,.F.,.F.,(4,3,4),(2,2),(-1.,-0.280742178679678,0.),(0.,
0.3),.UNSPECIFIED.);
#44=B_SPLINE_SURFACE_WITH_KNOTS('',3,1,((#2577,#2578),(#2579,#2580),(#2581,
#2582),(#2583,#2584),(#2585,#2586),(#2587,#2588),(#2589,#2590)),
 .UNSPECIFIED.,.F.,.F.,.F.,(4,3,4),(2,2),(0.,0.710283751862362,1.),(0.,
0.3),.UNSPECIFIED.);
#45=B_SPLINE_SURFACE_WITH_KNOTS('',3,1,((#2600,#2601),(#2602,#2603),(#2604,
#2605),(#2606,#2607),(#2608,#2609),(#2610,#2611),(#2612,#2613)),
 .UNSPECIFIED.,.F.,.F.,.F.,(4,3,4),(2,2),(-1.,-0.280742178679673,0.),(0.,
0.3),.UNSPECIFIED.);
#46=B_SPLINE_SURFACE_WITH_KNOTS('',3,1,((#2623,#2624),(#2625,#2626),(#2627,
#2628),(#2629,#2630),(#2631,#2632),(#2633,#2634),(#2635,#2636)),
 .UNSPECIFIED.,.F.,.F.,.F.,(4,3,4),(2,2),(0.,0.710283751862568,1.),(0.,
0.3),.UNSPECIFIED.);
#47=B_SPLINE_SURFACE_WITH_KNOTS('',3,1,((#2646,#2647),(#2648,#2649),(#2650,
#2651),(#2652,#2653),(#2654,#2655),(#2656,#2657),(#2658,#2659)),
 .UNSPECIFIED.,.F.,.F.,.F.,(4,3,4),(2,2),(-1.,-0.280742178679671,0.),(0.,
0.3),.UNSPECIFIED.);
#48=B_SPLINE_SURFACE_WITH_KNOTS('',3,1,((#2669,#2670),(#2671,#2672),(#2673,
#2674),(#2675,#2676),(#2677,#2678),(#2679,#2680),(#2681,#2682)),
 .UNSPECIFIED.,.F.,.F.,.F.,(4,3,4),(2,2),(0.,0.710283751862544,1.),(0.,
0.3),.UNSPECIFIED.);
#49=B_SPLINE_SURFACE_WITH_KNOTS('',3,1,((#2692,#2693),(#2694,#2695),(#2696,
#2697),(#2698,#2699),(#2700,#2701),(#2702,#2703),(#2704,#2705)),
 .UNSPECIFIED.,.F.,.F.,.F.,(4,3,4),(2,2),(-1.,-0.280742178679634,0.),(0.,
0.3),.UNSPECIFIED.);
#50=B_SPLINE_SURFACE_WITH_KNOTS('',3,1,((#2715,#2716),(#2717,#2718),(#2719,
#2720),(#2721,#2722),(#2723,#2724),(#2725,#2726),(#2727,#2728)),
 .UNSPECIFIED.,.F.,.F.,.F.,(4,3,4),(2,2),(0.,0.710283751862527,1.),(0.,
0.3),.UNSPECIFIED.);
#51=B_SPLINE_SURFACE_WITH_KNOTS('',3,1,((#2738,#2739),(#2740,#2741),(#2742,
#2743),(#2744,#2745),(#2746,#2747),(#2748,#2749),(#2750,#2751)),
 .UNSPECIFIED.,.F.,.F.,.F.,(4,3,4),(2,2),(-1.,-0.280742178679682,0.),(0.,
0.3),.UNSPECIFIED.);
#52=B_SPLINE_SURFACE_WITH_KNOTS('',3,1,((#2761,#2762),(#2763,#2764),(#2765,
#2766),(#2767,#2768),(#2769,#2770),(#2771,#2772),(#2773,#2774)),
 .UNSPECIFIED.,.F.,.F.,.F.,(4,3,4),(2,2),(0.,0.710283751862515,1.),(0.,
0.3),.UNSPECIFIED.);
#53=B_SPLINE_SURFACE_WITH_KNOTS('',3,1,((#2784,#2785),(#2786,#2787),(#2788,
#2789),(#2790,#2791),(#2792,#2793),(#2794,#2795),(#2796,#2797)),
 .UNSPECIFIED.,.F.,.F.,.F.,(4,3,4),(2,2),(-1.,-0.28074217867968,0.),(0.,
0.3),.UNSPECIFIED.);
#54=B_SPLINE_SURFACE_WITH_KNOTS('',3,1,((#2807,#2808),(#2809,#2810),(#2811,
#2812),(#2813,#2814),(#2815,#2816),(#2817,#2818),(#2819,#2820)),
 .UNSPECIFIED.,.F.,.F.,.F.,(4,3,4),(2,2),(0.,0.710283751862626,1.),(0.,
0.3),.UNSPECIFIED.);
#55=B_SPLINE_CURVE_WITH_KNOTS('',3,(#1586,#1587,#1588,#1589,#1590,#1591,
#1592),.UNSPECIFIED.,.F.,.F.,(4,3,4),(0.,0.280742178679678,1.),
 .UNSPECIFIED.);
#56=B_SPLINE_CURVE_WITH_KNOTS('',3,(#1594,#1595,#1596,#1597,#1598,#1599,
#1600),.UNSPECIFIED.,.F.,.F.,(4,3,4),(-1.,-0.710283751862569,0.),
 .UNSPECIFIED.);
#57=B_SPLINE_CURVE_WITH_KNOTS('',3,(#1602,#1603,#1604,#1605,#1606,#1607,
#1608),.UNSPECIFIED.,.F.,.F.,(4,3,4),(0.,0.280742178679642,1.),
 .UNSPECIFIED.);
#58=B_SPLINE_CURVE_WITH_KNOTS('',3,(#1610,#1611,#1612,#1613,#1614,#1615,
#1616),.UNSPECIFIED.,.F.,.F.,(4,3,4),(-1.,-0.71028375186255,0.),
 .UNSPECIFIED.);
#59=B_SPLINE_CURVE_WITH_KNOTS('',3,(#1618,#1619,#1620,#1621,#1622,#1623,
#1624),.UNSPECIFIED.,.F.,.F.,(4,3,4),(0.,0.280742178679643,1.),
 .UNSPECIFIED.);
#60=B_SPLINE_CURVE_WITH_KNOTS('',3,(#1626,#1627,#1628,#1629,#1630,#1631,
#1632),.UNSPECIFIED.,.F.,.F.,(4,3,4),(-1.,-0.710283751862529,0.),
 .UNSPECIFIED.);
#61=B_SPLINE_CURVE_WITH_KNOTS('',3,(#1634,#1635,#1636,#1637,#1638,#1639,
#1640),.UNSPECIFIED.,.F.,.F.,(4,3,4),(0.,0.280742178679613,1.),
 .UNSPECIFIED.);
#62=B_SPLINE_CURVE_WITH_KNOTS('',3,(#1642,#1643,#1644,#1645,#1646,#1647,
#1648),.UNSPECIFIED.,.F.,.F.,(4,3,4),(-1.,-0.710283751862391,0.),
 .UNSPECIFIED.);
#63=B_SPLINE_CURVE_WITH_KNOTS('',3,(#1650,#1651,#1652,#1653,#1654,#1655,
#1656),.UNSPECIFIED.,.F.,.F.,(4,3,4),(0.,0.280742178679673,1.),
 .UNSPECIFIED.);
#64=B_SPLINE_CURVE_WITH_KNOTS('',3,(#1658,#1659,#1660,#1661,#1662,#1663,
#1664),.UNSPECIFIED.,.F.,.F.,(4,3,4),(-1.,-0.710283751862469,0.),
 .UNSPECIFIED.);
#65=B_SPLINE_CURVE_WITH_KNOTS('',3,(#1666,#1667,#1668,#1669,#1670,#1671,
#1672),.UNSPECIFIED.,.F.,.F.,(4,3,4),(0.,0.280742178679714,1.),
 .UNSPECIFIED.);
#66=B_SPLINE_CURVE_WITH_KNOTS('',3,(#1674,#1675,#1676,#1677,#1678,#1679,
#1680),.UNSPECIFIED.,.F.,.F.,(4,3,4),(-1.,-0.710283751862515,0.),
 .UNSPECIFIED.);
#67=B_SPLINE_CURVE_WITH_KNOTS('',3,(#1682,#1683,#1684,#1685,#1686,#1687,
#1688),.UNSPECIFIED.,.F.,.F.,(4,3,4),(0.,0.280742178679675,1.),
 .UNSPECIFIED.);
#68=B_SPLINE_CURVE_WITH_KNOTS('',3,(#1690,#1691,#1692,#1693,#1694,#1695,
#1696),.UNSPECIFIED.,.F.,.F.,(4,3,4),(-1.,-0.710283751862494,0.),
 .UNSPECIFIED.);
#69=B_SPLINE_CURVE_WITH_KNOTS('',3,(#1698,#1699,#1700,#1701,#1702,#1703,
#1704),.UNSPECIFIED.,.F.,.F.,(4,3,4),(0.,0.280742178679687,1.),
 .UNSPECIFIED.);
#70=B_SPLINE_CURVE_WITH_KNOTS('',3,(#1706,#1707,#1708,#1709,#1710,#1711,
#1712),.UNSPECIFIED.,.F.,.F.,(4,3,4),(-1.,-0.710283751862601,0.),
 .UNSPECIFIED.);
#71=B_SPLINE_CURVE_WITH_KNOTS('',3,(#1714,#1715,#1716,#1717,#1718,#1719,
#1720),.UNSPECIFIED.,.F.,.F.,(4,3,4),(0.,0.28074217867973,1.),
 .UNSPECIFIED.);
#72=B_SPLINE_CURVE_WITH_KNOTS('',3,(#1722,#1723,#1724,#1725,#1726,#1727,
#1728),.UNSPECIFIED.,.F.,.F.,(4,3,4),(-1.,-0.710283751862477,0.),
 .UNSPECIFIED.);
#73=B_SPLINE_CURVE_WITH_KNOTS('',3,(#1730,#1731,#1732,#1733,#1734,#1735,
#1736),.UNSPECIFIED.,.F.,.F.,(4,3,4),(0.,0.280742178679672,1.),
 .UNSPECIFIED.);
#74=B_SPLINE_CURVE_WITH_KNOTS('',3,(#1738,#1739,#1740,#1741,#1742,#1743,
#1744),.UNSPECIFIED.,.F.,.F.,(4,3,4),(-1.,-0.710283751862452,0.),
 .UNSPECIFIED.);
#75=B_SPLINE_CURVE_WITH_KNOTS('',3,(#1746,#1747,#1748,#1749,#1750,#1751,
#1752),.UNSPECIFIED.,.F.,.F.,(4,3,4),(0.,0.280742178679705,1.),
 .UNSPECIFIED.);
#76=B_SPLINE_CURVE_WITH_KNOTS('',3,(#1754,#1755,#1756,#1757,#1758,#1759,
#1760),.UNSPECIFIED.,.F.,.F.,(4,3,4),(-1.,-0.710283751862464,0.),
 .UNSPECIFIED.);
#77=B_SPLINE_CURVE_WITH_KNOTS('',3,(#1762,#1763,#1764,#1765,#1766,#1767,
#1768),.UNSPECIFIED.,.F.,.F.,(4,3,4),(0.,0.280742178679675,1.),
 .UNSPECIFIED.);
#78=B_SPLINE_CURVE_WITH_KNOTS('',3,(#1770,#1771,#1772,#1773,#1774,#1775,
#1776),.UNSPECIFIED.,.F.,.F.,(4,3,4),(-1.,-0.710283751862494,0.),
 .UNSPECIFIED.);
#79=B_SPLINE_CURVE_WITH_KNOTS('',3,(#1778,#1779,#1780,#1781,#1782,#1783,
#1784),.UNSPECIFIED.,.F.,.F.,(4,3,4),(0.,0.28074217867969,1.),
 .UNSPECIFIED.);
#80=B_SPLINE_CURVE_WITH_KNOTS('',3,(#1786,#1787,#1788,#1789,#1790,#1791,
#1792),.UNSPECIFIED.,.F.,.F.,(4,3,4),(-1.,-0.7102837518624,0.),
 .UNSPECIFIED.);
#81=B_SPLINE_CURVE_WITH_KNOTS('',3,(#1794,#1795,#1796,#1797,#1798,#1799,
#1800),.UNSPECIFIED.,.F.,.F.,(4,3,4),(0.,0.280742178679682,1.),
 .UNSPECIFIED.);
#82=B_SPLINE_CURVE_WITH_KNOTS('',3,(#1802,#1803,#1804,#1805,#1806,#1807,
#1808),.UNSPECIFIED.,.F.,.F.,(4,3,4),(-1.,-0.710283751862515,0.),
 .UNSPECIFIED.);
#83=B_SPLINE_CURVE_WITH_KNOTS('',3,(#1810,#1811,#1812,#1813,#1814,#1815,
#1816),.UNSPECIFIED.,.F.,.F.,(4,3,4),(0.,0.280742178679678,1.),
 .UNSPECIFIED.);
#84=B_SPLINE_CURVE_WITH_KNOTS('',3,(#1818,#1819,#1820,#1821,#1822,#1823,
#1824),.UNSPECIFIED.,.F.,.F.,(4,3,4),(-1.,-0.710283751862362,0.),
 .UNSPECIFIED.);
#85=B_SPLINE_CURVE_WITH_KNOTS('',3,(#1826,#1827,#1828,#1829,#1830,#1831,
#1832),.UNSPECIFIED.,.F.,.F.,(4,3,4),(0.,0.280742178679673,1.),
 .UNSPECIFIED.);
#86=B_SPLINE_CURVE_WITH_KNOTS('',3,(#1834,#1835,#1836,#1837,#1838,#1839,
#1840),.UNSPECIFIED.,.F.,.F.,(4,3,4),(-1.,-0.710283751862568,0.),
 .UNSPECIFIED.);
#87=B_SPLINE_CURVE_WITH_KNOTS('',3,(#1842,#1843,#1844,#1845,#1846,#1847,
#1848),.UNSPECIFIED.,.F.,.F.,(4,3,4),(0.,0.280742178679671,1.),
 .UNSPECIFIED.);
#88=B_SPLINE_CURVE_WITH_KNOTS('',3,(#1850,#1851,#1852,#1853,#1854,#1855,
#1856),.UNSPECIFIED.,.F.,.F.,(4,3,4),(-1.,-0.710283751862544,0.),
 .UNSPECIFIED.);
#89=B_SPLINE_CURVE_WITH_KNOTS('',3,(#1858,#1859,#1860,#1861,#1862,#1863,
#1864),.UNSPECIFIED.,.F.,.F.,(4,3,4),(0.,0.280742178679634,1.),
 .UNSPECIFIED.);
#90=B_SPLINE_CURVE_WITH_KNOTS('',3,(#1866,#1867,#1868,#1869,#1870,#1871,
#1872),.UNSPECIFIED.,.F.,.F.,(4,3,4),(-1.,-0.710283751862527,0.),
 .UNSPECIFIED.);
#91=B_SPLINE_CURVE_WITH_KNOTS('',3,(#1874,#1875,#1876,#1877,#1878,#1879,
#1880),.UNSPECIFIED.,.F.,.F.,(4,3,4),(0.,0.280742178679682,1.),
 .UNSPECIFIED.);
#92=B_SPLINE_CURVE_WITH_KNOTS('',3,(#1882,#1883,#1884,#1885,#1886,#1887,
#1888),.UNSPECIFIED.,.F.,.F.,(4,3,4),(-1.,-0.710283751862515,0.),
 .UNSPECIFIED.);
#93=B_SPLINE_CURVE_WITH_KNOTS('',3,(#1890,#1891,#1892,#1893,#1894,#1895,
#1896),.UNSPECIFIED.,.F.,.F.,(4,3,4),(0.,0.28074217867968,1.),
 .UNSPECIFIED.);
#94=B_SPLINE_CURVE_WITH_KNOTS('',3,(#1897,#1898,#1899,#1900,#1901,#1902,
#1903),.UNSPECIFIED.,.F.,.F.,(4,3,4),(-1.,-0.710283751862626,0.),
 .UNSPECIFIED.);
#95=B_SPLINE_CURVE_WITH_KNOTS('',3,(#1925,#1926,#1927,#1928,#1929,#1930,
#1931),.UNSPECIFIED.,.F.,.F.,(4,3,4),(-1.,-0.280742178679678,0.),
 .UNSPECIFIED.);
#96=B_SPLINE_CURVE_WITH_KNOTS('',3,(#1948,#1949,#1950,#1951,#1952,#1953,
#1954),.UNSPECIFIED.,.F.,.F.,(4,3,4),(0.,0.710283751862569,1.),
 .UNSPECIFIED.);
#97=B_SPLINE_CURVE_WITH_KNOTS('',3,(#1971,#1972,#1973,#1974,#1975,#1976,
#1977),.UNSPECIFIED.,.F.,.F.,(4,3,4),(-1.,-0.280742178679642,0.),
 .UNSPECIFIED.);
#98=B_SPLINE_CURVE_WITH_KNOTS('',3,(#1994,#1995,#1996,#1997,#1998,#1999,
#2000),.UNSPECIFIED.,.F.,.F.,(4,3,4),(0.,0.71028375186255,1.),
 .UNSPECIFIED.);
#99=B_SPLINE_CURVE_WITH_KNOTS('',3,(#2017,#2018,#2019,#2020,#2021,#2022,
#2023),.UNSPECIFIED.,.F.,.F.,(4,3,4),(-1.,-0.280742178679643,0.),
 .UNSPECIFIED.);
#100=B_SPLINE_CURVE_WITH_KNOTS('',3,(#2040,#2041,#2042,#2043,#2044,#2045,
#2046),.UNSPECIFIED.,.F.,.F.,(4,3,4),(0.,0.710283751862529,1.),
 .UNSPECIFIED.);
#101=B_SPLINE_CURVE_WITH_KNOTS('',3,(#2063,#2064,#2065,#2066,#2067,#2068,
#2069),.UNSPECIFIED.,.F.,.F.,(4,3,4),(-1.,-0.280742178679613,0.),
 .UNSPECIFIED.);
#102=B_SPLINE_CURVE_WITH_KNOTS('',3,(#2086,#2087,#2088,#2089,#2090,#2091,
#2092),.UNSPECIFIED.,.F.,.F.,(4,3,4),(0.,0.710283751862391,1.),
 .UNSPECIFIED.);
#103=B_SPLINE_CURVE_WITH_KNOTS('',3,(#2109,#2110,#2111,#2112,#2113,#2114,
#2115),.UNSPECIFIED.,.F.,.F.,(4,3,4),(-1.,-0.280742178679673,0.),
 .UNSPECIFIED.);
#104=B_SPLINE_CURVE_WITH_KNOTS('',3,(#2132,#2133,#2134,#2135,#2136,#2137,
#2138),.UNSPECIFIED.,.F.,.F.,(4,3,4),(0.,0.710283751862469,1.),
 .UNSPECIFIED.);
#105=B_SPLINE_CURVE_WITH_KNOTS('',3,(#2155,#2156,#2157,#2158,#2159,#2160,
#2161),.UNSPECIFIED.,.F.,.F.,(4,3,4),(-1.,-0.280742178679714,0.),
 .UNSPECIFIED.);
#106=B_SPLINE_CURVE_WITH_KNOTS('',3,(#2178,#2179,#2180,#2181,#2182,#2183,
#2184),.UNSPECIFIED.,.F.,.F.,(4,3,4),(0.,0.710283751862515,1.),
 .UNSPECIFIED.);
#107=B_SPLINE_CURVE_WITH_KNOTS('',3,(#2201,#2202,#2203,#2204,#2205,#2206,
#2207),.UNSPECIFIED.,.F.,.F.,(4,3,4),(-1.,-0.280742178679675,0.),
 .UNSPECIFIED.);
#108=B_SPLINE_CURVE_WITH_KNOTS('',3,(#2224,#2225,#2226,#2227,#2228,#2229,
#2230),.UNSPECIFIED.,.F.,.F.,(4,3,4),(0.,0.710283751862494,1.),
 .UNSPECIFIED.);
#109=B_SPLINE_CURVE_WITH_KNOTS('',3,(#2247,#2248,#2249,#2250,#2251,#2252,
#2253),.UNSPECIFIED.,.F.,.F.,(4,3,4),(-1.,-0.280742178679687,0.),
 .UNSPECIFIED.);
#110=B_SPLINE_CURVE_WITH_KNOTS('',3,(#2270,#2271,#2272,#2273,#2274,#2275,
#2276),.UNSPECIFIED.,.F.,.F.,(4,3,4),(0.,0.710283751862601,1.),
 .UNSPECIFIED.);
#111=B_SPLINE_CURVE_WITH_KNOTS('',3,(#2293,#2294,#2295,#2296,#2297,#2298,
#2299),.UNSPECIFIED.,.F.,.F.,(4,3,4),(-1.,-0.28074217867973,0.),
 .UNSPECIFIED.);
#112=B_SPLINE_CURVE_WITH_KNOTS('',3,(#2316,#2317,#2318,#2319,#2320,#2321,
#2322),.UNSPECIFIED.,.F.,.F.,(4,3,4),(0.,0.710283751862477,1.),
 .UNSPECIFIED.);
#113=B_SPLINE_CURVE_WITH_KNOTS('',3,(#2339,#2340,#2341,#2342,#2343,#2344,
#2345),.UNSPECIFIED.,.F.,.F.,(4,3,4),(-1.,-0.280742178679672,0.),
 .UNSPECIFIED.);
#114=B_SPLINE_CURVE_WITH_KNOTS('',3,(#2362,#2363,#2364,#2365,#2366,#2367,
#2368),.UNSPECIFIED.,.F.,.F.,(4,3,4),(0.,0.710283751862452,1.),
 .UNSPECIFIED.);
#115=B_SPLINE_CURVE_WITH_KNOTS('',3,(#2385,#2386,#2387,#2388,#2389,#2390,
#2391),.UNSPECIFIED.,.F.,.F.,(4,3,4),(-1.,-0.280742178679705,0.),
 .UNSPECIFIED.);
#116=B_SPLINE_CURVE_WITH_KNOTS('',3,(#2408,#2409,#2410,#2411,#2412,#2413,
#2414),.UNSPECIFIED.,.F.,.F.,(4,3,4),(0.,0.710283751862464,1.),
 .UNSPECIFIED.);
#117=B_SPLINE_CURVE_WITH_KNOTS('',3,(#2431,#2432,#2433,#2434,#2435,#2436,
#2437),.UNSPECIFIED.,.F.,.F.,(4,3,4),(-1.,-0.280742178679675,0.),
 .UNSPECIFIED.);
#118=B_SPLINE_CURVE_WITH_KNOTS('',3,(#2454,#2455,#2456,#2457,#2458,#2459,
#2460),.UNSPECIFIED.,.F.,.F.,(4,3,4),(0.,0.710283751862494,1.),
 .UNSPECIFIED.);
#119=B_SPLINE_CURVE_WITH_KNOTS('',3,(#2477,#2478,#2479,#2480,#2481,#2482,
#2483),.UNSPECIFIED.,.F.,.F.,(4,3,4),(-1.,-0.28074217867969,0.),
 .UNSPECIFIED.);
#120=B_SPLINE_CURVE_WITH_KNOTS('',3,(#2500,#2501,#2502,#2503,#2504,#2505,
#2506),.UNSPECIFIED.,.F.,.F.,(4,3,4),(0.,0.7102837518624,1.),
 .UNSPECIFIED.);
#121=B_SPLINE_CURVE_WITH_KNOTS('',3,(#2523,#2524,#2525,#2526,#2527,#2528,
#2529),.UNSPECIFIED.,.F.,.F.,(4,3,4),(-1.,-0.280742178679682,0.),
 .UNSPECIFIED.);
#122=B_SPLINE_CURVE_WITH_KNOTS('',3,(#2546,#2547,#2548,#2549,#2550,#2551,
#2552),.UNSPECIFIED.,.F.,.F.,(4,3,4),(0.,0.710283751862515,1.),
 .UNSPECIFIED.);
#123=B_SPLINE_CURVE_WITH_KNOTS('',3,(#2569,#2570,#2571,#2572,#2573,#2574,
#2575),.UNSPECIFIED.,.F.,.F.,(4,3,4),(-1.,-0.280742178679678,0.),
 .UNSPECIFIED.);
#124=B_SPLINE_CURVE_WITH_KNOTS('',3,(#2592,#2593,#2594,#2595,#2596,#2597,
#2598),.UNSPECIFIED.,.F.,.F.,(4,3,4),(0.,0.710283751862362,1.),
 .UNSPECIFIED.);
#125=B_SPLINE_CURVE_WITH_KNOTS('',3,(#2615,#2616,#2617,#2618,#2619,#2620,
#2621),.UNSPECIFIED.,.F.,.F.,(4,3,4),(-1.,-0.280742178679673,0.),
 .UNSPECIFIED.);
#126=B_SPLINE_CURVE_WITH_KNOTS('',3,(#2638,#2639,#2640,#2641,#2642,#2643,
#2644),.UNSPECIFIED.,.F.,.F.,(4,3,4),(0.,0.710283751862568,1.),
 .UNSPECIFIED.);
#127=B_SPLINE_CURVE_WITH_KNOTS('',3,(#2661,#2662,#2663,#2664,#2665,#2666,
#2667),.UNSPECIFIED.,.F.,.F.,(4,3,4),(-1.,-0.280742178679671,0.),
 .UNSPECIFIED.);
#128=B_SPLINE_CURVE_WITH_KNOTS('',3,(#2684,#2685,#2686,#2687,#2688,#2689,
#2690),.UNSPECIFIED.,.F.,.F.,(4,3,4),(0.,0.710283751862544,1.),
 .UNSPECIFIED.);
#129=B_SPLINE_CURVE_WITH_KNOTS('',3,(#2707,#2708,#2709,#2710,#2711,#2712,
#2713),.UNSPECIFIED.,.F.,.F.,(4,3,4),(-1.,-0.280742178679634,0.),
 .UNSPECIFIED.);
#130=B_SPLINE_CURVE_WITH_KNOTS('',3,(#2730,#2731,#2732,#2733,#2734,#2735,
#2736),.UNSPECIFIED.,.F.,.F.,(4,3,4),(0.,0.710283751862527,1.),
 .UNSPECIFIED.);
#131=B_SPLINE_CURVE_WITH_KNOTS('',3,(#2753,#2754,#2755,#2756,#2757,#2758,
#2759),.UNSPECIFIED.,.F.,.F.,(4,3,4),(-1.,-0.280742178679682,0.),
 .UNSPECIFIED.);
#132=B_SPLINE_CURVE_WITH_KNOTS('',3,(#2776,#2777,#2778,#2779,#2780,#2781,
#2782),.UNSPECIFIED.,.F.,.F.,(4,3,4),(0.,0.710283751862515,1.),
 .UNSPECIFIED.);
#133=B_SPLINE_CURVE_WITH_KNOTS('',3,(#2799,#2800,#2801,#2802,#2803,#2804,
#2805),.UNSPECIFIED.,.F.,.F.,(4,3,4),(-1.,-0.28074217867968,0.),
 .UNSPECIFIED.);
#134=B_SPLINE_CURVE_WITH_KNOTS('',3,(#2821,#2822,#2823,#2824,#2825,#2826,
#2827),.UNSPECIFIED.,.F.,.F.,(4,3,4),(0.,0.710283751862626,1.),
 .UNSPECIFIED.);
#135=CONICAL_SURFACE('',#1219,3.469658575071,0.785398214196853);
#136=CONICAL_SURFACE('',#1225,3.4696584486797,0.785398112598027);
#137=CONICAL_SURFACE('',#1255,5.90199224458043,0.785398163397442);
#138=CONICAL_SURFACE('',#1262,5.90199224458043,0.785398163397442);
#139=TOROIDAL_SURFACE('',#1213,4.41766626729493,1.55);
#140=TOROIDAL_SURFACE('',#1258,6.85,1.55);
#141=FACE_BOUND('',#225,.T.);
#142=FACE_BOUND('',#227,.T.);
#143=FACE_BOUND('',#234,.T.);
#144=FACE_BOUND('',#244,.T.);
#145=FACE_BOUND('',#251,.T.);
#146=FACE_BOUND('',#294,.T.);
#147=PLANE('',#1205);
#148=PLANE('',#1206);
#149=PLANE('',#1208);
#150=PLANE('',#1226);
#151=PLANE('',#1242);
#152=PLANE('',#1251);
#153=PLANE('',#1265);
#154=PLANE('',#1268);
#155=FACE_OUTER_BOUND('',#222,.T.);
#156=FACE_OUTER_BOUND('',#223,.T.);
#157=FACE_OUTER_BOUND('',#224,.T.);
#158=FACE_OUTER_BOUND('',#226,.T.);
#159=FACE_OUTER_BOUND('',#228,.T.);
#160=FACE_OUTER_BOUND('',#229,.T.);
#161=FACE_OUTER_BOUND('',#230,.T.);
#162=FACE_OUTER_BOUND('',#231,.T.);
#163=FACE_OUTER_BOUND('',#232,.T.);
#164=FACE_OUTER_BOUND('',#233,.T.);
#165=FACE_OUTER_BOUND('',#235,.T.);
#166=FACE_OUTER_BOUND('',#236,.T.);
#167=FACE_OUTER_BOUND('',#237,.T.);
#168=FACE_OUTER_BOUND('',#238,.T.);
#169=FACE_OUTER_BOUND('',#239,.T.);
#170=FACE_OUTER_BOUND('',#240,.T.);
#171=FACE_OUTER_BOUND('',#241,.T.);
#172=FACE_OUTER_BOUND('',#242,.T.);
#173=FACE_OUTER_BOUND('',#243,.T.);
#174=FACE_OUTER_BOUND('',#245,.T.);
#175=FACE_OUTER_BOUND('',#246,.T.);
#176=FACE_OUTER_BOUND('',#247,.T.);
#177=FACE_OUTER_BOUND('',#248,.T.);
#178=FACE_OUTER_BOUND('',#249,.T.);
#179=FACE_OUTER_BOUND('',#250,.T.);
#180=FACE_OUTER_BOUND('',#252,.T.);
#181=FACE_OUTER_BOUND('',#253,.T.);
#182=FACE_OUTER_BOUND('',#254,.T.);
#183=FACE_OUTER_BOUND('',#255,.T.);
#184=FACE_OUTER_BOUND('',#256,.T.);
#185=FACE_OUTER_BOUND('',#257,.T.);
#186=FACE_OUTER_BOUND('',#258,.T.);
#187=FACE_OUTER_BOUND('',#259,.T.);
#188=FACE_OUTER_BOUND('',#260,.T.);
#189=FACE_OUTER_BOUND('',#261,.T.);
#190=FACE_OUTER_BOUND('',#262,.T.);
#191=FACE_OUTER_BOUND('',#263,.T.);
#192=FACE_OUTER_BOUND('',#264,.T.);
#193=FACE_OUTER_BOUND('',#265,.T.);
#194=FACE_OUTER_BOUND('',#266,.T.);
#195=FACE_OUTER_BOUND('',#267,.T.);
#196=FACE_OUTER_BOUND('',#268,.T.);
#197=FACE_OUTER_BOUND('',#269,.T.);
#198=FACE_OUTER_BOUND('',#270,.T.);
#199=FACE_OUTER_BOUND('',#271,.T.);
#200=FACE_OUTER_BOUND('',#272,.T.);
#201=FACE_OUTER_BOUND('',#273,.T.);
#202=FACE_OUTER_BOUND('',#274,.T.);
#203=FACE_OUTER_BOUND('',#275,.T.);
#204=FACE_OUTER_BOUND('',#276,.T.);
#205=FACE_OUTER_BOUND('',#277,.T.);
#206=FACE_OUTER_BOUND('',#278,.T.);
#207=FACE_OUTER_BOUND('',#279,.T.);
#208=FACE_OUTER_BOUND('',#280,.T.);
#209=FACE_OUTER_BOUND('',#281,.T.);
#210=FACE_OUTER_BOUND('',#282,.T.);
#211=FACE_OUTER_BOUND('',#283,.T.);
#212=FACE_OUTER_BOUND('',#284,.T.);
#213=FACE_OUTER_BOUND('',#285,.T.);
#214=FACE_OUTER_BOUND('',#286,.T.);
#215=FACE_OUTER_BOUND('',#287,.T.);
#216=FACE_OUTER_BOUND('',#288,.T.);
#217=FACE_OUTER_BOUND('',#289,.T.);
#218=FACE_OUTER_BOUND('',#290,.T.);
#219=FACE_OUTER_BOUND('',#291,.T.);
#220=FACE_OUTER_BOUND('',#292,.T.);
#221=FACE_OUTER_BOUND('',#293,.T.);
#222=EDGE_LOOP('',(#750,#751,#752,#753));
#223=EDGE_LOOP('',(#754));
#224=EDGE_LOOP('',(#755));
#225=EDGE_LOOP('',(#756));
#226=EDGE_LOOP('',(#757));
#227=EDGE_LOOP('',(#758));
#228=EDGE_LOOP('',(#759,#760,#761,#762));
#229=EDGE_LOOP('',(#763,#764,#765,#766,#767,#768));
#230=EDGE_LOOP('',(#769,#770,#771,#772,#773));
#231=EDGE_LOOP('',(#774,#775,#776,#777,#778,#779,#780,#781));
#232=EDGE_LOOP('',(#782,#783,#784,#785,#786));
#233=EDGE_LOOP('',(#787,#788,#789,#790));
#234=EDGE_LOOP('',(#791));
#235=EDGE_LOOP('',(#792,#793,#794,#795));
#236=EDGE_LOOP('',(#796,#797,#798,#799));
#237=EDGE_LOOP('',(#800,#801,#802,#803));
#238=EDGE_LOOP('',(#804,#805,#806,#807));
#239=EDGE_LOOP('',(#808,#809,#810,#811,#812,#813,#814,#815,#816));
#240=EDGE_LOOP('',(#817,#818,#819,#820));
#241=EDGE_LOOP('',(#821,#822,#823,#824,#825,#826,#827,#828));
#242=EDGE_LOOP('',(#829,#830,#831,#832));
#243=EDGE_LOOP('',(#833));
#244=EDGE_LOOP('',(#834));
#245=EDGE_LOOP('',(#835,#836,#837,#838));
#246=EDGE_LOOP('',(#839,#840,#841,#842,#843));
#247=EDGE_LOOP('',(#844,#845,#846,#847,#848,#849));
#248=EDGE_LOOP('',(#850,#851,#852,#853,#854));
#249=EDGE_LOOP('',(#855,#856,#857,#858));
#250=EDGE_LOOP('',(#859,#860,#861,#862,#863,#864,#865,#866,#867,#868,#869,
#870,#871,#872,#873,#874,#875,#876,#877,#878,#879,#880,#881,#882,#883,#884,
#885,#886,#887,#888,#889,#890,#891,#892,#893,#894,#895,#896,#897,#898));
#251=EDGE_LOOP('',(#899));
#252=EDGE_LOOP('',(#900,#901,#902,#903));
#253=EDGE_LOOP('',(#904,#905,#906,#907));
#254=EDGE_LOOP('',(#908,#909,#910,#911));
#255=EDGE_LOOP('',(#912,#913,#914,#915));
#256=EDGE_LOOP('',(#916,#917,#918,#919));
#257=EDGE_LOOP('',(#920,#921,#922,#923));
#258=EDGE_LOOP('',(#924,#925,#926,#927));
#259=EDGE_LOOP('',(#928,#929,#930,#931));
#260=EDGE_LOOP('',(#932,#933,#934,#935));
#261=EDGE_LOOP('',(#936,#937,#938,#939));
#262=EDGE_LOOP('',(#940,#941,#942,#943));
#263=EDGE_LOOP('',(#944,#945,#946,#947));
#264=EDGE_LOOP('',(#948,#949,#950,#951));
#265=EDGE_LOOP('',(#952,#953,#954,#955));
#266=EDGE_LOOP('',(#956,#957,#958,#959));
#267=EDGE_LOOP('',(#960,#961,#962,#963));
#268=EDGE_LOOP('',(#964,#965,#966,#967));
#269=EDGE_LOOP('',(#968,#969,#970,#971));
#270=EDGE_LOOP('',(#972,#973,#974,#975));
#271=EDGE_LOOP('',(#976,#977,#978,#979));
#272=EDGE_LOOP('',(#980,#981,#982,#983));
#273=EDGE_LOOP('',(#984,#985,#986,#987));
#274=EDGE_LOOP('',(#988,#989,#990,#991));
#275=EDGE_LOOP('',(#992,#993,#994,#995));
#276=EDGE_LOOP('',(#996,#997,#998,#999));
#277=EDGE_LOOP('',(#1000,#1001,#1002,#1003));
#278=EDGE_LOOP('',(#1004,#1005,#1006,#1007));
#279=EDGE_LOOP('',(#1008,#1009,#1010,#1011));
#280=EDGE_LOOP('',(#1012,#1013,#1014,#1015));
#281=EDGE_LOOP('',(#1016,#1017,#1018,#1019));
#282=EDGE_LOOP('',(#1020,#1021,#1022,#1023));
#283=EDGE_LOOP('',(#1024,#1025,#1026,#1027));
#284=EDGE_LOOP('',(#1028,#1029,#1030,#1031));
#285=EDGE_LOOP('',(#1032,#1033,#1034,#1035));
#286=EDGE_LOOP('',(#1036,#1037,#1038,#1039));
#287=EDGE_LOOP('',(#1040,#1041,#1042,#1043));
#288=EDGE_LOOP('',(#1044,#1045,#1046,#1047));
#289=EDGE_LOOP('',(#1048,#1049,#1050,#1051));
#290=EDGE_LOOP('',(#1052,#1053,#1054,#1055));
#291=EDGE_LOOP('',(#1056,#1057,#1058,#1059));
#292=EDGE_LOOP('',(#1060,#1061,#1062,#1063));
#293=EDGE_LOOP('',(#1064,#1065,#1066,#1067));
#294=EDGE_LOOP('',(#1068,#1069,#1070,#1071,#1072,#1073,#1074,#1075,#1076,
#1077,#1078,#1079,#1080,#1081,#1082,#1083,#1084,#1085,#1086,#1087,#1088,
#1089,#1090,#1091,#1092,#1093,#1094,#1095,#1096,#1097,#1098,#1099,#1100,
#1101,#1102,#1103,#1104,#1105,#1106,#1107));
#295=LINE('',#1469,#354);
#296=LINE('',#1482,#355);
#297=LINE('',#1495,#356);
#298=LINE('',#1500,#357);
#299=LINE('',#1504,#358);
#300=LINE('',#1508,#359);
#301=LINE('',#1511,#360);
#302=LINE('',#1523,#361);
#303=LINE('',#1529,#362);
#304=LINE('',#1532,#363);
#305=LINE('',#1538,#364);
#306=LINE('',#1544,#365);
#307=LINE('',#1551,#366);
#308=LINE('',#1556,#367);
#309=LINE('',#1564,#368);
#310=LINE('',#1569,#369);
#311=LINE('',#1580,#370);
#312=LINE('',#1582,#371);
#313=LINE('',#1907,#372);
#314=LINE('',#1923,#373);
#315=LINE('',#1932,#374);
#316=LINE('',#1955,#375);
#317=LINE('',#1978,#376);
#318=LINE('',#2001,#377);
#319=LINE('',#2024,#378);
#320=LINE('',#2047,#379);
#321=LINE('',#2070,#380);
#322=LINE('',#2093,#381);
#323=LINE('',#2116,#382);
#324=LINE('',#2139,#383);
#325=LINE('',#2162,#384);
#326=LINE('',#2185,#385);
#327=LINE('',#2208,#386);
#328=LINE('',#2231,#387);
#329=LINE('',#2254,#388);
#330=LINE('',#2277,#389);
#331=LINE('',#2300,#390);
#332=LINE('',#2323,#391);
#333=LINE('',#2346,#392);
#334=LINE('',#2369,#393);
#335=LINE('',#2392,#394);
#336=LINE('',#2415,#395);
#337=LINE('',#2438,#396);
#338=LINE('',#2461,#397);
#339=LINE('',#2484,#398);
#340=LINE('',#2507,#399);
#341=LINE('',#2530,#400);
#342=LINE('',#2553,#401);
#343=LINE('',#2576,#402);
#344=LINE('',#2599,#403);
#345=LINE('',#2622,#404);
#346=LINE('',#2645,#405);
#347=LINE('',#2668,#406);
#348=LINE('',#2691,#407);
#349=LINE('',#2714,#408);
#350=LINE('',#2737,#409);
#351=LINE('',#2760,#410);
#352=LINE('',#2783,#411);
#353=LINE('',#2806,#412);
#354=VECTOR('',#1275,0.999999999999996);
#355=VECTOR('',#1292,3.61766642965063);
#356=VECTOR('',#1309,3.469658575071);
#357=VECTOR('',#1314,3.61766610493921);
#358=VECTOR('',#1317,10.);
#359=VECTOR('',#1320,10.);
#360=VECTOR('',#1325,3.4696584486797);
#361=VECTOR('',#1340,10.);
#362=VECTOR('',#1345,10.);
#363=VECTOR('',#1348,10.);
#364=VECTOR('',#1355,10.);
#365=VECTOR('',#1362,10.);
#366=VECTOR('',#1373,10.);
#367=VECTOR('',#1380,4.1);
#368=VECTOR('',#1391,6.05);
#369=VECTOR('',#1396,5.90199224458043);
#370=VECTOR('',#1411,5.90199224458043);
#371=VECTOR('',#1414,6.05);
#372=VECTOR('',#1421,1.);
#373=VECTOR('',#1422,10.);
#374=VECTOR('',#1423,10.);
#375=VECTOR('',#1424,10.);
#376=VECTOR('',#1425,10.);
#377=VECTOR('',#1426,10.);
#378=VECTOR('',#1427,10.);
#379=VECTOR('',#1428,10.);
#380=VECTOR('',#1429,10.);
#381=VECTOR('',#1430,10.);
#382=VECTOR('',#1431,10.);
#383=VECTOR('',#1432,10.);
#384=VECTOR('',#1433,10.);
#385=VECTOR('',#1434,10.);
#386=VECTOR('',#1435,10.);
#387=VECTOR('',#1436,10.);
#388=VECTOR('',#1437,10.);
#389=VECTOR('',#1438,10.);
#390=VECTOR('',#1439,10.);
#391=VECTOR('',#1440,10.);
#392=VECTOR('',#1441,10.);
#393=VECTOR('',#1442,10.);
#394=VECTOR('',#1443,10.);
#395=VECTOR('',#1444,10.);
#396=VECTOR('',#1445,10.);
#397=VECTOR('',#1446,10.);
#398=VECTOR('',#1447,10.);
#399=VECTOR('',#1448,10.);
#400=VECTOR('',#1449,10.);
#401=VECTOR('',#1450,10.);
#402=VECTOR('',#1451,10.);
#403=VECTOR('',#1452,10.);
#404=VECTOR('',#1453,10.);
#405=VECTOR('',#1454,10.);
#406=VECTOR('',#1455,10.);
#407=VECTOR('',#1456,10.);
#408=VECTOR('',#1457,10.);
#409=VECTOR('',#1458,10.);
#410=VECTOR('',#1459,10.);
#411=VECTOR('',#1460,10.);
#412=VECTOR('',#1461,10.);
#413=CIRCLE('',#1203,0.999999999999996);
#414=CIRCLE('',#1204,0.999999999999996);
#415=CIRCLE('',#1207,3.61766642965064);
#416=CIRCLE('',#1209,6.05);
#417=CIRCLE('',#1210,4.1);
#418=CIRCLE('',#1212,3.61766633800928);
#419=CIRCLE('',#1214,3.32165070077883);
#420=CIRCLE('',#1215,1.55);
#421=CIRCLE('',#1216,3.32165081213272);
#422=CIRCLE('',#1217,3.32165081213272);
#423=CIRCLE('',#1218,3.32165070077883);
#424=CIRCLE('',#1221,3.61766619658057);
#425=CIRCLE('',#1222,3.61766610493922);
#426=CIRCLE('',#1223,3.61766610493922);
#427=CIRCLE('',#1224,3.61766610493922);
#428=CIRCLE('',#1227,90.);
#429=CIRCLE('',#1228,10.);
#430=CIRCLE('',#1229,40.0000000000009);
#431=CIRCLE('',#1230,6.05);
#432=CIRCLE('',#1232,90.);
#433=CIRCLE('',#1234,57.7136705535787);
#434=CIRCLE('',#1235,57.7136705535787);
#435=CIRCLE('',#1237,7.9999999990566);
#436=CIRCLE('',#1238,7.9999999990566);
#437=CIRCLE('',#1240,30.3039824981886);
#438=CIRCLE('',#1241,30.3039824981886);
#439=CIRCLE('',#1243,40.0000000000009);
#440=CIRCLE('',#1244,10.);
#441=CIRCLE('',#1245,10.);
#442=CIRCLE('',#1248,10.);
#443=CIRCLE('',#1250,4.1);
#444=CIRCLE('',#1252,1.);
#445=CIRCLE('',#1254,6.05);
#446=CIRCLE('',#1256,5.75398448916085);
#447=CIRCLE('',#1257,5.75398448916085);
#448=CIRCLE('',#1259,1.55);
#449=CIRCLE('',#1260,5.75398448916085);
#450=CIRCLE('',#1261,5.75398448916085);
#451=CIRCLE('',#1263,6.05);
#452=CIRCLE('',#1266,1.);
#453=VERTEX_POINT('',#1466);
#454=VERTEX_POINT('',#1468);
#455=VERTEX_POINT('',#1473);
#456=VERTEX_POINT('',#1476);
#457=VERTEX_POINT('',#1478);
#458=VERTEX_POINT('',#1481);
#459=VERTEX_POINT('',#1485);
#460=VERTEX_POINT('',#1486);
#461=VERTEX_POINT('',#1488);
#462=VERTEX_POINT('',#1490);
#463=VERTEX_POINT('',#1497);
#464=VERTEX_POINT('',#1499);
#465=VERTEX_POINT('',#1501);
#466=VERTEX_POINT('',#1503);
#467=VERTEX_POINT('',#1505);
#468=VERTEX_POINT('',#1507);
#469=VERTEX_POINT('',#1513);
#470=VERTEX_POINT('',#1515);
#471=VERTEX_POINT('',#1518);
#472=VERTEX_POINT('',#1521);
#473=VERTEX_POINT('',#1525);
#474=VERTEX_POINT('',#1526);
#475=VERTEX_POINT('',#1528);
#476=VERTEX_POINT('',#1530);
#477=VERTEX_POINT('',#1534);
#478=VERTEX_POINT('',#1536);
#479=VERTEX_POINT('',#1540);
#480=VERTEX_POINT('',#1542);
#481=VERTEX_POINT('',#1546);
#482=VERTEX_POINT('',#1555);
#483=VERTEX_POINT('',#1559);
#484=VERTEX_POINT('',#1562);
#485=VERTEX_POINT('',#1566);
#486=VERTEX_POINT('',#1567);
#487=VERTEX_POINT('',#1572);
#488=VERTEX_POINT('',#1574);
#489=VERTEX_POINT('',#1578);
#490=VERTEX_POINT('',#1584);
#491=VERTEX_POINT('',#1585);
#492=VERTEX_POINT('',#1593);
#493=VERTEX_POINT('',#1601);
#494=VERTEX_POINT('',#1609);
#495=VERTEX_POINT('',#1617);
#496=VERTEX_POINT('',#1625);
#497=VERTEX_POINT('',#1633);
#498=VERTEX_POINT('',#1641);
#499=VERTEX_POINT('',#1649);
#500=VERTEX_POINT('',#1657);
#501=VERTEX_POINT('',#1665);
#502=VERTEX_POINT('',#1673);
#503=VERTEX_POINT('',#1681);
#504=VERTEX_POINT('',#1689);
#505=VERTEX_POINT('',#1697);
#506=VERTEX_POINT('',#1705);
#507=VERTEX_POINT('',#1713);
#508=VERTEX_POINT('',#1721);
#509=VERTEX_POINT('',#1729);
#510=VERTEX_POINT('',#1737);
#511=VERTEX_POINT('',#1745);
#512=VERTEX_POINT('',#1753);
#513=VERTEX_POINT('',#1761);
#514=VERTEX_POINT('',#1769);
#515=VERTEX_POINT('',#1777);
#516=VERTEX_POINT('',#1785);
#517=VERTEX_POINT('',#1793);
#518=VERTEX_POINT('',#1801);
#519=VERTEX_POINT('',#1809);
#520=VERTEX_POINT('',#1817);
#521=VERTEX_POINT('',#1825);
#522=VERTEX_POINT('',#1833);
#523=VERTEX_POINT('',#1841);
#524=VERTEX_POINT('',#1849);
#525=VERTEX_POINT('',#1857);
#526=VERTEX_POINT('',#1865);
#527=VERTEX_POINT('',#1873);
#528=VERTEX_POINT('',#1881);
#529=VERTEX_POINT('',#1889);
#530=VERTEX_POINT('',#1904);
#531=VERTEX_POINT('',#1922);
#532=VERTEX_POINT('',#1924);
#533=VERTEX_POINT('',#1947);
#534=VERTEX_POINT('',#1970);
#535=VERTEX_POINT('',#1993);
#536=VERTEX_POINT('',#2016);
#537=VERTEX_POINT('',#2039);
#538=VERTEX_POINT('',#2062);
#539=VERTEX_POINT('',#2085);
#540=VERTEX_POINT('',#2108);
#541=VERTEX_POINT('',#2131);
#542=VERTEX_POINT('',#2154);
#543=VERTEX_POINT('',#2177);
#544=VERTEX_POINT('',#2200);
#545=VERTEX_POINT('',#2223);
#546=VERTEX_POINT('',#2246);
#547=VERTEX_POINT('',#2269);
#548=VERTEX_POINT('',#2292);
#549=VERTEX_POINT('',#2315);
#550=VERTEX_POINT('',#2338);
#551=VERTEX_POINT('',#2361);
#552=VERTEX_POINT('',#2384);
#553=VERTEX_POINT('',#2407);
#554=VERTEX_POINT('',#2430);
#555=VERTEX_POINT('',#2453);
#556=VERTEX_POINT('',#2476);
#557=VERTEX_POINT('',#2499);
#558=VERTEX_POINT('',#2522);
#559=VERTEX_POINT('',#2545);
#560=VERTEX_POINT('',#2568);
#561=VERTEX_POINT('',#2591);
#562=VERTEX_POINT('',#2614);
#563=VERTEX_POINT('',#2637);
#564=VERTEX_POINT('',#2660);
#565=VERTEX_POINT('',#2683);
#566=VERTEX_POINT('',#2706);
#567=VERTEX_POINT('',#2729);
#568=VERTEX_POINT('',#2752);
#569=VERTEX_POINT('',#2775);
#570=VERTEX_POINT('',#2798);
#571=EDGE_CURVE('',#453,#453,#413,.T.);
#572=EDGE_CURVE('',#453,#454,#295,.T.);
#573=EDGE_CURVE('',#454,#454,#414,.T.);
#574=EDGE_CURVE('',#455,#455,#415,.T.);
#575=EDGE_CURVE('',#456,#456,#416,.T.);
#576=EDGE_CURVE('',#457,#457,#417,.T.);
#577=EDGE_CURVE('',#455,#458,#296,.T.);
#578=EDGE_CURVE('',#458,#458,#418,.T.);
#579=EDGE_CURVE('',#459,#460,#419,.T.);
#580=EDGE_CURVE('',#460,#461,#420,.T.);
#581=EDGE_CURVE('',#462,#461,#421,.T.);
#582=EDGE_CURVE('',#461,#462,#422,.T.);
#583=EDGE_CURVE('',#460,#459,#423,.T.);
#584=EDGE_CURVE('',#458,#462,#297,.T.);
#585=EDGE_CURVE('',#463,#463,#424,.T.);
#586=EDGE_CURVE('',#463,#464,#298,.T.);
#587=EDGE_CURVE('',#465,#464,#425,.T.);
#588=EDGE_CURVE('',#466,#465,#299,.T.);
#589=EDGE_CURVE('',#467,#466,#426,.T.);
#590=EDGE_CURVE('',#468,#467,#300,.T.);
#591=EDGE_CURVE('',#464,#468,#427,.T.);
#592=EDGE_CURVE('',#459,#463,#301,.T.);
#593=EDGE_CURVE('',#469,#466,#428,.T.);
#594=EDGE_CURVE('',#469,#470,#429,.T.);
#595=EDGE_CURVE('',#467,#470,#430,.T.);
#596=EDGE_CURVE('',#471,#471,#431,.T.);
#597=EDGE_CURVE('',#465,#472,#432,.T.);
#598=EDGE_CURVE('',#469,#472,#302,.T.);
#599=EDGE_CURVE('',#473,#474,#433,.T.);
#600=EDGE_CURVE('',#474,#475,#303,.T.);
#601=EDGE_CURVE('',#476,#475,#434,.T.);
#602=EDGE_CURVE('',#473,#476,#304,.T.);
#603=EDGE_CURVE('',#477,#473,#435,.T.);
#604=EDGE_CURVE('',#478,#476,#436,.T.);
#605=EDGE_CURVE('',#477,#478,#305,.T.);
#606=EDGE_CURVE('',#479,#477,#437,.T.);
#607=EDGE_CURVE('',#480,#478,#438,.T.);
#608=EDGE_CURVE('',#479,#480,#306,.T.);
#609=EDGE_CURVE('',#481,#468,#439,.T.);
#610=EDGE_CURVE('',#480,#481,#440,.T.);
#611=EDGE_CURVE('',#472,#475,#441,.T.);
#612=EDGE_CURVE('',#481,#470,#307,.T.);
#613=EDGE_CURVE('',#474,#479,#442,.T.);
#614=EDGE_CURVE('',#457,#482,#308,.T.);
#615=EDGE_CURVE('',#482,#482,#443,.T.);
#616=EDGE_CURVE('',#483,#483,#444,.T.);
#617=EDGE_CURVE('',#484,#484,#445,.T.);
#618=EDGE_CURVE('',#484,#471,#309,.T.);
#619=EDGE_CURVE('',#485,#486,#446,.T.);
#620=EDGE_CURVE('',#485,#484,#310,.T.);
#621=EDGE_CURVE('',#486,#485,#447,.T.);
#622=EDGE_CURVE('',#486,#487,#448,.T.);
#623=EDGE_CURVE('',#488,#487,#449,.T.);
#624=EDGE_CURVE('',#487,#488,#450,.T.);
#625=EDGE_CURVE('',#489,#489,#451,.T.);
#626=EDGE_CURVE('',#489,#488,#311,.T.);
#627=EDGE_CURVE('',#456,#489,#312,.T.);
#628=EDGE_CURVE('',#490,#491,#55,.T.);
#629=EDGE_CURVE('',#491,#492,#56,.T.);
#630=EDGE_CURVE('',#492,#493,#57,.T.);
#631=EDGE_CURVE('',#493,#494,#58,.T.);
#632=EDGE_CURVE('',#494,#495,#59,.T.);
#633=EDGE_CURVE('',#495,#496,#60,.T.);
#634=EDGE_CURVE('',#496,#497,#61,.T.);
#635=EDGE_CURVE('',#497,#498,#62,.T.);
#636=EDGE_CURVE('',#498,#499,#63,.T.);
#637=EDGE_CURVE('',#499,#500,#64,.T.);
#638=EDGE_CURVE('',#500,#501,#65,.T.);
#639=EDGE_CURVE('',#501,#502,#66,.T.);
#640=EDGE_CURVE('',#502,#503,#67,.T.);
#641=EDGE_CURVE('',#503,#504,#68,.T.);
#642=EDGE_CURVE('',#504,#505,#69,.T.);
#643=EDGE_CURVE('',#505,#506,#70,.T.);
#644=EDGE_CURVE('',#506,#507,#71,.T.);
#645=EDGE_CURVE('',#507,#508,#72,.T.);
#646=EDGE_CURVE('',#508,#509,#73,.T.);
#647=EDGE_CURVE('',#509,#510,#74,.T.);
#648=EDGE_CURVE('',#510,#511,#75,.T.);
#649=EDGE_CURVE('',#511,#512,#76,.T.);
#650=EDGE_CURVE('',#512,#513,#77,.T.);
#651=EDGE_CURVE('',#513,#514,#78,.T.);
#652=EDGE_CURVE('',#514,#515,#79,.T.);
#653=EDGE_CURVE('',#515,#516,#80,.T.);
#654=EDGE_CURVE('',#516,#517,#81,.T.);
#655=EDGE_CURVE('',#517,#518,#82,.T.);
#656=EDGE_CURVE('',#518,#519,#83,.T.);
#657=EDGE_CURVE('',#519,#520,#84,.T.);
#658=EDGE_CURVE('',#520,#521,#85,.T.);
#659=EDGE_CURVE('',#521,#522,#86,.T.);
#660=EDGE_CURVE('',#522,#523,#87,.T.);
#661=EDGE_CURVE('',#523,#524,#88,.T.);
#662=EDGE_CURVE('',#524,#525,#89,.T.);
#663=EDGE_CURVE('',#525,#526,#90,.T.);
#664=EDGE_CURVE('',#526,#527,#91,.T.);
#665=EDGE_CURVE('',#527,#528,#92,.T.);
#666=EDGE_CURVE('',#528,#529,#93,.T.);
#667=EDGE_CURVE('',#529,#490,#94,.T.);
#668=EDGE_CURVE('',#530,#530,#452,.T.);
#669=EDGE_CURVE('',#483,#530,#313,.T.);
#670=EDGE_CURVE('',#490,#531,#314,.T.);
#671=EDGE_CURVE('',#532,#531,#95,.T.);
#672=EDGE_CURVE('',#491,#532,#315,.T.);
#673=EDGE_CURVE('',#533,#532,#96,.T.);
#674=EDGE_CURVE('',#492,#533,#316,.T.);
#675=EDGE_CURVE('',#534,#533,#97,.T.);
#676=EDGE_CURVE('',#493,#534,#317,.T.);
#677=EDGE_CURVE('',#535,#534,#98,.T.);
#678=EDGE_CURVE('',#494,#535,#318,.T.);
#679=EDGE_CURVE('',#536,#535,#99,.T.);
#680=EDGE_CURVE('',#495,#536,#319,.T.);
#681=EDGE_CURVE('',#537,#536,#100,.T.);
#682=EDGE_CURVE('',#496,#537,#320,.T.);
#683=EDGE_CURVE('',#538,#537,#101,.T.);
#684=EDGE_CURVE('',#497,#538,#321,.T.);
#685=EDGE_CURVE('',#539,#538,#102,.T.);
#686=EDGE_CURVE('',#498,#539,#322,.T.);
#687=EDGE_CURVE('',#540,#539,#103,.T.);
#688=EDGE_CURVE('',#499,#540,#323,.T.);
#689=EDGE_CURVE('',#541,#540,#104,.T.);
#690=EDGE_CURVE('',#500,#541,#324,.T.);
#691=EDGE_CURVE('',#542,#541,#105,.T.);
#692=EDGE_CURVE('',#501,#542,#325,.T.);
#693=EDGE_CURVE('',#543,#542,#106,.T.);
#694=EDGE_CURVE('',#502,#543,#326,.T.);
#695=EDGE_CURVE('',#544,#543,#107,.T.);
#696=EDGE_CURVE('',#503,#544,#327,.T.);
#697=EDGE_CURVE('',#545,#544,#108,.T.);
#698=EDGE_CURVE('',#504,#545,#328,.T.);
#699=EDGE_CURVE('',#546,#545,#109,.T.);
#700=EDGE_CURVE('',#505,#546,#329,.T.);
#701=EDGE_CURVE('',#547,#546,#110,.T.);
#702=EDGE_CURVE('',#506,#547,#330,.T.);
#703=EDGE_CURVE('',#548,#547,#111,.T.);
#704=EDGE_CURVE('',#507,#548,#331,.T.);
#705=EDGE_CURVE('',#549,#548,#112,.T.);
#706=EDGE_CURVE('',#508,#549,#332,.T.);
#707=EDGE_CURVE('',#550,#549,#113,.T.);
#708=EDGE_CURVE('',#509,#550,#333,.T.);
#709=EDGE_CURVE('',#551,#550,#114,.T.);
#710=EDGE_CURVE('',#510,#551,#334,.T.);
#711=EDGE_CURVE('',#552,#551,#115,.T.);
#712=EDGE_CURVE('',#511,#552,#335,.T.);
#713=EDGE_CURVE('',#553,#552,#116,.T.);
#714=EDGE_CURVE('',#512,#553,#336,.T.);
#715=EDGE_CURVE('',#554,#553,#117,.T.);
#716=EDGE_CURVE('',#513,#554,#337,.T.);
#717=EDGE_CURVE('',#555,#554,#118,.T.);
#718=EDGE_CURVE('',#514,#555,#338,.T.);
#719=EDGE_CURVE('',#556,#555,#119,.T.);
#720=EDGE_CURVE('',#515,#556,#339,.T.);
#721=EDGE_CURVE('',#557,#556,#120,.T.);
#722=EDGE_CURVE('',#516,#557,#340,.T.);
#723=EDGE_CURVE('',#558,#557,#121,.T.);
#724=EDGE_CURVE('',#517,#558,#341,.T.);
#725=EDGE_CURVE('',#559,#558,#122,.T.);
#726=EDGE_CURVE('',#518,#559,#342,.T.);
#727=EDGE_CURVE('',#560,#559,#123,.T.);
#728=EDGE_CURVE('',#519,#560,#343,.T.);
#729=EDGE_CURVE('',#561,#560,#124,.T.);
#730=EDGE_CURVE('',#520,#561,#344,.T.);
#731=EDGE_CURVE('',#562,#561,#125,.T.);
#732=EDGE_CURVE('',#521,#562,#345,.T.);
#733=EDGE_CURVE('',#563,#562,#126,.T.);
#734=EDGE_CURVE('',#522,#563,#346,.T.);
#735=EDGE_CURVE('',#564,#563,#127,.T.);
#736=EDGE_CURVE('',#523,#564,#347,.T.);
#737=EDGE_CURVE('',#565,#564,#128,.T.);
#738=EDGE_CURVE('',#524,#565,#348,.T.);
#739=EDGE_CURVE('',#566,#565,#129,.T.);
#740=EDGE_CURVE('',#525,#566,#349,.T.);
#741=EDGE_CURVE('',#567,#566,#130,.T.);
#742=EDGE_CURVE('',#526,#567,#350,.T.);
#743=EDGE_CURVE('',#568,#567,#131,.T.);
#744=EDGE_CURVE('',#527,#568,#351,.T.);
#745=EDGE_CURVE('',#569,#568,#132,.T.);
#746=EDGE_CURVE('',#528,#569,#352,.T.);
#747=EDGE_CURVE('',#570,#569,#133,.T.);
#748=EDGE_CURVE('',#529,#570,#353,.T.);
#749=EDGE_CURVE('',#531,#570,#134,.T.);
#750=ORIENTED_EDGE('',*,*,#571,.F.);
#751=ORIENTED_EDGE('',*,*,#572,.T.);
#752=ORIENTED_EDGE('',*,*,#573,.T.);
#753=ORIENTED_EDGE('',*,*,#572,.F.);
#754=ORIENTED_EDGE('',*,*,#573,.F.);
#755=ORIENTED_EDGE('',*,*,#574,.F.);
#756=ORIENTED_EDGE('',*,*,#571,.T.);
#757=ORIENTED_EDGE('',*,*,#575,.T.);
#758=ORIENTED_EDGE('',*,*,#576,.T.);
#759=ORIENTED_EDGE('',*,*,#574,.T.);
#760=ORIENTED_EDGE('',*,*,#577,.T.);
#761=ORIENTED_EDGE('',*,*,#578,.T.);
#762=ORIENTED_EDGE('',*,*,#577,.F.);
#763=ORIENTED_EDGE('',*,*,#579,.T.);
#764=ORIENTED_EDGE('',*,*,#580,.T.);
#765=ORIENTED_EDGE('',*,*,#581,.F.);
#766=ORIENTED_EDGE('',*,*,#582,.F.);
#767=ORIENTED_EDGE('',*,*,#580,.F.);
#768=ORIENTED_EDGE('',*,*,#583,.T.);
#769=ORIENTED_EDGE('',*,*,#578,.F.);
#770=ORIENTED_EDGE('',*,*,#584,.T.);
#771=ORIENTED_EDGE('',*,*,#581,.T.);
#772=ORIENTED_EDGE('',*,*,#582,.T.);
#773=ORIENTED_EDGE('',*,*,#584,.F.);
#774=ORIENTED_EDGE('',*,*,#585,.F.);
#775=ORIENTED_EDGE('',*,*,#586,.T.);
#776=ORIENTED_EDGE('',*,*,#587,.F.);
#777=ORIENTED_EDGE('',*,*,#588,.F.);
#778=ORIENTED_EDGE('',*,*,#589,.F.);
#779=ORIENTED_EDGE('',*,*,#590,.F.);
#780=ORIENTED_EDGE('',*,*,#591,.F.);
#781=ORIENTED_EDGE('',*,*,#586,.F.);
#782=ORIENTED_EDGE('',*,*,#579,.F.);
#783=ORIENTED_EDGE('',*,*,#592,.T.);
#784=ORIENTED_EDGE('',*,*,#585,.T.);
#785=ORIENTED_EDGE('',*,*,#592,.F.);
#786=ORIENTED_EDGE('',*,*,#583,.F.);
#787=ORIENTED_EDGE('',*,*,#589,.T.);
#788=ORIENTED_EDGE('',*,*,#593,.F.);
#789=ORIENTED_EDGE('',*,*,#594,.T.);
#790=ORIENTED_EDGE('',*,*,#595,.F.);
#791=ORIENTED_EDGE('',*,*,#596,.F.);
#792=ORIENTED_EDGE('',*,*,#588,.T.);
#793=ORIENTED_EDGE('',*,*,#597,.T.);
#794=ORIENTED_EDGE('',*,*,#598,.F.);
#795=ORIENTED_EDGE('',*,*,#593,.T.);
#796=ORIENTED_EDGE('',*,*,#599,.T.);
#797=ORIENTED_EDGE('',*,*,#600,.T.);
#798=ORIENTED_EDGE('',*,*,#601,.F.);
#799=ORIENTED_EDGE('',*,*,#602,.F.);
#800=ORIENTED_EDGE('',*,*,#603,.T.);
#801=ORIENTED_EDGE('',*,*,#602,.T.);
#802=ORIENTED_EDGE('',*,*,#604,.F.);
#803=ORIENTED_EDGE('',*,*,#605,.F.);
#804=ORIENTED_EDGE('',*,*,#606,.T.);
#805=ORIENTED_EDGE('',*,*,#605,.T.);
#806=ORIENTED_EDGE('',*,*,#607,.F.);
#807=ORIENTED_EDGE('',*,*,#608,.F.);
#808=ORIENTED_EDGE('',*,*,#587,.T.);
#809=ORIENTED_EDGE('',*,*,#591,.T.);
#810=ORIENTED_EDGE('',*,*,#609,.F.);
#811=ORIENTED_EDGE('',*,*,#610,.F.);
#812=ORIENTED_EDGE('',*,*,#607,.T.);
#813=ORIENTED_EDGE('',*,*,#604,.T.);
#814=ORIENTED_EDGE('',*,*,#601,.T.);
#815=ORIENTED_EDGE('',*,*,#611,.F.);
#816=ORIENTED_EDGE('',*,*,#597,.F.);
#817=ORIENTED_EDGE('',*,*,#590,.T.);
#818=ORIENTED_EDGE('',*,*,#595,.T.);
#819=ORIENTED_EDGE('',*,*,#612,.F.);
#820=ORIENTED_EDGE('',*,*,#609,.T.);
#821=ORIENTED_EDGE('',*,*,#600,.F.);
#822=ORIENTED_EDGE('',*,*,#613,.T.);
#823=ORIENTED_EDGE('',*,*,#608,.T.);
#824=ORIENTED_EDGE('',*,*,#610,.T.);
#825=ORIENTED_EDGE('',*,*,#612,.T.);
#826=ORIENTED_EDGE('',*,*,#594,.F.);
#827=ORIENTED_EDGE('',*,*,#598,.T.);
#828=ORIENTED_EDGE('',*,*,#611,.T.);
#829=ORIENTED_EDGE('',*,*,#576,.F.);
#830=ORIENTED_EDGE('',*,*,#614,.T.);
#831=ORIENTED_EDGE('',*,*,#615,.T.);
#832=ORIENTED_EDGE('',*,*,#614,.F.);
#833=ORIENTED_EDGE('',*,*,#615,.F.);
#834=ORIENTED_EDGE('',*,*,#616,.F.);
#835=ORIENTED_EDGE('',*,*,#617,.F.);
#836=ORIENTED_EDGE('',*,*,#618,.T.);
#837=ORIENTED_EDGE('',*,*,#596,.T.);
#838=ORIENTED_EDGE('',*,*,#618,.F.);
#839=ORIENTED_EDGE('',*,*,#619,.F.);
#840=ORIENTED_EDGE('',*,*,#620,.T.);
#841=ORIENTED_EDGE('',*,*,#617,.T.);
#842=ORIENTED_EDGE('',*,*,#620,.F.);
#843=ORIENTED_EDGE('',*,*,#621,.F.);
#844=ORIENTED_EDGE('',*,*,#619,.T.);
#845=ORIENTED_EDGE('',*,*,#622,.T.);
#846=ORIENTED_EDGE('',*,*,#623,.F.);
#847=ORIENTED_EDGE('',*,*,#624,.F.);
#848=ORIENTED_EDGE('',*,*,#622,.F.);
#849=ORIENTED_EDGE('',*,*,#621,.T.);
#850=ORIENTED_EDGE('',*,*,#625,.F.);
#851=ORIENTED_EDGE('',*,*,#626,.T.);
#852=ORIENTED_EDGE('',*,*,#623,.T.);
#853=ORIENTED_EDGE('',*,*,#624,.T.);
#854=ORIENTED_EDGE('',*,*,#626,.F.);
#855=ORIENTED_EDGE('',*,*,#575,.F.);
#856=ORIENTED_EDGE('',*,*,#627,.T.);
#857=ORIENTED_EDGE('',*,*,#625,.T.);
#858=ORIENTED_EDGE('',*,*,#627,.F.);
#859=ORIENTED_EDGE('',*,*,#628,.T.);
#860=ORIENTED_EDGE('',*,*,#629,.T.);
#861=ORIENTED_EDGE('',*,*,#630,.T.);
#862=ORIENTED_EDGE('',*,*,#631,.T.);
#863=ORIENTED_EDGE('',*,*,#632,.T.);
#864=ORIENTED_EDGE('',*,*,#633,.T.);
#865=ORIENTED_EDGE('',*,*,#634,.T.);
#866=ORIENTED_EDGE('',*,*,#635,.T.);
#867=ORIENTED_EDGE('',*,*,#636,.T.);
#868=ORIENTED_EDGE('',*,*,#637,.T.);
#869=ORIENTED_EDGE('',*,*,#638,.T.);
#870=ORIENTED_EDGE('',*,*,#639,.T.);
#871=ORIENTED_EDGE('',*,*,#640,.T.);
#872=ORIENTED_EDGE('',*,*,#641,.T.);
#873=ORIENTED_EDGE('',*,*,#642,.T.);
#874=ORIENTED_EDGE('',*,*,#643,.T.);
#875=ORIENTED_EDGE('',*,*,#644,.T.);
#876=ORIENTED_EDGE('',*,*,#645,.T.);
#877=ORIENTED_EDGE('',*,*,#646,.T.);
#878=ORIENTED_EDGE('',*,*,#647,.T.);
#879=ORIENTED_EDGE('',*,*,#648,.T.);
#880=ORIENTED_EDGE('',*,*,#649,.T.);
#881=ORIENTED_EDGE('',*,*,#650,.T.);
#882=ORIENTED_EDGE('',*,*,#651,.T.);
#883=ORIENTED_EDGE('',*,*,#652,.T.);
#884=ORIENTED_EDGE('',*,*,#653,.T.);
#885=ORIENTED_EDGE('',*,*,#654,.T.);
#886=ORIENTED_EDGE('',*,*,#655,.T.);
#887=ORIENTED_EDGE('',*,*,#656,.T.);
#888=ORIENTED_EDGE('',*,*,#657,.T.);
#889=ORIENTED_EDGE('',*,*,#658,.T.);
#890=ORIENTED_EDGE('',*,*,#659,.T.);
#891=ORIENTED_EDGE('',*,*,#660,.T.);
#892=ORIENTED_EDGE('',*,*,#661,.T.);
#893=ORIENTED_EDGE('',*,*,#662,.T.);
#894=ORIENTED_EDGE('',*,*,#663,.T.);
#895=ORIENTED_EDGE('',*,*,#664,.T.);
#896=ORIENTED_EDGE('',*,*,#665,.T.);
#897=ORIENTED_EDGE('',*,*,#666,.T.);
#898=ORIENTED_EDGE('',*,*,#667,.T.);
#899=ORIENTED_EDGE('',*,*,#668,.F.);
#900=ORIENTED_EDGE('',*,*,#616,.T.);
#901=ORIENTED_EDGE('',*,*,#669,.T.);
#902=ORIENTED_EDGE('',*,*,#668,.T.);
#903=ORIENTED_EDGE('',*,*,#669,.F.);
#904=ORIENTED_EDGE('',*,*,#628,.F.);
#905=ORIENTED_EDGE('',*,*,#670,.T.);
#906=ORIENTED_EDGE('',*,*,#671,.F.);
#907=ORIENTED_EDGE('',*,*,#672,.F.);
#908=ORIENTED_EDGE('',*,*,#629,.F.);
#909=ORIENTED_EDGE('',*,*,#672,.T.);
#910=ORIENTED_EDGE('',*,*,#673,.F.);
#911=ORIENTED_EDGE('',*,*,#674,.F.);
#912=ORIENTED_EDGE('',*,*,#630,.F.);
#913=ORIENTED_EDGE('',*,*,#674,.T.);
#914=ORIENTED_EDGE('',*,*,#675,.F.);
#915=ORIENTED_EDGE('',*,*,#676,.F.);
#916=ORIENTED_EDGE('',*,*,#631,.F.);
#917=ORIENTED_EDGE('',*,*,#676,.T.);
#918=ORIENTED_EDGE('',*,*,#677,.F.);
#919=ORIENTED_EDGE('',*,*,#678,.F.);
#920=ORIENTED_EDGE('',*,*,#632,.F.);
#921=ORIENTED_EDGE('',*,*,#678,.T.);
#922=ORIENTED_EDGE('',*,*,#679,.F.);
#923=ORIENTED_EDGE('',*,*,#680,.F.);
#924=ORIENTED_EDGE('',*,*,#633,.F.);
#925=ORIENTED_EDGE('',*,*,#680,.T.);
#926=ORIENTED_EDGE('',*,*,#681,.F.);
#927=ORIENTED_EDGE('',*,*,#682,.F.);
#928=ORIENTED_EDGE('',*,*,#634,.F.);
#929=ORIENTED_EDGE('',*,*,#682,.T.);
#930=ORIENTED_EDGE('',*,*,#683,.F.);
#931=ORIENTED_EDGE('',*,*,#684,.F.);
#932=ORIENTED_EDGE('',*,*,#635,.F.);
#933=ORIENTED_EDGE('',*,*,#684,.T.);
#934=ORIENTED_EDGE('',*,*,#685,.F.);
#935=ORIENTED_EDGE('',*,*,#686,.F.);
#936=ORIENTED_EDGE('',*,*,#636,.F.);
#937=ORIENTED_EDGE('',*,*,#686,.T.);
#938=ORIENTED_EDGE('',*,*,#687,.F.);
#939=ORIENTED_EDGE('',*,*,#688,.F.);
#940=ORIENTED_EDGE('',*,*,#637,.F.);
#941=ORIENTED_EDGE('',*,*,#688,.T.);
#942=ORIENTED_EDGE('',*,*,#689,.F.);
#943=ORIENTED_EDGE('',*,*,#690,.F.);
#944=ORIENTED_EDGE('',*,*,#638,.F.);
#945=ORIENTED_EDGE('',*,*,#690,.T.);
#946=ORIENTED_EDGE('',*,*,#691,.F.);
#947=ORIENTED_EDGE('',*,*,#692,.F.);
#948=ORIENTED_EDGE('',*,*,#639,.F.);
#949=ORIENTED_EDGE('',*,*,#692,.T.);
#950=ORIENTED_EDGE('',*,*,#693,.F.);
#951=ORIENTED_EDGE('',*,*,#694,.F.);
#952=ORIENTED_EDGE('',*,*,#640,.F.);
#953=ORIENTED_EDGE('',*,*,#694,.T.);
#954=ORIENTED_EDGE('',*,*,#695,.F.);
#955=ORIENTED_EDGE('',*,*,#696,.F.);
#956=ORIENTED_EDGE('',*,*,#641,.F.);
#957=ORIENTED_EDGE('',*,*,#696,.T.);
#958=ORIENTED_EDGE('',*,*,#697,.F.);
#959=ORIENTED_EDGE('',*,*,#698,.F.);
#960=ORIENTED_EDGE('',*,*,#642,.F.);
#961=ORIENTED_EDGE('',*,*,#698,.T.);
#962=ORIENTED_EDGE('',*,*,#699,.F.);
#963=ORIENTED_EDGE('',*,*,#700,.F.);
#964=ORIENTED_EDGE('',*,*,#643,.F.);
#965=ORIENTED_EDGE('',*,*,#700,.T.);
#966=ORIENTED_EDGE('',*,*,#701,.F.);
#967=ORIENTED_EDGE('',*,*,#702,.F.);
#968=ORIENTED_EDGE('',*,*,#644,.F.);
#969=ORIENTED_EDGE('',*,*,#702,.T.);
#970=ORIENTED_EDGE('',*,*,#703,.F.);
#971=ORIENTED_EDGE('',*,*,#704,.F.);
#972=ORIENTED_EDGE('',*,*,#645,.F.);
#973=ORIENTED_EDGE('',*,*,#704,.T.);
#974=ORIENTED_EDGE('',*,*,#705,.F.);
#975=ORIENTED_EDGE('',*,*,#706,.F.);
#976=ORIENTED_EDGE('',*,*,#646,.F.);
#977=ORIENTED_EDGE('',*,*,#706,.T.);
#978=ORIENTED_EDGE('',*,*,#707,.F.);
#979=ORIENTED_EDGE('',*,*,#708,.F.);
#980=ORIENTED_EDGE('',*,*,#647,.F.);
#981=ORIENTED_EDGE('',*,*,#708,.T.);
#982=ORIENTED_EDGE('',*,*,#709,.F.);
#983=ORIENTED_EDGE('',*,*,#710,.F.);
#984=ORIENTED_EDGE('',*,*,#648,.F.);
#985=ORIENTED_EDGE('',*,*,#710,.T.);
#986=ORIENTED_EDGE('',*,*,#711,.F.);
#987=ORIENTED_EDGE('',*,*,#712,.F.);
#988=ORIENTED_EDGE('',*,*,#649,.F.);
#989=ORIENTED_EDGE('',*,*,#712,.T.);
#990=ORIENTED_EDGE('',*,*,#713,.F.);
#991=ORIENTED_EDGE('',*,*,#714,.F.);
#992=ORIENTED_EDGE('',*,*,#650,.F.);
#993=ORIENTED_EDGE('',*,*,#714,.T.);
#994=ORIENTED_EDGE('',*,*,#715,.F.);
#995=ORIENTED_EDGE('',*,*,#716,.F.);
#996=ORIENTED_EDGE('',*,*,#651,.F.);
#997=ORIENTED_EDGE('',*,*,#716,.T.);
#998=ORIENTED_EDGE('',*,*,#717,.F.);
#999=ORIENTED_EDGE('',*,*,#718,.F.);
#1000=ORIENTED_EDGE('',*,*,#652,.F.);
#1001=ORIENTED_EDGE('',*,*,#718,.T.);
#1002=ORIENTED_EDGE('',*,*,#719,.F.);
#1003=ORIENTED_EDGE('',*,*,#720,.F.);
#1004=ORIENTED_EDGE('',*,*,#653,.F.);
#1005=ORIENTED_EDGE('',*,*,#720,.T.);
#1006=ORIENTED_EDGE('',*,*,#721,.F.);
#1007=ORIENTED_EDGE('',*,*,#722,.F.);
#1008=ORIENTED_EDGE('',*,*,#654,.F.);
#1009=ORIENTED_EDGE('',*,*,#722,.T.);
#1010=ORIENTED_EDGE('',*,*,#723,.F.);
#1011=ORIENTED_EDGE('',*,*,#724,.F.);
#1012=ORIENTED_EDGE('',*,*,#655,.F.);
#1013=ORIENTED_EDGE('',*,*,#724,.T.);
#1014=ORIENTED_EDGE('',*,*,#725,.F.);
#1015=ORIENTED_EDGE('',*,*,#726,.F.);
#1016=ORIENTED_EDGE('',*,*,#656,.F.);
#1017=ORIENTED_EDGE('',*,*,#726,.T.);
#1018=ORIENTED_EDGE('',*,*,#727,.F.);
#1019=ORIENTED_EDGE('',*,*,#728,.F.);
#1020=ORIENTED_EDGE('',*,*,#657,.F.);
#1021=ORIENTED_EDGE('',*,*,#728,.T.);
#1022=ORIENTED_EDGE('',*,*,#729,.F.);
#1023=ORIENTED_EDGE('',*,*,#730,.F.);
#1024=ORIENTED_EDGE('',*,*,#658,.F.);
#1025=ORIENTED_EDGE('',*,*,#730,.T.);
#1026=ORIENTED_EDGE('',*,*,#731,.F.);
#1027=ORIENTED_EDGE('',*,*,#732,.F.);
#1028=ORIENTED_EDGE('',*,*,#659,.F.);
#1029=ORIENTED_EDGE('',*,*,#732,.T.);
#1030=ORIENTED_EDGE('',*,*,#733,.F.);
#1031=ORIENTED_EDGE('',*,*,#734,.F.);
#1032=ORIENTED_EDGE('',*,*,#660,.F.);
#1033=ORIENTED_EDGE('',*,*,#734,.T.);
#1034=ORIENTED_EDGE('',*,*,#735,.F.);
#1035=ORIENTED_EDGE('',*,*,#736,.F.);
#1036=ORIENTED_EDGE('',*,*,#661,.F.);
#1037=ORIENTED_EDGE('',*,*,#736,.T.);
#1038=ORIENTED_EDGE('',*,*,#737,.F.);
#1039=ORIENTED_EDGE('',*,*,#738,.F.);
#1040=ORIENTED_EDGE('',*,*,#662,.F.);
#1041=ORIENTED_EDGE('',*,*,#738,.T.);
#1042=ORIENTED_EDGE('',*,*,#739,.F.);
#1043=ORIENTED_EDGE('',*,*,#740,.F.);
#1044=ORIENTED_EDGE('',*,*,#663,.F.);
#1045=ORIENTED_EDGE('',*,*,#740,.T.);
#1046=ORIENTED_EDGE('',*,*,#741,.F.);
#1047=ORIENTED_EDGE('',*,*,#742,.F.);
#1048=ORIENTED_EDGE('',*,*,#664,.F.);
#1049=ORIENTED_EDGE('',*,*,#742,.T.);
#1050=ORIENTED_EDGE('',*,*,#743,.F.);
#1051=ORIENTED_EDGE('',*,*,#744,.F.);
#1052=ORIENTED_EDGE('',*,*,#665,.F.);
#1053=ORIENTED_EDGE('',*,*,#744,.T.);
#1054=ORIENTED_EDGE('',*,*,#745,.F.);
#1055=ORIENTED_EDGE('',*,*,#746,.F.);
#1056=ORIENTED_EDGE('',*,*,#666,.F.);
#1057=ORIENTED_EDGE('',*,*,#746,.T.);
#1058=ORIENTED_EDGE('',*,*,#747,.F.);
#1059=ORIENTED_EDGE('',*,*,#748,.F.);
#1060=ORIENTED_EDGE('',*,*,#667,.F.);
#1061=ORIENTED_EDGE('',*,*,#748,.T.);
#1062=ORIENTED_EDGE('',*,*,#749,.F.);
#1063=ORIENTED_EDGE('',*,*,#670,.F.);
#1064=ORIENTED_EDGE('',*,*,#599,.F.);
#1065=ORIENTED_EDGE('',*,*,#603,.F.);
#1066=ORIENTED_EDGE('',*,*,#606,.F.);
#1067=ORIENTED_EDGE('',*,*,#613,.F.);
#1068=ORIENTED_EDGE('',*,*,#749,.T.);
#1069=ORIENTED_EDGE('',*,*,#747,.T.);
#1070=ORIENTED_EDGE('',*,*,#745,.T.);
#1071=ORIENTED_EDGE('',*,*,#743,.T.);
#1072=ORIENTED_EDGE('',*,*,#741,.T.);
#1073=ORIENTED_EDGE('',*,*,#739,.T.);
#1074=ORIENTED_EDGE('',*,*,#737,.T.);
#1075=ORIENTED_EDGE('',*,*,#735,.T.);
#1076=ORIENTED_EDGE('',*,*,#733,.T.);
#1077=ORIENTED_EDGE('',*,*,#731,.T.);
#1078=ORIENTED_EDGE('',*,*,#729,.T.);
#1079=ORIENTED_EDGE('',*,*,#727,.T.);
#1080=ORIENTED_EDGE('',*,*,#725,.T.);
#1081=ORIENTED_EDGE('',*,*,#723,.T.);
#1082=ORIENTED_EDGE('',*,*,#721,.T.);
#1083=ORIENTED_EDGE('',*,*,#719,.T.);
#1084=ORIENTED_EDGE('',*,*,#717,.T.);
#1085=ORIENTED_EDGE('',*,*,#715,.T.);
#1086=ORIENTED_EDGE('',*,*,#713,.T.);
#1087=ORIENTED_EDGE('',*,*,#711,.T.);
#1088=ORIENTED_EDGE('',*,*,#709,.T.);
#1089=ORIENTED_EDGE('',*,*,#707,.T.);
#1090=ORIENTED_EDGE('',*,*,#705,.T.);
#1091=ORIENTED_EDGE('',*,*,#703,.T.);
#1092=ORIENTED_EDGE('',*,*,#701,.T.);
#1093=ORIENTED_EDGE('',*,*,#699,.T.);
#1094=ORIENTED_EDGE('',*,*,#697,.T.);
#1095=ORIENTED_EDGE('',*,*,#695,.T.);
#1096=ORIENTED_EDGE('',*,*,#693,.T.);
#1097=ORIENTED_EDGE('',*,*,#691,.T.);
#1098=ORIENTED_EDGE('',*,*,#689,.T.);
#1099=ORIENTED_EDGE('',*,*,#687,.T.);
#1100=ORIENTED_EDGE('',*,*,#685,.T.);
#1101=ORIENTED_EDGE('',*,*,#683,.T.);
#1102=ORIENTED_EDGE('',*,*,#681,.T.);
#1103=ORIENTED_EDGE('',*,*,#679,.T.);
#1104=ORIENTED_EDGE('',*,*,#677,.T.);
#1105=ORIENTED_EDGE('',*,*,#675,.T.);
#1106=ORIENTED_EDGE('',*,*,#673,.T.);
#1107=ORIENTED_EDGE('',*,*,#671,.T.);
#1108=CYLINDRICAL_SURFACE('',#1202,0.999999999999996);
#1109=CYLINDRICAL_SURFACE('',#1211,3.61766642965063);
#1110=CYLINDRICAL_SURFACE('',#1220,3.61766610493921);
#1111=CYLINDRICAL_SURFACE('',#1231,90.);
#1112=CYLINDRICAL_SURFACE('',#1233,57.7136705535787);
#1113=CYLINDRICAL_SURFACE('',#1236,7.9999999990566);
#1114=CYLINDRICAL_SURFACE('',#1239,30.3039824981886);
#1115=CYLINDRICAL_SURFACE('',#1246,40.0000000000009);
#1116=CYLINDRICAL_SURFACE('',#1247,10.);
#1117=CYLINDRICAL_SURFACE('',#1249,4.1);
#1118=CYLINDRICAL_SURFACE('',#1253,6.05);
#1119=CYLINDRICAL_SURFACE('',#1264,6.05);
#1120=CYLINDRICAL_SURFACE('',#1267,1.);
#1121=ADVANCED_FACE('',(#155),#1108,.F.);
#1122=ADVANCED_FACE('',(#156),#147,.T.);
#1123=ADVANCED_FACE('',(#157,#141),#148,.F.);
#1124=ADVANCED_FACE('',(#158,#142),#149,.F.);
#1125=ADVANCED_FACE('',(#159),#1109,.T.);
#1126=ADVANCED_FACE('',(#160),#139,.F.);
#1127=ADVANCED_FACE('',(#161),#135,.T.);
#1128=ADVANCED_FACE('',(#162),#1110,.T.);
#1129=ADVANCED_FACE('',(#163),#136,.T.);
#1130=ADVANCED_FACE('',(#164,#143),#150,.T.);
#1131=ADVANCED_FACE('',(#165),#1111,.T.);
#1132=ADVANCED_FACE('',(#166),#1112,.T.);
#1133=ADVANCED_FACE('',(#167),#1113,.T.);
#1134=ADVANCED_FACE('',(#168),#1114,.F.);
#1135=ADVANCED_FACE('',(#169),#151,.F.);
#1136=ADVANCED_FACE('',(#170),#1115,.F.);
#1137=ADVANCED_FACE('',(#171),#1116,.T.);
#1138=ADVANCED_FACE('',(#172),#1117,.F.);
#1139=ADVANCED_FACE('',(#173,#144),#152,.T.);
#1140=ADVANCED_FACE('',(#174),#1118,.T.);
#1141=ADVANCED_FACE('',(#175),#137,.T.);
#1142=ADVANCED_FACE('',(#176),#140,.F.);
#1143=ADVANCED_FACE('',(#177),#138,.T.);
#1144=ADVANCED_FACE('',(#178),#1119,.T.);
#1145=ADVANCED_FACE('',(#179,#145),#153,.F.);
#1146=ADVANCED_FACE('',(#180),#1120,.F.);
#1147=ADVANCED_FACE('',(#181),#15,.T.);
#1148=ADVANCED_FACE('',(#182),#16,.T.);
#1149=ADVANCED_FACE('',(#183),#17,.T.);
#1150=ADVANCED_FACE('',(#184),#18,.T.);
#1151=ADVANCED_FACE('',(#185),#19,.T.);
#1152=ADVANCED_FACE('',(#186),#20,.T.);
#1153=ADVANCED_FACE('',(#187),#21,.T.);
#1154=ADVANCED_FACE('',(#188),#22,.T.);
#1155=ADVANCED_FACE('',(#189),#23,.T.);
#1156=ADVANCED_FACE('',(#190),#24,.T.);
#1157=ADVANCED_FACE('',(#191),#25,.T.);
#1158=ADVANCED_FACE('',(#192),#26,.T.);
#1159=ADVANCED_FACE('',(#193),#27,.T.);
#1160=ADVANCED_FACE('',(#194),#28,.T.);
#1161=ADVANCED_FACE('',(#195),#29,.T.);
#1162=ADVANCED_FACE('',(#196),#30,.T.);
#1163=ADVANCED_FACE('',(#197),#31,.T.);
#1164=ADVANCED_FACE('',(#198),#32,.T.);
#1165=ADVANCED_FACE('',(#199),#33,.T.);
#1166=ADVANCED_FACE('',(#200),#34,.T.);
#1167=ADVANCED_FACE('',(#201),#35,.T.);
#1168=ADVANCED_FACE('',(#202),#36,.T.);
#1169=ADVANCED_FACE('',(#203),#37,.T.);
#1170=ADVANCED_FACE('',(#204),#38,.T.);
#1171=ADVANCED_FACE('',(#205),#39,.T.);
#1172=ADVANCED_FACE('',(#206),#40,.T.);
#1173=ADVANCED_FACE('',(#207),#41,.T.);
#1174=ADVANCED_FACE('',(#208),#42,.T.);
#1175=ADVANCED_FACE('',(#209),#43,.T.);
#1176=ADVANCED_FACE('',(#210),#44,.T.);
#1177=ADVANCED_FACE('',(#211),#45,.T.);
#1178=ADVANCED_FACE('',(#212),#46,.T.);
#1179=ADVANCED_FACE('',(#213),#47,.T.);
#1180=ADVANCED_FACE('',(#214),#48,.T.);
#1181=ADVANCED_FACE('',(#215),#49,.T.);
#1182=ADVANCED_FACE('',(#216),#50,.T.);
#1183=ADVANCED_FACE('',(#217),#51,.T.);
#1184=ADVANCED_FACE('',(#218),#52,.T.);
#1185=ADVANCED_FACE('',(#219),#53,.T.);
#1186=ADVANCED_FACE('',(#220),#54,.T.);
#1187=ADVANCED_FACE('',(#221,#146),#154,.F.);
#1188=CLOSED_SHELL('',(#1121,#1122,#1123,#1124,#1125,#1126,#1127,#1128,
#1129,#1130,#1131,#1132,#1133,#1134,#1135,#1136,#1137,#1138,#1139,#1140,
#1141,#1142,#1143,#1144,#1145,#1146,#1147,#1148,#1149,#1150,#1151,#1152,
#1153,#1154,#1155,#1156,#1157,#1158,#1159,#1160,#1161,#1162,#1163,#1164,
#1165,#1166,#1167,#1168,#1169,#1170,#1171,#1172,#1173,#1174,#1175,#1176,
#1177,#1178,#1179,#1180,#1181,#1182,#1183,#1184,#1185,#1186,#1187));
#1189=DERIVED_UNIT_ELEMENT(#1191,1.);
#1190=DERIVED_UNIT_ELEMENT(#2834,-3.);
#1191=(
MASS_UNIT()
NAMED_UNIT(*)
SI_UNIT(.KILO.,.GRAM.)
);
#1192=DERIVED_UNIT((#1189,#1190));
#1193=MEASURE_REPRESENTATION_ITEM('density measure',
POSITIVE_RATIO_MEASURE(7850.),#1192);
#1194=PROPERTY_DEFINITION_REPRESENTATION(#1199,#1196);
#1195=PROPERTY_DEFINITION_REPRESENTATION(#1200,#1197);
#1196=REPRESENTATION('material name',(#1198),#2831);
#1197=REPRESENTATION('density',(#1193),#2831);
#1198=DESCRIPTIVE_REPRESENTATION_ITEM('\X2\94A2\X0\','\X2\94A2\X0\');
#1199=PROPERTY_DEFINITION('material property','material name',#2841);
#1200=PROPERTY_DEFINITION('material property','density of part',#2841);
#1201=AXIS2_PLACEMENT_3D('',#1464,#1269,#1270);
#1202=AXIS2_PLACEMENT_3D('',#1465,#1271,#1272);
#1203=AXIS2_PLACEMENT_3D('',#1467,#1273,#1274);
#1204=AXIS2_PLACEMENT_3D('',#1470,#1276,#1277);
#1205=AXIS2_PLACEMENT_3D('',#1471,#1278,#1279);
#1206=AXIS2_PLACEMENT_3D('',#1472,#1280,#1281);
#1207=AXIS2_PLACEMENT_3D('',#1474,#1282,#1283);
#1208=AXIS2_PLACEMENT_3D('',#1475,#1284,#1285);
#1209=AXIS2_PLACEMENT_3D('',#1477,#1286,#1287);
#1210=AXIS2_PLACEMENT_3D('',#1479,#1288,#1289);
#1211=AXIS2_PLACEMENT_3D('',#1480,#1290,#1291);
#1212=AXIS2_PLACEMENT_3D('',#1483,#1293,#1294);
#1213=AXIS2_PLACEMENT_3D('',#1484,#1295,#1296);
#1214=AXIS2_PLACEMENT_3D('',#1487,#1297,#1298);
#1215=AXIS2_PLACEMENT_3D('',#1489,#1299,#1300);
#1216=AXIS2_PLACEMENT_3D('',#1491,#1301,#1302);
#1217=AXIS2_PLACEMENT_3D('',#1492,#1303,#1304);
#1218=AXIS2_PLACEMENT_3D('',#1493,#1305,#1306);
#1219=AXIS2_PLACEMENT_3D('',#1494,#1307,#1308);
#1220=AXIS2_PLACEMENT_3D('',#1496,#1310,#1311);
#1221=AXIS2_PLACEMENT_3D('',#1498,#1312,#1313);
#1222=AXIS2_PLACEMENT_3D('',#1502,#1315,#1316);
#1223=AXIS2_PLACEMENT_3D('',#1506,#1318,#1319);
#1224=AXIS2_PLACEMENT_3D('',#1509,#1321,#1322);
#1225=AXIS2_PLACEMENT_3D('',#1510,#1323,#1324);
#1226=AXIS2_PLACEMENT_3D('',#1512,#1326,#1327);
#1227=AXIS2_PLACEMENT_3D('',#1514,#1328,#1329);
#1228=AXIS2_PLACEMENT_3D('',#1516,#1330,#1331);
#1229=AXIS2_PLACEMENT_3D('',#1517,#1332,#1333);
#1230=AXIS2_PLACEMENT_3D('',#1519,#1334,#1335);
#1231=AXIS2_PLACEMENT_3D('',#1520,#1336,#1337);
#1232=AXIS2_PLACEMENT_3D('',#1522,#1338,#1339);
#1233=AXIS2_PLACEMENT_3D('',#1524,#1341,#1342);
#1234=AXIS2_PLACEMENT_3D('',#1527,#1343,#1344);
#1235=AXIS2_PLACEMENT_3D('',#1531,#1346,#1347);
#1236=AXIS2_PLACEMENT_3D('',#1533,#1349,#1350);
#1237=AXIS2_PLACEMENT_3D('',#1535,#1351,#1352);
#1238=AXIS2_PLACEMENT_3D('',#1537,#1353,#1354);
#1239=AXIS2_PLACEMENT_3D('',#1539,#1356,#1357);
#1240=AXIS2_PLACEMENT_3D('',#1541,#1358,#1359);
#1241=AXIS2_PLACEMENT_3D('',#1543,#1360,#1361);
#1242=AXIS2_PLACEMENT_3D('',#1545,#1363,#1364);
#1243=AXIS2_PLACEMENT_3D('',#1547,#1365,#1366);
#1244=AXIS2_PLACEMENT_3D('',#1548,#1367,#1368);
#1245=AXIS2_PLACEMENT_3D('',#1549,#1369,#1370);
#1246=AXIS2_PLACEMENT_3D('',#1550,#1371,#1372);
#1247=AXIS2_PLACEMENT_3D('',#1552,#1374,#1375);
#1248=AXIS2_PLACEMENT_3D('',#1553,#1376,#1377);
#1249=AXIS2_PLACEMENT_3D('',#1554,#1378,#1379);
#1250=AXIS2_PLACEMENT_3D('',#1557,#1381,#1382);
#1251=AXIS2_PLACEMENT_3D('',#1558,#1383,#1384);
#1252=AXIS2_PLACEMENT_3D('',#1560,#1385,#1386);
#1253=AXIS2_PLACEMENT_3D('',#1561,#1387,#1388);
#1254=AXIS2_PLACEMENT_3D('',#1563,#1389,#1390);
#1255=AXIS2_PLACEMENT_3D('',#1565,#1392,#1393);
#1256=AXIS2_PLACEMENT_3D('',#1568,#1394,#1395);
#1257=AXIS2_PLACEMENT_3D('',#1570,#1397,#1398);
#1258=AXIS2_PLACEMENT_3D('',#1571,#1399,#1400);
#1259=AXIS2_PLACEMENT_3D('',#1573,#1401,#1402);
#1260=AXIS2_PLACEMENT_3D('',#1575,#1403,#1404);
#1261=AXIS2_PLACEMENT_3D('',#1576,#1405,#1406);
#1262=AXIS2_PLACEMENT_3D('',#1577,#1407,#1408);
#1263=AXIS2_PLACEMENT_3D('',#1579,#1409,#1410);
#1264=AXIS2_PLACEMENT_3D('',#1581,#1412,#1413);
#1265=AXIS2_PLACEMENT_3D('',#1583,#1415,#1416);
#1266=AXIS2_PLACEMENT_3D('',#1905,#1417,#1418);
#1267=AXIS2_PLACEMENT_3D('',#1906,#1419,#1420);
#1268=AXIS2_PLACEMENT_3D('',#2828,#1462,#1463);
#1269=DIRECTION('axis',(0.,0.,1.));
#1270=DIRECTION('refdir',(1.,0.,0.));
#1271=DIRECTION('center_axis',(0.,1.,0.));
#1272=DIRECTION('ref_axis',(1.,0.,0.));
#1273=DIRECTION('center_axis',(0.,1.,0.));
#1274=DIRECTION('ref_axis',(1.,0.,0.));
#1275=DIRECTION('',(0.,1.,0.));
#1276=DIRECTION('center_axis',(2.18952885050753E-47,1.,-1.16318720183212E-46));
#1277=DIRECTION('ref_axis',(1.,0.,0.));
#1278=DIRECTION('center_axis',(-2.18952885050753E-47,-1.,1.16318720183212E-46));
#1279=DIRECTION('ref_axis',(1.,-2.18952885050753E-47,2.82755145625544E-109));
#1280=DIRECTION('center_axis',(0.,1.,0.));
#1281=DIRECTION('ref_axis',(0.,0.,1.));
#1282=DIRECTION('center_axis',(0.,1.,0.));
#1283=DIRECTION('ref_axis',(1.,0.,0.));
#1284=DIRECTION('center_axis',(0.,1.,0.));
#1285=DIRECTION('ref_axis',(0.,0.,1.));
#1286=DIRECTION('center_axis',(0.,-1.,0.));
#1287=DIRECTION('ref_axis',(1.,0.,0.));
#1288=DIRECTION('center_axis',(0.,1.,0.));
#1289=DIRECTION('ref_axis',(1.,0.,0.));
#1290=DIRECTION('center_axis',(-5.07994132824182E-8,-0.999999999999999,
0.));
#1291=DIRECTION('ref_axis',(0.999999999999999,-5.07994135833178E-8,0.));
#1292=DIRECTION('',(5.07994132824182E-8,0.999999999999999,0.));
#1293=DIRECTION('center_axis',(-5.07994132824182E-8,-0.999999999999999,
0.));
#1294=DIRECTION('ref_axis',(0.999999999999999,-5.07994132824182E-8,0.));
#1295=DIRECTION('center_axis',(-5.07994132824182E-8,-0.999999999999999,
0.));
#1296=DIRECTION('ref_axis',(0.,0.,-1.));
#1297=DIRECTION('center_axis',(-5.07994132824182E-8,-0.999999999999999,
0.));
#1298=DIRECTION('ref_axis',(0.999999999999999,-5.07994132824182E-8,0.));
#1299=DIRECTION('center_axis',(-0.999999999999999,5.07994132824182E-8,0.));
#1300=DIRECTION('ref_axis',(0.,0.,1.));
#1301=DIRECTION('center_axis',(-5.07994132824182E-8,-0.999999999999999,
0.));
#1302=DIRECTION('ref_axis',(0.999999999999999,-5.07994132824182E-8,0.));
#1303=DIRECTION('center_axis',(-5.07994132824182E-8,-0.999999999999999,
0.));
#1304=DIRECTION('ref_axis',(0.999999999999999,-5.07994132824182E-8,0.));
#1305=DIRECTION('center_axis',(-5.07994132824182E-8,-0.999999999999999,
0.));
#1306=DIRECTION('ref_axis',(0.999999999999999,-5.07994132824182E-8,0.));
#1307=DIRECTION('center_axis',(-5.07994132824182E-8,-0.999999999999999,
0.));
#1308=DIRECTION('ref_axis',(0.999999999999999,-5.07994135833178E-8,0.));
#1309=DIRECTION('',(0.707106853027757,0.70710670934533,8.65956100225544E-17));
#1310=DIRECTION('center_axis',(-5.07994132824182E-8,-0.999999999999999,
0.));
#1311=DIRECTION('ref_axis',(0.999999999999999,-5.07994133926483E-8,0.));
#1312=DIRECTION('center_axis',(-5.07994132824182E-8,-0.999999999999999,
0.));
#1313=DIRECTION('ref_axis',(0.999999999999999,-5.07994132824182E-8,0.));
#1314=DIRECTION('',(5.07994132824182E-8,0.999999999999999,0.));
#1315=DIRECTION('center_axis',(2.18952885050753E-47,1.,-1.16318720183212E-46));
#1316=DIRECTION('ref_axis',(1.,0.,0.));
#1317=DIRECTION('',(5.07994132824182E-8,0.999999999999999,0.));
#1318=DIRECTION('center_axis',(0.,1.,0.));
#1319=DIRECTION('ref_axis',(1.,0.,0.));
#1320=DIRECTION('',(-5.07994132824182E-8,-0.999999999999999,0.));
#1321=DIRECTION('center_axis',(2.18952885050753E-47,1.,-1.16318720183212E-46));
#1322=DIRECTION('ref_axis',(1.,0.,0.));
#1323=DIRECTION('center_axis',(5.07994132824182E-8,0.999999999999999,0.));
#1324=DIRECTION('ref_axis',(0.999999999999999,-5.07994133926483E-8,0.));
#1325=DIRECTION('',(-0.707106709345319,0.707106853027769,-8.65956012245425E-17));
#1326=DIRECTION('center_axis',(0.,-1.,0.));
#1327=DIRECTION('ref_axis',(0.,0.,-1.));
#1328=DIRECTION('center_axis',(0.,1.,0.));
#1329=DIRECTION('ref_axis',(0.986143751949317,0.,0.165893039309439));
#1330=DIRECTION('center_axis',(0.,-1.,0.));
#1331=DIRECTION('ref_axis',(1.,0.,0.));
#1332=DIRECTION('center_axis',(0.,-1.,0.));
#1333=DIRECTION('ref_axis',(0.999800901648373,0.,-0.0199538733859012));
#1334=DIRECTION('center_axis',(0.,-1.,0.));
#1335=DIRECTION('ref_axis',(1.,0.,0.));
#1336=DIRECTION('center_axis',(0.,-1.,0.));
#1337=DIRECTION('ref_axis',(0.986143751949317,0.,0.165893039309439));
#1338=DIRECTION('center_axis',(-2.18952885050753E-47,-1.,1.16318720183212E-46));
#1339=DIRECTION('ref_axis',(0.986143751949317,0.,0.165893039309439));
#1340=DIRECTION('',(0.,1.,0.));
#1341=DIRECTION('center_axis',(0.,-1.,0.));
#1342=DIRECTION('ref_axis',(0.998784712686411,0.,-0.0492858773273196));
#1343=DIRECTION('center_axis',(-2.18952885050753E-47,-1.,1.16318720183212E-46));
#1344=DIRECTION('ref_axis',(0.998784712686411,0.,-0.0492858773273196));
#1345=DIRECTION('',(0.,-1.,0.));
#1346=DIRECTION('center_axis',(-2.18952885050753E-47,-1.,1.16318720183212E-46));
#1347=DIRECTION('ref_axis',(0.998784712686411,0.,-0.0492858773273196));
#1348=DIRECTION('',(0.,-1.,0.));
#1349=DIRECTION('center_axis',(0.,-1.,0.));
#1350=DIRECTION('ref_axis',(-0.0917834136040541,0.,-0.99577899404797));
#1351=DIRECTION('center_axis',(-2.18952885050753E-47,-1.,1.16318720183212E-46));
#1352=DIRECTION('ref_axis',(-0.990965861917504,0.,0.134114356107387));
#1353=DIRECTION('center_axis',(-2.18952885050753E-47,-1.,1.16318720183212E-46));
#1354=DIRECTION('ref_axis',(-0.990965861917504,0.,0.134114356107387));
#1355=DIRECTION('',(0.,-1.,0.));
#1356=DIRECTION('center_axis',(0.,-1.,0.));
#1357=DIRECTION('ref_axis',(0.990965861917503,0.,-0.134114356107388));
#1358=DIRECTION('center_axis',(2.18952885050753E-47,1.,-1.16318720183212E-46));
#1359=DIRECTION('ref_axis',(0.990965861917503,0.,-0.134114356107388));
#1360=DIRECTION('center_axis',(2.18952885050753E-47,1.,-1.16318720183212E-46));
#1361=DIRECTION('ref_axis',(0.990965861917503,0.,-0.134114356107388));
#1362=DIRECTION('',(0.,-1.,0.));
#1363=DIRECTION('center_axis',(2.18952885050753E-47,1.,-1.16318720183212E-46));
#1364=DIRECTION('ref_axis',(0.,1.16318720183212E-46,1.));
#1365=DIRECTION('center_axis',(2.18952885050753E-47,1.,-1.16318720183212E-46));
#1366=DIRECTION('ref_axis',(0.999800901648373,0.,-0.0199538733859012));
#1367=DIRECTION('center_axis',(-2.18952885050753E-47,-1.,1.16318720183212E-46));
#1368=DIRECTION('ref_axis',(1.,0.,0.));
#1369=DIRECTION('center_axis',(-2.18952885050753E-47,-1.,1.16318720183212E-46));
#1370=DIRECTION('ref_axis',(1.,0.,0.));
#1371=DIRECTION('center_axis',(0.,-1.,0.));
#1372=DIRECTION('ref_axis',(0.999800901648373,0.,-0.0199538733859012));
#1373=DIRECTION('',(0.,-1.,0.));
#1374=DIRECTION('center_axis',(0.,-1.,0.));
#1375=DIRECTION('ref_axis',(-0.781769398186043,0.,0.6235676451355));
#1376=DIRECTION('center_axis',(0.,-1.,0.));
#1377=DIRECTION('ref_axis',(1.,0.,0.));
#1378=DIRECTION('center_axis',(0.,1.,0.));
#1379=DIRECTION('ref_axis',(1.,0.,0.));
#1380=DIRECTION('',(0.,1.,0.));
#1381=DIRECTION('center_axis',(0.,1.,0.));
#1382=DIRECTION('ref_axis',(1.,0.,0.));
#1383=DIRECTION('center_axis',(0.,-1.,0.));
#1384=DIRECTION('ref_axis',(1.,0.,0.));
#1385=DIRECTION('center_axis',(0.,-1.,0.));
#1386=DIRECTION('ref_axis',(1.,0.,1.97215226305253E-31));
#1387=DIRECTION('center_axis',(0.,-1.,0.));
#1388=DIRECTION('ref_axis',(1.,0.,0.));
#1389=DIRECTION('center_axis',(0.,-1.,0.));
#1390=DIRECTION('ref_axis',(1.,0.,0.));
#1391=DIRECTION('',(0.,1.,0.));
#1392=DIRECTION('center_axis',(0.,1.,0.));
#1393=DIRECTION('ref_axis',(1.,0.,0.));
#1394=DIRECTION('center_axis',(0.,-1.,0.));
#1395=DIRECTION('ref_axis',(1.,0.,0.));
#1396=DIRECTION('',(-0.707106781186543,0.707106781186552,-8.65956056235488E-17));
#1397=DIRECTION('center_axis',(0.,-1.,0.));
#1398=DIRECTION('ref_axis',(1.,0.,0.));
#1399=DIRECTION('center_axis',(0.,-1.,0.));
#1400=DIRECTION('ref_axis',(0.,0.,-1.));
#1401=DIRECTION('center_axis',(-1.,0.,-1.22464679914735E-16));
#1402=DIRECTION('ref_axis',(-1.22464679914735E-16,0.,1.));
#1403=DIRECTION('center_axis',(0.,-1.,0.));
#1404=DIRECTION('ref_axis',(1.,0.,0.));
#1405=DIRECTION('center_axis',(0.,-1.,0.));
#1406=DIRECTION('ref_axis',(1.,0.,0.));
#1407=DIRECTION('center_axis',(0.,-1.,0.));
#1408=DIRECTION('ref_axis',(1.,0.,0.));
#1409=DIRECTION('center_axis',(0.,-1.,0.));
#1410=DIRECTION('ref_axis',(1.,0.,0.));
#1411=DIRECTION('',(0.707106781186543,0.707106781186552,8.65956056235488E-17));
#1412=DIRECTION('center_axis',(0.,-1.,0.));
#1413=DIRECTION('ref_axis',(1.,0.,0.));
#1414=DIRECTION('',(0.,1.,0.));
#1415=DIRECTION('center_axis',(-2.18952885050753E-47,-1.,1.16318720183212E-46));
#1416=DIRECTION('ref_axis',(1.,-2.18952885050753E-47,1.97215226305253E-31));
#1417=DIRECTION('center_axis',(2.12110607392917E-47,1.,-2.46519032881567E-32));
#1418=DIRECTION('ref_axis',(1.,-2.12110607392917E-47,1.97215226305253E-31));
#1419=DIRECTION('center_axis',(0.,-1.,0.));
#1420=DIRECTION('ref_axis',(1.,0.,1.97215226305253E-31));
#1421=DIRECTION('',(0.,1.,0.));
#1422=DIRECTION('',(0.,1.,0.));
#1423=DIRECTION('',(0.,1.,0.));
#1424=DIRECTION('',(0.,1.,0.));
#1425=DIRECTION('',(0.,1.,0.));
#1426=DIRECTION('',(0.,1.,0.));
#1427=DIRECTION('',(0.,1.,0.));
#1428=DIRECTION('',(0.,1.,0.));
#1429=DIRECTION('',(0.,1.,0.));
#1430=DIRECTION('',(0.,1.,0.));
#1431=DIRECTION('',(0.,1.,0.));
#1432=DIRECTION('',(0.,1.,0.));
#1433=DIRECTION('',(0.,1.,0.));
#1434=DIRECTION('',(0.,1.,0.));
#1435=DIRECTION('',(0.,1.,0.));
#1436=DIRECTION('',(0.,1.,0.));
#1437=DIRECTION('',(0.,1.,0.));
#1438=DIRECTION('',(0.,1.,0.));
#1439=DIRECTION('',(0.,1.,0.));
#1440=DIRECTION('',(0.,1.,0.));
#1441=DIRECTION('',(0.,1.,0.));
#1442=DIRECTION('',(0.,1.,0.));
#1443=DIRECTION('',(0.,1.,0.));
#1444=DIRECTION('',(0.,1.,0.));
#1445=DIRECTION('',(0.,1.,0.));
#1446=DIRECTION('',(0.,1.,0.));
#1447=DIRECTION('',(0.,1.,0.));
#1448=DIRECTION('',(0.,1.,0.));
#1449=DIRECTION('',(0.,1.,0.));
#1450=DIRECTION('',(0.,1.,0.));
#1451=DIRECTION('',(0.,1.,0.));
#1452=DIRECTION('',(0.,1.,0.));
#1453=DIRECTION('',(0.,1.,0.));
#1454=DIRECTION('',(0.,1.,0.));
#1455=DIRECTION('',(0.,1.,0.));
#1456=DIRECTION('',(0.,1.,0.));
#1457=DIRECTION('',(0.,1.,0.));
#1458=DIRECTION('',(0.,1.,0.));
#1459=DIRECTION('',(0.,1.,0.));
#1460=DIRECTION('',(0.,1.,0.));
#1461=DIRECTION('',(0.,1.,0.));
#1462=DIRECTION('center_axis',(-2.18952885050753E-47,-1.,1.16318720183212E-46));
#1463=DIRECTION('ref_axis',(1.,-2.18952885050753E-47,1.97215226305253E-31));
#1464=CARTESIAN_POINT('',(0.,0.,0.));
#1465=CARTESIAN_POINT('Origin',(24.9999995936047,-9.,-43.3012701892219));
#1466=CARTESIAN_POINT('',(23.9999995936047,-6.,-43.3012701892219));
#1467=CARTESIAN_POINT('Origin',(24.9999995936047,-6.,-43.3012701892219));
#1468=CARTESIAN_POINT('',(23.9999995936047,0.499999999999999,-43.3012701892219));
#1469=CARTESIAN_POINT('',(23.9999995936047,-9.,-43.3012701892219));
#1470=CARTESIAN_POINT('Origin',(24.9999995936047,0.499999999999999,-43.3012701892219));
#1471=CARTESIAN_POINT('Origin',(-6.56858655152258E-47,0.499999999999999,
3.48956160549637E-46));
#1472=CARTESIAN_POINT('Origin',(11.5302081965679,-6.,-20.6506350941393));
#1473=CARTESIAN_POINT('',(21.382333163954,-6.00000002078042,-43.3012701892219));
#1474=CARTESIAN_POINT('Origin',(24.9999995936047,-6.,-43.3012701892219));
#1475=CARTESIAN_POINT('Origin',(11.5302081965679,-6.,-20.6506350941393));
#1476=CARTESIAN_POINT('',(-6.05,-6.,-7.40911313484149E-16));
#1477=CARTESIAN_POINT('Origin',(0.,-6.,0.));
#1478=CARTESIAN_POINT('',(-4.1,-6.,5.02105187650415E-16));
#1479=CARTESIAN_POINT('Origin',(0.,-6.,0.));
#1480=CARTESIAN_POINT('Origin',(24.9999995836472,-6.19601523765685,-43.3012701892219));
#1481=CARTESIAN_POINT('',(21.3823332456379,-4.39203065412764,-43.3012701892219));
#1482=CARTESIAN_POINT('',(21.3823331539966,-6.19601505388152,-43.3012701892219));
#1483=CARTESIAN_POINT('Origin',(24.9999996752886,-4.39203083790297,-43.3012701892219));
#1484=CARTESIAN_POINT('Origin',(24.9999997460029,-2.99999977558515,-43.3012701892219));
#1485=CARTESIAN_POINT('',(21.6783491009011,-1.90398415168504,-43.3012701892219));
#1486=CARTESIAN_POINT('',(24.9999998016799,-1.90398432042295,-39.9796194884431));
#1487=CARTESIAN_POINT('Origin',(24.9999998016799,-1.90398432042295,-43.3012701892219));
#1488=CARTESIAN_POINT('',(24.999999690326,-4.09601534210124,-39.9796193770892));
#1489=CARTESIAN_POINT('Origin',(24.9999997460029,-2.99999977558515,-38.883603921927));
#1490=CARTESIAN_POINT('',(21.6783488781933,-4.09601517336332,-43.3012701892219));
#1491=CARTESIAN_POINT('Origin',(24.999999690326,-4.09601534210124,-43.3012701892219));
#1492=CARTESIAN_POINT('Origin',(24.999999690326,-4.09601534210124,-43.3012701892219));
#1493=CARTESIAN_POINT('Origin',(24.9999998016799,-1.90398432042295,-43.3012701892219));
#1494=CARTESIAN_POINT('Origin',(24.9999996828073,-4.2440230900021,-43.3012701892219));
#1495=CARTESIAN_POINT('',(21.5303411077363,-4.24402291374548,-43.3012701892219));
#1496=CARTESIAN_POINT('Origin',(24.9999999083586,0.196015672262725,-43.3012701892219));
#1497=CARTESIAN_POINT('',(21.3823337117781,-1.60796861077106,-43.3012701892219));
#1498=CARTESIAN_POINT('Origin',(24.9999998167173,-1.60796879454638,-43.3012701892219));
#1499=CARTESIAN_POINT('',(21.3823338950608,2.00000038052106,-43.3012701892219));
#1500=CARTESIAN_POINT('',(21.3823338034194,0.196015856038041,-43.3012701892219));
#1501=CARTESIAN_POINT('',(27.4285946167474,2.00000001570065,-40.6199579039265));
#1502=CARTESIAN_POINT('Origin',(25.,2.,-43.3012701892219));
#1503=CARTESIAN_POINT('',(27.4285946093077,-1.11022302462516E-15,-40.6199578655672));
#1504=CARTESIAN_POINT('',(27.4285946071857,0.196015548891539,-40.6199578546262));
#1505=CARTESIAN_POINT('',(22.1186782164208,-1.11022302462516E-15,-41.1136931250307));
#1506=CARTESIAN_POINT('Origin',(24.9999998984012,-1.11022302462516E-15,
-43.3012701892219));
#1507=CARTESIAN_POINT('',(22.1186782255304,2.00000028544128,-41.1136933984011));
#1508=CARTESIAN_POINT('',(22.1186782168394,0.196015818632177,-41.1136931375945));
#1509=CARTESIAN_POINT('Origin',(25.,2.,-43.3012701892219));
#1510=CARTESIAN_POINT('Origin',(24.9999998091986,-1.75597655748466,-43.3012701892219));
#1511=CARTESIAN_POINT('',(21.5303413605189,-1.75597638122805,-43.3012701892219));
#1512=CARTESIAN_POINT('Origin',(6.05,-1.11022302462516E-15,0.));
#1513=CARTESIAN_POINT('',(9.78250779955491,-1.11022302462516E-15,-2.07425677090545));
#1514=CARTESIAN_POINT('Origin',(-60.9250067537475,-1.11022302462516E-15,
-57.7559178964011));
#1515=CARTESIAN_POINT('',(4.19725619571332,-1.11022302462516E-15,-9.07651036618954));
#1516=CARTESIAN_POINT('Origin',(0.,-1.11022302462516E-15,0.));
#1517=CARTESIAN_POINT('Origin',(-17.8591311316575,-1.11022302462516E-15,
-42.4458942092435));
#1518=CARTESIAN_POINT('',(-6.05,-1.11022302462516E-15,-7.40911313484149E-16));
#1519=CARTESIAN_POINT('Origin',(0.,-1.11022302462516E-15,0.));
#1520=CARTESIAN_POINT('Origin',(-60.9250067537475,3.,-57.7559178964011));
#1521=CARTESIAN_POINT('',(9.78250779955491,2.,-2.07425677090545));
#1522=CARTESIAN_POINT('Origin',(-60.9250067537475,2.,-57.7559178964011));
#1523=CARTESIAN_POINT('',(9.78250779955486,3.,-2.07425677090543));
#1524=CARTESIAN_POINT('Origin',(-24.653254160443,3.,-40.8510883208275));
#1525=CARTESIAN_POINT('',(32.990277700549,3.,-43.695557207794));
#1526=CARTESIAN_POINT('',(5.16691628927589,3.,8.56171571938797));
#1527=CARTESIAN_POINT('Origin',(-24.653254160443,3.,-40.8510883208275));
#1528=CARTESIAN_POINT('',(5.16691628927589,2.,8.56171571938797));
#1529=CARTESIAN_POINT('',(5.1669162892759,3.,8.56171571938797));
#1530=CARTESIAN_POINT('',(32.990277700549,2.,-43.695557207794));
#1531=CARTESIAN_POINT('Origin',(-24.653254160443,2.,-40.8510883208275));
#1532=CARTESIAN_POINT('',(32.990277700549,3.,-43.695557207794));
#1533=CARTESIAN_POINT('Origin',(25.,3.,-43.3012701892219));
#1534=CARTESIAN_POINT('',(17.0722731055948,3.,-42.2283553404894));
#1535=CARTESIAN_POINT('Origin',(25.,3.,-43.3012701892219));
#1536=CARTESIAN_POINT('',(17.0722731055948,2.,-42.2283553404894));
#1537=CARTESIAN_POINT('Origin',(25.,2.,-43.3012701892219));
#1538=CARTESIAN_POINT('',(17.0722731055948,3.,-42.2283553404894));
#1539=CARTESIAN_POINT('Origin',(-12.9579390302556,3.,-38.1641562402552));
#1540=CARTESIAN_POINT('',(-3.21505177152045,3.,-9.46907821084227));
#1541=CARTESIAN_POINT('Origin',(-12.9579390302556,3.,-38.1641562402552));
#1542=CARTESIAN_POINT('',(-3.21505177152045,2.,-9.46907821084227));
#1543=CARTESIAN_POINT('Origin',(-12.9579390302556,2.,-38.1641562402552));
#1544=CARTESIAN_POINT('',(-3.21505177152045,3.,-9.46907821084227));
#1545=CARTESIAN_POINT('Origin',(14.9226823108076,2.,-21.3697772344453));
#1546=CARTESIAN_POINT('',(4.19725619571332,2.,-9.07651036618954));
#1547=CARTESIAN_POINT('Origin',(-17.8591311316575,2.,-42.4458942092435));
#1548=CARTESIAN_POINT('Origin',(0.,2.,0.));
#1549=CARTESIAN_POINT('Origin',(0.,2.,0.));
#1550=CARTESIAN_POINT('Origin',(-17.8591311316575,3.,-42.4458942092435));
#1551=CARTESIAN_POINT('',(4.19725619571332,3.,-9.07651036618955));
#1552=CARTESIAN_POINT('Origin',(0.,1.5,0.));
#1553=CARTESIAN_POINT('Origin',(0.,3.,0.));
#1554=CARTESIAN_POINT('Origin',(0.,-9.,0.));
#1555=CARTESIAN_POINT('',(-4.1,-1.5,-5.02105187650415E-16));
#1556=CARTESIAN_POINT('',(-4.1,-9.,5.02105187650415E-16));
#1557=CARTESIAN_POINT('Origin',(0.,-1.5,0.));
#1558=CARTESIAN_POINT('Origin',(0.,-1.5,0.));
#1559=CARTESIAN_POINT('',(-1.,-1.5,-1.22464679914736E-16));
#1560=CARTESIAN_POINT('Origin',(-8.31632781251592E-110,-1.5,2.69880267346702E-79));
#1561=CARTESIAN_POINT('Origin',(0.,-0.80398448916085,0.));
#1562=CARTESIAN_POINT('',(-6.05,-1.6079689783217,-7.40911313484149E-16));
#1563=CARTESIAN_POINT('Origin',(0.,-1.6079689783217,0.));
#1564=CARTESIAN_POINT('',(-6.05,-0.80398448916085,-7.40911313484149E-16));
#1565=CARTESIAN_POINT('Origin',(0.,-1.75597673374128,0.));
#1566=CARTESIAN_POINT('',(-5.75398448916085,-1.90398448916085,-7.04659868699436E-16));
#1567=CARTESIAN_POINT('',(-7.04659868699436E-16,-1.90398448916085,5.75398448916085));
#1568=CARTESIAN_POINT('Origin',(0.,-1.90398448916085,0.));
#1569=CARTESIAN_POINT('',(-5.90199224458043,-1.75597673374128,-7.22785591091792E-16));
#1570=CARTESIAN_POINT('Origin',(0.,-1.90398448916085,0.));
#1571=CARTESIAN_POINT('Origin',(0.,-3.,0.));
#1572=CARTESIAN_POINT('',(-7.04659868699436E-16,-4.09601551083915,5.75398448916085));
#1573=CARTESIAN_POINT('Origin',(-8.38883057415937E-16,-3.,6.85));
#1574=CARTESIAN_POINT('',(-5.75398448916085,-4.09601551083915,-7.04659868699436E-16));
#1575=CARTESIAN_POINT('Origin',(0.,-4.09601551083915,0.));
#1576=CARTESIAN_POINT('Origin',(0.,-4.09601551083915,0.));
#1577=CARTESIAN_POINT('Origin',(0.,-4.24402326625873,0.));
#1578=CARTESIAN_POINT('',(-6.05,-4.3920310216783,-7.40911313484149E-16));
#1579=CARTESIAN_POINT('Origin',(0.,-4.3920310216783,0.));
#1580=CARTESIAN_POINT('',(-5.90199224458043,-4.24402326625873,-7.22785591091792E-16));
#1581=CARTESIAN_POINT('Origin',(0.,-5.19601551083915,0.));
#1582=CARTESIAN_POINT('',(-6.05,-5.19601551083915,-7.40911313484149E-16));
#1583=CARTESIAN_POINT('Origin',(-8.31632781251592E-110,2.46519032881566E-32,
2.69880267346702E-79));
#1584=CARTESIAN_POINT('',(2.5,1.3684555315672E-47,9.43689570931399E-17));
#1585=CARTESIAN_POINT('',(2.32106760039857,-7.59230187799055E-33,-0.367620992844543));
#1586=CARTESIAN_POINT('Ctrl Pts',(2.5,-2.18952885050753E-48,-5.99520433297583E-16));
#1587=CARTESIAN_POINT('Ctrl Pts',(2.5,-9.82619380491158E-34,-0.0609928797711647));
#1588=CARTESIAN_POINT('Ctrl Pts',(2.48279804404058,-1.76653732674645E-33,
-0.119366410053279));
#1589=CARTESIAN_POINT('Ctrl Pts',(2.45698615340314,-2.43068707635215E-33,
-0.163322822278405));
#1590=CARTESIAN_POINT('Ctrl Pts',(2.39085642429951,-4.13223012263902E-33,
-0.275938580404922));
#1591=CARTESIAN_POINT('Ctrl Pts',(2.33308467604196,-5.17605746920762E-33,
-0.291748163299148));
#1592=CARTESIAN_POINT('Ctrl Pts',(2.32106760039857,-7.59230187799055E-33,
-0.367620992844543));
#1593=CARTESIAN_POINT('',(2.37764129073788,-1.5997499825429E-32,-0.772542485937369));
#1594=CARTESIAN_POINT('Ctrl Pts',(2.32106760039857,-7.59230187799055E-33,
-0.367620992844543));
#1595=CARTESIAN_POINT('Ctrl Pts',(2.31622713573377,-8.56556243066777E-33,
-0.398182483953687));
#1596=CARTESIAN_POINT('Ctrl Pts',(2.3187931784689,-9.41347290881779E-33,
-0.417662070664581));
#1597=CARTESIAN_POINT('Ctrl Pts',(2.32656506056165,-1.01889916676559E-32,
-0.442532570760218));
#1598=CARTESIAN_POINT('Ctrl Pts',(2.34561901976264,-1.20902946743344E-32,
-0.50350641061972));
#1599=CARTESIAN_POINT('Ctrl Pts',(2.42532672227903,-1.36331275112242E-32,
-0.625781818320089));
#1600=CARTESIAN_POINT('Ctrl Pts',(2.37764129073788,-1.5997499825429E-32,
-0.772542485937369));
#1601=CARTESIAN_POINT('',(2.09386533184266,-2.20337182274762E-32,-1.06687767438794));
#1602=CARTESIAN_POINT('Ctrl Pts',(2.37764129073788,-1.5997499825429E-32,
-0.77254248593737));
#1603=CARTESIAN_POINT('Ctrl Pts',(2.35879345435273,-1.69320263902829E-32,
-0.830550161691334));
#1604=CARTESIAN_POINT('Ctrl Pts',(2.32439500916568,-1.76031523359737E-32,
-0.880750991317326));
#1605=CARTESIAN_POINT('Ctrl Pts',(2.28626316398773,-1.81142799369794E-32,
-0.914579710733076));
#1606=CARTESIAN_POINT('Ctrl Pts',(2.18856987110737,-1.94237822228316E-32,
-1.00124845121042));
#1607=CARTESIAN_POINT('Ctrl Pts',(2.12874024368096,-1.98539926563896E-32,
-0.998431806035525));
#1608=CARTESIAN_POINT('Ctrl Pts',(2.09386533184266,-2.20337182274762E-32,
-1.06687767438794));
#1609=CARTESIAN_POINT('',(2.02254248593737,-3.04290529068096E-32,-1.46946313073118));
#1610=CARTESIAN_POINT('Ctrl Pts',(2.09386533184266,-2.20337182274762E-32,
-1.06687767438794));
#1611=CARTESIAN_POINT('Ctrl Pts',(2.07981775625514,-2.29117092561525E-32,
-1.09444759381289));
#1612=CARTESIAN_POINT('Ctrl Pts',(2.07623868458241,-2.37496444623608E-32,
-1.11376673250246));
#1613=CARTESIAN_POINT('Ctrl Pts',(2.07594477650244,-2.45620953426482E-32,
-1.13982162732688));
#1614=CARTESIAN_POINT('Ctrl Pts',(2.07522421583288,-2.65539431011514E-32,
-1.20369919225204));
#1615=CARTESIAN_POINT('Ctrl Pts',(2.11324556673647,-2.84177976864862E-32,
-1.34462105018826));
#1616=CARTESIAN_POINT('Ctrl Pts',(2.02254248593737,-3.04290529068096E-32,
-1.46946313073118));
#1617=CARTESIAN_POINT('',(1.66170093578839,-3.43183207189146E-32,-1.66170093578839));
#1618=CARTESIAN_POINT('Ctrl Pts',(2.02254248593737,-3.04290529068096E-32,
-1.46946313073118));
#1619=CARTESIAN_POINT('Ctrl Pts',(1.98669177071303,-3.1224008684629E-32,
-1.51880740700192));
#1620=CARTESIAN_POINT('Ctrl Pts',(1.93846399578133,-3.17166481461818E-32,
-1.55592152899826));
#1621=CARTESIAN_POINT('Ctrl Pts',(1.89174480674906,-3.20247208677658E-32,
-1.57631116484967));
#1622=CARTESIAN_POINT('Ctrl Pts',(1.77205085026827,-3.28139991856047E-32,
-1.62854914750327));
#1623=CARTESIAN_POINT('Ctrl Pts',(1.71601988446306,-3.25884807114634E-32,
-1.60738198711371));
#1624=CARTESIAN_POINT('Ctrl Pts',(1.66170093578839,-3.43183207189146E-32,
-1.66170093578839));
#1625=CARTESIAN_POINT('',(1.46946313073118,-2.37782417428102E-16,-2.02254248593737));
#1626=CARTESIAN_POINT('Ctrl Pts',(1.66170093578839,-1.94840112652986E-16,
-1.66170093578839));
#1627=CARTESIAN_POINT('Ctrl Pts',(1.63982132385186,-1.98796023903763E-16,
-1.68358054772491));
#1628=CARTESIAN_POINT('Ctrl Pts',(1.63044748224346,-2.03031034407964E-16,
-1.70084814649389));
#1629=CARTESIAN_POINT('Ctrl Pts',(1.62211655376142,-2.07401835874209E-16,
-1.72553700140654));
#1630=CARTESIAN_POINT('Ctrl Pts',(1.60169200672009,-2.18117525049565E-16,
-1.7860655102813));
#1631=CARTESIAN_POINT('Ctrl Pts',(1.5943052112741,-2.29486191539268E-16,
-1.93183940513827));
#1632=CARTESIAN_POINT('Ctrl Pts',(1.46946313073118,-2.37782417428102E-16,
-2.02254248593737));
#1633=CARTESIAN_POINT('',(1.06687767438793,-2.45512864770006E-16,-2.09386533184266));
#1634=CARTESIAN_POINT('Ctrl Pts',(1.46946313073118,-2.37782417428102E-16,
-2.02254248593737));
#1635=CARTESIAN_POINT('Ctrl Pts',(1.42011885446045,-2.4106153021189E-16,
-2.0583932011617));
#1636=CARTESIAN_POINT('Ctrl Pts',(1.36278262041705,-2.42571331070446E-16,
-2.07878762667811));
#1637=CARTESIAN_POINT('Ctrl Pts',(1.31204928726471,-2.4299635275374E-16,
-2.08374229934509));
#1638=CARTESIAN_POINT('Ctrl Pts',(1.1820711456007,-2.44085252794971E-16,
-2.09643610646937));
#1639=CARTESIAN_POINT('Ctrl Pts',(1.13532354274035,-2.39207357318081E-16,
-2.05899042000437));
#1640=CARTESIAN_POINT('Ctrl Pts',(1.06687767438793,-2.45512864770006E-16,
-2.09386533184266));
#1641=CARTESIAN_POINT('',(0.772542485937369,-2.79529996437382E-16,-2.37764129073788));
#1642=CARTESIAN_POINT('Ctrl Pts',(1.06687767438794,-2.45512864770006E-16,
-2.09386533184266));
#1643=CARTESIAN_POINT('Ctrl Pts',(1.03930775496297,-2.48052716138215E-16,
-2.1079129074302));
#1644=CARTESIAN_POINT('Ctrl Pts',(1.02505672034691,-2.51350860252594E-16,
-2.12143869340063));
#1645=CARTESIAN_POINT('Ctrl Pts',(1.0095042607876,-2.55051979787045E-16,
-2.14234479126532));
#1646=CARTESIAN_POINT('Ctrl Pts',(0.971375024345101,-2.64125841145943E-16,
-2.19359929191412));
#1647=CARTESIAN_POINT('Ctrl Pts',(0.919303153554611,-2.75168412374455E-16,
-2.32995585919675));
#1648=CARTESIAN_POINT('Ctrl Pts',(0.772542485937369,-2.79529996437382E-16,
-2.37764129073788));
#1649=CARTESIAN_POINT('',(0.367620992844542,-2.72153107094624E-16,-2.32106760039857));
#1650=CARTESIAN_POINT('Ctrl Pts',(0.772542485937368,-2.79529996437382E-16,
-2.37764129073788));
#1651=CARTESIAN_POINT('Ctrl Pts',(0.714534810183396,-2.81253928047968E-16,
-2.39648912712304));
#1652=CARTESIAN_POINT('Ctrl Pts',(0.653702587101489,-2.81328810304272E-16,
-2.39816750769365));
#1653=CARTESIAN_POINT('Ctrl Pts',(0.603921241957912,-2.80388186039759E-16,
-2.38720221929432));
#1654=CARTESIAN_POINT('Ctrl Pts',(0.476382081227744,-2.77978318871399E-16,
-2.359109292605));
#1655=CARTESIAN_POINT('Ctrl Pts',(0.443493822389939,-2.69980377300466E-16,
-2.30905052475519));
#1656=CARTESIAN_POINT('Ctrl Pts',(0.367620992844542,-2.72153107094624E-16,
-2.32106760039857));
#1657=CARTESIAN_POINT('',(-6.6613381477509E-17,-2.93915231795365E-16,-2.5));
#1658=CARTESIAN_POINT('Ctrl Pts',(0.367620992844542,-2.72153107094624E-16,
-2.32106760039857));
#1659=CARTESIAN_POINT('Ctrl Pts',(0.337059501735389,-2.73028280232157E-16,
-2.32590806506338));
#1660=CARTESIAN_POINT('Ctrl Pts',(0.319326264672712,-2.75066712631276E-16,
-2.33436804006478));
#1661=CARTESIAN_POINT('Ctrl Pts',(0.298074657138157,-2.7773585886668E-16,
-2.34944494636114));
#1662=CARTESIAN_POINT('Ctrl Pts',(0.245973086619453,-2.84279679638004E-16,
-2.38640829114937));
#1663=CARTESIAN_POINT('Ctrl Pts',(0.154313298003535,-2.93915231795365E-16,
-2.5));
#1664=CARTESIAN_POINT('Ctrl Pts',(-6.6613381477509E-17,-2.93915231795365E-16,
-2.5));
#1665=CARTESIAN_POINT('',(-0.367620992844545,-2.72153107094624E-16,-2.32106760039857));
#1666=CARTESIAN_POINT('Ctrl Pts',(-7.60502771868232E-16,-2.93915231795365E-16,
-2.5));
#1667=CARTESIAN_POINT('Ctrl Pts',(-0.0609928797711725,-2.93915231795365E-16,
-2.5));
#1668=CARTESIAN_POINT('Ctrl Pts',(-0.1193664100533,-2.92547865452435E-16,
-2.48279804404057));
#1669=CARTESIAN_POINT('Ctrl Pts',(-0.163322822278421,-2.90333670096841E-16,
-2.45698615340313));
#1670=CARTESIAN_POINT('Ctrl Pts',(-0.275938580404905,-2.8466093030786E-16,
-2.39085642429951));
#1671=CARTESIAN_POINT('Ctrl Pts',(-0.291748163299144,-2.74325836888783E-16,
-2.33308467604196));
#1672=CARTESIAN_POINT('Ctrl Pts',(-0.367620992844545,-2.72153107094624E-16,
-2.32106760039857));
#1673=CARTESIAN_POINT('',(-0.772542485937369,-2.79529996437382E-16,-2.37764129073788));
#1674=CARTESIAN_POINT('Ctrl Pts',(-0.367620992844542,-2.72153107094624E-16,
-2.32106760039857));
#1675=CARTESIAN_POINT('Ctrl Pts',(-0.398182483953693,-2.71277933957091E-16,
-2.31622713573377));
#1676=CARTESIAN_POINT('Ctrl Pts',(-0.4176620706646,-2.7185711867513E-16,
-2.3187931784689));
#1677=CARTESIAN_POINT('Ctrl Pts',(-0.442532570760233,-2.73233016980932E-16,
-2.32656506056166));
#1678=CARTESIAN_POINT('Ctrl Pts',(-0.503506410619709,-2.76606242394103E-16,
-2.34561901976264));
#1679=CARTESIAN_POINT('Ctrl Pts',(-0.625781818320101,-2.8389158050031E-16,
-2.42532672227903));
#1680=CARTESIAN_POINT('Ctrl Pts',(-0.772542485937369,-2.79529996437382E-16,
-2.37764129073788));
#1681=CARTESIAN_POINT('',(-1.06687767438793,-2.45512864770006E-16,-2.09386533184267));
#1682=CARTESIAN_POINT('Ctrl Pts',(-0.772542485937369,-2.79529996437382E-16,
-2.37764129073788));
#1683=CARTESIAN_POINT('Ctrl Pts',(-0.830550161691339,-2.77806064826797E-16,
-2.35879345435273));
#1684=CARTESIAN_POINT('Ctrl Pts',(-0.880750991317341,-2.7513029722928E-16,
-2.32439500916567));
#1685=CARTESIAN_POINT('Ctrl Pts',(-0.914579710733089,-2.71859271651219E-16,
-2.28626316398771));
#1686=CARTESIAN_POINT('Ctrl Pts',(-1.00124845121041,-2.63478946536466E-16,
-2.18856987110736));
#1687=CARTESIAN_POINT('Ctrl Pts',(-0.998431806035538,-2.5181837222193E-16,
-2.12874024368095));
#1688=CARTESIAN_POINT('Ctrl Pts',(-1.06687767438793,-2.45512864770006E-16,
-2.09386533184267));
#1689=CARTESIAN_POINT('',(-1.46946313073118,-2.37782417428102E-16,-2.02254248593737));
#1690=CARTESIAN_POINT('Ctrl Pts',(-1.06687767438793,-2.45512864770006E-16,
-2.09386533184266));
#1691=CARTESIAN_POINT('Ctrl Pts',(-1.09444759381289,-2.42973013401798E-16,
-2.07981775625514));
#1692=CARTESIAN_POINT('Ctrl Pts',(-1.11376673250247,-2.42036255803139E-16,
-2.07623868458241));
#1693=CARTESIAN_POINT('Ctrl Pts',(-1.1398216273269,-2.4198422366672E-16,
-2.07594477650244));
#1694=CARTESIAN_POINT('Ctrl Pts',(-1.20369919225206,-2.41856658915655E-16,
-2.07522421583289));
#1695=CARTESIAN_POINT('Ctrl Pts',(-1.34462105018827,-2.46078643316936E-16,
-2.11324556673646));
#1696=CARTESIAN_POINT('Ctrl Pts',(-1.46946313073118,-2.37782417428102E-16,
-2.02254248593737));
#1697=CARTESIAN_POINT('',(-1.66170093578839,-1.94840112652986E-16,-1.66170093578839));
#1698=CARTESIAN_POINT('Ctrl Pts',(-1.46946313073118,-2.37782417428102E-16,
-2.02254248593737));
#1699=CARTESIAN_POINT('Ctrl Pts',(-1.51880740700192,-2.34503304644313E-16,
-1.98669177071303));
#1700=CARTESIAN_POINT('Ctrl Pts',(-1.55592152899828,-2.30781058567823E-16,
-1.9384639957813));
#1701=CARTESIAN_POINT('Ctrl Pts',(-1.57631116484968,-2.26773393541449E-16,
-1.89174480674904));
#1702=CARTESIAN_POINT('Ctrl Pts',(-1.62854914750325,-2.16505807712315E-16,
-1.77205085026829));
#1703=CARTESIAN_POINT('Ctrl Pts',(-1.60738198711371,-2.04661170760228E-16,
-1.71601988446306));
#1704=CARTESIAN_POINT('Ctrl Pts',(-1.66170093578839,-1.94840112652986E-16,
-1.66170093578839));
#1705=CARTESIAN_POINT('',(-2.02254248593737,-1.72759038673439E-16,-1.46946313073118));
#1706=CARTESIAN_POINT('Ctrl Pts',(-1.66170093578839,-1.94840112652986E-16,
-1.66170093578839));
#1707=CARTESIAN_POINT('Ctrl Pts',(-1.6835805477249,-1.9088420140221E-16,
-1.63982132385187));
#1708=CARTESIAN_POINT('Ctrl Pts',(-1.70084814649388,-1.88523197847384E-16,
-1.63044748224346));
#1709=CARTESIAN_POINT('Ctrl Pts',(-1.72553700140652,-1.87048328536786E-16,
-1.62211655376143));
#1710=CARTESIAN_POINT('Ctrl Pts',(-1.78606551028128,-1.83432460548112E-16,
-1.60169200672009));
#1711=CARTESIAN_POINT('Ctrl Pts',(-1.93183940513826,-1.84177813994977E-16,
-1.59430521127411));
#1712=CARTESIAN_POINT('Ctrl Pts',(-2.02254248593737,-1.72759038673439E-16,
-1.46946313073118));
#1713=CARTESIAN_POINT('',(-2.09386533184267,-1.25095052778602E-16,-1.06687767438793));
#1714=CARTESIAN_POINT('Ctrl Pts',(-2.02254248593737,-1.72759038673439E-16,
-1.46946313073118));
#1715=CARTESIAN_POINT('Ctrl Pts',(-2.05839320116171,-1.68245727122645E-16,
-1.42011885446043));
#1716=CARTESIAN_POINT('Ctrl Pts',(-2.07878762667813,-1.63841361947563E-16,
-1.36278262041701));
#1717=CARTESIAN_POINT('Ctrl Pts',(-2.0837422993451,-1.59489355648701E-16,
-1.31204928726464));
#1718=CARTESIAN_POINT('Ctrl Pts',(-2.09643610646936,-1.48339571944619E-16,
-1.18207114560066));
#1719=CARTESIAN_POINT('Ctrl Pts',(-2.05899042000437,-1.37470307946289E-16,
-1.13532354274034));
#1720=CARTESIAN_POINT('Ctrl Pts',(-2.09386533184267,-1.25095052778602E-16,
-1.06687767438793));
#1721=CARTESIAN_POINT('',(-2.37764129073788,-9.08248015304196E-17,-0.772542485937368));
#1722=CARTESIAN_POINT('Ctrl Pts',(-2.09386533184266,-1.25095052778602E-16,
-1.06687767438794));
#1723=CARTESIAN_POINT('Ctrl Pts',(-2.10791290743019,-1.20110313800936E-16,
-1.03930775496297));
#1724=CARTESIAN_POINT('Ctrl Pts',(-2.12143869340062,-1.16556175767967E-16,
-1.02505672034693));
#1725=CARTESIAN_POINT('Ctrl Pts',(-2.1423447912653,-1.1380283976733E-16,
-1.00950426078762));
#1726=CARTESIAN_POINT('Ctrl Pts',(-2.19359929191411,-1.07052614893016E-16,
-0.971375024345103));
#1727=CARTESIAN_POINT('Ctrl Pts',(-2.32995585919674,-1.04248376996899E-16,
-0.919303153554628));
#1728=CARTESIAN_POINT('Ctrl Pts',(-2.37764129073788,-9.08248015304196E-17,
-0.772542485937368));
#1729=CARTESIAN_POINT('',(-2.32106760039857,-4.31048175497656E-17,-0.367620992844542));
#1730=CARTESIAN_POINT('Ctrl Pts',(-2.37764129073788,-9.08248015304196E-17,
-0.772542485937368));
#1731=CARTESIAN_POINT('Ctrl Pts',(-2.39648912712304,-8.55190855933048E-17,
-0.714534810183396));
#1732=CARTESIAN_POINT('Ctrl Pts',(-2.39816750769365,-8.08637312699844E-17,
-0.653702587101503));
#1733=CARTESIAN_POINT('Ctrl Pts',(-2.38720221929432,-7.65933883973794E-17,
-0.603921241957916));
#1734=CARTESIAN_POINT('Ctrl Pts',(-2.359109292605,-6.56528253324143E-17,
-0.47638208122772));
#1735=CARTESIAN_POINT('Ctrl Pts',(-2.30905052475519,-5.68228935786124E-17,
-0.443493822389939));
#1736=CARTESIAN_POINT('Ctrl Pts',(-2.32106760039857,-4.31048175497656E-17,
-0.367620992844542));
#1737=CARTESIAN_POINT('',(-2.5,-5.17321571574901E-33,5.07486229170555E-16));
#1738=CARTESIAN_POINT('Ctrl Pts',(-2.32106760039857,-4.31048175497656E-17,
-0.367620992844542));
#1739=CARTESIAN_POINT('Ctrl Pts',(-2.32590806506338,-3.75791918270623E-17,
-0.337059501735387));
#1740=CARTESIAN_POINT('Ctrl Pts',(-2.33436804006479,-3.31798231097542E-17,
-0.319326264672693));
#1741=CARTESIAN_POINT('Ctrl Pts',(-2.34944494636115,-2.94175361304399E-17,
-0.298074657138152));
#1742=CARTESIAN_POINT('Ctrl Pts',(-2.38640829114935,-2.01937134127652E-17,
-0.245973086619483));
#1743=CARTESIAN_POINT('Ctrl Pts',(-2.5,-1.41143825172142E-17,-0.154313298003531));
#1744=CARTESIAN_POINT('Ctrl Pts',(-2.5,-5.17321571574901E-33,5.07486229170555E-16));
#1745=CARTESIAN_POINT('',(-2.32106760039857,4.31048175497656E-17,0.367620992844544));
#1746=CARTESIAN_POINT('Ctrl Pts',(-2.5,8.81698578076868E-33,6.21724893790086E-16));
#1747=CARTESIAN_POINT('Ctrl Pts',(-2.5,5.57875988041579E-18,0.0609928797711705));
#1748=CARTESIAN_POINT('Ctrl Pts',(-2.48279804404057,1.0029404835048E-17,
0.119366410053306));
#1749=CARTESIAN_POINT('Ctrl Pts',(-2.45698615340313,1.38000733677981E-17,
0.163322822278419));
#1750=CARTESIAN_POINT('Ctrl Pts',(-2.39085642429952,2.34604772534608E-17,
0.275938580404887));
#1751=CARTESIAN_POINT('Ctrl Pts',(-2.33308467604196,2.93867415209195E-17,
0.291748163299143));
#1752=CARTESIAN_POINT('Ctrl Pts',(-2.32106760039857,4.31048175497656E-17,
0.367620992844544));
#1753=CARTESIAN_POINT('',(-2.37764129073788,9.08248015304196E-17,0.772542485937369));
#1754=CARTESIAN_POINT('Ctrl Pts',(-2.32106760039857,4.31048175497657E-17,
0.367620992844542));
#1755=CARTESIAN_POINT('Ctrl Pts',(-2.31622713573377,4.86304432724687E-17,
0.398182483953699));
#1756=CARTESIAN_POINT('Ctrl Pts',(-2.31879317846891,5.34444018118618E-17,
0.417662070664612));
#1757=CARTESIAN_POINT('Ctrl Pts',(-2.32656506056166,5.78473609069227E-17,
0.442532570760248));
#1758=CARTESIAN_POINT('Ctrl Pts',(-2.34561901976264,6.86418894342015E-17,
0.503506410619714));
#1759=CARTESIAN_POINT('Ctrl Pts',(-2.42532672227902,7.74012260639405E-17,
0.625781818320111));
#1760=CARTESIAN_POINT('Ctrl Pts',(-2.37764129073788,9.08248015304196E-17,
0.772542485937369));
#1761=CARTESIAN_POINT('',(-2.09386533184267,1.25095052778602E-16,1.06687767438793));
#1762=CARTESIAN_POINT('Ctrl Pts',(-2.37764129073788,9.08248015304196E-17,
0.772542485937369));
#1763=CARTESIAN_POINT('Ctrl Pts',(-2.35879345435273,9.61305174675344E-17,
0.830550161691339));
#1764=CARTESIAN_POINT('Ctrl Pts',(-2.32439500916567,9.99407929158516E-17,
0.880750991317341));
#1765=CARTESIAN_POINT('Ctrl Pts',(-2.28626316398771,1.02842687800968E-16,
0.914579710733089));
#1766=CARTESIAN_POINT('Ctrl Pts',(-2.18856987110736,1.10277304867009E-16,
1.00124845121041));
#1767=CARTESIAN_POINT('Ctrl Pts',(-2.12874024368095,1.12719797610915E-16,
0.998431806035538));
#1768=CARTESIAN_POINT('Ctrl Pts',(-2.09386533184267,1.25095052778602E-16,
1.06687767438793));
#1769=CARTESIAN_POINT('',(-2.02254248593737,1.72759038673439E-16,1.46946313073118));
#1770=CARTESIAN_POINT('Ctrl Pts',(-2.09386533184266,1.25095052778602E-16,
1.06687767438793));
#1771=CARTESIAN_POINT('Ctrl Pts',(-2.07981775625514,1.30079791756269E-16,
1.09444759381289));
#1772=CARTESIAN_POINT('Ctrl Pts',(-2.07623868458241,1.34837116315089E-16,
1.11376673250247));
#1773=CARTESIAN_POINT('Ctrl Pts',(-2.07594477650244,1.39449755212452E-16,
1.1398216273269));
#1774=CARTESIAN_POINT('Ctrl Pts',(-2.07522421583289,1.50758345887182E-16,
1.20369919225206));
#1775=CARTESIAN_POINT('Ctrl Pts',(-2.11324556673646,1.61340263351904E-16,
1.34462105018827));
#1776=CARTESIAN_POINT('Ctrl Pts',(-2.02254248593737,1.72759038673439E-16,
1.46946313073118));
#1777=CARTESIAN_POINT('',(-1.66170093578839,1.94840112652986E-16,1.66170093578839));
#1778=CARTESIAN_POINT('Ctrl Pts',(-2.02254248593737,1.72759038673439E-16,
1.46946313073118));
#1779=CARTESIAN_POINT('Ctrl Pts',(-1.98669177071303,1.77272350224232E-16,
1.51880740700192));
#1780=CARTESIAN_POINT('Ctrl Pts',(-1.9384639957813,1.80069279857604E-16,
1.55592152899828));
#1781=CARTESIAN_POINT('Ctrl Pts',(-1.89174480674903,1.81818343405041E-16,
1.57631116484968));
#1782=CARTESIAN_POINT('Ctrl Pts',(-1.77205085026829,1.86299421533013E-16,
1.62854914750325));
#1783=CARTESIAN_POINT('Ctrl Pts',(-1.71601988446306,1.85019054545744E-16,
1.60738198711371));
#1784=CARTESIAN_POINT('Ctrl Pts',(-1.66170093578839,1.94840112652986E-16,
1.66170093578839));
#1785=CARTESIAN_POINT('',(-1.46946313073118,4.18819982779935E-32,2.02254248593737));
#1786=CARTESIAN_POINT('Ctrl Pts',(-1.66170093578839,3.43183207189146E-32,
1.66170093578839));
#1787=CARTESIAN_POINT('Ctrl Pts',(-1.63982132385185,3.50150983443801E-32,
1.68358054772492));
#1788=CARTESIAN_POINT('Ctrl Pts',(-1.63044748224345,3.57610353424256E-32,
1.70084814649391));
#1789=CARTESIAN_POINT('Ctrl Pts',(-1.62211655376141,3.65308899913219E-32,
1.72553700140658));
#1790=CARTESIAN_POINT('Ctrl Pts',(-1.60169200672009,3.84183065650279E-32,
1.78606551028133));
#1791=CARTESIAN_POINT('Ctrl Pts',(-1.59430521127407,4.04207358257561E-32,
1.93183940513829));
#1792=CARTESIAN_POINT('Ctrl Pts',(-1.46946313073118,4.18819982779935E-32,
2.02254248593737));
#1793=CARTESIAN_POINT('',(-1.06687767438793,4.32436068685852E-32,2.09386533184266));
#1794=CARTESIAN_POINT('Ctrl Pts',(-1.46946313073118,4.18819982779936E-32,
2.02254248593737));
#1795=CARTESIAN_POINT('Ctrl Pts',(-1.42011885446044,4.2459567458463E-32,
2.05839320116171));
#1796=CARTESIAN_POINT('Ctrl Pts',(-1.36278262041702,4.27254974529601E-32,
2.07878762667812));
#1797=CARTESIAN_POINT('Ctrl Pts',(-1.31204928726467,4.28003589906647E-32,
2.0837422993451));
#1798=CARTESIAN_POINT('Ctrl Pts',(-1.1820711456007,4.29921532795148E-32,
2.09643610646936));
#1799=CARTESIAN_POINT('Ctrl Pts',(-1.13532354274034,4.21329812172028E-32,
2.05899042000437));
#1800=CARTESIAN_POINT('Ctrl Pts',(-1.06687767438793,4.32436068685852E-32,
2.09386533184266));
#1801=CARTESIAN_POINT('',(-0.772542485937369,4.92352418486867E-32,2.37764129073788));
#1802=CARTESIAN_POINT('Ctrl Pts',(-1.06687767438793,4.32436068685852E-32,
2.09386533184267));
#1803=CARTESIAN_POINT('Ctrl Pts',(-1.03930775496298,4.36909656421235E-32,
2.10791290743019));
#1804=CARTESIAN_POINT('Ctrl Pts',(-1.02505672034693,4.42718869213881E-32,
2.12143869340061));
#1805=CARTESIAN_POINT('Ctrl Pts',(-1.00950426078763,4.4923786601966E-32,
2.1423447912653));
#1806=CARTESIAN_POINT('Ctrl Pts',(-0.971375024345101,4.65220185062365E-32,
2.1935992919141));
#1807=CARTESIAN_POINT('Ctrl Pts',(-0.919303153554632,4.84670107145739E-32,
2.32995585919674));
#1808=CARTESIAN_POINT('Ctrl Pts',(-0.772542485937369,4.92352418486867E-32,
2.37764129073788));
#1809=CARTESIAN_POINT('',(-0.367620992844541,4.7935907482033E-32,2.32106760039857));
#1810=CARTESIAN_POINT('Ctrl Pts',(-0.772542485937369,4.92352418486867E-32,
2.37764129073788));
#1811=CARTESIAN_POINT('Ctrl Pts',(-0.714534810183396,4.95388879362607E-32,
2.39648912712304));
#1812=CARTESIAN_POINT('Ctrl Pts',(-0.653702587101487,4.95520773829974E-32,
2.39816750769365));
#1813=CARTESIAN_POINT('Ctrl Pts',(-0.60392124195791,4.93863997679211E-32,
2.38720221929432));
#1814=CARTESIAN_POINT('Ctrl Pts',(-0.476382081227744,4.89619358664806E-32,
2.359109292605));
#1815=CARTESIAN_POINT('Ctrl Pts',(-0.443493822389944,4.75532119636607E-32,
2.30905052475519));
#1816=CARTESIAN_POINT('Ctrl Pts',(-0.367620992844541,4.7935907482033E-32,
2.32106760039857));
#1817=CARTESIAN_POINT('',(4.44089209850056E-17,5.17689969051292E-32,2.5));
#1818=CARTESIAN_POINT('Ctrl Pts',(-0.367620992844544,4.7935907482033E-32,
2.32106760039857));
#1819=CARTESIAN_POINT('Ctrl Pts',(-0.337059501735375,4.80900568099589E-32,
2.32590806506338));
#1820=CARTESIAN_POINT('Ctrl Pts',(-0.319326264672688,4.84490977481121E-32,
2.33436804006479));
#1821=CARTESIAN_POINT('Ctrl Pts',(-0.298074657138133,4.89192299775852E-32,
2.34944494636116));
#1822=CARTESIAN_POINT('Ctrl Pts',(-0.245973086619456,5.00718311380934E-32,
2.38640829114938));
#1823=CARTESIAN_POINT('Ctrl Pts',(-0.154313298003512,5.17689969051292E-32,
2.5));
#1824=CARTESIAN_POINT('Ctrl Pts',(4.44089209850056E-17,5.17689969051292E-32,
2.5));
#1825=CARTESIAN_POINT('',(0.367620992844542,4.7935907482033E-32,2.32106760039857));
#1826=CARTESIAN_POINT('Ctrl Pts',(1.58647585604537E-16,5.17689969051292E-32,
2.5));
#1827=CARTESIAN_POINT('Ctrl Pts',(0.0609928797711633,5.17689969051292E-32,
2.5));
#1828=CARTESIAN_POINT('Ctrl Pts',(0.119366410053272,5.15281547291626E-32,
2.48279804404058));
#1829=CARTESIAN_POINT('Ctrl Pts',(0.163322822278399,5.1138155640613E-32,
2.45698615340314));
#1830=CARTESIAN_POINT('Ctrl Pts',(0.275938580404922,5.01389830329688E-32,
2.39085642429952));
#1831=CARTESIAN_POINT('Ctrl Pts',(0.291748163299148,4.83186030004054E-32,
2.33308467604196));
#1832=CARTESIAN_POINT('Ctrl Pts',(0.367620992844542,4.7935907482033E-32,
2.32106760039857));
#1833=CARTESIAN_POINT('',(0.772542485937369,4.92352418486867E-32,2.37764129073788));
#1834=CARTESIAN_POINT('Ctrl Pts',(0.367620992844543,4.7935907482033E-32,
2.32106760039857));
#1835=CARTESIAN_POINT('Ctrl Pts',(0.398182483953686,4.77817581541073E-32,
2.31622713573377));
#1836=CARTESIAN_POINT('Ctrl Pts',(0.417662070664567,4.78837733225369E-32,
2.31879317846889));
#1837=CARTESIAN_POINT('Ctrl Pts',(0.442532570760215,4.81261182826796E-32,
2.32656506056165));
#1838=CARTESIAN_POINT('Ctrl Pts',(0.503506410619742,4.87202640671905E-32,
2.34561901976265));
#1839=CARTESIAN_POINT('Ctrl Pts',(0.625781818320089,5.00034729827996E-32,
2.42532672227903));
#1840=CARTESIAN_POINT('Ctrl Pts',(0.772542485937369,4.92352418486867E-32,
2.37764129073788));
#1841=CARTESIAN_POINT('',(1.06687767438794,4.32436068685852E-32,2.09386533184266));
#1842=CARTESIAN_POINT('Ctrl Pts',(0.772542485937369,4.92352418486867E-32,
2.37764129073788));
#1843=CARTESIAN_POINT('Ctrl Pts',(0.83055016169134,4.89315957611128E-32,
2.35879345435273));
#1844=CARTESIAN_POINT('Ctrl Pts',(0.880750991317338,4.84602972726727E-32,
2.32439500916568));
#1845=CARTESIAN_POINT('Ctrl Pts',(0.914579710733087,4.78841525387204E-32,
2.28626316398772));
#1846=CARTESIAN_POINT('Ctrl Pts',(1.00124845121042,4.64080772013537E-32,
2.18856987110736));
#1847=CARTESIAN_POINT('Ctrl Pts',(0.998431806035528,4.43542325199676E-32,
2.12874024368096));
#1848=CARTESIAN_POINT('Ctrl Pts',(1.06687767438794,4.32436068685852E-32,
2.09386533184266));
#1849=CARTESIAN_POINT('',(1.46946313073118,4.18819982779936E-32,2.02254248593737));
#1850=CARTESIAN_POINT('Ctrl Pts',(1.06687767438793,4.32436068685852E-32,
2.09386533184266));
#1851=CARTESIAN_POINT('Ctrl Pts',(1.09444759381289,4.27962480950468E-32,
2.07981775625514));
#1852=CARTESIAN_POINT('Ctrl Pts',(1.11376673250246,4.26312515382858E-32,
2.07623868458241));
#1853=CARTESIAN_POINT('Ctrl Pts',(1.13982162732688,4.26220868158834E-32,
2.07594477650244));
#1854=CARTESIAN_POINT('Ctrl Pts',(1.20369919225205,4.25996180953519E-32,
2.07522421583288));
#1855=CARTESIAN_POINT('Ctrl Pts',(1.34462105018826,4.33432607302313E-32,
2.11324556673647));
#1856=CARTESIAN_POINT('Ctrl Pts',(1.46946313073118,4.18819982779936E-32,
2.02254248593737));
#1857=CARTESIAN_POINT('',(1.66170093578839,3.43183207189146E-32,1.66170093578839));
#1858=CARTESIAN_POINT('Ctrl Pts',(1.46946313073118,4.18819982779936E-32,
2.02254248593737));
#1859=CARTESIAN_POINT('Ctrl Pts',(1.51880740700191,4.13044290975242E-32,
1.98669177071304));
#1860=CARTESIAN_POINT('Ctrl Pts',(1.55592152899827,4.06488082763888E-32,
1.93846399578131));
#1861=CARTESIAN_POINT('Ctrl Pts',(1.57631116484967,3.99429149578296E-32,
1.89174480674906));
#1862=CARTESIAN_POINT('Ctrl Pts',(1.62854914750325,3.81344254291832E-32,
1.7720508502683));
#1863=CARTESIAN_POINT('Ctrl Pts',(1.60738198711371,3.60481607263658E-32,
1.71601988446306));
#1864=CARTESIAN_POINT('Ctrl Pts',(1.66170093578839,3.43183207189146E-32,
1.66170093578839));
#1865=CARTESIAN_POINT('',(2.02254248593737,3.04290529068096E-32,1.46946313073118));
#1866=CARTESIAN_POINT('Ctrl Pts',(1.66170093578839,3.43183207189146E-32,
1.66170093578839));
#1867=CARTESIAN_POINT('Ctrl Pts',(1.68358054772491,3.36215430934494E-32,
1.63982132385186));
#1868=CARTESIAN_POINT('Ctrl Pts',(1.70084814649389,3.32056858240721E-32,
1.63044748224346));
#1869=CARTESIAN_POINT('Ctrl Pts',(1.72553700140654,3.29459085260075E-32,
1.62211655376142));
#1870=CARTESIAN_POINT('Ctrl Pts',(1.7860655102813,3.23090246953482E-32,
1.60169200672009));
#1871=CARTESIAN_POINT('Ctrl Pts',(1.93183940513827,3.2440308127133E-32,
1.59430521127409));
#1872=CARTESIAN_POINT('Ctrl Pts',(2.02254248593737,3.04290529068096E-32,
1.46946313073118));
#1873=CARTESIAN_POINT('',(2.09386533184266,2.20337182274762E-32,1.06687767438793));
#1874=CARTESIAN_POINT('Ctrl Pts',(2.02254248593737,3.04290529068096E-32,
1.46946313073118));
#1875=CARTESIAN_POINT('Ctrl Pts',(2.05839320116171,2.96340971289901E-32,
1.42011885446044));
#1876=CARTESIAN_POINT('Ctrl Pts',(2.07878762667812,2.88583307091108E-32,
1.36278262041702));
#1877=CARTESIAN_POINT('Ctrl Pts',(2.0837422993451,2.8091786562213E-32,1.31204928726467));
#1878=CARTESIAN_POINT('Ctrl Pts',(2.09643610646936,2.61279103978385E-32,
1.1820711456007));
#1879=CARTESIAN_POINT('Ctrl Pts',(2.05899042000437,2.42134437985628E-32,
1.13532354274034));
#1880=CARTESIAN_POINT('Ctrl Pts',(2.09386533184266,2.20337182274762E-32,
1.06687767438793));
#1881=CARTESIAN_POINT('',(2.37764129073788,1.5997499825429E-32,0.772542485937369));
#1882=CARTESIAN_POINT('Ctrl Pts',(2.09386533184267,2.20337182274762E-32,
1.06687767438793));
#1883=CARTESIAN_POINT('Ctrl Pts',(2.10791290743019,2.11557271987999E-32,
1.03930775496298));
#1884=CARTESIAN_POINT('Ctrl Pts',(2.12143869340061,2.05297162237809E-32,
1.02505672034693));
#1885=CARTESIAN_POINT('Ctrl Pts',(2.1423447912653,2.00447551619636E-32,
1.00950426078763));
#1886=CARTESIAN_POINT('Ctrl Pts',(2.1935992919141,1.88557988479519E-32,
0.971375024345101));
#1887=CARTESIAN_POINT('Ctrl Pts',(2.32995585919674,1.83618721396335E-32,
0.919303153554632));
#1888=CARTESIAN_POINT('Ctrl Pts',(2.37764129073788,1.5997499825429E-32,
0.772542485937369));
#1889=CARTESIAN_POINT('',(2.32106760039857,7.59230187799055E-33,0.367620992844544));
#1890=CARTESIAN_POINT('Ctrl Pts',(2.37764129073788,1.5997499825429E-32,
0.772542485937369));
#1891=CARTESIAN_POINT('Ctrl Pts',(2.39648912712304,1.50629732605749E-32,
0.714534810183396));
#1892=CARTESIAN_POINT('Ctrl Pts',(2.39816750769365,1.42429986642122E-32,
0.653702587101507));
#1893=CARTESIAN_POINT('Ctrl Pts',(2.38720221929432,1.34908383709014E-32,
0.603921241957915));
#1894=CARTESIAN_POINT('Ctrl Pts',(2.359109292605,1.15638134528975E-32,0.476382081227711));
#1895=CARTESIAN_POINT('Ctrl Pts',(2.30905052475519,1.00085462867735E-32,
0.443493822389941));
#1896=CARTESIAN_POINT('Ctrl Pts',(2.32106760039857,7.59230187799056E-33,
0.367620992844541));
#1897=CARTESIAN_POINT('Ctrl Pts',(2.32106760039857,7.59230187799055E-33,
0.367620992844544));
#1898=CARTESIAN_POINT('Ctrl Pts',(2.32590806506338,6.61904132531352E-33,
0.337059501735403));
#1899=CARTESIAN_POINT('Ctrl Pts',(2.33436804006477,5.84415496056287E-33,
0.319326264672734));
#1900=CARTESIAN_POINT('Ctrl Pts',(2.34944494636112,5.18148150264611E-33,
0.298074657138194));
#1901=CARTESIAN_POINT('Ctrl Pts',(2.38640829114933,3.55683603324282E-33,
0.245973086619483));
#1902=CARTESIAN_POINT('Ctrl Pts',(2.5,2.48604817242128E-33,0.154313298003569));
#1903=CARTESIAN_POINT('Ctrl Pts',(2.5,1.49161652940825E-47,9.43689570931399E-17));
#1904=CARTESIAN_POINT('',(-1.,2.46519032881567E-32,-1.22464679914736E-16));
#1905=CARTESIAN_POINT('Origin',(-8.31632781251592E-110,2.46519032881566E-32,
2.69880267346702E-79));
#1906=CARTESIAN_POINT('Origin',(-8.31632781251592E-110,2.46519032881566E-32,
2.69880267346702E-79));
#1907=CARTESIAN_POINT('',(-1.,2.46519032881566E-32,-1.22464679914736E-16));
#1908=CARTESIAN_POINT('Ctrl Pts',(2.32106760039857,-7.59230187799055E-33,
-0.367620992844543));
#1909=CARTESIAN_POINT('Ctrl Pts',(2.32106760039857,3.,-0.367620992844543));
#1910=CARTESIAN_POINT('Ctrl Pts',(2.33308467604196,-5.17605746920762E-33,
-0.291748163299148));
#1911=CARTESIAN_POINT('Ctrl Pts',(2.33308467604196,3.,-0.291748163299148));
#1912=CARTESIAN_POINT('Ctrl Pts',(2.39085642429951,-4.13223012263902E-33,
-0.275938580404922));
#1913=CARTESIAN_POINT('Ctrl Pts',(2.39085642429951,3.,-0.275938580404922));
#1914=CARTESIAN_POINT('Ctrl Pts',(2.45698615340314,-2.43068707635215E-33,
-0.163322822278405));
#1915=CARTESIAN_POINT('Ctrl Pts',(2.45698615340314,3.,-0.163322822278405));
#1916=CARTESIAN_POINT('Ctrl Pts',(2.48279804404058,-1.76653732674645E-33,
-0.119366410053279));
#1917=CARTESIAN_POINT('Ctrl Pts',(2.48279804404058,3.,-0.119366410053279));
#1918=CARTESIAN_POINT('Ctrl Pts',(2.5,-9.82619380491158E-34,-0.0609928797711647));
#1919=CARTESIAN_POINT('Ctrl Pts',(2.5,3.,-0.0609928797711647));
#1920=CARTESIAN_POINT('Ctrl Pts',(2.5,-2.18952885050753E-48,-5.99520433297583E-16));
#1921=CARTESIAN_POINT('Ctrl Pts',(2.5,3.,-5.99520433297583E-16));
#1922=CARTESIAN_POINT('',(2.5,3.,6.93889390390723E-17));
#1923=CARTESIAN_POINT('',(2.5,1.3684555315672E-47,9.43689570931399E-17));
#1924=CARTESIAN_POINT('',(2.32106760039857,3.,-0.367620992844543));
#1925=CARTESIAN_POINT('Ctrl Pts',(2.32106760039857,3.,-0.367620992844543));
#1926=CARTESIAN_POINT('Ctrl Pts',(2.33308467604196,3.,-0.291748163299148));
#1927=CARTESIAN_POINT('Ctrl Pts',(2.39085642429951,3.,-0.275938580404922));
#1928=CARTESIAN_POINT('Ctrl Pts',(2.45698615340314,3.,-0.163322822278405));
#1929=CARTESIAN_POINT('Ctrl Pts',(2.48279804404058,3.,-0.119366410053279));
#1930=CARTESIAN_POINT('Ctrl Pts',(2.5,3.,-0.0609928797711647));
#1931=CARTESIAN_POINT('Ctrl Pts',(2.5,3.,-5.99520433297583E-16));
#1932=CARTESIAN_POINT('',(2.32106760039857,-7.59230187799055E-33,-0.367620992844543));
#1933=CARTESIAN_POINT('Ctrl Pts',(2.37764129073788,-1.5997499825429E-32,
-0.772542485937369));
#1934=CARTESIAN_POINT('Ctrl Pts',(2.37764129073788,3.,-0.772542485937369));
#1935=CARTESIAN_POINT('Ctrl Pts',(2.42532672227903,-1.36331275112242E-32,
-0.625781818320089));
#1936=CARTESIAN_POINT('Ctrl Pts',(2.42532672227903,3.,-0.625781818320089));
#1937=CARTESIAN_POINT('Ctrl Pts',(2.34561901976264,-1.20902946743344E-32,
-0.50350641061972));
#1938=CARTESIAN_POINT('Ctrl Pts',(2.34561901976264,3.,-0.50350641061972));
#1939=CARTESIAN_POINT('Ctrl Pts',(2.32656506056165,-1.01889916676559E-32,
-0.442532570760218));
#1940=CARTESIAN_POINT('Ctrl Pts',(2.32656506056165,3.,-0.442532570760218));
#1941=CARTESIAN_POINT('Ctrl Pts',(2.3187931784689,-9.41347290881779E-33,
-0.417662070664581));
#1942=CARTESIAN_POINT('Ctrl Pts',(2.3187931784689,3.,-0.417662070664581));
#1943=CARTESIAN_POINT('Ctrl Pts',(2.31622713573377,-8.56556243066777E-33,
-0.398182483953687));
#1944=CARTESIAN_POINT('Ctrl Pts',(2.31622713573377,3.,-0.398182483953687));
#1945=CARTESIAN_POINT('Ctrl Pts',(2.32106760039857,-7.59230187799055E-33,
-0.367620992844543));
#1946=CARTESIAN_POINT('Ctrl Pts',(2.32106760039857,3.,-0.367620992844543));
#1947=CARTESIAN_POINT('',(2.37764129073788,3.,-0.772542485937369));
#1948=CARTESIAN_POINT('Ctrl Pts',(2.37764129073788,3.,-0.772542485937369));
#1949=CARTESIAN_POINT('Ctrl Pts',(2.42532672227903,3.,-0.625781818320089));
#1950=CARTESIAN_POINT('Ctrl Pts',(2.34561901976264,3.,-0.50350641061972));
#1951=CARTESIAN_POINT('Ctrl Pts',(2.32656506056165,3.,-0.442532570760218));
#1952=CARTESIAN_POINT('Ctrl Pts',(2.3187931784689,3.,-0.417662070664581));
#1953=CARTESIAN_POINT('Ctrl Pts',(2.31622713573377,3.,-0.398182483953687));
#1954=CARTESIAN_POINT('Ctrl Pts',(2.32106760039857,3.,-0.367620992844543));
#1955=CARTESIAN_POINT('',(2.37764129073788,-1.5997499825429E-32,-0.772542485937369));
#1956=CARTESIAN_POINT('Ctrl Pts',(2.09386533184266,-2.20337182274762E-32,
-1.06687767438794));
#1957=CARTESIAN_POINT('Ctrl Pts',(2.09386533184266,3.,-1.06687767438794));
#1958=CARTESIAN_POINT('Ctrl Pts',(2.12874024368096,-1.98539926563896E-32,
-0.998431806035525));
#1959=CARTESIAN_POINT('Ctrl Pts',(2.12874024368096,3.,-0.998431806035525));
#1960=CARTESIAN_POINT('Ctrl Pts',(2.18856987110737,-1.94237822228316E-32,
-1.00124845121042));
#1961=CARTESIAN_POINT('Ctrl Pts',(2.18856987110737,3.,-1.00124845121042));
#1962=CARTESIAN_POINT('Ctrl Pts',(2.28626316398773,-1.81142799369794E-32,
-0.914579710733076));
#1963=CARTESIAN_POINT('Ctrl Pts',(2.28626316398773,3.,-0.914579710733076));
#1964=CARTESIAN_POINT('Ctrl Pts',(2.32439500916568,-1.76031523359737E-32,
-0.880750991317326));
#1965=CARTESIAN_POINT('Ctrl Pts',(2.32439500916568,3.,-0.880750991317326));
#1966=CARTESIAN_POINT('Ctrl Pts',(2.35879345435273,-1.69320263902829E-32,
-0.830550161691334));
#1967=CARTESIAN_POINT('Ctrl Pts',(2.35879345435273,3.,-0.830550161691334));
#1968=CARTESIAN_POINT('Ctrl Pts',(2.37764129073788,-1.5997499825429E-32,
-0.77254248593737));
#1969=CARTESIAN_POINT('Ctrl Pts',(2.37764129073788,3.,-0.77254248593737));
#1970=CARTESIAN_POINT('',(2.09386533184266,3.,-1.06687767438794));
#1971=CARTESIAN_POINT('Ctrl Pts',(2.09386533184266,3.,-1.06687767438794));
#1972=CARTESIAN_POINT('Ctrl Pts',(2.12874024368096,3.,-0.998431806035525));
#1973=CARTESIAN_POINT('Ctrl Pts',(2.18856987110737,3.,-1.00124845121042));
#1974=CARTESIAN_POINT('Ctrl Pts',(2.28626316398773,3.,-0.914579710733076));
#1975=CARTESIAN_POINT('Ctrl Pts',(2.32439500916568,3.,-0.880750991317326));
#1976=CARTESIAN_POINT('Ctrl Pts',(2.35879345435273,3.,-0.830550161691334));
#1977=CARTESIAN_POINT('Ctrl Pts',(2.37764129073788,3.,-0.77254248593737));
#1978=CARTESIAN_POINT('',(2.09386533184266,-2.20337182274762E-32,-1.06687767438794));
#1979=CARTESIAN_POINT('Ctrl Pts',(2.02254248593737,-3.04290529068096E-32,
-1.46946313073118));
#1980=CARTESIAN_POINT('Ctrl Pts',(2.02254248593737,3.,-1.46946313073118));
#1981=CARTESIAN_POINT('Ctrl Pts',(2.11324556673647,-2.84177976864862E-32,
-1.34462105018826));
#1982=CARTESIAN_POINT('Ctrl Pts',(2.11324556673647,3.,-1.34462105018826));
#1983=CARTESIAN_POINT('Ctrl Pts',(2.07522421583288,-2.65539431011514E-32,
-1.20369919225204));
#1984=CARTESIAN_POINT('Ctrl Pts',(2.07522421583288,3.,-1.20369919225204));
#1985=CARTESIAN_POINT('Ctrl Pts',(2.07594477650244,-2.45620953426482E-32,
-1.13982162732688));
#1986=CARTESIAN_POINT('Ctrl Pts',(2.07594477650244,3.,-1.13982162732688));
#1987=CARTESIAN_POINT('Ctrl Pts',(2.07623868458241,-2.37496444623608E-32,
-1.11376673250246));
#1988=CARTESIAN_POINT('Ctrl Pts',(2.07623868458241,3.,-1.11376673250246));
#1989=CARTESIAN_POINT('Ctrl Pts',(2.07981775625514,-2.29117092561525E-32,
-1.09444759381289));
#1990=CARTESIAN_POINT('Ctrl Pts',(2.07981775625514,3.,-1.09444759381289));
#1991=CARTESIAN_POINT('Ctrl Pts',(2.09386533184266,-2.20337182274762E-32,
-1.06687767438794));
#1992=CARTESIAN_POINT('Ctrl Pts',(2.09386533184266,3.,-1.06687767438794));
#1993=CARTESIAN_POINT('',(2.02254248593737,3.,-1.46946313073118));
#1994=CARTESIAN_POINT('Ctrl Pts',(2.02254248593737,3.,-1.46946313073118));
#1995=CARTESIAN_POINT('Ctrl Pts',(2.11324556673647,3.,-1.34462105018826));
#1996=CARTESIAN_POINT('Ctrl Pts',(2.07522421583288,3.,-1.20369919225204));
#1997=CARTESIAN_POINT('Ctrl Pts',(2.07594477650244,3.,-1.13982162732688));
#1998=CARTESIAN_POINT('Ctrl Pts',(2.07623868458241,3.,-1.11376673250246));
#1999=CARTESIAN_POINT('Ctrl Pts',(2.07981775625514,3.,-1.09444759381289));
#2000=CARTESIAN_POINT('Ctrl Pts',(2.09386533184266,3.,-1.06687767438794));
#2001=CARTESIAN_POINT('',(2.02254248593737,-3.04290529068096E-32,-1.46946313073118));
#2002=CARTESIAN_POINT('Ctrl Pts',(1.66170093578839,-3.43183207189146E-32,
-1.66170093578839));
#2003=CARTESIAN_POINT('Ctrl Pts',(1.66170093578839,3.,-1.66170093578839));
#2004=CARTESIAN_POINT('Ctrl Pts',(1.71601988446306,-3.25884807114634E-32,
-1.60738198711371));
#2005=CARTESIAN_POINT('Ctrl Pts',(1.71601988446306,3.,-1.60738198711371));
#2006=CARTESIAN_POINT('Ctrl Pts',(1.77205085026827,-3.28139991856047E-32,
-1.62854914750327));
#2007=CARTESIAN_POINT('Ctrl Pts',(1.77205085026827,3.,-1.62854914750327));
#2008=CARTESIAN_POINT('Ctrl Pts',(1.89174480674906,-3.20247208677658E-32,
-1.57631116484967));
#2009=CARTESIAN_POINT('Ctrl Pts',(1.89174480674906,3.,-1.57631116484967));
#2010=CARTESIAN_POINT('Ctrl Pts',(1.93846399578133,-3.17166481461818E-32,
-1.55592152899826));
#2011=CARTESIAN_POINT('Ctrl Pts',(1.93846399578133,3.,-1.55592152899826));
#2012=CARTESIAN_POINT('Ctrl Pts',(1.98669177071303,-3.1224008684629E-32,
-1.51880740700192));
#2013=CARTESIAN_POINT('Ctrl Pts',(1.98669177071303,3.,-1.51880740700192));
#2014=CARTESIAN_POINT('Ctrl Pts',(2.02254248593737,-3.04290529068096E-32,
-1.46946313073118));
#2015=CARTESIAN_POINT('Ctrl Pts',(2.02254248593737,3.,-1.46946313073118));
#2016=CARTESIAN_POINT('',(1.66170093578839,3.,-1.66170093578839));
#2017=CARTESIAN_POINT('Ctrl Pts',(1.66170093578839,3.,-1.66170093578839));
#2018=CARTESIAN_POINT('Ctrl Pts',(1.71601988446306,3.,-1.60738198711371));
#2019=CARTESIAN_POINT('Ctrl Pts',(1.77205085026827,3.,-1.62854914750327));
#2020=CARTESIAN_POINT('Ctrl Pts',(1.89174480674906,3.,-1.57631116484967));
#2021=CARTESIAN_POINT('Ctrl Pts',(1.93846399578133,3.,-1.55592152899826));
#2022=CARTESIAN_POINT('Ctrl Pts',(1.98669177071303,3.,-1.51880740700192));
#2023=CARTESIAN_POINT('Ctrl Pts',(2.02254248593737,3.,-1.46946313073118));
#2024=CARTESIAN_POINT('',(1.66170093578839,-3.43183207189146E-32,-1.66170093578839));
#2025=CARTESIAN_POINT('Ctrl Pts',(1.46946313073118,-2.37782417428102E-16,
-2.02254248593737));
#2026=CARTESIAN_POINT('Ctrl Pts',(1.46946313073118,3.,-2.02254248593737));
#2027=CARTESIAN_POINT('Ctrl Pts',(1.5943052112741,-2.29486191539268E-16,
-1.93183940513827));
#2028=CARTESIAN_POINT('Ctrl Pts',(1.5943052112741,3.,-1.93183940513827));
#2029=CARTESIAN_POINT('Ctrl Pts',(1.60169200672009,-2.18117525049565E-16,
-1.7860655102813));
#2030=CARTESIAN_POINT('Ctrl Pts',(1.60169200672009,3.,-1.7860655102813));
#2031=CARTESIAN_POINT('Ctrl Pts',(1.62211655376142,-2.07401835874209E-16,
-1.72553700140654));
#2032=CARTESIAN_POINT('Ctrl Pts',(1.62211655376142,3.,-1.72553700140654));
#2033=CARTESIAN_POINT('Ctrl Pts',(1.63044748224346,-2.03031034407964E-16,
-1.70084814649389));
#2034=CARTESIAN_POINT('Ctrl Pts',(1.63044748224346,3.,-1.70084814649389));
#2035=CARTESIAN_POINT('Ctrl Pts',(1.63982132385186,-1.98796023903763E-16,
-1.68358054772491));
#2036=CARTESIAN_POINT('Ctrl Pts',(1.63982132385186,3.,-1.68358054772491));
#2037=CARTESIAN_POINT('Ctrl Pts',(1.66170093578839,-1.94840112652986E-16,
-1.66170093578839));
#2038=CARTESIAN_POINT('Ctrl Pts',(1.66170093578839,3.,-1.66170093578839));
#2039=CARTESIAN_POINT('',(1.46946313073118,3.,-2.02254248593737));
#2040=CARTESIAN_POINT('Ctrl Pts',(1.46946313073118,3.,-2.02254248593737));
#2041=CARTESIAN_POINT('Ctrl Pts',(1.5943052112741,3.,-1.93183940513827));
#2042=CARTESIAN_POINT('Ctrl Pts',(1.60169200672009,3.,-1.7860655102813));
#2043=CARTESIAN_POINT('Ctrl Pts',(1.62211655376142,3.,-1.72553700140654));
#2044=CARTESIAN_POINT('Ctrl Pts',(1.63044748224346,3.,-1.70084814649389));
#2045=CARTESIAN_POINT('Ctrl Pts',(1.63982132385186,3.,-1.68358054772491));
#2046=CARTESIAN_POINT('Ctrl Pts',(1.66170093578839,3.,-1.66170093578839));
#2047=CARTESIAN_POINT('',(1.46946313073118,-2.37782417428102E-16,-2.02254248593737));
#2048=CARTESIAN_POINT('Ctrl Pts',(1.06687767438793,-2.45512864770006E-16,
-2.09386533184266));
#2049=CARTESIAN_POINT('Ctrl Pts',(1.06687767438793,3.,-2.09386533184266));
#2050=CARTESIAN_POINT('Ctrl Pts',(1.13532354274035,-2.39207357318081E-16,
-2.05899042000437));
#2051=CARTESIAN_POINT('Ctrl Pts',(1.13532354274035,3.,-2.05899042000437));
#2052=CARTESIAN_POINT('Ctrl Pts',(1.1820711456007,-2.44085252794971E-16,
-2.09643610646937));
#2053=CARTESIAN_POINT('Ctrl Pts',(1.1820711456007,3.,-2.09643610646937));
#2054=CARTESIAN_POINT('Ctrl Pts',(1.31204928726471,-2.4299635275374E-16,
-2.08374229934509));
#2055=CARTESIAN_POINT('Ctrl Pts',(1.31204928726471,3.,-2.08374229934509));
#2056=CARTESIAN_POINT('Ctrl Pts',(1.36278262041705,-2.42571331070446E-16,
-2.07878762667811));
#2057=CARTESIAN_POINT('Ctrl Pts',(1.36278262041705,3.,-2.07878762667811));
#2058=CARTESIAN_POINT('Ctrl Pts',(1.42011885446045,-2.4106153021189E-16,
-2.0583932011617));
#2059=CARTESIAN_POINT('Ctrl Pts',(1.42011885446045,3.,-2.0583932011617));
#2060=CARTESIAN_POINT('Ctrl Pts',(1.46946313073118,-2.37782417428102E-16,
-2.02254248593737));
#2061=CARTESIAN_POINT('Ctrl Pts',(1.46946313073118,3.,-2.02254248593737));
#2062=CARTESIAN_POINT('',(1.06687767438793,3.,-2.09386533184266));
#2063=CARTESIAN_POINT('Ctrl Pts',(1.06687767438793,3.,-2.09386533184266));
#2064=CARTESIAN_POINT('Ctrl Pts',(1.13532354274035,3.,-2.05899042000437));
#2065=CARTESIAN_POINT('Ctrl Pts',(1.1820711456007,3.,-2.09643610646937));
#2066=CARTESIAN_POINT('Ctrl Pts',(1.31204928726471,3.,-2.08374229934509));
#2067=CARTESIAN_POINT('Ctrl Pts',(1.36278262041705,3.,-2.07878762667811));
#2068=CARTESIAN_POINT('Ctrl Pts',(1.42011885446045,3.,-2.0583932011617));
#2069=CARTESIAN_POINT('Ctrl Pts',(1.46946313073118,3.,-2.02254248593737));
#2070=CARTESIAN_POINT('',(1.06687767438793,-2.45512864770006E-16,-2.09386533184266));
#2071=CARTESIAN_POINT('Ctrl Pts',(0.772542485937369,-2.79529996437382E-16,
-2.37764129073788));
#2072=CARTESIAN_POINT('Ctrl Pts',(0.772542485937369,3.,-2.37764129073788));
#2073=CARTESIAN_POINT('Ctrl Pts',(0.919303153554611,-2.75168412374455E-16,
-2.32995585919675));
#2074=CARTESIAN_POINT('Ctrl Pts',(0.919303153554611,3.,-2.32995585919675));
#2075=CARTESIAN_POINT('Ctrl Pts',(0.971375024345101,-2.64125841145943E-16,
-2.19359929191412));
#2076=CARTESIAN_POINT('Ctrl Pts',(0.971375024345101,3.,-2.19359929191412));
#2077=CARTESIAN_POINT('Ctrl Pts',(1.0095042607876,-2.55051979787045E-16,
-2.14234479126532));
#2078=CARTESIAN_POINT('Ctrl Pts',(1.0095042607876,3.,-2.14234479126532));
#2079=CARTESIAN_POINT('Ctrl Pts',(1.02505672034691,-2.51350860252594E-16,
-2.12143869340063));
#2080=CARTESIAN_POINT('Ctrl Pts',(1.02505672034691,3.,-2.12143869340063));
#2081=CARTESIAN_POINT('Ctrl Pts',(1.03930775496297,-2.48052716138215E-16,
-2.1079129074302));
#2082=CARTESIAN_POINT('Ctrl Pts',(1.03930775496297,3.,-2.1079129074302));
#2083=CARTESIAN_POINT('Ctrl Pts',(1.06687767438794,-2.45512864770006E-16,
-2.09386533184266));
#2084=CARTESIAN_POINT('Ctrl Pts',(1.06687767438794,3.,-2.09386533184266));
#2085=CARTESIAN_POINT('',(0.772542485937369,3.,-2.37764129073788));
#2086=CARTESIAN_POINT('Ctrl Pts',(0.772542485937369,3.,-2.37764129073788));
#2087=CARTESIAN_POINT('Ctrl Pts',(0.919303153554611,3.,-2.32995585919675));
#2088=CARTESIAN_POINT('Ctrl Pts',(0.971375024345101,3.,-2.19359929191412));
#2089=CARTESIAN_POINT('Ctrl Pts',(1.0095042607876,3.,-2.14234479126532));
#2090=CARTESIAN_POINT('Ctrl Pts',(1.02505672034691,3.,-2.12143869340063));
#2091=CARTESIAN_POINT('Ctrl Pts',(1.03930775496297,3.,-2.1079129074302));
#2092=CARTESIAN_POINT('Ctrl Pts',(1.06687767438794,3.,-2.09386533184266));
#2093=CARTESIAN_POINT('',(0.772542485937369,-2.79529996437382E-16,-2.37764129073788));
#2094=CARTESIAN_POINT('Ctrl Pts',(0.367620992844542,-2.72153107094624E-16,
-2.32106760039857));
#2095=CARTESIAN_POINT('Ctrl Pts',(0.367620992844542,3.,-2.32106760039857));
#2096=CARTESIAN_POINT('Ctrl Pts',(0.443493822389939,-2.69980377300466E-16,
-2.30905052475519));
#2097=CARTESIAN_POINT('Ctrl Pts',(0.443493822389939,3.,-2.30905052475519));
#2098=CARTESIAN_POINT('Ctrl Pts',(0.476382081227744,-2.77978318871399E-16,
-2.359109292605));
#2099=CARTESIAN_POINT('Ctrl Pts',(0.476382081227744,3.,-2.359109292605));
#2100=CARTESIAN_POINT('Ctrl Pts',(0.603921241957912,-2.80388186039759E-16,
-2.38720221929432));
#2101=CARTESIAN_POINT('Ctrl Pts',(0.603921241957912,3.,-2.38720221929432));
#2102=CARTESIAN_POINT('Ctrl Pts',(0.653702587101489,-2.81328810304272E-16,
-2.39816750769365));
#2103=CARTESIAN_POINT('Ctrl Pts',(0.653702587101489,3.,-2.39816750769365));
#2104=CARTESIAN_POINT('Ctrl Pts',(0.714534810183396,-2.81253928047968E-16,
-2.39648912712304));
#2105=CARTESIAN_POINT('Ctrl Pts',(0.714534810183396,3.,-2.39648912712304));
#2106=CARTESIAN_POINT('Ctrl Pts',(0.772542485937368,-2.79529996437382E-16,
-2.37764129073788));
#2107=CARTESIAN_POINT('Ctrl Pts',(0.772542485937368,3.,-2.37764129073788));
#2108=CARTESIAN_POINT('',(0.367620992844542,3.,-2.32106760039857));
#2109=CARTESIAN_POINT('Ctrl Pts',(0.367620992844542,3.,-2.32106760039857));
#2110=CARTESIAN_POINT('Ctrl Pts',(0.443493822389939,3.,-2.30905052475519));
#2111=CARTESIAN_POINT('Ctrl Pts',(0.476382081227744,3.,-2.359109292605));
#2112=CARTESIAN_POINT('Ctrl Pts',(0.603921241957912,3.,-2.38720221929432));
#2113=CARTESIAN_POINT('Ctrl Pts',(0.653702587101489,3.,-2.39816750769365));
#2114=CARTESIAN_POINT('Ctrl Pts',(0.714534810183396,3.,-2.39648912712304));
#2115=CARTESIAN_POINT('Ctrl Pts',(0.772542485937368,3.,-2.37764129073788));
#2116=CARTESIAN_POINT('',(0.367620992844542,-2.72153107094624E-16,-2.32106760039857));
#2117=CARTESIAN_POINT('Ctrl Pts',(-6.6613381477509E-17,-2.93915231795365E-16,
-2.5));
#2118=CARTESIAN_POINT('Ctrl Pts',(-6.6613381477509E-17,3.,-2.5));
#2119=CARTESIAN_POINT('Ctrl Pts',(0.154313298003535,-2.93915231795365E-16,
-2.5));
#2120=CARTESIAN_POINT('Ctrl Pts',(0.154313298003535,3.,-2.5));
#2121=CARTESIAN_POINT('Ctrl Pts',(0.245973086619453,-2.84279679638004E-16,
-2.38640829114937));
#2122=CARTESIAN_POINT('Ctrl Pts',(0.245973086619453,3.,-2.38640829114937));
#2123=CARTESIAN_POINT('Ctrl Pts',(0.298074657138157,-2.7773585886668E-16,
-2.34944494636114));
#2124=CARTESIAN_POINT('Ctrl Pts',(0.298074657138157,3.,-2.34944494636114));
#2125=CARTESIAN_POINT('Ctrl Pts',(0.319326264672712,-2.75066712631276E-16,
-2.33436804006478));
#2126=CARTESIAN_POINT('Ctrl Pts',(0.319326264672712,3.,-2.33436804006478));
#2127=CARTESIAN_POINT('Ctrl Pts',(0.337059501735389,-2.73028280232157E-16,
-2.32590806506338));
#2128=CARTESIAN_POINT('Ctrl Pts',(0.337059501735389,3.,-2.32590806506338));
#2129=CARTESIAN_POINT('Ctrl Pts',(0.367620992844542,-2.72153107094624E-16,
-2.32106760039857));
#2130=CARTESIAN_POINT('Ctrl Pts',(0.367620992844542,3.,-2.32106760039857));
#2131=CARTESIAN_POINT('',(0.,3.,-2.5));
#2132=CARTESIAN_POINT('Ctrl Pts',(-6.6613381477509E-17,3.,-2.5));
#2133=CARTESIAN_POINT('Ctrl Pts',(0.154313298003535,3.,-2.5));
#2134=CARTESIAN_POINT('Ctrl Pts',(0.245973086619453,3.,-2.38640829114937));
#2135=CARTESIAN_POINT('Ctrl Pts',(0.298074657138157,3.,-2.34944494636114));
#2136=CARTESIAN_POINT('Ctrl Pts',(0.319326264672712,3.,-2.33436804006478));
#2137=CARTESIAN_POINT('Ctrl Pts',(0.337059501735389,3.,-2.32590806506338));
#2138=CARTESIAN_POINT('Ctrl Pts',(0.367620992844542,3.,-2.32106760039857));
#2139=CARTESIAN_POINT('',(-6.6613381477509E-17,-2.93915231795365E-16,-2.5));
#2140=CARTESIAN_POINT('Ctrl Pts',(-0.367620992844545,-2.72153107094624E-16,
-2.32106760039857));
#2141=CARTESIAN_POINT('Ctrl Pts',(-0.367620992844545,3.,-2.32106760039857));
#2142=CARTESIAN_POINT('Ctrl Pts',(-0.291748163299144,-2.74325836888783E-16,
-2.33308467604196));
#2143=CARTESIAN_POINT('Ctrl Pts',(-0.291748163299144,3.,-2.33308467604196));
#2144=CARTESIAN_POINT('Ctrl Pts',(-0.275938580404905,-2.8466093030786E-16,
-2.39085642429951));
#2145=CARTESIAN_POINT('Ctrl Pts',(-0.275938580404905,3.,-2.39085642429951));
#2146=CARTESIAN_POINT('Ctrl Pts',(-0.163322822278421,-2.90333670096841E-16,
-2.45698615340313));
#2147=CARTESIAN_POINT('Ctrl Pts',(-0.163322822278421,3.,-2.45698615340313));
#2148=CARTESIAN_POINT('Ctrl Pts',(-0.1193664100533,-2.92547865452435E-16,
-2.48279804404057));
#2149=CARTESIAN_POINT('Ctrl Pts',(-0.1193664100533,3.,-2.48279804404057));
#2150=CARTESIAN_POINT('Ctrl Pts',(-0.0609928797711725,-2.93915231795365E-16,
-2.5));
#2151=CARTESIAN_POINT('Ctrl Pts',(-0.0609928797711725,3.,-2.5));
#2152=CARTESIAN_POINT('Ctrl Pts',(-7.60502771868232E-16,-2.93915231795365E-16,
-2.5));
#2153=CARTESIAN_POINT('Ctrl Pts',(-7.60502771868232E-16,3.,-2.5));
#2154=CARTESIAN_POINT('',(-0.367620992844545,3.,-2.32106760039857));
#2155=CARTESIAN_POINT('Ctrl Pts',(-0.367620992844545,3.,-2.32106760039857));
#2156=CARTESIAN_POINT('Ctrl Pts',(-0.291748163299144,3.,-2.33308467604196));
#2157=CARTESIAN_POINT('Ctrl Pts',(-0.275938580404905,3.,-2.39085642429951));
#2158=CARTESIAN_POINT('Ctrl Pts',(-0.163322822278421,3.,-2.45698615340313));
#2159=CARTESIAN_POINT('Ctrl Pts',(-0.1193664100533,3.,-2.48279804404057));
#2160=CARTESIAN_POINT('Ctrl Pts',(-0.0609928797711725,3.,-2.5));
#2161=CARTESIAN_POINT('Ctrl Pts',(-7.60502771868232E-16,3.,-2.5));
#2162=CARTESIAN_POINT('',(-0.367620992844545,-2.72153107094624E-16,-2.32106760039857));
#2163=CARTESIAN_POINT('Ctrl Pts',(-0.772542485937369,-2.79529996437382E-16,
-2.37764129073788));
#2164=CARTESIAN_POINT('Ctrl Pts',(-0.772542485937369,3.,-2.37764129073788));
#2165=CARTESIAN_POINT('Ctrl Pts',(-0.625781818320101,-2.8389158050031E-16,
-2.42532672227903));
#2166=CARTESIAN_POINT('Ctrl Pts',(-0.625781818320101,3.,-2.42532672227903));
#2167=CARTESIAN_POINT('Ctrl Pts',(-0.503506410619709,-2.76606242394103E-16,
-2.34561901976264));
#2168=CARTESIAN_POINT('Ctrl Pts',(-0.503506410619709,3.,-2.34561901976264));
#2169=CARTESIAN_POINT('Ctrl Pts',(-0.442532570760233,-2.73233016980932E-16,
-2.32656506056166));
#2170=CARTESIAN_POINT('Ctrl Pts',(-0.442532570760233,3.,-2.32656506056166));
#2171=CARTESIAN_POINT('Ctrl Pts',(-0.4176620706646,-2.7185711867513E-16,
-2.3187931784689));
#2172=CARTESIAN_POINT('Ctrl Pts',(-0.4176620706646,3.,-2.3187931784689));
#2173=CARTESIAN_POINT('Ctrl Pts',(-0.398182483953693,-2.71277933957091E-16,
-2.31622713573377));
#2174=CARTESIAN_POINT('Ctrl Pts',(-0.398182483953693,3.,-2.31622713573377));
#2175=CARTESIAN_POINT('Ctrl Pts',(-0.367620992844542,-2.72153107094624E-16,
-2.32106760039857));
#2176=CARTESIAN_POINT('Ctrl Pts',(-0.367620992844542,3.,-2.32106760039857));
#2177=CARTESIAN_POINT('',(-0.772542485937369,3.,-2.37764129073788));
#2178=CARTESIAN_POINT('Ctrl Pts',(-0.772542485937369,3.,-2.37764129073788));
#2179=CARTESIAN_POINT('Ctrl Pts',(-0.625781818320101,3.,-2.42532672227903));
#2180=CARTESIAN_POINT('Ctrl Pts',(-0.503506410619709,3.,-2.34561901976264));
#2181=CARTESIAN_POINT('Ctrl Pts',(-0.442532570760233,3.,-2.32656506056166));
#2182=CARTESIAN_POINT('Ctrl Pts',(-0.4176620706646,3.,-2.3187931784689));
#2183=CARTESIAN_POINT('Ctrl Pts',(-0.398182483953693,3.,-2.31622713573377));
#2184=CARTESIAN_POINT('Ctrl Pts',(-0.367620992844542,3.,-2.32106760039857));
#2185=CARTESIAN_POINT('',(-0.772542485937369,-2.79529996437382E-16,-2.37764129073788));
#2186=CARTESIAN_POINT('Ctrl Pts',(-1.06687767438793,-2.45512864770006E-16,
-2.09386533184267));
#2187=CARTESIAN_POINT('Ctrl Pts',(-1.06687767438793,3.,-2.09386533184267));
#2188=CARTESIAN_POINT('Ctrl Pts',(-0.998431806035538,-2.5181837222193E-16,
-2.12874024368095));
#2189=CARTESIAN_POINT('Ctrl Pts',(-0.998431806035538,3.,-2.12874024368095));
#2190=CARTESIAN_POINT('Ctrl Pts',(-1.00124845121041,-2.63478946536466E-16,
-2.18856987110736));
#2191=CARTESIAN_POINT('Ctrl Pts',(-1.00124845121041,3.,-2.18856987110736));
#2192=CARTESIAN_POINT('Ctrl Pts',(-0.914579710733089,-2.71859271651219E-16,
-2.28626316398771));
#2193=CARTESIAN_POINT('Ctrl Pts',(-0.914579710733089,3.,-2.28626316398771));
#2194=CARTESIAN_POINT('Ctrl Pts',(-0.880750991317341,-2.7513029722928E-16,
-2.32439500916567));
#2195=CARTESIAN_POINT('Ctrl Pts',(-0.880750991317341,3.,-2.32439500916567));
#2196=CARTESIAN_POINT('Ctrl Pts',(-0.830550161691339,-2.77806064826797E-16,
-2.35879345435273));
#2197=CARTESIAN_POINT('Ctrl Pts',(-0.830550161691339,3.,-2.35879345435273));
#2198=CARTESIAN_POINT('Ctrl Pts',(-0.772542485937369,-2.79529996437382E-16,
-2.37764129073788));
#2199=CARTESIAN_POINT('Ctrl Pts',(-0.772542485937369,3.,-2.37764129073788));
#2200=CARTESIAN_POINT('',(-1.06687767438793,3.,-2.09386533184267));
#2201=CARTESIAN_POINT('Ctrl Pts',(-1.06687767438793,3.,-2.09386533184267));
#2202=CARTESIAN_POINT('Ctrl Pts',(-0.998431806035538,3.,-2.12874024368095));
#2203=CARTESIAN_POINT('Ctrl Pts',(-1.00124845121041,3.,-2.18856987110736));
#2204=CARTESIAN_POINT('Ctrl Pts',(-0.914579710733089,3.,-2.28626316398771));
#2205=CARTESIAN_POINT('Ctrl Pts',(-0.880750991317341,3.,-2.32439500916567));
#2206=CARTESIAN_POINT('Ctrl Pts',(-0.830550161691339,3.,-2.35879345435273));
#2207=CARTESIAN_POINT('Ctrl Pts',(-0.772542485937369,3.,-2.37764129073788));
#2208=CARTESIAN_POINT('',(-1.06687767438793,-2.45512864770006E-16,-2.09386533184267));
#2209=CARTESIAN_POINT('Ctrl Pts',(-1.46946313073118,-2.37782417428102E-16,
-2.02254248593737));
#2210=CARTESIAN_POINT('Ctrl Pts',(-1.46946313073118,3.,-2.02254248593737));
#2211=CARTESIAN_POINT('Ctrl Pts',(-1.34462105018827,-2.46078643316936E-16,
-2.11324556673646));
#2212=CARTESIAN_POINT('Ctrl Pts',(-1.34462105018827,3.,-2.11324556673646));
#2213=CARTESIAN_POINT('Ctrl Pts',(-1.20369919225206,-2.41856658915655E-16,
-2.07522421583289));
#2214=CARTESIAN_POINT('Ctrl Pts',(-1.20369919225206,3.,-2.07522421583289));
#2215=CARTESIAN_POINT('Ctrl Pts',(-1.1398216273269,-2.4198422366672E-16,
-2.07594477650244));
#2216=CARTESIAN_POINT('Ctrl Pts',(-1.1398216273269,3.,-2.07594477650244));
#2217=CARTESIAN_POINT('Ctrl Pts',(-1.11376673250247,-2.42036255803139E-16,
-2.07623868458241));
#2218=CARTESIAN_POINT('Ctrl Pts',(-1.11376673250247,3.,-2.07623868458241));
#2219=CARTESIAN_POINT('Ctrl Pts',(-1.09444759381289,-2.42973013401798E-16,
-2.07981775625514));
#2220=CARTESIAN_POINT('Ctrl Pts',(-1.09444759381289,3.,-2.07981775625514));
#2221=CARTESIAN_POINT('Ctrl Pts',(-1.06687767438793,-2.45512864770006E-16,
-2.09386533184266));
#2222=CARTESIAN_POINT('Ctrl Pts',(-1.06687767438793,3.,-2.09386533184266));
#2223=CARTESIAN_POINT('',(-1.46946313073118,3.,-2.02254248593737));
#2224=CARTESIAN_POINT('Ctrl Pts',(-1.46946313073118,3.,-2.02254248593737));
#2225=CARTESIAN_POINT('Ctrl Pts',(-1.34462105018827,3.,-2.11324556673646));
#2226=CARTESIAN_POINT('Ctrl Pts',(-1.20369919225206,3.,-2.07522421583289));
#2227=CARTESIAN_POINT('Ctrl Pts',(-1.1398216273269,3.,-2.07594477650244));
#2228=CARTESIAN_POINT('Ctrl Pts',(-1.11376673250247,3.,-2.07623868458241));
#2229=CARTESIAN_POINT('Ctrl Pts',(-1.09444759381289,3.,-2.07981775625514));
#2230=CARTESIAN_POINT('Ctrl Pts',(-1.06687767438793,3.,-2.09386533184266));
#2231=CARTESIAN_POINT('',(-1.46946313073118,-2.37782417428102E-16,-2.02254248593737));
#2232=CARTESIAN_POINT('Ctrl Pts',(-1.66170093578839,-1.94840112652986E-16,
-1.66170093578839));
#2233=CARTESIAN_POINT('Ctrl Pts',(-1.66170093578839,3.,-1.66170093578839));
#2234=CARTESIAN_POINT('Ctrl Pts',(-1.60738198711371,-2.04661170760228E-16,
-1.71601988446306));
#2235=CARTESIAN_POINT('Ctrl Pts',(-1.60738198711371,3.,-1.71601988446306));
#2236=CARTESIAN_POINT('Ctrl Pts',(-1.62854914750325,-2.16505807712315E-16,
-1.77205085026829));
#2237=CARTESIAN_POINT('Ctrl Pts',(-1.62854914750325,3.,-1.77205085026829));
#2238=CARTESIAN_POINT('Ctrl Pts',(-1.57631116484968,-2.26773393541449E-16,
-1.89174480674904));
#2239=CARTESIAN_POINT('Ctrl Pts',(-1.57631116484968,3.,-1.89174480674904));
#2240=CARTESIAN_POINT('Ctrl Pts',(-1.55592152899828,-2.30781058567823E-16,
-1.9384639957813));
#2241=CARTESIAN_POINT('Ctrl Pts',(-1.55592152899828,3.,-1.9384639957813));
#2242=CARTESIAN_POINT('Ctrl Pts',(-1.51880740700192,-2.34503304644313E-16,
-1.98669177071303));
#2243=CARTESIAN_POINT('Ctrl Pts',(-1.51880740700192,3.,-1.98669177071303));
#2244=CARTESIAN_POINT('Ctrl Pts',(-1.46946313073118,-2.37782417428102E-16,
-2.02254248593737));
#2245=CARTESIAN_POINT('Ctrl Pts',(-1.46946313073118,3.,-2.02254248593737));
#2246=CARTESIAN_POINT('',(-1.66170093578839,3.,-1.66170093578839));
#2247=CARTESIAN_POINT('Ctrl Pts',(-1.66170093578839,3.,-1.66170093578839));
#2248=CARTESIAN_POINT('Ctrl Pts',(-1.60738198711371,3.,-1.71601988446306));
#2249=CARTESIAN_POINT('Ctrl Pts',(-1.62854914750325,3.,-1.77205085026829));
#2250=CARTESIAN_POINT('Ctrl Pts',(-1.57631116484968,3.,-1.89174480674904));
#2251=CARTESIAN_POINT('Ctrl Pts',(-1.55592152899828,3.,-1.9384639957813));
#2252=CARTESIAN_POINT('Ctrl Pts',(-1.51880740700192,3.,-1.98669177071303));
#2253=CARTESIAN_POINT('Ctrl Pts',(-1.46946313073118,3.,-2.02254248593737));
#2254=CARTESIAN_POINT('',(-1.66170093578839,-1.94840112652986E-16,-1.66170093578839));
#2255=CARTESIAN_POINT('Ctrl Pts',(-2.02254248593737,-1.72759038673439E-16,
-1.46946313073118));
#2256=CARTESIAN_POINT('Ctrl Pts',(-2.02254248593737,3.,-1.46946313073118));
#2257=CARTESIAN_POINT('Ctrl Pts',(-1.93183940513826,-1.84177813994977E-16,
-1.59430521127411));
#2258=CARTESIAN_POINT('Ctrl Pts',(-1.93183940513826,3.,-1.59430521127411));
#2259=CARTESIAN_POINT('Ctrl Pts',(-1.78606551028128,-1.83432460548112E-16,
-1.60169200672009));
#2260=CARTESIAN_POINT('Ctrl Pts',(-1.78606551028128,3.,-1.60169200672009));
#2261=CARTESIAN_POINT('Ctrl Pts',(-1.72553700140652,-1.87048328536786E-16,
-1.62211655376143));
#2262=CARTESIAN_POINT('Ctrl Pts',(-1.72553700140652,3.,-1.62211655376143));
#2263=CARTESIAN_POINT('Ctrl Pts',(-1.70084814649388,-1.88523197847384E-16,
-1.63044748224346));
#2264=CARTESIAN_POINT('Ctrl Pts',(-1.70084814649388,3.,-1.63044748224346));
#2265=CARTESIAN_POINT('Ctrl Pts',(-1.6835805477249,-1.9088420140221E-16,
-1.63982132385187));
#2266=CARTESIAN_POINT('Ctrl Pts',(-1.6835805477249,3.,-1.63982132385187));
#2267=CARTESIAN_POINT('Ctrl Pts',(-1.66170093578839,-1.94840112652986E-16,
-1.66170093578839));
#2268=CARTESIAN_POINT('Ctrl Pts',(-1.66170093578839,3.,-1.66170093578839));
#2269=CARTESIAN_POINT('',(-2.02254248593737,3.,-1.46946313073118));
#2270=CARTESIAN_POINT('Ctrl Pts',(-2.02254248593737,3.,-1.46946313073118));
#2271=CARTESIAN_POINT('Ctrl Pts',(-1.93183940513826,3.,-1.59430521127411));
#2272=CARTESIAN_POINT('Ctrl Pts',(-1.78606551028128,3.,-1.60169200672009));
#2273=CARTESIAN_POINT('Ctrl Pts',(-1.72553700140652,3.,-1.62211655376143));
#2274=CARTESIAN_POINT('Ctrl Pts',(-1.70084814649388,3.,-1.63044748224346));
#2275=CARTESIAN_POINT('Ctrl Pts',(-1.6835805477249,3.,-1.63982132385187));
#2276=CARTESIAN_POINT('Ctrl Pts',(-1.66170093578839,3.,-1.66170093578839));
#2277=CARTESIAN_POINT('',(-2.02254248593737,-1.72759038673439E-16,-1.46946313073118));
#2278=CARTESIAN_POINT('Ctrl Pts',(-2.09386533184267,-1.25095052778602E-16,
-1.06687767438793));
#2279=CARTESIAN_POINT('Ctrl Pts',(-2.09386533184267,3.,-1.06687767438793));
#2280=CARTESIAN_POINT('Ctrl Pts',(-2.05899042000437,-1.37470307946289E-16,
-1.13532354274034));
#2281=CARTESIAN_POINT('Ctrl Pts',(-2.05899042000437,3.,-1.13532354274034));
#2282=CARTESIAN_POINT('Ctrl Pts',(-2.09643610646936,-1.48339571944619E-16,
-1.18207114560066));
#2283=CARTESIAN_POINT('Ctrl Pts',(-2.09643610646936,3.,-1.18207114560066));
#2284=CARTESIAN_POINT('Ctrl Pts',(-2.0837422993451,-1.59489355648701E-16,
-1.31204928726464));
#2285=CARTESIAN_POINT('Ctrl Pts',(-2.0837422993451,3.,-1.31204928726464));
#2286=CARTESIAN_POINT('Ctrl Pts',(-2.07878762667813,-1.63841361947563E-16,
-1.36278262041701));
#2287=CARTESIAN_POINT('Ctrl Pts',(-2.07878762667813,3.,-1.36278262041701));
#2288=CARTESIAN_POINT('Ctrl Pts',(-2.05839320116171,-1.68245727122645E-16,
-1.42011885446043));
#2289=CARTESIAN_POINT('Ctrl Pts',(-2.05839320116171,3.,-1.42011885446043));
#2290=CARTESIAN_POINT('Ctrl Pts',(-2.02254248593737,-1.72759038673439E-16,
-1.46946313073118));
#2291=CARTESIAN_POINT('Ctrl Pts',(-2.02254248593737,3.,-1.46946313073118));
#2292=CARTESIAN_POINT('',(-2.09386533184267,3.,-1.06687767438793));
#2293=CARTESIAN_POINT('Ctrl Pts',(-2.09386533184267,3.,-1.06687767438793));
#2294=CARTESIAN_POINT('Ctrl Pts',(-2.05899042000437,3.,-1.13532354274034));
#2295=CARTESIAN_POINT('Ctrl Pts',(-2.09643610646936,3.,-1.18207114560066));
#2296=CARTESIAN_POINT('Ctrl Pts',(-2.0837422993451,3.,-1.31204928726464));
#2297=CARTESIAN_POINT('Ctrl Pts',(-2.07878762667813,3.,-1.36278262041701));
#2298=CARTESIAN_POINT('Ctrl Pts',(-2.05839320116171,3.,-1.42011885446043));
#2299=CARTESIAN_POINT('Ctrl Pts',(-2.02254248593737,3.,-1.46946313073118));
#2300=CARTESIAN_POINT('',(-2.09386533184267,-1.25095052778602E-16,-1.06687767438793));
#2301=CARTESIAN_POINT('Ctrl Pts',(-2.37764129073788,-9.08248015304196E-17,
-0.772542485937368));
#2302=CARTESIAN_POINT('Ctrl Pts',(-2.37764129073788,3.,-0.772542485937368));
#2303=CARTESIAN_POINT('Ctrl Pts',(-2.32995585919674,-1.04248376996899E-16,
-0.919303153554628));
#2304=CARTESIAN_POINT('Ctrl Pts',(-2.32995585919674,3.,-0.919303153554628));
#2305=CARTESIAN_POINT('Ctrl Pts',(-2.19359929191411,-1.07052614893016E-16,
-0.971375024345103));
#2306=CARTESIAN_POINT('Ctrl Pts',(-2.19359929191411,3.,-0.971375024345103));
#2307=CARTESIAN_POINT('Ctrl Pts',(-2.1423447912653,-1.1380283976733E-16,
-1.00950426078762));
#2308=CARTESIAN_POINT('Ctrl Pts',(-2.1423447912653,3.,-1.00950426078762));
#2309=CARTESIAN_POINT('Ctrl Pts',(-2.12143869340062,-1.16556175767967E-16,
-1.02505672034693));
#2310=CARTESIAN_POINT('Ctrl Pts',(-2.12143869340062,3.,-1.02505672034693));
#2311=CARTESIAN_POINT('Ctrl Pts',(-2.10791290743019,-1.20110313800936E-16,
-1.03930775496297));
#2312=CARTESIAN_POINT('Ctrl Pts',(-2.10791290743019,3.,-1.03930775496297));
#2313=CARTESIAN_POINT('Ctrl Pts',(-2.09386533184266,-1.25095052778602E-16,
-1.06687767438794));
#2314=CARTESIAN_POINT('Ctrl Pts',(-2.09386533184266,3.,-1.06687767438794));
#2315=CARTESIAN_POINT('',(-2.37764129073788,3.,-0.772542485937368));
#2316=CARTESIAN_POINT('Ctrl Pts',(-2.37764129073788,3.,-0.772542485937368));
#2317=CARTESIAN_POINT('Ctrl Pts',(-2.32995585919674,3.,-0.919303153554628));
#2318=CARTESIAN_POINT('Ctrl Pts',(-2.19359929191411,3.,-0.971375024345103));
#2319=CARTESIAN_POINT('Ctrl Pts',(-2.1423447912653,3.,-1.00950426078762));
#2320=CARTESIAN_POINT('Ctrl Pts',(-2.12143869340062,3.,-1.02505672034693));
#2321=CARTESIAN_POINT('Ctrl Pts',(-2.10791290743019,3.,-1.03930775496297));
#2322=CARTESIAN_POINT('Ctrl Pts',(-2.09386533184266,3.,-1.06687767438794));
#2323=CARTESIAN_POINT('',(-2.37764129073788,-9.08248015304196E-17,-0.772542485937368));
#2324=CARTESIAN_POINT('Ctrl Pts',(-2.32106760039857,-4.31048175497656E-17,
-0.367620992844542));
#2325=CARTESIAN_POINT('Ctrl Pts',(-2.32106760039857,3.,-0.367620992844542));
#2326=CARTESIAN_POINT('Ctrl Pts',(-2.30905052475519,-5.68228935786124E-17,
-0.443493822389939));
#2327=CARTESIAN_POINT('Ctrl Pts',(-2.30905052475519,3.,-0.443493822389939));
#2328=CARTESIAN_POINT('Ctrl Pts',(-2.359109292605,-6.56528253324143E-17,
-0.47638208122772));
#2329=CARTESIAN_POINT('Ctrl Pts',(-2.359109292605,3.,-0.47638208122772));
#2330=CARTESIAN_POINT('Ctrl Pts',(-2.38720221929432,-7.65933883973794E-17,
-0.603921241957916));
#2331=CARTESIAN_POINT('Ctrl Pts',(-2.38720221929432,3.,-0.603921241957916));
#2332=CARTESIAN_POINT('Ctrl Pts',(-2.39816750769365,-8.08637312699844E-17,
-0.653702587101503));
#2333=CARTESIAN_POINT('Ctrl Pts',(-2.39816750769365,3.,-0.653702587101503));
#2334=CARTESIAN_POINT('Ctrl Pts',(-2.39648912712304,-8.55190855933048E-17,
-0.714534810183396));
#2335=CARTESIAN_POINT('Ctrl Pts',(-2.39648912712304,3.,-0.714534810183396));
#2336=CARTESIAN_POINT('Ctrl Pts',(-2.37764129073788,-9.08248015304196E-17,
-0.772542485937368));
#2337=CARTESIAN_POINT('Ctrl Pts',(-2.37764129073788,3.,-0.772542485937368));
#2338=CARTESIAN_POINT('',(-2.32106760039857,3.,-0.367620992844542));
#2339=CARTESIAN_POINT('Ctrl Pts',(-2.32106760039857,3.,-0.367620992844542));
#2340=CARTESIAN_POINT('Ctrl Pts',(-2.30905052475519,3.,-0.443493822389939));
#2341=CARTESIAN_POINT('Ctrl Pts',(-2.359109292605,3.,-0.47638208122772));
#2342=CARTESIAN_POINT('Ctrl Pts',(-2.38720221929432,3.,-0.603921241957916));
#2343=CARTESIAN_POINT('Ctrl Pts',(-2.39816750769365,3.,-0.653702587101503));
#2344=CARTESIAN_POINT('Ctrl Pts',(-2.39648912712304,3.,-0.714534810183396));
#2345=CARTESIAN_POINT('Ctrl Pts',(-2.37764129073788,3.,-0.772542485937368));
#2346=CARTESIAN_POINT('',(-2.32106760039857,-4.31048175497656E-17,-0.367620992844542));
#2347=CARTESIAN_POINT('Ctrl Pts',(-2.5,-5.17321571574901E-33,5.07486229170555E-16));
#2348=CARTESIAN_POINT('Ctrl Pts',(-2.5,3.,5.07486229170555E-16));
#2349=CARTESIAN_POINT('Ctrl Pts',(-2.5,-1.41143825172142E-17,-0.154313298003531));
#2350=CARTESIAN_POINT('Ctrl Pts',(-2.5,3.,-0.154313298003531));
#2351=CARTESIAN_POINT('Ctrl Pts',(-2.38640829114935,-2.01937134127652E-17,
-0.245973086619483));
#2352=CARTESIAN_POINT('Ctrl Pts',(-2.38640829114935,3.,-0.245973086619483));
#2353=CARTESIAN_POINT('Ctrl Pts',(-2.34944494636115,-2.94175361304399E-17,
-0.298074657138152));
#2354=CARTESIAN_POINT('Ctrl Pts',(-2.34944494636115,3.,-0.298074657138152));
#2355=CARTESIAN_POINT('Ctrl Pts',(-2.33436804006479,-3.31798231097542E-17,
-0.319326264672693));
#2356=CARTESIAN_POINT('Ctrl Pts',(-2.33436804006479,3.,-0.319326264672693));
#2357=CARTESIAN_POINT('Ctrl Pts',(-2.32590806506338,-3.75791918270623E-17,
-0.337059501735387));
#2358=CARTESIAN_POINT('Ctrl Pts',(-2.32590806506338,3.,-0.337059501735387));
#2359=CARTESIAN_POINT('Ctrl Pts',(-2.32106760039857,-4.31048175497656E-17,
-0.367620992844542));
#2360=CARTESIAN_POINT('Ctrl Pts',(-2.32106760039857,3.,-0.367620992844542));
#2361=CARTESIAN_POINT('',(-2.5,3.,4.85722573273506E-16));
#2362=CARTESIAN_POINT('Ctrl Pts',(-2.5,3.,5.07486229170555E-16));
#2363=CARTESIAN_POINT('Ctrl Pts',(-2.5,3.,-0.154313298003531));
#2364=CARTESIAN_POINT('Ctrl Pts',(-2.38640829114935,3.,-0.245973086619483));
#2365=CARTESIAN_POINT('Ctrl Pts',(-2.34944494636115,3.,-0.298074657138152));
#2366=CARTESIAN_POINT('Ctrl Pts',(-2.33436804006479,3.,-0.319326264672693));
#2367=CARTESIAN_POINT('Ctrl Pts',(-2.32590806506338,3.,-0.337059501735387));
#2368=CARTESIAN_POINT('Ctrl Pts',(-2.32106760039857,3.,-0.367620992844542));
#2369=CARTESIAN_POINT('',(-2.5,-5.17321571574901E-33,5.07486229170555E-16));
#2370=CARTESIAN_POINT('Ctrl Pts',(-2.32106760039857,4.31048175497656E-17,
0.367620992844544));
#2371=CARTESIAN_POINT('Ctrl Pts',(-2.32106760039857,3.,0.367620992844544));
#2372=CARTESIAN_POINT('Ctrl Pts',(-2.33308467604196,2.93867415209195E-17,
0.291748163299143));
#2373=CARTESIAN_POINT('Ctrl Pts',(-2.33308467604196,3.,0.291748163299143));
#2374=CARTESIAN_POINT('Ctrl Pts',(-2.39085642429952,2.34604772534608E-17,
0.275938580404887));
#2375=CARTESIAN_POINT('Ctrl Pts',(-2.39085642429952,3.,0.275938580404887));
#2376=CARTESIAN_POINT('Ctrl Pts',(-2.45698615340313,1.38000733677981E-17,
0.163322822278419));
#2377=CARTESIAN_POINT('Ctrl Pts',(-2.45698615340313,3.,0.163322822278419));
#2378=CARTESIAN_POINT('Ctrl Pts',(-2.48279804404057,1.0029404835048E-17,
0.119366410053306));
#2379=CARTESIAN_POINT('Ctrl Pts',(-2.48279804404057,3.,0.119366410053306));
#2380=CARTESIAN_POINT('Ctrl Pts',(-2.5,5.57875988041579E-18,0.0609928797711705));
#2381=CARTESIAN_POINT('Ctrl Pts',(-2.5,3.,0.0609928797711705));
#2382=CARTESIAN_POINT('Ctrl Pts',(-2.5,8.81698578076868E-33,6.21724893790086E-16));
#2383=CARTESIAN_POINT('Ctrl Pts',(-2.5,3.,6.21724893790086E-16));
#2384=CARTESIAN_POINT('',(-2.32106760039857,3.,0.367620992844544));
#2385=CARTESIAN_POINT('Ctrl Pts',(-2.32106760039857,3.,0.367620992844544));
#2386=CARTESIAN_POINT('Ctrl Pts',(-2.33308467604196,3.,0.291748163299143));
#2387=CARTESIAN_POINT('Ctrl Pts',(-2.39085642429952,3.,0.275938580404887));
#2388=CARTESIAN_POINT('Ctrl Pts',(-2.45698615340313,3.,0.163322822278419));
#2389=CARTESIAN_POINT('Ctrl Pts',(-2.48279804404057,3.,0.119366410053306));
#2390=CARTESIAN_POINT('Ctrl Pts',(-2.5,3.,0.0609928797711705));
#2391=CARTESIAN_POINT('Ctrl Pts',(-2.5,3.,6.21724893790086E-16));
#2392=CARTESIAN_POINT('',(-2.32106760039857,4.31048175497656E-17,0.367620992844544));
#2393=CARTESIAN_POINT('Ctrl Pts',(-2.37764129073788,9.08248015304196E-17,
0.772542485937369));
#2394=CARTESIAN_POINT('Ctrl Pts',(-2.37764129073788,3.,0.772542485937369));
#2395=CARTESIAN_POINT('Ctrl Pts',(-2.42532672227902,7.74012260639405E-17,
0.625781818320111));
#2396=CARTESIAN_POINT('Ctrl Pts',(-2.42532672227902,3.,0.625781818320111));
#2397=CARTESIAN_POINT('Ctrl Pts',(-2.34561901976264,6.86418894342015E-17,
0.503506410619714));
#2398=CARTESIAN_POINT('Ctrl Pts',(-2.34561901976264,3.,0.503506410619714));
#2399=CARTESIAN_POINT('Ctrl Pts',(-2.32656506056166,5.78473609069227E-17,
0.442532570760248));
#2400=CARTESIAN_POINT('Ctrl Pts',(-2.32656506056166,3.,0.442532570760248));
#2401=CARTESIAN_POINT('Ctrl Pts',(-2.31879317846891,5.34444018118618E-17,
0.417662070664612));
#2402=CARTESIAN_POINT('Ctrl Pts',(-2.31879317846891,3.,0.417662070664612));
#2403=CARTESIAN_POINT('Ctrl Pts',(-2.31622713573377,4.86304432724687E-17,
0.398182483953699));
#2404=CARTESIAN_POINT('Ctrl Pts',(-2.31622713573377,3.,0.398182483953699));
#2405=CARTESIAN_POINT('Ctrl Pts',(-2.32106760039857,4.31048175497657E-17,
0.367620992844542));
#2406=CARTESIAN_POINT('Ctrl Pts',(-2.32106760039857,3.,0.367620992844542));
#2407=CARTESIAN_POINT('',(-2.37764129073788,3.,0.772542485937369));
#2408=CARTESIAN_POINT('Ctrl Pts',(-2.37764129073788,3.,0.772542485937369));
#2409=CARTESIAN_POINT('Ctrl Pts',(-2.42532672227902,3.,0.625781818320111));
#2410=CARTESIAN_POINT('Ctrl Pts',(-2.34561901976264,3.,0.503506410619714));
#2411=CARTESIAN_POINT('Ctrl Pts',(-2.32656506056166,3.,0.442532570760248));
#2412=CARTESIAN_POINT('Ctrl Pts',(-2.31879317846891,3.,0.417662070664612));
#2413=CARTESIAN_POINT('Ctrl Pts',(-2.31622713573377,3.,0.398182483953699));
#2414=CARTESIAN_POINT('Ctrl Pts',(-2.32106760039857,3.,0.367620992844542));
#2415=CARTESIAN_POINT('',(-2.37764129073788,9.08248015304196E-17,0.772542485937369));
#2416=CARTESIAN_POINT('Ctrl Pts',(-2.09386533184267,1.25095052778602E-16,
1.06687767438793));
#2417=CARTESIAN_POINT('Ctrl Pts',(-2.09386533184267,3.,1.06687767438793));
#2418=CARTESIAN_POINT('Ctrl Pts',(-2.12874024368095,1.12719797610915E-16,
0.998431806035538));
#2419=CARTESIAN_POINT('Ctrl Pts',(-2.12874024368095,3.,0.998431806035538));
#2420=CARTESIAN_POINT('Ctrl Pts',(-2.18856987110736,1.10277304867009E-16,
1.00124845121041));
#2421=CARTESIAN_POINT('Ctrl Pts',(-2.18856987110736,3.,1.00124845121041));
#2422=CARTESIAN_POINT('Ctrl Pts',(-2.28626316398771,1.02842687800968E-16,
0.914579710733089));
#2423=CARTESIAN_POINT('Ctrl Pts',(-2.28626316398771,3.,0.914579710733089));
#2424=CARTESIAN_POINT('Ctrl Pts',(-2.32439500916567,9.99407929158516E-17,
0.880750991317341));
#2425=CARTESIAN_POINT('Ctrl Pts',(-2.32439500916567,3.,0.880750991317341));
#2426=CARTESIAN_POINT('Ctrl Pts',(-2.35879345435273,9.61305174675344E-17,
0.830550161691339));
#2427=CARTESIAN_POINT('Ctrl Pts',(-2.35879345435273,3.,0.830550161691339));
#2428=CARTESIAN_POINT('Ctrl Pts',(-2.37764129073788,9.08248015304196E-17,
0.772542485937369));
#2429=CARTESIAN_POINT('Ctrl Pts',(-2.37764129073788,3.,0.772542485937369));
#2430=CARTESIAN_POINT('',(-2.09386533184267,3.,1.06687767438793));
#2431=CARTESIAN_POINT('Ctrl Pts',(-2.09386533184267,3.,1.06687767438793));
#2432=CARTESIAN_POINT('Ctrl Pts',(-2.12874024368095,3.,0.998431806035538));
#2433=CARTESIAN_POINT('Ctrl Pts',(-2.18856987110736,3.,1.00124845121041));
#2434=CARTESIAN_POINT('Ctrl Pts',(-2.28626316398771,3.,0.914579710733089));
#2435=CARTESIAN_POINT('Ctrl Pts',(-2.32439500916567,3.,0.880750991317341));
#2436=CARTESIAN_POINT('Ctrl Pts',(-2.35879345435273,3.,0.830550161691339));
#2437=CARTESIAN_POINT('Ctrl Pts',(-2.37764129073788,3.,0.772542485937369));
#2438=CARTESIAN_POINT('',(-2.09386533184267,1.25095052778602E-16,1.06687767438793));
#2439=CARTESIAN_POINT('Ctrl Pts',(-2.02254248593737,1.72759038673439E-16,
1.46946313073118));
#2440=CARTESIAN_POINT('Ctrl Pts',(-2.02254248593737,3.,1.46946313073118));
#2441=CARTESIAN_POINT('Ctrl Pts',(-2.11324556673646,1.61340263351904E-16,
1.34462105018827));
#2442=CARTESIAN_POINT('Ctrl Pts',(-2.11324556673646,3.,1.34462105018827));
#2443=CARTESIAN_POINT('Ctrl Pts',(-2.07522421583289,1.50758345887182E-16,
1.20369919225206));
#2444=CARTESIAN_POINT('Ctrl Pts',(-2.07522421583289,3.,1.20369919225206));
#2445=CARTESIAN_POINT('Ctrl Pts',(-2.07594477650244,1.39449755212452E-16,
1.1398216273269));
#2446=CARTESIAN_POINT('Ctrl Pts',(-2.07594477650244,3.,1.1398216273269));
#2447=CARTESIAN_POINT('Ctrl Pts',(-2.07623868458241,1.34837116315089E-16,
1.11376673250247));
#2448=CARTESIAN_POINT('Ctrl Pts',(-2.07623868458241,3.,1.11376673250247));
#2449=CARTESIAN_POINT('Ctrl Pts',(-2.07981775625514,1.30079791756269E-16,
1.09444759381289));
#2450=CARTESIAN_POINT('Ctrl Pts',(-2.07981775625514,3.,1.09444759381289));
#2451=CARTESIAN_POINT('Ctrl Pts',(-2.09386533184266,1.25095052778602E-16,
1.06687767438793));
#2452=CARTESIAN_POINT('Ctrl Pts',(-2.09386533184266,3.,1.06687767438793));
#2453=CARTESIAN_POINT('',(-2.02254248593737,3.,1.46946313073118));
#2454=CARTESIAN_POINT('Ctrl Pts',(-2.02254248593737,3.,1.46946313073118));
#2455=CARTESIAN_POINT('Ctrl Pts',(-2.11324556673646,3.,1.34462105018827));
#2456=CARTESIAN_POINT('Ctrl Pts',(-2.07522421583289,3.,1.20369919225206));
#2457=CARTESIAN_POINT('Ctrl Pts',(-2.07594477650244,3.,1.1398216273269));
#2458=CARTESIAN_POINT('Ctrl Pts',(-2.07623868458241,3.,1.11376673250247));
#2459=CARTESIAN_POINT('Ctrl Pts',(-2.07981775625514,3.,1.09444759381289));
#2460=CARTESIAN_POINT('Ctrl Pts',(-2.09386533184266,3.,1.06687767438793));
#2461=CARTESIAN_POINT('',(-2.02254248593737,1.72759038673439E-16,1.46946313073118));
#2462=CARTESIAN_POINT('Ctrl Pts',(-1.66170093578839,1.94840112652986E-16,
1.66170093578839));
#2463=CARTESIAN_POINT('Ctrl Pts',(-1.66170093578839,3.,1.66170093578839));
#2464=CARTESIAN_POINT('Ctrl Pts',(-1.71601988446306,1.85019054545744E-16,
1.60738198711371));
#2465=CARTESIAN_POINT('Ctrl Pts',(-1.71601988446306,3.,1.60738198711371));
#2466=CARTESIAN_POINT('Ctrl Pts',(-1.77205085026829,1.86299421533013E-16,
1.62854914750325));
#2467=CARTESIAN_POINT('Ctrl Pts',(-1.77205085026829,3.,1.62854914750325));
#2468=CARTESIAN_POINT('Ctrl Pts',(-1.89174480674903,1.81818343405041E-16,
1.57631116484968));
#2469=CARTESIAN_POINT('Ctrl Pts',(-1.89174480674903,3.,1.57631116484968));
#2470=CARTESIAN_POINT('Ctrl Pts',(-1.9384639957813,1.80069279857604E-16,
1.55592152899828));
#2471=CARTESIAN_POINT('Ctrl Pts',(-1.9384639957813,3.,1.55592152899828));
#2472=CARTESIAN_POINT('Ctrl Pts',(-1.98669177071303,1.77272350224232E-16,
1.51880740700192));
#2473=CARTESIAN_POINT('Ctrl Pts',(-1.98669177071303,3.,1.51880740700192));
#2474=CARTESIAN_POINT('Ctrl Pts',(-2.02254248593737,1.72759038673439E-16,
1.46946313073118));
#2475=CARTESIAN_POINT('Ctrl Pts',(-2.02254248593737,3.,1.46946313073118));
#2476=CARTESIAN_POINT('',(-1.66170093578839,3.,1.66170093578839));
#2477=CARTESIAN_POINT('Ctrl Pts',(-1.66170093578839,3.,1.66170093578839));
#2478=CARTESIAN_POINT('Ctrl Pts',(-1.71601988446306,3.,1.60738198711371));
#2479=CARTESIAN_POINT('Ctrl Pts',(-1.77205085026829,3.,1.62854914750325));
#2480=CARTESIAN_POINT('Ctrl Pts',(-1.89174480674903,3.,1.57631116484968));
#2481=CARTESIAN_POINT('Ctrl Pts',(-1.9384639957813,3.,1.55592152899828));
#2482=CARTESIAN_POINT('Ctrl Pts',(-1.98669177071303,3.,1.51880740700192));
#2483=CARTESIAN_POINT('Ctrl Pts',(-2.02254248593737,3.,1.46946313073118));
#2484=CARTESIAN_POINT('',(-1.66170093578839,1.94840112652986E-16,1.66170093578839));
#2485=CARTESIAN_POINT('Ctrl Pts',(-1.46946313073118,4.18819982779935E-32,
2.02254248593737));
#2486=CARTESIAN_POINT('Ctrl Pts',(-1.46946313073118,3.,2.02254248593737));
#2487=CARTESIAN_POINT('Ctrl Pts',(-1.59430521127407,4.04207358257561E-32,
1.93183940513829));
#2488=CARTESIAN_POINT('Ctrl Pts',(-1.59430521127407,3.,1.93183940513829));
#2489=CARTESIAN_POINT('Ctrl Pts',(-1.60169200672009,3.84183065650279E-32,
1.78606551028133));
#2490=CARTESIAN_POINT('Ctrl Pts',(-1.60169200672009,3.,1.78606551028133));
#2491=CARTESIAN_POINT('Ctrl Pts',(-1.62211655376141,3.65308899913219E-32,
1.72553700140658));
#2492=CARTESIAN_POINT('Ctrl Pts',(-1.62211655376141,3.,1.72553700140658));
#2493=CARTESIAN_POINT('Ctrl Pts',(-1.63044748224345,3.57610353424256E-32,
1.70084814649391));
#2494=CARTESIAN_POINT('Ctrl Pts',(-1.63044748224345,3.,1.70084814649391));
#2495=CARTESIAN_POINT('Ctrl Pts',(-1.63982132385185,3.50150983443801E-32,
1.68358054772492));
#2496=CARTESIAN_POINT('Ctrl Pts',(-1.63982132385185,3.,1.68358054772492));
#2497=CARTESIAN_POINT('Ctrl Pts',(-1.66170093578839,3.43183207189146E-32,
1.66170093578839));
#2498=CARTESIAN_POINT('Ctrl Pts',(-1.66170093578839,3.,1.66170093578839));
#2499=CARTESIAN_POINT('',(-1.46946313073118,3.,2.02254248593737));
#2500=CARTESIAN_POINT('Ctrl Pts',(-1.46946313073118,3.,2.02254248593737));
#2501=CARTESIAN_POINT('Ctrl Pts',(-1.59430521127407,3.,1.93183940513829));
#2502=CARTESIAN_POINT('Ctrl Pts',(-1.60169200672009,3.,1.78606551028133));
#2503=CARTESIAN_POINT('Ctrl Pts',(-1.62211655376141,3.,1.72553700140658));
#2504=CARTESIAN_POINT('Ctrl Pts',(-1.63044748224345,3.,1.70084814649391));
#2505=CARTESIAN_POINT('Ctrl Pts',(-1.63982132385185,3.,1.68358054772492));
#2506=CARTESIAN_POINT('Ctrl Pts',(-1.66170093578839,3.,1.66170093578839));
#2507=CARTESIAN_POINT('',(-1.46946313073118,4.18819982779935E-32,2.02254248593737));
#2508=CARTESIAN_POINT('Ctrl Pts',(-1.06687767438793,4.32436068685852E-32,
2.09386533184266));
#2509=CARTESIAN_POINT('Ctrl Pts',(-1.06687767438793,3.,2.09386533184266));
#2510=CARTESIAN_POINT('Ctrl Pts',(-1.13532354274034,4.21329812172028E-32,
2.05899042000437));
#2511=CARTESIAN_POINT('Ctrl Pts',(-1.13532354274034,3.,2.05899042000437));
#2512=CARTESIAN_POINT('Ctrl Pts',(-1.1820711456007,4.29921532795148E-32,
2.09643610646936));
#2513=CARTESIAN_POINT('Ctrl Pts',(-1.1820711456007,3.,2.09643610646936));
#2514=CARTESIAN_POINT('Ctrl Pts',(-1.31204928726467,4.28003589906647E-32,
2.0837422993451));
#2515=CARTESIAN_POINT('Ctrl Pts',(-1.31204928726467,3.,2.0837422993451));
#2516=CARTESIAN_POINT('Ctrl Pts',(-1.36278262041702,4.27254974529601E-32,
2.07878762667812));
#2517=CARTESIAN_POINT('Ctrl Pts',(-1.36278262041702,3.,2.07878762667812));
#2518=CARTESIAN_POINT('Ctrl Pts',(-1.42011885446044,4.2459567458463E-32,
2.05839320116171));
#2519=CARTESIAN_POINT('Ctrl Pts',(-1.42011885446044,3.,2.05839320116171));
#2520=CARTESIAN_POINT('Ctrl Pts',(-1.46946313073118,4.18819982779936E-32,
2.02254248593737));
#2521=CARTESIAN_POINT('Ctrl Pts',(-1.46946313073118,3.,2.02254248593737));
#2522=CARTESIAN_POINT('',(-1.06687767438793,3.,2.09386533184266));
#2523=CARTESIAN_POINT('Ctrl Pts',(-1.06687767438793,3.,2.09386533184266));
#2524=CARTESIAN_POINT('Ctrl Pts',(-1.13532354274034,3.,2.05899042000437));
#2525=CARTESIAN_POINT('Ctrl Pts',(-1.1820711456007,3.,2.09643610646936));
#2526=CARTESIAN_POINT('Ctrl Pts',(-1.31204928726467,3.,2.0837422993451));
#2527=CARTESIAN_POINT('Ctrl Pts',(-1.36278262041702,3.,2.07878762667812));
#2528=CARTESIAN_POINT('Ctrl Pts',(-1.42011885446044,3.,2.05839320116171));
#2529=CARTESIAN_POINT('Ctrl Pts',(-1.46946313073118,3.,2.02254248593737));
#2530=CARTESIAN_POINT('',(-1.06687767438793,4.32436068685852E-32,2.09386533184266));
#2531=CARTESIAN_POINT('Ctrl Pts',(-0.772542485937369,4.92352418486867E-32,
2.37764129073788));
#2532=CARTESIAN_POINT('Ctrl Pts',(-0.772542485937369,3.,2.37764129073788));
#2533=CARTESIAN_POINT('Ctrl Pts',(-0.919303153554632,4.84670107145739E-32,
2.32995585919674));
#2534=CARTESIAN_POINT('Ctrl Pts',(-0.919303153554632,3.,2.32995585919674));
#2535=CARTESIAN_POINT('Ctrl Pts',(-0.971375024345101,4.65220185062365E-32,
2.1935992919141));
#2536=CARTESIAN_POINT('Ctrl Pts',(-0.971375024345101,3.,2.1935992919141));
#2537=CARTESIAN_POINT('Ctrl Pts',(-1.00950426078763,4.4923786601966E-32,
2.1423447912653));
#2538=CARTESIAN_POINT('Ctrl Pts',(-1.00950426078763,3.,2.1423447912653));
#2539=CARTESIAN_POINT('Ctrl Pts',(-1.02505672034693,4.42718869213881E-32,
2.12143869340061));
#2540=CARTESIAN_POINT('Ctrl Pts',(-1.02505672034693,3.,2.12143869340061));
#2541=CARTESIAN_POINT('Ctrl Pts',(-1.03930775496298,4.36909656421235E-32,
2.10791290743019));
#2542=CARTESIAN_POINT('Ctrl Pts',(-1.03930775496298,3.,2.10791290743019));
#2543=CARTESIAN_POINT('Ctrl Pts',(-1.06687767438793,4.32436068685852E-32,
2.09386533184267));
#2544=CARTESIAN_POINT('Ctrl Pts',(-1.06687767438793,3.,2.09386533184267));
#2545=CARTESIAN_POINT('',(-0.772542485937369,3.,2.37764129073788));
#2546=CARTESIAN_POINT('Ctrl Pts',(-0.772542485937369,3.,2.37764129073788));
#2547=CARTESIAN_POINT('Ctrl Pts',(-0.919303153554632,3.,2.32995585919674));
#2548=CARTESIAN_POINT('Ctrl Pts',(-0.971375024345101,3.,2.1935992919141));
#2549=CARTESIAN_POINT('Ctrl Pts',(-1.00950426078763,3.,2.1423447912653));
#2550=CARTESIAN_POINT('Ctrl Pts',(-1.02505672034693,3.,2.12143869340061));
#2551=CARTESIAN_POINT('Ctrl Pts',(-1.03930775496298,3.,2.10791290743019));
#2552=CARTESIAN_POINT('Ctrl Pts',(-1.06687767438793,3.,2.09386533184267));
#2553=CARTESIAN_POINT('',(-0.772542485937369,4.92352418486867E-32,2.37764129073788));
#2554=CARTESIAN_POINT('Ctrl Pts',(-0.367620992844541,4.7935907482033E-32,
2.32106760039857));
#2555=CARTESIAN_POINT('Ctrl Pts',(-0.367620992844541,3.,2.32106760039857));
#2556=CARTESIAN_POINT('Ctrl Pts',(-0.443493822389944,4.75532119636607E-32,
2.30905052475519));
#2557=CARTESIAN_POINT('Ctrl Pts',(-0.443493822389944,3.,2.30905052475519));
#2558=CARTESIAN_POINT('Ctrl Pts',(-0.476382081227744,4.89619358664806E-32,
2.359109292605));
#2559=CARTESIAN_POINT('Ctrl Pts',(-0.476382081227744,3.,2.359109292605));
#2560=CARTESIAN_POINT('Ctrl Pts',(-0.60392124195791,4.93863997679211E-32,
2.38720221929432));
#2561=CARTESIAN_POINT('Ctrl Pts',(-0.60392124195791,3.,2.38720221929432));
#2562=CARTESIAN_POINT('Ctrl Pts',(-0.653702587101487,4.95520773829974E-32,
2.39816750769365));
#2563=CARTESIAN_POINT('Ctrl Pts',(-0.653702587101487,3.,2.39816750769365));
#2564=CARTESIAN_POINT('Ctrl Pts',(-0.714534810183396,4.95388879362607E-32,
2.39648912712304));
#2565=CARTESIAN_POINT('Ctrl Pts',(-0.714534810183396,3.,2.39648912712304));
#2566=CARTESIAN_POINT('Ctrl Pts',(-0.772542485937369,4.92352418486867E-32,
2.37764129073788));
#2567=CARTESIAN_POINT('Ctrl Pts',(-0.772542485937369,3.,2.37764129073788));
#2568=CARTESIAN_POINT('',(-0.367620992844541,3.,2.32106760039857));
#2569=CARTESIAN_POINT('Ctrl Pts',(-0.367620992844541,3.,2.32106760039857));
#2570=CARTESIAN_POINT('Ctrl Pts',(-0.443493822389944,3.,2.30905052475519));
#2571=CARTESIAN_POINT('Ctrl Pts',(-0.476382081227744,3.,2.359109292605));
#2572=CARTESIAN_POINT('Ctrl Pts',(-0.60392124195791,3.,2.38720221929432));
#2573=CARTESIAN_POINT('Ctrl Pts',(-0.653702587101487,3.,2.39816750769365));
#2574=CARTESIAN_POINT('Ctrl Pts',(-0.714534810183396,3.,2.39648912712304));
#2575=CARTESIAN_POINT('Ctrl Pts',(-0.772542485937369,3.,2.37764129073788));
#2576=CARTESIAN_POINT('',(-0.367620992844541,4.7935907482033E-32,2.32106760039857));
#2577=CARTESIAN_POINT('Ctrl Pts',(4.44089209850056E-17,5.17689969051292E-32,
2.5));
#2578=CARTESIAN_POINT('Ctrl Pts',(4.44089209850056E-17,3.,2.5));
#2579=CARTESIAN_POINT('Ctrl Pts',(-0.154313298003512,5.17689969051292E-32,
2.5));
#2580=CARTESIAN_POINT('Ctrl Pts',(-0.154313298003512,3.,2.5));
#2581=CARTESIAN_POINT('Ctrl Pts',(-0.245973086619456,5.00718311380934E-32,
2.38640829114938));
#2582=CARTESIAN_POINT('Ctrl Pts',(-0.245973086619456,3.,2.38640829114938));
#2583=CARTESIAN_POINT('Ctrl Pts',(-0.298074657138133,4.89192299775852E-32,
2.34944494636116));
#2584=CARTESIAN_POINT('Ctrl Pts',(-0.298074657138133,3.,2.34944494636116));
#2585=CARTESIAN_POINT('Ctrl Pts',(-0.319326264672688,4.84490977481121E-32,
2.33436804006479));
#2586=CARTESIAN_POINT('Ctrl Pts',(-0.319326264672688,3.,2.33436804006479));
#2587=CARTESIAN_POINT('Ctrl Pts',(-0.337059501735375,4.80900568099589E-32,
2.32590806506338));
#2588=CARTESIAN_POINT('Ctrl Pts',(-0.337059501735375,3.,2.32590806506338));
#2589=CARTESIAN_POINT('Ctrl Pts',(-0.367620992844544,4.7935907482033E-32,
2.32106760039857));
#2590=CARTESIAN_POINT('Ctrl Pts',(-0.367620992844544,3.,2.32106760039857));
#2591=CARTESIAN_POINT('',(0.,3.,2.5));
#2592=CARTESIAN_POINT('Ctrl Pts',(4.44089209850056E-17,3.,2.5));
#2593=CARTESIAN_POINT('Ctrl Pts',(-0.154313298003512,3.,2.5));
#2594=CARTESIAN_POINT('Ctrl Pts',(-0.245973086619456,3.,2.38640829114938));
#2595=CARTESIAN_POINT('Ctrl Pts',(-0.298074657138133,3.,2.34944494636116));
#2596=CARTESIAN_POINT('Ctrl Pts',(-0.319326264672688,3.,2.33436804006479));
#2597=CARTESIAN_POINT('Ctrl Pts',(-0.337059501735375,3.,2.32590806506338));
#2598=CARTESIAN_POINT('Ctrl Pts',(-0.367620992844544,3.,2.32106760039857));
#2599=CARTESIAN_POINT('',(4.44089209850056E-17,5.17689969051292E-32,2.5));
#2600=CARTESIAN_POINT('Ctrl Pts',(0.367620992844542,4.7935907482033E-32,
2.32106760039857));
#2601=CARTESIAN_POINT('Ctrl Pts',(0.367620992844542,3.,2.32106760039857));
#2602=CARTESIAN_POINT('Ctrl Pts',(0.291748163299148,4.83186030004054E-32,
2.33308467604196));
#2603=CARTESIAN_POINT('Ctrl Pts',(0.291748163299148,3.,2.33308467604196));
#2604=CARTESIAN_POINT('Ctrl Pts',(0.275938580404922,5.01389830329688E-32,
2.39085642429952));
#2605=CARTESIAN_POINT('Ctrl Pts',(0.275938580404922,3.,2.39085642429952));
#2606=CARTESIAN_POINT('Ctrl Pts',(0.163322822278399,5.1138155640613E-32,
2.45698615340314));
#2607=CARTESIAN_POINT('Ctrl Pts',(0.163322822278399,3.,2.45698615340314));
#2608=CARTESIAN_POINT('Ctrl Pts',(0.119366410053272,5.15281547291626E-32,
2.48279804404058));
#2609=CARTESIAN_POINT('Ctrl Pts',(0.119366410053272,3.,2.48279804404058));
#2610=CARTESIAN_POINT('Ctrl Pts',(0.0609928797711633,5.17689969051292E-32,
2.5));
#2611=CARTESIAN_POINT('Ctrl Pts',(0.0609928797711633,3.,2.5));
#2612=CARTESIAN_POINT('Ctrl Pts',(1.58647585604537E-16,5.17689969051292E-32,
2.5));
#2613=CARTESIAN_POINT('Ctrl Pts',(1.58647585604537E-16,3.,2.5));
#2614=CARTESIAN_POINT('',(0.367620992844542,3.,2.32106760039857));
#2615=CARTESIAN_POINT('Ctrl Pts',(0.367620992844542,3.,2.32106760039857));
#2616=CARTESIAN_POINT('Ctrl Pts',(0.291748163299148,3.,2.33308467604196));
#2617=CARTESIAN_POINT('Ctrl Pts',(0.275938580404922,3.,2.39085642429952));
#2618=CARTESIAN_POINT('Ctrl Pts',(0.163322822278399,3.,2.45698615340314));
#2619=CARTESIAN_POINT('Ctrl Pts',(0.119366410053272,3.,2.48279804404058));
#2620=CARTESIAN_POINT('Ctrl Pts',(0.0609928797711633,3.,2.5));
#2621=CARTESIAN_POINT('Ctrl Pts',(1.58647585604537E-16,3.,2.5));
#2622=CARTESIAN_POINT('',(0.367620992844542,4.7935907482033E-32,2.32106760039857));
#2623=CARTESIAN_POINT('Ctrl Pts',(0.772542485937369,4.92352418486867E-32,
2.37764129073788));
#2624=CARTESIAN_POINT('Ctrl Pts',(0.772542485937369,3.,2.37764129073788));
#2625=CARTESIAN_POINT('Ctrl Pts',(0.625781818320089,5.00034729827996E-32,
2.42532672227903));
#2626=CARTESIAN_POINT('Ctrl Pts',(0.625781818320089,3.,2.42532672227903));
#2627=CARTESIAN_POINT('Ctrl Pts',(0.503506410619742,4.87202640671905E-32,
2.34561901976265));
#2628=CARTESIAN_POINT('Ctrl Pts',(0.503506410619742,3.,2.34561901976265));
#2629=CARTESIAN_POINT('Ctrl Pts',(0.442532570760215,4.81261182826796E-32,
2.32656506056165));
#2630=CARTESIAN_POINT('Ctrl Pts',(0.442532570760215,3.,2.32656506056165));
#2631=CARTESIAN_POINT('Ctrl Pts',(0.417662070664567,4.78837733225369E-32,
2.31879317846889));
#2632=CARTESIAN_POINT('Ctrl Pts',(0.417662070664567,3.,2.31879317846889));
#2633=CARTESIAN_POINT('Ctrl Pts',(0.398182483953686,4.77817581541073E-32,
2.31622713573377));
#2634=CARTESIAN_POINT('Ctrl Pts',(0.398182483953686,3.,2.31622713573377));
#2635=CARTESIAN_POINT('Ctrl Pts',(0.367620992844543,4.7935907482033E-32,
2.32106760039857));
#2636=CARTESIAN_POINT('Ctrl Pts',(0.367620992844543,3.,2.32106760039857));
#2637=CARTESIAN_POINT('',(0.772542485937369,3.,2.37764129073788));
#2638=CARTESIAN_POINT('Ctrl Pts',(0.772542485937369,3.,2.37764129073788));
#2639=CARTESIAN_POINT('Ctrl Pts',(0.625781818320089,3.,2.42532672227903));
#2640=CARTESIAN_POINT('Ctrl Pts',(0.503506410619742,3.,2.34561901976265));
#2641=CARTESIAN_POINT('Ctrl Pts',(0.442532570760215,3.,2.32656506056165));
#2642=CARTESIAN_POINT('Ctrl Pts',(0.417662070664567,3.,2.31879317846889));
#2643=CARTESIAN_POINT('Ctrl Pts',(0.398182483953686,3.,2.31622713573377));
#2644=CARTESIAN_POINT('Ctrl Pts',(0.367620992844543,3.,2.32106760039857));
#2645=CARTESIAN_POINT('',(0.772542485937369,4.92352418486867E-32,2.37764129073788));
#2646=CARTESIAN_POINT('Ctrl Pts',(1.06687767438794,4.32436068685852E-32,
2.09386533184266));
#2647=CARTESIAN_POINT('Ctrl Pts',(1.06687767438794,3.,2.09386533184266));
#2648=CARTESIAN_POINT('Ctrl Pts',(0.998431806035528,4.43542325199676E-32,
2.12874024368096));
#2649=CARTESIAN_POINT('Ctrl Pts',(0.998431806035528,3.,2.12874024368096));
#2650=CARTESIAN_POINT('Ctrl Pts',(1.00124845121042,4.64080772013537E-32,
2.18856987110736));
#2651=CARTESIAN_POINT('Ctrl Pts',(1.00124845121042,3.,2.18856987110736));
#2652=CARTESIAN_POINT('Ctrl Pts',(0.914579710733087,4.78841525387204E-32,
2.28626316398772));
#2653=CARTESIAN_POINT('Ctrl Pts',(0.914579710733087,3.,2.28626316398772));
#2654=CARTESIAN_POINT('Ctrl Pts',(0.880750991317338,4.84602972726727E-32,
2.32439500916568));
#2655=CARTESIAN_POINT('Ctrl Pts',(0.880750991317338,3.,2.32439500916568));
#2656=CARTESIAN_POINT('Ctrl Pts',(0.83055016169134,4.89315957611128E-32,
2.35879345435273));
#2657=CARTESIAN_POINT('Ctrl Pts',(0.83055016169134,3.,2.35879345435273));
#2658=CARTESIAN_POINT('Ctrl Pts',(0.772542485937369,4.92352418486867E-32,
2.37764129073788));
#2659=CARTESIAN_POINT('Ctrl Pts',(0.772542485937369,3.,2.37764129073788));
#2660=CARTESIAN_POINT('',(1.06687767438794,3.,2.09386533184266));
#2661=CARTESIAN_POINT('Ctrl Pts',(1.06687767438794,3.,2.09386533184266));
#2662=CARTESIAN_POINT('Ctrl Pts',(0.998431806035528,3.,2.12874024368096));
#2663=CARTESIAN_POINT('Ctrl Pts',(1.00124845121042,3.,2.18856987110736));
#2664=CARTESIAN_POINT('Ctrl Pts',(0.914579710733087,3.,2.28626316398772));
#2665=CARTESIAN_POINT('Ctrl Pts',(0.880750991317338,3.,2.32439500916568));
#2666=CARTESIAN_POINT('Ctrl Pts',(0.83055016169134,3.,2.35879345435273));
#2667=CARTESIAN_POINT('Ctrl Pts',(0.772542485937369,3.,2.37764129073788));
#2668=CARTESIAN_POINT('',(1.06687767438794,4.32436068685852E-32,2.09386533184266));
#2669=CARTESIAN_POINT('Ctrl Pts',(1.46946313073118,4.18819982779936E-32,
2.02254248593737));
#2670=CARTESIAN_POINT('Ctrl Pts',(1.46946313073118,3.,2.02254248593737));
#2671=CARTESIAN_POINT('Ctrl Pts',(1.34462105018826,4.33432607302313E-32,
2.11324556673647));
#2672=CARTESIAN_POINT('Ctrl Pts',(1.34462105018826,3.,2.11324556673647));
#2673=CARTESIAN_POINT('Ctrl Pts',(1.20369919225205,4.25996180953519E-32,
2.07522421583288));
#2674=CARTESIAN_POINT('Ctrl Pts',(1.20369919225205,3.,2.07522421583288));
#2675=CARTESIAN_POINT('Ctrl Pts',(1.13982162732688,4.26220868158834E-32,
2.07594477650244));
#2676=CARTESIAN_POINT('Ctrl Pts',(1.13982162732688,3.,2.07594477650244));
#2677=CARTESIAN_POINT('Ctrl Pts',(1.11376673250246,4.26312515382858E-32,
2.07623868458241));
#2678=CARTESIAN_POINT('Ctrl Pts',(1.11376673250246,3.,2.07623868458241));
#2679=CARTESIAN_POINT('Ctrl Pts',(1.09444759381289,4.27962480950468E-32,
2.07981775625514));
#2680=CARTESIAN_POINT('Ctrl Pts',(1.09444759381289,3.,2.07981775625514));
#2681=CARTESIAN_POINT('Ctrl Pts',(1.06687767438793,4.32436068685852E-32,
2.09386533184266));
#2682=CARTESIAN_POINT('Ctrl Pts',(1.06687767438793,3.,2.09386533184266));
#2683=CARTESIAN_POINT('',(1.46946313073118,3.,2.02254248593737));
#2684=CARTESIAN_POINT('Ctrl Pts',(1.46946313073118,3.,2.02254248593737));
#2685=CARTESIAN_POINT('Ctrl Pts',(1.34462105018826,3.,2.11324556673647));
#2686=CARTESIAN_POINT('Ctrl Pts',(1.20369919225205,3.,2.07522421583288));
#2687=CARTESIAN_POINT('Ctrl Pts',(1.13982162732688,3.,2.07594477650244));
#2688=CARTESIAN_POINT('Ctrl Pts',(1.11376673250246,3.,2.07623868458241));
#2689=CARTESIAN_POINT('Ctrl Pts',(1.09444759381289,3.,2.07981775625514));
#2690=CARTESIAN_POINT('Ctrl Pts',(1.06687767438793,3.,2.09386533184266));
#2691=CARTESIAN_POINT('',(1.46946313073118,4.18819982779936E-32,2.02254248593737));
#2692=CARTESIAN_POINT('Ctrl Pts',(1.66170093578839,3.43183207189146E-32,
1.66170093578839));
#2693=CARTESIAN_POINT('Ctrl Pts',(1.66170093578839,3.,1.66170093578839));
#2694=CARTESIAN_POINT('Ctrl Pts',(1.60738198711371,3.60481607263658E-32,
1.71601988446306));
#2695=CARTESIAN_POINT('Ctrl Pts',(1.60738198711371,3.,1.71601988446306));
#2696=CARTESIAN_POINT('Ctrl Pts',(1.62854914750325,3.81344254291832E-32,
1.7720508502683));
#2697=CARTESIAN_POINT('Ctrl Pts',(1.62854914750325,3.,1.7720508502683));
#2698=CARTESIAN_POINT('Ctrl Pts',(1.57631116484967,3.99429149578296E-32,
1.89174480674906));
#2699=CARTESIAN_POINT('Ctrl Pts',(1.57631116484967,3.,1.89174480674906));
#2700=CARTESIAN_POINT('Ctrl Pts',(1.55592152899827,4.06488082763888E-32,
1.93846399578131));
#2701=CARTESIAN_POINT('Ctrl Pts',(1.55592152899827,3.,1.93846399578131));
#2702=CARTESIAN_POINT('Ctrl Pts',(1.51880740700191,4.13044290975242E-32,
1.98669177071304));
#2703=CARTESIAN_POINT('Ctrl Pts',(1.51880740700191,3.,1.98669177071304));
#2704=CARTESIAN_POINT('Ctrl Pts',(1.46946313073118,4.18819982779936E-32,
2.02254248593737));
#2705=CARTESIAN_POINT('Ctrl Pts',(1.46946313073118,3.,2.02254248593737));
#2706=CARTESIAN_POINT('',(1.66170093578839,3.,1.66170093578839));
#2707=CARTESIAN_POINT('Ctrl Pts',(1.66170093578839,3.,1.66170093578839));
#2708=CARTESIAN_POINT('Ctrl Pts',(1.60738198711371,3.,1.71601988446306));
#2709=CARTESIAN_POINT('Ctrl Pts',(1.62854914750325,3.,1.7720508502683));
#2710=CARTESIAN_POINT('Ctrl Pts',(1.57631116484967,3.,1.89174480674906));
#2711=CARTESIAN_POINT('Ctrl Pts',(1.55592152899827,3.,1.93846399578131));
#2712=CARTESIAN_POINT('Ctrl Pts',(1.51880740700191,3.,1.98669177071304));
#2713=CARTESIAN_POINT('Ctrl Pts',(1.46946313073118,3.,2.02254248593737));
#2714=CARTESIAN_POINT('',(1.66170093578839,3.43183207189146E-32,1.66170093578839));
#2715=CARTESIAN_POINT('Ctrl Pts',(2.02254248593737,3.04290529068096E-32,
1.46946313073118));
#2716=CARTESIAN_POINT('Ctrl Pts',(2.02254248593737,3.,1.46946313073118));
#2717=CARTESIAN_POINT('Ctrl Pts',(1.93183940513827,3.2440308127133E-32,
1.59430521127409));
#2718=CARTESIAN_POINT('Ctrl Pts',(1.93183940513827,3.,1.59430521127409));
#2719=CARTESIAN_POINT('Ctrl Pts',(1.7860655102813,3.23090246953482E-32,
1.60169200672009));
#2720=CARTESIAN_POINT('Ctrl Pts',(1.7860655102813,3.,1.60169200672009));
#2721=CARTESIAN_POINT('Ctrl Pts',(1.72553700140654,3.29459085260075E-32,
1.62211655376142));
#2722=CARTESIAN_POINT('Ctrl Pts',(1.72553700140654,3.,1.62211655376142));
#2723=CARTESIAN_POINT('Ctrl Pts',(1.70084814649389,3.32056858240721E-32,
1.63044748224346));
#2724=CARTESIAN_POINT('Ctrl Pts',(1.70084814649389,3.,1.63044748224346));
#2725=CARTESIAN_POINT('Ctrl Pts',(1.68358054772491,3.36215430934494E-32,
1.63982132385186));
#2726=CARTESIAN_POINT('Ctrl Pts',(1.68358054772491,3.,1.63982132385186));
#2727=CARTESIAN_POINT('Ctrl Pts',(1.66170093578839,3.43183207189146E-32,
1.66170093578839));
#2728=CARTESIAN_POINT('Ctrl Pts',(1.66170093578839,3.,1.66170093578839));
#2729=CARTESIAN_POINT('',(2.02254248593737,3.,1.46946313073118));
#2730=CARTESIAN_POINT('Ctrl Pts',(2.02254248593737,3.,1.46946313073118));
#2731=CARTESIAN_POINT('Ctrl Pts',(1.93183940513827,3.,1.59430521127409));
#2732=CARTESIAN_POINT('Ctrl Pts',(1.7860655102813,3.,1.60169200672009));
#2733=CARTESIAN_POINT('Ctrl Pts',(1.72553700140654,3.,1.62211655376142));
#2734=CARTESIAN_POINT('Ctrl Pts',(1.70084814649389,3.,1.63044748224346));
#2735=CARTESIAN_POINT('Ctrl Pts',(1.68358054772491,3.,1.63982132385186));
#2736=CARTESIAN_POINT('Ctrl Pts',(1.66170093578839,3.,1.66170093578839));
#2737=CARTESIAN_POINT('',(2.02254248593737,3.04290529068096E-32,1.46946313073118));
#2738=CARTESIAN_POINT('Ctrl Pts',(2.09386533184266,2.20337182274762E-32,
1.06687767438793));
#2739=CARTESIAN_POINT('Ctrl Pts',(2.09386533184266,3.,1.06687767438793));
#2740=CARTESIAN_POINT('Ctrl Pts',(2.05899042000437,2.42134437985628E-32,
1.13532354274034));
#2741=CARTESIAN_POINT('Ctrl Pts',(2.05899042000437,3.,1.13532354274034));
#2742=CARTESIAN_POINT('Ctrl Pts',(2.09643610646936,2.61279103978385E-32,
1.1820711456007));
#2743=CARTESIAN_POINT('Ctrl Pts',(2.09643610646936,3.,1.1820711456007));
#2744=CARTESIAN_POINT('Ctrl Pts',(2.0837422993451,2.8091786562213E-32,1.31204928726467));
#2745=CARTESIAN_POINT('Ctrl Pts',(2.0837422993451,3.,1.31204928726467));
#2746=CARTESIAN_POINT('Ctrl Pts',(2.07878762667812,2.88583307091108E-32,
1.36278262041702));
#2747=CARTESIAN_POINT('Ctrl Pts',(2.07878762667812,3.,1.36278262041702));
#2748=CARTESIAN_POINT('Ctrl Pts',(2.05839320116171,2.96340971289901E-32,
1.42011885446044));
#2749=CARTESIAN_POINT('Ctrl Pts',(2.05839320116171,3.,1.42011885446044));
#2750=CARTESIAN_POINT('Ctrl Pts',(2.02254248593737,3.04290529068096E-32,
1.46946313073118));
#2751=CARTESIAN_POINT('Ctrl Pts',(2.02254248593737,3.,1.46946313073118));
#2752=CARTESIAN_POINT('',(2.09386533184266,3.,1.06687767438793));
#2753=CARTESIAN_POINT('Ctrl Pts',(2.09386533184266,3.,1.06687767438793));
#2754=CARTESIAN_POINT('Ctrl Pts',(2.05899042000437,3.,1.13532354274034));
#2755=CARTESIAN_POINT('Ctrl Pts',(2.09643610646936,3.,1.1820711456007));
#2756=CARTESIAN_POINT('Ctrl Pts',(2.0837422993451,3.,1.31204928726467));
#2757=CARTESIAN_POINT('Ctrl Pts',(2.07878762667812,3.,1.36278262041702));
#2758=CARTESIAN_POINT('Ctrl Pts',(2.05839320116171,3.,1.42011885446044));
#2759=CARTESIAN_POINT('Ctrl Pts',(2.02254248593737,3.,1.46946313073118));
#2760=CARTESIAN_POINT('',(2.09386533184266,2.20337182274762E-32,1.06687767438793));
#2761=CARTESIAN_POINT('Ctrl Pts',(2.37764129073788,1.5997499825429E-32,
0.772542485937369));
#2762=CARTESIAN_POINT('Ctrl Pts',(2.37764129073788,3.,0.772542485937369));
#2763=CARTESIAN_POINT('Ctrl Pts',(2.32995585919674,1.83618721396335E-32,
0.919303153554632));
#2764=CARTESIAN_POINT('Ctrl Pts',(2.32995585919674,3.,0.919303153554632));
#2765=CARTESIAN_POINT('Ctrl Pts',(2.1935992919141,1.88557988479519E-32,
0.971375024345101));
#2766=CARTESIAN_POINT('Ctrl Pts',(2.1935992919141,3.,0.971375024345101));
#2767=CARTESIAN_POINT('Ctrl Pts',(2.1423447912653,2.00447551619636E-32,
1.00950426078763));
#2768=CARTESIAN_POINT('Ctrl Pts',(2.1423447912653,3.,1.00950426078763));
#2769=CARTESIAN_POINT('Ctrl Pts',(2.12143869340061,2.05297162237809E-32,
1.02505672034693));
#2770=CARTESIAN_POINT('Ctrl Pts',(2.12143869340061,3.,1.02505672034693));
#2771=CARTESIAN_POINT('Ctrl Pts',(2.10791290743019,2.11557271987999E-32,
1.03930775496298));
#2772=CARTESIAN_POINT('Ctrl Pts',(2.10791290743019,3.,1.03930775496298));
#2773=CARTESIAN_POINT('Ctrl Pts',(2.09386533184267,2.20337182274762E-32,
1.06687767438793));
#2774=CARTESIAN_POINT('Ctrl Pts',(2.09386533184267,3.,1.06687767438793));
#2775=CARTESIAN_POINT('',(2.37764129073788,3.,0.772542485937369));
#2776=CARTESIAN_POINT('Ctrl Pts',(2.37764129073788,3.,0.772542485937369));
#2777=CARTESIAN_POINT('Ctrl Pts',(2.32995585919674,3.,0.919303153554632));
#2778=CARTESIAN_POINT('Ctrl Pts',(2.1935992919141,3.,0.971375024345101));
#2779=CARTESIAN_POINT('Ctrl Pts',(2.1423447912653,3.,1.00950426078763));
#2780=CARTESIAN_POINT('Ctrl Pts',(2.12143869340061,3.,1.02505672034693));
#2781=CARTESIAN_POINT('Ctrl Pts',(2.10791290743019,3.,1.03930775496298));
#2782=CARTESIAN_POINT('Ctrl Pts',(2.09386533184267,3.,1.06687767438793));
#2783=CARTESIAN_POINT('',(2.37764129073788,1.5997499825429E-32,0.772542485937369));
#2784=CARTESIAN_POINT('Ctrl Pts',(2.32106760039857,7.59230187799056E-33,
0.367620992844541));
#2785=CARTESIAN_POINT('Ctrl Pts',(2.32106760039857,3.,0.367620992844541));
#2786=CARTESIAN_POINT('Ctrl Pts',(2.30905052475519,1.00085462867735E-32,
0.443493822389941));
#2787=CARTESIAN_POINT('Ctrl Pts',(2.30905052475519,3.,0.443493822389941));
#2788=CARTESIAN_POINT('Ctrl Pts',(2.359109292605,1.15638134528975E-32,0.476382081227711));
#2789=CARTESIAN_POINT('Ctrl Pts',(2.359109292605,3.,0.476382081227711));
#2790=CARTESIAN_POINT('Ctrl Pts',(2.38720221929432,1.34908383709014E-32,
0.603921241957915));
#2791=CARTESIAN_POINT('Ctrl Pts',(2.38720221929432,3.,0.603921241957915));
#2792=CARTESIAN_POINT('Ctrl Pts',(2.39816750769365,1.42429986642122E-32,
0.653702587101507));
#2793=CARTESIAN_POINT('Ctrl Pts',(2.39816750769365,3.,0.653702587101507));
#2794=CARTESIAN_POINT('Ctrl Pts',(2.39648912712304,1.50629732605749E-32,
0.714534810183396));
#2795=CARTESIAN_POINT('Ctrl Pts',(2.39648912712304,3.,0.714534810183396));
#2796=CARTESIAN_POINT('Ctrl Pts',(2.37764129073788,1.5997499825429E-32,
0.772542485937369));
#2797=CARTESIAN_POINT('Ctrl Pts',(2.37764129073788,3.,0.772542485937369));
#2798=CARTESIAN_POINT('',(2.32106760039857,3.,0.367620992844544));
#2799=CARTESIAN_POINT('Ctrl Pts',(2.32106760039857,3.,0.367620992844541));
#2800=CARTESIAN_POINT('Ctrl Pts',(2.30905052475519,3.,0.443493822389941));
#2801=CARTESIAN_POINT('Ctrl Pts',(2.359109292605,3.,0.476382081227711));
#2802=CARTESIAN_POINT('Ctrl Pts',(2.38720221929432,3.,0.603921241957915));
#2803=CARTESIAN_POINT('Ctrl Pts',(2.39816750769365,3.,0.653702587101507));
#2804=CARTESIAN_POINT('Ctrl Pts',(2.39648912712304,3.,0.714534810183396));
#2805=CARTESIAN_POINT('Ctrl Pts',(2.37764129073788,3.,0.772542485937369));
#2806=CARTESIAN_POINT('',(2.32106760039857,7.59230187799055E-33,0.367620992844544));
#2807=CARTESIAN_POINT('Ctrl Pts',(2.5,1.49161652940825E-47,9.43689570931399E-17));
#2808=CARTESIAN_POINT('Ctrl Pts',(2.5,3.,9.43689570931399E-17));
#2809=CARTESIAN_POINT('Ctrl Pts',(2.5,2.48604817242128E-33,0.154313298003569));
#2810=CARTESIAN_POINT('Ctrl Pts',(2.5,3.,0.154313298003569));
#2811=CARTESIAN_POINT('Ctrl Pts',(2.38640829114933,3.55683603324282E-33,
0.245973086619483));
#2812=CARTESIAN_POINT('Ctrl Pts',(2.38640829114933,3.,0.245973086619483));
#2813=CARTESIAN_POINT('Ctrl Pts',(2.34944494636112,5.18148150264611E-33,
0.298074657138194));
#2814=CARTESIAN_POINT('Ctrl Pts',(2.34944494636112,3.,0.298074657138194));
#2815=CARTESIAN_POINT('Ctrl Pts',(2.33436804006477,5.84415496056287E-33,
0.319326264672734));
#2816=CARTESIAN_POINT('Ctrl Pts',(2.33436804006477,3.,0.319326264672734));
#2817=CARTESIAN_POINT('Ctrl Pts',(2.32590806506338,6.61904132531352E-33,
0.337059501735403));
#2818=CARTESIAN_POINT('Ctrl Pts',(2.32590806506338,3.,0.337059501735403));
#2819=CARTESIAN_POINT('Ctrl Pts',(2.32106760039857,7.59230187799055E-33,
0.367620992844544));
#2820=CARTESIAN_POINT('Ctrl Pts',(2.32106760039857,3.,0.367620992844544));
#2821=CARTESIAN_POINT('Ctrl Pts',(2.5,3.,9.43689570931399E-17));
#2822=CARTESIAN_POINT('Ctrl Pts',(2.5,3.,0.154313298003569));
#2823=CARTESIAN_POINT('Ctrl Pts',(2.38640829114933,3.,0.245973086619483));
#2824=CARTESIAN_POINT('Ctrl Pts',(2.34944494636112,3.,0.298074657138194));
#2825=CARTESIAN_POINT('Ctrl Pts',(2.33436804006477,3.,0.319326264672734));
#2826=CARTESIAN_POINT('Ctrl Pts',(2.32590806506338,3.,0.337059501735403));
#2827=CARTESIAN_POINT('Ctrl Pts',(2.32106760039857,3.,0.367620992844544));
#2828=CARTESIAN_POINT('Origin',(-8.31632781251592E-110,3.,2.69880267346702E-79));
#2829=UNCERTAINTY_MEASURE_WITH_UNIT(LENGTH_MEASURE(0.01),#2833,
'DISTANCE_ACCURACY_VALUE',
'Maximum model space distance between geometric entities at asserted c
onnectivities');
#2830=UNCERTAINTY_MEASURE_WITH_UNIT(LENGTH_MEASURE(0.01),#2833,
'DISTANCE_ACCURACY_VALUE',
'Maximum model space distance between geometric entities at asserted c
onnectivities');
#2831=(
GEOMETRIC_REPRESENTATION_CONTEXT(3)
GLOBAL_UNCERTAINTY_ASSIGNED_CONTEXT((#2829))
GLOBAL_UNIT_ASSIGNED_CONTEXT((#2833,#2835,#2836))
REPRESENTATION_CONTEXT('','3D')
);
#2832=(
GEOMETRIC_REPRESENTATION_CONTEXT(3)
GLOBAL_UNCERTAINTY_ASSIGNED_CONTEXT((#2830))
GLOBAL_UNIT_ASSIGNED_CONTEXT((#2833,#2835,#2836))
REPRESENTATION_CONTEXT('','3D')
);
#2833=(
LENGTH_UNIT()
NAMED_UNIT(*)
SI_UNIT(.MILLI.,.METRE.)
);
#2834=(
LENGTH_UNIT()
NAMED_UNIT(*)
SI_UNIT($,.METRE.)
);
#2835=(
NAMED_UNIT(*)
PLANE_ANGLE_UNIT()
SI_UNIT($,.RADIAN.)
);
#2836=(
NAMED_UNIT(*)
SI_UNIT($,.STERADIAN.)
SOLID_ANGLE_UNIT()
);
#2837=SHAPE_DEFINITION_REPRESENTATION(#2838,#2839);
#2838=PRODUCT_DEFINITION_SHAPE('',$,#2841);
#2839=SHAPE_REPRESENTATION('',(#1201),#2831);
#2840=PRODUCT_DEFINITION_CONTEXT('part definition',#2845,'design');
#2841=PRODUCT_DEFINITION('\X2\5927817F4E3B52A8529B53D1751F5668\X0\',
'\X2\5927817F4E3B52A8529B53D1751F5668\X0\',#2842,#2840);
#2842=PRODUCT_DEFINITION_FORMATION('',$,#2847);
#2843=PRODUCT_RELATED_PRODUCT_CATEGORY('\X2\5927817F4E3B52A8529B53D1751F5668\X0\',
'\X2\5927817F4E3B52A8529B53D1751F5668\X0\',(#2847));
#2844=APPLICATION_PROTOCOL_DEFINITION('international standard',
'automotive_design',2009,#2845);
#2845=APPLICATION_CONTEXT(
'Core Data for Automotive Mechanical Design Process');
#2846=PRODUCT_CONTEXT('part definition',#2845,'mechanical');
#2847=PRODUCT('\X2\5927817F4E3B52A8529B53D1751F5668\X0\',
'\X2\5927817F4E3B52A8529B53D1751F5668\X0\',$,(#2846));
#2848=PRESENTATION_STYLE_ASSIGNMENT((#2849));
#2849=SURFACE_STYLE_USAGE(.BOTH.,#2850);
#2850=SURFACE_SIDE_STYLE('',(#2851));
#2851=SURFACE_STYLE_FILL_AREA(#2852);
#2852=FILL_AREA_STYLE('\X2\94A2\X0\ - \X2\7F0E5149\X0\',(#2853));
#2853=FILL_AREA_STYLE_COLOUR('\X2\94A2\X0\ - \X2\7F0E5149\X0\',#2854);
#2854=COLOUR_RGB('\X2\94A2\X0\ - \X2\7F0E5149\X0\',0.627450980392157,0.627450980392157,
0.627450980392157);
ENDSEC;
END-ISO-10303-21;
