ISO-10303-21;
HEADER;
/* Generated by software containing ST-Developer
 * from STEP Tools, Inc. (www.steptools.com) 
 */

FILE_DESCRIPTION(
/* description */ (''),
/* implementation_level */ '2;1');

FILE_NAME(
/* name */ '',
/* time_stamp */ '2026-07-15T12:19:21+08:00',
/* author */ (''),
/* organization */ (''),
/* preprocessor_version */ 'ST-DEVELOPER v20.1',
/* originating_system */ 'Autodesk Translation Framework v15.8.0.0',
/* authorisation */ '');

FILE_SCHEMA (('AUTOMOTIVE_DESIGN { 1 0 10303 214 3 1 1 }'));
ENDSEC;

DATA;
#10=MECHANICAL_DESIGN_GEOMETRIC_PRESENTATION_REPRESENTATION('',(#13),#1775);
#11=SHAPE_REPRESENTATION_RELATIONSHIP('SRR','None',#1782,#12);
#12=ADVANCED_BREP_SHAPE_REPRESENTATION('',(#14),#1774);
#13=STYLED_ITEM('',(#1791),#14);
#14=MANIFOLD_SOLID_BREP('\X2\5C0F817F4FDD630167B6\X0\',#734);
#15=FACE_BOUND('',#149,.T.);
#16=PLANE('',#796);
#17=PLANE('',#801);
#18=PLANE('',#803);
#19=PLANE('',#805);
#20=PLANE('',#807);
#21=PLANE('',#809);
#22=PLANE('',#811);
#23=PLANE('',#813);
#24=PLANE('',#815);
#25=PLANE('',#817);
#26=PLANE('',#819);
#27=PLANE('',#822);
#28=PLANE('',#824);
#29=PLANE('',#836);
#30=PLANE('',#840);
#31=PLANE('',#844);
#32=SPHERICAL_SURFACE('',#769,1.6);
#33=SPHERICAL_SURFACE('',#778,1.6);
#34=SPHERICAL_SURFACE('',#787,1.6);
#35=SPHERICAL_SURFACE('',#830,1.6);
#36=SPHERICAL_SURFACE('',#841,1.6);
#37=LINE('',#1194,#49);
#38=LINE('',#1594,#50);
#39=LINE('',#1614,#51);
#40=LINE('',#1618,#52);
#41=LINE('',#1621,#53);
#42=LINE('',#1626,#54);
#43=LINE('',#1629,#55);
#44=LINE('',#1633,#56);
#45=LINE('',#1638,#57);
#46=LINE('',#1642,#58);
#47=LINE('',#1651,#59);
#48=LINE('',#1751,#60);
#49=VECTOR('',#865,3.81766626729493);
#50=VECTOR('',#946,10.);
#51=VECTOR('',#959,10.);
#52=VECTOR('',#964,10.);
#53=VECTOR('',#967,10.);
#54=VECTOR('',#974,10.);
#55=VECTOR('',#977,10.);
#56=VECTOR('',#982,10.);
#57=VECTOR('',#989,10.);
#58=VECTOR('',#994,10.);
#59=VECTOR('',#1007,10.);
#60=VECTOR('',#1020,5.01766626729492);
#61=ELLIPSE('',#752,5.40017907175313,3.81766626729493);
#62=ELLIPSE('',#754,5.39781252988706,3.81766626729493);
#63=ELLIPSE('',#755,5.40017907175313,3.81766626729493);
#64=ELLIPSE('',#759,5.39781252988706,3.81766626729493);
#65=ELLIPSE('',#760,5.40017907175313,3.81766626729493);
#66=ELLIPSE('',#762,5.39781252988706,3.81766626729493);
#67=ELLIPSE('',#763,5.40017907175313,3.81766626729493);
#68=ELLIPSE('',#765,5.39781252988706,3.81766626729493);
#69=ELLIPSE('',#766,5.40017907175312,3.81766626729493);
#70=ELLIPSE('',#768,5.39781252988706,3.81766626729493);
#71=ELLIPSE('',#797,7.09449699163654,5.01766626729493);
#72=ELLIPSE('',#802,7.0976074042447,5.01766626729493);
#73=ELLIPSE('',#804,7.0976074042447,5.01766626729493);
#74=ELLIPSE('',#806,7.09449699163654,5.01766626729493);
#75=ELLIPSE('',#808,7.0976074042447,5.01766626729493);
#76=ELLIPSE('',#810,7.09449699163654,5.01766626729492);
#77=ELLIPSE('',#812,7.09449699163655,5.01766626729492);
#78=ELLIPSE('',#814,7.0976074042447,5.01766626729492);
#79=ELLIPSE('',#827,7.09760740424469,5.01766626729493);
#80=ELLIPSE('',#828,7.09449699163654,5.01766626729493);
#81=CYLINDRICAL_SURFACE('',#751,3.81766626729493);
#82=CYLINDRICAL_SURFACE('',#826,5.01766626729492);
#83=FACE_OUTER_BOUND('',#116,.T.);
#84=FACE_OUTER_BOUND('',#117,.T.);
#85=FACE_OUTER_BOUND('',#118,.T.);
#86=FACE_OUTER_BOUND('',#119,.T.);
#87=FACE_OUTER_BOUND('',#120,.T.);
#88=FACE_OUTER_BOUND('',#121,.T.);
#89=FACE_OUTER_BOUND('',#122,.T.);
#90=FACE_OUTER_BOUND('',#123,.T.);
#91=FACE_OUTER_BOUND('',#124,.T.);
#92=FACE_OUTER_BOUND('',#125,.T.);
#93=FACE_OUTER_BOUND('',#126,.T.);
#94=FACE_OUTER_BOUND('',#127,.T.);
#95=FACE_OUTER_BOUND('',#128,.T.);
#96=FACE_OUTER_BOUND('',#129,.T.);
#97=FACE_OUTER_BOUND('',#130,.T.);
#98=FACE_OUTER_BOUND('',#131,.T.);
#99=FACE_OUTER_BOUND('',#132,.T.);
#100=FACE_OUTER_BOUND('',#133,.T.);
#101=FACE_OUTER_BOUND('',#134,.T.);
#102=FACE_OUTER_BOUND('',#135,.T.);
#103=FACE_OUTER_BOUND('',#136,.T.);
#104=FACE_OUTER_BOUND('',#137,.T.);
#105=FACE_OUTER_BOUND('',#138,.T.);
#106=FACE_OUTER_BOUND('',#139,.T.);
#107=FACE_OUTER_BOUND('',#140,.T.);
#108=FACE_OUTER_BOUND('',#141,.T.);
#109=FACE_OUTER_BOUND('',#142,.T.);
#110=FACE_OUTER_BOUND('',#143,.T.);
#111=FACE_OUTER_BOUND('',#144,.T.);
#112=FACE_OUTER_BOUND('',#145,.T.);
#113=FACE_OUTER_BOUND('',#146,.T.);
#114=FACE_OUTER_BOUND('',#147,.T.);
#115=FACE_OUTER_BOUND('',#148,.T.);
#116=EDGE_LOOP('',(#449,#450,#451,#452));
#117=EDGE_LOOP('',(#453,#454,#455,#456,#457,#458,#459,#460,#461,#462,#463,
#464,#465,#466,#467,#468,#469,#470,#471,#472,#473,#474,#475,#476,#477,#478,
#479,#480,#481,#482,#483,#484,#485,#486,#487,#488,#489,#490,#491,#492,#493,
#494,#495,#496));
#118=EDGE_LOOP('',(#497,#498,#499,#500,#501,#502,#503,#504,#505,#506,#507));
#119=EDGE_LOOP('',(#508,#509,#510,#511));
#120=EDGE_LOOP('',(#512,#513,#514,#515));
#121=EDGE_LOOP('',(#516,#517,#518,#519,#520,#521,#522,#523,#524,#525,#526));
#122=EDGE_LOOP('',(#527,#528,#529,#530));
#123=EDGE_LOOP('',(#531,#532,#533,#534));
#124=EDGE_LOOP('',(#535,#536,#537,#538,#539,#540,#541,#542,#543,#544,#545));
#125=EDGE_LOOP('',(#546,#547,#548,#549));
#126=EDGE_LOOP('',(#550,#551,#552,#553));
#127=EDGE_LOOP('',(#554,#555,#556,#557));
#128=EDGE_LOOP('',(#558,#559,#560,#561));
#129=EDGE_LOOP('',(#562,#563,#564,#565));
#130=EDGE_LOOP('',(#566,#567,#568,#569));
#131=EDGE_LOOP('',(#570,#571,#572,#573));
#132=EDGE_LOOP('',(#574,#575,#576,#577));
#133=EDGE_LOOP('',(#578,#579,#580,#581));
#134=EDGE_LOOP('',(#582,#583,#584,#585));
#135=EDGE_LOOP('',(#586,#587,#588,#589));
#136=EDGE_LOOP('',(#590,#591,#592,#593));
#137=EDGE_LOOP('',(#594,#595,#596,#597));
#138=EDGE_LOOP('',(#598,#599,#600,#601,#602,#603));
#139=EDGE_LOOP('',(#604,#605,#606,#607));
#140=EDGE_LOOP('',(#608,#609,#610,#611));
#141=EDGE_LOOP('',(#612,#613,#614,#615,#616,#617,#618,#619,#620,#621,#622,
#623,#624,#625,#626,#627,#628,#629,#630,#631,#632,#633,#634,#635,#636,#637,
#638,#639,#640,#641,#642,#643,#644,#645,#646,#647,#648,#649,#650));
#142=EDGE_LOOP('',(#651,#652,#653,#654,#655,#656,#657,#658,#659,#660,#661));
#143=EDGE_LOOP('',(#662,#663,#664,#665));
#144=EDGE_LOOP('',(#666,#667,#668,#669));
#145=EDGE_LOOP('',(#670,#671,#672,#673));
#146=EDGE_LOOP('',(#674,#675,#676,#677));
#147=EDGE_LOOP('',(#678,#679,#680,#681,#682,#683,#684,#685,#686,#687,#688));
#148=EDGE_LOOP('',(#689));
#149=EDGE_LOOP('',(#690));
#150=CIRCLE('',#749,1.47715333971691);
#151=CIRCLE('',#750,2.40037417703998);
#152=CIRCLE('',#753,3.81766636889375);
#153=CIRCLE('',#756,3.81766636889375);
#154=CIRCLE('',#757,3.8176661656961);
#155=CIRCLE('',#758,3.81766636889375);
#156=CIRCLE('',#761,3.81766636889375);
#157=CIRCLE('',#764,3.81766636889375);
#158=CIRCLE('',#767,3.81766636889375);
#159=CIRCLE('',#770,1.47669239399603);
#160=CIRCLE('',#771,1.6);
#161=CIRCLE('',#772,1.6);
#162=CIRCLE('',#774,2.39962514024356);
#163=CIRCLE('',#776,1.47715333971691);
#164=CIRCLE('',#777,2.40037417703998);
#165=CIRCLE('',#779,1.47669239399604);
#166=CIRCLE('',#780,1.6);
#167=CIRCLE('',#781,1.6);
#168=CIRCLE('',#783,2.39962514024356);
#169=CIRCLE('',#785,1.47715333971691);
#170=CIRCLE('',#786,2.40037417703998);
#171=CIRCLE('',#788,1.47669239399603);
#172=CIRCLE('',#789,1.6);
#173=CIRCLE('',#790,1.6);
#174=CIRCLE('',#792,2.39962514024355);
#175=CIRCLE('',#794,1.47715333971691);
#176=CIRCLE('',#795,2.40037417703998);
#177=CIRCLE('',#799,1.47669239399604);
#178=CIRCLE('',#800,2.39962514024356);
#179=CIRCLE('',#816,5.01766636889375);
#180=CIRCLE('',#818,5.01766636889375);
#181=CIRCLE('',#820,5.01766636889375);
#182=CIRCLE('',#821,5.01766636889375);
#183=CIRCLE('',#823,5.01766636889375);
#184=CIRCLE('',#825,5.01766636889375);
#185=CIRCLE('',#829,5.0176661656961);
#186=CIRCLE('',#831,1.6);
#187=CIRCLE('',#832,1.6);
#188=CIRCLE('',#834,1.47715333971691);
#189=CIRCLE('',#835,2.40037417703998);
#190=CIRCLE('',#838,1.47669239399604);
#191=CIRCLE('',#839,2.39962514024356);
#192=CIRCLE('',#842,1.6);
#193=CIRCLE('',#843,1.6);
#194=B_SPLINE_CURVE_WITH_KNOTS('',3,(#1057,#1058,#1059,#1060,#1061,#1062,
#1063,#1064,#1065,#1066,#1067,#1068),.UNSPECIFIED.,.F.,.F.,(4,2,2,2,2,4),
(0.176952021100213,0.180746772870687,0.222421388393981,0.261613407379015,
0.297127222461067,0.298924728188181),.UNSPECIFIED.);
#195=B_SPLINE_CURVE_WITH_KNOTS('',3,(#1072,#1073,#1074,#1075,#1076,#1077,
#1078,#1079,#1080,#1081),.UNSPECIFIED.,.F.,.F.,(4,2,2,2,4),(0.373973550308853,
0.412823853766199,0.45763806860033,0.496687683763678,0.497190591967996),
 .UNSPECIFIED.);
#196=B_SPLINE_CURVE_WITH_KNOTS('',3,(#1085,#1086,#1087,#1088),
 .UNSPECIFIED.,.F.,.F.,(4,4),(0.82981369097611,0.872535571841028),
 .UNSPECIFIED.);
#197=B_SPLINE_CURVE_WITH_KNOTS('',3,(#1090,#1091,#1092,#1093,#1094,#1095,
#1096,#1097,#1098,#1099,#1100,#1101,#1102,#1103,#1104,#1105,#1106,#1107,
#1108,#1109,#1110,#1111),.UNSPECIFIED.,.F.,.F.,(4,2,2,2,2,2,2,2,2,2,4),
(0.,0.0752432399076853,0.112864859861528,0.150486479815371,0.184310186387814,
0.218133892960257,0.2519575995327,0.285781306105143,0.323402926058986,0.361024546012829,
0.436267785920514),.UNSPECIFIED.);
#198=B_SPLINE_CURVE_WITH_KNOTS('',3,(#1113,#1114,#1115,#1116),
 .UNSPECIFIED.,.F.,.F.,(4,4),(0.436267788076612,0.478925642719172),
 .UNSPECIFIED.);
#199=B_SPLINE_CURVE_WITH_KNOTS('',3,(#1118,#1119,#1120,#1121,#1122,#1123,
#1124,#1125,#1126,#1127),.UNSPECIFIED.,.F.,.F.,(4,2,2,2,4),(0.168661966491134,
0.192899902057201,0.232302205695102,0.27700132101019,0.291919349125483),
 .UNSPECIFIED.);
#200=B_SPLINE_CURVE_WITH_KNOTS('',3,(#1135,#1136,#1137,#1138,#1139,#1140,
#1141,#1142,#1143,#1144),.UNSPECIFIED.,.F.,.F.,(4,2,2,2,4),(0.373973550308929,
0.412823853766289,0.457638068600438,0.496687683763798,0.497190591968117),
 .UNSPECIFIED.);
#201=B_SPLINE_CURVE_WITH_KNOTS('',3,(#1146,#1147,#1148,#1149),
 .UNSPECIFIED.,.F.,.F.,(4,4),(0.829813690976107,0.872535571841023),
 .UNSPECIFIED.);
#202=B_SPLINE_CURVE_WITH_KNOTS('',3,(#1151,#1152,#1153,#1154,#1155,#1156,
#1157,#1158,#1159,#1160,#1161,#1162,#1163,#1164,#1165,#1166,#1167,#1168,
#1169,#1170,#1171,#1172),.UNSPECIFIED.,.F.,.F.,(4,2,2,2,2,2,2,2,2,2,4),
(0.,0.0752432399076852,0.112864859861528,0.15048647981537,0.184310186387813,
0.218133892960256,0.251957599532699,0.285781306105142,0.323402926058985,
0.361024546012827,0.436267785920512),.UNSPECIFIED.);
#203=B_SPLINE_CURVE_WITH_KNOTS('',3,(#1174,#1175,#1176,#1177),
 .UNSPECIFIED.,.F.,.F.,(4,4),(0.43626778807661,0.47892564271917),
 .UNSPECIFIED.);
#204=B_SPLINE_CURVE_WITH_KNOTS('',3,(#1179,#1180,#1181,#1182,#1183,#1184,
#1185,#1186,#1187,#1188),.UNSPECIFIED.,.F.,.F.,(4,2,2,2,4),(0.168661966491197,
0.19289990205728,0.232302205695209,0.277001321010314,0.291919349125613),
 .UNSPECIFIED.);
#205=B_SPLINE_CURVE_WITH_KNOTS('',3,(#1201,#1202,#1203,#1204,#1205,#1206,
#1207,#1208,#1209,#1210),.UNSPECIFIED.,.F.,.F.,(4,2,2,2,4),(0.373973550308898,
0.412823853766256,0.457638068600405,0.496687683763766,0.497190591968085),
 .UNSPECIFIED.);
#206=B_SPLINE_CURVE_WITH_KNOTS('',3,(#1212,#1213,#1214,#1215),
 .UNSPECIFIED.,.F.,.F.,(4,4),(0.829813690976103,0.872535571841019),
 .UNSPECIFIED.);
#207=B_SPLINE_CURVE_WITH_KNOTS('',3,(#1217,#1218,#1219,#1220,#1221,#1222,
#1223,#1224,#1225,#1226,#1227,#1228,#1229,#1230,#1231,#1232,#1233,#1234,
#1235,#1236,#1237,#1238),.UNSPECIFIED.,.F.,.F.,(4,2,2,2,2,2,2,2,2,2,4),
(0.,0.0752432399076848,0.112864859861527,0.15048647981537,0.184310186387812,
0.218133892960255,0.251957599532698,0.285781306105141,0.323402926058983,
0.361024546012825,0.43626778592051),.UNSPECIFIED.);
#208=B_SPLINE_CURVE_WITH_KNOTS('',3,(#1240,#1241,#1242,#1243),
 .UNSPECIFIED.,.F.,.F.,(4,4),(0.436267788076607,0.478925642719166),
 .UNSPECIFIED.);
#209=B_SPLINE_CURVE_WITH_KNOTS('',3,(#1245,#1246,#1247,#1248,#1249,#1250,
#1251,#1252,#1253,#1254),.UNSPECIFIED.,.F.,.F.,(4,2,2,2,4),(0.168661966491162,
0.192899902057229,0.232302205695134,0.277001321010224,0.291919349125518),
 .UNSPECIFIED.);
#210=B_SPLINE_CURVE_WITH_KNOTS('',3,(#1262,#1263,#1264,#1265,#1266,#1267,
#1268,#1269,#1270,#1271),.UNSPECIFIED.,.F.,.F.,(4,2,2,2,4),(0.373973550308825,
0.412823853766169,0.457638068600304,0.49668768376365,0.497190591967968),
 .UNSPECIFIED.);
#211=B_SPLINE_CURVE_WITH_KNOTS('',3,(#1273,#1274,#1275,#1276),
 .UNSPECIFIED.,.F.,.F.,(4,4),(0.829813690976104,0.872535571841021),
 .UNSPECIFIED.);
#212=B_SPLINE_CURVE_WITH_KNOTS('',3,(#1278,#1279,#1280,#1281,#1282,#1283,
#1284,#1285,#1286,#1287,#1288,#1289,#1290,#1291,#1292,#1293,#1294,#1295,
#1296,#1297,#1298,#1299),.UNSPECIFIED.,.F.,.F.,(4,2,2,2,2,2,2,2,2,2,4),
(0.,0.0752432399076847,0.112864859861527,0.150486479815369,0.184310186387812,
0.218133892960255,0.251957599532698,0.285781306105141,0.323402926058983,
0.361024546012825,0.43626778592051),.UNSPECIFIED.);
#213=B_SPLINE_CURVE_WITH_KNOTS('',3,(#1301,#1302,#1303,#1304),
 .UNSPECIFIED.,.F.,.F.,(4,4),(0.436267788076608,0.478925642719167),
 .UNSPECIFIED.);
#214=B_SPLINE_CURVE_WITH_KNOTS('',3,(#1306,#1307,#1308,#1309,#1310,#1311,
#1312,#1313,#1314,#1315),.UNSPECIFIED.,.F.,.F.,(4,2,2,2,4),(0.168661966491112,
0.192899902057175,0.232302205695069,0.277001321010144,0.291919349125433),
 .UNSPECIFIED.);
#215=B_SPLINE_CURVE_WITH_KNOTS('',3,(#1323,#1324,#1325,#1326,#1327,#1328,
#1329,#1330,#1331,#1332),.UNSPECIFIED.,.F.,.F.,(4,2,2,2,4),(0.373973775619309,
0.411723857280326,0.456525282321496,0.495654887449332,0.497190332684553),
 .UNSPECIFIED.);
#216=B_SPLINE_CURVE_WITH_KNOTS('',3,(#1334,#1335,#1336,#1337),
 .UNSPECIFIED.,.F.,.F.,(4,4),(0.829813690976104,0.872535571841021),
 .UNSPECIFIED.);
#217=B_SPLINE_CURVE_WITH_KNOTS('',3,(#1339,#1340,#1341,#1342,#1343,#1344,
#1345,#1346,#1347,#1348,#1349,#1350,#1351,#1352,#1353,#1354,#1355,#1356,
#1357,#1358,#1359,#1360),.UNSPECIFIED.,.F.,.F.,(4,2,2,2,2,2,2,2,2,2,4),
(0.,0.0752432399076847,0.112864859861527,0.150486479815369,0.184310186387812,
0.218133892960255,0.251957599532698,0.285781306105141,0.323402926058983,
0.361024546012826,0.43626778592051),.UNSPECIFIED.);
#218=B_SPLINE_CURVE_WITH_KNOTS('',3,(#1362,#1363,#1364,#1365),
 .UNSPECIFIED.,.F.,.F.,(4,4),(0.436267788076608,0.478925642719167),
 .UNSPECIFIED.);
#219=B_SPLINE_CURVE_WITH_KNOTS('',3,(#1367,#1368,#1369,#1370,#1371,#1372,
#1373,#1374,#1375,#1376),.UNSPECIFIED.,.F.,.F.,(4,2,2,2,4),(0.168654734837394,
0.192428693464529,0.231085502511853,0.27460714474031,0.291903180315505),
 .UNSPECIFIED.);
#220=B_SPLINE_CURVE_WITH_KNOTS('',3,(#1384,#1385,#1386,#1387,#1388,#1389,
#1390,#1391,#1392,#1393,#1394,#1395,#1396,#1397,#1398,#1399,#1400,#1401,
#1402,#1403,#1404,#1405,#1406,#1407,#1408,#1409),.UNSPECIFIED.,.F.,.F.,
(4,2,2,2,2,2,2,2,2,2,2,2,4),(0.,0.0510691701167214,0.102138340233443,0.149705476797854,
0.189411125975461,0.229116775153068,0.268822424330675,0.308528073508282,
0.356095210072694,0.407164380189415,0.458233550306136,0.509302720422858,
0.514675539067688),.UNSPECIFIED.);
#221=B_SPLINE_CURVE_WITH_KNOTS('',3,(#1411,#1412,#1413,#1414,#1415,#1416),
 .UNSPECIFIED.,.F.,.F.,(4,2,4),(0.860074103833739,0.865397930495552,0.916467100612273),
 .UNSPECIFIED.);
#222=B_SPLINE_CURVE_WITH_KNOTS('',3,(#1424,#1425,#1426,#1427,#1428,#1429,
#1430,#1431,#1432,#1433),.UNSPECIFIED.,.F.,.F.,(4,2,2,2,4),(0.377689688551845,
0.399067049554339,0.434377043861903,0.473493290998835,0.499800699981463),
 .UNSPECIFIED.);
#223=B_SPLINE_CURVE_WITH_KNOTS('',3,(#1438,#1439,#1440,#1441,#1442,#1443,
#1444,#1445,#1446,#1447,#1448,#1449),.UNSPECIFIED.,.F.,.F.,(4,2,2,2,2,4),
(0.176952021100231,0.180746772870704,0.222421388393999,0.261613407379038,
0.297127222461088,0.298924728188202),.UNSPECIFIED.);
#224=B_SPLINE_CURVE_WITH_KNOTS('',3,(#1454,#1455,#1456,#1457,#1458,#1459,
#1460,#1461,#1462,#1463,#1464,#1465,#1466,#1467,#1468,#1469,#1470,#1471,
#1472,#1473,#1474,#1475,#1476,#1477,#1478,#1479),.UNSPECIFIED.,.F.,.F.,
(4,2,2,2,2,2,2,2,2,2,2,2,4),(0.,0.0510691701167211,0.102138340233442,0.149705476797855,
0.189411125975462,0.229116775153068,0.268822424330675,0.308528073508282,
0.356095210072695,0.407164380189416,0.458233550306138,0.50930272042286,
0.514675539067689),.UNSPECIFIED.);
#225=B_SPLINE_CURVE_WITH_KNOTS('',3,(#1481,#1482,#1483,#1484,#1485,#1486),
 .UNSPECIFIED.,.F.,.F.,(4,2,4),(0.86007410383374,0.865397930495556,0.916467100612277),
 .UNSPECIFIED.);
#226=B_SPLINE_CURVE_WITH_KNOTS('',3,(#1494,#1495,#1496,#1497,#1498,#1499,
#1500,#1501,#1502,#1503),.UNSPECIFIED.,.F.,.F.,(4,2,2,2,4),(0.377689688551799,
0.39906704955429,0.43437704386185,0.473493290998776,0.499800699981398),
 .UNSPECIFIED.);
#227=B_SPLINE_CURVE_WITH_KNOTS('',3,(#1508,#1509,#1510,#1511,#1512,#1513,
#1514,#1515,#1516,#1517,#1518,#1519),.UNSPECIFIED.,.F.,.F.,(4,2,2,2,2,4),
(0.176952021100235,0.180746772870707,0.222421388394001,0.261613407379039,
0.297127222461082,0.298924728188195),.UNSPECIFIED.);
#228=B_SPLINE_CURVE_WITH_KNOTS('',3,(#1524,#1525,#1526,#1527,#1528,#1529,
#1530,#1531,#1532,#1533,#1534,#1535,#1536,#1537,#1538,#1539,#1540,#1541,
#1542,#1543,#1544,#1545,#1546,#1547,#1548,#1549),.UNSPECIFIED.,.F.,.F.,
(4,2,2,2,2,2,2,2,2,2,2,2,4),(0.,0.0510691701167214,0.102138340233443,0.149705476797856,
0.189411125975462,0.229116775153069,0.268822424330676,0.308528073508283,
0.356095210072695,0.407164380189417,0.45823355030614,0.509302720422862,
0.514675539067692),.UNSPECIFIED.);
#229=B_SPLINE_CURVE_WITH_KNOTS('',3,(#1551,#1552,#1553,#1554,#1555,#1556),
 .UNSPECIFIED.,.F.,.F.,(4,2,4),(0.860074103833745,0.865397930495558,0.916467100612279),
 .UNSPECIFIED.);
#230=B_SPLINE_CURVE_WITH_KNOTS('',3,(#1564,#1565,#1566,#1567,#1568,#1569,
#1570,#1571,#1572,#1573),.UNSPECIFIED.,.F.,.F.,(4,2,2,2,4),(0.377689688551786,
0.39906704955428,0.434377043861843,0.473493290998775,0.499800699981532),
 .UNSPECIFIED.);
#231=B_SPLINE_CURVE_WITH_KNOTS('',3,(#1578,#1579,#1580,#1581,#1582,#1583,
#1584,#1585,#1586,#1587,#1588,#1589),.UNSPECIFIED.,.F.,.F.,(4,2,2,2,2,4),
(0.176952021100219,0.180746772870692,0.22242138839398,0.261613407379013,
0.297127222461062,0.298924728188177),.UNSPECIFIED.);
#232=B_SPLINE_CURVE_WITH_KNOTS('',3,(#1600,#1601,#1602,#1603,#1604,#1605,
#1606,#1607,#1608,#1609),.UNSPECIFIED.,.F.,.F.,(4,2,2,2,4),(0.377689688551843,
0.399067049554334,0.434377043861894,0.473493290998814,0.499800699981435),
 .UNSPECIFIED.);
#233=B_SPLINE_CURVE_WITH_KNOTS('',3,(#1659,#1660,#1661,#1662,#1663,#1664,
#1665,#1666,#1667,#1668),.UNSPECIFIED.,.F.,.F.,(4,2,2,2,4),(0.377689688551827,
0.399067049554315,0.434377043861876,0.473493290998794,0.499800698336696),
 .UNSPECIFIED.);
#234=B_SPLINE_CURVE_WITH_KNOTS('',3,(#1670,#1671,#1672,#1673,#1674,#1675),
 .UNSPECIFIED.,.F.,.F.,(4,2,4),(0.860074103833743,0.865397930495556,0.916467100612278),
 .UNSPECIFIED.);
#235=B_SPLINE_CURVE_WITH_KNOTS('',3,(#1677,#1678,#1679,#1680,#1681,#1682,
#1683,#1684,#1685,#1686,#1687,#1688,#1689,#1690,#1691,#1692,#1693,#1694,
#1695,#1696,#1697,#1698,#1699,#1700,#1701,#1702),.UNSPECIFIED.,.F.,.F.,
(4,2,2,2,2,2,2,2,2,2,2,2,4),(0.,0.0510691701167214,0.102138340233443,0.149705476797856,
0.189411125975462,0.229116775153069,0.268822424330676,0.308528073508283,
0.356095210072696,0.407164380189417,0.458233550306139,0.50930272042286,
0.514675539067691),.UNSPECIFIED.);
#236=B_SPLINE_CURVE_WITH_KNOTS('',3,(#1704,#1705,#1706,#1707,#1708,#1709,
#1710,#1711,#1712,#1713,#1714,#1715),.UNSPECIFIED.,.F.,.F.,(4,2,2,2,2,4),
(0.176952022738439,0.180746772870675,0.222421388393964,0.261613407379002,
0.297127222461052,0.298924728188166),.UNSPECIFIED.);
#237=B_SPLINE_CURVE_WITH_KNOTS('',3,(#1718,#1719,#1720,#1721,#1722,#1723),
 .UNSPECIFIED.,.F.,.F.,(4,2,4),(0.860074103833742,0.865397930495556,0.916467100612277),
 .UNSPECIFIED.);
#238=B_SPLINE_CURVE_WITH_KNOTS('',3,(#1724,#1725,#1726,#1727,#1728,#1729,
#1730,#1731,#1732,#1733,#1734,#1735,#1736,#1737,#1738,#1739,#1740,#1741,
#1742,#1743,#1744,#1745,#1746,#1747,#1748,#1749),.UNSPECIFIED.,.F.,.F.,
(4,2,2,2,2,2,2,2,2,2,2,2,4),(0.,0.0510691701167215,0.102138340233443,0.149705476797856,
0.189411125975462,0.229116775153069,0.268822424330676,0.308528073508283,
0.356095210072695,0.407164380189417,0.458233550306139,0.50930272042286,
0.514675539067691),.UNSPECIFIED.);
#239=VERTEX_POINT('',#1055);
#240=VERTEX_POINT('',#1056);
#241=VERTEX_POINT('',#1069);
#242=VERTEX_POINT('',#1071);
#243=VERTEX_POINT('',#1084);
#244=VERTEX_POINT('',#1089);
#245=VERTEX_POINT('',#1112);
#246=VERTEX_POINT('',#1117);
#247=VERTEX_POINT('',#1128);
#248=VERTEX_POINT('',#1130);
#249=VERTEX_POINT('',#1132);
#250=VERTEX_POINT('',#1134);
#251=VERTEX_POINT('',#1145);
#252=VERTEX_POINT('',#1150);
#253=VERTEX_POINT('',#1173);
#254=VERTEX_POINT('',#1178);
#255=VERTEX_POINT('',#1189);
#256=VERTEX_POINT('',#1191);
#257=VERTEX_POINT('',#1193);
#258=VERTEX_POINT('',#1196);
#259=VERTEX_POINT('',#1198);
#260=VERTEX_POINT('',#1200);
#261=VERTEX_POINT('',#1211);
#262=VERTEX_POINT('',#1216);
#263=VERTEX_POINT('',#1239);
#264=VERTEX_POINT('',#1244);
#265=VERTEX_POINT('',#1255);
#266=VERTEX_POINT('',#1257);
#267=VERTEX_POINT('',#1259);
#268=VERTEX_POINT('',#1261);
#269=VERTEX_POINT('',#1272);
#270=VERTEX_POINT('',#1277);
#271=VERTEX_POINT('',#1300);
#272=VERTEX_POINT('',#1305);
#273=VERTEX_POINT('',#1316);
#274=VERTEX_POINT('',#1318);
#275=VERTEX_POINT('',#1320);
#276=VERTEX_POINT('',#1322);
#277=VERTEX_POINT('',#1333);
#278=VERTEX_POINT('',#1338);
#279=VERTEX_POINT('',#1361);
#280=VERTEX_POINT('',#1366);
#281=VERTEX_POINT('',#1377);
#282=VERTEX_POINT('',#1379);
#283=VERTEX_POINT('',#1383);
#284=VERTEX_POINT('',#1410);
#285=VERTEX_POINT('',#1418);
#286=VERTEX_POINT('',#1420);
#287=VERTEX_POINT('',#1423);
#288=VERTEX_POINT('',#1436);
#289=VERTEX_POINT('',#1437);
#290=VERTEX_POINT('',#1453);
#291=VERTEX_POINT('',#1480);
#292=VERTEX_POINT('',#1488);
#293=VERTEX_POINT('',#1490);
#294=VERTEX_POINT('',#1493);
#295=VERTEX_POINT('',#1506);
#296=VERTEX_POINT('',#1507);
#297=VERTEX_POINT('',#1523);
#298=VERTEX_POINT('',#1550);
#299=VERTEX_POINT('',#1558);
#300=VERTEX_POINT('',#1560);
#301=VERTEX_POINT('',#1563);
#302=VERTEX_POINT('',#1576);
#303=VERTEX_POINT('',#1577);
#304=VERTEX_POINT('',#1593);
#305=VERTEX_POINT('',#1597);
#306=VERTEX_POINT('',#1599);
#307=VERTEX_POINT('',#1612);
#308=VERTEX_POINT('',#1616);
#309=VERTEX_POINT('',#1620);
#310=VERTEX_POINT('',#1624);
#311=VERTEX_POINT('',#1628);
#312=VERTEX_POINT('',#1632);
#313=VERTEX_POINT('',#1636);
#314=VERTEX_POINT('',#1640);
#315=VERTEX_POINT('',#1646);
#316=VERTEX_POINT('',#1650);
#317=VERTEX_POINT('',#1656);
#318=VERTEX_POINT('',#1658);
#319=VERTEX_POINT('',#1669);
#320=VERTEX_POINT('',#1676);
#321=VERTEX_POINT('',#1703);
#322=VERTEX_POINT('',#1717);
#323=VERTEX_POINT('',#1750);
#324=VERTEX_POINT('',#1754);
#325=VERTEX_POINT('',#1756);
#326=VERTEX_POINT('',#1767);
#327=VERTEX_POINT('',#1769);
#328=EDGE_CURVE('',#239,#240,#194,.T.);
#329=EDGE_CURVE('',#240,#241,#150,.T.);
#330=EDGE_CURVE('',#241,#242,#195,.T.);
#331=EDGE_CURVE('',#242,#239,#151,.T.);
#332=EDGE_CURVE('',#241,#243,#196,.T.);
#333=EDGE_CURVE('',#243,#244,#197,.T.);
#334=EDGE_CURVE('',#244,#245,#198,.T.);
#335=EDGE_CURVE('',#246,#245,#199,.T.);
#336=EDGE_CURVE('',#246,#247,#61,.T.);
#337=EDGE_CURVE('',#247,#248,#152,.T.);
#338=EDGE_CURVE('',#248,#249,#62,.T.);
#339=EDGE_CURVE('',#250,#249,#200,.T.);
#340=EDGE_CURVE('',#250,#251,#201,.T.);
#341=EDGE_CURVE('',#251,#252,#202,.T.);
#342=EDGE_CURVE('',#252,#253,#203,.T.);
#343=EDGE_CURVE('',#254,#253,#204,.T.);
#344=EDGE_CURVE('',#254,#255,#63,.T.);
#345=EDGE_CURVE('',#255,#256,#153,.T.);
#346=EDGE_CURVE('',#256,#257,#37,.T.);
#347=EDGE_CURVE('',#257,#257,#154,.T.);
#348=EDGE_CURVE('',#256,#258,#155,.T.);
#349=EDGE_CURVE('',#258,#259,#64,.T.);
#350=EDGE_CURVE('',#260,#259,#205,.T.);
#351=EDGE_CURVE('',#260,#261,#206,.T.);
#352=EDGE_CURVE('',#261,#262,#207,.T.);
#353=EDGE_CURVE('',#262,#263,#208,.T.);
#354=EDGE_CURVE('',#264,#263,#209,.T.);
#355=EDGE_CURVE('',#264,#265,#65,.T.);
#356=EDGE_CURVE('',#265,#266,#156,.T.);
#357=EDGE_CURVE('',#266,#267,#66,.T.);
#358=EDGE_CURVE('',#268,#267,#210,.T.);
#359=EDGE_CURVE('',#268,#269,#211,.T.);
#360=EDGE_CURVE('',#269,#270,#212,.T.);
#361=EDGE_CURVE('',#270,#271,#213,.T.);
#362=EDGE_CURVE('',#272,#271,#214,.T.);
#363=EDGE_CURVE('',#272,#273,#67,.T.);
#364=EDGE_CURVE('',#273,#274,#157,.T.);
#365=EDGE_CURVE('',#274,#275,#68,.T.);
#366=EDGE_CURVE('',#276,#275,#215,.T.);
#367=EDGE_CURVE('',#276,#277,#216,.T.);
#368=EDGE_CURVE('',#277,#278,#217,.T.);
#369=EDGE_CURVE('',#278,#279,#218,.T.);
#370=EDGE_CURVE('',#280,#279,#219,.T.);
#371=EDGE_CURVE('',#280,#281,#69,.T.);
#372=EDGE_CURVE('',#281,#282,#158,.T.);
#373=EDGE_CURVE('',#282,#242,#70,.T.);
#374=EDGE_CURVE('',#283,#240,#220,.T.);
#375=EDGE_CURVE('',#284,#283,#221,.T.);
#376=EDGE_CURVE('',#245,#284,#159,.T.);
#377=EDGE_CURVE('',#244,#285,#160,.T.);
#378=EDGE_CURVE('',#286,#243,#161,.T.);
#379=EDGE_CURVE('',#284,#287,#222,.T.);
#380=EDGE_CURVE('',#287,#246,#162,.T.);
#381=EDGE_CURVE('',#288,#289,#223,.T.);
#382=EDGE_CURVE('',#289,#250,#163,.T.);
#383=EDGE_CURVE('',#249,#288,#164,.T.);
#384=EDGE_CURVE('',#290,#289,#224,.T.);
#385=EDGE_CURVE('',#291,#290,#225,.T.);
#386=EDGE_CURVE('',#253,#291,#165,.T.);
#387=EDGE_CURVE('',#252,#292,#166,.T.);
#388=EDGE_CURVE('',#293,#251,#167,.T.);
#389=EDGE_CURVE('',#291,#294,#226,.T.);
#390=EDGE_CURVE('',#294,#254,#168,.T.);
#391=EDGE_CURVE('',#295,#296,#227,.T.);
#392=EDGE_CURVE('',#296,#260,#169,.T.);
#393=EDGE_CURVE('',#259,#295,#170,.T.);
#394=EDGE_CURVE('',#297,#296,#228,.T.);
#395=EDGE_CURVE('',#298,#297,#229,.T.);
#396=EDGE_CURVE('',#263,#298,#171,.T.);
#397=EDGE_CURVE('',#262,#299,#172,.T.);
#398=EDGE_CURVE('',#300,#261,#173,.T.);
#399=EDGE_CURVE('',#298,#301,#230,.T.);
#400=EDGE_CURVE('',#301,#264,#174,.T.);
#401=EDGE_CURVE('',#302,#303,#231,.T.);
#402=EDGE_CURVE('',#303,#268,#175,.T.);
#403=EDGE_CURVE('',#267,#302,#176,.T.);
#404=EDGE_CURVE('',#304,#266,#38,.T.);
#405=EDGE_CURVE('',#302,#304,#71,.T.);
#406=EDGE_CURVE('',#271,#305,#177,.T.);
#407=EDGE_CURVE('',#305,#306,#232,.T.);
#408=EDGE_CURVE('',#306,#272,#178,.T.);
#409=EDGE_CURVE('',#307,#306,#72,.T.);
#410=EDGE_CURVE('',#273,#307,#39,.T.);
#411=EDGE_CURVE('',#308,#287,#73,.T.);
#412=EDGE_CURVE('',#247,#308,#40,.T.);
#413=EDGE_CURVE('',#309,#282,#41,.T.);
#414=EDGE_CURVE('',#239,#309,#74,.T.);
#415=EDGE_CURVE('',#310,#294,#75,.T.);
#416=EDGE_CURVE('',#255,#310,#42,.T.);
#417=EDGE_CURVE('',#311,#248,#43,.T.);
#418=EDGE_CURVE('',#288,#311,#76,.T.);
#419=EDGE_CURVE('',#312,#258,#44,.T.);
#420=EDGE_CURVE('',#295,#312,#77,.T.);
#421=EDGE_CURVE('',#313,#301,#78,.T.);
#422=EDGE_CURVE('',#265,#313,#45,.T.);
#423=EDGE_CURVE('',#307,#314,#179,.T.);
#424=EDGE_CURVE('',#314,#274,#46,.T.);
#425=EDGE_CURVE('',#313,#304,#180,.T.);
#426=EDGE_CURVE('',#310,#315,#181,.T.);
#427=EDGE_CURVE('',#315,#312,#182,.T.);
#428=EDGE_CURVE('',#281,#316,#47,.T.);
#429=EDGE_CURVE('',#316,#309,#183,.T.);
#430=EDGE_CURVE('',#308,#311,#184,.T.);
#431=EDGE_CURVE('',#316,#317,#79,.T.);
#432=EDGE_CURVE('',#318,#317,#233,.T.);
#433=EDGE_CURVE('',#318,#319,#234,.T.);
#434=EDGE_CURVE('',#319,#320,#235,.T.);
#435=EDGE_CURVE('',#321,#320,#236,.T.);
#436=EDGE_CURVE('',#321,#314,#80,.T.);
#437=EDGE_CURVE('',#305,#322,#237,.T.);
#438=EDGE_CURVE('',#322,#303,#238,.T.);
#439=EDGE_CURVE('',#315,#323,#48,.T.);
#440=EDGE_CURVE('',#323,#323,#185,.T.);
#441=EDGE_CURVE('',#270,#324,#186,.T.);
#442=EDGE_CURVE('',#325,#269,#187,.T.);
#443=EDGE_CURVE('',#320,#276,#188,.T.);
#444=EDGE_CURVE('',#275,#321,#189,.T.);
#445=EDGE_CURVE('',#279,#318,#190,.T.);
#446=EDGE_CURVE('',#317,#280,#191,.T.);
#447=EDGE_CURVE('',#278,#326,#192,.T.);
#448=EDGE_CURVE('',#327,#277,#193,.T.);
#449=ORIENTED_EDGE('',*,*,#328,.T.);
#450=ORIENTED_EDGE('',*,*,#329,.T.);
#451=ORIENTED_EDGE('',*,*,#330,.T.);
#452=ORIENTED_EDGE('',*,*,#331,.T.);
#453=ORIENTED_EDGE('',*,*,#330,.F.);
#454=ORIENTED_EDGE('',*,*,#332,.T.);
#455=ORIENTED_EDGE('',*,*,#333,.T.);
#456=ORIENTED_EDGE('',*,*,#334,.T.);
#457=ORIENTED_EDGE('',*,*,#335,.F.);
#458=ORIENTED_EDGE('',*,*,#336,.T.);
#459=ORIENTED_EDGE('',*,*,#337,.T.);
#460=ORIENTED_EDGE('',*,*,#338,.T.);
#461=ORIENTED_EDGE('',*,*,#339,.F.);
#462=ORIENTED_EDGE('',*,*,#340,.T.);
#463=ORIENTED_EDGE('',*,*,#341,.T.);
#464=ORIENTED_EDGE('',*,*,#342,.T.);
#465=ORIENTED_EDGE('',*,*,#343,.F.);
#466=ORIENTED_EDGE('',*,*,#344,.T.);
#467=ORIENTED_EDGE('',*,*,#345,.T.);
#468=ORIENTED_EDGE('',*,*,#346,.T.);
#469=ORIENTED_EDGE('',*,*,#347,.F.);
#470=ORIENTED_EDGE('',*,*,#346,.F.);
#471=ORIENTED_EDGE('',*,*,#348,.T.);
#472=ORIENTED_EDGE('',*,*,#349,.T.);
#473=ORIENTED_EDGE('',*,*,#350,.F.);
#474=ORIENTED_EDGE('',*,*,#351,.T.);
#475=ORIENTED_EDGE('',*,*,#352,.T.);
#476=ORIENTED_EDGE('',*,*,#353,.T.);
#477=ORIENTED_EDGE('',*,*,#354,.F.);
#478=ORIENTED_EDGE('',*,*,#355,.T.);
#479=ORIENTED_EDGE('',*,*,#356,.T.);
#480=ORIENTED_EDGE('',*,*,#357,.T.);
#481=ORIENTED_EDGE('',*,*,#358,.F.);
#482=ORIENTED_EDGE('',*,*,#359,.T.);
#483=ORIENTED_EDGE('',*,*,#360,.T.);
#484=ORIENTED_EDGE('',*,*,#361,.T.);
#485=ORIENTED_EDGE('',*,*,#362,.F.);
#486=ORIENTED_EDGE('',*,*,#363,.T.);
#487=ORIENTED_EDGE('',*,*,#364,.T.);
#488=ORIENTED_EDGE('',*,*,#365,.T.);
#489=ORIENTED_EDGE('',*,*,#366,.F.);
#490=ORIENTED_EDGE('',*,*,#367,.T.);
#491=ORIENTED_EDGE('',*,*,#368,.T.);
#492=ORIENTED_EDGE('',*,*,#369,.T.);
#493=ORIENTED_EDGE('',*,*,#370,.F.);
#494=ORIENTED_EDGE('',*,*,#371,.T.);
#495=ORIENTED_EDGE('',*,*,#372,.T.);
#496=ORIENTED_EDGE('',*,*,#373,.T.);
#497=ORIENTED_EDGE('',*,*,#329,.F.);
#498=ORIENTED_EDGE('',*,*,#374,.F.);
#499=ORIENTED_EDGE('',*,*,#375,.F.);
#500=ORIENTED_EDGE('',*,*,#376,.F.);
#501=ORIENTED_EDGE('',*,*,#334,.F.);
#502=ORIENTED_EDGE('',*,*,#377,.T.);
#503=ORIENTED_EDGE('',*,*,#377,.F.);
#504=ORIENTED_EDGE('',*,*,#333,.F.);
#505=ORIENTED_EDGE('',*,*,#378,.F.);
#506=ORIENTED_EDGE('',*,*,#378,.T.);
#507=ORIENTED_EDGE('',*,*,#332,.F.);
#508=ORIENTED_EDGE('',*,*,#335,.T.);
#509=ORIENTED_EDGE('',*,*,#376,.T.);
#510=ORIENTED_EDGE('',*,*,#379,.T.);
#511=ORIENTED_EDGE('',*,*,#380,.T.);
#512=ORIENTED_EDGE('',*,*,#381,.T.);
#513=ORIENTED_EDGE('',*,*,#382,.T.);
#514=ORIENTED_EDGE('',*,*,#339,.T.);
#515=ORIENTED_EDGE('',*,*,#383,.T.);
#516=ORIENTED_EDGE('',*,*,#382,.F.);
#517=ORIENTED_EDGE('',*,*,#384,.F.);
#518=ORIENTED_EDGE('',*,*,#385,.F.);
#519=ORIENTED_EDGE('',*,*,#386,.F.);
#520=ORIENTED_EDGE('',*,*,#342,.F.);
#521=ORIENTED_EDGE('',*,*,#387,.T.);
#522=ORIENTED_EDGE('',*,*,#387,.F.);
#523=ORIENTED_EDGE('',*,*,#341,.F.);
#524=ORIENTED_EDGE('',*,*,#388,.F.);
#525=ORIENTED_EDGE('',*,*,#388,.T.);
#526=ORIENTED_EDGE('',*,*,#340,.F.);
#527=ORIENTED_EDGE('',*,*,#343,.T.);
#528=ORIENTED_EDGE('',*,*,#386,.T.);
#529=ORIENTED_EDGE('',*,*,#389,.T.);
#530=ORIENTED_EDGE('',*,*,#390,.T.);
#531=ORIENTED_EDGE('',*,*,#391,.T.);
#532=ORIENTED_EDGE('',*,*,#392,.T.);
#533=ORIENTED_EDGE('',*,*,#350,.T.);
#534=ORIENTED_EDGE('',*,*,#393,.T.);
#535=ORIENTED_EDGE('',*,*,#392,.F.);
#536=ORIENTED_EDGE('',*,*,#394,.F.);
#537=ORIENTED_EDGE('',*,*,#395,.F.);
#538=ORIENTED_EDGE('',*,*,#396,.F.);
#539=ORIENTED_EDGE('',*,*,#353,.F.);
#540=ORIENTED_EDGE('',*,*,#397,.T.);
#541=ORIENTED_EDGE('',*,*,#397,.F.);
#542=ORIENTED_EDGE('',*,*,#352,.F.);
#543=ORIENTED_EDGE('',*,*,#398,.F.);
#544=ORIENTED_EDGE('',*,*,#398,.T.);
#545=ORIENTED_EDGE('',*,*,#351,.F.);
#546=ORIENTED_EDGE('',*,*,#354,.T.);
#547=ORIENTED_EDGE('',*,*,#396,.T.);
#548=ORIENTED_EDGE('',*,*,#399,.T.);
#549=ORIENTED_EDGE('',*,*,#400,.T.);
#550=ORIENTED_EDGE('',*,*,#401,.T.);
#551=ORIENTED_EDGE('',*,*,#402,.T.);
#552=ORIENTED_EDGE('',*,*,#358,.T.);
#553=ORIENTED_EDGE('',*,*,#403,.T.);
#554=ORIENTED_EDGE('',*,*,#403,.F.);
#555=ORIENTED_EDGE('',*,*,#357,.F.);
#556=ORIENTED_EDGE('',*,*,#404,.F.);
#557=ORIENTED_EDGE('',*,*,#405,.F.);
#558=ORIENTED_EDGE('',*,*,#362,.T.);
#559=ORIENTED_EDGE('',*,*,#406,.T.);
#560=ORIENTED_EDGE('',*,*,#407,.T.);
#561=ORIENTED_EDGE('',*,*,#408,.T.);
#562=ORIENTED_EDGE('',*,*,#408,.F.);
#563=ORIENTED_EDGE('',*,*,#409,.F.);
#564=ORIENTED_EDGE('',*,*,#410,.F.);
#565=ORIENTED_EDGE('',*,*,#363,.F.);
#566=ORIENTED_EDGE('',*,*,#380,.F.);
#567=ORIENTED_EDGE('',*,*,#411,.F.);
#568=ORIENTED_EDGE('',*,*,#412,.F.);
#569=ORIENTED_EDGE('',*,*,#336,.F.);
#570=ORIENTED_EDGE('',*,*,#331,.F.);
#571=ORIENTED_EDGE('',*,*,#373,.F.);
#572=ORIENTED_EDGE('',*,*,#413,.F.);
#573=ORIENTED_EDGE('',*,*,#414,.F.);
#574=ORIENTED_EDGE('',*,*,#390,.F.);
#575=ORIENTED_EDGE('',*,*,#415,.F.);
#576=ORIENTED_EDGE('',*,*,#416,.F.);
#577=ORIENTED_EDGE('',*,*,#344,.F.);
#578=ORIENTED_EDGE('',*,*,#383,.F.);
#579=ORIENTED_EDGE('',*,*,#338,.F.);
#580=ORIENTED_EDGE('',*,*,#417,.F.);
#581=ORIENTED_EDGE('',*,*,#418,.F.);
#582=ORIENTED_EDGE('',*,*,#393,.F.);
#583=ORIENTED_EDGE('',*,*,#349,.F.);
#584=ORIENTED_EDGE('',*,*,#419,.F.);
#585=ORIENTED_EDGE('',*,*,#420,.F.);
#586=ORIENTED_EDGE('',*,*,#400,.F.);
#587=ORIENTED_EDGE('',*,*,#421,.F.);
#588=ORIENTED_EDGE('',*,*,#422,.F.);
#589=ORIENTED_EDGE('',*,*,#355,.F.);
#590=ORIENTED_EDGE('',*,*,#410,.T.);
#591=ORIENTED_EDGE('',*,*,#423,.T.);
#592=ORIENTED_EDGE('',*,*,#424,.T.);
#593=ORIENTED_EDGE('',*,*,#364,.F.);
#594=ORIENTED_EDGE('',*,*,#422,.T.);
#595=ORIENTED_EDGE('',*,*,#425,.T.);
#596=ORIENTED_EDGE('',*,*,#404,.T.);
#597=ORIENTED_EDGE('',*,*,#356,.F.);
#598=ORIENTED_EDGE('',*,*,#416,.T.);
#599=ORIENTED_EDGE('',*,*,#426,.T.);
#600=ORIENTED_EDGE('',*,*,#427,.T.);
#601=ORIENTED_EDGE('',*,*,#419,.T.);
#602=ORIENTED_EDGE('',*,*,#348,.F.);
#603=ORIENTED_EDGE('',*,*,#345,.F.);
#604=ORIENTED_EDGE('',*,*,#413,.T.);
#605=ORIENTED_EDGE('',*,*,#372,.F.);
#606=ORIENTED_EDGE('',*,*,#428,.T.);
#607=ORIENTED_EDGE('',*,*,#429,.T.);
#608=ORIENTED_EDGE('',*,*,#412,.T.);
#609=ORIENTED_EDGE('',*,*,#430,.T.);
#610=ORIENTED_EDGE('',*,*,#417,.T.);
#611=ORIENTED_EDGE('',*,*,#337,.F.);
#612=ORIENTED_EDGE('',*,*,#328,.F.);
#613=ORIENTED_EDGE('',*,*,#414,.T.);
#614=ORIENTED_EDGE('',*,*,#429,.F.);
#615=ORIENTED_EDGE('',*,*,#431,.T.);
#616=ORIENTED_EDGE('',*,*,#432,.F.);
#617=ORIENTED_EDGE('',*,*,#433,.T.);
#618=ORIENTED_EDGE('',*,*,#434,.T.);
#619=ORIENTED_EDGE('',*,*,#435,.F.);
#620=ORIENTED_EDGE('',*,*,#436,.T.);
#621=ORIENTED_EDGE('',*,*,#423,.F.);
#622=ORIENTED_EDGE('',*,*,#409,.T.);
#623=ORIENTED_EDGE('',*,*,#407,.F.);
#624=ORIENTED_EDGE('',*,*,#437,.T.);
#625=ORIENTED_EDGE('',*,*,#438,.T.);
#626=ORIENTED_EDGE('',*,*,#401,.F.);
#627=ORIENTED_EDGE('',*,*,#405,.T.);
#628=ORIENTED_EDGE('',*,*,#425,.F.);
#629=ORIENTED_EDGE('',*,*,#421,.T.);
#630=ORIENTED_EDGE('',*,*,#399,.F.);
#631=ORIENTED_EDGE('',*,*,#395,.T.);
#632=ORIENTED_EDGE('',*,*,#394,.T.);
#633=ORIENTED_EDGE('',*,*,#391,.F.);
#634=ORIENTED_EDGE('',*,*,#420,.T.);
#635=ORIENTED_EDGE('',*,*,#427,.F.);
#636=ORIENTED_EDGE('',*,*,#439,.T.);
#637=ORIENTED_EDGE('',*,*,#440,.T.);
#638=ORIENTED_EDGE('',*,*,#439,.F.);
#639=ORIENTED_EDGE('',*,*,#426,.F.);
#640=ORIENTED_EDGE('',*,*,#415,.T.);
#641=ORIENTED_EDGE('',*,*,#389,.F.);
#642=ORIENTED_EDGE('',*,*,#385,.T.);
#643=ORIENTED_EDGE('',*,*,#384,.T.);
#644=ORIENTED_EDGE('',*,*,#381,.F.);
#645=ORIENTED_EDGE('',*,*,#418,.T.);
#646=ORIENTED_EDGE('',*,*,#430,.F.);
#647=ORIENTED_EDGE('',*,*,#411,.T.);
#648=ORIENTED_EDGE('',*,*,#379,.F.);
#649=ORIENTED_EDGE('',*,*,#375,.T.);
#650=ORIENTED_EDGE('',*,*,#374,.T.);
#651=ORIENTED_EDGE('',*,*,#402,.F.);
#652=ORIENTED_EDGE('',*,*,#438,.F.);
#653=ORIENTED_EDGE('',*,*,#437,.F.);
#654=ORIENTED_EDGE('',*,*,#406,.F.);
#655=ORIENTED_EDGE('',*,*,#361,.F.);
#656=ORIENTED_EDGE('',*,*,#441,.T.);
#657=ORIENTED_EDGE('',*,*,#441,.F.);
#658=ORIENTED_EDGE('',*,*,#360,.F.);
#659=ORIENTED_EDGE('',*,*,#442,.F.);
#660=ORIENTED_EDGE('',*,*,#442,.T.);
#661=ORIENTED_EDGE('',*,*,#359,.F.);
#662=ORIENTED_EDGE('',*,*,#435,.T.);
#663=ORIENTED_EDGE('',*,*,#443,.T.);
#664=ORIENTED_EDGE('',*,*,#366,.T.);
#665=ORIENTED_EDGE('',*,*,#444,.T.);
#666=ORIENTED_EDGE('',*,*,#444,.F.);
#667=ORIENTED_EDGE('',*,*,#365,.F.);
#668=ORIENTED_EDGE('',*,*,#424,.F.);
#669=ORIENTED_EDGE('',*,*,#436,.F.);
#670=ORIENTED_EDGE('',*,*,#370,.T.);
#671=ORIENTED_EDGE('',*,*,#445,.T.);
#672=ORIENTED_EDGE('',*,*,#432,.T.);
#673=ORIENTED_EDGE('',*,*,#446,.T.);
#674=ORIENTED_EDGE('',*,*,#446,.F.);
#675=ORIENTED_EDGE('',*,*,#431,.F.);
#676=ORIENTED_EDGE('',*,*,#428,.F.);
#677=ORIENTED_EDGE('',*,*,#371,.F.);
#678=ORIENTED_EDGE('',*,*,#443,.F.);
#679=ORIENTED_EDGE('',*,*,#434,.F.);
#680=ORIENTED_EDGE('',*,*,#433,.F.);
#681=ORIENTED_EDGE('',*,*,#445,.F.);
#682=ORIENTED_EDGE('',*,*,#369,.F.);
#683=ORIENTED_EDGE('',*,*,#447,.T.);
#684=ORIENTED_EDGE('',*,*,#447,.F.);
#685=ORIENTED_EDGE('',*,*,#368,.F.);
#686=ORIENTED_EDGE('',*,*,#448,.F.);
#687=ORIENTED_EDGE('',*,*,#448,.T.);
#688=ORIENTED_EDGE('',*,*,#367,.F.);
#689=ORIENTED_EDGE('',*,*,#440,.F.);
#690=ORIENTED_EDGE('',*,*,#347,.T.);
#691=TOROIDAL_SURFACE('',#748,2.40037417703998,1.);
#692=TOROIDAL_SURFACE('',#773,2.39962514024356,1.);
#693=TOROIDAL_SURFACE('',#775,2.40037417703998,1.);
#694=TOROIDAL_SURFACE('',#782,2.39962514024356,1.);
#695=TOROIDAL_SURFACE('',#784,2.40037417703998,1.);
#696=TOROIDAL_SURFACE('',#791,2.39962514024355,1.);
#697=TOROIDAL_SURFACE('',#793,2.40037417703998,1.);
#698=TOROIDAL_SURFACE('',#798,2.39962514024356,1.);
#699=TOROIDAL_SURFACE('',#833,2.40037417703998,1.);
#700=TOROIDAL_SURFACE('',#837,2.39962514024356,1.);
#701=ADVANCED_FACE('',(#83),#691,.T.);
#702=ADVANCED_FACE('',(#84),#81,.F.);
#703=ADVANCED_FACE('',(#85),#32,.F.);
#704=ADVANCED_FACE('',(#86),#692,.T.);
#705=ADVANCED_FACE('',(#87),#693,.T.);
#706=ADVANCED_FACE('',(#88),#33,.F.);
#707=ADVANCED_FACE('',(#89),#694,.T.);
#708=ADVANCED_FACE('',(#90),#695,.T.);
#709=ADVANCED_FACE('',(#91),#34,.F.);
#710=ADVANCED_FACE('',(#92),#696,.T.);
#711=ADVANCED_FACE('',(#93),#697,.T.);
#712=ADVANCED_FACE('',(#94),#16,.F.);
#713=ADVANCED_FACE('',(#95),#698,.T.);
#714=ADVANCED_FACE('',(#96),#17,.F.);
#715=ADVANCED_FACE('',(#97),#18,.F.);
#716=ADVANCED_FACE('',(#98),#19,.F.);
#717=ADVANCED_FACE('',(#99),#20,.F.);
#718=ADVANCED_FACE('',(#100),#21,.F.);
#719=ADVANCED_FACE('',(#101),#22,.F.);
#720=ADVANCED_FACE('',(#102),#23,.F.);
#721=ADVANCED_FACE('',(#103),#24,.T.);
#722=ADVANCED_FACE('',(#104),#25,.T.);
#723=ADVANCED_FACE('',(#105),#26,.T.);
#724=ADVANCED_FACE('',(#106),#27,.T.);
#725=ADVANCED_FACE('',(#107),#28,.T.);
#726=ADVANCED_FACE('',(#108),#82,.T.);
#727=ADVANCED_FACE('',(#109),#35,.F.);
#728=ADVANCED_FACE('',(#110),#699,.T.);
#729=ADVANCED_FACE('',(#111),#29,.F.);
#730=ADVANCED_FACE('',(#112),#700,.T.);
#731=ADVANCED_FACE('',(#113),#30,.F.);
#732=ADVANCED_FACE('',(#114),#36,.F.);
#733=ADVANCED_FACE('',(#115,#15),#31,.T.);
#734=CLOSED_SHELL('',(#701,#702,#703,#704,#705,#706,#707,#708,#709,#710,
#711,#712,#713,#714,#715,#716,#717,#718,#719,#720,#721,#722,#723,#724,#725,
#726,#727,#728,#729,#730,#731,#732,#733));
#735=DERIVED_UNIT_ELEMENT(#737,1.);
#736=DERIVED_UNIT_ELEMENT(#1777,-3.);
#737=(
MASS_UNIT()
NAMED_UNIT(*)
SI_UNIT(.KILO.,.GRAM.)
);
#738=DERIVED_UNIT((#735,#736));
#739=MEASURE_REPRESENTATION_ITEM('density measure',
POSITIVE_RATIO_MEASURE(7850.),#738);
#740=PROPERTY_DEFINITION_REPRESENTATION(#745,#742);
#741=PROPERTY_DEFINITION_REPRESENTATION(#746,#743);
#742=REPRESENTATION('material name',(#744),#1774);
#743=REPRESENTATION('density',(#739),#1774);
#744=DESCRIPTIVE_REPRESENTATION_ITEM('\X2\94A2\X0\','\X2\94A2\X0\');
#745=PROPERTY_DEFINITION('material property','material name',#1784);
#746=PROPERTY_DEFINITION('material property','density of part',#1784);
#747=AXIS2_PLACEMENT_3D('',#1053,#845,#846);
#748=AXIS2_PLACEMENT_3D('',#1054,#847,#848);
#749=AXIS2_PLACEMENT_3D('',#1070,#849,#850);
#750=AXIS2_PLACEMENT_3D('',#1082,#851,#852);
#751=AXIS2_PLACEMENT_3D('',#1083,#853,#854);
#752=AXIS2_PLACEMENT_3D('',#1129,#855,#856);
#753=AXIS2_PLACEMENT_3D('',#1131,#857,#858);
#754=AXIS2_PLACEMENT_3D('',#1133,#859,#860);
#755=AXIS2_PLACEMENT_3D('',#1190,#861,#862);
#756=AXIS2_PLACEMENT_3D('',#1192,#863,#864);
#757=AXIS2_PLACEMENT_3D('',#1195,#866,#867);
#758=AXIS2_PLACEMENT_3D('',#1197,#868,#869);
#759=AXIS2_PLACEMENT_3D('',#1199,#870,#871);
#760=AXIS2_PLACEMENT_3D('',#1256,#872,#873);
#761=AXIS2_PLACEMENT_3D('',#1258,#874,#875);
#762=AXIS2_PLACEMENT_3D('',#1260,#876,#877);
#763=AXIS2_PLACEMENT_3D('',#1317,#878,#879);
#764=AXIS2_PLACEMENT_3D('',#1319,#880,#881);
#765=AXIS2_PLACEMENT_3D('',#1321,#882,#883);
#766=AXIS2_PLACEMENT_3D('',#1378,#884,#885);
#767=AXIS2_PLACEMENT_3D('',#1380,#886,#887);
#768=AXIS2_PLACEMENT_3D('',#1381,#888,#889);
#769=AXIS2_PLACEMENT_3D('',#1382,#890,#891);
#770=AXIS2_PLACEMENT_3D('',#1417,#892,#893);
#771=AXIS2_PLACEMENT_3D('',#1419,#894,#895);
#772=AXIS2_PLACEMENT_3D('',#1421,#896,#897);
#773=AXIS2_PLACEMENT_3D('',#1422,#898,#899);
#774=AXIS2_PLACEMENT_3D('',#1434,#900,#901);
#775=AXIS2_PLACEMENT_3D('',#1435,#902,#903);
#776=AXIS2_PLACEMENT_3D('',#1450,#904,#905);
#777=AXIS2_PLACEMENT_3D('',#1451,#906,#907);
#778=AXIS2_PLACEMENT_3D('',#1452,#908,#909);
#779=AXIS2_PLACEMENT_3D('',#1487,#910,#911);
#780=AXIS2_PLACEMENT_3D('',#1489,#912,#913);
#781=AXIS2_PLACEMENT_3D('',#1491,#914,#915);
#782=AXIS2_PLACEMENT_3D('',#1492,#916,#917);
#783=AXIS2_PLACEMENT_3D('',#1504,#918,#919);
#784=AXIS2_PLACEMENT_3D('',#1505,#920,#921);
#785=AXIS2_PLACEMENT_3D('',#1520,#922,#923);
#786=AXIS2_PLACEMENT_3D('',#1521,#924,#925);
#787=AXIS2_PLACEMENT_3D('',#1522,#926,#927);
#788=AXIS2_PLACEMENT_3D('',#1557,#928,#929);
#789=AXIS2_PLACEMENT_3D('',#1559,#930,#931);
#790=AXIS2_PLACEMENT_3D('',#1561,#932,#933);
#791=AXIS2_PLACEMENT_3D('',#1562,#934,#935);
#792=AXIS2_PLACEMENT_3D('',#1574,#936,#937);
#793=AXIS2_PLACEMENT_3D('',#1575,#938,#939);
#794=AXIS2_PLACEMENT_3D('',#1590,#940,#941);
#795=AXIS2_PLACEMENT_3D('',#1591,#942,#943);
#796=AXIS2_PLACEMENT_3D('',#1592,#944,#945);
#797=AXIS2_PLACEMENT_3D('',#1595,#947,#948);
#798=AXIS2_PLACEMENT_3D('',#1596,#949,#950);
#799=AXIS2_PLACEMENT_3D('',#1598,#951,#952);
#800=AXIS2_PLACEMENT_3D('',#1610,#953,#954);
#801=AXIS2_PLACEMENT_3D('',#1611,#955,#956);
#802=AXIS2_PLACEMENT_3D('',#1613,#957,#958);
#803=AXIS2_PLACEMENT_3D('',#1615,#960,#961);
#804=AXIS2_PLACEMENT_3D('',#1617,#962,#963);
#805=AXIS2_PLACEMENT_3D('',#1619,#965,#966);
#806=AXIS2_PLACEMENT_3D('',#1622,#968,#969);
#807=AXIS2_PLACEMENT_3D('',#1623,#970,#971);
#808=AXIS2_PLACEMENT_3D('',#1625,#972,#973);
#809=AXIS2_PLACEMENT_3D('',#1627,#975,#976);
#810=AXIS2_PLACEMENT_3D('',#1630,#978,#979);
#811=AXIS2_PLACEMENT_3D('',#1631,#980,#981);
#812=AXIS2_PLACEMENT_3D('',#1634,#983,#984);
#813=AXIS2_PLACEMENT_3D('',#1635,#985,#986);
#814=AXIS2_PLACEMENT_3D('',#1637,#987,#988);
#815=AXIS2_PLACEMENT_3D('',#1639,#990,#991);
#816=AXIS2_PLACEMENT_3D('',#1641,#992,#993);
#817=AXIS2_PLACEMENT_3D('',#1643,#995,#996);
#818=AXIS2_PLACEMENT_3D('',#1644,#997,#998);
#819=AXIS2_PLACEMENT_3D('',#1645,#999,#1000);
#820=AXIS2_PLACEMENT_3D('',#1647,#1001,#1002);
#821=AXIS2_PLACEMENT_3D('',#1648,#1003,#1004);
#822=AXIS2_PLACEMENT_3D('',#1649,#1005,#1006);
#823=AXIS2_PLACEMENT_3D('',#1652,#1008,#1009);
#824=AXIS2_PLACEMENT_3D('',#1653,#1010,#1011);
#825=AXIS2_PLACEMENT_3D('',#1654,#1012,#1013);
#826=AXIS2_PLACEMENT_3D('',#1655,#1014,#1015);
#827=AXIS2_PLACEMENT_3D('',#1657,#1016,#1017);
#828=AXIS2_PLACEMENT_3D('',#1716,#1018,#1019);
#829=AXIS2_PLACEMENT_3D('',#1752,#1021,#1022);
#830=AXIS2_PLACEMENT_3D('',#1753,#1023,#1024);
#831=AXIS2_PLACEMENT_3D('',#1755,#1025,#1026);
#832=AXIS2_PLACEMENT_3D('',#1757,#1027,#1028);
#833=AXIS2_PLACEMENT_3D('',#1758,#1029,#1030);
#834=AXIS2_PLACEMENT_3D('',#1759,#1031,#1032);
#835=AXIS2_PLACEMENT_3D('',#1760,#1033,#1034);
#836=AXIS2_PLACEMENT_3D('',#1761,#1035,#1036);
#837=AXIS2_PLACEMENT_3D('',#1762,#1037,#1038);
#838=AXIS2_PLACEMENT_3D('',#1763,#1039,#1040);
#839=AXIS2_PLACEMENT_3D('',#1764,#1041,#1042);
#840=AXIS2_PLACEMENT_3D('',#1765,#1043,#1044);
#841=AXIS2_PLACEMENT_3D('',#1766,#1045,#1046);
#842=AXIS2_PLACEMENT_3D('',#1768,#1047,#1048);
#843=AXIS2_PLACEMENT_3D('',#1770,#1049,#1050);
#844=AXIS2_PLACEMENT_3D('',#1771,#1051,#1052);
#845=DIRECTION('axis',(0.,0.,1.));
#846=DIRECTION('refdir',(1.,0.,0.));
#847=DIRECTION('center_axis',(-0.672351132503643,-0.707261703105553,0.218460151838504));
#848=DIRECTION('ref_axis',(0.309017027773123,0.,0.951056505443428));
#849=DIRECTION('center_axis',(0.672351132503643,0.707261703105553,-0.218460151838504));
#850=DIRECTION('ref_axis',(0.643936042609564,-0.704391848029221,-0.29862769037434));
#851=DIRECTION('center_axis',(-0.672351132503643,-0.707261703105553,0.218460151838504));
#852=DIRECTION('ref_axis',(0.643936042609564,-0.704391848029221,-0.29862769037434));
#853=DIRECTION('center_axis',(-5.07994132824182E-8,-0.999999999999999,0.));
#854=DIRECTION('ref_axis',(0.999999999999999,-5.07994135393135E-8,0.));
#855=DIRECTION('center_axis',(0.672645859132823,-0.706951825317851,-0.218555862129629));
#856=DIRECTION('ref_axis',(0.672351154698941,0.707261703105547,-0.218460083528415));
#857=DIRECTION('center_axis',(-5.07994132824182E-8,-0.999999999999999,0.));
#858=DIRECTION('ref_axis',(0.999999999999999,-5.07994132824182E-8,0.));
#859=DIRECTION('center_axis',(-0.415535901913675,-0.707261716151616,-0.571935992124171));
#860=DIRECTION('ref_axis',(0.41571801183929,-0.706951812266062,0.572186743787479));
#861=DIRECTION('center_axis',(0.415717953705777,-0.706951812266064,0.572186786023942));
#862=DIRECTION('ref_axis',(0.415535843805644,0.707261716151614,0.571936034342132));
#863=DIRECTION('center_axis',(-5.07994132824182E-8,-0.999999999999999,0.));
#864=DIRECTION('ref_axis',(0.999999999999999,-5.07994132824182E-8,0.));
#865=DIRECTION('',(5.07994132824182E-8,0.999999999999999,0.));
#866=DIRECTION('center_axis',(-5.07994132824182E-8,-0.999999999999999,0.));
#867=DIRECTION('ref_axis',(0.999999999999999,-5.07994132824182E-8,0.));
#868=DIRECTION('center_axis',(-5.07994132824182E-8,-0.999999999999999,0.));
#869=DIRECTION('ref_axis',(0.999999999999999,-5.07994132824182E-8,0.));
#870=DIRECTION('center_axis',(0.415535771923209,-0.707261758369569,-0.571936034360634));
#871=DIRECTION('ref_axis',(0.415718025505771,0.7069517700296,-0.57218678604246));
#872=DIRECTION('center_axis',(-0.415718083639278,-0.706951770029601,0.572186743805989));
#873=DIRECTION('ref_axis',(0.415535830031245,-0.707261758369567,-0.57193599214268));
#874=DIRECTION('center_axis',(-5.07994132824182E-8,-0.999999999999999,0.));
#875=DIRECTION('ref_axis',(0.999999999999999,-5.07994132824182E-8,0.));
#876=DIRECTION('center_axis',(0.672351082851703,-0.707261771415636,0.218460083498472));
#877=DIRECTION('ref_axis',(0.672645930968033,0.706951756977813,0.218555862099675));
#878=DIRECTION('center_axis',(-0.672645908763004,-0.706951756977818,-0.218555930439713));
#879=DIRECTION('ref_axis',(0.672351060656413,-0.70726177141563,0.218460151808563));
#880=DIRECTION('center_axis',(-5.07994132824182E-8,-0.999999999999999,0.));
#881=DIRECTION('ref_axis',(0.999999999999999,-5.07994132824182E-8,0.));
#882=DIRECTION('center_axis',(0.,-0.707261737260596,0.706951791147829));
#883=DIRECTION('ref_axis',(3.59127362092644E-8,0.706951791147829,0.707261737260595));
#884=DIRECTION('center_axis',(0.,-0.706951791147836,-0.707261737260589));
#885=DIRECTION('ref_axis',(-3.59284812899418E-8,-0.707261737260589,0.706951791147835));
#886=DIRECTION('center_axis',(-5.07994132824182E-8,-0.999999999999999,0.));
#887=DIRECTION('ref_axis',(0.999999999999999,-5.07994132824182E-8,0.));
#888=DIRECTION('center_axis',(-0.672351132503643,-0.707261703105553,0.218460151838504));
#889=DIRECTION('ref_axis',(0.672645836927803,-0.706951825317845,-0.21855593046967));
#890=DIRECTION('center_axis',(-0.951056516295153,4.83131129547232E-8,0.309016994374947));
#891=DIRECTION('ref_axis',(0.309016994374948,3.51015314037361E-8,0.951056516295153));
#892=DIRECTION('center_axis',(-0.672645859132823,0.706951825317851,0.218555862129629));
#893=DIRECTION('ref_axis',(-0.696223872063366,-0.704692594531995,0.136677237244753));
#894=DIRECTION('center_axis',(3.51015312337451E-8,0.999999999999998,-4.83131131497203E-8));
#895=DIRECTION('ref_axis',(-0.30901699437495,-3.51015314037362E-8,-0.951056516295152));
#896=DIRECTION('center_axis',(3.51015312337451E-8,0.999999999999998,-4.83131131497203E-8));
#897=DIRECTION('ref_axis',(-0.30901699437495,-3.51015314037362E-8,-0.951056516295152));
#898=DIRECTION('center_axis',(0.672645859132823,-0.706951825317851,-0.218555862129629));
#899=DIRECTION('ref_axis',(-0.309016961006036,0.,-0.95105652713737));
#900=DIRECTION('center_axis',(0.672645859132823,-0.706951825317851,-0.218555862129629));
#901=DIRECTION('ref_axis',(-0.696223872063366,-0.704692594531995,0.136677237244753));
#902=DIRECTION('center_axis',(-0.415535901913675,-0.707261716151616,-0.571935992124171));
#903=DIRECTION('ref_axis',(-0.809016940335561,0.,0.5877853266713));
#904=DIRECTION('center_axis',(0.415535901913675,0.707261716151616,0.571935992124171));
#905=DIRECTION('ref_axis',(0.482998966608368,-0.704391839853711,0.520138572115886));
#906=DIRECTION('center_axis',(-0.415535901913675,-0.707261716151616,-0.571935992124171));
#907=DIRECTION('ref_axis',(0.482998966608368,-0.704391839853711,0.520138572115886));
#908=DIRECTION('center_axis',(-0.587785252292471,2.98591459890751E-8,-0.809016994374948));
#909=DIRECTION('ref_axis',(-0.809016994374942,9.18970019525566E-8,0.587785252292474));
#910=DIRECTION('center_axis',(-0.415717953705777,0.706951812266064,-0.572186786023942));
#911=DIRECTION('ref_axis',(-0.345132810203731,-0.704692612367214,-0.619912627227375));
#912=DIRECTION('center_axis',(9.18970021170739E-8,0.999999999999995,-2.98591460868557E-8));
#913=DIRECTION('ref_axis',(0.809016994374943,-9.18970021607236E-8,-0.587785252292472));
#914=DIRECTION('center_axis',(9.18970021170739E-8,0.999999999999995,-2.98591460868557E-8));
#915=DIRECTION('ref_axis',(0.809016994374943,-9.18970021607236E-8,-0.587785252292472));
#916=DIRECTION('center_axis',(0.415717953705777,-0.706951812266064,0.572186786023942));
#917=DIRECTION('ref_axis',(0.809017048366977,0.,-0.587785177978812));
#918=DIRECTION('center_axis',(0.415717953705777,-0.706951812266064,0.572186786023942));
#919=DIRECTION('ref_axis',(-0.345132810203731,-0.704692612367214,-0.619912627227375));
#920=DIRECTION('center_axis',(0.415535771923209,-0.707261758369569,-0.571936034360634));
#921=DIRECTION('ref_axis',(-0.80901704841433,0.,-0.587785177913637));
#922=DIRECTION('center_axis',(-0.415535771923209,0.707261758369569,0.571936034360634));
#923=DIRECTION('ref_axis',(-0.345426314164969,-0.704391797770192,0.620091006801808));
#924=DIRECTION('center_axis',(0.415535771923209,-0.707261758369569,-0.571936034360634));
#925=DIRECTION('ref_axis',(-0.345426314164969,-0.704391797770193,0.620091006801808));
#926=DIRECTION('center_axis',(0.587785252292471,-2.98591459890751E-8,-0.809016994374948));
#927=DIRECTION('ref_axis',(-0.809016994374942,9.18970019525566E-8,-0.587785252292474));
#928=DIRECTION('center_axis',(0.415718083639278,0.706951770029601,-0.572186743805989));
#929=DIRECTION('ref_axis',(0.482920015253126,-0.704692654431811,-0.519804310926495));
#930=DIRECTION('center_axis',(9.18970021170739E-8,0.999999999999995,2.98591460868557E-8));
#931=DIRECTION('ref_axis',(0.809016994374943,-9.18970021607236E-8,0.587785252292472));
#932=DIRECTION('center_axis',(9.18970021170739E-8,0.999999999999995,2.98591460868557E-8));
#933=DIRECTION('ref_axis',(0.809016994374943,-9.18970021607236E-8,0.587785252292472));
#934=DIRECTION('center_axis',(-0.415718083639278,-0.706951770029601,0.572186743805989));
#935=DIRECTION('ref_axis',(0.809016940382915,0.,0.587785326606123));
#936=DIRECTION('center_axis',(-0.415718083639278,-0.706951770029601,0.572186743805989));
#937=DIRECTION('ref_axis',(0.482920015253126,-0.704692654431812,-0.519804310926495));
#938=DIRECTION('center_axis',(0.672351082851703,-0.707261771415636,0.218460083498472));
#939=DIRECTION('ref_axis',(0.309016960976769,0.,-0.951056527146879));
#940=DIRECTION('center_axis',(-0.672351082851703,0.707261771415636,-0.218460083498472));
#941=DIRECTION('ref_axis',(-0.696484218821387,-0.704391779936657,-0.136901253794224));
#942=DIRECTION('center_axis',(0.672351082851703,-0.707261771415636,0.218460083498472));
#943=DIRECTION('ref_axis',(-0.696484218821387,-0.704391779936657,-0.136901253794224));
#944=DIRECTION('center_axis',(-0.672351082851703,0.707261771415636,-0.218460083498472));
#945=DIRECTION('ref_axis',(-0.67264590876301,-0.706951756977812,-0.218555930439715));
#946=DIRECTION('',(-0.309016946040652,1.56978795531898E-8,0.951056531999917));
#947=DIRECTION('center_axis',(-0.672351082851703,0.707261771415636,-0.218460083498472));
#948=DIRECTION('ref_axis',(0.672645930968033,0.706951756977813,0.218555862099675));
#949=DIRECTION('center_axis',(-0.672645908763004,-0.706951756977818,-0.218555930439713));
#950=DIRECTION('ref_axis',(-0.309017027743856,0.,0.951056505452937));
#951=DIRECTION('center_axis',(0.672645908763004,0.706951756977818,0.218555930439713));
#952=DIRECTION('ref_axis',(0.643593744006194,-0.704692662593943,0.298655895576077));
#953=DIRECTION('center_axis',(-0.672645908763004,-0.706951756977818,-0.218555930439713));
#954=DIRECTION('ref_axis',(0.643593744006194,-0.704692662593943,0.298655895576077));
#955=DIRECTION('center_axis',(0.672645908763004,0.706951756977818,0.218555930439713));
#956=DIRECTION('ref_axis',(-0.672351082851709,0.70726177141563,-0.218460083498473));
#957=DIRECTION('center_axis',(0.672645908763004,0.706951756977818,0.218555930439713));
#958=DIRECTION('ref_axis',(0.672351060656413,-0.70726177141563,0.218460151808563));
#959=DIRECTION('',(0.309017042666887,-1.56978844617459E-8,-0.95105650060415));
#960=DIRECTION('center_axis',(-0.672645859132823,0.706951825317851,0.218555862129629));
#961=DIRECTION('ref_axis',(0.672351132503649,0.707261703105546,-0.218460151838506));
#962=DIRECTION('center_axis',(-0.672645859132823,0.706951825317851,0.218555862129629));
#963=DIRECTION('ref_axis',(0.672351154698941,0.707261703105547,-0.218460083528415));
#964=DIRECTION('',(0.309016946083006,-1.56978795553414E-8,0.951056531986155));
#965=DIRECTION('center_axis',(0.672351132503643,0.707261703105553,-0.218460151838504));
#966=DIRECTION('ref_axis',(0.672645859132829,-0.706951825317844,-0.218555862129631));
#967=DIRECTION('',(-0.309017042709241,1.56978844638975E-8,-0.951056500590388));
#968=DIRECTION('center_axis',(0.672351132503643,0.707261703105553,-0.218460151838504));
#969=DIRECTION('ref_axis',(0.672645836927803,-0.706951825317845,-0.21855593046967));
#970=DIRECTION('center_axis',(-0.415717953705777,0.706951812266064,-0.572186786023942));
#971=DIRECTION('ref_axis',(0.415535901913679,0.707261716151609,0.571935992124176));
#972=DIRECTION('center_axis',(-0.415717953705777,0.706951812266064,-0.572186786023942));
#973=DIRECTION('ref_axis',(0.415535843805645,0.707261716151614,0.571936034342132));
#974=DIRECTION('',(-0.809017024221006,4.10975901659151E-8,0.587785211212894));
#975=DIRECTION('center_axis',(0.415535901913675,0.707261716151616,0.571935992124171));
#976=DIRECTION('ref_axis',(0.415717953705781,-0.706951812266058,0.572186786023948));
#977=DIRECTION('',(0.809016964502709,-4.10975871322606E-8,-0.587785293408079));
#978=DIRECTION('center_axis',(0.415535901913675,0.707261716151616,0.571935992124171));
#979=DIRECTION('ref_axis',(0.41571801183929,-0.706951812266062,0.572186743787479));
#980=DIRECTION('center_axis',(-0.415535771923209,0.707261758369569,0.571936034360634));
#981=DIRECTION('ref_axis',(-0.415718083639282,-0.706951770029595,0.572186743805994));
#982=DIRECTION('',(0.809017024247182,-4.10975901672448E-8,0.587785211176865));
#983=DIRECTION('center_axis',(-0.415535771923209,0.707261758369569,0.571936034360634));
#984=DIRECTION('ref_axis',(0.415718025505771,0.7069517700296,-0.57218678604246));
#985=DIRECTION('center_axis',(0.415718083639278,0.706951770029601,-0.572186743805989));
#986=DIRECTION('ref_axis',(-0.415535771923213,0.707261758369562,0.571936034360639));
#987=DIRECTION('center_axis',(0.415718083639278,0.706951770029601,-0.572186743805989));
#988=DIRECTION('ref_axis',(0.415535830031245,-0.707261758369567,-0.57193599214268));
#989=DIRECTION('',(-0.809016964528885,4.10975871335903E-8,-0.587785293372051));
#990=DIRECTION('center_axis',(-5.07994132824182E-8,-0.999999999999999,0.));
#991=DIRECTION('ref_axis',(0.,0.,-1.));
#992=DIRECTION('center_axis',(-5.07994132824182E-8,-0.999999999999999,0.));
#993=DIRECTION('ref_axis',(0.999999999999999,-5.07994132824182E-8,0.));
#994=DIRECTION('',(-0.999999999999998,5.07994132824182E-8,5.08216850707846E-8));
#995=DIRECTION('center_axis',(-5.07994132824182E-8,-0.999999999999999,0.));
#996=DIRECTION('ref_axis',(0.,0.,-1.));
#997=DIRECTION('center_axis',(-5.07994132824182E-8,-0.999999999999999,0.));
#998=DIRECTION('ref_axis',(0.999999999999999,-5.07994132824182E-8,0.));
#999=DIRECTION('center_axis',(-5.07994132824182E-8,-0.999999999999999,0.));
#1000=DIRECTION('ref_axis',(0.,0.,-1.));
#1001=DIRECTION('center_axis',(-5.07994132824182E-8,-0.999999999999999,
0.));
#1002=DIRECTION('ref_axis',(0.999999999999999,-5.07994132824182E-8,0.));
#1003=DIRECTION('center_axis',(-5.07994132824182E-8,-0.999999999999999,
0.));
#1004=DIRECTION('ref_axis',(0.999999999999999,-5.07994132824182E-8,0.));
#1005=DIRECTION('center_axis',(-5.07994132824182E-8,-0.999999999999999,
0.));
#1006=DIRECTION('ref_axis',(0.,0.,-1.));
#1007=DIRECTION('',(0.999999999999997,-5.07994132824182E-8,5.07771512543067E-8));
#1008=DIRECTION('center_axis',(-5.07994132824182E-8,-0.999999999999999,
0.));
#1009=DIRECTION('ref_axis',(0.999999999999999,-5.07994132824182E-8,0.));
#1010=DIRECTION('center_axis',(-5.07994132824182E-8,-0.999999999999999,
0.));
#1011=DIRECTION('ref_axis',(0.,0.,-1.));
#1012=DIRECTION('center_axis',(-5.07994132824182E-8,-0.999999999999999,
0.));
#1013=DIRECTION('ref_axis',(0.999999999999999,-5.07994132824182E-8,0.));
#1014=DIRECTION('center_axis',(-5.07994132824182E-8,-0.999999999999999,
0.));
#1015=DIRECTION('ref_axis',(0.999999999999999,-5.07994135393135E-8,0.));
#1016=DIRECTION('center_axis',(0.,0.706951791147836,0.707261737260589));
#1017=DIRECTION('ref_axis',(-3.59284812899418E-8,-0.707261737260589,0.706951791147835));
#1018=DIRECTION('center_axis',(0.,0.707261737260596,-0.706951791147829));
#1019=DIRECTION('ref_axis',(3.59127362092644E-8,0.706951791147829,0.707261737260595));
#1020=DIRECTION('',(5.07994132824182E-8,0.999999999999999,0.));
#1021=DIRECTION('center_axis',(-5.07994132824182E-8,-0.999999999999999,
0.));
#1022=DIRECTION('ref_axis',(0.999999999999999,-5.07994132824182E-8,0.));
#1023=DIRECTION('center_axis',(0.951056516295153,-4.83131129547232E-8,0.309016994374947));
#1024=DIRECTION('ref_axis',(0.309016994374948,3.51015314037361E-8,-0.951056516295153));
#1025=DIRECTION('center_axis',(3.5101531233745E-8,0.999999999999998,4.83131131497203E-8));
#1026=DIRECTION('ref_axis',(-0.30901699437495,-3.51015314037362E-8,0.951056516295152));
#1027=DIRECTION('center_axis',(3.5101531233745E-8,0.999999999999998,4.83131131497203E-8));
#1028=DIRECTION('ref_axis',(-0.30901699437495,-3.51015314037362E-8,0.951056516295152));
#1029=DIRECTION('center_axis',(0.,-0.707261737260596,0.706951791147829));
#1030=DIRECTION('ref_axis',(1.,0.,0.));
#1031=DIRECTION('center_axis',(0.,0.707261737260596,-0.706951791147829));
#1032=DIRECTION('ref_axis',(-0.0850246551450283,-0.704391810998444,-0.704700634749112));
#1033=DIRECTION('center_axis',(0.,-0.707261737260596,0.706951791147829));
#1034=DIRECTION('ref_axis',(-0.0850246551450283,-0.704391810998444,-0.704700634749112));
#1035=DIRECTION('center_axis',(0.,0.707261737260596,-0.706951791147829));
#1036=DIRECTION('ref_axis',(-4.33072911347792E-17,-0.706951791147829,-0.707261737260596));
#1037=DIRECTION('center_axis',(0.,-0.706951791147836,-0.707261737260589));
#1038=DIRECTION('ref_axis',(-1.,0.,0.));
#1039=DIRECTION('center_axis',(0.,0.706951791147836,0.707261737260589));
#1040=DIRECTION('ref_axis',(-0.0851572559820735,-0.70469262557382,0.704383805333058));
#1041=DIRECTION('center_axis',(0.,-0.706951791147836,-0.707261737260589));
#1042=DIRECTION('ref_axis',(-0.0851572559820735,-0.70469262557382,0.704383805333058));
#1043=DIRECTION('center_axis',(0.,0.706951791147836,0.707261737260589));
#1044=DIRECTION('ref_axis',(-4.32883124090343E-17,0.707261737260589,-0.706951791147836));
#1045=DIRECTION('center_axis',(0.,0.,1.));
#1046=DIRECTION('ref_axis',(1.,0.,0.));
#1047=DIRECTION('center_axis',(0.,1.,0.));
#1048=DIRECTION('ref_axis',(-1.,0.,0.));
#1049=DIRECTION('center_axis',(0.,1.,0.));
#1050=DIRECTION('ref_axis',(-1.,0.,0.));
#1051=DIRECTION('center_axis',(5.07994132824182E-8,0.999999999999999,0.));
#1052=DIRECTION('ref_axis',(0.,0.,1.));
#1053=CARTESIAN_POINT('',(0.,0.,0.));
#1054=CARTESIAN_POINT('Origin',(27.0368298549056,-2.29337375794045,-39.3182403237617));
#1055=CARTESIAN_POINT('',(28.0612513732166,-4.68341604443469,-39.3256302757922));
#1056=CARTESIAN_POINT('',(27.857114316459,-3.57270306803713,-39.1764828086369));
#1057=CARTESIAN_POINT('Ctrl Pts',(28.0612513732166,-4.68341604443469,-39.3256302757922));
#1058=CARTESIAN_POINT('Ctrl Pts',(28.0539634968316,-4.67475455360041,-39.3200185941765));
#1059=CARTESIAN_POINT('Ctrl Pts',(28.0467735533358,-4.66592642900721,-39.3145142456458));
#1060=CARTESIAN_POINT('Ctrl Pts',(27.961862126776,-4.55817332086929,-39.2498613390801));
#1061=CARTESIAN_POINT('Ctrl Pts',(27.89811591242,-4.44153121440561,-39.2048493575353));
#1062=CARTESIAN_POINT('Ctrl Pts',(27.8141825260869,-4.19229538314632,-39.1467790641599));
#1063=CARTESIAN_POINT('Ctrl Pts',(27.7923180764505,-4.06282438153984,-39.1323454282496));
#1064=CARTESIAN_POINT('Ctrl Pts',(27.7937804149189,-3.81442079091984,-39.1333252744004));
#1065=CARTESIAN_POINT('Ctrl Pts',(27.8130909518716,-3.69781924079999,-39.1460762200488));
#1066=CARTESIAN_POINT('Ctrl Pts',(27.8531255276232,-3.58361273759769,-39.173722083091));
#1067=CARTESIAN_POINT('Ctrl Pts',(27.8550982008556,-3.57814209797051,-39.1750863069548));
#1068=CARTESIAN_POINT('Ctrl Pts',(27.8571143164519,-3.57270306803449,-39.1764828086369));
#1069=CARTESIAN_POINT('',(27.3454741223554,-3.42997653823481,-40.2890740496691));
#1070=CARTESIAN_POINT('Origin',(26.7784656141417,-2.56515307697538,-39.2342926831044));
#1071=CARTESIAN_POINT('',(27.5629152750824,-4.56370116982644,-40.4717756562578));
#1072=CARTESIAN_POINT('Ctrl Pts',(27.3454741204323,-3.42997653775038,-40.2890740493807));
#1073=CARTESIAN_POINT('Ctrl Pts',(27.3173505032487,-3.55466206799143,-40.2671753395636));
#1074=CARTESIAN_POINT('Ctrl Pts',(27.3044470760197,-3.6850948391393,-40.2575682245104));
#1075=CARTESIAN_POINT('Ctrl Pts',(27.3127760549273,-3.96416199336049,-40.2638909537079));
#1076=CARTESIAN_POINT('Ctrl Pts',(27.3395937277901,-4.11194602847389,-40.2838559760737));
#1077=CARTESIAN_POINT('Ctrl Pts',(27.4309177502339,-4.36557715751049,-40.3570921778125));
#1078=CARTESIAN_POINT('Ctrl Pts',(27.4893733034338,-4.47232307285466,-40.4052894732494));
#1079=CARTESIAN_POINT('Ctrl Pts',(27.5610866268514,-4.56144554139745,-40.470120101037));
#1080=CARTESIAN_POINT('Ctrl Pts',(27.5620001246397,-4.56257515006205,-40.4709467260468));
#1081=CARTESIAN_POINT('Ctrl Pts',(27.5629152750824,-4.56370116982643,-40.4717756562578));
#1082=CARTESIAN_POINT('Origin',(26.3644787224019,-3.000635461046,-39.0997801719232));
#1083=CARTESIAN_POINT('Origin',(24.9999997460029,-2.99999980606479,-43.3012701892219));
#1084=CARTESIAN_POINT('',(27.3926424289221,-3.00000003963071,-40.3264026761527));
#1085=CARTESIAN_POINT('Ctrl Pts',(27.3454741204323,-3.42997653775037,-40.2890740493807));
#1086=CARTESIAN_POINT('Ctrl Pts',(27.3773513352083,-3.28864950733707,-40.3138955320371));
#1087=CARTESIAN_POINT('Ctrl Pts',(27.392642421688,-3.14240630918043,-40.3264026761527));
#1088=CARTESIAN_POINT('Ctrl Pts',(27.3926424289221,-3.00000003963071,-40.3264026761527));
#1089=CARTESIAN_POINT('',(24.8128944057605,-2.999999930142,-39.4881917321096));
#1090=CARTESIAN_POINT('Ctrl Pts',(27.3926424289221,-3.00000003963071,-40.3264026761527));
#1091=CARTESIAN_POINT('Ctrl Pts',(27.3926424416632,-2.74918923993842,-40.3264026761527));
#1092=CARTESIAN_POINT('Ctrl Pts',(27.3441708860935,-2.48707454713961,-40.2855234746813));
#1093=CARTESIAN_POINT('Ctrl Pts',(27.1941157664094,-2.14523056442485,-40.1764895963809));
#1094=CARTESIAN_POINT('Ctrl Pts',(27.1313728368699,-2.03944402745083,-40.1327287238381));
#1095=CARTESIAN_POINT('Ctrl Pts',(26.9828826033732,-1.85312672816634,-40.0377666994667));
#1096=CARTESIAN_POINT('Ctrl Pts',(26.8971255705806,-1.77258430304617,-39.9866036475084));
#1097=CARTESIAN_POINT('Ctrl Pts',(26.7174107061088,-1.64948540288057,-39.8903478986827));
#1098=CARTESIAN_POINT('Ctrl Pts',(26.6164705273206,-1.59896193377129,-39.8407328096));
#1099=CARTESIAN_POINT('Ctrl Pts',(26.401272582802,-1.53255418272225,-39.7481403933531));
#1100=CARTESIAN_POINT('Ctrl Pts',(26.2869510986034,-1.51669370620474,-39.705294142483));
#1101=CARTESIAN_POINT('Ctrl Pts',(26.0724960549969,-1.51669369531055,-39.6356134748588));
#1102=CARTESIAN_POINT('Ctrl Pts',(25.954823635623,-1.5325541600429,-39.6030803370522));
#1103=CARTESIAN_POINT('Ctrl Pts',(25.7263003785062,-1.59896188855117,-39.5514989952516));
#1104=CARTESIAN_POINT('Ctrl Pts',(25.6154750361543,-1.64948534690288,-39.5323072955329));
#1105=CARTESIAN_POINT('Ctrl Pts',(25.4135049357343,-1.77258422767911,-39.5045460815092));
#1106=CARTESIAN_POINT('Ctrl Pts',(25.314053144013,-1.85312664339078,-39.4955311384669));
#1107=CARTESIAN_POINT('Ctrl Pts',(25.1381047270401,-2.03944392619397,-39.4850766550814));
#1108=CARTESIAN_POINT('Ctrl Pts',(25.0616226255362,-2.14523045609545,-39.4836005728297));
#1109=CARTESIAN_POINT('Ctrl Pts',(24.8761369465391,-2.48707442176493,-39.4836106367488));
#1110=CARTESIAN_POINT('Ctrl Pts',(24.8128944185016,-2.74918910888874,-39.4881917321096));
#1111=CARTESIAN_POINT('Ctrl Pts',(24.8128944057605,-2.99999990858102,-39.4881917321096));
#1112=CARTESIAN_POINT('',(24.8728140778904,-3.42934076527017,-39.4857231056221));
#1113=CARTESIAN_POINT('Ctrl Pts',(24.8128944057605,-2.999999930142,-39.4881917321096));
#1114=CARTESIAN_POINT('Ctrl Pts',(24.8128944004884,-3.14219278613753,-39.4881917320138));
#1115=CARTESIAN_POINT('Ctrl Pts',(24.8325565247618,-3.28821106565163,-39.4870650330887));
#1116=CARTESIAN_POINT('Ctrl Pts',(24.8728140796338,-3.42934076478148,-39.4857231065273));
#1117=CARTESIAN_POINT('',(24.5896820087274,-4.56253869573283,-39.5057181677029));
#1118=CARTESIAN_POINT('Ctrl Pts',(24.5896820087274,-4.56253869573283,-39.5057181677029));
#1119=CARTESIAN_POINT('Ctrl Pts',(24.6484756037148,-4.50856308749367,-39.4993622940558));
#1120=CARTESIAN_POINT('Ctrl Pts',(24.7003212684835,-4.447051866583,-39.4951273609804));
#1121=CARTESIAN_POINT('Ctrl Pts',(24.8161443150195,-4.27011077039047,-39.4873563824893));
#1122=CARTESIAN_POINT('Ctrl Pts',(24.8659238828587,-4.14740867562423,-39.4858572704266));
#1123=CARTESIAN_POINT('Ctrl Pts',(24.9253719744292,-3.87354770439405,-39.4842025296822));
#1124=CARTESIAN_POINT('Ctrl Pts',(24.9284682238569,-3.7221838916306,-39.4842022195788));
#1125=CARTESIAN_POINT('Ctrl Pts',(24.8972298632083,-3.52584734970238,-39.4849794213161));
#1126=CARTESIAN_POINT('Ctrl Pts',(24.8864597508705,-3.47717798549338,-39.4852682480855));
#1127=CARTESIAN_POINT('Ctrl Pts',(24.8728140796338,-3.42934076478148,-39.4857231065273));
#1128=CARTESIAN_POINT('',(24.1023153710517,-4.99999976046296,-39.5906449791585));
#1129=CARTESIAN_POINT('Origin',(24.9999997460675,-2.99872821858399,-43.3012701892219));
#1130=CARTESIAN_POINT('',(23.544334361319,-4.99999973211785,-39.7720188397424));
#1131=CARTESIAN_POINT('Origin',(24.9999996444041,-4.99999980606479,-43.3012701892219));
#1132=CARTESIAN_POINT('',(23.1009749313505,-4.56370094316247,-39.9894307028527));
#1133=CARTESIAN_POINT('Origin',(24.9999997459384,-3.00127053293295,-43.3012701892219));
#1134=CARTESIAN_POINT('',(22.8600224061932,-3.42997631037648,-40.1397716815027));
#1135=CARTESIAN_POINT('Ctrl Pts',(22.8600224053246,-3.42997630989205,-40.1397716832425));
#1136=CARTESIAN_POINT('Ctrl Pts',(22.8305048146249,-3.55466184006227,-40.1597517531145));
#1137=CARTESIAN_POINT('Ctrl Pts',(22.8173805223729,-3.68509461119893,-40.1690548735432));
#1138=CARTESIAN_POINT('Ctrl Pts',(22.8259675814096,-3.96416176543324,-40.1630873611693));
#1139=CARTESIAN_POINT('Ctrl Pts',(22.8532425575052,-4.11194580056987,-40.1437517627054));
#1140=CARTESIAN_POINT('Ctrl Pts',(22.9511149904246,-4.36557692993912,-40.079528674753));
#1141=CARTESIAN_POINT('Ctrl Pts',(23.015017097925,-4.47232284555998,-40.0388279181843));
#1142=CARTESIAN_POINT('Ctrl Pts',(23.0988353214688,-4.56144531471768,-39.9906582560794));
#1143=CARTESIAN_POINT('Ctrl Pts',(23.0999037748722,-4.56257492339016,-39.9900449091766));
#1144=CARTESIAN_POINT('Ctrl Pts',(23.1009749313506,-4.56370094316246,-39.9894307028527));
#1145=CARTESIAN_POINT('',(22.9100998630725,-2.99999981192017,-40.1064471569134));
#1146=CARTESIAN_POINT('Ctrl Pts',(22.8600224053246,-3.42997630989204,-40.1397716832425));
#1147=CARTESIAN_POINT('Ctrl Pts',(22.893479644209,-3.28864927955901,-40.1171249172028));
#1148=CARTESIAN_POINT('Ctrl Pts',(22.9100998558384,-3.1424060814699,-40.1064471569134));
#1149=CARTESIAN_POINT('Ctrl Pts',(22.9100998630725,-2.99999981192017,-40.1064471569134));
#1150=CARTESIAN_POINT('',(21.3157279023483,-2.99999975248799,-42.3009118981604));
#1151=CARTESIAN_POINT('Ctrl Pts',(22.9100998630725,-2.99999981192017,-40.1064471569134));
#1152=CARTESIAN_POINT('Ctrl Pts',(22.9100998758136,-2.74918901222789,-40.1064471569134));
#1153=CARTESIAN_POINT('Ctrl Pts',(22.8562429196591,-2.4870743191555,-40.1399139903853));
#1154=CARTESIAN_POINT('Ctrl Pts',(22.7061759691285,-2.14523033644014,-40.2489315849225));
#1155=CARTESIAN_POINT('Ctrl Pts',(22.6451682783465,-2.03944379955426,-40.2950808087189));
#1156=CARTESIAN_POINT('Ctrl Pts',(22.5089680271584,-1.8531265008941,-40.4069585425427));
#1157=CARTESIAN_POINT('Ctrl Pts',(22.433808695507,-1.77258407631229,-40.4727080787503));
#1158=CARTESIAN_POINT('Ctrl Pts',(22.2867290954129,-1.64948517780454,-40.6138824154351));
#1159=CARTESIAN_POINT('Ctrl Pts',(22.2083501127468,-1.59896170984137,-40.6945503269646));
#1160=CARTESIAN_POINT('Ctrl Pts',(22.0537896722359,-1.53255396187267,-40.8706031074302));
#1161=CARTESIAN_POINT('Ctrl Pts',(21.9777131852643,-1.51669348729799,-40.966089081032));
#1162=CARTESIAN_POINT('Ctrl Pts',(21.8451726792566,-1.51669348056501,-41.1485154372311));
#1163=CARTESIAN_POINT('Ctrl Pts',(21.7778690486377,-1.53255394785606,-41.2503752652359));
#1164=CARTESIAN_POINT('Ctrl Pts',(21.6581947050089,-1.59896168189379,-41.4517742836244));
#1165=CARTESIAN_POINT('Ctrl Pts',(21.6056953979651,-1.64948514320844,-41.5512448838339));
#1166=CARTESIAN_POINT('Ctrl Pts',(21.5168807167613,-1.77258402973289,-41.73475117107));
#1167=CARTESIAN_POINT('Ctrl Pts',(21.4775746998467,-1.85312644849994,-41.8265496711492));
#1168=CARTESIAN_POINT('Ctrl Pts',(21.4132608377805,-2.0394437369741,-41.990655937608));
#1169=CARTESIAN_POINT('Ctrl Pts',(21.3882227272929,-2.1452302694889,-42.0629385990114));
#1170=CARTESIAN_POINT('Ctrl Pts',(21.3309140596262,-2.4870742416697,-42.2393490561075));
#1171=CARTESIAN_POINT('Ctrl Pts',(21.3157279150894,-2.74918893123473,-42.3009118981604));
#1172=CARTESIAN_POINT('Ctrl Pts',(21.3157279023483,-2.99999973092701,-42.3009118981604));
#1173=CARTESIAN_POINT('',(21.3318962809561,-3.42934058539362,-42.2431620352468));
#1174=CARTESIAN_POINT('Ctrl Pts',(21.3157279023483,-2.99999975248799,-42.3009118981604));
#1175=CARTESIAN_POINT('Ctrl Pts',(21.3157278956369,-3.14219260848352,-42.3009118962751));
#1176=CARTESIAN_POINT('Ctrl Pts',(21.3207322667028,-3.28821088725302,-42.2818639286906));
#1177=CARTESIAN_POINT('Ctrl Pts',(21.3318962823557,-3.42934058490493,-42.2431620338685));
#1178=CARTESIAN_POINT('',(21.2634200542409,-4.56253852676069,-42.5186153938347));
#1179=CARTESIAN_POINT('Ctrl Pts',(21.2634200542409,-4.56253852676069,-42.5186153938347));
#1180=CARTESIAN_POINT('Ctrl Pts',(21.2755434810982,-4.5085629161507,-42.4607352918421));
#1181=CARTESIAN_POINT('Ctrl Pts',(21.2875370140581,-4.44705169321556,-42.4101184712037));
#1182=CARTESIAN_POINT('Ctrl Pts',(21.3159376702569,-4.27011059258205,-42.2975628521903));
#1183=CARTESIAN_POINT('Ctrl Pts',(21.3298946667031,-4.14740849599607,-42.2497564246428));
#1184=CARTESIAN_POINT('Ctrl Pts',(21.3466913949267,-3.87354752259919,-42.1927065999931));
#1185=CARTESIAN_POINT('Ctrl Pts',(21.3476478990059,-3.72218370972706,-42.1897618032844));
#1186=CARTESIAN_POINT('Ctrl Pts',(21.3387338843575,-3.52584716893286,-42.2197114277682));
#1187=CARTESIAN_POINT('Ctrl Pts',(21.3356804289033,-3.47717780511587,-42.2300436680198));
#1188=CARTESIAN_POINT('Ctrl Pts',(21.3318962823557,-3.42934058490493,-42.2431620338685));
#1189=CARTESIAN_POINT('',(21.1935856627952,-4.99999961270119,-43.0083724173038));
#1190=CARTESIAN_POINT('Origin',(24.9999997460675,-2.99872821858399,-43.3012701892219));
#1191=CARTESIAN_POINT('',(21.1823333771092,-4.99999961212958,-43.3012701892219));
#1192=CARTESIAN_POINT('Origin',(24.9999996444041,-4.99999980606479,-43.3012701892219));
#1193=CARTESIAN_POINT('',(21.1823335803068,-0.999999612129591,-43.3012701892219));
#1194=CARTESIAN_POINT('',(21.182333478708,-2.99999961212959,-43.3012701892219));
#1195=CARTESIAN_POINT('Origin',(24.9999998476018,-0.999999806064799,-43.3012701892219));
#1196=CARTESIAN_POINT('',(21.1936568402432,-4.99999961270481,-43.5950914978347));
#1197=CARTESIAN_POINT('Origin',(24.9999996444041,-4.99999980606479,-43.3012701892219));
#1198=CARTESIAN_POINT('',(21.2634222262122,-4.56370084981588,-44.0839353543259));
#1199=CARTESIAN_POINT('Origin',(24.9999997459384,-3.00127053293296,-43.3012701892219));
#1200=CARTESIAN_POINT('',(21.3319466083078,-3.42997623275112,-44.3595527956222));
#1201=CARTESIAN_POINT('Ctrl Pts',(21.3319466096941,-3.42997623226669,-44.3595527969859));
#1202=CARTESIAN_POINT('Ctrl Pts',(21.341827343806,-3.55466176443834,-44.3937998690814));
#1203=CARTESIAN_POINT('Ctrl Pts',(21.3466195031881,-3.68509453648514,-44.409156628761));
#1204=CARTESIAN_POINT('Ctrl Pts',(21.3435975990372,-3.96416169012972,-44.3991457740881));
#1205=CARTESIAN_POINT('Ctrl Pts',(21.333636778069,-4.11194572337478,-44.3672306946789));
#1206=CARTESIAN_POINT('Ctrl Pts',(21.3028012279253,-4.36557684620574,-44.254302441723));
#1207=CARTESIAN_POINT('Ctrl Pts',(21.2838393416196,-4.47232275761716,-44.1809506953589));
#1208=CARTESIAN_POINT('Ctrl Pts',(21.2639285229719,-4.5614452215055,-44.0863495791638));
#1209=CARTESIAN_POINT('Ctrl Pts',(21.263675365623,-4.56257483011084,-44.0851438849212));
#1210=CARTESIAN_POINT('Ctrl Pts',(21.2634222262122,-4.56370084981588,-44.0839353543259));
#1211=CARTESIAN_POINT('',(21.3157279023483,-2.99999973092701,-44.3016284802835));
#1212=CARTESIAN_POINT('Ctrl Pts',(21.3319466096941,-3.42997623226669,-44.3595527969859));
#1213=CARTESIAN_POINT('Ctrl Pts',(21.3207471156399,-3.28864919966512,-44.3207348431817));
#1214=CARTESIAN_POINT('Ctrl Pts',(21.3157278951142,-3.14240600047674,-44.3016284802835));
#1215=CARTESIAN_POINT('Ctrl Pts',(21.3157279023483,-2.99999973092701,-44.3016284802835));
#1216=CARTESIAN_POINT('',(22.9100998630726,-2.99999983348115,-46.4960932215305));
#1217=CARTESIAN_POINT('Ctrl Pts',(21.3157279023483,-2.99999973092701,-44.3016284802835));
#1218=CARTESIAN_POINT('Ctrl Pts',(21.3157279150894,-2.74918893123473,-44.3016284802835));
#1219=CARTESIAN_POINT('Ctrl Pts',(21.3309140596262,-2.48707424166969,-44.3631913223364));
#1220=CARTESIAN_POINT('Ctrl Pts',(21.3882227272929,-2.14523026948889,-44.5396017794325));
#1221=CARTESIAN_POINT('Ctrl Pts',(21.4132608377805,-2.03944373697409,-44.6118844408359));
#1222=CARTESIAN_POINT('Ctrl Pts',(21.4775746998467,-1.85312644849993,-44.7759907072947));
#1223=CARTESIAN_POINT('Ctrl Pts',(21.5168807167613,-1.77258402973289,-44.8677892073739));
#1224=CARTESIAN_POINT('Ctrl Pts',(21.6056953979651,-1.64948514320844,-45.05129549461));
#1225=CARTESIAN_POINT('Ctrl Pts',(21.658194705009,-1.5989616818938,-45.1507660948195));
#1226=CARTESIAN_POINT('Ctrl Pts',(21.7778690486377,-1.53255394785607,-45.352165113208));
#1227=CARTESIAN_POINT('Ctrl Pts',(21.8451726792566,-1.51669348056502,-45.4540249412128));
#1228=CARTESIAN_POINT('Ctrl Pts',(21.9777131852643,-1.516693487298,-45.6364512974119));
#1229=CARTESIAN_POINT('Ctrl Pts',(22.0537896722359,-1.53255396187268,-45.7319372710137));
#1230=CARTESIAN_POINT('Ctrl Pts',(22.2083501127468,-1.59896170984138,-45.9079900514793));
#1231=CARTESIAN_POINT('Ctrl Pts',(22.2867290954129,-1.64948517780456,-45.9886579630087));
#1232=CARTESIAN_POINT('Ctrl Pts',(22.433808695507,-1.7725840763123,-46.1298322996936));
#1233=CARTESIAN_POINT('Ctrl Pts',(22.5089680271585,-1.85312650089412,-46.1955818359012));
#1234=CARTESIAN_POINT('Ctrl Pts',(22.6451682783466,-2.03944379955428,-46.307459569725));
#1235=CARTESIAN_POINT('Ctrl Pts',(22.7061759691285,-2.14523033644015,-46.3536087935214));
#1236=CARTESIAN_POINT('Ctrl Pts',(22.8562429196591,-2.48707431915551,-46.4626263880586));
#1237=CARTESIAN_POINT('Ctrl Pts',(22.9100998758136,-2.74918901222789,-46.4960932215305));
#1238=CARTESIAN_POINT('Ctrl Pts',(22.9100998630726,-2.99999981192018,-46.4960932215305));
#1239=CARTESIAN_POINT('',(22.8601727683242,-3.42934066302915,-46.4628704698917));
#1240=CARTESIAN_POINT('Ctrl Pts',(22.9100998630726,-2.99999983348115,-46.4960932215305));
#1241=CARTESIAN_POINT('Ctrl Pts',(22.9100998542144,-3.14219268947667,-46.496093220461));
#1242=CARTESIAN_POINT('Ctrl Pts',(22.8935305911011,-3.28821096715024,-46.4854476280024));
#1243=CARTESIAN_POINT('Ctrl Pts',(22.8601727674459,-3.42934066254046,-46.4628704681347));
#1244=CARTESIAN_POINT('',(23.1009841224019,-4.56253862010784,-46.6131149457335));
#1245=CARTESIAN_POINT('Ctrl Pts',(23.1009841224019,-4.56253862010784,-46.6131149457335));
#1246=CARTESIAN_POINT('Ctrl Pts',(23.0496832210617,-4.50856300627593,-46.5836989490769));
#1247=CARTESIAN_POINT('Ctrl Pts',(23.0052499716257,-4.44705178047436,-46.5566509665953));
#1248=CARTESIAN_POINT('Ctrl Pts',(22.9069795083452,-4.27011067340601,-46.4948587469114));
#1249=CARTESIAN_POINT('Ctrl Pts',(22.8658258473046,-4.14740857402043,-46.466811861869));
#1250=CARTESIAN_POINT('Ctrl Pts',(22.816758723902,-3.87354759727772,-46.4332078719277));
#1251=CARTESIAN_POINT('Ctrl Pts',(22.8142536371318,-3.72218378422973,-46.4313881975752));
#1252=CARTESIAN_POINT('Ctrl Pts',(22.8399828475349,-3.52584724519542,-46.4491208817191));
#1253=CARTESIAN_POINT('Ctrl Pts',(22.8488658240356,-3.47717788198479,-46.4552177306052));
#1254=CARTESIAN_POINT('Ctrl Pts',(22.8601727674459,-3.42934066254046,-46.4628704681347));
#1255=CARTESIAN_POINT('',(23.5451907018695,-4.99999973216135,-46.8308746210108));
#1256=CARTESIAN_POINT('Origin',(24.9999997460675,-2.99872821858398,-43.3012701892219));
#1257=CARTESIAN_POINT('',(24.1032157016841,-4.99999976050869,-47.0121130940432));
#1258=CARTESIAN_POINT('Origin',(24.9999996444041,-4.99999980606479,-43.3012701892219));
#1259=CARTESIAN_POINT('',(24.5896925420493,-4.56370101878846,-47.096823349436));
#1260=CARTESIAN_POINT('Origin',(24.9999997459384,-3.00127053293295,-43.3012701892219));
#1261=CARTESIAN_POINT('',(24.8729955439907,-3.42997641263433,-47.1168233173994));
#1262=CARTESIAN_POINT('Ctrl Pts',(24.872995545716,-3.4299764121499,-47.1168233165023));
#1263=CARTESIAN_POINT('Ctrl Pts',(24.9086197571774,-3.55466194562929,-47.1180091012006));
#1264=CARTESIAN_POINT('Ctrl Pts',(24.9247057576503,-3.68509471824983,-47.118196980211));
#1265=CARTESIAN_POINT('Ctrl Pts',(24.9142510395463,-3.96416187151686,-47.1179774441406));
#1266=CARTESIAN_POINT('Ctrl Pts',(24.8808199271615,-4.11194590356963,-47.1175884387759));
#1267=CARTESIAN_POINT('Ctrl Pts',(24.7638900583858,-4.36557702202703,-47.1120180281114));
#1268=CARTESIAN_POINT('Ctrl Pts',(24.6882688531638,-4.47232293056019,-47.1073849122929));
#1269=CARTESIAN_POINT('Ctrl Pts',(24.5921450606953,-4.56144539057695,-47.0970878692156));
#1270=CARTESIAN_POINT('Ctrl Pts',(24.5909201473664,-4.56257499913293,-47.0969560560964));
#1271=CARTESIAN_POINT('Ctrl Pts',(24.5896925420493,-4.56370101878845,-47.096823349436));
#1272=CARTESIAN_POINT('',(24.8128944057605,-2.99999990858102,-47.1143486463343));
#1273=CARTESIAN_POINT('Ctrl Pts',(24.872995545716,-3.4299764121499,-47.1168233165023));
#1274=CARTESIAN_POINT('Ctrl Pts',(24.832616648771,-3.28864937806604,-47.1154792677173));
#1275=CARTESIAN_POINT('Ctrl Pts',(24.8128943985264,-3.14240617813074,-47.1143486463343));
#1276=CARTESIAN_POINT('Ctrl Pts',(24.8128944057605,-2.99999990858102,-47.1143486463343));
#1277=CARTESIAN_POINT('',(27.3926424289221,-3.00000006119169,-46.2761377022912));
#1278=CARTESIAN_POINT('Ctrl Pts',(24.8128944057605,-2.99999990858102,-47.1143486463343));
#1279=CARTESIAN_POINT('Ctrl Pts',(24.8128944185016,-2.74918910888874,-47.1143486463343));
#1280=CARTESIAN_POINT('Ctrl Pts',(24.8761369465391,-2.48707442176494,-47.1189297416951));
#1281=CARTESIAN_POINT('Ctrl Pts',(25.0616226255362,-2.14523045609545,-47.1189398056142));
#1282=CARTESIAN_POINT('Ctrl Pts',(25.1381047270401,-2.03944392619398,-47.1174637233624));
#1283=CARTESIAN_POINT('Ctrl Pts',(25.314053144013,-1.85312664339079,-47.107009239977));
#1284=CARTESIAN_POINT('Ctrl Pts',(25.4135049357343,-1.77258422767912,-47.0979942969346));
#1285=CARTESIAN_POINT('Ctrl Pts',(25.6154750361543,-1.64948534690289,-47.070233082911));
#1286=CARTESIAN_POINT('Ctrl Pts',(25.7263003785062,-1.59896188855118,-47.0510413831923));
#1287=CARTESIAN_POINT('Ctrl Pts',(25.954823635623,-1.53255416004291,-46.9994600413917));
#1288=CARTESIAN_POINT('Ctrl Pts',(26.0724960549969,-1.51669369531056,-46.9669269035851));
#1289=CARTESIAN_POINT('Ctrl Pts',(26.2869510986034,-1.51669370620475,-46.8972462359608));
#1290=CARTESIAN_POINT('Ctrl Pts',(26.401272582802,-1.53255418272226,-46.8543999850908));
#1291=CARTESIAN_POINT('Ctrl Pts',(26.6164705273206,-1.5989619337713,-46.7618075688439));
#1292=CARTESIAN_POINT('Ctrl Pts',(26.7174107061088,-1.64948540288058,-46.7121924797611));
#1293=CARTESIAN_POINT('Ctrl Pts',(26.8971255705806,-1.77258430304617,-46.6159367309355));
#1294=CARTESIAN_POINT('Ctrl Pts',(26.9828826033732,-1.85312672816635,-46.5647736789771));
#1295=CARTESIAN_POINT('Ctrl Pts',(27.1313728368699,-2.03944402745083,-46.4698116546058));
#1296=CARTESIAN_POINT('Ctrl Pts',(27.1941157664094,-2.14523056442486,-46.4260507820629));
#1297=CARTESIAN_POINT('Ctrl Pts',(27.3441708860935,-2.48707454713961,-46.3170169037626));
#1298=CARTESIAN_POINT('Ctrl Pts',(27.3926424416631,-2.74918923993842,-46.2761377022912));
#1299=CARTESIAN_POINT('Ctrl Pts',(27.3926424289221,-3.00000003963071,-46.2761377022912));
#1300=CARTESIAN_POINT('',(27.3456173786593,-3.42934089088712,-46.3133547754922));
#1301=CARTESIAN_POINT('Ctrl Pts',(27.3926424289221,-3.00000006119169,-46.2761377022912));
#1302=CARTESIAN_POINT('Ctrl Pts',(27.3926424201765,-3.14219291718721,-46.2761377035155));
#1303=CARTESIAN_POINT('Ctrl Pts',(27.3773976710871,-3.28821119492806,-46.2886063331302));
#1304=CARTESIAN_POINT('Ctrl Pts',(27.3456173767168,-3.42934089039842,-46.3133547757846));
#1305=CARTESIAN_POINT('',(27.5629231275175,-4.56253884677173,-46.1307576095965));
#1306=CARTESIAN_POINT('Ctrl Pts',(27.5629231275175,-4.56253884677173,-46.1307576095965));
#1307=CARTESIAN_POINT('Ctrl Pts',(27.5190940037676,-4.50856323331939,-46.1704576258423));
#1308=CARTESIAN_POINT('Ctrl Pts',(27.4796392167439,-4.44705200777072,-46.20435787398));
#1309=CARTESIAN_POINT('Ctrl Pts',(27.3905040865693,-4.27011090116643,-46.2787238009884));
#1310=CARTESIAN_POINT('Ctrl Pts',(27.3511127374527,-4.14740880187037,-46.3091963003011));
#1311=CARTESIAN_POINT('Ctrl Pts',(27.303990878462,-3.87354782522649,-46.3454777170095));
#1312=CARTESIAN_POINT('Ctrl Pts',(27.3014861562402,-3.72218401217852,-46.3472978931199));
#1313=CARTESIAN_POINT('Ctrl Pts',(27.3263017112049,-3.52584747309779,-46.3283076701488));
#1314=CARTESIAN_POINT('Ctrl Pts',(27.3348451514745,-3.47717810986991,-46.3217434897331));
#1315=CARTESIAN_POINT('Ctrl Pts',(27.3456173767168,-3.42934089039842,-46.3133547757846));
#1316=CARTESIAN_POINT('',(27.9072922523893,-4.99999995375355,-45.7755834668279));
#1317=CARTESIAN_POINT('Origin',(24.9999997460675,-2.99872821858399,-43.3012701892219));
#1318=CARTESIAN_POINT('',(28.2520994913989,-4.99999997126955,-45.3008759227001));
#1319=CARTESIAN_POINT('Origin',(24.9999996444041,-4.99999980606479,-43.3012701892219));
#1320=CARTESIAN_POINT('',(28.482993393151,-4.56370122702586,-44.8643858937019));
#1321=CARTESIAN_POINT('Origin',(24.9999997459384,-3.00127053293294,-43.3012701892219));
#1322=CARTESIAN_POINT('',(28.5895599399548,-3.42997660143362,-44.6011291019164));
#1323=CARTESIAN_POINT('Ctrl Pts',(28.5895599396348,-3.4299766009492,-44.6011290999982));
#1324=CARTESIAN_POINT('Ctrl Pts',(28.601352563233,-3.55113197397754,-44.5685637544477));
#1325=CARTESIAN_POINT('Ctrl Pts',(28.6065404509627,-3.67771278749739,-44.5532495591011));
#1326=CARTESIAN_POINT('Ctrl Pts',(28.6039759533729,-3.9531408414536,-44.5606147769029));
#1327=CARTESIAN_POINT('Ctrl Pts',(28.5937531206133,-4.1012109719986,-44.5909393444975));
#1328=CARTESIAN_POINT('Ctrl Pts',(28.553363500417,-4.35627119446524,-44.6980629688538));
#1329=CARTESIAN_POINT('Ctrl Pts',(28.5260763741482,-4.46407310563473,-44.7676668410098));
#1330=CARTESIAN_POINT('Ctrl Pts',(28.4860620788804,-4.55679812312265,-44.8575344293965));
#1331=CARTESIAN_POINT('Ctrl Pts',(28.4845355726081,-4.56026630216553,-44.8609494628558));
#1332=CARTESIAN_POINT('Ctrl Pts',(28.4829933570822,-4.56370121893228,-44.8643858856048));
#1333=CARTESIAN_POINT('',(28.5686341299111,-3.0000000993704,-44.6575239864258));
#1334=CARTESIAN_POINT('Ctrl Pts',(28.5895599396348,-3.4299766009492,-44.6011290999982));
#1335=CARTESIAN_POINT('Ctrl Pts',(28.5758039128703,-3.28864956821775,-44.6391163859708));
#1336=CARTESIAN_POINT('Ctrl Pts',(28.5686341226769,-3.14240636892012,-44.6575239864258));
#1337=CARTESIAN_POINT('Ctrl Pts',(28.5686341299111,-3.00000009937039,-44.6575239864258));
#1338=CARTESIAN_POINT('',(28.5686341299111,-3.00000012093137,-41.9450163920181));
#1339=CARTESIAN_POINT('Ctrl Pts',(28.5686341299111,-3.0000000993704,-44.6575239864258));
#1340=CARTESIAN_POINT('Ctrl Pts',(28.5686341426521,-2.74918929967811,-44.6575239864258));
#1341=CARTESIAN_POINT('Ctrl Pts',(28.5925340483783,-2.48707461055573,-44.5987924170116));
#1342=CARTESIAN_POINT('Ctrl Pts',(28.6498618587566,-2.1452306383759,-44.4223881797596));
#1343=CARTESIAN_POINT('Ctrl Pts',(28.672092293956,-2.03944410571847,-44.3491932493544));
#1344=CARTESIAN_POINT('Ctrl Pts',(28.7165205469258,-1.85312681623414,-44.1786257568285));
#1345=CARTESIAN_POINT('Ctrl Pts',(28.7386791231914,-1.77258439659602,-44.0812557155426));
#1346=CARTESIAN_POINT('Ctrl Pts',(28.7746888374003,-1.6494855073891,-43.8805920544709));
#1347=CARTESIAN_POINT('Ctrl Pts',(28.7906833622917,-1.59896204422004,-43.7692603315334));
#1348=CARTESIAN_POINT('Ctrl Pts',(28.812244163443,-1.5325543051982,-43.5359822907267));
#1349=CARTESIAN_POINT('Ctrl Pts',(28.8176660886489,-1.51669383476359,-43.4140158777967));
#1350=CARTESIAN_POINT('Ctrl Pts',(28.8176660886489,-1.51669383476359,-43.1885245006471));
#1351=CARTESIAN_POINT('Ctrl Pts',(28.812244163443,-1.5325543051982,-43.0665580877171));
#1352=CARTESIAN_POINT('Ctrl Pts',(28.7906833622917,-1.59896204422004,-42.8332800469105));
#1353=CARTESIAN_POINT('Ctrl Pts',(28.7746888374003,-1.6494855073891,-42.721948323973));
#1354=CARTESIAN_POINT('Ctrl Pts',(28.7386791231914,-1.77258439659602,-42.5212846629013));
#1355=CARTESIAN_POINT('Ctrl Pts',(28.7165205469258,-1.85312681623414,-42.4239146216153));
#1356=CARTESIAN_POINT('Ctrl Pts',(28.672092293956,-2.03944410571847,-42.2533471290895));
#1357=CARTESIAN_POINT('Ctrl Pts',(28.6498618587566,-2.1452306383759,-42.1801521986843));
#1358=CARTESIAN_POINT('Ctrl Pts',(28.5925340483783,-2.48707461055573,-42.0037479614322));
#1359=CARTESIAN_POINT('Ctrl Pts',(28.5686341426521,-2.74918929967811,-41.9450163920181));
#1360=CARTESIAN_POINT('Ctrl Pts',(28.5686341299111,-3.00000009937039,-41.9450163920181));
#1361=CARTESIAN_POINT('',(28.5894981151333,-3.42934095407553,-42.0012405598568));
#1362=CARTESIAN_POINT('Ctrl Pts',(28.5686341299111,-3.00000012093137,-41.9450163920181));
#1363=CARTESIAN_POINT('Ctrl Pts',(28.5686341233818,-3.1421929769269,-41.9450163938442));
#1364=CARTESIAN_POINT('Ctrl Pts',(28.575781603157,-3.28821125580526,-41.9633680231978));
#1365=CARTESIAN_POINT('Ctrl Pts',(28.5894981148111,-3.42934095358684,-42.0012405617946));
#1366=CARTESIAN_POINT('',(28.4829890552535,-4.56253890397918,-41.738144818778));
#1367=CARTESIAN_POINT('Ctrl Pts',(28.4829890191817,-4.56253889588486,-41.7381448268688));
#1368=CARTESIAN_POINT('Ctrl Pts',(28.5067392112497,-4.50959501470525,-41.7910655066294));
#1369=CARTESIAN_POINT('Ctrl Pts',(28.5264863593778,-4.44939165366273,-41.8382683465434));
#1370=CARTESIAN_POINT('Ctrl Pts',(28.5692152705973,-4.27633099644489,-41.9446870504257));
#1371=CARTESIAN_POINT('Ctrl Pts',(28.5860817083214,-4.1563885120908,-41.9915325653768));
#1372=CARTESIAN_POINT('Ctrl Pts',(28.6065505769086,-3.88942791823269,-42.0489094690267));
#1373=CARTESIAN_POINT('Ctrl Pts',(28.6081718951192,-3.74225842667909,-42.0538442232677));
#1374=CARTESIAN_POINT('Ctrl Pts',(28.5988741623615,-3.5413915033057,-42.0274012751486));
#1375=CARTESIAN_POINT('Ctrl Pts',(28.5948888821159,-3.48480676035109,-42.0161249615577));
#1376=CARTESIAN_POINT('Ctrl Pts',(28.5894981148111,-3.42934095358684,-42.0012405617946));
#1377=CARTESIAN_POINT('',(28.251614233915,-4.9999999712449,-41.3008754618087));
#1378=CARTESIAN_POINT('Origin',(24.9999997460675,-2.998728218584,-43.3012701892219));
#1379=CARTESIAN_POINT('',(27.9066918273752,-4.99999995372305,-40.8262515917894));
#1380=CARTESIAN_POINT('Origin',(24.9999996444041,-4.99999980606479,-43.3012701892219));
#1381=CARTESIAN_POINT('Origin',(24.9999997459384,-3.00127053293296,-43.3012701892219));
#1382=CARTESIAN_POINT('Origin',(26.3650828289196,-2.99999998743128,-39.0999764580529));
#1383=CARTESIAN_POINT('',(24.9890176033837,-2.99999991752798,-38.2836159402234));
#1384=CARTESIAN_POINT('Ctrl Pts',(24.9890176033837,-2.99999991752798,-38.2836159402234));
#1385=CARTESIAN_POINT('Ctrl Pts',(24.9890176120313,-2.82976935047224,-38.2836159402234));
#1386=CARTESIAN_POINT('Ctrl Pts',(25.0227171202724,-2.6481244209312,-38.2831965705069));
#1387=CARTESIAN_POINT('Ctrl Pts',(25.1584064319283,-2.31174904972515,-38.2856459266088));
#1388=CARTESIAN_POINT('Ctrl Pts',(25.2602600357603,-2.15696759657866,-38.289025516473));
#1389=CARTESIAN_POINT('Ctrl Pts',(25.4828561335943,-1.91556906412202,-38.3057309094185));
#1390=CARTESIAN_POINT('Ctrl Pts',(25.6323561031766,-1.79895990915208,-38.321674051113));
#1391=CARTESIAN_POINT('Ctrl Pts',(25.8840817230385,-1.6584749690961,-38.3607433036167));
#1392=CARTESIAN_POINT('Ctrl Pts',(26.0159379701683,-1.60420127615897,-38.385568136941));
#1393=CARTESIAN_POINT('Ctrl Pts',(26.2862521369282,-1.53340023309341,-38.4492796725744));
#1394=CARTESIAN_POINT('Ctrl Pts',(26.4246695820963,-1.51682689413684,-38.4882869212215));
#1395=CARTESIAN_POINT('Ctrl Pts',(26.6764183579903,-1.51682690692553,-38.570085057012));
#1396=CARTESIAN_POINT('Ctrl Pts',(26.8113283074135,-1.53340025976697,-38.6198872623876));
#1397=CARTESIAN_POINT('Ctrl Pts',(27.0674657566823,-1.60420132957597,-38.7272302259156));
#1398=CARTESIAN_POINT('Ctrl Pts',(27.1887313673559,-1.65847503537153,-38.7846496697386));
#1399=CARTESIAN_POINT('Ctrl Pts',(27.4153459892733,-1.79895999972691,-38.9010025832899));
#1400=CARTESIAN_POINT('Ctrl Pts',(27.5456651381711,-1.9155691689115,-38.9759781845721));
#1401=CARTESIAN_POINT('Ctrl Pts',(27.7355683256237,-2.15696772232287,-39.0933019340982));
#1402=CARTESIAN_POINT('Ctrl Pts',(27.8199560809192,-2.31174918493032,-39.1504358300677));
#1403=CARTESIAN_POINT('Ctrl Pts',(27.9311707044863,-2.64812456867893,-39.2282104255972));
#1404=CARTESIAN_POINT('Ctrl Pts',(27.9581876633282,-2.82976950130433,-39.2483577713546));
#1405=CARTESIAN_POINT('Ctrl Pts',(27.9581876460329,-3.17023063541581,-39.2483577713546));
#1406=CARTESIAN_POINT('Ctrl Pts',(27.9311706687361,-3.35187556529632,-39.2282104255972));
#1407=CARTESIAN_POINT('Ctrl Pts',(27.8697130765326,-3.53775772226162,-39.1852319237263));
#1408=CARTESIAN_POINT('Ctrl Pts',(27.8635606456823,-3.55531231042035,-39.1809479839621));
#1409=CARTESIAN_POINT('Ctrl Pts',(27.8571143164519,-3.57270306803449,-39.1764828086369));
#1410=CARTESIAN_POINT('',(25.1128202600759,-3.5722271381299,-38.2848724483093));
#1411=CARTESIAN_POINT('Ctrl Pts',(25.1128202600816,-3.57222713812731,-38.2848724483133));
#1412=CARTESIAN_POINT('Ctrl Pts',(25.1050582183518,-3.55499201065456,-38.284697877255));
#1413=CARTESIAN_POINT('Ctrl Pts',(25.0976343484053,-3.53759623461759,-38.2845489180235));
#1414=CARTESIAN_POINT('Ctrl Pts',(25.0227170845222,-3.35187541754858,-38.2831965705069));
#1415=CARTESIAN_POINT('Ctrl Pts',(24.989017594736,-3.17023048458371,-38.2836159402234));
#1416=CARTESIAN_POINT('Ctrl Pts',(24.9890176033837,-2.99999991752797,-38.2836159402234));
#1417=CARTESIAN_POINT('Origin',(25.9507747090346,-2.56456152063647,-38.9653596056641));
#1418=CARTESIAN_POINT('',(24.8433924028473,-2.9999999101303,-38.6055492670529));
#1419=CARTESIAN_POINT('Origin',(26.3650828289196,-2.99999998743128,-39.0999764580529));
#1420=CARTESIAN_POINT('',(27.8867732549918,-3.00000006473226,-39.5944036490528));
#1421=CARTESIAN_POINT('Origin',(26.3650828289196,-2.99999998743128,-39.0999764580529));
#1422=CARTESIAN_POINT('Origin',(25.6918321341065,-2.29241247888972,-38.8812240729212));
#1423=CARTESIAN_POINT('',(24.860218180242,-4.6823482523156,-38.285551306777));
#1424=CARTESIAN_POINT('Ctrl Pts',(25.1128202600816,-3.57222713812732,-38.2848724483133));
#1425=CARTESIAN_POINT('Ctrl Pts',(25.1417436007265,-3.63644960437604,-38.2855229444537));
#1426=CARTESIAN_POINT('Ctrl Pts',(25.1626554229521,-3.70403553646836,-38.2862247911228));
#1427=CARTESIAN_POINT('Ctrl Pts',(25.1964334494956,-3.88916671089237,-38.2874062325793));
#1428=CARTESIAN_POINT('Ctrl Pts',(25.1946456276991,-4.00760670770038,-38.2873305296258));
#1429=CARTESIAN_POINT('Ctrl Pts',(25.1473921303691,-4.25032873338143,-38.2857076342143));
#1430=CARTESIAN_POINT('Ctrl Pts',(25.0976399551649,-4.37208203730066,-38.2840597552756));
#1431=CARTESIAN_POINT('Ctrl Pts',(24.979856166767,-4.55521546685773,-38.2834208270801));
#1432=CARTESIAN_POINT('Ctrl Pts',(24.9236723711177,-4.62251997775776,-38.2837829221217));
#1433=CARTESIAN_POINT('Ctrl Pts',(24.860218180242,-4.6823482523156,-38.285551306777));
#1434=CARTESIAN_POINT('Origin',(26.3644779932394,-2.99936430420757,-39.0997799350508));
#1435=CARTESIAN_POINT('Origin',(21.8413283809679,-2.29337349401201,-40.133305758173));
#1436=CARTESIAN_POINT('',(22.164920217669,-4.68341574490452,-39.161306503045));
#1437=CARTESIAN_POINT('',(21.95999076641,-3.5727027684667,-39.3093633327347));
#1438=CARTESIAN_POINT('Ctrl Pts',(22.164920217669,-4.68341574490452,-39.161306503045));
#1439=CARTESIAN_POINT('Ctrl Pts',(22.1573311139491,-4.67475425405493,-39.1665035808032));
#1440=CARTESIAN_POINT('Ctrl Pts',(22.1498743529922,-4.66592612944818,-39.1716406866042));
#1441=CARTESIAN_POINT('Ctrl Pts',(22.0621467148642,-4.55817302116721,-39.2324174104831));
#1442=CARTESIAN_POINT('Ctrl Pts',(21.9996391170358,-4.44153091476645,-39.2791342014231));
#1443=CARTESIAN_POINT('Ctrl Pts',(21.9184741520942,-4.19229508364776,-39.3410148999499));
#1444=CARTESIAN_POINT('Ctrl Pts',(21.8979904666422,-4.06282408211144,-39.35734899472));
#1445=CARTESIAN_POINT('Ctrl Pts',(21.8993742518665,-3.81442049148749,-39.3562610293043));
#1446=CARTESIAN_POINT('Ctrl Pts',(21.9174684099961,-3.69781894130583,-39.3418358818354));
#1447=CARTESIAN_POINT('Ctrl Pts',(21.9561325564697,-3.5836124380339,-39.3123037847115));
#1448=CARTESIAN_POINT('Ctrl Pts',(21.9580396002102,-3.57814179840339,-39.3108492296017));
#1449=CARTESIAN_POINT('Ctrl Pts',(21.9599907664078,-3.57270276846407,-39.3093633327414));
#1450=CARTESIAN_POINT('Origin',(21.6816504796185,-2.56515281806016,-40.3530834921979));
#1451=CARTESIAN_POINT('Origin',(21.4257924790542,-3.00063521016363,-40.7052417502972));
#1452=CARTESIAN_POINT('Origin',(21.4261658374596,-2.9999997365372,-40.7047278666376));
#1453=CARTESIAN_POINT('',(20.2245333072728,-2.99999967549497,-41.7611743926847));
#1454=CARTESIAN_POINT('Ctrl Pts',(20.2245333072728,-2.99999967549497,-41.7611743926847));
#1455=CARTESIAN_POINT('Ctrl Pts',(20.2245333159204,-2.82976910843923,-41.7611743926847));
#1456=CARTESIAN_POINT('Ctrl Pts',(20.2345481987434,-2.64812417769503,-41.7289946721826));
#1457=CARTESIAN_POINT('Ctrl Pts',(20.2788079898888,-2.31174880184442,-41.6007033770527));
#1458=CARTESIAN_POINT('Ctrl Pts',(20.3134966708071,-2.156967345286,-41.5048792016001));
#1459=CARTESIAN_POINT('Ctrl Pts',(20.3981704292109,-1.91556880582297,-41.2983399942338));
#1460=CARTESIAN_POINT('Ctrl Pts',(20.4595312933623,-1.79895964637561,-41.1610837813377));
#1461=CARTESIAN_POINT('Ctrl Pts',(20.5744758599308,-1.65847469937123,-40.9337515600181));
#1462=CARTESIAN_POINT('Ctrl Pts',(20.6388315025125,-1.60420100300512,-40.8160201149729));
#1463=CARTESIAN_POINT('Ctrl Pts',(20.7829564474742,-1.53339995352922,-40.5786240158981));
#1464=CARTESIAN_POINT('Ctrl Pts',(20.8628278889394,-1.51682661159854,-40.4590351062385));
#1465=CARTESIAN_POINT('Ctrl Pts',(21.018417189068,-1.51682661950238,-40.2448848065227));
#1466=CARTESIAN_POINT('Ctrl Pts',(21.1074713675167,-1.53339997001438,-40.1319675470284));
#1467=CARTESIAN_POINT('Ctrl Pts',(21.2887114146931,-1.60420103601863,-39.9215371533701));
#1468=CARTESIAN_POINT('Ctrl Pts',(21.3807936835294,-1.65847474033169,-39.8239502854633));
#1469=CARTESIAN_POINT('Ctrl Pts',(21.5614796445673,-1.79895970235393,-39.644381993446));
#1470=CARTESIAN_POINT('Ctrl Pts',(21.6730565063387,-1.91556887058642,-39.5436098470147));
#1471=CARTESIAN_POINT('Ctrl Pts',(21.843321326577,-2.15696742300017,-39.3992562039073));
#1472=CARTESIAN_POINT('Ctrl Pts',(21.9237361357105,-2.31174888540579,-39.3366540166695));
#1473=CARTESIAN_POINT('Ctrl Pts',(22.032071368489,-2.64812426900814,-39.2549162797166));
#1474=CARTESIAN_POINT('Ctrl Pts',(22.0595813260002,-2.82976920165859,-39.2354474884143));
#1475=CARTESIAN_POINT('Ctrl Pts',(22.0595813087049,-3.17023033577007,-39.2354474884143));
#1476=CARTESIAN_POINT('Ctrl Pts',(22.0320713327389,-3.35187526562554,-39.2549162797166));
#1477=CARTESIAN_POINT('Ctrl Pts',(21.972204901525,-3.53775742267167,-39.3000848268062));
#1478=CARTESIAN_POINT('Ctrl Pts',(21.9662294263912,-3.55531201083938,-39.3046123252192));
#1479=CARTESIAN_POINT('Ctrl Pts',(21.9599907664078,-3.57270276846406,-39.3093633327414));
#1480=CARTESIAN_POINT('',(20.2639854222563,-3.57222689181194,-41.6438193240089));
#1481=CARTESIAN_POINT('Ctrl Pts',(20.2639854222618,-3.57222689180937,-41.6438193240047));
#1482=CARTESIAN_POINT('Ctrl Pts',(20.2614207931187,-3.55499176460063,-41.6511475197806));
#1483=CARTESIAN_POINT('Ctrl Pts',(20.258985023104,-3.53759598881705,-41.6581620095758));
#1484=CARTESIAN_POINT('Ctrl Pts',(20.2345481629933,-3.3518751743124,-41.7289946721826));
#1485=CARTESIAN_POINT('Ctrl Pts',(20.2245332986252,-3.1702302425507,-41.7611743926847));
#1486=CARTESIAN_POINT('Ctrl Pts',(20.2245333072728,-2.99999967549497,-41.7611743926847));
#1487=CARTESIAN_POINT('Origin',(21.1701093681247,-2.56456127778149,-41.0571594297282));
#1488=CARTESIAN_POINT('',(20.4857094337916,-2.99999968876256,-41.9991550576375));
#1489=CARTESIAN_POINT('Origin',(21.4261658374596,-2.9999997365372,-40.7047278666376));
#1490=CARTESIAN_POINT('',(22.3666222411275,-2.99999978431183,-39.4103006756377));
#1491=CARTESIAN_POINT('Origin',(21.4261658374596,-2.9999997365372,-40.7047278666376));
#1492=CARTESIAN_POINT('Origin',(21.0100740747904,-2.29241224105917,-41.2774291566598));
#1493=CARTESIAN_POINT('',(20.1865726805755,-4.68234801489717,-41.8842679032345));
#1494=CARTESIAN_POINT('Ctrl Pts',(20.2639854222618,-3.57222689180937,-41.6438193240048));
#1495=CARTESIAN_POINT('Ctrl Pts',(20.2735418823941,-3.63644935707427,-41.6165126036707));
#1496=CARTESIAN_POINT('Ctrl Pts',(20.2806714843209,-3.70403528846646,-41.5968411581584));
#1497=CARTESIAN_POINT('Ctrl Pts',(20.2922330796566,-3.88916646176189,-41.5650814224502));
#1498=CARTESIAN_POINT('Ctrl Pts',(20.291608610394,-4.00760645862901,-41.5667583427985));
#1499=CARTESIAN_POINT('Ctrl Pts',(20.275463002899,-4.2503284858903,-41.6111975753629));
#1500=CARTESIAN_POINT('Ctrl Pts',(20.2585215049774,-4.37208179147629,-41.6580054773118));
#1501=CARTESIAN_POINT('Ctrl Pts',(20.2215166494486,-4.5552152251369,-41.7698270682632));
#1502=CARTESIAN_POINT('Ctrl Pts',(20.2044992722708,-4.62251973802655,-41.8233729234953));
#1503=CARTESIAN_POINT('Ctrl Pts',(20.1865726805755,-4.68234801489717,-41.8842679032345));
#1504=CARTESIAN_POINT('Origin',(21.4257920284962,-2.99936405332523,-40.7052423706358));
#1505=CARTESIAN_POINT('Origin',(21.0110034238249,-2.293373451832,-45.3263903611433));
#1506=CARTESIAN_POINT('',(20.1865724912889,-4.68341564440563,-44.718271832404));
#1507=CARTESIAN_POINT('',(20.264056259848,-3.57270268231424,-44.9589234525741));
#1508=CARTESIAN_POINT('Ctrl Pts',(20.1865724912889,-4.68341564440562,-44.718271832404));
#1509=CARTESIAN_POINT('Ctrl Pts',(20.189170044239,-4.67475415407351,-44.7270954847165));
#1510=CARTESIAN_POINT('Ctrl Pts',(20.1917514566371,-4.6659260299767,-44.735774739236));
#1511=CARTESIAN_POINT('Ctrl Pts',(20.2224442286456,-4.55817292771143,-44.8379897268837));
#1512=CARTESIAN_POINT('Ctrl Pts',(20.2475586311773,-4.44153082576181,-44.9118742730748));
#1513=CARTESIAN_POINT('Ctrl Pts',(20.2813293279779,-4.19229500048177,-45.0081889413873));
#1514=CARTESIAN_POINT('Ctrl Pts',(20.2905341728793,-4.06282400045361,-45.032717603041));
#1515=CARTESIAN_POINT('Ctrl Pts',(20.2899270781514,-3.81442040972856,-45.0310653572847));
#1516=CARTESIAN_POINT('Ctrl Pts',(20.2817993541064,-3.69781885821483,-45.0093991802078));
#1517=CARTESIAN_POINT('Ctrl Pts',(20.2656605430391,-3.58361235215893,-44.9635014773839));
#1518=CARTESIAN_POINT('Ctrl Pts',(20.2648664880404,-3.57814171239121,-44.9612382890238));
#1519=CARTESIAN_POINT('Ctrl Pts',(20.2640562598538,-3.5727026823116,-44.9589234525783));
#1520=CARTESIAN_POINT('Origin',(21.1706812752229,-2.56515279210323,-45.5461681113983));
#1521=CARTESIAN_POINT('Origin',(21.4265391957481,-3.00063521020157,-45.8983263955039));
#1522=CARTESIAN_POINT('Origin',(21.4261658374596,-2.9999997365372,-45.8978125118063));
#1523=CARTESIAN_POINT('',(22.0595813173526,-2.99999976871433,-47.3670928900296));
#1524=CARTESIAN_POINT('Ctrl Pts',(22.0595813173526,-2.99999976871433,-47.3670928900296));
#1525=CARTESIAN_POINT('Ctrl Pts',(22.0595813260002,-2.82976920165859,-47.3670928900296));
#1526=CARTESIAN_POINT('Ctrl Pts',(22.0320713684891,-2.64812426900815,-47.3476240987273));
#1527=CARTESIAN_POINT('Ctrl Pts',(21.9237361357106,-2.3117488854058,-47.2658863617744));
#1528=CARTESIAN_POINT('Ctrl Pts',(21.8433213265771,-2.15696742300018,-47.2032841745366));
#1529=CARTESIAN_POINT('Ctrl Pts',(21.6730565063388,-1.91556887058643,-47.0589305314292));
#1530=CARTESIAN_POINT('Ctrl Pts',(21.5614796445674,-1.79895970235393,-46.9581583849979));
#1531=CARTESIAN_POINT('Ctrl Pts',(21.3807936835294,-1.6584747403317,-46.7785900929806));
#1532=CARTESIAN_POINT('Ctrl Pts',(21.2887114146932,-1.60420103601863,-46.6810032250738));
#1533=CARTESIAN_POINT('Ctrl Pts',(21.1074713675168,-1.53339997001438,-46.4705728314155));
#1534=CARTESIAN_POINT('Ctrl Pts',(21.0184171890681,-1.51682661950238,-46.3576555719212));
#1535=CARTESIAN_POINT('Ctrl Pts',(20.8628278889394,-1.51682661159853,-46.1435052722054));
#1536=CARTESIAN_POINT('Ctrl Pts',(20.7829564474742,-1.53339995352921,-46.0239163625458));
#1537=CARTESIAN_POINT('Ctrl Pts',(20.6388315025126,-1.60420100300511,-45.786520263471));
#1538=CARTESIAN_POINT('Ctrl Pts',(20.5744758599308,-1.65847469937122,-45.6687888184259));
#1539=CARTESIAN_POINT('Ctrl Pts',(20.4595312933623,-1.79895964637559,-45.4414565971062));
#1540=CARTESIAN_POINT('Ctrl Pts',(20.398170429211,-1.91556880582295,-45.3042003842101));
#1541=CARTESIAN_POINT('Ctrl Pts',(20.3134966708071,-2.15696734528597,-45.0976611768438));
#1542=CARTESIAN_POINT('Ctrl Pts',(20.2788079898888,-2.3117488018444,-45.0018370013912));
#1543=CARTESIAN_POINT('Ctrl Pts',(20.2345481987434,-2.64812417769502,-44.8735457062614));
#1544=CARTESIAN_POINT('Ctrl Pts',(20.2245333159204,-2.82976910843923,-44.8413659857592));
#1545=CARTESIAN_POINT('Ctrl Pts',(20.2245332986252,-3.17023024255071,-44.8413659857592));
#1546=CARTESIAN_POINT('Ctrl Pts',(20.2345481629933,-3.35187517431242,-44.8735457062613));
#1547=CARTESIAN_POINT('Ctrl Pts',(20.259006252872,-3.53775733564219,-44.944439905456));
#1548=CARTESIAN_POINT('Ctrl Pts',(20.2614656357582,-3.55531192423839,-44.9515219931235));
#1549=CARTESIAN_POINT('Ctrl Pts',(20.2640562598538,-3.5727026823116,-44.9589234525783));
#1550=CARTESIAN_POINT('',(21.9601613684761,-3.57222697797668,-47.29330696075));
#1551=CARTESIAN_POINT('Ctrl Pts',(21.9601613684739,-3.5722269779741,-47.2933069607434));
#1552=CARTESIAN_POINT('Ctrl Pts',(21.9663383834346,-3.55499185120944,-47.2980106058674));
#1553=CARTESIAN_POINT('Ctrl Pts',(21.9722568659445,-3.53759607585025,-47.3024947582061));
#1554=CARTESIAN_POINT('Ctrl Pts',(22.032071332739,-3.35187526562554,-47.3476240987273));
#1555=CARTESIAN_POINT('Ctrl Pts',(22.059581308705,-3.17023033577007,-47.3670928900296));
#1556=CARTESIAN_POINT('Ctrl Pts',(22.0595813173526,-2.99999976871433,-47.3670928900296));
#1557=CARTESIAN_POINT('Origin',(21.6822223868254,-2.56456130379652,-46.2502440488933));
#1558=CARTESIAN_POINT('',(22.3666222411275,-2.99999978431183,-47.1922397028062));
#1559=CARTESIAN_POINT('Origin',(21.4261658374596,-2.9999997365372,-45.8978125118063));
#1560=CARTESIAN_POINT('',(20.4857094337916,-2.99999968876256,-44.6033853208064));
#1561=CARTESIAN_POINT('Origin',(21.4261658374596,-2.9999997365372,-45.8978125118063));
#1562=CARTESIAN_POINT('Origin',(21.8422577301791,-2.2924122833336,-46.4705137595726));
#1563=CARTESIAN_POINT('',(22.1649196648559,-4.68234811539693,-47.4412334967909));
#1564=CARTESIAN_POINT('Ctrl Pts',(21.9601613684739,-3.5722269779741,-47.2933069607434));
#1565=CARTESIAN_POINT('Ctrl Pts',(21.9371442404942,-3.63644944158427,-47.2757799833153));
#1566=CARTESIAN_POINT('Ctrl Pts',(21.9206387498408,-3.70403537177583,-47.2629205147117));
#1567=CARTESIAN_POINT('Ctrl Pts',(21.8940061691822,-3.88916654313102,-47.2421104771139));
#1568=CARTESIAN_POINT('Ctrl Pts',(21.8954080394347,-4.00760654010107,-47.243222573839));
#1569=CARTESIAN_POINT('Ctrl Pts',(21.9326829855239,-4.25032857007609,-47.2723104254094));
#1570=CARTESIAN_POINT('Ctrl Pts',(21.9719647306448,-4.37208187851819,-47.3028871786945));
#1571=CARTESIAN_POINT('Ctrl Pts',(22.0668782477208,-4.55521531888054,-47.3726356507742));
#1572=CARTESIAN_POINT('Ctrl Pts',(22.11254472115,-4.62251983495481,-47.4053667142229));
#1573=CARTESIAN_POINT('Ctrl Pts',(22.1649196648559,-4.68234811539693,-47.4412334967909));
#1574=CARTESIAN_POINT('Origin',(21.4265396465398,-2.9993640533632,-45.8983270157666));
#1575=CARTESIAN_POINT('Origin',(25.6933358525409,-2.29337368969174,-47.7208277178212));
#1576=CARTESIAN_POINT('',(24.8602175103675,-4.68341588182405,-48.3169890529998));
#1577=CARTESIAN_POINT('',(25.1130346421479,-3.5727029286395,-48.317663104023));
#1578=CARTESIAN_POINT('Ctrl Pts',(24.8602175103675,-4.68341588182405,-48.3169890529998));
#1579=CARTESIAN_POINT('Ctrl Pts',(24.8694119907062,-4.67475439182706,-48.3172452922757));
#1580=CARTESIAN_POINT('Ctrl Pts',(24.878464152884,-4.66592626805896,-48.3174722607647));
#1581=CARTESIAN_POINT('Ctrl Pts',(24.9851609748867,-4.55817316965464,-48.3198678734117));
#1582=CARTESIAN_POINT('Ctrl Pts',(25.0631901352754,-4.44153107039306,-48.3188142432612));
#1583=CARTESIAN_POINT('Ctrl Pts',(25.1652265561607,-4.19229524858089,-48.3164592833667));
#1584=CARTESIAN_POINT('Ctrl Pts',(25.1913991577122,-4.06282424941468,-48.3152847351972));
#1585=CARTESIAN_POINT('Ctrl Pts',(25.1896401847504,-3.81442065863107,-48.3153515565777));
#1586=CARTESIAN_POINT('Ctrl Pts',(25.1665228250956,-3.6978191063559,-48.3163862702068));
#1587=CARTESIAN_POINT('Ctrl Pts',(25.117884352862,-3.58361259864905,-48.31755202698));
#1588=CARTESIAN_POINT('Ctrl Pts',(25.1154865565274,-3.57814195879985,-48.3176078547603));
#1589=CARTESIAN_POINT('Ctrl Pts',(25.1130346421537,-3.57270292863686,-48.3176631040188));
#1590=CARTESIAN_POINT('Origin',(25.951700074225,-2.56515303497618,-47.636880103425));
#1591=CARTESIAN_POINT('Origin',(26.3656869353926,-3.00063546110738,-47.5023676343228));
#1592=CARTESIAN_POINT('Origin',(28.5758141500528,-2.99999952696339,-54.3023817619287));
#1593=CARTESIAN_POINT('',(24.5203627738843,-4.99999972074022,-48.2959597953902));
#1594=CARTESIAN_POINT('',(25.0678414510818,-4.99999980951111,-49.9809263958849));
#1595=CARTESIAN_POINT('Origin',(24.9999997459384,-3.00127053293295,-43.3012701892219));
#1596=CARTESIAN_POINT('Origin',(27.0383335734075,-2.2924125472912,-47.2838114668879));
#1597=CARTESIAN_POINT('',(27.8572905919595,-3.57222727754738,-47.4259354635788));
#1598=CARTESIAN_POINT('Origin',(26.7793909793737,-2.56456156272969,-47.3679470259275));
#1599=CARTESIAN_POINT('',(28.0612508423471,-4.68234841492619,-47.2769105114641));
#1600=CARTESIAN_POINT('Ctrl Pts',(27.8572905919526,-3.5722272775448,-47.4259354635788));
#1601=CARTESIAN_POINT('Ctrl Pts',(27.8335087598969,-3.63644974111614,-47.4424099161422));
#1602=CARTESIAN_POINT('Ctrl Pts',(27.8161781990006,-3.70403567126578,-47.4541337729803));
#1603=CARTESIAN_POINT('Ctrl Pts',(27.7881567506129,-3.88916684255039,-47.4730321981458));
#1604=CARTESIAN_POINT('Ctrl Pts',(27.7896476150245,-4.00760683952495,-47.4720425913725));
#1605=CARTESIAN_POINT('Ctrl Pts',(27.8288303890917,-4.25032886959694,-47.4455806397382));
#1606=CARTESIAN_POINT('Ctrl Pts',(27.8700493320879,-4.37208217813745,-47.4176702105851));
#1607=CARTESIAN_POINT('Ctrl Pts',(27.9657139543048,-4.55521561853756,-47.3489555460423));
#1608=CARTESIAN_POINT('Ctrl Pts',(28.0109547594831,-4.62252013458989,-47.3156386005093));
#1609=CARTESIAN_POINT('Ctrl Pts',(28.0612508423471,-4.68234841492619,-47.2769105114641));
#1610=CARTESIAN_POINT('Origin',(26.3656876646445,-2.99936430426902,-47.5023673973276));
#1611=CARTESIAN_POINT('Origin',(31.3326692066267,-5.89999960218996,-53.4066253614216));
#1612=CARTESIAN_POINT('',(28.3244833289225,-4.99999991398731,-47.0595655502731));
#1613=CARTESIAN_POINT('Origin',(24.9999997460675,-2.99872821858399,-43.3012701892219));
#1614=CARTESIAN_POINT('',(28.8720683587827,-5.00000000276361,-48.74485849352));
#1615=CARTESIAN_POINT('Origin',(25.8165410054942,-5.89999932197388,-31.4036163175286));
#1616=CARTESIAN_POINT('',(24.5195064330916,-4.99999972069672,-38.3066628910042));
#1617=CARTESIAN_POINT('Origin',(24.9999997460675,-2.99872821858399,-43.3012701892219));
#1618=CARTESIAN_POINT('',(25.0670911189313,-4.999999809473,-36.6213700298284));
#1619=CARTESIAN_POINT('Origin',(28.573396265657,-2.99999952684056,-32.2993729982518));
#1620=CARTESIAN_POINT('',(28.3238389140676,-4.99999991395458,-39.5424048951511));
#1621=CARTESIAN_POINT('',(28.8713179355542,-5.00000000272549,-37.8574382125026));
#1622=CARTESIAN_POINT('Origin',(24.9999997459384,-3.00127053293296,-43.3012701892219));
#1623=CARTESIAN_POINT('Origin',(13.9369835267014,-5.89999871849933,-38.8481159239068));
#1624=CARTESIAN_POINT('',(20.1013652591214,-4.99999949625774,-42.2148278534979));
#1625=CARTESIAN_POINT('Origin',(24.9999997460675,-2.99872821858399,-43.3012701892219));
#1626=CARTESIAN_POINT('',(20.3943253456742,-4.99999957209924,-42.4276758679754));
#1627=CARTESIAN_POINT('Origin',(15.6408139831348,-2.99999886987297,-36.5029949415228));
#1628=CARTESIAN_POINT('',(22.4522291334992,-4.99999961568025,-38.9785579372567));
#1629=CARTESIAN_POINT('',(22.7454667117338,-4.99999969153584,-39.19160745604));
#1630=CARTESIAN_POINT('Origin',(24.9999997459384,-3.00127053293295,-43.3012701892219));
#1631=CARTESIAN_POINT('Origin',(15.6423083178723,-2.99999886994888,-50.1016022122369));
#1632=CARTESIAN_POINT('',(20.1015516034667,-4.99999949626721,-44.3885523879926));
#1633=CARTESIAN_POINT('',(20.3947892239251,-4.9999995721228,-44.1755027333051));
#1634=CARTESIAN_POINT('Origin',(24.9999997459384,-3.00127053293296,-43.3012701892219));
#1635=CARTESIAN_POINT('Origin',(17.3461382413031,-5.89999889168239,-52.446723367804));
#1636=CARTESIAN_POINT('',(22.452970307153,-4.9999996157179,-47.6244191971454));
#1637=CARTESIAN_POINT('Origin',(24.9999997460675,-2.99872821858398,-43.3012701892219));
#1638=CARTESIAN_POINT('',(22.7459303515394,-4.99999969155939,-47.4115713184811));
#1639=CARTESIAN_POINT('Origin',(28.8176660132979,-5.,-43.3012701892219));
#1640=CARTESIAN_POINT('',(29.6020157971027,-4.99999997888521,-45.3008759303191));
#1641=CARTESIAN_POINT('Origin',(24.9999996444041,-4.99999974510549,-43.3012701892219));
#1642=CARTESIAN_POINT('',(32.6926658608428,-5.00000019684772,-45.3008761483771));
#1643=CARTESIAN_POINT('Origin',(28.8176660132979,-5.,-43.3012701892219));
#1644=CARTESIAN_POINT('Origin',(24.9999996444041,-4.99999974510549,-43.3012701892219));
#1645=CARTESIAN_POINT('Origin',(28.8176660132979,-5.,-43.3012701892219));
#1646=CARTESIAN_POINT('',(19.9823333771092,-4.99999949021099,-43.3012701892219));
#1647=CARTESIAN_POINT('Origin',(24.9999996444041,-4.99999974510549,-43.3012701892219));
#1648=CARTESIAN_POINT('Origin',(24.9999996444041,-4.99999974510549,-43.3012701892219));
#1649=CARTESIAN_POINT('Origin',(28.8176660132979,-5.,-43.3012701892219));
#1650=CARTESIAN_POINT('',(29.6016728937321,-4.9999999788678,-41.3008754541892));
#1651=CARTESIAN_POINT('',(32.6926660082101,-5.00000019684773,-41.3008752363048));
#1652=CARTESIAN_POINT('Origin',(24.9999996444041,-4.99999974510549,-43.3012701892219));
#1653=CARTESIAN_POINT('Origin',(28.8176660132979,-5.,-43.3012701892219));
#1654=CARTESIAN_POINT('Origin',(24.9999996444041,-4.99999974510549,-43.3012701892219));
#1655=CARTESIAN_POINT('Origin',(24.9999997460029,-2.9999997451055,-43.3012701892219));
#1656=CARTESIAN_POINT('',(29.7270369788749,-4.6823484954815,-41.6183877319076));
#1657=CARTESIAN_POINT('Origin',(24.9999997460675,-2.998728218584,-43.3012701892219));
#1658=CARTESIAN_POINT('',(29.8057409419028,-3.57222737652752,-41.8584167494628));
#1659=CARTESIAN_POINT('Ctrl Pts',(29.8057409419007,-3.57222737652495,-41.8584167494694));
#1660=CARTESIAN_POINT('Ctrl Pts',(29.8140600848466,-3.636449841727,-41.8861254985278));
#1661=CARTESIAN_POINT('Ctrl Pts',(29.8198546950773,-3.70403577305138,-41.9062307091365));
#1662=CARTESIAN_POINT('Ctrl Pts',(29.8291690552215,-3.88916694623262,-41.9387206158205));
#1663=CARTESIAN_POINT('Ctrl Pts',(29.8286885815332,-4.00760694310704,-41.936996908474));
#1664=CARTESIAN_POINT('Ctrl Pts',(29.8156299045511,-4.25032897052518,-41.8915546713849));
#1665=CARTESIAN_POINT('Ctrl Pts',(29.8018228586348,-4.3720822762704,-41.8437283242427));
#1666=CARTESIAN_POINT('Ctrl Pts',(29.7660333176532,-4.55521570538886,-41.7315118567711));
#1667=CARTESIAN_POINT('Ctrl Pts',(29.7483271960916,-4.62252021443116,-41.6781897924275));
#1668=CARTESIAN_POINT('Ctrl Pts',(29.7270369386765,-4.68234848832594,-41.61838773906));
#1669=CARTESIAN_POINT('',(29.768678847325,-3.00000016033196,-41.7402851160828));
#1670=CARTESIAN_POINT('Ctrl Pts',(29.8057409419007,-3.57222737652494,-41.8584167494694));
#1671=CARTESIAN_POINT('Ctrl Pts',(29.8035083666428,-3.55499224933308,-41.8509806628461));
#1672=CARTESIAN_POINT('Ctrl Pts',(29.8013559339236,-3.53759647356389,-41.8438741111829));
#1673=CARTESIAN_POINT('Ctrl Pts',(29.7794913916487,-3.35187565918993,-41.7722056518463));
#1674=CARTESIAN_POINT('Ctrl Pts',(29.7686788386774,-3.1702307273877,-41.7402851160828));
#1675=CARTESIAN_POINT('Ctrl Pts',(29.768678847325,-3.00000016033196,-41.7402851160828));
#1676=CARTESIAN_POINT('',(29.8058025996847,-3.57270316702936,-44.743918248141));
#1677=CARTESIAN_POINT('Ctrl Pts',(29.768678847325,-3.00000016033196,-41.7402851160828));
#1678=CARTESIAN_POINT('Ctrl Pts',(29.7686788559726,-2.82976959327622,-41.7402851160828));
#1679=CARTESIAN_POINT('Ctrl Pts',(29.7794914273988,-2.64812466257254,-41.7722056518463));
#1680=CARTESIAN_POINT('Ctrl Pts',(29.8190922663814,-2.31174928648526,-41.9020107322976));
#1681=CARTESIAN_POINT('Ctrl Pts',(29.8473525853742,-2.15696782960027,-41.9999236091544));
#1682=CARTESIAN_POINT('Ctrl Pts',(29.9002507981418,-1.91556928852307,-42.2167873171564));
#1683=CARTESIAN_POINT('Ctrl Pts',(29.9312860046957,-1.79896012753519,-42.3638969335071));
#1684=CARTESIAN_POINT('Ctrl Pts',(29.9719164369034,-1.65847517675569,-42.6153752807891));
#1685=CARTESIAN_POINT('Ctrl Pts',(29.989052440487,-1.60420147799085,-42.7484493165937));
#1686=CARTESIAN_POINT('Ctrl Pts',(30.0119908431941,-1.53340042235874,-43.0252213101654));
#1687=CARTESIAN_POINT('Ctrl Pts',(30.0176660886422,-1.51682707665894,-43.1689180252966));
#1688=CARTESIAN_POINT('Ctrl Pts',(30.0176660886422,-1.51682707665894,-43.4336223531473));
#1689=CARTESIAN_POINT('Ctrl Pts',(30.0119908431941,-1.53340042235874,-43.5773190682784));
#1690=CARTESIAN_POINT('Ctrl Pts',(29.989052440487,-1.60420147799085,-43.8540910618501));
#1691=CARTESIAN_POINT('Ctrl Pts',(29.9719164369034,-1.65847517675569,-43.9871650976547));
#1692=CARTESIAN_POINT('Ctrl Pts',(29.9312860046957,-1.79896012753519,-44.2386434449367));
#1693=CARTESIAN_POINT('Ctrl Pts',(29.9002507981418,-1.91556928852307,-44.3857530612874));
#1694=CARTESIAN_POINT('Ctrl Pts',(29.8473525853742,-2.15696782960027,-44.6026167692895));
#1695=CARTESIAN_POINT('Ctrl Pts',(29.8190922663814,-2.31174928648525,-44.7005296461462));
#1696=CARTESIAN_POINT('Ctrl Pts',(29.7794914273988,-2.64812466257254,-44.8303347265976));
#1697=CARTESIAN_POINT('Ctrl Pts',(29.7686788559726,-2.82976959327622,-44.8622552623611));
#1698=CARTESIAN_POINT('Ctrl Pts',(29.7686788386774,-3.1702307273877,-44.8622552623611));
#1699=CARTESIAN_POINT('Ctrl Pts',(29.7794913916487,-3.35187565918993,-44.8303347265976));
#1700=CARTESIAN_POINT('Ctrl Pts',(29.8013749289646,-3.53775782038892,-44.7586040045663));
#1701=CARTESIAN_POINT('Ctrl Pts',(29.8035479914871,-3.55531240897057,-44.7514288857732));
#1702=CARTESIAN_POINT('Ctrl Pts',(29.8058025996826,-3.57270316702672,-44.7439182481342));
#1703=CARTESIAN_POINT('',(29.7270367540816,-4.68341612499302,-44.9841532778043));
#1704=CARTESIAN_POINT('Ctrl Pts',(29.7270367138853,-4.68341611783783,-44.9841532706459));
#1705=CARTESIAN_POINT('Ctrl Pts',(29.7301216615076,-4.67475463112586,-44.9754879867652));
#1706=CARTESIAN_POINT('Ctrl Pts',(29.7331347922952,-4.66592651079109,-44.9669490102296));
#1707=CARTESIAN_POINT('Ctrl Pts',(29.7683842890706,-4.55817341263956,-44.866214596251));
#1708=CARTESIAN_POINT('Ctrl Pts',(29.7914945679614,-4.44153131058814,-44.7916788708154));
#1709=CARTESIAN_POINT('Ctrl Pts',(29.8207858648554,-4.19229548508056,-44.6939087572459));
#1710=CARTESIAN_POINT('Ctrl Pts',(29.8277565863761,-4.06282448493891,-44.6686541849019));
#1711=CARTESIAN_POINT('Ctrl Pts',(29.827276593467,-3.81442089422029,-44.6703477285426));
#1712=CARTESIAN_POINT('Ctrl Pts',(29.821117011701,-3.69781934280656,-44.692653393811));
#1713=CARTESIAN_POINT('Ctrl Pts',(29.8071956017847,-3.58361283686331,-44.7392715739432));
#1714=CARTESIAN_POINT('Ctrl Pts',(29.8065077375345,-3.57814219710098,-44.7415692657691));
#1715=CARTESIAN_POINT('Ctrl Pts',(29.8058025996826,-3.57270316702672,-44.7439182481342));
#1716=CARTESIAN_POINT('Origin',(24.9999997459384,-3.00127053293294,-43.3012701892219));
#1717=CARTESIAN_POINT('',(27.9581876546806,-3.00000006836007,-47.3541826070892));
#1718=CARTESIAN_POINT('Ctrl Pts',(27.8572905919526,-3.57222727754481,-47.4259354635788));
#1719=CARTESIAN_POINT('Ctrl Pts',(27.8636728275005,-3.55499215079057,-47.4215142803607));
#1720=CARTESIAN_POINT('Ctrl Pts',(27.8697664220893,-3.53759637544028,-47.4172711491215));
#1721=CARTESIAN_POINT('Ctrl Pts',(27.9311706687362,-3.35187556529632,-47.3743299528467));
#1722=CARTESIAN_POINT('Ctrl Pts',(27.9581876460329,-3.17023063541581,-47.3541826070892));
#1723=CARTESIAN_POINT('Ctrl Pts',(27.9581876546806,-3.00000006836007,-47.3541826070892));
#1724=CARTESIAN_POINT('Ctrl Pts',(27.9581876546806,-3.00000006836007,-47.3541826070892));
#1725=CARTESIAN_POINT('Ctrl Pts',(27.9581876633282,-2.82976950130433,-47.3541826070892));
#1726=CARTESIAN_POINT('Ctrl Pts',(27.9311707044863,-2.64812456867894,-47.3743299528467));
#1727=CARTESIAN_POINT('Ctrl Pts',(27.8199560809192,-2.31174918493032,-47.4521045483762));
#1728=CARTESIAN_POINT('Ctrl Pts',(27.7355683256237,-2.15696772232287,-47.5092384443457));
#1729=CARTESIAN_POINT('Ctrl Pts',(27.5456651381711,-1.9155691689115,-47.6265621938717));
#1730=CARTESIAN_POINT('Ctrl Pts',(27.4153459892733,-1.79895999972691,-47.701537795154));
#1731=CARTESIAN_POINT('Ctrl Pts',(27.1887313673559,-1.65847503537152,-47.8178907087052));
#1732=CARTESIAN_POINT('Ctrl Pts',(27.0674657566823,-1.60420132957596,-47.8753101525283));
#1733=CARTESIAN_POINT('Ctrl Pts',(26.8113283074135,-1.53340025976696,-47.9826531160562));
#1734=CARTESIAN_POINT('Ctrl Pts',(26.6764183579903,-1.51682690692552,-48.0324553214319));
#1735=CARTESIAN_POINT('Ctrl Pts',(26.4246695820963,-1.51682689413683,-48.1142534572224));
#1736=CARTESIAN_POINT('Ctrl Pts',(26.2862521369282,-1.53340023309341,-48.1532607058695));
#1737=CARTESIAN_POINT('Ctrl Pts',(26.0159379701683,-1.60420127615897,-48.2169722415029));
#1738=CARTESIAN_POINT('Ctrl Pts',(25.8840817230385,-1.65847496909608,-48.2417970748272));
#1739=CARTESIAN_POINT('Ctrl Pts',(25.6323561031766,-1.79895990915207,-48.2808663273309));
#1740=CARTESIAN_POINT('Ctrl Pts',(25.4828561335943,-1.91556906412201,-48.2968094690253));
#1741=CARTESIAN_POINT('Ctrl Pts',(25.2602600357604,-2.15696759657866,-48.3135148619709));
#1742=CARTESIAN_POINT('Ctrl Pts',(25.1584064319283,-2.31174904972515,-48.3168944518351));
#1743=CARTESIAN_POINT('Ctrl Pts',(25.0227171202724,-2.64812442093119,-48.319343807937));
#1744=CARTESIAN_POINT('Ctrl Pts',(24.9890176120313,-2.82976935047224,-48.3189244382205));
#1745=CARTESIAN_POINT('Ctrl Pts',(24.989017594736,-3.17023048458371,-48.3189244382205));
#1746=CARTESIAN_POINT('Ctrl Pts',(25.0227170845222,-3.35187541754859,-48.319343807937));
#1747=CARTESIAN_POINT('Ctrl Pts',(25.0976994335316,-3.53775758144496,-48.3179902855549));
#1748=CARTESIAN_POINT('Ctrl Pts',(25.105194889648,-3.55531217029699,-48.3178397580317));
#1749=CARTESIAN_POINT('Ctrl Pts',(25.1130346421537,-3.57270292863686,-48.3176631040188));
#1750=CARTESIAN_POINT('',(19.9823335803068,-0.999999490210998,-43.3012701892219));
#1751=CARTESIAN_POINT('',(19.982333478708,-2.99999949021099,-43.3012701892219));
#1752=CARTESIAN_POINT('Origin',(24.9999998476018,-0.999999745105503,-43.3012701892219));
#1753=CARTESIAN_POINT('Origin',(26.3650828289196,-2.99999998743128,-47.502563920391));
#1754=CARTESIAN_POINT('',(27.8867732549918,-3.00000006473226,-47.0081367293911));
#1755=CARTESIAN_POINT('Origin',(26.3650828289196,-2.99999998743128,-47.502563920391));
#1756=CARTESIAN_POINT('',(24.8433924028474,-2.9999999101303,-47.996991111391));
#1757=CARTESIAN_POINT('Origin',(26.3650828289196,-2.99999998743128,-47.502563920391));
#1758=CARTESIAN_POINT('Origin',(29.4175013972563,-2.29337387887716,-44.0075867852105));
#1759=CARTESIAN_POINT('Origin',(29.4175013972563,-2.56515321103685,-43.7359265559841));
#1760=CARTESIAN_POINT('Origin',(29.4175013972563,-3.00063561613776,-43.3006349940627));
#1761=CARTESIAN_POINT('Origin',(36.5676660132979,-2.99999993294477,-43.2999990321696));
#1762=CARTESIAN_POINT('Origin',(29.4175013972563,-2.29241266815153,-42.5933724900683));
#1763=CARTESIAN_POINT('Origin',(29.4175013972563,-2.56456169674416,-42.8656408358966));
#1764=CARTESIAN_POINT('Origin',(29.4175013972563,-2.99936445929937,-43.3006342273288));
#1765=CARTESIAN_POINT('Origin',(36.5676660132979,-5.89999986812472,-40.4012699754488));
#1766=CARTESIAN_POINT('Origin',(29.4175013972563,-3.00000014249235,-43.3012701892219));
#1767=CARTESIAN_POINT('',(29.4175013972563,-3.00000014249235,-41.7012701892219));
#1768=CARTESIAN_POINT('Origin',(29.4175013972563,-3.00000014249235,-43.3012701892219));
#1769=CARTESIAN_POINT('',(29.4175013972563,-3.00000014249235,-44.9012701892219));
#1770=CARTESIAN_POINT('Origin',(29.4175013972563,-3.00000014249235,-43.3012701892219));
#1771=CARTESIAN_POINT('Origin',(30.0176660132979,-1.,-43.3012701892219));
#1772=UNCERTAINTY_MEASURE_WITH_UNIT(LENGTH_MEASURE(0.01),#1776,
'DISTANCE_ACCURACY_VALUE',
'Maximum model space distance between geometric entities at asserted c
onnectivities');
#1773=UNCERTAINTY_MEASURE_WITH_UNIT(LENGTH_MEASURE(0.01),#1776,
'DISTANCE_ACCURACY_VALUE',
'Maximum model space distance between geometric entities at asserted c
onnectivities');
#1774=(
GEOMETRIC_REPRESENTATION_CONTEXT(3)
GLOBAL_UNCERTAINTY_ASSIGNED_CONTEXT((#1772))
GLOBAL_UNIT_ASSIGNED_CONTEXT((#1776,#1778,#1779))
REPRESENTATION_CONTEXT('','3D')
);
#1775=(
GEOMETRIC_REPRESENTATION_CONTEXT(3)
GLOBAL_UNCERTAINTY_ASSIGNED_CONTEXT((#1773))
GLOBAL_UNIT_ASSIGNED_CONTEXT((#1776,#1778,#1779))
REPRESENTATION_CONTEXT('','3D')
);
#1776=(
LENGTH_UNIT()
NAMED_UNIT(*)
SI_UNIT(.MILLI.,.METRE.)
);
#1777=(
LENGTH_UNIT()
NAMED_UNIT(*)
SI_UNIT($,.METRE.)
);
#1778=(
NAMED_UNIT(*)
PLANE_ANGLE_UNIT()
SI_UNIT($,.RADIAN.)
);
#1779=(
NAMED_UNIT(*)
SI_UNIT($,.STERADIAN.)
SOLID_ANGLE_UNIT()
);
#1780=SHAPE_DEFINITION_REPRESENTATION(#1781,#1782);
#1781=PRODUCT_DEFINITION_SHAPE('',$,#1784);
#1782=SHAPE_REPRESENTATION('',(#747),#1774);
#1783=PRODUCT_DEFINITION_CONTEXT('part definition',#1788,'design');
#1784=PRODUCT_DEFINITION('\X2\5C0F817F4FDD630167B6\X0\',
'\X2\5C0F817F4FDD630167B6\X0\',#1785,#1783);
#1785=PRODUCT_DEFINITION_FORMATION('',$,#1790);
#1786=PRODUCT_RELATED_PRODUCT_CATEGORY('\X2\5C0F817F4FDD630167B6\X0\',
'\X2\5C0F817F4FDD630167B6\X0\',(#1790));
#1787=APPLICATION_PROTOCOL_DEFINITION('international standard',
'automotive_design',2009,#1788);
#1788=APPLICATION_CONTEXT(
'Core Data for Automotive Mechanical Design Process');
#1789=PRODUCT_CONTEXT('part definition',#1788,'mechanical');
#1790=PRODUCT('\X2\5C0F817F4FDD630167B6\X0\','\X2\5C0F817F4FDD630167B6\X0\',
$,(#1789));
#1791=PRESENTATION_STYLE_ASSIGNMENT((#1792));
#1792=SURFACE_STYLE_USAGE(.BOTH.,#1793);
#1793=SURFACE_SIDE_STYLE('',(#1794));
#1794=SURFACE_STYLE_FILL_AREA(#1795);
#1795=FILL_AREA_STYLE('\X2\94A2\X0\ - \X2\7F0E5149\X0\',(#1796));
#1796=FILL_AREA_STYLE_COLOUR('\X2\94A2\X0\ - \X2\7F0E5149\X0\',#1797);
#1797=COLOUR_RGB('\X2\94A2\X0\ - \X2\7F0E5149\X0\',0.627450980392157,0.627450980392157,
0.627450980392157);
ENDSEC;
END-ISO-10303-21;
