ISO-10303-21;
HEADER;
/* Generated by software containing ST-Developer
 * from STEP Tools, Inc. (www.steptools.com) 
 */

FILE_DESCRIPTION(
/* description */ (''),
/* implementation_level */ '2;1');

FILE_NAME(
/* name */ '',
/* time_stamp */ '2026-07-15T11:45:18+08:00',
/* author */ (''),
/* organization */ (''),
/* preprocessor_version */ 'ST-DEVELOPER v20.1',
/* originating_system */ 'Autodesk Translation Framework v15.8.0.0',
/* authorisation */ '');

FILE_SCHEMA (('AUTOMOTIVE_DESIGN { 1 0 10303 214 3 1 1 }'));
ENDSEC;

DATA;
#10=MECHANICAL_DESIGN_GEOMETRIC_PRESENTATION_REPRESENTATION('',(#72,#73,
#74,#75,#76,#77,#78,#79),#7691);
#11=ITEM_DEFINED_TRANSFORMATION($,$,#3137,#3399);
#12=ITEM_DEFINED_TRANSFORMATION($,$,#3205,#3400);
#13=ITEM_DEFINED_TRANSFORMATION($,$,#3303,#3401);
#14=ITEM_DEFINED_TRANSFORMATION($,$,#3333,#3402);
#15=ITEM_DEFINED_TRANSFORMATION($,$,#3378,#3403);
#16=(
REPRESENTATION_RELATIONSHIP($,$,#7714,#7713)
REPRESENTATION_RELATIONSHIP_WITH_TRANSFORMATION(#11)
SHAPE_REPRESENTATION_RELATIONSHIP()
);
#17=(
REPRESENTATION_RELATIONSHIP($,$,#7715,#7713)
REPRESENTATION_RELATIONSHIP_WITH_TRANSFORMATION(#12)
SHAPE_REPRESENTATION_RELATIONSHIP()
);
#18=(
REPRESENTATION_RELATIONSHIP($,$,#7716,#7713)
REPRESENTATION_RELATIONSHIP_WITH_TRANSFORMATION(#13)
SHAPE_REPRESENTATION_RELATIONSHIP()
);
#19=(
REPRESENTATION_RELATIONSHIP($,$,#7717,#7713)
REPRESENTATION_RELATIONSHIP_WITH_TRANSFORMATION(#14)
SHAPE_REPRESENTATION_RELATIONSHIP()
);
#20=(
REPRESENTATION_RELATIONSHIP($,$,#7718,#7713)
REPRESENTATION_RELATIONSHIP_WITH_TRANSFORMATION(#15)
SHAPE_REPRESENTATION_RELATIONSHIP()
);
#21=CONTEXT_DEPENDENT_SHAPE_REPRESENTATION(#16,#7708);
#22=CONTEXT_DEPENDENT_SHAPE_REPRESENTATION(#17,#7709);
#23=CONTEXT_DEPENDENT_SHAPE_REPRESENTATION(#18,#7710);
#24=CONTEXT_DEPENDENT_SHAPE_REPRESENTATION(#19,#7711);
#25=CONTEXT_DEPENDENT_SHAPE_REPRESENTATION(#20,#7712);
#26=NEXT_ASSEMBLY_USAGE_OCCURRENCE('\X2\5927817F4E3B52A8529B53D1751F5668\X0\:
1','\X2\5927817F4E3B52A8529B53D1751F5668\X0\:1',
'\X2\5927817F4E3B52A8529B53D1751F5668\X0\:1',#7720,#7721,
'\X2\5927817F4E3B52A8529B53D1751F5668\X0\:1');
#27=NEXT_ASSEMBLY_USAGE_OCCURRENCE('\X2\5C0F817F4FDD630167B6\X0\:1',
'\X2\5C0F817F4FDD630167B6\X0\:1','\X2\5C0F817F4FDD630167B6\X0\:1',#7720,
#7722,'\X2\5C0F817F4FDD630167B6\X0\:1');
#28=NEXT_ASSEMBLY_USAGE_OCCURRENCE('\X2\9ACB517382824FDD630167B6\X0\:1',
'\X2\9ACB517382824FDD630167B6\X0\:1','\X2\9ACB517382824FDD630167B6\X0\:
1',#7720,#7723,'\X2\9ACB517382824FDD630167B6\X0\:1');
#29=NEXT_ASSEMBLY_USAGE_OCCURRENCE('\X2\5927817F76D6677F\X0\:1',
'\X2\5927817F76D6677F\X0\:1','\X2\5927817F76D6677F\X0\:1',#7720,#7724,
'\X2\5927817F76D6677F\X0\:1');
#30=NEXT_ASSEMBLY_USAGE_OCCURRENCE('COL_\X2\570667F15B9E4F537EC4\X0\:1',
'COL_\X2\570667F15B9E4F537EC4\X0\:1','COL_\X2\570667F15B9E4F537EC4\X0\:
1',#7720,#7725,'COL_\X2\570667F15B9E4F537EC4\X0\:1');
#31=SPHERICAL_SURFACE('',#3227,1.6);
#32=SPHERICAL_SURFACE('',#3236,1.6);
#33=SPHERICAL_SURFACE('',#3245,1.6);
#34=SPHERICAL_SURFACE('',#3288,1.6);
#35=SPHERICAL_SURFACE('',#3299,1.6);
#36=SPHERICAL_SURFACE('',#3325,1.6);
#37=SPHERICAL_SURFACE('',#3327,1.6);
#38=SPHERICAL_SURFACE('',#3328,1.6);
#39=SPHERICAL_SURFACE('',#3329,1.6);
#40=SPHERICAL_SURFACE('',#3330,1.6);
#41=SPHERICAL_SURFACE('',#3331,1.6);
#42=ELLIPSE('',#3210,5.40017907175313,3.81766626729493);
#43=ELLIPSE('',#3212,5.39781252988706,3.81766626729493);
#44=ELLIPSE('',#3213,5.40017907175313,3.81766626729493);
#45=ELLIPSE('',#3217,5.39781252988706,3.81766626729493);
#46=ELLIPSE('',#3218,5.40017907175313,3.81766626729493);
#47=ELLIPSE('',#3220,5.39781252988706,3.81766626729493);
#48=ELLIPSE('',#3221,5.40017907175313,3.81766626729493);
#49=ELLIPSE('',#3223,5.39781252988706,3.81766626729493);
#50=ELLIPSE('',#3224,5.40017907175312,3.81766626729493);
#51=ELLIPSE('',#3226,5.39781252988706,3.81766626729493);
#52=ELLIPSE('',#3255,7.09449699163654,5.01766626729493);
#53=ELLIPSE('',#3260,7.0976074042447,5.01766626729493);
#54=ELLIPSE('',#3262,7.0976074042447,5.01766626729493);
#55=ELLIPSE('',#3264,7.09449699163654,5.01766626729493);
#56=ELLIPSE('',#3266,7.0976074042447,5.01766626729493);
#57=ELLIPSE('',#3268,7.09449699163654,5.01766626729492);
#58=ELLIPSE('',#3270,7.09449699163655,5.01766626729492);
#59=ELLIPSE('',#3272,7.0976074042447,5.01766626729492);
#60=ELLIPSE('',#3285,7.09760740424469,5.01766626729493);
#61=ELLIPSE('',#3286,7.09449699163654,5.01766626729493);
#62=SHAPE_REPRESENTATION_RELATIONSHIP('SRR','None',#7714,#67);
#63=SHAPE_REPRESENTATION_RELATIONSHIP('SRR','None',#7715,#68);
#64=SHAPE_REPRESENTATION_RELATIONSHIP('SRR','None',#7716,#69);
#65=SHAPE_REPRESENTATION_RELATIONSHIP('SRR','None',#7717,#70);
#66=SHAPE_REPRESENTATION_RELATIONSHIP('SRR','None',#7718,#71);
#67=ADVANCED_BREP_SHAPE_REPRESENTATION('',(#80),#7686);
#68=ADVANCED_BREP_SHAPE_REPRESENTATION('',(#81),#7687);
#69=ADVANCED_BREP_SHAPE_REPRESENTATION('',(#82),#7688);
#70=ADVANCED_BREP_SHAPE_REPRESENTATION('',(#83),#7689);
#71=ADVANCED_BREP_SHAPE_REPRESENTATION('',(#84,#85,#86,#87),#7690);
#72=STYLED_ITEM('',(#7747),#80);
#73=STYLED_ITEM('',(#7747),#81);
#74=STYLED_ITEM('',(#7747),#82);
#75=STYLED_ITEM('',(#7747),#83);
#76=STYLED_ITEM('',(#7747),#84);
#77=STYLED_ITEM('',(#7747),#85);
#78=STYLED_ITEM('',(#7747),#86);
#79=STYLED_ITEM('',(#7747),#87);
#80=MANIFOLD_SOLID_BREP('\X2\5927817F4E3B52A8529B53D1751F5668\X0\',#3072);
#81=MANIFOLD_SOLID_BREP('\X2\5C0F817F4FDD630167B6\X0\',#3073);
#82=MANIFOLD_SOLID_BREP('\X2\9ACB517382824FDD630167B6\X0\',#3074);
#83=MANIFOLD_SOLID_BREP('\X2\5927817F76D6677F\X0\',#3075);
#84=MANIFOLD_SOLID_BREP('\X2\5B9E4F53\X0\1',#3076);
#85=MANIFOLD_SOLID_BREP('\X2\5B9E4F53\X0\2',#3077);
#86=MANIFOLD_SOLID_BREP('\X2\5B9E4F53\X0\3',#3078);
#87=MANIFOLD_SOLID_BREP('\X2\5B9E4F53\X0\4',#3079);
#88=B_SPLINE_SURFACE_WITH_KNOTS('',3,1,((#4487,#4488),(#4489,#4490),(#4491,
#4492),(#4493,#4494),(#4495,#4496),(#4497,#4498),(#4499,#4500)),
 .UNSPECIFIED.,.F.,.F.,.F.,(4,3,4),(2,2),(-1.,-0.280742178679678,0.),(0.,
0.3),.UNSPECIFIED.);
#89=B_SPLINE_SURFACE_WITH_KNOTS('',3,1,((#4512,#4513),(#4514,#4515),(#4516,
#4517),(#4518,#4519),(#4520,#4521),(#4522,#4523),(#4524,#4525)),
 .UNSPECIFIED.,.F.,.F.,.F.,(4,3,4),(2,2),(0.,0.710283751862569,1.),(0.,
0.3),.UNSPECIFIED.);
#90=B_SPLINE_SURFACE_WITH_KNOTS('',3,1,((#4535,#4536),(#4537,#4538),(#4539,
#4540),(#4541,#4542),(#4543,#4544),(#4545,#4546),(#4547,#4548)),
 .UNSPECIFIED.,.F.,.F.,.F.,(4,3,4),(2,2),(-1.,-0.280742178679642,0.),(0.,
0.3),.UNSPECIFIED.);
#91=B_SPLINE_SURFACE_WITH_KNOTS('',3,1,((#4558,#4559),(#4560,#4561),(#4562,
#4563),(#4564,#4565),(#4566,#4567),(#4568,#4569),(#4570,#4571)),
 .UNSPECIFIED.,.F.,.F.,.F.,(4,3,4),(2,2),(0.,0.71028375186255,1.),(0.,0.3),
 .UNSPECIFIED.);
#92=B_SPLINE_SURFACE_WITH_KNOTS('',3,1,((#4581,#4582),(#4583,#4584),(#4585,
#4586),(#4587,#4588),(#4589,#4590),(#4591,#4592),(#4593,#4594)),
 .UNSPECIFIED.,.F.,.F.,.F.,(4,3,4),(2,2),(-1.,-0.280742178679643,0.),(0.,
0.3),.UNSPECIFIED.);
#93=B_SPLINE_SURFACE_WITH_KNOTS('',3,1,((#4604,#4605),(#4606,#4607),(#4608,
#4609),(#4610,#4611),(#4612,#4613),(#4614,#4615),(#4616,#4617)),
 .UNSPECIFIED.,.F.,.F.,.F.,(4,3,4),(2,2),(0.,0.710283751862529,1.),(0.,
0.3),.UNSPECIFIED.);
#94=B_SPLINE_SURFACE_WITH_KNOTS('',3,1,((#4627,#4628),(#4629,#4630),(#4631,
#4632),(#4633,#4634),(#4635,#4636),(#4637,#4638),(#4639,#4640)),
 .UNSPECIFIED.,.F.,.F.,.F.,(4,3,4),(2,2),(-1.,-0.280742178679613,0.),(0.,
0.3),.UNSPECIFIED.);
#95=B_SPLINE_SURFACE_WITH_KNOTS('',3,1,((#4650,#4651),(#4652,#4653),(#4654,
#4655),(#4656,#4657),(#4658,#4659),(#4660,#4661),(#4662,#4663)),
 .UNSPECIFIED.,.F.,.F.,.F.,(4,3,4),(2,2),(0.,0.710283751862391,1.),(0.,
0.3),.UNSPECIFIED.);
#96=B_SPLINE_SURFACE_WITH_KNOTS('',3,1,((#4673,#4674),(#4675,#4676),(#4677,
#4678),(#4679,#4680),(#4681,#4682),(#4683,#4684),(#4685,#4686)),
 .UNSPECIFIED.,.F.,.F.,.F.,(4,3,4),(2,2),(-1.,-0.280742178679673,0.),(0.,
0.3),.UNSPECIFIED.);
#97=B_SPLINE_SURFACE_WITH_KNOTS('',3,1,((#4696,#4697),(#4698,#4699),(#4700,
#4701),(#4702,#4703),(#4704,#4705),(#4706,#4707),(#4708,#4709)),
 .UNSPECIFIED.,.F.,.F.,.F.,(4,3,4),(2,2),(0.,0.710283751862469,1.),(0.,
0.3),.UNSPECIFIED.);
#98=B_SPLINE_SURFACE_WITH_KNOTS('',3,1,((#4719,#4720),(#4721,#4722),(#4723,
#4724),(#4725,#4726),(#4727,#4728),(#4729,#4730),(#4731,#4732)),
 .UNSPECIFIED.,.F.,.F.,.F.,(4,3,4),(2,2),(-1.,-0.280742178679714,0.),(0.,
0.3),.UNSPECIFIED.);
#99=B_SPLINE_SURFACE_WITH_KNOTS('',3,1,((#4742,#4743),(#4744,#4745),(#4746,
#4747),(#4748,#4749),(#4750,#4751),(#4752,#4753),(#4754,#4755)),
 .UNSPECIFIED.,.F.,.F.,.F.,(4,3,4),(2,2),(0.,0.710283751862515,1.),(0.,
0.3),.UNSPECIFIED.);
#100=B_SPLINE_SURFACE_WITH_KNOTS('',3,1,((#4765,#4766),(#4767,#4768),(#4769,
#4770),(#4771,#4772),(#4773,#4774),(#4775,#4776),(#4777,#4778)),
 .UNSPECIFIED.,.F.,.F.,.F.,(4,3,4),(2,2),(-1.,-0.280742178679675,0.),(0.,
0.3),.UNSPECIFIED.);
#101=B_SPLINE_SURFACE_WITH_KNOTS('',3,1,((#4788,#4789),(#4790,#4791),(#4792,
#4793),(#4794,#4795),(#4796,#4797),(#4798,#4799),(#4800,#4801)),
 .UNSPECIFIED.,.F.,.F.,.F.,(4,3,4),(2,2),(0.,0.710283751862494,1.),(0.,
0.3),.UNSPECIFIED.);
#102=B_SPLINE_SURFACE_WITH_KNOTS('',3,1,((#4811,#4812),(#4813,#4814),(#4815,
#4816),(#4817,#4818),(#4819,#4820),(#4821,#4822),(#4823,#4824)),
 .UNSPECIFIED.,.F.,.F.,.F.,(4,3,4),(2,2),(-1.,-0.280742178679687,0.),(0.,
0.3),.UNSPECIFIED.);
#103=B_SPLINE_SURFACE_WITH_KNOTS('',3,1,((#4834,#4835),(#4836,#4837),(#4838,
#4839),(#4840,#4841),(#4842,#4843),(#4844,#4845),(#4846,#4847)),
 .UNSPECIFIED.,.F.,.F.,.F.,(4,3,4),(2,2),(0.,0.710283751862601,1.),(0.,
0.3),.UNSPECIFIED.);
#104=B_SPLINE_SURFACE_WITH_KNOTS('',3,1,((#4857,#4858),(#4859,#4860),(#4861,
#4862),(#4863,#4864),(#4865,#4866),(#4867,#4868),(#4869,#4870)),
 .UNSPECIFIED.,.F.,.F.,.F.,(4,3,4),(2,2),(-1.,-0.28074217867973,0.),(0.,
0.3),.UNSPECIFIED.);
#105=B_SPLINE_SURFACE_WITH_KNOTS('',3,1,((#4880,#4881),(#4882,#4883),(#4884,
#4885),(#4886,#4887),(#4888,#4889),(#4890,#4891),(#4892,#4893)),
 .UNSPECIFIED.,.F.,.F.,.F.,(4,3,4),(2,2),(0.,0.710283751862477,1.),(0.,
0.3),.UNSPECIFIED.);
#106=B_SPLINE_SURFACE_WITH_KNOTS('',3,1,((#4903,#4904),(#4905,#4906),(#4907,
#4908),(#4909,#4910),(#4911,#4912),(#4913,#4914),(#4915,#4916)),
 .UNSPECIFIED.,.F.,.F.,.F.,(4,3,4),(2,2),(-1.,-0.280742178679672,0.),(0.,
0.3),.UNSPECIFIED.);
#107=B_SPLINE_SURFACE_WITH_KNOTS('',3,1,((#4926,#4927),(#4928,#4929),(#4930,
#4931),(#4932,#4933),(#4934,#4935),(#4936,#4937),(#4938,#4939)),
 .UNSPECIFIED.,.F.,.F.,.F.,(4,3,4),(2,2),(0.,0.710283751862452,1.),(0.,
0.3),.UNSPECIFIED.);
#108=B_SPLINE_SURFACE_WITH_KNOTS('',3,1,((#4949,#4950),(#4951,#4952),(#4953,
#4954),(#4955,#4956),(#4957,#4958),(#4959,#4960),(#4961,#4962)),
 .UNSPECIFIED.,.F.,.F.,.F.,(4,3,4),(2,2),(-1.,-0.280742178679705,0.),(0.,
0.3),.UNSPECIFIED.);
#109=B_SPLINE_SURFACE_WITH_KNOTS('',3,1,((#4972,#4973),(#4974,#4975),(#4976,
#4977),(#4978,#4979),(#4980,#4981),(#4982,#4983),(#4984,#4985)),
 .UNSPECIFIED.,.F.,.F.,.F.,(4,3,4),(2,2),(0.,0.710283751862464,1.),(0.,
0.3),.UNSPECIFIED.);
#110=B_SPLINE_SURFACE_WITH_KNOTS('',3,1,((#4995,#4996),(#4997,#4998),(#4999,
#5000),(#5001,#5002),(#5003,#5004),(#5005,#5006),(#5007,#5008)),
 .UNSPECIFIED.,.F.,.F.,.F.,(4,3,4),(2,2),(-1.,-0.280742178679675,0.),(0.,
0.3),.UNSPECIFIED.);
#111=B_SPLINE_SURFACE_WITH_KNOTS('',3,1,((#5018,#5019),(#5020,#5021),(#5022,
#5023),(#5024,#5025),(#5026,#5027),(#5028,#5029),(#5030,#5031)),
 .UNSPECIFIED.,.F.,.F.,.F.,(4,3,4),(2,2),(0.,0.710283751862494,1.),(0.,
0.3),.UNSPECIFIED.);
#112=B_SPLINE_SURFACE_WITH_KNOTS('',3,1,((#5041,#5042),(#5043,#5044),(#5045,
#5046),(#5047,#5048),(#5049,#5050),(#5051,#5052),(#5053,#5054)),
 .UNSPECIFIED.,.F.,.F.,.F.,(4,3,4),(2,2),(-1.,-0.28074217867969,0.),(0.,
0.3),.UNSPECIFIED.);
#113=B_SPLINE_SURFACE_WITH_KNOTS('',3,1,((#5064,#5065),(#5066,#5067),(#5068,
#5069),(#5070,#5071),(#5072,#5073),(#5074,#5075),(#5076,#5077)),
 .UNSPECIFIED.,.F.,.F.,.F.,(4,3,4),(2,2),(0.,0.7102837518624,1.),(0.,0.3),
 .UNSPECIFIED.);
#114=B_SPLINE_SURFACE_WITH_KNOTS('',3,1,((#5087,#5088),(#5089,#5090),(#5091,
#5092),(#5093,#5094),(#5095,#5096),(#5097,#5098),(#5099,#5100)),
 .UNSPECIFIED.,.F.,.F.,.F.,(4,3,4),(2,2),(-1.,-0.280742178679682,0.),(0.,
0.3),.UNSPECIFIED.);
#115=B_SPLINE_SURFACE_WITH_KNOTS('',3,1,((#5110,#5111),(#5112,#5113),(#5114,
#5115),(#5116,#5117),(#5118,#5119),(#5120,#5121),(#5122,#5123)),
 .UNSPECIFIED.,.F.,.F.,.F.,(4,3,4),(2,2),(0.,0.710283751862515,1.),(0.,
0.3),.UNSPECIFIED.);
#116=B_SPLINE_SURFACE_WITH_KNOTS('',3,1,((#5133,#5134),(#5135,#5136),(#5137,
#5138),(#5139,#5140),(#5141,#5142),(#5143,#5144),(#5145,#5146)),
 .UNSPECIFIED.,.F.,.F.,.F.,(4,3,4),(2,2),(-1.,-0.280742178679678,0.),(0.,
0.3),.UNSPECIFIED.);
#117=B_SPLINE_SURFACE_WITH_KNOTS('',3,1,((#5156,#5157),(#5158,#5159),(#5160,
#5161),(#5162,#5163),(#5164,#5165),(#5166,#5167),(#5168,#5169)),
 .UNSPECIFIED.,.F.,.F.,.F.,(4,3,4),(2,2),(0.,0.710283751862362,1.),(0.,
0.3),.UNSPECIFIED.);
#118=B_SPLINE_SURFACE_WITH_KNOTS('',3,1,((#5179,#5180),(#5181,#5182),(#5183,
#5184),(#5185,#5186),(#5187,#5188),(#5189,#5190),(#5191,#5192)),
 .UNSPECIFIED.,.F.,.F.,.F.,(4,3,4),(2,2),(-1.,-0.280742178679673,0.),(0.,
0.3),.UNSPECIFIED.);
#119=B_SPLINE_SURFACE_WITH_KNOTS('',3,1,((#5202,#5203),(#5204,#5205),(#5206,
#5207),(#5208,#5209),(#5210,#5211),(#5212,#5213),(#5214,#5215)),
 .UNSPECIFIED.,.F.,.F.,.F.,(4,3,4),(2,2),(0.,0.710283751862568,1.),(0.,
0.3),.UNSPECIFIED.);
#120=B_SPLINE_SURFACE_WITH_KNOTS('',3,1,((#5225,#5226),(#5227,#5228),(#5229,
#5230),(#5231,#5232),(#5233,#5234),(#5235,#5236),(#5237,#5238)),
 .UNSPECIFIED.,.F.,.F.,.F.,(4,3,4),(2,2),(-1.,-0.280742178679671,0.),(0.,
0.3),.UNSPECIFIED.);
#121=B_SPLINE_SURFACE_WITH_KNOTS('',3,1,((#5248,#5249),(#5250,#5251),(#5252,
#5253),(#5254,#5255),(#5256,#5257),(#5258,#5259),(#5260,#5261)),
 .UNSPECIFIED.,.F.,.F.,.F.,(4,3,4),(2,2),(0.,0.710283751862544,1.),(0.,
0.3),.UNSPECIFIED.);
#122=B_SPLINE_SURFACE_WITH_KNOTS('',3,1,((#5271,#5272),(#5273,#5274),(#5275,
#5276),(#5277,#5278),(#5279,#5280),(#5281,#5282),(#5283,#5284)),
 .UNSPECIFIED.,.F.,.F.,.F.,(4,3,4),(2,2),(-1.,-0.280742178679634,0.),(0.,
0.3),.UNSPECIFIED.);
#123=B_SPLINE_SURFACE_WITH_KNOTS('',3,1,((#5294,#5295),(#5296,#5297),(#5298,
#5299),(#5300,#5301),(#5302,#5303),(#5304,#5305),(#5306,#5307)),
 .UNSPECIFIED.,.F.,.F.,.F.,(4,3,4),(2,2),(0.,0.710283751862527,1.),(0.,
0.3),.UNSPECIFIED.);
#124=B_SPLINE_SURFACE_WITH_KNOTS('',3,1,((#5317,#5318),(#5319,#5320),(#5321,
#5322),(#5323,#5324),(#5325,#5326),(#5327,#5328),(#5329,#5330)),
 .UNSPECIFIED.,.F.,.F.,.F.,(4,3,4),(2,2),(-1.,-0.280742178679682,0.),(0.,
0.3),.UNSPECIFIED.);
#125=B_SPLINE_SURFACE_WITH_KNOTS('',3,1,((#5340,#5341),(#5342,#5343),(#5344,
#5345),(#5346,#5347),(#5348,#5349),(#5350,#5351),(#5352,#5353)),
 .UNSPECIFIED.,.F.,.F.,.F.,(4,3,4),(2,2),(0.,0.710283751862515,1.),(0.,
0.3),.UNSPECIFIED.);
#126=B_SPLINE_SURFACE_WITH_KNOTS('',3,1,((#5363,#5364),(#5365,#5366),(#5367,
#5368),(#5369,#5370),(#5371,#5372),(#5373,#5374),(#5375,#5376)),
 .UNSPECIFIED.,.F.,.F.,.F.,(4,3,4),(2,2),(-1.,-0.28074217867968,0.),(0.,
0.3),.UNSPECIFIED.);
#127=B_SPLINE_SURFACE_WITH_KNOTS('',3,1,((#5386,#5387),(#5388,#5389),(#5390,
#5391),(#5392,#5393),(#5394,#5395),(#5396,#5397),(#5398,#5399)),
 .UNSPECIFIED.,.F.,.F.,.F.,(4,3,4),(2,2),(0.,0.710283751862626,1.),(0.,
0.3),.UNSPECIFIED.);
#128=B_SPLINE_SURFACE_WITH_KNOTS('',3,3,((#6128,#6129,#6130,#6131,#6132),
(#6133,#6134,#6135,#6136,#6137),(#6138,#6139,#6140,#6141,#6142),(#6143,
#6144,#6145,#6146,#6147),(#6148,#6149,#6150,#6151,#6152)),.UNSPECIFIED.,
 .F.,.F.,.F.,(4,1,4),(4,1,4),(0.,0.5,1.),(-0.0684993873783849,0.0941510862410499,
0.216138941455626),.UNSPECIFIED.);
#129=B_SPLINE_SURFACE_WITH_KNOTS('',3,3,((#6195,#6196,#6197,#6198),(#6199,
#6200,#6201,#6202),(#6203,#6204,#6205,#6206),(#6207,#6208,#6209,#6210)),
 .UNSPECIFIED.,.F.,.F.,.F.,(4,4),(4,4),(0.296464245222227,0.323407084578363),
(-0.0534811476691059,0.),.UNSPECIFIED.);
#130=B_SPLINE_SURFACE_WITH_KNOTS('',3,3,((#6559,#6560,#6561,#6562,#6563),
(#6564,#6565,#6566,#6567,#6568),(#6569,#6570,#6571,#6572,#6573),(#6574,
#6575,#6576,#6577,#6578),(#6579,#6580,#6581,#6582,#6583)),.UNSPECIFIED.,
 .F.,.F.,.F.,(4,1,4),(4,1,4),(0.,0.5,1.),(1.42591488335209,1.54790274640624,
1.71055323047844),.UNSPECIFIED.);
#131=B_SPLINE_SURFACE_WITH_KNOTS('',3,3,((#6629,#6630,#6631,#6632),(#6633,
#6634,#6635,#6636),(#6637,#6638,#6639,#6640),(#6641,#6642,#6643,#6644)),
 .UNSPECIFIED.,.F.,.F.,.F.,(4,4),(4,4),(0.184804306963439,0.211747146319833),
(-0.0534811476696817,0.),.UNSPECIFIED.);
#132=B_SPLINE_SURFACE_WITH_KNOTS('',3,3,((#6966,#6967,#6968,#6969,#6970),
(#6971,#6972,#6973,#6974,#6975),(#6976,#6977,#6978,#6979,#6980),(#6981,
#6982,#6983,#6984,#6985),(#6986,#6987,#6988,#6989,#6990)),.UNSPECIFIED.,
 .F.,.F.,.F.,(4,1,4),(4,1,4),(0.,0.5,1.),(-0.068499401972046,0.0534884611644991,
0.216138945346559),.UNSPECIFIED.);
#133=B_SPLINE_SURFACE_WITH_KNOTS('',3,3,((#7010,#7011,#7012,#7013),(#7014,
#7015,#7016,#7017),(#7018,#7019,#7020,#7021),(#7022,#7023,#7024,#7025)),
 .UNSPECIFIED.,.F.,.F.,.F.,(4,4),(4,4),(0.296464245222227,0.323407084578363),
(-0.0534811476691061,0.),.UNSPECIFIED.);
#134=B_SPLINE_SURFACE_WITH_KNOTS('',3,3,((#7036,#7037,#7038,#7039,#7040),
(#7041,#7042,#7043,#7044,#7045),(#7046,#7047,#7048,#7049,#7050),(#7051,
#7052,#7053,#7054,#7055),(#7056,#7057,#7058,#7059,#7060)),.UNSPECIFIED.,
 .F.,.F.,.F.,(4,1,4),(4,1,4),(0.,0.5,1.),(1.42591565574982,1.54790351088197,
1.7105539843915),.UNSPECIFIED.);
#135=B_SPLINE_SURFACE_WITH_KNOTS('',3,3,((#7070,#7071,#7072,#7073),(#7074,
#7075,#7076,#7077),(#7078,#7079,#7080,#7081),(#7082,#7083,#7084,#7085)),
 .UNSPECIFIED.,.F.,.F.,.F.,(4,4),(4,4),(0.184804306956886,0.211747146319833),
(-0.0534811476834283,0.),.UNSPECIFIED.);
#136=B_SPLINE_SURFACE_WITH_KNOTS('',3,3,((#7086,#7087,#7088,#7089,#7090),
(#7091,#7092,#7093,#7094,#7095),(#7096,#7097,#7098,#7099,#7100),(#7101,
#7102,#7103,#7104,#7105),(#7106,#7107,#7108,#7109,#7110)),.UNSPECIFIED.,
 .F.,.F.,.F.,(4,1,4),(4,1,4),(0.,0.5,1.),(1.50959994064086,1.63158779431926,
1.79423826589046),.UNSPECIFIED.);
#137=B_SPLINE_SURFACE_WITH_KNOTS('',3,3,((#7132,#7133,#7134,#7135),(#7136,
#7137,#7138,#7139),(#7140,#7141,#7142,#7143),(#7144,#7145,#7146,#7147)),
 .UNSPECIFIED.,.F.,.F.,.F.,(4,4),(4,4),(0.296464245222227,0.323407084578363),
(-0.0534811476691058,0.),.UNSPECIFIED.);
#138=B_SPLINE_SURFACE_WITH_KNOTS('',3,3,((#7158,#7159,#7160,#7161,#7162),
(#7163,#7164,#7165,#7166,#7167),(#7168,#7169,#7170,#7171,#7172),(#7173,
#7174,#7175,#7176,#7177),(#7178,#7179,#7180,#7181,#7182)),.UNSPECIFIED.,
 .F.,.F.,.F.,(4,1,4),(4,1,4),(0.,0.5,1.),(-0.152183308410059,-0.0301954548384551,
0.13245501659035),.UNSPECIFIED.);
#139=B_SPLINE_SURFACE_WITH_KNOTS('',3,3,((#7192,#7193,#7194,#7195),(#7196,
#7197,#7198,#7199),(#7200,#7201,#7202,#7203),(#7204,#7205,#7206,#7207)),
 .UNSPECIFIED.,.F.,.F.,.F.,(4,4),(4,4),(0.184804306963695,0.211747146319833),
(-0.0534811476691098,0.),.UNSPECIFIED.);
#140=B_SPLINE_SURFACE_WITH_KNOTS('',3,3,((#7208,#7209,#7210,#7211,#7212),
(#7213,#7214,#7215,#7216,#7217),(#7218,#7219,#7220,#7221,#7222),(#7223,
#7224,#7225,#7226,#7227),(#7228,#7229,#7230,#7231,#7232)),.UNSPECIFIED.,
 .F.,.F.,.F.,(4,1,4),(4,1,4),(0.,0.5,1.),(-0.0684993873783852,0.0534884678361911,
0.216138941455626),.UNSPECIFIED.);
#141=B_SPLINE_SURFACE_WITH_KNOTS('',3,3,((#7252,#7253,#7254,#7255),(#7256,
#7257,#7258,#7259),(#7260,#7261,#7262,#7263),(#7264,#7265,#7266,#7267)),
 .UNSPECIFIED.,.F.,.F.,.F.,(4,4),(4,4),(0.296464245222227,0.323407084578363),
(-0.0534811476691059,0.),.UNSPECIFIED.);
#142=B_SPLINE_SURFACE_WITH_KNOTS('',3,3,((#7278,#7279,#7280,#7281,#7282),
(#7283,#7284,#7285,#7286,#7287),(#7288,#7289,#7290,#7291,#7292),(#7293,
#7294,#7295,#7296,#7297),(#7298,#7299,#7300,#7301,#7302)),.UNSPECIFIED.,
 .F.,.F.,.F.,(4,1,4),(4,1,4),(0.,0.5,1.),(1.42591488335209,1.54790274640624,
1.71055323047844),.UNSPECIFIED.);
#143=B_SPLINE_SURFACE_WITH_KNOTS('',3,3,((#7312,#7313,#7314,#7315),(#7316,
#7317,#7318,#7319),(#7320,#7321,#7322,#7323),(#7324,#7325,#7326,#7327)),
 .UNSPECIFIED.,.F.,.F.,.F.,(4,4),(4,4),(0.184804306963439,0.211747146319833),
(-0.0534811476696819,0.),.UNSPECIFIED.);
#144=B_SPLINE_SURFACE_WITH_KNOTS('',3,3,((#7328,#7329,#7330,#7331,#7332),
(#7333,#7334,#7335,#7336,#7337),(#7338,#7339,#7340,#7341,#7342),(#7343,
#7344,#7345,#7346,#7347),(#7348,#7349,#7350,#7351,#7352)),.UNSPECIFIED.,
 .F.,.F.,.F.,(4,1,4),(4,1,4),(0.,0.5,1.),(-0.068499401972046,0.0534884611645001,
0.216138945346562),.UNSPECIFIED.);
#145=B_SPLINE_SURFACE_WITH_KNOTS('',3,3,((#7378,#7379,#7380,#7381,#7382),
(#7383,#7384,#7385,#7386,#7387),(#7388,#7389,#7390,#7391,#7392),(#7393,
#7394,#7395,#7396,#7397),(#7398,#7399,#7400,#7401,#7402)),.UNSPECIFIED.,
 .F.,.F.,.F.,(4,1,4),(4,1,4),(0.,0.5,1.),(1.42591565574982,1.54790351088197,
1.7105539843915),.UNSPECIFIED.);
#146=B_SPLINE_SURFACE_WITH_KNOTS('',3,3,((#7407,#7408,#7409,#7410),(#7411,
#7412,#7413,#7414),(#7415,#7416,#7417,#7418),(#7419,#7420,#7421,#7422)),
 .UNSPECIFIED.,.F.,.F.,.F.,(4,4),(4,4),(0.296464245222227,0.323407084578363),
(-0.053481147669106,0.),.UNSPECIFIED.);
#147=B_SPLINE_SURFACE_WITH_KNOTS('',3,3,((#7424,#7425,#7426,#7427),(#7428,
#7429,#7430,#7431),(#7432,#7433,#7434,#7435),(#7436,#7437,#7438,#7439)),
 .UNSPECIFIED.,.F.,.F.,.F.,(4,4),(4,4),(0.184804306956887,0.211747146319833),
(-0.0534811476834284,0.),.UNSPECIFIED.);
#148=B_SPLINE_SURFACE_WITH_KNOTS('',3,3,((#7453,#7454,#7455,#7456,#7457),
(#7458,#7459,#7460,#7461,#7462),(#7463,#7464,#7465,#7466,#7467),(#7468,
#7469,#7470,#7471,#7472),(#7473,#7474,#7475,#7476,#7477)),.UNSPECIFIED.,
 .F.,.F.,.F.,(4,1,4),(4,1,4),(0.,0.5,1.),(1.50959994064086,1.67225041221206,
1.79423826589046),.UNSPECIFIED.);
#149=B_SPLINE_SURFACE_WITH_KNOTS('',3,3,((#7493,#7494,#7495,#7496,#7497),
(#7498,#7499,#7500,#7501,#7502),(#7503,#7504,#7505,#7506,#7507),(#7508,
#7509,#7510,#7511,#7512),(#7513,#7514,#7515,#7516,#7517)),.UNSPECIFIED.,
 .F.,.F.,.F.,(4,1,4),(4,1,4),(0.,0.5,1.),(-0.152183308410056,0.0104671630574894,
0.132455016658149),.UNSPECIFIED.);
#150=B_SPLINE_SURFACE_WITH_KNOTS('',3,3,((#7523,#7524,#7525,#7526),(#7527,
#7528,#7529,#7530),(#7531,#7532,#7533,#7534),(#7535,#7536,#7537,#7538)),
 .UNSPECIFIED.,.F.,.F.,.F.,(4,4),(4,4),(0.184804306963695,0.211747146319833),
(-0.0534811476691098,0.),.UNSPECIFIED.);
#151=B_SPLINE_SURFACE_WITH_KNOTS('',3,3,((#7539,#7540,#7541,#7542),(#7543,
#7544,#7545,#7546),(#7547,#7548,#7549,#7550),(#7551,#7552,#7553,#7554)),
 .UNSPECIFIED.,.F.,.F.,.F.,(4,4),(4,4),(0.296464245222227,0.323407084578363),
(-0.0534811476691062,0.),.UNSPECIFIED.);
#152=B_SPLINE_CURVE_WITH_KNOTS('',3,(#4165,#4166,#4167,#4168,#4169,#4170,
#4171),.UNSPECIFIED.,.F.,.F.,(4,3,4),(0.,0.280742178679678,1.),
 .UNSPECIFIED.);
#153=B_SPLINE_CURVE_WITH_KNOTS('',3,(#4173,#4174,#4175,#4176,#4177,#4178,
#4179),.UNSPECIFIED.,.F.,.F.,(4,3,4),(-1.,-0.710283751862569,0.),
 .UNSPECIFIED.);
#154=B_SPLINE_CURVE_WITH_KNOTS('',3,(#4181,#4182,#4183,#4184,#4185,#4186,
#4187),.UNSPECIFIED.,.F.,.F.,(4,3,4),(0.,0.280742178679642,1.),
 .UNSPECIFIED.);
#155=B_SPLINE_CURVE_WITH_KNOTS('',3,(#4189,#4190,#4191,#4192,#4193,#4194,
#4195),.UNSPECIFIED.,.F.,.F.,(4,3,4),(-1.,-0.71028375186255,0.),
 .UNSPECIFIED.);
#156=B_SPLINE_CURVE_WITH_KNOTS('',3,(#4197,#4198,#4199,#4200,#4201,#4202,
#4203),.UNSPECIFIED.,.F.,.F.,(4,3,4),(0.,0.280742178679643,1.),
 .UNSPECIFIED.);
#157=B_SPLINE_CURVE_WITH_KNOTS('',3,(#4205,#4206,#4207,#4208,#4209,#4210,
#4211),.UNSPECIFIED.,.F.,.F.,(4,3,4),(-1.,-0.710283751862529,0.),
 .UNSPECIFIED.);
#158=B_SPLINE_CURVE_WITH_KNOTS('',3,(#4213,#4214,#4215,#4216,#4217,#4218,
#4219),.UNSPECIFIED.,.F.,.F.,(4,3,4),(0.,0.280742178679613,1.),
 .UNSPECIFIED.);
#159=B_SPLINE_CURVE_WITH_KNOTS('',3,(#4221,#4222,#4223,#4224,#4225,#4226,
#4227),.UNSPECIFIED.,.F.,.F.,(4,3,4),(-1.,-0.710283751862391,0.),
 .UNSPECIFIED.);
#160=B_SPLINE_CURVE_WITH_KNOTS('',3,(#4229,#4230,#4231,#4232,#4233,#4234,
#4235),.UNSPECIFIED.,.F.,.F.,(4,3,4),(0.,0.280742178679673,1.),
 .UNSPECIFIED.);
#161=B_SPLINE_CURVE_WITH_KNOTS('',3,(#4237,#4238,#4239,#4240,#4241,#4242,
#4243),.UNSPECIFIED.,.F.,.F.,(4,3,4),(-1.,-0.710283751862469,0.),
 .UNSPECIFIED.);
#162=B_SPLINE_CURVE_WITH_KNOTS('',3,(#4245,#4246,#4247,#4248,#4249,#4250,
#4251),.UNSPECIFIED.,.F.,.F.,(4,3,4),(0.,0.280742178679714,1.),
 .UNSPECIFIED.);
#163=B_SPLINE_CURVE_WITH_KNOTS('',3,(#4253,#4254,#4255,#4256,#4257,#4258,
#4259),.UNSPECIFIED.,.F.,.F.,(4,3,4),(-1.,-0.710283751862515,0.),
 .UNSPECIFIED.);
#164=B_SPLINE_CURVE_WITH_KNOTS('',3,(#4261,#4262,#4263,#4264,#4265,#4266,
#4267),.UNSPECIFIED.,.F.,.F.,(4,3,4),(0.,0.280742178679675,1.),
 .UNSPECIFIED.);
#165=B_SPLINE_CURVE_WITH_KNOTS('',3,(#4269,#4270,#4271,#4272,#4273,#4274,
#4275),.UNSPECIFIED.,.F.,.F.,(4,3,4),(-1.,-0.710283751862494,0.),
 .UNSPECIFIED.);
#166=B_SPLINE_CURVE_WITH_KNOTS('',3,(#4277,#4278,#4279,#4280,#4281,#4282,
#4283),.UNSPECIFIED.,.F.,.F.,(4,3,4),(0.,0.280742178679687,1.),
 .UNSPECIFIED.);
#167=B_SPLINE_CURVE_WITH_KNOTS('',3,(#4285,#4286,#4287,#4288,#4289,#4290,
#4291),.UNSPECIFIED.,.F.,.F.,(4,3,4),(-1.,-0.710283751862601,0.),
 .UNSPECIFIED.);
#168=B_SPLINE_CURVE_WITH_KNOTS('',3,(#4293,#4294,#4295,#4296,#4297,#4298,
#4299),.UNSPECIFIED.,.F.,.F.,(4,3,4),(0.,0.28074217867973,1.),
 .UNSPECIFIED.);
#169=B_SPLINE_CURVE_WITH_KNOTS('',3,(#4301,#4302,#4303,#4304,#4305,#4306,
#4307),.UNSPECIFIED.,.F.,.F.,(4,3,4),(-1.,-0.710283751862477,0.),
 .UNSPECIFIED.);
#170=B_SPLINE_CURVE_WITH_KNOTS('',3,(#4309,#4310,#4311,#4312,#4313,#4314,
#4315),.UNSPECIFIED.,.F.,.F.,(4,3,4),(0.,0.280742178679672,1.),
 .UNSPECIFIED.);
#171=B_SPLINE_CURVE_WITH_KNOTS('',3,(#4317,#4318,#4319,#4320,#4321,#4322,
#4323),.UNSPECIFIED.,.F.,.F.,(4,3,4),(-1.,-0.710283751862452,0.),
 .UNSPECIFIED.);
#172=B_SPLINE_CURVE_WITH_KNOTS('',3,(#4325,#4326,#4327,#4328,#4329,#4330,
#4331),.UNSPECIFIED.,.F.,.F.,(4,3,4),(0.,0.280742178679705,1.),
 .UNSPECIFIED.);
#173=B_SPLINE_CURVE_WITH_KNOTS('',3,(#4333,#4334,#4335,#4336,#4337,#4338,
#4339),.UNSPECIFIED.,.F.,.F.,(4,3,4),(-1.,-0.710283751862464,0.),
 .UNSPECIFIED.);
#174=B_SPLINE_CURVE_WITH_KNOTS('',3,(#4341,#4342,#4343,#4344,#4345,#4346,
#4347),.UNSPECIFIED.,.F.,.F.,(4,3,4),(0.,0.280742178679675,1.),
 .UNSPECIFIED.);
#175=B_SPLINE_CURVE_WITH_KNOTS('',3,(#4349,#4350,#4351,#4352,#4353,#4354,
#4355),.UNSPECIFIED.,.F.,.F.,(4,3,4),(-1.,-0.710283751862494,0.),
 .UNSPECIFIED.);
#176=B_SPLINE_CURVE_WITH_KNOTS('',3,(#4357,#4358,#4359,#4360,#4361,#4362,
#4363),.UNSPECIFIED.,.F.,.F.,(4,3,4),(0.,0.28074217867969,1.),
 .UNSPECIFIED.);
#177=B_SPLINE_CURVE_WITH_KNOTS('',3,(#4365,#4366,#4367,#4368,#4369,#4370,
#4371),.UNSPECIFIED.,.F.,.F.,(4,3,4),(-1.,-0.7102837518624,0.),
 .UNSPECIFIED.);
#178=B_SPLINE_CURVE_WITH_KNOTS('',3,(#4373,#4374,#4375,#4376,#4377,#4378,
#4379),.UNSPECIFIED.,.F.,.F.,(4,3,4),(0.,0.280742178679682,1.),
 .UNSPECIFIED.);
#179=B_SPLINE_CURVE_WITH_KNOTS('',3,(#4381,#4382,#4383,#4384,#4385,#4386,
#4387),.UNSPECIFIED.,.F.,.F.,(4,3,4),(-1.,-0.710283751862515,0.),
 .UNSPECIFIED.);
#180=B_SPLINE_CURVE_WITH_KNOTS('',3,(#4389,#4390,#4391,#4392,#4393,#4394,
#4395),.UNSPECIFIED.,.F.,.F.,(4,3,4),(0.,0.280742178679678,1.),
 .UNSPECIFIED.);
#181=B_SPLINE_CURVE_WITH_KNOTS('',3,(#4397,#4398,#4399,#4400,#4401,#4402,
#4403),.UNSPECIFIED.,.F.,.F.,(4,3,4),(-1.,-0.710283751862362,0.),
 .UNSPECIFIED.);
#182=B_SPLINE_CURVE_WITH_KNOTS('',3,(#4405,#4406,#4407,#4408,#4409,#4410,
#4411),.UNSPECIFIED.,.F.,.F.,(4,3,4),(0.,0.280742178679673,1.),
 .UNSPECIFIED.);
#183=B_SPLINE_CURVE_WITH_KNOTS('',3,(#4413,#4414,#4415,#4416,#4417,#4418,
#4419),.UNSPECIFIED.,.F.,.F.,(4,3,4),(-1.,-0.710283751862568,0.),
 .UNSPECIFIED.);
#184=B_SPLINE_CURVE_WITH_KNOTS('',3,(#4421,#4422,#4423,#4424,#4425,#4426,
#4427),.UNSPECIFIED.,.F.,.F.,(4,3,4),(0.,0.280742178679671,1.),
 .UNSPECIFIED.);
#185=B_SPLINE_CURVE_WITH_KNOTS('',3,(#4429,#4430,#4431,#4432,#4433,#4434,
#4435),.UNSPECIFIED.,.F.,.F.,(4,3,4),(-1.,-0.710283751862544,0.),
 .UNSPECIFIED.);
#186=B_SPLINE_CURVE_WITH_KNOTS('',3,(#4437,#4438,#4439,#4440,#4441,#4442,
#4443),.UNSPECIFIED.,.F.,.F.,(4,3,4),(0.,0.280742178679634,1.),
 .UNSPECIFIED.);
#187=B_SPLINE_CURVE_WITH_KNOTS('',3,(#4445,#4446,#4447,#4448,#4449,#4450,
#4451),.UNSPECIFIED.,.F.,.F.,(4,3,4),(-1.,-0.710283751862527,0.),
 .UNSPECIFIED.);
#188=B_SPLINE_CURVE_WITH_KNOTS('',3,(#4453,#4454,#4455,#4456,#4457,#4458,
#4459),.UNSPECIFIED.,.F.,.F.,(4,3,4),(0.,0.280742178679682,1.),
 .UNSPECIFIED.);
#189=B_SPLINE_CURVE_WITH_KNOTS('',3,(#4461,#4462,#4463,#4464,#4465,#4466,
#4467),.UNSPECIFIED.,.F.,.F.,(4,3,4),(-1.,-0.710283751862515,0.),
 .UNSPECIFIED.);
#190=B_SPLINE_CURVE_WITH_KNOTS('',3,(#4469,#4470,#4471,#4472,#4473,#4474,
#4475),.UNSPECIFIED.,.F.,.F.,(4,3,4),(0.,0.28074217867968,1.),
 .UNSPECIFIED.);
#191=B_SPLINE_CURVE_WITH_KNOTS('',3,(#4476,#4477,#4478,#4479,#4480,#4481,
#4482),.UNSPECIFIED.,.F.,.F.,(4,3,4),(-1.,-0.710283751862626,0.),
 .UNSPECIFIED.);
#192=B_SPLINE_CURVE_WITH_KNOTS('',3,(#4504,#4505,#4506,#4507,#4508,#4509,
#4510),.UNSPECIFIED.,.F.,.F.,(4,3,4),(-1.,-0.280742178679678,0.),
 .UNSPECIFIED.);
#193=B_SPLINE_CURVE_WITH_KNOTS('',3,(#4527,#4528,#4529,#4530,#4531,#4532,
#4533),.UNSPECIFIED.,.F.,.F.,(4,3,4),(0.,0.710283751862569,1.),
 .UNSPECIFIED.);
#194=B_SPLINE_CURVE_WITH_KNOTS('',3,(#4550,#4551,#4552,#4553,#4554,#4555,
#4556),.UNSPECIFIED.,.F.,.F.,(4,3,4),(-1.,-0.280742178679642,0.),
 .UNSPECIFIED.);
#195=B_SPLINE_CURVE_WITH_KNOTS('',3,(#4573,#4574,#4575,#4576,#4577,#4578,
#4579),.UNSPECIFIED.,.F.,.F.,(4,3,4),(0.,0.71028375186255,1.),
 .UNSPECIFIED.);
#196=B_SPLINE_CURVE_WITH_KNOTS('',3,(#4596,#4597,#4598,#4599,#4600,#4601,
#4602),.UNSPECIFIED.,.F.,.F.,(4,3,4),(-1.,-0.280742178679643,0.),
 .UNSPECIFIED.);
#197=B_SPLINE_CURVE_WITH_KNOTS('',3,(#4619,#4620,#4621,#4622,#4623,#4624,
#4625),.UNSPECIFIED.,.F.,.F.,(4,3,4),(0.,0.710283751862529,1.),
 .UNSPECIFIED.);
#198=B_SPLINE_CURVE_WITH_KNOTS('',3,(#4642,#4643,#4644,#4645,#4646,#4647,
#4648),.UNSPECIFIED.,.F.,.F.,(4,3,4),(-1.,-0.280742178679613,0.),
 .UNSPECIFIED.);
#199=B_SPLINE_CURVE_WITH_KNOTS('',3,(#4665,#4666,#4667,#4668,#4669,#4670,
#4671),.UNSPECIFIED.,.F.,.F.,(4,3,4),(0.,0.710283751862391,1.),
 .UNSPECIFIED.);
#200=B_SPLINE_CURVE_WITH_KNOTS('',3,(#4688,#4689,#4690,#4691,#4692,#4693,
#4694),.UNSPECIFIED.,.F.,.F.,(4,3,4),(-1.,-0.280742178679673,0.),
 .UNSPECIFIED.);
#201=B_SPLINE_CURVE_WITH_KNOTS('',3,(#4711,#4712,#4713,#4714,#4715,#4716,
#4717),.UNSPECIFIED.,.F.,.F.,(4,3,4),(0.,0.710283751862469,1.),
 .UNSPECIFIED.);
#202=B_SPLINE_CURVE_WITH_KNOTS('',3,(#4734,#4735,#4736,#4737,#4738,#4739,
#4740),.UNSPECIFIED.,.F.,.F.,(4,3,4),(-1.,-0.280742178679714,0.),
 .UNSPECIFIED.);
#203=B_SPLINE_CURVE_WITH_KNOTS('',3,(#4757,#4758,#4759,#4760,#4761,#4762,
#4763),.UNSPECIFIED.,.F.,.F.,(4,3,4),(0.,0.710283751862515,1.),
 .UNSPECIFIED.);
#204=B_SPLINE_CURVE_WITH_KNOTS('',3,(#4780,#4781,#4782,#4783,#4784,#4785,
#4786),.UNSPECIFIED.,.F.,.F.,(4,3,4),(-1.,-0.280742178679675,0.),
 .UNSPECIFIED.);
#205=B_SPLINE_CURVE_WITH_KNOTS('',3,(#4803,#4804,#4805,#4806,#4807,#4808,
#4809),.UNSPECIFIED.,.F.,.F.,(4,3,4),(0.,0.710283751862494,1.),
 .UNSPECIFIED.);
#206=B_SPLINE_CURVE_WITH_KNOTS('',3,(#4826,#4827,#4828,#4829,#4830,#4831,
#4832),.UNSPECIFIED.,.F.,.F.,(4,3,4),(-1.,-0.280742178679687,0.),
 .UNSPECIFIED.);
#207=B_SPLINE_CURVE_WITH_KNOTS('',3,(#4849,#4850,#4851,#4852,#4853,#4854,
#4855),.UNSPECIFIED.,.F.,.F.,(4,3,4),(0.,0.710283751862601,1.),
 .UNSPECIFIED.);
#208=B_SPLINE_CURVE_WITH_KNOTS('',3,(#4872,#4873,#4874,#4875,#4876,#4877,
#4878),.UNSPECIFIED.,.F.,.F.,(4,3,4),(-1.,-0.28074217867973,0.),
 .UNSPECIFIED.);
#209=B_SPLINE_CURVE_WITH_KNOTS('',3,(#4895,#4896,#4897,#4898,#4899,#4900,
#4901),.UNSPECIFIED.,.F.,.F.,(4,3,4),(0.,0.710283751862477,1.),
 .UNSPECIFIED.);
#210=B_SPLINE_CURVE_WITH_KNOTS('',3,(#4918,#4919,#4920,#4921,#4922,#4923,
#4924),.UNSPECIFIED.,.F.,.F.,(4,3,4),(-1.,-0.280742178679672,0.),
 .UNSPECIFIED.);
#211=B_SPLINE_CURVE_WITH_KNOTS('',3,(#4941,#4942,#4943,#4944,#4945,#4946,
#4947),.UNSPECIFIED.,.F.,.F.,(4,3,4),(0.,0.710283751862452,1.),
 .UNSPECIFIED.);
#212=B_SPLINE_CURVE_WITH_KNOTS('',3,(#4964,#4965,#4966,#4967,#4968,#4969,
#4970),.UNSPECIFIED.,.F.,.F.,(4,3,4),(-1.,-0.280742178679705,0.),
 .UNSPECIFIED.);
#213=B_SPLINE_CURVE_WITH_KNOTS('',3,(#4987,#4988,#4989,#4990,#4991,#4992,
#4993),.UNSPECIFIED.,.F.,.F.,(4,3,4),(0.,0.710283751862464,1.),
 .UNSPECIFIED.);
#214=B_SPLINE_CURVE_WITH_KNOTS('',3,(#5010,#5011,#5012,#5013,#5014,#5015,
#5016),.UNSPECIFIED.,.F.,.F.,(4,3,4),(-1.,-0.280742178679675,0.),
 .UNSPECIFIED.);
#215=B_SPLINE_CURVE_WITH_KNOTS('',3,(#5033,#5034,#5035,#5036,#5037,#5038,
#5039),.UNSPECIFIED.,.F.,.F.,(4,3,4),(0.,0.710283751862494,1.),
 .UNSPECIFIED.);
#216=B_SPLINE_CURVE_WITH_KNOTS('',3,(#5056,#5057,#5058,#5059,#5060,#5061,
#5062),.UNSPECIFIED.,.F.,.F.,(4,3,4),(-1.,-0.28074217867969,0.),
 .UNSPECIFIED.);
#217=B_SPLINE_CURVE_WITH_KNOTS('',3,(#5079,#5080,#5081,#5082,#5083,#5084,
#5085),.UNSPECIFIED.,.F.,.F.,(4,3,4),(0.,0.7102837518624,1.),
 .UNSPECIFIED.);
#218=B_SPLINE_CURVE_WITH_KNOTS('',3,(#5102,#5103,#5104,#5105,#5106,#5107,
#5108),.UNSPECIFIED.,.F.,.F.,(4,3,4),(-1.,-0.280742178679682,0.),
 .UNSPECIFIED.);
#219=B_SPLINE_CURVE_WITH_KNOTS('',3,(#5125,#5126,#5127,#5128,#5129,#5130,
#5131),.UNSPECIFIED.,.F.,.F.,(4,3,4),(0.,0.710283751862515,1.),
 .UNSPECIFIED.);
#220=B_SPLINE_CURVE_WITH_KNOTS('',3,(#5148,#5149,#5150,#5151,#5152,#5153,
#5154),.UNSPECIFIED.,.F.,.F.,(4,3,4),(-1.,-0.280742178679678,0.),
 .UNSPECIFIED.);
#221=B_SPLINE_CURVE_WITH_KNOTS('',3,(#5171,#5172,#5173,#5174,#5175,#5176,
#5177),.UNSPECIFIED.,.F.,.F.,(4,3,4),(0.,0.710283751862362,1.),
 .UNSPECIFIED.);
#222=B_SPLINE_CURVE_WITH_KNOTS('',3,(#5194,#5195,#5196,#5197,#5198,#5199,
#5200),.UNSPECIFIED.,.F.,.F.,(4,3,4),(-1.,-0.280742178679673,0.),
 .UNSPECIFIED.);
#223=B_SPLINE_CURVE_WITH_KNOTS('',3,(#5217,#5218,#5219,#5220,#5221,#5222,
#5223),.UNSPECIFIED.,.F.,.F.,(4,3,4),(0.,0.710283751862568,1.),
 .UNSPECIFIED.);
#224=B_SPLINE_CURVE_WITH_KNOTS('',3,(#5240,#5241,#5242,#5243,#5244,#5245,
#5246),.UNSPECIFIED.,.F.,.F.,(4,3,4),(-1.,-0.280742178679671,0.),
 .UNSPECIFIED.);
#225=B_SPLINE_CURVE_WITH_KNOTS('',3,(#5263,#5264,#5265,#5266,#5267,#5268,
#5269),.UNSPECIFIED.,.F.,.F.,(4,3,4),(0.,0.710283751862544,1.),
 .UNSPECIFIED.);
#226=B_SPLINE_CURVE_WITH_KNOTS('',3,(#5286,#5287,#5288,#5289,#5290,#5291,
#5292),.UNSPECIFIED.,.F.,.F.,(4,3,4),(-1.,-0.280742178679634,0.),
 .UNSPECIFIED.);
#227=B_SPLINE_CURVE_WITH_KNOTS('',3,(#5309,#5310,#5311,#5312,#5313,#5314,
#5315),.UNSPECIFIED.,.F.,.F.,(4,3,4),(0.,0.710283751862527,1.),
 .UNSPECIFIED.);
#228=B_SPLINE_CURVE_WITH_KNOTS('',3,(#5332,#5333,#5334,#5335,#5336,#5337,
#5338),.UNSPECIFIED.,.F.,.F.,(4,3,4),(-1.,-0.280742178679682,0.),
 .UNSPECIFIED.);
#229=B_SPLINE_CURVE_WITH_KNOTS('',3,(#5355,#5356,#5357,#5358,#5359,#5360,
#5361),.UNSPECIFIED.,.F.,.F.,(4,3,4),(0.,0.710283751862515,1.),
 .UNSPECIFIED.);
#230=B_SPLINE_CURVE_WITH_KNOTS('',3,(#5378,#5379,#5380,#5381,#5382,#5383,
#5384),.UNSPECIFIED.,.F.,.F.,(4,3,4),(-1.,-0.28074217867968,0.),
 .UNSPECIFIED.);
#231=B_SPLINE_CURVE_WITH_KNOTS('',3,(#5400,#5401,#5402,#5403,#5404,#5405,
#5406),.UNSPECIFIED.,.F.,.F.,(4,3,4),(0.,0.710283751862626,1.),
 .UNSPECIFIED.);
#232=B_SPLINE_CURVE_WITH_KNOTS('',3,(#5412,#5413,#5414,#5415,#5416,#5417,
#5418,#5419,#5420,#5421,#5422,#5423),.UNSPECIFIED.,.F.,.F.,(4,2,2,2,2,4),
(0.176952021100213,0.180746772870687,0.222421388393981,0.261613407379015,
0.297127222461067,0.298924728188181),.UNSPECIFIED.);
#233=B_SPLINE_CURVE_WITH_KNOTS('',3,(#5427,#5428,#5429,#5430,#5431,#5432,
#5433,#5434,#5435,#5436),.UNSPECIFIED.,.F.,.F.,(4,2,2,2,4),(0.373973550308853,
0.412823853766199,0.45763806860033,0.496687683763678,0.497190591967996),
 .UNSPECIFIED.);
#234=B_SPLINE_CURVE_WITH_KNOTS('',3,(#5440,#5441,#5442,#5443),
 .UNSPECIFIED.,.F.,.F.,(4,4),(0.82981369097611,0.872535571841028),
 .UNSPECIFIED.);
#235=B_SPLINE_CURVE_WITH_KNOTS('',3,(#5445,#5446,#5447,#5448,#5449,#5450,
#5451,#5452,#5453,#5454,#5455,#5456,#5457,#5458,#5459,#5460,#5461,#5462,
#5463,#5464,#5465,#5466),.UNSPECIFIED.,.F.,.F.,(4,2,2,2,2,2,2,2,2,2,4),
(0.,0.0752432399076853,0.112864859861528,0.150486479815371,0.184310186387814,
0.218133892960257,0.2519575995327,0.285781306105143,0.323402926058986,0.361024546012829,
0.436267785920514),.UNSPECIFIED.);
#236=B_SPLINE_CURVE_WITH_KNOTS('',3,(#5468,#5469,#5470,#5471),
 .UNSPECIFIED.,.F.,.F.,(4,4),(0.436267788076612,0.478925642719172),
 .UNSPECIFIED.);
#237=B_SPLINE_CURVE_WITH_KNOTS('',3,(#5473,#5474,#5475,#5476,#5477,#5478,
#5479,#5480,#5481,#5482),.UNSPECIFIED.,.F.,.F.,(4,2,2,2,4),(0.168661966491134,
0.192899902057201,0.232302205695102,0.27700132101019,0.291919349125483),
 .UNSPECIFIED.);
#238=B_SPLINE_CURVE_WITH_KNOTS('',3,(#5490,#5491,#5492,#5493,#5494,#5495,
#5496,#5497,#5498,#5499),.UNSPECIFIED.,.F.,.F.,(4,2,2,2,4),(0.373973550308929,
0.412823853766289,0.457638068600438,0.496687683763798,0.497190591968117),
 .UNSPECIFIED.);
#239=B_SPLINE_CURVE_WITH_KNOTS('',3,(#5501,#5502,#5503,#5504),
 .UNSPECIFIED.,.F.,.F.,(4,4),(0.829813690976107,0.872535571841023),
 .UNSPECIFIED.);
#240=B_SPLINE_CURVE_WITH_KNOTS('',3,(#5506,#5507,#5508,#5509,#5510,#5511,
#5512,#5513,#5514,#5515,#5516,#5517,#5518,#5519,#5520,#5521,#5522,#5523,
#5524,#5525,#5526,#5527),.UNSPECIFIED.,.F.,.F.,(4,2,2,2,2,2,2,2,2,2,4),
(0.,0.0752432399076852,0.112864859861528,0.15048647981537,0.184310186387813,
0.218133892960256,0.251957599532699,0.285781306105142,0.323402926058985,
0.361024546012827,0.436267785920512),.UNSPECIFIED.);
#241=B_SPLINE_CURVE_WITH_KNOTS('',3,(#5529,#5530,#5531,#5532),
 .UNSPECIFIED.,.F.,.F.,(4,4),(0.43626778807661,0.47892564271917),
 .UNSPECIFIED.);
#242=B_SPLINE_CURVE_WITH_KNOTS('',3,(#5534,#5535,#5536,#5537,#5538,#5539,
#5540,#5541,#5542,#5543),.UNSPECIFIED.,.F.,.F.,(4,2,2,2,4),(0.168661966491197,
0.19289990205728,0.232302205695209,0.277001321010314,0.291919349125613),
 .UNSPECIFIED.);
#243=B_SPLINE_CURVE_WITH_KNOTS('',3,(#5556,#5557,#5558,#5559,#5560,#5561,
#5562,#5563,#5564,#5565),.UNSPECIFIED.,.F.,.F.,(4,2,2,2,4),(0.373973550308898,
0.412823853766256,0.457638068600405,0.496687683763766,0.497190591968085),
 .UNSPECIFIED.);
#244=B_SPLINE_CURVE_WITH_KNOTS('',3,(#5567,#5568,#5569,#5570),
 .UNSPECIFIED.,.F.,.F.,(4,4),(0.829813690976103,0.872535571841019),
 .UNSPECIFIED.);
#245=B_SPLINE_CURVE_WITH_KNOTS('',3,(#5572,#5573,#5574,#5575,#5576,#5577,
#5578,#5579,#5580,#5581,#5582,#5583,#5584,#5585,#5586,#5587,#5588,#5589,
#5590,#5591,#5592,#5593),.UNSPECIFIED.,.F.,.F.,(4,2,2,2,2,2,2,2,2,2,4),
(0.,0.0752432399076848,0.112864859861527,0.15048647981537,0.184310186387812,
0.218133892960255,0.251957599532698,0.285781306105141,0.323402926058983,
0.361024546012825,0.43626778592051),.UNSPECIFIED.);
#246=B_SPLINE_CURVE_WITH_KNOTS('',3,(#5595,#5596,#5597,#5598),
 .UNSPECIFIED.,.F.,.F.,(4,4),(0.436267788076607,0.478925642719166),
 .UNSPECIFIED.);
#247=B_SPLINE_CURVE_WITH_KNOTS('',3,(#5600,#5601,#5602,#5603,#5604,#5605,
#5606,#5607,#5608,#5609),.UNSPECIFIED.,.F.,.F.,(4,2,2,2,4),(0.168661966491162,
0.192899902057229,0.232302205695134,0.277001321010224,0.291919349125518),
 .UNSPECIFIED.);
#248=B_SPLINE_CURVE_WITH_KNOTS('',3,(#5617,#5618,#5619,#5620,#5621,#5622,
#5623,#5624,#5625,#5626),.UNSPECIFIED.,.F.,.F.,(4,2,2,2,4),(0.373973550308825,
0.412823853766169,0.457638068600304,0.49668768376365,0.497190591967968),
 .UNSPECIFIED.);
#249=B_SPLINE_CURVE_WITH_KNOTS('',3,(#5628,#5629,#5630,#5631),
 .UNSPECIFIED.,.F.,.F.,(4,4),(0.829813690976104,0.872535571841021),
 .UNSPECIFIED.);
#250=B_SPLINE_CURVE_WITH_KNOTS('',3,(#5633,#5634,#5635,#5636,#5637,#5638,
#5639,#5640,#5641,#5642,#5643,#5644,#5645,#5646,#5647,#5648,#5649,#5650,
#5651,#5652,#5653,#5654),.UNSPECIFIED.,.F.,.F.,(4,2,2,2,2,2,2,2,2,2,4),
(0.,0.0752432399076847,0.112864859861527,0.150486479815369,0.184310186387812,
0.218133892960255,0.251957599532698,0.285781306105141,0.323402926058983,
0.361024546012825,0.43626778592051),.UNSPECIFIED.);
#251=B_SPLINE_CURVE_WITH_KNOTS('',3,(#5656,#5657,#5658,#5659),
 .UNSPECIFIED.,.F.,.F.,(4,4),(0.436267788076608,0.478925642719167),
 .UNSPECIFIED.);
#252=B_SPLINE_CURVE_WITH_KNOTS('',3,(#5661,#5662,#5663,#5664,#5665,#5666,
#5667,#5668,#5669,#5670),.UNSPECIFIED.,.F.,.F.,(4,2,2,2,4),(0.168661966491112,
0.192899902057175,0.232302205695069,0.277001321010144,0.291919349125433),
 .UNSPECIFIED.);
#253=B_SPLINE_CURVE_WITH_KNOTS('',3,(#5678,#5679,#5680,#5681,#5682,#5683,
#5684,#5685,#5686,#5687),.UNSPECIFIED.,.F.,.F.,(4,2,2,2,4),(0.373973775619309,
0.411723857280326,0.456525282321496,0.495654887449332,0.497190332684553),
 .UNSPECIFIED.);
#254=B_SPLINE_CURVE_WITH_KNOTS('',3,(#5689,#5690,#5691,#5692),
 .UNSPECIFIED.,.F.,.F.,(4,4),(0.829813690976104,0.872535571841021),
 .UNSPECIFIED.);
#255=B_SPLINE_CURVE_WITH_KNOTS('',3,(#5694,#5695,#5696,#5697,#5698,#5699,
#5700,#5701,#5702,#5703,#5704,#5705,#5706,#5707,#5708,#5709,#5710,#5711,
#5712,#5713,#5714,#5715),.UNSPECIFIED.,.F.,.F.,(4,2,2,2,2,2,2,2,2,2,4),
(0.,0.0752432399076847,0.112864859861527,0.150486479815369,0.184310186387812,
0.218133892960255,0.251957599532698,0.285781306105141,0.323402926058983,
0.361024546012826,0.43626778592051),.UNSPECIFIED.);
#256=B_SPLINE_CURVE_WITH_KNOTS('',3,(#5717,#5718,#5719,#5720),
 .UNSPECIFIED.,.F.,.F.,(4,4),(0.436267788076608,0.478925642719167),
 .UNSPECIFIED.);
#257=B_SPLINE_CURVE_WITH_KNOTS('',3,(#5722,#5723,#5724,#5725,#5726,#5727,
#5728,#5729,#5730,#5731),.UNSPECIFIED.,.F.,.F.,(4,2,2,2,4),(0.168654734837394,
0.192428693464529,0.231085502511853,0.27460714474031,0.291903180315505),
 .UNSPECIFIED.);
#258=B_SPLINE_CURVE_WITH_KNOTS('',3,(#5739,#5740,#5741,#5742,#5743,#5744,
#5745,#5746,#5747,#5748,#5749,#5750,#5751,#5752,#5753,#5754,#5755,#5756,
#5757,#5758,#5759,#5760,#5761,#5762,#5763,#5764),.UNSPECIFIED.,.F.,.F.,
(4,2,2,2,2,2,2,2,2,2,2,2,4),(0.,0.0510691701167214,0.102138340233443,0.149705476797854,
0.189411125975461,0.229116775153068,0.268822424330675,0.308528073508282,
0.356095210072694,0.407164380189415,0.458233550306136,0.509302720422858,
0.514675539067688),.UNSPECIFIED.);
#259=B_SPLINE_CURVE_WITH_KNOTS('',3,(#5766,#5767,#5768,#5769,#5770,#5771),
 .UNSPECIFIED.,.F.,.F.,(4,2,4),(0.860074103833739,0.865397930495552,0.916467100612273),
 .UNSPECIFIED.);
#260=B_SPLINE_CURVE_WITH_KNOTS('',3,(#5779,#5780,#5781,#5782,#5783,#5784,
#5785,#5786,#5787,#5788),.UNSPECIFIED.,.F.,.F.,(4,2,2,2,4),(0.377689688551845,
0.399067049554339,0.434377043861903,0.473493290998835,0.499800699981463),
 .UNSPECIFIED.);
#261=B_SPLINE_CURVE_WITH_KNOTS('',3,(#5793,#5794,#5795,#5796,#5797,#5798,
#5799,#5800,#5801,#5802,#5803,#5804),.UNSPECIFIED.,.F.,.F.,(4,2,2,2,2,4),
(0.176952021100231,0.180746772870704,0.222421388393999,0.261613407379038,
0.297127222461088,0.298924728188202),.UNSPECIFIED.);
#262=B_SPLINE_CURVE_WITH_KNOTS('',3,(#5809,#5810,#5811,#5812,#5813,#5814,
#5815,#5816,#5817,#5818,#5819,#5820,#5821,#5822,#5823,#5824,#5825,#5826,
#5827,#5828,#5829,#5830,#5831,#5832,#5833,#5834),.UNSPECIFIED.,.F.,.F.,
(4,2,2,2,2,2,2,2,2,2,2,2,4),(0.,0.0510691701167211,0.102138340233442,0.149705476797855,
0.189411125975462,0.229116775153068,0.268822424330675,0.308528073508282,
0.356095210072695,0.407164380189416,0.458233550306138,0.50930272042286,
0.514675539067689),.UNSPECIFIED.);
#263=B_SPLINE_CURVE_WITH_KNOTS('',3,(#5836,#5837,#5838,#5839,#5840,#5841),
 .UNSPECIFIED.,.F.,.F.,(4,2,4),(0.86007410383374,0.865397930495556,0.916467100612277),
 .UNSPECIFIED.);
#264=B_SPLINE_CURVE_WITH_KNOTS('',3,(#5849,#5850,#5851,#5852,#5853,#5854,
#5855,#5856,#5857,#5858),.UNSPECIFIED.,.F.,.F.,(4,2,2,2,4),(0.377689688551799,
0.39906704955429,0.43437704386185,0.473493290998776,0.499800699981398),
 .UNSPECIFIED.);
#265=B_SPLINE_CURVE_WITH_KNOTS('',3,(#5863,#5864,#5865,#5866,#5867,#5868,
#5869,#5870,#5871,#5872,#5873,#5874),.UNSPECIFIED.,.F.,.F.,(4,2,2,2,2,4),
(0.176952021100235,0.180746772870707,0.222421388394001,0.261613407379039,
0.297127222461082,0.298924728188195),.UNSPECIFIED.);
#266=B_SPLINE_CURVE_WITH_KNOTS('',3,(#5879,#5880,#5881,#5882,#5883,#5884,
#5885,#5886,#5887,#5888,#5889,#5890,#5891,#5892,#5893,#5894,#5895,#5896,
#5897,#5898,#5899,#5900,#5901,#5902,#5903,#5904),.UNSPECIFIED.,.F.,.F.,
(4,2,2,2,2,2,2,2,2,2,2,2,4),(0.,0.0510691701167214,0.102138340233443,0.149705476797856,
0.189411125975462,0.229116775153069,0.268822424330676,0.308528073508283,
0.356095210072695,0.407164380189417,0.45823355030614,0.509302720422862,
0.514675539067692),.UNSPECIFIED.);
#267=B_SPLINE_CURVE_WITH_KNOTS('',3,(#5906,#5907,#5908,#5909,#5910,#5911),
 .UNSPECIFIED.,.F.,.F.,(4,2,4),(0.860074103833745,0.865397930495558,0.916467100612279),
 .UNSPECIFIED.);
#268=B_SPLINE_CURVE_WITH_KNOTS('',3,(#5919,#5920,#5921,#5922,#5923,#5924,
#5925,#5926,#5927,#5928),.UNSPECIFIED.,.F.,.F.,(4,2,2,2,4),(0.377689688551786,
0.39906704955428,0.434377043861843,0.473493290998775,0.499800699981532),
 .UNSPECIFIED.);
#269=B_SPLINE_CURVE_WITH_KNOTS('',3,(#5933,#5934,#5935,#5936,#5937,#5938,
#5939,#5940,#5941,#5942,#5943,#5944),.UNSPECIFIED.,.F.,.F.,(4,2,2,2,2,4),
(0.176952021100219,0.180746772870692,0.22242138839398,0.261613407379013,
0.297127222461062,0.298924728188177),.UNSPECIFIED.);
#270=B_SPLINE_CURVE_WITH_KNOTS('',3,(#5955,#5956,#5957,#5958,#5959,#5960,
#5961,#5962,#5963,#5964),.UNSPECIFIED.,.F.,.F.,(4,2,2,2,4),(0.377689688551843,
0.399067049554334,0.434377043861894,0.473493290998814,0.499800699981435),
 .UNSPECIFIED.);
#271=B_SPLINE_CURVE_WITH_KNOTS('',3,(#6014,#6015,#6016,#6017,#6018,#6019,
#6020,#6021,#6022,#6023),.UNSPECIFIED.,.F.,.F.,(4,2,2,2,4),(0.377689688551827,
0.399067049554315,0.434377043861876,0.473493290998794,0.499800698336696),
 .UNSPECIFIED.);
#272=B_SPLINE_CURVE_WITH_KNOTS('',3,(#6025,#6026,#6027,#6028,#6029,#6030),
 .UNSPECIFIED.,.F.,.F.,(4,2,4),(0.860074103833743,0.865397930495556,0.916467100612278),
 .UNSPECIFIED.);
#273=B_SPLINE_CURVE_WITH_KNOTS('',3,(#6032,#6033,#6034,#6035,#6036,#6037,
#6038,#6039,#6040,#6041,#6042,#6043,#6044,#6045,#6046,#6047,#6048,#6049,
#6050,#6051,#6052,#6053,#6054,#6055,#6056,#6057),.UNSPECIFIED.,.F.,.F.,
(4,2,2,2,2,2,2,2,2,2,2,2,4),(0.,0.0510691701167214,0.102138340233443,0.149705476797856,
0.189411125975462,0.229116775153069,0.268822424330676,0.308528073508283,
0.356095210072696,0.407164380189417,0.458233550306139,0.50930272042286,
0.514675539067691),.UNSPECIFIED.);
#274=B_SPLINE_CURVE_WITH_KNOTS('',3,(#6059,#6060,#6061,#6062,#6063,#6064,
#6065,#6066,#6067,#6068,#6069,#6070),.UNSPECIFIED.,.F.,.F.,(4,2,2,2,2,4),
(0.176952022738439,0.180746772870675,0.222421388393964,0.261613407379002,
0.297127222461052,0.298924728188166),.UNSPECIFIED.);
#275=B_SPLINE_CURVE_WITH_KNOTS('',3,(#6073,#6074,#6075,#6076,#6077,#6078),
 .UNSPECIFIED.,.F.,.F.,(4,2,4),(0.860074103833742,0.865397930495556,0.916467100612277),
 .UNSPECIFIED.);
#276=B_SPLINE_CURVE_WITH_KNOTS('',3,(#6079,#6080,#6081,#6082,#6083,#6084,
#6085,#6086,#6087,#6088,#6089,#6090,#6091,#6092,#6093,#6094,#6095,#6096,
#6097,#6098,#6099,#6100,#6101,#6102,#6103,#6104),.UNSPECIFIED.,.F.,.F.,
(4,2,2,2,2,2,2,2,2,2,2,2,4),(0.,0.0510691701167215,0.102138340233443,0.149705476797856,
0.189411125975462,0.229116775153069,0.268822424330676,0.308528073508283,
0.356095210072695,0.407164380189417,0.458233550306139,0.50930272042286,
0.514675539067691),.UNSPECIFIED.);
#277=B_SPLINE_CURVE_WITH_KNOTS('',3,(#6155,#6156,#6157,#6158,#6159,#6160,
#6161,#6162,#6163,#6164),.UNSPECIFIED.,.F.,.F.,(4,2,2,2,4),(0.,0.0643602400445062,
0.128205165528664,0.162696695549473,0.190203730728292),.UNSPECIFIED.);
#278=B_SPLINE_CURVE_WITH_KNOTS('',3,(#6166,#6167,#6168,#6169,#6170),
 .UNSPECIFIED.,.F.,.F.,(4,1,4),(-0.216138941455626,-0.0941510862410499,
0.0479702269727188),.UNSPECIFIED.);
#279=B_SPLINE_CURVE_WITH_KNOTS('',3,(#6172,#6173,#6174,#6175,#6176,#6177,
#6178,#6179,#6180,#6181),.UNSPECIFIED.,.F.,.F.,(4,2,2,2,4),(0.,0.0379322183029444,
0.077432223268887,0.0981012443643188,0.118697741447601),.UNSPECIFIED.);
#280=B_SPLINE_CURVE_WITH_KNOTS('',3,(#6183,#6184,#6185,#6186,#6187,#6188,
#6189,#6190),.UNSPECIFIED.,.F.,.F.,(4,2,2,4),(0.0540320825090646,0.0682890446757716,
0.103717134471634,0.12654923852238),.UNSPECIFIED.);
#281=B_SPLINE_CURVE_WITH_KNOTS('',3,(#6191,#6192,#6193,#6194),
 .UNSPECIFIED.,.F.,.F.,(4,4),(4.36456793333078E-6,0.0639460563656164),
 .UNSPECIFIED.);
#282=B_SPLINE_CURVE_WITH_KNOTS('',3,(#6213,#6214,#6215,#6216),
 .UNSPECIFIED.,.F.,.F.,(4,4),(-0.323407084578363,-0.296464245222227),
 .UNSPECIFIED.);
#283=B_SPLINE_CURVE_WITH_KNOTS('',3,(#6221,#6222,#6223,#6224,#6225,#6226),
 .UNSPECIFIED.,.F.,.F.,(4,2,4),(0.,0.0474876111861839,0.0604262698485377),
 .UNSPECIFIED.);
#284=B_SPLINE_CURVE_WITH_KNOTS('',3,(#6232,#6233,#6234,#6235,#6236,#6237),
 .UNSPECIFIED.,.F.,.F.,(4,2,4),(0.867426638322287,0.901671575277038,0.956458945030176),
 .UNSPECIFIED.);
#285=B_SPLINE_CURVE_WITH_KNOTS('',3,(#6239,#6240,#6241,#6242,#6243,#6244,
#6245,#6246,#6247,#6248,#6249,#6250,#6251,#6252,#6253,#6254,#6255,#6256,
#6257,#6258,#6259,#6260,#6261,#6262,#6263,#6264),.UNSPECIFIED.,.F.,.F.,
(4,2,2,2,2,2,2,2,2,2,2,2,4),(0.,0.0547873697531388,0.109574739506278,0.158787155883826,
0.198950946070685,0.239114736257544,0.279278526444403,0.319442316631262,
0.368654733008811,0.42344210276195,0.478229472515088,0.533016842268227,
0.567261779222978),.UNSPECIFIED.);
#286=B_SPLINE_CURVE_WITH_KNOTS('',3,(#6266,#6267,#6268,#6269,#6270,#6271,
#6272,#6273),.UNSPECIFIED.,.F.,.F.,(4,2,2,4),(3.99967794223511E-6,0.0399712428737418,
0.0801601429966421,0.11892087293821),.UNSPECIFIED.);
#287=B_SPLINE_CURVE_WITH_KNOTS('',3,(#6277,#6278,#6279,#6280,#6281,#6282,
#6283,#6284,#6285,#6286),.UNSPECIFIED.,.F.,.F.,(4,2,2,2,4),(0.,0.0379322183027513,
0.0774322232684954,0.0981012443641069,0.118697741447595),.UNSPECIFIED.);
#288=B_SPLINE_CURVE_WITH_KNOTS('',3,(#6288,#6289,#6290,#6291,#6292,#6293),
 .UNSPECIFIED.,.F.,.F.,(4,2,4),(0.867426638322287,0.901671575277038,0.956458945030177),
 .UNSPECIFIED.);
#289=B_SPLINE_CURVE_WITH_KNOTS('',3,(#6295,#6296,#6297,#6298,#6299,#6300,
#6301,#6302,#6303,#6304,#6305,#6306,#6307,#6308,#6309,#6310,#6311,#6312,
#6313,#6314,#6315,#6316,#6317,#6318,#6319,#6320),.UNSPECIFIED.,.F.,.F.,
(4,2,2,2,2,2,2,2,2,2,2,2,4),(0.,0.0547873697531387,0.109574739506277,0.158787155883826,
0.198950946070685,0.239114736257544,0.279278526444403,0.319442316631262,
0.368654733008811,0.42344210276195,0.478229472515088,0.533016842268227,
0.567261779222978),.UNSPECIFIED.);
#290=B_SPLINE_CURVE_WITH_KNOTS('',3,(#6322,#6323,#6324,#6325,#6326,#6327,
#6328,#6329),.UNSPECIFIED.,.F.,.F.,(4,2,2,4),(0.,0.0399712681784235,0.0801601767751666,
0.118916841152771),.UNSPECIFIED.);
#291=B_SPLINE_CURVE_WITH_KNOTS('',3,(#6333,#6334,#6335,#6336,#6337,#6338,
#6339,#6340,#6341,#6342),.UNSPECIFIED.,.F.,.F.,(4,2,2,2,4),(0.,0.0379322182984989,
0.0774322232648909,0.0981012443617328,0.118697741447583),.UNSPECIFIED.);
#292=B_SPLINE_CURVE_WITH_KNOTS('',3,(#6344,#6345,#6346,#6347,#6348,#6349),
 .UNSPECIFIED.,.F.,.F.,(4,2,4),(0.867426638322287,0.901671575277038,0.956458945030177),
 .UNSPECIFIED.);
#293=B_SPLINE_CURVE_WITH_KNOTS('',3,(#6351,#6352,#6353,#6354,#6355,#6356,
#6357,#6358,#6359,#6360,#6361,#6362,#6363,#6364,#6365,#6366,#6367,#6368,
#6369,#6370,#6371,#6372,#6373,#6374,#6375,#6376),.UNSPECIFIED.,.F.,.F.,
(4,2,2,2,2,2,2,2,2,2,2,2,4),(0.,0.0547873697531387,0.109574739506277,0.158787155883826,
0.198950946070685,0.239114736257544,0.279278526444403,0.319442316631262,
0.368654733008811,0.42344210276195,0.478229472515088,0.533016842268227,
0.567261779222978),.UNSPECIFIED.);
#294=B_SPLINE_CURVE_WITH_KNOTS('',3,(#6378,#6379,#6380,#6381,#6382,#6383,
#6384,#6385),.UNSPECIFIED.,.F.,.F.,(4,2,2,4),(3.99967794224562E-6,0.0399712428749665,
0.0801601429999181,0.118920872938212),.UNSPECIFIED.);
#295=B_SPLINE_CURVE_WITH_KNOTS('',3,(#6389,#6390,#6391,#6392,#6393,#6394,
#6395,#6396,#6397,#6398),.UNSPECIFIED.,.F.,.F.,(4,2,2,2,4),(0.,0.0379322183029432,
0.0774322232688828,0.0981012443643157,0.1186977414476),.UNSPECIFIED.);
#296=B_SPLINE_CURVE_WITH_KNOTS('',3,(#6400,#6401,#6402,#6403,#6404,#6405),
 .UNSPECIFIED.,.F.,.F.,(4,2,4),(0.867426638322287,0.901671575277038,0.956458945030176),
 .UNSPECIFIED.);
#297=B_SPLINE_CURVE_WITH_KNOTS('',3,(#6407,#6408,#6409,#6410,#6411,#6412,
#6413,#6414,#6415,#6416,#6417,#6418,#6419,#6420,#6421,#6422,#6423,#6424,
#6425,#6426,#6427,#6428,#6429,#6430,#6431,#6432),.UNSPECIFIED.,.F.,.F.,
(4,2,2,2,2,2,2,2,2,2,2,2,4),(0.,0.0547873697531387,0.109574739506277,0.158787155883826,
0.198950946070685,0.239114736257544,0.279278526444403,0.319442316631262,
0.368654733008811,0.423442102761949,0.478229472515088,0.533016842268227,
0.567261779222978),.UNSPECIFIED.);
#298=B_SPLINE_CURVE_WITH_KNOTS('',3,(#6434,#6435,#6436,#6437,#6438,#6439,
#6440,#6441),.UNSPECIFIED.,.F.,.F.,(4,2,2,4),(3.99967794221905E-6,0.0399712428737421,
0.0801601429966424,0.118920872938209),.UNSPECIFIED.);
#299=B_SPLINE_CURVE_WITH_KNOTS('',3,(#6445,#6446,#6447,#6448,#6449,#6450,
#6451,#6452,#6453,#6454),.UNSPECIFIED.,.F.,.F.,(4,2,2,2,4),(0.,0.037932218302751,
0.0774322232684938,0.0981012443641043,0.118697741447592),.UNSPECIFIED.);
#300=B_SPLINE_CURVE_WITH_KNOTS('',3,(#6456,#6457,#6458,#6459,#6460,#6461),
 .UNSPECIFIED.,.F.,.F.,(4,2,4),(0.867426638322287,0.901671575277038,0.956458945030177),
 .UNSPECIFIED.);
#301=B_SPLINE_CURVE_WITH_KNOTS('',3,(#6463,#6464,#6465,#6466,#6467,#6468,
#6469,#6470,#6471,#6472,#6473,#6474),.UNSPECIFIED.,.F.,.F.,(4,2,2,2,2,4),
(0.,0.0547873697531387,0.109574739506277,0.158787155883826,0.198950946070685,
0.239114736257544),.UNSPECIFIED.);
#302=B_SPLINE_CURVE_WITH_KNOTS('',3,(#6479,#6480,#6481,#6482,#6483,#6484,
#6485,#6486,#6487,#6488,#6489,#6490,#6491,#6492,#6493,#6494),
 .UNSPECIFIED.,.F.,.F.,(4,2,2,2,2,2,2,4),(0.239114736257544,0.279278526444403,
0.319442316631262,0.368654733008811,0.423442102761949,0.478229472515088,
0.533016842268227,0.567261779222978),.UNSPECIFIED.);
#303=B_SPLINE_CURVE_WITH_KNOTS('',3,(#6496,#6497,#6498,#6499,#6500,#6501,
#6502,#6503),.UNSPECIFIED.,.F.,.F.,(4,2,2,4),(3.99967794218945E-6,0.0399712428750417,
0.0801601430002664,0.118920872938215),.UNSPECIFIED.);
#304=B_SPLINE_CURVE_WITH_KNOTS('',3,(#6507,#6508,#6509,#6510,#6511,#6512,
#6513,#6514,#6515,#6516),.UNSPECIFIED.,.F.,.F.,(4,2,2,2,4),(0.,0.0379322182984981,
0.0774322232648874,0.0981012443617314,0.118697741447585),.UNSPECIFIED.);
#305=B_SPLINE_CURVE_WITH_KNOTS('',3,(#6518,#6519,#6520,#6521,#6522,#6523),
 .UNSPECIFIED.,.F.,.F.,(4,2,4),(0.867426638322287,0.901671575277038,0.956458945030177),
 .UNSPECIFIED.);
#306=B_SPLINE_CURVE_WITH_KNOTS('',3,(#6525,#6526,#6527,#6528,#6529,#6530,
#6531,#6532,#6533,#6534,#6535,#6536,#6537,#6538,#6539,#6540,#6541,#6542,
#6543,#6544,#6545,#6546,#6547,#6548,#6549,#6550),.UNSPECIFIED.,.F.,.F.,
(4,2,2,2,2,2,2,2,2,2,2,2,4),(0.,0.0547873697531386,0.109574739506277,0.158787155883826,
0.198950946070685,0.239114736257544,0.279278526444403,0.319442316631262,
0.368654733008811,0.42344210276195,0.478229472515088,0.533016842268227,
0.567261779222978),.UNSPECIFIED.);
#307=B_SPLINE_CURVE_WITH_KNOTS('',3,(#6551,#6552,#6553,#6554,#6555,#6556,
#6557,#6558),.UNSPECIFIED.,.F.,.F.,(4,2,2,4),(3.99967794232076E-6,0.0399712428749675,
0.0801601429999233,0.118920872938219),.UNSPECIFIED.);
#308=B_SPLINE_CURVE_WITH_KNOTS('',3,(#6585,#6586,#6587,#6588,#6589),
 .UNSPECIFIED.,.F.,.F.,(4,1,4),(-1.69002406755936,-1.54790274640624,-1.42591488335209),
 .UNSPECIFIED.);
#309=B_SPLINE_CURVE_WITH_KNOTS('',3,(#6591,#6592,#6593,#6594,#6595,#6596,
#6597,#6598,#6599,#6600),.UNSPECIFIED.,.F.,.F.,(4,2,2,2,4),(0.,0.0262435671005392,
0.0855704081638692,0.13283660389935,0.177735132785362),.UNSPECIFIED.);
#310=B_SPLINE_CURVE_WITH_KNOTS('',3,(#6602,#6603,#6604,#6605),
 .UNSPECIFIED.,.F.,.F.,(4,4),(1.57810776154032,1.64204945605896),
 .UNSPECIFIED.);
#311=B_SPLINE_CURVE_WITH_KNOTS('',3,(#6606,#6607,#6608,#6609,#6610,#6611),
 .UNSPECIFIED.,.F.,.F.,(4,2,4),(0.,0.0476073100391092,0.0604173845807716),
 .UNSPECIFIED.);
#312=B_SPLINE_CURVE_WITH_KNOTS('',3,(#6619,#6620,#6621,#6622,#6623,#6624,
#6625,#6626,#6627,#6628),.UNSPECIFIED.,.F.,.F.,(4,2,2,2,4),(0.0870886262980552,
0.0871973250196334,0.104484110809187,0.142599891198303,0.148712831013281),
 .UNSPECIFIED.);
#313=B_SPLINE_CURVE_WITH_KNOTS('',3,(#6645,#6646,#6647,#6648),
 .UNSPECIFIED.,.F.,.F.,(4,4),(-0.211747146319833,-0.184804306963439),
 .UNSPECIFIED.);
#314=B_SPLINE_CURVE_WITH_KNOTS('',3,(#6651,#6652,#6653,#6654),
 .UNSPECIFIED.,.F.,.F.,(4,4),(-0.211747146319833,-0.184804306956886),
 .UNSPECIFIED.);
#315=B_SPLINE_CURVE_WITH_KNOTS('',3,(#6656,#6657,#6658,#6659,#6660,#6661,
#6662,#6663,#6664,#6665),.UNSPECIFIED.,.F.,.F.,(4,2,2,2,4),(0.,0.0262435671423106,
0.0855704081813605,0.132836603807721,0.177735132507146),.UNSPECIFIED.);
#316=B_SPLINE_CURVE_WITH_KNOTS('',3,(#6667,#6668,#6669,#6670,#6671,#6672,
#6673,#6674,#6675,#6676,#6677,#6678,#6679,#6680,#6681,#6682,#6683,#6684,
#6685,#6686,#6687,#6688,#6689),.UNSPECIFIED.,.F.,.F.,(4,3,2,2,2,2,2,2,2,
2,4),(-0.01781166024145,0.,0.0266131052979605,0.053226210595921,0.0786073764154677,
0.122040226815267,0.165473077215066,0.190854243034613,0.217467348332573,
0.244080453630534,0.261892113871985),.UNSPECIFIED.);
#317=B_SPLINE_CURVE_WITH_KNOTS('',3,(#6691,#6692,#6693,#6694,#6695,#6696,
#6697,#6698,#6699,#6700),.UNSPECIFIED.,.F.,.F.,(4,2,2,2,4),(0.,0.0643602399102629,
0.128205165464516,0.162696695471653,0.190203730784784),.UNSPECIFIED.);
#318=B_SPLINE_CURVE_WITH_KNOTS('',3,(#6702,#6703,#6704,#6705),
 .UNSPECIFIED.,.F.,.F.,(4,4),(-0.323407084578363,-0.296464245222227),
 .UNSPECIFIED.);
#319=B_SPLINE_CURVE_WITH_KNOTS('',3,(#6709,#6710,#6711,#6712),
 .UNSPECIFIED.,.F.,.F.,(4,4),(-0.211747146319833,-0.184804306963695),
 .UNSPECIFIED.);
#320=B_SPLINE_CURVE_WITH_KNOTS('',3,(#6714,#6715,#6716,#6717,#6718,#6719,
#6720,#6721,#6722,#6723),.UNSPECIFIED.,.F.,.F.,(4,2,2,2,4),(0.,0.0262435671424126,
0.0855704081663611,0.132836603800561,0.177735132511305),.UNSPECIFIED.);
#321=B_SPLINE_CURVE_WITH_KNOTS('',3,(#6725,#6726,#6727,#6728,#6729,#6730,
#6731,#6732,#6733,#6734,#6735,#6736,#6737),.UNSPECIFIED.,.F.,.F.,(4,3,2,
2,2,4),(-0.0178116602414501,0.,0.0266131052979603,0.0532262105959207,0.0786073764154677,
0.122040226815267),.UNSPECIFIED.);
#322=B_SPLINE_CURVE_WITH_KNOTS('',3,(#6742,#6743,#6744,#6745,#6746,#6747,
#6748,#6749,#6750,#6751,#6752,#6753),.UNSPECIFIED.,.F.,.F.,(4,2,2,2,2,4),
(0.122040226815267,0.165473077215066,0.190854243034613,0.217467348332574,
0.244080453630534,0.261892113871985),.UNSPECIFIED.);
#323=B_SPLINE_CURVE_WITH_KNOTS('',3,(#6755,#6756,#6757,#6758,#6759,#6760,
#6761,#6762,#6763,#6764),.UNSPECIFIED.,.F.,.F.,(4,2,2,2,4),(0.,0.0643602400228756,
0.128205165494862,0.162696695519891,0.19020373073707),.UNSPECIFIED.);
#324=B_SPLINE_CURVE_WITH_KNOTS('',3,(#6766,#6767,#6768,#6769),
 .UNSPECIFIED.,.F.,.F.,(4,4),(-0.323407084578363,-0.296464245222227),
 .UNSPECIFIED.);
#325=B_SPLINE_CURVE_WITH_KNOTS('',3,(#6773,#6774,#6775,#6776),
 .UNSPECIFIED.,.F.,.F.,(4,4),(-0.211747146319833,-0.184804306963439),
 .UNSPECIFIED.);
#326=B_SPLINE_CURVE_WITH_KNOTS('',3,(#6778,#6779,#6780,#6781,#6782,#6783,
#6784,#6785,#6786,#6787),.UNSPECIFIED.,.F.,.F.,(4,2,2,2,4),(0.,0.0262435671004707,
0.0855704081633412,0.132836603898461,0.177735132784131),.UNSPECIFIED.);
#327=B_SPLINE_CURVE_WITH_KNOTS('',3,(#6789,#6790,#6791,#6792,#6793,#6794,
#6795,#6796,#6797,#6798,#6799,#6800,#6801,#6802,#6803,#6804,#6805,#6806,
#6807,#6808,#6809,#6810,#6811),.UNSPECIFIED.,.F.,.F.,(4,3,2,2,2,2,2,2,2,
2,4),(-0.01781166024145,0.,0.0266131052979607,0.0532262105959213,0.0786073764154681,
0.122040226815267,0.165473077215066,0.190854243034613,0.217467348332574,
0.244080453630534,0.261892113871985),.UNSPECIFIED.);
#328=B_SPLINE_CURVE_WITH_KNOTS('',3,(#6813,#6814,#6815,#6816,#6817,#6818,
#6819,#6820,#6821,#6822),.UNSPECIFIED.,.F.,.F.,(4,2,2,2,4),(0.,0.0643602400445072,
0.128205165528657,0.162696695549467,0.190203730728396),.UNSPECIFIED.);
#329=B_SPLINE_CURVE_WITH_KNOTS('',3,(#6824,#6825,#6826,#6827),
 .UNSPECIFIED.,.F.,.F.,(4,4),(-0.323407084578363,-0.296464245222227),
 .UNSPECIFIED.);
#330=B_SPLINE_CURVE_WITH_KNOTS('',3,(#6831,#6832,#6833,#6834),
 .UNSPECIFIED.,.F.,.F.,(4,4),(-0.211747146319833,-0.184804306956887),
 .UNSPECIFIED.);
#331=B_SPLINE_CURVE_WITH_KNOTS('',3,(#6836,#6837,#6838,#6839,#6840,#6841,
#6842,#6843,#6844,#6845),.UNSPECIFIED.,.F.,.F.,(4,2,2,2,4),(0.,0.0262435671422312,
0.0855704081807016,0.132836603806576,0.177735132505541),.UNSPECIFIED.);
#332=B_SPLINE_CURVE_WITH_KNOTS('',3,(#6847,#6848,#6849,#6850,#6851,#6852,
#6853,#6854,#6855,#6856,#6857,#6858,#6859,#6860,#6861,#6862,#6863,#6864,
#6865,#6866,#6867,#6868,#6869),.UNSPECIFIED.,.F.,.F.,(4,3,2,2,2,2,2,2,2,
2,4),(-0.0178116602414498,0.,0.0266131052979601,0.0532262105959203,0.0786073764154674,
0.122040226815267,0.165473077215066,0.190854243034613,0.217467348332573,
0.244080453630534,0.261892113871984),.UNSPECIFIED.);
#333=B_SPLINE_CURVE_WITH_KNOTS('',3,(#6871,#6872,#6873,#6874,#6875,#6876,
#6877,#6878,#6879,#6880),.UNSPECIFIED.,.F.,.F.,(4,2,2,2,4),(0.,0.0643602399102692,
0.12820516546455,0.162696695471728,0.190203730785215),.UNSPECIFIED.);
#334=B_SPLINE_CURVE_WITH_KNOTS('',3,(#6882,#6883,#6884,#6885),
 .UNSPECIFIED.,.F.,.F.,(4,4),(-0.323407084578363,-0.296464245222227),
 .UNSPECIFIED.);
#335=B_SPLINE_CURVE_WITH_KNOTS('',3,(#6889,#6890,#6891,#6892),
 .UNSPECIFIED.,.F.,.F.,(4,4),(-0.211747146319833,-0.184804306963695),
 .UNSPECIFIED.);
#336=B_SPLINE_CURVE_WITH_KNOTS('',3,(#6894,#6895,#6896,#6897,#6898,#6899,
#6900,#6901,#6902,#6903),.UNSPECIFIED.,.F.,.F.,(4,2,2,2,4),(0.,0.0262435671425516,
0.0855704081674677,0.132836603802447,0.177735132513933),.UNSPECIFIED.);
#337=B_SPLINE_CURVE_WITH_KNOTS('',3,(#6905,#6906,#6907,#6908,#6909,#6910,
#6911,#6912,#6913,#6914,#6915,#6916,#6917,#6918,#6919,#6920,#6921,#6922,
#6923,#6924,#6925,#6926,#6927),.UNSPECIFIED.,.F.,.F.,(4,3,2,2,2,2,2,2,2,
2,4),(-0.0178116602414499,0.,0.0266131052979603,0.0532262105959207,0.0786073764154676,
0.122040226815267,0.165473077215066,0.190854243034613,0.217467348332573,
0.244080453630534,0.261892113871985),.UNSPECIFIED.);
#338=B_SPLINE_CURVE_WITH_KNOTS('',3,(#6929,#6930,#6931,#6932,#6933,#6934,
#6935,#6936,#6937,#6938),.UNSPECIFIED.,.F.,.F.,(4,2,2,2,4),(0.,0.0578879989049346,
0.124408962581311,0.161808273729421,0.201966366383224),.UNSPECIFIED.);
#339=B_SPLINE_CURVE_WITH_KNOTS('',3,(#6939,#6940,#6941,#6942),
 .UNSPECIFIED.,.F.,.F.,(4,4),(-0.323407084578363,-0.296464245222227),
 .UNSPECIFIED.);
#340=B_SPLINE_CURVE_WITH_KNOTS('',3,(#6943,#6944,#6945,#6946,#6947,#6948,
#6949,#6950,#6951,#6952,#6953,#6954,#6955,#6956,#6957,#6958,#6959,#6960,
#6961,#6962,#6963,#6964,#6965),.UNSPECIFIED.,.F.,.F.,(4,3,2,2,2,2,2,2,2,
2,4),(-0.0178116602414501,0.,0.0266131052979602,0.0532262105959204,0.0786073764154675,
0.122040226815267,0.165473077215066,0.190854243034614,0.217467348332574,
0.244080453630534,0.261892113871985),.UNSPECIFIED.);
#341=B_SPLINE_CURVE_WITH_KNOTS('',3,(#6991,#6992,#6993,#6994,#6995),
 .UNSPECIFIED.,.F.,.F.,(4,1,4),(-0.216138945346559,-0.0534884611644991,
0.0479763664714926),.UNSPECIFIED.);
#342=B_SPLINE_CURVE_WITH_KNOTS('',3,(#6997,#6998,#6999,#7000,#7001,#7002,
#7003,#7004),.UNSPECIFIED.,.F.,.F.,(4,2,2,4),(0.0683417793745772,0.0718110199794707,
0.093164145844403,0.133333817788882),.UNSPECIFIED.);
#343=B_SPLINE_CURVE_WITH_KNOTS('',3,(#7005,#7006,#7007,#7008,#7009),
 .UNSPECIFIED.,.F.,.F.,(4,1,4),(7.73615702166453E-17,0.0534884611644991,
0.063955632551026),.UNSPECIFIED.);
#344=B_SPLINE_CURVE_WITH_KNOTS('',3,(#7029,#7030,#7031,#7032,#7033,#7034),
 .UNSPECIFIED.,.F.,.F.,(4,2,4),(0.,0.0475865868506299,0.060419581727998),
 .UNSPECIFIED.);
#345=B_SPLINE_CURVE_WITH_KNOTS('',3,(#7061,#7062,#7063,#7064,#7065),
 .UNSPECIFIED.,.F.,.F.,(4,1,4),(-1.69002482394143,-1.54790351088197,-1.42591565574982),
 .UNSPECIFIED.);
#346=B_SPLINE_CURVE_WITH_KNOTS('',3,(#7066,#7067,#7068,#7069),
 .UNSPECIFIED.,.F.,.F.,(4,4),(1.57810853997328,1.64205023214575),
 .UNSPECIFIED.);
#347=B_SPLINE_CURVE_WITH_KNOTS('',3,(#7111,#7112,#7113,#7114,#7115),
 .UNSPECIFIED.,.F.,.F.,(4,1,4),(-1.79423826589046,-1.63158779431926,-1.53012295710208),
 .UNSPECIFIED.);
#348=B_SPLINE_CURVE_WITH_KNOTS('',3,(#7117,#7118,#7119,#7120,#7121,#7122,
#7123,#7124,#7125,#7126),.UNSPECIFIED.,.F.,.F.,(4,2,2,2,4),(0.0870886262981746,
0.087197325019753,0.104484110809335,0.142599891198545,0.148712831013548),
 .UNSPECIFIED.);
#349=B_SPLINE_CURVE_WITH_KNOTS('',3,(#7127,#7128,#7129,#7130,#7131),
 .UNSPECIFIED.,.F.,.F.,(4,1,4),(1.57809932507357,1.63158779431926,1.64205495765041),
 .UNSPECIFIED.);
#350=B_SPLINE_CURVE_WITH_KNOTS('',3,(#7151,#7152,#7153,#7154,#7155,#7156),
 .UNSPECIFIED.,.F.,.F.,(4,2,4),(0.,0.0476073100391119,0.060417384580772),
 .UNSPECIFIED.);
#351=B_SPLINE_CURVE_WITH_KNOTS('',3,(#7183,#7184,#7185,#7186,#7187),
 .UNSPECIFIED.,.F.,.F.,(4,1,4),(-0.111925870668791,0.0301954548384551,0.152183308410059),
 .UNSPECIFIED.);
#352=B_SPLINE_CURVE_WITH_KNOTS('',3,(#7188,#7189,#7190,#7191),
 .UNSPECIFIED.,.F.,.F.,(4,4),(9.62889805996084E-6,0.0639513482977948),
 .UNSPECIFIED.);
#353=B_SPLINE_CURVE_WITH_KNOTS('',3,(#7233,#7234,#7235,#7236,#7237),
 .UNSPECIFIED.,.F.,.F.,(4,1,4),(-0.216138941455626,-0.0534884678361911,
0.0479763548711752),.UNSPECIFIED.);
#354=B_SPLINE_CURVE_WITH_KNOTS('',3,(#7239,#7240,#7241,#7242,#7243,#7244,
#7245,#7246),.UNSPECIFIED.,.F.,.F.,(4,2,2,4),(0.0540320825090342,0.0682890446759074,
0.103717134472247,0.12654923852334),.UNSPECIFIED.);
#355=B_SPLINE_CURVE_WITH_KNOTS('',3,(#7247,#7248,#7249,#7250,#7251),
 .UNSPECIFIED.,.F.,.F.,(4,1,4),(-2.61319924056867E-16,0.0534884678361911,
0.0639556325510258),.UNSPECIFIED.);
#356=B_SPLINE_CURVE_WITH_KNOTS('',3,(#7271,#7272,#7273,#7274,#7275,#7276),
 .UNSPECIFIED.,.F.,.F.,(4,2,4),(0.,0.0474876111861842,0.0604262698485191),
 .UNSPECIFIED.);
#357=B_SPLINE_CURVE_WITH_KNOTS('',3,(#7303,#7304,#7305,#7306,#7307),
 .UNSPECIFIED.,.F.,.F.,(4,1,4),(-1.69002406755936,-1.54790274640624,-1.42591488335209),
 .UNSPECIFIED.);
#358=B_SPLINE_CURVE_WITH_KNOTS('',3,(#7308,#7309,#7310,#7311),
 .UNSPECIFIED.,.F.,.F.,(4,4),(1.57810776154031,1.64204945605896),
 .UNSPECIFIED.);
#359=B_SPLINE_CURVE_WITH_KNOTS('',3,(#7353,#7354,#7355,#7356,#7357),
 .UNSPECIFIED.,.F.,.F.,(4,1,4),(-0.216138945346562,-0.0534884611645001,
0.0479763664714923),.UNSPECIFIED.);
#360=B_SPLINE_CURVE_WITH_KNOTS('',3,(#7359,#7360,#7361,#7362,#7363,#7364,
#7365,#7366),.UNSPECIFIED.,.F.,.F.,(4,2,2,4),(0.0683417793745516,0.0718110199794612,
0.0931641458444396,0.133333817788819),.UNSPECIFIED.);
#361=B_SPLINE_CURVE_WITH_KNOTS('',3,(#7367,#7368,#7369,#7370,#7371),
 .UNSPECIFIED.,.F.,.F.,(4,1,4),(1.67519878887977E-16,0.0534884611645001,
0.063955632551026),.UNSPECIFIED.);
#362=B_SPLINE_CURVE_WITH_KNOTS('',3,(#7373,#7374,#7375,#7376,#7377),
 .UNSPECIFIED.,.F.,.F.,(4,1,4),(-1.69002482394143,-1.54790351088197,-1.42591565574982),
 .UNSPECIFIED.);
#363=B_SPLINE_CURVE_WITH_KNOTS('',3,(#7403,#7404,#7405,#7406),
 .UNSPECIFIED.,.F.,.F.,(4,4),(1.57810853997328,1.64205023214575),
 .UNSPECIFIED.);
#364=B_SPLINE_CURVE_WITH_KNOTS('',3,(#7442,#7443,#7444,#7445,#7446,#7447),
 .UNSPECIFIED.,.F.,.F.,(4,2,4),(0.,0.0475865868506292,0.0604195817280745),
 .UNSPECIFIED.);
#365=B_SPLINE_CURVE_WITH_KNOTS('',3,(#7478,#7479,#7480,#7481,#7482),
 .UNSPECIFIED.,.F.,.F.,(4,1,4),(-1.79423826589046,-1.67225041221206,-1.53012908650524),
 .UNSPECIFIED.);
#366=B_SPLINE_CURVE_WITH_KNOTS('',3,(#7483,#7484,#7485,#7486),
 .UNSPECIFIED.,.F.,.F.,(4,4),(1.57810360854796,1.6420453274652),
 .UNSPECIFIED.);
#367=B_SPLINE_CURVE_WITH_KNOTS('',3,(#7488,#7489,#7490,#7491,#7492),
 .UNSPECIFIED.,.F.,.F.,(4,1,4),(-0.11193200013643,-0.0104671630574894,0.152183308410056),
 .UNSPECIFIED.);
#368=B_SPLINE_CURVE_WITH_KNOTS('',3,(#7518,#7519,#7520,#7521,#7522),
 .UNSPECIFIED.,.F.,.F.,(4,1,4),(-1.95719466072953E-16,0.0104671630574894,
0.0639556321541398),.UNSPECIFIED.);
#369=CONICAL_SURFACE('',#3155,3.469658575071,0.785398214196853);
#370=CONICAL_SURFACE('',#3161,3.4696584486797,0.785398112598027);
#371=CONICAL_SURFACE('',#3191,5.90199224458043,0.785398163397442);
#372=CONICAL_SURFACE('',#3198,5.90199224458043,0.785398163397442);
#373=TOROIDAL_SURFACE('',#3149,4.41766626729493,1.55);
#374=TOROIDAL_SURFACE('',#3194,6.85,1.55);
#375=TOROIDAL_SURFACE('',#3206,2.40037417703998,1.);
#376=TOROIDAL_SURFACE('',#3231,2.39962514024356,1.);
#377=TOROIDAL_SURFACE('',#3233,2.40037417703998,1.);
#378=TOROIDAL_SURFACE('',#3240,2.39962514024356,1.);
#379=TOROIDAL_SURFACE('',#3242,2.40037417703998,1.);
#380=TOROIDAL_SURFACE('',#3249,2.39962514024355,1.);
#381=TOROIDAL_SURFACE('',#3251,2.40037417703998,1.);
#382=TOROIDAL_SURFACE('',#3256,2.39962514024356,1.);
#383=TOROIDAL_SURFACE('',#3291,2.40037417703998,1.);
#384=TOROIDAL_SURFACE('',#3295,2.39962514024356,1.);
#385=FACE_BOUND('',#617,.T.);
#386=FACE_BOUND('',#619,.T.);
#387=FACE_BOUND('',#626,.T.);
#388=FACE_BOUND('',#636,.T.);
#389=FACE_BOUND('',#643,.T.);
#390=FACE_BOUND('',#686,.T.);
#391=FACE_BOUND('',#720,.T.);
#392=FACE_BOUND('',#760,.T.);
#393=FACE_BOUND('',#764,.T.);
#394=FACE_BOUND('',#766,.T.);
#395=FACE_BOUND('',#767,.T.);
#396=FACE_BOUND('',#769,.T.);
#397=FACE_BOUND('',#770,.T.);
#398=FACE_BOUND('',#781,.T.);
#399=FACE_BOUND('',#784,.T.);
#400=PLANE('',#3141);
#401=PLANE('',#3142);
#402=PLANE('',#3144);
#403=PLANE('',#3162);
#404=PLANE('',#3178);
#405=PLANE('',#3187);
#406=PLANE('',#3201);
#407=PLANE('',#3204);
#408=PLANE('',#3254);
#409=PLANE('',#3259);
#410=PLANE('',#3261);
#411=PLANE('',#3263);
#412=PLANE('',#3265);
#413=PLANE('',#3267);
#414=PLANE('',#3269);
#415=PLANE('',#3271);
#416=PLANE('',#3273);
#417=PLANE('',#3275);
#418=PLANE('',#3277);
#419=PLANE('',#3280);
#420=PLANE('',#3282);
#421=PLANE('',#3294);
#422=PLANE('',#3298);
#423=PLANE('',#3302);
#424=PLANE('',#3304);
#425=PLANE('',#3314);
#426=PLANE('',#3322);
#427=PLANE('',#3323);
#428=PLANE('',#3324);
#429=PLANE('',#3326);
#430=PLANE('',#3332);
#431=PLANE('',#3340);
#432=PLANE('',#3341);
#433=PLANE('',#3347);
#434=PLANE('',#3357);
#435=PLANE('',#3371);
#436=PLANE('',#3375);
#437=PLANE('',#3382);
#438=PLANE('',#3383);
#439=PLANE('',#3387);
#440=PLANE('',#3388);
#441=PLANE('',#3392);
#442=PLANE('',#3393);
#443=PLANE('',#3397);
#444=PLANE('',#3398);
#445=FACE_OUTER_BOUND('',#614,.T.);
#446=FACE_OUTER_BOUND('',#615,.T.);
#447=FACE_OUTER_BOUND('',#616,.T.);
#448=FACE_OUTER_BOUND('',#618,.T.);
#449=FACE_OUTER_BOUND('',#620,.T.);
#450=FACE_OUTER_BOUND('',#621,.T.);
#451=FACE_OUTER_BOUND('',#622,.T.);
#452=FACE_OUTER_BOUND('',#623,.T.);
#453=FACE_OUTER_BOUND('',#624,.T.);
#454=FACE_OUTER_BOUND('',#625,.T.);
#455=FACE_OUTER_BOUND('',#627,.T.);
#456=FACE_OUTER_BOUND('',#628,.T.);
#457=FACE_OUTER_BOUND('',#629,.T.);
#458=FACE_OUTER_BOUND('',#630,.T.);
#459=FACE_OUTER_BOUND('',#631,.T.);
#460=FACE_OUTER_BOUND('',#632,.T.);
#461=FACE_OUTER_BOUND('',#633,.T.);
#462=FACE_OUTER_BOUND('',#634,.T.);
#463=FACE_OUTER_BOUND('',#635,.T.);
#464=FACE_OUTER_BOUND('',#637,.T.);
#465=FACE_OUTER_BOUND('',#638,.T.);
#466=FACE_OUTER_BOUND('',#639,.T.);
#467=FACE_OUTER_BOUND('',#640,.T.);
#468=FACE_OUTER_BOUND('',#641,.T.);
#469=FACE_OUTER_BOUND('',#642,.T.);
#470=FACE_OUTER_BOUND('',#644,.T.);
#471=FACE_OUTER_BOUND('',#645,.T.);
#472=FACE_OUTER_BOUND('',#646,.T.);
#473=FACE_OUTER_BOUND('',#647,.T.);
#474=FACE_OUTER_BOUND('',#648,.T.);
#475=FACE_OUTER_BOUND('',#649,.T.);
#476=FACE_OUTER_BOUND('',#650,.T.);
#477=FACE_OUTER_BOUND('',#651,.T.);
#478=FACE_OUTER_BOUND('',#652,.T.);
#479=FACE_OUTER_BOUND('',#653,.T.);
#480=FACE_OUTER_BOUND('',#654,.T.);
#481=FACE_OUTER_BOUND('',#655,.T.);
#482=FACE_OUTER_BOUND('',#656,.T.);
#483=FACE_OUTER_BOUND('',#657,.T.);
#484=FACE_OUTER_BOUND('',#658,.T.);
#485=FACE_OUTER_BOUND('',#659,.T.);
#486=FACE_OUTER_BOUND('',#660,.T.);
#487=FACE_OUTER_BOUND('',#661,.T.);
#488=FACE_OUTER_BOUND('',#662,.T.);
#489=FACE_OUTER_BOUND('',#663,.T.);
#490=FACE_OUTER_BOUND('',#664,.T.);
#491=FACE_OUTER_BOUND('',#665,.T.);
#492=FACE_OUTER_BOUND('',#666,.T.);
#493=FACE_OUTER_BOUND('',#667,.T.);
#494=FACE_OUTER_BOUND('',#668,.T.);
#495=FACE_OUTER_BOUND('',#669,.T.);
#496=FACE_OUTER_BOUND('',#670,.T.);
#497=FACE_OUTER_BOUND('',#671,.T.);
#498=FACE_OUTER_BOUND('',#672,.T.);
#499=FACE_OUTER_BOUND('',#673,.T.);
#500=FACE_OUTER_BOUND('',#674,.T.);
#501=FACE_OUTER_BOUND('',#675,.T.);
#502=FACE_OUTER_BOUND('',#676,.T.);
#503=FACE_OUTER_BOUND('',#677,.T.);
#504=FACE_OUTER_BOUND('',#678,.T.);
#505=FACE_OUTER_BOUND('',#679,.T.);
#506=FACE_OUTER_BOUND('',#680,.T.);
#507=FACE_OUTER_BOUND('',#681,.T.);
#508=FACE_OUTER_BOUND('',#682,.T.);
#509=FACE_OUTER_BOUND('',#683,.T.);
#510=FACE_OUTER_BOUND('',#684,.T.);
#511=FACE_OUTER_BOUND('',#685,.T.);
#512=FACE_OUTER_BOUND('',#687,.T.);
#513=FACE_OUTER_BOUND('',#688,.T.);
#514=FACE_OUTER_BOUND('',#689,.T.);
#515=FACE_OUTER_BOUND('',#690,.T.);
#516=FACE_OUTER_BOUND('',#691,.T.);
#517=FACE_OUTER_BOUND('',#692,.T.);
#518=FACE_OUTER_BOUND('',#693,.T.);
#519=FACE_OUTER_BOUND('',#694,.T.);
#520=FACE_OUTER_BOUND('',#695,.T.);
#521=FACE_OUTER_BOUND('',#696,.T.);
#522=FACE_OUTER_BOUND('',#697,.T.);
#523=FACE_OUTER_BOUND('',#698,.T.);
#524=FACE_OUTER_BOUND('',#699,.T.);
#525=FACE_OUTER_BOUND('',#700,.T.);
#526=FACE_OUTER_BOUND('',#701,.T.);
#527=FACE_OUTER_BOUND('',#702,.T.);
#528=FACE_OUTER_BOUND('',#703,.T.);
#529=FACE_OUTER_BOUND('',#704,.T.);
#530=FACE_OUTER_BOUND('',#705,.T.);
#531=FACE_OUTER_BOUND('',#706,.T.);
#532=FACE_OUTER_BOUND('',#707,.T.);
#533=FACE_OUTER_BOUND('',#708,.T.);
#534=FACE_OUTER_BOUND('',#709,.T.);
#535=FACE_OUTER_BOUND('',#710,.T.);
#536=FACE_OUTER_BOUND('',#711,.T.);
#537=FACE_OUTER_BOUND('',#712,.T.);
#538=FACE_OUTER_BOUND('',#713,.T.);
#539=FACE_OUTER_BOUND('',#714,.T.);
#540=FACE_OUTER_BOUND('',#715,.T.);
#541=FACE_OUTER_BOUND('',#716,.T.);
#542=FACE_OUTER_BOUND('',#717,.T.);
#543=FACE_OUTER_BOUND('',#718,.T.);
#544=FACE_OUTER_BOUND('',#719,.T.);
#545=FACE_OUTER_BOUND('',#721,.T.);
#546=FACE_OUTER_BOUND('',#722,.T.);
#547=FACE_OUTER_BOUND('',#723,.T.);
#548=FACE_OUTER_BOUND('',#724,.T.);
#549=FACE_OUTER_BOUND('',#725,.T.);
#550=FACE_OUTER_BOUND('',#726,.T.);
#551=FACE_OUTER_BOUND('',#727,.T.);
#552=FACE_OUTER_BOUND('',#728,.T.);
#553=FACE_OUTER_BOUND('',#729,.T.);
#554=FACE_OUTER_BOUND('',#730,.T.);
#555=FACE_OUTER_BOUND('',#731,.T.);
#556=FACE_OUTER_BOUND('',#732,.T.);
#557=FACE_OUTER_BOUND('',#733,.T.);
#558=FACE_OUTER_BOUND('',#734,.T.);
#559=FACE_OUTER_BOUND('',#735,.T.);
#560=FACE_OUTER_BOUND('',#736,.T.);
#561=FACE_OUTER_BOUND('',#737,.T.);
#562=FACE_OUTER_BOUND('',#738,.T.);
#563=FACE_OUTER_BOUND('',#739,.T.);
#564=FACE_OUTER_BOUND('',#740,.T.);
#565=FACE_OUTER_BOUND('',#741,.T.);
#566=FACE_OUTER_BOUND('',#742,.T.);
#567=FACE_OUTER_BOUND('',#743,.T.);
#568=FACE_OUTER_BOUND('',#744,.T.);
#569=FACE_OUTER_BOUND('',#745,.T.);
#570=FACE_OUTER_BOUND('',#746,.T.);
#571=FACE_OUTER_BOUND('',#747,.T.);
#572=FACE_OUTER_BOUND('',#748,.T.);
#573=FACE_OUTER_BOUND('',#749,.T.);
#574=FACE_OUTER_BOUND('',#750,.T.);
#575=FACE_OUTER_BOUND('',#751,.T.);
#576=FACE_OUTER_BOUND('',#752,.T.);
#577=FACE_OUTER_BOUND('',#753,.T.);
#578=FACE_OUTER_BOUND('',#754,.T.);
#579=FACE_OUTER_BOUND('',#755,.T.);
#580=FACE_OUTER_BOUND('',#756,.T.);
#581=FACE_OUTER_BOUND('',#757,.T.);
#582=FACE_OUTER_BOUND('',#758,.T.);
#583=FACE_OUTER_BOUND('',#759,.T.);
#584=FACE_OUTER_BOUND('',#761,.T.);
#585=FACE_OUTER_BOUND('',#762,.T.);
#586=FACE_OUTER_BOUND('',#763,.T.);
#587=FACE_OUTER_BOUND('',#765,.T.);
#588=FACE_OUTER_BOUND('',#768,.T.);
#589=FACE_OUTER_BOUND('',#771,.T.);
#590=FACE_OUTER_BOUND('',#772,.T.);
#591=FACE_OUTER_BOUND('',#773,.T.);
#592=FACE_OUTER_BOUND('',#774,.T.);
#593=FACE_OUTER_BOUND('',#775,.T.);
#594=FACE_OUTER_BOUND('',#776,.T.);
#595=FACE_OUTER_BOUND('',#777,.T.);
#596=FACE_OUTER_BOUND('',#778,.T.);
#597=FACE_OUTER_BOUND('',#779,.T.);
#598=FACE_OUTER_BOUND('',#780,.T.);
#599=FACE_OUTER_BOUND('',#782,.T.);
#600=FACE_OUTER_BOUND('',#783,.T.);
#601=FACE_OUTER_BOUND('',#785,.T.);
#602=FACE_OUTER_BOUND('',#786,.T.);
#603=FACE_OUTER_BOUND('',#787,.T.);
#604=FACE_OUTER_BOUND('',#788,.T.);
#605=FACE_OUTER_BOUND('',#789,.T.);
#606=FACE_OUTER_BOUND('',#790,.T.);
#607=FACE_OUTER_BOUND('',#791,.T.);
#608=FACE_OUTER_BOUND('',#792,.T.);
#609=FACE_OUTER_BOUND('',#793,.T.);
#610=FACE_OUTER_BOUND('',#794,.T.);
#611=FACE_OUTER_BOUND('',#795,.T.);
#612=FACE_OUTER_BOUND('',#796,.T.);
#613=FACE_OUTER_BOUND('',#797,.T.);
#614=EDGE_LOOP('',(#1928,#1929,#1930,#1931));
#615=EDGE_LOOP('',(#1932));
#616=EDGE_LOOP('',(#1933));
#617=EDGE_LOOP('',(#1934));
#618=EDGE_LOOP('',(#1935));
#619=EDGE_LOOP('',(#1936));
#620=EDGE_LOOP('',(#1937,#1938,#1939,#1940));
#621=EDGE_LOOP('',(#1941,#1942,#1943,#1944,#1945,#1946));
#622=EDGE_LOOP('',(#1947,#1948,#1949,#1950,#1951));
#623=EDGE_LOOP('',(#1952,#1953,#1954,#1955,#1956,#1957,#1958,#1959));
#624=EDGE_LOOP('',(#1960,#1961,#1962,#1963,#1964));
#625=EDGE_LOOP('',(#1965,#1966,#1967,#1968));
#626=EDGE_LOOP('',(#1969));
#627=EDGE_LOOP('',(#1970,#1971,#1972,#1973));
#628=EDGE_LOOP('',(#1974,#1975,#1976,#1977));
#629=EDGE_LOOP('',(#1978,#1979,#1980,#1981));
#630=EDGE_LOOP('',(#1982,#1983,#1984,#1985));
#631=EDGE_LOOP('',(#1986,#1987,#1988,#1989,#1990,#1991,#1992,#1993,#1994));
#632=EDGE_LOOP('',(#1995,#1996,#1997,#1998));
#633=EDGE_LOOP('',(#1999,#2000,#2001,#2002,#2003,#2004,#2005,#2006));
#634=EDGE_LOOP('',(#2007,#2008,#2009,#2010));
#635=EDGE_LOOP('',(#2011));
#636=EDGE_LOOP('',(#2012));
#637=EDGE_LOOP('',(#2013,#2014,#2015,#2016));
#638=EDGE_LOOP('',(#2017,#2018,#2019,#2020,#2021));
#639=EDGE_LOOP('',(#2022,#2023,#2024,#2025,#2026,#2027));
#640=EDGE_LOOP('',(#2028,#2029,#2030,#2031,#2032));
#641=EDGE_LOOP('',(#2033,#2034,#2035,#2036));
#642=EDGE_LOOP('',(#2037,#2038,#2039,#2040,#2041,#2042,#2043,#2044,#2045,
#2046,#2047,#2048,#2049,#2050,#2051,#2052,#2053,#2054,#2055,#2056,#2057,
#2058,#2059,#2060,#2061,#2062,#2063,#2064,#2065,#2066,#2067,#2068,#2069,
#2070,#2071,#2072,#2073,#2074,#2075,#2076));
#643=EDGE_LOOP('',(#2077));
#644=EDGE_LOOP('',(#2078,#2079,#2080,#2081));
#645=EDGE_LOOP('',(#2082,#2083,#2084,#2085));
#646=EDGE_LOOP('',(#2086,#2087,#2088,#2089));
#647=EDGE_LOOP('',(#2090,#2091,#2092,#2093));
#648=EDGE_LOOP('',(#2094,#2095,#2096,#2097));
#649=EDGE_LOOP('',(#2098,#2099,#2100,#2101));
#650=EDGE_LOOP('',(#2102,#2103,#2104,#2105));
#651=EDGE_LOOP('',(#2106,#2107,#2108,#2109));
#652=EDGE_LOOP('',(#2110,#2111,#2112,#2113));
#653=EDGE_LOOP('',(#2114,#2115,#2116,#2117));
#654=EDGE_LOOP('',(#2118,#2119,#2120,#2121));
#655=EDGE_LOOP('',(#2122,#2123,#2124,#2125));
#656=EDGE_LOOP('',(#2126,#2127,#2128,#2129));
#657=EDGE_LOOP('',(#2130,#2131,#2132,#2133));
#658=EDGE_LOOP('',(#2134,#2135,#2136,#2137));
#659=EDGE_LOOP('',(#2138,#2139,#2140,#2141));
#660=EDGE_LOOP('',(#2142,#2143,#2144,#2145));
#661=EDGE_LOOP('',(#2146,#2147,#2148,#2149));
#662=EDGE_LOOP('',(#2150,#2151,#2152,#2153));
#663=EDGE_LOOP('',(#2154,#2155,#2156,#2157));
#664=EDGE_LOOP('',(#2158,#2159,#2160,#2161));
#665=EDGE_LOOP('',(#2162,#2163,#2164,#2165));
#666=EDGE_LOOP('',(#2166,#2167,#2168,#2169));
#667=EDGE_LOOP('',(#2170,#2171,#2172,#2173));
#668=EDGE_LOOP('',(#2174,#2175,#2176,#2177));
#669=EDGE_LOOP('',(#2178,#2179,#2180,#2181));
#670=EDGE_LOOP('',(#2182,#2183,#2184,#2185));
#671=EDGE_LOOP('',(#2186,#2187,#2188,#2189));
#672=EDGE_LOOP('',(#2190,#2191,#2192,#2193));
#673=EDGE_LOOP('',(#2194,#2195,#2196,#2197));
#674=EDGE_LOOP('',(#2198,#2199,#2200,#2201));
#675=EDGE_LOOP('',(#2202,#2203,#2204,#2205));
#676=EDGE_LOOP('',(#2206,#2207,#2208,#2209));
#677=EDGE_LOOP('',(#2210,#2211,#2212,#2213));
#678=EDGE_LOOP('',(#2214,#2215,#2216,#2217));
#679=EDGE_LOOP('',(#2218,#2219,#2220,#2221));
#680=EDGE_LOOP('',(#2222,#2223,#2224,#2225));
#681=EDGE_LOOP('',(#2226,#2227,#2228,#2229));
#682=EDGE_LOOP('',(#2230,#2231,#2232,#2233));
#683=EDGE_LOOP('',(#2234,#2235,#2236,#2237));
#684=EDGE_LOOP('',(#2238,#2239,#2240,#2241));
#685=EDGE_LOOP('',(#2242,#2243,#2244,#2245));
#686=EDGE_LOOP('',(#2246,#2247,#2248,#2249,#2250,#2251,#2252,#2253,#2254,
#2255,#2256,#2257,#2258,#2259,#2260,#2261,#2262,#2263,#2264,#2265,#2266,
#2267,#2268,#2269,#2270,#2271,#2272,#2273,#2274,#2275,#2276,#2277,#2278,
#2279,#2280,#2281,#2282,#2283,#2284,#2285));
#687=EDGE_LOOP('',(#2286,#2287,#2288,#2289));
#688=EDGE_LOOP('',(#2290,#2291,#2292,#2293,#2294,#2295,#2296,#2297,#2298,
#2299,#2300,#2301,#2302,#2303,#2304,#2305,#2306,#2307,#2308,#2309,#2310,
#2311,#2312,#2313,#2314,#2315,#2316,#2317,#2318,#2319,#2320,#2321,#2322,
#2323,#2324,#2325,#2326,#2327,#2328,#2329,#2330,#2331,#2332,#2333));
#689=EDGE_LOOP('',(#2334,#2335,#2336,#2337,#2338,#2339,#2340,#2341,#2342,
#2343,#2344));
#690=EDGE_LOOP('',(#2345,#2346,#2347,#2348));
#691=EDGE_LOOP('',(#2349,#2350,#2351,#2352));
#692=EDGE_LOOP('',(#2353,#2354,#2355,#2356,#2357,#2358,#2359,#2360,#2361,
#2362,#2363));
#693=EDGE_LOOP('',(#2364,#2365,#2366,#2367));
#694=EDGE_LOOP('',(#2368,#2369,#2370,#2371));
#695=EDGE_LOOP('',(#2372,#2373,#2374,#2375,#2376,#2377,#2378,#2379,#2380,
#2381,#2382));
#696=EDGE_LOOP('',(#2383,#2384,#2385,#2386));
#697=EDGE_LOOP('',(#2387,#2388,#2389,#2390));
#698=EDGE_LOOP('',(#2391,#2392,#2393,#2394));
#699=EDGE_LOOP('',(#2395,#2396,#2397,#2398));
#700=EDGE_LOOP('',(#2399,#2400,#2401,#2402));
#701=EDGE_LOOP('',(#2403,#2404,#2405,#2406));
#702=EDGE_LOOP('',(#2407,#2408,#2409,#2410));
#703=EDGE_LOOP('',(#2411,#2412,#2413,#2414));
#704=EDGE_LOOP('',(#2415,#2416,#2417,#2418));
#705=EDGE_LOOP('',(#2419,#2420,#2421,#2422));
#706=EDGE_LOOP('',(#2423,#2424,#2425,#2426));
#707=EDGE_LOOP('',(#2427,#2428,#2429,#2430));
#708=EDGE_LOOP('',(#2431,#2432,#2433,#2434));
#709=EDGE_LOOP('',(#2435,#2436,#2437,#2438,#2439,#2440));
#710=EDGE_LOOP('',(#2441,#2442,#2443,#2444));
#711=EDGE_LOOP('',(#2445,#2446,#2447,#2448));
#712=EDGE_LOOP('',(#2449,#2450,#2451,#2452,#2453,#2454,#2455,#2456,#2457,
#2458,#2459,#2460,#2461,#2462,#2463,#2464,#2465,#2466,#2467,#2468,#2469,
#2470,#2471,#2472,#2473,#2474,#2475,#2476,#2477,#2478,#2479,#2480,#2481,
#2482,#2483,#2484,#2485,#2486,#2487));
#713=EDGE_LOOP('',(#2488,#2489,#2490,#2491,#2492,#2493,#2494,#2495,#2496,
#2497,#2498));
#714=EDGE_LOOP('',(#2499,#2500,#2501,#2502));
#715=EDGE_LOOP('',(#2503,#2504,#2505,#2506));
#716=EDGE_LOOP('',(#2507,#2508,#2509,#2510));
#717=EDGE_LOOP('',(#2511,#2512,#2513,#2514));
#718=EDGE_LOOP('',(#2515,#2516,#2517,#2518,#2519,#2520,#2521,#2522,#2523,
#2524,#2525));
#719=EDGE_LOOP('',(#2526));
#720=EDGE_LOOP('',(#2527));
#721=EDGE_LOOP('',(#2528,#2529,#2530,#2531,#2532));
#722=EDGE_LOOP('',(#2533,#2534,#2535));
#723=EDGE_LOOP('',(#2536,#2537,#2538,#2539,#2540,#2541));
#724=EDGE_LOOP('',(#2542,#2543,#2544,#2545,#2546,#2547,#2548,#2549,#2550,
#2551,#2552,#2553,#2554,#2555,#2556,#2557,#2558,#2559,#2560,#2561,#2562,
#2563,#2564,#2565,#2566,#2567,#2568,#2569,#2570,#2571,#2572,#2573,#2574,
#2575));
#725=EDGE_LOOP('',(#2576,#2577,#2578,#2579,#2580));
#726=EDGE_LOOP('',(#2581,#2582,#2583,#2584,#2585,#2586));
#727=EDGE_LOOP('',(#2587,#2588,#2589));
#728=EDGE_LOOP('',(#2590,#2591,#2592,#2593,#2594,#2595,#2596,#2597,#2598,
#2599,#2600,#2601,#2602,#2603,#2604,#2605,#2606,#2607,#2608,#2609,#2610,
#2611,#2612,#2613,#2614,#2615,#2616,#2617,#2618,#2619,#2620,#2621,#2622,
#2623,#2624,#2625,#2626,#2627,#2628,#2629));
#729=EDGE_LOOP('',(#2630,#2631,#2632,#2633,#2634));
#730=EDGE_LOOP('',(#2635,#2636,#2637));
#731=EDGE_LOOP('',(#2638,#2639,#2640,#2641,#2642,#2643));
#732=EDGE_LOOP('',(#2644,#2645,#2646,#2647,#2648));
#733=EDGE_LOOP('',(#2649,#2650,#2651));
#734=EDGE_LOOP('',(#2652,#2653,#2654,#2655,#2656));
#735=EDGE_LOOP('',(#2657,#2658,#2659));
#736=EDGE_LOOP('',(#2660,#2661,#2662,#2663,#2664,#2665));
#737=EDGE_LOOP('',(#2666,#2667,#2668,#2669,#2670));
#738=EDGE_LOOP('',(#2671,#2672,#2673));
#739=EDGE_LOOP('',(#2674,#2675,#2676,#2677,#2678));
#740=EDGE_LOOP('',(#2679,#2680,#2681));
#741=EDGE_LOOP('',(#2682,#2683,#2684,#2685,#2686,#2687));
#742=EDGE_LOOP('',(#2688,#2689,#2690,#2691,#2692));
#743=EDGE_LOOP('',(#2693,#2694,#2695));
#744=EDGE_LOOP('',(#2696,#2697,#2698,#2699,#2700));
#745=EDGE_LOOP('',(#2701,#2702,#2703,#2704,#2705));
#746=EDGE_LOOP('',(#2706,#2707,#2708,#2709,#2710));
#747=EDGE_LOOP('',(#2711,#2712,#2713));
#748=EDGE_LOOP('',(#2714,#2715,#2716));
#749=EDGE_LOOP('',(#2717,#2718,#2719,#2720,#2721,#2722));
#750=EDGE_LOOP('',(#2723,#2724,#2725,#2726,#2727));
#751=EDGE_LOOP('',(#2728,#2729,#2730,#2731,#2732));
#752=EDGE_LOOP('',(#2733,#2734,#2735,#2736,#2737,#2738,#2739));
#753=EDGE_LOOP('',(#2740,#2741,#2742,#2743,#2744));
#754=EDGE_LOOP('',(#2745,#2746,#2747,#2748,#2749));
#755=EDGE_LOOP('',(#2750,#2751,#2752,#2753,#2754));
#756=EDGE_LOOP('',(#2755,#2756,#2757,#2758,#2759));
#757=EDGE_LOOP('',(#2760,#2761,#2762));
#758=EDGE_LOOP('',(#2763,#2764,#2765));
#759=EDGE_LOOP('',(#2766));
#760=EDGE_LOOP('',(#2767));
#761=EDGE_LOOP('',(#2768,#2769,#2770,#2771));
#762=EDGE_LOOP('',(#2772,#2773,#2774,#2775));
#763=EDGE_LOOP('',(#2776));
#764=EDGE_LOOP('',(#2777));
#765=EDGE_LOOP('',(#2778,#2779,#2780,#2781));
#766=EDGE_LOOP('',(#2782));
#767=EDGE_LOOP('',(#2783));
#768=EDGE_LOOP('',(#2784,#2785,#2786,#2787));
#769=EDGE_LOOP('',(#2788));
#770=EDGE_LOOP('',(#2789));
#771=EDGE_LOOP('',(#2790,#2791,#2792,#2793));
#772=EDGE_LOOP('',(#2794,#2795,#2796,#2797));
#773=EDGE_LOOP('',(#2798,#2799,#2800,#2801,#2802,#2803,#2804,#2805));
#774=EDGE_LOOP('',(#2806,#2807,#2808,#2809));
#775=EDGE_LOOP('',(#2810,#2811,#2812,#2813));
#776=EDGE_LOOP('',(#2814,#2815,#2816,#2817));
#777=EDGE_LOOP('',(#2818,#2819,#2820,#2821,#2822,#2823,#2824,#2825));
#778=EDGE_LOOP('',(#2826,#2827,#2828,#2829));
#779=EDGE_LOOP('',(#2830,#2831,#2832,#2833));
#780=EDGE_LOOP('',(#2834));
#781=EDGE_LOOP('',(#2835));
#782=EDGE_LOOP('',(#2836,#2837,#2838,#2839));
#783=EDGE_LOOP('',(#2840));
#784=EDGE_LOOP('',(#2841));
#785=EDGE_LOOP('',(#2842,#2843,#2844,#2845));
#786=EDGE_LOOP('',(#2846,#2847,#2848,#2849));
#787=EDGE_LOOP('',(#2850));
#788=EDGE_LOOP('',(#2851));
#789=EDGE_LOOP('',(#2852,#2853,#2854,#2855));
#790=EDGE_LOOP('',(#2856));
#791=EDGE_LOOP('',(#2857));
#792=EDGE_LOOP('',(#2858,#2859,#2860,#2861));
#793=EDGE_LOOP('',(#2862));
#794=EDGE_LOOP('',(#2863));
#795=EDGE_LOOP('',(#2864,#2865,#2866,#2867));
#796=EDGE_LOOP('',(#2868));
#797=EDGE_LOOP('',(#2869));
#798=LINE('',#4048,#900);
#799=LINE('',#4061,#901);
#800=LINE('',#4074,#902);
#801=LINE('',#4079,#903);
#802=LINE('',#4083,#904);
#803=LINE('',#4087,#905);
#804=LINE('',#4090,#906);
#805=LINE('',#4102,#907);
#806=LINE('',#4108,#908);
#807=LINE('',#4111,#909);
#808=LINE('',#4117,#910);
#809=LINE('',#4123,#911);
#810=LINE('',#4130,#912);
#811=LINE('',#4135,#913);
#812=LINE('',#4143,#914);
#813=LINE('',#4148,#915);
#814=LINE('',#4159,#916);
#815=LINE('',#4161,#917);
#816=LINE('',#4486,#918);
#817=LINE('',#4502,#919);
#818=LINE('',#4511,#920);
#819=LINE('',#4534,#921);
#820=LINE('',#4557,#922);
#821=LINE('',#4580,#923);
#822=LINE('',#4603,#924);
#823=LINE('',#4626,#925);
#824=LINE('',#4649,#926);
#825=LINE('',#4672,#927);
#826=LINE('',#4695,#928);
#827=LINE('',#4718,#929);
#828=LINE('',#4741,#930);
#829=LINE('',#4764,#931);
#830=LINE('',#4787,#932);
#831=LINE('',#4810,#933);
#832=LINE('',#4833,#934);
#833=LINE('',#4856,#935);
#834=LINE('',#4879,#936);
#835=LINE('',#4902,#937);
#836=LINE('',#4925,#938);
#837=LINE('',#4948,#939);
#838=LINE('',#4971,#940);
#839=LINE('',#4994,#941);
#840=LINE('',#5017,#942);
#841=LINE('',#5040,#943);
#842=LINE('',#5063,#944);
#843=LINE('',#5086,#945);
#844=LINE('',#5109,#946);
#845=LINE('',#5132,#947);
#846=LINE('',#5155,#948);
#847=LINE('',#5178,#949);
#848=LINE('',#5201,#950);
#849=LINE('',#5224,#951);
#850=LINE('',#5247,#952);
#851=LINE('',#5270,#953);
#852=LINE('',#5293,#954);
#853=LINE('',#5316,#955);
#854=LINE('',#5339,#956);
#855=LINE('',#5362,#957);
#856=LINE('',#5385,#958);
#857=LINE('',#5549,#959);
#858=LINE('',#5949,#960);
#859=LINE('',#5969,#961);
#860=LINE('',#5973,#962);
#861=LINE('',#5976,#963);
#862=LINE('',#5981,#964);
#863=LINE('',#5984,#965);
#864=LINE('',#5988,#966);
#865=LINE('',#5993,#967);
#866=LINE('',#5997,#968);
#867=LINE('',#6006,#969);
#868=LINE('',#6106,#970);
#869=LINE('',#6212,#971);
#870=LINE('',#6228,#972);
#871=LINE('',#6476,#973);
#872=LINE('',#6614,#974);
#873=LINE('',#6618,#975);
#874=LINE('',#6739,#976);
#875=LINE('',#7026,#977);
#876=LINE('',#7035,#978);
#877=LINE('',#7148,#979);
#878=LINE('',#7157,#980);
#879=LINE('',#7268,#981);
#880=LINE('',#7277,#982);
#881=LINE('',#7423,#983);
#882=LINE('',#7448,#984);
#883=LINE('',#7561,#985);
#884=LINE('',#7567,#986);
#885=LINE('',#7594,#987);
#886=LINE('',#7597,#988);
#887=LINE('',#7601,#989);
#888=LINE('',#7615,#990);
#889=LINE('',#7616,#991);
#890=LINE('',#7618,#992);
#891=LINE('',#7620,#993);
#892=LINE('',#7622,#994);
#893=LINE('',#7626,#995);
#894=LINE('',#7634,#996);
#895=LINE('',#7639,#997);
#896=LINE('',#7645,#998);
#897=LINE('',#7653,#999);
#898=LINE('',#7661,#1000);
#899=LINE('',#7669,#1001);
#900=VECTOR('',#3412,0.999999999999996);
#901=VECTOR('',#3429,3.61766642965063);
#902=VECTOR('',#3446,3.469658575071);
#903=VECTOR('',#3451,3.61766610493921);
#904=VECTOR('',#3454,10.);
#905=VECTOR('',#3457,10.);
#906=VECTOR('',#3462,3.4696584486797);
#907=VECTOR('',#3477,10.);
#908=VECTOR('',#3482,10.);
#909=VECTOR('',#3485,10.);
#910=VECTOR('',#3492,10.);
#911=VECTOR('',#3499,10.);
#912=VECTOR('',#3510,10.);
#913=VECTOR('',#3517,4.1);
#914=VECTOR('',#3528,6.05);
#915=VECTOR('',#3533,5.90199224458043);
#916=VECTOR('',#3548,5.90199224458043);
#917=VECTOR('',#3551,6.05);
#918=VECTOR('',#3558,1.);
#919=VECTOR('',#3559,10.);
#920=VECTOR('',#3560,10.);
#921=VECTOR('',#3561,10.);
#922=VECTOR('',#3562,10.);
#923=VECTOR('',#3563,10.);
#924=VECTOR('',#3564,10.);
#925=VECTOR('',#3565,10.);
#926=VECTOR('',#3566,10.);
#927=VECTOR('',#3567,10.);
#928=VECTOR('',#3568,10.);
#929=VECTOR('',#3569,10.);
#930=VECTOR('',#3570,10.);
#931=VECTOR('',#3571,10.);
#932=VECTOR('',#3572,10.);
#933=VECTOR('',#3573,10.);
#934=VECTOR('',#3574,10.);
#935=VECTOR('',#3575,10.);
#936=VECTOR('',#3576,10.);
#937=VECTOR('',#3577,10.);
#938=VECTOR('',#3578,10.);
#939=VECTOR('',#3579,10.);
#940=VECTOR('',#3580,10.);
#941=VECTOR('',#3581,10.);
#942=VECTOR('',#3582,10.);
#943=VECTOR('',#3583,10.);
#944=VECTOR('',#3584,10.);
#945=VECTOR('',#3585,10.);
#946=VECTOR('',#3586,10.);
#947=VECTOR('',#3587,10.);
#948=VECTOR('',#3588,10.);
#949=VECTOR('',#3589,10.);
#950=VECTOR('',#3590,10.);
#951=VECTOR('',#3591,10.);
#952=VECTOR('',#3592,10.);
#953=VECTOR('',#3593,10.);
#954=VECTOR('',#3594,10.);
#955=VECTOR('',#3595,10.);
#956=VECTOR('',#3596,10.);
#957=VECTOR('',#3597,10.);
#958=VECTOR('',#3598,10.);
#959=VECTOR('',#3621,3.81766626729493);
#960=VECTOR('',#3702,10.);
#961=VECTOR('',#3715,10.);
#962=VECTOR('',#3720,10.);
#963=VECTOR('',#3723,10.);
#964=VECTOR('',#3730,10.);
#965=VECTOR('',#3733,10.);
#966=VECTOR('',#3738,10.);
#967=VECTOR('',#3745,10.);
#968=VECTOR('',#3750,10.);
#969=VECTOR('',#3763,10.);
#970=VECTOR('',#3776,5.01766626729492);
#971=VECTOR('',#3811,10.);
#972=VECTOR('',#3816,10.);
#973=VECTOR('',#3829,6.25);
#974=VECTOR('',#3836,10.);
#975=VECTOR('',#3839,10.);
#976=VECTOR('',#3844,7.45);
#977=VECTOR('',#3853,10.);
#978=VECTOR('',#3856,10.);
#979=VECTOR('',#3857,10.);
#980=VECTOR('',#3860,10.);
#981=VECTOR('',#3861,10.);
#982=VECTOR('',#3864,10.);
#983=VECTOR('',#3867,10.);
#984=VECTOR('',#3870,10.);
#985=VECTOR('',#3889,0.999999999999996);
#986=VECTOR('',#3896,2.7);
#987=VECTOR('',#3927,10.);
#988=VECTOR('',#3930,10.);
#989=VECTOR('',#3935,10.);
#990=VECTOR('',#3952,10.);
#991=VECTOR('',#3953,10.);
#992=VECTOR('',#3956,10.);
#993=VECTOR('',#3959,10.);
#994=VECTOR('',#3962,10.);
#995=VECTOR('',#3967,2.7);
#996=VECTOR('',#3978,3.9);
#997=VECTOR('',#3985,1.);
#998=VECTOR('',#3992,2.);
#999=VECTOR('',#4003,9.99429944989579);
#1000=VECTOR('',#4014,2.);
#1001=VECTOR('',#4025,2.);
#1002=CIRCLE('',#3139,0.999999999999996);
#1003=CIRCLE('',#3140,0.999999999999996);
#1004=CIRCLE('',#3143,3.61766642965064);
#1005=CIRCLE('',#3145,6.05);
#1006=CIRCLE('',#3146,4.1);
#1007=CIRCLE('',#3148,3.61766633800928);
#1008=CIRCLE('',#3150,3.32165070077883);
#1009=CIRCLE('',#3151,1.55);
#1010=CIRCLE('',#3152,3.32165081213272);
#1011=CIRCLE('',#3153,3.32165081213272);
#1012=CIRCLE('',#3154,3.32165070077883);
#1013=CIRCLE('',#3157,3.61766619658057);
#1014=CIRCLE('',#3158,3.61766610493922);
#1015=CIRCLE('',#3159,3.61766610493922);
#1016=CIRCLE('',#3160,3.61766610493922);
#1017=CIRCLE('',#3163,90.);
#1018=CIRCLE('',#3164,10.);
#1019=CIRCLE('',#3165,40.0000000000009);
#1020=CIRCLE('',#3166,6.05);
#1021=CIRCLE('',#3168,90.);
#1022=CIRCLE('',#3170,57.7136705535787);
#1023=CIRCLE('',#3171,57.7136705535787);
#1024=CIRCLE('',#3173,7.9999999990566);
#1025=CIRCLE('',#3174,7.9999999990566);
#1026=CIRCLE('',#3176,30.3039824981886);
#1027=CIRCLE('',#3177,30.3039824981886);
#1028=CIRCLE('',#3179,40.0000000000009);
#1029=CIRCLE('',#3180,10.);
#1030=CIRCLE('',#3181,10.);
#1031=CIRCLE('',#3184,10.);
#1032=CIRCLE('',#3186,4.1);
#1033=CIRCLE('',#3188,1.);
#1034=CIRCLE('',#3190,6.05);
#1035=CIRCLE('',#3192,5.75398448916085);
#1036=CIRCLE('',#3193,5.75398448916085);
#1037=CIRCLE('',#3195,1.55);
#1038=CIRCLE('',#3196,5.75398448916085);
#1039=CIRCLE('',#3197,5.75398448916085);
#1040=CIRCLE('',#3199,6.05);
#1041=CIRCLE('',#3202,1.);
#1042=CIRCLE('',#3207,1.47715333971691);
#1043=CIRCLE('',#3208,2.40037417703998);
#1044=CIRCLE('',#3211,3.81766636889375);
#1045=CIRCLE('',#3214,3.81766636889375);
#1046=CIRCLE('',#3215,3.8176661656961);
#1047=CIRCLE('',#3216,3.81766636889375);
#1048=CIRCLE('',#3219,3.81766636889375);
#1049=CIRCLE('',#3222,3.81766636889375);
#1050=CIRCLE('',#3225,3.81766636889375);
#1051=CIRCLE('',#3228,1.47669239399603);
#1052=CIRCLE('',#3229,1.6);
#1053=CIRCLE('',#3230,1.6);
#1054=CIRCLE('',#3232,2.39962514024356);
#1055=CIRCLE('',#3234,1.47715333971691);
#1056=CIRCLE('',#3235,2.40037417703998);
#1057=CIRCLE('',#3237,1.47669239399604);
#1058=CIRCLE('',#3238,1.6);
#1059=CIRCLE('',#3239,1.6);
#1060=CIRCLE('',#3241,2.39962514024356);
#1061=CIRCLE('',#3243,1.47715333971691);
#1062=CIRCLE('',#3244,2.40037417703998);
#1063=CIRCLE('',#3246,1.47669239399603);
#1064=CIRCLE('',#3247,1.6);
#1065=CIRCLE('',#3248,1.6);
#1066=CIRCLE('',#3250,2.39962514024355);
#1067=CIRCLE('',#3252,1.47715333971691);
#1068=CIRCLE('',#3253,2.40037417703998);
#1069=CIRCLE('',#3257,1.47669239399604);
#1070=CIRCLE('',#3258,2.39962514024356);
#1071=CIRCLE('',#3274,5.01766636889375);
#1072=CIRCLE('',#3276,5.01766636889375);
#1073=CIRCLE('',#3278,5.01766636889375);
#1074=CIRCLE('',#3279,5.01766636889375);
#1075=CIRCLE('',#3281,5.01766636889375);
#1076=CIRCLE('',#3283,5.01766636889375);
#1077=CIRCLE('',#3287,5.0176661656961);
#1078=CIRCLE('',#3289,1.6);
#1079=CIRCLE('',#3290,1.6);
#1080=CIRCLE('',#3292,1.47715333971691);
#1081=CIRCLE('',#3293,2.40037417703998);
#1082=CIRCLE('',#3296,1.47669239399604);
#1083=CIRCLE('',#3297,2.39962514024356);
#1084=CIRCLE('',#3300,1.6);
#1085=CIRCLE('',#3301,1.6);
#1086=CIRCLE('',#3305,6.25);
#1087=CIRCLE('',#3306,7.45);
#1088=CIRCLE('',#3308,6.25);
#1089=CIRCLE('',#3309,6.25);
#1090=CIRCLE('',#3310,6.25);
#1091=CIRCLE('',#3311,6.25);
#1092=CIRCLE('',#3312,6.25);
#1093=CIRCLE('',#3313,6.25);
#1094=CIRCLE('',#3315,7.45);
#1095=CIRCLE('',#3317,7.45);
#1096=CIRCLE('',#3318,7.45);
#1097=CIRCLE('',#3319,7.45);
#1098=CIRCLE('',#3320,7.45);
#1099=CIRCLE('',#3321,7.45);
#1100=CIRCLE('',#3335,0.999999999999996);
#1101=CIRCLE('',#3336,0.999999999999996);
#1102=CIRCLE('',#3338,2.7);
#1103=CIRCLE('',#3339,2.7);
#1104=CIRCLE('',#3342,10.);
#1105=CIRCLE('',#3343,30.3039824981886);
#1106=CIRCLE('',#3344,7.9999999990566);
#1107=CIRCLE('',#3345,57.7136705535787);
#1108=CIRCLE('',#3346,2.7);
#1109=CIRCLE('',#3348,40.0000000000009);
#1110=CIRCLE('',#3349,10.);
#1111=CIRCLE('',#3350,90.);
#1112=CIRCLE('',#3351,3.61766642965064);
#1113=CIRCLE('',#3352,3.9);
#1114=CIRCLE('',#3354,3.61766642965064);
#1115=CIRCLE('',#3356,40.0000000000009);
#1116=CIRCLE('',#3358,90.);
#1117=CIRCLE('',#3359,10.);
#1118=CIRCLE('',#3360,57.7136705535787);
#1119=CIRCLE('',#3361,7.9999999990566);
#1120=CIRCLE('',#3362,30.3039824981886);
#1121=CIRCLE('',#3363,10.);
#1122=CIRCLE('',#3370,2.7);
#1123=CIRCLE('',#3372,3.9);
#1124=CIRCLE('',#3373,1.);
#1125=CIRCLE('',#3376,1.);
#1126=CIRCLE('',#3380,2.);
#1127=CIRCLE('',#3381,2.);
#1128=CIRCLE('',#3385,9.99429944989579);
#1129=CIRCLE('',#3386,9.99429944989579);
#1130=CIRCLE('',#3390,2.);
#1131=CIRCLE('',#3391,2.);
#1132=CIRCLE('',#3395,2.);
#1133=CIRCLE('',#3396,2.);
#1134=VERTEX_POINT('',#4045);
#1135=VERTEX_POINT('',#4047);
#1136=VERTEX_POINT('',#4052);
#1137=VERTEX_POINT('',#4055);
#1138=VERTEX_POINT('',#4057);
#1139=VERTEX_POINT('',#4060);
#1140=VERTEX_POINT('',#4064);
#1141=VERTEX_POINT('',#4065);
#1142=VERTEX_POINT('',#4067);
#1143=VERTEX_POINT('',#4069);
#1144=VERTEX_POINT('',#4076);
#1145=VERTEX_POINT('',#4078);
#1146=VERTEX_POINT('',#4080);
#1147=VERTEX_POINT('',#4082);
#1148=VERTEX_POINT('',#4084);
#1149=VERTEX_POINT('',#4086);
#1150=VERTEX_POINT('',#4092);
#1151=VERTEX_POINT('',#4094);
#1152=VERTEX_POINT('',#4097);
#1153=VERTEX_POINT('',#4100);
#1154=VERTEX_POINT('',#4104);
#1155=VERTEX_POINT('',#4105);
#1156=VERTEX_POINT('',#4107);
#1157=VERTEX_POINT('',#4109);
#1158=VERTEX_POINT('',#4113);
#1159=VERTEX_POINT('',#4115);
#1160=VERTEX_POINT('',#4119);
#1161=VERTEX_POINT('',#4121);
#1162=VERTEX_POINT('',#4125);
#1163=VERTEX_POINT('',#4134);
#1164=VERTEX_POINT('',#4138);
#1165=VERTEX_POINT('',#4141);
#1166=VERTEX_POINT('',#4145);
#1167=VERTEX_POINT('',#4146);
#1168=VERTEX_POINT('',#4151);
#1169=VERTEX_POINT('',#4153);
#1170=VERTEX_POINT('',#4157);
#1171=VERTEX_POINT('',#4163);
#1172=VERTEX_POINT('',#4164);
#1173=VERTEX_POINT('',#4172);
#1174=VERTEX_POINT('',#4180);
#1175=VERTEX_POINT('',#4188);
#1176=VERTEX_POINT('',#4196);
#1177=VERTEX_POINT('',#4204);
#1178=VERTEX_POINT('',#4212);
#1179=VERTEX_POINT('',#4220);
#1180=VERTEX_POINT('',#4228);
#1181=VERTEX_POINT('',#4236);
#1182=VERTEX_POINT('',#4244);
#1183=VERTEX_POINT('',#4252);
#1184=VERTEX_POINT('',#4260);
#1185=VERTEX_POINT('',#4268);
#1186=VERTEX_POINT('',#4276);
#1187=VERTEX_POINT('',#4284);
#1188=VERTEX_POINT('',#4292);
#1189=VERTEX_POINT('',#4300);
#1190=VERTEX_POINT('',#4308);
#1191=VERTEX_POINT('',#4316);
#1192=VERTEX_POINT('',#4324);
#1193=VERTEX_POINT('',#4332);
#1194=VERTEX_POINT('',#4340);
#1195=VERTEX_POINT('',#4348);
#1196=VERTEX_POINT('',#4356);
#1197=VERTEX_POINT('',#4364);
#1198=VERTEX_POINT('',#4372);
#1199=VERTEX_POINT('',#4380);
#1200=VERTEX_POINT('',#4388);
#1201=VERTEX_POINT('',#4396);
#1202=VERTEX_POINT('',#4404);
#1203=VERTEX_POINT('',#4412);
#1204=VERTEX_POINT('',#4420);
#1205=VERTEX_POINT('',#4428);
#1206=VERTEX_POINT('',#4436);
#1207=VERTEX_POINT('',#4444);
#1208=VERTEX_POINT('',#4452);
#1209=VERTEX_POINT('',#4460);
#1210=VERTEX_POINT('',#4468);
#1211=VERTEX_POINT('',#4483);
#1212=VERTEX_POINT('',#4501);
#1213=VERTEX_POINT('',#4503);
#1214=VERTEX_POINT('',#4526);
#1215=VERTEX_POINT('',#4549);
#1216=VERTEX_POINT('',#4572);
#1217=VERTEX_POINT('',#4595);
#1218=VERTEX_POINT('',#4618);
#1219=VERTEX_POINT('',#4641);
#1220=VERTEX_POINT('',#4664);
#1221=VERTEX_POINT('',#4687);
#1222=VERTEX_POINT('',#4710);
#1223=VERTEX_POINT('',#4733);
#1224=VERTEX_POINT('',#4756);
#1225=VERTEX_POINT('',#4779);
#1226=VERTEX_POINT('',#4802);
#1227=VERTEX_POINT('',#4825);
#1228=VERTEX_POINT('',#4848);
#1229=VERTEX_POINT('',#4871);
#1230=VERTEX_POINT('',#4894);
#1231=VERTEX_POINT('',#4917);
#1232=VERTEX_POINT('',#4940);
#1233=VERTEX_POINT('',#4963);
#1234=VERTEX_POINT('',#4986);
#1235=VERTEX_POINT('',#5009);
#1236=VERTEX_POINT('',#5032);
#1237=VERTEX_POINT('',#5055);
#1238=VERTEX_POINT('',#5078);
#1239=VERTEX_POINT('',#5101);
#1240=VERTEX_POINT('',#5124);
#1241=VERTEX_POINT('',#5147);
#1242=VERTEX_POINT('',#5170);
#1243=VERTEX_POINT('',#5193);
#1244=VERTEX_POINT('',#5216);
#1245=VERTEX_POINT('',#5239);
#1246=VERTEX_POINT('',#5262);
#1247=VERTEX_POINT('',#5285);
#1248=VERTEX_POINT('',#5308);
#1249=VERTEX_POINT('',#5331);
#1250=VERTEX_POINT('',#5354);
#1251=VERTEX_POINT('',#5377);
#1252=VERTEX_POINT('',#5410);
#1253=VERTEX_POINT('',#5411);
#1254=VERTEX_POINT('',#5424);
#1255=VERTEX_POINT('',#5426);
#1256=VERTEX_POINT('',#5439);
#1257=VERTEX_POINT('',#5444);
#1258=VERTEX_POINT('',#5467);
#1259=VERTEX_POINT('',#5472);
#1260=VERTEX_POINT('',#5483);
#1261=VERTEX_POINT('',#5485);
#1262=VERTEX_POINT('',#5487);
#1263=VERTEX_POINT('',#5489);
#1264=VERTEX_POINT('',#5500);
#1265=VERTEX_POINT('',#5505);
#1266=VERTEX_POINT('',#5528);
#1267=VERTEX_POINT('',#5533);
#1268=VERTEX_POINT('',#5544);
#1269=VERTEX_POINT('',#5546);
#1270=VERTEX_POINT('',#5548);
#1271=VERTEX_POINT('',#5551);
#1272=VERTEX_POINT('',#5553);
#1273=VERTEX_POINT('',#5555);
#1274=VERTEX_POINT('',#5566);
#1275=VERTEX_POINT('',#5571);
#1276=VERTEX_POINT('',#5594);
#1277=VERTEX_POINT('',#5599);
#1278=VERTEX_POINT('',#5610);
#1279=VERTEX_POINT('',#5612);
#1280=VERTEX_POINT('',#5614);
#1281=VERTEX_POINT('',#5616);
#1282=VERTEX_POINT('',#5627);
#1283=VERTEX_POINT('',#5632);
#1284=VERTEX_POINT('',#5655);
#1285=VERTEX_POINT('',#5660);
#1286=VERTEX_POINT('',#5671);
#1287=VERTEX_POINT('',#5673);
#1288=VERTEX_POINT('',#5675);
#1289=VERTEX_POINT('',#5677);
#1290=VERTEX_POINT('',#5688);
#1291=VERTEX_POINT('',#5693);
#1292=VERTEX_POINT('',#5716);
#1293=VERTEX_POINT('',#5721);
#1294=VERTEX_POINT('',#5732);
#1295=VERTEX_POINT('',#5734);
#1296=VERTEX_POINT('',#5738);
#1297=VERTEX_POINT('',#5765);
#1298=VERTEX_POINT('',#5773);
#1299=VERTEX_POINT('',#5775);
#1300=VERTEX_POINT('',#5778);
#1301=VERTEX_POINT('',#5791);
#1302=VERTEX_POINT('',#5792);
#1303=VERTEX_POINT('',#5808);
#1304=VERTEX_POINT('',#5835);
#1305=VERTEX_POINT('',#5843);
#1306=VERTEX_POINT('',#5845);
#1307=VERTEX_POINT('',#5848);
#1308=VERTEX_POINT('',#5861);
#1309=VERTEX_POINT('',#5862);
#1310=VERTEX_POINT('',#5878);
#1311=VERTEX_POINT('',#5905);
#1312=VERTEX_POINT('',#5913);
#1313=VERTEX_POINT('',#5915);
#1314=VERTEX_POINT('',#5918);
#1315=VERTEX_POINT('',#5931);
#1316=VERTEX_POINT('',#5932);
#1317=VERTEX_POINT('',#5948);
#1318=VERTEX_POINT('',#5952);
#1319=VERTEX_POINT('',#5954);
#1320=VERTEX_POINT('',#5967);
#1321=VERTEX_POINT('',#5971);
#1322=VERTEX_POINT('',#5975);
#1323=VERTEX_POINT('',#5979);
#1324=VERTEX_POINT('',#5983);
#1325=VERTEX_POINT('',#5987);
#1326=VERTEX_POINT('',#5991);
#1327=VERTEX_POINT('',#5995);
#1328=VERTEX_POINT('',#6001);
#1329=VERTEX_POINT('',#6005);
#1330=VERTEX_POINT('',#6011);
#1331=VERTEX_POINT('',#6013);
#1332=VERTEX_POINT('',#6024);
#1333=VERTEX_POINT('',#6031);
#1334=VERTEX_POINT('',#6058);
#1335=VERTEX_POINT('',#6072);
#1336=VERTEX_POINT('',#6105);
#1337=VERTEX_POINT('',#6109);
#1338=VERTEX_POINT('',#6111);
#1339=VERTEX_POINT('',#6122);
#1340=VERTEX_POINT('',#6124);
#1341=VERTEX_POINT('',#6153);
#1342=VERTEX_POINT('',#6154);
#1343=VERTEX_POINT('',#6165);
#1344=VERTEX_POINT('',#6171);
#1345=VERTEX_POINT('',#6182);
#1346=VERTEX_POINT('',#6211);
#1347=VERTEX_POINT('',#6218);
#1348=VERTEX_POINT('',#6220);
#1349=VERTEX_POINT('',#6227);
#1350=VERTEX_POINT('',#6231);
#1351=VERTEX_POINT('',#6238);
#1352=VERTEX_POINT('',#6265);
#1353=VERTEX_POINT('',#6274);
#1354=VERTEX_POINT('',#6276);
#1355=VERTEX_POINT('',#6287);
#1356=VERTEX_POINT('',#6294);
#1357=VERTEX_POINT('',#6321);
#1358=VERTEX_POINT('',#6330);
#1359=VERTEX_POINT('',#6332);
#1360=VERTEX_POINT('',#6343);
#1361=VERTEX_POINT('',#6350);
#1362=VERTEX_POINT('',#6377);
#1363=VERTEX_POINT('',#6386);
#1364=VERTEX_POINT('',#6388);
#1365=VERTEX_POINT('',#6399);
#1366=VERTEX_POINT('',#6406);
#1367=VERTEX_POINT('',#6433);
#1368=VERTEX_POINT('',#6442);
#1369=VERTEX_POINT('',#6444);
#1370=VERTEX_POINT('',#6455);
#1371=VERTEX_POINT('',#6462);
#1372=VERTEX_POINT('',#6475);
#1373=VERTEX_POINT('',#6478);
#1374=VERTEX_POINT('',#6495);
#1375=VERTEX_POINT('',#6504);
#1376=VERTEX_POINT('',#6506);
#1377=VERTEX_POINT('',#6517);
#1378=VERTEX_POINT('',#6524);
#1379=VERTEX_POINT('',#6584);
#1380=VERTEX_POINT('',#6590);
#1381=VERTEX_POINT('',#6601);
#1382=VERTEX_POINT('',#6613);
#1383=VERTEX_POINT('',#6615);
#1384=VERTEX_POINT('',#6617);
#1385=VERTEX_POINT('',#6650);
#1386=VERTEX_POINT('',#6655);
#1387=VERTEX_POINT('',#6666);
#1388=VERTEX_POINT('',#6690);
#1389=VERTEX_POINT('',#6701);
#1390=VERTEX_POINT('',#6706);
#1391=VERTEX_POINT('',#6708);
#1392=VERTEX_POINT('',#6713);
#1393=VERTEX_POINT('',#6724);
#1394=VERTEX_POINT('',#6738);
#1395=VERTEX_POINT('',#6741);
#1396=VERTEX_POINT('',#6754);
#1397=VERTEX_POINT('',#6765);
#1398=VERTEX_POINT('',#6770);
#1399=VERTEX_POINT('',#6772);
#1400=VERTEX_POINT('',#6777);
#1401=VERTEX_POINT('',#6788);
#1402=VERTEX_POINT('',#6812);
#1403=VERTEX_POINT('',#6823);
#1404=VERTEX_POINT('',#6828);
#1405=VERTEX_POINT('',#6830);
#1406=VERTEX_POINT('',#6835);
#1407=VERTEX_POINT('',#6846);
#1408=VERTEX_POINT('',#6870);
#1409=VERTEX_POINT('',#6881);
#1410=VERTEX_POINT('',#6886);
#1411=VERTEX_POINT('',#6888);
#1412=VERTEX_POINT('',#6893);
#1413=VERTEX_POINT('',#6904);
#1414=VERTEX_POINT('',#6928);
#1415=VERTEX_POINT('',#6996);
#1416=VERTEX_POINT('',#7028);
#1417=VERTEX_POINT('',#7116);
#1418=VERTEX_POINT('',#7150);
#1419=VERTEX_POINT('',#7238);
#1420=VERTEX_POINT('',#7270);
#1421=VERTEX_POINT('',#7358);
#1422=VERTEX_POINT('',#7441);
#1423=VERTEX_POINT('',#7558);
#1424=VERTEX_POINT('',#7560);
#1425=VERTEX_POINT('',#7564);
#1426=VERTEX_POINT('',#7566);
#1427=VERTEX_POINT('',#7571);
#1428=VERTEX_POINT('',#7572);
#1429=VERTEX_POINT('',#7574);
#1430=VERTEX_POINT('',#7576);
#1431=VERTEX_POINT('',#7579);
#1432=VERTEX_POINT('',#7582);
#1433=VERTEX_POINT('',#7583);
#1434=VERTEX_POINT('',#7585);
#1435=VERTEX_POINT('',#7587);
#1436=VERTEX_POINT('',#7590);
#1437=VERTEX_POINT('',#7593);
#1438=VERTEX_POINT('',#7595);
#1439=VERTEX_POINT('',#7599);
#1440=VERTEX_POINT('',#7603);
#1441=VERTEX_POINT('',#7605);
#1442=VERTEX_POINT('',#7607);
#1443=VERTEX_POINT('',#7609);
#1444=VERTEX_POINT('',#7611);
#1445=VERTEX_POINT('',#7625);
#1446=VERTEX_POINT('',#7629);
#1447=VERTEX_POINT('',#7631);
#1448=VERTEX_POINT('',#7636);
#1449=VERTEX_POINT('',#7642);
#1450=VERTEX_POINT('',#7644);
#1451=VERTEX_POINT('',#7650);
#1452=VERTEX_POINT('',#7652);
#1453=VERTEX_POINT('',#7658);
#1454=VERTEX_POINT('',#7660);
#1455=VERTEX_POINT('',#7666);
#1456=VERTEX_POINT('',#7668);
#1457=EDGE_CURVE('',#1134,#1134,#1002,.T.);
#1458=EDGE_CURVE('',#1134,#1135,#798,.T.);
#1459=EDGE_CURVE('',#1135,#1135,#1003,.T.);
#1460=EDGE_CURVE('',#1136,#1136,#1004,.T.);
#1461=EDGE_CURVE('',#1137,#1137,#1005,.T.);
#1462=EDGE_CURVE('',#1138,#1138,#1006,.T.);
#1463=EDGE_CURVE('',#1136,#1139,#799,.T.);
#1464=EDGE_CURVE('',#1139,#1139,#1007,.T.);
#1465=EDGE_CURVE('',#1140,#1141,#1008,.T.);
#1466=EDGE_CURVE('',#1141,#1142,#1009,.T.);
#1467=EDGE_CURVE('',#1143,#1142,#1010,.T.);
#1468=EDGE_CURVE('',#1142,#1143,#1011,.T.);
#1469=EDGE_CURVE('',#1141,#1140,#1012,.T.);
#1470=EDGE_CURVE('',#1139,#1143,#800,.T.);
#1471=EDGE_CURVE('',#1144,#1144,#1013,.T.);
#1472=EDGE_CURVE('',#1144,#1145,#801,.T.);
#1473=EDGE_CURVE('',#1146,#1145,#1014,.T.);
#1474=EDGE_CURVE('',#1147,#1146,#802,.T.);
#1475=EDGE_CURVE('',#1148,#1147,#1015,.T.);
#1476=EDGE_CURVE('',#1149,#1148,#803,.T.);
#1477=EDGE_CURVE('',#1145,#1149,#1016,.T.);
#1478=EDGE_CURVE('',#1140,#1144,#804,.T.);
#1479=EDGE_CURVE('',#1150,#1147,#1017,.T.);
#1480=EDGE_CURVE('',#1150,#1151,#1018,.T.);
#1481=EDGE_CURVE('',#1148,#1151,#1019,.T.);
#1482=EDGE_CURVE('',#1152,#1152,#1020,.T.);
#1483=EDGE_CURVE('',#1146,#1153,#1021,.T.);
#1484=EDGE_CURVE('',#1150,#1153,#805,.T.);
#1485=EDGE_CURVE('',#1154,#1155,#1022,.T.);
#1486=EDGE_CURVE('',#1155,#1156,#806,.T.);
#1487=EDGE_CURVE('',#1157,#1156,#1023,.T.);
#1488=EDGE_CURVE('',#1154,#1157,#807,.T.);
#1489=EDGE_CURVE('',#1158,#1154,#1024,.T.);
#1490=EDGE_CURVE('',#1159,#1157,#1025,.T.);
#1491=EDGE_CURVE('',#1158,#1159,#808,.T.);
#1492=EDGE_CURVE('',#1160,#1158,#1026,.T.);
#1493=EDGE_CURVE('',#1161,#1159,#1027,.T.);
#1494=EDGE_CURVE('',#1160,#1161,#809,.T.);
#1495=EDGE_CURVE('',#1162,#1149,#1028,.T.);
#1496=EDGE_CURVE('',#1161,#1162,#1029,.T.);
#1497=EDGE_CURVE('',#1153,#1156,#1030,.T.);
#1498=EDGE_CURVE('',#1162,#1151,#810,.T.);
#1499=EDGE_CURVE('',#1155,#1160,#1031,.T.);
#1500=EDGE_CURVE('',#1138,#1163,#811,.T.);
#1501=EDGE_CURVE('',#1163,#1163,#1032,.T.);
#1502=EDGE_CURVE('',#1164,#1164,#1033,.T.);
#1503=EDGE_CURVE('',#1165,#1165,#1034,.T.);
#1504=EDGE_CURVE('',#1165,#1152,#812,.T.);
#1505=EDGE_CURVE('',#1166,#1167,#1035,.T.);
#1506=EDGE_CURVE('',#1166,#1165,#813,.T.);
#1507=EDGE_CURVE('',#1167,#1166,#1036,.T.);
#1508=EDGE_CURVE('',#1167,#1168,#1037,.T.);
#1509=EDGE_CURVE('',#1169,#1168,#1038,.T.);
#1510=EDGE_CURVE('',#1168,#1169,#1039,.T.);
#1511=EDGE_CURVE('',#1170,#1170,#1040,.T.);
#1512=EDGE_CURVE('',#1170,#1169,#814,.T.);
#1513=EDGE_CURVE('',#1137,#1170,#815,.T.);
#1514=EDGE_CURVE('',#1171,#1172,#152,.T.);
#1515=EDGE_CURVE('',#1172,#1173,#153,.T.);
#1516=EDGE_CURVE('',#1173,#1174,#154,.T.);
#1517=EDGE_CURVE('',#1174,#1175,#155,.T.);
#1518=EDGE_CURVE('',#1175,#1176,#156,.T.);
#1519=EDGE_CURVE('',#1176,#1177,#157,.T.);
#1520=EDGE_CURVE('',#1177,#1178,#158,.T.);
#1521=EDGE_CURVE('',#1178,#1179,#159,.T.);
#1522=EDGE_CURVE('',#1179,#1180,#160,.T.);
#1523=EDGE_CURVE('',#1180,#1181,#161,.T.);
#1524=EDGE_CURVE('',#1181,#1182,#162,.T.);
#1525=EDGE_CURVE('',#1182,#1183,#163,.T.);
#1526=EDGE_CURVE('',#1183,#1184,#164,.T.);
#1527=EDGE_CURVE('',#1184,#1185,#165,.T.);
#1528=EDGE_CURVE('',#1185,#1186,#166,.T.);
#1529=EDGE_CURVE('',#1186,#1187,#167,.T.);
#1530=EDGE_CURVE('',#1187,#1188,#168,.T.);
#1531=EDGE_CURVE('',#1188,#1189,#169,.T.);
#1532=EDGE_CURVE('',#1189,#1190,#170,.T.);
#1533=EDGE_CURVE('',#1190,#1191,#171,.T.);
#1534=EDGE_CURVE('',#1191,#1192,#172,.T.);
#1535=EDGE_CURVE('',#1192,#1193,#173,.T.);
#1536=EDGE_CURVE('',#1193,#1194,#174,.T.);
#1537=EDGE_CURVE('',#1194,#1195,#175,.T.);
#1538=EDGE_CURVE('',#1195,#1196,#176,.T.);
#1539=EDGE_CURVE('',#1196,#1197,#177,.T.);
#1540=EDGE_CURVE('',#1197,#1198,#178,.T.);
#1541=EDGE_CURVE('',#1198,#1199,#179,.T.);
#1542=EDGE_CURVE('',#1199,#1200,#180,.T.);
#1543=EDGE_CURVE('',#1200,#1201,#181,.T.);
#1544=EDGE_CURVE('',#1201,#1202,#182,.T.);
#1545=EDGE_CURVE('',#1202,#1203,#183,.T.);
#1546=EDGE_CURVE('',#1203,#1204,#184,.T.);
#1547=EDGE_CURVE('',#1204,#1205,#185,.T.);
#1548=EDGE_CURVE('',#1205,#1206,#186,.T.);
#1549=EDGE_CURVE('',#1206,#1207,#187,.T.);
#1550=EDGE_CURVE('',#1207,#1208,#188,.T.);
#1551=EDGE_CURVE('',#1208,#1209,#189,.T.);
#1552=EDGE_CURVE('',#1209,#1210,#190,.T.);
#1553=EDGE_CURVE('',#1210,#1171,#191,.T.);
#1554=EDGE_CURVE('',#1211,#1211,#1041,.T.);
#1555=EDGE_CURVE('',#1164,#1211,#816,.T.);
#1556=EDGE_CURVE('',#1171,#1212,#817,.T.);
#1557=EDGE_CURVE('',#1213,#1212,#192,.T.);
#1558=EDGE_CURVE('',#1172,#1213,#818,.T.);
#1559=EDGE_CURVE('',#1214,#1213,#193,.T.);
#1560=EDGE_CURVE('',#1173,#1214,#819,.T.);
#1561=EDGE_CURVE('',#1215,#1214,#194,.T.);
#1562=EDGE_CURVE('',#1174,#1215,#820,.T.);
#1563=EDGE_CURVE('',#1216,#1215,#195,.T.);
#1564=EDGE_CURVE('',#1175,#1216,#821,.T.);
#1565=EDGE_CURVE('',#1217,#1216,#196,.T.);
#1566=EDGE_CURVE('',#1176,#1217,#822,.T.);
#1567=EDGE_CURVE('',#1218,#1217,#197,.T.);
#1568=EDGE_CURVE('',#1177,#1218,#823,.T.);
#1569=EDGE_CURVE('',#1219,#1218,#198,.T.);
#1570=EDGE_CURVE('',#1178,#1219,#824,.T.);
#1571=EDGE_CURVE('',#1220,#1219,#199,.T.);
#1572=EDGE_CURVE('',#1179,#1220,#825,.T.);
#1573=EDGE_CURVE('',#1221,#1220,#200,.T.);
#1574=EDGE_CURVE('',#1180,#1221,#826,.T.);
#1575=EDGE_CURVE('',#1222,#1221,#201,.T.);
#1576=EDGE_CURVE('',#1181,#1222,#827,.T.);
#1577=EDGE_CURVE('',#1223,#1222,#202,.T.);
#1578=EDGE_CURVE('',#1182,#1223,#828,.T.);
#1579=EDGE_CURVE('',#1224,#1223,#203,.T.);
#1580=EDGE_CURVE('',#1183,#1224,#829,.T.);
#1581=EDGE_CURVE('',#1225,#1224,#204,.T.);
#1582=EDGE_CURVE('',#1184,#1225,#830,.T.);
#1583=EDGE_CURVE('',#1226,#1225,#205,.T.);
#1584=EDGE_CURVE('',#1185,#1226,#831,.T.);
#1585=EDGE_CURVE('',#1227,#1226,#206,.T.);
#1586=EDGE_CURVE('',#1186,#1227,#832,.T.);
#1587=EDGE_CURVE('',#1228,#1227,#207,.T.);
#1588=EDGE_CURVE('',#1187,#1228,#833,.T.);
#1589=EDGE_CURVE('',#1229,#1228,#208,.T.);
#1590=EDGE_CURVE('',#1188,#1229,#834,.T.);
#1591=EDGE_CURVE('',#1230,#1229,#209,.T.);
#1592=EDGE_CURVE('',#1189,#1230,#835,.T.);
#1593=EDGE_CURVE('',#1231,#1230,#210,.T.);
#1594=EDGE_CURVE('',#1190,#1231,#836,.T.);
#1595=EDGE_CURVE('',#1232,#1231,#211,.T.);
#1596=EDGE_CURVE('',#1191,#1232,#837,.T.);
#1597=EDGE_CURVE('',#1233,#1232,#212,.T.);
#1598=EDGE_CURVE('',#1192,#1233,#838,.T.);
#1599=EDGE_CURVE('',#1234,#1233,#213,.T.);
#1600=EDGE_CURVE('',#1193,#1234,#839,.T.);
#1601=EDGE_CURVE('',#1235,#1234,#214,.T.);
#1602=EDGE_CURVE('',#1194,#1235,#840,.T.);
#1603=EDGE_CURVE('',#1236,#1235,#215,.T.);
#1604=EDGE_CURVE('',#1195,#1236,#841,.T.);
#1605=EDGE_CURVE('',#1237,#1236,#216,.T.);
#1606=EDGE_CURVE('',#1196,#1237,#842,.T.);
#1607=EDGE_CURVE('',#1238,#1237,#217,.T.);
#1608=EDGE_CURVE('',#1197,#1238,#843,.T.);
#1609=EDGE_CURVE('',#1239,#1238,#218,.T.);
#1610=EDGE_CURVE('',#1198,#1239,#844,.T.);
#1611=EDGE_CURVE('',#1240,#1239,#219,.T.);
#1612=EDGE_CURVE('',#1199,#1240,#845,.T.);
#1613=EDGE_CURVE('',#1241,#1240,#220,.T.);
#1614=EDGE_CURVE('',#1200,#1241,#846,.T.);
#1615=EDGE_CURVE('',#1242,#1241,#221,.T.);
#1616=EDGE_CURVE('',#1201,#1242,#847,.T.);
#1617=EDGE_CURVE('',#1243,#1242,#222,.T.);
#1618=EDGE_CURVE('',#1202,#1243,#848,.T.);
#1619=EDGE_CURVE('',#1244,#1243,#223,.T.);
#1620=EDGE_CURVE('',#1203,#1244,#849,.T.);
#1621=EDGE_CURVE('',#1245,#1244,#224,.T.);
#1622=EDGE_CURVE('',#1204,#1245,#850,.T.);
#1623=EDGE_CURVE('',#1246,#1245,#225,.T.);
#1624=EDGE_CURVE('',#1205,#1246,#851,.T.);
#1625=EDGE_CURVE('',#1247,#1246,#226,.T.);
#1626=EDGE_CURVE('',#1206,#1247,#852,.T.);
#1627=EDGE_CURVE('',#1248,#1247,#227,.T.);
#1628=EDGE_CURVE('',#1207,#1248,#853,.T.);
#1629=EDGE_CURVE('',#1249,#1248,#228,.T.);
#1630=EDGE_CURVE('',#1208,#1249,#854,.T.);
#1631=EDGE_CURVE('',#1250,#1249,#229,.T.);
#1632=EDGE_CURVE('',#1209,#1250,#855,.T.);
#1633=EDGE_CURVE('',#1251,#1250,#230,.T.);
#1634=EDGE_CURVE('',#1210,#1251,#856,.T.);
#1635=EDGE_CURVE('',#1212,#1251,#231,.T.);
#1636=EDGE_CURVE('',#1252,#1253,#232,.T.);
#1637=EDGE_CURVE('',#1253,#1254,#1042,.T.);
#1638=EDGE_CURVE('',#1254,#1255,#233,.T.);
#1639=EDGE_CURVE('',#1255,#1252,#1043,.T.);
#1640=EDGE_CURVE('',#1254,#1256,#234,.T.);
#1641=EDGE_CURVE('',#1256,#1257,#235,.T.);
#1642=EDGE_CURVE('',#1257,#1258,#236,.T.);
#1643=EDGE_CURVE('',#1259,#1258,#237,.T.);
#1644=EDGE_CURVE('',#1259,#1260,#42,.T.);
#1645=EDGE_CURVE('',#1260,#1261,#1044,.T.);
#1646=EDGE_CURVE('',#1261,#1262,#43,.T.);
#1647=EDGE_CURVE('',#1263,#1262,#238,.T.);
#1648=EDGE_CURVE('',#1263,#1264,#239,.T.);
#1649=EDGE_CURVE('',#1264,#1265,#240,.T.);
#1650=EDGE_CURVE('',#1265,#1266,#241,.T.);
#1651=EDGE_CURVE('',#1267,#1266,#242,.T.);
#1652=EDGE_CURVE('',#1267,#1268,#44,.T.);
#1653=EDGE_CURVE('',#1268,#1269,#1045,.T.);
#1654=EDGE_CURVE('',#1269,#1270,#857,.T.);
#1655=EDGE_CURVE('',#1270,#1270,#1046,.T.);
#1656=EDGE_CURVE('',#1269,#1271,#1047,.T.);
#1657=EDGE_CURVE('',#1271,#1272,#45,.T.);
#1658=EDGE_CURVE('',#1273,#1272,#243,.T.);
#1659=EDGE_CURVE('',#1273,#1274,#244,.T.);
#1660=EDGE_CURVE('',#1274,#1275,#245,.T.);
#1661=EDGE_CURVE('',#1275,#1276,#246,.T.);
#1662=EDGE_CURVE('',#1277,#1276,#247,.T.);
#1663=EDGE_CURVE('',#1277,#1278,#46,.T.);
#1664=EDGE_CURVE('',#1278,#1279,#1048,.T.);
#1665=EDGE_CURVE('',#1279,#1280,#47,.T.);
#1666=EDGE_CURVE('',#1281,#1280,#248,.T.);
#1667=EDGE_CURVE('',#1281,#1282,#249,.T.);
#1668=EDGE_CURVE('',#1282,#1283,#250,.T.);
#1669=EDGE_CURVE('',#1283,#1284,#251,.T.);
#1670=EDGE_CURVE('',#1285,#1284,#252,.T.);
#1671=EDGE_CURVE('',#1285,#1286,#48,.T.);
#1672=EDGE_CURVE('',#1286,#1287,#1049,.T.);
#1673=EDGE_CURVE('',#1287,#1288,#49,.T.);
#1674=EDGE_CURVE('',#1289,#1288,#253,.T.);
#1675=EDGE_CURVE('',#1289,#1290,#254,.T.);
#1676=EDGE_CURVE('',#1290,#1291,#255,.T.);
#1677=EDGE_CURVE('',#1291,#1292,#256,.T.);
#1678=EDGE_CURVE('',#1293,#1292,#257,.T.);
#1679=EDGE_CURVE('',#1293,#1294,#50,.T.);
#1680=EDGE_CURVE('',#1294,#1295,#1050,.T.);
#1681=EDGE_CURVE('',#1295,#1255,#51,.T.);
#1682=EDGE_CURVE('',#1296,#1253,#258,.T.);
#1683=EDGE_CURVE('',#1297,#1296,#259,.T.);
#1684=EDGE_CURVE('',#1258,#1297,#1051,.T.);
#1685=EDGE_CURVE('',#1257,#1298,#1052,.T.);
#1686=EDGE_CURVE('',#1299,#1256,#1053,.T.);
#1687=EDGE_CURVE('',#1297,#1300,#260,.T.);
#1688=EDGE_CURVE('',#1300,#1259,#1054,.T.);
#1689=EDGE_CURVE('',#1301,#1302,#261,.T.);
#1690=EDGE_CURVE('',#1302,#1263,#1055,.T.);
#1691=EDGE_CURVE('',#1262,#1301,#1056,.T.);
#1692=EDGE_CURVE('',#1303,#1302,#262,.T.);
#1693=EDGE_CURVE('',#1304,#1303,#263,.T.);
#1694=EDGE_CURVE('',#1266,#1304,#1057,.T.);
#1695=EDGE_CURVE('',#1265,#1305,#1058,.T.);
#1696=EDGE_CURVE('',#1306,#1264,#1059,.T.);
#1697=EDGE_CURVE('',#1304,#1307,#264,.T.);
#1698=EDGE_CURVE('',#1307,#1267,#1060,.T.);
#1699=EDGE_CURVE('',#1308,#1309,#265,.T.);
#1700=EDGE_CURVE('',#1309,#1273,#1061,.T.);
#1701=EDGE_CURVE('',#1272,#1308,#1062,.T.);
#1702=EDGE_CURVE('',#1310,#1309,#266,.T.);
#1703=EDGE_CURVE('',#1311,#1310,#267,.T.);
#1704=EDGE_CURVE('',#1276,#1311,#1063,.T.);
#1705=EDGE_CURVE('',#1275,#1312,#1064,.T.);
#1706=EDGE_CURVE('',#1313,#1274,#1065,.T.);
#1707=EDGE_CURVE('',#1311,#1314,#268,.T.);
#1708=EDGE_CURVE('',#1314,#1277,#1066,.T.);
#1709=EDGE_CURVE('',#1315,#1316,#269,.T.);
#1710=EDGE_CURVE('',#1316,#1281,#1067,.T.);
#1711=EDGE_CURVE('',#1280,#1315,#1068,.T.);
#1712=EDGE_CURVE('',#1317,#1279,#858,.T.);
#1713=EDGE_CURVE('',#1315,#1317,#52,.T.);
#1714=EDGE_CURVE('',#1284,#1318,#1069,.T.);
#1715=EDGE_CURVE('',#1318,#1319,#270,.T.);
#1716=EDGE_CURVE('',#1319,#1285,#1070,.T.);
#1717=EDGE_CURVE('',#1320,#1319,#53,.T.);
#1718=EDGE_CURVE('',#1286,#1320,#859,.T.);
#1719=EDGE_CURVE('',#1321,#1300,#54,.T.);
#1720=EDGE_CURVE('',#1260,#1321,#860,.T.);
#1721=EDGE_CURVE('',#1322,#1295,#861,.T.);
#1722=EDGE_CURVE('',#1252,#1322,#55,.T.);
#1723=EDGE_CURVE('',#1323,#1307,#56,.T.);
#1724=EDGE_CURVE('',#1268,#1323,#862,.T.);
#1725=EDGE_CURVE('',#1324,#1261,#863,.T.);
#1726=EDGE_CURVE('',#1301,#1324,#57,.T.);
#1727=EDGE_CURVE('',#1325,#1271,#864,.T.);
#1728=EDGE_CURVE('',#1308,#1325,#58,.T.);
#1729=EDGE_CURVE('',#1326,#1314,#59,.T.);
#1730=EDGE_CURVE('',#1278,#1326,#865,.T.);
#1731=EDGE_CURVE('',#1320,#1327,#1071,.T.);
#1732=EDGE_CURVE('',#1327,#1287,#866,.T.);
#1733=EDGE_CURVE('',#1326,#1317,#1072,.T.);
#1734=EDGE_CURVE('',#1323,#1328,#1073,.T.);
#1735=EDGE_CURVE('',#1328,#1325,#1074,.T.);
#1736=EDGE_CURVE('',#1294,#1329,#867,.T.);
#1737=EDGE_CURVE('',#1329,#1322,#1075,.T.);
#1738=EDGE_CURVE('',#1321,#1324,#1076,.T.);
#1739=EDGE_CURVE('',#1329,#1330,#60,.T.);
#1740=EDGE_CURVE('',#1331,#1330,#271,.T.);
#1741=EDGE_CURVE('',#1331,#1332,#272,.T.);
#1742=EDGE_CURVE('',#1332,#1333,#273,.T.);
#1743=EDGE_CURVE('',#1334,#1333,#274,.T.);
#1744=EDGE_CURVE('',#1334,#1327,#61,.T.);
#1745=EDGE_CURVE('',#1318,#1335,#275,.T.);
#1746=EDGE_CURVE('',#1335,#1316,#276,.T.);
#1747=EDGE_CURVE('',#1328,#1336,#868,.T.);
#1748=EDGE_CURVE('',#1336,#1336,#1077,.T.);
#1749=EDGE_CURVE('',#1283,#1337,#1078,.T.);
#1750=EDGE_CURVE('',#1338,#1282,#1079,.T.);
#1751=EDGE_CURVE('',#1333,#1289,#1080,.T.);
#1752=EDGE_CURVE('',#1288,#1334,#1081,.T.);
#1753=EDGE_CURVE('',#1292,#1331,#1082,.T.);
#1754=EDGE_CURVE('',#1330,#1293,#1083,.T.);
#1755=EDGE_CURVE('',#1291,#1339,#1084,.T.);
#1756=EDGE_CURVE('',#1340,#1290,#1085,.T.);
#1757=EDGE_CURVE('',#1341,#1342,#277,.T.);
#1758=EDGE_CURVE('',#1342,#1343,#278,.T.);
#1759=EDGE_CURVE('',#1343,#1344,#279,.T.);
#1760=EDGE_CURVE('',#1344,#1345,#280,.T.);
#1761=EDGE_CURVE('',#1345,#1341,#281,.T.);
#1762=EDGE_CURVE('',#1346,#1345,#869,.T.);
#1763=EDGE_CURVE('',#1341,#1346,#282,.T.);
#1764=EDGE_CURVE('',#1347,#1344,#1086,.T.);
#1765=EDGE_CURVE('',#1348,#1347,#283,.T.);
#1766=EDGE_CURVE('',#1348,#1349,#870,.T.);
#1767=EDGE_CURVE('',#1349,#1346,#1087,.T.);
#1768=EDGE_CURVE('',#1343,#1350,#284,.T.);
#1769=EDGE_CURVE('',#1350,#1351,#285,.T.);
#1770=EDGE_CURVE('',#1352,#1351,#286,.T.);
#1771=EDGE_CURVE('',#1352,#1353,#1088,.T.);
#1772=EDGE_CURVE('',#1354,#1353,#287,.T.);
#1773=EDGE_CURVE('',#1354,#1355,#288,.T.);
#1774=EDGE_CURVE('',#1355,#1356,#289,.T.);
#1775=EDGE_CURVE('',#1357,#1356,#290,.T.);
#1776=EDGE_CURVE('',#1357,#1358,#1089,.T.);
#1777=EDGE_CURVE('',#1359,#1358,#291,.T.);
#1778=EDGE_CURVE('',#1359,#1360,#292,.T.);
#1779=EDGE_CURVE('',#1360,#1361,#293,.T.);
#1780=EDGE_CURVE('',#1362,#1361,#294,.T.);
#1781=EDGE_CURVE('',#1362,#1363,#1090,.T.);
#1782=EDGE_CURVE('',#1364,#1363,#295,.T.);
#1783=EDGE_CURVE('',#1364,#1365,#296,.T.);
#1784=EDGE_CURVE('',#1365,#1366,#297,.T.);
#1785=EDGE_CURVE('',#1367,#1366,#298,.T.);
#1786=EDGE_CURVE('',#1367,#1368,#1091,.T.);
#1787=EDGE_CURVE('',#1369,#1368,#299,.T.);
#1788=EDGE_CURVE('',#1369,#1370,#300,.T.);
#1789=EDGE_CURVE('',#1370,#1371,#301,.T.);
#1790=EDGE_CURVE('',#1371,#1372,#871,.T.);
#1791=EDGE_CURVE('',#1372,#1372,#1092,.T.);
#1792=EDGE_CURVE('',#1371,#1373,#302,.T.);
#1793=EDGE_CURVE('',#1374,#1373,#303,.T.);
#1794=EDGE_CURVE('',#1374,#1375,#1093,.T.);
#1795=EDGE_CURVE('',#1376,#1375,#304,.T.);
#1796=EDGE_CURVE('',#1376,#1377,#305,.T.);
#1797=EDGE_CURVE('',#1377,#1378,#306,.T.);
#1798=EDGE_CURVE('',#1347,#1378,#307,.T.);
#1799=EDGE_CURVE('',#1351,#1379,#308,.T.);
#1800=EDGE_CURVE('',#1379,#1380,#309,.T.);
#1801=EDGE_CURVE('',#1380,#1381,#310,.T.);
#1802=EDGE_CURVE('',#1381,#1352,#311,.T.);
#1803=EDGE_CURVE('',#1381,#1382,#872,.T.);
#1804=EDGE_CURVE('',#1382,#1383,#1094,.T.);
#1805=EDGE_CURVE('',#1383,#1384,#873,.T.);
#1806=EDGE_CURVE('',#1353,#1384,#312,.T.);
#1807=EDGE_CURVE('',#1382,#1380,#313,.T.);
#1808=EDGE_CURVE('',#1349,#1385,#314,.T.);
#1809=EDGE_CURVE('',#1386,#1385,#315,.T.);
#1810=EDGE_CURVE('',#1386,#1387,#316,.T.);
#1811=EDGE_CURVE('',#1388,#1387,#317,.T.);
#1812=EDGE_CURVE('',#1388,#1389,#318,.T.);
#1813=EDGE_CURVE('',#1390,#1389,#1095,.T.);
#1814=EDGE_CURVE('',#1390,#1391,#319,.T.);
#1815=EDGE_CURVE('',#1392,#1391,#320,.T.);
#1816=EDGE_CURVE('',#1392,#1393,#321,.T.);
#1817=EDGE_CURVE('',#1393,#1394,#874,.T.);
#1818=EDGE_CURVE('',#1394,#1394,#1096,.T.);
#1819=EDGE_CURVE('',#1393,#1395,#322,.T.);
#1820=EDGE_CURVE('',#1396,#1395,#323,.T.);
#1821=EDGE_CURVE('',#1396,#1397,#324,.T.);
#1822=EDGE_CURVE('',#1398,#1397,#1097,.T.);
#1823=EDGE_CURVE('',#1398,#1399,#325,.T.);
#1824=EDGE_CURVE('',#1400,#1399,#326,.T.);
#1825=EDGE_CURVE('',#1400,#1401,#327,.T.);
#1826=EDGE_CURVE('',#1402,#1401,#328,.T.);
#1827=EDGE_CURVE('',#1402,#1403,#329,.T.);
#1828=EDGE_CURVE('',#1404,#1403,#1098,.T.);
#1829=EDGE_CURVE('',#1404,#1405,#330,.T.);
#1830=EDGE_CURVE('',#1406,#1405,#331,.T.);
#1831=EDGE_CURVE('',#1406,#1407,#332,.T.);
#1832=EDGE_CURVE('',#1408,#1407,#333,.T.);
#1833=EDGE_CURVE('',#1408,#1409,#334,.T.);
#1834=EDGE_CURVE('',#1410,#1409,#1099,.T.);
#1835=EDGE_CURVE('',#1410,#1411,#335,.T.);
#1836=EDGE_CURVE('',#1412,#1411,#336,.T.);
#1837=EDGE_CURVE('',#1412,#1413,#337,.T.);
#1838=EDGE_CURVE('',#1414,#1413,#338,.T.);
#1839=EDGE_CURVE('',#1414,#1383,#339,.T.);
#1840=EDGE_CURVE('',#1379,#1342,#340,.T.);
#1841=EDGE_CURVE('',#1387,#1376,#341,.T.);
#1842=EDGE_CURVE('',#1375,#1415,#342,.T.);
#1843=EDGE_CURVE('',#1415,#1388,#343,.T.);
#1844=EDGE_CURVE('',#1389,#1415,#875,.T.);
#1845=EDGE_CURVE('',#1416,#1374,#344,.T.);
#1846=EDGE_CURVE('',#1416,#1390,#876,.T.);
#1847=EDGE_CURVE('',#1378,#1386,#345,.T.);
#1848=EDGE_CURVE('',#1385,#1348,#346,.T.);
#1849=EDGE_CURVE('',#1395,#1369,#347,.T.);
#1850=EDGE_CURVE('',#1368,#1417,#348,.T.);
#1851=EDGE_CURVE('',#1417,#1396,#349,.T.);
#1852=EDGE_CURVE('',#1397,#1417,#877,.T.);
#1853=EDGE_CURVE('',#1418,#1367,#350,.T.);
#1854=EDGE_CURVE('',#1418,#1398,#878,.T.);
#1855=EDGE_CURVE('',#1373,#1392,#351,.T.);
#1856=EDGE_CURVE('',#1391,#1416,#352,.T.);
#1857=EDGE_CURVE('',#1401,#1364,#353,.T.);
#1858=EDGE_CURVE('',#1363,#1419,#354,.T.);
#1859=EDGE_CURVE('',#1419,#1402,#355,.T.);
#1860=EDGE_CURVE('',#1403,#1419,#879,.T.);
#1861=EDGE_CURVE('',#1420,#1362,#356,.T.);
#1862=EDGE_CURVE('',#1420,#1404,#880,.T.);
#1863=EDGE_CURVE('',#1366,#1400,#357,.T.);
#1864=EDGE_CURVE('',#1399,#1418,#358,.T.);
#1865=EDGE_CURVE('',#1407,#1359,#359,.T.);
#1866=EDGE_CURVE('',#1358,#1421,#360,.T.);
#1867=EDGE_CURVE('',#1421,#1408,#361,.T.);
#1868=EDGE_CURVE('',#1361,#1406,#362,.T.);
#1869=EDGE_CURVE('',#1405,#1420,#363,.T.);
#1870=EDGE_CURVE('',#1409,#1421,#881,.T.);
#1871=EDGE_CURVE('',#1422,#1357,#364,.T.);
#1872=EDGE_CURVE('',#1422,#1410,#882,.T.);
#1873=EDGE_CURVE('',#1413,#1354,#365,.T.);
#1874=EDGE_CURVE('',#1384,#1414,#366,.T.);
#1875=EDGE_CURVE('',#1356,#1412,#367,.T.);
#1876=EDGE_CURVE('',#1411,#1422,#368,.T.);
#1877=EDGE_CURVE('',#1423,#1423,#1100,.T.);
#1878=EDGE_CURVE('',#1423,#1424,#883,.T.);
#1879=EDGE_CURVE('',#1424,#1424,#1101,.T.);
#1880=EDGE_CURVE('',#1425,#1425,#1102,.T.);
#1881=EDGE_CURVE('',#1425,#1426,#884,.T.);
#1882=EDGE_CURVE('',#1426,#1426,#1103,.T.);
#1883=EDGE_CURVE('',#1427,#1428,#1104,.T.);
#1884=EDGE_CURVE('',#1429,#1428,#1105,.T.);
#1885=EDGE_CURVE('',#1429,#1430,#1106,.T.);
#1886=EDGE_CURVE('',#1430,#1427,#1107,.T.);
#1887=EDGE_CURVE('',#1431,#1431,#1108,.T.);
#1888=EDGE_CURVE('',#1432,#1433,#1109,.T.);
#1889=EDGE_CURVE('',#1434,#1433,#1110,.T.);
#1890=EDGE_CURVE('',#1434,#1435,#1111,.T.);
#1891=EDGE_CURVE('',#1435,#1432,#1112,.T.);
#1892=EDGE_CURVE('',#1436,#1436,#1113,.T.);
#1893=EDGE_CURVE('',#1437,#1435,#885,.T.);
#1894=EDGE_CURVE('',#1438,#1437,#1114,.T.);
#1895=EDGE_CURVE('',#1432,#1438,#886,.T.);
#1896=EDGE_CURVE('',#1438,#1439,#1115,.T.);
#1897=EDGE_CURVE('',#1433,#1439,#887,.T.);
#1898=EDGE_CURVE('',#1440,#1437,#1116,.T.);
#1899=EDGE_CURVE('',#1441,#1440,#1117,.T.);
#1900=EDGE_CURVE('',#1441,#1442,#1118,.T.);
#1901=EDGE_CURVE('',#1442,#1443,#1119,.T.);
#1902=EDGE_CURVE('',#1443,#1444,#1120,.T.);
#1903=EDGE_CURVE('',#1439,#1444,#1121,.T.);
#1904=EDGE_CURVE('',#1428,#1444,#888,.T.);
#1905=EDGE_CURVE('',#1429,#1443,#889,.T.);
#1906=EDGE_CURVE('',#1430,#1442,#890,.T.);
#1907=EDGE_CURVE('',#1427,#1441,#891,.T.);
#1908=EDGE_CURVE('',#1440,#1434,#892,.T.);
#1909=EDGE_CURVE('',#1431,#1445,#893,.T.);
#1910=EDGE_CURVE('',#1445,#1445,#1122,.T.);
#1911=EDGE_CURVE('',#1446,#1446,#1123,.T.);
#1912=EDGE_CURVE('',#1447,#1447,#1124,.T.);
#1913=EDGE_CURVE('',#1446,#1436,#894,.T.);
#1914=EDGE_CURVE('',#1448,#1448,#1125,.T.);
#1915=EDGE_CURVE('',#1448,#1447,#895,.T.);
#1916=EDGE_CURVE('',#1449,#1449,#1126,.T.);
#1917=EDGE_CURVE('',#1449,#1450,#896,.T.);
#1918=EDGE_CURVE('',#1450,#1450,#1127,.T.);
#1919=EDGE_CURVE('',#1451,#1451,#1128,.T.);
#1920=EDGE_CURVE('',#1451,#1452,#897,.T.);
#1921=EDGE_CURVE('',#1452,#1452,#1129,.T.);
#1922=EDGE_CURVE('',#1453,#1453,#1130,.T.);
#1923=EDGE_CURVE('',#1453,#1454,#898,.T.);
#1924=EDGE_CURVE('',#1454,#1454,#1131,.T.);
#1925=EDGE_CURVE('',#1455,#1455,#1132,.T.);
#1926=EDGE_CURVE('',#1455,#1456,#899,.T.);
#1927=EDGE_CURVE('',#1456,#1456,#1133,.T.);
#1928=ORIENTED_EDGE('',*,*,#1457,.F.);
#1929=ORIENTED_EDGE('',*,*,#1458,.T.);
#1930=ORIENTED_EDGE('',*,*,#1459,.T.);
#1931=ORIENTED_EDGE('',*,*,#1458,.F.);
#1932=ORIENTED_EDGE('',*,*,#1459,.F.);
#1933=ORIENTED_EDGE('',*,*,#1460,.F.);
#1934=ORIENTED_EDGE('',*,*,#1457,.T.);
#1935=ORIENTED_EDGE('',*,*,#1461,.T.);
#1936=ORIENTED_EDGE('',*,*,#1462,.T.);
#1937=ORIENTED_EDGE('',*,*,#1460,.T.);
#1938=ORIENTED_EDGE('',*,*,#1463,.T.);
#1939=ORIENTED_EDGE('',*,*,#1464,.T.);
#1940=ORIENTED_EDGE('',*,*,#1463,.F.);
#1941=ORIENTED_EDGE('',*,*,#1465,.T.);
#1942=ORIENTED_EDGE('',*,*,#1466,.T.);
#1943=ORIENTED_EDGE('',*,*,#1467,.F.);
#1944=ORIENTED_EDGE('',*,*,#1468,.F.);
#1945=ORIENTED_EDGE('',*,*,#1466,.F.);
#1946=ORIENTED_EDGE('',*,*,#1469,.T.);
#1947=ORIENTED_EDGE('',*,*,#1464,.F.);
#1948=ORIENTED_EDGE('',*,*,#1470,.T.);
#1949=ORIENTED_EDGE('',*,*,#1467,.T.);
#1950=ORIENTED_EDGE('',*,*,#1468,.T.);
#1951=ORIENTED_EDGE('',*,*,#1470,.F.);
#1952=ORIENTED_EDGE('',*,*,#1471,.F.);
#1953=ORIENTED_EDGE('',*,*,#1472,.T.);
#1954=ORIENTED_EDGE('',*,*,#1473,.F.);
#1955=ORIENTED_EDGE('',*,*,#1474,.F.);
#1956=ORIENTED_EDGE('',*,*,#1475,.F.);
#1957=ORIENTED_EDGE('',*,*,#1476,.F.);
#1958=ORIENTED_EDGE('',*,*,#1477,.F.);
#1959=ORIENTED_EDGE('',*,*,#1472,.F.);
#1960=ORIENTED_EDGE('',*,*,#1465,.F.);
#1961=ORIENTED_EDGE('',*,*,#1478,.T.);
#1962=ORIENTED_EDGE('',*,*,#1471,.T.);
#1963=ORIENTED_EDGE('',*,*,#1478,.F.);
#1964=ORIENTED_EDGE('',*,*,#1469,.F.);
#1965=ORIENTED_EDGE('',*,*,#1475,.T.);
#1966=ORIENTED_EDGE('',*,*,#1479,.F.);
#1967=ORIENTED_EDGE('',*,*,#1480,.T.);
#1968=ORIENTED_EDGE('',*,*,#1481,.F.);
#1969=ORIENTED_EDGE('',*,*,#1482,.F.);
#1970=ORIENTED_EDGE('',*,*,#1474,.T.);
#1971=ORIENTED_EDGE('',*,*,#1483,.T.);
#1972=ORIENTED_EDGE('',*,*,#1484,.F.);
#1973=ORIENTED_EDGE('',*,*,#1479,.T.);
#1974=ORIENTED_EDGE('',*,*,#1485,.T.);
#1975=ORIENTED_EDGE('',*,*,#1486,.T.);
#1976=ORIENTED_EDGE('',*,*,#1487,.F.);
#1977=ORIENTED_EDGE('',*,*,#1488,.F.);
#1978=ORIENTED_EDGE('',*,*,#1489,.T.);
#1979=ORIENTED_EDGE('',*,*,#1488,.T.);
#1980=ORIENTED_EDGE('',*,*,#1490,.F.);
#1981=ORIENTED_EDGE('',*,*,#1491,.F.);
#1982=ORIENTED_EDGE('',*,*,#1492,.T.);
#1983=ORIENTED_EDGE('',*,*,#1491,.T.);
#1984=ORIENTED_EDGE('',*,*,#1493,.F.);
#1985=ORIENTED_EDGE('',*,*,#1494,.F.);
#1986=ORIENTED_EDGE('',*,*,#1473,.T.);
#1987=ORIENTED_EDGE('',*,*,#1477,.T.);
#1988=ORIENTED_EDGE('',*,*,#1495,.F.);
#1989=ORIENTED_EDGE('',*,*,#1496,.F.);
#1990=ORIENTED_EDGE('',*,*,#1493,.T.);
#1991=ORIENTED_EDGE('',*,*,#1490,.T.);
#1992=ORIENTED_EDGE('',*,*,#1487,.T.);
#1993=ORIENTED_EDGE('',*,*,#1497,.F.);
#1994=ORIENTED_EDGE('',*,*,#1483,.F.);
#1995=ORIENTED_EDGE('',*,*,#1476,.T.);
#1996=ORIENTED_EDGE('',*,*,#1481,.T.);
#1997=ORIENTED_EDGE('',*,*,#1498,.F.);
#1998=ORIENTED_EDGE('',*,*,#1495,.T.);
#1999=ORIENTED_EDGE('',*,*,#1486,.F.);
#2000=ORIENTED_EDGE('',*,*,#1499,.T.);
#2001=ORIENTED_EDGE('',*,*,#1494,.T.);
#2002=ORIENTED_EDGE('',*,*,#1496,.T.);
#2003=ORIENTED_EDGE('',*,*,#1498,.T.);
#2004=ORIENTED_EDGE('',*,*,#1480,.F.);
#2005=ORIENTED_EDGE('',*,*,#1484,.T.);
#2006=ORIENTED_EDGE('',*,*,#1497,.T.);
#2007=ORIENTED_EDGE('',*,*,#1462,.F.);
#2008=ORIENTED_EDGE('',*,*,#1500,.T.);
#2009=ORIENTED_EDGE('',*,*,#1501,.T.);
#2010=ORIENTED_EDGE('',*,*,#1500,.F.);
#2011=ORIENTED_EDGE('',*,*,#1501,.F.);
#2012=ORIENTED_EDGE('',*,*,#1502,.F.);
#2013=ORIENTED_EDGE('',*,*,#1503,.F.);
#2014=ORIENTED_EDGE('',*,*,#1504,.T.);
#2015=ORIENTED_EDGE('',*,*,#1482,.T.);
#2016=ORIENTED_EDGE('',*,*,#1504,.F.);
#2017=ORIENTED_EDGE('',*,*,#1505,.F.);
#2018=ORIENTED_EDGE('',*,*,#1506,.T.);
#2019=ORIENTED_EDGE('',*,*,#1503,.T.);
#2020=ORIENTED_EDGE('',*,*,#1506,.F.);
#2021=ORIENTED_EDGE('',*,*,#1507,.F.);
#2022=ORIENTED_EDGE('',*,*,#1505,.T.);
#2023=ORIENTED_EDGE('',*,*,#1508,.T.);
#2024=ORIENTED_EDGE('',*,*,#1509,.F.);
#2025=ORIENTED_EDGE('',*,*,#1510,.F.);
#2026=ORIENTED_EDGE('',*,*,#1508,.F.);
#2027=ORIENTED_EDGE('',*,*,#1507,.T.);
#2028=ORIENTED_EDGE('',*,*,#1511,.F.);
#2029=ORIENTED_EDGE('',*,*,#1512,.T.);
#2030=ORIENTED_EDGE('',*,*,#1509,.T.);
#2031=ORIENTED_EDGE('',*,*,#1510,.T.);
#2032=ORIENTED_EDGE('',*,*,#1512,.F.);
#2033=ORIENTED_EDGE('',*,*,#1461,.F.);
#2034=ORIENTED_EDGE('',*,*,#1513,.T.);
#2035=ORIENTED_EDGE('',*,*,#1511,.T.);
#2036=ORIENTED_EDGE('',*,*,#1513,.F.);
#2037=ORIENTED_EDGE('',*,*,#1514,.T.);
#2038=ORIENTED_EDGE('',*,*,#1515,.T.);
#2039=ORIENTED_EDGE('',*,*,#1516,.T.);
#2040=ORIENTED_EDGE('',*,*,#1517,.T.);
#2041=ORIENTED_EDGE('',*,*,#1518,.T.);
#2042=ORIENTED_EDGE('',*,*,#1519,.T.);
#2043=ORIENTED_EDGE('',*,*,#1520,.T.);
#2044=ORIENTED_EDGE('',*,*,#1521,.T.);
#2045=ORIENTED_EDGE('',*,*,#1522,.T.);
#2046=ORIENTED_EDGE('',*,*,#1523,.T.);
#2047=ORIENTED_EDGE('',*,*,#1524,.T.);
#2048=ORIENTED_EDGE('',*,*,#1525,.T.);
#2049=ORIENTED_EDGE('',*,*,#1526,.T.);
#2050=ORIENTED_EDGE('',*,*,#1527,.T.);
#2051=ORIENTED_EDGE('',*,*,#1528,.T.);
#2052=ORIENTED_EDGE('',*,*,#1529,.T.);
#2053=ORIENTED_EDGE('',*,*,#1530,.T.);
#2054=ORIENTED_EDGE('',*,*,#1531,.T.);
#2055=ORIENTED_EDGE('',*,*,#1532,.T.);
#2056=ORIENTED_EDGE('',*,*,#1533,.T.);
#2057=ORIENTED_EDGE('',*,*,#1534,.T.);
#2058=ORIENTED_EDGE('',*,*,#1535,.T.);
#2059=ORIENTED_EDGE('',*,*,#1536,.T.);
#2060=ORIENTED_EDGE('',*,*,#1537,.T.);
#2061=ORIENTED_EDGE('',*,*,#1538,.T.);
#2062=ORIENTED_EDGE('',*,*,#1539,.T.);
#2063=ORIENTED_EDGE('',*,*,#1540,.T.);
#2064=ORIENTED_EDGE('',*,*,#1541,.T.);
#2065=ORIENTED_EDGE('',*,*,#1542,.T.);
#2066=ORIENTED_EDGE('',*,*,#1543,.T.);
#2067=ORIENTED_EDGE('',*,*,#1544,.T.);
#2068=ORIENTED_EDGE('',*,*,#1545,.T.);
#2069=ORIENTED_EDGE('',*,*,#1546,.T.);
#2070=ORIENTED_EDGE('',*,*,#1547,.T.);
#2071=ORIENTED_EDGE('',*,*,#1548,.T.);
#2072=ORIENTED_EDGE('',*,*,#1549,.T.);
#2073=ORIENTED_EDGE('',*,*,#1550,.T.);
#2074=ORIENTED_EDGE('',*,*,#1551,.T.);
#2075=ORIENTED_EDGE('',*,*,#1552,.T.);
#2076=ORIENTED_EDGE('',*,*,#1553,.T.);
#2077=ORIENTED_EDGE('',*,*,#1554,.F.);
#2078=ORIENTED_EDGE('',*,*,#1502,.T.);
#2079=ORIENTED_EDGE('',*,*,#1555,.T.);
#2080=ORIENTED_EDGE('',*,*,#1554,.T.);
#2081=ORIENTED_EDGE('',*,*,#1555,.F.);
#2082=ORIENTED_EDGE('',*,*,#1514,.F.);
#2083=ORIENTED_EDGE('',*,*,#1556,.T.);
#2084=ORIENTED_EDGE('',*,*,#1557,.F.);
#2085=ORIENTED_EDGE('',*,*,#1558,.F.);
#2086=ORIENTED_EDGE('',*,*,#1515,.F.);
#2087=ORIENTED_EDGE('',*,*,#1558,.T.);
#2088=ORIENTED_EDGE('',*,*,#1559,.F.);
#2089=ORIENTED_EDGE('',*,*,#1560,.F.);
#2090=ORIENTED_EDGE('',*,*,#1516,.F.);
#2091=ORIENTED_EDGE('',*,*,#1560,.T.);
#2092=ORIENTED_EDGE('',*,*,#1561,.F.);
#2093=ORIENTED_EDGE('',*,*,#1562,.F.);
#2094=ORIENTED_EDGE('',*,*,#1517,.F.);
#2095=ORIENTED_EDGE('',*,*,#1562,.T.);
#2096=ORIENTED_EDGE('',*,*,#1563,.F.);
#2097=ORIENTED_EDGE('',*,*,#1564,.F.);
#2098=ORIENTED_EDGE('',*,*,#1518,.F.);
#2099=ORIENTED_EDGE('',*,*,#1564,.T.);
#2100=ORIENTED_EDGE('',*,*,#1565,.F.);
#2101=ORIENTED_EDGE('',*,*,#1566,.F.);
#2102=ORIENTED_EDGE('',*,*,#1519,.F.);
#2103=ORIENTED_EDGE('',*,*,#1566,.T.);
#2104=ORIENTED_EDGE('',*,*,#1567,.F.);
#2105=ORIENTED_EDGE('',*,*,#1568,.F.);
#2106=ORIENTED_EDGE('',*,*,#1520,.F.);
#2107=ORIENTED_EDGE('',*,*,#1568,.T.);
#2108=ORIENTED_EDGE('',*,*,#1569,.F.);
#2109=ORIENTED_EDGE('',*,*,#1570,.F.);
#2110=ORIENTED_EDGE('',*,*,#1521,.F.);
#2111=ORIENTED_EDGE('',*,*,#1570,.T.);
#2112=ORIENTED_EDGE('',*,*,#1571,.F.);
#2113=ORIENTED_EDGE('',*,*,#1572,.F.);
#2114=ORIENTED_EDGE('',*,*,#1522,.F.);
#2115=ORIENTED_EDGE('',*,*,#1572,.T.);
#2116=ORIENTED_EDGE('',*,*,#1573,.F.);
#2117=ORIENTED_EDGE('',*,*,#1574,.F.);
#2118=ORIENTED_EDGE('',*,*,#1523,.F.);
#2119=ORIENTED_EDGE('',*,*,#1574,.T.);
#2120=ORIENTED_EDGE('',*,*,#1575,.F.);
#2121=ORIENTED_EDGE('',*,*,#1576,.F.);
#2122=ORIENTED_EDGE('',*,*,#1524,.F.);
#2123=ORIENTED_EDGE('',*,*,#1576,.T.);
#2124=ORIENTED_EDGE('',*,*,#1577,.F.);
#2125=ORIENTED_EDGE('',*,*,#1578,.F.);
#2126=ORIENTED_EDGE('',*,*,#1525,.F.);
#2127=ORIENTED_EDGE('',*,*,#1578,.T.);
#2128=ORIENTED_EDGE('',*,*,#1579,.F.);
#2129=ORIENTED_EDGE('',*,*,#1580,.F.);
#2130=ORIENTED_EDGE('',*,*,#1526,.F.);
#2131=ORIENTED_EDGE('',*,*,#1580,.T.);
#2132=ORIENTED_EDGE('',*,*,#1581,.F.);
#2133=ORIENTED_EDGE('',*,*,#1582,.F.);
#2134=ORIENTED_EDGE('',*,*,#1527,.F.);
#2135=ORIENTED_EDGE('',*,*,#1582,.T.);
#2136=ORIENTED_EDGE('',*,*,#1583,.F.);
#2137=ORIENTED_EDGE('',*,*,#1584,.F.);
#2138=ORIENTED_EDGE('',*,*,#1528,.F.);
#2139=ORIENTED_EDGE('',*,*,#1584,.T.);
#2140=ORIENTED_EDGE('',*,*,#1585,.F.);
#2141=ORIENTED_EDGE('',*,*,#1586,.F.);
#2142=ORIENTED_EDGE('',*,*,#1529,.F.);
#2143=ORIENTED_EDGE('',*,*,#1586,.T.);
#2144=ORIENTED_EDGE('',*,*,#1587,.F.);
#2145=ORIENTED_EDGE('',*,*,#1588,.F.);
#2146=ORIENTED_EDGE('',*,*,#1530,.F.);
#2147=ORIENTED_EDGE('',*,*,#1588,.T.);
#2148=ORIENTED_EDGE('',*,*,#1589,.F.);
#2149=ORIENTED_EDGE('',*,*,#1590,.F.);
#2150=ORIENTED_EDGE('',*,*,#1531,.F.);
#2151=ORIENTED_EDGE('',*,*,#1590,.T.);
#2152=ORIENTED_EDGE('',*,*,#1591,.F.);
#2153=ORIENTED_EDGE('',*,*,#1592,.F.);
#2154=ORIENTED_EDGE('',*,*,#1532,.F.);
#2155=ORIENTED_EDGE('',*,*,#1592,.T.);
#2156=ORIENTED_EDGE('',*,*,#1593,.F.);
#2157=ORIENTED_EDGE('',*,*,#1594,.F.);
#2158=ORIENTED_EDGE('',*,*,#1533,.F.);
#2159=ORIENTED_EDGE('',*,*,#1594,.T.);
#2160=ORIENTED_EDGE('',*,*,#1595,.F.);
#2161=ORIENTED_EDGE('',*,*,#1596,.F.);
#2162=ORIENTED_EDGE('',*,*,#1534,.F.);
#2163=ORIENTED_EDGE('',*,*,#1596,.T.);
#2164=ORIENTED_EDGE('',*,*,#1597,.F.);
#2165=ORIENTED_EDGE('',*,*,#1598,.F.);
#2166=ORIENTED_EDGE('',*,*,#1535,.F.);
#2167=ORIENTED_EDGE('',*,*,#1598,.T.);
#2168=ORIENTED_EDGE('',*,*,#1599,.F.);
#2169=ORIENTED_EDGE('',*,*,#1600,.F.);
#2170=ORIENTED_EDGE('',*,*,#1536,.F.);
#2171=ORIENTED_EDGE('',*,*,#1600,.T.);
#2172=ORIENTED_EDGE('',*,*,#1601,.F.);
#2173=ORIENTED_EDGE('',*,*,#1602,.F.);
#2174=ORIENTED_EDGE('',*,*,#1537,.F.);
#2175=ORIENTED_EDGE('',*,*,#1602,.T.);
#2176=ORIENTED_EDGE('',*,*,#1603,.F.);
#2177=ORIENTED_EDGE('',*,*,#1604,.F.);
#2178=ORIENTED_EDGE('',*,*,#1538,.F.);
#2179=ORIENTED_EDGE('',*,*,#1604,.T.);
#2180=ORIENTED_EDGE('',*,*,#1605,.F.);
#2181=ORIENTED_EDGE('',*,*,#1606,.F.);
#2182=ORIENTED_EDGE('',*,*,#1539,.F.);
#2183=ORIENTED_EDGE('',*,*,#1606,.T.);
#2184=ORIENTED_EDGE('',*,*,#1607,.F.);
#2185=ORIENTED_EDGE('',*,*,#1608,.F.);
#2186=ORIENTED_EDGE('',*,*,#1540,.F.);
#2187=ORIENTED_EDGE('',*,*,#1608,.T.);
#2188=ORIENTED_EDGE('',*,*,#1609,.F.);
#2189=ORIENTED_EDGE('',*,*,#1610,.F.);
#2190=ORIENTED_EDGE('',*,*,#1541,.F.);
#2191=ORIENTED_EDGE('',*,*,#1610,.T.);
#2192=ORIENTED_EDGE('',*,*,#1611,.F.);
#2193=ORIENTED_EDGE('',*,*,#1612,.F.);
#2194=ORIENTED_EDGE('',*,*,#1542,.F.);
#2195=ORIENTED_EDGE('',*,*,#1612,.T.);
#2196=ORIENTED_EDGE('',*,*,#1613,.F.);
#2197=ORIENTED_EDGE('',*,*,#1614,.F.);
#2198=ORIENTED_EDGE('',*,*,#1543,.F.);
#2199=ORIENTED_EDGE('',*,*,#1614,.T.);
#2200=ORIENTED_EDGE('',*,*,#1615,.F.);
#2201=ORIENTED_EDGE('',*,*,#1616,.F.);
#2202=ORIENTED_EDGE('',*,*,#1544,.F.);
#2203=ORIENTED_EDGE('',*,*,#1616,.T.);
#2204=ORIENTED_EDGE('',*,*,#1617,.F.);
#2205=ORIENTED_EDGE('',*,*,#1618,.F.);
#2206=ORIENTED_EDGE('',*,*,#1545,.F.);
#2207=ORIENTED_EDGE('',*,*,#1618,.T.);
#2208=ORIENTED_EDGE('',*,*,#1619,.F.);
#2209=ORIENTED_EDGE('',*,*,#1620,.F.);
#2210=ORIENTED_EDGE('',*,*,#1546,.F.);
#2211=ORIENTED_EDGE('',*,*,#1620,.T.);
#2212=ORIENTED_EDGE('',*,*,#1621,.F.);
#2213=ORIENTED_EDGE('',*,*,#1622,.F.);
#2214=ORIENTED_EDGE('',*,*,#1547,.F.);
#2215=ORIENTED_EDGE('',*,*,#1622,.T.);
#2216=ORIENTED_EDGE('',*,*,#1623,.F.);
#2217=ORIENTED_EDGE('',*,*,#1624,.F.);
#2218=ORIENTED_EDGE('',*,*,#1548,.F.);
#2219=ORIENTED_EDGE('',*,*,#1624,.T.);
#2220=ORIENTED_EDGE('',*,*,#1625,.F.);
#2221=ORIENTED_EDGE('',*,*,#1626,.F.);
#2222=ORIENTED_EDGE('',*,*,#1549,.F.);
#2223=ORIENTED_EDGE('',*,*,#1626,.T.);
#2224=ORIENTED_EDGE('',*,*,#1627,.F.);
#2225=ORIENTED_EDGE('',*,*,#1628,.F.);
#2226=ORIENTED_EDGE('',*,*,#1550,.F.);
#2227=ORIENTED_EDGE('',*,*,#1628,.T.);
#2228=ORIENTED_EDGE('',*,*,#1629,.F.);
#2229=ORIENTED_EDGE('',*,*,#1630,.F.);
#2230=ORIENTED_EDGE('',*,*,#1551,.F.);
#2231=ORIENTED_EDGE('',*,*,#1630,.T.);
#2232=ORIENTED_EDGE('',*,*,#1631,.F.);
#2233=ORIENTED_EDGE('',*,*,#1632,.F.);
#2234=ORIENTED_EDGE('',*,*,#1552,.F.);
#2235=ORIENTED_EDGE('',*,*,#1632,.T.);
#2236=ORIENTED_EDGE('',*,*,#1633,.F.);
#2237=ORIENTED_EDGE('',*,*,#1634,.F.);
#2238=ORIENTED_EDGE('',*,*,#1553,.F.);
#2239=ORIENTED_EDGE('',*,*,#1634,.T.);
#2240=ORIENTED_EDGE('',*,*,#1635,.F.);
#2241=ORIENTED_EDGE('',*,*,#1556,.F.);
#2242=ORIENTED_EDGE('',*,*,#1485,.F.);
#2243=ORIENTED_EDGE('',*,*,#1489,.F.);
#2244=ORIENTED_EDGE('',*,*,#1492,.F.);
#2245=ORIENTED_EDGE('',*,*,#1499,.F.);
#2246=ORIENTED_EDGE('',*,*,#1635,.T.);
#2247=ORIENTED_EDGE('',*,*,#1633,.T.);
#2248=ORIENTED_EDGE('',*,*,#1631,.T.);
#2249=ORIENTED_EDGE('',*,*,#1629,.T.);
#2250=ORIENTED_EDGE('',*,*,#1627,.T.);
#2251=ORIENTED_EDGE('',*,*,#1625,.T.);
#2252=ORIENTED_EDGE('',*,*,#1623,.T.);
#2253=ORIENTED_EDGE('',*,*,#1621,.T.);
#2254=ORIENTED_EDGE('',*,*,#1619,.T.);
#2255=ORIENTED_EDGE('',*,*,#1617,.T.);
#2256=ORIENTED_EDGE('',*,*,#1615,.T.);
#2257=ORIENTED_EDGE('',*,*,#1613,.T.);
#2258=ORIENTED_EDGE('',*,*,#1611,.T.);
#2259=ORIENTED_EDGE('',*,*,#1609,.T.);
#2260=ORIENTED_EDGE('',*,*,#1607,.T.);
#2261=ORIENTED_EDGE('',*,*,#1605,.T.);
#2262=ORIENTED_EDGE('',*,*,#1603,.T.);
#2263=ORIENTED_EDGE('',*,*,#1601,.T.);
#2264=ORIENTED_EDGE('',*,*,#1599,.T.);
#2265=ORIENTED_EDGE('',*,*,#1597,.T.);
#2266=ORIENTED_EDGE('',*,*,#1595,.T.);
#2267=ORIENTED_EDGE('',*,*,#1593,.T.);
#2268=ORIENTED_EDGE('',*,*,#1591,.T.);
#2269=ORIENTED_EDGE('',*,*,#1589,.T.);
#2270=ORIENTED_EDGE('',*,*,#1587,.T.);
#2271=ORIENTED_EDGE('',*,*,#1585,.T.);
#2272=ORIENTED_EDGE('',*,*,#1583,.T.);
#2273=ORIENTED_EDGE('',*,*,#1581,.T.);
#2274=ORIENTED_EDGE('',*,*,#1579,.T.);
#2275=ORIENTED_EDGE('',*,*,#1577,.T.);
#2276=ORIENTED_EDGE('',*,*,#1575,.T.);
#2277=ORIENTED_EDGE('',*,*,#1573,.T.);
#2278=ORIENTED_EDGE('',*,*,#1571,.T.);
#2279=ORIENTED_EDGE('',*,*,#1569,.T.);
#2280=ORIENTED_EDGE('',*,*,#1567,.T.);
#2281=ORIENTED_EDGE('',*,*,#1565,.T.);
#2282=ORIENTED_EDGE('',*,*,#1563,.T.);
#2283=ORIENTED_EDGE('',*,*,#1561,.T.);
#2284=ORIENTED_EDGE('',*,*,#1559,.T.);
#2285=ORIENTED_EDGE('',*,*,#1557,.T.);
#2286=ORIENTED_EDGE('',*,*,#1636,.T.);
#2287=ORIENTED_EDGE('',*,*,#1637,.T.);
#2288=ORIENTED_EDGE('',*,*,#1638,.T.);
#2289=ORIENTED_EDGE('',*,*,#1639,.T.);
#2290=ORIENTED_EDGE('',*,*,#1638,.F.);
#2291=ORIENTED_EDGE('',*,*,#1640,.T.);
#2292=ORIENTED_EDGE('',*,*,#1641,.T.);
#2293=ORIENTED_EDGE('',*,*,#1642,.T.);
#2294=ORIENTED_EDGE('',*,*,#1643,.F.);
#2295=ORIENTED_EDGE('',*,*,#1644,.T.);
#2296=ORIENTED_EDGE('',*,*,#1645,.T.);
#2297=ORIENTED_EDGE('',*,*,#1646,.T.);
#2298=ORIENTED_EDGE('',*,*,#1647,.F.);
#2299=ORIENTED_EDGE('',*,*,#1648,.T.);
#2300=ORIENTED_EDGE('',*,*,#1649,.T.);
#2301=ORIENTED_EDGE('',*,*,#1650,.T.);
#2302=ORIENTED_EDGE('',*,*,#1651,.F.);
#2303=ORIENTED_EDGE('',*,*,#1652,.T.);
#2304=ORIENTED_EDGE('',*,*,#1653,.T.);
#2305=ORIENTED_EDGE('',*,*,#1654,.T.);
#2306=ORIENTED_EDGE('',*,*,#1655,.F.);
#2307=ORIENTED_EDGE('',*,*,#1654,.F.);
#2308=ORIENTED_EDGE('',*,*,#1656,.T.);
#2309=ORIENTED_EDGE('',*,*,#1657,.T.);
#2310=ORIENTED_EDGE('',*,*,#1658,.F.);
#2311=ORIENTED_EDGE('',*,*,#1659,.T.);
#2312=ORIENTED_EDGE('',*,*,#1660,.T.);
#2313=ORIENTED_EDGE('',*,*,#1661,.T.);
#2314=ORIENTED_EDGE('',*,*,#1662,.F.);
#2315=ORIENTED_EDGE('',*,*,#1663,.T.);
#2316=ORIENTED_EDGE('',*,*,#1664,.T.);
#2317=ORIENTED_EDGE('',*,*,#1665,.T.);
#2318=ORIENTED_EDGE('',*,*,#1666,.F.);
#2319=ORIENTED_EDGE('',*,*,#1667,.T.);
#2320=ORIENTED_EDGE('',*,*,#1668,.T.);
#2321=ORIENTED_EDGE('',*,*,#1669,.T.);
#2322=ORIENTED_EDGE('',*,*,#1670,.F.);
#2323=ORIENTED_EDGE('',*,*,#1671,.T.);
#2324=ORIENTED_EDGE('',*,*,#1672,.T.);
#2325=ORIENTED_EDGE('',*,*,#1673,.T.);
#2326=ORIENTED_EDGE('',*,*,#1674,.F.);
#2327=ORIENTED_EDGE('',*,*,#1675,.T.);
#2328=ORIENTED_EDGE('',*,*,#1676,.T.);
#2329=ORIENTED_EDGE('',*,*,#1677,.T.);
#2330=ORIENTED_EDGE('',*,*,#1678,.F.);
#2331=ORIENTED_EDGE('',*,*,#1679,.T.);
#2332=ORIENTED_EDGE('',*,*,#1680,.T.);
#2333=ORIENTED_EDGE('',*,*,#1681,.T.);
#2334=ORIENTED_EDGE('',*,*,#1637,.F.);
#2335=ORIENTED_EDGE('',*,*,#1682,.F.);
#2336=ORIENTED_EDGE('',*,*,#1683,.F.);
#2337=ORIENTED_EDGE('',*,*,#1684,.F.);
#2338=ORIENTED_EDGE('',*,*,#1642,.F.);
#2339=ORIENTED_EDGE('',*,*,#1685,.T.);
#2340=ORIENTED_EDGE('',*,*,#1685,.F.);
#2341=ORIENTED_EDGE('',*,*,#1641,.F.);
#2342=ORIENTED_EDGE('',*,*,#1686,.F.);
#2343=ORIENTED_EDGE('',*,*,#1686,.T.);
#2344=ORIENTED_EDGE('',*,*,#1640,.F.);
#2345=ORIENTED_EDGE('',*,*,#1643,.T.);
#2346=ORIENTED_EDGE('',*,*,#1684,.T.);
#2347=ORIENTED_EDGE('',*,*,#1687,.T.);
#2348=ORIENTED_EDGE('',*,*,#1688,.T.);
#2349=ORIENTED_EDGE('',*,*,#1689,.T.);
#2350=ORIENTED_EDGE('',*,*,#1690,.T.);
#2351=ORIENTED_EDGE('',*,*,#1647,.T.);
#2352=ORIENTED_EDGE('',*,*,#1691,.T.);
#2353=ORIENTED_EDGE('',*,*,#1690,.F.);
#2354=ORIENTED_EDGE('',*,*,#1692,.F.);
#2355=ORIENTED_EDGE('',*,*,#1693,.F.);
#2356=ORIENTED_EDGE('',*,*,#1694,.F.);
#2357=ORIENTED_EDGE('',*,*,#1650,.F.);
#2358=ORIENTED_EDGE('',*,*,#1695,.T.);
#2359=ORIENTED_EDGE('',*,*,#1695,.F.);
#2360=ORIENTED_EDGE('',*,*,#1649,.F.);
#2361=ORIENTED_EDGE('',*,*,#1696,.F.);
#2362=ORIENTED_EDGE('',*,*,#1696,.T.);
#2363=ORIENTED_EDGE('',*,*,#1648,.F.);
#2364=ORIENTED_EDGE('',*,*,#1651,.T.);
#2365=ORIENTED_EDGE('',*,*,#1694,.T.);
#2366=ORIENTED_EDGE('',*,*,#1697,.T.);
#2367=ORIENTED_EDGE('',*,*,#1698,.T.);
#2368=ORIENTED_EDGE('',*,*,#1699,.T.);
#2369=ORIENTED_EDGE('',*,*,#1700,.T.);
#2370=ORIENTED_EDGE('',*,*,#1658,.T.);
#2371=ORIENTED_EDGE('',*,*,#1701,.T.);
#2372=ORIENTED_EDGE('',*,*,#1700,.F.);
#2373=ORIENTED_EDGE('',*,*,#1702,.F.);
#2374=ORIENTED_EDGE('',*,*,#1703,.F.);
#2375=ORIENTED_EDGE('',*,*,#1704,.F.);
#2376=ORIENTED_EDGE('',*,*,#1661,.F.);
#2377=ORIENTED_EDGE('',*,*,#1705,.T.);
#2378=ORIENTED_EDGE('',*,*,#1705,.F.);
#2379=ORIENTED_EDGE('',*,*,#1660,.F.);
#2380=ORIENTED_EDGE('',*,*,#1706,.F.);
#2381=ORIENTED_EDGE('',*,*,#1706,.T.);
#2382=ORIENTED_EDGE('',*,*,#1659,.F.);
#2383=ORIENTED_EDGE('',*,*,#1662,.T.);
#2384=ORIENTED_EDGE('',*,*,#1704,.T.);
#2385=ORIENTED_EDGE('',*,*,#1707,.T.);
#2386=ORIENTED_EDGE('',*,*,#1708,.T.);
#2387=ORIENTED_EDGE('',*,*,#1709,.T.);
#2388=ORIENTED_EDGE('',*,*,#1710,.T.);
#2389=ORIENTED_EDGE('',*,*,#1666,.T.);
#2390=ORIENTED_EDGE('',*,*,#1711,.T.);
#2391=ORIENTED_EDGE('',*,*,#1711,.F.);
#2392=ORIENTED_EDGE('',*,*,#1665,.F.);
#2393=ORIENTED_EDGE('',*,*,#1712,.F.);
#2394=ORIENTED_EDGE('',*,*,#1713,.F.);
#2395=ORIENTED_EDGE('',*,*,#1670,.T.);
#2396=ORIENTED_EDGE('',*,*,#1714,.T.);
#2397=ORIENTED_EDGE('',*,*,#1715,.T.);
#2398=ORIENTED_EDGE('',*,*,#1716,.T.);
#2399=ORIENTED_EDGE('',*,*,#1716,.F.);
#2400=ORIENTED_EDGE('',*,*,#1717,.F.);
#2401=ORIENTED_EDGE('',*,*,#1718,.F.);
#2402=ORIENTED_EDGE('',*,*,#1671,.F.);
#2403=ORIENTED_EDGE('',*,*,#1688,.F.);
#2404=ORIENTED_EDGE('',*,*,#1719,.F.);
#2405=ORIENTED_EDGE('',*,*,#1720,.F.);
#2406=ORIENTED_EDGE('',*,*,#1644,.F.);
#2407=ORIENTED_EDGE('',*,*,#1639,.F.);
#2408=ORIENTED_EDGE('',*,*,#1681,.F.);
#2409=ORIENTED_EDGE('',*,*,#1721,.F.);
#2410=ORIENTED_EDGE('',*,*,#1722,.F.);
#2411=ORIENTED_EDGE('',*,*,#1698,.F.);
#2412=ORIENTED_EDGE('',*,*,#1723,.F.);
#2413=ORIENTED_EDGE('',*,*,#1724,.F.);
#2414=ORIENTED_EDGE('',*,*,#1652,.F.);
#2415=ORIENTED_EDGE('',*,*,#1691,.F.);
#2416=ORIENTED_EDGE('',*,*,#1646,.F.);
#2417=ORIENTED_EDGE('',*,*,#1725,.F.);
#2418=ORIENTED_EDGE('',*,*,#1726,.F.);
#2419=ORIENTED_EDGE('',*,*,#1701,.F.);
#2420=ORIENTED_EDGE('',*,*,#1657,.F.);
#2421=ORIENTED_EDGE('',*,*,#1727,.F.);
#2422=ORIENTED_EDGE('',*,*,#1728,.F.);
#2423=ORIENTED_EDGE('',*,*,#1708,.F.);
#2424=ORIENTED_EDGE('',*,*,#1729,.F.);
#2425=ORIENTED_EDGE('',*,*,#1730,.F.);
#2426=ORIENTED_EDGE('',*,*,#1663,.F.);
#2427=ORIENTED_EDGE('',*,*,#1718,.T.);
#2428=ORIENTED_EDGE('',*,*,#1731,.T.);
#2429=ORIENTED_EDGE('',*,*,#1732,.T.);
#2430=ORIENTED_EDGE('',*,*,#1672,.F.);
#2431=ORIENTED_EDGE('',*,*,#1730,.T.);
#2432=ORIENTED_EDGE('',*,*,#1733,.T.);
#2433=ORIENTED_EDGE('',*,*,#1712,.T.);
#2434=ORIENTED_EDGE('',*,*,#1664,.F.);
#2435=ORIENTED_EDGE('',*,*,#1724,.T.);
#2436=ORIENTED_EDGE('',*,*,#1734,.T.);
#2437=ORIENTED_EDGE('',*,*,#1735,.T.);
#2438=ORIENTED_EDGE('',*,*,#1727,.T.);
#2439=ORIENTED_EDGE('',*,*,#1656,.F.);
#2440=ORIENTED_EDGE('',*,*,#1653,.F.);
#2441=ORIENTED_EDGE('',*,*,#1721,.T.);
#2442=ORIENTED_EDGE('',*,*,#1680,.F.);
#2443=ORIENTED_EDGE('',*,*,#1736,.T.);
#2444=ORIENTED_EDGE('',*,*,#1737,.T.);
#2445=ORIENTED_EDGE('',*,*,#1720,.T.);
#2446=ORIENTED_EDGE('',*,*,#1738,.T.);
#2447=ORIENTED_EDGE('',*,*,#1725,.T.);
#2448=ORIENTED_EDGE('',*,*,#1645,.F.);
#2449=ORIENTED_EDGE('',*,*,#1636,.F.);
#2450=ORIENTED_EDGE('',*,*,#1722,.T.);
#2451=ORIENTED_EDGE('',*,*,#1737,.F.);
#2452=ORIENTED_EDGE('',*,*,#1739,.T.);
#2453=ORIENTED_EDGE('',*,*,#1740,.F.);
#2454=ORIENTED_EDGE('',*,*,#1741,.T.);
#2455=ORIENTED_EDGE('',*,*,#1742,.T.);
#2456=ORIENTED_EDGE('',*,*,#1743,.F.);
#2457=ORIENTED_EDGE('',*,*,#1744,.T.);
#2458=ORIENTED_EDGE('',*,*,#1731,.F.);
#2459=ORIENTED_EDGE('',*,*,#1717,.T.);
#2460=ORIENTED_EDGE('',*,*,#1715,.F.);
#2461=ORIENTED_EDGE('',*,*,#1745,.T.);
#2462=ORIENTED_EDGE('',*,*,#1746,.T.);
#2463=ORIENTED_EDGE('',*,*,#1709,.F.);
#2464=ORIENTED_EDGE('',*,*,#1713,.T.);
#2465=ORIENTED_EDGE('',*,*,#1733,.F.);
#2466=ORIENTED_EDGE('',*,*,#1729,.T.);
#2467=ORIENTED_EDGE('',*,*,#1707,.F.);
#2468=ORIENTED_EDGE('',*,*,#1703,.T.);
#2469=ORIENTED_EDGE('',*,*,#1702,.T.);
#2470=ORIENTED_EDGE('',*,*,#1699,.F.);
#2471=ORIENTED_EDGE('',*,*,#1728,.T.);
#2472=ORIENTED_EDGE('',*,*,#1735,.F.);
#2473=ORIENTED_EDGE('',*,*,#1747,.T.);
#2474=ORIENTED_EDGE('',*,*,#1748,.T.);
#2475=ORIENTED_EDGE('',*,*,#1747,.F.);
#2476=ORIENTED_EDGE('',*,*,#1734,.F.);
#2477=ORIENTED_EDGE('',*,*,#1723,.T.);
#2478=ORIENTED_EDGE('',*,*,#1697,.F.);
#2479=ORIENTED_EDGE('',*,*,#1693,.T.);
#2480=ORIENTED_EDGE('',*,*,#1692,.T.);
#2481=ORIENTED_EDGE('',*,*,#1689,.F.);
#2482=ORIENTED_EDGE('',*,*,#1726,.T.);
#2483=ORIENTED_EDGE('',*,*,#1738,.F.);
#2484=ORIENTED_EDGE('',*,*,#1719,.T.);
#2485=ORIENTED_EDGE('',*,*,#1687,.F.);
#2486=ORIENTED_EDGE('',*,*,#1683,.T.);
#2487=ORIENTED_EDGE('',*,*,#1682,.T.);
#2488=ORIENTED_EDGE('',*,*,#1710,.F.);
#2489=ORIENTED_EDGE('',*,*,#1746,.F.);
#2490=ORIENTED_EDGE('',*,*,#1745,.F.);
#2491=ORIENTED_EDGE('',*,*,#1714,.F.);
#2492=ORIENTED_EDGE('',*,*,#1669,.F.);
#2493=ORIENTED_EDGE('',*,*,#1749,.T.);
#2494=ORIENTED_EDGE('',*,*,#1749,.F.);
#2495=ORIENTED_EDGE('',*,*,#1668,.F.);
#2496=ORIENTED_EDGE('',*,*,#1750,.F.);
#2497=ORIENTED_EDGE('',*,*,#1750,.T.);
#2498=ORIENTED_EDGE('',*,*,#1667,.F.);
#2499=ORIENTED_EDGE('',*,*,#1743,.T.);
#2500=ORIENTED_EDGE('',*,*,#1751,.T.);
#2501=ORIENTED_EDGE('',*,*,#1674,.T.);
#2502=ORIENTED_EDGE('',*,*,#1752,.T.);
#2503=ORIENTED_EDGE('',*,*,#1752,.F.);
#2504=ORIENTED_EDGE('',*,*,#1673,.F.);
#2505=ORIENTED_EDGE('',*,*,#1732,.F.);
#2506=ORIENTED_EDGE('',*,*,#1744,.F.);
#2507=ORIENTED_EDGE('',*,*,#1678,.T.);
#2508=ORIENTED_EDGE('',*,*,#1753,.T.);
#2509=ORIENTED_EDGE('',*,*,#1740,.T.);
#2510=ORIENTED_EDGE('',*,*,#1754,.T.);
#2511=ORIENTED_EDGE('',*,*,#1754,.F.);
#2512=ORIENTED_EDGE('',*,*,#1739,.F.);
#2513=ORIENTED_EDGE('',*,*,#1736,.F.);
#2514=ORIENTED_EDGE('',*,*,#1679,.F.);
#2515=ORIENTED_EDGE('',*,*,#1751,.F.);
#2516=ORIENTED_EDGE('',*,*,#1742,.F.);
#2517=ORIENTED_EDGE('',*,*,#1741,.F.);
#2518=ORIENTED_EDGE('',*,*,#1753,.F.);
#2519=ORIENTED_EDGE('',*,*,#1677,.F.);
#2520=ORIENTED_EDGE('',*,*,#1755,.T.);
#2521=ORIENTED_EDGE('',*,*,#1755,.F.);
#2522=ORIENTED_EDGE('',*,*,#1676,.F.);
#2523=ORIENTED_EDGE('',*,*,#1756,.F.);
#2524=ORIENTED_EDGE('',*,*,#1756,.T.);
#2525=ORIENTED_EDGE('',*,*,#1675,.F.);
#2526=ORIENTED_EDGE('',*,*,#1748,.F.);
#2527=ORIENTED_EDGE('',*,*,#1655,.T.);
#2528=ORIENTED_EDGE('',*,*,#1757,.T.);
#2529=ORIENTED_EDGE('',*,*,#1758,.T.);
#2530=ORIENTED_EDGE('',*,*,#1759,.T.);
#2531=ORIENTED_EDGE('',*,*,#1760,.T.);
#2532=ORIENTED_EDGE('',*,*,#1761,.T.);
#2533=ORIENTED_EDGE('',*,*,#1761,.F.);
#2534=ORIENTED_EDGE('',*,*,#1762,.F.);
#2535=ORIENTED_EDGE('',*,*,#1763,.F.);
#2536=ORIENTED_EDGE('',*,*,#1760,.F.);
#2537=ORIENTED_EDGE('',*,*,#1764,.F.);
#2538=ORIENTED_EDGE('',*,*,#1765,.F.);
#2539=ORIENTED_EDGE('',*,*,#1766,.T.);
#2540=ORIENTED_EDGE('',*,*,#1767,.T.);
#2541=ORIENTED_EDGE('',*,*,#1762,.T.);
#2542=ORIENTED_EDGE('',*,*,#1759,.F.);
#2543=ORIENTED_EDGE('',*,*,#1768,.T.);
#2544=ORIENTED_EDGE('',*,*,#1769,.T.);
#2545=ORIENTED_EDGE('',*,*,#1770,.F.);
#2546=ORIENTED_EDGE('',*,*,#1771,.T.);
#2547=ORIENTED_EDGE('',*,*,#1772,.F.);
#2548=ORIENTED_EDGE('',*,*,#1773,.T.);
#2549=ORIENTED_EDGE('',*,*,#1774,.T.);
#2550=ORIENTED_EDGE('',*,*,#1775,.F.);
#2551=ORIENTED_EDGE('',*,*,#1776,.T.);
#2552=ORIENTED_EDGE('',*,*,#1777,.F.);
#2553=ORIENTED_EDGE('',*,*,#1778,.T.);
#2554=ORIENTED_EDGE('',*,*,#1779,.T.);
#2555=ORIENTED_EDGE('',*,*,#1780,.F.);
#2556=ORIENTED_EDGE('',*,*,#1781,.T.);
#2557=ORIENTED_EDGE('',*,*,#1782,.F.);
#2558=ORIENTED_EDGE('',*,*,#1783,.T.);
#2559=ORIENTED_EDGE('',*,*,#1784,.T.);
#2560=ORIENTED_EDGE('',*,*,#1785,.F.);
#2561=ORIENTED_EDGE('',*,*,#1786,.T.);
#2562=ORIENTED_EDGE('',*,*,#1787,.F.);
#2563=ORIENTED_EDGE('',*,*,#1788,.T.);
#2564=ORIENTED_EDGE('',*,*,#1789,.T.);
#2565=ORIENTED_EDGE('',*,*,#1790,.T.);
#2566=ORIENTED_EDGE('',*,*,#1791,.F.);
#2567=ORIENTED_EDGE('',*,*,#1790,.F.);
#2568=ORIENTED_EDGE('',*,*,#1792,.T.);
#2569=ORIENTED_EDGE('',*,*,#1793,.F.);
#2570=ORIENTED_EDGE('',*,*,#1794,.T.);
#2571=ORIENTED_EDGE('',*,*,#1795,.F.);
#2572=ORIENTED_EDGE('',*,*,#1796,.T.);
#2573=ORIENTED_EDGE('',*,*,#1797,.T.);
#2574=ORIENTED_EDGE('',*,*,#1798,.F.);
#2575=ORIENTED_EDGE('',*,*,#1764,.T.);
#2576=ORIENTED_EDGE('',*,*,#1770,.T.);
#2577=ORIENTED_EDGE('',*,*,#1799,.T.);
#2578=ORIENTED_EDGE('',*,*,#1800,.T.);
#2579=ORIENTED_EDGE('',*,*,#1801,.T.);
#2580=ORIENTED_EDGE('',*,*,#1802,.T.);
#2581=ORIENTED_EDGE('',*,*,#1802,.F.);
#2582=ORIENTED_EDGE('',*,*,#1803,.T.);
#2583=ORIENTED_EDGE('',*,*,#1804,.T.);
#2584=ORIENTED_EDGE('',*,*,#1805,.T.);
#2585=ORIENTED_EDGE('',*,*,#1806,.F.);
#2586=ORIENTED_EDGE('',*,*,#1771,.F.);
#2587=ORIENTED_EDGE('',*,*,#1801,.F.);
#2588=ORIENTED_EDGE('',*,*,#1807,.F.);
#2589=ORIENTED_EDGE('',*,*,#1803,.F.);
#2590=ORIENTED_EDGE('',*,*,#1757,.F.);
#2591=ORIENTED_EDGE('',*,*,#1763,.T.);
#2592=ORIENTED_EDGE('',*,*,#1767,.F.);
#2593=ORIENTED_EDGE('',*,*,#1808,.T.);
#2594=ORIENTED_EDGE('',*,*,#1809,.F.);
#2595=ORIENTED_EDGE('',*,*,#1810,.T.);
#2596=ORIENTED_EDGE('',*,*,#1811,.F.);
#2597=ORIENTED_EDGE('',*,*,#1812,.T.);
#2598=ORIENTED_EDGE('',*,*,#1813,.F.);
#2599=ORIENTED_EDGE('',*,*,#1814,.T.);
#2600=ORIENTED_EDGE('',*,*,#1815,.F.);
#2601=ORIENTED_EDGE('',*,*,#1816,.T.);
#2602=ORIENTED_EDGE('',*,*,#1817,.T.);
#2603=ORIENTED_EDGE('',*,*,#1818,.T.);
#2604=ORIENTED_EDGE('',*,*,#1817,.F.);
#2605=ORIENTED_EDGE('',*,*,#1819,.T.);
#2606=ORIENTED_EDGE('',*,*,#1820,.F.);
#2607=ORIENTED_EDGE('',*,*,#1821,.T.);
#2608=ORIENTED_EDGE('',*,*,#1822,.F.);
#2609=ORIENTED_EDGE('',*,*,#1823,.T.);
#2610=ORIENTED_EDGE('',*,*,#1824,.F.);
#2611=ORIENTED_EDGE('',*,*,#1825,.T.);
#2612=ORIENTED_EDGE('',*,*,#1826,.F.);
#2613=ORIENTED_EDGE('',*,*,#1827,.T.);
#2614=ORIENTED_EDGE('',*,*,#1828,.F.);
#2615=ORIENTED_EDGE('',*,*,#1829,.T.);
#2616=ORIENTED_EDGE('',*,*,#1830,.F.);
#2617=ORIENTED_EDGE('',*,*,#1831,.T.);
#2618=ORIENTED_EDGE('',*,*,#1832,.F.);
#2619=ORIENTED_EDGE('',*,*,#1833,.T.);
#2620=ORIENTED_EDGE('',*,*,#1834,.F.);
#2621=ORIENTED_EDGE('',*,*,#1835,.T.);
#2622=ORIENTED_EDGE('',*,*,#1836,.F.);
#2623=ORIENTED_EDGE('',*,*,#1837,.T.);
#2624=ORIENTED_EDGE('',*,*,#1838,.F.);
#2625=ORIENTED_EDGE('',*,*,#1839,.T.);
#2626=ORIENTED_EDGE('',*,*,#1804,.F.);
#2627=ORIENTED_EDGE('',*,*,#1807,.T.);
#2628=ORIENTED_EDGE('',*,*,#1800,.F.);
#2629=ORIENTED_EDGE('',*,*,#1840,.T.);
#2630=ORIENTED_EDGE('',*,*,#1811,.T.);
#2631=ORIENTED_EDGE('',*,*,#1841,.T.);
#2632=ORIENTED_EDGE('',*,*,#1795,.T.);
#2633=ORIENTED_EDGE('',*,*,#1842,.T.);
#2634=ORIENTED_EDGE('',*,*,#1843,.T.);
#2635=ORIENTED_EDGE('',*,*,#1843,.F.);
#2636=ORIENTED_EDGE('',*,*,#1844,.F.);
#2637=ORIENTED_EDGE('',*,*,#1812,.F.);
#2638=ORIENTED_EDGE('',*,*,#1842,.F.);
#2639=ORIENTED_EDGE('',*,*,#1794,.F.);
#2640=ORIENTED_EDGE('',*,*,#1845,.F.);
#2641=ORIENTED_EDGE('',*,*,#1846,.T.);
#2642=ORIENTED_EDGE('',*,*,#1813,.T.);
#2643=ORIENTED_EDGE('',*,*,#1844,.T.);
#2644=ORIENTED_EDGE('',*,*,#1798,.T.);
#2645=ORIENTED_EDGE('',*,*,#1847,.T.);
#2646=ORIENTED_EDGE('',*,*,#1809,.T.);
#2647=ORIENTED_EDGE('',*,*,#1848,.T.);
#2648=ORIENTED_EDGE('',*,*,#1765,.T.);
#2649=ORIENTED_EDGE('',*,*,#1848,.F.);
#2650=ORIENTED_EDGE('',*,*,#1808,.F.);
#2651=ORIENTED_EDGE('',*,*,#1766,.F.);
#2652=ORIENTED_EDGE('',*,*,#1820,.T.);
#2653=ORIENTED_EDGE('',*,*,#1849,.T.);
#2654=ORIENTED_EDGE('',*,*,#1787,.T.);
#2655=ORIENTED_EDGE('',*,*,#1850,.T.);
#2656=ORIENTED_EDGE('',*,*,#1851,.T.);
#2657=ORIENTED_EDGE('',*,*,#1851,.F.);
#2658=ORIENTED_EDGE('',*,*,#1852,.F.);
#2659=ORIENTED_EDGE('',*,*,#1821,.F.);
#2660=ORIENTED_EDGE('',*,*,#1850,.F.);
#2661=ORIENTED_EDGE('',*,*,#1786,.F.);
#2662=ORIENTED_EDGE('',*,*,#1853,.F.);
#2663=ORIENTED_EDGE('',*,*,#1854,.T.);
#2664=ORIENTED_EDGE('',*,*,#1822,.T.);
#2665=ORIENTED_EDGE('',*,*,#1852,.T.);
#2666=ORIENTED_EDGE('',*,*,#1793,.T.);
#2667=ORIENTED_EDGE('',*,*,#1855,.T.);
#2668=ORIENTED_EDGE('',*,*,#1815,.T.);
#2669=ORIENTED_EDGE('',*,*,#1856,.T.);
#2670=ORIENTED_EDGE('',*,*,#1845,.T.);
#2671=ORIENTED_EDGE('',*,*,#1856,.F.);
#2672=ORIENTED_EDGE('',*,*,#1814,.F.);
#2673=ORIENTED_EDGE('',*,*,#1846,.F.);
#2674=ORIENTED_EDGE('',*,*,#1826,.T.);
#2675=ORIENTED_EDGE('',*,*,#1857,.T.);
#2676=ORIENTED_EDGE('',*,*,#1782,.T.);
#2677=ORIENTED_EDGE('',*,*,#1858,.T.);
#2678=ORIENTED_EDGE('',*,*,#1859,.T.);
#2679=ORIENTED_EDGE('',*,*,#1859,.F.);
#2680=ORIENTED_EDGE('',*,*,#1860,.F.);
#2681=ORIENTED_EDGE('',*,*,#1827,.F.);
#2682=ORIENTED_EDGE('',*,*,#1858,.F.);
#2683=ORIENTED_EDGE('',*,*,#1781,.F.);
#2684=ORIENTED_EDGE('',*,*,#1861,.F.);
#2685=ORIENTED_EDGE('',*,*,#1862,.T.);
#2686=ORIENTED_EDGE('',*,*,#1828,.T.);
#2687=ORIENTED_EDGE('',*,*,#1860,.T.);
#2688=ORIENTED_EDGE('',*,*,#1785,.T.);
#2689=ORIENTED_EDGE('',*,*,#1863,.T.);
#2690=ORIENTED_EDGE('',*,*,#1824,.T.);
#2691=ORIENTED_EDGE('',*,*,#1864,.T.);
#2692=ORIENTED_EDGE('',*,*,#1853,.T.);
#2693=ORIENTED_EDGE('',*,*,#1864,.F.);
#2694=ORIENTED_EDGE('',*,*,#1823,.F.);
#2695=ORIENTED_EDGE('',*,*,#1854,.F.);
#2696=ORIENTED_EDGE('',*,*,#1832,.T.);
#2697=ORIENTED_EDGE('',*,*,#1865,.T.);
#2698=ORIENTED_EDGE('',*,*,#1777,.T.);
#2699=ORIENTED_EDGE('',*,*,#1866,.T.);
#2700=ORIENTED_EDGE('',*,*,#1867,.T.);
#2701=ORIENTED_EDGE('',*,*,#1865,.F.);
#2702=ORIENTED_EDGE('',*,*,#1831,.F.);
#2703=ORIENTED_EDGE('',*,*,#1868,.F.);
#2704=ORIENTED_EDGE('',*,*,#1779,.F.);
#2705=ORIENTED_EDGE('',*,*,#1778,.F.);
#2706=ORIENTED_EDGE('',*,*,#1780,.T.);
#2707=ORIENTED_EDGE('',*,*,#1868,.T.);
#2708=ORIENTED_EDGE('',*,*,#1830,.T.);
#2709=ORIENTED_EDGE('',*,*,#1869,.T.);
#2710=ORIENTED_EDGE('',*,*,#1861,.T.);
#2711=ORIENTED_EDGE('',*,*,#1867,.F.);
#2712=ORIENTED_EDGE('',*,*,#1870,.F.);
#2713=ORIENTED_EDGE('',*,*,#1833,.F.);
#2714=ORIENTED_EDGE('',*,*,#1869,.F.);
#2715=ORIENTED_EDGE('',*,*,#1829,.F.);
#2716=ORIENTED_EDGE('',*,*,#1862,.F.);
#2717=ORIENTED_EDGE('',*,*,#1866,.F.);
#2718=ORIENTED_EDGE('',*,*,#1776,.F.);
#2719=ORIENTED_EDGE('',*,*,#1871,.F.);
#2720=ORIENTED_EDGE('',*,*,#1872,.T.);
#2721=ORIENTED_EDGE('',*,*,#1834,.T.);
#2722=ORIENTED_EDGE('',*,*,#1870,.T.);
#2723=ORIENTED_EDGE('',*,*,#1758,.F.);
#2724=ORIENTED_EDGE('',*,*,#1840,.F.);
#2725=ORIENTED_EDGE('',*,*,#1799,.F.);
#2726=ORIENTED_EDGE('',*,*,#1769,.F.);
#2727=ORIENTED_EDGE('',*,*,#1768,.F.);
#2728=ORIENTED_EDGE('',*,*,#1841,.F.);
#2729=ORIENTED_EDGE('',*,*,#1810,.F.);
#2730=ORIENTED_EDGE('',*,*,#1847,.F.);
#2731=ORIENTED_EDGE('',*,*,#1797,.F.);
#2732=ORIENTED_EDGE('',*,*,#1796,.F.);
#2733=ORIENTED_EDGE('',*,*,#1849,.F.);
#2734=ORIENTED_EDGE('',*,*,#1819,.F.);
#2735=ORIENTED_EDGE('',*,*,#1816,.F.);
#2736=ORIENTED_EDGE('',*,*,#1855,.F.);
#2737=ORIENTED_EDGE('',*,*,#1792,.F.);
#2738=ORIENTED_EDGE('',*,*,#1789,.F.);
#2739=ORIENTED_EDGE('',*,*,#1788,.F.);
#2740=ORIENTED_EDGE('',*,*,#1857,.F.);
#2741=ORIENTED_EDGE('',*,*,#1825,.F.);
#2742=ORIENTED_EDGE('',*,*,#1863,.F.);
#2743=ORIENTED_EDGE('',*,*,#1784,.F.);
#2744=ORIENTED_EDGE('',*,*,#1783,.F.);
#2745=ORIENTED_EDGE('',*,*,#1838,.T.);
#2746=ORIENTED_EDGE('',*,*,#1873,.T.);
#2747=ORIENTED_EDGE('',*,*,#1772,.T.);
#2748=ORIENTED_EDGE('',*,*,#1806,.T.);
#2749=ORIENTED_EDGE('',*,*,#1874,.T.);
#2750=ORIENTED_EDGE('',*,*,#1873,.F.);
#2751=ORIENTED_EDGE('',*,*,#1837,.F.);
#2752=ORIENTED_EDGE('',*,*,#1875,.F.);
#2753=ORIENTED_EDGE('',*,*,#1774,.F.);
#2754=ORIENTED_EDGE('',*,*,#1773,.F.);
#2755=ORIENTED_EDGE('',*,*,#1775,.T.);
#2756=ORIENTED_EDGE('',*,*,#1875,.T.);
#2757=ORIENTED_EDGE('',*,*,#1836,.T.);
#2758=ORIENTED_EDGE('',*,*,#1876,.T.);
#2759=ORIENTED_EDGE('',*,*,#1871,.T.);
#2760=ORIENTED_EDGE('',*,*,#1876,.F.);
#2761=ORIENTED_EDGE('',*,*,#1835,.F.);
#2762=ORIENTED_EDGE('',*,*,#1872,.F.);
#2763=ORIENTED_EDGE('',*,*,#1874,.F.);
#2764=ORIENTED_EDGE('',*,*,#1805,.F.);
#2765=ORIENTED_EDGE('',*,*,#1839,.F.);
#2766=ORIENTED_EDGE('',*,*,#1818,.F.);
#2767=ORIENTED_EDGE('',*,*,#1791,.T.);
#2768=ORIENTED_EDGE('',*,*,#1877,.T.);
#2769=ORIENTED_EDGE('',*,*,#1878,.T.);
#2770=ORIENTED_EDGE('',*,*,#1879,.F.);
#2771=ORIENTED_EDGE('',*,*,#1878,.F.);
#2772=ORIENTED_EDGE('',*,*,#1880,.F.);
#2773=ORIENTED_EDGE('',*,*,#1881,.T.);
#2774=ORIENTED_EDGE('',*,*,#1882,.T.);
#2775=ORIENTED_EDGE('',*,*,#1881,.F.);
#2776=ORIENTED_EDGE('',*,*,#1882,.F.);
#2777=ORIENTED_EDGE('',*,*,#1877,.F.);
#2778=ORIENTED_EDGE('',*,*,#1883,.T.);
#2779=ORIENTED_EDGE('',*,*,#1884,.F.);
#2780=ORIENTED_EDGE('',*,*,#1885,.T.);
#2781=ORIENTED_EDGE('',*,*,#1886,.T.);
#2782=ORIENTED_EDGE('',*,*,#1887,.T.);
#2783=ORIENTED_EDGE('',*,*,#1880,.T.);
#2784=ORIENTED_EDGE('',*,*,#1888,.T.);
#2785=ORIENTED_EDGE('',*,*,#1889,.F.);
#2786=ORIENTED_EDGE('',*,*,#1890,.T.);
#2787=ORIENTED_EDGE('',*,*,#1891,.T.);
#2788=ORIENTED_EDGE('',*,*,#1879,.T.);
#2789=ORIENTED_EDGE('',*,*,#1892,.T.);
#2790=ORIENTED_EDGE('',*,*,#1891,.F.);
#2791=ORIENTED_EDGE('',*,*,#1893,.F.);
#2792=ORIENTED_EDGE('',*,*,#1894,.F.);
#2793=ORIENTED_EDGE('',*,*,#1895,.F.);
#2794=ORIENTED_EDGE('',*,*,#1895,.T.);
#2795=ORIENTED_EDGE('',*,*,#1896,.T.);
#2796=ORIENTED_EDGE('',*,*,#1897,.F.);
#2797=ORIENTED_EDGE('',*,*,#1888,.F.);
#2798=ORIENTED_EDGE('',*,*,#1894,.T.);
#2799=ORIENTED_EDGE('',*,*,#1898,.F.);
#2800=ORIENTED_EDGE('',*,*,#1899,.F.);
#2801=ORIENTED_EDGE('',*,*,#1900,.T.);
#2802=ORIENTED_EDGE('',*,*,#1901,.T.);
#2803=ORIENTED_EDGE('',*,*,#1902,.T.);
#2804=ORIENTED_EDGE('',*,*,#1903,.F.);
#2805=ORIENTED_EDGE('',*,*,#1896,.F.);
#2806=ORIENTED_EDGE('',*,*,#1884,.T.);
#2807=ORIENTED_EDGE('',*,*,#1904,.T.);
#2808=ORIENTED_EDGE('',*,*,#1902,.F.);
#2809=ORIENTED_EDGE('',*,*,#1905,.F.);
#2810=ORIENTED_EDGE('',*,*,#1885,.F.);
#2811=ORIENTED_EDGE('',*,*,#1905,.T.);
#2812=ORIENTED_EDGE('',*,*,#1901,.F.);
#2813=ORIENTED_EDGE('',*,*,#1906,.F.);
#2814=ORIENTED_EDGE('',*,*,#1886,.F.);
#2815=ORIENTED_EDGE('',*,*,#1906,.T.);
#2816=ORIENTED_EDGE('',*,*,#1900,.F.);
#2817=ORIENTED_EDGE('',*,*,#1907,.F.);
#2818=ORIENTED_EDGE('',*,*,#1907,.T.);
#2819=ORIENTED_EDGE('',*,*,#1899,.T.);
#2820=ORIENTED_EDGE('',*,*,#1908,.T.);
#2821=ORIENTED_EDGE('',*,*,#1889,.T.);
#2822=ORIENTED_EDGE('',*,*,#1897,.T.);
#2823=ORIENTED_EDGE('',*,*,#1903,.T.);
#2824=ORIENTED_EDGE('',*,*,#1904,.F.);
#2825=ORIENTED_EDGE('',*,*,#1883,.F.);
#2826=ORIENTED_EDGE('',*,*,#1893,.T.);
#2827=ORIENTED_EDGE('',*,*,#1890,.F.);
#2828=ORIENTED_EDGE('',*,*,#1908,.F.);
#2829=ORIENTED_EDGE('',*,*,#1898,.T.);
#2830=ORIENTED_EDGE('',*,*,#1887,.F.);
#2831=ORIENTED_EDGE('',*,*,#1909,.T.);
#2832=ORIENTED_EDGE('',*,*,#1910,.T.);
#2833=ORIENTED_EDGE('',*,*,#1909,.F.);
#2834=ORIENTED_EDGE('',*,*,#1911,.T.);
#2835=ORIENTED_EDGE('',*,*,#1912,.F.);
#2836=ORIENTED_EDGE('',*,*,#1911,.F.);
#2837=ORIENTED_EDGE('',*,*,#1913,.T.);
#2838=ORIENTED_EDGE('',*,*,#1892,.F.);
#2839=ORIENTED_EDGE('',*,*,#1913,.F.);
#2840=ORIENTED_EDGE('',*,*,#1910,.F.);
#2841=ORIENTED_EDGE('',*,*,#1914,.T.);
#2842=ORIENTED_EDGE('',*,*,#1914,.F.);
#2843=ORIENTED_EDGE('',*,*,#1915,.T.);
#2844=ORIENTED_EDGE('',*,*,#1912,.T.);
#2845=ORIENTED_EDGE('',*,*,#1915,.F.);
#2846=ORIENTED_EDGE('',*,*,#1916,.F.);
#2847=ORIENTED_EDGE('',*,*,#1917,.T.);
#2848=ORIENTED_EDGE('',*,*,#1918,.F.);
#2849=ORIENTED_EDGE('',*,*,#1917,.F.);
#2850=ORIENTED_EDGE('',*,*,#1918,.T.);
#2851=ORIENTED_EDGE('',*,*,#1916,.T.);
#2852=ORIENTED_EDGE('',*,*,#1919,.F.);
#2853=ORIENTED_EDGE('',*,*,#1920,.T.);
#2854=ORIENTED_EDGE('',*,*,#1921,.F.);
#2855=ORIENTED_EDGE('',*,*,#1920,.F.);
#2856=ORIENTED_EDGE('',*,*,#1921,.T.);
#2857=ORIENTED_EDGE('',*,*,#1919,.T.);
#2858=ORIENTED_EDGE('',*,*,#1922,.F.);
#2859=ORIENTED_EDGE('',*,*,#1923,.T.);
#2860=ORIENTED_EDGE('',*,*,#1924,.F.);
#2861=ORIENTED_EDGE('',*,*,#1923,.F.);
#2862=ORIENTED_EDGE('',*,*,#1924,.T.);
#2863=ORIENTED_EDGE('',*,*,#1922,.T.);
#2864=ORIENTED_EDGE('',*,*,#1925,.F.);
#2865=ORIENTED_EDGE('',*,*,#1926,.T.);
#2866=ORIENTED_EDGE('',*,*,#1927,.F.);
#2867=ORIENTED_EDGE('',*,*,#1926,.F.);
#2868=ORIENTED_EDGE('',*,*,#1927,.T.);
#2869=ORIENTED_EDGE('',*,*,#1925,.T.);
#2870=CYLINDRICAL_SURFACE('',#3138,0.999999999999996);
#2871=CYLINDRICAL_SURFACE('',#3147,3.61766642965063);
#2872=CYLINDRICAL_SURFACE('',#3156,3.61766610493921);
#2873=CYLINDRICAL_SURFACE('',#3167,90.);
#2874=CYLINDRICAL_SURFACE('',#3169,57.7136705535787);
#2875=CYLINDRICAL_SURFACE('',#3172,7.9999999990566);
#2876=CYLINDRICAL_SURFACE('',#3175,30.3039824981886);
#2877=CYLINDRICAL_SURFACE('',#3182,40.0000000000009);
#2878=CYLINDRICAL_SURFACE('',#3183,10.);
#2879=CYLINDRICAL_SURFACE('',#3185,4.1);
#2880=CYLINDRICAL_SURFACE('',#3189,6.05);
#2881=CYLINDRICAL_SURFACE('',#3200,6.05);
#2882=CYLINDRICAL_SURFACE('',#3203,1.);
#2883=CYLINDRICAL_SURFACE('',#3209,3.81766626729493);
#2884=CYLINDRICAL_SURFACE('',#3284,5.01766626729492);
#2885=CYLINDRICAL_SURFACE('',#3307,6.25);
#2886=CYLINDRICAL_SURFACE('',#3316,7.45);
#2887=CYLINDRICAL_SURFACE('',#3334,0.999999999999996);
#2888=CYLINDRICAL_SURFACE('',#3337,2.7);
#2889=CYLINDRICAL_SURFACE('',#3353,3.61766642965063);
#2890=CYLINDRICAL_SURFACE('',#3355,40.0000000000009);
#2891=CYLINDRICAL_SURFACE('',#3364,30.3039824981886);
#2892=CYLINDRICAL_SURFACE('',#3365,7.9999999990566);
#2893=CYLINDRICAL_SURFACE('',#3366,57.7136705535787);
#2894=CYLINDRICAL_SURFACE('',#3367,10.);
#2895=CYLINDRICAL_SURFACE('',#3368,90.);
#2896=CYLINDRICAL_SURFACE('',#3369,2.7);
#2897=CYLINDRICAL_SURFACE('',#3374,3.9);
#2898=CYLINDRICAL_SURFACE('',#3377,1.);
#2899=CYLINDRICAL_SURFACE('',#3379,2.);
#2900=CYLINDRICAL_SURFACE('',#3384,9.99429944989579);
#2901=CYLINDRICAL_SURFACE('',#3389,2.);
#2902=CYLINDRICAL_SURFACE('',#3394,2.);
#2903=ADVANCED_FACE('',(#445),#2870,.F.);
#2904=ADVANCED_FACE('',(#446),#400,.T.);
#2905=ADVANCED_FACE('',(#447,#385),#401,.F.);
#2906=ADVANCED_FACE('',(#448,#386),#402,.F.);
#2907=ADVANCED_FACE('',(#449),#2871,.T.);
#2908=ADVANCED_FACE('',(#450),#373,.F.);
#2909=ADVANCED_FACE('',(#451),#369,.T.);
#2910=ADVANCED_FACE('',(#452),#2872,.T.);
#2911=ADVANCED_FACE('',(#453),#370,.T.);
#2912=ADVANCED_FACE('',(#454,#387),#403,.T.);
#2913=ADVANCED_FACE('',(#455),#2873,.T.);
#2914=ADVANCED_FACE('',(#456),#2874,.T.);
#2915=ADVANCED_FACE('',(#457),#2875,.T.);
#2916=ADVANCED_FACE('',(#458),#2876,.F.);
#2917=ADVANCED_FACE('',(#459),#404,.F.);
#2918=ADVANCED_FACE('',(#460),#2877,.F.);
#2919=ADVANCED_FACE('',(#461),#2878,.T.);
#2920=ADVANCED_FACE('',(#462),#2879,.F.);
#2921=ADVANCED_FACE('',(#463,#388),#405,.T.);
#2922=ADVANCED_FACE('',(#464),#2880,.T.);
#2923=ADVANCED_FACE('',(#465),#371,.T.);
#2924=ADVANCED_FACE('',(#466),#374,.F.);
#2925=ADVANCED_FACE('',(#467),#372,.T.);
#2926=ADVANCED_FACE('',(#468),#2881,.T.);
#2927=ADVANCED_FACE('',(#469,#389),#406,.F.);
#2928=ADVANCED_FACE('',(#470),#2882,.F.);
#2929=ADVANCED_FACE('',(#471),#88,.T.);
#2930=ADVANCED_FACE('',(#472),#89,.T.);
#2931=ADVANCED_FACE('',(#473),#90,.T.);
#2932=ADVANCED_FACE('',(#474),#91,.T.);
#2933=ADVANCED_FACE('',(#475),#92,.T.);
#2934=ADVANCED_FACE('',(#476),#93,.T.);
#2935=ADVANCED_FACE('',(#477),#94,.T.);
#2936=ADVANCED_FACE('',(#478),#95,.T.);
#2937=ADVANCED_FACE('',(#479),#96,.T.);
#2938=ADVANCED_FACE('',(#480),#97,.T.);
#2939=ADVANCED_FACE('',(#481),#98,.T.);
#2940=ADVANCED_FACE('',(#482),#99,.T.);
#2941=ADVANCED_FACE('',(#483),#100,.T.);
#2942=ADVANCED_FACE('',(#484),#101,.T.);
#2943=ADVANCED_FACE('',(#485),#102,.T.);
#2944=ADVANCED_FACE('',(#486),#103,.T.);
#2945=ADVANCED_FACE('',(#487),#104,.T.);
#2946=ADVANCED_FACE('',(#488),#105,.T.);
#2947=ADVANCED_FACE('',(#489),#106,.T.);
#2948=ADVANCED_FACE('',(#490),#107,.T.);
#2949=ADVANCED_FACE('',(#491),#108,.T.);
#2950=ADVANCED_FACE('',(#492),#109,.T.);
#2951=ADVANCED_FACE('',(#493),#110,.T.);
#2952=ADVANCED_FACE('',(#494),#111,.T.);
#2953=ADVANCED_FACE('',(#495),#112,.T.);
#2954=ADVANCED_FACE('',(#496),#113,.T.);
#2955=ADVANCED_FACE('',(#497),#114,.T.);
#2956=ADVANCED_FACE('',(#498),#115,.T.);
#2957=ADVANCED_FACE('',(#499),#116,.T.);
#2958=ADVANCED_FACE('',(#500),#117,.T.);
#2959=ADVANCED_FACE('',(#501),#118,.T.);
#2960=ADVANCED_FACE('',(#502),#119,.T.);
#2961=ADVANCED_FACE('',(#503),#120,.T.);
#2962=ADVANCED_FACE('',(#504),#121,.T.);
#2963=ADVANCED_FACE('',(#505),#122,.T.);
#2964=ADVANCED_FACE('',(#506),#123,.T.);
#2965=ADVANCED_FACE('',(#507),#124,.T.);
#2966=ADVANCED_FACE('',(#508),#125,.T.);
#2967=ADVANCED_FACE('',(#509),#126,.T.);
#2968=ADVANCED_FACE('',(#510),#127,.T.);
#2969=ADVANCED_FACE('',(#511,#390),#407,.F.);
#2970=ADVANCED_FACE('',(#512),#375,.T.);
#2971=ADVANCED_FACE('',(#513),#2883,.F.);
#2972=ADVANCED_FACE('',(#514),#31,.F.);
#2973=ADVANCED_FACE('',(#515),#376,.T.);
#2974=ADVANCED_FACE('',(#516),#377,.T.);
#2975=ADVANCED_FACE('',(#517),#32,.F.);
#2976=ADVANCED_FACE('',(#518),#378,.T.);
#2977=ADVANCED_FACE('',(#519),#379,.T.);
#2978=ADVANCED_FACE('',(#520),#33,.F.);
#2979=ADVANCED_FACE('',(#521),#380,.T.);
#2980=ADVANCED_FACE('',(#522),#381,.T.);
#2981=ADVANCED_FACE('',(#523),#408,.F.);
#2982=ADVANCED_FACE('',(#524),#382,.T.);
#2983=ADVANCED_FACE('',(#525),#409,.F.);
#2984=ADVANCED_FACE('',(#526),#410,.F.);
#2985=ADVANCED_FACE('',(#527),#411,.F.);
#2986=ADVANCED_FACE('',(#528),#412,.F.);
#2987=ADVANCED_FACE('',(#529),#413,.F.);
#2988=ADVANCED_FACE('',(#530),#414,.F.);
#2989=ADVANCED_FACE('',(#531),#415,.F.);
#2990=ADVANCED_FACE('',(#532),#416,.T.);
#2991=ADVANCED_FACE('',(#533),#417,.T.);
#2992=ADVANCED_FACE('',(#534),#418,.T.);
#2993=ADVANCED_FACE('',(#535),#419,.T.);
#2994=ADVANCED_FACE('',(#536),#420,.T.);
#2995=ADVANCED_FACE('',(#537),#2884,.T.);
#2996=ADVANCED_FACE('',(#538),#34,.F.);
#2997=ADVANCED_FACE('',(#539),#383,.T.);
#2998=ADVANCED_FACE('',(#540),#421,.F.);
#2999=ADVANCED_FACE('',(#541),#384,.T.);
#3000=ADVANCED_FACE('',(#542),#422,.F.);
#3001=ADVANCED_FACE('',(#543),#35,.F.);
#3002=ADVANCED_FACE('',(#544,#391),#423,.T.);
#3003=ADVANCED_FACE('',(#545),#128,.F.);
#3004=ADVANCED_FACE('',(#546),#129,.F.);
#3005=ADVANCED_FACE('',(#547),#424,.T.);
#3006=ADVANCED_FACE('',(#548),#2885,.F.);
#3007=ADVANCED_FACE('',(#549),#130,.F.);
#3008=ADVANCED_FACE('',(#550),#425,.T.);
#3009=ADVANCED_FACE('',(#551),#131,.F.);
#3010=ADVANCED_FACE('',(#552),#2886,.T.);
#3011=ADVANCED_FACE('',(#553),#132,.F.);
#3012=ADVANCED_FACE('',(#554),#133,.F.);
#3013=ADVANCED_FACE('',(#555),#426,.T.);
#3014=ADVANCED_FACE('',(#556),#134,.F.);
#3015=ADVANCED_FACE('',(#557),#135,.F.);
#3016=ADVANCED_FACE('',(#558),#136,.F.);
#3017=ADVANCED_FACE('',(#559),#137,.F.);
#3018=ADVANCED_FACE('',(#560),#427,.T.);
#3019=ADVANCED_FACE('',(#561),#138,.F.);
#3020=ADVANCED_FACE('',(#562),#139,.F.);
#3021=ADVANCED_FACE('',(#563),#140,.F.);
#3022=ADVANCED_FACE('',(#564),#141,.F.);
#3023=ADVANCED_FACE('',(#565),#428,.T.);
#3024=ADVANCED_FACE('',(#566),#142,.F.);
#3025=ADVANCED_FACE('',(#567),#143,.F.);
#3026=ADVANCED_FACE('',(#568),#144,.F.);
#3027=ADVANCED_FACE('',(#569),#36,.F.);
#3028=ADVANCED_FACE('',(#570),#145,.F.);
#3029=ADVANCED_FACE('',(#571),#146,.F.);
#3030=ADVANCED_FACE('',(#572),#147,.F.);
#3031=ADVANCED_FACE('',(#573),#429,.T.);
#3032=ADVANCED_FACE('',(#574),#37,.F.);
#3033=ADVANCED_FACE('',(#575),#38,.F.);
#3034=ADVANCED_FACE('',(#576),#39,.F.);
#3035=ADVANCED_FACE('',(#577),#40,.F.);
#3036=ADVANCED_FACE('',(#578),#148,.F.);
#3037=ADVANCED_FACE('',(#579),#41,.F.);
#3038=ADVANCED_FACE('',(#580),#149,.F.);
#3039=ADVANCED_FACE('',(#581),#150,.F.);
#3040=ADVANCED_FACE('',(#582),#151,.F.);
#3041=ADVANCED_FACE('',(#583,#392),#430,.T.);
#3042=ADVANCED_FACE('',(#584),#2887,.F.);
#3043=ADVANCED_FACE('',(#585),#2888,.F.);
#3044=ADVANCED_FACE('',(#586,#393),#431,.T.);
#3045=ADVANCED_FACE('',(#587,#394,#395),#432,.T.);
#3046=ADVANCED_FACE('',(#588,#396,#397),#433,.T.);
#3047=ADVANCED_FACE('',(#589),#2889,.T.);
#3048=ADVANCED_FACE('',(#590),#2890,.F.);
#3049=ADVANCED_FACE('',(#591),#434,.F.);
#3050=ADVANCED_FACE('',(#592),#2891,.F.);
#3051=ADVANCED_FACE('',(#593),#2892,.T.);
#3052=ADVANCED_FACE('',(#594),#2893,.T.);
#3053=ADVANCED_FACE('',(#595),#2894,.T.);
#3054=ADVANCED_FACE('',(#596),#2895,.T.);
#3055=ADVANCED_FACE('',(#597),#2896,.F.);
#3056=ADVANCED_FACE('',(#598,#398),#435,.T.);
#3057=ADVANCED_FACE('',(#599),#2897,.T.);
#3058=ADVANCED_FACE('',(#600,#399),#436,.F.);
#3059=ADVANCED_FACE('',(#601),#2898,.F.);
#3060=ADVANCED_FACE('',(#602),#2899,.T.);
#3061=ADVANCED_FACE('',(#603),#437,.T.);
#3062=ADVANCED_FACE('',(#604),#438,.F.);
#3063=ADVANCED_FACE('',(#605),#2900,.T.);
#3064=ADVANCED_FACE('',(#606),#439,.T.);
#3065=ADVANCED_FACE('',(#607),#440,.F.);
#3066=ADVANCED_FACE('',(#608),#2901,.T.);
#3067=ADVANCED_FACE('',(#609),#441,.T.);
#3068=ADVANCED_FACE('',(#610),#442,.F.);
#3069=ADVANCED_FACE('',(#611),#2902,.T.);
#3070=ADVANCED_FACE('',(#612),#443,.T.);
#3071=ADVANCED_FACE('',(#613),#444,.F.);
#3072=CLOSED_SHELL('',(#2903,#2904,#2905,#2906,#2907,#2908,#2909,#2910,
#2911,#2912,#2913,#2914,#2915,#2916,#2917,#2918,#2919,#2920,#2921,#2922,
#2923,#2924,#2925,#2926,#2927,#2928,#2929,#2930,#2931,#2932,#2933,#2934,
#2935,#2936,#2937,#2938,#2939,#2940,#2941,#2942,#2943,#2944,#2945,#2946,
#2947,#2948,#2949,#2950,#2951,#2952,#2953,#2954,#2955,#2956,#2957,#2958,
#2959,#2960,#2961,#2962,#2963,#2964,#2965,#2966,#2967,#2968,#2969));
#3073=CLOSED_SHELL('',(#2970,#2971,#2972,#2973,#2974,#2975,#2976,#2977,
#2978,#2979,#2980,#2981,#2982,#2983,#2984,#2985,#2986,#2987,#2988,#2989,
#2990,#2991,#2992,#2993,#2994,#2995,#2996,#2997,#2998,#2999,#3000,#3001,
#3002));
#3074=CLOSED_SHELL('',(#3003,#3004,#3005,#3006,#3007,#3008,#3009,#3010,
#3011,#3012,#3013,#3014,#3015,#3016,#3017,#3018,#3019,#3020,#3021,#3022,
#3023,#3024,#3025,#3026,#3027,#3028,#3029,#3030,#3031,#3032,#3033,#3034,
#3035,#3036,#3037,#3038,#3039,#3040,#3041));
#3075=CLOSED_SHELL('',(#3042,#3043,#3044,#3045,#3046,#3047,#3048,#3049,
#3050,#3051,#3052,#3053,#3054,#3055,#3056,#3057,#3058,#3059));
#3076=CLOSED_SHELL('',(#3060,#3061,#3062));
#3077=CLOSED_SHELL('',(#3063,#3064,#3065));
#3078=CLOSED_SHELL('',(#3066,#3067,#3068));
#3079=CLOSED_SHELL('',(#3069,#3070,#3071));
#3080=DERIVED_UNIT_ELEMENT(#3090,1.);
#3081=DERIVED_UNIT_ELEMENT(#7693,-3.);
#3082=DERIVED_UNIT_ELEMENT(#3090,1.);
#3083=DERIVED_UNIT_ELEMENT(#7693,-3.);
#3084=DERIVED_UNIT_ELEMENT(#3090,1.);
#3085=DERIVED_UNIT_ELEMENT(#7693,-3.);
#3086=DERIVED_UNIT_ELEMENT(#3090,1.);
#3087=DERIVED_UNIT_ELEMENT(#7693,-3.);
#3088=DERIVED_UNIT_ELEMENT(#3090,1.);
#3089=DERIVED_UNIT_ELEMENT(#7693,-3.);
#3090=(
MASS_UNIT()
NAMED_UNIT(*)
SI_UNIT(.KILO.,.GRAM.)
);
#3091=DERIVED_UNIT((#3080,#3081));
#3092=DERIVED_UNIT((#3082,#3083));
#3093=DERIVED_UNIT((#3084,#3085));
#3094=DERIVED_UNIT((#3086,#3087));
#3095=DERIVED_UNIT((#3088,#3089));
#3096=MEASURE_REPRESENTATION_ITEM('density measure',
POSITIVE_RATIO_MEASURE(7850.),#3091);
#3097=MEASURE_REPRESENTATION_ITEM('density measure',
POSITIVE_RATIO_MEASURE(7850.),#3092);
#3098=MEASURE_REPRESENTATION_ITEM('density measure',
POSITIVE_RATIO_MEASURE(7850.),#3093);
#3099=MEASURE_REPRESENTATION_ITEM('density measure',
POSITIVE_RATIO_MEASURE(7850.),#3094);
#3100=MEASURE_REPRESENTATION_ITEM('density measure',
POSITIVE_RATIO_MEASURE(7850.),#3095);
#3101=PROPERTY_DEFINITION_REPRESENTATION(#3126,#3111);
#3102=PROPERTY_DEFINITION_REPRESENTATION(#3127,#3112);
#3103=PROPERTY_DEFINITION_REPRESENTATION(#3128,#3113);
#3104=PROPERTY_DEFINITION_REPRESENTATION(#3129,#3114);
#3105=PROPERTY_DEFINITION_REPRESENTATION(#3130,#3115);
#3106=PROPERTY_DEFINITION_REPRESENTATION(#3131,#3116);
#3107=PROPERTY_DEFINITION_REPRESENTATION(#3132,#3117);
#3108=PROPERTY_DEFINITION_REPRESENTATION(#3133,#3118);
#3109=PROPERTY_DEFINITION_REPRESENTATION(#3134,#3119);
#3110=PROPERTY_DEFINITION_REPRESENTATION(#3135,#3120);
#3111=REPRESENTATION('material name',(#3121),#7686);
#3112=REPRESENTATION('density',(#3096),#7686);
#3113=REPRESENTATION('material name',(#3122),#7687);
#3114=REPRESENTATION('density',(#3097),#7687);
#3115=REPRESENTATION('material name',(#3123),#7688);
#3116=REPRESENTATION('density',(#3098),#7688);
#3117=REPRESENTATION('material name',(#3124),#7689);
#3118=REPRESENTATION('density',(#3099),#7689);
#3119=REPRESENTATION('material name',(#3125),#7690);
#3120=REPRESENTATION('density',(#3100),#7690);
#3121=DESCRIPTIVE_REPRESENTATION_ITEM('\X2\94A2\X0\','\X2\94A2\X0\');
#3122=DESCRIPTIVE_REPRESENTATION_ITEM('\X2\94A2\X0\','\X2\94A2\X0\');
#3123=DESCRIPTIVE_REPRESENTATION_ITEM('\X2\94A2\X0\','\X2\94A2\X0\');
#3124=DESCRIPTIVE_REPRESENTATION_ITEM('\X2\94A2\X0\','\X2\94A2\X0\');
#3125=DESCRIPTIVE_REPRESENTATION_ITEM('\X2\94A2\X0\','\X2\94A2\X0\');
#3126=PROPERTY_DEFINITION('material property','material name',#7721);
#3127=PROPERTY_DEFINITION('material property','density of part',#7721);
#3128=PROPERTY_DEFINITION('material property','material name',#7722);
#3129=PROPERTY_DEFINITION('material property','density of part',#7722);
#3130=PROPERTY_DEFINITION('material property','material name',#7723);
#3131=PROPERTY_DEFINITION('material property','density of part',#7723);
#3132=PROPERTY_DEFINITION('material property','material name',#7724);
#3133=PROPERTY_DEFINITION('material property','density of part',#7724);
#3134=PROPERTY_DEFINITION('material property','material name',#7725);
#3135=PROPERTY_DEFINITION('material property','density of part',#7725);
#3136=AXIS2_PLACEMENT_3D('',#4042,#3404,#3405);
#3137=AXIS2_PLACEMENT_3D('',#4043,#3406,#3407);
#3138=AXIS2_PLACEMENT_3D('',#4044,#3408,#3409);
#3139=AXIS2_PLACEMENT_3D('',#4046,#3410,#3411);
#3140=AXIS2_PLACEMENT_3D('',#4049,#3413,#3414);
#3141=AXIS2_PLACEMENT_3D('',#4050,#3415,#3416);
#3142=AXIS2_PLACEMENT_3D('',#4051,#3417,#3418);
#3143=AXIS2_PLACEMENT_3D('',#4053,#3419,#3420);
#3144=AXIS2_PLACEMENT_3D('',#4054,#3421,#3422);
#3145=AXIS2_PLACEMENT_3D('',#4056,#3423,#3424);
#3146=AXIS2_PLACEMENT_3D('',#4058,#3425,#3426);
#3147=AXIS2_PLACEMENT_3D('',#4059,#3427,#3428);
#3148=AXIS2_PLACEMENT_3D('',#4062,#3430,#3431);
#3149=AXIS2_PLACEMENT_3D('',#4063,#3432,#3433);
#3150=AXIS2_PLACEMENT_3D('',#4066,#3434,#3435);
#3151=AXIS2_PLACEMENT_3D('',#4068,#3436,#3437);
#3152=AXIS2_PLACEMENT_3D('',#4070,#3438,#3439);
#3153=AXIS2_PLACEMENT_3D('',#4071,#3440,#3441);
#3154=AXIS2_PLACEMENT_3D('',#4072,#3442,#3443);
#3155=AXIS2_PLACEMENT_3D('',#4073,#3444,#3445);
#3156=AXIS2_PLACEMENT_3D('',#4075,#3447,#3448);
#3157=AXIS2_PLACEMENT_3D('',#4077,#3449,#3450);
#3158=AXIS2_PLACEMENT_3D('',#4081,#3452,#3453);
#3159=AXIS2_PLACEMENT_3D('',#4085,#3455,#3456);
#3160=AXIS2_PLACEMENT_3D('',#4088,#3458,#3459);
#3161=AXIS2_PLACEMENT_3D('',#4089,#3460,#3461);
#3162=AXIS2_PLACEMENT_3D('',#4091,#3463,#3464);
#3163=AXIS2_PLACEMENT_3D('',#4093,#3465,#3466);
#3164=AXIS2_PLACEMENT_3D('',#4095,#3467,#3468);
#3165=AXIS2_PLACEMENT_3D('',#4096,#3469,#3470);
#3166=AXIS2_PLACEMENT_3D('',#4098,#3471,#3472);
#3167=AXIS2_PLACEMENT_3D('',#4099,#3473,#3474);
#3168=AXIS2_PLACEMENT_3D('',#4101,#3475,#3476);
#3169=AXIS2_PLACEMENT_3D('',#4103,#3478,#3479);
#3170=AXIS2_PLACEMENT_3D('',#4106,#3480,#3481);
#3171=AXIS2_PLACEMENT_3D('',#4110,#3483,#3484);
#3172=AXIS2_PLACEMENT_3D('',#4112,#3486,#3487);
#3173=AXIS2_PLACEMENT_3D('',#4114,#3488,#3489);
#3174=AXIS2_PLACEMENT_3D('',#4116,#3490,#3491);
#3175=AXIS2_PLACEMENT_3D('',#4118,#3493,#3494);
#3176=AXIS2_PLACEMENT_3D('',#4120,#3495,#3496);
#3177=AXIS2_PLACEMENT_3D('',#4122,#3497,#3498);
#3178=AXIS2_PLACEMENT_3D('',#4124,#3500,#3501);
#3179=AXIS2_PLACEMENT_3D('',#4126,#3502,#3503);
#3180=AXIS2_PLACEMENT_3D('',#4127,#3504,#3505);
#3181=AXIS2_PLACEMENT_3D('',#4128,#3506,#3507);
#3182=AXIS2_PLACEMENT_3D('',#4129,#3508,#3509);
#3183=AXIS2_PLACEMENT_3D('',#4131,#3511,#3512);
#3184=AXIS2_PLACEMENT_3D('',#4132,#3513,#3514);
#3185=AXIS2_PLACEMENT_3D('',#4133,#3515,#3516);
#3186=AXIS2_PLACEMENT_3D('',#4136,#3518,#3519);
#3187=AXIS2_PLACEMENT_3D('',#4137,#3520,#3521);
#3188=AXIS2_PLACEMENT_3D('',#4139,#3522,#3523);
#3189=AXIS2_PLACEMENT_3D('',#4140,#3524,#3525);
#3190=AXIS2_PLACEMENT_3D('',#4142,#3526,#3527);
#3191=AXIS2_PLACEMENT_3D('',#4144,#3529,#3530);
#3192=AXIS2_PLACEMENT_3D('',#4147,#3531,#3532);
#3193=AXIS2_PLACEMENT_3D('',#4149,#3534,#3535);
#3194=AXIS2_PLACEMENT_3D('',#4150,#3536,#3537);
#3195=AXIS2_PLACEMENT_3D('',#4152,#3538,#3539);
#3196=AXIS2_PLACEMENT_3D('',#4154,#3540,#3541);
#3197=AXIS2_PLACEMENT_3D('',#4155,#3542,#3543);
#3198=AXIS2_PLACEMENT_3D('',#4156,#3544,#3545);
#3199=AXIS2_PLACEMENT_3D('',#4158,#3546,#3547);
#3200=AXIS2_PLACEMENT_3D('',#4160,#3549,#3550);
#3201=AXIS2_PLACEMENT_3D('',#4162,#3552,#3553);
#3202=AXIS2_PLACEMENT_3D('',#4484,#3554,#3555);
#3203=AXIS2_PLACEMENT_3D('',#4485,#3556,#3557);
#3204=AXIS2_PLACEMENT_3D('',#5407,#3599,#3600);
#3205=AXIS2_PLACEMENT_3D('',#5408,#3601,#3602);
#3206=AXIS2_PLACEMENT_3D('',#5409,#3603,#3604);
#3207=AXIS2_PLACEMENT_3D('',#5425,#3605,#3606);
#3208=AXIS2_PLACEMENT_3D('',#5437,#3607,#3608);
#3209=AXIS2_PLACEMENT_3D('',#5438,#3609,#3610);
#3210=AXIS2_PLACEMENT_3D('',#5484,#3611,#3612);
#3211=AXIS2_PLACEMENT_3D('',#5486,#3613,#3614);
#3212=AXIS2_PLACEMENT_3D('',#5488,#3615,#3616);
#3213=AXIS2_PLACEMENT_3D('',#5545,#3617,#3618);
#3214=AXIS2_PLACEMENT_3D('',#5547,#3619,#3620);
#3215=AXIS2_PLACEMENT_3D('',#5550,#3622,#3623);
#3216=AXIS2_PLACEMENT_3D('',#5552,#3624,#3625);
#3217=AXIS2_PLACEMENT_3D('',#5554,#3626,#3627);
#3218=AXIS2_PLACEMENT_3D('',#5611,#3628,#3629);
#3219=AXIS2_PLACEMENT_3D('',#5613,#3630,#3631);
#3220=AXIS2_PLACEMENT_3D('',#5615,#3632,#3633);
#3221=AXIS2_PLACEMENT_3D('',#5672,#3634,#3635);
#3222=AXIS2_PLACEMENT_3D('',#5674,#3636,#3637);
#3223=AXIS2_PLACEMENT_3D('',#5676,#3638,#3639);
#3224=AXIS2_PLACEMENT_3D('',#5733,#3640,#3641);
#3225=AXIS2_PLACEMENT_3D('',#5735,#3642,#3643);
#3226=AXIS2_PLACEMENT_3D('',#5736,#3644,#3645);
#3227=AXIS2_PLACEMENT_3D('',#5737,#3646,#3647);
#3228=AXIS2_PLACEMENT_3D('',#5772,#3648,#3649);
#3229=AXIS2_PLACEMENT_3D('',#5774,#3650,#3651);
#3230=AXIS2_PLACEMENT_3D('',#5776,#3652,#3653);
#3231=AXIS2_PLACEMENT_3D('',#5777,#3654,#3655);
#3232=AXIS2_PLACEMENT_3D('',#5789,#3656,#3657);
#3233=AXIS2_PLACEMENT_3D('',#5790,#3658,#3659);
#3234=AXIS2_PLACEMENT_3D('',#5805,#3660,#3661);
#3235=AXIS2_PLACEMENT_3D('',#5806,#3662,#3663);
#3236=AXIS2_PLACEMENT_3D('',#5807,#3664,#3665);
#3237=AXIS2_PLACEMENT_3D('',#5842,#3666,#3667);
#3238=AXIS2_PLACEMENT_3D('',#5844,#3668,#3669);
#3239=AXIS2_PLACEMENT_3D('',#5846,#3670,#3671);
#3240=AXIS2_PLACEMENT_3D('',#5847,#3672,#3673);
#3241=AXIS2_PLACEMENT_3D('',#5859,#3674,#3675);
#3242=AXIS2_PLACEMENT_3D('',#5860,#3676,#3677);
#3243=AXIS2_PLACEMENT_3D('',#5875,#3678,#3679);
#3244=AXIS2_PLACEMENT_3D('',#5876,#3680,#3681);
#3245=AXIS2_PLACEMENT_3D('',#5877,#3682,#3683);
#3246=AXIS2_PLACEMENT_3D('',#5912,#3684,#3685);
#3247=AXIS2_PLACEMENT_3D('',#5914,#3686,#3687);
#3248=AXIS2_PLACEMENT_3D('',#5916,#3688,#3689);
#3249=AXIS2_PLACEMENT_3D('',#5917,#3690,#3691);
#3250=AXIS2_PLACEMENT_3D('',#5929,#3692,#3693);
#3251=AXIS2_PLACEMENT_3D('',#5930,#3694,#3695);
#3252=AXIS2_PLACEMENT_3D('',#5945,#3696,#3697);
#3253=AXIS2_PLACEMENT_3D('',#5946,#3698,#3699);
#3254=AXIS2_PLACEMENT_3D('',#5947,#3700,#3701);
#3255=AXIS2_PLACEMENT_3D('',#5950,#3703,#3704);
#3256=AXIS2_PLACEMENT_3D('',#5951,#3705,#3706);
#3257=AXIS2_PLACEMENT_3D('',#5953,#3707,#3708);
#3258=AXIS2_PLACEMENT_3D('',#5965,#3709,#3710);
#3259=AXIS2_PLACEMENT_3D('',#5966,#3711,#3712);
#3260=AXIS2_PLACEMENT_3D('',#5968,#3713,#3714);
#3261=AXIS2_PLACEMENT_3D('',#5970,#3716,#3717);
#3262=AXIS2_PLACEMENT_3D('',#5972,#3718,#3719);
#3263=AXIS2_PLACEMENT_3D('',#5974,#3721,#3722);
#3264=AXIS2_PLACEMENT_3D('',#5977,#3724,#3725);
#3265=AXIS2_PLACEMENT_3D('',#5978,#3726,#3727);
#3266=AXIS2_PLACEMENT_3D('',#5980,#3728,#3729);
#3267=AXIS2_PLACEMENT_3D('',#5982,#3731,#3732);
#3268=AXIS2_PLACEMENT_3D('',#5985,#3734,#3735);
#3269=AXIS2_PLACEMENT_3D('',#5986,#3736,#3737);
#3270=AXIS2_PLACEMENT_3D('',#5989,#3739,#3740);
#3271=AXIS2_PLACEMENT_3D('',#5990,#3741,#3742);
#3272=AXIS2_PLACEMENT_3D('',#5992,#3743,#3744);
#3273=AXIS2_PLACEMENT_3D('',#5994,#3746,#3747);
#3274=AXIS2_PLACEMENT_3D('',#5996,#3748,#3749);
#3275=AXIS2_PLACEMENT_3D('',#5998,#3751,#3752);
#3276=AXIS2_PLACEMENT_3D('',#5999,#3753,#3754);
#3277=AXIS2_PLACEMENT_3D('',#6000,#3755,#3756);
#3278=AXIS2_PLACEMENT_3D('',#6002,#3757,#3758);
#3279=AXIS2_PLACEMENT_3D('',#6003,#3759,#3760);
#3280=AXIS2_PLACEMENT_3D('',#6004,#3761,#3762);
#3281=AXIS2_PLACEMENT_3D('',#6007,#3764,#3765);
#3282=AXIS2_PLACEMENT_3D('',#6008,#3766,#3767);
#3283=AXIS2_PLACEMENT_3D('',#6009,#3768,#3769);
#3284=AXIS2_PLACEMENT_3D('',#6010,#3770,#3771);
#3285=AXIS2_PLACEMENT_3D('',#6012,#3772,#3773);
#3286=AXIS2_PLACEMENT_3D('',#6071,#3774,#3775);
#3287=AXIS2_PLACEMENT_3D('',#6107,#3777,#3778);
#3288=AXIS2_PLACEMENT_3D('',#6108,#3779,#3780);
#3289=AXIS2_PLACEMENT_3D('',#6110,#3781,#3782);
#3290=AXIS2_PLACEMENT_3D('',#6112,#3783,#3784);
#3291=AXIS2_PLACEMENT_3D('',#6113,#3785,#3786);
#3292=AXIS2_PLACEMENT_3D('',#6114,#3787,#3788);
#3293=AXIS2_PLACEMENT_3D('',#6115,#3789,#3790);
#3294=AXIS2_PLACEMENT_3D('',#6116,#3791,#3792);
#3295=AXIS2_PLACEMENT_3D('',#6117,#3793,#3794);
#3296=AXIS2_PLACEMENT_3D('',#6118,#3795,#3796);
#3297=AXIS2_PLACEMENT_3D('',#6119,#3797,#3798);
#3298=AXIS2_PLACEMENT_3D('',#6120,#3799,#3800);
#3299=AXIS2_PLACEMENT_3D('',#6121,#3801,#3802);
#3300=AXIS2_PLACEMENT_3D('',#6123,#3803,#3804);
#3301=AXIS2_PLACEMENT_3D('',#6125,#3805,#3806);
#3302=AXIS2_PLACEMENT_3D('',#6126,#3807,#3808);
#3303=AXIS2_PLACEMENT_3D('',#6127,#3809,#3810);
#3304=AXIS2_PLACEMENT_3D('',#6217,#3812,#3813);
#3305=AXIS2_PLACEMENT_3D('',#6219,#3814,#3815);
#3306=AXIS2_PLACEMENT_3D('',#6229,#3817,#3818);
#3307=AXIS2_PLACEMENT_3D('',#6230,#3819,#3820);
#3308=AXIS2_PLACEMENT_3D('',#6275,#3821,#3822);
#3309=AXIS2_PLACEMENT_3D('',#6331,#3823,#3824);
#3310=AXIS2_PLACEMENT_3D('',#6387,#3825,#3826);
#3311=AXIS2_PLACEMENT_3D('',#6443,#3827,#3828);
#3312=AXIS2_PLACEMENT_3D('',#6477,#3830,#3831);
#3313=AXIS2_PLACEMENT_3D('',#6505,#3832,#3833);
#3314=AXIS2_PLACEMENT_3D('',#6612,#3834,#3835);
#3315=AXIS2_PLACEMENT_3D('',#6616,#3837,#3838);
#3316=AXIS2_PLACEMENT_3D('',#6649,#3840,#3841);
#3317=AXIS2_PLACEMENT_3D('',#6707,#3842,#3843);
#3318=AXIS2_PLACEMENT_3D('',#6740,#3845,#3846);
#3319=AXIS2_PLACEMENT_3D('',#6771,#3847,#3848);
#3320=AXIS2_PLACEMENT_3D('',#6829,#3849,#3850);
#3321=AXIS2_PLACEMENT_3D('',#6887,#3851,#3852);
#3322=AXIS2_PLACEMENT_3D('',#7027,#3854,#3855);
#3323=AXIS2_PLACEMENT_3D('',#7149,#3858,#3859);
#3324=AXIS2_PLACEMENT_3D('',#7269,#3862,#3863);
#3325=AXIS2_PLACEMENT_3D('',#7372,#3865,#3866);
#3326=AXIS2_PLACEMENT_3D('',#7440,#3868,#3869);
#3327=AXIS2_PLACEMENT_3D('',#7449,#3871,#3872);
#3328=AXIS2_PLACEMENT_3D('',#7450,#3873,#3874);
#3329=AXIS2_PLACEMENT_3D('',#7451,#3875,#3876);
#3330=AXIS2_PLACEMENT_3D('',#7452,#3877,#3878);
#3331=AXIS2_PLACEMENT_3D('',#7487,#3879,#3880);
#3332=AXIS2_PLACEMENT_3D('',#7555,#3881,#3882);
#3333=AXIS2_PLACEMENT_3D('',#7556,#3883,#3884);
#3334=AXIS2_PLACEMENT_3D('',#7557,#3885,#3886);
#3335=AXIS2_PLACEMENT_3D('',#7559,#3887,#3888);
#3336=AXIS2_PLACEMENT_3D('',#7562,#3890,#3891);
#3337=AXIS2_PLACEMENT_3D('',#7563,#3892,#3893);
#3338=AXIS2_PLACEMENT_3D('',#7565,#3894,#3895);
#3339=AXIS2_PLACEMENT_3D('',#7568,#3897,#3898);
#3340=AXIS2_PLACEMENT_3D('',#7569,#3899,#3900);
#3341=AXIS2_PLACEMENT_3D('',#7570,#3901,#3902);
#3342=AXIS2_PLACEMENT_3D('',#7573,#3903,#3904);
#3343=AXIS2_PLACEMENT_3D('',#7575,#3905,#3906);
#3344=AXIS2_PLACEMENT_3D('',#7577,#3907,#3908);
#3345=AXIS2_PLACEMENT_3D('',#7578,#3909,#3910);
#3346=AXIS2_PLACEMENT_3D('',#7580,#3911,#3912);
#3347=AXIS2_PLACEMENT_3D('',#7581,#3913,#3914);
#3348=AXIS2_PLACEMENT_3D('',#7584,#3915,#3916);
#3349=AXIS2_PLACEMENT_3D('',#7586,#3917,#3918);
#3350=AXIS2_PLACEMENT_3D('',#7588,#3919,#3920);
#3351=AXIS2_PLACEMENT_3D('',#7589,#3921,#3922);
#3352=AXIS2_PLACEMENT_3D('',#7591,#3923,#3924);
#3353=AXIS2_PLACEMENT_3D('',#7592,#3925,#3926);
#3354=AXIS2_PLACEMENT_3D('',#7596,#3928,#3929);
#3355=AXIS2_PLACEMENT_3D('',#7598,#3931,#3932);
#3356=AXIS2_PLACEMENT_3D('',#7600,#3933,#3934);
#3357=AXIS2_PLACEMENT_3D('',#7602,#3936,#3937);
#3358=AXIS2_PLACEMENT_3D('',#7604,#3938,#3939);
#3359=AXIS2_PLACEMENT_3D('',#7606,#3940,#3941);
#3360=AXIS2_PLACEMENT_3D('',#7608,#3942,#3943);
#3361=AXIS2_PLACEMENT_3D('',#7610,#3944,#3945);
#3362=AXIS2_PLACEMENT_3D('',#7612,#3946,#3947);
#3363=AXIS2_PLACEMENT_3D('',#7613,#3948,#3949);
#3364=AXIS2_PLACEMENT_3D('',#7614,#3950,#3951);
#3365=AXIS2_PLACEMENT_3D('',#7617,#3954,#3955);
#3366=AXIS2_PLACEMENT_3D('',#7619,#3957,#3958);
#3367=AXIS2_PLACEMENT_3D('',#7621,#3960,#3961);
#3368=AXIS2_PLACEMENT_3D('',#7623,#3963,#3964);
#3369=AXIS2_PLACEMENT_3D('',#7624,#3965,#3966);
#3370=AXIS2_PLACEMENT_3D('',#7627,#3968,#3969);
#3371=AXIS2_PLACEMENT_3D('',#7628,#3970,#3971);
#3372=AXIS2_PLACEMENT_3D('',#7630,#3972,#3973);
#3373=AXIS2_PLACEMENT_3D('',#7632,#3974,#3975);
#3374=AXIS2_PLACEMENT_3D('',#7633,#3976,#3977);
#3375=AXIS2_PLACEMENT_3D('',#7635,#3979,#3980);
#3376=AXIS2_PLACEMENT_3D('',#7637,#3981,#3982);
#3377=AXIS2_PLACEMENT_3D('',#7638,#3983,#3984);
#3378=AXIS2_PLACEMENT_3D('',#7640,#3986,#3987);
#3379=AXIS2_PLACEMENT_3D('',#7641,#3988,#3989);
#3380=AXIS2_PLACEMENT_3D('',#7643,#3990,#3991);
#3381=AXIS2_PLACEMENT_3D('',#7646,#3993,#3994);
#3382=AXIS2_PLACEMENT_3D('',#7647,#3995,#3996);
#3383=AXIS2_PLACEMENT_3D('',#7648,#3997,#3998);
#3384=AXIS2_PLACEMENT_3D('',#7649,#3999,#4000);
#3385=AXIS2_PLACEMENT_3D('',#7651,#4001,#4002);
#3386=AXIS2_PLACEMENT_3D('',#7654,#4004,#4005);
#3387=AXIS2_PLACEMENT_3D('',#7655,#4006,#4007);
#3388=AXIS2_PLACEMENT_3D('',#7656,#4008,#4009);
#3389=AXIS2_PLACEMENT_3D('',#7657,#4010,#4011);
#3390=AXIS2_PLACEMENT_3D('',#7659,#4012,#4013);
#3391=AXIS2_PLACEMENT_3D('',#7662,#4015,#4016);
#3392=AXIS2_PLACEMENT_3D('',#7663,#4017,#4018);
#3393=AXIS2_PLACEMENT_3D('',#7664,#4019,#4020);
#3394=AXIS2_PLACEMENT_3D('',#7665,#4021,#4022);
#3395=AXIS2_PLACEMENT_3D('',#7667,#4023,#4024);
#3396=AXIS2_PLACEMENT_3D('',#7670,#4026,#4027);
#3397=AXIS2_PLACEMENT_3D('',#7671,#4028,#4029);
#3398=AXIS2_PLACEMENT_3D('',#7672,#4030,#4031);
#3399=AXIS2_PLACEMENT_3D('',#7673,#4032,#4033);
#3400=AXIS2_PLACEMENT_3D('',#7674,#4034,#4035);
#3401=AXIS2_PLACEMENT_3D('',#7675,#4036,#4037);
#3402=AXIS2_PLACEMENT_3D('',#7676,#4038,#4039);
#3403=AXIS2_PLACEMENT_3D('',#7677,#4040,#4041);
#3404=DIRECTION('axis',(0.,0.,1.));
#3405=DIRECTION('refdir',(1.,0.,0.));
#3406=DIRECTION('axis',(0.,0.,1.));
#3407=DIRECTION('refdir',(1.,0.,0.));
#3408=DIRECTION('center_axis',(0.,1.,0.));
#3409=DIRECTION('ref_axis',(1.,0.,0.));
#3410=DIRECTION('center_axis',(0.,1.,0.));
#3411=DIRECTION('ref_axis',(1.,0.,0.));
#3412=DIRECTION('',(0.,1.,0.));
#3413=DIRECTION('center_axis',(2.18952885050753E-47,1.,-1.16318720183212E-46));
#3414=DIRECTION('ref_axis',(1.,0.,0.));
#3415=DIRECTION('center_axis',(-2.18952885050753E-47,-1.,1.16318720183212E-46));
#3416=DIRECTION('ref_axis',(1.,-2.18952885050753E-47,2.82755145625544E-109));
#3417=DIRECTION('center_axis',(0.,1.,0.));
#3418=DIRECTION('ref_axis',(0.,0.,1.));
#3419=DIRECTION('center_axis',(0.,1.,0.));
#3420=DIRECTION('ref_axis',(1.,0.,0.));
#3421=DIRECTION('center_axis',(0.,1.,0.));
#3422=DIRECTION('ref_axis',(0.,0.,1.));
#3423=DIRECTION('center_axis',(0.,-1.,0.));
#3424=DIRECTION('ref_axis',(1.,0.,0.));
#3425=DIRECTION('center_axis',(0.,1.,0.));
#3426=DIRECTION('ref_axis',(1.,0.,0.));
#3427=DIRECTION('center_axis',(-5.07994132824182E-8,-0.999999999999999,
0.));
#3428=DIRECTION('ref_axis',(0.999999999999999,-5.07994135833178E-8,0.));
#3429=DIRECTION('',(5.07994132824182E-8,0.999999999999999,0.));
#3430=DIRECTION('center_axis',(-5.07994132824182E-8,-0.999999999999999,
0.));
#3431=DIRECTION('ref_axis',(0.999999999999999,-5.07994132824182E-8,0.));
#3432=DIRECTION('center_axis',(-5.07994132824182E-8,-0.999999999999999,
0.));
#3433=DIRECTION('ref_axis',(0.,0.,-1.));
#3434=DIRECTION('center_axis',(-5.07994132824182E-8,-0.999999999999999,
0.));
#3435=DIRECTION('ref_axis',(0.999999999999999,-5.07994132824182E-8,0.));
#3436=DIRECTION('center_axis',(-0.999999999999999,5.07994132824182E-8,0.));
#3437=DIRECTION('ref_axis',(0.,0.,1.));
#3438=DIRECTION('center_axis',(-5.07994132824182E-8,-0.999999999999999,
0.));
#3439=DIRECTION('ref_axis',(0.999999999999999,-5.07994132824182E-8,0.));
#3440=DIRECTION('center_axis',(-5.07994132824182E-8,-0.999999999999999,
0.));
#3441=DIRECTION('ref_axis',(0.999999999999999,-5.07994132824182E-8,0.));
#3442=DIRECTION('center_axis',(-5.07994132824182E-8,-0.999999999999999,
0.));
#3443=DIRECTION('ref_axis',(0.999999999999999,-5.07994132824182E-8,0.));
#3444=DIRECTION('center_axis',(-5.07994132824182E-8,-0.999999999999999,
0.));
#3445=DIRECTION('ref_axis',(0.999999999999999,-5.07994135833178E-8,0.));
#3446=DIRECTION('',(0.707106853027757,0.70710670934533,8.65956100225544E-17));
#3447=DIRECTION('center_axis',(-5.07994132824182E-8,-0.999999999999999,
0.));
#3448=DIRECTION('ref_axis',(0.999999999999999,-5.07994133926483E-8,0.));
#3449=DIRECTION('center_axis',(-5.07994132824182E-8,-0.999999999999999,
0.));
#3450=DIRECTION('ref_axis',(0.999999999999999,-5.07994132824182E-8,0.));
#3451=DIRECTION('',(5.07994132824182E-8,0.999999999999999,0.));
#3452=DIRECTION('center_axis',(2.18952885050753E-47,1.,-1.16318720183212E-46));
#3453=DIRECTION('ref_axis',(1.,0.,0.));
#3454=DIRECTION('',(5.07994132824182E-8,0.999999999999999,0.));
#3455=DIRECTION('center_axis',(0.,1.,0.));
#3456=DIRECTION('ref_axis',(1.,0.,0.));
#3457=DIRECTION('',(-5.07994132824182E-8,-0.999999999999999,0.));
#3458=DIRECTION('center_axis',(2.18952885050753E-47,1.,-1.16318720183212E-46));
#3459=DIRECTION('ref_axis',(1.,0.,0.));
#3460=DIRECTION('center_axis',(5.07994132824182E-8,0.999999999999999,0.));
#3461=DIRECTION('ref_axis',(0.999999999999999,-5.07994133926483E-8,0.));
#3462=DIRECTION('',(-0.707106709345319,0.707106853027769,-8.65956012245425E-17));
#3463=DIRECTION('center_axis',(0.,-1.,0.));
#3464=DIRECTION('ref_axis',(0.,0.,-1.));
#3465=DIRECTION('center_axis',(0.,1.,0.));
#3466=DIRECTION('ref_axis',(0.986143751949317,0.,0.165893039309439));
#3467=DIRECTION('center_axis',(0.,-1.,0.));
#3468=DIRECTION('ref_axis',(1.,0.,0.));
#3469=DIRECTION('center_axis',(0.,-1.,0.));
#3470=DIRECTION('ref_axis',(0.999800901648373,0.,-0.0199538733859012));
#3471=DIRECTION('center_axis',(0.,-1.,0.));
#3472=DIRECTION('ref_axis',(1.,0.,0.));
#3473=DIRECTION('center_axis',(0.,-1.,0.));
#3474=DIRECTION('ref_axis',(0.986143751949317,0.,0.165893039309439));
#3475=DIRECTION('center_axis',(-2.18952885050753E-47,-1.,1.16318720183212E-46));
#3476=DIRECTION('ref_axis',(0.986143751949317,0.,0.165893039309439));
#3477=DIRECTION('',(0.,1.,0.));
#3478=DIRECTION('center_axis',(0.,-1.,0.));
#3479=DIRECTION('ref_axis',(0.998784712686411,0.,-0.0492858773273196));
#3480=DIRECTION('center_axis',(-2.18952885050753E-47,-1.,1.16318720183212E-46));
#3481=DIRECTION('ref_axis',(0.998784712686411,0.,-0.0492858773273196));
#3482=DIRECTION('',(0.,-1.,0.));
#3483=DIRECTION('center_axis',(-2.18952885050753E-47,-1.,1.16318720183212E-46));
#3484=DIRECTION('ref_axis',(0.998784712686411,0.,-0.0492858773273196));
#3485=DIRECTION('',(0.,-1.,0.));
#3486=DIRECTION('center_axis',(0.,-1.,0.));
#3487=DIRECTION('ref_axis',(-0.0917834136040541,0.,-0.99577899404797));
#3488=DIRECTION('center_axis',(-2.18952885050753E-47,-1.,1.16318720183212E-46));
#3489=DIRECTION('ref_axis',(-0.990965861917504,0.,0.134114356107387));
#3490=DIRECTION('center_axis',(-2.18952885050753E-47,-1.,1.16318720183212E-46));
#3491=DIRECTION('ref_axis',(-0.990965861917504,0.,0.134114356107387));
#3492=DIRECTION('',(0.,-1.,0.));
#3493=DIRECTION('center_axis',(0.,-1.,0.));
#3494=DIRECTION('ref_axis',(0.990965861917503,0.,-0.134114356107388));
#3495=DIRECTION('center_axis',(2.18952885050753E-47,1.,-1.16318720183212E-46));
#3496=DIRECTION('ref_axis',(0.990965861917503,0.,-0.134114356107388));
#3497=DIRECTION('center_axis',(2.18952885050753E-47,1.,-1.16318720183212E-46));
#3498=DIRECTION('ref_axis',(0.990965861917503,0.,-0.134114356107388));
#3499=DIRECTION('',(0.,-1.,0.));
#3500=DIRECTION('center_axis',(2.18952885050753E-47,1.,-1.16318720183212E-46));
#3501=DIRECTION('ref_axis',(0.,1.16318720183212E-46,1.));
#3502=DIRECTION('center_axis',(2.18952885050753E-47,1.,-1.16318720183212E-46));
#3503=DIRECTION('ref_axis',(0.999800901648373,0.,-0.0199538733859012));
#3504=DIRECTION('center_axis',(-2.18952885050753E-47,-1.,1.16318720183212E-46));
#3505=DIRECTION('ref_axis',(1.,0.,0.));
#3506=DIRECTION('center_axis',(-2.18952885050753E-47,-1.,1.16318720183212E-46));
#3507=DIRECTION('ref_axis',(1.,0.,0.));
#3508=DIRECTION('center_axis',(0.,-1.,0.));
#3509=DIRECTION('ref_axis',(0.999800901648373,0.,-0.0199538733859012));
#3510=DIRECTION('',(0.,-1.,0.));
#3511=DIRECTION('center_axis',(0.,-1.,0.));
#3512=DIRECTION('ref_axis',(-0.781769398186043,0.,0.6235676451355));
#3513=DIRECTION('center_axis',(0.,-1.,0.));
#3514=DIRECTION('ref_axis',(1.,0.,0.));
#3515=DIRECTION('center_axis',(0.,1.,0.));
#3516=DIRECTION('ref_axis',(1.,0.,0.));
#3517=DIRECTION('',(0.,1.,0.));
#3518=DIRECTION('center_axis',(0.,1.,0.));
#3519=DIRECTION('ref_axis',(1.,0.,0.));
#3520=DIRECTION('center_axis',(0.,-1.,0.));
#3521=DIRECTION('ref_axis',(1.,0.,0.));
#3522=DIRECTION('center_axis',(0.,-1.,0.));
#3523=DIRECTION('ref_axis',(1.,0.,1.97215226305253E-31));
#3524=DIRECTION('center_axis',(0.,-1.,0.));
#3525=DIRECTION('ref_axis',(1.,0.,0.));
#3526=DIRECTION('center_axis',(0.,-1.,0.));
#3527=DIRECTION('ref_axis',(1.,0.,0.));
#3528=DIRECTION('',(0.,1.,0.));
#3529=DIRECTION('center_axis',(0.,1.,0.));
#3530=DIRECTION('ref_axis',(1.,0.,0.));
#3531=DIRECTION('center_axis',(0.,-1.,0.));
#3532=DIRECTION('ref_axis',(1.,0.,0.));
#3533=DIRECTION('',(-0.707106781186543,0.707106781186552,-8.65956056235488E-17));
#3534=DIRECTION('center_axis',(0.,-1.,0.));
#3535=DIRECTION('ref_axis',(1.,0.,0.));
#3536=DIRECTION('center_axis',(0.,-1.,0.));
#3537=DIRECTION('ref_axis',(0.,0.,-1.));
#3538=DIRECTION('center_axis',(-1.,0.,-1.22464679914735E-16));
#3539=DIRECTION('ref_axis',(-1.22464679914735E-16,0.,1.));
#3540=DIRECTION('center_axis',(0.,-1.,0.));
#3541=DIRECTION('ref_axis',(1.,0.,0.));
#3542=DIRECTION('center_axis',(0.,-1.,0.));
#3543=DIRECTION('ref_axis',(1.,0.,0.));
#3544=DIRECTION('center_axis',(0.,-1.,0.));
#3545=DIRECTION('ref_axis',(1.,0.,0.));
#3546=DIRECTION('center_axis',(0.,-1.,0.));
#3547=DIRECTION('ref_axis',(1.,0.,0.));
#3548=DIRECTION('',(0.707106781186543,0.707106781186552,8.65956056235488E-17));
#3549=DIRECTION('center_axis',(0.,-1.,0.));
#3550=DIRECTION('ref_axis',(1.,0.,0.));
#3551=DIRECTION('',(0.,1.,0.));
#3552=DIRECTION('center_axis',(-2.18952885050753E-47,-1.,1.16318720183212E-46));
#3553=DIRECTION('ref_axis',(1.,-2.18952885050753E-47,1.97215226305253E-31));
#3554=DIRECTION('center_axis',(2.12110607392917E-47,1.,-2.46519032881567E-32));
#3555=DIRECTION('ref_axis',(1.,-2.12110607392917E-47,1.97215226305253E-31));
#3556=DIRECTION('center_axis',(0.,-1.,0.));
#3557=DIRECTION('ref_axis',(1.,0.,1.97215226305253E-31));
#3558=DIRECTION('',(0.,1.,0.));
#3559=DIRECTION('',(0.,1.,0.));
#3560=DIRECTION('',(0.,1.,0.));
#3561=DIRECTION('',(0.,1.,0.));
#3562=DIRECTION('',(0.,1.,0.));
#3563=DIRECTION('',(0.,1.,0.));
#3564=DIRECTION('',(0.,1.,0.));
#3565=DIRECTION('',(0.,1.,0.));
#3566=DIRECTION('',(0.,1.,0.));
#3567=DIRECTION('',(0.,1.,0.));
#3568=DIRECTION('',(0.,1.,0.));
#3569=DIRECTION('',(0.,1.,0.));
#3570=DIRECTION('',(0.,1.,0.));
#3571=DIRECTION('',(0.,1.,0.));
#3572=DIRECTION('',(0.,1.,0.));
#3573=DIRECTION('',(0.,1.,0.));
#3574=DIRECTION('',(0.,1.,0.));
#3575=DIRECTION('',(0.,1.,0.));
#3576=DIRECTION('',(0.,1.,0.));
#3577=DIRECTION('',(0.,1.,0.));
#3578=DIRECTION('',(0.,1.,0.));
#3579=DIRECTION('',(0.,1.,0.));
#3580=DIRECTION('',(0.,1.,0.));
#3581=DIRECTION('',(0.,1.,0.));
#3582=DIRECTION('',(0.,1.,0.));
#3583=DIRECTION('',(0.,1.,0.));
#3584=DIRECTION('',(0.,1.,0.));
#3585=DIRECTION('',(0.,1.,0.));
#3586=DIRECTION('',(0.,1.,0.));
#3587=DIRECTION('',(0.,1.,0.));
#3588=DIRECTION('',(0.,1.,0.));
#3589=DIRECTION('',(0.,1.,0.));
#3590=DIRECTION('',(0.,1.,0.));
#3591=DIRECTION('',(0.,1.,0.));
#3592=DIRECTION('',(0.,1.,0.));
#3593=DIRECTION('',(0.,1.,0.));
#3594=DIRECTION('',(0.,1.,0.));
#3595=DIRECTION('',(0.,1.,0.));
#3596=DIRECTION('',(0.,1.,0.));
#3597=DIRECTION('',(0.,1.,0.));
#3598=DIRECTION('',(0.,1.,0.));
#3599=DIRECTION('center_axis',(-2.18952885050753E-47,-1.,1.16318720183212E-46));
#3600=DIRECTION('ref_axis',(1.,-2.18952885050753E-47,1.97215226305253E-31));
#3601=DIRECTION('axis',(0.,0.,1.));
#3602=DIRECTION('refdir',(1.,0.,0.));
#3603=DIRECTION('center_axis',(-0.672351132503643,-0.707261703105553,0.218460151838504));
#3604=DIRECTION('ref_axis',(0.309017027773123,0.,0.951056505443428));
#3605=DIRECTION('center_axis',(0.672351132503643,0.707261703105553,-0.218460151838504));
#3606=DIRECTION('ref_axis',(0.643936042609564,-0.704391848029221,-0.29862769037434));
#3607=DIRECTION('center_axis',(-0.672351132503643,-0.707261703105553,0.218460151838504));
#3608=DIRECTION('ref_axis',(0.643936042609564,-0.704391848029221,-0.29862769037434));
#3609=DIRECTION('center_axis',(-5.07994132824182E-8,-0.999999999999999,
0.));
#3610=DIRECTION('ref_axis',(0.999999999999999,-5.07994135393135E-8,0.));
#3611=DIRECTION('center_axis',(0.672645859132823,-0.706951825317851,-0.218555862129629));
#3612=DIRECTION('ref_axis',(0.672351154698941,0.707261703105547,-0.218460083528415));
#3613=DIRECTION('center_axis',(-5.07994132824182E-8,-0.999999999999999,
0.));
#3614=DIRECTION('ref_axis',(0.999999999999999,-5.07994132824182E-8,0.));
#3615=DIRECTION('center_axis',(-0.415535901913675,-0.707261716151616,-0.571935992124171));
#3616=DIRECTION('ref_axis',(0.41571801183929,-0.706951812266062,0.572186743787479));
#3617=DIRECTION('center_axis',(0.415717953705777,-0.706951812266064,0.572186786023942));
#3618=DIRECTION('ref_axis',(0.415535843805644,0.707261716151614,0.571936034342132));
#3619=DIRECTION('center_axis',(-5.07994132824182E-8,-0.999999999999999,
0.));
#3620=DIRECTION('ref_axis',(0.999999999999999,-5.07994132824182E-8,0.));
#3621=DIRECTION('',(5.07994132824182E-8,0.999999999999999,0.));
#3622=DIRECTION('center_axis',(-5.07994132824182E-8,-0.999999999999999,
0.));
#3623=DIRECTION('ref_axis',(0.999999999999999,-5.07994132824182E-8,0.));
#3624=DIRECTION('center_axis',(-5.07994132824182E-8,-0.999999999999999,
0.));
#3625=DIRECTION('ref_axis',(0.999999999999999,-5.07994132824182E-8,0.));
#3626=DIRECTION('center_axis',(0.415535771923209,-0.707261758369569,-0.571936034360634));
#3627=DIRECTION('ref_axis',(0.415718025505771,0.7069517700296,-0.57218678604246));
#3628=DIRECTION('center_axis',(-0.415718083639278,-0.706951770029601,0.572186743805989));
#3629=DIRECTION('ref_axis',(0.415535830031245,-0.707261758369567,-0.57193599214268));
#3630=DIRECTION('center_axis',(-5.07994132824182E-8,-0.999999999999999,
0.));
#3631=DIRECTION('ref_axis',(0.999999999999999,-5.07994132824182E-8,0.));
#3632=DIRECTION('center_axis',(0.672351082851703,-0.707261771415636,0.218460083498472));
#3633=DIRECTION('ref_axis',(0.672645930968033,0.706951756977813,0.218555862099675));
#3634=DIRECTION('center_axis',(-0.672645908763004,-0.706951756977818,-0.218555930439713));
#3635=DIRECTION('ref_axis',(0.672351060656413,-0.70726177141563,0.218460151808563));
#3636=DIRECTION('center_axis',(-5.07994132824182E-8,-0.999999999999999,
0.));
#3637=DIRECTION('ref_axis',(0.999999999999999,-5.07994132824182E-8,0.));
#3638=DIRECTION('center_axis',(0.,-0.707261737260596,0.706951791147829));
#3639=DIRECTION('ref_axis',(3.59127362092644E-8,0.706951791147829,0.707261737260595));
#3640=DIRECTION('center_axis',(0.,-0.706951791147836,-0.707261737260589));
#3641=DIRECTION('ref_axis',(-3.59284812899418E-8,-0.707261737260589,0.706951791147835));
#3642=DIRECTION('center_axis',(-5.07994132824182E-8,-0.999999999999999,
0.));
#3643=DIRECTION('ref_axis',(0.999999999999999,-5.07994132824182E-8,0.));
#3644=DIRECTION('center_axis',(-0.672351132503643,-0.707261703105553,0.218460151838504));
#3645=DIRECTION('ref_axis',(0.672645836927803,-0.706951825317845,-0.21855593046967));
#3646=DIRECTION('center_axis',(-0.951056516295153,4.83131129547232E-8,0.309016994374947));
#3647=DIRECTION('ref_axis',(0.309016994374948,3.51015314037361E-8,0.951056516295153));
#3648=DIRECTION('center_axis',(-0.672645859132823,0.706951825317851,0.218555862129629));
#3649=DIRECTION('ref_axis',(-0.696223872063366,-0.704692594531995,0.136677237244753));
#3650=DIRECTION('center_axis',(3.51015312337451E-8,0.999999999999998,-4.83131131497203E-8));
#3651=DIRECTION('ref_axis',(-0.30901699437495,-3.51015314037362E-8,-0.951056516295152));
#3652=DIRECTION('center_axis',(3.51015312337451E-8,0.999999999999998,-4.83131131497203E-8));
#3653=DIRECTION('ref_axis',(-0.30901699437495,-3.51015314037362E-8,-0.951056516295152));
#3654=DIRECTION('center_axis',(0.672645859132823,-0.706951825317851,-0.218555862129629));
#3655=DIRECTION('ref_axis',(-0.309016961006036,0.,-0.95105652713737));
#3656=DIRECTION('center_axis',(0.672645859132823,-0.706951825317851,-0.218555862129629));
#3657=DIRECTION('ref_axis',(-0.696223872063366,-0.704692594531995,0.136677237244753));
#3658=DIRECTION('center_axis',(-0.415535901913675,-0.707261716151616,-0.571935992124171));
#3659=DIRECTION('ref_axis',(-0.809016940335561,0.,0.5877853266713));
#3660=DIRECTION('center_axis',(0.415535901913675,0.707261716151616,0.571935992124171));
#3661=DIRECTION('ref_axis',(0.482998966608368,-0.704391839853711,0.520138572115886));
#3662=DIRECTION('center_axis',(-0.415535901913675,-0.707261716151616,-0.571935992124171));
#3663=DIRECTION('ref_axis',(0.482998966608368,-0.704391839853711,0.520138572115886));
#3664=DIRECTION('center_axis',(-0.587785252292471,2.98591459890751E-8,-0.809016994374948));
#3665=DIRECTION('ref_axis',(-0.809016994374942,9.18970019525566E-8,0.587785252292474));
#3666=DIRECTION('center_axis',(-0.415717953705777,0.706951812266064,-0.572186786023942));
#3667=DIRECTION('ref_axis',(-0.345132810203731,-0.704692612367214,-0.619912627227375));
#3668=DIRECTION('center_axis',(9.18970021170739E-8,0.999999999999995,-2.98591460868557E-8));
#3669=DIRECTION('ref_axis',(0.809016994374943,-9.18970021607236E-8,-0.587785252292472));
#3670=DIRECTION('center_axis',(9.18970021170739E-8,0.999999999999995,-2.98591460868557E-8));
#3671=DIRECTION('ref_axis',(0.809016994374943,-9.18970021607236E-8,-0.587785252292472));
#3672=DIRECTION('center_axis',(0.415717953705777,-0.706951812266064,0.572186786023942));
#3673=DIRECTION('ref_axis',(0.809017048366977,0.,-0.587785177978812));
#3674=DIRECTION('center_axis',(0.415717953705777,-0.706951812266064,0.572186786023942));
#3675=DIRECTION('ref_axis',(-0.345132810203731,-0.704692612367214,-0.619912627227375));
#3676=DIRECTION('center_axis',(0.415535771923209,-0.707261758369569,-0.571936034360634));
#3677=DIRECTION('ref_axis',(-0.80901704841433,0.,-0.587785177913637));
#3678=DIRECTION('center_axis',(-0.415535771923209,0.707261758369569,0.571936034360634));
#3679=DIRECTION('ref_axis',(-0.345426314164969,-0.704391797770192,0.620091006801808));
#3680=DIRECTION('center_axis',(0.415535771923209,-0.707261758369569,-0.571936034360634));
#3681=DIRECTION('ref_axis',(-0.345426314164969,-0.704391797770193,0.620091006801808));
#3682=DIRECTION('center_axis',(0.587785252292471,-2.98591459890751E-8,-0.809016994374948));
#3683=DIRECTION('ref_axis',(-0.809016994374942,9.18970019525566E-8,-0.587785252292474));
#3684=DIRECTION('center_axis',(0.415718083639278,0.706951770029601,-0.572186743805989));
#3685=DIRECTION('ref_axis',(0.482920015253126,-0.704692654431811,-0.519804310926495));
#3686=DIRECTION('center_axis',(9.18970021170739E-8,0.999999999999995,2.98591460868557E-8));
#3687=DIRECTION('ref_axis',(0.809016994374943,-9.18970021607236E-8,0.587785252292472));
#3688=DIRECTION('center_axis',(9.18970021170739E-8,0.999999999999995,2.98591460868557E-8));
#3689=DIRECTION('ref_axis',(0.809016994374943,-9.18970021607236E-8,0.587785252292472));
#3690=DIRECTION('center_axis',(-0.415718083639278,-0.706951770029601,0.572186743805989));
#3691=DIRECTION('ref_axis',(0.809016940382915,0.,0.587785326606123));
#3692=DIRECTION('center_axis',(-0.415718083639278,-0.706951770029601,0.572186743805989));
#3693=DIRECTION('ref_axis',(0.482920015253126,-0.704692654431812,-0.519804310926495));
#3694=DIRECTION('center_axis',(0.672351082851703,-0.707261771415636,0.218460083498472));
#3695=DIRECTION('ref_axis',(0.309016960976769,0.,-0.951056527146879));
#3696=DIRECTION('center_axis',(-0.672351082851703,0.707261771415636,-0.218460083498472));
#3697=DIRECTION('ref_axis',(-0.696484218821387,-0.704391779936657,-0.136901253794224));
#3698=DIRECTION('center_axis',(0.672351082851703,-0.707261771415636,0.218460083498472));
#3699=DIRECTION('ref_axis',(-0.696484218821387,-0.704391779936657,-0.136901253794224));
#3700=DIRECTION('center_axis',(-0.672351082851703,0.707261771415636,-0.218460083498472));
#3701=DIRECTION('ref_axis',(-0.67264590876301,-0.706951756977812,-0.218555930439715));
#3702=DIRECTION('',(-0.309016946040652,1.56978795531898E-8,0.951056531999917));
#3703=DIRECTION('center_axis',(-0.672351082851703,0.707261771415636,-0.218460083498472));
#3704=DIRECTION('ref_axis',(0.672645930968033,0.706951756977813,0.218555862099675));
#3705=DIRECTION('center_axis',(-0.672645908763004,-0.706951756977818,-0.218555930439713));
#3706=DIRECTION('ref_axis',(-0.309017027743856,0.,0.951056505452937));
#3707=DIRECTION('center_axis',(0.672645908763004,0.706951756977818,0.218555930439713));
#3708=DIRECTION('ref_axis',(0.643593744006194,-0.704692662593943,0.298655895576077));
#3709=DIRECTION('center_axis',(-0.672645908763004,-0.706951756977818,-0.218555930439713));
#3710=DIRECTION('ref_axis',(0.643593744006194,-0.704692662593943,0.298655895576077));
#3711=DIRECTION('center_axis',(0.672645908763004,0.706951756977818,0.218555930439713));
#3712=DIRECTION('ref_axis',(-0.672351082851709,0.70726177141563,-0.218460083498473));
#3713=DIRECTION('center_axis',(0.672645908763004,0.706951756977818,0.218555930439713));
#3714=DIRECTION('ref_axis',(0.672351060656413,-0.70726177141563,0.218460151808563));
#3715=DIRECTION('',(0.309017042666887,-1.56978844617459E-8,-0.95105650060415));
#3716=DIRECTION('center_axis',(-0.672645859132823,0.706951825317851,0.218555862129629));
#3717=DIRECTION('ref_axis',(0.672351132503649,0.707261703105546,-0.218460151838506));
#3718=DIRECTION('center_axis',(-0.672645859132823,0.706951825317851,0.218555862129629));
#3719=DIRECTION('ref_axis',(0.672351154698941,0.707261703105547,-0.218460083528415));
#3720=DIRECTION('',(0.309016946083006,-1.56978795553414E-8,0.951056531986155));
#3721=DIRECTION('center_axis',(0.672351132503643,0.707261703105553,-0.218460151838504));
#3722=DIRECTION('ref_axis',(0.672645859132829,-0.706951825317844,-0.218555862129631));
#3723=DIRECTION('',(-0.309017042709241,1.56978844638975E-8,-0.951056500590388));
#3724=DIRECTION('center_axis',(0.672351132503643,0.707261703105553,-0.218460151838504));
#3725=DIRECTION('ref_axis',(0.672645836927803,-0.706951825317845,-0.21855593046967));
#3726=DIRECTION('center_axis',(-0.415717953705777,0.706951812266064,-0.572186786023942));
#3727=DIRECTION('ref_axis',(0.415535901913679,0.707261716151609,0.571935992124176));
#3728=DIRECTION('center_axis',(-0.415717953705777,0.706951812266064,-0.572186786023942));
#3729=DIRECTION('ref_axis',(0.415535843805645,0.707261716151614,0.571936034342132));
#3730=DIRECTION('',(-0.809017024221006,4.10975901659151E-8,0.587785211212894));
#3731=DIRECTION('center_axis',(0.415535901913675,0.707261716151616,0.571935992124171));
#3732=DIRECTION('ref_axis',(0.415717953705781,-0.706951812266058,0.572186786023948));
#3733=DIRECTION('',(0.809016964502709,-4.10975871322606E-8,-0.587785293408079));
#3734=DIRECTION('center_axis',(0.415535901913675,0.707261716151616,0.571935992124171));
#3735=DIRECTION('ref_axis',(0.41571801183929,-0.706951812266062,0.572186743787479));
#3736=DIRECTION('center_axis',(-0.415535771923209,0.707261758369569,0.571936034360634));
#3737=DIRECTION('ref_axis',(-0.415718083639282,-0.706951770029595,0.572186743805994));
#3738=DIRECTION('',(0.809017024247182,-4.10975901672448E-8,0.587785211176865));
#3739=DIRECTION('center_axis',(-0.415535771923209,0.707261758369569,0.571936034360634));
#3740=DIRECTION('ref_axis',(0.415718025505771,0.7069517700296,-0.57218678604246));
#3741=DIRECTION('center_axis',(0.415718083639278,0.706951770029601,-0.572186743805989));
#3742=DIRECTION('ref_axis',(-0.415535771923213,0.707261758369562,0.571936034360639));
#3743=DIRECTION('center_axis',(0.415718083639278,0.706951770029601,-0.572186743805989));
#3744=DIRECTION('ref_axis',(0.415535830031245,-0.707261758369567,-0.57193599214268));
#3745=DIRECTION('',(-0.809016964528885,4.10975871335903E-8,-0.587785293372051));
#3746=DIRECTION('center_axis',(-5.07994132824182E-8,-0.999999999999999,
0.));
#3747=DIRECTION('ref_axis',(0.,0.,-1.));
#3748=DIRECTION('center_axis',(-5.07994132824182E-8,-0.999999999999999,
0.));
#3749=DIRECTION('ref_axis',(0.999999999999999,-5.07994132824182E-8,0.));
#3750=DIRECTION('',(-0.999999999999998,5.07994132824182E-8,5.08216850707846E-8));
#3751=DIRECTION('center_axis',(-5.07994132824182E-8,-0.999999999999999,
0.));
#3752=DIRECTION('ref_axis',(0.,0.,-1.));
#3753=DIRECTION('center_axis',(-5.07994132824182E-8,-0.999999999999999,
0.));
#3754=DIRECTION('ref_axis',(0.999999999999999,-5.07994132824182E-8,0.));
#3755=DIRECTION('center_axis',(-5.07994132824182E-8,-0.999999999999999,
0.));
#3756=DIRECTION('ref_axis',(0.,0.,-1.));
#3757=DIRECTION('center_axis',(-5.07994132824182E-8,-0.999999999999999,
0.));
#3758=DIRECTION('ref_axis',(0.999999999999999,-5.07994132824182E-8,0.));
#3759=DIRECTION('center_axis',(-5.07994132824182E-8,-0.999999999999999,
0.));
#3760=DIRECTION('ref_axis',(0.999999999999999,-5.07994132824182E-8,0.));
#3761=DIRECTION('center_axis',(-5.07994132824182E-8,-0.999999999999999,
0.));
#3762=DIRECTION('ref_axis',(0.,0.,-1.));
#3763=DIRECTION('',(0.999999999999997,-5.07994132824182E-8,5.07771512543067E-8));
#3764=DIRECTION('center_axis',(-5.07994132824182E-8,-0.999999999999999,
0.));
#3765=DIRECTION('ref_axis',(0.999999999999999,-5.07994132824182E-8,0.));
#3766=DIRECTION('center_axis',(-5.07994132824182E-8,-0.999999999999999,
0.));
#3767=DIRECTION('ref_axis',(0.,0.,-1.));
#3768=DIRECTION('center_axis',(-5.07994132824182E-8,-0.999999999999999,
0.));
#3769=DIRECTION('ref_axis',(0.999999999999999,-5.07994132824182E-8,0.));
#3770=DIRECTION('center_axis',(-5.07994132824182E-8,-0.999999999999999,
0.));
#3771=DIRECTION('ref_axis',(0.999999999999999,-5.07994135393135E-8,0.));
#3772=DIRECTION('center_axis',(0.,0.706951791147836,0.707261737260589));
#3773=DIRECTION('ref_axis',(-3.59284812899418E-8,-0.707261737260589,0.706951791147835));
#3774=DIRECTION('center_axis',(0.,0.707261737260596,-0.706951791147829));
#3775=DIRECTION('ref_axis',(3.59127362092644E-8,0.706951791147829,0.707261737260595));
#3776=DIRECTION('',(5.07994132824182E-8,0.999999999999999,0.));
#3777=DIRECTION('center_axis',(-5.07994132824182E-8,-0.999999999999999,
0.));
#3778=DIRECTION('ref_axis',(0.999999999999999,-5.07994132824182E-8,0.));
#3779=DIRECTION('center_axis',(0.951056516295153,-4.83131129547232E-8,0.309016994374947));
#3780=DIRECTION('ref_axis',(0.309016994374948,3.51015314037361E-8,-0.951056516295153));
#3781=DIRECTION('center_axis',(3.5101531233745E-8,0.999999999999998,4.83131131497203E-8));
#3782=DIRECTION('ref_axis',(-0.30901699437495,-3.51015314037362E-8,0.951056516295152));
#3783=DIRECTION('center_axis',(3.5101531233745E-8,0.999999999999998,4.83131131497203E-8));
#3784=DIRECTION('ref_axis',(-0.30901699437495,-3.51015314037362E-8,0.951056516295152));
#3785=DIRECTION('center_axis',(0.,-0.707261737260596,0.706951791147829));
#3786=DIRECTION('ref_axis',(1.,0.,0.));
#3787=DIRECTION('center_axis',(0.,0.707261737260596,-0.706951791147829));
#3788=DIRECTION('ref_axis',(-0.0850246551450283,-0.704391810998444,-0.704700634749112));
#3789=DIRECTION('center_axis',(0.,-0.707261737260596,0.706951791147829));
#3790=DIRECTION('ref_axis',(-0.0850246551450283,-0.704391810998444,-0.704700634749112));
#3791=DIRECTION('center_axis',(0.,0.707261737260596,-0.706951791147829));
#3792=DIRECTION('ref_axis',(-4.33072911347792E-17,-0.706951791147829,-0.707261737260596));
#3793=DIRECTION('center_axis',(0.,-0.706951791147836,-0.707261737260589));
#3794=DIRECTION('ref_axis',(-1.,0.,0.));
#3795=DIRECTION('center_axis',(0.,0.706951791147836,0.707261737260589));
#3796=DIRECTION('ref_axis',(-0.0851572559820735,-0.70469262557382,0.704383805333058));
#3797=DIRECTION('center_axis',(0.,-0.706951791147836,-0.707261737260589));
#3798=DIRECTION('ref_axis',(-0.0851572559820735,-0.70469262557382,0.704383805333058));
#3799=DIRECTION('center_axis',(0.,0.706951791147836,0.707261737260589));
#3800=DIRECTION('ref_axis',(-4.32883124090343E-17,0.707261737260589,-0.706951791147836));
#3801=DIRECTION('center_axis',(0.,0.,1.));
#3802=DIRECTION('ref_axis',(1.,0.,0.));
#3803=DIRECTION('center_axis',(0.,1.,0.));
#3804=DIRECTION('ref_axis',(-1.,0.,0.));
#3805=DIRECTION('center_axis',(0.,1.,0.));
#3806=DIRECTION('ref_axis',(-1.,0.,0.));
#3807=DIRECTION('center_axis',(5.07994132824182E-8,0.999999999999999,0.));
#3808=DIRECTION('ref_axis',(0.,0.,1.));
#3809=DIRECTION('axis',(0.,0.,1.));
#3810=DIRECTION('refdir',(1.,0.,0.));
#3811=DIRECTION('',(-0.306821481205338,0.,0.951767082153487));
#3812=DIRECTION('center_axis',(0.,-1.,0.));
#3813=DIRECTION('ref_axis',(0.,0.,-1.));
#3814=DIRECTION('center_axis',(0.,-1.,0.));
#3815=DIRECTION('ref_axis',(1.,0.,0.));
#3816=DIRECTION('',(-0.306821481205337,0.,-0.951767082153487));
#3817=DIRECTION('center_axis',(0.,-1.,0.));
#3818=DIRECTION('ref_axis',(1.,0.,0.));
#3819=DIRECTION('center_axis',(0.,-1.,0.));
#3820=DIRECTION('ref_axis',(1.,0.,0.));
#3821=DIRECTION('center_axis',(0.,-1.,0.));
#3822=DIRECTION('ref_axis',(1.,0.,0.));
#3823=DIRECTION('center_axis',(0.,-1.,0.));
#3824=DIRECTION('ref_axis',(1.,0.,0.));
#3825=DIRECTION('center_axis',(0.,-1.,0.));
#3826=DIRECTION('ref_axis',(1.,0.,0.));
#3827=DIRECTION('center_axis',(0.,-1.,0.));
#3828=DIRECTION('ref_axis',(1.,0.,0.));
#3829=DIRECTION('',(0.,1.,0.));
#3830=DIRECTION('center_axis',(0.,-1.,0.));
#3831=DIRECTION('ref_axis',(1.,0.,0.));
#3832=DIRECTION('center_axis',(0.,-1.,0.));
#3833=DIRECTION('ref_axis',(1.,0.,0.));
#3834=DIRECTION('center_axis',(0.,-1.,0.));
#3835=DIRECTION('ref_axis',(0.,0.,-1.));
#3836=DIRECTION('',(0.670843731028042,0.,-0.741598738227336));
#3837=DIRECTION('center_axis',(0.,-1.,0.));
#3838=DIRECTION('ref_axis',(1.,0.,0.));
#3839=DIRECTION('',(-0.97766521223338,0.,0.21016834392615));
#3840=DIRECTION('center_axis',(0.,-1.,0.));
#3841=DIRECTION('ref_axis',(1.,0.,0.));
#3842=DIRECTION('center_axis',(0.,-1.,0.));
#3843=DIRECTION('ref_axis',(1.,0.,0.));
#3844=DIRECTION('',(0.,1.,0.));
#3845=DIRECTION('center_axis',(0.,-1.,0.));
#3846=DIRECTION('ref_axis',(1.,0.,0.));
#3847=DIRECTION('center_axis',(0.,-1.,0.));
#3848=DIRECTION('ref_axis',(1.,0.,0.));
#3849=DIRECTION('center_axis',(0.,-1.,0.));
#3850=DIRECTION('ref_axis',(1.,0.,0.));
#3851=DIRECTION('center_axis',(0.,-1.,0.));
#3852=DIRECTION('ref_axis',(1.,0.,0.));
#3853=DIRECTION('',(0.670843731028042,0.,0.741598738227336));
#3854=DIRECTION('center_axis',(0.,-1.,0.));
#3855=DIRECTION('ref_axis',(0.,0.,-1.));
#3856=DIRECTION('',(-0.977665212233379,0.,-0.210168343926152));
#3857=DIRECTION('',(0.97766521223338,0.,-0.210168343926151));
#3858=DIRECTION('center_axis',(0.,-1.,0.));
#3859=DIRECTION('ref_axis',(0.,0.,-1.));
#3860=DIRECTION('',(-0.670843731028042,0.,0.741598738227335));
#3861=DIRECTION('',(0.306821481205338,0.,-0.951767082153487));
#3862=DIRECTION('center_axis',(0.,-1.,0.));
#3863=DIRECTION('ref_axis',(0.,0.,-1.));
#3864=DIRECTION('',(0.306821481205337,0.,0.951767082153487));
#3865=DIRECTION('center_axis',(0.,0.,1.));
#3866=DIRECTION('ref_axis',(-0.335654093220203,0.941985312892151,0.));
#3867=DIRECTION('',(-0.670843731028041,0.,-0.741598738227336));
#3868=DIRECTION('center_axis',(0.,-1.,0.));
#3869=DIRECTION('ref_axis',(0.,0.,-1.));
#3870=DIRECTION('',(0.977665212233379,0.,0.210168343926152));
#3871=DIRECTION('center_axis',(0.,0.,1.));
#3872=DIRECTION('ref_axis',(-0.335654093220204,0.94198531289215,0.));
#3873=DIRECTION('center_axis',(0.,0.,1.));
#3874=DIRECTION('ref_axis',(0.335654093220197,0.941985312892153,0.));
#3875=DIRECTION('center_axis',(1.,0.,1.23259516440783E-31));
#3876=DIRECTION('ref_axis',(0.,1.,1.89882151931499E-15));
#3877=DIRECTION('center_axis',(0.,0.,1.));
#3878=DIRECTION('ref_axis',(0.335654093220211,0.941985312892148,0.));
#3879=DIRECTION('center_axis',(1.,0.,-8.90766633201227E-32));
#3880=DIRECTION('ref_axis',(0.,1.,-1.45473230946492E-15));
#3881=DIRECTION('center_axis',(0.,1.,0.));
#3882=DIRECTION('ref_axis',(0.,0.,1.));
#3883=DIRECTION('axis',(0.,0.,1.));
#3884=DIRECTION('refdir',(1.,0.,0.));
#3885=DIRECTION('center_axis',(0.,1.,0.));
#3886=DIRECTION('ref_axis',(1.,0.,0.));
#3887=DIRECTION('center_axis',(0.,-1.,0.));
#3888=DIRECTION('ref_axis',(1.,0.,0.));
#3889=DIRECTION('',(0.,1.,0.));
#3890=DIRECTION('center_axis',(0.,-1.,0.));
#3891=DIRECTION('ref_axis',(1.,0.,0.));
#3892=DIRECTION('center_axis',(0.,1.,0.));
#3893=DIRECTION('ref_axis',(1.,0.,0.));
#3894=DIRECTION('center_axis',(2.18952885050753E-47,1.,-1.16318720183212E-46));
#3895=DIRECTION('ref_axis',(1.,0.,0.));
#3896=DIRECTION('',(0.,1.,0.));
#3897=DIRECTION('center_axis',(0.,1.,0.));
#3898=DIRECTION('ref_axis',(1.,0.,0.));
#3899=DIRECTION('center_axis',(0.,-1.,0.));
#3900=DIRECTION('ref_axis',(1.,0.,0.));
#3901=DIRECTION('center_axis',(-2.18952885050753E-47,-1.,1.16318720183212E-46));
#3902=DIRECTION('ref_axis',(1.,-2.18952885050753E-47,2.82755145625544E-109));
#3903=DIRECTION('center_axis',(0.,-1.,0.));
#3904=DIRECTION('ref_axis',(1.,0.,0.));
#3905=DIRECTION('center_axis',(-6.49376066138169E-140,-1.,-4.1573556750867E-142));
#3906=DIRECTION('ref_axis',(0.990965861917503,-6.42951952009735E-140,-0.134114356107388));
#3907=DIRECTION('center_axis',(0.,-1.,0.));
#3908=DIRECTION('ref_axis',(-0.990965861917504,0.,0.134114356107387));
#3909=DIRECTION('center_axis',(6.91738146406258E-140,-1.,3.12430051848283E-141));
#3910=DIRECTION('ref_axis',(0.998784712686411,6.89357646891728E-140,-0.0492858773273196));
#3911=DIRECTION('center_axis',(2.18952885050753E-47,1.,-1.16318720183212E-46));
#3912=DIRECTION('ref_axis',(1.,-2.18952885050753E-47,0.));
#3913=DIRECTION('center_axis',(0.,1.,0.));
#3914=DIRECTION('ref_axis',(0.,0.,1.));
#3915=DIRECTION('center_axis',(-4.43591612371693E-140,-1.,-4.78599258381174E-141));
#3916=DIRECTION('ref_axis',(0.999800901648373,-4.42548303112441E-140,-0.0199538733859012));
#3917=DIRECTION('center_axis',(0.,-1.,0.));
#3918=DIRECTION('ref_axis',(1.,0.,0.));
#3919=DIRECTION('center_axis',(-5.50892321624354E-140,1.,-7.00718399176396E-141));
#3920=DIRECTION('ref_axis',(0.986143751949317,5.54883451460653E-140,0.165893039309439));
#3921=DIRECTION('center_axis',(0.,1.,0.));
#3922=DIRECTION('ref_axis',(1.,0.,0.));
#3923=DIRECTION('center_axis',(0.,-1.,0.));
#3924=DIRECTION('ref_axis',(1.,0.,0.));
#3925=DIRECTION('center_axis',(-5.07994132824182E-8,-0.999999999999999,
0.));
#3926=DIRECTION('ref_axis',(0.0925840913798116,-4.70321782227983E-9,-0.99570486893626));
#3927=DIRECTION('',(5.07994132824182E-8,0.999999999999999,0.));
#3928=DIRECTION('center_axis',(-2.96244231428053E-139,-1.,0.));
#3929=DIRECTION('ref_axis',(1.,0.,0.));
#3930=DIRECTION('',(-5.07994132824182E-8,-0.999999999999999,0.));
#3931=DIRECTION('center_axis',(0.,1.,0.));
#3932=DIRECTION('ref_axis',(0.999800901648373,0.,-0.0199538733859012));
#3933=DIRECTION('center_axis',(-2.96244231428053E-139,-1.,0.));
#3934=DIRECTION('ref_axis',(0.999800901648373,0.,-0.0199538733859012));
#3935=DIRECTION('',(0.,-1.,0.));
#3936=DIRECTION('center_axis',(-2.96244231428053E-139,-1.,0.));
#3937=DIRECTION('ref_axis',(1.,-2.96244231428053E-139,0.));
#3938=DIRECTION('center_axis',(2.96244231428053E-139,1.,0.));
#3939=DIRECTION('ref_axis',(0.986143751949317,0.,0.165893039309439));
#3940=DIRECTION('center_axis',(2.96244231428053E-139,1.,0.));
#3941=DIRECTION('ref_axis',(1.,0.,0.));
#3942=DIRECTION('center_axis',(-6.91738146406258E-140,1.,-3.12430051848283E-141));
#3943=DIRECTION('ref_axis',(0.998784712686411,6.89357646891728E-140,-0.0492858773273196));
#3944=DIRECTION('center_axis',(0.,1.,0.));
#3945=DIRECTION('ref_axis',(-0.990965861917504,0.,0.134114356107387));
#3946=DIRECTION('center_axis',(-6.49376066138169E-140,-1.,-4.1573556750867E-142));
#3947=DIRECTION('ref_axis',(0.990965861917503,-6.42951952009735E-140,-0.134114356107388));
#3948=DIRECTION('center_axis',(2.96244231428053E-139,1.,0.));
#3949=DIRECTION('ref_axis',(1.,0.,0.));
#3950=DIRECTION('center_axis',(0.,1.,0.));
#3951=DIRECTION('ref_axis',(0.990965861917503,0.,-0.134114356107388));
#3952=DIRECTION('',(0.,1.,0.));
#3953=DIRECTION('',(0.,1.,0.));
#3954=DIRECTION('center_axis',(0.,1.,0.));
#3955=DIRECTION('ref_axis',(-0.0917834136040541,0.,-0.99577899404797));
#3956=DIRECTION('',(0.,1.,0.));
#3957=DIRECTION('center_axis',(0.,1.,0.));
#3958=DIRECTION('ref_axis',(0.998784712686411,0.,-0.0492858773273196));
#3959=DIRECTION('',(0.,1.,0.));
#3960=DIRECTION('center_axis',(0.,-1.,0.));
#3961=DIRECTION('ref_axis',(-0.781769398186043,0.,0.6235676451355));
#3962=DIRECTION('',(0.,1.,0.));
#3963=DIRECTION('center_axis',(0.,1.,0.));
#3964=DIRECTION('ref_axis',(0.986143751949317,0.,0.165893039309439));
#3965=DIRECTION('center_axis',(0.,-1.,0.));
#3966=DIRECTION('ref_axis',(1.,0.,0.));
#3967=DIRECTION('',(0.,1.,0.));
#3968=DIRECTION('center_axis',(0.,1.,0.));
#3969=DIRECTION('ref_axis',(1.,0.,0.));
#3970=DIRECTION('center_axis',(0.,1.,0.));
#3971=DIRECTION('ref_axis',(0.,0.,1.));
#3972=DIRECTION('center_axis',(0.,1.,0.));
#3973=DIRECTION('ref_axis',(1.,0.,0.));
#3974=DIRECTION('center_axis',(0.,1.,0.));
#3975=DIRECTION('ref_axis',(1.,0.,0.));
#3976=DIRECTION('center_axis',(0.,1.,0.));
#3977=DIRECTION('ref_axis',(1.,0.,0.));
#3978=DIRECTION('',(0.,-1.,0.));
#3979=DIRECTION('center_axis',(0.,1.,0.));
#3980=DIRECTION('ref_axis',(0.,0.,1.));
#3981=DIRECTION('center_axis',(0.,1.,0.));
#3982=DIRECTION('ref_axis',(1.,0.,0.));
#3983=DIRECTION('center_axis',(0.,-1.,0.));
#3984=DIRECTION('ref_axis',(1.,0.,0.));
#3985=DIRECTION('',(0.,1.,0.));
#3986=DIRECTION('axis',(0.,0.,1.));
#3987=DIRECTION('refdir',(1.,0.,0.));
#3988=DIRECTION('center_axis',(5.55111512312578E-16,1.,-2.77555756156289E-16));
#3989=DIRECTION('ref_axis',(1.,-5.55111512312578E-16,6.37570829880107E-32));
#3990=DIRECTION('center_axis',(3.2540241216295E-16,1.,-2.35775401313093E-16));
#3991=DIRECTION('ref_axis',(1.,-3.2540241216295E-16,0.));
#3992=DIRECTION('',(-5.55111512312578E-16,-1.,2.77555756156289E-16));
#3993=DIRECTION('center_axis',(-3.2540241216295E-16,-1.,2.35775401313093E-16));
#3994=DIRECTION('ref_axis',(1.,-3.2540241216295E-16,0.));
#3995=DIRECTION('center_axis',(-3.2540241216295E-16,-1.,2.35775401313093E-16));
#3996=DIRECTION('ref_axis',(1.,-3.2540241216295E-16,0.));
#3997=DIRECTION('center_axis',(-3.2540241216295E-16,-1.,2.35775401313093E-16));
#3998=DIRECTION('ref_axis',(1.,-3.2540241216295E-16,0.));
#3999=DIRECTION('center_axis',(2.77555756156289E-16,1.,-2.35775401313093E-16));
#4000=DIRECTION('ref_axis',(1.,-2.77555756156289E-16,-1.12810645214601E-32));
#4001=DIRECTION('center_axis',(3.2540241216295E-16,1.,-2.35775401313093E-16));
#4002=DIRECTION('ref_axis',(1.,-3.25402412162951E-16,0.));
#4003=DIRECTION('',(-2.77555756156289E-16,-1.,2.35775401313093E-16));
#4004=DIRECTION('center_axis',(-3.2540241216295E-16,-1.,2.35775401313093E-16));
#4005=DIRECTION('ref_axis',(1.,-3.25402412162951E-16,0.));
#4006=DIRECTION('center_axis',(-3.2540241216295E-16,-1.,2.35775401313093E-16));
#4007=DIRECTION('ref_axis',(1.,-3.2540241216295E-16,0.));
#4008=DIRECTION('center_axis',(-3.2540241216295E-16,-1.,2.35775401313093E-16));
#4009=DIRECTION('ref_axis',(1.,-3.2540241216295E-16,0.));
#4010=DIRECTION('center_axis',(0.,1.,0.));
#4011=DIRECTION('ref_axis',(1.,0.,0.));
#4012=DIRECTION('center_axis',(3.2540241216295E-16,1.,-2.35775401313093E-16));
#4013=DIRECTION('ref_axis',(1.,-3.25402412162951E-16,0.));
#4014=DIRECTION('',(0.,-1.,0.));
#4015=DIRECTION('center_axis',(-3.2540241216295E-16,-1.,2.35775401313093E-16));
#4016=DIRECTION('ref_axis',(1.,-3.25402412162951E-16,0.));
#4017=DIRECTION('center_axis',(-3.2540241216295E-16,-1.,2.35775401313093E-16));
#4018=DIRECTION('ref_axis',(1.,-3.2540241216295E-16,0.));
#4019=DIRECTION('center_axis',(-3.2540241216295E-16,-1.,2.35775401313093E-16));
#4020=DIRECTION('ref_axis',(1.,-3.2540241216295E-16,0.));
#4021=DIRECTION('center_axis',(2.77555756156289E-16,1.,0.));
#4022=DIRECTION('ref_axis',(1.,-2.77555756156289E-16,0.));
#4023=DIRECTION('center_axis',(3.2540241216295E-16,1.,-2.35775401313093E-16));
#4024=DIRECTION('ref_axis',(1.,-3.2540241216295E-16,0.));
#4025=DIRECTION('',(-2.77555756156289E-16,-1.,0.));
#4026=DIRECTION('center_axis',(-3.2540241216295E-16,-1.,2.35775401313093E-16));
#4027=DIRECTION('ref_axis',(1.,-3.2540241216295E-16,0.));
#4028=DIRECTION('center_axis',(-3.2540241216295E-16,-1.,2.35775401313093E-16));
#4029=DIRECTION('ref_axis',(1.,-3.2540241216295E-16,0.));
#4030=DIRECTION('center_axis',(-3.2540241216295E-16,-1.,2.35775401313093E-16));
#4031=DIRECTION('ref_axis',(1.,-3.2540241216295E-16,0.));
#4032=DIRECTION('',(0.,0.,1.));
#4033=DIRECTION('',(1.,0.,0.));
#4034=DIRECTION('',(0.,0.,1.));
#4035=DIRECTION('',(1.,0.,0.));
#4036=DIRECTION('',(0.,0.,1.));
#4037=DIRECTION('',(1.,0.,0.));
#4038=DIRECTION('',(0.,0.,1.));
#4039=DIRECTION('',(1.,0.,0.));
#4040=DIRECTION('',(0.,0.,1.));
#4041=DIRECTION('',(1.,0.,0.));
#4042=CARTESIAN_POINT('',(0.,0.,0.));
#4043=CARTESIAN_POINT('',(0.,0.,0.));
#4044=CARTESIAN_POINT('Origin',(24.9999995936047,-9.,-43.3012701892219));
#4045=CARTESIAN_POINT('',(23.9999995936047,-6.,-43.3012701892219));
#4046=CARTESIAN_POINT('Origin',(24.9999995936047,-6.,-43.3012701892219));
#4047=CARTESIAN_POINT('',(23.9999995936047,0.499999999999999,-43.3012701892219));
#4048=CARTESIAN_POINT('',(23.9999995936047,-9.,-43.3012701892219));
#4049=CARTESIAN_POINT('Origin',(24.9999995936047,0.499999999999999,-43.3012701892219));
#4050=CARTESIAN_POINT('Origin',(-6.56858655152258E-47,0.499999999999999,
3.48956160549637E-46));
#4051=CARTESIAN_POINT('Origin',(11.5302081965679,-6.,-20.6506350941393));
#4052=CARTESIAN_POINT('',(21.382333163954,-6.00000002078042,-43.3012701892219));
#4053=CARTESIAN_POINT('Origin',(24.9999995936047,-6.,-43.3012701892219));
#4054=CARTESIAN_POINT('Origin',(11.5302081965679,-6.,-20.6506350941393));
#4055=CARTESIAN_POINT('',(-6.05,-6.,-7.40911313484149E-16));
#4056=CARTESIAN_POINT('Origin',(0.,-6.,0.));
#4057=CARTESIAN_POINT('',(-4.1,-6.,5.02105187650415E-16));
#4058=CARTESIAN_POINT('Origin',(0.,-6.,0.));
#4059=CARTESIAN_POINT('Origin',(24.9999995836472,-6.19601523765685,-43.3012701892219));
#4060=CARTESIAN_POINT('',(21.3823332456379,-4.39203065412764,-43.3012701892219));
#4061=CARTESIAN_POINT('',(21.3823331539966,-6.19601505388152,-43.3012701892219));
#4062=CARTESIAN_POINT('Origin',(24.9999996752886,-4.39203083790297,-43.3012701892219));
#4063=CARTESIAN_POINT('Origin',(24.9999997460029,-2.99999977558515,-43.3012701892219));
#4064=CARTESIAN_POINT('',(21.6783491009011,-1.90398415168504,-43.3012701892219));
#4065=CARTESIAN_POINT('',(24.9999998016799,-1.90398432042295,-39.9796194884431));
#4066=CARTESIAN_POINT('Origin',(24.9999998016799,-1.90398432042295,-43.3012701892219));
#4067=CARTESIAN_POINT('',(24.999999690326,-4.09601534210124,-39.9796193770892));
#4068=CARTESIAN_POINT('Origin',(24.9999997460029,-2.99999977558515,-38.883603921927));
#4069=CARTESIAN_POINT('',(21.6783488781933,-4.09601517336332,-43.3012701892219));
#4070=CARTESIAN_POINT('Origin',(24.999999690326,-4.09601534210124,-43.3012701892219));
#4071=CARTESIAN_POINT('Origin',(24.999999690326,-4.09601534210124,-43.3012701892219));
#4072=CARTESIAN_POINT('Origin',(24.9999998016799,-1.90398432042295,-43.3012701892219));
#4073=CARTESIAN_POINT('Origin',(24.9999996828073,-4.2440230900021,-43.3012701892219));
#4074=CARTESIAN_POINT('',(21.5303411077363,-4.24402291374548,-43.3012701892219));
#4075=CARTESIAN_POINT('Origin',(24.9999999083586,0.196015672262725,-43.3012701892219));
#4076=CARTESIAN_POINT('',(21.3823337117781,-1.60796861077106,-43.3012701892219));
#4077=CARTESIAN_POINT('Origin',(24.9999998167173,-1.60796879454638,-43.3012701892219));
#4078=CARTESIAN_POINT('',(21.3823338950608,2.00000038052106,-43.3012701892219));
#4079=CARTESIAN_POINT('',(21.3823338034194,0.196015856038041,-43.3012701892219));
#4080=CARTESIAN_POINT('',(27.4285946167474,2.00000001570065,-40.6199579039265));
#4081=CARTESIAN_POINT('Origin',(25.,2.,-43.3012701892219));
#4082=CARTESIAN_POINT('',(27.4285946093077,-1.11022302462516E-15,-40.6199578655672));
#4083=CARTESIAN_POINT('',(27.4285946071857,0.196015548891539,-40.6199578546262));
#4084=CARTESIAN_POINT('',(22.1186782164208,-1.11022302462516E-15,-41.1136931250307));
#4085=CARTESIAN_POINT('Origin',(24.9999998984012,-1.11022302462516E-15,
-43.3012701892219));
#4086=CARTESIAN_POINT('',(22.1186782255304,2.00000028544128,-41.1136933984011));
#4087=CARTESIAN_POINT('',(22.1186782168394,0.196015818632177,-41.1136931375945));
#4088=CARTESIAN_POINT('Origin',(25.,2.,-43.3012701892219));
#4089=CARTESIAN_POINT('Origin',(24.9999998091986,-1.75597655748466,-43.3012701892219));
#4090=CARTESIAN_POINT('',(21.5303413605189,-1.75597638122805,-43.3012701892219));
#4091=CARTESIAN_POINT('Origin',(6.05,-1.11022302462516E-15,0.));
#4092=CARTESIAN_POINT('',(9.78250779955491,-1.11022302462516E-15,-2.07425677090545));
#4093=CARTESIAN_POINT('Origin',(-60.9250067537475,-1.11022302462516E-15,
-57.7559178964011));
#4094=CARTESIAN_POINT('',(4.19725619571332,-1.11022302462516E-15,-9.07651036618954));
#4095=CARTESIAN_POINT('Origin',(0.,-1.11022302462516E-15,0.));
#4096=CARTESIAN_POINT('Origin',(-17.8591311316575,-1.11022302462516E-15,
-42.4458942092435));
#4097=CARTESIAN_POINT('',(-6.05,-1.11022302462516E-15,-7.40911313484149E-16));
#4098=CARTESIAN_POINT('Origin',(0.,-1.11022302462516E-15,0.));
#4099=CARTESIAN_POINT('Origin',(-60.9250067537475,3.,-57.7559178964011));
#4100=CARTESIAN_POINT('',(9.78250779955491,2.,-2.07425677090545));
#4101=CARTESIAN_POINT('Origin',(-60.9250067537475,2.,-57.7559178964011));
#4102=CARTESIAN_POINT('',(9.78250779955486,3.,-2.07425677090543));
#4103=CARTESIAN_POINT('Origin',(-24.653254160443,3.,-40.8510883208275));
#4104=CARTESIAN_POINT('',(32.990277700549,3.,-43.695557207794));
#4105=CARTESIAN_POINT('',(5.16691628927589,3.,8.56171571938797));
#4106=CARTESIAN_POINT('Origin',(-24.653254160443,3.,-40.8510883208275));
#4107=CARTESIAN_POINT('',(5.16691628927589,2.,8.56171571938797));
#4108=CARTESIAN_POINT('',(5.1669162892759,3.,8.56171571938797));
#4109=CARTESIAN_POINT('',(32.990277700549,2.,-43.695557207794));
#4110=CARTESIAN_POINT('Origin',(-24.653254160443,2.,-40.8510883208275));
#4111=CARTESIAN_POINT('',(32.990277700549,3.,-43.695557207794));
#4112=CARTESIAN_POINT('Origin',(25.,3.,-43.3012701892219));
#4113=CARTESIAN_POINT('',(17.0722731055948,3.,-42.2283553404894));
#4114=CARTESIAN_POINT('Origin',(25.,3.,-43.3012701892219));
#4115=CARTESIAN_POINT('',(17.0722731055948,2.,-42.2283553404894));
#4116=CARTESIAN_POINT('Origin',(25.,2.,-43.3012701892219));
#4117=CARTESIAN_POINT('',(17.0722731055948,3.,-42.2283553404894));
#4118=CARTESIAN_POINT('Origin',(-12.9579390302556,3.,-38.1641562402552));
#4119=CARTESIAN_POINT('',(-3.21505177152045,3.,-9.46907821084227));
#4120=CARTESIAN_POINT('Origin',(-12.9579390302556,3.,-38.1641562402552));
#4121=CARTESIAN_POINT('',(-3.21505177152045,2.,-9.46907821084227));
#4122=CARTESIAN_POINT('Origin',(-12.9579390302556,2.,-38.1641562402552));
#4123=CARTESIAN_POINT('',(-3.21505177152045,3.,-9.46907821084227));
#4124=CARTESIAN_POINT('Origin',(14.9226823108076,2.,-21.3697772344453));
#4125=CARTESIAN_POINT('',(4.19725619571332,2.,-9.07651036618954));
#4126=CARTESIAN_POINT('Origin',(-17.8591311316575,2.,-42.4458942092435));
#4127=CARTESIAN_POINT('Origin',(0.,2.,0.));
#4128=CARTESIAN_POINT('Origin',(0.,2.,0.));
#4129=CARTESIAN_POINT('Origin',(-17.8591311316575,3.,-42.4458942092435));
#4130=CARTESIAN_POINT('',(4.19725619571332,3.,-9.07651036618955));
#4131=CARTESIAN_POINT('Origin',(0.,1.5,0.));
#4132=CARTESIAN_POINT('Origin',(0.,3.,0.));
#4133=CARTESIAN_POINT('Origin',(0.,-9.,0.));
#4134=CARTESIAN_POINT('',(-4.1,-1.5,-5.02105187650415E-16));
#4135=CARTESIAN_POINT('',(-4.1,-9.,5.02105187650415E-16));
#4136=CARTESIAN_POINT('Origin',(0.,-1.5,0.));
#4137=CARTESIAN_POINT('Origin',(0.,-1.5,0.));
#4138=CARTESIAN_POINT('',(-1.,-1.5,-1.22464679914736E-16));
#4139=CARTESIAN_POINT('Origin',(-8.31632781251592E-110,-1.5,2.69880267346702E-79));
#4140=CARTESIAN_POINT('Origin',(0.,-0.80398448916085,0.));
#4141=CARTESIAN_POINT('',(-6.05,-1.6079689783217,-7.40911313484149E-16));
#4142=CARTESIAN_POINT('Origin',(0.,-1.6079689783217,0.));
#4143=CARTESIAN_POINT('',(-6.05,-0.80398448916085,-7.40911313484149E-16));
#4144=CARTESIAN_POINT('Origin',(0.,-1.75597673374128,0.));
#4145=CARTESIAN_POINT('',(-5.75398448916085,-1.90398448916085,-7.04659868699436E-16));
#4146=CARTESIAN_POINT('',(-7.04659868699436E-16,-1.90398448916085,5.75398448916085));
#4147=CARTESIAN_POINT('Origin',(0.,-1.90398448916085,0.));
#4148=CARTESIAN_POINT('',(-5.90199224458043,-1.75597673374128,-7.22785591091792E-16));
#4149=CARTESIAN_POINT('Origin',(0.,-1.90398448916085,0.));
#4150=CARTESIAN_POINT('Origin',(0.,-3.,0.));
#4151=CARTESIAN_POINT('',(-7.04659868699436E-16,-4.09601551083915,5.75398448916085));
#4152=CARTESIAN_POINT('Origin',(-8.38883057415937E-16,-3.,6.85));
#4153=CARTESIAN_POINT('',(-5.75398448916085,-4.09601551083915,-7.04659868699436E-16));
#4154=CARTESIAN_POINT('Origin',(0.,-4.09601551083915,0.));
#4155=CARTESIAN_POINT('Origin',(0.,-4.09601551083915,0.));
#4156=CARTESIAN_POINT('Origin',(0.,-4.24402326625873,0.));
#4157=CARTESIAN_POINT('',(-6.05,-4.3920310216783,-7.40911313484149E-16));
#4158=CARTESIAN_POINT('Origin',(0.,-4.3920310216783,0.));
#4159=CARTESIAN_POINT('',(-5.90199224458043,-4.24402326625873,-7.22785591091792E-16));
#4160=CARTESIAN_POINT('Origin',(0.,-5.19601551083915,0.));
#4161=CARTESIAN_POINT('',(-6.05,-5.19601551083915,-7.40911313484149E-16));
#4162=CARTESIAN_POINT('Origin',(-8.31632781251592E-110,2.46519032881566E-32,
2.69880267346702E-79));
#4163=CARTESIAN_POINT('',(2.5,1.3684555315672E-47,9.43689570931399E-17));
#4164=CARTESIAN_POINT('',(2.32106760039857,-7.59230187799055E-33,-0.367620992844543));
#4165=CARTESIAN_POINT('Ctrl Pts',(2.5,-2.18952885050753E-48,-5.99520433297583E-16));
#4166=CARTESIAN_POINT('Ctrl Pts',(2.5,-9.82619380491158E-34,-0.0609928797711647));
#4167=CARTESIAN_POINT('Ctrl Pts',(2.48279804404058,-1.76653732674645E-33,
-0.119366410053279));
#4168=CARTESIAN_POINT('Ctrl Pts',(2.45698615340314,-2.43068707635215E-33,
-0.163322822278405));
#4169=CARTESIAN_POINT('Ctrl Pts',(2.39085642429951,-4.13223012263902E-33,
-0.275938580404922));
#4170=CARTESIAN_POINT('Ctrl Pts',(2.33308467604196,-5.17605746920762E-33,
-0.291748163299148));
#4171=CARTESIAN_POINT('Ctrl Pts',(2.32106760039857,-7.59230187799055E-33,
-0.367620992844543));
#4172=CARTESIAN_POINT('',(2.37764129073788,-1.5997499825429E-32,-0.772542485937369));
#4173=CARTESIAN_POINT('Ctrl Pts',(2.32106760039857,-7.59230187799055E-33,
-0.367620992844543));
#4174=CARTESIAN_POINT('Ctrl Pts',(2.31622713573377,-8.56556243066777E-33,
-0.398182483953687));
#4175=CARTESIAN_POINT('Ctrl Pts',(2.3187931784689,-9.41347290881779E-33,
-0.417662070664581));
#4176=CARTESIAN_POINT('Ctrl Pts',(2.32656506056165,-1.01889916676559E-32,
-0.442532570760218));
#4177=CARTESIAN_POINT('Ctrl Pts',(2.34561901976264,-1.20902946743344E-32,
-0.50350641061972));
#4178=CARTESIAN_POINT('Ctrl Pts',(2.42532672227903,-1.36331275112242E-32,
-0.625781818320089));
#4179=CARTESIAN_POINT('Ctrl Pts',(2.37764129073788,-1.5997499825429E-32,
-0.772542485937369));
#4180=CARTESIAN_POINT('',(2.09386533184266,-2.20337182274762E-32,-1.06687767438794));
#4181=CARTESIAN_POINT('Ctrl Pts',(2.37764129073788,-1.5997499825429E-32,
-0.77254248593737));
#4182=CARTESIAN_POINT('Ctrl Pts',(2.35879345435273,-1.69320263902829E-32,
-0.830550161691334));
#4183=CARTESIAN_POINT('Ctrl Pts',(2.32439500916568,-1.76031523359737E-32,
-0.880750991317326));
#4184=CARTESIAN_POINT('Ctrl Pts',(2.28626316398773,-1.81142799369794E-32,
-0.914579710733076));
#4185=CARTESIAN_POINT('Ctrl Pts',(2.18856987110737,-1.94237822228316E-32,
-1.00124845121042));
#4186=CARTESIAN_POINT('Ctrl Pts',(2.12874024368096,-1.98539926563896E-32,
-0.998431806035525));
#4187=CARTESIAN_POINT('Ctrl Pts',(2.09386533184266,-2.20337182274762E-32,
-1.06687767438794));
#4188=CARTESIAN_POINT('',(2.02254248593737,-3.04290529068096E-32,-1.46946313073118));
#4189=CARTESIAN_POINT('Ctrl Pts',(2.09386533184266,-2.20337182274762E-32,
-1.06687767438794));
#4190=CARTESIAN_POINT('Ctrl Pts',(2.07981775625514,-2.29117092561525E-32,
-1.09444759381289));
#4191=CARTESIAN_POINT('Ctrl Pts',(2.07623868458241,-2.37496444623608E-32,
-1.11376673250246));
#4192=CARTESIAN_POINT('Ctrl Pts',(2.07594477650244,-2.45620953426482E-32,
-1.13982162732688));
#4193=CARTESIAN_POINT('Ctrl Pts',(2.07522421583288,-2.65539431011514E-32,
-1.20369919225204));
#4194=CARTESIAN_POINT('Ctrl Pts',(2.11324556673647,-2.84177976864862E-32,
-1.34462105018826));
#4195=CARTESIAN_POINT('Ctrl Pts',(2.02254248593737,-3.04290529068096E-32,
-1.46946313073118));
#4196=CARTESIAN_POINT('',(1.66170093578839,-3.43183207189146E-32,-1.66170093578839));
#4197=CARTESIAN_POINT('Ctrl Pts',(2.02254248593737,-3.04290529068096E-32,
-1.46946313073118));
#4198=CARTESIAN_POINT('Ctrl Pts',(1.98669177071303,-3.1224008684629E-32,
-1.51880740700192));
#4199=CARTESIAN_POINT('Ctrl Pts',(1.93846399578133,-3.17166481461818E-32,
-1.55592152899826));
#4200=CARTESIAN_POINT('Ctrl Pts',(1.89174480674906,-3.20247208677658E-32,
-1.57631116484967));
#4201=CARTESIAN_POINT('Ctrl Pts',(1.77205085026827,-3.28139991856047E-32,
-1.62854914750327));
#4202=CARTESIAN_POINT('Ctrl Pts',(1.71601988446306,-3.25884807114634E-32,
-1.60738198711371));
#4203=CARTESIAN_POINT('Ctrl Pts',(1.66170093578839,-3.43183207189146E-32,
-1.66170093578839));
#4204=CARTESIAN_POINT('',(1.46946313073118,-2.37782417428102E-16,-2.02254248593737));
#4205=CARTESIAN_POINT('Ctrl Pts',(1.66170093578839,-1.94840112652986E-16,
-1.66170093578839));
#4206=CARTESIAN_POINT('Ctrl Pts',(1.63982132385186,-1.98796023903763E-16,
-1.68358054772491));
#4207=CARTESIAN_POINT('Ctrl Pts',(1.63044748224346,-2.03031034407964E-16,
-1.70084814649389));
#4208=CARTESIAN_POINT('Ctrl Pts',(1.62211655376142,-2.07401835874209E-16,
-1.72553700140654));
#4209=CARTESIAN_POINT('Ctrl Pts',(1.60169200672009,-2.18117525049565E-16,
-1.7860655102813));
#4210=CARTESIAN_POINT('Ctrl Pts',(1.5943052112741,-2.29486191539268E-16,
-1.93183940513827));
#4211=CARTESIAN_POINT('Ctrl Pts',(1.46946313073118,-2.37782417428102E-16,
-2.02254248593737));
#4212=CARTESIAN_POINT('',(1.06687767438793,-2.45512864770006E-16,-2.09386533184266));
#4213=CARTESIAN_POINT('Ctrl Pts',(1.46946313073118,-2.37782417428102E-16,
-2.02254248593737));
#4214=CARTESIAN_POINT('Ctrl Pts',(1.42011885446045,-2.4106153021189E-16,
-2.0583932011617));
#4215=CARTESIAN_POINT('Ctrl Pts',(1.36278262041705,-2.42571331070446E-16,
-2.07878762667811));
#4216=CARTESIAN_POINT('Ctrl Pts',(1.31204928726471,-2.4299635275374E-16,
-2.08374229934509));
#4217=CARTESIAN_POINT('Ctrl Pts',(1.1820711456007,-2.44085252794971E-16,
-2.09643610646937));
#4218=CARTESIAN_POINT('Ctrl Pts',(1.13532354274035,-2.39207357318081E-16,
-2.05899042000437));
#4219=CARTESIAN_POINT('Ctrl Pts',(1.06687767438793,-2.45512864770006E-16,
-2.09386533184266));
#4220=CARTESIAN_POINT('',(0.772542485937369,-2.79529996437382E-16,-2.37764129073788));
#4221=CARTESIAN_POINT('Ctrl Pts',(1.06687767438794,-2.45512864770006E-16,
-2.09386533184266));
#4222=CARTESIAN_POINT('Ctrl Pts',(1.03930775496297,-2.48052716138215E-16,
-2.1079129074302));
#4223=CARTESIAN_POINT('Ctrl Pts',(1.02505672034691,-2.51350860252594E-16,
-2.12143869340063));
#4224=CARTESIAN_POINT('Ctrl Pts',(1.0095042607876,-2.55051979787045E-16,
-2.14234479126532));
#4225=CARTESIAN_POINT('Ctrl Pts',(0.971375024345101,-2.64125841145943E-16,
-2.19359929191412));
#4226=CARTESIAN_POINT('Ctrl Pts',(0.919303153554611,-2.75168412374455E-16,
-2.32995585919675));
#4227=CARTESIAN_POINT('Ctrl Pts',(0.772542485937369,-2.79529996437382E-16,
-2.37764129073788));
#4228=CARTESIAN_POINT('',(0.367620992844542,-2.72153107094624E-16,-2.32106760039857));
#4229=CARTESIAN_POINT('Ctrl Pts',(0.772542485937368,-2.79529996437382E-16,
-2.37764129073788));
#4230=CARTESIAN_POINT('Ctrl Pts',(0.714534810183396,-2.81253928047968E-16,
-2.39648912712304));
#4231=CARTESIAN_POINT('Ctrl Pts',(0.653702587101489,-2.81328810304272E-16,
-2.39816750769365));
#4232=CARTESIAN_POINT('Ctrl Pts',(0.603921241957912,-2.80388186039759E-16,
-2.38720221929432));
#4233=CARTESIAN_POINT('Ctrl Pts',(0.476382081227744,-2.77978318871399E-16,
-2.359109292605));
#4234=CARTESIAN_POINT('Ctrl Pts',(0.443493822389939,-2.69980377300466E-16,
-2.30905052475519));
#4235=CARTESIAN_POINT('Ctrl Pts',(0.367620992844542,-2.72153107094624E-16,
-2.32106760039857));
#4236=CARTESIAN_POINT('',(-6.6613381477509E-17,-2.93915231795365E-16,-2.5));
#4237=CARTESIAN_POINT('Ctrl Pts',(0.367620992844542,-2.72153107094624E-16,
-2.32106760039857));
#4238=CARTESIAN_POINT('Ctrl Pts',(0.337059501735389,-2.73028280232157E-16,
-2.32590806506338));
#4239=CARTESIAN_POINT('Ctrl Pts',(0.319326264672712,-2.75066712631276E-16,
-2.33436804006478));
#4240=CARTESIAN_POINT('Ctrl Pts',(0.298074657138157,-2.7773585886668E-16,
-2.34944494636114));
#4241=CARTESIAN_POINT('Ctrl Pts',(0.245973086619453,-2.84279679638004E-16,
-2.38640829114937));
#4242=CARTESIAN_POINT('Ctrl Pts',(0.154313298003535,-2.93915231795365E-16,
-2.5));
#4243=CARTESIAN_POINT('Ctrl Pts',(-6.6613381477509E-17,-2.93915231795365E-16,
-2.5));
#4244=CARTESIAN_POINT('',(-0.367620992844545,-2.72153107094624E-16,-2.32106760039857));
#4245=CARTESIAN_POINT('Ctrl Pts',(-7.60502771868232E-16,-2.93915231795365E-16,
-2.5));
#4246=CARTESIAN_POINT('Ctrl Pts',(-0.0609928797711725,-2.93915231795365E-16,
-2.5));
#4247=CARTESIAN_POINT('Ctrl Pts',(-0.1193664100533,-2.92547865452435E-16,
-2.48279804404057));
#4248=CARTESIAN_POINT('Ctrl Pts',(-0.163322822278421,-2.90333670096841E-16,
-2.45698615340313));
#4249=CARTESIAN_POINT('Ctrl Pts',(-0.275938580404905,-2.8466093030786E-16,
-2.39085642429951));
#4250=CARTESIAN_POINT('Ctrl Pts',(-0.291748163299144,-2.74325836888783E-16,
-2.33308467604196));
#4251=CARTESIAN_POINT('Ctrl Pts',(-0.367620992844545,-2.72153107094624E-16,
-2.32106760039857));
#4252=CARTESIAN_POINT('',(-0.772542485937369,-2.79529996437382E-16,-2.37764129073788));
#4253=CARTESIAN_POINT('Ctrl Pts',(-0.367620992844542,-2.72153107094624E-16,
-2.32106760039857));
#4254=CARTESIAN_POINT('Ctrl Pts',(-0.398182483953693,-2.71277933957091E-16,
-2.31622713573377));
#4255=CARTESIAN_POINT('Ctrl Pts',(-0.4176620706646,-2.7185711867513E-16,
-2.3187931784689));
#4256=CARTESIAN_POINT('Ctrl Pts',(-0.442532570760233,-2.73233016980932E-16,
-2.32656506056166));
#4257=CARTESIAN_POINT('Ctrl Pts',(-0.503506410619709,-2.76606242394103E-16,
-2.34561901976264));
#4258=CARTESIAN_POINT('Ctrl Pts',(-0.625781818320101,-2.8389158050031E-16,
-2.42532672227903));
#4259=CARTESIAN_POINT('Ctrl Pts',(-0.772542485937369,-2.79529996437382E-16,
-2.37764129073788));
#4260=CARTESIAN_POINT('',(-1.06687767438793,-2.45512864770006E-16,-2.09386533184267));
#4261=CARTESIAN_POINT('Ctrl Pts',(-0.772542485937369,-2.79529996437382E-16,
-2.37764129073788));
#4262=CARTESIAN_POINT('Ctrl Pts',(-0.830550161691339,-2.77806064826797E-16,
-2.35879345435273));
#4263=CARTESIAN_POINT('Ctrl Pts',(-0.880750991317341,-2.7513029722928E-16,
-2.32439500916567));
#4264=CARTESIAN_POINT('Ctrl Pts',(-0.914579710733089,-2.71859271651219E-16,
-2.28626316398771));
#4265=CARTESIAN_POINT('Ctrl Pts',(-1.00124845121041,-2.63478946536466E-16,
-2.18856987110736));
#4266=CARTESIAN_POINT('Ctrl Pts',(-0.998431806035538,-2.5181837222193E-16,
-2.12874024368095));
#4267=CARTESIAN_POINT('Ctrl Pts',(-1.06687767438793,-2.45512864770006E-16,
-2.09386533184267));
#4268=CARTESIAN_POINT('',(-1.46946313073118,-2.37782417428102E-16,-2.02254248593737));
#4269=CARTESIAN_POINT('Ctrl Pts',(-1.06687767438793,-2.45512864770006E-16,
-2.09386533184266));
#4270=CARTESIAN_POINT('Ctrl Pts',(-1.09444759381289,-2.42973013401798E-16,
-2.07981775625514));
#4271=CARTESIAN_POINT('Ctrl Pts',(-1.11376673250247,-2.42036255803139E-16,
-2.07623868458241));
#4272=CARTESIAN_POINT('Ctrl Pts',(-1.1398216273269,-2.4198422366672E-16,
-2.07594477650244));
#4273=CARTESIAN_POINT('Ctrl Pts',(-1.20369919225206,-2.41856658915655E-16,
-2.07522421583289));
#4274=CARTESIAN_POINT('Ctrl Pts',(-1.34462105018827,-2.46078643316936E-16,
-2.11324556673646));
#4275=CARTESIAN_POINT('Ctrl Pts',(-1.46946313073118,-2.37782417428102E-16,
-2.02254248593737));
#4276=CARTESIAN_POINT('',(-1.66170093578839,-1.94840112652986E-16,-1.66170093578839));
#4277=CARTESIAN_POINT('Ctrl Pts',(-1.46946313073118,-2.37782417428102E-16,
-2.02254248593737));
#4278=CARTESIAN_POINT('Ctrl Pts',(-1.51880740700192,-2.34503304644313E-16,
-1.98669177071303));
#4279=CARTESIAN_POINT('Ctrl Pts',(-1.55592152899828,-2.30781058567823E-16,
-1.9384639957813));
#4280=CARTESIAN_POINT('Ctrl Pts',(-1.57631116484968,-2.26773393541449E-16,
-1.89174480674904));
#4281=CARTESIAN_POINT('Ctrl Pts',(-1.62854914750325,-2.16505807712315E-16,
-1.77205085026829));
#4282=CARTESIAN_POINT('Ctrl Pts',(-1.60738198711371,-2.04661170760228E-16,
-1.71601988446306));
#4283=CARTESIAN_POINT('Ctrl Pts',(-1.66170093578839,-1.94840112652986E-16,
-1.66170093578839));
#4284=CARTESIAN_POINT('',(-2.02254248593737,-1.72759038673439E-16,-1.46946313073118));
#4285=CARTESIAN_POINT('Ctrl Pts',(-1.66170093578839,-1.94840112652986E-16,
-1.66170093578839));
#4286=CARTESIAN_POINT('Ctrl Pts',(-1.6835805477249,-1.9088420140221E-16,
-1.63982132385187));
#4287=CARTESIAN_POINT('Ctrl Pts',(-1.70084814649388,-1.88523197847384E-16,
-1.63044748224346));
#4288=CARTESIAN_POINT('Ctrl Pts',(-1.72553700140652,-1.87048328536786E-16,
-1.62211655376143));
#4289=CARTESIAN_POINT('Ctrl Pts',(-1.78606551028128,-1.83432460548112E-16,
-1.60169200672009));
#4290=CARTESIAN_POINT('Ctrl Pts',(-1.93183940513826,-1.84177813994977E-16,
-1.59430521127411));
#4291=CARTESIAN_POINT('Ctrl Pts',(-2.02254248593737,-1.72759038673439E-16,
-1.46946313073118));
#4292=CARTESIAN_POINT('',(-2.09386533184267,-1.25095052778602E-16,-1.06687767438793));
#4293=CARTESIAN_POINT('Ctrl Pts',(-2.02254248593737,-1.72759038673439E-16,
-1.46946313073118));
#4294=CARTESIAN_POINT('Ctrl Pts',(-2.05839320116171,-1.68245727122645E-16,
-1.42011885446043));
#4295=CARTESIAN_POINT('Ctrl Pts',(-2.07878762667813,-1.63841361947563E-16,
-1.36278262041701));
#4296=CARTESIAN_POINT('Ctrl Pts',(-2.0837422993451,-1.59489355648701E-16,
-1.31204928726464));
#4297=CARTESIAN_POINT('Ctrl Pts',(-2.09643610646936,-1.48339571944619E-16,
-1.18207114560066));
#4298=CARTESIAN_POINT('Ctrl Pts',(-2.05899042000437,-1.37470307946289E-16,
-1.13532354274034));
#4299=CARTESIAN_POINT('Ctrl Pts',(-2.09386533184267,-1.25095052778602E-16,
-1.06687767438793));
#4300=CARTESIAN_POINT('',(-2.37764129073788,-9.08248015304196E-17,-0.772542485937368));
#4301=CARTESIAN_POINT('Ctrl Pts',(-2.09386533184266,-1.25095052778602E-16,
-1.06687767438794));
#4302=CARTESIAN_POINT('Ctrl Pts',(-2.10791290743019,-1.20110313800936E-16,
-1.03930775496297));
#4303=CARTESIAN_POINT('Ctrl Pts',(-2.12143869340062,-1.16556175767967E-16,
-1.02505672034693));
#4304=CARTESIAN_POINT('Ctrl Pts',(-2.1423447912653,-1.1380283976733E-16,
-1.00950426078762));
#4305=CARTESIAN_POINT('Ctrl Pts',(-2.19359929191411,-1.07052614893016E-16,
-0.971375024345103));
#4306=CARTESIAN_POINT('Ctrl Pts',(-2.32995585919674,-1.04248376996899E-16,
-0.919303153554628));
#4307=CARTESIAN_POINT('Ctrl Pts',(-2.37764129073788,-9.08248015304196E-17,
-0.772542485937368));
#4308=CARTESIAN_POINT('',(-2.32106760039857,-4.31048175497656E-17,-0.367620992844542));
#4309=CARTESIAN_POINT('Ctrl Pts',(-2.37764129073788,-9.08248015304196E-17,
-0.772542485937368));
#4310=CARTESIAN_POINT('Ctrl Pts',(-2.39648912712304,-8.55190855933048E-17,
-0.714534810183396));
#4311=CARTESIAN_POINT('Ctrl Pts',(-2.39816750769365,-8.08637312699844E-17,
-0.653702587101503));
#4312=CARTESIAN_POINT('Ctrl Pts',(-2.38720221929432,-7.65933883973794E-17,
-0.603921241957916));
#4313=CARTESIAN_POINT('Ctrl Pts',(-2.359109292605,-6.56528253324143E-17,
-0.47638208122772));
#4314=CARTESIAN_POINT('Ctrl Pts',(-2.30905052475519,-5.68228935786124E-17,
-0.443493822389939));
#4315=CARTESIAN_POINT('Ctrl Pts',(-2.32106760039857,-4.31048175497656E-17,
-0.367620992844542));
#4316=CARTESIAN_POINT('',(-2.5,-5.17321571574901E-33,5.07486229170555E-16));
#4317=CARTESIAN_POINT('Ctrl Pts',(-2.32106760039857,-4.31048175497656E-17,
-0.367620992844542));
#4318=CARTESIAN_POINT('Ctrl Pts',(-2.32590806506338,-3.75791918270623E-17,
-0.337059501735387));
#4319=CARTESIAN_POINT('Ctrl Pts',(-2.33436804006479,-3.31798231097542E-17,
-0.319326264672693));
#4320=CARTESIAN_POINT('Ctrl Pts',(-2.34944494636115,-2.94175361304399E-17,
-0.298074657138152));
#4321=CARTESIAN_POINT('Ctrl Pts',(-2.38640829114935,-2.01937134127652E-17,
-0.245973086619483));
#4322=CARTESIAN_POINT('Ctrl Pts',(-2.5,-1.41143825172142E-17,-0.154313298003531));
#4323=CARTESIAN_POINT('Ctrl Pts',(-2.5,-5.17321571574901E-33,5.07486229170555E-16));
#4324=CARTESIAN_POINT('',(-2.32106760039857,4.31048175497656E-17,0.367620992844544));
#4325=CARTESIAN_POINT('Ctrl Pts',(-2.5,8.81698578076868E-33,6.21724893790086E-16));
#4326=CARTESIAN_POINT('Ctrl Pts',(-2.5,5.57875988041579E-18,0.0609928797711705));
#4327=CARTESIAN_POINT('Ctrl Pts',(-2.48279804404057,1.0029404835048E-17,
0.119366410053306));
#4328=CARTESIAN_POINT('Ctrl Pts',(-2.45698615340313,1.38000733677981E-17,
0.163322822278419));
#4329=CARTESIAN_POINT('Ctrl Pts',(-2.39085642429952,2.34604772534608E-17,
0.275938580404887));
#4330=CARTESIAN_POINT('Ctrl Pts',(-2.33308467604196,2.93867415209195E-17,
0.291748163299143));
#4331=CARTESIAN_POINT('Ctrl Pts',(-2.32106760039857,4.31048175497656E-17,
0.367620992844544));
#4332=CARTESIAN_POINT('',(-2.37764129073788,9.08248015304196E-17,0.772542485937369));
#4333=CARTESIAN_POINT('Ctrl Pts',(-2.32106760039857,4.31048175497657E-17,
0.367620992844542));
#4334=CARTESIAN_POINT('Ctrl Pts',(-2.31622713573377,4.86304432724687E-17,
0.398182483953699));
#4335=CARTESIAN_POINT('Ctrl Pts',(-2.31879317846891,5.34444018118618E-17,
0.417662070664612));
#4336=CARTESIAN_POINT('Ctrl Pts',(-2.32656506056166,5.78473609069227E-17,
0.442532570760248));
#4337=CARTESIAN_POINT('Ctrl Pts',(-2.34561901976264,6.86418894342015E-17,
0.503506410619714));
#4338=CARTESIAN_POINT('Ctrl Pts',(-2.42532672227902,7.74012260639405E-17,
0.625781818320111));
#4339=CARTESIAN_POINT('Ctrl Pts',(-2.37764129073788,9.08248015304196E-17,
0.772542485937369));
#4340=CARTESIAN_POINT('',(-2.09386533184267,1.25095052778602E-16,1.06687767438793));
#4341=CARTESIAN_POINT('Ctrl Pts',(-2.37764129073788,9.08248015304196E-17,
0.772542485937369));
#4342=CARTESIAN_POINT('Ctrl Pts',(-2.35879345435273,9.61305174675344E-17,
0.830550161691339));
#4343=CARTESIAN_POINT('Ctrl Pts',(-2.32439500916567,9.99407929158516E-17,
0.880750991317341));
#4344=CARTESIAN_POINT('Ctrl Pts',(-2.28626316398771,1.02842687800968E-16,
0.914579710733089));
#4345=CARTESIAN_POINT('Ctrl Pts',(-2.18856987110736,1.10277304867009E-16,
1.00124845121041));
#4346=CARTESIAN_POINT('Ctrl Pts',(-2.12874024368095,1.12719797610915E-16,
0.998431806035538));
#4347=CARTESIAN_POINT('Ctrl Pts',(-2.09386533184267,1.25095052778602E-16,
1.06687767438793));
#4348=CARTESIAN_POINT('',(-2.02254248593737,1.72759038673439E-16,1.46946313073118));
#4349=CARTESIAN_POINT('Ctrl Pts',(-2.09386533184266,1.25095052778602E-16,
1.06687767438793));
#4350=CARTESIAN_POINT('Ctrl Pts',(-2.07981775625514,1.30079791756269E-16,
1.09444759381289));
#4351=CARTESIAN_POINT('Ctrl Pts',(-2.07623868458241,1.34837116315089E-16,
1.11376673250247));
#4352=CARTESIAN_POINT('Ctrl Pts',(-2.07594477650244,1.39449755212452E-16,
1.1398216273269));
#4353=CARTESIAN_POINT('Ctrl Pts',(-2.07522421583289,1.50758345887182E-16,
1.20369919225206));
#4354=CARTESIAN_POINT('Ctrl Pts',(-2.11324556673646,1.61340263351904E-16,
1.34462105018827));
#4355=CARTESIAN_POINT('Ctrl Pts',(-2.02254248593737,1.72759038673439E-16,
1.46946313073118));
#4356=CARTESIAN_POINT('',(-1.66170093578839,1.94840112652986E-16,1.66170093578839));
#4357=CARTESIAN_POINT('Ctrl Pts',(-2.02254248593737,1.72759038673439E-16,
1.46946313073118));
#4358=CARTESIAN_POINT('Ctrl Pts',(-1.98669177071303,1.77272350224232E-16,
1.51880740700192));
#4359=CARTESIAN_POINT('Ctrl Pts',(-1.9384639957813,1.80069279857604E-16,
1.55592152899828));
#4360=CARTESIAN_POINT('Ctrl Pts',(-1.89174480674903,1.81818343405041E-16,
1.57631116484968));
#4361=CARTESIAN_POINT('Ctrl Pts',(-1.77205085026829,1.86299421533013E-16,
1.62854914750325));
#4362=CARTESIAN_POINT('Ctrl Pts',(-1.71601988446306,1.85019054545744E-16,
1.60738198711371));
#4363=CARTESIAN_POINT('Ctrl Pts',(-1.66170093578839,1.94840112652986E-16,
1.66170093578839));
#4364=CARTESIAN_POINT('',(-1.46946313073118,4.18819982779935E-32,2.02254248593737));
#4365=CARTESIAN_POINT('Ctrl Pts',(-1.66170093578839,3.43183207189146E-32,
1.66170093578839));
#4366=CARTESIAN_POINT('Ctrl Pts',(-1.63982132385185,3.50150983443801E-32,
1.68358054772492));
#4367=CARTESIAN_POINT('Ctrl Pts',(-1.63044748224345,3.57610353424256E-32,
1.70084814649391));
#4368=CARTESIAN_POINT('Ctrl Pts',(-1.62211655376141,3.65308899913219E-32,
1.72553700140658));
#4369=CARTESIAN_POINT('Ctrl Pts',(-1.60169200672009,3.84183065650279E-32,
1.78606551028133));
#4370=CARTESIAN_POINT('Ctrl Pts',(-1.59430521127407,4.04207358257561E-32,
1.93183940513829));
#4371=CARTESIAN_POINT('Ctrl Pts',(-1.46946313073118,4.18819982779935E-32,
2.02254248593737));
#4372=CARTESIAN_POINT('',(-1.06687767438793,4.32436068685852E-32,2.09386533184266));
#4373=CARTESIAN_POINT('Ctrl Pts',(-1.46946313073118,4.18819982779936E-32,
2.02254248593737));
#4374=CARTESIAN_POINT('Ctrl Pts',(-1.42011885446044,4.2459567458463E-32,
2.05839320116171));
#4375=CARTESIAN_POINT('Ctrl Pts',(-1.36278262041702,4.27254974529601E-32,
2.07878762667812));
#4376=CARTESIAN_POINT('Ctrl Pts',(-1.31204928726467,4.28003589906647E-32,
2.0837422993451));
#4377=CARTESIAN_POINT('Ctrl Pts',(-1.1820711456007,4.29921532795148E-32,
2.09643610646936));
#4378=CARTESIAN_POINT('Ctrl Pts',(-1.13532354274034,4.21329812172028E-32,
2.05899042000437));
#4379=CARTESIAN_POINT('Ctrl Pts',(-1.06687767438793,4.32436068685852E-32,
2.09386533184266));
#4380=CARTESIAN_POINT('',(-0.772542485937369,4.92352418486867E-32,2.37764129073788));
#4381=CARTESIAN_POINT('Ctrl Pts',(-1.06687767438793,4.32436068685852E-32,
2.09386533184267));
#4382=CARTESIAN_POINT('Ctrl Pts',(-1.03930775496298,4.36909656421235E-32,
2.10791290743019));
#4383=CARTESIAN_POINT('Ctrl Pts',(-1.02505672034693,4.42718869213881E-32,
2.12143869340061));
#4384=CARTESIAN_POINT('Ctrl Pts',(-1.00950426078763,4.4923786601966E-32,
2.1423447912653));
#4385=CARTESIAN_POINT('Ctrl Pts',(-0.971375024345101,4.65220185062365E-32,
2.1935992919141));
#4386=CARTESIAN_POINT('Ctrl Pts',(-0.919303153554632,4.84670107145739E-32,
2.32995585919674));
#4387=CARTESIAN_POINT('Ctrl Pts',(-0.772542485937369,4.92352418486867E-32,
2.37764129073788));
#4388=CARTESIAN_POINT('',(-0.367620992844541,4.7935907482033E-32,2.32106760039857));
#4389=CARTESIAN_POINT('Ctrl Pts',(-0.772542485937369,4.92352418486867E-32,
2.37764129073788));
#4390=CARTESIAN_POINT('Ctrl Pts',(-0.714534810183396,4.95388879362607E-32,
2.39648912712304));
#4391=CARTESIAN_POINT('Ctrl Pts',(-0.653702587101487,4.95520773829974E-32,
2.39816750769365));
#4392=CARTESIAN_POINT('Ctrl Pts',(-0.60392124195791,4.93863997679211E-32,
2.38720221929432));
#4393=CARTESIAN_POINT('Ctrl Pts',(-0.476382081227744,4.89619358664806E-32,
2.359109292605));
#4394=CARTESIAN_POINT('Ctrl Pts',(-0.443493822389944,4.75532119636607E-32,
2.30905052475519));
#4395=CARTESIAN_POINT('Ctrl Pts',(-0.367620992844541,4.7935907482033E-32,
2.32106760039857));
#4396=CARTESIAN_POINT('',(4.44089209850056E-17,5.17689969051292E-32,2.5));
#4397=CARTESIAN_POINT('Ctrl Pts',(-0.367620992844544,4.7935907482033E-32,
2.32106760039857));
#4398=CARTESIAN_POINT('Ctrl Pts',(-0.337059501735375,4.80900568099589E-32,
2.32590806506338));
#4399=CARTESIAN_POINT('Ctrl Pts',(-0.319326264672688,4.84490977481121E-32,
2.33436804006479));
#4400=CARTESIAN_POINT('Ctrl Pts',(-0.298074657138133,4.89192299775852E-32,
2.34944494636116));
#4401=CARTESIAN_POINT('Ctrl Pts',(-0.245973086619456,5.00718311380934E-32,
2.38640829114938));
#4402=CARTESIAN_POINT('Ctrl Pts',(-0.154313298003512,5.17689969051292E-32,
2.5));
#4403=CARTESIAN_POINT('Ctrl Pts',(4.44089209850056E-17,5.17689969051292E-32,
2.5));
#4404=CARTESIAN_POINT('',(0.367620992844542,4.7935907482033E-32,2.32106760039857));
#4405=CARTESIAN_POINT('Ctrl Pts',(1.58647585604537E-16,5.17689969051292E-32,
2.5));
#4406=CARTESIAN_POINT('Ctrl Pts',(0.0609928797711633,5.17689969051292E-32,
2.5));
#4407=CARTESIAN_POINT('Ctrl Pts',(0.119366410053272,5.15281547291626E-32,
2.48279804404058));
#4408=CARTESIAN_POINT('Ctrl Pts',(0.163322822278399,5.1138155640613E-32,
2.45698615340314));
#4409=CARTESIAN_POINT('Ctrl Pts',(0.275938580404922,5.01389830329688E-32,
2.39085642429952));
#4410=CARTESIAN_POINT('Ctrl Pts',(0.291748163299148,4.83186030004054E-32,
2.33308467604196));
#4411=CARTESIAN_POINT('Ctrl Pts',(0.367620992844542,4.7935907482033E-32,
2.32106760039857));
#4412=CARTESIAN_POINT('',(0.772542485937369,4.92352418486867E-32,2.37764129073788));
#4413=CARTESIAN_POINT('Ctrl Pts',(0.367620992844543,4.7935907482033E-32,
2.32106760039857));
#4414=CARTESIAN_POINT('Ctrl Pts',(0.398182483953686,4.77817581541073E-32,
2.31622713573377));
#4415=CARTESIAN_POINT('Ctrl Pts',(0.417662070664567,4.78837733225369E-32,
2.31879317846889));
#4416=CARTESIAN_POINT('Ctrl Pts',(0.442532570760215,4.81261182826796E-32,
2.32656506056165));
#4417=CARTESIAN_POINT('Ctrl Pts',(0.503506410619742,4.87202640671905E-32,
2.34561901976265));
#4418=CARTESIAN_POINT('Ctrl Pts',(0.625781818320089,5.00034729827996E-32,
2.42532672227903));
#4419=CARTESIAN_POINT('Ctrl Pts',(0.772542485937369,4.92352418486867E-32,
2.37764129073788));
#4420=CARTESIAN_POINT('',(1.06687767438794,4.32436068685852E-32,2.09386533184266));
#4421=CARTESIAN_POINT('Ctrl Pts',(0.772542485937369,4.92352418486867E-32,
2.37764129073788));
#4422=CARTESIAN_POINT('Ctrl Pts',(0.83055016169134,4.89315957611128E-32,
2.35879345435273));
#4423=CARTESIAN_POINT('Ctrl Pts',(0.880750991317338,4.84602972726727E-32,
2.32439500916568));
#4424=CARTESIAN_POINT('Ctrl Pts',(0.914579710733087,4.78841525387204E-32,
2.28626316398772));
#4425=CARTESIAN_POINT('Ctrl Pts',(1.00124845121042,4.64080772013537E-32,
2.18856987110736));
#4426=CARTESIAN_POINT('Ctrl Pts',(0.998431806035528,4.43542325199676E-32,
2.12874024368096));
#4427=CARTESIAN_POINT('Ctrl Pts',(1.06687767438794,4.32436068685852E-32,
2.09386533184266));
#4428=CARTESIAN_POINT('',(1.46946313073118,4.18819982779936E-32,2.02254248593737));
#4429=CARTESIAN_POINT('Ctrl Pts',(1.06687767438793,4.32436068685852E-32,
2.09386533184266));
#4430=CARTESIAN_POINT('Ctrl Pts',(1.09444759381289,4.27962480950468E-32,
2.07981775625514));
#4431=CARTESIAN_POINT('Ctrl Pts',(1.11376673250246,4.26312515382858E-32,
2.07623868458241));
#4432=CARTESIAN_POINT('Ctrl Pts',(1.13982162732688,4.26220868158834E-32,
2.07594477650244));
#4433=CARTESIAN_POINT('Ctrl Pts',(1.20369919225205,4.25996180953519E-32,
2.07522421583288));
#4434=CARTESIAN_POINT('Ctrl Pts',(1.34462105018826,4.33432607302313E-32,
2.11324556673647));
#4435=CARTESIAN_POINT('Ctrl Pts',(1.46946313073118,4.18819982779936E-32,
2.02254248593737));
#4436=CARTESIAN_POINT('',(1.66170093578839,3.43183207189146E-32,1.66170093578839));
#4437=CARTESIAN_POINT('Ctrl Pts',(1.46946313073118,4.18819982779936E-32,
2.02254248593737));
#4438=CARTESIAN_POINT('Ctrl Pts',(1.51880740700191,4.13044290975242E-32,
1.98669177071304));
#4439=CARTESIAN_POINT('Ctrl Pts',(1.55592152899827,4.06488082763888E-32,
1.93846399578131));
#4440=CARTESIAN_POINT('Ctrl Pts',(1.57631116484967,3.99429149578296E-32,
1.89174480674906));
#4441=CARTESIAN_POINT('Ctrl Pts',(1.62854914750325,3.81344254291832E-32,
1.7720508502683));
#4442=CARTESIAN_POINT('Ctrl Pts',(1.60738198711371,3.60481607263658E-32,
1.71601988446306));
#4443=CARTESIAN_POINT('Ctrl Pts',(1.66170093578839,3.43183207189146E-32,
1.66170093578839));
#4444=CARTESIAN_POINT('',(2.02254248593737,3.04290529068096E-32,1.46946313073118));
#4445=CARTESIAN_POINT('Ctrl Pts',(1.66170093578839,3.43183207189146E-32,
1.66170093578839));
#4446=CARTESIAN_POINT('Ctrl Pts',(1.68358054772491,3.36215430934494E-32,
1.63982132385186));
#4447=CARTESIAN_POINT('Ctrl Pts',(1.70084814649389,3.32056858240721E-32,
1.63044748224346));
#4448=CARTESIAN_POINT('Ctrl Pts',(1.72553700140654,3.29459085260075E-32,
1.62211655376142));
#4449=CARTESIAN_POINT('Ctrl Pts',(1.7860655102813,3.23090246953482E-32,
1.60169200672009));
#4450=CARTESIAN_POINT('Ctrl Pts',(1.93183940513827,3.2440308127133E-32,
1.59430521127409));
#4451=CARTESIAN_POINT('Ctrl Pts',(2.02254248593737,3.04290529068096E-32,
1.46946313073118));
#4452=CARTESIAN_POINT('',(2.09386533184266,2.20337182274762E-32,1.06687767438793));
#4453=CARTESIAN_POINT('Ctrl Pts',(2.02254248593737,3.04290529068096E-32,
1.46946313073118));
#4454=CARTESIAN_POINT('Ctrl Pts',(2.05839320116171,2.96340971289901E-32,
1.42011885446044));
#4455=CARTESIAN_POINT('Ctrl Pts',(2.07878762667812,2.88583307091108E-32,
1.36278262041702));
#4456=CARTESIAN_POINT('Ctrl Pts',(2.0837422993451,2.8091786562213E-32,1.31204928726467));
#4457=CARTESIAN_POINT('Ctrl Pts',(2.09643610646936,2.61279103978385E-32,
1.1820711456007));
#4458=CARTESIAN_POINT('Ctrl Pts',(2.05899042000437,2.42134437985628E-32,
1.13532354274034));
#4459=CARTESIAN_POINT('Ctrl Pts',(2.09386533184266,2.20337182274762E-32,
1.06687767438793));
#4460=CARTESIAN_POINT('',(2.37764129073788,1.5997499825429E-32,0.772542485937369));
#4461=CARTESIAN_POINT('Ctrl Pts',(2.09386533184267,2.20337182274762E-32,
1.06687767438793));
#4462=CARTESIAN_POINT('Ctrl Pts',(2.10791290743019,2.11557271987999E-32,
1.03930775496298));
#4463=CARTESIAN_POINT('Ctrl Pts',(2.12143869340061,2.05297162237809E-32,
1.02505672034693));
#4464=CARTESIAN_POINT('Ctrl Pts',(2.1423447912653,2.00447551619636E-32,
1.00950426078763));
#4465=CARTESIAN_POINT('Ctrl Pts',(2.1935992919141,1.88557988479519E-32,
0.971375024345101));
#4466=CARTESIAN_POINT('Ctrl Pts',(2.32995585919674,1.83618721396335E-32,
0.919303153554632));
#4467=CARTESIAN_POINT('Ctrl Pts',(2.37764129073788,1.5997499825429E-32,
0.772542485937369));
#4468=CARTESIAN_POINT('',(2.32106760039857,7.59230187799055E-33,0.367620992844544));
#4469=CARTESIAN_POINT('Ctrl Pts',(2.37764129073788,1.5997499825429E-32,
0.772542485937369));
#4470=CARTESIAN_POINT('Ctrl Pts',(2.39648912712304,1.50629732605749E-32,
0.714534810183396));
#4471=CARTESIAN_POINT('Ctrl Pts',(2.39816750769365,1.42429986642122E-32,
0.653702587101507));
#4472=CARTESIAN_POINT('Ctrl Pts',(2.38720221929432,1.34908383709014E-32,
0.603921241957915));
#4473=CARTESIAN_POINT('Ctrl Pts',(2.359109292605,1.15638134528975E-32,0.476382081227711));
#4474=CARTESIAN_POINT('Ctrl Pts',(2.30905052475519,1.00085462867735E-32,
0.443493822389941));
#4475=CARTESIAN_POINT('Ctrl Pts',(2.32106760039857,7.59230187799056E-33,
0.367620992844541));
#4476=CARTESIAN_POINT('Ctrl Pts',(2.32106760039857,7.59230187799055E-33,
0.367620992844544));
#4477=CARTESIAN_POINT('Ctrl Pts',(2.32590806506338,6.61904132531352E-33,
0.337059501735403));
#4478=CARTESIAN_POINT('Ctrl Pts',(2.33436804006477,5.84415496056287E-33,
0.319326264672734));
#4479=CARTESIAN_POINT('Ctrl Pts',(2.34944494636112,5.18148150264611E-33,
0.298074657138194));
#4480=CARTESIAN_POINT('Ctrl Pts',(2.38640829114933,3.55683603324282E-33,
0.245973086619483));
#4481=CARTESIAN_POINT('Ctrl Pts',(2.5,2.48604817242128E-33,0.154313298003569));
#4482=CARTESIAN_POINT('Ctrl Pts',(2.5,1.49161652940825E-47,9.43689570931399E-17));
#4483=CARTESIAN_POINT('',(-1.,2.46519032881567E-32,-1.22464679914736E-16));
#4484=CARTESIAN_POINT('Origin',(-8.31632781251592E-110,2.46519032881566E-32,
2.69880267346702E-79));
#4485=CARTESIAN_POINT('Origin',(-8.31632781251592E-110,2.46519032881566E-32,
2.69880267346702E-79));
#4486=CARTESIAN_POINT('',(-1.,2.46519032881566E-32,-1.22464679914736E-16));
#4487=CARTESIAN_POINT('Ctrl Pts',(2.32106760039857,-7.59230187799055E-33,
-0.367620992844543));
#4488=CARTESIAN_POINT('Ctrl Pts',(2.32106760039857,3.,-0.367620992844543));
#4489=CARTESIAN_POINT('Ctrl Pts',(2.33308467604196,-5.17605746920762E-33,
-0.291748163299148));
#4490=CARTESIAN_POINT('Ctrl Pts',(2.33308467604196,3.,-0.291748163299148));
#4491=CARTESIAN_POINT('Ctrl Pts',(2.39085642429951,-4.13223012263902E-33,
-0.275938580404922));
#4492=CARTESIAN_POINT('Ctrl Pts',(2.39085642429951,3.,-0.275938580404922));
#4493=CARTESIAN_POINT('Ctrl Pts',(2.45698615340314,-2.43068707635215E-33,
-0.163322822278405));
#4494=CARTESIAN_POINT('Ctrl Pts',(2.45698615340314,3.,-0.163322822278405));
#4495=CARTESIAN_POINT('Ctrl Pts',(2.48279804404058,-1.76653732674645E-33,
-0.119366410053279));
#4496=CARTESIAN_POINT('Ctrl Pts',(2.48279804404058,3.,-0.119366410053279));
#4497=CARTESIAN_POINT('Ctrl Pts',(2.5,-9.82619380491158E-34,-0.0609928797711647));
#4498=CARTESIAN_POINT('Ctrl Pts',(2.5,3.,-0.0609928797711647));
#4499=CARTESIAN_POINT('Ctrl Pts',(2.5,-2.18952885050753E-48,-5.99520433297583E-16));
#4500=CARTESIAN_POINT('Ctrl Pts',(2.5,3.,-5.99520433297583E-16));
#4501=CARTESIAN_POINT('',(2.5,3.,6.93889390390723E-17));
#4502=CARTESIAN_POINT('',(2.5,1.3684555315672E-47,9.43689570931399E-17));
#4503=CARTESIAN_POINT('',(2.32106760039857,3.,-0.367620992844543));
#4504=CARTESIAN_POINT('Ctrl Pts',(2.32106760039857,3.,-0.367620992844543));
#4505=CARTESIAN_POINT('Ctrl Pts',(2.33308467604196,3.,-0.291748163299148));
#4506=CARTESIAN_POINT('Ctrl Pts',(2.39085642429951,3.,-0.275938580404922));
#4507=CARTESIAN_POINT('Ctrl Pts',(2.45698615340314,3.,-0.163322822278405));
#4508=CARTESIAN_POINT('Ctrl Pts',(2.48279804404058,3.,-0.119366410053279));
#4509=CARTESIAN_POINT('Ctrl Pts',(2.5,3.,-0.0609928797711647));
#4510=CARTESIAN_POINT('Ctrl Pts',(2.5,3.,-5.99520433297583E-16));
#4511=CARTESIAN_POINT('',(2.32106760039857,-7.59230187799055E-33,-0.367620992844543));
#4512=CARTESIAN_POINT('Ctrl Pts',(2.37764129073788,-1.5997499825429E-32,
-0.772542485937369));
#4513=CARTESIAN_POINT('Ctrl Pts',(2.37764129073788,3.,-0.772542485937369));
#4514=CARTESIAN_POINT('Ctrl Pts',(2.42532672227903,-1.36331275112242E-32,
-0.625781818320089));
#4515=CARTESIAN_POINT('Ctrl Pts',(2.42532672227903,3.,-0.625781818320089));
#4516=CARTESIAN_POINT('Ctrl Pts',(2.34561901976264,-1.20902946743344E-32,
-0.50350641061972));
#4517=CARTESIAN_POINT('Ctrl Pts',(2.34561901976264,3.,-0.50350641061972));
#4518=CARTESIAN_POINT('Ctrl Pts',(2.32656506056165,-1.01889916676559E-32,
-0.442532570760218));
#4519=CARTESIAN_POINT('Ctrl Pts',(2.32656506056165,3.,-0.442532570760218));
#4520=CARTESIAN_POINT('Ctrl Pts',(2.3187931784689,-9.41347290881779E-33,
-0.417662070664581));
#4521=CARTESIAN_POINT('Ctrl Pts',(2.3187931784689,3.,-0.417662070664581));
#4522=CARTESIAN_POINT('Ctrl Pts',(2.31622713573377,-8.56556243066777E-33,
-0.398182483953687));
#4523=CARTESIAN_POINT('Ctrl Pts',(2.31622713573377,3.,-0.398182483953687));
#4524=CARTESIAN_POINT('Ctrl Pts',(2.32106760039857,-7.59230187799055E-33,
-0.367620992844543));
#4525=CARTESIAN_POINT('Ctrl Pts',(2.32106760039857,3.,-0.367620992844543));
#4526=CARTESIAN_POINT('',(2.37764129073788,3.,-0.772542485937369));
#4527=CARTESIAN_POINT('Ctrl Pts',(2.37764129073788,3.,-0.772542485937369));
#4528=CARTESIAN_POINT('Ctrl Pts',(2.42532672227903,3.,-0.625781818320089));
#4529=CARTESIAN_POINT('Ctrl Pts',(2.34561901976264,3.,-0.50350641061972));
#4530=CARTESIAN_POINT('Ctrl Pts',(2.32656506056165,3.,-0.442532570760218));
#4531=CARTESIAN_POINT('Ctrl Pts',(2.3187931784689,3.,-0.417662070664581));
#4532=CARTESIAN_POINT('Ctrl Pts',(2.31622713573377,3.,-0.398182483953687));
#4533=CARTESIAN_POINT('Ctrl Pts',(2.32106760039857,3.,-0.367620992844543));
#4534=CARTESIAN_POINT('',(2.37764129073788,-1.5997499825429E-32,-0.772542485937369));
#4535=CARTESIAN_POINT('Ctrl Pts',(2.09386533184266,-2.20337182274762E-32,
-1.06687767438794));
#4536=CARTESIAN_POINT('Ctrl Pts',(2.09386533184266,3.,-1.06687767438794));
#4537=CARTESIAN_POINT('Ctrl Pts',(2.12874024368096,-1.98539926563896E-32,
-0.998431806035525));
#4538=CARTESIAN_POINT('Ctrl Pts',(2.12874024368096,3.,-0.998431806035525));
#4539=CARTESIAN_POINT('Ctrl Pts',(2.18856987110737,-1.94237822228316E-32,
-1.00124845121042));
#4540=CARTESIAN_POINT('Ctrl Pts',(2.18856987110737,3.,-1.00124845121042));
#4541=CARTESIAN_POINT('Ctrl Pts',(2.28626316398773,-1.81142799369794E-32,
-0.914579710733076));
#4542=CARTESIAN_POINT('Ctrl Pts',(2.28626316398773,3.,-0.914579710733076));
#4543=CARTESIAN_POINT('Ctrl Pts',(2.32439500916568,-1.76031523359737E-32,
-0.880750991317326));
#4544=CARTESIAN_POINT('Ctrl Pts',(2.32439500916568,3.,-0.880750991317326));
#4545=CARTESIAN_POINT('Ctrl Pts',(2.35879345435273,-1.69320263902829E-32,
-0.830550161691334));
#4546=CARTESIAN_POINT('Ctrl Pts',(2.35879345435273,3.,-0.830550161691334));
#4547=CARTESIAN_POINT('Ctrl Pts',(2.37764129073788,-1.5997499825429E-32,
-0.77254248593737));
#4548=CARTESIAN_POINT('Ctrl Pts',(2.37764129073788,3.,-0.77254248593737));
#4549=CARTESIAN_POINT('',(2.09386533184266,3.,-1.06687767438794));
#4550=CARTESIAN_POINT('Ctrl Pts',(2.09386533184266,3.,-1.06687767438794));
#4551=CARTESIAN_POINT('Ctrl Pts',(2.12874024368096,3.,-0.998431806035525));
#4552=CARTESIAN_POINT('Ctrl Pts',(2.18856987110737,3.,-1.00124845121042));
#4553=CARTESIAN_POINT('Ctrl Pts',(2.28626316398773,3.,-0.914579710733076));
#4554=CARTESIAN_POINT('Ctrl Pts',(2.32439500916568,3.,-0.880750991317326));
#4555=CARTESIAN_POINT('Ctrl Pts',(2.35879345435273,3.,-0.830550161691334));
#4556=CARTESIAN_POINT('Ctrl Pts',(2.37764129073788,3.,-0.77254248593737));
#4557=CARTESIAN_POINT('',(2.09386533184266,-2.20337182274762E-32,-1.06687767438794));
#4558=CARTESIAN_POINT('Ctrl Pts',(2.02254248593737,-3.04290529068096E-32,
-1.46946313073118));
#4559=CARTESIAN_POINT('Ctrl Pts',(2.02254248593737,3.,-1.46946313073118));
#4560=CARTESIAN_POINT('Ctrl Pts',(2.11324556673647,-2.84177976864862E-32,
-1.34462105018826));
#4561=CARTESIAN_POINT('Ctrl Pts',(2.11324556673647,3.,-1.34462105018826));
#4562=CARTESIAN_POINT('Ctrl Pts',(2.07522421583288,-2.65539431011514E-32,
-1.20369919225204));
#4563=CARTESIAN_POINT('Ctrl Pts',(2.07522421583288,3.,-1.20369919225204));
#4564=CARTESIAN_POINT('Ctrl Pts',(2.07594477650244,-2.45620953426482E-32,
-1.13982162732688));
#4565=CARTESIAN_POINT('Ctrl Pts',(2.07594477650244,3.,-1.13982162732688));
#4566=CARTESIAN_POINT('Ctrl Pts',(2.07623868458241,-2.37496444623608E-32,
-1.11376673250246));
#4567=CARTESIAN_POINT('Ctrl Pts',(2.07623868458241,3.,-1.11376673250246));
#4568=CARTESIAN_POINT('Ctrl Pts',(2.07981775625514,-2.29117092561525E-32,
-1.09444759381289));
#4569=CARTESIAN_POINT('Ctrl Pts',(2.07981775625514,3.,-1.09444759381289));
#4570=CARTESIAN_POINT('Ctrl Pts',(2.09386533184266,-2.20337182274762E-32,
-1.06687767438794));
#4571=CARTESIAN_POINT('Ctrl Pts',(2.09386533184266,3.,-1.06687767438794));
#4572=CARTESIAN_POINT('',(2.02254248593737,3.,-1.46946313073118));
#4573=CARTESIAN_POINT('Ctrl Pts',(2.02254248593737,3.,-1.46946313073118));
#4574=CARTESIAN_POINT('Ctrl Pts',(2.11324556673647,3.,-1.34462105018826));
#4575=CARTESIAN_POINT('Ctrl Pts',(2.07522421583288,3.,-1.20369919225204));
#4576=CARTESIAN_POINT('Ctrl Pts',(2.07594477650244,3.,-1.13982162732688));
#4577=CARTESIAN_POINT('Ctrl Pts',(2.07623868458241,3.,-1.11376673250246));
#4578=CARTESIAN_POINT('Ctrl Pts',(2.07981775625514,3.,-1.09444759381289));
#4579=CARTESIAN_POINT('Ctrl Pts',(2.09386533184266,3.,-1.06687767438794));
#4580=CARTESIAN_POINT('',(2.02254248593737,-3.04290529068096E-32,-1.46946313073118));
#4581=CARTESIAN_POINT('Ctrl Pts',(1.66170093578839,-3.43183207189146E-32,
-1.66170093578839));
#4582=CARTESIAN_POINT('Ctrl Pts',(1.66170093578839,3.,-1.66170093578839));
#4583=CARTESIAN_POINT('Ctrl Pts',(1.71601988446306,-3.25884807114634E-32,
-1.60738198711371));
#4584=CARTESIAN_POINT('Ctrl Pts',(1.71601988446306,3.,-1.60738198711371));
#4585=CARTESIAN_POINT('Ctrl Pts',(1.77205085026827,-3.28139991856047E-32,
-1.62854914750327));
#4586=CARTESIAN_POINT('Ctrl Pts',(1.77205085026827,3.,-1.62854914750327));
#4587=CARTESIAN_POINT('Ctrl Pts',(1.89174480674906,-3.20247208677658E-32,
-1.57631116484967));
#4588=CARTESIAN_POINT('Ctrl Pts',(1.89174480674906,3.,-1.57631116484967));
#4589=CARTESIAN_POINT('Ctrl Pts',(1.93846399578133,-3.17166481461818E-32,
-1.55592152899826));
#4590=CARTESIAN_POINT('Ctrl Pts',(1.93846399578133,3.,-1.55592152899826));
#4591=CARTESIAN_POINT('Ctrl Pts',(1.98669177071303,-3.1224008684629E-32,
-1.51880740700192));
#4592=CARTESIAN_POINT('Ctrl Pts',(1.98669177071303,3.,-1.51880740700192));
#4593=CARTESIAN_POINT('Ctrl Pts',(2.02254248593737,-3.04290529068096E-32,
-1.46946313073118));
#4594=CARTESIAN_POINT('Ctrl Pts',(2.02254248593737,3.,-1.46946313073118));
#4595=CARTESIAN_POINT('',(1.66170093578839,3.,-1.66170093578839));
#4596=CARTESIAN_POINT('Ctrl Pts',(1.66170093578839,3.,-1.66170093578839));
#4597=CARTESIAN_POINT('Ctrl Pts',(1.71601988446306,3.,-1.60738198711371));
#4598=CARTESIAN_POINT('Ctrl Pts',(1.77205085026827,3.,-1.62854914750327));
#4599=CARTESIAN_POINT('Ctrl Pts',(1.89174480674906,3.,-1.57631116484967));
#4600=CARTESIAN_POINT('Ctrl Pts',(1.93846399578133,3.,-1.55592152899826));
#4601=CARTESIAN_POINT('Ctrl Pts',(1.98669177071303,3.,-1.51880740700192));
#4602=CARTESIAN_POINT('Ctrl Pts',(2.02254248593737,3.,-1.46946313073118));
#4603=CARTESIAN_POINT('',(1.66170093578839,-3.43183207189146E-32,-1.66170093578839));
#4604=CARTESIAN_POINT('Ctrl Pts',(1.46946313073118,-2.37782417428102E-16,
-2.02254248593737));
#4605=CARTESIAN_POINT('Ctrl Pts',(1.46946313073118,3.,-2.02254248593737));
#4606=CARTESIAN_POINT('Ctrl Pts',(1.5943052112741,-2.29486191539268E-16,
-1.93183940513827));
#4607=CARTESIAN_POINT('Ctrl Pts',(1.5943052112741,3.,-1.93183940513827));
#4608=CARTESIAN_POINT('Ctrl Pts',(1.60169200672009,-2.18117525049565E-16,
-1.7860655102813));
#4609=CARTESIAN_POINT('Ctrl Pts',(1.60169200672009,3.,-1.7860655102813));
#4610=CARTESIAN_POINT('Ctrl Pts',(1.62211655376142,-2.07401835874209E-16,
-1.72553700140654));
#4611=CARTESIAN_POINT('Ctrl Pts',(1.62211655376142,3.,-1.72553700140654));
#4612=CARTESIAN_POINT('Ctrl Pts',(1.63044748224346,-2.03031034407964E-16,
-1.70084814649389));
#4613=CARTESIAN_POINT('Ctrl Pts',(1.63044748224346,3.,-1.70084814649389));
#4614=CARTESIAN_POINT('Ctrl Pts',(1.63982132385186,-1.98796023903763E-16,
-1.68358054772491));
#4615=CARTESIAN_POINT('Ctrl Pts',(1.63982132385186,3.,-1.68358054772491));
#4616=CARTESIAN_POINT('Ctrl Pts',(1.66170093578839,-1.94840112652986E-16,
-1.66170093578839));
#4617=CARTESIAN_POINT('Ctrl Pts',(1.66170093578839,3.,-1.66170093578839));
#4618=CARTESIAN_POINT('',(1.46946313073118,3.,-2.02254248593737));
#4619=CARTESIAN_POINT('Ctrl Pts',(1.46946313073118,3.,-2.02254248593737));
#4620=CARTESIAN_POINT('Ctrl Pts',(1.5943052112741,3.,-1.93183940513827));
#4621=CARTESIAN_POINT('Ctrl Pts',(1.60169200672009,3.,-1.7860655102813));
#4622=CARTESIAN_POINT('Ctrl Pts',(1.62211655376142,3.,-1.72553700140654));
#4623=CARTESIAN_POINT('Ctrl Pts',(1.63044748224346,3.,-1.70084814649389));
#4624=CARTESIAN_POINT('Ctrl Pts',(1.63982132385186,3.,-1.68358054772491));
#4625=CARTESIAN_POINT('Ctrl Pts',(1.66170093578839,3.,-1.66170093578839));
#4626=CARTESIAN_POINT('',(1.46946313073118,-2.37782417428102E-16,-2.02254248593737));
#4627=CARTESIAN_POINT('Ctrl Pts',(1.06687767438793,-2.45512864770006E-16,
-2.09386533184266));
#4628=CARTESIAN_POINT('Ctrl Pts',(1.06687767438793,3.,-2.09386533184266));
#4629=CARTESIAN_POINT('Ctrl Pts',(1.13532354274035,-2.39207357318081E-16,
-2.05899042000437));
#4630=CARTESIAN_POINT('Ctrl Pts',(1.13532354274035,3.,-2.05899042000437));
#4631=CARTESIAN_POINT('Ctrl Pts',(1.1820711456007,-2.44085252794971E-16,
-2.09643610646937));
#4632=CARTESIAN_POINT('Ctrl Pts',(1.1820711456007,3.,-2.09643610646937));
#4633=CARTESIAN_POINT('Ctrl Pts',(1.31204928726471,-2.4299635275374E-16,
-2.08374229934509));
#4634=CARTESIAN_POINT('Ctrl Pts',(1.31204928726471,3.,-2.08374229934509));
#4635=CARTESIAN_POINT('Ctrl Pts',(1.36278262041705,-2.42571331070446E-16,
-2.07878762667811));
#4636=CARTESIAN_POINT('Ctrl Pts',(1.36278262041705,3.,-2.07878762667811));
#4637=CARTESIAN_POINT('Ctrl Pts',(1.42011885446045,-2.4106153021189E-16,
-2.0583932011617));
#4638=CARTESIAN_POINT('Ctrl Pts',(1.42011885446045,3.,-2.0583932011617));
#4639=CARTESIAN_POINT('Ctrl Pts',(1.46946313073118,-2.37782417428102E-16,
-2.02254248593737));
#4640=CARTESIAN_POINT('Ctrl Pts',(1.46946313073118,3.,-2.02254248593737));
#4641=CARTESIAN_POINT('',(1.06687767438793,3.,-2.09386533184266));
#4642=CARTESIAN_POINT('Ctrl Pts',(1.06687767438793,3.,-2.09386533184266));
#4643=CARTESIAN_POINT('Ctrl Pts',(1.13532354274035,3.,-2.05899042000437));
#4644=CARTESIAN_POINT('Ctrl Pts',(1.1820711456007,3.,-2.09643610646937));
#4645=CARTESIAN_POINT('Ctrl Pts',(1.31204928726471,3.,-2.08374229934509));
#4646=CARTESIAN_POINT('Ctrl Pts',(1.36278262041705,3.,-2.07878762667811));
#4647=CARTESIAN_POINT('Ctrl Pts',(1.42011885446045,3.,-2.0583932011617));
#4648=CARTESIAN_POINT('Ctrl Pts',(1.46946313073118,3.,-2.02254248593737));
#4649=CARTESIAN_POINT('',(1.06687767438793,-2.45512864770006E-16,-2.09386533184266));
#4650=CARTESIAN_POINT('Ctrl Pts',(0.772542485937369,-2.79529996437382E-16,
-2.37764129073788));
#4651=CARTESIAN_POINT('Ctrl Pts',(0.772542485937369,3.,-2.37764129073788));
#4652=CARTESIAN_POINT('Ctrl Pts',(0.919303153554611,-2.75168412374455E-16,
-2.32995585919675));
#4653=CARTESIAN_POINT('Ctrl Pts',(0.919303153554611,3.,-2.32995585919675));
#4654=CARTESIAN_POINT('Ctrl Pts',(0.971375024345101,-2.64125841145943E-16,
-2.19359929191412));
#4655=CARTESIAN_POINT('Ctrl Pts',(0.971375024345101,3.,-2.19359929191412));
#4656=CARTESIAN_POINT('Ctrl Pts',(1.0095042607876,-2.55051979787045E-16,
-2.14234479126532));
#4657=CARTESIAN_POINT('Ctrl Pts',(1.0095042607876,3.,-2.14234479126532));
#4658=CARTESIAN_POINT('Ctrl Pts',(1.02505672034691,-2.51350860252594E-16,
-2.12143869340063));
#4659=CARTESIAN_POINT('Ctrl Pts',(1.02505672034691,3.,-2.12143869340063));
#4660=CARTESIAN_POINT('Ctrl Pts',(1.03930775496297,-2.48052716138215E-16,
-2.1079129074302));
#4661=CARTESIAN_POINT('Ctrl Pts',(1.03930775496297,3.,-2.1079129074302));
#4662=CARTESIAN_POINT('Ctrl Pts',(1.06687767438794,-2.45512864770006E-16,
-2.09386533184266));
#4663=CARTESIAN_POINT('Ctrl Pts',(1.06687767438794,3.,-2.09386533184266));
#4664=CARTESIAN_POINT('',(0.772542485937369,3.,-2.37764129073788));
#4665=CARTESIAN_POINT('Ctrl Pts',(0.772542485937369,3.,-2.37764129073788));
#4666=CARTESIAN_POINT('Ctrl Pts',(0.919303153554611,3.,-2.32995585919675));
#4667=CARTESIAN_POINT('Ctrl Pts',(0.971375024345101,3.,-2.19359929191412));
#4668=CARTESIAN_POINT('Ctrl Pts',(1.0095042607876,3.,-2.14234479126532));
#4669=CARTESIAN_POINT('Ctrl Pts',(1.02505672034691,3.,-2.12143869340063));
#4670=CARTESIAN_POINT('Ctrl Pts',(1.03930775496297,3.,-2.1079129074302));
#4671=CARTESIAN_POINT('Ctrl Pts',(1.06687767438794,3.,-2.09386533184266));
#4672=CARTESIAN_POINT('',(0.772542485937369,-2.79529996437382E-16,-2.37764129073788));
#4673=CARTESIAN_POINT('Ctrl Pts',(0.367620992844542,-2.72153107094624E-16,
-2.32106760039857));
#4674=CARTESIAN_POINT('Ctrl Pts',(0.367620992844542,3.,-2.32106760039857));
#4675=CARTESIAN_POINT('Ctrl Pts',(0.443493822389939,-2.69980377300466E-16,
-2.30905052475519));
#4676=CARTESIAN_POINT('Ctrl Pts',(0.443493822389939,3.,-2.30905052475519));
#4677=CARTESIAN_POINT('Ctrl Pts',(0.476382081227744,-2.77978318871399E-16,
-2.359109292605));
#4678=CARTESIAN_POINT('Ctrl Pts',(0.476382081227744,3.,-2.359109292605));
#4679=CARTESIAN_POINT('Ctrl Pts',(0.603921241957912,-2.80388186039759E-16,
-2.38720221929432));
#4680=CARTESIAN_POINT('Ctrl Pts',(0.603921241957912,3.,-2.38720221929432));
#4681=CARTESIAN_POINT('Ctrl Pts',(0.653702587101489,-2.81328810304272E-16,
-2.39816750769365));
#4682=CARTESIAN_POINT('Ctrl Pts',(0.653702587101489,3.,-2.39816750769365));
#4683=CARTESIAN_POINT('Ctrl Pts',(0.714534810183396,-2.81253928047968E-16,
-2.39648912712304));
#4684=CARTESIAN_POINT('Ctrl Pts',(0.714534810183396,3.,-2.39648912712304));
#4685=CARTESIAN_POINT('Ctrl Pts',(0.772542485937368,-2.79529996437382E-16,
-2.37764129073788));
#4686=CARTESIAN_POINT('Ctrl Pts',(0.772542485937368,3.,-2.37764129073788));
#4687=CARTESIAN_POINT('',(0.367620992844542,3.,-2.32106760039857));
#4688=CARTESIAN_POINT('Ctrl Pts',(0.367620992844542,3.,-2.32106760039857));
#4689=CARTESIAN_POINT('Ctrl Pts',(0.443493822389939,3.,-2.30905052475519));
#4690=CARTESIAN_POINT('Ctrl Pts',(0.476382081227744,3.,-2.359109292605));
#4691=CARTESIAN_POINT('Ctrl Pts',(0.603921241957912,3.,-2.38720221929432));
#4692=CARTESIAN_POINT('Ctrl Pts',(0.653702587101489,3.,-2.39816750769365));
#4693=CARTESIAN_POINT('Ctrl Pts',(0.714534810183396,3.,-2.39648912712304));
#4694=CARTESIAN_POINT('Ctrl Pts',(0.772542485937368,3.,-2.37764129073788));
#4695=CARTESIAN_POINT('',(0.367620992844542,-2.72153107094624E-16,-2.32106760039857));
#4696=CARTESIAN_POINT('Ctrl Pts',(-6.6613381477509E-17,-2.93915231795365E-16,
-2.5));
#4697=CARTESIAN_POINT('Ctrl Pts',(-6.6613381477509E-17,3.,-2.5));
#4698=CARTESIAN_POINT('Ctrl Pts',(0.154313298003535,-2.93915231795365E-16,
-2.5));
#4699=CARTESIAN_POINT('Ctrl Pts',(0.154313298003535,3.,-2.5));
#4700=CARTESIAN_POINT('Ctrl Pts',(0.245973086619453,-2.84279679638004E-16,
-2.38640829114937));
#4701=CARTESIAN_POINT('Ctrl Pts',(0.245973086619453,3.,-2.38640829114937));
#4702=CARTESIAN_POINT('Ctrl Pts',(0.298074657138157,-2.7773585886668E-16,
-2.34944494636114));
#4703=CARTESIAN_POINT('Ctrl Pts',(0.298074657138157,3.,-2.34944494636114));
#4704=CARTESIAN_POINT('Ctrl Pts',(0.319326264672712,-2.75066712631276E-16,
-2.33436804006478));
#4705=CARTESIAN_POINT('Ctrl Pts',(0.319326264672712,3.,-2.33436804006478));
#4706=CARTESIAN_POINT('Ctrl Pts',(0.337059501735389,-2.73028280232157E-16,
-2.32590806506338));
#4707=CARTESIAN_POINT('Ctrl Pts',(0.337059501735389,3.,-2.32590806506338));
#4708=CARTESIAN_POINT('Ctrl Pts',(0.367620992844542,-2.72153107094624E-16,
-2.32106760039857));
#4709=CARTESIAN_POINT('Ctrl Pts',(0.367620992844542,3.,-2.32106760039857));
#4710=CARTESIAN_POINT('',(0.,3.,-2.5));
#4711=CARTESIAN_POINT('Ctrl Pts',(-6.6613381477509E-17,3.,-2.5));
#4712=CARTESIAN_POINT('Ctrl Pts',(0.154313298003535,3.,-2.5));
#4713=CARTESIAN_POINT('Ctrl Pts',(0.245973086619453,3.,-2.38640829114937));
#4714=CARTESIAN_POINT('Ctrl Pts',(0.298074657138157,3.,-2.34944494636114));
#4715=CARTESIAN_POINT('Ctrl Pts',(0.319326264672712,3.,-2.33436804006478));
#4716=CARTESIAN_POINT('Ctrl Pts',(0.337059501735389,3.,-2.32590806506338));
#4717=CARTESIAN_POINT('Ctrl Pts',(0.367620992844542,3.,-2.32106760039857));
#4718=CARTESIAN_POINT('',(-6.6613381477509E-17,-2.93915231795365E-16,-2.5));
#4719=CARTESIAN_POINT('Ctrl Pts',(-0.367620992844545,-2.72153107094624E-16,
-2.32106760039857));
#4720=CARTESIAN_POINT('Ctrl Pts',(-0.367620992844545,3.,-2.32106760039857));
#4721=CARTESIAN_POINT('Ctrl Pts',(-0.291748163299144,-2.74325836888783E-16,
-2.33308467604196));
#4722=CARTESIAN_POINT('Ctrl Pts',(-0.291748163299144,3.,-2.33308467604196));
#4723=CARTESIAN_POINT('Ctrl Pts',(-0.275938580404905,-2.8466093030786E-16,
-2.39085642429951));
#4724=CARTESIAN_POINT('Ctrl Pts',(-0.275938580404905,3.,-2.39085642429951));
#4725=CARTESIAN_POINT('Ctrl Pts',(-0.163322822278421,-2.90333670096841E-16,
-2.45698615340313));
#4726=CARTESIAN_POINT('Ctrl Pts',(-0.163322822278421,3.,-2.45698615340313));
#4727=CARTESIAN_POINT('Ctrl Pts',(-0.1193664100533,-2.92547865452435E-16,
-2.48279804404057));
#4728=CARTESIAN_POINT('Ctrl Pts',(-0.1193664100533,3.,-2.48279804404057));
#4729=CARTESIAN_POINT('Ctrl Pts',(-0.0609928797711725,-2.93915231795365E-16,
-2.5));
#4730=CARTESIAN_POINT('Ctrl Pts',(-0.0609928797711725,3.,-2.5));
#4731=CARTESIAN_POINT('Ctrl Pts',(-7.60502771868232E-16,-2.93915231795365E-16,
-2.5));
#4732=CARTESIAN_POINT('Ctrl Pts',(-7.60502771868232E-16,3.,-2.5));
#4733=CARTESIAN_POINT('',(-0.367620992844545,3.,-2.32106760039857));
#4734=CARTESIAN_POINT('Ctrl Pts',(-0.367620992844545,3.,-2.32106760039857));
#4735=CARTESIAN_POINT('Ctrl Pts',(-0.291748163299144,3.,-2.33308467604196));
#4736=CARTESIAN_POINT('Ctrl Pts',(-0.275938580404905,3.,-2.39085642429951));
#4737=CARTESIAN_POINT('Ctrl Pts',(-0.163322822278421,3.,-2.45698615340313));
#4738=CARTESIAN_POINT('Ctrl Pts',(-0.1193664100533,3.,-2.48279804404057));
#4739=CARTESIAN_POINT('Ctrl Pts',(-0.0609928797711725,3.,-2.5));
#4740=CARTESIAN_POINT('Ctrl Pts',(-7.60502771868232E-16,3.,-2.5));
#4741=CARTESIAN_POINT('',(-0.367620992844545,-2.72153107094624E-16,-2.32106760039857));
#4742=CARTESIAN_POINT('Ctrl Pts',(-0.772542485937369,-2.79529996437382E-16,
-2.37764129073788));
#4743=CARTESIAN_POINT('Ctrl Pts',(-0.772542485937369,3.,-2.37764129073788));
#4744=CARTESIAN_POINT('Ctrl Pts',(-0.625781818320101,-2.8389158050031E-16,
-2.42532672227903));
#4745=CARTESIAN_POINT('Ctrl Pts',(-0.625781818320101,3.,-2.42532672227903));
#4746=CARTESIAN_POINT('Ctrl Pts',(-0.503506410619709,-2.76606242394103E-16,
-2.34561901976264));
#4747=CARTESIAN_POINT('Ctrl Pts',(-0.503506410619709,3.,-2.34561901976264));
#4748=CARTESIAN_POINT('Ctrl Pts',(-0.442532570760233,-2.73233016980932E-16,
-2.32656506056166));
#4749=CARTESIAN_POINT('Ctrl Pts',(-0.442532570760233,3.,-2.32656506056166));
#4750=CARTESIAN_POINT('Ctrl Pts',(-0.4176620706646,-2.7185711867513E-16,
-2.3187931784689));
#4751=CARTESIAN_POINT('Ctrl Pts',(-0.4176620706646,3.,-2.3187931784689));
#4752=CARTESIAN_POINT('Ctrl Pts',(-0.398182483953693,-2.71277933957091E-16,
-2.31622713573377));
#4753=CARTESIAN_POINT('Ctrl Pts',(-0.398182483953693,3.,-2.31622713573377));
#4754=CARTESIAN_POINT('Ctrl Pts',(-0.367620992844542,-2.72153107094624E-16,
-2.32106760039857));
#4755=CARTESIAN_POINT('Ctrl Pts',(-0.367620992844542,3.,-2.32106760039857));
#4756=CARTESIAN_POINT('',(-0.772542485937369,3.,-2.37764129073788));
#4757=CARTESIAN_POINT('Ctrl Pts',(-0.772542485937369,3.,-2.37764129073788));
#4758=CARTESIAN_POINT('Ctrl Pts',(-0.625781818320101,3.,-2.42532672227903));
#4759=CARTESIAN_POINT('Ctrl Pts',(-0.503506410619709,3.,-2.34561901976264));
#4760=CARTESIAN_POINT('Ctrl Pts',(-0.442532570760233,3.,-2.32656506056166));
#4761=CARTESIAN_POINT('Ctrl Pts',(-0.4176620706646,3.,-2.3187931784689));
#4762=CARTESIAN_POINT('Ctrl Pts',(-0.398182483953693,3.,-2.31622713573377));
#4763=CARTESIAN_POINT('Ctrl Pts',(-0.367620992844542,3.,-2.32106760039857));
#4764=CARTESIAN_POINT('',(-0.772542485937369,-2.79529996437382E-16,-2.37764129073788));
#4765=CARTESIAN_POINT('Ctrl Pts',(-1.06687767438793,-2.45512864770006E-16,
-2.09386533184267));
#4766=CARTESIAN_POINT('Ctrl Pts',(-1.06687767438793,3.,-2.09386533184267));
#4767=CARTESIAN_POINT('Ctrl Pts',(-0.998431806035538,-2.5181837222193E-16,
-2.12874024368095));
#4768=CARTESIAN_POINT('Ctrl Pts',(-0.998431806035538,3.,-2.12874024368095));
#4769=CARTESIAN_POINT('Ctrl Pts',(-1.00124845121041,-2.63478946536466E-16,
-2.18856987110736));
#4770=CARTESIAN_POINT('Ctrl Pts',(-1.00124845121041,3.,-2.18856987110736));
#4771=CARTESIAN_POINT('Ctrl Pts',(-0.914579710733089,-2.71859271651219E-16,
-2.28626316398771));
#4772=CARTESIAN_POINT('Ctrl Pts',(-0.914579710733089,3.,-2.28626316398771));
#4773=CARTESIAN_POINT('Ctrl Pts',(-0.880750991317341,-2.7513029722928E-16,
-2.32439500916567));
#4774=CARTESIAN_POINT('Ctrl Pts',(-0.880750991317341,3.,-2.32439500916567));
#4775=CARTESIAN_POINT('Ctrl Pts',(-0.830550161691339,-2.77806064826797E-16,
-2.35879345435273));
#4776=CARTESIAN_POINT('Ctrl Pts',(-0.830550161691339,3.,-2.35879345435273));
#4777=CARTESIAN_POINT('Ctrl Pts',(-0.772542485937369,-2.79529996437382E-16,
-2.37764129073788));
#4778=CARTESIAN_POINT('Ctrl Pts',(-0.772542485937369,3.,-2.37764129073788));
#4779=CARTESIAN_POINT('',(-1.06687767438793,3.,-2.09386533184267));
#4780=CARTESIAN_POINT('Ctrl Pts',(-1.06687767438793,3.,-2.09386533184267));
#4781=CARTESIAN_POINT('Ctrl Pts',(-0.998431806035538,3.,-2.12874024368095));
#4782=CARTESIAN_POINT('Ctrl Pts',(-1.00124845121041,3.,-2.18856987110736));
#4783=CARTESIAN_POINT('Ctrl Pts',(-0.914579710733089,3.,-2.28626316398771));
#4784=CARTESIAN_POINT('Ctrl Pts',(-0.880750991317341,3.,-2.32439500916567));
#4785=CARTESIAN_POINT('Ctrl Pts',(-0.830550161691339,3.,-2.35879345435273));
#4786=CARTESIAN_POINT('Ctrl Pts',(-0.772542485937369,3.,-2.37764129073788));
#4787=CARTESIAN_POINT('',(-1.06687767438793,-2.45512864770006E-16,-2.09386533184267));
#4788=CARTESIAN_POINT('Ctrl Pts',(-1.46946313073118,-2.37782417428102E-16,
-2.02254248593737));
#4789=CARTESIAN_POINT('Ctrl Pts',(-1.46946313073118,3.,-2.02254248593737));
#4790=CARTESIAN_POINT('Ctrl Pts',(-1.34462105018827,-2.46078643316936E-16,
-2.11324556673646));
#4791=CARTESIAN_POINT('Ctrl Pts',(-1.34462105018827,3.,-2.11324556673646));
#4792=CARTESIAN_POINT('Ctrl Pts',(-1.20369919225206,-2.41856658915655E-16,
-2.07522421583289));
#4793=CARTESIAN_POINT('Ctrl Pts',(-1.20369919225206,3.,-2.07522421583289));
#4794=CARTESIAN_POINT('Ctrl Pts',(-1.1398216273269,-2.4198422366672E-16,
-2.07594477650244));
#4795=CARTESIAN_POINT('Ctrl Pts',(-1.1398216273269,3.,-2.07594477650244));
#4796=CARTESIAN_POINT('Ctrl Pts',(-1.11376673250247,-2.42036255803139E-16,
-2.07623868458241));
#4797=CARTESIAN_POINT('Ctrl Pts',(-1.11376673250247,3.,-2.07623868458241));
#4798=CARTESIAN_POINT('Ctrl Pts',(-1.09444759381289,-2.42973013401798E-16,
-2.07981775625514));
#4799=CARTESIAN_POINT('Ctrl Pts',(-1.09444759381289,3.,-2.07981775625514));
#4800=CARTESIAN_POINT('Ctrl Pts',(-1.06687767438793,-2.45512864770006E-16,
-2.09386533184266));
#4801=CARTESIAN_POINT('Ctrl Pts',(-1.06687767438793,3.,-2.09386533184266));
#4802=CARTESIAN_POINT('',(-1.46946313073118,3.,-2.02254248593737));
#4803=CARTESIAN_POINT('Ctrl Pts',(-1.46946313073118,3.,-2.02254248593737));
#4804=CARTESIAN_POINT('Ctrl Pts',(-1.34462105018827,3.,-2.11324556673646));
#4805=CARTESIAN_POINT('Ctrl Pts',(-1.20369919225206,3.,-2.07522421583289));
#4806=CARTESIAN_POINT('Ctrl Pts',(-1.1398216273269,3.,-2.07594477650244));
#4807=CARTESIAN_POINT('Ctrl Pts',(-1.11376673250247,3.,-2.07623868458241));
#4808=CARTESIAN_POINT('Ctrl Pts',(-1.09444759381289,3.,-2.07981775625514));
#4809=CARTESIAN_POINT('Ctrl Pts',(-1.06687767438793,3.,-2.09386533184266));
#4810=CARTESIAN_POINT('',(-1.46946313073118,-2.37782417428102E-16,-2.02254248593737));
#4811=CARTESIAN_POINT('Ctrl Pts',(-1.66170093578839,-1.94840112652986E-16,
-1.66170093578839));
#4812=CARTESIAN_POINT('Ctrl Pts',(-1.66170093578839,3.,-1.66170093578839));
#4813=CARTESIAN_POINT('Ctrl Pts',(-1.60738198711371,-2.04661170760228E-16,
-1.71601988446306));
#4814=CARTESIAN_POINT('Ctrl Pts',(-1.60738198711371,3.,-1.71601988446306));
#4815=CARTESIAN_POINT('Ctrl Pts',(-1.62854914750325,-2.16505807712315E-16,
-1.77205085026829));
#4816=CARTESIAN_POINT('Ctrl Pts',(-1.62854914750325,3.,-1.77205085026829));
#4817=CARTESIAN_POINT('Ctrl Pts',(-1.57631116484968,-2.26773393541449E-16,
-1.89174480674904));
#4818=CARTESIAN_POINT('Ctrl Pts',(-1.57631116484968,3.,-1.89174480674904));
#4819=CARTESIAN_POINT('Ctrl Pts',(-1.55592152899828,-2.30781058567823E-16,
-1.9384639957813));
#4820=CARTESIAN_POINT('Ctrl Pts',(-1.55592152899828,3.,-1.9384639957813));
#4821=CARTESIAN_POINT('Ctrl Pts',(-1.51880740700192,-2.34503304644313E-16,
-1.98669177071303));
#4822=CARTESIAN_POINT('Ctrl Pts',(-1.51880740700192,3.,-1.98669177071303));
#4823=CARTESIAN_POINT('Ctrl Pts',(-1.46946313073118,-2.37782417428102E-16,
-2.02254248593737));
#4824=CARTESIAN_POINT('Ctrl Pts',(-1.46946313073118,3.,-2.02254248593737));
#4825=CARTESIAN_POINT('',(-1.66170093578839,3.,-1.66170093578839));
#4826=CARTESIAN_POINT('Ctrl Pts',(-1.66170093578839,3.,-1.66170093578839));
#4827=CARTESIAN_POINT('Ctrl Pts',(-1.60738198711371,3.,-1.71601988446306));
#4828=CARTESIAN_POINT('Ctrl Pts',(-1.62854914750325,3.,-1.77205085026829));
#4829=CARTESIAN_POINT('Ctrl Pts',(-1.57631116484968,3.,-1.89174480674904));
#4830=CARTESIAN_POINT('Ctrl Pts',(-1.55592152899828,3.,-1.9384639957813));
#4831=CARTESIAN_POINT('Ctrl Pts',(-1.51880740700192,3.,-1.98669177071303));
#4832=CARTESIAN_POINT('Ctrl Pts',(-1.46946313073118,3.,-2.02254248593737));
#4833=CARTESIAN_POINT('',(-1.66170093578839,-1.94840112652986E-16,-1.66170093578839));
#4834=CARTESIAN_POINT('Ctrl Pts',(-2.02254248593737,-1.72759038673439E-16,
-1.46946313073118));
#4835=CARTESIAN_POINT('Ctrl Pts',(-2.02254248593737,3.,-1.46946313073118));
#4836=CARTESIAN_POINT('Ctrl Pts',(-1.93183940513826,-1.84177813994977E-16,
-1.59430521127411));
#4837=CARTESIAN_POINT('Ctrl Pts',(-1.93183940513826,3.,-1.59430521127411));
#4838=CARTESIAN_POINT('Ctrl Pts',(-1.78606551028128,-1.83432460548112E-16,
-1.60169200672009));
#4839=CARTESIAN_POINT('Ctrl Pts',(-1.78606551028128,3.,-1.60169200672009));
#4840=CARTESIAN_POINT('Ctrl Pts',(-1.72553700140652,-1.87048328536786E-16,
-1.62211655376143));
#4841=CARTESIAN_POINT('Ctrl Pts',(-1.72553700140652,3.,-1.62211655376143));
#4842=CARTESIAN_POINT('Ctrl Pts',(-1.70084814649388,-1.88523197847384E-16,
-1.63044748224346));
#4843=CARTESIAN_POINT('Ctrl Pts',(-1.70084814649388,3.,-1.63044748224346));
#4844=CARTESIAN_POINT('Ctrl Pts',(-1.6835805477249,-1.9088420140221E-16,
-1.63982132385187));
#4845=CARTESIAN_POINT('Ctrl Pts',(-1.6835805477249,3.,-1.63982132385187));
#4846=CARTESIAN_POINT('Ctrl Pts',(-1.66170093578839,-1.94840112652986E-16,
-1.66170093578839));
#4847=CARTESIAN_POINT('Ctrl Pts',(-1.66170093578839,3.,-1.66170093578839));
#4848=CARTESIAN_POINT('',(-2.02254248593737,3.,-1.46946313073118));
#4849=CARTESIAN_POINT('Ctrl Pts',(-2.02254248593737,3.,-1.46946313073118));
#4850=CARTESIAN_POINT('Ctrl Pts',(-1.93183940513826,3.,-1.59430521127411));
#4851=CARTESIAN_POINT('Ctrl Pts',(-1.78606551028128,3.,-1.60169200672009));
#4852=CARTESIAN_POINT('Ctrl Pts',(-1.72553700140652,3.,-1.62211655376143));
#4853=CARTESIAN_POINT('Ctrl Pts',(-1.70084814649388,3.,-1.63044748224346));
#4854=CARTESIAN_POINT('Ctrl Pts',(-1.6835805477249,3.,-1.63982132385187));
#4855=CARTESIAN_POINT('Ctrl Pts',(-1.66170093578839,3.,-1.66170093578839));
#4856=CARTESIAN_POINT('',(-2.02254248593737,-1.72759038673439E-16,-1.46946313073118));
#4857=CARTESIAN_POINT('Ctrl Pts',(-2.09386533184267,-1.25095052778602E-16,
-1.06687767438793));
#4858=CARTESIAN_POINT('Ctrl Pts',(-2.09386533184267,3.,-1.06687767438793));
#4859=CARTESIAN_POINT('Ctrl Pts',(-2.05899042000437,-1.37470307946289E-16,
-1.13532354274034));
#4860=CARTESIAN_POINT('Ctrl Pts',(-2.05899042000437,3.,-1.13532354274034));
#4861=CARTESIAN_POINT('Ctrl Pts',(-2.09643610646936,-1.48339571944619E-16,
-1.18207114560066));
#4862=CARTESIAN_POINT('Ctrl Pts',(-2.09643610646936,3.,-1.18207114560066));
#4863=CARTESIAN_POINT('Ctrl Pts',(-2.0837422993451,-1.59489355648701E-16,
-1.31204928726464));
#4864=CARTESIAN_POINT('Ctrl Pts',(-2.0837422993451,3.,-1.31204928726464));
#4865=CARTESIAN_POINT('Ctrl Pts',(-2.07878762667813,-1.63841361947563E-16,
-1.36278262041701));
#4866=CARTESIAN_POINT('Ctrl Pts',(-2.07878762667813,3.,-1.36278262041701));
#4867=CARTESIAN_POINT('Ctrl Pts',(-2.05839320116171,-1.68245727122645E-16,
-1.42011885446043));
#4868=CARTESIAN_POINT('Ctrl Pts',(-2.05839320116171,3.,-1.42011885446043));
#4869=CARTESIAN_POINT('Ctrl Pts',(-2.02254248593737,-1.72759038673439E-16,
-1.46946313073118));
#4870=CARTESIAN_POINT('Ctrl Pts',(-2.02254248593737,3.,-1.46946313073118));
#4871=CARTESIAN_POINT('',(-2.09386533184267,3.,-1.06687767438793));
#4872=CARTESIAN_POINT('Ctrl Pts',(-2.09386533184267,3.,-1.06687767438793));
#4873=CARTESIAN_POINT('Ctrl Pts',(-2.05899042000437,3.,-1.13532354274034));
#4874=CARTESIAN_POINT('Ctrl Pts',(-2.09643610646936,3.,-1.18207114560066));
#4875=CARTESIAN_POINT('Ctrl Pts',(-2.0837422993451,3.,-1.31204928726464));
#4876=CARTESIAN_POINT('Ctrl Pts',(-2.07878762667813,3.,-1.36278262041701));
#4877=CARTESIAN_POINT('Ctrl Pts',(-2.05839320116171,3.,-1.42011885446043));
#4878=CARTESIAN_POINT('Ctrl Pts',(-2.02254248593737,3.,-1.46946313073118));
#4879=CARTESIAN_POINT('',(-2.09386533184267,-1.25095052778602E-16,-1.06687767438793));
#4880=CARTESIAN_POINT('Ctrl Pts',(-2.37764129073788,-9.08248015304196E-17,
-0.772542485937368));
#4881=CARTESIAN_POINT('Ctrl Pts',(-2.37764129073788,3.,-0.772542485937368));
#4882=CARTESIAN_POINT('Ctrl Pts',(-2.32995585919674,-1.04248376996899E-16,
-0.919303153554628));
#4883=CARTESIAN_POINT('Ctrl Pts',(-2.32995585919674,3.,-0.919303153554628));
#4884=CARTESIAN_POINT('Ctrl Pts',(-2.19359929191411,-1.07052614893016E-16,
-0.971375024345103));
#4885=CARTESIAN_POINT('Ctrl Pts',(-2.19359929191411,3.,-0.971375024345103));
#4886=CARTESIAN_POINT('Ctrl Pts',(-2.1423447912653,-1.1380283976733E-16,
-1.00950426078762));
#4887=CARTESIAN_POINT('Ctrl Pts',(-2.1423447912653,3.,-1.00950426078762));
#4888=CARTESIAN_POINT('Ctrl Pts',(-2.12143869340062,-1.16556175767967E-16,
-1.02505672034693));
#4889=CARTESIAN_POINT('Ctrl Pts',(-2.12143869340062,3.,-1.02505672034693));
#4890=CARTESIAN_POINT('Ctrl Pts',(-2.10791290743019,-1.20110313800936E-16,
-1.03930775496297));
#4891=CARTESIAN_POINT('Ctrl Pts',(-2.10791290743019,3.,-1.03930775496297));
#4892=CARTESIAN_POINT('Ctrl Pts',(-2.09386533184266,-1.25095052778602E-16,
-1.06687767438794));
#4893=CARTESIAN_POINT('Ctrl Pts',(-2.09386533184266,3.,-1.06687767438794));
#4894=CARTESIAN_POINT('',(-2.37764129073788,3.,-0.772542485937368));
#4895=CARTESIAN_POINT('Ctrl Pts',(-2.37764129073788,3.,-0.772542485937368));
#4896=CARTESIAN_POINT('Ctrl Pts',(-2.32995585919674,3.,-0.919303153554628));
#4897=CARTESIAN_POINT('Ctrl Pts',(-2.19359929191411,3.,-0.971375024345103));
#4898=CARTESIAN_POINT('Ctrl Pts',(-2.1423447912653,3.,-1.00950426078762));
#4899=CARTESIAN_POINT('Ctrl Pts',(-2.12143869340062,3.,-1.02505672034693));
#4900=CARTESIAN_POINT('Ctrl Pts',(-2.10791290743019,3.,-1.03930775496297));
#4901=CARTESIAN_POINT('Ctrl Pts',(-2.09386533184266,3.,-1.06687767438794));
#4902=CARTESIAN_POINT('',(-2.37764129073788,-9.08248015304196E-17,-0.772542485937368));
#4903=CARTESIAN_POINT('Ctrl Pts',(-2.32106760039857,-4.31048175497656E-17,
-0.367620992844542));
#4904=CARTESIAN_POINT('Ctrl Pts',(-2.32106760039857,3.,-0.367620992844542));
#4905=CARTESIAN_POINT('Ctrl Pts',(-2.30905052475519,-5.68228935786124E-17,
-0.443493822389939));
#4906=CARTESIAN_POINT('Ctrl Pts',(-2.30905052475519,3.,-0.443493822389939));
#4907=CARTESIAN_POINT('Ctrl Pts',(-2.359109292605,-6.56528253324143E-17,
-0.47638208122772));
#4908=CARTESIAN_POINT('Ctrl Pts',(-2.359109292605,3.,-0.47638208122772));
#4909=CARTESIAN_POINT('Ctrl Pts',(-2.38720221929432,-7.65933883973794E-17,
-0.603921241957916));
#4910=CARTESIAN_POINT('Ctrl Pts',(-2.38720221929432,3.,-0.603921241957916));
#4911=CARTESIAN_POINT('Ctrl Pts',(-2.39816750769365,-8.08637312699844E-17,
-0.653702587101503));
#4912=CARTESIAN_POINT('Ctrl Pts',(-2.39816750769365,3.,-0.653702587101503));
#4913=CARTESIAN_POINT('Ctrl Pts',(-2.39648912712304,-8.55190855933048E-17,
-0.714534810183396));
#4914=CARTESIAN_POINT('Ctrl Pts',(-2.39648912712304,3.,-0.714534810183396));
#4915=CARTESIAN_POINT('Ctrl Pts',(-2.37764129073788,-9.08248015304196E-17,
-0.772542485937368));
#4916=CARTESIAN_POINT('Ctrl Pts',(-2.37764129073788,3.,-0.772542485937368));
#4917=CARTESIAN_POINT('',(-2.32106760039857,3.,-0.367620992844542));
#4918=CARTESIAN_POINT('Ctrl Pts',(-2.32106760039857,3.,-0.367620992844542));
#4919=CARTESIAN_POINT('Ctrl Pts',(-2.30905052475519,3.,-0.443493822389939));
#4920=CARTESIAN_POINT('Ctrl Pts',(-2.359109292605,3.,-0.47638208122772));
#4921=CARTESIAN_POINT('Ctrl Pts',(-2.38720221929432,3.,-0.603921241957916));
#4922=CARTESIAN_POINT('Ctrl Pts',(-2.39816750769365,3.,-0.653702587101503));
#4923=CARTESIAN_POINT('Ctrl Pts',(-2.39648912712304,3.,-0.714534810183396));
#4924=CARTESIAN_POINT('Ctrl Pts',(-2.37764129073788,3.,-0.772542485937368));
#4925=CARTESIAN_POINT('',(-2.32106760039857,-4.31048175497656E-17,-0.367620992844542));
#4926=CARTESIAN_POINT('Ctrl Pts',(-2.5,-5.17321571574901E-33,5.07486229170555E-16));
#4927=CARTESIAN_POINT('Ctrl Pts',(-2.5,3.,5.07486229170555E-16));
#4928=CARTESIAN_POINT('Ctrl Pts',(-2.5,-1.41143825172142E-17,-0.154313298003531));
#4929=CARTESIAN_POINT('Ctrl Pts',(-2.5,3.,-0.154313298003531));
#4930=CARTESIAN_POINT('Ctrl Pts',(-2.38640829114935,-2.01937134127652E-17,
-0.245973086619483));
#4931=CARTESIAN_POINT('Ctrl Pts',(-2.38640829114935,3.,-0.245973086619483));
#4932=CARTESIAN_POINT('Ctrl Pts',(-2.34944494636115,-2.94175361304399E-17,
-0.298074657138152));
#4933=CARTESIAN_POINT('Ctrl Pts',(-2.34944494636115,3.,-0.298074657138152));
#4934=CARTESIAN_POINT('Ctrl Pts',(-2.33436804006479,-3.31798231097542E-17,
-0.319326264672693));
#4935=CARTESIAN_POINT('Ctrl Pts',(-2.33436804006479,3.,-0.319326264672693));
#4936=CARTESIAN_POINT('Ctrl Pts',(-2.32590806506338,-3.75791918270623E-17,
-0.337059501735387));
#4937=CARTESIAN_POINT('Ctrl Pts',(-2.32590806506338,3.,-0.337059501735387));
#4938=CARTESIAN_POINT('Ctrl Pts',(-2.32106760039857,-4.31048175497656E-17,
-0.367620992844542));
#4939=CARTESIAN_POINT('Ctrl Pts',(-2.32106760039857,3.,-0.367620992844542));
#4940=CARTESIAN_POINT('',(-2.5,3.,4.85722573273506E-16));
#4941=CARTESIAN_POINT('Ctrl Pts',(-2.5,3.,5.07486229170555E-16));
#4942=CARTESIAN_POINT('Ctrl Pts',(-2.5,3.,-0.154313298003531));
#4943=CARTESIAN_POINT('Ctrl Pts',(-2.38640829114935,3.,-0.245973086619483));
#4944=CARTESIAN_POINT('Ctrl Pts',(-2.34944494636115,3.,-0.298074657138152));
#4945=CARTESIAN_POINT('Ctrl Pts',(-2.33436804006479,3.,-0.319326264672693));
#4946=CARTESIAN_POINT('Ctrl Pts',(-2.32590806506338,3.,-0.337059501735387));
#4947=CARTESIAN_POINT('Ctrl Pts',(-2.32106760039857,3.,-0.367620992844542));
#4948=CARTESIAN_POINT('',(-2.5,-5.17321571574901E-33,5.07486229170555E-16));
#4949=CARTESIAN_POINT('Ctrl Pts',(-2.32106760039857,4.31048175497656E-17,
0.367620992844544));
#4950=CARTESIAN_POINT('Ctrl Pts',(-2.32106760039857,3.,0.367620992844544));
#4951=CARTESIAN_POINT('Ctrl Pts',(-2.33308467604196,2.93867415209195E-17,
0.291748163299143));
#4952=CARTESIAN_POINT('Ctrl Pts',(-2.33308467604196,3.,0.291748163299143));
#4953=CARTESIAN_POINT('Ctrl Pts',(-2.39085642429952,2.34604772534608E-17,
0.275938580404887));
#4954=CARTESIAN_POINT('Ctrl Pts',(-2.39085642429952,3.,0.275938580404887));
#4955=CARTESIAN_POINT('Ctrl Pts',(-2.45698615340313,1.38000733677981E-17,
0.163322822278419));
#4956=CARTESIAN_POINT('Ctrl Pts',(-2.45698615340313,3.,0.163322822278419));
#4957=CARTESIAN_POINT('Ctrl Pts',(-2.48279804404057,1.0029404835048E-17,
0.119366410053306));
#4958=CARTESIAN_POINT('Ctrl Pts',(-2.48279804404057,3.,0.119366410053306));
#4959=CARTESIAN_POINT('Ctrl Pts',(-2.5,5.57875988041579E-18,0.0609928797711705));
#4960=CARTESIAN_POINT('Ctrl Pts',(-2.5,3.,0.0609928797711705));
#4961=CARTESIAN_POINT('Ctrl Pts',(-2.5,8.81698578076868E-33,6.21724893790086E-16));
#4962=CARTESIAN_POINT('Ctrl Pts',(-2.5,3.,6.21724893790086E-16));
#4963=CARTESIAN_POINT('',(-2.32106760039857,3.,0.367620992844544));
#4964=CARTESIAN_POINT('Ctrl Pts',(-2.32106760039857,3.,0.367620992844544));
#4965=CARTESIAN_POINT('Ctrl Pts',(-2.33308467604196,3.,0.291748163299143));
#4966=CARTESIAN_POINT('Ctrl Pts',(-2.39085642429952,3.,0.275938580404887));
#4967=CARTESIAN_POINT('Ctrl Pts',(-2.45698615340313,3.,0.163322822278419));
#4968=CARTESIAN_POINT('Ctrl Pts',(-2.48279804404057,3.,0.119366410053306));
#4969=CARTESIAN_POINT('Ctrl Pts',(-2.5,3.,0.0609928797711705));
#4970=CARTESIAN_POINT('Ctrl Pts',(-2.5,3.,6.21724893790086E-16));
#4971=CARTESIAN_POINT('',(-2.32106760039857,4.31048175497656E-17,0.367620992844544));
#4972=CARTESIAN_POINT('Ctrl Pts',(-2.37764129073788,9.08248015304196E-17,
0.772542485937369));
#4973=CARTESIAN_POINT('Ctrl Pts',(-2.37764129073788,3.,0.772542485937369));
#4974=CARTESIAN_POINT('Ctrl Pts',(-2.42532672227902,7.74012260639405E-17,
0.625781818320111));
#4975=CARTESIAN_POINT('Ctrl Pts',(-2.42532672227902,3.,0.625781818320111));
#4976=CARTESIAN_POINT('Ctrl Pts',(-2.34561901976264,6.86418894342015E-17,
0.503506410619714));
#4977=CARTESIAN_POINT('Ctrl Pts',(-2.34561901976264,3.,0.503506410619714));
#4978=CARTESIAN_POINT('Ctrl Pts',(-2.32656506056166,5.78473609069227E-17,
0.442532570760248));
#4979=CARTESIAN_POINT('Ctrl Pts',(-2.32656506056166,3.,0.442532570760248));
#4980=CARTESIAN_POINT('Ctrl Pts',(-2.31879317846891,5.34444018118618E-17,
0.417662070664612));
#4981=CARTESIAN_POINT('Ctrl Pts',(-2.31879317846891,3.,0.417662070664612));
#4982=CARTESIAN_POINT('Ctrl Pts',(-2.31622713573377,4.86304432724687E-17,
0.398182483953699));
#4983=CARTESIAN_POINT('Ctrl Pts',(-2.31622713573377,3.,0.398182483953699));
#4984=CARTESIAN_POINT('Ctrl Pts',(-2.32106760039857,4.31048175497657E-17,
0.367620992844542));
#4985=CARTESIAN_POINT('Ctrl Pts',(-2.32106760039857,3.,0.367620992844542));
#4986=CARTESIAN_POINT('',(-2.37764129073788,3.,0.772542485937369));
#4987=CARTESIAN_POINT('Ctrl Pts',(-2.37764129073788,3.,0.772542485937369));
#4988=CARTESIAN_POINT('Ctrl Pts',(-2.42532672227902,3.,0.625781818320111));
#4989=CARTESIAN_POINT('Ctrl Pts',(-2.34561901976264,3.,0.503506410619714));
#4990=CARTESIAN_POINT('Ctrl Pts',(-2.32656506056166,3.,0.442532570760248));
#4991=CARTESIAN_POINT('Ctrl Pts',(-2.31879317846891,3.,0.417662070664612));
#4992=CARTESIAN_POINT('Ctrl Pts',(-2.31622713573377,3.,0.398182483953699));
#4993=CARTESIAN_POINT('Ctrl Pts',(-2.32106760039857,3.,0.367620992844542));
#4994=CARTESIAN_POINT('',(-2.37764129073788,9.08248015304196E-17,0.772542485937369));
#4995=CARTESIAN_POINT('Ctrl Pts',(-2.09386533184267,1.25095052778602E-16,
1.06687767438793));
#4996=CARTESIAN_POINT('Ctrl Pts',(-2.09386533184267,3.,1.06687767438793));
#4997=CARTESIAN_POINT('Ctrl Pts',(-2.12874024368095,1.12719797610915E-16,
0.998431806035538));
#4998=CARTESIAN_POINT('Ctrl Pts',(-2.12874024368095,3.,0.998431806035538));
#4999=CARTESIAN_POINT('Ctrl Pts',(-2.18856987110736,1.10277304867009E-16,
1.00124845121041));
#5000=CARTESIAN_POINT('Ctrl Pts',(-2.18856987110736,3.,1.00124845121041));
#5001=CARTESIAN_POINT('Ctrl Pts',(-2.28626316398771,1.02842687800968E-16,
0.914579710733089));
#5002=CARTESIAN_POINT('Ctrl Pts',(-2.28626316398771,3.,0.914579710733089));
#5003=CARTESIAN_POINT('Ctrl Pts',(-2.32439500916567,9.99407929158516E-17,
0.880750991317341));
#5004=CARTESIAN_POINT('Ctrl Pts',(-2.32439500916567,3.,0.880750991317341));
#5005=CARTESIAN_POINT('Ctrl Pts',(-2.35879345435273,9.61305174675344E-17,
0.830550161691339));
#5006=CARTESIAN_POINT('Ctrl Pts',(-2.35879345435273,3.,0.830550161691339));
#5007=CARTESIAN_POINT('Ctrl Pts',(-2.37764129073788,9.08248015304196E-17,
0.772542485937369));
#5008=CARTESIAN_POINT('Ctrl Pts',(-2.37764129073788,3.,0.772542485937369));
#5009=CARTESIAN_POINT('',(-2.09386533184267,3.,1.06687767438793));
#5010=CARTESIAN_POINT('Ctrl Pts',(-2.09386533184267,3.,1.06687767438793));
#5011=CARTESIAN_POINT('Ctrl Pts',(-2.12874024368095,3.,0.998431806035538));
#5012=CARTESIAN_POINT('Ctrl Pts',(-2.18856987110736,3.,1.00124845121041));
#5013=CARTESIAN_POINT('Ctrl Pts',(-2.28626316398771,3.,0.914579710733089));
#5014=CARTESIAN_POINT('Ctrl Pts',(-2.32439500916567,3.,0.880750991317341));
#5015=CARTESIAN_POINT('Ctrl Pts',(-2.35879345435273,3.,0.830550161691339));
#5016=CARTESIAN_POINT('Ctrl Pts',(-2.37764129073788,3.,0.772542485937369));
#5017=CARTESIAN_POINT('',(-2.09386533184267,1.25095052778602E-16,1.06687767438793));
#5018=CARTESIAN_POINT('Ctrl Pts',(-2.02254248593737,1.72759038673439E-16,
1.46946313073118));
#5019=CARTESIAN_POINT('Ctrl Pts',(-2.02254248593737,3.,1.46946313073118));
#5020=CARTESIAN_POINT('Ctrl Pts',(-2.11324556673646,1.61340263351904E-16,
1.34462105018827));
#5021=CARTESIAN_POINT('Ctrl Pts',(-2.11324556673646,3.,1.34462105018827));
#5022=CARTESIAN_POINT('Ctrl Pts',(-2.07522421583289,1.50758345887182E-16,
1.20369919225206));
#5023=CARTESIAN_POINT('Ctrl Pts',(-2.07522421583289,3.,1.20369919225206));
#5024=CARTESIAN_POINT('Ctrl Pts',(-2.07594477650244,1.39449755212452E-16,
1.1398216273269));
#5025=CARTESIAN_POINT('Ctrl Pts',(-2.07594477650244,3.,1.1398216273269));
#5026=CARTESIAN_POINT('Ctrl Pts',(-2.07623868458241,1.34837116315089E-16,
1.11376673250247));
#5027=CARTESIAN_POINT('Ctrl Pts',(-2.07623868458241,3.,1.11376673250247));
#5028=CARTESIAN_POINT('Ctrl Pts',(-2.07981775625514,1.30079791756269E-16,
1.09444759381289));
#5029=CARTESIAN_POINT('Ctrl Pts',(-2.07981775625514,3.,1.09444759381289));
#5030=CARTESIAN_POINT('Ctrl Pts',(-2.09386533184266,1.25095052778602E-16,
1.06687767438793));
#5031=CARTESIAN_POINT('Ctrl Pts',(-2.09386533184266,3.,1.06687767438793));
#5032=CARTESIAN_POINT('',(-2.02254248593737,3.,1.46946313073118));
#5033=CARTESIAN_POINT('Ctrl Pts',(-2.02254248593737,3.,1.46946313073118));
#5034=CARTESIAN_POINT('Ctrl Pts',(-2.11324556673646,3.,1.34462105018827));
#5035=CARTESIAN_POINT('Ctrl Pts',(-2.07522421583289,3.,1.20369919225206));
#5036=CARTESIAN_POINT('Ctrl Pts',(-2.07594477650244,3.,1.1398216273269));
#5037=CARTESIAN_POINT('Ctrl Pts',(-2.07623868458241,3.,1.11376673250247));
#5038=CARTESIAN_POINT('Ctrl Pts',(-2.07981775625514,3.,1.09444759381289));
#5039=CARTESIAN_POINT('Ctrl Pts',(-2.09386533184266,3.,1.06687767438793));
#5040=CARTESIAN_POINT('',(-2.02254248593737,1.72759038673439E-16,1.46946313073118));
#5041=CARTESIAN_POINT('Ctrl Pts',(-1.66170093578839,1.94840112652986E-16,
1.66170093578839));
#5042=CARTESIAN_POINT('Ctrl Pts',(-1.66170093578839,3.,1.66170093578839));
#5043=CARTESIAN_POINT('Ctrl Pts',(-1.71601988446306,1.85019054545744E-16,
1.60738198711371));
#5044=CARTESIAN_POINT('Ctrl Pts',(-1.71601988446306,3.,1.60738198711371));
#5045=CARTESIAN_POINT('Ctrl Pts',(-1.77205085026829,1.86299421533013E-16,
1.62854914750325));
#5046=CARTESIAN_POINT('Ctrl Pts',(-1.77205085026829,3.,1.62854914750325));
#5047=CARTESIAN_POINT('Ctrl Pts',(-1.89174480674903,1.81818343405041E-16,
1.57631116484968));
#5048=CARTESIAN_POINT('Ctrl Pts',(-1.89174480674903,3.,1.57631116484968));
#5049=CARTESIAN_POINT('Ctrl Pts',(-1.9384639957813,1.80069279857604E-16,
1.55592152899828));
#5050=CARTESIAN_POINT('Ctrl Pts',(-1.9384639957813,3.,1.55592152899828));
#5051=CARTESIAN_POINT('Ctrl Pts',(-1.98669177071303,1.77272350224232E-16,
1.51880740700192));
#5052=CARTESIAN_POINT('Ctrl Pts',(-1.98669177071303,3.,1.51880740700192));
#5053=CARTESIAN_POINT('Ctrl Pts',(-2.02254248593737,1.72759038673439E-16,
1.46946313073118));
#5054=CARTESIAN_POINT('Ctrl Pts',(-2.02254248593737,3.,1.46946313073118));
#5055=CARTESIAN_POINT('',(-1.66170093578839,3.,1.66170093578839));
#5056=CARTESIAN_POINT('Ctrl Pts',(-1.66170093578839,3.,1.66170093578839));
#5057=CARTESIAN_POINT('Ctrl Pts',(-1.71601988446306,3.,1.60738198711371));
#5058=CARTESIAN_POINT('Ctrl Pts',(-1.77205085026829,3.,1.62854914750325));
#5059=CARTESIAN_POINT('Ctrl Pts',(-1.89174480674903,3.,1.57631116484968));
#5060=CARTESIAN_POINT('Ctrl Pts',(-1.9384639957813,3.,1.55592152899828));
#5061=CARTESIAN_POINT('Ctrl Pts',(-1.98669177071303,3.,1.51880740700192));
#5062=CARTESIAN_POINT('Ctrl Pts',(-2.02254248593737,3.,1.46946313073118));
#5063=CARTESIAN_POINT('',(-1.66170093578839,1.94840112652986E-16,1.66170093578839));
#5064=CARTESIAN_POINT('Ctrl Pts',(-1.46946313073118,4.18819982779935E-32,
2.02254248593737));
#5065=CARTESIAN_POINT('Ctrl Pts',(-1.46946313073118,3.,2.02254248593737));
#5066=CARTESIAN_POINT('Ctrl Pts',(-1.59430521127407,4.04207358257561E-32,
1.93183940513829));
#5067=CARTESIAN_POINT('Ctrl Pts',(-1.59430521127407,3.,1.93183940513829));
#5068=CARTESIAN_POINT('Ctrl Pts',(-1.60169200672009,3.84183065650279E-32,
1.78606551028133));
#5069=CARTESIAN_POINT('Ctrl Pts',(-1.60169200672009,3.,1.78606551028133));
#5070=CARTESIAN_POINT('Ctrl Pts',(-1.62211655376141,3.65308899913219E-32,
1.72553700140658));
#5071=CARTESIAN_POINT('Ctrl Pts',(-1.62211655376141,3.,1.72553700140658));
#5072=CARTESIAN_POINT('Ctrl Pts',(-1.63044748224345,3.57610353424256E-32,
1.70084814649391));
#5073=CARTESIAN_POINT('Ctrl Pts',(-1.63044748224345,3.,1.70084814649391));
#5074=CARTESIAN_POINT('Ctrl Pts',(-1.63982132385185,3.50150983443801E-32,
1.68358054772492));
#5075=CARTESIAN_POINT('Ctrl Pts',(-1.63982132385185,3.,1.68358054772492));
#5076=CARTESIAN_POINT('Ctrl Pts',(-1.66170093578839,3.43183207189146E-32,
1.66170093578839));
#5077=CARTESIAN_POINT('Ctrl Pts',(-1.66170093578839,3.,1.66170093578839));
#5078=CARTESIAN_POINT('',(-1.46946313073118,3.,2.02254248593737));
#5079=CARTESIAN_POINT('Ctrl Pts',(-1.46946313073118,3.,2.02254248593737));
#5080=CARTESIAN_POINT('Ctrl Pts',(-1.59430521127407,3.,1.93183940513829));
#5081=CARTESIAN_POINT('Ctrl Pts',(-1.60169200672009,3.,1.78606551028133));
#5082=CARTESIAN_POINT('Ctrl Pts',(-1.62211655376141,3.,1.72553700140658));
#5083=CARTESIAN_POINT('Ctrl Pts',(-1.63044748224345,3.,1.70084814649391));
#5084=CARTESIAN_POINT('Ctrl Pts',(-1.63982132385185,3.,1.68358054772492));
#5085=CARTESIAN_POINT('Ctrl Pts',(-1.66170093578839,3.,1.66170093578839));
#5086=CARTESIAN_POINT('',(-1.46946313073118,4.18819982779935E-32,2.02254248593737));
#5087=CARTESIAN_POINT('Ctrl Pts',(-1.06687767438793,4.32436068685852E-32,
2.09386533184266));
#5088=CARTESIAN_POINT('Ctrl Pts',(-1.06687767438793,3.,2.09386533184266));
#5089=CARTESIAN_POINT('Ctrl Pts',(-1.13532354274034,4.21329812172028E-32,
2.05899042000437));
#5090=CARTESIAN_POINT('Ctrl Pts',(-1.13532354274034,3.,2.05899042000437));
#5091=CARTESIAN_POINT('Ctrl Pts',(-1.1820711456007,4.29921532795148E-32,
2.09643610646936));
#5092=CARTESIAN_POINT('Ctrl Pts',(-1.1820711456007,3.,2.09643610646936));
#5093=CARTESIAN_POINT('Ctrl Pts',(-1.31204928726467,4.28003589906647E-32,
2.0837422993451));
#5094=CARTESIAN_POINT('Ctrl Pts',(-1.31204928726467,3.,2.0837422993451));
#5095=CARTESIAN_POINT('Ctrl Pts',(-1.36278262041702,4.27254974529601E-32,
2.07878762667812));
#5096=CARTESIAN_POINT('Ctrl Pts',(-1.36278262041702,3.,2.07878762667812));
#5097=CARTESIAN_POINT('Ctrl Pts',(-1.42011885446044,4.2459567458463E-32,
2.05839320116171));
#5098=CARTESIAN_POINT('Ctrl Pts',(-1.42011885446044,3.,2.05839320116171));
#5099=CARTESIAN_POINT('Ctrl Pts',(-1.46946313073118,4.18819982779936E-32,
2.02254248593737));
#5100=CARTESIAN_POINT('Ctrl Pts',(-1.46946313073118,3.,2.02254248593737));
#5101=CARTESIAN_POINT('',(-1.06687767438793,3.,2.09386533184266));
#5102=CARTESIAN_POINT('Ctrl Pts',(-1.06687767438793,3.,2.09386533184266));
#5103=CARTESIAN_POINT('Ctrl Pts',(-1.13532354274034,3.,2.05899042000437));
#5104=CARTESIAN_POINT('Ctrl Pts',(-1.1820711456007,3.,2.09643610646936));
#5105=CARTESIAN_POINT('Ctrl Pts',(-1.31204928726467,3.,2.0837422993451));
#5106=CARTESIAN_POINT('Ctrl Pts',(-1.36278262041702,3.,2.07878762667812));
#5107=CARTESIAN_POINT('Ctrl Pts',(-1.42011885446044,3.,2.05839320116171));
#5108=CARTESIAN_POINT('Ctrl Pts',(-1.46946313073118,3.,2.02254248593737));
#5109=CARTESIAN_POINT('',(-1.06687767438793,4.32436068685852E-32,2.09386533184266));
#5110=CARTESIAN_POINT('Ctrl Pts',(-0.772542485937369,4.92352418486867E-32,
2.37764129073788));
#5111=CARTESIAN_POINT('Ctrl Pts',(-0.772542485937369,3.,2.37764129073788));
#5112=CARTESIAN_POINT('Ctrl Pts',(-0.919303153554632,4.84670107145739E-32,
2.32995585919674));
#5113=CARTESIAN_POINT('Ctrl Pts',(-0.919303153554632,3.,2.32995585919674));
#5114=CARTESIAN_POINT('Ctrl Pts',(-0.971375024345101,4.65220185062365E-32,
2.1935992919141));
#5115=CARTESIAN_POINT('Ctrl Pts',(-0.971375024345101,3.,2.1935992919141));
#5116=CARTESIAN_POINT('Ctrl Pts',(-1.00950426078763,4.4923786601966E-32,
2.1423447912653));
#5117=CARTESIAN_POINT('Ctrl Pts',(-1.00950426078763,3.,2.1423447912653));
#5118=CARTESIAN_POINT('Ctrl Pts',(-1.02505672034693,4.42718869213881E-32,
2.12143869340061));
#5119=CARTESIAN_POINT('Ctrl Pts',(-1.02505672034693,3.,2.12143869340061));
#5120=CARTESIAN_POINT('Ctrl Pts',(-1.03930775496298,4.36909656421235E-32,
2.10791290743019));
#5121=CARTESIAN_POINT('Ctrl Pts',(-1.03930775496298,3.,2.10791290743019));
#5122=CARTESIAN_POINT('Ctrl Pts',(-1.06687767438793,4.32436068685852E-32,
2.09386533184267));
#5123=CARTESIAN_POINT('Ctrl Pts',(-1.06687767438793,3.,2.09386533184267));
#5124=CARTESIAN_POINT('',(-0.772542485937369,3.,2.37764129073788));
#5125=CARTESIAN_POINT('Ctrl Pts',(-0.772542485937369,3.,2.37764129073788));
#5126=CARTESIAN_POINT('Ctrl Pts',(-0.919303153554632,3.,2.32995585919674));
#5127=CARTESIAN_POINT('Ctrl Pts',(-0.971375024345101,3.,2.1935992919141));
#5128=CARTESIAN_POINT('Ctrl Pts',(-1.00950426078763,3.,2.1423447912653));
#5129=CARTESIAN_POINT('Ctrl Pts',(-1.02505672034693,3.,2.12143869340061));
#5130=CARTESIAN_POINT('Ctrl Pts',(-1.03930775496298,3.,2.10791290743019));
#5131=CARTESIAN_POINT('Ctrl Pts',(-1.06687767438793,3.,2.09386533184267));
#5132=CARTESIAN_POINT('',(-0.772542485937369,4.92352418486867E-32,2.37764129073788));
#5133=CARTESIAN_POINT('Ctrl Pts',(-0.367620992844541,4.7935907482033E-32,
2.32106760039857));
#5134=CARTESIAN_POINT('Ctrl Pts',(-0.367620992844541,3.,2.32106760039857));
#5135=CARTESIAN_POINT('Ctrl Pts',(-0.443493822389944,4.75532119636607E-32,
2.30905052475519));
#5136=CARTESIAN_POINT('Ctrl Pts',(-0.443493822389944,3.,2.30905052475519));
#5137=CARTESIAN_POINT('Ctrl Pts',(-0.476382081227744,4.89619358664806E-32,
2.359109292605));
#5138=CARTESIAN_POINT('Ctrl Pts',(-0.476382081227744,3.,2.359109292605));
#5139=CARTESIAN_POINT('Ctrl Pts',(-0.60392124195791,4.93863997679211E-32,
2.38720221929432));
#5140=CARTESIAN_POINT('Ctrl Pts',(-0.60392124195791,3.,2.38720221929432));
#5141=CARTESIAN_POINT('Ctrl Pts',(-0.653702587101487,4.95520773829974E-32,
2.39816750769365));
#5142=CARTESIAN_POINT('Ctrl Pts',(-0.653702587101487,3.,2.39816750769365));
#5143=CARTESIAN_POINT('Ctrl Pts',(-0.714534810183396,4.95388879362607E-32,
2.39648912712304));
#5144=CARTESIAN_POINT('Ctrl Pts',(-0.714534810183396,3.,2.39648912712304));
#5145=CARTESIAN_POINT('Ctrl Pts',(-0.772542485937369,4.92352418486867E-32,
2.37764129073788));
#5146=CARTESIAN_POINT('Ctrl Pts',(-0.772542485937369,3.,2.37764129073788));
#5147=CARTESIAN_POINT('',(-0.367620992844541,3.,2.32106760039857));
#5148=CARTESIAN_POINT('Ctrl Pts',(-0.367620992844541,3.,2.32106760039857));
#5149=CARTESIAN_POINT('Ctrl Pts',(-0.443493822389944,3.,2.30905052475519));
#5150=CARTESIAN_POINT('Ctrl Pts',(-0.476382081227744,3.,2.359109292605));
#5151=CARTESIAN_POINT('Ctrl Pts',(-0.60392124195791,3.,2.38720221929432));
#5152=CARTESIAN_POINT('Ctrl Pts',(-0.653702587101487,3.,2.39816750769365));
#5153=CARTESIAN_POINT('Ctrl Pts',(-0.714534810183396,3.,2.39648912712304));
#5154=CARTESIAN_POINT('Ctrl Pts',(-0.772542485937369,3.,2.37764129073788));
#5155=CARTESIAN_POINT('',(-0.367620992844541,4.7935907482033E-32,2.32106760039857));
#5156=CARTESIAN_POINT('Ctrl Pts',(4.44089209850056E-17,5.17689969051292E-32,
2.5));
#5157=CARTESIAN_POINT('Ctrl Pts',(4.44089209850056E-17,3.,2.5));
#5158=CARTESIAN_POINT('Ctrl Pts',(-0.154313298003512,5.17689969051292E-32,
2.5));
#5159=CARTESIAN_POINT('Ctrl Pts',(-0.154313298003512,3.,2.5));
#5160=CARTESIAN_POINT('Ctrl Pts',(-0.245973086619456,5.00718311380934E-32,
2.38640829114938));
#5161=CARTESIAN_POINT('Ctrl Pts',(-0.245973086619456,3.,2.38640829114938));
#5162=CARTESIAN_POINT('Ctrl Pts',(-0.298074657138133,4.89192299775852E-32,
2.34944494636116));
#5163=CARTESIAN_POINT('Ctrl Pts',(-0.298074657138133,3.,2.34944494636116));
#5164=CARTESIAN_POINT('Ctrl Pts',(-0.319326264672688,4.84490977481121E-32,
2.33436804006479));
#5165=CARTESIAN_POINT('Ctrl Pts',(-0.319326264672688,3.,2.33436804006479));
#5166=CARTESIAN_POINT('Ctrl Pts',(-0.337059501735375,4.80900568099589E-32,
2.32590806506338));
#5167=CARTESIAN_POINT('Ctrl Pts',(-0.337059501735375,3.,2.32590806506338));
#5168=CARTESIAN_POINT('Ctrl Pts',(-0.367620992844544,4.7935907482033E-32,
2.32106760039857));
#5169=CARTESIAN_POINT('Ctrl Pts',(-0.367620992844544,3.,2.32106760039857));
#5170=CARTESIAN_POINT('',(0.,3.,2.5));
#5171=CARTESIAN_POINT('Ctrl Pts',(4.44089209850056E-17,3.,2.5));
#5172=CARTESIAN_POINT('Ctrl Pts',(-0.154313298003512,3.,2.5));
#5173=CARTESIAN_POINT('Ctrl Pts',(-0.245973086619456,3.,2.38640829114938));
#5174=CARTESIAN_POINT('Ctrl Pts',(-0.298074657138133,3.,2.34944494636116));
#5175=CARTESIAN_POINT('Ctrl Pts',(-0.319326264672688,3.,2.33436804006479));
#5176=CARTESIAN_POINT('Ctrl Pts',(-0.337059501735375,3.,2.32590806506338));
#5177=CARTESIAN_POINT('Ctrl Pts',(-0.367620992844544,3.,2.32106760039857));
#5178=CARTESIAN_POINT('',(4.44089209850056E-17,5.17689969051292E-32,2.5));
#5179=CARTESIAN_POINT('Ctrl Pts',(0.367620992844542,4.7935907482033E-32,
2.32106760039857));
#5180=CARTESIAN_POINT('Ctrl Pts',(0.367620992844542,3.,2.32106760039857));
#5181=CARTESIAN_POINT('Ctrl Pts',(0.291748163299148,4.83186030004054E-32,
2.33308467604196));
#5182=CARTESIAN_POINT('Ctrl Pts',(0.291748163299148,3.,2.33308467604196));
#5183=CARTESIAN_POINT('Ctrl Pts',(0.275938580404922,5.01389830329688E-32,
2.39085642429952));
#5184=CARTESIAN_POINT('Ctrl Pts',(0.275938580404922,3.,2.39085642429952));
#5185=CARTESIAN_POINT('Ctrl Pts',(0.163322822278399,5.1138155640613E-32,
2.45698615340314));
#5186=CARTESIAN_POINT('Ctrl Pts',(0.163322822278399,3.,2.45698615340314));
#5187=CARTESIAN_POINT('Ctrl Pts',(0.119366410053272,5.15281547291626E-32,
2.48279804404058));
#5188=CARTESIAN_POINT('Ctrl Pts',(0.119366410053272,3.,2.48279804404058));
#5189=CARTESIAN_POINT('Ctrl Pts',(0.0609928797711633,5.17689969051292E-32,
2.5));
#5190=CARTESIAN_POINT('Ctrl Pts',(0.0609928797711633,3.,2.5));
#5191=CARTESIAN_POINT('Ctrl Pts',(1.58647585604537E-16,5.17689969051292E-32,
2.5));
#5192=CARTESIAN_POINT('Ctrl Pts',(1.58647585604537E-16,3.,2.5));
#5193=CARTESIAN_POINT('',(0.367620992844542,3.,2.32106760039857));
#5194=CARTESIAN_POINT('Ctrl Pts',(0.367620992844542,3.,2.32106760039857));
#5195=CARTESIAN_POINT('Ctrl Pts',(0.291748163299148,3.,2.33308467604196));
#5196=CARTESIAN_POINT('Ctrl Pts',(0.275938580404922,3.,2.39085642429952));
#5197=CARTESIAN_POINT('Ctrl Pts',(0.163322822278399,3.,2.45698615340314));
#5198=CARTESIAN_POINT('Ctrl Pts',(0.119366410053272,3.,2.48279804404058));
#5199=CARTESIAN_POINT('Ctrl Pts',(0.0609928797711633,3.,2.5));
#5200=CARTESIAN_POINT('Ctrl Pts',(1.58647585604537E-16,3.,2.5));
#5201=CARTESIAN_POINT('',(0.367620992844542,4.7935907482033E-32,2.32106760039857));
#5202=CARTESIAN_POINT('Ctrl Pts',(0.772542485937369,4.92352418486867E-32,
2.37764129073788));
#5203=CARTESIAN_POINT('Ctrl Pts',(0.772542485937369,3.,2.37764129073788));
#5204=CARTESIAN_POINT('Ctrl Pts',(0.625781818320089,5.00034729827996E-32,
2.42532672227903));
#5205=CARTESIAN_POINT('Ctrl Pts',(0.625781818320089,3.,2.42532672227903));
#5206=CARTESIAN_POINT('Ctrl Pts',(0.503506410619742,4.87202640671905E-32,
2.34561901976265));
#5207=CARTESIAN_POINT('Ctrl Pts',(0.503506410619742,3.,2.34561901976265));
#5208=CARTESIAN_POINT('Ctrl Pts',(0.442532570760215,4.81261182826796E-32,
2.32656506056165));
#5209=CARTESIAN_POINT('Ctrl Pts',(0.442532570760215,3.,2.32656506056165));
#5210=CARTESIAN_POINT('Ctrl Pts',(0.417662070664567,4.78837733225369E-32,
2.31879317846889));
#5211=CARTESIAN_POINT('Ctrl Pts',(0.417662070664567,3.,2.31879317846889));
#5212=CARTESIAN_POINT('Ctrl Pts',(0.398182483953686,4.77817581541073E-32,
2.31622713573377));
#5213=CARTESIAN_POINT('Ctrl Pts',(0.398182483953686,3.,2.31622713573377));
#5214=CARTESIAN_POINT('Ctrl Pts',(0.367620992844543,4.7935907482033E-32,
2.32106760039857));
#5215=CARTESIAN_POINT('Ctrl Pts',(0.367620992844543,3.,2.32106760039857));
#5216=CARTESIAN_POINT('',(0.772542485937369,3.,2.37764129073788));
#5217=CARTESIAN_POINT('Ctrl Pts',(0.772542485937369,3.,2.37764129073788));
#5218=CARTESIAN_POINT('Ctrl Pts',(0.625781818320089,3.,2.42532672227903));
#5219=CARTESIAN_POINT('Ctrl Pts',(0.503506410619742,3.,2.34561901976265));
#5220=CARTESIAN_POINT('Ctrl Pts',(0.442532570760215,3.,2.32656506056165));
#5221=CARTESIAN_POINT('Ctrl Pts',(0.417662070664567,3.,2.31879317846889));
#5222=CARTESIAN_POINT('Ctrl Pts',(0.398182483953686,3.,2.31622713573377));
#5223=CARTESIAN_POINT('Ctrl Pts',(0.367620992844543,3.,2.32106760039857));
#5224=CARTESIAN_POINT('',(0.772542485937369,4.92352418486867E-32,2.37764129073788));
#5225=CARTESIAN_POINT('Ctrl Pts',(1.06687767438794,4.32436068685852E-32,
2.09386533184266));
#5226=CARTESIAN_POINT('Ctrl Pts',(1.06687767438794,3.,2.09386533184266));
#5227=CARTESIAN_POINT('Ctrl Pts',(0.998431806035528,4.43542325199676E-32,
2.12874024368096));
#5228=CARTESIAN_POINT('Ctrl Pts',(0.998431806035528,3.,2.12874024368096));
#5229=CARTESIAN_POINT('Ctrl Pts',(1.00124845121042,4.64080772013537E-32,
2.18856987110736));
#5230=CARTESIAN_POINT('Ctrl Pts',(1.00124845121042,3.,2.18856987110736));
#5231=CARTESIAN_POINT('Ctrl Pts',(0.914579710733087,4.78841525387204E-32,
2.28626316398772));
#5232=CARTESIAN_POINT('Ctrl Pts',(0.914579710733087,3.,2.28626316398772));
#5233=CARTESIAN_POINT('Ctrl Pts',(0.880750991317338,4.84602972726727E-32,
2.32439500916568));
#5234=CARTESIAN_POINT('Ctrl Pts',(0.880750991317338,3.,2.32439500916568));
#5235=CARTESIAN_POINT('Ctrl Pts',(0.83055016169134,4.89315957611128E-32,
2.35879345435273));
#5236=CARTESIAN_POINT('Ctrl Pts',(0.83055016169134,3.,2.35879345435273));
#5237=CARTESIAN_POINT('Ctrl Pts',(0.772542485937369,4.92352418486867E-32,
2.37764129073788));
#5238=CARTESIAN_POINT('Ctrl Pts',(0.772542485937369,3.,2.37764129073788));
#5239=CARTESIAN_POINT('',(1.06687767438794,3.,2.09386533184266));
#5240=CARTESIAN_POINT('Ctrl Pts',(1.06687767438794,3.,2.09386533184266));
#5241=CARTESIAN_POINT('Ctrl Pts',(0.998431806035528,3.,2.12874024368096));
#5242=CARTESIAN_POINT('Ctrl Pts',(1.00124845121042,3.,2.18856987110736));
#5243=CARTESIAN_POINT('Ctrl Pts',(0.914579710733087,3.,2.28626316398772));
#5244=CARTESIAN_POINT('Ctrl Pts',(0.880750991317338,3.,2.32439500916568));
#5245=CARTESIAN_POINT('Ctrl Pts',(0.83055016169134,3.,2.35879345435273));
#5246=CARTESIAN_POINT('Ctrl Pts',(0.772542485937369,3.,2.37764129073788));
#5247=CARTESIAN_POINT('',(1.06687767438794,4.32436068685852E-32,2.09386533184266));
#5248=CARTESIAN_POINT('Ctrl Pts',(1.46946313073118,4.18819982779936E-32,
2.02254248593737));
#5249=CARTESIAN_POINT('Ctrl Pts',(1.46946313073118,3.,2.02254248593737));
#5250=CARTESIAN_POINT('Ctrl Pts',(1.34462105018826,4.33432607302313E-32,
2.11324556673647));
#5251=CARTESIAN_POINT('Ctrl Pts',(1.34462105018826,3.,2.11324556673647));
#5252=CARTESIAN_POINT('Ctrl Pts',(1.20369919225205,4.25996180953519E-32,
2.07522421583288));
#5253=CARTESIAN_POINT('Ctrl Pts',(1.20369919225205,3.,2.07522421583288));
#5254=CARTESIAN_POINT('Ctrl Pts',(1.13982162732688,4.26220868158834E-32,
2.07594477650244));
#5255=CARTESIAN_POINT('Ctrl Pts',(1.13982162732688,3.,2.07594477650244));
#5256=CARTESIAN_POINT('Ctrl Pts',(1.11376673250246,4.26312515382858E-32,
2.07623868458241));
#5257=CARTESIAN_POINT('Ctrl Pts',(1.11376673250246,3.,2.07623868458241));
#5258=CARTESIAN_POINT('Ctrl Pts',(1.09444759381289,4.27962480950468E-32,
2.07981775625514));
#5259=CARTESIAN_POINT('Ctrl Pts',(1.09444759381289,3.,2.07981775625514));
#5260=CARTESIAN_POINT('Ctrl Pts',(1.06687767438793,4.32436068685852E-32,
2.09386533184266));
#5261=CARTESIAN_POINT('Ctrl Pts',(1.06687767438793,3.,2.09386533184266));
#5262=CARTESIAN_POINT('',(1.46946313073118,3.,2.02254248593737));
#5263=CARTESIAN_POINT('Ctrl Pts',(1.46946313073118,3.,2.02254248593737));
#5264=CARTESIAN_POINT('Ctrl Pts',(1.34462105018826,3.,2.11324556673647));
#5265=CARTESIAN_POINT('Ctrl Pts',(1.20369919225205,3.,2.07522421583288));
#5266=CARTESIAN_POINT('Ctrl Pts',(1.13982162732688,3.,2.07594477650244));
#5267=CARTESIAN_POINT('Ctrl Pts',(1.11376673250246,3.,2.07623868458241));
#5268=CARTESIAN_POINT('Ctrl Pts',(1.09444759381289,3.,2.07981775625514));
#5269=CARTESIAN_POINT('Ctrl Pts',(1.06687767438793,3.,2.09386533184266));
#5270=CARTESIAN_POINT('',(1.46946313073118,4.18819982779936E-32,2.02254248593737));
#5271=CARTESIAN_POINT('Ctrl Pts',(1.66170093578839,3.43183207189146E-32,
1.66170093578839));
#5272=CARTESIAN_POINT('Ctrl Pts',(1.66170093578839,3.,1.66170093578839));
#5273=CARTESIAN_POINT('Ctrl Pts',(1.60738198711371,3.60481607263658E-32,
1.71601988446306));
#5274=CARTESIAN_POINT('Ctrl Pts',(1.60738198711371,3.,1.71601988446306));
#5275=CARTESIAN_POINT('Ctrl Pts',(1.62854914750325,3.81344254291832E-32,
1.7720508502683));
#5276=CARTESIAN_POINT('Ctrl Pts',(1.62854914750325,3.,1.7720508502683));
#5277=CARTESIAN_POINT('Ctrl Pts',(1.57631116484967,3.99429149578296E-32,
1.89174480674906));
#5278=CARTESIAN_POINT('Ctrl Pts',(1.57631116484967,3.,1.89174480674906));
#5279=CARTESIAN_POINT('Ctrl Pts',(1.55592152899827,4.06488082763888E-32,
1.93846399578131));
#5280=CARTESIAN_POINT('Ctrl Pts',(1.55592152899827,3.,1.93846399578131));
#5281=CARTESIAN_POINT('Ctrl Pts',(1.51880740700191,4.13044290975242E-32,
1.98669177071304));
#5282=CARTESIAN_POINT('Ctrl Pts',(1.51880740700191,3.,1.98669177071304));
#5283=CARTESIAN_POINT('Ctrl Pts',(1.46946313073118,4.18819982779936E-32,
2.02254248593737));
#5284=CARTESIAN_POINT('Ctrl Pts',(1.46946313073118,3.,2.02254248593737));
#5285=CARTESIAN_POINT('',(1.66170093578839,3.,1.66170093578839));
#5286=CARTESIAN_POINT('Ctrl Pts',(1.66170093578839,3.,1.66170093578839));
#5287=CARTESIAN_POINT('Ctrl Pts',(1.60738198711371,3.,1.71601988446306));
#5288=CARTESIAN_POINT('Ctrl Pts',(1.62854914750325,3.,1.7720508502683));
#5289=CARTESIAN_POINT('Ctrl Pts',(1.57631116484967,3.,1.89174480674906));
#5290=CARTESIAN_POINT('Ctrl Pts',(1.55592152899827,3.,1.93846399578131));
#5291=CARTESIAN_POINT('Ctrl Pts',(1.51880740700191,3.,1.98669177071304));
#5292=CARTESIAN_POINT('Ctrl Pts',(1.46946313073118,3.,2.02254248593737));
#5293=CARTESIAN_POINT('',(1.66170093578839,3.43183207189146E-32,1.66170093578839));
#5294=CARTESIAN_POINT('Ctrl Pts',(2.02254248593737,3.04290529068096E-32,
1.46946313073118));
#5295=CARTESIAN_POINT('Ctrl Pts',(2.02254248593737,3.,1.46946313073118));
#5296=CARTESIAN_POINT('Ctrl Pts',(1.93183940513827,3.2440308127133E-32,
1.59430521127409));
#5297=CARTESIAN_POINT('Ctrl Pts',(1.93183940513827,3.,1.59430521127409));
#5298=CARTESIAN_POINT('Ctrl Pts',(1.7860655102813,3.23090246953482E-32,
1.60169200672009));
#5299=CARTESIAN_POINT('Ctrl Pts',(1.7860655102813,3.,1.60169200672009));
#5300=CARTESIAN_POINT('Ctrl Pts',(1.72553700140654,3.29459085260075E-32,
1.62211655376142));
#5301=CARTESIAN_POINT('Ctrl Pts',(1.72553700140654,3.,1.62211655376142));
#5302=CARTESIAN_POINT('Ctrl Pts',(1.70084814649389,3.32056858240721E-32,
1.63044748224346));
#5303=CARTESIAN_POINT('Ctrl Pts',(1.70084814649389,3.,1.63044748224346));
#5304=CARTESIAN_POINT('Ctrl Pts',(1.68358054772491,3.36215430934494E-32,
1.63982132385186));
#5305=CARTESIAN_POINT('Ctrl Pts',(1.68358054772491,3.,1.63982132385186));
#5306=CARTESIAN_POINT('Ctrl Pts',(1.66170093578839,3.43183207189146E-32,
1.66170093578839));
#5307=CARTESIAN_POINT('Ctrl Pts',(1.66170093578839,3.,1.66170093578839));
#5308=CARTESIAN_POINT('',(2.02254248593737,3.,1.46946313073118));
#5309=CARTESIAN_POINT('Ctrl Pts',(2.02254248593737,3.,1.46946313073118));
#5310=CARTESIAN_POINT('Ctrl Pts',(1.93183940513827,3.,1.59430521127409));
#5311=CARTESIAN_POINT('Ctrl Pts',(1.7860655102813,3.,1.60169200672009));
#5312=CARTESIAN_POINT('Ctrl Pts',(1.72553700140654,3.,1.62211655376142));
#5313=CARTESIAN_POINT('Ctrl Pts',(1.70084814649389,3.,1.63044748224346));
#5314=CARTESIAN_POINT('Ctrl Pts',(1.68358054772491,3.,1.63982132385186));
#5315=CARTESIAN_POINT('Ctrl Pts',(1.66170093578839,3.,1.66170093578839));
#5316=CARTESIAN_POINT('',(2.02254248593737,3.04290529068096E-32,1.46946313073118));
#5317=CARTESIAN_POINT('Ctrl Pts',(2.09386533184266,2.20337182274762E-32,
1.06687767438793));
#5318=CARTESIAN_POINT('Ctrl Pts',(2.09386533184266,3.,1.06687767438793));
#5319=CARTESIAN_POINT('Ctrl Pts',(2.05899042000437,2.42134437985628E-32,
1.13532354274034));
#5320=CARTESIAN_POINT('Ctrl Pts',(2.05899042000437,3.,1.13532354274034));
#5321=CARTESIAN_POINT('Ctrl Pts',(2.09643610646936,2.61279103978385E-32,
1.1820711456007));
#5322=CARTESIAN_POINT('Ctrl Pts',(2.09643610646936,3.,1.1820711456007));
#5323=CARTESIAN_POINT('Ctrl Pts',(2.0837422993451,2.8091786562213E-32,1.31204928726467));
#5324=CARTESIAN_POINT('Ctrl Pts',(2.0837422993451,3.,1.31204928726467));
#5325=CARTESIAN_POINT('Ctrl Pts',(2.07878762667812,2.88583307091108E-32,
1.36278262041702));
#5326=CARTESIAN_POINT('Ctrl Pts',(2.07878762667812,3.,1.36278262041702));
#5327=CARTESIAN_POINT('Ctrl Pts',(2.05839320116171,2.96340971289901E-32,
1.42011885446044));
#5328=CARTESIAN_POINT('Ctrl Pts',(2.05839320116171,3.,1.42011885446044));
#5329=CARTESIAN_POINT('Ctrl Pts',(2.02254248593737,3.04290529068096E-32,
1.46946313073118));
#5330=CARTESIAN_POINT('Ctrl Pts',(2.02254248593737,3.,1.46946313073118));
#5331=CARTESIAN_POINT('',(2.09386533184266,3.,1.06687767438793));
#5332=CARTESIAN_POINT('Ctrl Pts',(2.09386533184266,3.,1.06687767438793));
#5333=CARTESIAN_POINT('Ctrl Pts',(2.05899042000437,3.,1.13532354274034));
#5334=CARTESIAN_POINT('Ctrl Pts',(2.09643610646936,3.,1.1820711456007));
#5335=CARTESIAN_POINT('Ctrl Pts',(2.0837422993451,3.,1.31204928726467));
#5336=CARTESIAN_POINT('Ctrl Pts',(2.07878762667812,3.,1.36278262041702));
#5337=CARTESIAN_POINT('Ctrl Pts',(2.05839320116171,3.,1.42011885446044));
#5338=CARTESIAN_POINT('Ctrl Pts',(2.02254248593737,3.,1.46946313073118));
#5339=CARTESIAN_POINT('',(2.09386533184266,2.20337182274762E-32,1.06687767438793));
#5340=CARTESIAN_POINT('Ctrl Pts',(2.37764129073788,1.5997499825429E-32,
0.772542485937369));
#5341=CARTESIAN_POINT('Ctrl Pts',(2.37764129073788,3.,0.772542485937369));
#5342=CARTESIAN_POINT('Ctrl Pts',(2.32995585919674,1.83618721396335E-32,
0.919303153554632));
#5343=CARTESIAN_POINT('Ctrl Pts',(2.32995585919674,3.,0.919303153554632));
#5344=CARTESIAN_POINT('Ctrl Pts',(2.1935992919141,1.88557988479519E-32,
0.971375024345101));
#5345=CARTESIAN_POINT('Ctrl Pts',(2.1935992919141,3.,0.971375024345101));
#5346=CARTESIAN_POINT('Ctrl Pts',(2.1423447912653,2.00447551619636E-32,
1.00950426078763));
#5347=CARTESIAN_POINT('Ctrl Pts',(2.1423447912653,3.,1.00950426078763));
#5348=CARTESIAN_POINT('Ctrl Pts',(2.12143869340061,2.05297162237809E-32,
1.02505672034693));
#5349=CARTESIAN_POINT('Ctrl Pts',(2.12143869340061,3.,1.02505672034693));
#5350=CARTESIAN_POINT('Ctrl Pts',(2.10791290743019,2.11557271987999E-32,
1.03930775496298));
#5351=CARTESIAN_POINT('Ctrl Pts',(2.10791290743019,3.,1.03930775496298));
#5352=CARTESIAN_POINT('Ctrl Pts',(2.09386533184267,2.20337182274762E-32,
1.06687767438793));
#5353=CARTESIAN_POINT('Ctrl Pts',(2.09386533184267,3.,1.06687767438793));
#5354=CARTESIAN_POINT('',(2.37764129073788,3.,0.772542485937369));
#5355=CARTESIAN_POINT('Ctrl Pts',(2.37764129073788,3.,0.772542485937369));
#5356=CARTESIAN_POINT('Ctrl Pts',(2.32995585919674,3.,0.919303153554632));
#5357=CARTESIAN_POINT('Ctrl Pts',(2.1935992919141,3.,0.971375024345101));
#5358=CARTESIAN_POINT('Ctrl Pts',(2.1423447912653,3.,1.00950426078763));
#5359=CARTESIAN_POINT('Ctrl Pts',(2.12143869340061,3.,1.02505672034693));
#5360=CARTESIAN_POINT('Ctrl Pts',(2.10791290743019,3.,1.03930775496298));
#5361=CARTESIAN_POINT('Ctrl Pts',(2.09386533184267,3.,1.06687767438793));
#5362=CARTESIAN_POINT('',(2.37764129073788,1.5997499825429E-32,0.772542485937369));
#5363=CARTESIAN_POINT('Ctrl Pts',(2.32106760039857,7.59230187799056E-33,
0.367620992844541));
#5364=CARTESIAN_POINT('Ctrl Pts',(2.32106760039857,3.,0.367620992844541));
#5365=CARTESIAN_POINT('Ctrl Pts',(2.30905052475519,1.00085462867735E-32,
0.443493822389941));
#5366=CARTESIAN_POINT('Ctrl Pts',(2.30905052475519,3.,0.443493822389941));
#5367=CARTESIAN_POINT('Ctrl Pts',(2.359109292605,1.15638134528975E-32,0.476382081227711));
#5368=CARTESIAN_POINT('Ctrl Pts',(2.359109292605,3.,0.476382081227711));
#5369=CARTESIAN_POINT('Ctrl Pts',(2.38720221929432,1.34908383709014E-32,
0.603921241957915));
#5370=CARTESIAN_POINT('Ctrl Pts',(2.38720221929432,3.,0.603921241957915));
#5371=CARTESIAN_POINT('Ctrl Pts',(2.39816750769365,1.42429986642122E-32,
0.653702587101507));
#5372=CARTESIAN_POINT('Ctrl Pts',(2.39816750769365,3.,0.653702587101507));
#5373=CARTESIAN_POINT('Ctrl Pts',(2.39648912712304,1.50629732605749E-32,
0.714534810183396));
#5374=CARTESIAN_POINT('Ctrl Pts',(2.39648912712304,3.,0.714534810183396));
#5375=CARTESIAN_POINT('Ctrl Pts',(2.37764129073788,1.5997499825429E-32,
0.772542485937369));
#5376=CARTESIAN_POINT('Ctrl Pts',(2.37764129073788,3.,0.772542485937369));
#5377=CARTESIAN_POINT('',(2.32106760039857,3.,0.367620992844544));
#5378=CARTESIAN_POINT('Ctrl Pts',(2.32106760039857,3.,0.367620992844541));
#5379=CARTESIAN_POINT('Ctrl Pts',(2.30905052475519,3.,0.443493822389941));
#5380=CARTESIAN_POINT('Ctrl Pts',(2.359109292605,3.,0.476382081227711));
#5381=CARTESIAN_POINT('Ctrl Pts',(2.38720221929432,3.,0.603921241957915));
#5382=CARTESIAN_POINT('Ctrl Pts',(2.39816750769365,3.,0.653702587101507));
#5383=CARTESIAN_POINT('Ctrl Pts',(2.39648912712304,3.,0.714534810183396));
#5384=CARTESIAN_POINT('Ctrl Pts',(2.37764129073788,3.,0.772542485937369));
#5385=CARTESIAN_POINT('',(2.32106760039857,7.59230187799055E-33,0.367620992844544));
#5386=CARTESIAN_POINT('Ctrl Pts',(2.5,1.49161652940825E-47,9.43689570931399E-17));
#5387=CARTESIAN_POINT('Ctrl Pts',(2.5,3.,9.43689570931399E-17));
#5388=CARTESIAN_POINT('Ctrl Pts',(2.5,2.48604817242128E-33,0.154313298003569));
#5389=CARTESIAN_POINT('Ctrl Pts',(2.5,3.,0.154313298003569));
#5390=CARTESIAN_POINT('Ctrl Pts',(2.38640829114933,3.55683603324282E-33,
0.245973086619483));
#5391=CARTESIAN_POINT('Ctrl Pts',(2.38640829114933,3.,0.245973086619483));
#5392=CARTESIAN_POINT('Ctrl Pts',(2.34944494636112,5.18148150264611E-33,
0.298074657138194));
#5393=CARTESIAN_POINT('Ctrl Pts',(2.34944494636112,3.,0.298074657138194));
#5394=CARTESIAN_POINT('Ctrl Pts',(2.33436804006477,5.84415496056287E-33,
0.319326264672734));
#5395=CARTESIAN_POINT('Ctrl Pts',(2.33436804006477,3.,0.319326264672734));
#5396=CARTESIAN_POINT('Ctrl Pts',(2.32590806506338,6.61904132531352E-33,
0.337059501735403));
#5397=CARTESIAN_POINT('Ctrl Pts',(2.32590806506338,3.,0.337059501735403));
#5398=CARTESIAN_POINT('Ctrl Pts',(2.32106760039857,7.59230187799055E-33,
0.367620992844544));
#5399=CARTESIAN_POINT('Ctrl Pts',(2.32106760039857,3.,0.367620992844544));
#5400=CARTESIAN_POINT('Ctrl Pts',(2.5,3.,9.43689570931399E-17));
#5401=CARTESIAN_POINT('Ctrl Pts',(2.5,3.,0.154313298003569));
#5402=CARTESIAN_POINT('Ctrl Pts',(2.38640829114933,3.,0.245973086619483));
#5403=CARTESIAN_POINT('Ctrl Pts',(2.34944494636112,3.,0.298074657138194));
#5404=CARTESIAN_POINT('Ctrl Pts',(2.33436804006477,3.,0.319326264672734));
#5405=CARTESIAN_POINT('Ctrl Pts',(2.32590806506338,3.,0.337059501735403));
#5406=CARTESIAN_POINT('Ctrl Pts',(2.32106760039857,3.,0.367620992844544));
#5407=CARTESIAN_POINT('Origin',(-8.31632781251592E-110,3.,2.69880267346702E-79));
#5408=CARTESIAN_POINT('',(0.,0.,0.));
#5409=CARTESIAN_POINT('Origin',(27.0368298549056,-2.29337375794045,-39.3182403237617));
#5410=CARTESIAN_POINT('',(28.0612513732166,-4.68341604443469,-39.3256302757922));
#5411=CARTESIAN_POINT('',(27.857114316459,-3.57270306803713,-39.1764828086369));
#5412=CARTESIAN_POINT('Ctrl Pts',(28.0612513732166,-4.68341604443469,-39.3256302757922));
#5413=CARTESIAN_POINT('Ctrl Pts',(28.0539634968316,-4.67475455360041,-39.3200185941765));
#5414=CARTESIAN_POINT('Ctrl Pts',(28.0467735533358,-4.66592642900721,-39.3145142456458));
#5415=CARTESIAN_POINT('Ctrl Pts',(27.961862126776,-4.55817332086929,-39.2498613390801));
#5416=CARTESIAN_POINT('Ctrl Pts',(27.89811591242,-4.44153121440561,-39.2048493575353));
#5417=CARTESIAN_POINT('Ctrl Pts',(27.8141825260869,-4.19229538314632,-39.1467790641599));
#5418=CARTESIAN_POINT('Ctrl Pts',(27.7923180764505,-4.06282438153984,-39.1323454282496));
#5419=CARTESIAN_POINT('Ctrl Pts',(27.7937804149189,-3.81442079091984,-39.1333252744004));
#5420=CARTESIAN_POINT('Ctrl Pts',(27.8130909518716,-3.69781924079999,-39.1460762200488));
#5421=CARTESIAN_POINT('Ctrl Pts',(27.8531255276232,-3.58361273759769,-39.173722083091));
#5422=CARTESIAN_POINT('Ctrl Pts',(27.8550982008556,-3.57814209797051,-39.1750863069548));
#5423=CARTESIAN_POINT('Ctrl Pts',(27.8571143164519,-3.57270306803449,-39.1764828086369));
#5424=CARTESIAN_POINT('',(27.3454741223554,-3.42997653823481,-40.2890740496691));
#5425=CARTESIAN_POINT('Origin',(26.7784656141417,-2.56515307697538,-39.2342926831044));
#5426=CARTESIAN_POINT('',(27.5629152750824,-4.56370116982644,-40.4717756562578));
#5427=CARTESIAN_POINT('Ctrl Pts',(27.3454741204323,-3.42997653775038,-40.2890740493807));
#5428=CARTESIAN_POINT('Ctrl Pts',(27.3173505032487,-3.55466206799143,-40.2671753395636));
#5429=CARTESIAN_POINT('Ctrl Pts',(27.3044470760197,-3.6850948391393,-40.2575682245104));
#5430=CARTESIAN_POINT('Ctrl Pts',(27.3127760549273,-3.96416199336049,-40.2638909537079));
#5431=CARTESIAN_POINT('Ctrl Pts',(27.3395937277901,-4.11194602847389,-40.2838559760737));
#5432=CARTESIAN_POINT('Ctrl Pts',(27.4309177502339,-4.36557715751049,-40.3570921778125));
#5433=CARTESIAN_POINT('Ctrl Pts',(27.4893733034338,-4.47232307285466,-40.4052894732494));
#5434=CARTESIAN_POINT('Ctrl Pts',(27.5610866268514,-4.56144554139745,-40.470120101037));
#5435=CARTESIAN_POINT('Ctrl Pts',(27.5620001246397,-4.56257515006205,-40.4709467260468));
#5436=CARTESIAN_POINT('Ctrl Pts',(27.5629152750824,-4.56370116982643,-40.4717756562578));
#5437=CARTESIAN_POINT('Origin',(26.3644787224019,-3.000635461046,-39.0997801719232));
#5438=CARTESIAN_POINT('Origin',(24.9999997460029,-2.99999980606479,-43.3012701892219));
#5439=CARTESIAN_POINT('',(27.3926424289221,-3.00000003963071,-40.3264026761527));
#5440=CARTESIAN_POINT('Ctrl Pts',(27.3454741204323,-3.42997653775037,-40.2890740493807));
#5441=CARTESIAN_POINT('Ctrl Pts',(27.3773513352083,-3.28864950733707,-40.3138955320371));
#5442=CARTESIAN_POINT('Ctrl Pts',(27.392642421688,-3.14240630918043,-40.3264026761527));
#5443=CARTESIAN_POINT('Ctrl Pts',(27.3926424289221,-3.00000003963071,-40.3264026761527));
#5444=CARTESIAN_POINT('',(24.8128944057605,-2.999999930142,-39.4881917321096));
#5445=CARTESIAN_POINT('Ctrl Pts',(27.3926424289221,-3.00000003963071,-40.3264026761527));
#5446=CARTESIAN_POINT('Ctrl Pts',(27.3926424416632,-2.74918923993842,-40.3264026761527));
#5447=CARTESIAN_POINT('Ctrl Pts',(27.3441708860935,-2.48707454713961,-40.2855234746813));
#5448=CARTESIAN_POINT('Ctrl Pts',(27.1941157664094,-2.14523056442485,-40.1764895963809));
#5449=CARTESIAN_POINT('Ctrl Pts',(27.1313728368699,-2.03944402745083,-40.1327287238381));
#5450=CARTESIAN_POINT('Ctrl Pts',(26.9828826033732,-1.85312672816634,-40.0377666994667));
#5451=CARTESIAN_POINT('Ctrl Pts',(26.8971255705806,-1.77258430304617,-39.9866036475084));
#5452=CARTESIAN_POINT('Ctrl Pts',(26.7174107061088,-1.64948540288057,-39.8903478986827));
#5453=CARTESIAN_POINT('Ctrl Pts',(26.6164705273206,-1.59896193377129,-39.8407328096));
#5454=CARTESIAN_POINT('Ctrl Pts',(26.401272582802,-1.53255418272225,-39.7481403933531));
#5455=CARTESIAN_POINT('Ctrl Pts',(26.2869510986034,-1.51669370620474,-39.705294142483));
#5456=CARTESIAN_POINT('Ctrl Pts',(26.0724960549969,-1.51669369531055,-39.6356134748588));
#5457=CARTESIAN_POINT('Ctrl Pts',(25.954823635623,-1.5325541600429,-39.6030803370522));
#5458=CARTESIAN_POINT('Ctrl Pts',(25.7263003785062,-1.59896188855117,-39.5514989952516));
#5459=CARTESIAN_POINT('Ctrl Pts',(25.6154750361543,-1.64948534690288,-39.5323072955329));
#5460=CARTESIAN_POINT('Ctrl Pts',(25.4135049357343,-1.77258422767911,-39.5045460815092));
#5461=CARTESIAN_POINT('Ctrl Pts',(25.314053144013,-1.85312664339078,-39.4955311384669));
#5462=CARTESIAN_POINT('Ctrl Pts',(25.1381047270401,-2.03944392619397,-39.4850766550814));
#5463=CARTESIAN_POINT('Ctrl Pts',(25.0616226255362,-2.14523045609545,-39.4836005728297));
#5464=CARTESIAN_POINT('Ctrl Pts',(24.8761369465391,-2.48707442176493,-39.4836106367488));
#5465=CARTESIAN_POINT('Ctrl Pts',(24.8128944185016,-2.74918910888874,-39.4881917321096));
#5466=CARTESIAN_POINT('Ctrl Pts',(24.8128944057605,-2.99999990858102,-39.4881917321096));
#5467=CARTESIAN_POINT('',(24.8728140778904,-3.42934076527017,-39.4857231056221));
#5468=CARTESIAN_POINT('Ctrl Pts',(24.8128944057605,-2.999999930142,-39.4881917321096));
#5469=CARTESIAN_POINT('Ctrl Pts',(24.8128944004884,-3.14219278613753,-39.4881917320138));
#5470=CARTESIAN_POINT('Ctrl Pts',(24.8325565247618,-3.28821106565163,-39.4870650330887));
#5471=CARTESIAN_POINT('Ctrl Pts',(24.8728140796338,-3.42934076478148,-39.4857231065273));
#5472=CARTESIAN_POINT('',(24.5896820087274,-4.56253869573283,-39.5057181677029));
#5473=CARTESIAN_POINT('Ctrl Pts',(24.5896820087274,-4.56253869573283,-39.5057181677029));
#5474=CARTESIAN_POINT('Ctrl Pts',(24.6484756037148,-4.50856308749367,-39.4993622940558));
#5475=CARTESIAN_POINT('Ctrl Pts',(24.7003212684835,-4.447051866583,-39.4951273609804));
#5476=CARTESIAN_POINT('Ctrl Pts',(24.8161443150195,-4.27011077039047,-39.4873563824893));
#5477=CARTESIAN_POINT('Ctrl Pts',(24.8659238828587,-4.14740867562423,-39.4858572704266));
#5478=CARTESIAN_POINT('Ctrl Pts',(24.9253719744292,-3.87354770439405,-39.4842025296822));
#5479=CARTESIAN_POINT('Ctrl Pts',(24.9284682238569,-3.7221838916306,-39.4842022195788));
#5480=CARTESIAN_POINT('Ctrl Pts',(24.8972298632083,-3.52584734970238,-39.4849794213161));
#5481=CARTESIAN_POINT('Ctrl Pts',(24.8864597508705,-3.47717798549338,-39.4852682480855));
#5482=CARTESIAN_POINT('Ctrl Pts',(24.8728140796338,-3.42934076478148,-39.4857231065273));
#5483=CARTESIAN_POINT('',(24.1023153710517,-4.99999976046296,-39.5906449791585));
#5484=CARTESIAN_POINT('Origin',(24.9999997460675,-2.99872821858399,-43.3012701892219));
#5485=CARTESIAN_POINT('',(23.544334361319,-4.99999973211785,-39.7720188397424));
#5486=CARTESIAN_POINT('Origin',(24.9999996444041,-4.99999980606479,-43.3012701892219));
#5487=CARTESIAN_POINT('',(23.1009749313505,-4.56370094316247,-39.9894307028527));
#5488=CARTESIAN_POINT('Origin',(24.9999997459384,-3.00127053293295,-43.3012701892219));
#5489=CARTESIAN_POINT('',(22.8600224061932,-3.42997631037648,-40.1397716815027));
#5490=CARTESIAN_POINT('Ctrl Pts',(22.8600224053246,-3.42997630989205,-40.1397716832425));
#5491=CARTESIAN_POINT('Ctrl Pts',(22.8305048146249,-3.55466184006227,-40.1597517531145));
#5492=CARTESIAN_POINT('Ctrl Pts',(22.8173805223729,-3.68509461119893,-40.1690548735432));
#5493=CARTESIAN_POINT('Ctrl Pts',(22.8259675814096,-3.96416176543324,-40.1630873611693));
#5494=CARTESIAN_POINT('Ctrl Pts',(22.8532425575052,-4.11194580056987,-40.1437517627054));
#5495=CARTESIAN_POINT('Ctrl Pts',(22.9511149904246,-4.36557692993912,-40.079528674753));
#5496=CARTESIAN_POINT('Ctrl Pts',(23.015017097925,-4.47232284555998,-40.0388279181843));
#5497=CARTESIAN_POINT('Ctrl Pts',(23.0988353214688,-4.56144531471768,-39.9906582560794));
#5498=CARTESIAN_POINT('Ctrl Pts',(23.0999037748722,-4.56257492339016,-39.9900449091766));
#5499=CARTESIAN_POINT('Ctrl Pts',(23.1009749313506,-4.56370094316246,-39.9894307028527));
#5500=CARTESIAN_POINT('',(22.9100998630725,-2.99999981192017,-40.1064471569134));
#5501=CARTESIAN_POINT('Ctrl Pts',(22.8600224053246,-3.42997630989204,-40.1397716832425));
#5502=CARTESIAN_POINT('Ctrl Pts',(22.893479644209,-3.28864927955901,-40.1171249172028));
#5503=CARTESIAN_POINT('Ctrl Pts',(22.9100998558384,-3.1424060814699,-40.1064471569134));
#5504=CARTESIAN_POINT('Ctrl Pts',(22.9100998630725,-2.99999981192017,-40.1064471569134));
#5505=CARTESIAN_POINT('',(21.3157279023483,-2.99999975248799,-42.3009118981604));
#5506=CARTESIAN_POINT('Ctrl Pts',(22.9100998630725,-2.99999981192017,-40.1064471569134));
#5507=CARTESIAN_POINT('Ctrl Pts',(22.9100998758136,-2.74918901222789,-40.1064471569134));
#5508=CARTESIAN_POINT('Ctrl Pts',(22.8562429196591,-2.4870743191555,-40.1399139903853));
#5509=CARTESIAN_POINT('Ctrl Pts',(22.7061759691285,-2.14523033644014,-40.2489315849225));
#5510=CARTESIAN_POINT('Ctrl Pts',(22.6451682783465,-2.03944379955426,-40.2950808087189));
#5511=CARTESIAN_POINT('Ctrl Pts',(22.5089680271584,-1.8531265008941,-40.4069585425427));
#5512=CARTESIAN_POINT('Ctrl Pts',(22.433808695507,-1.77258407631229,-40.4727080787503));
#5513=CARTESIAN_POINT('Ctrl Pts',(22.2867290954129,-1.64948517780454,-40.6138824154351));
#5514=CARTESIAN_POINT('Ctrl Pts',(22.2083501127468,-1.59896170984137,-40.6945503269646));
#5515=CARTESIAN_POINT('Ctrl Pts',(22.0537896722359,-1.53255396187267,-40.8706031074302));
#5516=CARTESIAN_POINT('Ctrl Pts',(21.9777131852643,-1.51669348729799,-40.966089081032));
#5517=CARTESIAN_POINT('Ctrl Pts',(21.8451726792566,-1.51669348056501,-41.1485154372311));
#5518=CARTESIAN_POINT('Ctrl Pts',(21.7778690486377,-1.53255394785606,-41.2503752652359));
#5519=CARTESIAN_POINT('Ctrl Pts',(21.6581947050089,-1.59896168189379,-41.4517742836244));
#5520=CARTESIAN_POINT('Ctrl Pts',(21.6056953979651,-1.64948514320844,-41.5512448838339));
#5521=CARTESIAN_POINT('Ctrl Pts',(21.5168807167613,-1.77258402973289,-41.73475117107));
#5522=CARTESIAN_POINT('Ctrl Pts',(21.4775746998467,-1.85312644849994,-41.8265496711492));
#5523=CARTESIAN_POINT('Ctrl Pts',(21.4132608377805,-2.0394437369741,-41.990655937608));
#5524=CARTESIAN_POINT('Ctrl Pts',(21.3882227272929,-2.1452302694889,-42.0629385990114));
#5525=CARTESIAN_POINT('Ctrl Pts',(21.3309140596262,-2.4870742416697,-42.2393490561075));
#5526=CARTESIAN_POINT('Ctrl Pts',(21.3157279150894,-2.74918893123473,-42.3009118981604));
#5527=CARTESIAN_POINT('Ctrl Pts',(21.3157279023483,-2.99999973092701,-42.3009118981604));
#5528=CARTESIAN_POINT('',(21.3318962809561,-3.42934058539362,-42.2431620352468));
#5529=CARTESIAN_POINT('Ctrl Pts',(21.3157279023483,-2.99999975248799,-42.3009118981604));
#5530=CARTESIAN_POINT('Ctrl Pts',(21.3157278956369,-3.14219260848352,-42.3009118962751));
#5531=CARTESIAN_POINT('Ctrl Pts',(21.3207322667028,-3.28821088725302,-42.2818639286906));
#5532=CARTESIAN_POINT('Ctrl Pts',(21.3318962823557,-3.42934058490493,-42.2431620338685));
#5533=CARTESIAN_POINT('',(21.2634200542409,-4.56253852676069,-42.5186153938347));
#5534=CARTESIAN_POINT('Ctrl Pts',(21.2634200542409,-4.56253852676069,-42.5186153938347));
#5535=CARTESIAN_POINT('Ctrl Pts',(21.2755434810982,-4.5085629161507,-42.4607352918421));
#5536=CARTESIAN_POINT('Ctrl Pts',(21.2875370140581,-4.44705169321556,-42.4101184712037));
#5537=CARTESIAN_POINT('Ctrl Pts',(21.3159376702569,-4.27011059258205,-42.2975628521903));
#5538=CARTESIAN_POINT('Ctrl Pts',(21.3298946667031,-4.14740849599607,-42.2497564246428));
#5539=CARTESIAN_POINT('Ctrl Pts',(21.3466913949267,-3.87354752259919,-42.1927065999931));
#5540=CARTESIAN_POINT('Ctrl Pts',(21.3476478990059,-3.72218370972706,-42.1897618032844));
#5541=CARTESIAN_POINT('Ctrl Pts',(21.3387338843575,-3.52584716893286,-42.2197114277682));
#5542=CARTESIAN_POINT('Ctrl Pts',(21.3356804289033,-3.47717780511587,-42.2300436680198));
#5543=CARTESIAN_POINT('Ctrl Pts',(21.3318962823557,-3.42934058490493,-42.2431620338685));
#5544=CARTESIAN_POINT('',(21.1935856627952,-4.99999961270119,-43.0083724173038));
#5545=CARTESIAN_POINT('Origin',(24.9999997460675,-2.99872821858399,-43.3012701892219));
#5546=CARTESIAN_POINT('',(21.1823333771092,-4.99999961212958,-43.3012701892219));
#5547=CARTESIAN_POINT('Origin',(24.9999996444041,-4.99999980606479,-43.3012701892219));
#5548=CARTESIAN_POINT('',(21.1823335803068,-0.999999612129591,-43.3012701892219));
#5549=CARTESIAN_POINT('',(21.182333478708,-2.99999961212959,-43.3012701892219));
#5550=CARTESIAN_POINT('Origin',(24.9999998476018,-0.999999806064799,-43.3012701892219));
#5551=CARTESIAN_POINT('',(21.1936568402432,-4.99999961270481,-43.5950914978347));
#5552=CARTESIAN_POINT('Origin',(24.9999996444041,-4.99999980606479,-43.3012701892219));
#5553=CARTESIAN_POINT('',(21.2634222262122,-4.56370084981588,-44.0839353543259));
#5554=CARTESIAN_POINT('Origin',(24.9999997459384,-3.00127053293296,-43.3012701892219));
#5555=CARTESIAN_POINT('',(21.3319466083078,-3.42997623275112,-44.3595527956222));
#5556=CARTESIAN_POINT('Ctrl Pts',(21.3319466096941,-3.42997623226669,-44.3595527969859));
#5557=CARTESIAN_POINT('Ctrl Pts',(21.341827343806,-3.55466176443834,-44.3937998690814));
#5558=CARTESIAN_POINT('Ctrl Pts',(21.3466195031881,-3.68509453648514,-44.409156628761));
#5559=CARTESIAN_POINT('Ctrl Pts',(21.3435975990372,-3.96416169012972,-44.3991457740881));
#5560=CARTESIAN_POINT('Ctrl Pts',(21.333636778069,-4.11194572337478,-44.3672306946789));
#5561=CARTESIAN_POINT('Ctrl Pts',(21.3028012279253,-4.36557684620574,-44.254302441723));
#5562=CARTESIAN_POINT('Ctrl Pts',(21.2838393416196,-4.47232275761716,-44.1809506953589));
#5563=CARTESIAN_POINT('Ctrl Pts',(21.2639285229719,-4.5614452215055,-44.0863495791638));
#5564=CARTESIAN_POINT('Ctrl Pts',(21.263675365623,-4.56257483011084,-44.0851438849212));
#5565=CARTESIAN_POINT('Ctrl Pts',(21.2634222262122,-4.56370084981588,-44.0839353543259));
#5566=CARTESIAN_POINT('',(21.3157279023483,-2.99999973092701,-44.3016284802835));
#5567=CARTESIAN_POINT('Ctrl Pts',(21.3319466096941,-3.42997623226669,-44.3595527969859));
#5568=CARTESIAN_POINT('Ctrl Pts',(21.3207471156399,-3.28864919966512,-44.3207348431817));
#5569=CARTESIAN_POINT('Ctrl Pts',(21.3157278951142,-3.14240600047674,-44.3016284802835));
#5570=CARTESIAN_POINT('Ctrl Pts',(21.3157279023483,-2.99999973092701,-44.3016284802835));
#5571=CARTESIAN_POINT('',(22.9100998630726,-2.99999983348115,-46.4960932215305));
#5572=CARTESIAN_POINT('Ctrl Pts',(21.3157279023483,-2.99999973092701,-44.3016284802835));
#5573=CARTESIAN_POINT('Ctrl Pts',(21.3157279150894,-2.74918893123473,-44.3016284802835));
#5574=CARTESIAN_POINT('Ctrl Pts',(21.3309140596262,-2.48707424166969,-44.3631913223364));
#5575=CARTESIAN_POINT('Ctrl Pts',(21.3882227272929,-2.14523026948889,-44.5396017794325));
#5576=CARTESIAN_POINT('Ctrl Pts',(21.4132608377805,-2.03944373697409,-44.6118844408359));
#5577=CARTESIAN_POINT('Ctrl Pts',(21.4775746998467,-1.85312644849993,-44.7759907072947));
#5578=CARTESIAN_POINT('Ctrl Pts',(21.5168807167613,-1.77258402973289,-44.8677892073739));
#5579=CARTESIAN_POINT('Ctrl Pts',(21.6056953979651,-1.64948514320844,-45.05129549461));
#5580=CARTESIAN_POINT('Ctrl Pts',(21.658194705009,-1.5989616818938,-45.1507660948195));
#5581=CARTESIAN_POINT('Ctrl Pts',(21.7778690486377,-1.53255394785607,-45.352165113208));
#5582=CARTESIAN_POINT('Ctrl Pts',(21.8451726792566,-1.51669348056502,-45.4540249412128));
#5583=CARTESIAN_POINT('Ctrl Pts',(21.9777131852643,-1.516693487298,-45.6364512974119));
#5584=CARTESIAN_POINT('Ctrl Pts',(22.0537896722359,-1.53255396187268,-45.7319372710137));
#5585=CARTESIAN_POINT('Ctrl Pts',(22.2083501127468,-1.59896170984138,-45.9079900514793));
#5586=CARTESIAN_POINT('Ctrl Pts',(22.2867290954129,-1.64948517780456,-45.9886579630087));
#5587=CARTESIAN_POINT('Ctrl Pts',(22.433808695507,-1.7725840763123,-46.1298322996936));
#5588=CARTESIAN_POINT('Ctrl Pts',(22.5089680271585,-1.85312650089412,-46.1955818359012));
#5589=CARTESIAN_POINT('Ctrl Pts',(22.6451682783466,-2.03944379955428,-46.307459569725));
#5590=CARTESIAN_POINT('Ctrl Pts',(22.7061759691285,-2.14523033644015,-46.3536087935214));
#5591=CARTESIAN_POINT('Ctrl Pts',(22.8562429196591,-2.48707431915551,-46.4626263880586));
#5592=CARTESIAN_POINT('Ctrl Pts',(22.9100998758136,-2.74918901222789,-46.4960932215305));
#5593=CARTESIAN_POINT('Ctrl Pts',(22.9100998630726,-2.99999981192018,-46.4960932215305));
#5594=CARTESIAN_POINT('',(22.8601727683242,-3.42934066302915,-46.4628704698917));
#5595=CARTESIAN_POINT('Ctrl Pts',(22.9100998630726,-2.99999983348115,-46.4960932215305));
#5596=CARTESIAN_POINT('Ctrl Pts',(22.9100998542144,-3.14219268947667,-46.496093220461));
#5597=CARTESIAN_POINT('Ctrl Pts',(22.8935305911011,-3.28821096715024,-46.4854476280024));
#5598=CARTESIAN_POINT('Ctrl Pts',(22.8601727674459,-3.42934066254046,-46.4628704681347));
#5599=CARTESIAN_POINT('',(23.1009841224019,-4.56253862010784,-46.6131149457335));
#5600=CARTESIAN_POINT('Ctrl Pts',(23.1009841224019,-4.56253862010784,-46.6131149457335));
#5601=CARTESIAN_POINT('Ctrl Pts',(23.0496832210617,-4.50856300627593,-46.5836989490769));
#5602=CARTESIAN_POINT('Ctrl Pts',(23.0052499716257,-4.44705178047436,-46.5566509665953));
#5603=CARTESIAN_POINT('Ctrl Pts',(22.9069795083452,-4.27011067340601,-46.4948587469114));
#5604=CARTESIAN_POINT('Ctrl Pts',(22.8658258473046,-4.14740857402043,-46.466811861869));
#5605=CARTESIAN_POINT('Ctrl Pts',(22.816758723902,-3.87354759727772,-46.4332078719277));
#5606=CARTESIAN_POINT('Ctrl Pts',(22.8142536371318,-3.72218378422973,-46.4313881975752));
#5607=CARTESIAN_POINT('Ctrl Pts',(22.8399828475349,-3.52584724519542,-46.4491208817191));
#5608=CARTESIAN_POINT('Ctrl Pts',(22.8488658240356,-3.47717788198479,-46.4552177306052));
#5609=CARTESIAN_POINT('Ctrl Pts',(22.8601727674459,-3.42934066254046,-46.4628704681347));
#5610=CARTESIAN_POINT('',(23.5451907018695,-4.99999973216135,-46.8308746210108));
#5611=CARTESIAN_POINT('Origin',(24.9999997460675,-2.99872821858398,-43.3012701892219));
#5612=CARTESIAN_POINT('',(24.1032157016841,-4.99999976050869,-47.0121130940432));
#5613=CARTESIAN_POINT('Origin',(24.9999996444041,-4.99999980606479,-43.3012701892219));
#5614=CARTESIAN_POINT('',(24.5896925420493,-4.56370101878846,-47.096823349436));
#5615=CARTESIAN_POINT('Origin',(24.9999997459384,-3.00127053293295,-43.3012701892219));
#5616=CARTESIAN_POINT('',(24.8729955439907,-3.42997641263433,-47.1168233173994));
#5617=CARTESIAN_POINT('Ctrl Pts',(24.872995545716,-3.4299764121499,-47.1168233165023));
#5618=CARTESIAN_POINT('Ctrl Pts',(24.9086197571774,-3.55466194562929,-47.1180091012006));
#5619=CARTESIAN_POINT('Ctrl Pts',(24.9247057576503,-3.68509471824983,-47.118196980211));
#5620=CARTESIAN_POINT('Ctrl Pts',(24.9142510395463,-3.96416187151686,-47.1179774441406));
#5621=CARTESIAN_POINT('Ctrl Pts',(24.8808199271615,-4.11194590356963,-47.1175884387759));
#5622=CARTESIAN_POINT('Ctrl Pts',(24.7638900583858,-4.36557702202703,-47.1120180281114));
#5623=CARTESIAN_POINT('Ctrl Pts',(24.6882688531638,-4.47232293056019,-47.1073849122929));
#5624=CARTESIAN_POINT('Ctrl Pts',(24.5921450606953,-4.56144539057695,-47.0970878692156));
#5625=CARTESIAN_POINT('Ctrl Pts',(24.5909201473664,-4.56257499913293,-47.0969560560964));
#5626=CARTESIAN_POINT('Ctrl Pts',(24.5896925420493,-4.56370101878845,-47.096823349436));
#5627=CARTESIAN_POINT('',(24.8128944057605,-2.99999990858102,-47.1143486463343));
#5628=CARTESIAN_POINT('Ctrl Pts',(24.872995545716,-3.4299764121499,-47.1168233165023));
#5629=CARTESIAN_POINT('Ctrl Pts',(24.832616648771,-3.28864937806604,-47.1154792677173));
#5630=CARTESIAN_POINT('Ctrl Pts',(24.8128943985264,-3.14240617813074,-47.1143486463343));
#5631=CARTESIAN_POINT('Ctrl Pts',(24.8128944057605,-2.99999990858102,-47.1143486463343));
#5632=CARTESIAN_POINT('',(27.3926424289221,-3.00000006119169,-46.2761377022912));
#5633=CARTESIAN_POINT('Ctrl Pts',(24.8128944057605,-2.99999990858102,-47.1143486463343));
#5634=CARTESIAN_POINT('Ctrl Pts',(24.8128944185016,-2.74918910888874,-47.1143486463343));
#5635=CARTESIAN_POINT('Ctrl Pts',(24.8761369465391,-2.48707442176494,-47.1189297416951));
#5636=CARTESIAN_POINT('Ctrl Pts',(25.0616226255362,-2.14523045609545,-47.1189398056142));
#5637=CARTESIAN_POINT('Ctrl Pts',(25.1381047270401,-2.03944392619398,-47.1174637233624));
#5638=CARTESIAN_POINT('Ctrl Pts',(25.314053144013,-1.85312664339079,-47.107009239977));
#5639=CARTESIAN_POINT('Ctrl Pts',(25.4135049357343,-1.77258422767912,-47.0979942969346));
#5640=CARTESIAN_POINT('Ctrl Pts',(25.6154750361543,-1.64948534690289,-47.070233082911));
#5641=CARTESIAN_POINT('Ctrl Pts',(25.7263003785062,-1.59896188855118,-47.0510413831923));
#5642=CARTESIAN_POINT('Ctrl Pts',(25.954823635623,-1.53255416004291,-46.9994600413917));
#5643=CARTESIAN_POINT('Ctrl Pts',(26.0724960549969,-1.51669369531056,-46.9669269035851));
#5644=CARTESIAN_POINT('Ctrl Pts',(26.2869510986034,-1.51669370620475,-46.8972462359608));
#5645=CARTESIAN_POINT('Ctrl Pts',(26.401272582802,-1.53255418272226,-46.8543999850908));
#5646=CARTESIAN_POINT('Ctrl Pts',(26.6164705273206,-1.5989619337713,-46.7618075688439));
#5647=CARTESIAN_POINT('Ctrl Pts',(26.7174107061088,-1.64948540288058,-46.7121924797611));
#5648=CARTESIAN_POINT('Ctrl Pts',(26.8971255705806,-1.77258430304617,-46.6159367309355));
#5649=CARTESIAN_POINT('Ctrl Pts',(26.9828826033732,-1.85312672816635,-46.5647736789771));
#5650=CARTESIAN_POINT('Ctrl Pts',(27.1313728368699,-2.03944402745083,-46.4698116546058));
#5651=CARTESIAN_POINT('Ctrl Pts',(27.1941157664094,-2.14523056442486,-46.4260507820629));
#5652=CARTESIAN_POINT('Ctrl Pts',(27.3441708860935,-2.48707454713961,-46.3170169037626));
#5653=CARTESIAN_POINT('Ctrl Pts',(27.3926424416631,-2.74918923993842,-46.2761377022912));
#5654=CARTESIAN_POINT('Ctrl Pts',(27.3926424289221,-3.00000003963071,-46.2761377022912));
#5655=CARTESIAN_POINT('',(27.3456173786593,-3.42934089088712,-46.3133547754922));
#5656=CARTESIAN_POINT('Ctrl Pts',(27.3926424289221,-3.00000006119169,-46.2761377022912));
#5657=CARTESIAN_POINT('Ctrl Pts',(27.3926424201765,-3.14219291718721,-46.2761377035155));
#5658=CARTESIAN_POINT('Ctrl Pts',(27.3773976710871,-3.28821119492806,-46.2886063331302));
#5659=CARTESIAN_POINT('Ctrl Pts',(27.3456173767168,-3.42934089039842,-46.3133547757846));
#5660=CARTESIAN_POINT('',(27.5629231275175,-4.56253884677173,-46.1307576095965));
#5661=CARTESIAN_POINT('Ctrl Pts',(27.5629231275175,-4.56253884677173,-46.1307576095965));
#5662=CARTESIAN_POINT('Ctrl Pts',(27.5190940037676,-4.50856323331939,-46.1704576258423));
#5663=CARTESIAN_POINT('Ctrl Pts',(27.4796392167439,-4.44705200777072,-46.20435787398));
#5664=CARTESIAN_POINT('Ctrl Pts',(27.3905040865693,-4.27011090116643,-46.2787238009884));
#5665=CARTESIAN_POINT('Ctrl Pts',(27.3511127374527,-4.14740880187037,-46.3091963003011));
#5666=CARTESIAN_POINT('Ctrl Pts',(27.303990878462,-3.87354782522649,-46.3454777170095));
#5667=CARTESIAN_POINT('Ctrl Pts',(27.3014861562402,-3.72218401217852,-46.3472978931199));
#5668=CARTESIAN_POINT('Ctrl Pts',(27.3263017112049,-3.52584747309779,-46.3283076701488));
#5669=CARTESIAN_POINT('Ctrl Pts',(27.3348451514745,-3.47717810986991,-46.3217434897331));
#5670=CARTESIAN_POINT('Ctrl Pts',(27.3456173767168,-3.42934089039842,-46.3133547757846));
#5671=CARTESIAN_POINT('',(27.9072922523893,-4.99999995375355,-45.7755834668279));
#5672=CARTESIAN_POINT('Origin',(24.9999997460675,-2.99872821858399,-43.3012701892219));
#5673=CARTESIAN_POINT('',(28.2520994913989,-4.99999997126955,-45.3008759227001));
#5674=CARTESIAN_POINT('Origin',(24.9999996444041,-4.99999980606479,-43.3012701892219));
#5675=CARTESIAN_POINT('',(28.482993393151,-4.56370122702586,-44.8643858937019));
#5676=CARTESIAN_POINT('Origin',(24.9999997459384,-3.00127053293294,-43.3012701892219));
#5677=CARTESIAN_POINT('',(28.5895599399548,-3.42997660143362,-44.6011291019164));
#5678=CARTESIAN_POINT('Ctrl Pts',(28.5895599396348,-3.4299766009492,-44.6011290999982));
#5679=CARTESIAN_POINT('Ctrl Pts',(28.601352563233,-3.55113197397754,-44.5685637544477));
#5680=CARTESIAN_POINT('Ctrl Pts',(28.6065404509627,-3.67771278749739,-44.5532495591011));
#5681=CARTESIAN_POINT('Ctrl Pts',(28.6039759533729,-3.9531408414536,-44.5606147769029));
#5682=CARTESIAN_POINT('Ctrl Pts',(28.5937531206133,-4.1012109719986,-44.5909393444975));
#5683=CARTESIAN_POINT('Ctrl Pts',(28.553363500417,-4.35627119446524,-44.6980629688538));
#5684=CARTESIAN_POINT('Ctrl Pts',(28.5260763741482,-4.46407310563473,-44.7676668410098));
#5685=CARTESIAN_POINT('Ctrl Pts',(28.4860620788804,-4.55679812312265,-44.8575344293965));
#5686=CARTESIAN_POINT('Ctrl Pts',(28.4845355726081,-4.56026630216553,-44.8609494628558));
#5687=CARTESIAN_POINT('Ctrl Pts',(28.4829933570822,-4.56370121893228,-44.8643858856048));
#5688=CARTESIAN_POINT('',(28.5686341299111,-3.0000000993704,-44.6575239864258));
#5689=CARTESIAN_POINT('Ctrl Pts',(28.5895599396348,-3.4299766009492,-44.6011290999982));
#5690=CARTESIAN_POINT('Ctrl Pts',(28.5758039128703,-3.28864956821775,-44.6391163859708));
#5691=CARTESIAN_POINT('Ctrl Pts',(28.5686341226769,-3.14240636892012,-44.6575239864258));
#5692=CARTESIAN_POINT('Ctrl Pts',(28.5686341299111,-3.00000009937039,-44.6575239864258));
#5693=CARTESIAN_POINT('',(28.5686341299111,-3.00000012093137,-41.9450163920181));
#5694=CARTESIAN_POINT('Ctrl Pts',(28.5686341299111,-3.0000000993704,-44.6575239864258));
#5695=CARTESIAN_POINT('Ctrl Pts',(28.5686341426521,-2.74918929967811,-44.6575239864258));
#5696=CARTESIAN_POINT('Ctrl Pts',(28.5925340483783,-2.48707461055573,-44.5987924170116));
#5697=CARTESIAN_POINT('Ctrl Pts',(28.6498618587566,-2.1452306383759,-44.4223881797596));
#5698=CARTESIAN_POINT('Ctrl Pts',(28.672092293956,-2.03944410571847,-44.3491932493544));
#5699=CARTESIAN_POINT('Ctrl Pts',(28.7165205469258,-1.85312681623414,-44.1786257568285));
#5700=CARTESIAN_POINT('Ctrl Pts',(28.7386791231914,-1.77258439659602,-44.0812557155426));
#5701=CARTESIAN_POINT('Ctrl Pts',(28.7746888374003,-1.6494855073891,-43.8805920544709));
#5702=CARTESIAN_POINT('Ctrl Pts',(28.7906833622917,-1.59896204422004,-43.7692603315334));
#5703=CARTESIAN_POINT('Ctrl Pts',(28.812244163443,-1.5325543051982,-43.5359822907267));
#5704=CARTESIAN_POINT('Ctrl Pts',(28.8176660886489,-1.51669383476359,-43.4140158777967));
#5705=CARTESIAN_POINT('Ctrl Pts',(28.8176660886489,-1.51669383476359,-43.1885245006471));
#5706=CARTESIAN_POINT('Ctrl Pts',(28.812244163443,-1.5325543051982,-43.0665580877171));
#5707=CARTESIAN_POINT('Ctrl Pts',(28.7906833622917,-1.59896204422004,-42.8332800469105));
#5708=CARTESIAN_POINT('Ctrl Pts',(28.7746888374003,-1.6494855073891,-42.721948323973));
#5709=CARTESIAN_POINT('Ctrl Pts',(28.7386791231914,-1.77258439659602,-42.5212846629013));
#5710=CARTESIAN_POINT('Ctrl Pts',(28.7165205469258,-1.85312681623414,-42.4239146216153));
#5711=CARTESIAN_POINT('Ctrl Pts',(28.672092293956,-2.03944410571847,-42.2533471290895));
#5712=CARTESIAN_POINT('Ctrl Pts',(28.6498618587566,-2.1452306383759,-42.1801521986843));
#5713=CARTESIAN_POINT('Ctrl Pts',(28.5925340483783,-2.48707461055573,-42.0037479614322));
#5714=CARTESIAN_POINT('Ctrl Pts',(28.5686341426521,-2.74918929967811,-41.9450163920181));
#5715=CARTESIAN_POINT('Ctrl Pts',(28.5686341299111,-3.00000009937039,-41.9450163920181));
#5716=CARTESIAN_POINT('',(28.5894981151333,-3.42934095407553,-42.0012405598568));
#5717=CARTESIAN_POINT('Ctrl Pts',(28.5686341299111,-3.00000012093137,-41.9450163920181));
#5718=CARTESIAN_POINT('Ctrl Pts',(28.5686341233818,-3.1421929769269,-41.9450163938442));
#5719=CARTESIAN_POINT('Ctrl Pts',(28.575781603157,-3.28821125580526,-41.9633680231978));
#5720=CARTESIAN_POINT('Ctrl Pts',(28.5894981148111,-3.42934095358684,-42.0012405617946));
#5721=CARTESIAN_POINT('',(28.4829890552535,-4.56253890397918,-41.738144818778));
#5722=CARTESIAN_POINT('Ctrl Pts',(28.4829890191817,-4.56253889588486,-41.7381448268688));
#5723=CARTESIAN_POINT('Ctrl Pts',(28.5067392112497,-4.50959501470525,-41.7910655066294));
#5724=CARTESIAN_POINT('Ctrl Pts',(28.5264863593778,-4.44939165366273,-41.8382683465434));
#5725=CARTESIAN_POINT('Ctrl Pts',(28.5692152705973,-4.27633099644489,-41.9446870504257));
#5726=CARTESIAN_POINT('Ctrl Pts',(28.5860817083214,-4.1563885120908,-41.9915325653768));
#5727=CARTESIAN_POINT('Ctrl Pts',(28.6065505769086,-3.88942791823269,-42.0489094690267));
#5728=CARTESIAN_POINT('Ctrl Pts',(28.6081718951192,-3.74225842667909,-42.0538442232677));
#5729=CARTESIAN_POINT('Ctrl Pts',(28.5988741623615,-3.5413915033057,-42.0274012751486));
#5730=CARTESIAN_POINT('Ctrl Pts',(28.5948888821159,-3.48480676035109,-42.0161249615577));
#5731=CARTESIAN_POINT('Ctrl Pts',(28.5894981148111,-3.42934095358684,-42.0012405617946));
#5732=CARTESIAN_POINT('',(28.251614233915,-4.9999999712449,-41.3008754618087));
#5733=CARTESIAN_POINT('Origin',(24.9999997460675,-2.998728218584,-43.3012701892219));
#5734=CARTESIAN_POINT('',(27.9066918273752,-4.99999995372305,-40.8262515917894));
#5735=CARTESIAN_POINT('Origin',(24.9999996444041,-4.99999980606479,-43.3012701892219));
#5736=CARTESIAN_POINT('Origin',(24.9999997459384,-3.00127053293296,-43.3012701892219));
#5737=CARTESIAN_POINT('Origin',(26.3650828289196,-2.99999998743128,-39.0999764580529));
#5738=CARTESIAN_POINT('',(24.9890176033837,-2.99999991752798,-38.2836159402234));
#5739=CARTESIAN_POINT('Ctrl Pts',(24.9890176033837,-2.99999991752798,-38.2836159402234));
#5740=CARTESIAN_POINT('Ctrl Pts',(24.9890176120313,-2.82976935047224,-38.2836159402234));
#5741=CARTESIAN_POINT('Ctrl Pts',(25.0227171202724,-2.6481244209312,-38.2831965705069));
#5742=CARTESIAN_POINT('Ctrl Pts',(25.1584064319283,-2.31174904972515,-38.2856459266088));
#5743=CARTESIAN_POINT('Ctrl Pts',(25.2602600357603,-2.15696759657866,-38.289025516473));
#5744=CARTESIAN_POINT('Ctrl Pts',(25.4828561335943,-1.91556906412202,-38.3057309094185));
#5745=CARTESIAN_POINT('Ctrl Pts',(25.6323561031766,-1.79895990915208,-38.321674051113));
#5746=CARTESIAN_POINT('Ctrl Pts',(25.8840817230385,-1.6584749690961,-38.3607433036167));
#5747=CARTESIAN_POINT('Ctrl Pts',(26.0159379701683,-1.60420127615897,-38.385568136941));
#5748=CARTESIAN_POINT('Ctrl Pts',(26.2862521369282,-1.53340023309341,-38.4492796725744));
#5749=CARTESIAN_POINT('Ctrl Pts',(26.4246695820963,-1.51682689413684,-38.4882869212215));
#5750=CARTESIAN_POINT('Ctrl Pts',(26.6764183579903,-1.51682690692553,-38.570085057012));
#5751=CARTESIAN_POINT('Ctrl Pts',(26.8113283074135,-1.53340025976697,-38.6198872623876));
#5752=CARTESIAN_POINT('Ctrl Pts',(27.0674657566823,-1.60420132957597,-38.7272302259156));
#5753=CARTESIAN_POINT('Ctrl Pts',(27.1887313673559,-1.65847503537153,-38.7846496697386));
#5754=CARTESIAN_POINT('Ctrl Pts',(27.4153459892733,-1.79895999972691,-38.9010025832899));
#5755=CARTESIAN_POINT('Ctrl Pts',(27.5456651381711,-1.9155691689115,-38.9759781845721));
#5756=CARTESIAN_POINT('Ctrl Pts',(27.7355683256237,-2.15696772232287,-39.0933019340982));
#5757=CARTESIAN_POINT('Ctrl Pts',(27.8199560809192,-2.31174918493032,-39.1504358300677));
#5758=CARTESIAN_POINT('Ctrl Pts',(27.9311707044863,-2.64812456867893,-39.2282104255972));
#5759=CARTESIAN_POINT('Ctrl Pts',(27.9581876633282,-2.82976950130433,-39.2483577713546));
#5760=CARTESIAN_POINT('Ctrl Pts',(27.9581876460329,-3.17023063541581,-39.2483577713546));
#5761=CARTESIAN_POINT('Ctrl Pts',(27.9311706687361,-3.35187556529632,-39.2282104255972));
#5762=CARTESIAN_POINT('Ctrl Pts',(27.8697130765326,-3.53775772226162,-39.1852319237263));
#5763=CARTESIAN_POINT('Ctrl Pts',(27.8635606456823,-3.55531231042035,-39.1809479839621));
#5764=CARTESIAN_POINT('Ctrl Pts',(27.8571143164519,-3.57270306803449,-39.1764828086369));
#5765=CARTESIAN_POINT('',(25.1128202600759,-3.5722271381299,-38.2848724483093));
#5766=CARTESIAN_POINT('Ctrl Pts',(25.1128202600816,-3.57222713812731,-38.2848724483133));
#5767=CARTESIAN_POINT('Ctrl Pts',(25.1050582183518,-3.55499201065456,-38.284697877255));
#5768=CARTESIAN_POINT('Ctrl Pts',(25.0976343484053,-3.53759623461759,-38.2845489180235));
#5769=CARTESIAN_POINT('Ctrl Pts',(25.0227170845222,-3.35187541754858,-38.2831965705069));
#5770=CARTESIAN_POINT('Ctrl Pts',(24.989017594736,-3.17023048458371,-38.2836159402234));
#5771=CARTESIAN_POINT('Ctrl Pts',(24.9890176033837,-2.99999991752797,-38.2836159402234));
#5772=CARTESIAN_POINT('Origin',(25.9507747090346,-2.56456152063647,-38.9653596056641));
#5773=CARTESIAN_POINT('',(24.8433924028473,-2.9999999101303,-38.6055492670529));
#5774=CARTESIAN_POINT('Origin',(26.3650828289196,-2.99999998743128,-39.0999764580529));
#5775=CARTESIAN_POINT('',(27.8867732549918,-3.00000006473226,-39.5944036490528));
#5776=CARTESIAN_POINT('Origin',(26.3650828289196,-2.99999998743128,-39.0999764580529));
#5777=CARTESIAN_POINT('Origin',(25.6918321341065,-2.29241247888972,-38.8812240729212));
#5778=CARTESIAN_POINT('',(24.860218180242,-4.6823482523156,-38.285551306777));
#5779=CARTESIAN_POINT('Ctrl Pts',(25.1128202600816,-3.57222713812732,-38.2848724483133));
#5780=CARTESIAN_POINT('Ctrl Pts',(25.1417436007265,-3.63644960437604,-38.2855229444537));
#5781=CARTESIAN_POINT('Ctrl Pts',(25.1626554229521,-3.70403553646836,-38.2862247911228));
#5782=CARTESIAN_POINT('Ctrl Pts',(25.1964334494956,-3.88916671089237,-38.2874062325793));
#5783=CARTESIAN_POINT('Ctrl Pts',(25.1946456276991,-4.00760670770038,-38.2873305296258));
#5784=CARTESIAN_POINT('Ctrl Pts',(25.1473921303691,-4.25032873338143,-38.2857076342143));
#5785=CARTESIAN_POINT('Ctrl Pts',(25.0976399551649,-4.37208203730066,-38.2840597552756));
#5786=CARTESIAN_POINT('Ctrl Pts',(24.979856166767,-4.55521546685773,-38.2834208270801));
#5787=CARTESIAN_POINT('Ctrl Pts',(24.9236723711177,-4.62251997775776,-38.2837829221217));
#5788=CARTESIAN_POINT('Ctrl Pts',(24.860218180242,-4.6823482523156,-38.285551306777));
#5789=CARTESIAN_POINT('Origin',(26.3644779932394,-2.99936430420757,-39.0997799350508));
#5790=CARTESIAN_POINT('Origin',(21.8413283809679,-2.29337349401201,-40.133305758173));
#5791=CARTESIAN_POINT('',(22.164920217669,-4.68341574490452,-39.161306503045));
#5792=CARTESIAN_POINT('',(21.95999076641,-3.5727027684667,-39.3093633327347));
#5793=CARTESIAN_POINT('Ctrl Pts',(22.164920217669,-4.68341574490452,-39.161306503045));
#5794=CARTESIAN_POINT('Ctrl Pts',(22.1573311139491,-4.67475425405493,-39.1665035808032));
#5795=CARTESIAN_POINT('Ctrl Pts',(22.1498743529922,-4.66592612944818,-39.1716406866042));
#5796=CARTESIAN_POINT('Ctrl Pts',(22.0621467148642,-4.55817302116721,-39.2324174104831));
#5797=CARTESIAN_POINT('Ctrl Pts',(21.9996391170358,-4.44153091476645,-39.2791342014231));
#5798=CARTESIAN_POINT('Ctrl Pts',(21.9184741520942,-4.19229508364776,-39.3410148999499));
#5799=CARTESIAN_POINT('Ctrl Pts',(21.8979904666422,-4.06282408211144,-39.35734899472));
#5800=CARTESIAN_POINT('Ctrl Pts',(21.8993742518665,-3.81442049148749,-39.3562610293043));
#5801=CARTESIAN_POINT('Ctrl Pts',(21.9174684099961,-3.69781894130583,-39.3418358818354));
#5802=CARTESIAN_POINT('Ctrl Pts',(21.9561325564697,-3.5836124380339,-39.3123037847115));
#5803=CARTESIAN_POINT('Ctrl Pts',(21.9580396002102,-3.57814179840339,-39.3108492296017));
#5804=CARTESIAN_POINT('Ctrl Pts',(21.9599907664078,-3.57270276846407,-39.3093633327414));
#5805=CARTESIAN_POINT('Origin',(21.6816504796185,-2.56515281806016,-40.3530834921979));
#5806=CARTESIAN_POINT('Origin',(21.4257924790542,-3.00063521016363,-40.7052417502972));
#5807=CARTESIAN_POINT('Origin',(21.4261658374596,-2.9999997365372,-40.7047278666376));
#5808=CARTESIAN_POINT('',(20.2245333072728,-2.99999967549497,-41.7611743926847));
#5809=CARTESIAN_POINT('Ctrl Pts',(20.2245333072728,-2.99999967549497,-41.7611743926847));
#5810=CARTESIAN_POINT('Ctrl Pts',(20.2245333159204,-2.82976910843923,-41.7611743926847));
#5811=CARTESIAN_POINT('Ctrl Pts',(20.2345481987434,-2.64812417769503,-41.7289946721826));
#5812=CARTESIAN_POINT('Ctrl Pts',(20.2788079898888,-2.31174880184442,-41.6007033770527));
#5813=CARTESIAN_POINT('Ctrl Pts',(20.3134966708071,-2.156967345286,-41.5048792016001));
#5814=CARTESIAN_POINT('Ctrl Pts',(20.3981704292109,-1.91556880582297,-41.2983399942338));
#5815=CARTESIAN_POINT('Ctrl Pts',(20.4595312933623,-1.79895964637561,-41.1610837813377));
#5816=CARTESIAN_POINT('Ctrl Pts',(20.5744758599308,-1.65847469937123,-40.9337515600181));
#5817=CARTESIAN_POINT('Ctrl Pts',(20.6388315025125,-1.60420100300512,-40.8160201149729));
#5818=CARTESIAN_POINT('Ctrl Pts',(20.7829564474742,-1.53339995352922,-40.5786240158981));
#5819=CARTESIAN_POINT('Ctrl Pts',(20.8628278889394,-1.51682661159854,-40.4590351062385));
#5820=CARTESIAN_POINT('Ctrl Pts',(21.018417189068,-1.51682661950238,-40.2448848065227));
#5821=CARTESIAN_POINT('Ctrl Pts',(21.1074713675167,-1.53339997001438,-40.1319675470284));
#5822=CARTESIAN_POINT('Ctrl Pts',(21.2887114146931,-1.60420103601863,-39.9215371533701));
#5823=CARTESIAN_POINT('Ctrl Pts',(21.3807936835294,-1.65847474033169,-39.8239502854633));
#5824=CARTESIAN_POINT('Ctrl Pts',(21.5614796445673,-1.79895970235393,-39.644381993446));
#5825=CARTESIAN_POINT('Ctrl Pts',(21.6730565063387,-1.91556887058642,-39.5436098470147));
#5826=CARTESIAN_POINT('Ctrl Pts',(21.843321326577,-2.15696742300017,-39.3992562039073));
#5827=CARTESIAN_POINT('Ctrl Pts',(21.9237361357105,-2.31174888540579,-39.3366540166695));
#5828=CARTESIAN_POINT('Ctrl Pts',(22.032071368489,-2.64812426900814,-39.2549162797166));
#5829=CARTESIAN_POINT('Ctrl Pts',(22.0595813260002,-2.82976920165859,-39.2354474884143));
#5830=CARTESIAN_POINT('Ctrl Pts',(22.0595813087049,-3.17023033577007,-39.2354474884143));
#5831=CARTESIAN_POINT('Ctrl Pts',(22.0320713327389,-3.35187526562554,-39.2549162797166));
#5832=CARTESIAN_POINT('Ctrl Pts',(21.972204901525,-3.53775742267167,-39.3000848268062));
#5833=CARTESIAN_POINT('Ctrl Pts',(21.9662294263912,-3.55531201083938,-39.3046123252192));
#5834=CARTESIAN_POINT('Ctrl Pts',(21.9599907664078,-3.57270276846406,-39.3093633327414));
#5835=CARTESIAN_POINT('',(20.2639854222563,-3.57222689181194,-41.6438193240089));
#5836=CARTESIAN_POINT('Ctrl Pts',(20.2639854222618,-3.57222689180937,-41.6438193240047));
#5837=CARTESIAN_POINT('Ctrl Pts',(20.2614207931187,-3.55499176460063,-41.6511475197806));
#5838=CARTESIAN_POINT('Ctrl Pts',(20.258985023104,-3.53759598881705,-41.6581620095758));
#5839=CARTESIAN_POINT('Ctrl Pts',(20.2345481629933,-3.3518751743124,-41.7289946721826));
#5840=CARTESIAN_POINT('Ctrl Pts',(20.2245332986252,-3.1702302425507,-41.7611743926847));
#5841=CARTESIAN_POINT('Ctrl Pts',(20.2245333072728,-2.99999967549497,-41.7611743926847));
#5842=CARTESIAN_POINT('Origin',(21.1701093681247,-2.56456127778149,-41.0571594297282));
#5843=CARTESIAN_POINT('',(20.4857094337916,-2.99999968876256,-41.9991550576375));
#5844=CARTESIAN_POINT('Origin',(21.4261658374596,-2.9999997365372,-40.7047278666376));
#5845=CARTESIAN_POINT('',(22.3666222411275,-2.99999978431183,-39.4103006756377));
#5846=CARTESIAN_POINT('Origin',(21.4261658374596,-2.9999997365372,-40.7047278666376));
#5847=CARTESIAN_POINT('Origin',(21.0100740747904,-2.29241224105917,-41.2774291566598));
#5848=CARTESIAN_POINT('',(20.1865726805755,-4.68234801489717,-41.8842679032345));
#5849=CARTESIAN_POINT('Ctrl Pts',(20.2639854222618,-3.57222689180937,-41.6438193240048));
#5850=CARTESIAN_POINT('Ctrl Pts',(20.2735418823941,-3.63644935707427,-41.6165126036707));
#5851=CARTESIAN_POINT('Ctrl Pts',(20.2806714843209,-3.70403528846646,-41.5968411581584));
#5852=CARTESIAN_POINT('Ctrl Pts',(20.2922330796566,-3.88916646176189,-41.5650814224502));
#5853=CARTESIAN_POINT('Ctrl Pts',(20.291608610394,-4.00760645862901,-41.5667583427985));
#5854=CARTESIAN_POINT('Ctrl Pts',(20.275463002899,-4.2503284858903,-41.6111975753629));
#5855=CARTESIAN_POINT('Ctrl Pts',(20.2585215049774,-4.37208179147629,-41.6580054773118));
#5856=CARTESIAN_POINT('Ctrl Pts',(20.2215166494486,-4.5552152251369,-41.7698270682632));
#5857=CARTESIAN_POINT('Ctrl Pts',(20.2044992722708,-4.62251973802655,-41.8233729234953));
#5858=CARTESIAN_POINT('Ctrl Pts',(20.1865726805755,-4.68234801489717,-41.8842679032345));
#5859=CARTESIAN_POINT('Origin',(21.4257920284962,-2.99936405332523,-40.7052423706358));
#5860=CARTESIAN_POINT('Origin',(21.0110034238249,-2.293373451832,-45.3263903611433));
#5861=CARTESIAN_POINT('',(20.1865724912889,-4.68341564440563,-44.718271832404));
#5862=CARTESIAN_POINT('',(20.264056259848,-3.57270268231424,-44.9589234525741));
#5863=CARTESIAN_POINT('Ctrl Pts',(20.1865724912889,-4.68341564440562,-44.718271832404));
#5864=CARTESIAN_POINT('Ctrl Pts',(20.189170044239,-4.67475415407351,-44.7270954847165));
#5865=CARTESIAN_POINT('Ctrl Pts',(20.1917514566371,-4.6659260299767,-44.735774739236));
#5866=CARTESIAN_POINT('Ctrl Pts',(20.2224442286456,-4.55817292771143,-44.8379897268837));
#5867=CARTESIAN_POINT('Ctrl Pts',(20.2475586311773,-4.44153082576181,-44.9118742730748));
#5868=CARTESIAN_POINT('Ctrl Pts',(20.2813293279779,-4.19229500048177,-45.0081889413873));
#5869=CARTESIAN_POINT('Ctrl Pts',(20.2905341728793,-4.06282400045361,-45.032717603041));
#5870=CARTESIAN_POINT('Ctrl Pts',(20.2899270781514,-3.81442040972856,-45.0310653572847));
#5871=CARTESIAN_POINT('Ctrl Pts',(20.2817993541064,-3.69781885821483,-45.0093991802078));
#5872=CARTESIAN_POINT('Ctrl Pts',(20.2656605430391,-3.58361235215893,-44.9635014773839));
#5873=CARTESIAN_POINT('Ctrl Pts',(20.2648664880404,-3.57814171239121,-44.9612382890238));
#5874=CARTESIAN_POINT('Ctrl Pts',(20.2640562598538,-3.5727026823116,-44.9589234525783));
#5875=CARTESIAN_POINT('Origin',(21.1706812752229,-2.56515279210323,-45.5461681113983));
#5876=CARTESIAN_POINT('Origin',(21.4265391957481,-3.00063521020157,-45.8983263955039));
#5877=CARTESIAN_POINT('Origin',(21.4261658374596,-2.9999997365372,-45.8978125118063));
#5878=CARTESIAN_POINT('',(22.0595813173526,-2.99999976871433,-47.3670928900296));
#5879=CARTESIAN_POINT('Ctrl Pts',(22.0595813173526,-2.99999976871433,-47.3670928900296));
#5880=CARTESIAN_POINT('Ctrl Pts',(22.0595813260002,-2.82976920165859,-47.3670928900296));
#5881=CARTESIAN_POINT('Ctrl Pts',(22.0320713684891,-2.64812426900815,-47.3476240987273));
#5882=CARTESIAN_POINT('Ctrl Pts',(21.9237361357106,-2.3117488854058,-47.2658863617744));
#5883=CARTESIAN_POINT('Ctrl Pts',(21.8433213265771,-2.15696742300018,-47.2032841745366));
#5884=CARTESIAN_POINT('Ctrl Pts',(21.6730565063388,-1.91556887058643,-47.0589305314292));
#5885=CARTESIAN_POINT('Ctrl Pts',(21.5614796445674,-1.79895970235393,-46.9581583849979));
#5886=CARTESIAN_POINT('Ctrl Pts',(21.3807936835294,-1.6584747403317,-46.7785900929806));
#5887=CARTESIAN_POINT('Ctrl Pts',(21.2887114146932,-1.60420103601863,-46.6810032250738));
#5888=CARTESIAN_POINT('Ctrl Pts',(21.1074713675168,-1.53339997001438,-46.4705728314155));
#5889=CARTESIAN_POINT('Ctrl Pts',(21.0184171890681,-1.51682661950238,-46.3576555719212));
#5890=CARTESIAN_POINT('Ctrl Pts',(20.8628278889394,-1.51682661159853,-46.1435052722054));
#5891=CARTESIAN_POINT('Ctrl Pts',(20.7829564474742,-1.53339995352921,-46.0239163625458));
#5892=CARTESIAN_POINT('Ctrl Pts',(20.6388315025126,-1.60420100300511,-45.786520263471));
#5893=CARTESIAN_POINT('Ctrl Pts',(20.5744758599308,-1.65847469937122,-45.6687888184259));
#5894=CARTESIAN_POINT('Ctrl Pts',(20.4595312933623,-1.79895964637559,-45.4414565971062));
#5895=CARTESIAN_POINT('Ctrl Pts',(20.398170429211,-1.91556880582295,-45.3042003842101));
#5896=CARTESIAN_POINT('Ctrl Pts',(20.3134966708071,-2.15696734528597,-45.0976611768438));
#5897=CARTESIAN_POINT('Ctrl Pts',(20.2788079898888,-2.3117488018444,-45.0018370013912));
#5898=CARTESIAN_POINT('Ctrl Pts',(20.2345481987434,-2.64812417769502,-44.8735457062614));
#5899=CARTESIAN_POINT('Ctrl Pts',(20.2245333159204,-2.82976910843923,-44.8413659857592));
#5900=CARTESIAN_POINT('Ctrl Pts',(20.2245332986252,-3.17023024255071,-44.8413659857592));
#5901=CARTESIAN_POINT('Ctrl Pts',(20.2345481629933,-3.35187517431242,-44.8735457062613));
#5902=CARTESIAN_POINT('Ctrl Pts',(20.259006252872,-3.53775733564219,-44.944439905456));
#5903=CARTESIAN_POINT('Ctrl Pts',(20.2614656357582,-3.55531192423839,-44.9515219931235));
#5904=CARTESIAN_POINT('Ctrl Pts',(20.2640562598538,-3.5727026823116,-44.9589234525783));
#5905=CARTESIAN_POINT('',(21.9601613684761,-3.57222697797668,-47.29330696075));
#5906=CARTESIAN_POINT('Ctrl Pts',(21.9601613684739,-3.5722269779741,-47.2933069607434));
#5907=CARTESIAN_POINT('Ctrl Pts',(21.9663383834346,-3.55499185120944,-47.2980106058674));
#5908=CARTESIAN_POINT('Ctrl Pts',(21.9722568659445,-3.53759607585025,-47.3024947582061));
#5909=CARTESIAN_POINT('Ctrl Pts',(22.032071332739,-3.35187526562554,-47.3476240987273));
#5910=CARTESIAN_POINT('Ctrl Pts',(22.059581308705,-3.17023033577007,-47.3670928900296));
#5911=CARTESIAN_POINT('Ctrl Pts',(22.0595813173526,-2.99999976871433,-47.3670928900296));
#5912=CARTESIAN_POINT('Origin',(21.6822223868254,-2.56456130379652,-46.2502440488933));
#5913=CARTESIAN_POINT('',(22.3666222411275,-2.99999978431183,-47.1922397028062));
#5914=CARTESIAN_POINT('Origin',(21.4261658374596,-2.9999997365372,-45.8978125118063));
#5915=CARTESIAN_POINT('',(20.4857094337916,-2.99999968876256,-44.6033853208064));
#5916=CARTESIAN_POINT('Origin',(21.4261658374596,-2.9999997365372,-45.8978125118063));
#5917=CARTESIAN_POINT('Origin',(21.8422577301791,-2.2924122833336,-46.4705137595726));
#5918=CARTESIAN_POINT('',(22.1649196648559,-4.68234811539693,-47.4412334967909));
#5919=CARTESIAN_POINT('Ctrl Pts',(21.9601613684739,-3.5722269779741,-47.2933069607434));
#5920=CARTESIAN_POINT('Ctrl Pts',(21.9371442404942,-3.63644944158427,-47.2757799833153));
#5921=CARTESIAN_POINT('Ctrl Pts',(21.9206387498408,-3.70403537177583,-47.2629205147117));
#5922=CARTESIAN_POINT('Ctrl Pts',(21.8940061691822,-3.88916654313102,-47.2421104771139));
#5923=CARTESIAN_POINT('Ctrl Pts',(21.8954080394347,-4.00760654010107,-47.243222573839));
#5924=CARTESIAN_POINT('Ctrl Pts',(21.9326829855239,-4.25032857007609,-47.2723104254094));
#5925=CARTESIAN_POINT('Ctrl Pts',(21.9719647306448,-4.37208187851819,-47.3028871786945));
#5926=CARTESIAN_POINT('Ctrl Pts',(22.0668782477208,-4.55521531888054,-47.3726356507742));
#5927=CARTESIAN_POINT('Ctrl Pts',(22.11254472115,-4.62251983495481,-47.4053667142229));
#5928=CARTESIAN_POINT('Ctrl Pts',(22.1649196648559,-4.68234811539693,-47.4412334967909));
#5929=CARTESIAN_POINT('Origin',(21.4265396465398,-2.9993640533632,-45.8983270157666));
#5930=CARTESIAN_POINT('Origin',(25.6933358525409,-2.29337368969174,-47.7208277178212));
#5931=CARTESIAN_POINT('',(24.8602175103675,-4.68341588182405,-48.3169890529998));
#5932=CARTESIAN_POINT('',(25.1130346421479,-3.5727029286395,-48.317663104023));
#5933=CARTESIAN_POINT('Ctrl Pts',(24.8602175103675,-4.68341588182405,-48.3169890529998));
#5934=CARTESIAN_POINT('Ctrl Pts',(24.8694119907062,-4.67475439182706,-48.3172452922757));
#5935=CARTESIAN_POINT('Ctrl Pts',(24.878464152884,-4.66592626805896,-48.3174722607647));
#5936=CARTESIAN_POINT('Ctrl Pts',(24.9851609748867,-4.55817316965464,-48.3198678734117));
#5937=CARTESIAN_POINT('Ctrl Pts',(25.0631901352754,-4.44153107039306,-48.3188142432612));
#5938=CARTESIAN_POINT('Ctrl Pts',(25.1652265561607,-4.19229524858089,-48.3164592833667));
#5939=CARTESIAN_POINT('Ctrl Pts',(25.1913991577122,-4.06282424941468,-48.3152847351972));
#5940=CARTESIAN_POINT('Ctrl Pts',(25.1896401847504,-3.81442065863107,-48.3153515565777));
#5941=CARTESIAN_POINT('Ctrl Pts',(25.1665228250956,-3.6978191063559,-48.3163862702068));
#5942=CARTESIAN_POINT('Ctrl Pts',(25.117884352862,-3.58361259864905,-48.31755202698));
#5943=CARTESIAN_POINT('Ctrl Pts',(25.1154865565274,-3.57814195879985,-48.3176078547603));
#5944=CARTESIAN_POINT('Ctrl Pts',(25.1130346421537,-3.57270292863686,-48.3176631040188));
#5945=CARTESIAN_POINT('Origin',(25.951700074225,-2.56515303497618,-47.636880103425));
#5946=CARTESIAN_POINT('Origin',(26.3656869353926,-3.00063546110738,-47.5023676343228));
#5947=CARTESIAN_POINT('Origin',(28.5758141500528,-2.99999952696339,-54.3023817619287));
#5948=CARTESIAN_POINT('',(24.5203627738843,-4.99999972074022,-48.2959597953902));
#5949=CARTESIAN_POINT('',(25.0678414510818,-4.99999980951111,-49.9809263958849));
#5950=CARTESIAN_POINT('Origin',(24.9999997459384,-3.00127053293295,-43.3012701892219));
#5951=CARTESIAN_POINT('Origin',(27.0383335734075,-2.2924125472912,-47.2838114668879));
#5952=CARTESIAN_POINT('',(27.8572905919595,-3.57222727754738,-47.4259354635788));
#5953=CARTESIAN_POINT('Origin',(26.7793909793737,-2.56456156272969,-47.3679470259275));
#5954=CARTESIAN_POINT('',(28.0612508423471,-4.68234841492619,-47.2769105114641));
#5955=CARTESIAN_POINT('Ctrl Pts',(27.8572905919526,-3.5722272775448,-47.4259354635788));
#5956=CARTESIAN_POINT('Ctrl Pts',(27.8335087598969,-3.63644974111614,-47.4424099161422));
#5957=CARTESIAN_POINT('Ctrl Pts',(27.8161781990006,-3.70403567126578,-47.4541337729803));
#5958=CARTESIAN_POINT('Ctrl Pts',(27.7881567506129,-3.88916684255039,-47.4730321981458));
#5959=CARTESIAN_POINT('Ctrl Pts',(27.7896476150245,-4.00760683952495,-47.4720425913725));
#5960=CARTESIAN_POINT('Ctrl Pts',(27.8288303890917,-4.25032886959694,-47.4455806397382));
#5961=CARTESIAN_POINT('Ctrl Pts',(27.8700493320879,-4.37208217813745,-47.4176702105851));
#5962=CARTESIAN_POINT('Ctrl Pts',(27.9657139543048,-4.55521561853756,-47.3489555460423));
#5963=CARTESIAN_POINT('Ctrl Pts',(28.0109547594831,-4.62252013458989,-47.3156386005093));
#5964=CARTESIAN_POINT('Ctrl Pts',(28.0612508423471,-4.68234841492619,-47.2769105114641));
#5965=CARTESIAN_POINT('Origin',(26.3656876646445,-2.99936430426902,-47.5023673973276));
#5966=CARTESIAN_POINT('Origin',(31.3326692066267,-5.89999960218996,-53.4066253614216));
#5967=CARTESIAN_POINT('',(28.3244833289225,-4.99999991398731,-47.0595655502731));
#5968=CARTESIAN_POINT('Origin',(24.9999997460675,-2.99872821858399,-43.3012701892219));
#5969=CARTESIAN_POINT('',(28.8720683587827,-5.00000000276361,-48.74485849352));
#5970=CARTESIAN_POINT('Origin',(25.8165410054942,-5.89999932197388,-31.4036163175286));
#5971=CARTESIAN_POINT('',(24.5195064330916,-4.99999972069672,-38.3066628910042));
#5972=CARTESIAN_POINT('Origin',(24.9999997460675,-2.99872821858399,-43.3012701892219));
#5973=CARTESIAN_POINT('',(25.0670911189313,-4.999999809473,-36.6213700298284));
#5974=CARTESIAN_POINT('Origin',(28.573396265657,-2.99999952684056,-32.2993729982518));
#5975=CARTESIAN_POINT('',(28.3238389140676,-4.99999991395458,-39.5424048951511));
#5976=CARTESIAN_POINT('',(28.8713179355542,-5.00000000272549,-37.8574382125026));
#5977=CARTESIAN_POINT('Origin',(24.9999997459384,-3.00127053293296,-43.3012701892219));
#5978=CARTESIAN_POINT('Origin',(13.9369835267014,-5.89999871849933,-38.8481159239068));
#5979=CARTESIAN_POINT('',(20.1013652591214,-4.99999949625774,-42.2148278534979));
#5980=CARTESIAN_POINT('Origin',(24.9999997460675,-2.99872821858399,-43.3012701892219));
#5981=CARTESIAN_POINT('',(20.3943253456742,-4.99999957209924,-42.4276758679754));
#5982=CARTESIAN_POINT('Origin',(15.6408139831348,-2.99999886987297,-36.5029949415228));
#5983=CARTESIAN_POINT('',(22.4522291334992,-4.99999961568025,-38.9785579372567));
#5984=CARTESIAN_POINT('',(22.7454667117338,-4.99999969153584,-39.19160745604));
#5985=CARTESIAN_POINT('Origin',(24.9999997459384,-3.00127053293295,-43.3012701892219));
#5986=CARTESIAN_POINT('Origin',(15.6423083178723,-2.99999886994888,-50.1016022122369));
#5987=CARTESIAN_POINT('',(20.1015516034667,-4.99999949626721,-44.3885523879926));
#5988=CARTESIAN_POINT('',(20.3947892239251,-4.9999995721228,-44.1755027333051));
#5989=CARTESIAN_POINT('Origin',(24.9999997459384,-3.00127053293296,-43.3012701892219));
#5990=CARTESIAN_POINT('Origin',(17.3461382413031,-5.89999889168239,-52.446723367804));
#5991=CARTESIAN_POINT('',(22.452970307153,-4.9999996157179,-47.6244191971454));
#5992=CARTESIAN_POINT('Origin',(24.9999997460675,-2.99872821858398,-43.3012701892219));
#5993=CARTESIAN_POINT('',(22.7459303515394,-4.99999969155939,-47.4115713184811));
#5994=CARTESIAN_POINT('Origin',(28.8176660132979,-5.,-43.3012701892219));
#5995=CARTESIAN_POINT('',(29.6020157971027,-4.99999997888521,-45.3008759303191));
#5996=CARTESIAN_POINT('Origin',(24.9999996444041,-4.99999974510549,-43.3012701892219));
#5997=CARTESIAN_POINT('',(32.6926658608428,-5.00000019684772,-45.3008761483771));
#5998=CARTESIAN_POINT('Origin',(28.8176660132979,-5.,-43.3012701892219));
#5999=CARTESIAN_POINT('Origin',(24.9999996444041,-4.99999974510549,-43.3012701892219));
#6000=CARTESIAN_POINT('Origin',(28.8176660132979,-5.,-43.3012701892219));
#6001=CARTESIAN_POINT('',(19.9823333771092,-4.99999949021099,-43.3012701892219));
#6002=CARTESIAN_POINT('Origin',(24.9999996444041,-4.99999974510549,-43.3012701892219));
#6003=CARTESIAN_POINT('Origin',(24.9999996444041,-4.99999974510549,-43.3012701892219));
#6004=CARTESIAN_POINT('Origin',(28.8176660132979,-5.,-43.3012701892219));
#6005=CARTESIAN_POINT('',(29.6016728937321,-4.9999999788678,-41.3008754541892));
#6006=CARTESIAN_POINT('',(32.6926660082101,-5.00000019684773,-41.3008752363048));
#6007=CARTESIAN_POINT('Origin',(24.9999996444041,-4.99999974510549,-43.3012701892219));
#6008=CARTESIAN_POINT('Origin',(28.8176660132979,-5.,-43.3012701892219));
#6009=CARTESIAN_POINT('Origin',(24.9999996444041,-4.99999974510549,-43.3012701892219));
#6010=CARTESIAN_POINT('Origin',(24.9999997460029,-2.9999997451055,-43.3012701892219));
#6011=CARTESIAN_POINT('',(29.7270369788749,-4.6823484954815,-41.6183877319076));
#6012=CARTESIAN_POINT('Origin',(24.9999997460675,-2.998728218584,-43.3012701892219));
#6013=CARTESIAN_POINT('',(29.8057409419028,-3.57222737652752,-41.8584167494628));
#6014=CARTESIAN_POINT('Ctrl Pts',(29.8057409419007,-3.57222737652495,-41.8584167494694));
#6015=CARTESIAN_POINT('Ctrl Pts',(29.8140600848466,-3.636449841727,-41.8861254985278));
#6016=CARTESIAN_POINT('Ctrl Pts',(29.8198546950773,-3.70403577305138,-41.9062307091365));
#6017=CARTESIAN_POINT('Ctrl Pts',(29.8291690552215,-3.88916694623262,-41.9387206158205));
#6018=CARTESIAN_POINT('Ctrl Pts',(29.8286885815332,-4.00760694310704,-41.936996908474));
#6019=CARTESIAN_POINT('Ctrl Pts',(29.8156299045511,-4.25032897052518,-41.8915546713849));
#6020=CARTESIAN_POINT('Ctrl Pts',(29.8018228586348,-4.3720822762704,-41.8437283242427));
#6021=CARTESIAN_POINT('Ctrl Pts',(29.7660333176532,-4.55521570538886,-41.7315118567711));
#6022=CARTESIAN_POINT('Ctrl Pts',(29.7483271960916,-4.62252021443116,-41.6781897924275));
#6023=CARTESIAN_POINT('Ctrl Pts',(29.7270369386765,-4.68234848832594,-41.61838773906));
#6024=CARTESIAN_POINT('',(29.768678847325,-3.00000016033196,-41.7402851160828));
#6025=CARTESIAN_POINT('Ctrl Pts',(29.8057409419007,-3.57222737652494,-41.8584167494694));
#6026=CARTESIAN_POINT('Ctrl Pts',(29.8035083666428,-3.55499224933308,-41.8509806628461));
#6027=CARTESIAN_POINT('Ctrl Pts',(29.8013559339236,-3.53759647356389,-41.8438741111829));
#6028=CARTESIAN_POINT('Ctrl Pts',(29.7794913916487,-3.35187565918993,-41.7722056518463));
#6029=CARTESIAN_POINT('Ctrl Pts',(29.7686788386774,-3.1702307273877,-41.7402851160828));
#6030=CARTESIAN_POINT('Ctrl Pts',(29.768678847325,-3.00000016033196,-41.7402851160828));
#6031=CARTESIAN_POINT('',(29.8058025996847,-3.57270316702936,-44.743918248141));
#6032=CARTESIAN_POINT('Ctrl Pts',(29.768678847325,-3.00000016033196,-41.7402851160828));
#6033=CARTESIAN_POINT('Ctrl Pts',(29.7686788559726,-2.82976959327622,-41.7402851160828));
#6034=CARTESIAN_POINT('Ctrl Pts',(29.7794914273988,-2.64812466257254,-41.7722056518463));
#6035=CARTESIAN_POINT('Ctrl Pts',(29.8190922663814,-2.31174928648526,-41.9020107322976));
#6036=CARTESIAN_POINT('Ctrl Pts',(29.8473525853742,-2.15696782960027,-41.9999236091544));
#6037=CARTESIAN_POINT('Ctrl Pts',(29.9002507981418,-1.91556928852307,-42.2167873171564));
#6038=CARTESIAN_POINT('Ctrl Pts',(29.9312860046957,-1.79896012753519,-42.3638969335071));
#6039=CARTESIAN_POINT('Ctrl Pts',(29.9719164369034,-1.65847517675569,-42.6153752807891));
#6040=CARTESIAN_POINT('Ctrl Pts',(29.989052440487,-1.60420147799085,-42.7484493165937));
#6041=CARTESIAN_POINT('Ctrl Pts',(30.0119908431941,-1.53340042235874,-43.0252213101654));
#6042=CARTESIAN_POINT('Ctrl Pts',(30.0176660886422,-1.51682707665894,-43.1689180252966));
#6043=CARTESIAN_POINT('Ctrl Pts',(30.0176660886422,-1.51682707665894,-43.4336223531473));
#6044=CARTESIAN_POINT('Ctrl Pts',(30.0119908431941,-1.53340042235874,-43.5773190682784));
#6045=CARTESIAN_POINT('Ctrl Pts',(29.989052440487,-1.60420147799085,-43.8540910618501));
#6046=CARTESIAN_POINT('Ctrl Pts',(29.9719164369034,-1.65847517675569,-43.9871650976547));
#6047=CARTESIAN_POINT('Ctrl Pts',(29.9312860046957,-1.79896012753519,-44.2386434449367));
#6048=CARTESIAN_POINT('Ctrl Pts',(29.9002507981418,-1.91556928852307,-44.3857530612874));
#6049=CARTESIAN_POINT('Ctrl Pts',(29.8473525853742,-2.15696782960027,-44.6026167692895));
#6050=CARTESIAN_POINT('Ctrl Pts',(29.8190922663814,-2.31174928648525,-44.7005296461462));
#6051=CARTESIAN_POINT('Ctrl Pts',(29.7794914273988,-2.64812466257254,-44.8303347265976));
#6052=CARTESIAN_POINT('Ctrl Pts',(29.7686788559726,-2.82976959327622,-44.8622552623611));
#6053=CARTESIAN_POINT('Ctrl Pts',(29.7686788386774,-3.1702307273877,-44.8622552623611));
#6054=CARTESIAN_POINT('Ctrl Pts',(29.7794913916487,-3.35187565918993,-44.8303347265976));
#6055=CARTESIAN_POINT('Ctrl Pts',(29.8013749289646,-3.53775782038892,-44.7586040045663));
#6056=CARTESIAN_POINT('Ctrl Pts',(29.8035479914871,-3.55531240897057,-44.7514288857732));
#6057=CARTESIAN_POINT('Ctrl Pts',(29.8058025996826,-3.57270316702672,-44.7439182481342));
#6058=CARTESIAN_POINT('',(29.7270367540816,-4.68341612499302,-44.9841532778043));
#6059=CARTESIAN_POINT('Ctrl Pts',(29.7270367138853,-4.68341611783783,-44.9841532706459));
#6060=CARTESIAN_POINT('Ctrl Pts',(29.7301216615076,-4.67475463112586,-44.9754879867652));
#6061=CARTESIAN_POINT('Ctrl Pts',(29.7331347922952,-4.66592651079109,-44.9669490102296));
#6062=CARTESIAN_POINT('Ctrl Pts',(29.7683842890706,-4.55817341263956,-44.866214596251));
#6063=CARTESIAN_POINT('Ctrl Pts',(29.7914945679614,-4.44153131058814,-44.7916788708154));
#6064=CARTESIAN_POINT('Ctrl Pts',(29.8207858648554,-4.19229548508056,-44.6939087572459));
#6065=CARTESIAN_POINT('Ctrl Pts',(29.8277565863761,-4.06282448493891,-44.6686541849019));
#6066=CARTESIAN_POINT('Ctrl Pts',(29.827276593467,-3.81442089422029,-44.6703477285426));
#6067=CARTESIAN_POINT('Ctrl Pts',(29.821117011701,-3.69781934280656,-44.692653393811));
#6068=CARTESIAN_POINT('Ctrl Pts',(29.8071956017847,-3.58361283686331,-44.7392715739432));
#6069=CARTESIAN_POINT('Ctrl Pts',(29.8065077375345,-3.57814219710098,-44.7415692657691));
#6070=CARTESIAN_POINT('Ctrl Pts',(29.8058025996826,-3.57270316702672,-44.7439182481342));
#6071=CARTESIAN_POINT('Origin',(24.9999997459384,-3.00127053293294,-43.3012701892219));
#6072=CARTESIAN_POINT('',(27.9581876546806,-3.00000006836007,-47.3541826070892));
#6073=CARTESIAN_POINT('Ctrl Pts',(27.8572905919526,-3.57222727754481,-47.4259354635788));
#6074=CARTESIAN_POINT('Ctrl Pts',(27.8636728275005,-3.55499215079057,-47.4215142803607));
#6075=CARTESIAN_POINT('Ctrl Pts',(27.8697664220893,-3.53759637544028,-47.4172711491215));
#6076=CARTESIAN_POINT('Ctrl Pts',(27.9311706687362,-3.35187556529632,-47.3743299528467));
#6077=CARTESIAN_POINT('Ctrl Pts',(27.9581876460329,-3.17023063541581,-47.3541826070892));
#6078=CARTESIAN_POINT('Ctrl Pts',(27.9581876546806,-3.00000006836007,-47.3541826070892));
#6079=CARTESIAN_POINT('Ctrl Pts',(27.9581876546806,-3.00000006836007,-47.3541826070892));
#6080=CARTESIAN_POINT('Ctrl Pts',(27.9581876633282,-2.82976950130433,-47.3541826070892));
#6081=CARTESIAN_POINT('Ctrl Pts',(27.9311707044863,-2.64812456867894,-47.3743299528467));
#6082=CARTESIAN_POINT('Ctrl Pts',(27.8199560809192,-2.31174918493032,-47.4521045483762));
#6083=CARTESIAN_POINT('Ctrl Pts',(27.7355683256237,-2.15696772232287,-47.5092384443457));
#6084=CARTESIAN_POINT('Ctrl Pts',(27.5456651381711,-1.9155691689115,-47.6265621938717));
#6085=CARTESIAN_POINT('Ctrl Pts',(27.4153459892733,-1.79895999972691,-47.701537795154));
#6086=CARTESIAN_POINT('Ctrl Pts',(27.1887313673559,-1.65847503537152,-47.8178907087052));
#6087=CARTESIAN_POINT('Ctrl Pts',(27.0674657566823,-1.60420132957596,-47.8753101525283));
#6088=CARTESIAN_POINT('Ctrl Pts',(26.8113283074135,-1.53340025976696,-47.9826531160562));
#6089=CARTESIAN_POINT('Ctrl Pts',(26.6764183579903,-1.51682690692552,-48.0324553214319));
#6090=CARTESIAN_POINT('Ctrl Pts',(26.4246695820963,-1.51682689413683,-48.1142534572224));
#6091=CARTESIAN_POINT('Ctrl Pts',(26.2862521369282,-1.53340023309341,-48.1532607058695));
#6092=CARTESIAN_POINT('Ctrl Pts',(26.0159379701683,-1.60420127615897,-48.2169722415029));
#6093=CARTESIAN_POINT('Ctrl Pts',(25.8840817230385,-1.65847496909608,-48.2417970748272));
#6094=CARTESIAN_POINT('Ctrl Pts',(25.6323561031766,-1.79895990915207,-48.2808663273309));
#6095=CARTESIAN_POINT('Ctrl Pts',(25.4828561335943,-1.91556906412201,-48.2968094690253));
#6096=CARTESIAN_POINT('Ctrl Pts',(25.2602600357604,-2.15696759657866,-48.3135148619709));
#6097=CARTESIAN_POINT('Ctrl Pts',(25.1584064319283,-2.31174904972515,-48.3168944518351));
#6098=CARTESIAN_POINT('Ctrl Pts',(25.0227171202724,-2.64812442093119,-48.319343807937));
#6099=CARTESIAN_POINT('Ctrl Pts',(24.9890176120313,-2.82976935047224,-48.3189244382205));
#6100=CARTESIAN_POINT('Ctrl Pts',(24.989017594736,-3.17023048458371,-48.3189244382205));
#6101=CARTESIAN_POINT('Ctrl Pts',(25.0227170845222,-3.35187541754859,-48.319343807937));
#6102=CARTESIAN_POINT('Ctrl Pts',(25.0976994335316,-3.53775758144496,-48.3179902855549));
#6103=CARTESIAN_POINT('Ctrl Pts',(25.105194889648,-3.55531217029699,-48.3178397580317));
#6104=CARTESIAN_POINT('Ctrl Pts',(25.1130346421537,-3.57270292863686,-48.3176631040188));
#6105=CARTESIAN_POINT('',(19.9823335803068,-0.999999490210998,-43.3012701892219));
#6106=CARTESIAN_POINT('',(19.982333478708,-2.99999949021099,-43.3012701892219));
#6107=CARTESIAN_POINT('Origin',(24.9999998476018,-0.999999745105503,-43.3012701892219));
#6108=CARTESIAN_POINT('Origin',(26.3650828289196,-2.99999998743128,-47.502563920391));
#6109=CARTESIAN_POINT('',(27.8867732549918,-3.00000006473226,-47.0081367293911));
#6110=CARTESIAN_POINT('Origin',(26.3650828289196,-2.99999998743128,-47.502563920391));
#6111=CARTESIAN_POINT('',(24.8433924028474,-2.9999999101303,-47.996991111391));
#6112=CARTESIAN_POINT('Origin',(26.3650828289196,-2.99999998743128,-47.502563920391));
#6113=CARTESIAN_POINT('Origin',(29.4175013972563,-2.29337387887716,-44.0075867852105));
#6114=CARTESIAN_POINT('Origin',(29.4175013972563,-2.56515321103685,-43.7359265559841));
#6115=CARTESIAN_POINT('Origin',(29.4175013972563,-3.00063561613776,-43.3006349940627));
#6116=CARTESIAN_POINT('Origin',(36.5676660132979,-2.99999993294477,-43.2999990321696));
#6117=CARTESIAN_POINT('Origin',(29.4175013972563,-2.29241266815153,-42.5933724900683));
#6118=CARTESIAN_POINT('Origin',(29.4175013972563,-2.56456169674416,-42.8656408358966));
#6119=CARTESIAN_POINT('Origin',(29.4175013972563,-2.99936445929937,-43.3006342273288));
#6120=CARTESIAN_POINT('Origin',(36.5676660132979,-5.89999986812472,-40.4012699754488));
#6121=CARTESIAN_POINT('Origin',(29.4175013972563,-3.00000014249235,-43.3012701892219));
#6122=CARTESIAN_POINT('',(29.4175013972563,-3.00000014249235,-41.7012701892219));
#6123=CARTESIAN_POINT('Origin',(29.4175013972563,-3.00000014249235,-43.3012701892219));
#6124=CARTESIAN_POINT('',(29.4175013972563,-3.00000014249235,-44.9012701892219));
#6125=CARTESIAN_POINT('Origin',(29.4175013972563,-3.00000014249235,-43.3012701892219));
#6126=CARTESIAN_POINT('Origin',(30.0176660132979,-1.,-43.3012701892219));
#6127=CARTESIAN_POINT('',(0.,0.,0.));
#6128=CARTESIAN_POINT('Ctrl Pts',(1.84009592826318,-5.10379609513878,-5.99266804239188));
#6129=CARTESIAN_POINT('Ctrl Pts',(2.02030599595494,-5.07431252694408,-6.49504194209767));
#6130=CARTESIAN_POINT('Ctrl Pts',(2.52750884152062,-4.78993548198109,-7.23969144782343));
#6131=CARTESIAN_POINT('Ctrl Pts',(3.24682595300883,-4.28122099204459,-7.51641473438192));
#6132=CARTESIAN_POINT('Ctrl Pts',(3.55337624921444,-4.04127424293461,-7.5372828442038));
#6133=CARTESIAN_POINT('Ctrl Pts',(1.96307108227995,-4.93913505500595,-5.92113826648597));
#6134=CARTESIAN_POINT('Ctrl Pts',(2.13600370316854,-4.91560010072646,-6.37655935913254));
#6135=CARTESIAN_POINT('Ctrl Pts',(2.60492715064178,-4.66243855578237,-7.0471357587386));
#6136=CARTESIAN_POINT('Ctrl Pts',(3.25340325848686,-4.19851006439352,-7.30072730075233));
#6137=CARTESIAN_POINT('Ctrl Pts',(3.53007979012574,-3.97798495872201,-7.32186107546425));
#6138=CARTESIAN_POINT('Ctrl Pts',(2.10095330311105,-4.51558050229611,-5.81137223163438));
#6139=CARTESIAN_POINT('Ctrl Pts',(2.25595222618407,-4.49277833518465,-6.17483966761946));
#6140=CARTESIAN_POINT('Ctrl Pts',(2.64829331537663,-4.28722206283612,-6.70233852385982));
#6141=CARTESIAN_POINT('Ctrl Pts',(3.1657234746405,-3.91310891521362,-6.91385988582998));
#6142=CARTESIAN_POINT('Ctrl Pts',(3.38782344928786,-3.73324347709772,-6.93698457693841));
#6143=CARTESIAN_POINT('Ctrl Pts',(1.96708326964828,-4.07679191261742,-5.81276365466447));
#6144=CARTESIAN_POINT('Ctrl Pts',(2.1021514645747,-4.04333201124446,-6.12709805407303));
#6145=CARTESIAN_POINT('Ctrl Pts',(2.45131986471327,-3.84558581800561,-6.59539423274718));
#6146=CARTESIAN_POINT('Ctrl Pts',(2.91783135564965,-3.51554572562667,-6.7883756960445));
#6147=CARTESIAN_POINT('Ctrl Pts',(3.11707186414221,-3.35996364503782,-6.81200087971274));
#6148=CARTESIAN_POINT('Ctrl Pts',(1.84570407131169,-3.89843272213465,-5.84118450732097));
#6149=CARTESIAN_POINT('Ctrl Pts',(1.97301855521248,-3.86056087881994,-6.14724635500537));
#6150=CARTESIAN_POINT('Ctrl Pts',(2.31449918391011,-3.65947009542104,-6.6144020051811));
#6151=CARTESIAN_POINT('Ctrl Pts',(2.78117530135638,-3.33333525959517,-6.80536007594857));
#6152=CARTESIAN_POINT('Ctrl Pts',(2.97915647028391,-3.1820169749948,-6.82840587000843));
#6153=CARTESIAN_POINT('',(2.4760099567685,-4.79927584679679,-7.02651227096226));
#6154=CARTESIAN_POINT('',(2.9791564702839,-3.1820169749948,-6.82840587000843));
#6155=CARTESIAN_POINT('Ctrl Pts',(2.4760099567685,-4.79927584679678,-7.02651227096226));
#6156=CARTESIAN_POINT('Ctrl Pts',(2.61908534695355,-4.6475773062159,-6.97609521097495));
#6157=CARTESIAN_POINT('Ctrl Pts',(2.73055023746839,-4.46642253085379,-6.93215572038914));
#6158=CARTESIAN_POINT('Ctrl Pts',(2.89743997141252,-4.07811694511868,-6.86406574541894));
#6159=CARTESIAN_POINT('Ctrl Pts',(2.94826084256923,-3.88358635654532,-6.84186930698288));
#6160=CARTESIAN_POINT('Ctrl Pts',(2.99103356293307,-3.62261573888276,-6.82323134866954));
#6161=CARTESIAN_POINT('Ctrl Pts',(3.00116686064076,-3.52651491488798,-6.81876091722061));
#6162=CARTESIAN_POINT('Ctrl Pts',(3.00400263068398,-3.3600269846552,-6.81751201574448));
#6163=CARTESIAN_POINT('Ctrl Pts',(3.00036989837484,-3.26815481431718,-6.81915069057752));
#6164=CARTESIAN_POINT('Ctrl Pts',(2.97915647028391,-3.1820169749948,-6.82840587000843));
#6165=CARTESIAN_POINT('',(1.89693298506742,-3.88045657494662,-5.95517802002285));
#6166=CARTESIAN_POINT('Ctrl Pts',(2.97915647028391,-3.1820169749948,-6.82840587000843));
#6167=CARTESIAN_POINT('Ctrl Pts',(2.78117530135638,-3.33333525959517,-6.80536007594857));
#6168=CARTESIAN_POINT('Ctrl Pts',(2.3481575773942,-3.63594805471074,-6.62817460173056));
#6169=CARTESIAN_POINT('Ctrl Pts',(2.02292747122047,-3.83090361181849,-6.21319558222652));
#6170=CARTESIAN_POINT('Ctrl Pts',(1.89709855155539,-3.88048363541097,-5.95510249918559));
#6171=CARTESIAN_POINT('',(1.90733431422084,-5.,-5.95185482129695));
#6172=CARTESIAN_POINT('Ctrl Pts',(1.89693298506742,-3.88045657494662,-5.95517802002284));
#6173=CARTESIAN_POINT('Ctrl Pts',(1.96477493224205,-3.98494453620104,-5.93356798134154));
#6174=CARTESIAN_POINT('Ctrl Pts',(2.01230480574298,-4.10243729219004,-5.91725261943992));
#6175=CARTESIAN_POINT('Ctrl Pts',(2.06512438751899,-4.35451520339337,-5.89903158727086));
#6176=CARTESIAN_POINT('Ctrl Pts',(2.06821554761898,-4.48767368975106,-5.89792046386317));
#6177=CARTESIAN_POINT('Ctrl Pts',(2.0366397814771,-4.68563328683503,-5.90886877478703));
#6178=CARTESIAN_POINT('Ctrl Pts',(2.01933210716906,-4.75231092412987,-5.91484713269908));
#6179=CARTESIAN_POINT('Ctrl Pts',(1.97226953807179,-4.88073167976548,-5.9307054636692));
#6180=CARTESIAN_POINT('Ctrl Pts',(1.94267855943749,-4.94216193447626,-5.94052838714557));
#6181=CARTESIAN_POINT('Ctrl Pts',(1.90733431422084,-5.,-5.95185482129695));
#6182=CARTESIAN_POINT('',(2.1217283855358,-5.,-6.58164880337103));
#6183=CARTESIAN_POINT('Ctrl Pts',(1.90733431422084,-5.,-5.95185482129695));
#6184=CARTESIAN_POINT('Ctrl Pts',(1.92195674501306,-5.,-5.99585744637235));
#6185=CARTESIAN_POINT('Ctrl Pts',(1.93661690509107,-5.,-6.03932495258858));
#6186=CARTESIAN_POINT('Ctrl Pts',(1.98923397018079,-5.,-6.19361296552687));
#6187=CARTESIAN_POINT('Ctrl Pts',(2.02525870948355,-5.,-6.29623157379516));
#6188=CARTESIAN_POINT('Ctrl Pts',(2.0792024406237,-5.,-6.4531297237523));
#6189=CARTESIAN_POINT('Ctrl Pts',(2.10140211546472,-5.,-6.51859625998124));
#6190=CARTESIAN_POINT('Ctrl Pts',(2.1217283855358,-5.,-6.58164880337103));
#6191=CARTESIAN_POINT('Ctrl Pts',(2.12311388517432,-5.00022199768314,-6.58085045239825));
#6192=CARTESIAN_POINT('Ctrl Pts',(2.2274444255792,-4.94875088950368,-6.74759849945998));
#6193=CARTESIAN_POINT('Ctrl Pts',(2.34608937349287,-4.88061254809388,-6.89752569961473));
#6194=CARTESIAN_POINT('Ctrl Pts',(2.47659673411717,-4.7994380054612,-7.02601873747122));
#6195=CARTESIAN_POINT('Ctrl Pts',(2.1217283855358,-5.,-6.58164880337103));
#6196=CARTESIAN_POINT('Ctrl Pts',(2.17642560201712,-5.,-6.75132078959518));
#6197=CARTESIAN_POINT('Ctrl Pts',(2.23112281849844,-5.,-6.92099277581933));
#6198=CARTESIAN_POINT('Ctrl Pts',(2.28582003497977,-5.,-7.09066476204348));
#6199=CARTESIAN_POINT('Ctrl Pts',(2.18083782100505,-4.93309194893226,-6.56259367435475));
#6200=CARTESIAN_POINT('Ctrl Pts',(2.23705885259797,-4.93309194893226,-6.73177442807207));
#6201=CARTESIAN_POINT('Ctrl Pts',(2.29327988392416,-4.93309194893226,-6.90095518099299));
#6202=CARTESIAN_POINT('Ctrl Pts',(2.34950091551708,-4.93309194893226,-7.07013593471031));
#6203=CARTESIAN_POINT('Ctrl Pts',(2.23969054078776,-4.86618389786452,-6.54274220932728));
#6204=CARTESIAN_POINT('Ctrl Pts',(2.297428769388,-4.86618389786452,-6.71141120108285));
#6205=CARTESIAN_POINT('Ctrl Pts',(2.35516699771811,-4.86618389786452,-6.88008019204316));
#6206=CARTESIAN_POINT('Ctrl Pts',(2.41290522631835,-4.86618389786452,-7.04874918379873));
#6207=CARTESIAN_POINT('Ctrl Pts',(2.29826518612674,-4.79927584679678,-6.52210161275808));
#6208=CARTESIAN_POINT('Ctrl Pts',(2.35751344300733,-4.79927584679678,-6.69023849882614));
#6209=CARTESIAN_POINT('Ctrl Pts',(2.41676169988791,-4.79927584679678,-6.8583753848942));
#6210=CARTESIAN_POINT('Ctrl Pts',(2.4760099567685,-4.79927584679678,-7.02651227096226));
#6211=CARTESIAN_POINT('',(2.28582003497977,-5.,-7.09066476204347));
#6212=CARTESIAN_POINT('',(2.28582003497977,-5.,-7.09066476204348));
#6213=CARTESIAN_POINT('Ctrl Pts',(2.4760099567685,-4.79927584679678,-7.02651227096226));
#6214=CARTESIAN_POINT('Ctrl Pts',(2.41290522631835,-4.86618389786452,-7.04874918379873));
#6215=CARTESIAN_POINT('Ctrl Pts',(2.34950091551708,-4.93309194893226,-7.07013593471031));
#6216=CARTESIAN_POINT('Ctrl Pts',(2.28582003497977,-5.,-7.09066476204348));
#6217=CARTESIAN_POINT('Origin',(6.25,-5.,0.));
#6218=CARTESIAN_POINT('',(-1.90733431422084,-5.,-5.95185482129695));
#6219=CARTESIAN_POINT('Origin',(0.,-5.,0.));
#6220=CARTESIAN_POINT('',(-2.12172838553579,-5.,-6.581648803371));
#6221=CARTESIAN_POINT('Ctrl Pts',(-2.12172838553579,-5.,-6.581648803371));
#6222=CARTESIAN_POINT('Ctrl Pts',(-2.07316098819229,-5.,-6.43099165291395));
#6223=CARTESIAN_POINT('Ctrl Pts',(-2.02088226367091,-5.,-6.28587522129183));
#6224=CARTESIAN_POINT('Ctrl Pts',(-1.94055499168528,-5.,-6.05098778296741));
#6225=CARTESIAN_POINT('Ctrl Pts',(-1.92395662232907,-5.,-6.00187558747239));
#6226=CARTESIAN_POINT('Ctrl Pts',(-1.90733431422084,-5.,-5.95185482129695));
#6227=CARTESIAN_POINT('',(-2.28582003497976,-5.,-7.09066476204348));
#6228=CARTESIAN_POINT('',(-2.28582003497976,-5.,-7.09066476204348));
#6229=CARTESIAN_POINT('Origin',(0.,-5.,0.));
#6230=CARTESIAN_POINT('Origin',(0.,-3.,0.));
#6231=CARTESIAN_POINT('',(1.63524560873708,-3.00000014249235,-6.03228578559621));
#6232=CARTESIAN_POINT('Ctrl Pts',(1.89693298506742,-3.88045657494662,-5.95517802002285));
#6233=CARTESIAN_POINT('Ctrl Pts',(1.83305653972061,-3.78207615067478,-5.97552490734339));
#6234=CARTESIAN_POINT('Ctrl Pts',(1.77801116898788,-3.67353402983033,-5.99191950519501));
#6235=CARTESIAN_POINT('Ctrl Pts',(1.66848610775456,-3.37812243657025,-6.02358499829874));
#6236=CARTESIAN_POINT('Ctrl Pts',(1.63524560873708,-3.18262470833615,-6.03228578559621));
#6237=CARTESIAN_POINT('Ctrl Pts',(1.63524560873708,-3.00000014249235,-6.03228578559621));
#6238=CARTESIAN_POINT('',(4.20886895686478,-3.88045657494661,-4.62038116435646));
#6239=CARTESIAN_POINT('Ctrl Pts',(1.63524560873708,-3.00000014249235,-6.03228578559621));
#6240=CARTESIAN_POINT('Ctrl Pts',(1.63524560873708,-2.81737557664856,-6.03228578559621));
#6241=CARTESIAN_POINT('Ctrl Pts',(1.66848610775456,-2.62187784841446,-6.02358499829874));
#6242=CARTESIAN_POINT('Ctrl Pts',(1.8032818970339,-2.25830590946863,-5.98461332288699));
#6243=CARTESIAN_POINT('Ctrl Pts',(1.90467345159723,-2.09021299048013,-5.95395178856259));
#6244=CARTESIAN_POINT('Ctrl Pts',(2.12338094650869,-1.83182250818903,-5.87926126819042));
#6245=CARTESIAN_POINT('Ctrl Pts',(2.26713416274352,-1.70831591757512,-5.8260548239515));
#6246=CARTESIAN_POINT('Ctrl Pts',(2.50614781742104,-1.56080118608548,-5.72671392836383));
#6247=CARTESIAN_POINT('Ctrl Pts',(2.62942837403698,-1.50411238808274,-5.67170439577511));
#6248=CARTESIAN_POINT('Ctrl Pts',(2.88091010897207,-1.42999570875764,-5.54819621887694));
#6249=CARTESIAN_POINT('Ctrl Pts',(3.0090571246197,-1.41254931964972,-5.47959842396418));
#6250=CARTESIAN_POINT('Ctrl Pts',(3.24094287538029,-1.41254931964972,-5.34571912334131));
#6251=CARTESIAN_POINT('Ctrl Pts',(3.36442381624215,-1.42999570875764,-5.26903944982768));
#6252=CARTESIAN_POINT('Ctrl Pts',(3.59712590247862,-1.50411238808275,-5.1130039672352));
#6253=CARTESIAN_POINT('Ctrl Pts',(3.70640583345872,-1.56080118608548,-5.03374463970747));
#6254=CARTESIAN_POINT('Ctrl Pts',(3.91194440001111,-1.70831591757512,-4.8764231906992));
#6255=CARTESIAN_POINT('Ctrl Pts',(4.02989914048446,-1.83182250818903,-4.77853247568359));
#6256=CARTESIAN_POINT('Ctrl Pts',(4.20393677600438,-2.09021299048013,-4.62647148927829));
#6257=CARTESIAN_POINT('Ctrl Pts',(4.28118622092998,-2.25830590946863,-4.55399459445946));
#6258=CARTESIAN_POINT('Ctrl Pts',(4.38233457650426,-2.62187784841446,-4.45674385432624));
#6259=CARTESIAN_POINT('Ctrl Pts',(4.40648992884554,-2.81737557664856,-4.43230713139137));
#6260=CARTESIAN_POINT('Ctrl Pts',(4.40648992884554,-3.18262470833615,-4.43230713139137));
#6261=CARTESIAN_POINT('Ctrl Pts',(4.38233457650426,-3.37812243657025,-4.45674385432624));
#6262=CARTESIAN_POINT('Ctrl Pts',(4.30014892443641,-3.67353402983032,-4.53576259315348));
#6263=CARTESIAN_POINT('Ctrl Pts',(4.25842810084572,-3.78207615067478,-4.57523598364295));
#6264=CARTESIAN_POINT('Ctrl Pts',(4.20886895686478,-3.88045657494661,-4.62038116435646));
#6265=CARTESIAN_POINT('',(4.20079031776962,-5.,-4.62772738027349));
#6266=CARTESIAN_POINT('Ctrl Pts',(4.20079031776962,-5.,-4.62772738027349));
#6267=CARTESIAN_POINT('Ctrl Pts',(4.1475158693245,-4.88787600277867,-4.67608692456445));
#6268=CARTESIAN_POINT('Ctrl Pts',(4.11025105139654,-4.76276513346022,-4.70838748201606));
#6269=CARTESIAN_POINT('Ctrl Pts',(4.07385710088894,-4.49994271229367,-4.73991256446955));
#6270=CARTESIAN_POINT('Ctrl Pts',(4.07529284028979,-4.36452303718593,-4.73869919569059));
#6271=CARTESIAN_POINT('Ctrl Pts',(4.11677750904652,-4.10732045761356,-4.70269817923788));
#6272=CARTESIAN_POINT('Ctrl Pts',(4.15513686556727,-3.9871207647255,-4.66932763067706));
#6273=CARTESIAN_POINT('Ctrl Pts',(4.20886895686478,-3.88045657494661,-4.62038116435646));
#6274=CARTESIAN_POINT('',(6.10812463199047,-5.,-1.32412744102345));
#6275=CARTESIAN_POINT('Origin',(0.,-5.,0.));
#6276=CARTESIAN_POINT('',(6.10580194193221,-3.88045657494662,-1.33479685566639));
#6277=CARTESIAN_POINT('Ctrl Pts',(6.10580194193221,-3.88045657494662,-1.33479685566639));
#6278=CARTESIAN_POINT('Ctrl Pts',(6.12100807304467,-3.98494453620051,-1.26523898663066));
#6279=CARTESIAN_POINT('Ctrl Pts',(6.13064349191637,-4.10243729218885,-1.21591922778952));
#6280=CARTESIAN_POINT('Ctrl Pts',(6.14127340606285,-4.35451520339081,-1.1610656120695));
#6281=CARTESIAN_POINT('Ctrl Pts',(6.1418567250151,-4.48767368974782,-1.15783302719156));
#6282=CARTESIAN_POINT('Ctrl Pts',(6.1355503573329,-4.68563328683185,-1.19065259827557));
#6283=CARTESIAN_POINT('Ctrl Pts',(6.13207393000364,-4.75231092412734,-1.20863066286276));
#6284=CARTESIAN_POINT('Ctrl Pts',(6.12227636293671,-4.88073167976427,-1.25731720875362));
#6285=CARTESIAN_POINT('Ctrl Pts',(6.11598777488949,-4.94216193447569,-1.2878552097122));
#6286=CARTESIAN_POINT('Ctrl Pts',(6.10812463199047,-5.,-1.32412744102345));
#6287=CARTESIAN_POINT('',(6.04173553758263,-3.00000014249235,-1.59997865420484));
#6288=CARTESIAN_POINT('Ctrl Pts',(6.10580194193221,-3.88045657494662,-1.33479685566639));
#6289=CARTESIAN_POINT('Ctrl Pts',(6.09148464056634,-3.78207615067478,-1.40028892370044));
#6290=CARTESIAN_POINT('Ctrl Pts',(6.0781600934243,-3.67353402983033,-1.45615691204153));
#6291=CARTESIAN_POINT('Ctrl Pts',(6.05082068425883,-3.37812243657024,-1.5668411439725));
#6292=CARTESIAN_POINT('Ctrl Pts',(6.04173553758263,-3.18262470833615,-1.59997865420484));
#6293=CARTESIAN_POINT('Ctrl Pts',(6.04173553758263,-3.00000014249235,-1.59997865420484));
#6294=CARTESIAN_POINT('',(6.10580194193221,-3.88045657494661,1.33479685566639));
#6295=CARTESIAN_POINT('Ctrl Pts',(6.04173553758263,-3.00000014249235,-1.59997865420484));
#6296=CARTESIAN_POINT('Ctrl Pts',(6.04173553758263,-2.81737557664856,-1.59997865420484));
#6297=CARTESIAN_POINT('Ctrl Pts',(6.05082068425883,-2.62187784841446,-1.5668411439725));
#6298=CARTESIAN_POINT('Ctrl Pts',(6.08446811796389,-2.25830590946863,-1.43061872842754));
#6299=CARTESIAN_POINT('Ctrl Pts',(6.10861022760162,-2.09021299048013,-1.3274802992843));
#6300=CARTESIAN_POINT('Ctrl Pts',(6.15328008699316,-1.83182250818903,-1.10072879250683));
#6301=CARTESIAN_POINT('Ctrl Pts',(6.17907856275463,-1.70831591757512,-0.949631633252296));
#6302=CARTESIAN_POINT('Ctrl Pts',(6.21255365087978,-1.56080118608548,-0.692969288656362));
#6303=CARTESIAN_POINT('Ctrl Pts',(6.22655427651561,-1.50411238808275,-0.558700428539917));
#6304=CARTESIAN_POINT('Ctrl Pts',(6.24533392521423,-1.42999570875764,-0.279156769049257));
#6305=CARTESIAN_POINT('Ctrl Pts',(6.25,-1.41254931964972,-0.133879300622863));
#6306=CARTESIAN_POINT('Ctrl Pts',(6.25,-1.41254931964972,0.133879300622863));
#6307=CARTESIAN_POINT('Ctrl Pts',(6.24533392521423,-1.42999570875764,0.279156769049257));
#6308=CARTESIAN_POINT('Ctrl Pts',(6.22655427651561,-1.50411238808275,0.558700428539917));
#6309=CARTESIAN_POINT('Ctrl Pts',(6.21255365087978,-1.56080118608548,0.692969288656362));
#6310=CARTESIAN_POINT('Ctrl Pts',(6.17907856275463,-1.70831591757512,0.949631633252296));
#6311=CARTESIAN_POINT('Ctrl Pts',(6.15328008699316,-1.83182250818903,1.10072879250683));
#6312=CARTESIAN_POINT('Ctrl Pts',(6.10861022760162,-2.09021299048013,1.3274802992843));
#6313=CARTESIAN_POINT('Ctrl Pts',(6.08446811796389,-2.25830590946863,1.43061872842754));
#6314=CARTESIAN_POINT('Ctrl Pts',(6.05082068425883,-2.62187784841446,1.5668411439725));
#6315=CARTESIAN_POINT('Ctrl Pts',(6.04173553758263,-2.81737557664856,1.59997865420484));
#6316=CARTESIAN_POINT('Ctrl Pts',(6.04173553758263,-3.18262470833615,1.59997865420484));
#6317=CARTESIAN_POINT('Ctrl Pts',(6.05082068425883,-3.37812243657025,1.5668411439725));
#6318=CARTESIAN_POINT('Ctrl Pts',(6.0781600934243,-3.67353402983033,1.45615691204153));
#6319=CARTESIAN_POINT('Ctrl Pts',(6.09148464056634,-3.78207615067478,1.40028892370044));
#6320=CARTESIAN_POINT('Ctrl Pts',(6.10580194193221,-3.88045657494661,1.33479685566639));
#6321=CARTESIAN_POINT('',(6.10812463199047,-5.,1.32412744102346));
#6322=CARTESIAN_POINT('Ctrl Pts',(6.10812463147623,-5.00000000378254,1.32412744339562));
#6323=CARTESIAN_POINT('Ctrl Pts',(6.12336956617945,-4.88786449594745,1.25380342614903));
#6324=CARTESIAN_POINT('Ctrl Pts',(6.13271061070562,-4.76273967065861,1.20537828944893));
#6325=CARTESIAN_POINT('Ctrl Pts',(6.14181360969808,-4.49990214543948,1.15810540603211));
#6326=CARTESIAN_POINT('Ctrl Pts',(6.14147972912181,-4.36448249580717,1.15996070150477));
#6327=CARTESIAN_POINT('Ctrl Pts',(6.13104279332317,-4.10729534107917,1.21389522122591));
#6328=CARTESIAN_POINT('Ctrl Pts',(6.12132315221002,-3.98710958261353,1.26379771040088));
#6329=CARTESIAN_POINT('Ctrl Pts',(6.10580194193221,-3.88045657494661,1.33479685566639));
#6330=CARTESIAN_POINT('',(4.20079031776962,-5.,4.6277273802735));
#6331=CARTESIAN_POINT('Origin',(0.,-5.,0.));
#6332=CARTESIAN_POINT('',(4.20886895686479,-3.88045657494662,4.62038116435646));
#6333=CARTESIAN_POINT('Ctrl Pts',(4.20886895686478,-3.88045657494662,4.62038116435646));
#6334=CARTESIAN_POINT('Ctrl Pts',(4.15623314080887,-3.98494453618879,4.66832899470561));
#6335=CARTESIAN_POINT('Ctrl Pts',(4.11833868618231,-4.10243729216259,4.70133339164318));
#6336=CARTESIAN_POINT('Ctrl Pts',(4.07614901854669,-4.35451520335044,4.73796597519931));
#6337=CARTESIAN_POINT('Ctrl Pts',(4.07364117739471,-4.48767368970956,4.74008743667274));
#6338=CARTESIAN_POINT('Ctrl Pts',(4.09891057584925,-4.68563328680093,4.71821617651622));
#6339=CARTESIAN_POINT('Ctrl Pts',(4.11274182282739,-4.75231092410093,4.70621646984165));
#6340=CARTESIAN_POINT('Ctrl Pts',(4.150006824859,-4.88073167975019,4.67338825492013));
#6341=CARTESIAN_POINT('Ctrl Pts',(4.17330921544849,-4.94216193446906,4.65267317743613));
#6342=CARTESIAN_POINT('Ctrl Pts',(4.20079031776962,-5.,4.6277273802735));
#6343=CARTESIAN_POINT('',(4.40648992884554,-3.00000014249235,4.43230713139137));
#6344=CARTESIAN_POINT('Ctrl Pts',(4.20886895686479,-3.88045657494662,4.62038116435646));
#6345=CARTESIAN_POINT('Ctrl Pts',(4.25842810084572,-3.78207615067478,4.57523598364295));
#6346=CARTESIAN_POINT('Ctrl Pts',(4.30014892443641,-3.67353402983033,4.53576259315348));
#6347=CARTESIAN_POINT('Ctrl Pts',(4.38233457650427,-3.37812243657025,4.45674385432624));
#6348=CARTESIAN_POINT('Ctrl Pts',(4.40648992884554,-3.18262470833615,4.43230713139137));
#6349=CARTESIAN_POINT('Ctrl Pts',(4.40648992884554,-3.00000014249235,4.43230713139137));
#6350=CARTESIAN_POINT('',(1.89693298506742,-3.88045657494661,5.95517802002284));
#6351=CARTESIAN_POINT('Ctrl Pts',(4.40648992884554,-3.00000014249235,4.43230713139137));
#6352=CARTESIAN_POINT('Ctrl Pts',(4.40648992884554,-2.81737557664856,4.43230713139137));
#6353=CARTESIAN_POINT('Ctrl Pts',(4.38233457650427,-2.62187784841446,4.45674385432624));
#6354=CARTESIAN_POINT('Ctrl Pts',(4.28118622092998,-2.25830590946863,4.55399459445945));
#6355=CARTESIAN_POINT('Ctrl Pts',(4.20393677600438,-2.09021299048013,4.62647148927829));
#6356=CARTESIAN_POINT('Ctrl Pts',(4.02989914048447,-1.83182250818903,4.77853247568358));
#6357=CARTESIAN_POINT('Ctrl Pts',(3.91194440001111,-1.70831591757512,4.8764231906992));
#6358=CARTESIAN_POINT('Ctrl Pts',(3.70640583345873,-1.56080118608548,5.03374463970747));
#6359=CARTESIAN_POINT('Ctrl Pts',(3.59712590247863,-1.50411238808275,5.1130039672352));
#6360=CARTESIAN_POINT('Ctrl Pts',(3.36442381624216,-1.42999570875764,5.26903944982768));
#6361=CARTESIAN_POINT('Ctrl Pts',(3.24094287538029,-1.41254931964972,5.34571912334131));
#6362=CARTESIAN_POINT('Ctrl Pts',(3.00905712461971,-1.41254931964972,5.47959842396417));
#6363=CARTESIAN_POINT('Ctrl Pts',(2.88091010897208,-1.42999570875764,5.54819621887694));
#6364=CARTESIAN_POINT('Ctrl Pts',(2.62942837403699,-1.50411238808275,5.67170439577511));
#6365=CARTESIAN_POINT('Ctrl Pts',(2.50614781742105,-1.56080118608548,5.72671392836383));
#6366=CARTESIAN_POINT('Ctrl Pts',(2.26713416274352,-1.70831591757512,5.8260548239515));
#6367=CARTESIAN_POINT('Ctrl Pts',(2.1233809465087,-1.83182250818903,5.87926126819041));
#6368=CARTESIAN_POINT('Ctrl Pts',(1.90467345159723,-2.09021299048013,5.95395178856259));
#6369=CARTESIAN_POINT('Ctrl Pts',(1.80328189703391,-2.25830590946863,5.98461332288699));
#6370=CARTESIAN_POINT('Ctrl Pts',(1.66848610775456,-2.62187784841446,6.02358499829874));
#6371=CARTESIAN_POINT('Ctrl Pts',(1.63524560873709,-2.81737557664856,6.03228578559621));
#6372=CARTESIAN_POINT('Ctrl Pts',(1.63524560873709,-3.18262470833615,6.03228578559621));
#6373=CARTESIAN_POINT('Ctrl Pts',(1.66848610775456,-3.37812243657025,6.02358499829874));
#6374=CARTESIAN_POINT('Ctrl Pts',(1.77801116898789,-3.67353402983033,5.99191950519501));
#6375=CARTESIAN_POINT('Ctrl Pts',(1.83305653972062,-3.78207615067478,5.97552490734339));
#6376=CARTESIAN_POINT('Ctrl Pts',(1.89693298506742,-3.88045657494661,5.95517802002284));
#6377=CARTESIAN_POINT('',(1.90733431422084,-5.,5.95185482129695));
#6378=CARTESIAN_POINT('Ctrl Pts',(1.90733431422084,-5.,5.95185482129695));
#6379=CARTESIAN_POINT('Ctrl Pts',(1.9758521323169,-4.88787600277523,5.92989756771567));
#6380=CARTESIAN_POINT('Ctrl Pts',(2.02245764459112,-4.76276513345258,5.91377556744815));
#6381=CARTESIAN_POINT('Ctrl Pts',(2.06795614210495,-4.49994271227474,5.8980200229916));
#6382=CARTESIAN_POINT('Ctrl Pts',(2.06618746421497,-4.36452303715991,5.89865672539756));
#6383=CARTESIAN_POINT('Ctrl Pts',(2.01426733501948,-4.10732045759322,5.91658299418447));
#6384=CARTESIAN_POINT('Ctrl Pts',(1.96618791396942,-3.98712076471645,5.93311789712291));
#6385=CARTESIAN_POINT('Ctrl Pts',(1.89693298506742,-3.88045657494661,5.95517802002284));
#6386=CARTESIAN_POINT('',(-1.90733431422085,-5.,5.95185482129695));
#6387=CARTESIAN_POINT('Origin',(0.,-5.,0.));
#6388=CARTESIAN_POINT('',(-1.89693298506742,-3.88045657494662,5.95517802002284));
#6389=CARTESIAN_POINT('Ctrl Pts',(-1.89693298506742,-3.88045657494662,5.95517802002284));
#6390=CARTESIAN_POINT('Ctrl Pts',(-1.96477493224205,-3.98494453620104,5.93356798134154));
#6391=CARTESIAN_POINT('Ctrl Pts',(-2.01230480574298,-4.10243729219003,5.91725261943991));
#6392=CARTESIAN_POINT('Ctrl Pts',(-2.065124387519,-4.35451520339337,5.89903158727086));
#6393=CARTESIAN_POINT('Ctrl Pts',(-2.06821554761898,-4.48767368975106,5.89792046386317));
#6394=CARTESIAN_POINT('Ctrl Pts',(-2.0366397814771,-4.68563328683503,5.90886877478703));
#6395=CARTESIAN_POINT('Ctrl Pts',(-2.01933210716906,-4.75231092412987,5.91484713269908));
#6396=CARTESIAN_POINT('Ctrl Pts',(-1.97226953807179,-4.88073167976548,5.9307054636692));
#6397=CARTESIAN_POINT('Ctrl Pts',(-1.9426785594375,-4.94216193447627,5.94052838714557));
#6398=CARTESIAN_POINT('Ctrl Pts',(-1.90733431422085,-5.,5.95185482129694));
#6399=CARTESIAN_POINT('',(-1.63524560873709,-3.00000014249235,6.03228578559621));
#6400=CARTESIAN_POINT('Ctrl Pts',(-1.89693298506742,-3.88045657494662,5.95517802002284));
#6401=CARTESIAN_POINT('Ctrl Pts',(-1.83305653972062,-3.78207615067478,5.97552490734339));
#6402=CARTESIAN_POINT('Ctrl Pts',(-1.77801116898789,-3.67353402983033,5.99191950519501));
#6403=CARTESIAN_POINT('Ctrl Pts',(-1.66848610775456,-3.37812243657025,6.02358499829874));
#6404=CARTESIAN_POINT('Ctrl Pts',(-1.63524560873709,-3.18262470833615,6.03228578559621));
#6405=CARTESIAN_POINT('Ctrl Pts',(-1.63524560873709,-3.00000014249235,6.03228578559621));
#6406=CARTESIAN_POINT('',(-4.20886895686479,-3.88045657494661,4.62038116435646));
#6407=CARTESIAN_POINT('Ctrl Pts',(-1.63524560873709,-3.00000014249235,6.03228578559621));
#6408=CARTESIAN_POINT('Ctrl Pts',(-1.63524560873709,-2.81737557664856,6.03228578559621));
#6409=CARTESIAN_POINT('Ctrl Pts',(-1.66848610775456,-2.62187784841446,6.02358499829874));
#6410=CARTESIAN_POINT('Ctrl Pts',(-1.80328189703391,-2.25830590946863,5.98461332288699));
#6411=CARTESIAN_POINT('Ctrl Pts',(-1.90467345159723,-2.09021299048013,5.95395178856259));
#6412=CARTESIAN_POINT('Ctrl Pts',(-2.12338094650869,-1.83182250818903,5.87926126819041));
#6413=CARTESIAN_POINT('Ctrl Pts',(-2.26713416274352,-1.70831591757512,5.8260548239515));
#6414=CARTESIAN_POINT('Ctrl Pts',(-2.50614781742104,-1.56080118608548,5.72671392836383));
#6415=CARTESIAN_POINT('Ctrl Pts',(-2.62942837403698,-1.50411238808275,5.67170439577511));
#6416=CARTESIAN_POINT('Ctrl Pts',(-2.88091010897207,-1.42999570875764,5.54819621887694));
#6417=CARTESIAN_POINT('Ctrl Pts',(-3.00905712461971,-1.41254931964972,5.47959842396417));
#6418=CARTESIAN_POINT('Ctrl Pts',(-3.24094287538029,-1.41254931964972,5.34571912334131));
#6419=CARTESIAN_POINT('Ctrl Pts',(-3.36442381624216,-1.42999570875764,5.26903944982768));
#6420=CARTESIAN_POINT('Ctrl Pts',(-3.59712590247862,-1.50411238808275,5.1130039672352));
#6421=CARTESIAN_POINT('Ctrl Pts',(-3.70640583345873,-1.56080118608548,5.03374463970747));
#6422=CARTESIAN_POINT('Ctrl Pts',(-3.91194440001111,-1.70831591757512,4.8764231906992));
#6423=CARTESIAN_POINT('Ctrl Pts',(-4.02989914048446,-1.83182250818902,4.77853247568359));
#6424=CARTESIAN_POINT('Ctrl Pts',(-4.20393677600438,-2.09021299048012,4.62647148927829));
#6425=CARTESIAN_POINT('Ctrl Pts',(-4.28118622092998,-2.25830590946862,4.55399459445945));
#6426=CARTESIAN_POINT('Ctrl Pts',(-4.38233457650427,-2.62187784841446,4.45674385432624));
#6427=CARTESIAN_POINT('Ctrl Pts',(-4.40648992884554,-2.81737557664856,4.43230713139137));
#6428=CARTESIAN_POINT('Ctrl Pts',(-4.40648992884554,-3.18262470833615,4.43230713139137));
#6429=CARTESIAN_POINT('Ctrl Pts',(-4.38233457650427,-3.37812243657025,4.45674385432624));
#6430=CARTESIAN_POINT('Ctrl Pts',(-4.30014892443641,-3.67353402983033,4.53576259315348));
#6431=CARTESIAN_POINT('Ctrl Pts',(-4.25842810084572,-3.78207615067478,4.57523598364295));
#6432=CARTESIAN_POINT('Ctrl Pts',(-4.20886895686479,-3.88045657494661,4.62038116435646));
#6433=CARTESIAN_POINT('',(-4.20079031776963,-5.,4.62772738027349));
#6434=CARTESIAN_POINT('Ctrl Pts',(-4.20079031776963,-5.,4.62772738027349));
#6435=CARTESIAN_POINT('Ctrl Pts',(-4.14751586932451,-4.88787600277867,4.67608692456444));
#6436=CARTESIAN_POINT('Ctrl Pts',(-4.11025105139654,-4.76276513346022,4.70838748201606));
#6437=CARTESIAN_POINT('Ctrl Pts',(-4.07385710088894,-4.49994271229367,4.73991256446954));
#6438=CARTESIAN_POINT('Ctrl Pts',(-4.07529284028979,-4.36452303718593,4.73869919569059));
#6439=CARTESIAN_POINT('Ctrl Pts',(-4.11677750904652,-4.10732045761356,4.70269817923788));
#6440=CARTESIAN_POINT('Ctrl Pts',(-4.15513686556728,-3.98712076472551,4.66932763067706));
#6441=CARTESIAN_POINT('Ctrl Pts',(-4.20886895686479,-3.88045657494661,4.62038116435646));
#6442=CARTESIAN_POINT('',(-6.10812463199047,-5.,1.32412744102345));
#6443=CARTESIAN_POINT('Origin',(0.,-5.,0.));
#6444=CARTESIAN_POINT('',(-6.10580194193221,-3.88045657494662,1.33479685566639));
#6445=CARTESIAN_POINT('Ctrl Pts',(-6.10580194193221,-3.88045657494662,1.33479685566639));
#6446=CARTESIAN_POINT('Ctrl Pts',(-6.12100807304467,-3.98494453620051,1.26523898663066));
#6447=CARTESIAN_POINT('Ctrl Pts',(-6.13064349191637,-4.10243729218884,1.21591922778952));
#6448=CARTESIAN_POINT('Ctrl Pts',(-6.14127340606284,-4.35451520339081,1.16106561206951));
#6449=CARTESIAN_POINT('Ctrl Pts',(-6.1418567250151,-4.48767368974782,1.15783302719156));
#6450=CARTESIAN_POINT('Ctrl Pts',(-6.1355503573329,-4.68563328683186,1.19065259827557));
#6451=CARTESIAN_POINT('Ctrl Pts',(-6.13207393000364,-4.75231092412734,1.20863066286276));
#6452=CARTESIAN_POINT('Ctrl Pts',(-6.12227636293672,-4.88073167976427,1.25731720875362));
#6453=CARTESIAN_POINT('Ctrl Pts',(-6.11598777488949,-4.94216193447569,1.2878552097122));
#6454=CARTESIAN_POINT('Ctrl Pts',(-6.10812463199047,-5.,1.32412744102345));
#6455=CARTESIAN_POINT('',(-6.04173553758263,-3.00000014249235,1.59997865420484));
#6456=CARTESIAN_POINT('Ctrl Pts',(-6.10580194193221,-3.88045657494662,1.33479685566639));
#6457=CARTESIAN_POINT('Ctrl Pts',(-6.09148464056634,-3.78207615067478,1.40028892370044));
#6458=CARTESIAN_POINT('Ctrl Pts',(-6.0781600934243,-3.67353402983033,1.45615691204153));
#6459=CARTESIAN_POINT('Ctrl Pts',(-6.05082068425883,-3.37812243657024,1.5668411439725));
#6460=CARTESIAN_POINT('Ctrl Pts',(-6.04173553758263,-3.18262470833615,1.59997865420484));
#6461=CARTESIAN_POINT('Ctrl Pts',(-6.04173553758263,-3.00000014249235,1.59997865420484));
#6462=CARTESIAN_POINT('',(-6.25,-1.41254931964972,-3.57574295381863E-17));
#6463=CARTESIAN_POINT('Ctrl Pts',(-6.04173553758263,-3.00000014249235,1.59997865420484));
#6464=CARTESIAN_POINT('Ctrl Pts',(-6.04173553758263,-2.81737557664856,1.59997865420484));
#6465=CARTESIAN_POINT('Ctrl Pts',(-6.05082068425883,-2.62187784841446,1.5668411439725));
#6466=CARTESIAN_POINT('Ctrl Pts',(-6.08446811796389,-2.25830590946863,1.43061872842754));
#6467=CARTESIAN_POINT('Ctrl Pts',(-6.10861022760162,-2.09021299048013,1.3274802992843));
#6468=CARTESIAN_POINT('Ctrl Pts',(-6.15328008699316,-1.83182250818903,1.10072879250683));
#6469=CARTESIAN_POINT('Ctrl Pts',(-6.17907856275463,-1.70831591757512,0.949631633252298));
#6470=CARTESIAN_POINT('Ctrl Pts',(-6.21255365087978,-1.56080118608548,0.692969288656364));
#6471=CARTESIAN_POINT('Ctrl Pts',(-6.22655427651561,-1.50411238808275,0.558700428539919));
#6472=CARTESIAN_POINT('Ctrl Pts',(-6.24533392521423,-1.42999570875764,0.279156769049258));
#6473=CARTESIAN_POINT('Ctrl Pts',(-6.25,-1.41254931964972,0.133879300622864));
#6474=CARTESIAN_POINT('Ctrl Pts',(-6.25,-1.41254931964972,7.28583859910259E-16));
#6475=CARTESIAN_POINT('',(-6.25,-1.,-7.65404249467096E-16));
#6476=CARTESIAN_POINT('',(-6.25,-3.,-7.65404249467096E-16));
#6477=CARTESIAN_POINT('Origin',(0.,-1.,0.));
#6478=CARTESIAN_POINT('',(-6.10580194193221,-3.88045657494661,-1.33479685566639));
#6479=CARTESIAN_POINT('Ctrl Pts',(-6.25,-1.41254931964972,6.93889390390723E-16));
#6480=CARTESIAN_POINT('Ctrl Pts',(-6.25,-1.41254931964972,-0.133879300622862));
#6481=CARTESIAN_POINT('Ctrl Pts',(-6.24533392521423,-1.42999570875764,-0.279156769049256));
#6482=CARTESIAN_POINT('Ctrl Pts',(-6.22655427651561,-1.50411238808274,-0.558700428539915));
#6483=CARTESIAN_POINT('Ctrl Pts',(-6.21255365087978,-1.56080118608548,-0.69296928865636));
#6484=CARTESIAN_POINT('Ctrl Pts',(-6.17907856275463,-1.70831591757512,-0.949631633252294));
#6485=CARTESIAN_POINT('Ctrl Pts',(-6.15328008699316,-1.83182250818903,-1.10072879250683));
#6486=CARTESIAN_POINT('Ctrl Pts',(-6.10861022760162,-2.09021299048012,-1.3274802992843));
#6487=CARTESIAN_POINT('Ctrl Pts',(-6.08446811796389,-2.25830590946863,-1.43061872842753));
#6488=CARTESIAN_POINT('Ctrl Pts',(-6.05082068425883,-2.62187784841446,-1.56684114397249));
#6489=CARTESIAN_POINT('Ctrl Pts',(-6.04173553758263,-2.81737557664856,-1.59997865420484));
#6490=CARTESIAN_POINT('Ctrl Pts',(-6.04173553758263,-3.18262470833615,-1.59997865420484));
#6491=CARTESIAN_POINT('Ctrl Pts',(-6.05082068425883,-3.37812243657025,-1.56684114397249));
#6492=CARTESIAN_POINT('Ctrl Pts',(-6.0781600934243,-3.67353402983033,-1.45615691204152));
#6493=CARTESIAN_POINT('Ctrl Pts',(-6.09148464056634,-3.78207615067478,-1.40028892370044));
#6494=CARTESIAN_POINT('Ctrl Pts',(-6.10580194193221,-3.88045657494661,-1.33479685566639));
#6495=CARTESIAN_POINT('',(-6.10812463199047,-5.,-1.32412744102346));
#6496=CARTESIAN_POINT('Ctrl Pts',(-6.10812463199047,-5.,-1.32412744102346));
#6497=CARTESIAN_POINT('Ctrl Pts',(-6.1233680016398,-4.88787600277502,-1.25381064314961));
#6498=CARTESIAN_POINT('Ctrl Pts',(-6.13270869598543,-4.76276513345212,-1.20538808542995));
#6499=CARTESIAN_POINT('Ctrl Pts',(-6.14181324299251,-4.49994271227309,-1.15810745852065));
#6500=CARTESIAN_POINT('Ctrl Pts',(-6.14148030450569,-4.36452303715733,-1.15995752970775));
#6501=CARTESIAN_POINT('Ctrl Pts',(-6.13104484407233,-4.10732045759107,-1.21388481495307));
#6502=CARTESIAN_POINT('Ctrl Pts',(-6.12132477954112,-3.98712076471549,-1.26379026645064));
#6503=CARTESIAN_POINT('Ctrl Pts',(-6.10580194193221,-3.88045657494661,-1.33479685566639));
#6504=CARTESIAN_POINT('',(-4.20079031776962,-5.,-4.62772738027349));
#6505=CARTESIAN_POINT('Origin',(0.,-5.,0.));
#6506=CARTESIAN_POINT('',(-4.20886895686479,-3.88045657494662,-4.62038116435646));
#6507=CARTESIAN_POINT('Ctrl Pts',(-4.20886895686479,-3.88045657494662,-4.62038116435646));
#6508=CARTESIAN_POINT('Ctrl Pts',(-4.15623314080887,-3.98494453618879,-4.66832899470561));
#6509=CARTESIAN_POINT('Ctrl Pts',(-4.11833868618231,-4.10243729216258,-4.70133339164317));
#6510=CARTESIAN_POINT('Ctrl Pts',(-4.07614901854669,-4.35451520335044,-4.7379659751993));
#6511=CARTESIAN_POINT('Ctrl Pts',(-4.07364117739472,-4.48767368970956,-4.74008743667274));
#6512=CARTESIAN_POINT('Ctrl Pts',(-4.09891057584926,-4.68563328680094,-4.71821617651622));
#6513=CARTESIAN_POINT('Ctrl Pts',(-4.11274182282739,-4.75231092410094,-4.70621646984165));
#6514=CARTESIAN_POINT('Ctrl Pts',(-4.150006824859,-4.88073167975019,-4.67338825492013));
#6515=CARTESIAN_POINT('Ctrl Pts',(-4.17330921544849,-4.94216193446906,-4.65267317743612));
#6516=CARTESIAN_POINT('Ctrl Pts',(-4.20079031776962,-5.,-4.62772738027349));
#6517=CARTESIAN_POINT('',(-4.40648992884555,-3.00000014249235,-4.43230713139137));
#6518=CARTESIAN_POINT('Ctrl Pts',(-4.20886895686479,-3.88045657494662,-4.62038116435646));
#6519=CARTESIAN_POINT('Ctrl Pts',(-4.25842810084572,-3.78207615067478,-4.57523598364295));
#6520=CARTESIAN_POINT('Ctrl Pts',(-4.30014892443642,-3.67353402983033,-4.53576259315348));
#6521=CARTESIAN_POINT('Ctrl Pts',(-4.38233457650427,-3.37812243657025,-4.45674385432624));
#6522=CARTESIAN_POINT('Ctrl Pts',(-4.40648992884555,-3.18262470833615,-4.43230713139137));
#6523=CARTESIAN_POINT('Ctrl Pts',(-4.40648992884555,-3.00000014249235,-4.43230713139137));
#6524=CARTESIAN_POINT('',(-1.89693298506742,-3.88045657494661,-5.95517802002284));
#6525=CARTESIAN_POINT('Ctrl Pts',(-4.40648992884555,-3.00000014249235,-4.43230713139137));
#6526=CARTESIAN_POINT('Ctrl Pts',(-4.40648992884555,-2.81737557664856,-4.43230713139137));
#6527=CARTESIAN_POINT('Ctrl Pts',(-4.38233457650427,-2.62187784841446,-4.45674385432624));
#6528=CARTESIAN_POINT('Ctrl Pts',(-4.28118622092998,-2.25830590946863,-4.55399459445945));
#6529=CARTESIAN_POINT('Ctrl Pts',(-4.20393677600439,-2.09021299048013,-4.62647148927829));
#6530=CARTESIAN_POINT('Ctrl Pts',(-4.02989914048447,-1.83182250818903,-4.77853247568358));
#6531=CARTESIAN_POINT('Ctrl Pts',(-3.91194440001112,-1.70831591757512,-4.8764231906992));
#6532=CARTESIAN_POINT('Ctrl Pts',(-3.70640583345873,-1.56080118608548,-5.03374463970746));
#6533=CARTESIAN_POINT('Ctrl Pts',(-3.59712590247863,-1.50411238808275,-5.11300396723519));
#6534=CARTESIAN_POINT('Ctrl Pts',(-3.36442381624216,-1.42999570875764,-5.26903944982768));
#6535=CARTESIAN_POINT('Ctrl Pts',(-3.2409428753803,-1.41254931964972,-5.34571912334131));
#6536=CARTESIAN_POINT('Ctrl Pts',(-3.00905712461971,-1.41254931964972,-5.47959842396417));
#6537=CARTESIAN_POINT('Ctrl Pts',(-2.88091010897208,-1.42999570875764,-5.54819621887694));
#6538=CARTESIAN_POINT('Ctrl Pts',(-2.62942837403699,-1.50411238808274,-5.67170439577511));
#6539=CARTESIAN_POINT('Ctrl Pts',(-2.50614781742105,-1.56080118608548,-5.72671392836383));
#6540=CARTESIAN_POINT('Ctrl Pts',(-2.26713416274352,-1.70831591757512,-5.82605482395149));
#6541=CARTESIAN_POINT('Ctrl Pts',(-2.1233809465087,-1.83182250818903,-5.87926126819041));
#6542=CARTESIAN_POINT('Ctrl Pts',(-1.90467345159724,-2.09021299048013,-5.95395178856259));
#6543=CARTESIAN_POINT('Ctrl Pts',(-1.80328189703391,-2.25830590946863,-5.98461332288699));
#6544=CARTESIAN_POINT('Ctrl Pts',(-1.66848610775457,-2.62187784841446,-6.02358499829873));
#6545=CARTESIAN_POINT('Ctrl Pts',(-1.63524560873709,-2.81737557664856,-6.03228578559621));
#6546=CARTESIAN_POINT('Ctrl Pts',(-1.63524560873709,-3.18262470833615,-6.03228578559621));
#6547=CARTESIAN_POINT('Ctrl Pts',(-1.66848610775457,-3.37812243657025,-6.02358499829873));
#6548=CARTESIAN_POINT('Ctrl Pts',(-1.77801116898789,-3.67353402983033,-5.99191950519501));
#6549=CARTESIAN_POINT('Ctrl Pts',(-1.83305653972062,-3.78207615067478,-5.97552490734339));
#6550=CARTESIAN_POINT('Ctrl Pts',(-1.89693298506742,-3.88045657494661,-5.95517802002284));
#6551=CARTESIAN_POINT('Ctrl Pts',(-1.90733431422084,-5.,-5.95185482129695));
#6552=CARTESIAN_POINT('Ctrl Pts',(-1.9758521323169,-4.88787600277523,-5.92989756771567));
#6553=CARTESIAN_POINT('Ctrl Pts',(-2.02245764459112,-4.76276513345258,-5.91377556744815));
#6554=CARTESIAN_POINT('Ctrl Pts',(-2.06795614210495,-4.49994271227473,-5.8980200229916));
#6555=CARTESIAN_POINT('Ctrl Pts',(-2.06618746421497,-4.36452303715991,-5.89865672539756));
#6556=CARTESIAN_POINT('Ctrl Pts',(-2.01426733501949,-4.10732045759323,-5.91658299418447));
#6557=CARTESIAN_POINT('Ctrl Pts',(-1.96618791396943,-3.98712076471646,-5.93311789712291));
#6558=CARTESIAN_POINT('Ctrl Pts',(-1.89693298506742,-3.88045657494661,-5.95517802002284));
#6559=CARTESIAN_POINT('Ctrl Pts',(4.75079029398189,-4.0412742429346,-6.84595552312588));
#6560=CARTESIAN_POINT('Ctrl Pts',(4.88599310372463,-4.2812209474542,-6.57004117543763));
#6561=CARTESIAN_POINT('Ctrl Pts',(5.00599903739598,-4.78993616415542,-5.80873328766545));
#6562=CARTESIAN_POINT('Ctrl Pts',(4.61471837840008,-5.07431252216846,-4.99715735292883));
#6563=CARTESIAN_POINT('Ctrl Pts',(4.26975479702698,-5.10379609513877,-4.58990384047221));
#6564=CARTESIAN_POINT('Ctrl Pts',(4.57587779926961,-3.97798495872199,-6.71806931336706));
#6565=CARTESIAN_POINT('Ctrl Pts',(4.69591365700388,-4.19851002341234,-6.46789356747214));
#6566=CARTESIAN_POINT('Ctrl Pts',(4.80053164974915,-4.66243956926229,-5.77950211543654));
#6567=CARTESIAN_POINT('Ctrl Pts',(4.45426059204257,-4.91560009691436,-5.03811321022942));
#6568=CARTESIAN_POINT('Ctrl Pts',(4.14632061695706,-4.93913505500594,-4.66063855993208));
#6569=CARTESIAN_POINT('Ctrl Pts',(4.31370049960747,-3.73324020946972,-6.40243393361191));
#6570=CARTESIAN_POINT('Ctrl Pts',(4.4047239000613,-3.91310561416044,-6.19852740572606));
#6571=CARTESIAN_POINT('Ctrl Pts',(4.48025525175335,-4.28722060366377,-5.64465703894994));
#6572=CARTESIAN_POINT('Ctrl Pts',(4.21959746984525,-4.49277796871855,-5.04112754177515));
#6573=CARTESIAN_POINT('Ctrl Pts',(3.98232485993803,-4.51558013952341,-4.72516076766339));
#6574=CARTESIAN_POINT('Ctrl Pts',(4.34082988036207,-3.35996364503781,-6.10546385962525));
#6575=CARTESIAN_POINT('Ctrl Pts',(4.41999011067188,-3.51554569671415,-5.92110396023406));
#6576=CARTESIAN_POINT('Ctrl Pts',(4.48611572141456,-3.84558550490749,-5.4206032509424));
#6577=CARTESIAN_POINT('Ctrl Pts',(4.25514686717239,-4.04333200582477,-4.88406564236473));
#6578=CARTESIAN_POINT('Ctrl Pts',(4.05045935631019,-4.07679191261741,-4.60992591020704));
#6579=CARTESIAN_POINT('Ctrl Pts',(4.42399471563612,-3.18201697499479,-5.99422812011886));
#6580=CARTESIAN_POINT('Ctrl Pts',(4.50302704230673,-3.33333523147501,-5.81124853533067));
#6581=CARTESIAN_POINT('Ctrl Pts',(4.57098853525331,-3.65947054677828,-5.31161637885836));
#6582=CARTESIAN_POINT('Ctrl Pts',(4.33716226177152,-3.86056087268563,-4.782307411101));
#6583=CARTESIAN_POINT('Ctrl Pts',(4.13576213587622,-3.89843272213464,-4.51901886728481));
#6584=CARTESIAN_POINT('',(4.42399471563612,-3.18201697499479,-5.99422812011886));
#6585=CARTESIAN_POINT('Ctrl Pts',(4.20872073403058,-3.88048364347242,-4.62048681495764));
#6586=CARTESIAN_POINT('Ctrl Pts',(4.36932123401059,-3.83090366503929,-4.85850445079445));
#6587=CARTESIAN_POINT('Ctrl Pts',(4.56608690279581,-3.63594847011812,-5.34765168486468));
#6588=CARTESIAN_POINT('Ctrl Pts',(4.50302704230673,-3.33333523147501,-5.81124853533067));
#6589=CARTESIAN_POINT('Ctrl Pts',(4.42399471563612,-3.18201697499479,-5.99422812011886));
#6590=CARTESIAN_POINT('',(4.84713314827215,-4.79927584679677,-5.65754365806587));
#6591=CARTESIAN_POINT('Ctrl Pts',(4.42399471563612,-3.18201697499479,-5.99422812011886));
#6592=CARTESIAN_POINT('Ctrl Pts',(4.40573073130721,-3.266499075571,-6.00770771557943));
#6593=CARTESIAN_POINT('Ctrl Pts',(4.4023303487323,-3.35621482049052,-6.01015711818491));
#6594=CARTESIAN_POINT('Ctrl Pts',(4.40506957714446,-3.59097745990033,-6.00815009495222));
#6595=CARTESIAN_POINT('Ctrl Pts',(4.43101920531242,-3.7866505350885,-5.98933456690203));
#6596=CARTESIAN_POINT('Ctrl Pts',(4.51668375724402,-4.13689137411595,-5.92489049431571));
#6597=CARTESIAN_POINT('Ctrl Pts',(4.5679259784855,-4.28963823709863,-5.88584402070112));
#6598=CARTESIAN_POINT('Ctrl Pts',(4.69207488121837,-4.56516259058541,-5.78730468297784));
#6599=CARTESIAN_POINT('Ctrl Pts',(4.76408235340362,-4.68991240938194,-5.72869790540848));
#6600=CARTESIAN_POINT('Ctrl Pts',(4.84713314827215,-4.79927584679677,-5.65754365806587));
#6601=CARTESIAN_POINT('',(4.63901086973884,-5.,-5.12829508349004));
#6602=CARTESIAN_POINT('Ctrl Pts',(4.8464108516229,-4.79943825684099,-5.65780555801407));
#6603=CARTESIAN_POINT('Ctrl Pts',(4.80038647117099,-4.88061277591356,-5.48053632431657));
#6604=CARTESIAN_POINT('Ctrl Pts',(4.72986856827131,-4.94875104858653,-5.30282311496908));
#6605=CARTESIAN_POINT('Ctrl Pts',(4.63762614585102,-5.00022209527433,-5.12909612052013));
#6606=CARTESIAN_POINT('Ctrl Pts',(4.63901086973884,-5.,-5.12829508349004));
#6607=CARTESIAN_POINT('Ctrl Pts',(4.53255398476936,-5.,-5.01061001330537));
#6608=CARTESIAN_POINT('Ctrl Pts',(4.43268932831876,-4.99999999999946,-4.89236921197777));
#6609=CARTESIAN_POINT('Ctrl Pts',(4.26936693794259,-4.99999999999946,-4.70530779302266));
#6610=CARTESIAN_POINT('Ctrl Pts',(4.23544710593818,-5.,-4.66673766157539));
#6611=CARTESIAN_POINT('Ctrl Pts',(4.20079031776962,-5.,-4.62772738027349));
#6612=CARTESIAN_POINT('Origin',(6.25,-5.,0.));
#6613=CARTESIAN_POINT('',(4.99778579615891,-5.,-5.52491059979365));
#6614=CARTESIAN_POINT('',(4.99778579615891,-5.,-5.52491059979365));
#6615=CARTESIAN_POINT('',(7.28360583113868,-5.,-1.56575416224982));
#6616=CARTESIAN_POINT('Origin',(0.,-5.,0.));
#6617=CARTESIAN_POINT('',(6.76073925527466,-5.,-1.45335371988096));
#6618=CARTESIAN_POINT('',(7.28360583113868,-5.,-1.56575416224982));
#6619=CARTESIAN_POINT('Ctrl Pts',(6.10812463199047,-5.,-1.32412744102345));
#6620=CARTESIAN_POINT('Ctrl Pts',(6.10853965474797,-5.,-1.32421276833631));
#6621=CARTESIAN_POINT('Ctrl Pts',(6.10895471398392,-4.9999999999991,-1.32429808567715));
#6622=CARTESIAN_POINT('Ctrl Pts',(6.17538423913721,-4.9999999999991,-1.33795018822658));
#6623=CARTESIAN_POINT('Ctrl Pts',(6.23914697171569,-5.,-1.35061873846434));
#6624=CARTESIAN_POINT('Ctrl Pts',(6.45327760329859,-5.,-1.39231787637278));
#6625=CARTESIAN_POINT('Ctrl Pts',(6.57616330975609,-5.,-1.41502511134307));
#6626=CARTESIAN_POINT('Ctrl Pts',(6.72075708929705,-5.,-1.44485787347114));
#6627=CARTESIAN_POINT('Ctrl Pts',(6.74078393841307,-5.,-1.44906393249276));
#6628=CARTESIAN_POINT('Ctrl Pts',(6.76073925527466,-5.,-1.45335371988096));
#6629=CARTESIAN_POINT('Ctrl Pts',(4.49917308964349,-4.79927584679487,-5.25140684219495));
#6630=CARTESIAN_POINT('Ctrl Pts',(4.61515977585256,-4.79927584679487,-5.386785780819));
#6631=CARTESIAN_POINT('Ctrl Pts',(4.73114646206163,-4.79927584679487,-5.52216471944306));
#6632=CARTESIAN_POINT('Ctrl Pts',(4.8471331482707,-4.79927584679487,-5.65754365806711));
#6633=CARTESIAN_POINT('Ctrl Pts',(4.54633569329159,-4.86618389786324,-5.21100000959799));
#6634=CARTESIAN_POINT('Ctrl Pts',(4.66353821068374,-4.86618389786324,-5.34533727821457));
#6635=CARTESIAN_POINT('Ctrl Pts',(4.78074072752224,-4.86618389786324,-5.47967454619957));
#6636=CARTESIAN_POINT('Ctrl Pts',(4.89794324491439,-4.86618389786324,-5.61401181481614));
#6637=CARTESIAN_POINT('Ctrl Pts',(4.59295392619949,-4.93309194893162,-5.16995779169774));
#6638=CARTESIAN_POINT('Ctrl Pts',(4.71135824095489,-4.93309194893162,-5.30323701014429));
#6639=CARTESIAN_POINT('Ctrl Pts',(4.82976255515395,-4.93309194893162,-5.43651622796163));
#6640=CARTESIAN_POINT('Ctrl Pts',(4.94816686990935,-4.93309194893162,-5.56979544640818));
#6641=CARTESIAN_POINT('Ctrl Pts',(4.639010869735,-5.,-5.12829508348579));
#6642=CARTESIAN_POINT('Ctrl Pts',(4.7586025118763,-5.,-5.26050025558841));
#6643=CARTESIAN_POINT('Ctrl Pts',(4.87819415401761,-5.,-5.39270542769103));
#6644=CARTESIAN_POINT('Ctrl Pts',(4.99778579615891,-5.,-5.52491059979365));
#6645=CARTESIAN_POINT('Ctrl Pts',(4.99778579615891,-5.,-5.52491059979365));
#6646=CARTESIAN_POINT('Ctrl Pts',(4.94816686990935,-4.93309194893162,-5.56979544640818));
#6647=CARTESIAN_POINT('Ctrl Pts',(4.89794324491439,-4.86618389786324,-5.61401181481614));
#6648=CARTESIAN_POINT('Ctrl Pts',(4.8471331482707,-4.79927584679487,-5.65754365806711));
#6649=CARTESIAN_POINT('Origin',(0.,-3.,0.));
#6650=CARTESIAN_POINT('',(-2.47600995676851,-4.79927584679677,-7.02651227096226));
#6651=CARTESIAN_POINT('Ctrl Pts',(-2.28582003497976,-5.,-7.09066476204348));
#6652=CARTESIAN_POINT('Ctrl Pts',(-2.34950091553318,-4.93309194891535,-7.07013593470512));
#6653=CARTESIAN_POINT('Ctrl Pts',(-2.4129052263504,-4.8661838978307,-7.04874918378792));
#6654=CARTESIAN_POINT('Ctrl Pts',(-2.47600995681635,-4.79927584674605,-7.0265122709454));
#6655=CARTESIAN_POINT('',(-2.97915647028391,-3.18201697499479,-6.82840587000842));
#6656=CARTESIAN_POINT('Ctrl Pts',(-2.97915647028391,-3.18201697499479,-6.82840587000842));
#6657=CARTESIAN_POINT('Ctrl Pts',(-2.99996213458307,-3.26649907570547,-6.8193285933211));
#6658=CARTESIAN_POINT('Ctrl Pts',(-3.0037835707403,-3.35621482081468,-6.81760847693595));
#6659=CARTESIAN_POINT('Ctrl Pts',(-3.00067582333601,-3.59097746064149,-6.81897720675214));
#6660=CARTESIAN_POINT('Ctrl Pts',(-2.97140628387407,-3.78665053608982,-6.83204247998445));
#6661=CARTESIAN_POINT('Ctrl Pts',(-2.87276380368226,-4.1368913752725,-6.87400812196523));
#6662=CARTESIAN_POINT('Ctrl Pts',(-2.81332745493825,-4.28963823813824,-6.89886195051349));
#6663=CARTESIAN_POINT('Ctrl Pts',(-2.66591543388973,-4.5651625911613,-6.95710838523519));
#6664=CARTESIAN_POINT('Ctrl Pts',(-2.57915673975017,-4.68991240963478,-6.99016529655696));
#6665=CARTESIAN_POINT('Ctrl Pts',(-2.47600995676851,-4.79927584679677,-7.02651227096226));
#6666=CARTESIAN_POINT('',(-4.42399471563613,-3.1820169749948,-5.99422812011886));
#6667=CARTESIAN_POINT('Ctrl Pts',(-2.97915647028391,-3.18201697499479,-6.82840587000842));
#6668=CARTESIAN_POINT('Ctrl Pts',(-2.96422865442818,-3.12140207587977,-6.83491870771029));
#6669=CARTESIAN_POINT('Ctrl Pts',(-2.95704521944232,-3.05937234329719,-6.83801020547449));
#6670=CARTESIAN_POINT('Ctrl Pts',(-2.95704521944232,-3.00000014249235,-6.83801020547449));
#6671=CARTESIAN_POINT('Ctrl Pts',(-2.95704521944232,-2.91128979149915,-6.83801020547449));
#6672=CARTESIAN_POINT('Ctrl Pts',(-2.97363974165745,-2.81680490886774,-6.83090560545209));
#6673=CARTESIAN_POINT('Ctrl Pts',(-3.03974373627573,-2.6423137296464,-6.80174707652375));
#6674=CARTESIAN_POINT('Ctrl Pts',(-3.08914061169684,-2.56227482352668,-6.77963317544083));
#6675=CARTESIAN_POINT('Ctrl Pts',(-3.19710479026014,-2.43635808532377,-6.72936851633911));
#6676=CARTESIAN_POINT('Ctrl Pts',(-3.27016746791141,-2.37519105101525,-6.6943300189102));
#6677=CARTESIAN_POINT('Ctrl Pts',(-3.45075166586457,-2.26646634355125,-6.60386734904517));
#6678=CARTESIAN_POINT('Ctrl Pts',(-3.59962016065002,-2.22540295387963,-6.52427734219373));
#6679=CARTESIAN_POINT('Ctrl Pts',(-3.85037983934999,-2.22540295387963,-6.3795011741944));
#6680=CARTESIAN_POINT('Ctrl Pts',(-3.99374105456344,-2.26646634355125,-6.29037227931277));
#6681=CARTESIAN_POINT('Ctrl Pts',(-4.16237612373729,-2.37519105101525,-6.17921311129581));
#6682=CARTESIAN_POINT('Ctrl Pts',(-4.22925169144681,-2.43635808532377,-6.13345822509575));
#6683=CARTESIAN_POINT('Ctrl Pts',(-4.32676425242311,-2.56227482352668,-6.06509083331207));
#6684=CARTESIAN_POINT('Ctrl Pts',(-4.37061389024825,-2.6423137296464,-6.03336883487128));
#6685=CARTESIAN_POINT('Ctrl Pts',(-4.42891791434631,-2.81680490886774,-5.99070036070438));
#6686=CARTESIAN_POINT('Ctrl Pts',(-4.44336793955701,-2.91128979149915,-5.97988138291362));
#6687=CARTESIAN_POINT('Ctrl Pts',(-4.44336793955701,-3.05937234329719,-5.97988138291362));
#6688=CARTESIAN_POINT('Ctrl Pts',(-4.43709890646453,-3.12140207587978,-5.98455667121571));
#6689=CARTESIAN_POINT('Ctrl Pts',(-4.42399471563613,-3.1820169749948,-5.99422812011886));
#6690=CARTESIAN_POINT('',(-4.84713314827215,-4.79927584679679,-5.65754365806586));
#6691=CARTESIAN_POINT('Ctrl Pts',(-4.84713314827215,-4.79927584679678,-5.65754365806587));
#6692=CARTESIAN_POINT('Ctrl Pts',(-4.73193299868677,-4.64757730653232,-5.75624205042297));
#6693=CARTESIAN_POINT('Ctrl Pts',(-4.63814783850311,-4.46642253160983,-5.83080373184002));
#6694=CARTESIAN_POINT('Ctrl Pts',(-4.49573532335053,-4.07811694618186,-5.94128949368658));
#6695=CARTESIAN_POINT('Ctrl Pts',(-4.45110220810631,-3.88358635741147,-5.97420344001255));
#6696=CARTESIAN_POINT('Ctrl Pts',(-4.41357490246257,-3.62261573963286,-6.00192672334578));
#6697=CARTESIAN_POINT('Ctrl Pts',(-4.4046367463839,-3.52651491570246,-6.00846720087814));
#6698=CARTESIAN_POINT('Ctrl Pts',(-4.40213728086885,-3.36002698515941,-6.0102985991015));
#6699=CARTESIAN_POINT('Ctrl Pts',(-4.40537278104187,-3.26815481452552,-6.00797189806474));
#6700=CARTESIAN_POINT('Ctrl Pts',(-4.42399471563613,-3.18201697499479,-5.99422812011886));
#6701=CARTESIAN_POINT('',(-4.99778579615891,-5.,-5.52491059979365));
#6702=CARTESIAN_POINT('Ctrl Pts',(-4.84713314827215,-4.79927584679679,-5.65754365806586));
#6703=CARTESIAN_POINT('Ctrl Pts',(-4.89794324491535,-4.86618389786452,-5.61401181481529));
#6704=CARTESIAN_POINT('Ctrl Pts',(-4.94816686990982,-4.93309194893226,-5.56979544640775));
#6705=CARTESIAN_POINT('Ctrl Pts',(-4.99778579615891,-5.,-5.52491059979365));
#6706=CARTESIAN_POINT('',(-7.28360583113868,-5.,-1.56575416224983));
#6707=CARTESIAN_POINT('Origin',(0.,-5.,0.));
#6708=CARTESIAN_POINT('',(-7.32314310504066,-4.79927584679677,-1.36896861289639));
#6709=CARTESIAN_POINT('Ctrl Pts',(-7.28360583113868,-5.,-1.56575416224983));
#6710=CARTESIAN_POINT('Ctrl Pts',(-7.29766778542691,-4.93309194893226,-1.50034048830257));
#6711=CARTESIAN_POINT('Ctrl Pts',(-7.3108484712337,-4.86618389786451,-1.43473736898343));
#6712=CARTESIAN_POINT('Ctrl Pts',(-7.32314310504066,-4.79927584679677,-1.36896861289639));
#6713=CARTESIAN_POINT('',(-7.40315118592003,-3.18201697499479,-0.834177749889566));
#6714=CARTESIAN_POINT('Ctrl Pts',(-7.40315118592003,-3.18201697499479,-0.834177749889568));
#6715=CARTESIAN_POINT('Ctrl Pts',(-7.40569286586122,-3.2664990757058,-0.811620877720137));
#6716=CARTESIAN_POINT('Ctrl Pts',(-7.40611391945283,-3.35621482081562,-0.80745135873644));
#6717=CARTESIAN_POINT('Ctrl Pts',(-7.40574540054243,-3.59097746060466,-0.810827111845043));
#6718=CARTESIAN_POINT('Ctrl Pts',(-7.40242548933945,-3.78665053599402,-0.842707913177655));
#6719=CARTESIAN_POINT('Ctrl Pts',(-7.38944756129003,-4.13689137514355,-0.949117627870882));
#6720=CARTESIAN_POINT('Ctrl Pts',(-7.38125343382266,-4.28963823803326,-1.0130179300653));
#6721=CARTESIAN_POINT('Ctrl Pts',(-7.35799031544643,-4.56516259110942,-1.16980370248997));
#6722=CARTESIAN_POINT('Ctrl Pts',(-7.34323909334998,-4.689912409612,-1.2614673912906));
#6723=CARTESIAN_POINT('Ctrl Pts',(-7.32314310504066,-4.79927584679677,-1.36896861289639));
#6724=CARTESIAN_POINT('',(-7.45,-2.22540295387963,-9.07209036436359E-16));
#6725=CARTESIAN_POINT('Ctrl Pts',(-7.40315118592003,-3.18201697499479,-0.834177749889566));
#6726=CARTESIAN_POINT('Ctrl Pts',(-7.4013275608927,-3.12140207587977,-0.850362036494578));
#6727=CARTESIAN_POINT('Ctrl Pts',(-7.40041315899932,-3.05937234329719,-0.858128822560874));
#6728=CARTESIAN_POINT('Ctrl Pts',(-7.40041315899932,-3.00000014249235,-0.858128822560874));
#6729=CARTESIAN_POINT('Ctrl Pts',(-7.40041315899932,-2.91128979149915,-0.858128822560874));
#6730=CARTESIAN_POINT('Ctrl Pts',(-7.40255765600375,-2.81680490886774,-0.840205244747703));
#6731=CARTESIAN_POINT('Ctrl Pts',(-7.41035762652397,-2.6423137296464,-0.768378241652469));
#6732=CARTESIAN_POINT('Ctrl Pts',(-7.41590486411994,-2.56227482352668,-0.714542342128758));
#6733=CARTESIAN_POINT('Ctrl Pts',(-7.42635648170694,-2.43635808532377,-0.595910291243362));
#6734=CARTESIAN_POINT('Ctrl Pts',(-7.4325435916487,-2.37519105101525,-0.51511690761439));
#6735=CARTESIAN_POINT('Ctrl Pts',(-7.444492720428,-2.26646634355125,-0.313495069732404));
#6736=CARTESIAN_POINT('Ctrl Pts',(-7.45,-2.22540295387964,-0.144776167999332));
#6737=CARTESIAN_POINT('Ctrl Pts',(-7.45,-2.22540295387963,-1.00613961606655E-15));
#6738=CARTESIAN_POINT('',(-7.45,-1.,-9.12361865364778E-16));
#6739=CARTESIAN_POINT('',(-7.45,-3.,-9.12361865364778E-16));
#6740=CARTESIAN_POINT('Origin',(0.,-1.,0.));
#6741=CARTESIAN_POINT('',(-7.40315118592003,-3.1820169749948,0.834177749889567));
#6742=CARTESIAN_POINT('Ctrl Pts',(-7.45,-2.22540295387963,-9.0205620750794E-16));
#6743=CARTESIAN_POINT('Ctrl Pts',(-7.45,-2.22540295387964,0.14477616799933));
#6744=CARTESIAN_POINT('Ctrl Pts',(-7.444492720428,-2.26646634355124,0.313495069732402));
#6745=CARTESIAN_POINT('Ctrl Pts',(-7.4325435916487,-2.37519105101525,0.515116907614388));
#6746=CARTESIAN_POINT('Ctrl Pts',(-7.42635648170694,-2.43635808532377,0.59591029124336));
#6747=CARTESIAN_POINT('Ctrl Pts',(-7.41590486411994,-2.56227482352668,0.714542342128757));
#6748=CARTESIAN_POINT('Ctrl Pts',(-7.41035762652397,-2.6423137296464,0.768378241652469));
#6749=CARTESIAN_POINT('Ctrl Pts',(-7.40255765600375,-2.81680490886774,0.840205244747705));
#6750=CARTESIAN_POINT('Ctrl Pts',(-7.40041315899932,-2.91128979149915,0.858128822560876));
#6751=CARTESIAN_POINT('Ctrl Pts',(-7.40041315899932,-3.05937234329719,0.858128822560876));
#6752=CARTESIAN_POINT('Ctrl Pts',(-7.4013275608927,-3.12140207587978,0.850362036494581));
#6753=CARTESIAN_POINT('Ctrl Pts',(-7.40315118592003,-3.1820169749948,0.834177749889568));
#6754=CARTESIAN_POINT('',(-7.32314310504065,-4.79927584679679,1.3689686128964));
#6755=CARTESIAN_POINT('Ctrl Pts',(-7.32314310504066,-4.79927584679678,1.36896861289639));
#6756=CARTESIAN_POINT('Ctrl Pts',(-7.35101834539068,-4.64757730626689,1.21985316039623));
#6757=CARTESIAN_POINT('Ctrl Pts',(-7.36869807556877,-4.46642253097561,1.10135198831695));
#6758=CARTESIAN_POINT('Ctrl Pts',(-7.39317529447467,-4.07811694536107,0.922776251613812));
#6759=CARTESIAN_POINT('Ctrl Pts',(-7.39936305049601,-3.88358635683036,0.867665866919429));
#6760=CARTESIAN_POINT('Ctrl Pts',(-7.4046084653085,-3.62261573917552,0.821304625301232));
#6761=CARTESIAN_POINT('Ctrl Pts',(-7.40580360696345,-3.52651491516606,0.810293716321937));
#6762=CARTESIAN_POINT('Ctrl Pts',(-7.40613991158357,-3.36002698480737,0.807213416653579));
#6763=CARTESIAN_POINT('Ctrl Pts',(-7.40574267946364,-3.26815481437995,0.811178792529256));
#6764=CARTESIAN_POINT('Ctrl Pts',(-7.40315118592003,-3.1820169749948,0.834177749889567));
#6765=CARTESIAN_POINT('',(-7.28360583113868,-5.,1.56575416224982));
#6766=CARTESIAN_POINT('Ctrl Pts',(-7.32314310504065,-4.79927584679679,1.36896861289639));
#6767=CARTESIAN_POINT('Ctrl Pts',(-7.3108484712337,-4.86618389786452,1.43473736898343));
#6768=CARTESIAN_POINT('Ctrl Pts',(-7.29766778542691,-4.93309194893226,1.50034048830256));
#6769=CARTESIAN_POINT('Ctrl Pts',(-7.28360583113868,-5.,1.56575416224982));
#6770=CARTESIAN_POINT('',(-4.99778579615891,-5.,5.52491059979365));
#6771=CARTESIAN_POINT('Origin',(0.,-5.,0.));
#6772=CARTESIAN_POINT('',(-4.84713314827215,-4.79927584679678,5.65754365806586));
#6773=CARTESIAN_POINT('Ctrl Pts',(-4.99778579615891,-5.,5.52491059979365));
#6774=CARTESIAN_POINT('Ctrl Pts',(-4.94816686990935,-4.93309194893162,5.56979544640817));
#6775=CARTESIAN_POINT('Ctrl Pts',(-4.8979432449144,-4.86618389786324,5.61401181481614));
#6776=CARTESIAN_POINT('Ctrl Pts',(-4.8471331482707,-4.79927584679487,5.65754365806711));
#6777=CARTESIAN_POINT('',(-4.42399471563612,-3.18201697499479,5.99422812011886));
#6778=CARTESIAN_POINT('Ctrl Pts',(-4.42399471563612,-3.18201697499479,5.99422812011886));
#6779=CARTESIAN_POINT('Ctrl Pts',(-4.40573073130726,-3.26649907557078,6.00770771557939));
#6780=CARTESIAN_POINT('Ctrl Pts',(-4.4023303487323,-3.35621482049014,6.01015711818491));
#6781=CARTESIAN_POINT('Ctrl Pts',(-4.40506957714446,-3.59097745990036,6.00815009495222));
#6782=CARTESIAN_POINT('Ctrl Pts',(-4.43101920531244,-3.78665053508853,5.98933456690201));
#6783=CARTESIAN_POINT('Ctrl Pts',(-4.51668375724402,-4.13689137411594,5.92489049431571));
#6784=CARTESIAN_POINT('Ctrl Pts',(-4.5679259784855,-4.28963823709863,5.88584402070112));
#6785=CARTESIAN_POINT('Ctrl Pts',(-4.69207488121837,-4.56516259058541,5.78730468297784));
#6786=CARTESIAN_POINT('Ctrl Pts',(-4.76408235340362,-4.68991240938195,5.72869790540847));
#6787=CARTESIAN_POINT('Ctrl Pts',(-4.84713314827215,-4.79927584679677,5.65754365806587));
#6788=CARTESIAN_POINT('',(-2.97915647028391,-3.18201697499479,6.82840587000843));
#6789=CARTESIAN_POINT('Ctrl Pts',(-4.42399471563612,-3.18201697499479,5.99422812011886));
#6790=CARTESIAN_POINT('Ctrl Pts',(-4.43709890646453,-3.12140207587977,5.98455667121571));
#6791=CARTESIAN_POINT('Ctrl Pts',(-4.443367939557,-3.05937234329719,5.97988138291363));
#6792=CARTESIAN_POINT('Ctrl Pts',(-4.443367939557,-3.00000014249235,5.97988138291363));
#6793=CARTESIAN_POINT('Ctrl Pts',(-4.443367939557,-2.91128979149915,5.97988138291363));
#6794=CARTESIAN_POINT('Ctrl Pts',(-4.42891791434631,-2.81680490886774,5.99070036070439));
#6795=CARTESIAN_POINT('Ctrl Pts',(-4.37061389024824,-2.6423137296464,6.03336883487128));
#6796=CARTESIAN_POINT('Ctrl Pts',(-4.3267642524231,-2.56227482352668,6.06509083331207));
#6797=CARTESIAN_POINT('Ctrl Pts',(-4.2292516914468,-2.43635808532377,6.13345822509576));
#6798=CARTESIAN_POINT('Ctrl Pts',(-4.16237612373729,-2.37519105101525,6.17921311129581));
#6799=CARTESIAN_POINT('Ctrl Pts',(-3.99374105456343,-2.26646634355125,6.29037227931277));
#6800=CARTESIAN_POINT('Ctrl Pts',(-3.85037983934998,-2.22540295387963,6.3795011741944));
#6801=CARTESIAN_POINT('Ctrl Pts',(-3.59962016065001,-2.22540295387963,6.52427734219374));
#6802=CARTESIAN_POINT('Ctrl Pts',(-3.45075166586456,-2.26646634355125,6.60386734904517));
#6803=CARTESIAN_POINT('Ctrl Pts',(-3.2701674679114,-2.37519105101525,6.6943300189102));
#6804=CARTESIAN_POINT('Ctrl Pts',(-3.19710479026013,-2.43635808532377,6.72936851633912));
#6805=CARTESIAN_POINT('Ctrl Pts',(-3.08914061169683,-2.56227482352668,6.77963317544083));
#6806=CARTESIAN_POINT('Ctrl Pts',(-3.03974373627573,-2.6423137296464,6.80174707652375));
#6807=CARTESIAN_POINT('Ctrl Pts',(-2.97363974165744,-2.81680490886774,6.83090560545209));
#6808=CARTESIAN_POINT('Ctrl Pts',(-2.95704521944232,-2.91128979149915,6.8380102054745));
#6809=CARTESIAN_POINT('Ctrl Pts',(-2.95704521944232,-3.05937234329719,6.8380102054745));
#6810=CARTESIAN_POINT('Ctrl Pts',(-2.96422865442818,-3.12140207587977,6.83491870771029));
#6811=CARTESIAN_POINT('Ctrl Pts',(-2.97915647028391,-3.18201697499479,6.82840587000843));
#6812=CARTESIAN_POINT('',(-2.4760099567685,-4.79927584679679,7.02651227096226));
#6813=CARTESIAN_POINT('Ctrl Pts',(-2.47600995676851,-4.79927584679678,7.02651227096226));
#6814=CARTESIAN_POINT('Ctrl Pts',(-2.61908534695356,-4.6475773062159,6.97609521097494));
#6815=CARTESIAN_POINT('Ctrl Pts',(-2.7305502374684,-4.46642253085378,6.93215572038914));
#6816=CARTESIAN_POINT('Ctrl Pts',(-2.89743997141252,-4.0781169451187,6.86406574541894));
#6817=CARTESIAN_POINT('Ctrl Pts',(-2.94826084256923,-3.88358635654534,6.84186930698288));
#6818=CARTESIAN_POINT('Ctrl Pts',(-2.99103356293308,-3.62261573888273,6.82323134866954));
#6819=CARTESIAN_POINT('Ctrl Pts',(-3.00116686064076,-3.52651491488797,6.81876091722061));
#6820=CARTESIAN_POINT('Ctrl Pts',(-3.00400263068399,-3.36002698465492,6.81751201574448));
#6821=CARTESIAN_POINT('Ctrl Pts',(-3.0003698983748,-3.26815481431702,6.81915069057753));
#6822=CARTESIAN_POINT('Ctrl Pts',(-2.97915647028391,-3.1820169749948,6.82840587000842));
#6823=CARTESIAN_POINT('',(-2.28582003497977,-5.,7.09066476204347));
#6824=CARTESIAN_POINT('Ctrl Pts',(-2.4760099567685,-4.79927584679679,7.02651227096226));
#6825=CARTESIAN_POINT('Ctrl Pts',(-2.41290522631835,-4.86618389786452,7.04874918379872));
#6826=CARTESIAN_POINT('Ctrl Pts',(-2.34950091551709,-4.93309194893226,7.07013593471031));
#6827=CARTESIAN_POINT('Ctrl Pts',(-2.28582003497977,-5.,7.09066476204347));
#6828=CARTESIAN_POINT('',(2.28582003497976,-5.,7.09066476204348));
#6829=CARTESIAN_POINT('Origin',(0.,-5.,0.));
#6830=CARTESIAN_POINT('',(2.47600995676851,-4.79927584679677,7.02651227096226));
#6831=CARTESIAN_POINT('Ctrl Pts',(2.28582003497976,-5.,7.09066476204348));
#6832=CARTESIAN_POINT('Ctrl Pts',(2.34950091553318,-4.93309194891535,7.07013593470512));
#6833=CARTESIAN_POINT('Ctrl Pts',(2.4129052263504,-4.8661838978307,7.04874918378792));
#6834=CARTESIAN_POINT('Ctrl Pts',(2.47600995681635,-4.79927584674605,7.0265122709454));
#6835=CARTESIAN_POINT('',(2.97915647028391,-3.18201697499479,6.82840587000843));
#6836=CARTESIAN_POINT('Ctrl Pts',(2.97915647028391,-3.18201697499479,6.82840587000842));
#6837=CARTESIAN_POINT('Ctrl Pts',(2.99996213458301,-3.26649907570521,6.81932859332113));
#6838=CARTESIAN_POINT('Ctrl Pts',(3.0037835707403,-3.35621482081423,6.81760847693594));
#6839=CARTESIAN_POINT('Ctrl Pts',(3.000675823336,-3.5909774606414,6.81897720675214));
#6840=CARTESIAN_POINT('Ctrl Pts',(2.97140628387409,-3.78665053608972,6.83204247998444));
#6841=CARTESIAN_POINT('Ctrl Pts',(2.87276380368226,-4.13689137527249,6.87400812196522));
#6842=CARTESIAN_POINT('Ctrl Pts',(2.81332745493825,-4.28963823813824,6.89886195051349));
#6843=CARTESIAN_POINT('Ctrl Pts',(2.66591543388972,-4.5651625911613,6.95710838523519));
#6844=CARTESIAN_POINT('Ctrl Pts',(2.57915673975016,-4.68991240963478,6.99016529655696));
#6845=CARTESIAN_POINT('Ctrl Pts',(2.47600995676851,-4.79927584679677,7.02651227096226));
#6846=CARTESIAN_POINT('',(4.42399471563612,-3.18201697499479,5.99422812011886));
#6847=CARTESIAN_POINT('Ctrl Pts',(2.97915647028391,-3.18201697499479,6.82840587000843));
#6848=CARTESIAN_POINT('Ctrl Pts',(2.96422865442818,-3.12140207587977,6.83491870771029));
#6849=CARTESIAN_POINT('Ctrl Pts',(2.95704521944232,-3.05937234329719,6.8380102054745));
#6850=CARTESIAN_POINT('Ctrl Pts',(2.95704521944232,-3.00000014249235,6.8380102054745));
#6851=CARTESIAN_POINT('Ctrl Pts',(2.95704521944232,-2.91128979149915,6.8380102054745));
#6852=CARTESIAN_POINT('Ctrl Pts',(2.97363974165744,-2.81680490886774,6.83090560545209));
#6853=CARTESIAN_POINT('Ctrl Pts',(3.03974373627573,-2.64231372964641,6.80174707652375));
#6854=CARTESIAN_POINT('Ctrl Pts',(3.08914061169683,-2.56227482352668,6.77963317544083));
#6855=CARTESIAN_POINT('Ctrl Pts',(3.19710479026014,-2.43635808532377,6.72936851633912));
#6856=CARTESIAN_POINT('Ctrl Pts',(3.27016746791141,-2.37519105101525,6.6943300189102));
#6857=CARTESIAN_POINT('Ctrl Pts',(3.45075166586456,-2.26646634355125,6.60386734904517));
#6858=CARTESIAN_POINT('Ctrl Pts',(3.59962016065002,-2.22540295387963,6.52427734219374));
#6859=CARTESIAN_POINT('Ctrl Pts',(3.85037983934999,-2.22540295387963,6.3795011741944));
#6860=CARTESIAN_POINT('Ctrl Pts',(3.99374105456344,-2.26646634355125,6.29037227931277));
#6861=CARTESIAN_POINT('Ctrl Pts',(4.16237612373729,-2.37519105101525,6.17921311129581));
#6862=CARTESIAN_POINT('Ctrl Pts',(4.22925169144681,-2.43635808532377,6.13345822509576));
#6863=CARTESIAN_POINT('Ctrl Pts',(4.3267642524231,-2.56227482352668,6.06509083331207));
#6864=CARTESIAN_POINT('Ctrl Pts',(4.37061389024824,-2.6423137296464,6.03336883487128));
#6865=CARTESIAN_POINT('Ctrl Pts',(4.42891791434631,-2.81680490886774,5.99070036070438));
#6866=CARTESIAN_POINT('Ctrl Pts',(4.44336793955701,-2.91128979149915,5.97988138291362));
#6867=CARTESIAN_POINT('Ctrl Pts',(4.44336793955701,-3.05937234329719,5.97988138291362));
#6868=CARTESIAN_POINT('Ctrl Pts',(4.43709890646453,-3.12140207587977,5.98455667121571));
#6869=CARTESIAN_POINT('Ctrl Pts',(4.42399471563612,-3.18201697499479,5.99422812011886));
#6870=CARTESIAN_POINT('',(4.84713314827215,-4.79927584679679,5.65754365806586));
#6871=CARTESIAN_POINT('Ctrl Pts',(4.84713314827215,-4.79927584679678,5.65754365806587));
#6872=CARTESIAN_POINT('Ctrl Pts',(4.73193299868676,-4.6475773065323,5.75624205042298));
#6873=CARTESIAN_POINT('Ctrl Pts',(4.63814783850309,-4.4664225316098,5.83080373184004));
#6874=CARTESIAN_POINT('Ctrl Pts',(4.49573532335048,-4.07811694618173,5.94128949368661));
#6875=CARTESIAN_POINT('Ctrl Pts',(4.45110220810629,-3.88358635741135,5.97420344001256));
#6876=CARTESIAN_POINT('Ctrl Pts',(4.41357490246256,-3.62261573963283,6.00192672334579));
#6877=CARTESIAN_POINT('Ctrl Pts',(4.40463674638389,-3.52651491570244,6.00846720087815));
#6878=CARTESIAN_POINT('Ctrl Pts',(4.40213728086884,-3.36002698515854,6.01029859910151));
#6879=CARTESIAN_POINT('Ctrl Pts',(4.40537278104198,-3.26815481452502,6.00797189806467));
#6880=CARTESIAN_POINT('Ctrl Pts',(4.42399471563612,-3.18201697499479,5.99422812011886));
#6881=CARTESIAN_POINT('',(4.9977857961589,-5.,5.52491059979365));
#6882=CARTESIAN_POINT('Ctrl Pts',(4.84713314827215,-4.79927584679679,5.65754365806586));
#6883=CARTESIAN_POINT('Ctrl Pts',(4.89794324491535,-4.86618389786452,5.6140118148153));
#6884=CARTESIAN_POINT('Ctrl Pts',(4.94816686990982,-4.93309194893226,5.56979544640775));
#6885=CARTESIAN_POINT('Ctrl Pts',(4.9977857961589,-5.,5.52491059979365));
#6886=CARTESIAN_POINT('',(7.28360583113868,-5.,1.56575416224983));
#6887=CARTESIAN_POINT('Origin',(0.,-5.,0.));
#6888=CARTESIAN_POINT('',(7.32314310504066,-4.79927584679677,1.3689686128964));
#6889=CARTESIAN_POINT('Ctrl Pts',(7.28360583113868,-5.,1.56575416224983));
#6890=CARTESIAN_POINT('Ctrl Pts',(7.29766778542691,-4.93309194893226,1.50034048830257));
#6891=CARTESIAN_POINT('Ctrl Pts',(7.3108484712337,-4.86618389786452,1.43473736898343));
#6892=CARTESIAN_POINT('Ctrl Pts',(7.32314310504066,-4.79927584679677,1.3689686128964));
#6893=CARTESIAN_POINT('',(7.40315118592003,-3.18201697499479,0.834177749889566));
#6894=CARTESIAN_POINT('Ctrl Pts',(7.40315118592003,-3.18201697499479,0.834177749889568));
#6895=CARTESIAN_POINT('Ctrl Pts',(7.40569286586124,-3.26649907570625,0.811620877720017));
#6896=CARTESIAN_POINT('Ctrl Pts',(7.40611391945283,-3.3562148208164,0.807451358736449));
#6897=CARTESIAN_POINT('Ctrl Pts',(7.40574540054244,-3.59097746060469,0.810827111845043));
#6898=CARTESIAN_POINT('Ctrl Pts',(7.40242548933945,-3.78665053599406,0.842707913177666));
#6899=CARTESIAN_POINT('Ctrl Pts',(7.38944756129003,-4.13689137514355,0.949117627870884));
#6900=CARTESIAN_POINT('Ctrl Pts',(7.38125343382266,-4.28963823803326,1.01301793006531));
#6901=CARTESIAN_POINT('Ctrl Pts',(7.35799031544643,-4.56516259110942,1.16980370248997));
#6902=CARTESIAN_POINT('Ctrl Pts',(7.34323909334998,-4.689912409612,1.2614673912906));
#6903=CARTESIAN_POINT('Ctrl Pts',(7.32314310504066,-4.79927584679677,1.36896861289639));
#6904=CARTESIAN_POINT('',(7.40315118592003,-3.1820169749948,-0.834177749889566));
#6905=CARTESIAN_POINT('Ctrl Pts',(7.40315118592003,-3.18201697499479,0.834177749889566));
#6906=CARTESIAN_POINT('Ctrl Pts',(7.40132756089271,-3.12140207587977,0.850362036494577));
#6907=CARTESIAN_POINT('Ctrl Pts',(7.40041315899932,-3.05937234329719,0.858128822560872));
#6908=CARTESIAN_POINT('Ctrl Pts',(7.40041315899932,-3.00000014249235,0.858128822560872));
#6909=CARTESIAN_POINT('Ctrl Pts',(7.40041315899932,-2.91128979149915,0.858128822560872));
#6910=CARTESIAN_POINT('Ctrl Pts',(7.40255765600375,-2.81680490886774,0.840205244747703));
#6911=CARTESIAN_POINT('Ctrl Pts',(7.41035762652397,-2.6423137296464,0.768378241652468));
#6912=CARTESIAN_POINT('Ctrl Pts',(7.41590486411994,-2.56227482352668,0.714542342128757));
#6913=CARTESIAN_POINT('Ctrl Pts',(7.42635648170694,-2.43635808532377,0.595910291243361));
#6914=CARTESIAN_POINT('Ctrl Pts',(7.4325435916487,-2.37519105101525,0.515116907614389));
#6915=CARTESIAN_POINT('Ctrl Pts',(7.444492720428,-2.26646634355125,0.313495069732403));
#6916=CARTESIAN_POINT('Ctrl Pts',(7.45,-2.22540295387963,0.144776167999331));
#6917=CARTESIAN_POINT('Ctrl Pts',(7.45,-2.22540295387963,-0.144776167999331));
#6918=CARTESIAN_POINT('Ctrl Pts',(7.444492720428,-2.26646634355125,-0.313495069732403));
#6919=CARTESIAN_POINT('Ctrl Pts',(7.4325435916487,-2.37519105101525,-0.515116907614389));
#6920=CARTESIAN_POINT('Ctrl Pts',(7.42635648170694,-2.43635808532377,-0.595910291243361));
#6921=CARTESIAN_POINT('Ctrl Pts',(7.41590486411994,-2.56227482352668,-0.714542342128757));
#6922=CARTESIAN_POINT('Ctrl Pts',(7.41035762652397,-2.6423137296464,-0.768378241652468));
#6923=CARTESIAN_POINT('Ctrl Pts',(7.40255765600375,-2.81680490886774,-0.840205244747703));
#6924=CARTESIAN_POINT('Ctrl Pts',(7.40041315899932,-2.91128979149915,-0.858128822560872));
#6925=CARTESIAN_POINT('Ctrl Pts',(7.40041315899932,-3.05937234329719,-0.858128822560872));
#6926=CARTESIAN_POINT('Ctrl Pts',(7.4013275608927,-3.12140207587978,-0.850362036494579));
#6927=CARTESIAN_POINT('Ctrl Pts',(7.40315118592003,-3.1820169749948,-0.834177749889566));
#6928=CARTESIAN_POINT('',(7.32314310504065,-4.79927584679679,-1.36896861289639));
#6929=CARTESIAN_POINT('Ctrl Pts',(7.32314310504066,-4.79927584679678,-1.36896861289639));
#6930=CARTESIAN_POINT('Ctrl Pts',(7.34821513526123,-4.66283252488012,-1.23484861663829));
#6931=CARTESIAN_POINT('Ctrl Pts',(7.3650066156988,-4.50254922870763,-1.12547708599557));
#6932=CARTESIAN_POINT('Ctrl Pts',(7.39101509179597,-4.13131670383608,-0.940918481356674));
#6933=CARTESIAN_POINT('Ctrl Pts',(7.39800202191121,-3.92857489044674,-0.879352636405373));
#6934=CARTESIAN_POINT('Ctrl Pts',(7.40412729445685,-3.65570832045852,-0.825697721145378));
#6935=CARTESIAN_POINT('Ctrl Pts',(7.40559262404994,-3.55235729190608,-0.812224132298256));
#6936=CARTESIAN_POINT('Ctrl Pts',(7.40631027094735,-3.34587416389257,-0.805654937479492));
#6937=CARTESIAN_POINT('Ctrl Pts',(7.40538611475322,-3.25630307203931,-0.814343228956768));
#6938=CARTESIAN_POINT('Ctrl Pts',(7.40315118592003,-3.18201697499479,-0.834177749889565));
#6939=CARTESIAN_POINT('Ctrl Pts',(7.32314310504065,-4.79927584679679,-1.36896861289639));
#6940=CARTESIAN_POINT('Ctrl Pts',(7.3108484712337,-4.86618389786452,-1.43473736898343));
#6941=CARTESIAN_POINT('Ctrl Pts',(7.29766778542691,-4.93309194893226,-1.50034048830256));
#6942=CARTESIAN_POINT('Ctrl Pts',(7.28360583113868,-5.,-1.56575416224982));
#6943=CARTESIAN_POINT('Ctrl Pts',(4.42399471563612,-3.18201697499479,-5.99422812011886));
#6944=CARTESIAN_POINT('Ctrl Pts',(4.43709890646452,-3.12140207587977,-5.98455667121571));
#6945=CARTESIAN_POINT('Ctrl Pts',(4.443367939557,-3.05937234329719,-5.97988138291363));
#6946=CARTESIAN_POINT('Ctrl Pts',(4.443367939557,-3.00000014249235,-5.97988138291363));
#6947=CARTESIAN_POINT('Ctrl Pts',(4.443367939557,-2.91128979149915,-5.97988138291363));
#6948=CARTESIAN_POINT('Ctrl Pts',(4.4289179143463,-2.81680490886774,-5.99070036070438));
#6949=CARTESIAN_POINT('Ctrl Pts',(4.37061389024824,-2.6423137296464,-6.03336883487128));
#6950=CARTESIAN_POINT('Ctrl Pts',(4.3267642524231,-2.56227482352668,-6.06509083331208));
#6951=CARTESIAN_POINT('Ctrl Pts',(4.2292516914468,-2.43635808532377,-6.13345822509576));
#6952=CARTESIAN_POINT('Ctrl Pts',(4.16237612373729,-2.37519105101525,-6.17921311129581));
#6953=CARTESIAN_POINT('Ctrl Pts',(3.99374105456343,-2.26646634355125,-6.29037227931277));
#6954=CARTESIAN_POINT('Ctrl Pts',(3.85037983934998,-2.22540295387963,-6.37950117419441));
#6955=CARTESIAN_POINT('Ctrl Pts',(3.59962016065001,-2.22540295387963,-6.52427734219374));
#6956=CARTESIAN_POINT('Ctrl Pts',(3.45075166586456,-2.26646634355125,-6.60386734904518));
#6957=CARTESIAN_POINT('Ctrl Pts',(3.2701674679114,-2.37519105101525,-6.6943300189102));
#6958=CARTESIAN_POINT('Ctrl Pts',(3.19710479026013,-2.43635808532377,-6.72936851633912));
#6959=CARTESIAN_POINT('Ctrl Pts',(3.08914061169683,-2.56227482352668,-6.77963317544083));
#6960=CARTESIAN_POINT('Ctrl Pts',(3.03974373627572,-2.6423137296464,-6.80174707652375));
#6961=CARTESIAN_POINT('Ctrl Pts',(2.97363974165744,-2.81680490886774,-6.83090560545209));
#6962=CARTESIAN_POINT('Ctrl Pts',(2.95704521944231,-2.91128979149915,-6.8380102054745));
#6963=CARTESIAN_POINT('Ctrl Pts',(2.95704521944231,-3.05937234329719,-6.8380102054745));
#6964=CARTESIAN_POINT('Ctrl Pts',(2.96422865442817,-3.12140207587978,-6.83491870771029));
#6965=CARTESIAN_POINT('Ctrl Pts',(2.9791564702839,-3.1820169749948,-6.82840587000843));
#6966=CARTESIAN_POINT('Ctrl Pts',(-4.269754797027,-5.10379609513878,-4.58990384047223));
#6967=CARTESIAN_POINT('Ctrl Pts',(-4.52847748345697,-5.08168341537684,-4.8953439752871));
#6968=CARTESIAN_POINT('Ctrl Pts',(-4.97847603412808,-4.85437259877001,-5.68007663503511));
#6969=CARTESIAN_POINT('Ctrl Pts',(-4.93106070663233,-4.36120318169087,-6.47806972690185));
#6970=CARTESIAN_POINT('Ctrl Pts',(-4.7507902939819,-4.04127424293461,-6.84595552312588));
#6971=CARTESIAN_POINT('Ctrl Pts',(-4.14632061695708,-4.93913505500594,-4.6606385599321));
#6972=CARTESIAN_POINT('Ctrl Pts',(-4.37727559862841,-4.92148383640995,-4.94374454809296));
#6973=CARTESIAN_POINT('Ctrl Pts',(-4.77613704184638,-4.7203742166862,-5.66324293281955));
#6974=CARTESIAN_POINT('Ctrl Pts',(-4.7359256092802,-4.27201837775475,-6.38450165280276));
#6975=CARTESIAN_POINT('Ctrl Pts',(-4.57587779926962,-3.97798495872201,-6.71806931336705));
#6976=CARTESIAN_POINT('Ctrl Pts',(-3.98232485993805,-4.51558013952341,-4.72516076766341));
#6977=CARTESIAN_POINT('Ctrl Pts',(-4.16027931764369,-4.49847851139332,-4.96213584861374));
#6978=CARTESIAN_POINT('Ctrl Pts',(-4.46193789850544,-4.33319918006169,-5.55216628966916));
#6979=CARTESIAN_POINT('Ctrl Pts',(-4.43506503331708,-3.97306074860518,-6.13055856361005));
#6980=CARTESIAN_POINT('Ctrl Pts',(-4.31370049960747,-3.73324020946974,-6.40243393361191));
#6981=CARTESIAN_POINT('Ctrl Pts',(-4.0504593563102,-4.07679191261741,-4.60992591020705));
#6982=CARTESIAN_POINT('Ctrl Pts',(-4.20397498969428,-4.05169698248412,-4.81553070964331));
#6983=CARTESIAN_POINT('Ctrl Pts',(-4.46938408517171,-3.88777229642018,-5.3368188027492));
#6984=CARTESIAN_POINT('Ctrl Pts',(-4.44637685390948,-3.56740638021515,-5.85965066090047));
#6985=CARTESIAN_POINT('Ctrl Pts',(-4.34082988036207,-3.35996364503782,-6.10546385962525));
#6986=CARTESIAN_POINT('Ctrl Pts',(-4.13576213587624,-3.89843272213464,-4.51901886728482));
#6987=CARTESIAN_POINT('Ctrl Pts',(-4.28681223053133,-3.87002883500395,-4.71648527545237));
#6988=CARTESIAN_POINT('Ctrl Pts',(-4.55382740105675,-3.70189708170376,-5.22760976350497));
#6989=CARTESIAN_POINT('Ctrl Pts',(-4.52937115099825,-3.38377464992135,-5.75025534086127));
#6990=CARTESIAN_POINT('Ctrl Pts',(-4.42399471563613,-3.18201697499479,-5.99422812011886));
#6991=CARTESIAN_POINT('Ctrl Pts',(-4.42399471563613,-3.18201697499479,-5.99422812011886));
#6992=CARTESIAN_POINT('Ctrl Pts',(-4.52937115099825,-3.38377464992135,-5.75025534086127));
#6993=CARTESIAN_POINT('Ctrl Pts',(-4.55206405295946,-3.67895977187711,-5.26529363090842));
#6994=CARTESIAN_POINT('Ctrl Pts',(-4.32380168570211,-3.84500375531791,-4.79025151465744));
#6995=CARTESIAN_POINT('Ctrl Pts',(-4.20880974416385,-3.88046688902957,-4.62042341156143));
#6996=CARTESIAN_POINT('',(-4.63901086973886,-5.,-5.12829508349006));
#6997=CARTESIAN_POINT('Ctrl Pts',(-4.20079031776962,-5.,-4.62772738027349));
#6998=CARTESIAN_POINT('Ctrl Pts',(-4.20940397354404,-5.,-4.63742306047223));
#6999=CARTESIAN_POINT('Ctrl Pts',(-4.21801543968077,-4.99999999999884,-4.64714042027025));
#7000=CARTESIAN_POINT('Ctrl Pts',(-4.27973278837414,-4.99999999999884,-4.71694925590205));
#7001=CARTESIAN_POINT('Ctrl Pts',(-4.3280307836857,-5.,-4.77240861767351));
#7002=CARTESIAN_POINT('Ctrl Pts',(-4.48546563822242,-5.,-4.95413199635239));
#7003=CARTESIAN_POINT('Ctrl Pts',(-4.55507510462916,-5.,-5.03550647323935));
#7004=CARTESIAN_POINT('Ctrl Pts',(-4.63901086973886,-5.,-5.12829508349006));
#7005=CARTESIAN_POINT('Ctrl Pts',(-4.63877433890572,-4.99999825050001,-5.12861143138758));
#7006=CARTESIAN_POINT('Ctrl Pts',(-4.71625809033695,-4.95687978104371,-5.27381030145122));
#7007=CARTESIAN_POINT('Ctrl Pts',(-4.79047209268457,-4.89142940449447,-5.45084957928739));
#7008=CARTESIAN_POINT('Ctrl Pts',(-4.8395736686111,-4.81255689632441,-5.62855832301608));
#7009=CARTESIAN_POINT('Ctrl Pts',(-4.84693959334216,-4.79930184202262,-5.65763596639548));
#7010=CARTESIAN_POINT('Ctrl Pts',(-4.63901086973886,-5.,-5.12829508349006));
#7011=CARTESIAN_POINT('Ctrl Pts',(-4.75860251187888,-5.,-5.26050025559126));
#7012=CARTESIAN_POINT('Ctrl Pts',(-4.87819415401889,-5.,-5.39270542769246));
#7013=CARTESIAN_POINT('Ctrl Pts',(-4.99778579615891,-5.,-5.52491059979365));
#7014=CARTESIAN_POINT('Ctrl Pts',(-4.59295392620375,-4.93309194893226,-5.16995779170164));
#7015=CARTESIAN_POINT('Ctrl Pts',(-4.71135824095788,-4.93309194893226,-5.30323701014675));
#7016=CARTESIAN_POINT('Ctrl Pts',(-4.82976255515569,-4.93309194893226,-5.43651622796264));
#7017=CARTESIAN_POINT('Ctrl Pts',(-4.94816686990982,-4.93309194893226,-5.56979544640775));
#7018=CARTESIAN_POINT('Ctrl Pts',(-4.54633569329627,-4.86618389786452,-5.21100000960154));
#7019=CARTESIAN_POINT('Ctrl Pts',(-4.66353821068718,-4.86618389786452,-5.34533727821665));
#7020=CARTESIAN_POINT('Ctrl Pts',(-4.78074072752444,-4.86618389786452,-5.47967454620019));
#7021=CARTESIAN_POINT('Ctrl Pts',(-4.89794324491535,-4.86618389786452,-5.61401181481529));
#7022=CARTESIAN_POINT('Ctrl Pts',(-4.49917308964858,-4.79927584679679,-5.25140684219816));
#7023=CARTESIAN_POINT('Ctrl Pts',(-4.61515977585644,-4.79927584679679,-5.38678578082073));
#7024=CARTESIAN_POINT('Ctrl Pts',(-4.73114646206429,-4.79927584679679,-5.52216471944329));
#7025=CARTESIAN_POINT('Ctrl Pts',(-4.84713314827215,-4.79927584679679,-5.65754365806586));
#7026=CARTESIAN_POINT('',(-4.99778579615891,-5.,-5.52491059979365));
#7027=CARTESIAN_POINT('Origin',(6.25,-5.,0.));
#7028=CARTESIAN_POINT('',(-6.76073925527463,-5.,-1.45335371988096));
#7029=CARTESIAN_POINT('Ctrl Pts',(-6.76073925527463,-5.,-1.45335371988096));
#7030=CARTESIAN_POINT('Ctrl Pts',(-6.60566008683202,-5.,-1.42001640604265));
#7031=CARTESIAN_POINT('Ctrl Pts',(-6.45341790311161,-4.99999999999892,-1.39266556797914));
#7032=CARTESIAN_POINT('Ctrl Pts',(-6.20976795368127,-4.99999999999892,-1.34476006221059));
#7033=CARTESIAN_POINT('Ctrl Pts',(-6.15932390119366,-5.,-1.33465384224511));
#7034=CARTESIAN_POINT('Ctrl Pts',(-6.10812463199047,-5.,-1.32412744102346));
#7035=CARTESIAN_POINT('',(-7.28360583113868,-5.,-1.56575416224983));
#7036=CARTESIAN_POINT('Ctrl Pts',(-3.55337624921445,-4.04127424293459,-7.5372828442038));
#7037=CARTESIAN_POINT('Ctrl Pts',(-3.24682595243181,-4.28122099249623,-7.51641473434263));
#7038=CARTESIAN_POINT('Ctrl Pts',(-2.52750883131922,-4.78993548864417,-7.23969143996433));
#7039=CARTESIAN_POINT('Ctrl Pts',(-2.0203059956806,-5.07431252698894,-6.49504194133284));
#7040=CARTESIAN_POINT('Ctrl Pts',(-1.84009592826321,-5.10379609513877,-5.99266804239197));
#7041=CARTESIAN_POINT('Ctrl Pts',(-3.53007979012575,-3.97798495872199,-7.32186107546424));
#7042=CARTESIAN_POINT('Ctrl Pts',(-3.25340325796607,-4.1985100648086,-7.30072730071255));
#7043=CARTESIAN_POINT('Ctrl Pts',(-2.60492714137319,-4.6624385618095,-7.04713575162591));
#7044=CARTESIAN_POINT('Ctrl Pts',(-2.13600370290528,-4.91560010076226,-6.37655935843919));
#7045=CARTESIAN_POINT('Ctrl Pts',(-1.96307108227998,-4.93913505500594,-5.92113826648605));
#7046=CARTESIAN_POINT('Ctrl Pts',(-3.38782344928787,-3.7332434770977,-6.93698457693841));
#7047=CARTESIAN_POINT('Ctrl Pts',(-3.16572347422244,-3.91310891555218,-6.91385988578645));
#7048=CARTESIAN_POINT('Ctrl Pts',(-2.64829330786348,-4.28722206770131,-6.70233851815646));
#7049=CARTESIAN_POINT('Ctrl Pts',(-2.25595222594811,-4.49277833521934,-6.1748396670661));
#7050=CARTESIAN_POINT('Ctrl Pts',(-2.10095330311108,-4.5155805022961,-5.81137223163444));
#7051=CARTESIAN_POINT('Ctrl Pts',(-3.11707186414222,-3.35996364503781,-6.81200087971274));
#7052=CARTESIAN_POINT('Ctrl Pts',(-2.91783135527462,-3.51554572591952,-6.78837569600003));
#7053=CARTESIAN_POINT('Ctrl Pts',(-2.45131985797422,-3.84558582240974,-6.59539422764133));
#7054=CARTESIAN_POINT('Ctrl Pts',(-2.10215146436908,-4.04333201129538,-6.12709805359447));
#7055=CARTESIAN_POINT('Ctrl Pts',(-1.96708326964831,-4.07679191261741,-5.81276365466452));
#7056=CARTESIAN_POINT('Ctrl Pts',(-2.97915647028391,-3.18201697499479,-6.82840587000842));
#7057=CARTESIAN_POINT('Ctrl Pts',(-2.78117530098372,-3.33333525987999,-6.80536007590519));
#7058=CARTESIAN_POINT('Ctrl Pts',(-2.31449917720674,-3.65947009982405,-6.61440200009277));
#7059=CARTESIAN_POINT('Ctrl Pts',(-1.97301855501867,-3.86056087887758,-6.1472463545394));
#7060=CARTESIAN_POINT('Ctrl Pts',(-1.84570407131172,-3.89843272213464,-5.84118450732102));
#7061=CARTESIAN_POINT('Ctrl Pts',(-1.89709855148382,-3.88048363547728,-5.95510249923344));
#7062=CARTESIAN_POINT('Ctrl Pts',(-2.02292747029799,-3.83090361237288,-6.21319558132722));
#7063=CARTESIAN_POINT('Ctrl Pts',(-2.34815757124297,-3.63594805874996,-6.62817459704518));
#7064=CARTESIAN_POINT('Ctrl Pts',(-2.78117530098372,-3.33333525987999,-6.80536007590519));
#7065=CARTESIAN_POINT('Ctrl Pts',(-2.97915647028391,-3.18201697499479,-6.82840587000842));
#7066=CARTESIAN_POINT('Ctrl Pts',(-2.47659673374671,-4.79943800581617,-7.02601873806965));
#7067=CARTESIAN_POINT('Ctrl Pts',(-2.34608937247858,-4.88061254894687,-6.89752570016484));
#7068=CARTESIAN_POINT('Ctrl Pts',(-2.22744442469539,-4.94875089030765,-6.7475985001449));
#7069=CARTESIAN_POINT('Ctrl Pts',(-2.12311388452752,-5.00022199830143,-6.58085045299589));
#7070=CARTESIAN_POINT('Ctrl Pts',(-2.29826518612355,-4.79927584674605,-6.52210161260734));
#7071=CARTESIAN_POINT('Ctrl Pts',(-2.35751344302115,-4.79927584674605,-6.69023849872003));
#7072=CARTESIAN_POINT('Ctrl Pts',(-2.41676169991875,-4.79927584674605,-6.85837538483271));
#7073=CARTESIAN_POINT('Ctrl Pts',(-2.47600995681635,-4.79927584674605,-7.0265122709454));
#7074=CARTESIAN_POINT('Ctrl Pts',(-2.23969054077112,-4.8661838978307,-6.54274220918174));
#7075=CARTESIAN_POINT('Ctrl Pts',(-2.29742876938759,-4.8661838978307,-6.71141120098222));
#7076=CARTESIAN_POINT('Ctrl Pts',(-2.35516699773393,-4.8661838978307,-6.88008019198744));
#7077=CARTESIAN_POINT('Ctrl Pts',(-2.4129052263504,-4.8661838978307,-7.04874918378792));
#7078=CARTESIAN_POINT('Ctrl Pts',(-2.18083782097482,-4.93309194891535,-6.56259367421401));
#7079=CARTESIAN_POINT('Ctrl Pts',(-2.23705885258319,-4.93309194891535,-6.73177442797652));
#7080=CARTESIAN_POINT('Ctrl Pts',(-2.29327988392481,-4.93309194891535,-6.90095518094262));
#7081=CARTESIAN_POINT('Ctrl Pts',(-2.34950091553318,-4.93309194891535,-7.07013593470512));
#7082=CARTESIAN_POINT('Ctrl Pts',(-2.12172838549186,-5.,-6.58164880323472));
#7083=CARTESIAN_POINT('Ctrl Pts',(-2.17642560198783,-5.,-6.7513207895043));
#7084=CARTESIAN_POINT('Ctrl Pts',(-2.23112281848379,-5.,-6.92099277577389));
#7085=CARTESIAN_POINT('Ctrl Pts',(-2.28582003497976,-5.,-7.09066476204348));
#7086=CARTESIAN_POINT('Ctrl Pts',(-6.10985072529021,-5.10379609513878,1.40276420191973));
#7087=CARTESIAN_POINT('Ctrl Pts',(-6.50373090761277,-5.0816834196984,1.47410453955371));
#7088=CARTESIAN_POINT('Ctrl Pts',(-7.4083319789961,-4.85436965622706,1.47146608926067));
#7089=CARTESIAN_POINT('Ctrl Pts',(-8.07570325323174,-4.36120325320452,1.03138905210983));
#7090=CARTESIAN_POINT('Ctrl Pts',(-8.30416654319634,-4.04127424293461,0.691327321077923));
#7091=CARTESIAN_POINT('Ctrl Pts',(-6.10939169923706,-4.93913505500594,1.26049970655395));
#7092=CARTESIAN_POINT('Ctrl Pts',(-6.47004609729953,-4.9214838398596,1.31895958230643));
#7093=CARTESIAN_POINT('Ctrl Pts',(-7.29258402532022,-4.72036840255603,1.30465337239895));
#7094=CARTESIAN_POINT('Ctrl Pts',(-7.8971033797859,-4.27201844347998,0.909181129932181));
#7095=CARTESIAN_POINT('Ctrl Pts',(-8.10595758939536,-3.97798495872201,0.603791762097188));
#7096=CARTESIAN_POINT('Ctrl Pts',(-6.08327556619796,-4.51558162961085,1.08618565492625));
#7097=CARTESIAN_POINT('Ctrl Pts',(-6.37747917772036,-4.49848000482298,1.12181118857843));
#7098=CARTESIAN_POINT('Ctrl Pts',(-7.03928285123589,-4.33320164492495,1.0880418963999));
#7099=CARTESIAN_POINT('Ctrl Pts',(-7.52673513985784,-3.97307422398141,0.775574569873222));
#7100=CARTESIAN_POINT('Ctrl Pts',(-7.70150388915395,-3.73325363123893,0.534532061681146));
#7101=CARTESIAN_POINT('Ctrl Pts',(-6.01754262595851,-4.07679191261741,1.20283774445747));
#7102=CARTESIAN_POINT('Ctrl Pts',(-6.27235937230259,-4.05169698738851,1.23298377723647));
#7103=CARTESIAN_POINT('Ctrl Pts',(-6.85651990305422,-3.88777237921446,1.20220741927341));
#7104=CARTESIAN_POINT('Ctrl Pts',(-7.29779472080814,-3.56740642658478,0.920850027739841));
#7105=CARTESIAN_POINT('Ctrl Pts',(-7.45790174450429,-3.35996364503782,0.706537020087493));
#7106=CARTESIAN_POINT('Ctrl Pts',(-5.98146620718795,-3.89843272213464,1.3221656400362));
#7107=CARTESIAN_POINT('Ctrl Pts',(-6.22800213220125,-3.87002884055502,1.35424564889827));
#7108=CARTESIAN_POINT('Ctrl Pts',(-6.80415939414144,-3.70189498572618,1.32993590265827));
#7109=CARTESIAN_POINT('Ctrl Pts',(-7.24455274348066,-3.38377469502021,1.04742285716884));
#7110=CARTESIAN_POINT('Ctrl Pts',(-7.40315118592003,-3.18201697499479,0.834177749889566));
#7111=CARTESIAN_POINT('Ctrl Pts',(-7.40315118592003,-3.18201697499479,0.834177749889566));
#7112=CARTESIAN_POINT('Ctrl Pts',(-7.24455274348066,-3.38377469502021,1.04742285716884));
#7113=CARTESIAN_POINT('Ctrl Pts',(-6.83591267244637,-3.67895784977626,1.30956612329702));
#7114=CARTESIAN_POINT('Ctrl Pts',(-6.31038061361353,-3.84500350181442,1.34939775795269));
#7115=CARTESIAN_POINT('Ctrl Pts',(-6.10580889082483,-3.88046684120407,1.33472478699444));
#7116=CARTESIAN_POINT('',(-6.76073925527466,-5.,1.45335371988096));
#7117=CARTESIAN_POINT('Ctrl Pts',(-6.10812463199047,-5.,1.32412744102345));
#7118=CARTESIAN_POINT('Ctrl Pts',(-6.10853965474797,-5.,1.32421276833631));
#7119=CARTESIAN_POINT('Ctrl Pts',(-6.10895471398392,-4.9999999999991,1.32429808567715));
#7120=CARTESIAN_POINT('Ctrl Pts',(-6.1753842391372,-4.9999999999991,1.33795018822657));
#7121=CARTESIAN_POINT('Ctrl Pts',(-6.2391469717157,-5.,1.35061873846435));
#7122=CARTESIAN_POINT('Ctrl Pts',(-6.45327760329865,-5.,1.39231787637279));
#7123=CARTESIAN_POINT('Ctrl Pts',(-6.57616330975608,-5.,1.41502511134307));
#7124=CARTESIAN_POINT('Ctrl Pts',(-6.72075708929711,-5.,1.44485787347115));
#7125=CARTESIAN_POINT('Ctrl Pts',(-6.74078393841309,-5.,1.44906393249276));
#7126=CARTESIAN_POINT('Ctrl Pts',(-6.76073925527466,-5.,1.45335371988096));
#7127=CARTESIAN_POINT('Ctrl Pts',(-6.76089566599864,-4.99999750683186,1.45299538022789));
#7128=CARTESIAN_POINT('Ctrl Pts',(-6.92538382708525,-4.95687873726659,1.44750063694468));
#7129=CARTESIAN_POINT('Ctrl Pts',(-7.11581175249998,-4.89142801837269,1.42325427977814));
#7130=CARTESIAN_POINT('Ctrl Pts',(-7.29426289757974,-4.81255546670879,1.37692340402318));
#7131=CARTESIAN_POINT('Ctrl Pts',(-7.32312781935164,-4.79930042276281,1.36876367135675));
#7132=CARTESIAN_POINT('Ctrl Pts',(-6.76073925527466,-5.,1.45335371988096));
#7133=CARTESIAN_POINT('Ctrl Pts',(-6.935028113896,-5.,1.49082053400391));
#7134=CARTESIAN_POINT('Ctrl Pts',(-7.10931697251734,-5.,1.52828734812687));
#7135=CARTESIAN_POINT('Ctrl Pts',(-7.28360583113868,-5.,1.56575416224982));
#7136=CARTESIAN_POINT('Ctrl Pts',(-6.7737917472088,-4.93309194893226,1.3926358826531));
#7137=CARTESIAN_POINT('Ctrl Pts',(-6.94841709355586,-4.93309194893226,1.42853741792532));
#7138=CARTESIAN_POINT('Ctrl Pts',(-7.12304243907985,-4.93309194893226,1.46443895303034));
#7139=CARTESIAN_POINT('Ctrl Pts',(-7.29766778542691,-4.93309194893226,1.50034048830256));
#7140=CARTESIAN_POINT('Ctrl Pts',(-6.78602623408403,-4.86618389786452,1.33174219972573));
#7141=CARTESIAN_POINT('Ctrl Pts',(-6.96096698007518,-4.86618389786452,1.36607392286619));
#7142=CARTESIAN_POINT('Ctrl Pts',(-7.13590772524255,-4.86618389786452,1.40040564584297));
#7143=CARTESIAN_POINT('Ctrl Pts',(-7.3108484712337,-4.86618389786452,1.43473736898343));
#7144=CARTESIAN_POINT('Ctrl Pts',(-6.79743827577532,-4.79927584679679,1.27069477055991));
#7145=CARTESIAN_POINT('Ctrl Pts',(-6.97267321886376,-4.79927584679679,1.3034527180054));
#7146=CARTESIAN_POINT('Ctrl Pts',(-7.14790816195221,-4.79927584679679,1.3362106654509));
#7147=CARTESIAN_POINT('Ctrl Pts',(-7.32314310504065,-4.79927584679679,1.36896861289639));
#7148=CARTESIAN_POINT('',(-7.28360583113868,-5.,1.56575416224982));
#7149=CARTESIAN_POINT('Origin',(6.25,-5.,0.));
#7150=CARTESIAN_POINT('',(-4.63901086973884,-5.,5.12829508349003));
#7151=CARTESIAN_POINT('Ctrl Pts',(-4.63901086973884,-5.,5.12829508349003));
#7152=CARTESIAN_POINT('Ctrl Pts',(-4.53255398476935,-5.,5.01061001330536));
#7153=CARTESIAN_POINT('Ctrl Pts',(-4.43268932831875,-4.99999999999946,4.89236921197775));
#7154=CARTESIAN_POINT('Ctrl Pts',(-4.26936693794261,-4.99999999999946,4.70530779302269));
#7155=CARTESIAN_POINT('Ctrl Pts',(-4.2354471059382,-5.,4.66673766157541));
#7156=CARTESIAN_POINT('Ctrl Pts',(-4.20079031776963,-5.,4.62772738027349));
#7157=CARTESIAN_POINT('',(-4.99778579615891,-5.,5.52491059979365));
#7158=CARTESIAN_POINT('Ctrl Pts',(-8.30416654319634,-4.04127424293459,-0.691327321077924));
#7159=CARTESIAN_POINT('Ctrl Pts',(-8.13281907530462,-4.28122100122275,-0.946373619974438));
#7160=CARTESIAN_POINT('Ctrl Pts',(-7.53351488556413,-4.78993295623157,-1.43097216258852));
#7161=CARTESIAN_POINT('Ctrl Pts',(-6.63502430068777,-5.0743125279429,-1.49788465191136));
#7162=CARTESIAN_POINT('Ctrl Pts',(-6.10985072529018,-5.10379609513877,-1.40276420191973));
#7163=CARTESIAN_POINT('Ctrl Pts',(-8.10595758939536,-3.97798495872199,-0.60379176209719));
#7164=CARTESIAN_POINT('Ctrl Pts',(-7.94931693180589,-4.19851007282879,-0.832833788532542));
#7165=CARTESIAN_POINT('Ctrl Pts',(-7.40546459207372,-4.66243463495944,-1.26764941324525));
#7166=CARTESIAN_POINT('Ctrl Pts',(-6.59026422904159,-4.91560010152375,-1.33844620740402));
#7167=CARTESIAN_POINT('Ctrl Pts',(-6.10939169923703,-4.93913505500594,-1.26049970655394));
#7168=CARTESIAN_POINT('Ctrl Pts',(-7.70150388915395,-3.73325363123892,-0.534532061681147));
#7169=CARTESIAN_POINT('Ctrl Pts',(-7.5704273268619,-3.91311907623485,-0.715313943266505));
#7170=CARTESIAN_POINT('Ctrl Pts',(-7.12853615313853,-4.28722602546499,-1.05766054099459));
#7171=CARTESIAN_POINT('Ctrl Pts',(-6.47554704745658,-4.49277946327186,-1.1336863663691));
#7172=CARTESIAN_POINT('Ctrl Pts',(-6.08327556619793,-4.51558162961084,-1.08618565492625));
#7173=CARTESIAN_POINT('Ctrl Pts',(-7.45790174450429,-3.35996364503781,-0.706537020087495));
#7174=CARTESIAN_POINT('Ctrl Pts',(-7.33782147643905,-3.51554573157782,-0.867271776219122));
#7175=CARTESIAN_POINT('Ctrl Pts',(-6.93744232510764,-3.84558730288249,-1.17480556923467));
#7176=CARTESIAN_POINT('Ctrl Pts',(-6.35729828708263,-4.04333201237799,-1.24303245475044));
#7177=CARTESIAN_POINT('Ctrl Pts',(-6.01754262595849,-4.07679191261741,-1.20283774445747));
#7178=CARTESIAN_POINT('Ctrl Pts',(-7.40315118592004,-3.18201697499479,-0.834177749889567));
#7179=CARTESIAN_POINT('Ctrl Pts',(-7.28420235380015,-3.33333526538323,-0.994111580739431));
#7180=CARTESIAN_POINT('Ctrl Pts',(-6.88549264827582,-3.65946842233488,-1.30279395190641));
#7181=CARTESIAN_POINT('Ctrl Pts',(-6.31018077322606,-3.86056088010294,-1.36493898510153));
#7182=CARTESIAN_POINT('Ctrl Pts',(-5.98146620718793,-3.89843272213464,-1.3221656400362));
#7183=CARTESIAN_POINT('Ctrl Pts',(-6.10581930466932,-3.88048360910646,-1.33461590376518));
#7184=CARTESIAN_POINT('Ctrl Pts',(-6.39224926940013,-3.83090340999639,-1.35469229383858));
#7185=CARTESIAN_POINT('Ctrl Pts',(-6.91424903491152,-3.63594651898996,-1.28053066237543));
#7186=CARTESIAN_POINT('Ctrl Pts',(-7.28420235380015,-3.33333526538323,-0.994111580739431));
#7187=CARTESIAN_POINT('Ctrl Pts',(-7.40315118592004,-3.18201697499479,-0.834177749889567));
#7188=CARTESIAN_POINT('Ctrl Pts',(-7.32301041036476,-4.79943701297762,-1.36822013347417));
#7189=CARTESIAN_POINT('Ctrl Pts',(-7.14647821825918,-4.88061168680766,-1.41699566833394));
#7190=CARTESIAN_POINT('Ctrl Pts',(-6.95731444938628,-4.94875031125705,-1.44478007798179));
#7191=CARTESIAN_POINT('Ctrl Pts',(-6.76074063800791,-5.00022166126966,-1.45175752047769));
#7192=CARTESIAN_POINT('Ctrl Pts',(-6.79743827577528,-4.79927584679677,-1.2706947705599));
#7193=CARTESIAN_POINT('Ctrl Pts',(-6.97267321886374,-4.79927584679677,-1.3034527180054));
#7194=CARTESIAN_POINT('Ctrl Pts',(-7.1479081619522,-4.79927584679677,-1.3362106654509));
#7195=CARTESIAN_POINT('Ctrl Pts',(-7.32314310504066,-4.79927584679677,-1.36896861289639));
#7196=CARTESIAN_POINT('Ctrl Pts',(-6.78602623408399,-4.86618389786451,-1.33174219972572));
#7197=CARTESIAN_POINT('Ctrl Pts',(-6.96096698007516,-4.86618389786451,-1.36607392286619));
#7198=CARTESIAN_POINT('Ctrl Pts',(-7.13590772524254,-4.86618389786451,-1.40040564584297));
#7199=CARTESIAN_POINT('Ctrl Pts',(-7.3108484712337,-4.86618389786451,-1.43473736898343));
#7200=CARTESIAN_POINT('Ctrl Pts',(-6.77379174720876,-4.93309194893226,-1.3926358826531));
#7201=CARTESIAN_POINT('Ctrl Pts',(-6.94841709355584,-4.93309194893226,-1.42853741792532));
#7202=CARTESIAN_POINT('Ctrl Pts',(-7.12304243907983,-4.93309194893226,-1.46443895303035));
#7203=CARTESIAN_POINT('Ctrl Pts',(-7.29766778542691,-4.93309194893226,-1.50034048830257));
#7204=CARTESIAN_POINT('Ctrl Pts',(-6.76073925527463,-5.,-1.45335371988096));
#7205=CARTESIAN_POINT('Ctrl Pts',(-6.93502811389598,-5.,-1.49082053400392));
#7206=CARTESIAN_POINT('Ctrl Pts',(-7.10931697251733,-5.,-1.52828734812688));
#7207=CARTESIAN_POINT('Ctrl Pts',(-7.28360583113868,-5.,-1.56575416224983));
#7208=CARTESIAN_POINT('Ctrl Pts',(-1.84009592826318,-5.10379609513878,5.99266804239188));
#7209=CARTESIAN_POINT('Ctrl Pts',(-1.975253479032,-5.08168341899276,6.36944846717123));
#7210=CARTESIAN_POINT('Ctrl Pts',(-2.42985005717779,-4.85437196832951,7.15152734829172));
#7211=CARTESIAN_POINT('Ctrl Pts',(-3.14464252094031,-4.3612032417479,7.50945869777462));
#7212=CARTESIAN_POINT('Ctrl Pts',(-3.55337624921445,-4.04127424293461,7.5372828442038));
#7213=CARTESIAN_POINT('Ctrl Pts',(-1.96307108227995,-4.93913505500595,5.92113826648597));
#7214=CARTESIAN_POINT('Ctrl Pts',(-2.0927705479464,-4.92148383929633,6.26270408597091));
#7215=CARTESIAN_POINT('Ctrl Pts',(-2.51644093538126,-4.72037303148844,6.96787989049549));
#7216=CARTESIAN_POINT('Ctrl Pts',(-3.16117774794058,-4.27201843295068,7.29368270918169));
#7217=CARTESIAN_POINT('Ctrl Pts',(-3.53007979012574,-3.97798495872201,7.32186107546424));
#7218=CARTESIAN_POINT('Ctrl Pts',(-2.10095330311106,-4.51558050229611,5.81137223163438));
#7219=CARTESIAN_POINT('Ctrl Pts',(-2.21720249541582,-4.49847887696251,6.0839728086232));
#7220=CARTESIAN_POINT('Ctrl Pts',(-2.5773534163957,-4.33319989373734,6.64023079485712));
#7221=CARTESIAN_POINT('Ctrl Pts',(-3.09169014975806,-3.97306406125225,6.9061516554605));
#7222=CARTESIAN_POINT('Ctrl Pts',(-3.38782344928787,-3.73324347709772,6.9369845769384));
#7223=CARTESIAN_POINT('Ctrl Pts',(-1.96708326964828,-4.07679191261742,5.81276365466447));
#7224=CARTESIAN_POINT('Ctrl Pts',(-2.06838441584311,-4.0516969865877,6.0485144542209));
#7225=CARTESIAN_POINT('Ctrl Pts',(-2.38712655517045,-3.88777227570989,6.53901242025655));
#7226=CARTESIAN_POINT('Ctrl Pts',(-2.8514178528188,-3.56740641915628,6.78050063482175));
#7227=CARTESIAN_POINT('Ctrl Pts',(-3.11707186414222,-3.35996364503782,6.81200087971274));
#7228=CARTESIAN_POINT('Ctrl Pts',(-1.84570407131169,-3.89843272213465,5.84118450732097));
#7229=CARTESIAN_POINT('Ctrl Pts',(-1.94118993423729,-3.87002883964861,6.07073089308428));
#7230=CARTESIAN_POINT('Ctrl Pts',(-2.25032769810229,-3.70189663673066,6.55753662675442));
#7231=CARTESIAN_POINT('Ctrl Pts',(-2.71518157838055,-3.38377468779529,6.79767814459528));
#7232=CARTESIAN_POINT('Ctrl Pts',(-2.97915647028391,-3.18201697499479,6.82840587000843));
#7233=CARTESIAN_POINT('Ctrl Pts',(-2.97915647028391,-3.18201697499479,6.82840587000843));
#7234=CARTESIAN_POINT('Ctrl Pts',(-2.71518157838055,-3.38377468779529,6.79767814459528));
#7235=CARTESIAN_POINT('Ctrl Pts',(-2.28384465744903,-3.67895936357422,6.57485134398582));
#7236=CARTESIAN_POINT('Ctrl Pts',(-1.98657844687826,-3.84500370206132,6.1396480251421));
#7237=CARTESIAN_POINT('Ctrl Pts',(-1.89699912050227,-3.88046687811377,5.95514789009848));
#7238=CARTESIAN_POINT('',(-2.12172838553581,-5.,6.58164880337103));
#7239=CARTESIAN_POINT('Ctrl Pts',(-1.90733431422085,-5.,5.95185482129695));
#7240=CARTESIAN_POINT('Ctrl Pts',(-1.92195674501308,-5.,5.99585744637241));
#7241=CARTESIAN_POINT('Ctrl Pts',(-1.93661690509111,-5.,6.03932495258868));
#7242=CARTESIAN_POINT('Ctrl Pts',(-1.98923397018081,-5.,6.19361296552691));
#7243=CARTESIAN_POINT('Ctrl Pts',(-2.02525870948359,-5.,6.29623157379525));
#7244=CARTESIAN_POINT('Ctrl Pts',(-2.07920244062378,-5.,6.45312972375253));
#7245=CARTESIAN_POINT('Ctrl Pts',(-2.10140211546474,-5.,6.5185962599813));
#7246=CARTESIAN_POINT('Ctrl Pts',(-2.1217283855358,-5.,6.58164880337102));
#7247=CARTESIAN_POINT('Ctrl Pts',(-2.12211986634802,-4.9999981124872,6.58160262959011));
#7248=CARTESIAN_POINT('Ctrl Pts',(-2.20912365102435,-4.95687957695856,6.72130522884447));
#7249=CARTESIAN_POINT('Ctrl Pts',(-2.32533686549041,-4.89142912744372,6.87409637224034));
#7250=CARTESIAN_POINT('Ctrl Pts',(-2.45468632558229,-4.81255661143618,7.00547400963875));
#7251=CARTESIAN_POINT('Ctrl Pts',(-2.47618532696881,-4.79930156602354,7.02639189939582));
#7252=CARTESIAN_POINT('Ctrl Pts',(-2.12172838553581,-5.,6.58164880337103));
#7253=CARTESIAN_POINT('Ctrl Pts',(-2.17642560201713,-5.,6.75132078959518));
#7254=CARTESIAN_POINT('Ctrl Pts',(-2.23112281849845,-5.,6.92099277581932));
#7255=CARTESIAN_POINT('Ctrl Pts',(-2.28582003497977,-5.,7.09066476204347));
#7256=CARTESIAN_POINT('Ctrl Pts',(-2.18083782100505,-4.93309194893226,6.56259367435474));
#7257=CARTESIAN_POINT('Ctrl Pts',(-2.23705885259798,-4.93309194893226,6.73177442807207));
#7258=CARTESIAN_POINT('Ctrl Pts',(-2.29327988392416,-4.93309194893226,6.90095518099298));
#7259=CARTESIAN_POINT('Ctrl Pts',(-2.34950091551709,-4.93309194893226,7.07013593471031));
#7260=CARTESIAN_POINT('Ctrl Pts',(-2.23969054078776,-4.86618389786452,6.54274220932728));
#7261=CARTESIAN_POINT('Ctrl Pts',(-2.297428769388,-4.86618389786452,6.71141120108285));
#7262=CARTESIAN_POINT('Ctrl Pts',(-2.35516699771811,-4.86618389786452,6.88008019204316));
#7263=CARTESIAN_POINT('Ctrl Pts',(-2.41290522631835,-4.86618389786452,7.04874918379872));
#7264=CARTESIAN_POINT('Ctrl Pts',(-2.29826518612674,-4.79927584679679,6.52210161275807));
#7265=CARTESIAN_POINT('Ctrl Pts',(-2.35751344300733,-4.79927584679679,6.69023849882613));
#7266=CARTESIAN_POINT('Ctrl Pts',(-2.41676169988791,-4.79927584679679,6.8583753848942));
#7267=CARTESIAN_POINT('Ctrl Pts',(-2.4760099567685,-4.79927584679679,7.02651227096226));
#7268=CARTESIAN_POINT('',(-2.28582003497977,-5.,7.09066476204347));
#7269=CARTESIAN_POINT('Origin',(6.25,-5.,0.));
#7270=CARTESIAN_POINT('',(2.12172838553578,-5.,6.581648803371));
#7271=CARTESIAN_POINT('Ctrl Pts',(2.12172838553578,-5.,6.58164880337099));
#7272=CARTESIAN_POINT('Ctrl Pts',(2.07316098819229,-5.,6.43099165291395));
#7273=CARTESIAN_POINT('Ctrl Pts',(2.02088226367092,-5.,6.28587522129185));
#7274=CARTESIAN_POINT('Ctrl Pts',(1.9405549916853,-5.,6.05098778296748));
#7275=CARTESIAN_POINT('Ctrl Pts',(1.92395662232908,-5.,6.00187558747243));
#7276=CARTESIAN_POINT('Ctrl Pts',(1.90733431422084,-5.,5.95185482129695));
#7277=CARTESIAN_POINT('',(2.28582003497976,-5.,7.09066476204348));
#7278=CARTESIAN_POINT('Ctrl Pts',(-4.75079029398189,-4.0412742429346,6.84595552312588));
#7279=CARTESIAN_POINT('Ctrl Pts',(-4.88599310372464,-4.28122094745421,6.57004117543762));
#7280=CARTESIAN_POINT('Ctrl Pts',(-5.00599903739596,-4.7899361641555,5.80873328766529));
#7281=CARTESIAN_POINT('Ctrl Pts',(-4.61471837840008,-5.07431252216845,4.99715735292883));
#7282=CARTESIAN_POINT('Ctrl Pts',(-4.26975479702698,-5.10379609513877,4.58990384047221));
#7283=CARTESIAN_POINT('Ctrl Pts',(-4.57587779926962,-3.97798495872199,6.71806931336706));
#7284=CARTESIAN_POINT('Ctrl Pts',(-4.69591365700388,-4.19851002341235,6.46789356747213));
#7285=CARTESIAN_POINT('Ctrl Pts',(-4.80053164974913,-4.66243956926236,5.7795021154364));
#7286=CARTESIAN_POINT('Ctrl Pts',(-4.45426059204258,-4.91560009691436,5.03811321022942));
#7287=CARTESIAN_POINT('Ctrl Pts',(-4.14632061695706,-4.93913505500594,4.66063855993208));
#7288=CARTESIAN_POINT('Ctrl Pts',(-4.31370049960747,-3.73324020946972,6.40243393361191));
#7289=CARTESIAN_POINT('Ctrl Pts',(-4.40472390006131,-3.91310561416045,6.19852740572605));
#7290=CARTESIAN_POINT('Ctrl Pts',(-4.48025525175333,-4.28722060366382,5.64465703894982));
#7291=CARTESIAN_POINT('Ctrl Pts',(-4.21959746984526,-4.49277796871855,5.04112754177516));
#7292=CARTESIAN_POINT('Ctrl Pts',(-3.98232485993804,-4.51558013952341,4.72516076766339));
#7293=CARTESIAN_POINT('Ctrl Pts',(-4.34082988036207,-3.35996364503781,6.10546385962525));
#7294=CARTESIAN_POINT('Ctrl Pts',(-4.41999011067189,-3.51554569671416,5.92110396023405));
#7295=CARTESIAN_POINT('Ctrl Pts',(-4.48611572141454,-3.84558550490754,5.42060325094229));
#7296=CARTESIAN_POINT('Ctrl Pts',(-4.2551468671724,-4.04333200582477,4.88406564236473));
#7297=CARTESIAN_POINT('Ctrl Pts',(-4.05045935631019,-4.07679191261741,4.60992591020704));
#7298=CARTESIAN_POINT('Ctrl Pts',(-4.42399471563612,-3.18201697499479,5.99422812011886));
#7299=CARTESIAN_POINT('Ctrl Pts',(-4.50302704230673,-3.33333523147502,5.81124853533066));
#7300=CARTESIAN_POINT('Ctrl Pts',(-4.57098853525329,-3.65947054677833,5.31161637885825));
#7301=CARTESIAN_POINT('Ctrl Pts',(-4.33716226177153,-3.86056087268562,4.782307411101));
#7302=CARTESIAN_POINT('Ctrl Pts',(-4.13576213587622,-3.89843272213464,4.5190188672848));
#7303=CARTESIAN_POINT('Ctrl Pts',(-4.20872073403058,-3.88048364347242,4.62048681495764));
#7304=CARTESIAN_POINT('Ctrl Pts',(-4.3693212340106,-3.83090366503929,4.85850445079444));
#7305=CARTESIAN_POINT('Ctrl Pts',(-4.56608690279579,-3.63594847011817,5.34765168486458));
#7306=CARTESIAN_POINT('Ctrl Pts',(-4.50302704230673,-3.33333523147502,5.81124853533066));
#7307=CARTESIAN_POINT('Ctrl Pts',(-4.42399471563612,-3.18201697499479,5.99422812011886));
#7308=CARTESIAN_POINT('Ctrl Pts',(-4.84641085162291,-4.79943825684099,5.65780555801406));
#7309=CARTESIAN_POINT('Ctrl Pts',(-4.80038647117101,-4.88061277591357,5.48053632431656));
#7310=CARTESIAN_POINT('Ctrl Pts',(-4.72986856827132,-4.94875104858654,5.30282311496907));
#7311=CARTESIAN_POINT('Ctrl Pts',(-4.63762614585103,-5.00022209527434,5.12909612052012));
#7312=CARTESIAN_POINT('Ctrl Pts',(-4.49917308964349,-4.79927584679487,5.25140684219495));
#7313=CARTESIAN_POINT('Ctrl Pts',(-4.61515977585256,-4.79927584679487,5.386785780819));
#7314=CARTESIAN_POINT('Ctrl Pts',(-4.73114646206163,-4.79927584679487,5.52216471944305));
#7315=CARTESIAN_POINT('Ctrl Pts',(-4.8471331482707,-4.79927584679487,5.65754365806711));
#7316=CARTESIAN_POINT('Ctrl Pts',(-4.54633569329159,-4.86618389786324,5.21100000959799));
#7317=CARTESIAN_POINT('Ctrl Pts',(-4.66353821068374,-4.86618389786324,5.34533727821456));
#7318=CARTESIAN_POINT('Ctrl Pts',(-4.78074072752225,-4.86618389786324,5.47967454619956));
#7319=CARTESIAN_POINT('Ctrl Pts',(-4.8979432449144,-4.86618389786324,5.61401181481614));
#7320=CARTESIAN_POINT('Ctrl Pts',(-4.59295392619949,-4.93309194893162,5.16995779169774));
#7321=CARTESIAN_POINT('Ctrl Pts',(-4.71135824095489,-4.93309194893162,5.30323701014428));
#7322=CARTESIAN_POINT('Ctrl Pts',(-4.82976255515395,-4.93309194893162,5.43651622796162));
#7323=CARTESIAN_POINT('Ctrl Pts',(-4.94816686990935,-4.93309194893162,5.56979544640817));
#7324=CARTESIAN_POINT('Ctrl Pts',(-4.639010869735,-5.,5.12829508348579));
#7325=CARTESIAN_POINT('Ctrl Pts',(-4.7586025118763,-5.,5.26050025558841));
#7326=CARTESIAN_POINT('Ctrl Pts',(-4.87819415401761,-5.,5.39270542769103));
#7327=CARTESIAN_POINT('Ctrl Pts',(-4.99778579615891,-5.,5.52491059979365));
#7328=CARTESIAN_POINT('Ctrl Pts',(4.269754797027,-5.10379609513878,4.58990384047223));
#7329=CARTESIAN_POINT('Ctrl Pts',(4.52847748345697,-5.08168341537684,4.89534397528711));
#7330=CARTESIAN_POINT('Ctrl Pts',(4.97847603412808,-4.85437259877001,5.68007663503511));
#7331=CARTESIAN_POINT('Ctrl Pts',(4.93106070663233,-4.36120318169088,6.47806972690184));
#7332=CARTESIAN_POINT('Ctrl Pts',(4.75079029398189,-4.04127424293461,6.84595552312588));
#7333=CARTESIAN_POINT('Ctrl Pts',(4.14632061695708,-4.93913505500594,4.6606385599321));
#7334=CARTESIAN_POINT('Ctrl Pts',(4.37727559862842,-4.92148383640996,4.94374454809297));
#7335=CARTESIAN_POINT('Ctrl Pts',(4.77613704184637,-4.7203742166862,5.66324293281956));
#7336=CARTESIAN_POINT('Ctrl Pts',(4.73592560928021,-4.27201837775475,6.38450165280275));
#7337=CARTESIAN_POINT('Ctrl Pts',(4.57587779926961,-3.97798495872201,6.71806931336706));
#7338=CARTESIAN_POINT('Ctrl Pts',(3.98232485993805,-4.51558013952341,4.72516076766341));
#7339=CARTESIAN_POINT('Ctrl Pts',(4.16027931764369,-4.49847851139332,4.96213584861375));
#7340=CARTESIAN_POINT('Ctrl Pts',(4.46193789850544,-4.33319918006168,5.55216628966918));
#7341=CARTESIAN_POINT('Ctrl Pts',(4.43506503331708,-3.97306074860518,6.13055856361005));
#7342=CARTESIAN_POINT('Ctrl Pts',(4.31370049960747,-3.73324020946974,6.40243393361191));
#7343=CARTESIAN_POINT('Ctrl Pts',(4.0504593563102,-4.07679191261741,4.60992591020705));
#7344=CARTESIAN_POINT('Ctrl Pts',(4.20397498969428,-4.05169698248412,4.81553070964331));
#7345=CARTESIAN_POINT('Ctrl Pts',(4.46938408517171,-3.88777229642017,5.33681880274921));
#7346=CARTESIAN_POINT('Ctrl Pts',(4.44637685390948,-3.56740638021515,5.85965066090047));
#7347=CARTESIAN_POINT('Ctrl Pts',(4.34082988036207,-3.35996364503782,6.10546385962525));
#7348=CARTESIAN_POINT('Ctrl Pts',(4.13576213587623,-3.89843272213464,4.51901886728482));
#7349=CARTESIAN_POINT('Ctrl Pts',(4.28681223053133,-3.87002883500395,4.71648527545237));
#7350=CARTESIAN_POINT('Ctrl Pts',(4.55382740105675,-3.70189708170376,5.22760976350499));
#7351=CARTESIAN_POINT('Ctrl Pts',(4.52937115099825,-3.38377464992136,5.75025534086127));
#7352=CARTESIAN_POINT('Ctrl Pts',(4.42399471563612,-3.18201697499479,5.99422812011886));
#7353=CARTESIAN_POINT('Ctrl Pts',(4.42399471563612,-3.18201697499479,5.99422812011886));
#7354=CARTESIAN_POINT('Ctrl Pts',(4.52937115099825,-3.38377464992136,5.75025534086127));
#7355=CARTESIAN_POINT('Ctrl Pts',(4.55206405295946,-3.67895977187711,5.26529363090843));
#7356=CARTESIAN_POINT('Ctrl Pts',(4.32380168570211,-3.84500375531791,4.79025151465744));
#7357=CARTESIAN_POINT('Ctrl Pts',(4.20880974416385,-3.88046688902957,4.62042341156144));
#7358=CARTESIAN_POINT('',(4.63901086973886,-5.,5.12829508349006));
#7359=CARTESIAN_POINT('Ctrl Pts',(4.20079031776962,-5.,4.6277273802735));
#7360=CARTESIAN_POINT('Ctrl Pts',(4.20940397354402,-5.,4.63742306047222));
#7361=CARTESIAN_POINT('Ctrl Pts',(4.21801543968075,-4.99999999999884,4.64714042027023));
#7362=CARTESIAN_POINT('Ctrl Pts',(4.27973278837406,-4.99999999999884,4.71694925590197));
#7363=CARTESIAN_POINT('Ctrl Pts',(4.32803078368536,-5.,4.77240861767313));
#7364=CARTESIAN_POINT('Ctrl Pts',(4.48546563822257,-5.,4.95413199635256));
#7365=CARTESIAN_POINT('Ctrl Pts',(4.55507510462916,-5.,5.03550647323934));
#7366=CARTESIAN_POINT('Ctrl Pts',(4.63901086973886,-5.,5.12829508349007));
#7367=CARTESIAN_POINT('Ctrl Pts',(4.63877433890572,-4.99999825050001,5.12861143138758));
#7368=CARTESIAN_POINT('Ctrl Pts',(4.71625809033695,-4.95687978104371,5.27381030145122));
#7369=CARTESIAN_POINT('Ctrl Pts',(4.79047209268457,-4.89142940449447,5.45084957928739));
#7370=CARTESIAN_POINT('Ctrl Pts',(4.8395736686111,-4.81255689632442,5.62855832301607));
#7371=CARTESIAN_POINT('Ctrl Pts',(4.84693959334216,-4.79930184202262,5.65763596639547));
#7372=CARTESIAN_POINT('Origin',(3.02500014367979,-3.00000014249235,5.23945394175655));
#7373=CARTESIAN_POINT('Ctrl Pts',(1.89709855148382,-3.88048363547729,5.95510249923344));
#7374=CARTESIAN_POINT('Ctrl Pts',(2.02292747029799,-3.83090361237288,6.21319558132722));
#7375=CARTESIAN_POINT('Ctrl Pts',(2.34815757124295,-3.63594805874997,6.62817459704517));
#7376=CARTESIAN_POINT('Ctrl Pts',(2.78117530098372,-3.33333525987999,6.80536007590519));
#7377=CARTESIAN_POINT('Ctrl Pts',(2.97915647028391,-3.18201697499478,6.82840587000843));
#7378=CARTESIAN_POINT('Ctrl Pts',(3.55337624921445,-4.04127424293459,7.5372828442038));
#7379=CARTESIAN_POINT('Ctrl Pts',(3.24682595243181,-4.28122099249623,7.51641473434263));
#7380=CARTESIAN_POINT('Ctrl Pts',(2.5275088313192,-4.78993548864418,7.23969143996433));
#7381=CARTESIAN_POINT('Ctrl Pts',(2.02030599568059,-5.07431252698895,6.49504194133283));
#7382=CARTESIAN_POINT('Ctrl Pts',(1.84009592826321,-5.10379609513877,5.99266804239197));
#7383=CARTESIAN_POINT('Ctrl Pts',(3.53007979012575,-3.97798495872199,7.32186107546424));
#7384=CARTESIAN_POINT('Ctrl Pts',(3.25340325796606,-4.1985100648086,7.30072730071255));
#7385=CARTESIAN_POINT('Ctrl Pts',(2.60492714137317,-4.66243856180951,7.0471357516259));
#7386=CARTESIAN_POINT('Ctrl Pts',(2.13600370290527,-4.91560010076226,6.37655935843918));
#7387=CARTESIAN_POINT('Ctrl Pts',(1.96307108227998,-4.93913505500594,5.92113826648605));
#7388=CARTESIAN_POINT('Ctrl Pts',(3.38782344928787,-3.7332434770977,6.93698457693841));
#7389=CARTESIAN_POINT('Ctrl Pts',(3.16572347422244,-3.91310891555218,6.91385988578645));
#7390=CARTESIAN_POINT('Ctrl Pts',(2.64829330786347,-4.28722206770132,6.70233851815646));
#7391=CARTESIAN_POINT('Ctrl Pts',(2.2559522259481,-4.49277833521934,6.17483966706609));
#7392=CARTESIAN_POINT('Ctrl Pts',(2.10095330311108,-4.5155805022961,5.81137223163444));
#7393=CARTESIAN_POINT('Ctrl Pts',(3.11707186414222,-3.35996364503781,6.81200087971274));
#7394=CARTESIAN_POINT('Ctrl Pts',(2.91783135527461,-3.51554572591952,6.78837569600003));
#7395=CARTESIAN_POINT('Ctrl Pts',(2.4513198579742,-3.84558582240975,6.59539422764132));
#7396=CARTESIAN_POINT('Ctrl Pts',(2.10215146436908,-4.04333201129538,6.12709805359447));
#7397=CARTESIAN_POINT('Ctrl Pts',(1.96708326964831,-4.07679191261741,5.81276365466453));
#7398=CARTESIAN_POINT('Ctrl Pts',(2.97915647028391,-3.18201697499478,6.82840587000843));
#7399=CARTESIAN_POINT('Ctrl Pts',(2.78117530098372,-3.33333525987999,6.80536007590519));
#7400=CARTESIAN_POINT('Ctrl Pts',(2.31449917720672,-3.65947009982407,6.61440200009276));
#7401=CARTESIAN_POINT('Ctrl Pts',(1.97301855501866,-3.86056087887758,6.1472463545394));
#7402=CARTESIAN_POINT('Ctrl Pts',(1.84570407131171,-3.89843272213464,5.84118450732102));
#7403=CARTESIAN_POINT('Ctrl Pts',(2.4765967337467,-4.79943800581617,7.02601873806965));
#7404=CARTESIAN_POINT('Ctrl Pts',(2.34608937247858,-4.88061254894687,6.89752570016484));
#7405=CARTESIAN_POINT('Ctrl Pts',(2.22744442469539,-4.94875089030765,6.7475985001449));
#7406=CARTESIAN_POINT('Ctrl Pts',(2.12311388452752,-5.00022199830143,6.58085045299588));
#7407=CARTESIAN_POINT('Ctrl Pts',(4.63901086973886,-5.,5.12829508349006));
#7408=CARTESIAN_POINT('Ctrl Pts',(4.75860251187887,-5.,5.26050025559126));
#7409=CARTESIAN_POINT('Ctrl Pts',(4.87819415401889,-5.,5.39270542769246));
#7410=CARTESIAN_POINT('Ctrl Pts',(4.9977857961589,-5.,5.52491059979365));
#7411=CARTESIAN_POINT('Ctrl Pts',(4.59295392620374,-4.93309194893226,5.16995779170164));
#7412=CARTESIAN_POINT('Ctrl Pts',(4.71135824095788,-4.93309194893226,5.30323701014675));
#7413=CARTESIAN_POINT('Ctrl Pts',(4.82976255515568,-4.93309194893226,5.43651622796264));
#7414=CARTESIAN_POINT('Ctrl Pts',(4.94816686990982,-4.93309194893226,5.56979544640775));
#7415=CARTESIAN_POINT('Ctrl Pts',(4.54633569329626,-4.86618389786452,5.21100000960155));
#7416=CARTESIAN_POINT('Ctrl Pts',(4.66353821068717,-4.86618389786452,5.34533727821665));
#7417=CARTESIAN_POINT('Ctrl Pts',(4.78074072752444,-4.86618389786452,5.47967454620019));
#7418=CARTESIAN_POINT('Ctrl Pts',(4.89794324491535,-4.86618389786452,5.6140118148153));
#7419=CARTESIAN_POINT('Ctrl Pts',(4.49917308964858,-4.79927584679679,5.25140684219816));
#7420=CARTESIAN_POINT('Ctrl Pts',(4.61515977585643,-4.79927584679679,5.38678578082073));
#7421=CARTESIAN_POINT('Ctrl Pts',(4.73114646206429,-4.79927584679679,5.5221647194433));
#7422=CARTESIAN_POINT('Ctrl Pts',(4.84713314827215,-4.79927584679679,5.65754365806586));
#7423=CARTESIAN_POINT('',(4.9977857961589,-5.,5.52491059979365));
#7424=CARTESIAN_POINT('Ctrl Pts',(2.29826518612355,-4.79927584674605,6.52210161260734));
#7425=CARTESIAN_POINT('Ctrl Pts',(2.35751344302115,-4.79927584674605,6.69023849872003));
#7426=CARTESIAN_POINT('Ctrl Pts',(2.41676169991875,-4.79927584674605,6.85837538483271));
#7427=CARTESIAN_POINT('Ctrl Pts',(2.47600995681635,-4.79927584674605,7.0265122709454));
#7428=CARTESIAN_POINT('Ctrl Pts',(2.23969054077112,-4.8661838978307,6.54274220918174));
#7429=CARTESIAN_POINT('Ctrl Pts',(2.29742876938759,-4.8661838978307,6.71141120098222));
#7430=CARTESIAN_POINT('Ctrl Pts',(2.35516699773393,-4.8661838978307,6.88008019198744));
#7431=CARTESIAN_POINT('Ctrl Pts',(2.4129052263504,-4.8661838978307,7.04874918378792));
#7432=CARTESIAN_POINT('Ctrl Pts',(2.18083782097481,-4.93309194891535,6.56259367421401));
#7433=CARTESIAN_POINT('Ctrl Pts',(2.23705885258318,-4.93309194891535,6.73177442797652));
#7434=CARTESIAN_POINT('Ctrl Pts',(2.29327988392481,-4.93309194891535,6.90095518094262));
#7435=CARTESIAN_POINT('Ctrl Pts',(2.34950091553318,-4.93309194891535,7.07013593470512));
#7436=CARTESIAN_POINT('Ctrl Pts',(2.12172838549185,-5.,6.58164880323472));
#7437=CARTESIAN_POINT('Ctrl Pts',(2.17642560198782,-5.,6.7513207895043));
#7438=CARTESIAN_POINT('Ctrl Pts',(2.23112281848379,-5.,6.92099277577389));
#7439=CARTESIAN_POINT('Ctrl Pts',(2.28582003497976,-5.,7.09066476204348));
#7440=CARTESIAN_POINT('Origin',(6.25,-5.,0.));
#7441=CARTESIAN_POINT('',(6.76073925527463,-5.,1.45335371988096));
#7442=CARTESIAN_POINT('Ctrl Pts',(6.76073925527463,-5.,1.45335371988096));
#7443=CARTESIAN_POINT('Ctrl Pts',(6.60566008683202,-5.,1.42001640604265));
#7444=CARTESIAN_POINT('Ctrl Pts',(6.4534179031116,-4.99999999999892,1.39266556797914));
#7445=CARTESIAN_POINT('Ctrl Pts',(6.20976795368095,-4.99999999999892,1.34476006221053));
#7446=CARTESIAN_POINT('Ctrl Pts',(6.15932390119351,-5.,1.33465384224508));
#7447=CARTESIAN_POINT('Ctrl Pts',(6.10812463199047,-5.,1.32412744102346));
#7448=CARTESIAN_POINT('',(7.28360583113868,-5.,1.56575416224983));
#7449=CARTESIAN_POINT('Origin',(3.02500014367979,-3.00000014249235,-5.23945394175655));
#7450=CARTESIAN_POINT('Origin',(-3.02500014367979,-3.00000014249235,-5.23945394175655));
#7451=CARTESIAN_POINT('Origin',(-6.05000028735958,-3.00000014249235,1.11022302462516E-15));
#7452=CARTESIAN_POINT('Origin',(-3.02500014367979,-3.00000014249235,5.23945394175655));
#7453=CARTESIAN_POINT('Ctrl Pts',(6.10985072529021,-5.10379609513878,-1.40276420191973));
#7454=CARTESIAN_POINT('Ctrl Pts',(6.6350243017203,-5.07431252788494,-1.49788465209836));
#7455=CARTESIAN_POINT('Ctrl Pts',(7.53351490089766,-4.78993294764633,-1.43097215626254));
#7456=CARTESIAN_POINT('Ctrl Pts',(8.13281907572289,-4.28122100063704,-0.946373619351852));
#7457=CARTESIAN_POINT('Ctrl Pts',(8.30416654319634,-4.04127424293461,-0.69132732107792));
#7458=CARTESIAN_POINT('Ctrl Pts',(6.10939169923706,-4.93913505500594,-1.26049970655395));
#7459=CARTESIAN_POINT('Ctrl Pts',(6.59026422998702,-4.91560010147748,-1.33844620755726));
#7460=CARTESIAN_POINT('Ctrl Pts',(7.4054646059744,-4.66243462719382,-1.26764940747949));
#7461=CARTESIAN_POINT('Ctrl Pts',(7.94931693218826,-4.19851007229049,-0.832833787973432));
#7462=CARTESIAN_POINT('Ctrl Pts',(8.10595758939536,-3.977984958722,-0.603791762097186));
#7463=CARTESIAN_POINT('Ctrl Pts',(6.08327556619796,-4.51558162961085,-1.08618565492625));
#7464=CARTESIAN_POINT('Ctrl Pts',(6.47554704822782,-4.49277946322703,-1.13368636646248));
#7465=CARTESIAN_POINT('Ctrl Pts',(7.12853616433724,-4.28722601919645,-1.0576605362831));
#7466=CARTESIAN_POINT('Ctrl Pts',(7.57042732718187,-3.91311907579579,-0.715313942825202));
#7467=CARTESIAN_POINT('Ctrl Pts',(7.70150388915395,-3.73325363123893,-0.534532061681144));
#7468=CARTESIAN_POINT('Ctrl Pts',(6.01754262595851,-4.07679191261741,-1.20283774445747));
#7469=CARTESIAN_POINT('Ctrl Pts',(6.35729828775061,-4.04333201231221,-1.24303245482946));
#7470=CARTESIAN_POINT('Ctrl Pts',(6.93744233514126,-3.8455872972074,-1.17480556499982));
#7471=CARTESIAN_POINT('Ctrl Pts',(7.33782147673217,-3.51554573119804,-0.867271775826753));
#7472=CARTESIAN_POINT('Ctrl Pts',(7.45790174450429,-3.35996364503782,-0.706537020087491));
#7473=CARTESIAN_POINT('Ctrl Pts',(5.98146620718795,-3.89843272213464,-1.3221656400362));
#7474=CARTESIAN_POINT('Ctrl Pts',(6.31018077387234,-3.86056088002848,-1.36493898518562));
#7475=CARTESIAN_POINT('Ctrl Pts',(6.885492658267,-3.65946841666196,-1.30279394770116));
#7476=CARTESIAN_POINT('Ctrl Pts',(7.28420235409051,-3.33333526501386,-0.994111580349019));
#7477=CARTESIAN_POINT('Ctrl Pts',(7.40315118592004,-3.18201697499479,-0.834177749889564));
#7478=CARTESIAN_POINT('Ctrl Pts',(7.40315118592004,-3.18201697499479,-0.834177749889564));
#7479=CARTESIAN_POINT('Ctrl Pts',(7.28420235409051,-3.33333526501386,-0.994111580349019));
#7480=CARTESIAN_POINT('Ctrl Pts',(6.91424904409778,-3.63594651378566,-1.28053065852682));
#7481=CARTESIAN_POINT('Ctrl Pts',(6.39224927099825,-3.83090340928203,-1.35469229338831));
#7482=CARTESIAN_POINT('Ctrl Pts',(6.10581930466204,-3.88048360902103,-1.33461590365443));
#7483=CARTESIAN_POINT('Ctrl Pts',(6.76074063775762,-5.00022166047277,-1.45175751936978));
#7484=CARTESIAN_POINT('Ctrl Pts',(6.9573144491908,-4.94875031022074,-1.44478007655245));
#7485=CARTESIAN_POINT('Ctrl Pts',(7.14647821829739,-4.8806116857079,-1.41699566684488));
#7486=CARTESIAN_POINT('Ctrl Pts',(7.32301040993409,-4.79943701251904,-1.36822013267158));
#7487=CARTESIAN_POINT('Origin',(6.05000028735958,-3.00000014249235,0.));
#7488=CARTESIAN_POINT('Ctrl Pts',(6.10580889081643,-3.88046684117252,1.33472478695779));
#7489=CARTESIAN_POINT('Ctrl Pts',(6.31038061363871,-3.84500350169007,1.34939775782323));
#7490=CARTESIAN_POINT('Ctrl Pts',(6.83591267568891,-3.67895784862605,1.30956612287735));
#7491=CARTESIAN_POINT('Ctrl Pts',(7.24455274305575,-3.38377469556074,1.04742285774016));
#7492=CARTESIAN_POINT('Ctrl Pts',(7.40315118592003,-3.18201697499479,0.834177749889566));
#7493=CARTESIAN_POINT('Ctrl Pts',(8.30416654319634,-4.04127424293459,0.691327321077923));
#7494=CARTESIAN_POINT('Ctrl Pts',(8.07570325261965,-4.36120325406166,1.03138905302092));
#7495=CARTESIAN_POINT('Ctrl Pts',(7.40833198431658,-4.85436965454535,1.47146608878758));
#7496=CARTESIAN_POINT('Ctrl Pts',(6.5037309062827,-5.08168341985728,1.47410453938958));
#7497=CARTESIAN_POINT('Ctrl Pts',(6.10985072463344,-5.10379609517564,1.40276420180078));
#7498=CARTESIAN_POINT('Ctrl Pts',(8.10595758939536,-3.97798495872199,0.603791762097189));
#7499=CARTESIAN_POINT('Ctrl Pts',(7.89710337922634,-4.27201844426774,0.909181130750378));
#7500=CARTESIAN_POINT('Ctrl Pts',(7.29258403015171,-4.72036840105769,1.30465337191359));
#7501=CARTESIAN_POINT('Ctrl Pts',(6.47004609608395,-4.92148383999601,1.31895958217777));
#7502=CARTESIAN_POINT('Ctrl Pts',(6.10939169863567,-4.93913505503549,1.26049970645635));
#7503=CARTESIAN_POINT('Ctrl Pts',(7.70150388915395,-3.73325363123892,0.534532061681147));
#7504=CARTESIAN_POINT('Ctrl Pts',(7.52673513938961,-3.97307422462392,0.775574570519019));
#7505=CARTESIAN_POINT('Ctrl Pts',(7.03928285512099,-4.33320164370334,1.088041895904));
#7506=CARTESIAN_POINT('Ctrl Pts',(6.37747917673226,-4.49848000494148,1.12181118851241));
#7507=CARTESIAN_POINT('Ctrl Pts',(6.08327556570752,-4.51558162963931,1.086185654867));
#7508=CARTESIAN_POINT('Ctrl Pts',(7.45790174450429,-3.35996364503781,0.706537020087494));
#7509=CARTESIAN_POINT('Ctrl Pts',(7.29779472037919,-3.56740642714055,0.920850028314024));
#7510=CARTESIAN_POINT('Ctrl Pts',(6.85651990649325,-3.88777237804305,1.20220741882437));
#7511=CARTESIAN_POINT('Ctrl Pts',(6.27235937144184,-4.05169698752436,1.23298377718106));
#7512=CARTESIAN_POINT('Ctrl Pts',(6.01754262553339,-4.07679191265922,1.20283774440703));
#7513=CARTESIAN_POINT('Ctrl Pts',(7.40315118592003,-3.18201697499479,0.834177749889566));
#7514=CARTESIAN_POINT('Ctrl Pts',(7.24455274305575,-3.38377469556074,1.04742285774016));
#7515=CARTESIAN_POINT('Ctrl Pts',(6.80415939754627,-3.70189498453321,1.32993590224029));
#7516=CARTESIAN_POINT('Ctrl Pts',(6.22800213136384,-3.87002884070017,1.35424564883519));
#7517=CARTESIAN_POINT('Ctrl Pts',(5.98146620677687,-3.898432722182,1.32216563998271));
#7518=CARTESIAN_POINT('Ctrl Pts',(7.32312781929187,-4.79930042318353,1.36876367191543));
#7519=CARTESIAN_POINT('Ctrl Pts',(7.29426289822448,-4.81255546676153,1.37692340432498));
#7520=CARTESIAN_POINT('Ctrl Pts',(7.11581175398181,-4.89142801785403,1.42325427960344));
#7521=CARTESIAN_POINT('Ctrl Pts',(6.92538382891195,-4.95687873655793,1.44750063664274));
#7522=CARTESIAN_POINT('Ctrl Pts',(6.76089566756813,-4.99999750623836,1.45299537998539));
#7523=CARTESIAN_POINT('Ctrl Pts',(6.79743827577528,-4.79927584679677,1.2706947705599));
#7524=CARTESIAN_POINT('Ctrl Pts',(6.97267321886374,-4.79927584679677,1.3034527180054));
#7525=CARTESIAN_POINT('Ctrl Pts',(7.1479081619522,-4.79927584679677,1.3362106654509));
#7526=CARTESIAN_POINT('Ctrl Pts',(7.32314310504066,-4.79927584679677,1.3689686128964));
#7527=CARTESIAN_POINT('Ctrl Pts',(6.78602623408399,-4.86618389786452,1.33174219972573));
#7528=CARTESIAN_POINT('Ctrl Pts',(6.96096698007515,-4.86618389786452,1.36607392286619));
#7529=CARTESIAN_POINT('Ctrl Pts',(7.13590772524254,-4.86618389786452,1.40040564584297));
#7530=CARTESIAN_POINT('Ctrl Pts',(7.3108484712337,-4.86618389786452,1.43473736898343));
#7531=CARTESIAN_POINT('Ctrl Pts',(6.77379174720876,-4.93309194893226,1.3926358826531));
#7532=CARTESIAN_POINT('Ctrl Pts',(6.94841709355583,-4.93309194893226,1.42853741792532));
#7533=CARTESIAN_POINT('Ctrl Pts',(7.12304243907983,-4.93309194893226,1.46443895303035));
#7534=CARTESIAN_POINT('Ctrl Pts',(7.29766778542691,-4.93309194893226,1.50034048830257));
#7535=CARTESIAN_POINT('Ctrl Pts',(6.76073925527463,-5.,1.45335371988096));
#7536=CARTESIAN_POINT('Ctrl Pts',(6.93502811389598,-5.,1.49082053400392));
#7537=CARTESIAN_POINT('Ctrl Pts',(7.10931697251733,-5.,1.52828734812688));
#7538=CARTESIAN_POINT('Ctrl Pts',(7.28360583113868,-5.,1.56575416224983));
#7539=CARTESIAN_POINT('Ctrl Pts',(6.76073925527466,-5.,-1.45335371988096));
#7540=CARTESIAN_POINT('Ctrl Pts',(6.935028113896,-5.,-1.49082053400391));
#7541=CARTESIAN_POINT('Ctrl Pts',(7.10931697251734,-5.,-1.52828734812687));
#7542=CARTESIAN_POINT('Ctrl Pts',(7.28360583113868,-5.,-1.56575416224982));
#7543=CARTESIAN_POINT('Ctrl Pts',(6.77379174720879,-4.93309194893226,-1.3926358826531));
#7544=CARTESIAN_POINT('Ctrl Pts',(6.94841709355586,-4.93309194893226,-1.42853741792531));
#7545=CARTESIAN_POINT('Ctrl Pts',(7.12304243907984,-4.93309194893226,-1.46443895303034));
#7546=CARTESIAN_POINT('Ctrl Pts',(7.29766778542691,-4.93309194893226,-1.50034048830256));
#7547=CARTESIAN_POINT('Ctrl Pts',(6.78602623408402,-4.86618389786452,-1.33174219972573));
#7548=CARTESIAN_POINT('Ctrl Pts',(6.96096698007518,-4.86618389786452,-1.36607392286619));
#7549=CARTESIAN_POINT('Ctrl Pts',(7.13590772524255,-4.86618389786452,-1.40040564584297));
#7550=CARTESIAN_POINT('Ctrl Pts',(7.3108484712337,-4.86618389786452,-1.43473736898343));
#7551=CARTESIAN_POINT('Ctrl Pts',(6.79743827577532,-4.79927584679679,-1.27069477055991));
#7552=CARTESIAN_POINT('Ctrl Pts',(6.97267321886376,-4.79927584679679,-1.3034527180054));
#7553=CARTESIAN_POINT('Ctrl Pts',(7.14790816195221,-4.79927584679679,-1.3362106654509));
#7554=CARTESIAN_POINT('Ctrl Pts',(7.32314310504065,-4.79927584679679,-1.36896861289639));
#7555=CARTESIAN_POINT('Origin',(7.45,-1.,0.));
#7556=CARTESIAN_POINT('',(0.,0.,0.));
#7557=CARTESIAN_POINT('Origin',(24.9999995936047,-9.,-43.3012701892219));
#7558=CARTESIAN_POINT('',(23.9999995936047,-7.5,-43.3012701892219));
#7559=CARTESIAN_POINT('Origin',(24.9999995936047,-7.5,-43.3012701892219));
#7560=CARTESIAN_POINT('',(23.9999995936047,-6.,-43.3012701892219));
#7561=CARTESIAN_POINT('',(23.9999995936047,-9.,-43.3012701892219));
#7562=CARTESIAN_POINT('Origin',(24.9999995936047,-6.,-43.3012701892219));
#7563=CARTESIAN_POINT('Origin',(24.9999995936047,-9.,-43.3012701892219));
#7564=CARTESIAN_POINT('',(22.2999995936047,-9.,-43.3012701892219));
#7565=CARTESIAN_POINT('Origin',(24.9999995936047,-9.,-43.3012701892219));
#7566=CARTESIAN_POINT('',(22.2999995936047,-7.5,-43.3012701892219));
#7567=CARTESIAN_POINT('',(22.2999995936047,-9.,-43.3012701892219));
#7568=CARTESIAN_POINT('Origin',(24.9999995936047,-7.5,-43.3012701892219));
#7569=CARTESIAN_POINT('Origin',(24.9999995936047,-7.5,-43.3012701892219));
#7570=CARTESIAN_POINT('Origin',(-6.56858655152258E-47,-9.,3.48956160549637E-46));
#7571=CARTESIAN_POINT('',(5.16691628927589,-9.,8.56171571938797));
#7572=CARTESIAN_POINT('',(-3.21505177152045,-9.,-9.46907821084227));
#7573=CARTESIAN_POINT('Origin',(0.,-9.,0.));
#7574=CARTESIAN_POINT('',(17.0722731055948,-9.,-42.2283553404894));
#7575=CARTESIAN_POINT('Origin',(-12.9579390302556,-9.,-38.1641562402552));
#7576=CARTESIAN_POINT('',(32.990277700549,-9.,-43.695557207794));
#7577=CARTESIAN_POINT('Origin',(25.,-9.,-43.3012701892219));
#7578=CARTESIAN_POINT('Origin',(-24.653254160443,-9.,-40.8510883208275));
#7579=CARTESIAN_POINT('',(-2.7,-9.,-3.30654635769785E-16));
#7580=CARTESIAN_POINT('Origin',(-2.18952885050753E-47,-9.,1.16318720183212E-46));
#7581=CARTESIAN_POINT('Origin',(10.,-6.,0.));
#7582=CARTESIAN_POINT('',(22.1186781864635,-6.,-41.1136922260463));
#7583=CARTESIAN_POINT('',(4.19725619571332,-6.,-9.07651036618954));
#7584=CARTESIAN_POINT('Origin',(-17.8591311316575,-6.,-42.4458942092435));
#7585=CARTESIAN_POINT('',(9.7825077995549,-6.,-2.07425677090545));
#7586=CARTESIAN_POINT('Origin',(0.,-6.,0.));
#7587=CARTESIAN_POINT('',(27.4285945711841,-6.,-40.6199576690006));
#7588=CARTESIAN_POINT('Origin',(-60.9250067537475,-6.,-57.7559178964011));
#7589=CARTESIAN_POINT('Origin',(24.9999995936047,-6.,-43.3012701892219));
#7590=CARTESIAN_POINT('',(-3.9,-6.,-4.77612251667468E-16));
#7591=CARTESIAN_POINT('Origin',(0.,-6.,0.));
#7592=CARTESIAN_POINT('Origin',(24.9999995836472,-6.19601523765685,-43.3012701892219));
#7593=CARTESIAN_POINT('',(27.4285945928351,-8.,-40.6199577806338));
#7594=CARTESIAN_POINT('',(27.428594573306,-6.19601536102805,-40.6199576799412));
#7595=CARTESIAN_POINT('',(22.1186781821916,-8.,-41.1136920978542));
#7596=CARTESIAN_POINT('Origin',(24.9999994920059,-8.,-43.3012701892219));
#7597=CARTESIAN_POINT('',(22.1186781860448,-6.19601509128742,-41.1136922134827));
#7598=CARTESIAN_POINT('Origin',(-17.8591311316575,-9.,-42.4458942092435));
#7599=CARTESIAN_POINT('',(4.19725619571332,-8.,-9.07651036618954));
#7600=CARTESIAN_POINT('Origin',(-17.8591311316575,-8.,-42.4458942092435));
#7601=CARTESIAN_POINT('',(4.19725619571332,-9.,-9.07651036618955));
#7602=CARTESIAN_POINT('Origin',(14.9226823108076,-8.,-21.3697772344453));
#7603=CARTESIAN_POINT('',(9.7825077995549,-8.,-2.07425677090545));
#7604=CARTESIAN_POINT('Origin',(-60.9250067537475,-8.,-57.7559178964011));
#7605=CARTESIAN_POINT('',(5.16691628927589,-8.,8.56171571938797));
#7606=CARTESIAN_POINT('Origin',(0.,-8.,0.));
#7607=CARTESIAN_POINT('',(32.990277700549,-8.,-43.695557207794));
#7608=CARTESIAN_POINT('Origin',(-24.653254160443,-8.,-40.8510883208275));
#7609=CARTESIAN_POINT('',(17.0722731055948,-8.,-42.2283553404894));
#7610=CARTESIAN_POINT('Origin',(25.,-8.,-43.3012701892219));
#7611=CARTESIAN_POINT('',(-3.21505177152045,-8.,-9.46907821084227));
#7612=CARTESIAN_POINT('Origin',(-12.9579390302556,-8.,-38.1641562402552));
#7613=CARTESIAN_POINT('Origin',(0.,-8.,0.));
#7614=CARTESIAN_POINT('Origin',(-12.9579390302556,-9.,-38.1641562402552));
#7615=CARTESIAN_POINT('',(-3.21505177152045,-9.,-9.46907821084227));
#7616=CARTESIAN_POINT('',(17.0722731055948,-9.,-42.2283553404894));
#7617=CARTESIAN_POINT('Origin',(25.,-9.,-43.3012701892219));
#7618=CARTESIAN_POINT('',(32.990277700549,-9.,-43.695557207794));
#7619=CARTESIAN_POINT('Origin',(-24.653254160443,-9.,-40.8510883208275));
#7620=CARTESIAN_POINT('',(5.1669162892759,-9.,8.56171571938797));
#7621=CARTESIAN_POINT('Origin',(0.,-7.5,0.));
#7622=CARTESIAN_POINT('',(9.78250779955486,-9.,-2.07425677090543));
#7623=CARTESIAN_POINT('Origin',(-60.9250067537475,-9.,-57.7559178964011));
#7624=CARTESIAN_POINT('Origin',(-2.18952885050753E-47,-3.,1.16318720183212E-46));
#7625=CARTESIAN_POINT('',(-2.7,-3.6,-3.30654635769785E-16));
#7626=CARTESIAN_POINT('',(-2.7,-3.,-3.30654635769785E-16));
#7627=CARTESIAN_POINT('Origin',(-2.18952885050753E-47,-3.6,1.16318720183212E-46));
#7628=CARTESIAN_POINT('Origin',(0.,-1.6,0.));
#7629=CARTESIAN_POINT('',(-3.9,-1.6,-4.77612251667468E-16));
#7630=CARTESIAN_POINT('Origin',(0.,-1.6,0.));
#7631=CARTESIAN_POINT('',(-1.,-1.6,1.22464679914735E-16));
#7632=CARTESIAN_POINT('Origin',(1.97057596545677E-46,-1.6,-1.04686848164891E-45));
#7633=CARTESIAN_POINT('Origin',(0.,-6.,0.));
#7634=CARTESIAN_POINT('',(-3.9,-6.,4.77612251667468E-16));
#7635=CARTESIAN_POINT('Origin',(-1.79884035375674E-62,-3.6,1.43907228300539E-61));
#7636=CARTESIAN_POINT('',(-1.,-3.6,1.22464679914735E-16));
#7637=CARTESIAN_POINT('Origin',(1.97057596545677E-46,-3.6,-1.04686848164891E-45));
#7638=CARTESIAN_POINT('Origin',(1.97057596545677E-46,-1.6,-1.04686848164891E-45));
#7639=CARTESIAN_POINT('',(-1.,-1.6,-1.22464679914735E-16));
#7640=CARTESIAN_POINT('',(0.,0.,0.));
#7641=CARTESIAN_POINT('Origin',(12.0448077572893,-5.00000000000001,-7.13600771369711));
#7642=CARTESIAN_POINT('',(10.0448077572893,-1.00000000000001,-7.13600771369711));
#7643=CARTESIAN_POINT('Origin',(12.0448077572893,-1.00000000000001,-7.13600771369711));
#7644=CARTESIAN_POINT('',(10.0448077572893,-5.00000000000001,-7.13600771369711));
#7645=CARTESIAN_POINT('',(10.0448077572893,-5.00000000000001,-7.13600771369711));
#7646=CARTESIAN_POINT('Origin',(12.0448077572893,-5.00000000000001,-7.13600771369711));
#7647=CARTESIAN_POINT('Origin',(12.0448077572893,-5.00000000000001,-7.13600771369711));
#7648=CARTESIAN_POINT('Origin',(12.0448077572893,-1.00000000000001,-7.13600771369711));
#7649=CARTESIAN_POINT('Origin',(-1.62701206081475E-15,-5.00000000000001,
1.17887700656546E-15));
#7650=CARTESIAN_POINT('',(-9.99429944989579,-1.,-9.88173281790409E-16));
#7651=CARTESIAN_POINT('Origin',(-5.16789036189598E-16,-1.00000000000001,
2.35775401313095E-16));
#7652=CARTESIAN_POINT('',(-9.99429944989579,-5.,-4.50716765380383E-17));
#7653=CARTESIAN_POINT('',(-9.99429944989579,-5.,2.40282568966897E-15));
#7654=CARTESIAN_POINT('Origin',(-1.62701206081475E-15,-5.00000000000001,
1.17887700656546E-15));
#7655=CARTESIAN_POINT('Origin',(-1.62701206081475E-15,-5.00000000000001,
1.17887700656546E-15));
#7656=CARTESIAN_POINT('Origin',(-5.16789036189598E-16,-1.00000000000001,
2.35775401313095E-16));
#7657=CARTESIAN_POINT('Origin',(22.9638704919875,-5.00000000000002,-29.4260009959882));
#7658=CARTESIAN_POINT('',(20.9638704919875,-1.00000000000002,-29.4260009959882));
#7659=CARTESIAN_POINT('Origin',(22.9638704919875,-1.00000000000002,-29.4260009959882));
#7660=CARTESIAN_POINT('',(20.9638704919875,-5.00000000000002,-29.4260009959882));
#7661=CARTESIAN_POINT('',(20.9638704919875,-5.00000000000002,-29.4260009959882));
#7662=CARTESIAN_POINT('Origin',(22.9638704919875,-5.00000000000002,-29.4260009959882));
#7663=CARTESIAN_POINT('Origin',(22.9638704919875,-5.00000000000002,-29.4260009959882));
#7664=CARTESIAN_POINT('Origin',(22.9638704919875,-1.00000000000002,-29.4260009959882));
#7665=CARTESIAN_POINT('Origin',(8.60241557653137,-5.00000000000001,-11.0452906819445));
#7666=CARTESIAN_POINT('',(6.60241557653137,-1.00000000000001,-11.0452906819445));
#7667=CARTESIAN_POINT('Origin',(8.60241557653137,-1.00000000000001,-11.0452906819445));
#7668=CARTESIAN_POINT('',(6.60241557653137,-5.00000000000001,-11.0452906819445));
#7669=CARTESIAN_POINT('',(6.60241557653137,-5.00000000000001,-11.0452906819445));
#7670=CARTESIAN_POINT('Origin',(8.60241557653137,-5.00000000000001,-11.0452906819445));
#7671=CARTESIAN_POINT('Origin',(8.60241557653137,-5.00000000000001,-11.0452906819445));
#7672=CARTESIAN_POINT('Origin',(8.60241557653137,-1.00000000000001,-11.0452906819445));
#7673=CARTESIAN_POINT('',(0.,0.,0.));
#7674=CARTESIAN_POINT('',(0.,0.,0.));
#7675=CARTESIAN_POINT('',(0.,0.,0.));
#7676=CARTESIAN_POINT('',(0.,0.,0.));
#7677=CARTESIAN_POINT('',(0.,0.,0.));
#7678=UNCERTAINTY_MEASURE_WITH_UNIT(LENGTH_MEASURE(0.01),#7692,
'DISTANCE_ACCURACY_VALUE',
'Maximum model space distance between geometric entities at asserted c
onnectivities');
#7679=UNCERTAINTY_MEASURE_WITH_UNIT(LENGTH_MEASURE(0.01),#7692,
'DISTANCE_ACCURACY_VALUE',
'Maximum model space distance between geometric entities at asserted c
onnectivities');
#7680=UNCERTAINTY_MEASURE_WITH_UNIT(LENGTH_MEASURE(0.01),#7692,
'DISTANCE_ACCURACY_VALUE',
'Maximum model space distance between geometric entities at asserted c
onnectivities');
#7681=UNCERTAINTY_MEASURE_WITH_UNIT(LENGTH_MEASURE(0.01),#7692,
'DISTANCE_ACCURACY_VALUE',
'Maximum model space distance between geometric entities at asserted c
onnectivities');
#7682=UNCERTAINTY_MEASURE_WITH_UNIT(LENGTH_MEASURE(0.01),#7692,
'DISTANCE_ACCURACY_VALUE',
'Maximum model space distance between geometric entities at asserted c
onnectivities');
#7683=UNCERTAINTY_MEASURE_WITH_UNIT(LENGTH_MEASURE(0.01),#7692,
'DISTANCE_ACCURACY_VALUE',
'Maximum model space distance between geometric entities at asserted c
onnectivities');
#7684=UNCERTAINTY_MEASURE_WITH_UNIT(LENGTH_MEASURE(0.01),#7692,
'DISTANCE_ACCURACY_VALUE',
'Maximum model space distance between geometric entities at asserted c
onnectivities');
#7685=(
GEOMETRIC_REPRESENTATION_CONTEXT(3)
GLOBAL_UNCERTAINTY_ASSIGNED_CONTEXT((#7678))
GLOBAL_UNIT_ASSIGNED_CONTEXT((#7692,#7694,#7695))
REPRESENTATION_CONTEXT('','3D')
);
#7686=(
GEOMETRIC_REPRESENTATION_CONTEXT(3)
GLOBAL_UNCERTAINTY_ASSIGNED_CONTEXT((#7679))
GLOBAL_UNIT_ASSIGNED_CONTEXT((#7692,#7694,#7695))
REPRESENTATION_CONTEXT('','3D')
);
#7687=(
GEOMETRIC_REPRESENTATION_CONTEXT(3)
GLOBAL_UNCERTAINTY_ASSIGNED_CONTEXT((#7680))
GLOBAL_UNIT_ASSIGNED_CONTEXT((#7692,#7694,#7695))
REPRESENTATION_CONTEXT('','3D')
);
#7688=(
GEOMETRIC_REPRESENTATION_CONTEXT(3)
GLOBAL_UNCERTAINTY_ASSIGNED_CONTEXT((#7681))
GLOBAL_UNIT_ASSIGNED_CONTEXT((#7692,#7694,#7695))
REPRESENTATION_CONTEXT('','3D')
);
#7689=(
GEOMETRIC_REPRESENTATION_CONTEXT(3)
GLOBAL_UNCERTAINTY_ASSIGNED_CONTEXT((#7682))
GLOBAL_UNIT_ASSIGNED_CONTEXT((#7692,#7694,#7695))
REPRESENTATION_CONTEXT('','3D')
);
#7690=(
GEOMETRIC_REPRESENTATION_CONTEXT(3)
GLOBAL_UNCERTAINTY_ASSIGNED_CONTEXT((#7683))
GLOBAL_UNIT_ASSIGNED_CONTEXT((#7692,#7694,#7695))
REPRESENTATION_CONTEXT('','3D')
);
#7691=(
GEOMETRIC_REPRESENTATION_CONTEXT(3)
GLOBAL_UNCERTAINTY_ASSIGNED_CONTEXT((#7684))
GLOBAL_UNIT_ASSIGNED_CONTEXT((#7692,#7694,#7695))
REPRESENTATION_CONTEXT('','3D')
);
#7692=(
LENGTH_UNIT()
NAMED_UNIT(*)
SI_UNIT(.MILLI.,.METRE.)
);
#7693=(
LENGTH_UNIT()
NAMED_UNIT(*)
SI_UNIT($,.METRE.)
);
#7694=(
NAMED_UNIT(*)
PLANE_ANGLE_UNIT()
SI_UNIT($,.RADIAN.)
);
#7695=(
NAMED_UNIT(*)
SI_UNIT($,.STERADIAN.)
SOLID_ANGLE_UNIT()
);
#7696=SHAPE_DEFINITION_REPRESENTATION(#7702,#7713);
#7697=SHAPE_DEFINITION_REPRESENTATION(#7703,#7714);
#7698=SHAPE_DEFINITION_REPRESENTATION(#7704,#7715);
#7699=SHAPE_DEFINITION_REPRESENTATION(#7705,#7716);
#7700=SHAPE_DEFINITION_REPRESENTATION(#7706,#7717);
#7701=SHAPE_DEFINITION_REPRESENTATION(#7707,#7718);
#7702=PRODUCT_DEFINITION_SHAPE('',$,#7720);
#7703=PRODUCT_DEFINITION_SHAPE('',$,#7721);
#7704=PRODUCT_DEFINITION_SHAPE('',$,#7722);
#7705=PRODUCT_DEFINITION_SHAPE('',$,#7723);
#7706=PRODUCT_DEFINITION_SHAPE('',$,#7724);
#7707=PRODUCT_DEFINITION_SHAPE('',$,#7725);
#7708=PRODUCT_DEFINITION_SHAPE($,$,#26);
#7709=PRODUCT_DEFINITION_SHAPE($,$,#27);
#7710=PRODUCT_DEFINITION_SHAPE($,$,#28);
#7711=PRODUCT_DEFINITION_SHAPE($,$,#29);
#7712=PRODUCT_DEFINITION_SHAPE($,$,#30);
#7713=SHAPE_REPRESENTATION('',(#3136,#3399,#3400,#3401,#3402,#3403),#7685);
#7714=SHAPE_REPRESENTATION('',(#3137),#7686);
#7715=SHAPE_REPRESENTATION('',(#3205),#7687);
#7716=SHAPE_REPRESENTATION('',(#3303),#7688);
#7717=SHAPE_REPRESENTATION('',(#3333),#7689);
#7718=SHAPE_REPRESENTATION('',(#3378),#7690);
#7719=PRODUCT_DEFINITION_CONTEXT('part definition',#7739,'design');
#7720=PRODUCT_DEFINITION('\X2\5927817F90E85206\X0\','\X2\5927817F90E85206\X0\',
#7726,#7719);
#7721=PRODUCT_DEFINITION('\X2\5927817F4E3B52A8529B53D1751F5668\X0\',
'\X2\5927817F4E3B52A8529B53D1751F5668\X0\',#7727,#7719);
#7722=PRODUCT_DEFINITION('\X2\5C0F817F4FDD630167B6\X0\',
'\X2\5C0F817F4FDD630167B6\X0\',#7728,#7719);
#7723=PRODUCT_DEFINITION('\X2\9ACB517382824FDD630167B6\X0\',
'\X2\9ACB517382824FDD630167B6\X0\',#7729,#7719);
#7724=PRODUCT_DEFINITION('\X2\5927817F76D6677F\X0\','\X2\5927817F76D6677F\X0\',
#7730,#7719);
#7725=PRODUCT_DEFINITION('COL_\X2\570667F15B9E4F537EC4\X0\',
'COL_\X2\570667F15B9E4F537EC4\X0\',#7731,#7719);
#7726=PRODUCT_DEFINITION_FORMATION('',$,#7741);
#7727=PRODUCT_DEFINITION_FORMATION('',$,#7742);
#7728=PRODUCT_DEFINITION_FORMATION('',$,#7743);
#7729=PRODUCT_DEFINITION_FORMATION('',$,#7744);
#7730=PRODUCT_DEFINITION_FORMATION('',$,#7745);
#7731=PRODUCT_DEFINITION_FORMATION('',$,#7746);
#7732=PRODUCT_RELATED_PRODUCT_CATEGORY('\X2\5927817F90E85206\X0\',
'\X2\5927817F90E85206\X0\',(#7741));
#7733=PRODUCT_RELATED_PRODUCT_CATEGORY('\X2\5927817F4E3B52A8529B53D1751F5668\X0\',
'\X2\5927817F4E3B52A8529B53D1751F5668\X0\',(#7742));
#7734=PRODUCT_RELATED_PRODUCT_CATEGORY('\X2\5C0F817F4FDD630167B6\X0\',
'\X2\5C0F817F4FDD630167B6\X0\',(#7743));
#7735=PRODUCT_RELATED_PRODUCT_CATEGORY('\X2\9ACB517382824FDD630167B6\X0\',
'\X2\9ACB517382824FDD630167B6\X0\',(#7744));
#7736=PRODUCT_RELATED_PRODUCT_CATEGORY('\X2\5927817F76D6677F\X0\',
'\X2\5927817F76D6677F\X0\',(#7745));
#7737=PRODUCT_RELATED_PRODUCT_CATEGORY('COL_\X2\570667F15B9E4F537EC4\X0\',
'COL_\X2\570667F15B9E4F537EC4\X0\',(#7746));
#7738=APPLICATION_PROTOCOL_DEFINITION('international standard',
'automotive_design',2009,#7739);
#7739=APPLICATION_CONTEXT(
'Core Data for Automotive Mechanical Design Process');
#7740=PRODUCT_CONTEXT('part definition',#7739,'mechanical');
#7741=PRODUCT('\X2\5927817F90E85206\X0\','\X2\5927817F90E85206\X0\',$,(#7740));
#7742=PRODUCT('\X2\5927817F4E3B52A8529B53D1751F5668\X0\',
'\X2\5927817F4E3B52A8529B53D1751F5668\X0\',$,(#7740));
#7743=PRODUCT('\X2\5C0F817F4FDD630167B6\X0\','\X2\5C0F817F4FDD630167B6\X0\',
$,(#7740));
#7744=PRODUCT('\X2\9ACB517382824FDD630167B6\X0\','\X2\9ACB517382824FDD630167B6\X0\',
$,(#7740));
#7745=PRODUCT('\X2\5927817F76D6677F\X0\','\X2\5927817F76D6677F\X0\',$,(#7740));
#7746=PRODUCT('COL_\X2\570667F15B9E4F537EC4\X0\','COL_\X2\570667F15B9E4F537EC4\X0\',
$,(#7740));
#7747=PRESENTATION_STYLE_ASSIGNMENT((#7748));
#7748=SURFACE_STYLE_USAGE(.BOTH.,#7749);
#7749=SURFACE_SIDE_STYLE('',(#7750));
#7750=SURFACE_STYLE_FILL_AREA(#7751);
#7751=FILL_AREA_STYLE('\X2\94A2\X0\ - \X2\7F0E5149\X0\',(#7752));
#7752=FILL_AREA_STYLE_COLOUR('\X2\94A2\X0\ - \X2\7F0E5149\X0\',#7753);
#7753=COLOUR_RGB('\X2\94A2\X0\ - \X2\7F0E5149\X0\',0.627450980392157,0.627450980392157,
0.627450980392157);
ENDSEC;
END-ISO-10303-21;
