ISO-10303-21;
HEADER;
/* Generated by software containing ST-Developer
 * from STEP Tools, Inc. (www.steptools.com) 
 */

FILE_DESCRIPTION(
/* description */ (''),
/* implementation_level */ '2;1');

FILE_NAME(
/* name */ '',
/* time_stamp */ '2026-07-15T12:12:02+08:00',
/* author */ (''),
/* organization */ (''),
/* preprocessor_version */ 'ST-DEVELOPER v20.1',
/* originating_system */ 'Autodesk Translation Framework v15.8.0.0',
/* authorisation */ '');

FILE_SCHEMA (('AUTOMOTIVE_DESIGN { 1 0 10303 214 3 1 1 }'));
ENDSEC;

DATA;
#10=MECHANICAL_DESIGN_GEOMETRIC_PRESENTATION_REPRESENTATION('',(#145,#146),
#2500);
#11=ITEM_DEFINED_TRANSFORMATION($,$,#1028,#1061);
#12=(
REPRESENTATION_RELATIONSHIP($,$,#2511,#2510)
REPRESENTATION_RELATIONSHIP_WITH_TRANSFORMATION(#11)
SHAPE_REPRESENTATION_RELATIONSHIP()
);
#13=CONTEXT_DEPENDENT_SHAPE_REPRESENTATION(#12,#2509);
#14=NEXT_ASSEMBLY_USAGE_OCCURRENCE('COL_\X2\819D76D652A8529B53D1751F\X0\:
1','COL_\X2\819D76D652A8529B53D1751F\X0\:1','COL_\X2\819D76D652A8529B53D1751F\X0\:
1',#2513,#2514,'COL_\X2\819D76D652A8529B53D1751F\X0\:1');
#15=B_SPLINE_SURFACE_WITH_KNOTS('',3,1,((#1573,#1574),(#1575,#1576),(#1577,
#1578),(#1579,#1580),(#1581,#1582),(#1583,#1584),(#1585,#1586)),
 .UNSPECIFIED.,.F.,.F.,.F.,(4,3,4),(2,2),(-1.,-0.28074217867958,0.),(0.,
0.3),.UNSPECIFIED.);
#16=B_SPLINE_SURFACE_WITH_KNOTS('',3,1,((#1598,#1599),(#1600,#1601),(#1602,
#1603),(#1604,#1605),(#1606,#1607),(#1608,#1609),(#1610,#1611)),
 .UNSPECIFIED.,.F.,.F.,.F.,(4,3,4),(2,2),(0.,0.710283751862059,1.),(0.,
0.3),.UNSPECIFIED.);
#17=B_SPLINE_SURFACE_WITH_KNOTS('',3,1,((#1621,#1622),(#1623,#1624),(#1625,
#1626),(#1627,#1628),(#1629,#1630),(#1631,#1632),(#1633,#1634)),
 .UNSPECIFIED.,.F.,.F.,.F.,(4,3,4),(2,2),(-1.,-0.280742178679635,0.),(0.,
0.3),.UNSPECIFIED.);
#18=B_SPLINE_SURFACE_WITH_KNOTS('',3,1,((#1644,#1645),(#1646,#1647),(#1648,
#1649),(#1650,#1651),(#1652,#1653),(#1654,#1655),(#1656,#1657)),
 .UNSPECIFIED.,.F.,.F.,.F.,(4,3,4),(2,2),(0.,0.710283751861431,1.),(0.,
0.3),.UNSPECIFIED.);
#19=B_SPLINE_SURFACE_WITH_KNOTS('',3,1,((#1667,#1668),(#1669,#1670),(#1671,
#1672),(#1673,#1674),(#1675,#1676),(#1677,#1678),(#1679,#1680)),
 .UNSPECIFIED.,.F.,.F.,.F.,(4,3,4),(2,2),(-1.,-0.280742178679507,0.),(0.,
0.3),.UNSPECIFIED.);
#20=B_SPLINE_SURFACE_WITH_KNOTS('',3,1,((#1690,#1691),(#1692,#1693),(#1694,
#1695),(#1696,#1697),(#1698,#1699),(#1700,#1701),(#1702,#1703)),
 .UNSPECIFIED.,.F.,.F.,.F.,(4,3,4),(2,2),(0.,0.71028375186176,1.),(0.,0.3),
 .UNSPECIFIED.);
#21=B_SPLINE_SURFACE_WITH_KNOTS('',3,1,((#1713,#1714),(#1715,#1716),(#1717,
#1718),(#1719,#1720),(#1721,#1722),(#1723,#1724),(#1725,#1726)),
 .UNSPECIFIED.,.F.,.F.,.F.,(4,3,4),(2,2),(-1.,-0.280742178679082,0.),(0.,
0.3),.UNSPECIFIED.);
#22=B_SPLINE_SURFACE_WITH_KNOTS('',3,1,((#1736,#1737),(#1738,#1739),(#1740,
#1741),(#1742,#1743),(#1744,#1745),(#1746,#1747),(#1748,#1749)),
 .UNSPECIFIED.,.F.,.F.,.F.,(4,3,4),(2,2),(0.,0.710283751862813,1.),(0.,
0.3),.UNSPECIFIED.);
#23=B_SPLINE_SURFACE_WITH_KNOTS('',3,1,((#1759,#1760),(#1761,#1762),(#1763,
#1764),(#1765,#1766),(#1767,#1768),(#1769,#1770),(#1771,#1772)),
 .UNSPECIFIED.,.F.,.F.,.F.,(4,3,4),(2,2),(-1.,-0.280742178679633,0.),(0.,
0.3),.UNSPECIFIED.);
#24=B_SPLINE_SURFACE_WITH_KNOTS('',3,1,((#1782,#1783),(#1784,#1785),(#1786,
#1787),(#1788,#1789),(#1790,#1791),(#1792,#1793),(#1794,#1795)),
 .UNSPECIFIED.,.F.,.F.,.F.,(4,3,4),(2,2),(0.,0.710283751861942,1.),(0.,
0.3),.UNSPECIFIED.);
#25=B_SPLINE_SURFACE_WITH_KNOTS('',3,1,((#1805,#1806),(#1807,#1808),(#1809,
#1810),(#1811,#1812),(#1813,#1814),(#1815,#1816),(#1817,#1818)),
 .UNSPECIFIED.,.F.,.F.,.F.,(4,3,4),(2,2),(-1.,-0.280742178679134,0.),(0.,
0.3),.UNSPECIFIED.);
#26=B_SPLINE_SURFACE_WITH_KNOTS('',3,1,((#1828,#1829),(#1830,#1831),(#1832,
#1833),(#1834,#1835),(#1836,#1837),(#1838,#1839),(#1840,#1841)),
 .UNSPECIFIED.,.F.,.F.,.F.,(4,3,4),(2,2),(0.,0.710283751862486,1.),(0.,
0.3),.UNSPECIFIED.);
#27=B_SPLINE_SURFACE_WITH_KNOTS('',3,1,((#1851,#1852),(#1853,#1854),(#1855,
#1856),(#1857,#1858),(#1859,#1860),(#1861,#1862),(#1863,#1864)),
 .UNSPECIFIED.,.F.,.F.,.F.,(4,3,4),(2,2),(-1.,-0.280742178679839,0.),(0.,
0.3),.UNSPECIFIED.);
#28=B_SPLINE_SURFACE_WITH_KNOTS('',3,1,((#1874,#1875),(#1876,#1877),(#1878,
#1879),(#1880,#1881),(#1882,#1883),(#1884,#1885),(#1886,#1887)),
 .UNSPECIFIED.,.F.,.F.,.F.,(4,3,4),(2,2),(0.,0.710283751862417,1.),(0.,
0.3),.UNSPECIFIED.);
#29=B_SPLINE_SURFACE_WITH_KNOTS('',3,1,((#1897,#1898),(#1899,#1900),(#1901,
#1902),(#1903,#1904),(#1905,#1906),(#1907,#1908),(#1909,#1910)),
 .UNSPECIFIED.,.F.,.F.,.F.,(4,3,4),(2,2),(-1.,-0.280742178680019,0.),(0.,
0.3),.UNSPECIFIED.);
#30=B_SPLINE_SURFACE_WITH_KNOTS('',3,1,((#1920,#1921),(#1922,#1923),(#1924,
#1925),(#1926,#1927),(#1928,#1929),(#1930,#1931),(#1932,#1933)),
 .UNSPECIFIED.,.F.,.F.,.F.,(4,3,4),(2,2),(0.,0.710283751862482,1.),(0.,
0.3),.UNSPECIFIED.);
#31=B_SPLINE_SURFACE_WITH_KNOTS('',3,1,((#1943,#1944),(#1945,#1946),(#1947,
#1948),(#1949,#1950),(#1951,#1952),(#1953,#1954),(#1955,#1956)),
 .UNSPECIFIED.,.F.,.F.,.F.,(4,3,4),(2,2),(-1.,-0.280742178679626,0.),(0.,
0.3),.UNSPECIFIED.);
#32=B_SPLINE_SURFACE_WITH_KNOTS('',3,1,((#1966,#1967),(#1968,#1969),(#1970,
#1971),(#1972,#1973),(#1974,#1975),(#1976,#1977),(#1978,#1979)),
 .UNSPECIFIED.,.F.,.F.,.F.,(4,3,4),(2,2),(0.,0.710283751861643,1.),(0.,
0.3),.UNSPECIFIED.);
#33=B_SPLINE_SURFACE_WITH_KNOTS('',3,1,((#1989,#1990),(#1991,#1992),(#1993,
#1994),(#1995,#1996),(#1997,#1998),(#1999,#2000),(#2001,#2002)),
 .UNSPECIFIED.,.F.,.F.,.F.,(4,3,4),(2,2),(-1.,-0.280742178679495,0.),(0.,
0.3),.UNSPECIFIED.);
#34=B_SPLINE_SURFACE_WITH_KNOTS('',3,1,((#2012,#2013),(#2014,#2015),(#2016,
#2017),(#2018,#2019),(#2020,#2021),(#2022,#2023),(#2024,#2025)),
 .UNSPECIFIED.,.F.,.F.,.F.,(4,3,4),(2,2),(0.,0.710283751863492,1.),(0.,
0.3),.UNSPECIFIED.);
#35=B_SPLINE_SURFACE_WITH_KNOTS('',3,1,((#2035,#2036),(#2037,#2038),(#2039,
#2040),(#2041,#2042),(#2043,#2044),(#2045,#2046),(#2047,#2048)),
 .UNSPECIFIED.,.F.,.F.,.F.,(4,3,4),(2,2),(-1.,-0.280742178680048,0.),(0.,
0.3),.UNSPECIFIED.);
#36=B_SPLINE_SURFACE_WITH_KNOTS('',3,1,((#2058,#2059),(#2060,#2061),(#2062,
#2063),(#2064,#2065),(#2066,#2067),(#2068,#2069),(#2070,#2071)),
 .UNSPECIFIED.,.F.,.F.,.F.,(4,3,4),(2,2),(0.,0.710283751863236,1.),(0.,
0.3),.UNSPECIFIED.);
#37=B_SPLINE_SURFACE_WITH_KNOTS('',3,1,((#2081,#2082),(#2083,#2084),(#2085,
#2086),(#2087,#2088),(#2089,#2090),(#2091,#2092),(#2093,#2094)),
 .UNSPECIFIED.,.F.,.F.,.F.,(4,3,4),(2,2),(-1.,-0.280742178679779,0.),(0.,
0.3),.UNSPECIFIED.);
#38=B_SPLINE_SURFACE_WITH_KNOTS('',3,1,((#2104,#2105),(#2106,#2107),(#2108,
#2109),(#2110,#2111),(#2112,#2113),(#2114,#2115),(#2116,#2117)),
 .UNSPECIFIED.,.F.,.F.,.F.,(4,3,4),(2,2),(0.,0.710283751862723,1.),(0.,
0.3),.UNSPECIFIED.);
#39=B_SPLINE_SURFACE_WITH_KNOTS('',3,1,((#2127,#2128),(#2129,#2130),(#2131,
#2132),(#2133,#2134),(#2135,#2136),(#2137,#2138),(#2139,#2140)),
 .UNSPECIFIED.,.F.,.F.,.F.,(4,3,4),(2,2),(-1.,-0.280742178679247,0.),(0.,
0.3),.UNSPECIFIED.);
#40=B_SPLINE_SURFACE_WITH_KNOTS('',3,1,((#2150,#2151),(#2152,#2153),(#2154,
#2155),(#2156,#2157),(#2158,#2159),(#2160,#2161),(#2162,#2163)),
 .UNSPECIFIED.,.F.,.F.,.F.,(4,3,4),(2,2),(0.,0.710283751862162,1.),(0.,
0.3),.UNSPECIFIED.);
#41=B_SPLINE_SURFACE_WITH_KNOTS('',3,1,((#2173,#2174),(#2175,#2176),(#2177,
#2178),(#2179,#2180),(#2181,#2182),(#2183,#2184),(#2185,#2186)),
 .UNSPECIFIED.,.F.,.F.,.F.,(4,3,4),(2,2),(-1.,-0.280742178679408,0.),(0.,
0.3),.UNSPECIFIED.);
#42=B_SPLINE_SURFACE_WITH_KNOTS('',3,1,((#2196,#2197),(#2198,#2199),(#2200,
#2201),(#2202,#2203),(#2204,#2205),(#2206,#2207),(#2208,#2209)),
 .UNSPECIFIED.,.F.,.F.,.F.,(4,3,4),(2,2),(0.,0.710283751862742,1.),(0.,
0.3),.UNSPECIFIED.);
#43=B_SPLINE_SURFACE_WITH_KNOTS('',3,1,((#2219,#2220),(#2221,#2222),(#2223,
#2224),(#2225,#2226),(#2227,#2228),(#2229,#2230),(#2231,#2232)),
 .UNSPECIFIED.,.F.,.F.,.F.,(4,3,4),(2,2),(-1.,-0.280742178680143,0.),(0.,
0.3),.UNSPECIFIED.);
#44=B_SPLINE_SURFACE_WITH_KNOTS('',3,1,((#2242,#2243),(#2244,#2245),(#2246,
#2247),(#2248,#2249),(#2250,#2251),(#2252,#2253),(#2254,#2255)),
 .UNSPECIFIED.,.F.,.F.,.F.,(4,3,4),(2,2),(0.,0.710283751863398,1.),(0.,
0.3),.UNSPECIFIED.);
#45=B_SPLINE_SURFACE_WITH_KNOTS('',3,1,((#2265,#2266),(#2267,#2268),(#2269,
#2270),(#2271,#2272),(#2273,#2274),(#2275,#2276),(#2277,#2278)),
 .UNSPECIFIED.,.F.,.F.,.F.,(4,3,4),(2,2),(-1.,-0.280742178679458,0.),(0.,
0.3),.UNSPECIFIED.);
#46=B_SPLINE_SURFACE_WITH_KNOTS('',3,1,((#2288,#2289),(#2290,#2291),(#2292,
#2293),(#2294,#2295),(#2296,#2297),(#2298,#2299),(#2300,#2301)),
 .UNSPECIFIED.,.F.,.F.,.F.,(4,3,4),(2,2),(0.,0.710283751862537,1.),(0.,
0.3),.UNSPECIFIED.);
#47=B_SPLINE_SURFACE_WITH_KNOTS('',3,1,((#2311,#2312),(#2313,#2314),(#2315,
#2316),(#2317,#2318),(#2319,#2320),(#2321,#2322),(#2323,#2324)),
 .UNSPECIFIED.,.F.,.F.,.F.,(4,3,4),(2,2),(-1.,-0.280742178679806,0.),(0.,
0.3),.UNSPECIFIED.);
#48=B_SPLINE_SURFACE_WITH_KNOTS('',3,1,((#2334,#2335),(#2336,#2337),(#2338,
#2339),(#2340,#2341),(#2342,#2343),(#2344,#2345),(#2346,#2347)),
 .UNSPECIFIED.,.F.,.F.,.F.,(4,3,4),(2,2),(0.,0.710283751862489,1.),(0.,
0.3),.UNSPECIFIED.);
#49=B_SPLINE_SURFACE_WITH_KNOTS('',3,1,((#2357,#2358),(#2359,#2360),(#2361,
#2362),(#2363,#2364),(#2365,#2366),(#2367,#2368),(#2369,#2370)),
 .UNSPECIFIED.,.F.,.F.,.F.,(4,3,4),(2,2),(-1.,-0.280742178679854,0.),(0.,
0.3),.UNSPECIFIED.);
#50=B_SPLINE_SURFACE_WITH_KNOTS('',3,1,((#2380,#2381),(#2382,#2383),(#2384,
#2385),(#2386,#2387),(#2388,#2389),(#2390,#2391),(#2392,#2393)),
 .UNSPECIFIED.,.F.,.F.,.F.,(4,3,4),(2,2),(0.,0.710283751861983,1.),(0.,
0.3),.UNSPECIFIED.);
#51=B_SPLINE_SURFACE_WITH_KNOTS('',3,1,((#2403,#2404),(#2405,#2406),(#2407,
#2408),(#2409,#2410),(#2411,#2412),(#2413,#2414),(#2415,#2416)),
 .UNSPECIFIED.,.F.,.F.,.F.,(4,3,4),(2,2),(-1.,-0.280742178679652,0.),(0.,
0.3),.UNSPECIFIED.);
#52=B_SPLINE_SURFACE_WITH_KNOTS('',3,1,((#2426,#2427),(#2428,#2429),(#2430,
#2431),(#2432,#2433),(#2434,#2435),(#2436,#2437),(#2438,#2439)),
 .UNSPECIFIED.,.F.,.F.,.F.,(4,3,4),(2,2),(0.,0.710283751862199,1.),(0.,
0.3),.UNSPECIFIED.);
#53=B_SPLINE_SURFACE_WITH_KNOTS('',3,1,((#2449,#2450),(#2451,#2452),(#2453,
#2454),(#2455,#2456),(#2457,#2458),(#2459,#2460),(#2461,#2462)),
 .UNSPECIFIED.,.F.,.F.,.F.,(4,3,4),(2,2),(-1.,-0.280742178679291,0.),(0.,
0.3),.UNSPECIFIED.);
#54=B_SPLINE_SURFACE_WITH_KNOTS('',3,1,((#2472,#2473),(#2474,#2475),(#2476,
#2477),(#2478,#2479),(#2480,#2481),(#2482,#2483),(#2484,#2485)),
 .UNSPECIFIED.,.F.,.F.,.F.,(4,3,4),(2,2),(0.,0.710283751862811,1.),(0.,
0.3),.UNSPECIFIED.);
#55=B_SPLINE_CURVE_WITH_KNOTS('',3,(#1250,#1251,#1252,#1253,#1254,#1255,
#1256),.UNSPECIFIED.,.F.,.F.,(4,3,4),(0.,0.28074217867958,1.),
 .UNSPECIFIED.);
#56=B_SPLINE_CURVE_WITH_KNOTS('',3,(#1258,#1259,#1260,#1261,#1262,#1263,
#1264),.UNSPECIFIED.,.F.,.F.,(4,3,4),(-1.,-0.710283751862059,0.),
 .UNSPECIFIED.);
#57=B_SPLINE_CURVE_WITH_KNOTS('',3,(#1266,#1267,#1268,#1269,#1270,#1271,
#1272),.UNSPECIFIED.,.F.,.F.,(4,3,4),(0.,0.280742178679635,1.),
 .UNSPECIFIED.);
#58=B_SPLINE_CURVE_WITH_KNOTS('',3,(#1274,#1275,#1276,#1277,#1278,#1279,
#1280),.UNSPECIFIED.,.F.,.F.,(4,3,4),(-1.,-0.710283751861431,0.),
 .UNSPECIFIED.);
#59=B_SPLINE_CURVE_WITH_KNOTS('',3,(#1282,#1283,#1284,#1285,#1286,#1287,
#1288),.UNSPECIFIED.,.F.,.F.,(4,3,4),(0.,0.280742178679507,1.),
 .UNSPECIFIED.);
#60=B_SPLINE_CURVE_WITH_KNOTS('',3,(#1290,#1291,#1292,#1293,#1294,#1295,
#1296),.UNSPECIFIED.,.F.,.F.,(4,3,4),(-1.,-0.71028375186176,0.),
 .UNSPECIFIED.);
#61=B_SPLINE_CURVE_WITH_KNOTS('',3,(#1298,#1299,#1300,#1301,#1302,#1303,
#1304),.UNSPECIFIED.,.F.,.F.,(4,3,4),(0.,0.280742178679082,1.),
 .UNSPECIFIED.);
#62=B_SPLINE_CURVE_WITH_KNOTS('',3,(#1306,#1307,#1308,#1309,#1310,#1311,
#1312),.UNSPECIFIED.,.F.,.F.,(4,3,4),(-1.,-0.710283751862813,0.),
 .UNSPECIFIED.);
#63=B_SPLINE_CURVE_WITH_KNOTS('',3,(#1314,#1315,#1316,#1317,#1318,#1319,
#1320),.UNSPECIFIED.,.F.,.F.,(4,3,4),(0.,0.280742178679633,1.),
 .UNSPECIFIED.);
#64=B_SPLINE_CURVE_WITH_KNOTS('',3,(#1322,#1323,#1324,#1325,#1326,#1327,
#1328),.UNSPECIFIED.,.F.,.F.,(4,3,4),(-1.,-0.710283751861942,0.),
 .UNSPECIFIED.);
#65=B_SPLINE_CURVE_WITH_KNOTS('',3,(#1330,#1331,#1332,#1333,#1334,#1335,
#1336),.UNSPECIFIED.,.F.,.F.,(4,3,4),(0.,0.280742178679134,1.),
 .UNSPECIFIED.);
#66=B_SPLINE_CURVE_WITH_KNOTS('',3,(#1338,#1339,#1340,#1341,#1342,#1343,
#1344),.UNSPECIFIED.,.F.,.F.,(4,3,4),(-1.,-0.710283751862486,0.),
 .UNSPECIFIED.);
#67=B_SPLINE_CURVE_WITH_KNOTS('',3,(#1346,#1347,#1348,#1349,#1350,#1351,
#1352),.UNSPECIFIED.,.F.,.F.,(4,3,4),(0.,0.280742178679839,1.),
 .UNSPECIFIED.);
#68=B_SPLINE_CURVE_WITH_KNOTS('',3,(#1354,#1355,#1356,#1357,#1358,#1359,
#1360),.UNSPECIFIED.,.F.,.F.,(4,3,4),(-1.,-0.710283751862417,0.),
 .UNSPECIFIED.);
#69=B_SPLINE_CURVE_WITH_KNOTS('',3,(#1362,#1363,#1364,#1365,#1366,#1367,
#1368),.UNSPECIFIED.,.F.,.F.,(4,3,4),(0.,0.280742178680019,1.),
 .UNSPECIFIED.);
#70=B_SPLINE_CURVE_WITH_KNOTS('',3,(#1370,#1371,#1372,#1373,#1374,#1375,
#1376),.UNSPECIFIED.,.F.,.F.,(4,3,4),(-1.,-0.710283751862482,0.),
 .UNSPECIFIED.);
#71=B_SPLINE_CURVE_WITH_KNOTS('',3,(#1378,#1379,#1380,#1381,#1382,#1383,
#1384),.UNSPECIFIED.,.F.,.F.,(4,3,4),(0.,0.280742178679626,1.),
 .UNSPECIFIED.);
#72=B_SPLINE_CURVE_WITH_KNOTS('',3,(#1386,#1387,#1388,#1389,#1390,#1391,
#1392),.UNSPECIFIED.,.F.,.F.,(4,3,4),(-1.,-0.710283751861643,0.),
 .UNSPECIFIED.);
#73=B_SPLINE_CURVE_WITH_KNOTS('',3,(#1394,#1395,#1396,#1397,#1398,#1399,
#1400),.UNSPECIFIED.,.F.,.F.,(4,3,4),(0.,0.280742178679495,1.),
 .UNSPECIFIED.);
#74=B_SPLINE_CURVE_WITH_KNOTS('',3,(#1402,#1403,#1404,#1405,#1406,#1407,
#1408),.UNSPECIFIED.,.F.,.F.,(4,3,4),(-1.,-0.710283751863492,0.),
 .UNSPECIFIED.);
#75=B_SPLINE_CURVE_WITH_KNOTS('',3,(#1410,#1411,#1412,#1413,#1414,#1415,
#1416),.UNSPECIFIED.,.F.,.F.,(4,3,4),(0.,0.280742178680048,1.),
 .UNSPECIFIED.);
#76=B_SPLINE_CURVE_WITH_KNOTS('',3,(#1418,#1419,#1420,#1421,#1422,#1423,
#1424),.UNSPECIFIED.,.F.,.F.,(4,3,4),(-1.,-0.710283751863236,0.),
 .UNSPECIFIED.);
#77=B_SPLINE_CURVE_WITH_KNOTS('',3,(#1426,#1427,#1428,#1429,#1430,#1431,
#1432),.UNSPECIFIED.,.F.,.F.,(4,3,4),(0.,0.280742178679779,1.),
 .UNSPECIFIED.);
#78=B_SPLINE_CURVE_WITH_KNOTS('',3,(#1434,#1435,#1436,#1437,#1438,#1439,
#1440),.UNSPECIFIED.,.F.,.F.,(4,3,4),(-1.,-0.710283751862723,0.),
 .UNSPECIFIED.);
#79=B_SPLINE_CURVE_WITH_KNOTS('',3,(#1442,#1443,#1444,#1445,#1446,#1447,
#1448),.UNSPECIFIED.,.F.,.F.,(4,3,4),(0.,0.280742178679247,1.),
 .UNSPECIFIED.);
#80=B_SPLINE_CURVE_WITH_KNOTS('',3,(#1450,#1451,#1452,#1453,#1454,#1455,
#1456),.UNSPECIFIED.,.F.,.F.,(4,3,4),(-1.,-0.710283751862162,0.),
 .UNSPECIFIED.);
#81=B_SPLINE_CURVE_WITH_KNOTS('',3,(#1458,#1459,#1460,#1461,#1462,#1463,
#1464),.UNSPECIFIED.,.F.,.F.,(4,3,4),(0.,0.280742178679408,1.),
 .UNSPECIFIED.);
#82=B_SPLINE_CURVE_WITH_KNOTS('',3,(#1466,#1467,#1468,#1469,#1470,#1471,
#1472),.UNSPECIFIED.,.F.,.F.,(4,3,4),(-1.,-0.710283751862742,0.),
 .UNSPECIFIED.);
#83=B_SPLINE_CURVE_WITH_KNOTS('',3,(#1474,#1475,#1476,#1477,#1478,#1479,
#1480),.UNSPECIFIED.,.F.,.F.,(4,3,4),(0.,0.280742178680143,1.),
 .UNSPECIFIED.);
#84=B_SPLINE_CURVE_WITH_KNOTS('',3,(#1482,#1483,#1484,#1485,#1486,#1487,
#1488),.UNSPECIFIED.,.F.,.F.,(4,3,4),(-1.,-0.710283751863398,0.),
 .UNSPECIFIED.);
#85=B_SPLINE_CURVE_WITH_KNOTS('',3,(#1490,#1491,#1492,#1493,#1494,#1495,
#1496),.UNSPECIFIED.,.F.,.F.,(4,3,4),(0.,0.280742178679458,1.),
 .UNSPECIFIED.);
#86=B_SPLINE_CURVE_WITH_KNOTS('',3,(#1498,#1499,#1500,#1501,#1502,#1503,
#1504),.UNSPECIFIED.,.F.,.F.,(4,3,4),(-1.,-0.710283751862537,0.),
 .UNSPECIFIED.);
#87=B_SPLINE_CURVE_WITH_KNOTS('',3,(#1506,#1507,#1508,#1509,#1510,#1511,
#1512),.UNSPECIFIED.,.F.,.F.,(4,3,4),(0.,0.280742178679806,1.),
 .UNSPECIFIED.);
#88=B_SPLINE_CURVE_WITH_KNOTS('',3,(#1514,#1515,#1516,#1517,#1518,#1519,
#1520),.UNSPECIFIED.,.F.,.F.,(4,3,4),(-1.,-0.710283751862489,0.),
 .UNSPECIFIED.);
#89=B_SPLINE_CURVE_WITH_KNOTS('',3,(#1522,#1523,#1524,#1525,#1526,#1527,
#1528),.UNSPECIFIED.,.F.,.F.,(4,3,4),(0.,0.280742178679854,1.),
 .UNSPECIFIED.);
#90=B_SPLINE_CURVE_WITH_KNOTS('',3,(#1530,#1531,#1532,#1533,#1534,#1535,
#1536),.UNSPECIFIED.,.F.,.F.,(4,3,4),(-1.,-0.710283751861983,0.),
 .UNSPECIFIED.);
#91=B_SPLINE_CURVE_WITH_KNOTS('',3,(#1538,#1539,#1540,#1541,#1542,#1543,
#1544),.UNSPECIFIED.,.F.,.F.,(4,3,4),(0.,0.280742178679652,1.),
 .UNSPECIFIED.);
#92=B_SPLINE_CURVE_WITH_KNOTS('',3,(#1546,#1547,#1548,#1549,#1550,#1551,
#1552),.UNSPECIFIED.,.F.,.F.,(4,3,4),(-1.,-0.710283751862199,0.),
 .UNSPECIFIED.);
#93=B_SPLINE_CURVE_WITH_KNOTS('',3,(#1554,#1555,#1556,#1557,#1558,#1559,
#1560),.UNSPECIFIED.,.F.,.F.,(4,3,4),(0.,0.280742178679291,1.),
 .UNSPECIFIED.);
#94=B_SPLINE_CURVE_WITH_KNOTS('',3,(#1561,#1562,#1563,#1564,#1565,#1566,
#1567),.UNSPECIFIED.,.F.,.F.,(4,3,4),(-1.,-0.710283751862811,0.),
 .UNSPECIFIED.);
#95=B_SPLINE_CURVE_WITH_KNOTS('',3,(#1590,#1591,#1592,#1593,#1594,#1595,
#1596),.UNSPECIFIED.,.F.,.F.,(4,3,4),(-1.,-0.28074217867958,0.),
 .UNSPECIFIED.);
#96=B_SPLINE_CURVE_WITH_KNOTS('',3,(#1613,#1614,#1615,#1616,#1617,#1618,
#1619),.UNSPECIFIED.,.F.,.F.,(4,3,4),(0.,0.710283751862059,1.),
 .UNSPECIFIED.);
#97=B_SPLINE_CURVE_WITH_KNOTS('',3,(#1636,#1637,#1638,#1639,#1640,#1641,
#1642),.UNSPECIFIED.,.F.,.F.,(4,3,4),(-1.,-0.280742178679635,0.),
 .UNSPECIFIED.);
#98=B_SPLINE_CURVE_WITH_KNOTS('',3,(#1659,#1660,#1661,#1662,#1663,#1664,
#1665),.UNSPECIFIED.,.F.,.F.,(4,3,4),(0.,0.710283751861431,1.),
 .UNSPECIFIED.);
#99=B_SPLINE_CURVE_WITH_KNOTS('',3,(#1682,#1683,#1684,#1685,#1686,#1687,
#1688),.UNSPECIFIED.,.F.,.F.,(4,3,4),(-1.,-0.280742178679507,0.),
 .UNSPECIFIED.);
#100=B_SPLINE_CURVE_WITH_KNOTS('',3,(#1705,#1706,#1707,#1708,#1709,#1710,
#1711),.UNSPECIFIED.,.F.,.F.,(4,3,4),(0.,0.71028375186176,1.),
 .UNSPECIFIED.);
#101=B_SPLINE_CURVE_WITH_KNOTS('',3,(#1728,#1729,#1730,#1731,#1732,#1733,
#1734),.UNSPECIFIED.,.F.,.F.,(4,3,4),(-1.,-0.280742178679082,0.),
 .UNSPECIFIED.);
#102=B_SPLINE_CURVE_WITH_KNOTS('',3,(#1751,#1752,#1753,#1754,#1755,#1756,
#1757),.UNSPECIFIED.,.F.,.F.,(4,3,4),(0.,0.710283751862813,1.),
 .UNSPECIFIED.);
#103=B_SPLINE_CURVE_WITH_KNOTS('',3,(#1774,#1775,#1776,#1777,#1778,#1779,
#1780),.UNSPECIFIED.,.F.,.F.,(4,3,4),(-1.,-0.280742178679633,0.),
 .UNSPECIFIED.);
#104=B_SPLINE_CURVE_WITH_KNOTS('',3,(#1797,#1798,#1799,#1800,#1801,#1802,
#1803),.UNSPECIFIED.,.F.,.F.,(4,3,4),(0.,0.710283751861942,1.),
 .UNSPECIFIED.);
#105=B_SPLINE_CURVE_WITH_KNOTS('',3,(#1820,#1821,#1822,#1823,#1824,#1825,
#1826),.UNSPECIFIED.,.F.,.F.,(4,3,4),(-1.,-0.280742178679134,0.),
 .UNSPECIFIED.);
#106=B_SPLINE_CURVE_WITH_KNOTS('',3,(#1843,#1844,#1845,#1846,#1847,#1848,
#1849),.UNSPECIFIED.,.F.,.F.,(4,3,4),(0.,0.710283751862486,1.),
 .UNSPECIFIED.);
#107=B_SPLINE_CURVE_WITH_KNOTS('',3,(#1866,#1867,#1868,#1869,#1870,#1871,
#1872),.UNSPECIFIED.,.F.,.F.,(4,3,4),(-1.,-0.280742178679839,0.),
 .UNSPECIFIED.);
#108=B_SPLINE_CURVE_WITH_KNOTS('',3,(#1889,#1890,#1891,#1892,#1893,#1894,
#1895),.UNSPECIFIED.,.F.,.F.,(4,3,4),(0.,0.710283751862417,1.),
 .UNSPECIFIED.);
#109=B_SPLINE_CURVE_WITH_KNOTS('',3,(#1912,#1913,#1914,#1915,#1916,#1917,
#1918),.UNSPECIFIED.,.F.,.F.,(4,3,4),(-1.,-0.280742178680019,0.),
 .UNSPECIFIED.);
#110=B_SPLINE_CURVE_WITH_KNOTS('',3,(#1935,#1936,#1937,#1938,#1939,#1940,
#1941),.UNSPECIFIED.,.F.,.F.,(4,3,4),(0.,0.710283751862482,1.),
 .UNSPECIFIED.);
#111=B_SPLINE_CURVE_WITH_KNOTS('',3,(#1958,#1959,#1960,#1961,#1962,#1963,
#1964),.UNSPECIFIED.,.F.,.F.,(4,3,4),(-1.,-0.280742178679626,0.),
 .UNSPECIFIED.);
#112=B_SPLINE_CURVE_WITH_KNOTS('',3,(#1981,#1982,#1983,#1984,#1985,#1986,
#1987),.UNSPECIFIED.,.F.,.F.,(4,3,4),(0.,0.710283751861643,1.),
 .UNSPECIFIED.);
#113=B_SPLINE_CURVE_WITH_KNOTS('',3,(#2004,#2005,#2006,#2007,#2008,#2009,
#2010),.UNSPECIFIED.,.F.,.F.,(4,3,4),(-1.,-0.280742178679495,0.),
 .UNSPECIFIED.);
#114=B_SPLINE_CURVE_WITH_KNOTS('',3,(#2027,#2028,#2029,#2030,#2031,#2032,
#2033),.UNSPECIFIED.,.F.,.F.,(4,3,4),(0.,0.710283751863492,1.),
 .UNSPECIFIED.);
#115=B_SPLINE_CURVE_WITH_KNOTS('',3,(#2050,#2051,#2052,#2053,#2054,#2055,
#2056),.UNSPECIFIED.,.F.,.F.,(4,3,4),(-1.,-0.280742178680048,0.),
 .UNSPECIFIED.);
#116=B_SPLINE_CURVE_WITH_KNOTS('',3,(#2073,#2074,#2075,#2076,#2077,#2078,
#2079),.UNSPECIFIED.,.F.,.F.,(4,3,4),(0.,0.710283751863236,1.),
 .UNSPECIFIED.);
#117=B_SPLINE_CURVE_WITH_KNOTS('',3,(#2096,#2097,#2098,#2099,#2100,#2101,
#2102),.UNSPECIFIED.,.F.,.F.,(4,3,4),(-1.,-0.280742178679779,0.),
 .UNSPECIFIED.);
#118=B_SPLINE_CURVE_WITH_KNOTS('',3,(#2119,#2120,#2121,#2122,#2123,#2124,
#2125),.UNSPECIFIED.,.F.,.F.,(4,3,4),(0.,0.710283751862723,1.),
 .UNSPECIFIED.);
#119=B_SPLINE_CURVE_WITH_KNOTS('',3,(#2142,#2143,#2144,#2145,#2146,#2147,
#2148),.UNSPECIFIED.,.F.,.F.,(4,3,4),(-1.,-0.280742178679247,0.),
 .UNSPECIFIED.);
#120=B_SPLINE_CURVE_WITH_KNOTS('',3,(#2165,#2166,#2167,#2168,#2169,#2170,
#2171),.UNSPECIFIED.,.F.,.F.,(4,3,4),(0.,0.710283751862162,1.),
 .UNSPECIFIED.);
#121=B_SPLINE_CURVE_WITH_KNOTS('',3,(#2188,#2189,#2190,#2191,#2192,#2193,
#2194),.UNSPECIFIED.,.F.,.F.,(4,3,4),(-1.,-0.280742178679408,0.),
 .UNSPECIFIED.);
#122=B_SPLINE_CURVE_WITH_KNOTS('',3,(#2211,#2212,#2213,#2214,#2215,#2216,
#2217),.UNSPECIFIED.,.F.,.F.,(4,3,4),(0.,0.710283751862742,1.),
 .UNSPECIFIED.);
#123=B_SPLINE_CURVE_WITH_KNOTS('',3,(#2234,#2235,#2236,#2237,#2238,#2239,
#2240),.UNSPECIFIED.,.F.,.F.,(4,3,4),(-1.,-0.280742178680143,0.),
 .UNSPECIFIED.);
#124=B_SPLINE_CURVE_WITH_KNOTS('',3,(#2257,#2258,#2259,#2260,#2261,#2262,
#2263),.UNSPECIFIED.,.F.,.F.,(4,3,4),(0.,0.710283751863398,1.),
 .UNSPECIFIED.);
#125=B_SPLINE_CURVE_WITH_KNOTS('',3,(#2280,#2281,#2282,#2283,#2284,#2285,
#2286),.UNSPECIFIED.,.F.,.F.,(4,3,4),(-1.,-0.280742178679458,0.),
 .UNSPECIFIED.);
#126=B_SPLINE_CURVE_WITH_KNOTS('',3,(#2303,#2304,#2305,#2306,#2307,#2308,
#2309),.UNSPECIFIED.,.F.,.F.,(4,3,4),(0.,0.710283751862537,1.),
 .UNSPECIFIED.);
#127=B_SPLINE_CURVE_WITH_KNOTS('',3,(#2326,#2327,#2328,#2329,#2330,#2331,
#2332),.UNSPECIFIED.,.F.,.F.,(4,3,4),(-1.,-0.280742178679806,0.),
 .UNSPECIFIED.);
#128=B_SPLINE_CURVE_WITH_KNOTS('',3,(#2349,#2350,#2351,#2352,#2353,#2354,
#2355),.UNSPECIFIED.,.F.,.F.,(4,3,4),(0.,0.710283751862489,1.),
 .UNSPECIFIED.);
#129=B_SPLINE_CURVE_WITH_KNOTS('',3,(#2372,#2373,#2374,#2375,#2376,#2377,
#2378),.UNSPECIFIED.,.F.,.F.,(4,3,4),(-1.,-0.280742178679854,0.),
 .UNSPECIFIED.);
#130=B_SPLINE_CURVE_WITH_KNOTS('',3,(#2395,#2396,#2397,#2398,#2399,#2400,
#2401),.UNSPECIFIED.,.F.,.F.,(4,3,4),(0.,0.710283751861983,1.),
 .UNSPECIFIED.);
#131=B_SPLINE_CURVE_WITH_KNOTS('',3,(#2418,#2419,#2420,#2421,#2422,#2423,
#2424),.UNSPECIFIED.,.F.,.F.,(4,3,4),(-1.,-0.280742178679652,0.),
 .UNSPECIFIED.);
#132=B_SPLINE_CURVE_WITH_KNOTS('',3,(#2441,#2442,#2443,#2444,#2445,#2446,
#2447),.UNSPECIFIED.,.F.,.F.,(4,3,4),(0.,0.710283751862199,1.),
 .UNSPECIFIED.);
#133=B_SPLINE_CURVE_WITH_KNOTS('',3,(#2464,#2465,#2466,#2467,#2468,#2469,
#2470),.UNSPECIFIED.,.F.,.F.,(4,3,4),(-1.,-0.280742178679291,0.),
 .UNSPECIFIED.);
#134=B_SPLINE_CURVE_WITH_KNOTS('',3,(#2486,#2487,#2488,#2489,#2490,#2491,
#2492),.UNSPECIFIED.,.F.,.F.,(4,3,4),(0.,0.710283751862811,1.),
 .UNSPECIFIED.);
#135=FACE_BOUND('',#220,.T.);
#136=FACE_BOUND('',#226,.T.);
#137=FACE_BOUND('',#228,.T.);
#138=FACE_BOUND('',#231,.T.);
#139=FACE_BOUND('',#234,.T.);
#140=FACE_BOUND('',#276,.T.);
#141=SHAPE_REPRESENTATION_RELATIONSHIP('SRR','None',#2511,#143);
#142=SHAPE_REPRESENTATION_RELATIONSHIP('SRR','None',#2510,#144);
#143=ADVANCED_BREP_SHAPE_REPRESENTATION('',(#147),#2499);
#144=ADVANCED_BREP_SHAPE_REPRESENTATION('',(#148),#2498);
#145=STYLED_ITEM('',(#2524),#147);
#146=STYLED_ITEM('',(#2524),#148);
#147=MANIFOLD_SOLID_BREP('COL_\X2\819D76D652A8529B53D1751F\X0\',#1013);
#148=MANIFOLD_SOLID_BREP('\X2\5B9E4F53\X0\1',#1014);
#149=PLANE('',#1032);
#150=PLANE('',#1033);
#151=PLANE('',#1037);
#152=PLANE('',#1039);
#153=PLANE('',#1043);
#154=PLANE('',#1047);
#155=PLANE('',#1050);
#156=PLANE('',#1056);
#157=PLANE('',#1059);
#158=PLANE('',#1060);
#159=FACE_OUTER_BOUND('',#215,.T.);
#160=FACE_OUTER_BOUND('',#216,.T.);
#161=FACE_OUTER_BOUND('',#217,.T.);
#162=FACE_OUTER_BOUND('',#218,.T.);
#163=FACE_OUTER_BOUND('',#219,.T.);
#164=FACE_OUTER_BOUND('',#221,.T.);
#165=FACE_OUTER_BOUND('',#222,.T.);
#166=FACE_OUTER_BOUND('',#223,.T.);
#167=FACE_OUTER_BOUND('',#224,.T.);
#168=FACE_OUTER_BOUND('',#225,.T.);
#169=FACE_OUTER_BOUND('',#227,.T.);
#170=FACE_OUTER_BOUND('',#229,.T.);
#171=FACE_OUTER_BOUND('',#230,.T.);
#172=FACE_OUTER_BOUND('',#232,.T.);
#173=FACE_OUTER_BOUND('',#233,.T.);
#174=FACE_OUTER_BOUND('',#235,.T.);
#175=FACE_OUTER_BOUND('',#236,.T.);
#176=FACE_OUTER_BOUND('',#237,.T.);
#177=FACE_OUTER_BOUND('',#238,.T.);
#178=FACE_OUTER_BOUND('',#239,.T.);
#179=FACE_OUTER_BOUND('',#240,.T.);
#180=FACE_OUTER_BOUND('',#241,.T.);
#181=FACE_OUTER_BOUND('',#242,.T.);
#182=FACE_OUTER_BOUND('',#243,.T.);
#183=FACE_OUTER_BOUND('',#244,.T.);
#184=FACE_OUTER_BOUND('',#245,.T.);
#185=FACE_OUTER_BOUND('',#246,.T.);
#186=FACE_OUTER_BOUND('',#247,.T.);
#187=FACE_OUTER_BOUND('',#248,.T.);
#188=FACE_OUTER_BOUND('',#249,.T.);
#189=FACE_OUTER_BOUND('',#250,.T.);
#190=FACE_OUTER_BOUND('',#251,.T.);
#191=FACE_OUTER_BOUND('',#252,.T.);
#192=FACE_OUTER_BOUND('',#253,.T.);
#193=FACE_OUTER_BOUND('',#254,.T.);
#194=FACE_OUTER_BOUND('',#255,.T.);
#195=FACE_OUTER_BOUND('',#256,.T.);
#196=FACE_OUTER_BOUND('',#257,.T.);
#197=FACE_OUTER_BOUND('',#258,.T.);
#198=FACE_OUTER_BOUND('',#259,.T.);
#199=FACE_OUTER_BOUND('',#260,.T.);
#200=FACE_OUTER_BOUND('',#261,.T.);
#201=FACE_OUTER_BOUND('',#262,.T.);
#202=FACE_OUTER_BOUND('',#263,.T.);
#203=FACE_OUTER_BOUND('',#264,.T.);
#204=FACE_OUTER_BOUND('',#265,.T.);
#205=FACE_OUTER_BOUND('',#266,.T.);
#206=FACE_OUTER_BOUND('',#267,.T.);
#207=FACE_OUTER_BOUND('',#268,.T.);
#208=FACE_OUTER_BOUND('',#269,.T.);
#209=FACE_OUTER_BOUND('',#270,.T.);
#210=FACE_OUTER_BOUND('',#271,.T.);
#211=FACE_OUTER_BOUND('',#272,.T.);
#212=FACE_OUTER_BOUND('',#273,.T.);
#213=FACE_OUTER_BOUND('',#274,.T.);
#214=FACE_OUTER_BOUND('',#275,.T.);
#215=EDGE_LOOP('',(#651,#652,#653,#654));
#216=EDGE_LOOP('',(#655));
#217=EDGE_LOOP('',(#656));
#218=EDGE_LOOP('',(#657,#658,#659,#660));
#219=EDGE_LOOP('',(#661));
#220=EDGE_LOOP('',(#662));
#221=EDGE_LOOP('',(#663,#664,#665,#666));
#222=EDGE_LOOP('',(#667,#668,#669,#670));
#223=EDGE_LOOP('',(#671,#672,#673,#674));
#224=EDGE_LOOP('',(#675,#676,#677,#678));
#225=EDGE_LOOP('',(#679,#680,#681,#682,#683));
#226=EDGE_LOOP('',(#684));
#227=EDGE_LOOP('',(#685,#686,#687,#688,#689));
#228=EDGE_LOOP('',(#690));
#229=EDGE_LOOP('',(#691,#692,#693,#694,#695,#696,#697,#698,#699,#700,#701,
#702));
#230=EDGE_LOOP('',(#703,#704,#705,#706,#707,#708,#709,#710,#711,#712,#713,
#714,#715,#716,#717,#718,#719,#720,#721,#722,#723,#724,#725,#726,#727,#728,
#729,#730,#731,#732,#733,#734,#735,#736,#737,#738,#739,#740,#741,#742));
#231=EDGE_LOOP('',(#743));
#232=EDGE_LOOP('',(#744,#745,#746,#747));
#233=EDGE_LOOP('',(#748));
#234=EDGE_LOOP('',(#749));
#235=EDGE_LOOP('',(#750,#751,#752,#753));
#236=EDGE_LOOP('',(#754,#755,#756,#757));
#237=EDGE_LOOP('',(#758,#759,#760,#761));
#238=EDGE_LOOP('',(#762,#763,#764,#765));
#239=EDGE_LOOP('',(#766,#767,#768,#769));
#240=EDGE_LOOP('',(#770,#771,#772,#773));
#241=EDGE_LOOP('',(#774,#775,#776,#777));
#242=EDGE_LOOP('',(#778,#779,#780,#781));
#243=EDGE_LOOP('',(#782,#783,#784,#785));
#244=EDGE_LOOP('',(#786,#787,#788,#789));
#245=EDGE_LOOP('',(#790,#791,#792,#793));
#246=EDGE_LOOP('',(#794,#795,#796,#797));
#247=EDGE_LOOP('',(#798,#799,#800,#801));
#248=EDGE_LOOP('',(#802,#803,#804,#805));
#249=EDGE_LOOP('',(#806,#807,#808,#809));
#250=EDGE_LOOP('',(#810,#811,#812,#813));
#251=EDGE_LOOP('',(#814,#815,#816,#817));
#252=EDGE_LOOP('',(#818,#819,#820,#821));
#253=EDGE_LOOP('',(#822,#823,#824,#825));
#254=EDGE_LOOP('',(#826,#827,#828,#829));
#255=EDGE_LOOP('',(#830,#831,#832,#833));
#256=EDGE_LOOP('',(#834,#835,#836,#837));
#257=EDGE_LOOP('',(#838,#839,#840,#841));
#258=EDGE_LOOP('',(#842,#843,#844,#845));
#259=EDGE_LOOP('',(#846,#847,#848,#849));
#260=EDGE_LOOP('',(#850,#851,#852,#853));
#261=EDGE_LOOP('',(#854,#855,#856,#857));
#262=EDGE_LOOP('',(#858,#859,#860,#861));
#263=EDGE_LOOP('',(#862,#863,#864,#865));
#264=EDGE_LOOP('',(#866,#867,#868,#869));
#265=EDGE_LOOP('',(#870,#871,#872,#873));
#266=EDGE_LOOP('',(#874,#875,#876,#877));
#267=EDGE_LOOP('',(#878,#879,#880,#881));
#268=EDGE_LOOP('',(#882,#883,#884,#885));
#269=EDGE_LOOP('',(#886,#887,#888,#889));
#270=EDGE_LOOP('',(#890,#891,#892,#893));
#271=EDGE_LOOP('',(#894,#895,#896,#897));
#272=EDGE_LOOP('',(#898,#899,#900,#901));
#273=EDGE_LOOP('',(#902,#903,#904,#905));
#274=EDGE_LOOP('',(#906,#907,#908,#909));
#275=EDGE_LOOP('',(#910));
#276=EDGE_LOOP('',(#911,#912,#913,#914,#915,#916,#917,#918,#919,#920,#921,
#922,#923,#924,#925,#926,#927,#928,#929,#930,#931,#932,#933,#934,#935,#936,
#937,#938,#939,#940,#941,#942,#943,#944,#945,#946,#947,#948,#949,#950));
#277=LINE('',#1192,#331);
#278=LINE('',#1200,#332);
#279=LINE('',#1208,#333);
#280=LINE('',#1210,#334);
#281=LINE('',#1212,#335);
#282=LINE('',#1213,#336);
#283=LINE('',#1218,#337);
#284=LINE('',#1223,#338);
#285=LINE('',#1225,#339);
#286=LINE('',#1227,#340);
#287=LINE('',#1228,#341);
#288=LINE('',#1243,#342);
#289=LINE('',#1245,#343);
#290=LINE('',#1571,#344);
#291=LINE('',#1588,#345);
#292=LINE('',#1597,#346);
#293=LINE('',#1620,#347);
#294=LINE('',#1643,#348);
#295=LINE('',#1666,#349);
#296=LINE('',#1689,#350);
#297=LINE('',#1712,#351);
#298=LINE('',#1735,#352);
#299=LINE('',#1758,#353);
#300=LINE('',#1781,#354);
#301=LINE('',#1804,#355);
#302=LINE('',#1827,#356);
#303=LINE('',#1850,#357);
#304=LINE('',#1873,#358);
#305=LINE('',#1896,#359);
#306=LINE('',#1919,#360);
#307=LINE('',#1942,#361);
#308=LINE('',#1965,#362);
#309=LINE('',#1988,#363);
#310=LINE('',#2011,#364);
#311=LINE('',#2034,#365);
#312=LINE('',#2057,#366);
#313=LINE('',#2080,#367);
#314=LINE('',#2103,#368);
#315=LINE('',#2126,#369);
#316=LINE('',#2149,#370);
#317=LINE('',#2172,#371);
#318=LINE('',#2195,#372);
#319=LINE('',#2218,#373);
#320=LINE('',#2241,#374);
#321=LINE('',#2264,#375);
#322=LINE('',#2287,#376);
#323=LINE('',#2310,#377);
#324=LINE('',#2333,#378);
#325=LINE('',#2356,#379);
#326=LINE('',#2379,#380);
#327=LINE('',#2402,#381);
#328=LINE('',#2425,#382);
#329=LINE('',#2448,#383);
#330=LINE('',#2471,#384);
#331=VECTOR('',#1070,3.);
#332=VECTOR('',#1081,2.7);
#333=VECTOR('',#1090,10.);
#334=VECTOR('',#1091,10.);
#335=VECTOR('',#1092,10.);
#336=VECTOR('',#1093,10.);
#337=VECTOR('',#1098,1.15);
#338=VECTOR('',#1103,10.);
#339=VECTOR('',#1104,10.);
#340=VECTOR('',#1105,10.);
#341=VECTOR('',#1106,10.);
#342=VECTOR('',#1129,5.);
#343=VECTOR('',#1130,5.);
#344=VECTOR('',#1139,1.);
#345=VECTOR('',#1142,10.);
#346=VECTOR('',#1143,10.);
#347=VECTOR('',#1144,10.);
#348=VECTOR('',#1145,10.);
#349=VECTOR('',#1146,10.);
#350=VECTOR('',#1147,10.);
#351=VECTOR('',#1148,10.);
#352=VECTOR('',#1149,10.);
#353=VECTOR('',#1150,10.);
#354=VECTOR('',#1151,10.);
#355=VECTOR('',#1152,10.);
#356=VECTOR('',#1153,10.);
#357=VECTOR('',#1154,10.);
#358=VECTOR('',#1155,10.);
#359=VECTOR('',#1156,10.);
#360=VECTOR('',#1157,10.);
#361=VECTOR('',#1158,10.);
#362=VECTOR('',#1159,10.);
#363=VECTOR('',#1160,10.);
#364=VECTOR('',#1161,10.);
#365=VECTOR('',#1162,10.);
#366=VECTOR('',#1163,10.);
#367=VECTOR('',#1164,10.);
#368=VECTOR('',#1165,10.);
#369=VECTOR('',#1166,10.);
#370=VECTOR('',#1167,10.);
#371=VECTOR('',#1168,10.);
#372=VECTOR('',#1169,10.);
#373=VECTOR('',#1170,10.);
#374=VECTOR('',#1171,10.);
#375=VECTOR('',#1172,10.);
#376=VECTOR('',#1173,10.);
#377=VECTOR('',#1174,10.);
#378=VECTOR('',#1175,10.);
#379=VECTOR('',#1176,10.);
#380=VECTOR('',#1177,10.);
#381=VECTOR('',#1178,10.);
#382=VECTOR('',#1179,10.);
#383=VECTOR('',#1180,10.);
#384=VECTOR('',#1181,10.);
#385=CIRCLE('',#1030,3.);
#386=CIRCLE('',#1031,3.);
#387=CIRCLE('',#1035,2.7);
#388=CIRCLE('',#1036,2.7);
#389=CIRCLE('',#1038,1.);
#390=CIRCLE('',#1041,1.15);
#391=CIRCLE('',#1042,1.15);
#392=CIRCLE('',#1045,3.);
#393=CIRCLE('',#1046,3.);
#394=CIRCLE('',#1048,5.);
#395=CIRCLE('',#1049,5.);
#396=CIRCLE('',#1051,5.);
#397=CIRCLE('',#1052,5.);
#398=CIRCLE('',#1054,5.);
#399=CIRCLE('',#1055,5.);
#400=CIRCLE('',#1057,1.);
#401=VERTEX_POINT('',#1189);
#402=VERTEX_POINT('',#1191);
#403=VERTEX_POINT('',#1197);
#404=VERTEX_POINT('',#1199);
#405=VERTEX_POINT('',#1203);
#406=VERTEX_POINT('',#1206);
#407=VERTEX_POINT('',#1207);
#408=VERTEX_POINT('',#1209);
#409=VERTEX_POINT('',#1211);
#410=VERTEX_POINT('',#1215);
#411=VERTEX_POINT('',#1217);
#412=VERTEX_POINT('',#1221);
#413=VERTEX_POINT('',#1222);
#414=VERTEX_POINT('',#1224);
#415=VERTEX_POINT('',#1226);
#416=VERTEX_POINT('',#1233);
#417=VERTEX_POINT('',#1237);
#418=VERTEX_POINT('',#1241);
#419=VERTEX_POINT('',#1244);
#420=VERTEX_POINT('',#1248);
#421=VERTEX_POINT('',#1249);
#422=VERTEX_POINT('',#1257);
#423=VERTEX_POINT('',#1265);
#424=VERTEX_POINT('',#1273);
#425=VERTEX_POINT('',#1281);
#426=VERTEX_POINT('',#1289);
#427=VERTEX_POINT('',#1297);
#428=VERTEX_POINT('',#1305);
#429=VERTEX_POINT('',#1313);
#430=VERTEX_POINT('',#1321);
#431=VERTEX_POINT('',#1329);
#432=VERTEX_POINT('',#1337);
#433=VERTEX_POINT('',#1345);
#434=VERTEX_POINT('',#1353);
#435=VERTEX_POINT('',#1361);
#436=VERTEX_POINT('',#1369);
#437=VERTEX_POINT('',#1377);
#438=VERTEX_POINT('',#1385);
#439=VERTEX_POINT('',#1393);
#440=VERTEX_POINT('',#1401);
#441=VERTEX_POINT('',#1409);
#442=VERTEX_POINT('',#1417);
#443=VERTEX_POINT('',#1425);
#444=VERTEX_POINT('',#1433);
#445=VERTEX_POINT('',#1441);
#446=VERTEX_POINT('',#1449);
#447=VERTEX_POINT('',#1457);
#448=VERTEX_POINT('',#1465);
#449=VERTEX_POINT('',#1473);
#450=VERTEX_POINT('',#1481);
#451=VERTEX_POINT('',#1489);
#452=VERTEX_POINT('',#1497);
#453=VERTEX_POINT('',#1505);
#454=VERTEX_POINT('',#1513);
#455=VERTEX_POINT('',#1521);
#456=VERTEX_POINT('',#1529);
#457=VERTEX_POINT('',#1537);
#458=VERTEX_POINT('',#1545);
#459=VERTEX_POINT('',#1553);
#460=VERTEX_POINT('',#1568);
#461=VERTEX_POINT('',#1587);
#462=VERTEX_POINT('',#1589);
#463=VERTEX_POINT('',#1612);
#464=VERTEX_POINT('',#1635);
#465=VERTEX_POINT('',#1658);
#466=VERTEX_POINT('',#1681);
#467=VERTEX_POINT('',#1704);
#468=VERTEX_POINT('',#1727);
#469=VERTEX_POINT('',#1750);
#470=VERTEX_POINT('',#1773);
#471=VERTEX_POINT('',#1796);
#472=VERTEX_POINT('',#1819);
#473=VERTEX_POINT('',#1842);
#474=VERTEX_POINT('',#1865);
#475=VERTEX_POINT('',#1888);
#476=VERTEX_POINT('',#1911);
#477=VERTEX_POINT('',#1934);
#478=VERTEX_POINT('',#1957);
#479=VERTEX_POINT('',#1980);
#480=VERTEX_POINT('',#2003);
#481=VERTEX_POINT('',#2026);
#482=VERTEX_POINT('',#2049);
#483=VERTEX_POINT('',#2072);
#484=VERTEX_POINT('',#2095);
#485=VERTEX_POINT('',#2118);
#486=VERTEX_POINT('',#2141);
#487=VERTEX_POINT('',#2164);
#488=VERTEX_POINT('',#2187);
#489=VERTEX_POINT('',#2210);
#490=VERTEX_POINT('',#2233);
#491=VERTEX_POINT('',#2256);
#492=VERTEX_POINT('',#2279);
#493=VERTEX_POINT('',#2302);
#494=VERTEX_POINT('',#2325);
#495=VERTEX_POINT('',#2348);
#496=VERTEX_POINT('',#2371);
#497=VERTEX_POINT('',#2394);
#498=VERTEX_POINT('',#2417);
#499=VERTEX_POINT('',#2440);
#500=VERTEX_POINT('',#2463);
#501=EDGE_CURVE('',#401,#401,#385,.T.);
#502=EDGE_CURVE('',#401,#402,#277,.T.);
#503=EDGE_CURVE('',#402,#402,#386,.T.);
#504=EDGE_CURVE('',#403,#403,#387,.T.);
#505=EDGE_CURVE('',#403,#404,#278,.T.);
#506=EDGE_CURVE('',#404,#404,#388,.T.);
#507=EDGE_CURVE('',#405,#405,#389,.T.);
#508=EDGE_CURVE('',#406,#407,#279,.T.);
#509=EDGE_CURVE('',#408,#407,#280,.T.);
#510=EDGE_CURVE('',#408,#409,#281,.T.);
#511=EDGE_CURVE('',#409,#406,#282,.T.);
#512=EDGE_CURVE('',#410,#410,#390,.T.);
#513=EDGE_CURVE('',#410,#411,#283,.T.);
#514=EDGE_CURVE('',#411,#411,#391,.T.);
#515=EDGE_CURVE('',#412,#413,#284,.T.);
#516=EDGE_CURVE('',#414,#413,#285,.T.);
#517=EDGE_CURVE('',#414,#415,#286,.T.);
#518=EDGE_CURVE('',#415,#412,#287,.T.);
#519=EDGE_CURVE('',#413,#406,#392,.T.);
#520=EDGE_CURVE('',#409,#414,#393,.T.);
#521=EDGE_CURVE('',#415,#416,#394,.T.);
#522=EDGE_CURVE('',#416,#408,#395,.T.);
#523=EDGE_CURVE('',#417,#412,#396,.T.);
#524=EDGE_CURVE('',#407,#417,#397,.T.);
#525=EDGE_CURVE('',#418,#418,#398,.T.);
#526=EDGE_CURVE('',#418,#417,#288,.T.);
#527=EDGE_CURVE('',#416,#419,#289,.T.);
#528=EDGE_CURVE('',#419,#419,#399,.T.);
#529=EDGE_CURVE('',#420,#421,#55,.T.);
#530=EDGE_CURVE('',#421,#422,#56,.T.);
#531=EDGE_CURVE('',#422,#423,#57,.T.);
#532=EDGE_CURVE('',#423,#424,#58,.T.);
#533=EDGE_CURVE('',#424,#425,#59,.T.);
#534=EDGE_CURVE('',#425,#426,#60,.T.);
#535=EDGE_CURVE('',#426,#427,#61,.T.);
#536=EDGE_CURVE('',#427,#428,#62,.T.);
#537=EDGE_CURVE('',#428,#429,#63,.T.);
#538=EDGE_CURVE('',#429,#430,#64,.T.);
#539=EDGE_CURVE('',#430,#431,#65,.T.);
#540=EDGE_CURVE('',#431,#432,#66,.T.);
#541=EDGE_CURVE('',#432,#433,#67,.T.);
#542=EDGE_CURVE('',#433,#434,#68,.T.);
#543=EDGE_CURVE('',#434,#435,#69,.T.);
#544=EDGE_CURVE('',#435,#436,#70,.T.);
#545=EDGE_CURVE('',#436,#437,#71,.T.);
#546=EDGE_CURVE('',#437,#438,#72,.T.);
#547=EDGE_CURVE('',#438,#439,#73,.T.);
#548=EDGE_CURVE('',#439,#440,#74,.T.);
#549=EDGE_CURVE('',#440,#441,#75,.T.);
#550=EDGE_CURVE('',#441,#442,#76,.T.);
#551=EDGE_CURVE('',#442,#443,#77,.T.);
#552=EDGE_CURVE('',#443,#444,#78,.T.);
#553=EDGE_CURVE('',#444,#445,#79,.T.);
#554=EDGE_CURVE('',#445,#446,#80,.T.);
#555=EDGE_CURVE('',#446,#447,#81,.T.);
#556=EDGE_CURVE('',#447,#448,#82,.T.);
#557=EDGE_CURVE('',#448,#449,#83,.T.);
#558=EDGE_CURVE('',#449,#450,#84,.T.);
#559=EDGE_CURVE('',#450,#451,#85,.T.);
#560=EDGE_CURVE('',#451,#452,#86,.T.);
#561=EDGE_CURVE('',#452,#453,#87,.T.);
#562=EDGE_CURVE('',#453,#454,#88,.T.);
#563=EDGE_CURVE('',#454,#455,#89,.T.);
#564=EDGE_CURVE('',#455,#456,#90,.T.);
#565=EDGE_CURVE('',#456,#457,#91,.T.);
#566=EDGE_CURVE('',#457,#458,#92,.T.);
#567=EDGE_CURVE('',#458,#459,#93,.T.);
#568=EDGE_CURVE('',#459,#420,#94,.T.);
#569=EDGE_CURVE('',#460,#460,#400,.T.);
#570=EDGE_CURVE('',#405,#460,#290,.T.);
#571=EDGE_CURVE('',#420,#461,#291,.T.);
#572=EDGE_CURVE('',#462,#461,#95,.T.);
#573=EDGE_CURVE('',#421,#462,#292,.T.);
#574=EDGE_CURVE('',#463,#462,#96,.T.);
#575=EDGE_CURVE('',#422,#463,#293,.T.);
#576=EDGE_CURVE('',#464,#463,#97,.T.);
#577=EDGE_CURVE('',#423,#464,#294,.T.);
#578=EDGE_CURVE('',#465,#464,#98,.T.);
#579=EDGE_CURVE('',#424,#465,#295,.T.);
#580=EDGE_CURVE('',#466,#465,#99,.T.);
#581=EDGE_CURVE('',#425,#466,#296,.T.);
#582=EDGE_CURVE('',#467,#466,#100,.T.);
#583=EDGE_CURVE('',#426,#467,#297,.T.);
#584=EDGE_CURVE('',#468,#467,#101,.T.);
#585=EDGE_CURVE('',#427,#468,#298,.T.);
#586=EDGE_CURVE('',#469,#468,#102,.T.);
#587=EDGE_CURVE('',#428,#469,#299,.T.);
#588=EDGE_CURVE('',#470,#469,#103,.T.);
#589=EDGE_CURVE('',#429,#470,#300,.T.);
#590=EDGE_CURVE('',#471,#470,#104,.T.);
#591=EDGE_CURVE('',#430,#471,#301,.T.);
#592=EDGE_CURVE('',#472,#471,#105,.T.);
#593=EDGE_CURVE('',#431,#472,#302,.T.);
#594=EDGE_CURVE('',#473,#472,#106,.T.);
#595=EDGE_CURVE('',#432,#473,#303,.T.);
#596=EDGE_CURVE('',#474,#473,#107,.T.);
#597=EDGE_CURVE('',#433,#474,#304,.T.);
#598=EDGE_CURVE('',#475,#474,#108,.T.);
#599=EDGE_CURVE('',#434,#475,#305,.T.);
#600=EDGE_CURVE('',#476,#475,#109,.T.);
#601=EDGE_CURVE('',#435,#476,#306,.T.);
#602=EDGE_CURVE('',#477,#476,#110,.T.);
#603=EDGE_CURVE('',#436,#477,#307,.T.);
#604=EDGE_CURVE('',#478,#477,#111,.T.);
#605=EDGE_CURVE('',#437,#478,#308,.T.);
#606=EDGE_CURVE('',#479,#478,#112,.T.);
#607=EDGE_CURVE('',#438,#479,#309,.T.);
#608=EDGE_CURVE('',#480,#479,#113,.T.);
#609=EDGE_CURVE('',#439,#480,#310,.T.);
#610=EDGE_CURVE('',#481,#480,#114,.T.);
#611=EDGE_CURVE('',#440,#481,#311,.T.);
#612=EDGE_CURVE('',#482,#481,#115,.T.);
#613=EDGE_CURVE('',#441,#482,#312,.T.);
#614=EDGE_CURVE('',#483,#482,#116,.T.);
#615=EDGE_CURVE('',#442,#483,#313,.T.);
#616=EDGE_CURVE('',#484,#483,#117,.T.);
#617=EDGE_CURVE('',#443,#484,#314,.T.);
#618=EDGE_CURVE('',#485,#484,#118,.T.);
#619=EDGE_CURVE('',#444,#485,#315,.T.);
#620=EDGE_CURVE('',#486,#485,#119,.T.);
#621=EDGE_CURVE('',#445,#486,#316,.T.);
#622=EDGE_CURVE('',#487,#486,#120,.T.);
#623=EDGE_CURVE('',#446,#487,#317,.T.);
#624=EDGE_CURVE('',#488,#487,#121,.T.);
#625=EDGE_CURVE('',#447,#488,#318,.T.);
#626=EDGE_CURVE('',#489,#488,#122,.T.);
#627=EDGE_CURVE('',#448,#489,#319,.T.);
#628=EDGE_CURVE('',#490,#489,#123,.T.);
#629=EDGE_CURVE('',#449,#490,#320,.T.);
#630=EDGE_CURVE('',#491,#490,#124,.T.);
#631=EDGE_CURVE('',#450,#491,#321,.T.);
#632=EDGE_CURVE('',#492,#491,#125,.T.);
#633=EDGE_CURVE('',#451,#492,#322,.T.);
#634=EDGE_CURVE('',#493,#492,#126,.T.);
#635=EDGE_CURVE('',#452,#493,#323,.T.);
#636=EDGE_CURVE('',#494,#493,#127,.T.);
#637=EDGE_CURVE('',#453,#494,#324,.T.);
#638=EDGE_CURVE('',#495,#494,#128,.T.);
#639=EDGE_CURVE('',#454,#495,#325,.T.);
#640=EDGE_CURVE('',#496,#495,#129,.T.);
#641=EDGE_CURVE('',#455,#496,#326,.T.);
#642=EDGE_CURVE('',#497,#496,#130,.T.);
#643=EDGE_CURVE('',#456,#497,#327,.T.);
#644=EDGE_CURVE('',#498,#497,#131,.T.);
#645=EDGE_CURVE('',#457,#498,#328,.T.);
#646=EDGE_CURVE('',#499,#498,#132,.T.);
#647=EDGE_CURVE('',#458,#499,#329,.T.);
#648=EDGE_CURVE('',#500,#499,#133,.T.);
#649=EDGE_CURVE('',#459,#500,#330,.T.);
#650=EDGE_CURVE('',#461,#500,#134,.T.);
#651=ORIENTED_EDGE('',*,*,#501,.F.);
#652=ORIENTED_EDGE('',*,*,#502,.T.);
#653=ORIENTED_EDGE('',*,*,#503,.F.);
#654=ORIENTED_EDGE('',*,*,#502,.F.);
#655=ORIENTED_EDGE('',*,*,#503,.T.);
#656=ORIENTED_EDGE('',*,*,#501,.T.);
#657=ORIENTED_EDGE('',*,*,#504,.F.);
#658=ORIENTED_EDGE('',*,*,#505,.T.);
#659=ORIENTED_EDGE('',*,*,#506,.T.);
#660=ORIENTED_EDGE('',*,*,#505,.F.);
#661=ORIENTED_EDGE('',*,*,#506,.F.);
#662=ORIENTED_EDGE('',*,*,#507,.F.);
#663=ORIENTED_EDGE('',*,*,#508,.T.);
#664=ORIENTED_EDGE('',*,*,#509,.F.);
#665=ORIENTED_EDGE('',*,*,#510,.T.);
#666=ORIENTED_EDGE('',*,*,#511,.T.);
#667=ORIENTED_EDGE('',*,*,#512,.T.);
#668=ORIENTED_EDGE('',*,*,#513,.T.);
#669=ORIENTED_EDGE('',*,*,#514,.T.);
#670=ORIENTED_EDGE('',*,*,#513,.F.);
#671=ORIENTED_EDGE('',*,*,#515,.T.);
#672=ORIENTED_EDGE('',*,*,#516,.F.);
#673=ORIENTED_EDGE('',*,*,#517,.T.);
#674=ORIENTED_EDGE('',*,*,#518,.T.);
#675=ORIENTED_EDGE('',*,*,#519,.T.);
#676=ORIENTED_EDGE('',*,*,#511,.F.);
#677=ORIENTED_EDGE('',*,*,#520,.T.);
#678=ORIENTED_EDGE('',*,*,#516,.T.);
#679=ORIENTED_EDGE('',*,*,#521,.F.);
#680=ORIENTED_EDGE('',*,*,#517,.F.);
#681=ORIENTED_EDGE('',*,*,#520,.F.);
#682=ORIENTED_EDGE('',*,*,#510,.F.);
#683=ORIENTED_EDGE('',*,*,#522,.F.);
#684=ORIENTED_EDGE('',*,*,#514,.F.);
#685=ORIENTED_EDGE('',*,*,#515,.F.);
#686=ORIENTED_EDGE('',*,*,#523,.F.);
#687=ORIENTED_EDGE('',*,*,#524,.F.);
#688=ORIENTED_EDGE('',*,*,#508,.F.);
#689=ORIENTED_EDGE('',*,*,#519,.F.);
#690=ORIENTED_EDGE('',*,*,#512,.F.);
#691=ORIENTED_EDGE('',*,*,#525,.F.);
#692=ORIENTED_EDGE('',*,*,#526,.T.);
#693=ORIENTED_EDGE('',*,*,#523,.T.);
#694=ORIENTED_EDGE('',*,*,#518,.F.);
#695=ORIENTED_EDGE('',*,*,#521,.T.);
#696=ORIENTED_EDGE('',*,*,#527,.T.);
#697=ORIENTED_EDGE('',*,*,#528,.F.);
#698=ORIENTED_EDGE('',*,*,#527,.F.);
#699=ORIENTED_EDGE('',*,*,#522,.T.);
#700=ORIENTED_EDGE('',*,*,#509,.T.);
#701=ORIENTED_EDGE('',*,*,#524,.T.);
#702=ORIENTED_EDGE('',*,*,#526,.F.);
#703=ORIENTED_EDGE('',*,*,#529,.T.);
#704=ORIENTED_EDGE('',*,*,#530,.T.);
#705=ORIENTED_EDGE('',*,*,#531,.T.);
#706=ORIENTED_EDGE('',*,*,#532,.T.);
#707=ORIENTED_EDGE('',*,*,#533,.T.);
#708=ORIENTED_EDGE('',*,*,#534,.T.);
#709=ORIENTED_EDGE('',*,*,#535,.T.);
#710=ORIENTED_EDGE('',*,*,#536,.T.);
#711=ORIENTED_EDGE('',*,*,#537,.T.);
#712=ORIENTED_EDGE('',*,*,#538,.T.);
#713=ORIENTED_EDGE('',*,*,#539,.T.);
#714=ORIENTED_EDGE('',*,*,#540,.T.);
#715=ORIENTED_EDGE('',*,*,#541,.T.);
#716=ORIENTED_EDGE('',*,*,#542,.T.);
#717=ORIENTED_EDGE('',*,*,#543,.T.);
#718=ORIENTED_EDGE('',*,*,#544,.T.);
#719=ORIENTED_EDGE('',*,*,#545,.T.);
#720=ORIENTED_EDGE('',*,*,#546,.T.);
#721=ORIENTED_EDGE('',*,*,#547,.T.);
#722=ORIENTED_EDGE('',*,*,#548,.T.);
#723=ORIENTED_EDGE('',*,*,#549,.T.);
#724=ORIENTED_EDGE('',*,*,#550,.T.);
#725=ORIENTED_EDGE('',*,*,#551,.T.);
#726=ORIENTED_EDGE('',*,*,#552,.T.);
#727=ORIENTED_EDGE('',*,*,#553,.T.);
#728=ORIENTED_EDGE('',*,*,#554,.T.);
#729=ORIENTED_EDGE('',*,*,#555,.T.);
#730=ORIENTED_EDGE('',*,*,#556,.T.);
#731=ORIENTED_EDGE('',*,*,#557,.T.);
#732=ORIENTED_EDGE('',*,*,#558,.T.);
#733=ORIENTED_EDGE('',*,*,#559,.T.);
#734=ORIENTED_EDGE('',*,*,#560,.T.);
#735=ORIENTED_EDGE('',*,*,#561,.T.);
#736=ORIENTED_EDGE('',*,*,#562,.T.);
#737=ORIENTED_EDGE('',*,*,#563,.T.);
#738=ORIENTED_EDGE('',*,*,#564,.T.);
#739=ORIENTED_EDGE('',*,*,#565,.T.);
#740=ORIENTED_EDGE('',*,*,#566,.T.);
#741=ORIENTED_EDGE('',*,*,#567,.T.);
#742=ORIENTED_EDGE('',*,*,#568,.T.);
#743=ORIENTED_EDGE('',*,*,#569,.F.);
#744=ORIENTED_EDGE('',*,*,#507,.T.);
#745=ORIENTED_EDGE('',*,*,#570,.T.);
#746=ORIENTED_EDGE('',*,*,#569,.T.);
#747=ORIENTED_EDGE('',*,*,#570,.F.);
#748=ORIENTED_EDGE('',*,*,#528,.T.);
#749=ORIENTED_EDGE('',*,*,#504,.T.);
#750=ORIENTED_EDGE('',*,*,#529,.F.);
#751=ORIENTED_EDGE('',*,*,#571,.T.);
#752=ORIENTED_EDGE('',*,*,#572,.F.);
#753=ORIENTED_EDGE('',*,*,#573,.F.);
#754=ORIENTED_EDGE('',*,*,#530,.F.);
#755=ORIENTED_EDGE('',*,*,#573,.T.);
#756=ORIENTED_EDGE('',*,*,#574,.F.);
#757=ORIENTED_EDGE('',*,*,#575,.F.);
#758=ORIENTED_EDGE('',*,*,#531,.F.);
#759=ORIENTED_EDGE('',*,*,#575,.T.);
#760=ORIENTED_EDGE('',*,*,#576,.F.);
#761=ORIENTED_EDGE('',*,*,#577,.F.);
#762=ORIENTED_EDGE('',*,*,#532,.F.);
#763=ORIENTED_EDGE('',*,*,#577,.T.);
#764=ORIENTED_EDGE('',*,*,#578,.F.);
#765=ORIENTED_EDGE('',*,*,#579,.F.);
#766=ORIENTED_EDGE('',*,*,#533,.F.);
#767=ORIENTED_EDGE('',*,*,#579,.T.);
#768=ORIENTED_EDGE('',*,*,#580,.F.);
#769=ORIENTED_EDGE('',*,*,#581,.F.);
#770=ORIENTED_EDGE('',*,*,#534,.F.);
#771=ORIENTED_EDGE('',*,*,#581,.T.);
#772=ORIENTED_EDGE('',*,*,#582,.F.);
#773=ORIENTED_EDGE('',*,*,#583,.F.);
#774=ORIENTED_EDGE('',*,*,#535,.F.);
#775=ORIENTED_EDGE('',*,*,#583,.T.);
#776=ORIENTED_EDGE('',*,*,#584,.F.);
#777=ORIENTED_EDGE('',*,*,#585,.F.);
#778=ORIENTED_EDGE('',*,*,#536,.F.);
#779=ORIENTED_EDGE('',*,*,#585,.T.);
#780=ORIENTED_EDGE('',*,*,#586,.F.);
#781=ORIENTED_EDGE('',*,*,#587,.F.);
#782=ORIENTED_EDGE('',*,*,#537,.F.);
#783=ORIENTED_EDGE('',*,*,#587,.T.);
#784=ORIENTED_EDGE('',*,*,#588,.F.);
#785=ORIENTED_EDGE('',*,*,#589,.F.);
#786=ORIENTED_EDGE('',*,*,#538,.F.);
#787=ORIENTED_EDGE('',*,*,#589,.T.);
#788=ORIENTED_EDGE('',*,*,#590,.F.);
#789=ORIENTED_EDGE('',*,*,#591,.F.);
#790=ORIENTED_EDGE('',*,*,#539,.F.);
#791=ORIENTED_EDGE('',*,*,#591,.T.);
#792=ORIENTED_EDGE('',*,*,#592,.F.);
#793=ORIENTED_EDGE('',*,*,#593,.F.);
#794=ORIENTED_EDGE('',*,*,#540,.F.);
#795=ORIENTED_EDGE('',*,*,#593,.T.);
#796=ORIENTED_EDGE('',*,*,#594,.F.);
#797=ORIENTED_EDGE('',*,*,#595,.F.);
#798=ORIENTED_EDGE('',*,*,#541,.F.);
#799=ORIENTED_EDGE('',*,*,#595,.T.);
#800=ORIENTED_EDGE('',*,*,#596,.F.);
#801=ORIENTED_EDGE('',*,*,#597,.F.);
#802=ORIENTED_EDGE('',*,*,#542,.F.);
#803=ORIENTED_EDGE('',*,*,#597,.T.);
#804=ORIENTED_EDGE('',*,*,#598,.F.);
#805=ORIENTED_EDGE('',*,*,#599,.F.);
#806=ORIENTED_EDGE('',*,*,#543,.F.);
#807=ORIENTED_EDGE('',*,*,#599,.T.);
#808=ORIENTED_EDGE('',*,*,#600,.F.);
#809=ORIENTED_EDGE('',*,*,#601,.F.);
#810=ORIENTED_EDGE('',*,*,#544,.F.);
#811=ORIENTED_EDGE('',*,*,#601,.T.);
#812=ORIENTED_EDGE('',*,*,#602,.F.);
#813=ORIENTED_EDGE('',*,*,#603,.F.);
#814=ORIENTED_EDGE('',*,*,#545,.F.);
#815=ORIENTED_EDGE('',*,*,#603,.T.);
#816=ORIENTED_EDGE('',*,*,#604,.F.);
#817=ORIENTED_EDGE('',*,*,#605,.F.);
#818=ORIENTED_EDGE('',*,*,#546,.F.);
#819=ORIENTED_EDGE('',*,*,#605,.T.);
#820=ORIENTED_EDGE('',*,*,#606,.F.);
#821=ORIENTED_EDGE('',*,*,#607,.F.);
#822=ORIENTED_EDGE('',*,*,#547,.F.);
#823=ORIENTED_EDGE('',*,*,#607,.T.);
#824=ORIENTED_EDGE('',*,*,#608,.F.);
#825=ORIENTED_EDGE('',*,*,#609,.F.);
#826=ORIENTED_EDGE('',*,*,#548,.F.);
#827=ORIENTED_EDGE('',*,*,#609,.T.);
#828=ORIENTED_EDGE('',*,*,#610,.F.);
#829=ORIENTED_EDGE('',*,*,#611,.F.);
#830=ORIENTED_EDGE('',*,*,#549,.F.);
#831=ORIENTED_EDGE('',*,*,#611,.T.);
#832=ORIENTED_EDGE('',*,*,#612,.F.);
#833=ORIENTED_EDGE('',*,*,#613,.F.);
#834=ORIENTED_EDGE('',*,*,#550,.F.);
#835=ORIENTED_EDGE('',*,*,#613,.T.);
#836=ORIENTED_EDGE('',*,*,#614,.F.);
#837=ORIENTED_EDGE('',*,*,#615,.F.);
#838=ORIENTED_EDGE('',*,*,#551,.F.);
#839=ORIENTED_EDGE('',*,*,#615,.T.);
#840=ORIENTED_EDGE('',*,*,#616,.F.);
#841=ORIENTED_EDGE('',*,*,#617,.F.);
#842=ORIENTED_EDGE('',*,*,#552,.F.);
#843=ORIENTED_EDGE('',*,*,#617,.T.);
#844=ORIENTED_EDGE('',*,*,#618,.F.);
#845=ORIENTED_EDGE('',*,*,#619,.F.);
#846=ORIENTED_EDGE('',*,*,#553,.F.);
#847=ORIENTED_EDGE('',*,*,#619,.T.);
#848=ORIENTED_EDGE('',*,*,#620,.F.);
#849=ORIENTED_EDGE('',*,*,#621,.F.);
#850=ORIENTED_EDGE('',*,*,#554,.F.);
#851=ORIENTED_EDGE('',*,*,#621,.T.);
#852=ORIENTED_EDGE('',*,*,#622,.F.);
#853=ORIENTED_EDGE('',*,*,#623,.F.);
#854=ORIENTED_EDGE('',*,*,#555,.F.);
#855=ORIENTED_EDGE('',*,*,#623,.T.);
#856=ORIENTED_EDGE('',*,*,#624,.F.);
#857=ORIENTED_EDGE('',*,*,#625,.F.);
#858=ORIENTED_EDGE('',*,*,#556,.F.);
#859=ORIENTED_EDGE('',*,*,#625,.T.);
#860=ORIENTED_EDGE('',*,*,#626,.F.);
#861=ORIENTED_EDGE('',*,*,#627,.F.);
#862=ORIENTED_EDGE('',*,*,#557,.F.);
#863=ORIENTED_EDGE('',*,*,#627,.T.);
#864=ORIENTED_EDGE('',*,*,#628,.F.);
#865=ORIENTED_EDGE('',*,*,#629,.F.);
#866=ORIENTED_EDGE('',*,*,#558,.F.);
#867=ORIENTED_EDGE('',*,*,#629,.T.);
#868=ORIENTED_EDGE('',*,*,#630,.F.);
#869=ORIENTED_EDGE('',*,*,#631,.F.);
#870=ORIENTED_EDGE('',*,*,#559,.F.);
#871=ORIENTED_EDGE('',*,*,#631,.T.);
#872=ORIENTED_EDGE('',*,*,#632,.F.);
#873=ORIENTED_EDGE('',*,*,#633,.F.);
#874=ORIENTED_EDGE('',*,*,#560,.F.);
#875=ORIENTED_EDGE('',*,*,#633,.T.);
#876=ORIENTED_EDGE('',*,*,#634,.F.);
#877=ORIENTED_EDGE('',*,*,#635,.F.);
#878=ORIENTED_EDGE('',*,*,#561,.F.);
#879=ORIENTED_EDGE('',*,*,#635,.T.);
#880=ORIENTED_EDGE('',*,*,#636,.F.);
#881=ORIENTED_EDGE('',*,*,#637,.F.);
#882=ORIENTED_EDGE('',*,*,#562,.F.);
#883=ORIENTED_EDGE('',*,*,#637,.T.);
#884=ORIENTED_EDGE('',*,*,#638,.F.);
#885=ORIENTED_EDGE('',*,*,#639,.F.);
#886=ORIENTED_EDGE('',*,*,#563,.F.);
#887=ORIENTED_EDGE('',*,*,#639,.T.);
#888=ORIENTED_EDGE('',*,*,#640,.F.);
#889=ORIENTED_EDGE('',*,*,#641,.F.);
#890=ORIENTED_EDGE('',*,*,#564,.F.);
#891=ORIENTED_EDGE('',*,*,#641,.T.);
#892=ORIENTED_EDGE('',*,*,#642,.F.);
#893=ORIENTED_EDGE('',*,*,#643,.F.);
#894=ORIENTED_EDGE('',*,*,#565,.F.);
#895=ORIENTED_EDGE('',*,*,#643,.T.);
#896=ORIENTED_EDGE('',*,*,#644,.F.);
#897=ORIENTED_EDGE('',*,*,#645,.F.);
#898=ORIENTED_EDGE('',*,*,#566,.F.);
#899=ORIENTED_EDGE('',*,*,#645,.T.);
#900=ORIENTED_EDGE('',*,*,#646,.F.);
#901=ORIENTED_EDGE('',*,*,#647,.F.);
#902=ORIENTED_EDGE('',*,*,#567,.F.);
#903=ORIENTED_EDGE('',*,*,#647,.T.);
#904=ORIENTED_EDGE('',*,*,#648,.F.);
#905=ORIENTED_EDGE('',*,*,#649,.F.);
#906=ORIENTED_EDGE('',*,*,#568,.F.);
#907=ORIENTED_EDGE('',*,*,#649,.T.);
#908=ORIENTED_EDGE('',*,*,#650,.F.);
#909=ORIENTED_EDGE('',*,*,#571,.F.);
#910=ORIENTED_EDGE('',*,*,#525,.T.);
#911=ORIENTED_EDGE('',*,*,#650,.T.);
#912=ORIENTED_EDGE('',*,*,#648,.T.);
#913=ORIENTED_EDGE('',*,*,#646,.T.);
#914=ORIENTED_EDGE('',*,*,#644,.T.);
#915=ORIENTED_EDGE('',*,*,#642,.T.);
#916=ORIENTED_EDGE('',*,*,#640,.T.);
#917=ORIENTED_EDGE('',*,*,#638,.T.);
#918=ORIENTED_EDGE('',*,*,#636,.T.);
#919=ORIENTED_EDGE('',*,*,#634,.T.);
#920=ORIENTED_EDGE('',*,*,#632,.T.);
#921=ORIENTED_EDGE('',*,*,#630,.T.);
#922=ORIENTED_EDGE('',*,*,#628,.T.);
#923=ORIENTED_EDGE('',*,*,#626,.T.);
#924=ORIENTED_EDGE('',*,*,#624,.T.);
#925=ORIENTED_EDGE('',*,*,#622,.T.);
#926=ORIENTED_EDGE('',*,*,#620,.T.);
#927=ORIENTED_EDGE('',*,*,#618,.T.);
#928=ORIENTED_EDGE('',*,*,#616,.T.);
#929=ORIENTED_EDGE('',*,*,#614,.T.);
#930=ORIENTED_EDGE('',*,*,#612,.T.);
#931=ORIENTED_EDGE('',*,*,#610,.T.);
#932=ORIENTED_EDGE('',*,*,#608,.T.);
#933=ORIENTED_EDGE('',*,*,#606,.T.);
#934=ORIENTED_EDGE('',*,*,#604,.T.);
#935=ORIENTED_EDGE('',*,*,#602,.T.);
#936=ORIENTED_EDGE('',*,*,#600,.T.);
#937=ORIENTED_EDGE('',*,*,#598,.T.);
#938=ORIENTED_EDGE('',*,*,#596,.T.);
#939=ORIENTED_EDGE('',*,*,#594,.T.);
#940=ORIENTED_EDGE('',*,*,#592,.T.);
#941=ORIENTED_EDGE('',*,*,#590,.T.);
#942=ORIENTED_EDGE('',*,*,#588,.T.);
#943=ORIENTED_EDGE('',*,*,#586,.T.);
#944=ORIENTED_EDGE('',*,*,#584,.T.);
#945=ORIENTED_EDGE('',*,*,#582,.T.);
#946=ORIENTED_EDGE('',*,*,#580,.T.);
#947=ORIENTED_EDGE('',*,*,#578,.T.);
#948=ORIENTED_EDGE('',*,*,#576,.T.);
#949=ORIENTED_EDGE('',*,*,#574,.T.);
#950=ORIENTED_EDGE('',*,*,#572,.T.);
#951=CYLINDRICAL_SURFACE('',#1029,3.);
#952=CYLINDRICAL_SURFACE('',#1034,2.7);
#953=CYLINDRICAL_SURFACE('',#1040,1.15);
#954=CYLINDRICAL_SURFACE('',#1044,3.);
#955=CYLINDRICAL_SURFACE('',#1053,5.);
#956=CYLINDRICAL_SURFACE('',#1058,1.);
#957=ADVANCED_FACE('',(#159),#951,.T.);
#958=ADVANCED_FACE('',(#160),#149,.T.);
#959=ADVANCED_FACE('',(#161),#150,.F.);
#960=ADVANCED_FACE('',(#162),#952,.F.);
#961=ADVANCED_FACE('',(#163,#135),#151,.T.);
#962=ADVANCED_FACE('',(#164),#152,.T.);
#963=ADVANCED_FACE('',(#165),#953,.F.);
#964=ADVANCED_FACE('',(#166),#153,.T.);
#965=ADVANCED_FACE('',(#167),#954,.T.);
#966=ADVANCED_FACE('',(#168,#136),#154,.T.);
#967=ADVANCED_FACE('',(#169,#137),#155,.T.);
#968=ADVANCED_FACE('',(#170),#955,.T.);
#969=ADVANCED_FACE('',(#171,#138),#156,.F.);
#970=ADVANCED_FACE('',(#172),#956,.F.);
#971=ADVANCED_FACE('',(#173,#139),#157,.T.);
#972=ADVANCED_FACE('',(#174),#15,.T.);
#973=ADVANCED_FACE('',(#175),#16,.T.);
#974=ADVANCED_FACE('',(#176),#17,.T.);
#975=ADVANCED_FACE('',(#177),#18,.T.);
#976=ADVANCED_FACE('',(#178),#19,.T.);
#977=ADVANCED_FACE('',(#179),#20,.T.);
#978=ADVANCED_FACE('',(#180),#21,.T.);
#979=ADVANCED_FACE('',(#181),#22,.T.);
#980=ADVANCED_FACE('',(#182),#23,.T.);
#981=ADVANCED_FACE('',(#183),#24,.T.);
#982=ADVANCED_FACE('',(#184),#25,.T.);
#983=ADVANCED_FACE('',(#185),#26,.T.);
#984=ADVANCED_FACE('',(#186),#27,.T.);
#985=ADVANCED_FACE('',(#187),#28,.T.);
#986=ADVANCED_FACE('',(#188),#29,.T.);
#987=ADVANCED_FACE('',(#189),#30,.T.);
#988=ADVANCED_FACE('',(#190),#31,.T.);
#989=ADVANCED_FACE('',(#191),#32,.T.);
#990=ADVANCED_FACE('',(#192),#33,.T.);
#991=ADVANCED_FACE('',(#193),#34,.T.);
#992=ADVANCED_FACE('',(#194),#35,.T.);
#993=ADVANCED_FACE('',(#195),#36,.T.);
#994=ADVANCED_FACE('',(#196),#37,.T.);
#995=ADVANCED_FACE('',(#197),#38,.T.);
#996=ADVANCED_FACE('',(#198),#39,.T.);
#997=ADVANCED_FACE('',(#199),#40,.T.);
#998=ADVANCED_FACE('',(#200),#41,.T.);
#999=ADVANCED_FACE('',(#201),#42,.T.);
#1000=ADVANCED_FACE('',(#202),#43,.T.);
#1001=ADVANCED_FACE('',(#203),#44,.T.);
#1002=ADVANCED_FACE('',(#204),#45,.T.);
#1003=ADVANCED_FACE('',(#205),#46,.T.);
#1004=ADVANCED_FACE('',(#206),#47,.T.);
#1005=ADVANCED_FACE('',(#207),#48,.T.);
#1006=ADVANCED_FACE('',(#208),#49,.T.);
#1007=ADVANCED_FACE('',(#209),#50,.T.);
#1008=ADVANCED_FACE('',(#210),#51,.T.);
#1009=ADVANCED_FACE('',(#211),#52,.T.);
#1010=ADVANCED_FACE('',(#212),#53,.T.);
#1011=ADVANCED_FACE('',(#213),#54,.T.);
#1012=ADVANCED_FACE('',(#214,#140),#158,.F.);
#1013=CLOSED_SHELL('',(#957,#958,#959));
#1014=CLOSED_SHELL('',(#960,#961,#962,#963,#964,#965,#966,#967,#968,#969,
#970,#971,#972,#973,#974,#975,#976,#977,#978,#979,#980,#981,#982,#983,#984,
#985,#986,#987,#988,#989,#990,#991,#992,#993,#994,#995,#996,#997,#998,#999,
#1000,#1001,#1002,#1003,#1004,#1005,#1006,#1007,#1008,#1009,#1010,#1011,
#1012));
#1015=DERIVED_UNIT_ELEMENT(#1017,1.);
#1016=DERIVED_UNIT_ELEMENT(#2502,-3.);
#1017=(
MASS_UNIT()
NAMED_UNIT(*)
SI_UNIT(.KILO.,.GRAM.)
);
#1018=DERIVED_UNIT((#1015,#1016));
#1019=MEASURE_REPRESENTATION_ITEM('density measure',
POSITIVE_RATIO_MEASURE(7850.),#1018);
#1020=PROPERTY_DEFINITION_REPRESENTATION(#1025,#1022);
#1021=PROPERTY_DEFINITION_REPRESENTATION(#1026,#1023);
#1022=REPRESENTATION('material name',(#1024),#2499);
#1023=REPRESENTATION('density',(#1019),#2499);
#1024=DESCRIPTIVE_REPRESENTATION_ITEM('\X2\94A2\X0\','\X2\94A2\X0\');
#1025=PROPERTY_DEFINITION('material property','material name',#2514);
#1026=PROPERTY_DEFINITION('material property','density of part',#2514);
#1027=AXIS2_PLACEMENT_3D('',#1186,#1062,#1063);
#1028=AXIS2_PLACEMENT_3D('',#1187,#1064,#1065);
#1029=AXIS2_PLACEMENT_3D('',#1188,#1066,#1067);
#1030=AXIS2_PLACEMENT_3D('',#1190,#1068,#1069);
#1031=AXIS2_PLACEMENT_3D('',#1193,#1071,#1072);
#1032=AXIS2_PLACEMENT_3D('',#1194,#1073,#1074);
#1033=AXIS2_PLACEMENT_3D('',#1195,#1075,#1076);
#1034=AXIS2_PLACEMENT_3D('',#1196,#1077,#1078);
#1035=AXIS2_PLACEMENT_3D('',#1198,#1079,#1080);
#1036=AXIS2_PLACEMENT_3D('',#1201,#1082,#1083);
#1037=AXIS2_PLACEMENT_3D('',#1202,#1084,#1085);
#1038=AXIS2_PLACEMENT_3D('',#1204,#1086,#1087);
#1039=AXIS2_PLACEMENT_3D('',#1205,#1088,#1089);
#1040=AXIS2_PLACEMENT_3D('',#1214,#1094,#1095);
#1041=AXIS2_PLACEMENT_3D('',#1216,#1096,#1097);
#1042=AXIS2_PLACEMENT_3D('',#1219,#1099,#1100);
#1043=AXIS2_PLACEMENT_3D('',#1220,#1101,#1102);
#1044=AXIS2_PLACEMENT_3D('',#1229,#1107,#1108);
#1045=AXIS2_PLACEMENT_3D('',#1230,#1109,#1110);
#1046=AXIS2_PLACEMENT_3D('',#1231,#1111,#1112);
#1047=AXIS2_PLACEMENT_3D('',#1232,#1113,#1114);
#1048=AXIS2_PLACEMENT_3D('',#1234,#1115,#1116);
#1049=AXIS2_PLACEMENT_3D('',#1235,#1117,#1118);
#1050=AXIS2_PLACEMENT_3D('',#1236,#1119,#1120);
#1051=AXIS2_PLACEMENT_3D('',#1238,#1121,#1122);
#1052=AXIS2_PLACEMENT_3D('',#1239,#1123,#1124);
#1053=AXIS2_PLACEMENT_3D('',#1240,#1125,#1126);
#1054=AXIS2_PLACEMENT_3D('',#1242,#1127,#1128);
#1055=AXIS2_PLACEMENT_3D('',#1246,#1131,#1132);
#1056=AXIS2_PLACEMENT_3D('',#1247,#1133,#1134);
#1057=AXIS2_PLACEMENT_3D('',#1569,#1135,#1136);
#1058=AXIS2_PLACEMENT_3D('',#1570,#1137,#1138);
#1059=AXIS2_PLACEMENT_3D('',#1572,#1140,#1141);
#1060=AXIS2_PLACEMENT_3D('',#2493,#1182,#1183);
#1061=AXIS2_PLACEMENT_3D('',#2494,#1184,#1185);
#1062=DIRECTION('axis',(0.,0.,1.));
#1063=DIRECTION('refdir',(1.,0.,0.));
#1064=DIRECTION('axis',(0.,0.,1.));
#1065=DIRECTION('refdir',(1.,0.,0.));
#1066=DIRECTION('center_axis',(0.,1.,0.));
#1067=DIRECTION('ref_axis',(0.999999999948345,0.,1.01642017048175E-5));
#1068=DIRECTION('center_axis',(2.46516527199658E-32,1.,2.46521538538006E-32));
#1069=DIRECTION('ref_axis',(0.999999999948345,-2.46519032881566E-32,1.01642017048175E-5));
#1070=DIRECTION('',(0.,-1.,0.));
#1071=DIRECTION('center_axis',(-2.46516527199658E-32,-1.,-2.46521538538006E-32));
#1072=DIRECTION('ref_axis',(0.999999999948345,-2.46519032881566E-32,1.01642017048175E-5));
#1073=DIRECTION('center_axis',(-2.46516527199658E-32,-1.,-2.46521538538006E-32));
#1074=DIRECTION('ref_axis',(0.999999999948344,-2.46519032881566E-32,1.01642017048175E-5));
#1075=DIRECTION('center_axis',(-2.46516527199658E-32,-1.,-2.46521538538006E-32));
#1076=DIRECTION('ref_axis',(0.999999999948344,-2.46519032881566E-32,1.01642017048175E-5));
#1077=DIRECTION('center_axis',(0.,1.,0.));
#1078=DIRECTION('ref_axis',(1.,0.,0.));
#1079=DIRECTION('center_axis',(1.11022302462516E-16,1.,-2.44929349141908E-16));
#1080=DIRECTION('ref_axis',(1.,0.,0.));
#1081=DIRECTION('',(0.,1.,0.));
#1082=DIRECTION('center_axis',(0.,1.,0.));
#1083=DIRECTION('ref_axis',(1.,0.,0.));
#1084=DIRECTION('center_axis',(0.,-1.,0.));
#1085=DIRECTION('ref_axis',(1.,0.,0.));
#1086=DIRECTION('center_axis',(0.,-1.,0.));
#1087=DIRECTION('ref_axis',(1.,0.,2.31727890908672E-30));
#1088=DIRECTION('center_axis',(0.34866908129423,0.,-0.937245897163299));
#1089=DIRECTION('ref_axis',(-0.937245897163299,0.,-0.34866908129423));
#1090=DIRECTION('',(0.937245897163299,0.,0.34866908129423));
#1091=DIRECTION('',(0.,1.,0.));
#1092=DIRECTION('',(-0.937245897163299,0.,-0.34866908129423));
#1093=DIRECTION('',(0.,1.,0.));
#1094=DIRECTION('center_axis',(0.,1.,0.));
#1095=DIRECTION('ref_axis',(1.,0.,2.33856918919922E-30));
#1096=DIRECTION('center_axis',(0.,1.,0.));
#1097=DIRECTION('ref_axis',(1.,0.,2.33856918919922E-30));
#1098=DIRECTION('',(0.,-1.,0.));
#1099=DIRECTION('center_axis',(0.,-1.,0.));
#1100=DIRECTION('ref_axis',(1.,0.,2.33856918919922E-30));
#1101=DIRECTION('center_axis',(-0.637344215889041,0.,0.770579230496633));
#1102=DIRECTION('ref_axis',(0.770579230496633,0.,0.637344215889041));
#1103=DIRECTION('',(-0.770579230496633,0.,-0.637344215889041));
#1104=DIRECTION('',(0.,1.,0.));
#1105=DIRECTION('',(0.770579230496633,0.,0.637344215889041));
#1106=DIRECTION('',(0.,1.,0.));
#1107=DIRECTION('center_axis',(0.,1.,0.));
#1108=DIRECTION('ref_axis',(-0.637344215889042,0.,0.770579230496633));
#1109=DIRECTION('center_axis',(0.,-1.,0.));
#1110=DIRECTION('ref_axis',(-0.637344215889042,0.,0.770579230496633));
#1111=DIRECTION('center_axis',(0.,1.,0.));
#1112=DIRECTION('ref_axis',(-0.637344215889042,1.94435182726204E-16,0.770579230496633));
#1113=DIRECTION('center_axis',(0.,-1.,0.));
#1114=DIRECTION('ref_axis',(0.,0.,-1.));
#1115=DIRECTION('center_axis',(0.,-1.,0.));
#1116=DIRECTION('ref_axis',(1.,0.,2.36658271566303E-30));
#1117=DIRECTION('center_axis',(0.,-1.,0.));
#1118=DIRECTION('ref_axis',(1.,0.,2.36658271566303E-30));
#1119=DIRECTION('center_axis',(0.,1.,0.));
#1120=DIRECTION('ref_axis',(0.,0.,1.));
#1121=DIRECTION('center_axis',(0.,1.,0.));
#1122=DIRECTION('ref_axis',(1.,0.,2.36658271566303E-30));
#1123=DIRECTION('center_axis',(0.,1.,0.));
#1124=DIRECTION('ref_axis',(1.,0.,2.36658271566303E-30));
#1125=DIRECTION('center_axis',(0.,1.,0.));
#1126=DIRECTION('ref_axis',(1.,0.,2.36658271566303E-30));
#1127=DIRECTION('center_axis',(1.11022302462516E-16,1.,-2.44929349141908E-16));
#1128=DIRECTION('ref_axis',(1.,-1.11022302462516E-16,2.36658271566303E-30));
#1129=DIRECTION('',(0.,-1.,0.));
#1130=DIRECTION('',(0.,-1.,0.));
#1131=DIRECTION('center_axis',(-1.11022302462516E-16,-1.,2.44929349141908E-16));
#1132=DIRECTION('ref_axis',(1.,-1.11022302462516E-16,2.36658271566303E-30));
#1133=DIRECTION('center_axis',(-1.11022302462516E-16,-1.,2.44929349141908E-16));
#1134=DIRECTION('ref_axis',(1.,-1.11022302462516E-16,2.36658271566303E-30));
#1135=DIRECTION('center_axis',(1.11022302462516E-16,1.,-2.44929349141908E-16));
#1136=DIRECTION('ref_axis',(1.,-1.11022302462516E-16,2.36658271566303E-30));
#1137=DIRECTION('center_axis',(0.,-1.,4.44089209850063E-16));
#1138=DIRECTION('ref_axis',(1.,0.,2.31727890908672E-30));
#1139=DIRECTION('',(0.,1.,-4.44089209850063E-16));
#1140=DIRECTION('center_axis',(-1.11022302462516E-16,-1.,2.44929349141908E-16));
#1141=DIRECTION('ref_axis',(1.,-1.11022302462516E-16,2.36658271566303E-30));
#1142=DIRECTION('',(0.,1.,0.));
#1143=DIRECTION('',(0.,1.,0.));
#1144=DIRECTION('',(0.,1.,0.));
#1145=DIRECTION('',(0.,1.,0.));
#1146=DIRECTION('',(0.,1.,0.));
#1147=DIRECTION('',(0.,1.,0.));
#1148=DIRECTION('',(0.,1.,0.));
#1149=DIRECTION('',(0.,1.,0.));
#1150=DIRECTION('',(0.,1.,0.));
#1151=DIRECTION('',(0.,1.,0.));
#1152=DIRECTION('',(0.,1.,0.));
#1153=DIRECTION('',(0.,1.,0.));
#1154=DIRECTION('',(0.,1.,0.));
#1155=DIRECTION('',(0.,1.,0.));
#1156=DIRECTION('',(0.,1.,0.));
#1157=DIRECTION('',(0.,1.,0.));
#1158=DIRECTION('',(0.,1.,0.));
#1159=DIRECTION('',(0.,1.,0.));
#1160=DIRECTION('',(0.,1.,0.));
#1161=DIRECTION('',(0.,1.,0.));
#1162=DIRECTION('',(0.,1.,0.));
#1163=DIRECTION('',(0.,1.,0.));
#1164=DIRECTION('',(0.,1.,0.));
#1165=DIRECTION('',(0.,1.,0.));
#1166=DIRECTION('',(0.,1.,0.));
#1167=DIRECTION('',(0.,1.,0.));
#1168=DIRECTION('',(0.,1.,0.));
#1169=DIRECTION('',(0.,1.,0.));
#1170=DIRECTION('',(0.,1.,0.));
#1171=DIRECTION('',(0.,1.,0.));
#1172=DIRECTION('',(0.,1.,0.));
#1173=DIRECTION('',(0.,1.,0.));
#1174=DIRECTION('',(0.,1.,0.));
#1175=DIRECTION('',(0.,1.,0.));
#1176=DIRECTION('',(0.,1.,0.));
#1177=DIRECTION('',(0.,1.,0.));
#1178=DIRECTION('',(0.,1.,0.));
#1179=DIRECTION('',(0.,1.,0.));
#1180=DIRECTION('',(0.,1.,0.));
#1181=DIRECTION('',(0.,1.,0.));
#1182=DIRECTION('center_axis',(-1.11022302462516E-16,-1.,2.44929349141908E-16));
#1183=DIRECTION('ref_axis',(1.,-1.11022302462516E-16,2.36658271566303E-30));
#1184=DIRECTION('',(0.,0.,1.));
#1185=DIRECTION('',(1.,0.,0.));
#1186=CARTESIAN_POINT('',(0.,0.,0.));
#1187=CARTESIAN_POINT('',(0.,0.,0.));
#1188=CARTESIAN_POINT('Origin',(-21.2923048454133,-6.5,8.39999999999999));
#1189=CARTESIAN_POINT('',(-24.2923048452583,0.5,8.39996950739488));
#1190=CARTESIAN_POINT('Origin',(-21.2923048454133,0.5,8.39999999999999));
#1191=CARTESIAN_POINT('',(-24.2923048452583,-6.5,8.39996950739488));
#1192=CARTESIAN_POINT('',(-24.2923048452583,-6.5,8.39996950739488));
#1193=CARTESIAN_POINT('Origin',(-21.2923048454133,-6.5,8.39999999999999));
#1194=CARTESIAN_POINT('Origin',(-21.2923048454133,-6.5,8.39999999999999));
#1195=CARTESIAN_POINT('Origin',(-21.2923048454133,0.5,8.39999999999999));
#1196=CARTESIAN_POINT('Origin',(-10.9,-5.,14.4));
#1197=CARTESIAN_POINT('',(-13.6,-5.,14.4));
#1198=CARTESIAN_POINT('Origin',(-10.9,-5.,14.4));
#1199=CARTESIAN_POINT('',(-13.6,-3.,14.4));
#1200=CARTESIAN_POINT('',(-13.6,-5.,14.4));
#1201=CARTESIAN_POINT('Origin',(-10.9,-3.,14.4));
#1202=CARTESIAN_POINT('Origin',(-10.9,-3.,14.4));
#1203=CARTESIAN_POINT('',(-11.9,-3.,14.4));
#1204=CARTESIAN_POINT('Origin',(-10.9,-3.,14.4));
#1205=CARTESIAN_POINT('Origin',(-9.15665459352886,-4.,9.7137705141835));
#1206=CARTESIAN_POINT('',(-20.2462976015306,-2.,5.58826230851009));
#1207=CARTESIAN_POINT('',(-9.15665459352886,-2.,9.7137705141835));
#1208=CARTESIAN_POINT('',(-12.1353568799284,-2.,8.60565001689313));
#1209=CARTESIAN_POINT('',(-9.15665459352886,-4.,9.7137705141835));
#1210=CARTESIAN_POINT('',(-9.15665459352886,5.55111512312578E-16,9.7137705141835));
#1211=CARTESIAN_POINT('',(-20.2462976015306,-4.,5.58826230851009));
#1212=CARTESIAN_POINT('',(-17.6801783839293,-4.,6.54289591405642));
#1213=CARTESIAN_POINT('',(-20.2462976015306,-4.,5.58826230851009));
#1214=CARTESIAN_POINT('Origin',(-21.2923048454133,-4.,8.39999999999999));
#1215=CARTESIAN_POINT('',(-22.4423048454133,-2.,8.39999999999999));
#1216=CARTESIAN_POINT('Origin',(-21.2923048454133,-2.,8.39999999999999));
#1217=CARTESIAN_POINT('',(-22.4423048454133,-4.,8.39999999999999));
#1218=CARTESIAN_POINT('',(-22.4423048454133,-4.,8.39999999999999));
#1219=CARTESIAN_POINT('Origin',(-21.2923048454133,-4.,8.39999999999999));
#1220=CARTESIAN_POINT('Origin',(-23.2043374930804,-4.,10.7117376914899));
#1221=CARTESIAN_POINT('',(-14.0867210794452,-2.,18.2528961524832));
#1222=CARTESIAN_POINT('',(-23.2043374930804,-2.,10.7117376914899));
#1223=CARTESIAN_POINT('',(-21.0067618724423,-2.,12.5293471667541));
#1224=CARTESIAN_POINT('',(-23.2043374930804,-4.,10.7117376914899));
#1225=CARTESIAN_POINT('',(-23.2043374930804,-4.,10.7117376914899));
#1226=CARTESIAN_POINT('',(-14.0867210794452,-4.,18.2528961524832));
#1227=CARTESIAN_POINT('',(-16.4479536656247,-4.,16.2999263972507));
#1228=CARTESIAN_POINT('',(-14.0867210794452,5.55111512312578E-16,18.2528961524832));
#1229=CARTESIAN_POINT('Origin',(-21.2923048454133,-4.,8.39999999999999));
#1230=CARTESIAN_POINT('Origin',(-21.2923048454133,-2.,8.39999999999999));
#1231=CARTESIAN_POINT('Origin',(-21.2923048454133,-4.,8.39999999999999));
#1232=CARTESIAN_POINT('Origin',(-16.7244797194711,-4.,11.8264480762416));
#1233=CARTESIAN_POINT('',(-15.9,-4.,14.4));
#1234=CARTESIAN_POINT('Origin',(-10.9,-4.,14.4));
#1235=CARTESIAN_POINT('Origin',(-10.9,-4.,14.4));
#1236=CARTESIAN_POINT('Origin',(-16.7244797194711,-2.,11.8264480762416));
#1237=CARTESIAN_POINT('',(-15.9,-2.,14.4));
#1238=CARTESIAN_POINT('Origin',(-10.9,-2.,14.4));
#1239=CARTESIAN_POINT('Origin',(-10.9,-2.,14.4));
#1240=CARTESIAN_POINT('Origin',(-10.9,7.77156307679907E-16,14.4));
#1241=CARTESIAN_POINT('',(-15.9,3.,14.4));
#1242=CARTESIAN_POINT('Origin',(-10.9,3.,14.4));
#1243=CARTESIAN_POINT('',(-15.9,7.77156307679907E-16,14.4));
#1244=CARTESIAN_POINT('',(-15.9,-5.,14.4));
#1245=CARTESIAN_POINT('',(-15.9,7.77156307679907E-16,14.4));
#1246=CARTESIAN_POINT('Origin',(-10.9,-5.,14.4));
#1247=CARTESIAN_POINT('Origin',(-10.9,7.77156307679907E-16,14.4));
#1248=CARTESIAN_POINT('',(-8.87745751406263,7.39764418221946E-16,15.8694631307312));
#1249=CARTESIAN_POINT('',(-8.80613466815733,6.80904979590383E-16,15.4668776743879));
#1250=CARTESIAN_POINT('Ctrl Pts',(-8.87745751406263,7.39764418221946E-16,
15.8694631307312));
#1251=CARTESIAN_POINT('Ctrl Pts',(-8.84160679883831,7.28211638958859E-16,
15.8201188544604));
#1252=CARTESIAN_POINT('Ctrl Pts',(-8.82121237332189,7.16308441184838E-16,
15.7627826204171));
#1253=CARTESIAN_POINT('Ctrl Pts',(-8.81625770065491,7.07684285667658E-16,
15.7120492872647));
#1254=CARTESIAN_POINT('Ctrl Pts',(-8.80356389353062,6.85589311064304E-16,
15.5820711456007));
#1255=CARTESIAN_POINT('Ctrl Pts',(-8.84100957999565,6.89166020500178E-16,
15.5353235427404));
#1256=CARTESIAN_POINT('Ctrl Pts',(-8.80613466815733,6.80904979590383E-16,
15.4668776743879));
#1257=CARTESIAN_POINT('',(-8.52235870926212,6.11578441370969E-16,15.1725424859374));
#1258=CARTESIAN_POINT('Ctrl Pts',(-8.80613466815734,6.80904979590385E-16,
15.4668776743879));
#1259=CARTESIAN_POINT('Ctrl Pts',(-8.79208709256979,6.77577441526631E-16,
15.4393077549629));
#1260=CARTESIAN_POINT('Ctrl Pts',(-8.77856130659936,6.76139418715275E-16,
15.4250567203469));
#1261=CARTESIAN_POINT('Ctrl Pts',(-8.75765520873461,6.7276245755775E-16,
15.4095042607875));
#1262=CARTESIAN_POINT('Ctrl Pts',(-8.70640070808574,6.6448332010421E-16,
15.371375024345));
#1263=CARTESIAN_POINT('Ctrl Pts',(-8.57004414080323,6.39395008278697E-16,
15.3193031535545));
#1264=CARTESIAN_POINT('Ctrl Pts',(-8.52235870926212,6.1157844137097E-16,
15.1725424859374));
#1265=CARTESIAN_POINT('',(-8.57893239960143,5.66402204790548E-16,14.7676209928445));
#1266=CARTESIAN_POINT('Ctrl Pts',(-8.52235870926212,6.11578441370968E-16,
15.1725424859374));
#1267=CARTESIAN_POINT('Ctrl Pts',(-8.50351087287697,6.00583844385484E-16,
15.1145348101834));
#1268=CARTESIAN_POINT('Ctrl Pts',(-8.50183249230635,5.90153263820867E-16,
15.0537025871015));
#1269=CARTESIAN_POINT('Ctrl Pts',(-8.51279778070568,5.83448085420628E-16,
15.0039212419579));
#1270=CARTESIAN_POINT('Ctrl Pts',(-8.54089070739499,5.66269505307008E-16,
14.8763820812277));
#1271=CARTESIAN_POINT('Ctrl Pts',(-8.59094947524482,5.72601776123798E-16,
14.8434938223899));
#1272=CARTESIAN_POINT('Ctrl Pts',(-8.57893239960143,5.66402204790548E-16,
14.7676209928445));
#1273=CARTESIAN_POINT('',(-8.4,4.99600361081323E-16,14.4));
#1274=CARTESIAN_POINT('Ctrl Pts',(-8.57893239960143,5.66402204790548E-16,
14.7676209928445));
#1275=CARTESIAN_POINT('Ctrl Pts',(-8.57409193493661,5.63905024372775E-16,
14.7370595017353));
#1276=CARTESIAN_POINT('Ctrl Pts',(-8.56563195993518,5.63021756590778E-16,
14.7193262646726));
#1277=CARTESIAN_POINT('Ctrl Pts',(-8.5505550536387,5.59905027989035E-16,
14.6980746571379));
#1278=CARTESIAN_POINT('Ctrl Pts',(-8.51359170885038,5.52263890500191E-16,
14.6459730866192));
#1279=CARTESIAN_POINT('Ctrl Pts',(-8.4,5.23281835439792E-16,14.5543132980033));
#1280=CARTESIAN_POINT('Ctrl Pts',(-8.4,4.99600361081323E-16,14.4));
#1281=CARTESIAN_POINT('',(-8.57893239960143,4.72529491349885E-16,14.0323790071554));
#1282=CARTESIAN_POINT('Ctrl Pts',(-8.4,4.99600361081323E-16,14.4));
#1283=CARTESIAN_POINT('Ctrl Pts',(-8.4,4.9024017413024E-16,14.3390071202289));
#1284=CARTESIAN_POINT('Ctrl Pts',(-8.41720195595944,4.82303228674807E-16,
14.2806335899467));
#1285=CARTESIAN_POINT('Ctrl Pts',(-8.44301384659683,4.78173376971068E-16,
14.2366771777216));
#1286=CARTESIAN_POINT('Ctrl Pts',(-8.50914357570037,4.67592750458945E-16,
14.1240614195953));
#1287=CARTESIAN_POINT('Ctrl Pts',(-8.56691532395805,4.7606073586954E-16,
14.1082518367008));
#1288=CARTESIAN_POINT('Ctrl Pts',(-8.57893239960143,4.72529491349884E-16,
14.0323790071554));
#1289=CARTESIAN_POINT('',(-8.52235870926212,4.14791372048922E-16,13.6274575140626));
#1290=CARTESIAN_POINT('Ctrl Pts',(-8.57893239960143,4.72529491349883E-16,
14.0323790071554));
#1291=CARTESIAN_POINT('Ctrl Pts',(-8.58377286426625,4.71107109996265E-16,
14.0018175160462));
#1292=CARTESIAN_POINT('Ctrl Pts',(-8.58120682153109,4.70865057648215E-16,
13.9823379293353));
#1293=CARTESIAN_POINT('Ctrl Pts',(-8.57343493943829,4.68313648713343E-16,
13.9574674292396));
#1294=CARTESIAN_POINT('Ctrl Pts',(-8.55438098023724,4.62058478965565E-16,
13.8964935893801));
#1295=CARTESIAN_POINT('Ctrl Pts',(-8.47467327772105,4.32019646149416E-16,
13.7742181816797));
#1296=CARTESIAN_POINT('Ctrl Pts',(-8.52235870926212,4.14791372048922E-16,
13.6274575140626));
#1297=CARTESIAN_POINT('',(-8.80613466815734,4.08475754509618E-16,13.3331223256121));
#1298=CARTESIAN_POINT('Ctrl Pts',(-8.52235870926212,4.1479137204892E-16,
13.6274575140626));
#1299=CARTESIAN_POINT('Ctrl Pts',(-8.54120654564724,4.0798183544728E-16,
13.5694498383088));
#1300=CARTESIAN_POINT('Ctrl Pts',(-8.57560499083419,4.03315448622187E-16,
13.5192490086828));
#1301=CARTESIAN_POINT('Ctrl Pts',(-8.61373683601206,4.02165182274044E-16,
13.4854202892671));
#1302=CARTESIAN_POINT('Ctrl Pts',(-8.71143012889246,3.99218214805898E-16,
13.3987515487896));
#1303=CARTESIAN_POINT('Ctrl Pts',(-8.77125975631902,4.08993009398463E-16,
13.4015681939645));
#1304=CARTESIAN_POINT('Ctrl Pts',(-8.80613466815734,4.08475754509617E-16,
13.3331223256121));
#1305=CARTESIAN_POINT('',(-8.87745751406264,3.65453169019226E-16,12.9305368692688));
#1306=CARTESIAN_POINT('Ctrl Pts',(-8.80613466815734,4.08475754509618E-16,
13.3331223256121));
#1307=CARTESIAN_POINT('Ctrl Pts',(-8.82018224374485,4.08267404817355E-16,
13.3055524061871));
#1308=CARTESIAN_POINT('Ctrl Pts',(-8.82376131541758,4.08690261673547E-16,
13.2862332674975));
#1309=CARTESIAN_POINT('Ctrl Pts',(-8.82405522349756,4.06953922088826E-16,
13.2601783726732));
#1310=CARTESIAN_POINT('Ctrl Pts',(-8.82477578416714,4.02697019679404E-16,
13.1963008077482));
#1311=CARTESIAN_POINT('Ctrl Pts',(-8.78675443326349,3.74541819356354E-16,
13.0553789498118));
#1312=CARTESIAN_POINT('Ctrl Pts',(-8.87745751406264,3.65453169019225E-16,
12.9305368692688));
#1313=CARTESIAN_POINT('',(-9.23829906421162,3.80511020320298E-16,12.7382990642116));
#1314=CARTESIAN_POINT('Ctrl Pts',(-8.87745751406264,3.65453169019226E-16,
12.9305368692688));
#1315=CARTESIAN_POINT('Ctrl Pts',(-8.91330822928697,3.61860847654404E-16,
12.8811925929981));
#1316=CARTESIAN_POINT('Ctrl Pts',(-8.96153600421871,3.60921797914707E-16,
12.8440784710017));
#1317=CARTESIAN_POINT('Ctrl Pts',(-9.00825519325095,3.62863713006721E-16,
12.8236888351503));
#1318=CARTESIAN_POINT('Ctrl Pts',(-9.12794914973166,3.67838874291143E-16,
12.7714508524968));
#1319=CARTESIAN_POINT('Ctrl Pts',(-9.18398011553695,3.77963653065901E-16,
12.7926180128863));
#1320=CARTESIAN_POINT('Ctrl Pts',(-9.23829906421162,3.80511020320298E-16,
12.7382990642116));
#1321=CARTESIAN_POINT('',(-9.43053686926882,1.18632901636157E-16,12.3774575140626));
#1322=CARTESIAN_POINT('Ctrl Pts',(-9.23829906421162,1.85670907667312E-16,
12.7382990642116));
#1323=CARTESIAN_POINT('Ctrl Pts',(-9.26017867614819,1.8274107310516E-16,
12.716419452275));
#1324=CARTESIAN_POINT('Ctrl Pts',(-9.2695525177566,1.7955243648611E-16,
12.699151853506));
#1325=CARTESIAN_POINT('Ctrl Pts',(-9.27788344623864,1.74430329801565E-16,
12.6744629985933));
#1326=CARTESIAN_POINT('Ctrl Pts',(-9.29830799327992,1.61872700822462E-16,
12.6139344897186));
#1327=CARTESIAN_POINT('Ctrl Pts',(-9.30569478872602,1.26988493679373E-16,
12.4681605948616));
#1328=CARTESIAN_POINT('Ctrl Pts',(-9.43053686926882,1.18632901636157E-16,
12.3774575140626));
#1329=CARTESIAN_POINT('',(-9.83312232561208,1.45859807036133E-16,12.3061346681573));
#1330=CARTESIAN_POINT('Ctrl Pts',(-9.43053686926882,1.18632901636157E-16,
12.3774575140626));
#1331=CARTESIAN_POINT('Ctrl Pts',(-9.47988114553947,1.15330324168748E-16,
12.3416067988384));
#1332=CARTESIAN_POINT('Ctrl Pts',(-9.53721737958272,1.16700731387142E-16,
12.3212123733219));
#1333=CARTESIAN_POINT('Ctrl Pts',(-9.58795071273503,1.21119718056672E-16,
12.3162577006549));
#1334=CARTESIAN_POINT('Ctrl Pts',(-9.71792885439924,1.32441104601887E-16,
12.3035638935305));
#1335=CARTESIAN_POINT('Ctrl Pts',(-9.7646764572596,1.46802679145826E-16,
12.3410095799957));
#1336=CARTESIAN_POINT('Ctrl Pts',(-9.83312232561208,1.45859807036134E-16,
12.3061346681573));
#1337=CARTESIAN_POINT('',(-10.1274575140626,1.09032513470633E-16,12.0223587092621));
#1338=CARTESIAN_POINT('Ctrl Pts',(-9.83312232561208,1.45859807036134E-16,
12.3061346681573));
#1339=CARTESIAN_POINT('Ctrl Pts',(-9.86069224503702,1.4548001920207E-16,
12.2920870925698));
#1340=CARTESIAN_POINT('Ctrl Pts',(-9.87494327965301,1.43749339635434E-16,
12.2785613065995));
#1341=CARTESIAN_POINT('Ctrl Pts',(-9.89049573921237,1.40355492238556E-16,
12.2576552087347));
#1342=CARTESIAN_POINT('Ctrl Pts',(-9.92862497565503,1.3203495558312E-16,
12.2064007080857));
#1343=CARTESIAN_POINT('Ctrl Pts',(-9.98069684644535,1.04418368332388E-16,
12.0700441408032));
#1344=CARTESIAN_POINT('Ctrl Pts',(-10.1274575140626,1.09032513470633E-16,
12.0223587092621));
#1345=CARTESIAN_POINT('',(-10.5323790071555,1.67844387747506E-16,12.0789323996014));
#1346=CARTESIAN_POINT('Ctrl Pts',(-10.1274575140626,1.09032513470633E-16,
12.0223587092621));
#1347=CARTESIAN_POINT('Ctrl Pts',(-10.1854651898167,1.10856270744341E-16,
12.0035108728769));
#1348=CARTESIAN_POINT('Ctrl Pts',(-10.2462974128986,1.17198919547504E-16,
12.0018324923063));
#1349=CARTESIAN_POINT('Ctrl Pts',(-10.2960787580422,1.25411480137923E-16,
12.0127977807057));
#1350=CARTESIAN_POINT('Ctrl Pts',(-10.4236179187723,1.46451953876148E-16,
12.040890707395));
#1351=CARTESIAN_POINT('Ctrl Pts',(-10.4565061776101,1.62364146222571E-16,
12.0909494752448));
#1352=CARTESIAN_POINT('Ctrl Pts',(-10.5323790071555,1.67844387747506E-16,
12.0789323996014));
#1353=CARTESIAN_POINT('',(-10.9,1.64832718732694E-16,11.9));
#1354=CARTESIAN_POINT('Ctrl Pts',(-10.5323790071555,1.67844387747506E-16,
12.0789323996014));
#1355=CARTESIAN_POINT('Ctrl Pts',(-10.5629404982646,1.7005182292086E-16,
12.0740919349366));
#1356=CARTESIAN_POINT('Ctrl Pts',(-10.5806737353272,1.69948511380934E-16,
12.0656319599353));
#1357=CARTESIAN_POINT('Ctrl Pts',(-10.6019253428619,1.68615136701264E-16,
12.0505550536389));
#1358=CARTESIAN_POINT('Ctrl Pts',(-10.6540269133807,1.65346164469981E-16,
12.0135917088505));
#1359=CARTESIAN_POINT('Ctrl Pts',(-10.7456867019965,1.47700501087759E-16,
11.9));
#1360=CARTESIAN_POINT('Ctrl Pts',(-10.9,1.64832718732694E-16,11.9));
#1361=CARTESIAN_POINT('',(-11.2676209928446,2.49472645865821E-16,12.0789323996014));
#1362=CARTESIAN_POINT('Ctrl Pts',(-10.9,1.64832718732694E-16,11.9));
#1363=CARTESIAN_POINT('Ctrl Pts',(-10.9609928797712,1.71604288678715E-16,
11.9));
#1364=CARTESIAN_POINT('Ctrl Pts',(-11.0193664100534,1.82298316409959E-16,
11.9172019559595));
#1365=CARTESIAN_POINT('Ctrl Pts',(-11.0633228222786,1.93500548270384E-16,
11.943013846597));
#1366=CARTESIAN_POINT('Ctrl Pts',(-11.175938580405,2.22200521034482E-16,
12.0091435757006));
#1367=CARTESIAN_POINT('Ctrl Pts',(-11.1917481632992,2.38105734929808E-16,
12.066915323958));
#1368=CARTESIAN_POINT('Ctrl Pts',(-11.2676209928446,2.49472645865821E-16,
12.0789323996014));
#1369=CARTESIAN_POINT('',(-11.6725424859374,2.80571404548398E-16,12.0223587092621));
#1370=CARTESIAN_POINT('Ctrl Pts',(-11.2676209928446,2.49472645865822E-16,
12.0789323996014));
#1371=CARTESIAN_POINT('Ctrl Pts',(-11.2981824839537,2.54051224911719E-16,
12.0837728642662));
#1372=CARTESIAN_POINT('Ctrl Pts',(-11.3176620706646,2.55585394251848E-16,
12.0812068215311));
#1373=CARTESIAN_POINT('Ctrl Pts',(-11.3425325707602,2.56443012293199E-16,
12.0734349394383));
#1374=CARTESIAN_POINT('Ctrl Pts',(-11.4035064106198,2.58545594264325E-16,
12.0543809802373));
#1375=CARTESIAN_POINT('Ctrl Pts',(-11.5257818183201,2.52598135227028E-16,
11.974673277721));
#1376=CARTESIAN_POINT('Ctrl Pts',(-11.6725424859374,2.80571404548399E-16,
12.0223587092621));
#1377=CARTESIAN_POINT('',(-11.9668776743879,3.82754238748941E-16,12.3061346681573));
#1378=CARTESIAN_POINT('Ctrl Pts',(-11.6725424859374,2.805714045484E-16,
12.0223587092621));
#1379=CARTESIAN_POINT('Ctrl Pts',(-11.7305501616913,2.91627938720097E-16,
12.0412065456473));
#1380=CARTESIAN_POINT('Ctrl Pts',(-11.7807509913173,3.05626539435369E-16,
12.0756049908343));
#1381=CARTESIAN_POINT('Ctrl Pts',(-11.8145797107331,3.18721890060751E-16,
12.1137368360123));
#1382=CARTESIAN_POINT('Ctrl Pts',(-11.9012484512105,3.52272008552164E-16,
12.2114301288927));
#1383=CARTESIAN_POINT('Ctrl Pts',(-11.8984318060355,3.66613330842187E-16,
12.271259756319));
#1384=CARTESIAN_POINT('Ctrl Pts',(-11.9668776743879,3.82754238748941E-16,
12.3061346681573));
#1385=CARTESIAN_POINT('',(-12.3694631307312,4.44919261951263E-16,12.3774575140626));
#1386=CARTESIAN_POINT('Ctrl Pts',(-11.9668776743879,3.8275423874894E-16,
12.3061346681573));
#1387=CARTESIAN_POINT('Ctrl Pts',(-11.994447593813,3.89255778449553E-16,
12.3201822437449));
#1388=CARTESIAN_POINT('Ctrl Pts',(-12.0137667325026,3.92277253485548E-16,
12.3237613154176));
#1389=CARTESIAN_POINT('Ctrl Pts',(-12.0398216273271,3.95241914618655E-16,
12.3240552234976));
#1390=CARTESIAN_POINT('Ctrl Pts',(-12.1036991922523,4.02510235419275E-16,
12.324775784167));
#1391=CARTESIAN_POINT('Ctrl Pts',(-12.2446210501884,4.08843159455925E-16,
12.2867544332637));
#1392=CARTESIAN_POINT('Ctrl Pts',(-12.3694631307312,4.44919261951263E-16,
12.3774575140626));
#1393=CARTESIAN_POINT('',(-12.5617009357884,5.54642635458002E-16,12.7382990642116));
#1394=CARTESIAN_POINT('Ctrl Pts',(-12.3694631307312,4.44919261951262E-16,
12.3774575140626));
#1395=CARTESIAN_POINT('Ctrl Pts',(-12.4188074070019,4.59178469748518E-16,
12.4133082292869));
#1396=CARTESIAN_POINT('Ctrl Pts',(-12.4559215289982,4.75111362875838E-16,
12.4615360042186));
#1397=CARTESIAN_POINT('Ctrl Pts',(-12.4763111648496,4.88817968106297E-16,
12.5082551932509));
#1398=CARTESIAN_POINT('Ctrl Pts',(-12.5285491475033,5.23934112969636E-16,
12.6279491497317));
#1399=CARTESIAN_POINT('Ctrl Pts',(-12.5073819871137,5.35307715106739E-16,
12.6839801155369));
#1400=CARTESIAN_POINT('Ctrl Pts',(-12.5617009357884,5.54642635458001E-16,
12.7382990642116));
#1401=CARTESIAN_POINT('',(-12.9225424859374,6.41788777579843E-16,12.9305368692688));
#1402=CARTESIAN_POINT('Ctrl Pts',(-12.5617009357884,5.54642635458001E-16,
12.7382990642116));
#1403=CARTESIAN_POINT('Ctrl Pts',(-12.5835805477248,5.62430719808482E-16,
12.7601786761481));
#1404=CARTESIAN_POINT('Ctrl Pts',(-12.6008481464937,5.66643737511947E-16,
12.7695525177565));
#1405=CARTESIAN_POINT('Ctrl Pts',(-12.6255370014063,5.7142524004907E-16,
12.7778834462385));
#1406=CARTESIAN_POINT('Ctrl Pts',(-12.6860655102811,5.83147825797908E-16,
12.7983079932799));
#1407=CARTESIAN_POINT('Ctrl Pts',(-12.8318394051382,6.01141222179605E-16,
12.8056947887257));
#1408=CARTESIAN_POINT('Ctrl Pts',(-12.9225424859374,6.41788777579843E-16,
12.9305368692688));
#1409=CARTESIAN_POINT('',(-12.9938653318427,7.48312202106241E-16,13.3331223256121));
#1410=CARTESIAN_POINT('Ctrl Pts',(-12.9225424859374,6.41788777579841E-16,
12.9305368692688));
#1411=CARTESIAN_POINT('Ctrl Pts',(-12.9583932011618,6.5785486839375E-16,
12.9798811455396));
#1412=CARTESIAN_POINT('Ctrl Pts',(-12.9787876266782,6.74162431342855E-16,
13.0372173795831));
#1413=CARTESIAN_POINT('Ctrl Pts',(-12.9837422993451,6.87138593158925E-16,
13.0879507127355));
#1414=CARTESIAN_POINT('Ctrl Pts',(-12.9964361064693,7.20383351466363E-16,
13.2179288543995));
#1415=CARTESIAN_POINT('Ctrl Pts',(-12.9589904200044,7.27675906028785E-16,
13.2646764572597));
#1416=CARTESIAN_POINT('Ctrl Pts',(-12.9938653318427,7.48312202106241E-16,
13.3331223256121));
#1417=CARTESIAN_POINT('',(-13.2776412907379,8.5190899157384E-16,13.6274575140626));
#1418=CARTESIAN_POINT('Ctrl Pts',(-12.9938653318427,7.48312202106242E-16,
13.3331223256121));
#1419=CARTESIAN_POINT('Ctrl Pts',(-13.0079129074302,7.56624479147629E-16,
13.3606922450369));
#1420=CARTESIAN_POINT('Ctrl Pts',(-13.0214386934005,7.61616639991939E-16,
13.3749432796529));
#1421=CARTESIAN_POINT('Ctrl Pts',(-13.0423447912651,7.67746937150083E-16,
13.3904957392123));
#1422=CARTESIAN_POINT('Ctrl Pts',(-13.093599291914,7.82776299477966E-16,
13.4286249756549));
#1423=CARTESIAN_POINT('Ctrl Pts',(-13.2299558591967,8.10668849199568E-16,
13.4806968464452));
#1424=CARTESIAN_POINT('Ctrl Pts',(-13.2776412907379,8.51908991573839E-16,
13.6274575140626));
#1425=CARTESIAN_POINT('',(-13.2210676003986,9.44805212134912E-16,14.0323790071555));
#1426=CARTESIAN_POINT('Ctrl Pts',(-13.2776412907379,8.51908991573836E-16,
13.6274575140626));
#1427=CARTESIAN_POINT('Ctrl Pts',(-13.2964891271231,8.68209304496454E-16,
13.6854651898166));
#1428=CARTESIAN_POINT('Ctrl Pts',(-13.2981675076936,8.83295239384401E-16,
13.7462974128986));
#1429=CARTESIAN_POINT('Ctrl Pts',(-13.2872022192943,8.94270760657238E-16,
13.7960787580421));
#1430=CARTESIAN_POINT('Ctrl Pts',(-13.259109292605,9.22389903835786E-16,
13.9236179187722));
#1431=CARTESIAN_POINT('Ctrl Pts',(-13.2090505247552,9.24887564772831E-16,
13.9565061776101));
#1432=CARTESIAN_POINT('Ctrl Pts',(-13.2210676003986,9.44805212134913E-16,
14.0323790071555));
#1433=CARTESIAN_POINT('',(-13.4,1.0547118733939E-15,14.4));
#1434=CARTESIAN_POINT('Ctrl Pts',(-13.2210676003986,9.44805212134912E-16,
14.0323790071555));
#1435=CARTESIAN_POINT('Ctrl Pts',(-13.2259080650634,9.52828018275375E-16,
14.0629404982646));
#1436=CARTESIAN_POINT('Ctrl Pts',(-13.2343680400648,9.58110654774697E-16,
14.0806737353273));
#1437=CARTESIAN_POINT('Ctrl Pts',(-13.2494449463611,9.64989670355704E-16,
14.1019253428618));
#1438=CARTESIAN_POINT('Ctrl Pts',(-13.2864082911492,9.81854630562164E-16,
14.1540269133804));
#1439=CARTESIAN_POINT('Ctrl Pts',(-13.4,1.01691601651817E-15,14.2456867019964));
#1440=CARTESIAN_POINT('Ctrl Pts',(-13.4,1.0547118733939E-15,14.4));
#1441=CARTESIAN_POINT('',(-13.2210676003986,1.12488756067511E-15,14.7676209928445));
#1442=CARTESIAN_POINT('Ctrl Pts',(-13.4,1.0547118733939E-15,14.4));
#1443=CARTESIAN_POINT('Ctrl Pts',(-13.4,1.06965082022539E-15,14.4609928797711));
#1444=CARTESIAN_POINT('Ctrl Pts',(-13.3827980440406,1.08203841063543E-15,
14.5193664100532));
#1445=CARTESIAN_POINT('Ctrl Pts',(-13.3569861534033,1.08993893087192E-15,
14.5633228222782));
#1446=CARTESIAN_POINT('Ctrl Pts',(-13.2908564242997,1.11017996126975E-15,
14.6759385804048));
#1447=CARTESIAN_POINT('Ctrl Pts',(-13.233084676042,1.1076382401266E-15,
14.6917481632991));
#1448=CARTESIAN_POINT('Ctrl Pts',(-13.2210676003986,1.12488756067511E-15,
14.7676209928445));
#1449=CARTESIAN_POINT('',(-13.2776412907379,1.23034566395673E-15,15.1725424859374));
#1450=CARTESIAN_POINT('Ctrl Pts',(-13.2210676003986,1.12488756067511E-15,
14.7676209928445));
#1451=CARTESIAN_POINT('Ctrl Pts',(-13.2162271357338,1.13183556775144E-15,
14.7981824839537));
#1452=CARTESIAN_POINT('Ctrl Pts',(-13.2187931784689,1.13689157863888E-15,
14.8176620706646));
#1453=CARTESIAN_POINT('Ctrl Pts',(-13.2265650605617,1.14384594666881E-15,
14.8425325707603));
#1454=CARTESIAN_POINT('Ctrl Pts',(-13.2456190197627,1.16089564494386E-15,
14.9035064106199));
#1455=CARTESIAN_POINT('Ctrl Pts',(-13.325326722279,1.19969381438974E-15,
15.0257818183201));
#1456=CARTESIAN_POINT('Ctrl Pts',(-13.2776412907379,1.23034566395673E-15,
15.1725424859374));
#1457=CARTESIAN_POINT('',(-12.9938653318427,1.27093153274421E-15,15.4668776743879));
#1458=CARTESIAN_POINT('Ctrl Pts',(-13.2776412907379,1.23034566395673E-15,
15.1725424859374));
#1459=CARTESIAN_POINT('Ctrl Pts',(-13.2587934543527,1.24246091649548E-15,
15.2305501616913));
#1460=CARTESIAN_POINT('Ctrl Pts',(-13.2243950091658,1.25093757876887E-15,
15.2807509913171));
#1461=CARTESIAN_POINT('Ctrl Pts',(-13.1862631639878,1.25498974000214E-15,
15.314579710733));
#1462=CARTESIAN_POINT('Ctrl Pts',(-13.0885698711073,1.26537132453636E-15,
15.4012484512106));
#1463=CARTESIAN_POINT('Ctrl Pts',(-13.028740243681,1.25803902268767E-15,
15.3984318060355));
#1464=CARTESIAN_POINT('Ctrl Pts',(-12.9938653318427,1.27093153274421E-15,
15.4668776743879));
#1465=CARTESIAN_POINT('',(-12.9225424859374,1.36161810412944E-15,15.8694631307312));
#1466=CARTESIAN_POINT('Ctrl Pts',(-12.9938653318427,1.27093153274421E-15,
15.4668776743879));
#1467=CARTESIAN_POINT('Ctrl Pts',(-12.9798177562551,1.27612462141414E-15,
15.4944475938129));
#1468=CARTESIAN_POINT('Ctrl Pts',(-12.9762386845824,1.28045908911673E-15,
15.5137667325024));
#1469=CARTESIAN_POINT('Ctrl Pts',(-12.9759447765024,1.28680806759884E-15,
15.5398216273268));
#1470=CARTESIAN_POINT('Ctrl Pts',(-12.9752242158329,1.30237356068306E-15,
15.6036991922521));
#1471=CARTESIAN_POINT('Ctrl Pts',(-13.0132455667365,1.34111067847077E-15,
15.7446210501882));
#1472=CARTESIAN_POINT('Ctrl Pts',(-12.9225424859374,1.36161810412944E-15,
15.8694631307312));
#1473=CARTESIAN_POINT('',(-12.5617009357884,1.36864132680792E-15,16.0617009357884));
#1474=CARTESIAN_POINT('Ctrl Pts',(-12.9225424859374,1.36161810412944E-15,
15.8694631307312));
#1475=CARTESIAN_POINT('Ctrl Pts',(-12.886691770713,1.36972373704507E-15,
15.918807407002));
#1476=CARTESIAN_POINT('Ctrl Pts',(-12.838463995781,1.37345971641814E-15,
15.9559215289985));
#1477=CARTESIAN_POINT('Ctrl Pts',(-12.7917448067488,1.37326686487354E-15,
15.9763111648498));
#1478=CARTESIAN_POINT('Ctrl Pts',(-12.6720508502684,1.37277278171706E-15,
16.0285491475031));
#1479=CARTESIAN_POINT('Ctrl Pts',(-12.616019884463,1.36136763595508E-15,
16.0073819871137));
#1480=CARTESIAN_POINT('Ctrl Pts',(-12.5617009357884,1.36864132680792E-15,
16.0617009357884));
#1481=CARTESIAN_POINT('',(-12.3694631307312,1.19789691541097E-15,16.4225424859374));
#1482=CARTESIAN_POINT('Ctrl Pts',(-12.5617009357884,1.17380121415493E-15,
16.0617009357884));
#1483=CARTESIAN_POINT('Ctrl Pts',(-12.5398213238519,1.1727751374663E-15,
16.0835805477248));
#1484=CARTESIAN_POINT('Ctrl Pts',(-12.5304474822435,1.17172876358116E-15,
16.1008481464939));
#1485=CARTESIAN_POINT('Ctrl Pts',(-12.5221165537615,1.17248006879942E-15,
16.1255370014063));
#1486=CARTESIAN_POINT('Ctrl Pts',(-12.5016920067202,1.1743220086031E-15,
16.1860655102809));
#1487=CARTESIAN_POINT('Ctrl Pts',(-12.4943052112743,1.19783754925658E-15,
16.3318394051381));
#1488=CARTESIAN_POINT('Ctrl Pts',(-12.3694631307312,1.19789691541097E-15,
16.4225424859374));
#1489=CARTESIAN_POINT('',(-11.9668776743879,1.16293956266909E-15,16.4938653318427));
#1490=CARTESIAN_POINT('Ctrl Pts',(-12.3694631307312,1.19789691541097E-15,
16.4225424859374));
#1491=CARTESIAN_POINT('Ctrl Pts',(-12.3201188544605,1.1979203800946E-15,
16.4583932011617));
#1492=CARTESIAN_POINT('Ctrl Pts',(-12.2627826204171,1.19504017201763E-15,
16.4787876266781));
#1493=CARTESIAN_POINT('Ctrl Pts',(-12.2120492872648,1.1901961636648E-15,
16.4837422993451));
#1494=CARTESIAN_POINT('Ctrl Pts',(-12.0820711456008,1.17778587707835E-15,
16.4964361064694));
#1495=CARTESIAN_POINT('Ctrl Pts',(-12.0353235427404,1.16830219801132E-15,
16.4589904200044));
#1496=CARTESIAN_POINT('Ctrl Pts',(-11.9668776743879,1.16293956266909E-15,
16.4938653318427));
#1497=CARTESIAN_POINT('',(-11.6725424859374,1.16574972456721E-15,16.7776412907379));
#1498=CARTESIAN_POINT('Ctrl Pts',(-11.9668776743879,1.16293956266909E-15,
16.4938653318427));
#1499=CARTESIAN_POINT('Ctrl Pts',(-11.939307754963,1.16077949913494E-15,
16.5079129074302));
#1500=CARTESIAN_POINT('Ctrl Pts',(-11.9250567203469,1.15921203458723E-15,
16.5214386934007));
#1501=CARTESIAN_POINT('Ctrl Pts',(-11.9095042607876,1.15890476244963E-15,
16.5423447912653));
#1502=CARTESIAN_POINT('Ctrl Pts',(-11.8713750243452,1.15815143774611E-15,
16.593599291914));
#1503=CARTESIAN_POINT('Ctrl Pts',(-11.8193031535547,1.17472545376838E-15,
16.7299558591967));
#1504=CARTESIAN_POINT('Ctrl Pts',(-11.6725424859374,1.16574972456721E-15,
16.7776412907379));
#1505=CARTESIAN_POINT('',(-11.2676209928445,1.1143147396331E-15,16.7210676003986));
#1506=CARTESIAN_POINT('Ctrl Pts',(-11.6725424859374,1.16574972456721E-15,
16.7776412907379));
#1507=CARTESIAN_POINT('Ctrl Pts',(-11.6145348101834,1.16220203568292E-15,
16.796489127123));
#1508=CARTESIAN_POINT('Ctrl Pts',(-11.5537025871016,1.15578450462346E-15,
16.7981675076937));
#1509=CARTESIAN_POINT('Ctrl Pts',(-11.5039212419579,1.14851256829755E-15,
16.7872022192943));
#1510=CARTESIAN_POINT('Ctrl Pts',(-11.3763820812275,1.12988196172767E-15,
16.759109292605));
#1511=CARTESIAN_POINT('Ctrl Pts',(-11.3434938223899,1.12196771095219E-15,
16.7090505247552));
#1512=CARTESIAN_POINT('Ctrl Pts',(-11.2676209928445,1.1143147396331E-15,
16.7210676003986));
#1513=CARTESIAN_POINT('',(-10.9,1.09556428394717E-15,16.9));
#1514=CARTESIAN_POINT('Ctrl Pts',(-11.2676209928445,1.1143147396331E-15,
16.7210676003986));
#1515=CARTESIAN_POINT('Ctrl Pts',(-11.2370595017354,1.11123213132221E-15,
16.7259080650634));
#1516=CARTESIAN_POINT('Ctrl Pts',(-11.2193262646729,1.10929701046301E-15,
16.7343680400647));
#1517=CARTESIAN_POINT('Ctrl Pts',(-11.1980746571382,1.10796123890728E-15,
16.7494449463611));
#1518=CARTESIAN_POINT('Ctrl Pts',(-11.1459730866192,1.10468639036726E-15,
16.7864082911496));
#1519=CARTESIAN_POINT('Ctrl Pts',(-11.0543132980035,1.11269650159211E-15,
16.9));
#1520=CARTESIAN_POINT('Ctrl Pts',(-10.9,1.09556428394717E-15,16.9));
#1521=CARTESIAN_POINT('',(-10.5323790071555,1.03268648151478E-15,16.7210676003986));
#1522=CARTESIAN_POINT('Ctrl Pts',(-10.9,1.09556428394717E-15,16.9));
#1523=CARTESIAN_POINT('Ctrl Pts',(-10.8390071202288,1.08879271400115E-15,
16.9));
#1524=CARTESIAN_POINT('Ctrl Pts',(-10.7806335899466,1.07946605261285E-15,
16.8827980440405));
#1525=CARTESIAN_POINT('Ctrl Pts',(-10.7366771777215,1.07047801610803E-15,
16.8569861534031));
#1526=CARTESIAN_POINT('Ctrl Pts',(-10.6240614195951,1.04745078313291E-15,
16.7908564242995));
#1527=CARTESIAN_POINT('Ctrl Pts',(-10.6082518367008,1.04188066265664E-15,
16.733084676042));
#1528=CARTESIAN_POINT('Ctrl Pts',(-10.5323790071555,1.03268648151478E-15,
16.7210676003986));
#1529=CARTESIAN_POINT('',(-10.1274575140626,9.94210833489448E-16,16.7776412907379));
#1530=CARTESIAN_POINT('Ctrl Pts',(-10.5323790071555,1.03268648151478E-15,
16.7210676003986));
#1531=CARTESIAN_POINT('Ctrl Pts',(-10.5018175160463,1.02898307560641E-15,
16.7162271357338));
#1532=CARTESIAN_POINT('Ctrl Pts',(-10.4823379293354,1.02686972154824E-15,
16.7187931784689));
#1533=CARTESIAN_POINT('Ctrl Pts',(-10.4574674292396,1.02463620520108E-15,
16.7265650605617));
#1534=CARTESIAN_POINT('Ctrl Pts',(-10.3964935893801,1.01916039781679E-15,
16.7456190197627));
#1535=CARTESIAN_POINT('Ctrl Pts',(-10.2742181816798,1.01782251874787E-15,
16.825326722279));
#1536=CARTESIAN_POINT('Ctrl Pts',(-10.1274575140626,9.94210833489448E-16,
16.7776412907379));
#1537=CARTESIAN_POINT('',(-9.83312232561207,9.26045130956282E-16,16.4938653318427));
#1538=CARTESIAN_POINT('Ctrl Pts',(-10.1274575140626,9.94210833489449E-16,
16.7776412907379));
#1539=CARTESIAN_POINT('Ctrl Pts',(-10.0694498383087,9.84878230928327E-16,
16.7587934543527));
#1540=CARTESIAN_POINT('Ctrl Pts',(-10.0192490086826,9.73555397810559E-16,
16.7243950091657));
#1541=CARTESIAN_POINT('Ctrl Pts',(-9.98542028926691,9.6373107276325E-16,
16.6862631639877));
#1542=CARTESIAN_POINT('Ctrl Pts',(-9.89875154878962,9.38561279386623E-16,
16.5885698711074));
#1543=CARTESIAN_POINT('Ctrl Pts',(-9.90156819396445,9.35880531411106E-16,
16.5287402436809));
#1544=CARTESIAN_POINT('Ctrl Pts',(-9.83312232561207,9.26045130956283E-16,
16.4938653318427));
#1545=CARTESIAN_POINT('',(-9.43053686926881,8.71610555095862E-16,16.4225424859374));
#1546=CARTESIAN_POINT('Ctrl Pts',(-9.83312232561207,9.26045130956283E-16,
16.4938653318427));
#1547=CARTESIAN_POINT('Ctrl Pts',(-9.80555240618706,9.22083442623889E-16,
16.4798177562551));
#1548=CARTESIAN_POINT('Ctrl Pts',(-9.78623326749756,9.19998725186563E-16,
16.4762386845824));
#1549=CARTESIAN_POINT('Ctrl Pts',(-9.76017837267303,9.1708609618987E-16,
16.4759447765024));
#1550=CARTESIAN_POINT('Ctrl Pts',(-9.69630080774772,9.09945340140288E-16,
16.4752242158329));
#1551=CARTESIAN_POINT('Ctrl Pts',(-9.55537894981167,8.99390431702402E-16,
16.5132455667364));
#1552=CARTESIAN_POINT('Ctrl Pts',(-9.43053686926881,8.71610555095862E-16,
16.4225424859374));
#1553=CARTESIAN_POINT('',(-9.23829906421161,8.04829486364239E-16,16.0617009357884));
#1554=CARTESIAN_POINT('Ctrl Pts',(-9.43053686926881,8.71610555095862E-16,
16.4225424859374));
#1555=CARTESIAN_POINT('Ctrl Pts',(-9.38119259299815,8.60630460082404E-16,
16.3866917707131));
#1556=CARTESIAN_POINT('Ctrl Pts',(-9.34407847100179,8.48419813031554E-16,
16.3384639957814));
#1557=CARTESIAN_POINT('Ctrl Pts',(-9.32368883515039,8.38720872827487E-16,
16.2917448067492));
#1558=CARTESIAN_POINT('Ctrl Pts',(-9.27145085249675,8.13872313793306E-16,
16.1720508502684));
#1559=CARTESIAN_POINT('Ctrl Pts',(-9.29261801288628,8.14343348608249E-16,
16.116019884463));
#1560=CARTESIAN_POINT('Ctrl Pts',(-9.23829906421162,8.04829486364242E-16,
16.0617009357884));
#1561=CARTESIAN_POINT('Ctrl Pts',(-9.23829906421161,8.04829486364239E-16,
16.0617009357884));
#1562=CARTESIAN_POINT('Ctrl Pts',(-9.21641945227511,8.00997313264516E-16,
16.0398213238519));
#1563=CARTESIAN_POINT('Ctrl Pts',(-9.19915185350621,7.99145299115872E-16,
16.0304474822435));
#1564=CARTESIAN_POINT('Ctrl Pts',(-9.17446299859355,7.95838665889334E-16,
16.0221165537614));
#1565=CARTESIAN_POINT('Ctrl Pts',(-9.11393448971869,7.87731948129182E-16,
16.0016920067201));
#1566=CARTESIAN_POINT('Ctrl Pts',(-8.96816059486176,7.68993198300591E-16,
15.9943052112741));
#1567=CARTESIAN_POINT('Ctrl Pts',(-8.87745751406263,7.39764418221947E-16,
15.8694631307312));
#1568=CARTESIAN_POINT('',(-11.9,8.88178610142423E-16,14.4));
#1569=CARTESIAN_POINT('Origin',(-10.9,7.77156307679907E-16,14.4));
#1570=CARTESIAN_POINT('Origin',(-10.9,7.77156307679907E-16,14.4));
#1571=CARTESIAN_POINT('',(-11.9,7.77156307679907E-16,14.4));
#1572=CARTESIAN_POINT('Origin',(-10.9,-5.,14.4));
#1573=CARTESIAN_POINT('Ctrl Pts',(-8.80613466815733,6.80904979590383E-16,
15.4668776743879));
#1574=CARTESIAN_POINT('Ctrl Pts',(-8.80613466815733,3.,15.4668776743879));
#1575=CARTESIAN_POINT('Ctrl Pts',(-8.84100957999565,6.89166020500178E-16,
15.5353235427404));
#1576=CARTESIAN_POINT('Ctrl Pts',(-8.84100957999565,3.,15.5353235427404));
#1577=CARTESIAN_POINT('Ctrl Pts',(-8.80356389353062,6.85589311064304E-16,
15.5820711456007));
#1578=CARTESIAN_POINT('Ctrl Pts',(-8.80356389353062,3.,15.5820711456007));
#1579=CARTESIAN_POINT('Ctrl Pts',(-8.81625770065491,7.07684285667658E-16,
15.7120492872647));
#1580=CARTESIAN_POINT('Ctrl Pts',(-8.81625770065491,3.,15.7120492872647));
#1581=CARTESIAN_POINT('Ctrl Pts',(-8.82121237332189,7.16308441184838E-16,
15.7627826204171));
#1582=CARTESIAN_POINT('Ctrl Pts',(-8.82121237332189,3.,15.7627826204171));
#1583=CARTESIAN_POINT('Ctrl Pts',(-8.84160679883831,7.28211638958859E-16,
15.8201188544604));
#1584=CARTESIAN_POINT('Ctrl Pts',(-8.84160679883831,3.,15.8201188544604));
#1585=CARTESIAN_POINT('Ctrl Pts',(-8.87745751406263,7.39764418221946E-16,
15.8694631307312));
#1586=CARTESIAN_POINT('Ctrl Pts',(-8.87745751406263,3.,15.8694631307312));
#1587=CARTESIAN_POINT('',(-8.87745751406263,3.,15.8694631307312));
#1588=CARTESIAN_POINT('',(-8.87745751406263,7.39764418221946E-16,15.8694631307312));
#1589=CARTESIAN_POINT('',(-8.80613466815733,3.,15.4668776743879));
#1590=CARTESIAN_POINT('Ctrl Pts',(-8.80613466815733,3.,15.4668776743879));
#1591=CARTESIAN_POINT('Ctrl Pts',(-8.84100957999565,3.,15.5353235427404));
#1592=CARTESIAN_POINT('Ctrl Pts',(-8.80356389353062,3.,15.5820711456007));
#1593=CARTESIAN_POINT('Ctrl Pts',(-8.81625770065491,3.,15.7120492872647));
#1594=CARTESIAN_POINT('Ctrl Pts',(-8.82121237332189,3.,15.7627826204171));
#1595=CARTESIAN_POINT('Ctrl Pts',(-8.84160679883831,3.,15.8201188544604));
#1596=CARTESIAN_POINT('Ctrl Pts',(-8.87745751406263,3.,15.8694631307312));
#1597=CARTESIAN_POINT('',(-8.80613466815733,6.80904979590383E-16,15.4668776743879));
#1598=CARTESIAN_POINT('Ctrl Pts',(-8.52235870926212,6.1157844137097E-16,
15.1725424859374));
#1599=CARTESIAN_POINT('Ctrl Pts',(-8.52235870926212,3.,15.1725424859374));
#1600=CARTESIAN_POINT('Ctrl Pts',(-8.57004414080323,6.39395008278697E-16,
15.3193031535545));
#1601=CARTESIAN_POINT('Ctrl Pts',(-8.57004414080323,3.,15.3193031535545));
#1602=CARTESIAN_POINT('Ctrl Pts',(-8.70640070808574,6.6448332010421E-16,
15.371375024345));
#1603=CARTESIAN_POINT('Ctrl Pts',(-8.70640070808574,3.,15.371375024345));
#1604=CARTESIAN_POINT('Ctrl Pts',(-8.75765520873461,6.7276245755775E-16,
15.4095042607875));
#1605=CARTESIAN_POINT('Ctrl Pts',(-8.75765520873461,3.,15.4095042607875));
#1606=CARTESIAN_POINT('Ctrl Pts',(-8.77856130659936,6.76139418715275E-16,
15.4250567203469));
#1607=CARTESIAN_POINT('Ctrl Pts',(-8.77856130659936,3.,15.4250567203469));
#1608=CARTESIAN_POINT('Ctrl Pts',(-8.79208709256979,6.77577441526631E-16,
15.4393077549629));
#1609=CARTESIAN_POINT('Ctrl Pts',(-8.79208709256979,3.,15.4393077549629));
#1610=CARTESIAN_POINT('Ctrl Pts',(-8.80613466815734,6.80904979590385E-16,
15.4668776743879));
#1611=CARTESIAN_POINT('Ctrl Pts',(-8.80613466815734,3.,15.4668776743879));
#1612=CARTESIAN_POINT('',(-8.52235870926212,3.,15.1725424859374));
#1613=CARTESIAN_POINT('Ctrl Pts',(-8.52235870926212,3.,15.1725424859374));
#1614=CARTESIAN_POINT('Ctrl Pts',(-8.57004414080323,3.,15.3193031535545));
#1615=CARTESIAN_POINT('Ctrl Pts',(-8.70640070808574,3.,15.371375024345));
#1616=CARTESIAN_POINT('Ctrl Pts',(-8.75765520873461,3.,15.4095042607875));
#1617=CARTESIAN_POINT('Ctrl Pts',(-8.77856130659936,3.,15.4250567203469));
#1618=CARTESIAN_POINT('Ctrl Pts',(-8.79208709256979,3.,15.4393077549629));
#1619=CARTESIAN_POINT('Ctrl Pts',(-8.80613466815734,3.,15.4668776743879));
#1620=CARTESIAN_POINT('',(-8.52235870926212,6.11578441370969E-16,15.1725424859374));
#1621=CARTESIAN_POINT('Ctrl Pts',(-8.57893239960143,5.66402204790548E-16,
14.7676209928445));
#1622=CARTESIAN_POINT('Ctrl Pts',(-8.57893239960143,3.,14.7676209928445));
#1623=CARTESIAN_POINT('Ctrl Pts',(-8.59094947524482,5.72601776123798E-16,
14.8434938223899));
#1624=CARTESIAN_POINT('Ctrl Pts',(-8.59094947524482,3.,14.8434938223899));
#1625=CARTESIAN_POINT('Ctrl Pts',(-8.54089070739499,5.66269505307008E-16,
14.8763820812277));
#1626=CARTESIAN_POINT('Ctrl Pts',(-8.54089070739499,3.,14.8763820812277));
#1627=CARTESIAN_POINT('Ctrl Pts',(-8.51279778070568,5.83448085420628E-16,
15.0039212419579));
#1628=CARTESIAN_POINT('Ctrl Pts',(-8.51279778070568,3.,15.0039212419579));
#1629=CARTESIAN_POINT('Ctrl Pts',(-8.50183249230635,5.90153263820867E-16,
15.0537025871015));
#1630=CARTESIAN_POINT('Ctrl Pts',(-8.50183249230635,3.,15.0537025871015));
#1631=CARTESIAN_POINT('Ctrl Pts',(-8.50351087287697,6.00583844385484E-16,
15.1145348101834));
#1632=CARTESIAN_POINT('Ctrl Pts',(-8.50351087287697,3.,15.1145348101834));
#1633=CARTESIAN_POINT('Ctrl Pts',(-8.52235870926212,6.11578441370968E-16,
15.1725424859374));
#1634=CARTESIAN_POINT('Ctrl Pts',(-8.52235870926212,3.,15.1725424859374));
#1635=CARTESIAN_POINT('',(-8.57893239960143,3.,14.7676209928445));
#1636=CARTESIAN_POINT('Ctrl Pts',(-8.57893239960143,3.,14.7676209928445));
#1637=CARTESIAN_POINT('Ctrl Pts',(-8.59094947524482,3.,14.8434938223899));
#1638=CARTESIAN_POINT('Ctrl Pts',(-8.54089070739499,3.,14.8763820812277));
#1639=CARTESIAN_POINT('Ctrl Pts',(-8.51279778070568,3.,15.0039212419579));
#1640=CARTESIAN_POINT('Ctrl Pts',(-8.50183249230635,3.,15.0537025871015));
#1641=CARTESIAN_POINT('Ctrl Pts',(-8.50351087287697,3.,15.1145348101834));
#1642=CARTESIAN_POINT('Ctrl Pts',(-8.52235870926212,3.,15.1725424859374));
#1643=CARTESIAN_POINT('',(-8.57893239960143,5.66402204790548E-16,14.7676209928445));
#1644=CARTESIAN_POINT('Ctrl Pts',(-8.4,4.99600361081323E-16,14.4));
#1645=CARTESIAN_POINT('Ctrl Pts',(-8.4,3.,14.4));
#1646=CARTESIAN_POINT('Ctrl Pts',(-8.4,5.23281835439792E-16,14.5543132980033));
#1647=CARTESIAN_POINT('Ctrl Pts',(-8.4,3.,14.5543132980033));
#1648=CARTESIAN_POINT('Ctrl Pts',(-8.51359170885038,5.52263890500191E-16,
14.6459730866192));
#1649=CARTESIAN_POINT('Ctrl Pts',(-8.51359170885038,3.,14.6459730866192));
#1650=CARTESIAN_POINT('Ctrl Pts',(-8.5505550536387,5.59905027989035E-16,
14.6980746571379));
#1651=CARTESIAN_POINT('Ctrl Pts',(-8.5505550536387,3.,14.6980746571379));
#1652=CARTESIAN_POINT('Ctrl Pts',(-8.56563195993518,5.63021756590778E-16,
14.7193262646726));
#1653=CARTESIAN_POINT('Ctrl Pts',(-8.56563195993518,3.,14.7193262646726));
#1654=CARTESIAN_POINT('Ctrl Pts',(-8.57409193493661,5.63905024372775E-16,
14.7370595017353));
#1655=CARTESIAN_POINT('Ctrl Pts',(-8.57409193493661,3.,14.7370595017353));
#1656=CARTESIAN_POINT('Ctrl Pts',(-8.57893239960143,5.66402204790548E-16,
14.7676209928445));
#1657=CARTESIAN_POINT('Ctrl Pts',(-8.57893239960143,3.,14.7676209928445));
#1658=CARTESIAN_POINT('',(-8.4,3.,14.4));
#1659=CARTESIAN_POINT('Ctrl Pts',(-8.4,3.,14.4));
#1660=CARTESIAN_POINT('Ctrl Pts',(-8.4,3.,14.5543132980033));
#1661=CARTESIAN_POINT('Ctrl Pts',(-8.51359170885038,3.,14.6459730866192));
#1662=CARTESIAN_POINT('Ctrl Pts',(-8.5505550536387,3.,14.6980746571379));
#1663=CARTESIAN_POINT('Ctrl Pts',(-8.56563195993518,3.,14.7193262646726));
#1664=CARTESIAN_POINT('Ctrl Pts',(-8.57409193493661,3.,14.7370595017353));
#1665=CARTESIAN_POINT('Ctrl Pts',(-8.57893239960143,3.,14.7676209928445));
#1666=CARTESIAN_POINT('',(-8.4,4.99600361081323E-16,14.4));
#1667=CARTESIAN_POINT('Ctrl Pts',(-8.57893239960143,4.72529491349884E-16,
14.0323790071554));
#1668=CARTESIAN_POINT('Ctrl Pts',(-8.57893239960143,3.,14.0323790071554));
#1669=CARTESIAN_POINT('Ctrl Pts',(-8.56691532395805,4.7606073586954E-16,
14.1082518367008));
#1670=CARTESIAN_POINT('Ctrl Pts',(-8.56691532395805,3.,14.1082518367008));
#1671=CARTESIAN_POINT('Ctrl Pts',(-8.50914357570037,4.67592750458945E-16,
14.1240614195953));
#1672=CARTESIAN_POINT('Ctrl Pts',(-8.50914357570037,3.,14.1240614195953));
#1673=CARTESIAN_POINT('Ctrl Pts',(-8.44301384659683,4.78173376971068E-16,
14.2366771777216));
#1674=CARTESIAN_POINT('Ctrl Pts',(-8.44301384659683,3.,14.2366771777216));
#1675=CARTESIAN_POINT('Ctrl Pts',(-8.41720195595944,4.82303228674807E-16,
14.2806335899467));
#1676=CARTESIAN_POINT('Ctrl Pts',(-8.41720195595944,3.,14.2806335899467));
#1677=CARTESIAN_POINT('Ctrl Pts',(-8.4,4.9024017413024E-16,14.3390071202289));
#1678=CARTESIAN_POINT('Ctrl Pts',(-8.4,3.,14.3390071202289));
#1679=CARTESIAN_POINT('Ctrl Pts',(-8.4,4.99600361081323E-16,14.4));
#1680=CARTESIAN_POINT('Ctrl Pts',(-8.4,3.,14.4));
#1681=CARTESIAN_POINT('',(-8.57893239960143,3.,14.0323790071554));
#1682=CARTESIAN_POINT('Ctrl Pts',(-8.57893239960143,3.,14.0323790071554));
#1683=CARTESIAN_POINT('Ctrl Pts',(-8.56691532395805,3.,14.1082518367008));
#1684=CARTESIAN_POINT('Ctrl Pts',(-8.50914357570037,3.,14.1240614195953));
#1685=CARTESIAN_POINT('Ctrl Pts',(-8.44301384659683,3.,14.2366771777216));
#1686=CARTESIAN_POINT('Ctrl Pts',(-8.41720195595944,3.,14.2806335899467));
#1687=CARTESIAN_POINT('Ctrl Pts',(-8.4,3.,14.3390071202289));
#1688=CARTESIAN_POINT('Ctrl Pts',(-8.4,3.,14.4));
#1689=CARTESIAN_POINT('',(-8.57893239960143,4.72529491349885E-16,14.0323790071554));
#1690=CARTESIAN_POINT('Ctrl Pts',(-8.52235870926212,4.14791372048922E-16,
13.6274575140626));
#1691=CARTESIAN_POINT('Ctrl Pts',(-8.52235870926212,3.,13.6274575140626));
#1692=CARTESIAN_POINT('Ctrl Pts',(-8.47467327772105,4.32019646149416E-16,
13.7742181816797));
#1693=CARTESIAN_POINT('Ctrl Pts',(-8.47467327772105,3.,13.7742181816797));
#1694=CARTESIAN_POINT('Ctrl Pts',(-8.55438098023724,4.62058478965565E-16,
13.8964935893801));
#1695=CARTESIAN_POINT('Ctrl Pts',(-8.55438098023724,3.,13.8964935893801));
#1696=CARTESIAN_POINT('Ctrl Pts',(-8.57343493943829,4.68313648713343E-16,
13.9574674292396));
#1697=CARTESIAN_POINT('Ctrl Pts',(-8.57343493943829,3.,13.9574674292396));
#1698=CARTESIAN_POINT('Ctrl Pts',(-8.58120682153109,4.70865057648215E-16,
13.9823379293353));
#1699=CARTESIAN_POINT('Ctrl Pts',(-8.58120682153109,3.,13.9823379293353));
#1700=CARTESIAN_POINT('Ctrl Pts',(-8.58377286426625,4.71107109996265E-16,
14.0018175160462));
#1701=CARTESIAN_POINT('Ctrl Pts',(-8.58377286426625,3.,14.0018175160462));
#1702=CARTESIAN_POINT('Ctrl Pts',(-8.57893239960143,4.72529491349883E-16,
14.0323790071554));
#1703=CARTESIAN_POINT('Ctrl Pts',(-8.57893239960143,3.,14.0323790071554));
#1704=CARTESIAN_POINT('',(-8.52235870926212,3.,13.6274575140626));
#1705=CARTESIAN_POINT('Ctrl Pts',(-8.52235870926212,3.,13.6274575140626));
#1706=CARTESIAN_POINT('Ctrl Pts',(-8.47467327772105,3.,13.7742181816797));
#1707=CARTESIAN_POINT('Ctrl Pts',(-8.55438098023724,3.,13.8964935893801));
#1708=CARTESIAN_POINT('Ctrl Pts',(-8.57343493943829,3.,13.9574674292396));
#1709=CARTESIAN_POINT('Ctrl Pts',(-8.58120682153109,3.,13.9823379293353));
#1710=CARTESIAN_POINT('Ctrl Pts',(-8.58377286426625,3.,14.0018175160462));
#1711=CARTESIAN_POINT('Ctrl Pts',(-8.57893239960143,3.,14.0323790071554));
#1712=CARTESIAN_POINT('',(-8.52235870926212,4.14791372048922E-16,13.6274575140626));
#1713=CARTESIAN_POINT('Ctrl Pts',(-8.80613466815734,4.08475754509617E-16,
13.3331223256121));
#1714=CARTESIAN_POINT('Ctrl Pts',(-8.80613466815734,3.,13.3331223256121));
#1715=CARTESIAN_POINT('Ctrl Pts',(-8.77125975631902,4.08993009398463E-16,
13.4015681939645));
#1716=CARTESIAN_POINT('Ctrl Pts',(-8.77125975631902,3.,13.4015681939645));
#1717=CARTESIAN_POINT('Ctrl Pts',(-8.71143012889246,3.99218214805898E-16,
13.3987515487896));
#1718=CARTESIAN_POINT('Ctrl Pts',(-8.71143012889246,3.,13.3987515487896));
#1719=CARTESIAN_POINT('Ctrl Pts',(-8.61373683601206,4.02165182274044E-16,
13.4854202892671));
#1720=CARTESIAN_POINT('Ctrl Pts',(-8.61373683601206,3.,13.4854202892671));
#1721=CARTESIAN_POINT('Ctrl Pts',(-8.57560499083419,4.03315448622187E-16,
13.5192490086828));
#1722=CARTESIAN_POINT('Ctrl Pts',(-8.57560499083419,3.,13.5192490086828));
#1723=CARTESIAN_POINT('Ctrl Pts',(-8.54120654564724,4.0798183544728E-16,
13.5694498383088));
#1724=CARTESIAN_POINT('Ctrl Pts',(-8.54120654564724,3.,13.5694498383088));
#1725=CARTESIAN_POINT('Ctrl Pts',(-8.52235870926212,4.1479137204892E-16,
13.6274575140626));
#1726=CARTESIAN_POINT('Ctrl Pts',(-8.52235870926212,3.,13.6274575140626));
#1727=CARTESIAN_POINT('',(-8.80613466815734,3.,13.3331223256121));
#1728=CARTESIAN_POINT('Ctrl Pts',(-8.80613466815734,3.,13.3331223256121));
#1729=CARTESIAN_POINT('Ctrl Pts',(-8.77125975631902,3.,13.4015681939645));
#1730=CARTESIAN_POINT('Ctrl Pts',(-8.71143012889246,3.,13.3987515487896));
#1731=CARTESIAN_POINT('Ctrl Pts',(-8.61373683601206,3.,13.4854202892671));
#1732=CARTESIAN_POINT('Ctrl Pts',(-8.57560499083419,3.,13.5192490086828));
#1733=CARTESIAN_POINT('Ctrl Pts',(-8.54120654564724,3.,13.5694498383088));
#1734=CARTESIAN_POINT('Ctrl Pts',(-8.52235870926212,3.,13.6274575140626));
#1735=CARTESIAN_POINT('',(-8.80613466815734,4.08475754509618E-16,13.3331223256121));
#1736=CARTESIAN_POINT('Ctrl Pts',(-8.87745751406264,3.65453169019225E-16,
12.9305368692688));
#1737=CARTESIAN_POINT('Ctrl Pts',(-8.87745751406264,3.,12.9305368692688));
#1738=CARTESIAN_POINT('Ctrl Pts',(-8.78675443326349,3.74541819356354E-16,
13.0553789498118));
#1739=CARTESIAN_POINT('Ctrl Pts',(-8.78675443326349,3.,13.0553789498118));
#1740=CARTESIAN_POINT('Ctrl Pts',(-8.82477578416714,4.02697019679404E-16,
13.1963008077482));
#1741=CARTESIAN_POINT('Ctrl Pts',(-8.82477578416714,3.,13.1963008077482));
#1742=CARTESIAN_POINT('Ctrl Pts',(-8.82405522349756,4.06953922088826E-16,
13.2601783726732));
#1743=CARTESIAN_POINT('Ctrl Pts',(-8.82405522349756,3.,13.2601783726732));
#1744=CARTESIAN_POINT('Ctrl Pts',(-8.82376131541758,4.08690261673547E-16,
13.2862332674975));
#1745=CARTESIAN_POINT('Ctrl Pts',(-8.82376131541758,3.,13.2862332674975));
#1746=CARTESIAN_POINT('Ctrl Pts',(-8.82018224374485,4.08267404817355E-16,
13.3055524061871));
#1747=CARTESIAN_POINT('Ctrl Pts',(-8.82018224374485,3.,13.3055524061871));
#1748=CARTESIAN_POINT('Ctrl Pts',(-8.80613466815734,4.08475754509618E-16,
13.3331223256121));
#1749=CARTESIAN_POINT('Ctrl Pts',(-8.80613466815734,3.,13.3331223256121));
#1750=CARTESIAN_POINT('',(-8.87745751406264,3.,12.9305368692688));
#1751=CARTESIAN_POINT('Ctrl Pts',(-8.87745751406264,3.,12.9305368692688));
#1752=CARTESIAN_POINT('Ctrl Pts',(-8.78675443326349,3.,13.0553789498118));
#1753=CARTESIAN_POINT('Ctrl Pts',(-8.82477578416714,3.,13.1963008077482));
#1754=CARTESIAN_POINT('Ctrl Pts',(-8.82405522349756,3.,13.2601783726732));
#1755=CARTESIAN_POINT('Ctrl Pts',(-8.82376131541758,3.,13.2862332674975));
#1756=CARTESIAN_POINT('Ctrl Pts',(-8.82018224374485,3.,13.3055524061871));
#1757=CARTESIAN_POINT('Ctrl Pts',(-8.80613466815734,3.,13.3331223256121));
#1758=CARTESIAN_POINT('',(-8.87745751406264,3.65453169019226E-16,12.9305368692688));
#1759=CARTESIAN_POINT('Ctrl Pts',(-9.23829906421162,3.80511020320298E-16,
12.7382990642116));
#1760=CARTESIAN_POINT('Ctrl Pts',(-9.23829906421162,3.,12.7382990642116));
#1761=CARTESIAN_POINT('Ctrl Pts',(-9.18398011553695,3.77963653065901E-16,
12.7926180128863));
#1762=CARTESIAN_POINT('Ctrl Pts',(-9.18398011553695,3.,12.7926180128863));
#1763=CARTESIAN_POINT('Ctrl Pts',(-9.12794914973166,3.67838874291143E-16,
12.7714508524968));
#1764=CARTESIAN_POINT('Ctrl Pts',(-9.12794914973166,3.,12.7714508524968));
#1765=CARTESIAN_POINT('Ctrl Pts',(-9.00825519325095,3.62863713006721E-16,
12.8236888351503));
#1766=CARTESIAN_POINT('Ctrl Pts',(-9.00825519325095,3.,12.8236888351503));
#1767=CARTESIAN_POINT('Ctrl Pts',(-8.96153600421871,3.60921797914707E-16,
12.8440784710017));
#1768=CARTESIAN_POINT('Ctrl Pts',(-8.96153600421871,3.,12.8440784710017));
#1769=CARTESIAN_POINT('Ctrl Pts',(-8.91330822928697,3.61860847654404E-16,
12.8811925929981));
#1770=CARTESIAN_POINT('Ctrl Pts',(-8.91330822928697,3.,12.8811925929981));
#1771=CARTESIAN_POINT('Ctrl Pts',(-8.87745751406264,3.65453169019226E-16,
12.9305368692688));
#1772=CARTESIAN_POINT('Ctrl Pts',(-8.87745751406264,3.,12.9305368692688));
#1773=CARTESIAN_POINT('',(-9.23829906421162,3.,12.7382990642116));
#1774=CARTESIAN_POINT('Ctrl Pts',(-9.23829906421162,3.,12.7382990642116));
#1775=CARTESIAN_POINT('Ctrl Pts',(-9.18398011553695,3.,12.7926180128863));
#1776=CARTESIAN_POINT('Ctrl Pts',(-9.12794914973166,3.,12.7714508524968));
#1777=CARTESIAN_POINT('Ctrl Pts',(-9.00825519325095,3.,12.8236888351503));
#1778=CARTESIAN_POINT('Ctrl Pts',(-8.96153600421871,3.,12.8440784710017));
#1779=CARTESIAN_POINT('Ctrl Pts',(-8.91330822928697,3.,12.8811925929981));
#1780=CARTESIAN_POINT('Ctrl Pts',(-8.87745751406264,3.,12.9305368692688));
#1781=CARTESIAN_POINT('',(-9.23829906421162,3.80511020320298E-16,12.7382990642116));
#1782=CARTESIAN_POINT('Ctrl Pts',(-9.43053686926882,1.18632901636157E-16,
12.3774575140626));
#1783=CARTESIAN_POINT('Ctrl Pts',(-9.43053686926882,3.,12.3774575140626));
#1784=CARTESIAN_POINT('Ctrl Pts',(-9.30569478872602,1.26988493679373E-16,
12.4681605948616));
#1785=CARTESIAN_POINT('Ctrl Pts',(-9.30569478872602,3.,12.4681605948616));
#1786=CARTESIAN_POINT('Ctrl Pts',(-9.29830799327992,1.61872700822462E-16,
12.6139344897186));
#1787=CARTESIAN_POINT('Ctrl Pts',(-9.29830799327992,3.,12.6139344897186));
#1788=CARTESIAN_POINT('Ctrl Pts',(-9.27788344623864,1.74430329801565E-16,
12.6744629985933));
#1789=CARTESIAN_POINT('Ctrl Pts',(-9.27788344623864,3.,12.6744629985933));
#1790=CARTESIAN_POINT('Ctrl Pts',(-9.2695525177566,1.7955243648611E-16,
12.699151853506));
#1791=CARTESIAN_POINT('Ctrl Pts',(-9.2695525177566,3.,12.699151853506));
#1792=CARTESIAN_POINT('Ctrl Pts',(-9.26017867614819,1.8274107310516E-16,
12.716419452275));
#1793=CARTESIAN_POINT('Ctrl Pts',(-9.26017867614819,3.,12.716419452275));
#1794=CARTESIAN_POINT('Ctrl Pts',(-9.23829906421162,1.85670907667312E-16,
12.7382990642116));
#1795=CARTESIAN_POINT('Ctrl Pts',(-9.23829906421162,3.,12.7382990642116));
#1796=CARTESIAN_POINT('',(-9.43053686926882,3.,12.3774575140626));
#1797=CARTESIAN_POINT('Ctrl Pts',(-9.43053686926882,3.,12.3774575140626));
#1798=CARTESIAN_POINT('Ctrl Pts',(-9.30569478872602,3.,12.4681605948616));
#1799=CARTESIAN_POINT('Ctrl Pts',(-9.29830799327992,3.,12.6139344897186));
#1800=CARTESIAN_POINT('Ctrl Pts',(-9.27788344623864,3.,12.6744629985933));
#1801=CARTESIAN_POINT('Ctrl Pts',(-9.2695525177566,3.,12.699151853506));
#1802=CARTESIAN_POINT('Ctrl Pts',(-9.26017867614819,3.,12.716419452275));
#1803=CARTESIAN_POINT('Ctrl Pts',(-9.23829906421162,3.,12.7382990642116));
#1804=CARTESIAN_POINT('',(-9.43053686926882,1.18632901636157E-16,12.3774575140626));
#1805=CARTESIAN_POINT('Ctrl Pts',(-9.83312232561208,1.45859807036134E-16,
12.3061346681573));
#1806=CARTESIAN_POINT('Ctrl Pts',(-9.83312232561208,3.,12.3061346681573));
#1807=CARTESIAN_POINT('Ctrl Pts',(-9.7646764572596,1.46802679145826E-16,
12.3410095799957));
#1808=CARTESIAN_POINT('Ctrl Pts',(-9.7646764572596,3.,12.3410095799957));
#1809=CARTESIAN_POINT('Ctrl Pts',(-9.71792885439924,1.32441104601887E-16,
12.3035638935305));
#1810=CARTESIAN_POINT('Ctrl Pts',(-9.71792885439924,3.,12.3035638935305));
#1811=CARTESIAN_POINT('Ctrl Pts',(-9.58795071273503,1.21119718056672E-16,
12.3162577006549));
#1812=CARTESIAN_POINT('Ctrl Pts',(-9.58795071273503,3.,12.3162577006549));
#1813=CARTESIAN_POINT('Ctrl Pts',(-9.53721737958272,1.16700731387142E-16,
12.3212123733219));
#1814=CARTESIAN_POINT('Ctrl Pts',(-9.53721737958272,3.,12.3212123733219));
#1815=CARTESIAN_POINT('Ctrl Pts',(-9.47988114553947,1.15330324168748E-16,
12.3416067988384));
#1816=CARTESIAN_POINT('Ctrl Pts',(-9.47988114553947,3.,12.3416067988384));
#1817=CARTESIAN_POINT('Ctrl Pts',(-9.43053686926882,1.18632901636157E-16,
12.3774575140626));
#1818=CARTESIAN_POINT('Ctrl Pts',(-9.43053686926882,3.,12.3774575140626));
#1819=CARTESIAN_POINT('',(-9.83312232561208,3.,12.3061346681573));
#1820=CARTESIAN_POINT('Ctrl Pts',(-9.83312232561208,3.,12.3061346681573));
#1821=CARTESIAN_POINT('Ctrl Pts',(-9.7646764572596,3.,12.3410095799957));
#1822=CARTESIAN_POINT('Ctrl Pts',(-9.71792885439924,3.,12.3035638935305));
#1823=CARTESIAN_POINT('Ctrl Pts',(-9.58795071273503,3.,12.3162577006549));
#1824=CARTESIAN_POINT('Ctrl Pts',(-9.53721737958272,3.,12.3212123733219));
#1825=CARTESIAN_POINT('Ctrl Pts',(-9.47988114553947,3.,12.3416067988384));
#1826=CARTESIAN_POINT('Ctrl Pts',(-9.43053686926882,3.,12.3774575140626));
#1827=CARTESIAN_POINT('',(-9.83312232561208,1.45859807036133E-16,12.3061346681573));
#1828=CARTESIAN_POINT('Ctrl Pts',(-10.1274575140626,1.09032513470633E-16,
12.0223587092621));
#1829=CARTESIAN_POINT('Ctrl Pts',(-10.1274575140626,3.,12.0223587092621));
#1830=CARTESIAN_POINT('Ctrl Pts',(-9.98069684644535,1.04418368332388E-16,
12.0700441408032));
#1831=CARTESIAN_POINT('Ctrl Pts',(-9.98069684644535,3.,12.0700441408032));
#1832=CARTESIAN_POINT('Ctrl Pts',(-9.92862497565503,1.3203495558312E-16,
12.2064007080857));
#1833=CARTESIAN_POINT('Ctrl Pts',(-9.92862497565503,3.,12.2064007080857));
#1834=CARTESIAN_POINT('Ctrl Pts',(-9.89049573921237,1.40355492238556E-16,
12.2576552087347));
#1835=CARTESIAN_POINT('Ctrl Pts',(-9.89049573921237,3.,12.2576552087347));
#1836=CARTESIAN_POINT('Ctrl Pts',(-9.87494327965301,1.43749339635434E-16,
12.2785613065995));
#1837=CARTESIAN_POINT('Ctrl Pts',(-9.87494327965301,3.,12.2785613065995));
#1838=CARTESIAN_POINT('Ctrl Pts',(-9.86069224503702,1.4548001920207E-16,
12.2920870925698));
#1839=CARTESIAN_POINT('Ctrl Pts',(-9.86069224503702,3.,12.2920870925698));
#1840=CARTESIAN_POINT('Ctrl Pts',(-9.83312232561208,1.45859807036134E-16,
12.3061346681573));
#1841=CARTESIAN_POINT('Ctrl Pts',(-9.83312232561208,3.,12.3061346681573));
#1842=CARTESIAN_POINT('',(-10.1274575140626,3.,12.0223587092621));
#1843=CARTESIAN_POINT('Ctrl Pts',(-10.1274575140626,3.,12.0223587092621));
#1844=CARTESIAN_POINT('Ctrl Pts',(-9.98069684644535,3.,12.0700441408032));
#1845=CARTESIAN_POINT('Ctrl Pts',(-9.92862497565503,3.,12.2064007080857));
#1846=CARTESIAN_POINT('Ctrl Pts',(-9.89049573921237,3.,12.2576552087347));
#1847=CARTESIAN_POINT('Ctrl Pts',(-9.87494327965301,3.,12.2785613065995));
#1848=CARTESIAN_POINT('Ctrl Pts',(-9.86069224503702,3.,12.2920870925698));
#1849=CARTESIAN_POINT('Ctrl Pts',(-9.83312232561208,3.,12.3061346681573));
#1850=CARTESIAN_POINT('',(-10.1274575140626,1.09032513470633E-16,12.0223587092621));
#1851=CARTESIAN_POINT('Ctrl Pts',(-10.5323790071555,1.67844387747506E-16,
12.0789323996014));
#1852=CARTESIAN_POINT('Ctrl Pts',(-10.5323790071555,3.,12.0789323996014));
#1853=CARTESIAN_POINT('Ctrl Pts',(-10.4565061776101,1.62364146222571E-16,
12.0909494752448));
#1854=CARTESIAN_POINT('Ctrl Pts',(-10.4565061776101,3.,12.0909494752448));
#1855=CARTESIAN_POINT('Ctrl Pts',(-10.4236179187723,1.46451953876148E-16,
12.040890707395));
#1856=CARTESIAN_POINT('Ctrl Pts',(-10.4236179187723,3.,12.040890707395));
#1857=CARTESIAN_POINT('Ctrl Pts',(-10.2960787580422,1.25411480137923E-16,
12.0127977807057));
#1858=CARTESIAN_POINT('Ctrl Pts',(-10.2960787580422,3.,12.0127977807057));
#1859=CARTESIAN_POINT('Ctrl Pts',(-10.2462974128986,1.17198919547504E-16,
12.0018324923063));
#1860=CARTESIAN_POINT('Ctrl Pts',(-10.2462974128986,3.,12.0018324923063));
#1861=CARTESIAN_POINT('Ctrl Pts',(-10.1854651898167,1.10856270744341E-16,
12.0035108728769));
#1862=CARTESIAN_POINT('Ctrl Pts',(-10.1854651898167,3.,12.0035108728769));
#1863=CARTESIAN_POINT('Ctrl Pts',(-10.1274575140626,1.09032513470633E-16,
12.0223587092621));
#1864=CARTESIAN_POINT('Ctrl Pts',(-10.1274575140626,3.,12.0223587092621));
#1865=CARTESIAN_POINT('',(-10.5323790071555,3.,12.0789323996014));
#1866=CARTESIAN_POINT('Ctrl Pts',(-10.5323790071555,3.,12.0789323996014));
#1867=CARTESIAN_POINT('Ctrl Pts',(-10.4565061776101,3.,12.0909494752448));
#1868=CARTESIAN_POINT('Ctrl Pts',(-10.4236179187723,3.,12.040890707395));
#1869=CARTESIAN_POINT('Ctrl Pts',(-10.2960787580422,3.,12.0127977807057));
#1870=CARTESIAN_POINT('Ctrl Pts',(-10.2462974128986,3.,12.0018324923063));
#1871=CARTESIAN_POINT('Ctrl Pts',(-10.1854651898167,3.,12.0035108728769));
#1872=CARTESIAN_POINT('Ctrl Pts',(-10.1274575140626,3.,12.0223587092621));
#1873=CARTESIAN_POINT('',(-10.5323790071555,1.67844387747506E-16,12.0789323996014));
#1874=CARTESIAN_POINT('Ctrl Pts',(-10.9,1.64832718732694E-16,11.9));
#1875=CARTESIAN_POINT('Ctrl Pts',(-10.9,3.,11.9));
#1876=CARTESIAN_POINT('Ctrl Pts',(-10.7456867019965,1.47700501087759E-16,
11.9));
#1877=CARTESIAN_POINT('Ctrl Pts',(-10.7456867019965,3.,11.9));
#1878=CARTESIAN_POINT('Ctrl Pts',(-10.6540269133807,1.65346164469981E-16,
12.0135917088505));
#1879=CARTESIAN_POINT('Ctrl Pts',(-10.6540269133807,3.,12.0135917088505));
#1880=CARTESIAN_POINT('Ctrl Pts',(-10.6019253428619,1.68615136701264E-16,
12.0505550536389));
#1881=CARTESIAN_POINT('Ctrl Pts',(-10.6019253428619,3.,12.0505550536389));
#1882=CARTESIAN_POINT('Ctrl Pts',(-10.5806737353272,1.69948511380934E-16,
12.0656319599353));
#1883=CARTESIAN_POINT('Ctrl Pts',(-10.5806737353272,3.,12.0656319599353));
#1884=CARTESIAN_POINT('Ctrl Pts',(-10.5629404982646,1.7005182292086E-16,
12.0740919349366));
#1885=CARTESIAN_POINT('Ctrl Pts',(-10.5629404982646,3.,12.0740919349366));
#1886=CARTESIAN_POINT('Ctrl Pts',(-10.5323790071555,1.67844387747506E-16,
12.0789323996014));
#1887=CARTESIAN_POINT('Ctrl Pts',(-10.5323790071555,3.,12.0789323996014));
#1888=CARTESIAN_POINT('',(-10.9,3.,11.9));
#1889=CARTESIAN_POINT('Ctrl Pts',(-10.9,3.,11.9));
#1890=CARTESIAN_POINT('Ctrl Pts',(-10.7456867019965,3.,11.9));
#1891=CARTESIAN_POINT('Ctrl Pts',(-10.6540269133807,3.,12.0135917088505));
#1892=CARTESIAN_POINT('Ctrl Pts',(-10.6019253428619,3.,12.0505550536389));
#1893=CARTESIAN_POINT('Ctrl Pts',(-10.5806737353272,3.,12.0656319599353));
#1894=CARTESIAN_POINT('Ctrl Pts',(-10.5629404982646,3.,12.0740919349366));
#1895=CARTESIAN_POINT('Ctrl Pts',(-10.5323790071555,3.,12.0789323996014));
#1896=CARTESIAN_POINT('',(-10.9,1.64832718732694E-16,11.9));
#1897=CARTESIAN_POINT('Ctrl Pts',(-11.2676209928446,2.49472645865821E-16,
12.0789323996014));
#1898=CARTESIAN_POINT('Ctrl Pts',(-11.2676209928446,3.,12.0789323996014));
#1899=CARTESIAN_POINT('Ctrl Pts',(-11.1917481632992,2.38105734929808E-16,
12.066915323958));
#1900=CARTESIAN_POINT('Ctrl Pts',(-11.1917481632992,3.,12.066915323958));
#1901=CARTESIAN_POINT('Ctrl Pts',(-11.175938580405,2.22200521034482E-16,
12.0091435757006));
#1902=CARTESIAN_POINT('Ctrl Pts',(-11.175938580405,3.,12.0091435757006));
#1903=CARTESIAN_POINT('Ctrl Pts',(-11.0633228222786,1.93500548270384E-16,
11.943013846597));
#1904=CARTESIAN_POINT('Ctrl Pts',(-11.0633228222786,3.,11.943013846597));
#1905=CARTESIAN_POINT('Ctrl Pts',(-11.0193664100534,1.82298316409959E-16,
11.9172019559595));
#1906=CARTESIAN_POINT('Ctrl Pts',(-11.0193664100534,3.,11.9172019559595));
#1907=CARTESIAN_POINT('Ctrl Pts',(-10.9609928797712,1.71604288678715E-16,
11.9));
#1908=CARTESIAN_POINT('Ctrl Pts',(-10.9609928797712,3.,11.9));
#1909=CARTESIAN_POINT('Ctrl Pts',(-10.9,1.64832718732694E-16,11.9));
#1910=CARTESIAN_POINT('Ctrl Pts',(-10.9,3.,11.9));
#1911=CARTESIAN_POINT('',(-11.2676209928446,3.,12.0789323996014));
#1912=CARTESIAN_POINT('Ctrl Pts',(-11.2676209928446,3.,12.0789323996014));
#1913=CARTESIAN_POINT('Ctrl Pts',(-11.1917481632992,3.,12.066915323958));
#1914=CARTESIAN_POINT('Ctrl Pts',(-11.175938580405,3.,12.0091435757006));
#1915=CARTESIAN_POINT('Ctrl Pts',(-11.0633228222786,3.,11.943013846597));
#1916=CARTESIAN_POINT('Ctrl Pts',(-11.0193664100534,3.,11.9172019559595));
#1917=CARTESIAN_POINT('Ctrl Pts',(-10.9609928797712,3.,11.9));
#1918=CARTESIAN_POINT('Ctrl Pts',(-10.9,3.,11.9));
#1919=CARTESIAN_POINT('',(-11.2676209928446,2.49472645865821E-16,12.0789323996014));
#1920=CARTESIAN_POINT('Ctrl Pts',(-11.6725424859374,2.80571404548399E-16,
12.0223587092621));
#1921=CARTESIAN_POINT('Ctrl Pts',(-11.6725424859374,3.,12.0223587092621));
#1922=CARTESIAN_POINT('Ctrl Pts',(-11.5257818183201,2.52598135227028E-16,
11.974673277721));
#1923=CARTESIAN_POINT('Ctrl Pts',(-11.5257818183201,3.,11.974673277721));
#1924=CARTESIAN_POINT('Ctrl Pts',(-11.4035064106198,2.58545594264325E-16,
12.0543809802373));
#1925=CARTESIAN_POINT('Ctrl Pts',(-11.4035064106198,3.,12.0543809802373));
#1926=CARTESIAN_POINT('Ctrl Pts',(-11.3425325707602,2.56443012293199E-16,
12.0734349394383));
#1927=CARTESIAN_POINT('Ctrl Pts',(-11.3425325707602,3.,12.0734349394383));
#1928=CARTESIAN_POINT('Ctrl Pts',(-11.3176620706646,2.55585394251848E-16,
12.0812068215311));
#1929=CARTESIAN_POINT('Ctrl Pts',(-11.3176620706646,3.,12.0812068215311));
#1930=CARTESIAN_POINT('Ctrl Pts',(-11.2981824839537,2.54051224911719E-16,
12.0837728642662));
#1931=CARTESIAN_POINT('Ctrl Pts',(-11.2981824839537,3.,12.0837728642662));
#1932=CARTESIAN_POINT('Ctrl Pts',(-11.2676209928446,2.49472645865822E-16,
12.0789323996014));
#1933=CARTESIAN_POINT('Ctrl Pts',(-11.2676209928446,3.,12.0789323996014));
#1934=CARTESIAN_POINT('',(-11.6725424859374,3.,12.0223587092621));
#1935=CARTESIAN_POINT('Ctrl Pts',(-11.6725424859374,3.,12.0223587092621));
#1936=CARTESIAN_POINT('Ctrl Pts',(-11.5257818183201,3.,11.974673277721));
#1937=CARTESIAN_POINT('Ctrl Pts',(-11.4035064106198,3.,12.0543809802373));
#1938=CARTESIAN_POINT('Ctrl Pts',(-11.3425325707602,3.,12.0734349394383));
#1939=CARTESIAN_POINT('Ctrl Pts',(-11.3176620706646,3.,12.0812068215311));
#1940=CARTESIAN_POINT('Ctrl Pts',(-11.2981824839537,3.,12.0837728642662));
#1941=CARTESIAN_POINT('Ctrl Pts',(-11.2676209928446,3.,12.0789323996014));
#1942=CARTESIAN_POINT('',(-11.6725424859374,2.80571404548398E-16,12.0223587092621));
#1943=CARTESIAN_POINT('Ctrl Pts',(-11.9668776743879,3.82754238748941E-16,
12.3061346681573));
#1944=CARTESIAN_POINT('Ctrl Pts',(-11.9668776743879,3.,12.3061346681573));
#1945=CARTESIAN_POINT('Ctrl Pts',(-11.8984318060355,3.66613330842187E-16,
12.271259756319));
#1946=CARTESIAN_POINT('Ctrl Pts',(-11.8984318060355,3.,12.271259756319));
#1947=CARTESIAN_POINT('Ctrl Pts',(-11.9012484512105,3.52272008552164E-16,
12.2114301288927));
#1948=CARTESIAN_POINT('Ctrl Pts',(-11.9012484512105,3.,12.2114301288927));
#1949=CARTESIAN_POINT('Ctrl Pts',(-11.8145797107331,3.18721890060751E-16,
12.1137368360123));
#1950=CARTESIAN_POINT('Ctrl Pts',(-11.8145797107331,3.,12.1137368360123));
#1951=CARTESIAN_POINT('Ctrl Pts',(-11.7807509913173,3.05626539435369E-16,
12.0756049908343));
#1952=CARTESIAN_POINT('Ctrl Pts',(-11.7807509913173,3.,12.0756049908343));
#1953=CARTESIAN_POINT('Ctrl Pts',(-11.7305501616913,2.91627938720097E-16,
12.0412065456473));
#1954=CARTESIAN_POINT('Ctrl Pts',(-11.7305501616913,3.,12.0412065456473));
#1955=CARTESIAN_POINT('Ctrl Pts',(-11.6725424859374,2.805714045484E-16,
12.0223587092621));
#1956=CARTESIAN_POINT('Ctrl Pts',(-11.6725424859374,3.,12.0223587092621));
#1957=CARTESIAN_POINT('',(-11.9668776743879,3.,12.3061346681573));
#1958=CARTESIAN_POINT('Ctrl Pts',(-11.9668776743879,3.,12.3061346681573));
#1959=CARTESIAN_POINT('Ctrl Pts',(-11.8984318060355,3.,12.271259756319));
#1960=CARTESIAN_POINT('Ctrl Pts',(-11.9012484512105,3.,12.2114301288927));
#1961=CARTESIAN_POINT('Ctrl Pts',(-11.8145797107331,3.,12.1137368360123));
#1962=CARTESIAN_POINT('Ctrl Pts',(-11.7807509913173,3.,12.0756049908343));
#1963=CARTESIAN_POINT('Ctrl Pts',(-11.7305501616913,3.,12.0412065456473));
#1964=CARTESIAN_POINT('Ctrl Pts',(-11.6725424859374,3.,12.0223587092621));
#1965=CARTESIAN_POINT('',(-11.9668776743879,3.82754238748941E-16,12.3061346681573));
#1966=CARTESIAN_POINT('Ctrl Pts',(-12.3694631307312,4.44919261951263E-16,
12.3774575140626));
#1967=CARTESIAN_POINT('Ctrl Pts',(-12.3694631307312,3.,12.3774575140626));
#1968=CARTESIAN_POINT('Ctrl Pts',(-12.2446210501884,4.08843159455925E-16,
12.2867544332637));
#1969=CARTESIAN_POINT('Ctrl Pts',(-12.2446210501884,3.,12.2867544332637));
#1970=CARTESIAN_POINT('Ctrl Pts',(-12.1036991922523,4.02510235419275E-16,
12.324775784167));
#1971=CARTESIAN_POINT('Ctrl Pts',(-12.1036991922523,3.,12.324775784167));
#1972=CARTESIAN_POINT('Ctrl Pts',(-12.0398216273271,3.95241914618655E-16,
12.3240552234976));
#1973=CARTESIAN_POINT('Ctrl Pts',(-12.0398216273271,3.,12.3240552234976));
#1974=CARTESIAN_POINT('Ctrl Pts',(-12.0137667325026,3.92277253485548E-16,
12.3237613154176));
#1975=CARTESIAN_POINT('Ctrl Pts',(-12.0137667325026,3.,12.3237613154176));
#1976=CARTESIAN_POINT('Ctrl Pts',(-11.994447593813,3.89255778449553E-16,
12.3201822437449));
#1977=CARTESIAN_POINT('Ctrl Pts',(-11.994447593813,3.,12.3201822437449));
#1978=CARTESIAN_POINT('Ctrl Pts',(-11.9668776743879,3.8275423874894E-16,
12.3061346681573));
#1979=CARTESIAN_POINT('Ctrl Pts',(-11.9668776743879,3.,12.3061346681573));
#1980=CARTESIAN_POINT('',(-12.3694631307312,3.,12.3774575140626));
#1981=CARTESIAN_POINT('Ctrl Pts',(-12.3694631307312,3.,12.3774575140626));
#1982=CARTESIAN_POINT('Ctrl Pts',(-12.2446210501884,3.,12.2867544332637));
#1983=CARTESIAN_POINT('Ctrl Pts',(-12.1036991922523,3.,12.324775784167));
#1984=CARTESIAN_POINT('Ctrl Pts',(-12.0398216273271,3.,12.3240552234976));
#1985=CARTESIAN_POINT('Ctrl Pts',(-12.0137667325026,3.,12.3237613154176));
#1986=CARTESIAN_POINT('Ctrl Pts',(-11.994447593813,3.,12.3201822437449));
#1987=CARTESIAN_POINT('Ctrl Pts',(-11.9668776743879,3.,12.3061346681573));
#1988=CARTESIAN_POINT('',(-12.3694631307312,4.44919261951263E-16,12.3774575140626));
#1989=CARTESIAN_POINT('Ctrl Pts',(-12.5617009357884,5.54642635458001E-16,
12.7382990642116));
#1990=CARTESIAN_POINT('Ctrl Pts',(-12.5617009357884,3.,12.7382990642116));
#1991=CARTESIAN_POINT('Ctrl Pts',(-12.5073819871137,5.35307715106739E-16,
12.6839801155369));
#1992=CARTESIAN_POINT('Ctrl Pts',(-12.5073819871137,3.,12.6839801155369));
#1993=CARTESIAN_POINT('Ctrl Pts',(-12.5285491475033,5.23934112969636E-16,
12.6279491497317));
#1994=CARTESIAN_POINT('Ctrl Pts',(-12.5285491475033,3.,12.6279491497317));
#1995=CARTESIAN_POINT('Ctrl Pts',(-12.4763111648496,4.88817968106297E-16,
12.5082551932509));
#1996=CARTESIAN_POINT('Ctrl Pts',(-12.4763111648496,3.,12.5082551932509));
#1997=CARTESIAN_POINT('Ctrl Pts',(-12.4559215289982,4.75111362875838E-16,
12.4615360042186));
#1998=CARTESIAN_POINT('Ctrl Pts',(-12.4559215289982,3.,12.4615360042186));
#1999=CARTESIAN_POINT('Ctrl Pts',(-12.4188074070019,4.59178469748518E-16,
12.4133082292869));
#2000=CARTESIAN_POINT('Ctrl Pts',(-12.4188074070019,3.,12.4133082292869));
#2001=CARTESIAN_POINT('Ctrl Pts',(-12.3694631307312,4.44919261951262E-16,
12.3774575140626));
#2002=CARTESIAN_POINT('Ctrl Pts',(-12.3694631307312,3.,12.3774575140626));
#2003=CARTESIAN_POINT('',(-12.5617009357884,3.,12.7382990642116));
#2004=CARTESIAN_POINT('Ctrl Pts',(-12.5617009357884,3.,12.7382990642116));
#2005=CARTESIAN_POINT('Ctrl Pts',(-12.5073819871137,3.,12.6839801155369));
#2006=CARTESIAN_POINT('Ctrl Pts',(-12.5285491475033,3.,12.6279491497317));
#2007=CARTESIAN_POINT('Ctrl Pts',(-12.4763111648496,3.,12.5082551932509));
#2008=CARTESIAN_POINT('Ctrl Pts',(-12.4559215289982,3.,12.4615360042186));
#2009=CARTESIAN_POINT('Ctrl Pts',(-12.4188074070019,3.,12.4133082292869));
#2010=CARTESIAN_POINT('Ctrl Pts',(-12.3694631307312,3.,12.3774575140626));
#2011=CARTESIAN_POINT('',(-12.5617009357884,5.54642635458002E-16,12.7382990642116));
#2012=CARTESIAN_POINT('Ctrl Pts',(-12.9225424859374,6.41788777579843E-16,
12.9305368692688));
#2013=CARTESIAN_POINT('Ctrl Pts',(-12.9225424859374,3.,12.9305368692688));
#2014=CARTESIAN_POINT('Ctrl Pts',(-12.8318394051382,6.01141222179605E-16,
12.8056947887257));
#2015=CARTESIAN_POINT('Ctrl Pts',(-12.8318394051382,3.,12.8056947887257));
#2016=CARTESIAN_POINT('Ctrl Pts',(-12.6860655102811,5.83147825797908E-16,
12.7983079932799));
#2017=CARTESIAN_POINT('Ctrl Pts',(-12.6860655102811,3.,12.7983079932799));
#2018=CARTESIAN_POINT('Ctrl Pts',(-12.6255370014063,5.7142524004907E-16,
12.7778834462385));
#2019=CARTESIAN_POINT('Ctrl Pts',(-12.6255370014063,3.,12.7778834462385));
#2020=CARTESIAN_POINT('Ctrl Pts',(-12.6008481464937,5.66643737511947E-16,
12.7695525177565));
#2021=CARTESIAN_POINT('Ctrl Pts',(-12.6008481464937,3.,12.7695525177565));
#2022=CARTESIAN_POINT('Ctrl Pts',(-12.5835805477248,5.62430719808482E-16,
12.7601786761481));
#2023=CARTESIAN_POINT('Ctrl Pts',(-12.5835805477248,3.,12.7601786761481));
#2024=CARTESIAN_POINT('Ctrl Pts',(-12.5617009357884,5.54642635458001E-16,
12.7382990642116));
#2025=CARTESIAN_POINT('Ctrl Pts',(-12.5617009357884,3.,12.7382990642116));
#2026=CARTESIAN_POINT('',(-12.9225424859374,3.,12.9305368692688));
#2027=CARTESIAN_POINT('Ctrl Pts',(-12.9225424859374,3.,12.9305368692688));
#2028=CARTESIAN_POINT('Ctrl Pts',(-12.8318394051382,3.,12.8056947887257));
#2029=CARTESIAN_POINT('Ctrl Pts',(-12.6860655102811,3.,12.7983079932799));
#2030=CARTESIAN_POINT('Ctrl Pts',(-12.6255370014063,3.,12.7778834462385));
#2031=CARTESIAN_POINT('Ctrl Pts',(-12.6008481464937,3.,12.7695525177565));
#2032=CARTESIAN_POINT('Ctrl Pts',(-12.5835805477248,3.,12.7601786761481));
#2033=CARTESIAN_POINT('Ctrl Pts',(-12.5617009357884,3.,12.7382990642116));
#2034=CARTESIAN_POINT('',(-12.9225424859374,6.41788777579843E-16,12.9305368692688));
#2035=CARTESIAN_POINT('Ctrl Pts',(-12.9938653318427,7.48312202106241E-16,
13.3331223256121));
#2036=CARTESIAN_POINT('Ctrl Pts',(-12.9938653318427,3.,13.3331223256121));
#2037=CARTESIAN_POINT('Ctrl Pts',(-12.9589904200044,7.27675906028785E-16,
13.2646764572597));
#2038=CARTESIAN_POINT('Ctrl Pts',(-12.9589904200044,3.,13.2646764572597));
#2039=CARTESIAN_POINT('Ctrl Pts',(-12.9964361064693,7.20383351466363E-16,
13.2179288543995));
#2040=CARTESIAN_POINT('Ctrl Pts',(-12.9964361064693,3.,13.2179288543995));
#2041=CARTESIAN_POINT('Ctrl Pts',(-12.9837422993451,6.87138593158925E-16,
13.0879507127355));
#2042=CARTESIAN_POINT('Ctrl Pts',(-12.9837422993451,3.,13.0879507127355));
#2043=CARTESIAN_POINT('Ctrl Pts',(-12.9787876266782,6.74162431342855E-16,
13.0372173795831));
#2044=CARTESIAN_POINT('Ctrl Pts',(-12.9787876266782,3.,13.0372173795831));
#2045=CARTESIAN_POINT('Ctrl Pts',(-12.9583932011618,6.5785486839375E-16,
12.9798811455396));
#2046=CARTESIAN_POINT('Ctrl Pts',(-12.9583932011618,3.,12.9798811455396));
#2047=CARTESIAN_POINT('Ctrl Pts',(-12.9225424859374,6.41788777579841E-16,
12.9305368692688));
#2048=CARTESIAN_POINT('Ctrl Pts',(-12.9225424859374,3.,12.9305368692688));
#2049=CARTESIAN_POINT('',(-12.9938653318427,3.,13.3331223256121));
#2050=CARTESIAN_POINT('Ctrl Pts',(-12.9938653318427,3.,13.3331223256121));
#2051=CARTESIAN_POINT('Ctrl Pts',(-12.9589904200044,3.,13.2646764572597));
#2052=CARTESIAN_POINT('Ctrl Pts',(-12.9964361064693,3.,13.2179288543995));
#2053=CARTESIAN_POINT('Ctrl Pts',(-12.9837422993451,3.,13.0879507127355));
#2054=CARTESIAN_POINT('Ctrl Pts',(-12.9787876266782,3.,13.0372173795831));
#2055=CARTESIAN_POINT('Ctrl Pts',(-12.9583932011618,3.,12.9798811455396));
#2056=CARTESIAN_POINT('Ctrl Pts',(-12.9225424859374,3.,12.9305368692688));
#2057=CARTESIAN_POINT('',(-12.9938653318427,7.48312202106241E-16,13.3331223256121));
#2058=CARTESIAN_POINT('Ctrl Pts',(-13.2776412907379,8.51908991573839E-16,
13.6274575140626));
#2059=CARTESIAN_POINT('Ctrl Pts',(-13.2776412907379,3.,13.6274575140626));
#2060=CARTESIAN_POINT('Ctrl Pts',(-13.2299558591967,8.10668849199568E-16,
13.4806968464452));
#2061=CARTESIAN_POINT('Ctrl Pts',(-13.2299558591967,3.,13.4806968464452));
#2062=CARTESIAN_POINT('Ctrl Pts',(-13.093599291914,7.82776299477966E-16,
13.4286249756549));
#2063=CARTESIAN_POINT('Ctrl Pts',(-13.093599291914,3.,13.4286249756549));
#2064=CARTESIAN_POINT('Ctrl Pts',(-13.0423447912651,7.67746937150083E-16,
13.3904957392123));
#2065=CARTESIAN_POINT('Ctrl Pts',(-13.0423447912651,3.,13.3904957392123));
#2066=CARTESIAN_POINT('Ctrl Pts',(-13.0214386934005,7.61616639991939E-16,
13.3749432796529));
#2067=CARTESIAN_POINT('Ctrl Pts',(-13.0214386934005,3.,13.3749432796529));
#2068=CARTESIAN_POINT('Ctrl Pts',(-13.0079129074302,7.56624479147629E-16,
13.3606922450369));
#2069=CARTESIAN_POINT('Ctrl Pts',(-13.0079129074302,3.,13.3606922450369));
#2070=CARTESIAN_POINT('Ctrl Pts',(-12.9938653318427,7.48312202106242E-16,
13.3331223256121));
#2071=CARTESIAN_POINT('Ctrl Pts',(-12.9938653318427,3.,13.3331223256121));
#2072=CARTESIAN_POINT('',(-13.2776412907379,3.,13.6274575140626));
#2073=CARTESIAN_POINT('Ctrl Pts',(-13.2776412907379,3.,13.6274575140626));
#2074=CARTESIAN_POINT('Ctrl Pts',(-13.2299558591967,3.,13.4806968464452));
#2075=CARTESIAN_POINT('Ctrl Pts',(-13.093599291914,3.,13.4286249756549));
#2076=CARTESIAN_POINT('Ctrl Pts',(-13.0423447912651,3.,13.3904957392123));
#2077=CARTESIAN_POINT('Ctrl Pts',(-13.0214386934005,3.,13.3749432796529));
#2078=CARTESIAN_POINT('Ctrl Pts',(-13.0079129074302,3.,13.3606922450369));
#2079=CARTESIAN_POINT('Ctrl Pts',(-12.9938653318427,3.,13.3331223256121));
#2080=CARTESIAN_POINT('',(-13.2776412907379,8.5190899157384E-16,13.6274575140626));
#2081=CARTESIAN_POINT('Ctrl Pts',(-13.2210676003986,9.44805212134913E-16,
14.0323790071555));
#2082=CARTESIAN_POINT('Ctrl Pts',(-13.2210676003986,3.,14.0323790071555));
#2083=CARTESIAN_POINT('Ctrl Pts',(-13.2090505247552,9.24887564772831E-16,
13.9565061776101));
#2084=CARTESIAN_POINT('Ctrl Pts',(-13.2090505247552,3.,13.9565061776101));
#2085=CARTESIAN_POINT('Ctrl Pts',(-13.259109292605,9.22389903835786E-16,
13.9236179187722));
#2086=CARTESIAN_POINT('Ctrl Pts',(-13.259109292605,3.,13.9236179187722));
#2087=CARTESIAN_POINT('Ctrl Pts',(-13.2872022192943,8.94270760657238E-16,
13.7960787580421));
#2088=CARTESIAN_POINT('Ctrl Pts',(-13.2872022192943,3.,13.7960787580421));
#2089=CARTESIAN_POINT('Ctrl Pts',(-13.2981675076936,8.83295239384401E-16,
13.7462974128986));
#2090=CARTESIAN_POINT('Ctrl Pts',(-13.2981675076936,3.,13.7462974128986));
#2091=CARTESIAN_POINT('Ctrl Pts',(-13.2964891271231,8.68209304496454E-16,
13.6854651898166));
#2092=CARTESIAN_POINT('Ctrl Pts',(-13.2964891271231,3.,13.6854651898166));
#2093=CARTESIAN_POINT('Ctrl Pts',(-13.2776412907379,8.51908991573836E-16,
13.6274575140626));
#2094=CARTESIAN_POINT('Ctrl Pts',(-13.2776412907379,3.,13.6274575140626));
#2095=CARTESIAN_POINT('',(-13.2210676003986,3.,14.0323790071555));
#2096=CARTESIAN_POINT('Ctrl Pts',(-13.2210676003986,3.,14.0323790071555));
#2097=CARTESIAN_POINT('Ctrl Pts',(-13.2090505247552,3.,13.9565061776101));
#2098=CARTESIAN_POINT('Ctrl Pts',(-13.259109292605,3.,13.9236179187722));
#2099=CARTESIAN_POINT('Ctrl Pts',(-13.2872022192943,3.,13.7960787580421));
#2100=CARTESIAN_POINT('Ctrl Pts',(-13.2981675076936,3.,13.7462974128986));
#2101=CARTESIAN_POINT('Ctrl Pts',(-13.2964891271231,3.,13.6854651898166));
#2102=CARTESIAN_POINT('Ctrl Pts',(-13.2776412907379,3.,13.6274575140626));
#2103=CARTESIAN_POINT('',(-13.2210676003986,9.44805212134912E-16,14.0323790071555));
#2104=CARTESIAN_POINT('Ctrl Pts',(-13.4,1.0547118733939E-15,14.4));
#2105=CARTESIAN_POINT('Ctrl Pts',(-13.4,3.,14.4));
#2106=CARTESIAN_POINT('Ctrl Pts',(-13.4,1.01691601651817E-15,14.2456867019964));
#2107=CARTESIAN_POINT('Ctrl Pts',(-13.4,3.,14.2456867019964));
#2108=CARTESIAN_POINT('Ctrl Pts',(-13.2864082911492,9.81854630562164E-16,
14.1540269133804));
#2109=CARTESIAN_POINT('Ctrl Pts',(-13.2864082911492,3.,14.1540269133804));
#2110=CARTESIAN_POINT('Ctrl Pts',(-13.2494449463611,9.64989670355704E-16,
14.1019253428618));
#2111=CARTESIAN_POINT('Ctrl Pts',(-13.2494449463611,3.,14.1019253428618));
#2112=CARTESIAN_POINT('Ctrl Pts',(-13.2343680400648,9.58110654774697E-16,
14.0806737353273));
#2113=CARTESIAN_POINT('Ctrl Pts',(-13.2343680400648,3.,14.0806737353273));
#2114=CARTESIAN_POINT('Ctrl Pts',(-13.2259080650634,9.52828018275375E-16,
14.0629404982646));
#2115=CARTESIAN_POINT('Ctrl Pts',(-13.2259080650634,3.,14.0629404982646));
#2116=CARTESIAN_POINT('Ctrl Pts',(-13.2210676003986,9.44805212134912E-16,
14.0323790071555));
#2117=CARTESIAN_POINT('Ctrl Pts',(-13.2210676003986,3.,14.0323790071555));
#2118=CARTESIAN_POINT('',(-13.4,3.,14.4));
#2119=CARTESIAN_POINT('Ctrl Pts',(-13.4,3.,14.4));
#2120=CARTESIAN_POINT('Ctrl Pts',(-13.4,3.,14.2456867019964));
#2121=CARTESIAN_POINT('Ctrl Pts',(-13.2864082911492,3.,14.1540269133804));
#2122=CARTESIAN_POINT('Ctrl Pts',(-13.2494449463611,3.,14.1019253428618));
#2123=CARTESIAN_POINT('Ctrl Pts',(-13.2343680400648,3.,14.0806737353273));
#2124=CARTESIAN_POINT('Ctrl Pts',(-13.2259080650634,3.,14.0629404982646));
#2125=CARTESIAN_POINT('Ctrl Pts',(-13.2210676003986,3.,14.0323790071555));
#2126=CARTESIAN_POINT('',(-13.4,1.0547118733939E-15,14.4));
#2127=CARTESIAN_POINT('Ctrl Pts',(-13.2210676003986,1.12488756067511E-15,
14.7676209928445));
#2128=CARTESIAN_POINT('Ctrl Pts',(-13.2210676003986,3.,14.7676209928445));
#2129=CARTESIAN_POINT('Ctrl Pts',(-13.233084676042,1.1076382401266E-15,
14.6917481632991));
#2130=CARTESIAN_POINT('Ctrl Pts',(-13.233084676042,3.,14.6917481632991));
#2131=CARTESIAN_POINT('Ctrl Pts',(-13.2908564242997,1.11017996126975E-15,
14.6759385804048));
#2132=CARTESIAN_POINT('Ctrl Pts',(-13.2908564242997,3.,14.6759385804048));
#2133=CARTESIAN_POINT('Ctrl Pts',(-13.3569861534033,1.08993893087192E-15,
14.5633228222782));
#2134=CARTESIAN_POINT('Ctrl Pts',(-13.3569861534033,3.,14.5633228222782));
#2135=CARTESIAN_POINT('Ctrl Pts',(-13.3827980440406,1.08203841063543E-15,
14.5193664100532));
#2136=CARTESIAN_POINT('Ctrl Pts',(-13.3827980440406,3.,14.5193664100532));
#2137=CARTESIAN_POINT('Ctrl Pts',(-13.4,1.06965082022539E-15,14.4609928797711));
#2138=CARTESIAN_POINT('Ctrl Pts',(-13.4,3.,14.4609928797711));
#2139=CARTESIAN_POINT('Ctrl Pts',(-13.4,1.0547118733939E-15,14.4));
#2140=CARTESIAN_POINT('Ctrl Pts',(-13.4,3.,14.4));
#2141=CARTESIAN_POINT('',(-13.2210676003986,3.,14.7676209928445));
#2142=CARTESIAN_POINT('Ctrl Pts',(-13.2210676003986,3.,14.7676209928445));
#2143=CARTESIAN_POINT('Ctrl Pts',(-13.233084676042,3.,14.6917481632991));
#2144=CARTESIAN_POINT('Ctrl Pts',(-13.2908564242997,3.,14.6759385804048));
#2145=CARTESIAN_POINT('Ctrl Pts',(-13.3569861534033,3.,14.5633228222782));
#2146=CARTESIAN_POINT('Ctrl Pts',(-13.3827980440406,3.,14.5193664100532));
#2147=CARTESIAN_POINT('Ctrl Pts',(-13.4,3.,14.4609928797711));
#2148=CARTESIAN_POINT('Ctrl Pts',(-13.4,3.,14.4));
#2149=CARTESIAN_POINT('',(-13.2210676003986,1.12488756067511E-15,14.7676209928445));
#2150=CARTESIAN_POINT('Ctrl Pts',(-13.2776412907379,1.23034566395673E-15,
15.1725424859374));
#2151=CARTESIAN_POINT('Ctrl Pts',(-13.2776412907379,3.,15.1725424859374));
#2152=CARTESIAN_POINT('Ctrl Pts',(-13.325326722279,1.19969381438974E-15,
15.0257818183201));
#2153=CARTESIAN_POINT('Ctrl Pts',(-13.325326722279,3.,15.0257818183201));
#2154=CARTESIAN_POINT('Ctrl Pts',(-13.2456190197627,1.16089564494386E-15,
14.9035064106199));
#2155=CARTESIAN_POINT('Ctrl Pts',(-13.2456190197627,3.,14.9035064106199));
#2156=CARTESIAN_POINT('Ctrl Pts',(-13.2265650605617,1.14384594666881E-15,
14.8425325707603));
#2157=CARTESIAN_POINT('Ctrl Pts',(-13.2265650605617,3.,14.8425325707603));
#2158=CARTESIAN_POINT('Ctrl Pts',(-13.2187931784689,1.13689157863888E-15,
14.8176620706646));
#2159=CARTESIAN_POINT('Ctrl Pts',(-13.2187931784689,3.,14.8176620706646));
#2160=CARTESIAN_POINT('Ctrl Pts',(-13.2162271357338,1.13183556775144E-15,
14.7981824839537));
#2161=CARTESIAN_POINT('Ctrl Pts',(-13.2162271357338,3.,14.7981824839537));
#2162=CARTESIAN_POINT('Ctrl Pts',(-13.2210676003986,1.12488756067511E-15,
14.7676209928445));
#2163=CARTESIAN_POINT('Ctrl Pts',(-13.2210676003986,3.,14.7676209928445));
#2164=CARTESIAN_POINT('',(-13.2776412907379,3.,15.1725424859374));
#2165=CARTESIAN_POINT('Ctrl Pts',(-13.2776412907379,3.,15.1725424859374));
#2166=CARTESIAN_POINT('Ctrl Pts',(-13.325326722279,3.,15.0257818183201));
#2167=CARTESIAN_POINT('Ctrl Pts',(-13.2456190197627,3.,14.9035064106199));
#2168=CARTESIAN_POINT('Ctrl Pts',(-13.2265650605617,3.,14.8425325707603));
#2169=CARTESIAN_POINT('Ctrl Pts',(-13.2187931784689,3.,14.8176620706646));
#2170=CARTESIAN_POINT('Ctrl Pts',(-13.2162271357338,3.,14.7981824839537));
#2171=CARTESIAN_POINT('Ctrl Pts',(-13.2210676003986,3.,14.7676209928445));
#2172=CARTESIAN_POINT('',(-13.2776412907379,1.23034566395673E-15,15.1725424859374));
#2173=CARTESIAN_POINT('Ctrl Pts',(-12.9938653318427,1.27093153274421E-15,
15.4668776743879));
#2174=CARTESIAN_POINT('Ctrl Pts',(-12.9938653318427,3.,15.4668776743879));
#2175=CARTESIAN_POINT('Ctrl Pts',(-13.028740243681,1.25803902268767E-15,
15.3984318060355));
#2176=CARTESIAN_POINT('Ctrl Pts',(-13.028740243681,3.,15.3984318060355));
#2177=CARTESIAN_POINT('Ctrl Pts',(-13.0885698711073,1.26537132453636E-15,
15.4012484512106));
#2178=CARTESIAN_POINT('Ctrl Pts',(-13.0885698711073,3.,15.4012484512106));
#2179=CARTESIAN_POINT('Ctrl Pts',(-13.1862631639878,1.25498974000214E-15,
15.314579710733));
#2180=CARTESIAN_POINT('Ctrl Pts',(-13.1862631639878,3.,15.314579710733));
#2181=CARTESIAN_POINT('Ctrl Pts',(-13.2243950091658,1.25093757876887E-15,
15.2807509913171));
#2182=CARTESIAN_POINT('Ctrl Pts',(-13.2243950091658,3.,15.2807509913171));
#2183=CARTESIAN_POINT('Ctrl Pts',(-13.2587934543527,1.24246091649548E-15,
15.2305501616913));
#2184=CARTESIAN_POINT('Ctrl Pts',(-13.2587934543527,3.,15.2305501616913));
#2185=CARTESIAN_POINT('Ctrl Pts',(-13.2776412907379,1.23034566395673E-15,
15.1725424859374));
#2186=CARTESIAN_POINT('Ctrl Pts',(-13.2776412907379,3.,15.1725424859374));
#2187=CARTESIAN_POINT('',(-12.9938653318427,3.,15.4668776743879));
#2188=CARTESIAN_POINT('Ctrl Pts',(-12.9938653318427,3.,15.4668776743879));
#2189=CARTESIAN_POINT('Ctrl Pts',(-13.028740243681,3.,15.3984318060355));
#2190=CARTESIAN_POINT('Ctrl Pts',(-13.0885698711073,3.,15.4012484512106));
#2191=CARTESIAN_POINT('Ctrl Pts',(-13.1862631639878,3.,15.314579710733));
#2192=CARTESIAN_POINT('Ctrl Pts',(-13.2243950091658,3.,15.2807509913171));
#2193=CARTESIAN_POINT('Ctrl Pts',(-13.2587934543527,3.,15.2305501616913));
#2194=CARTESIAN_POINT('Ctrl Pts',(-13.2776412907379,3.,15.1725424859374));
#2195=CARTESIAN_POINT('',(-12.9938653318427,1.27093153274421E-15,15.4668776743879));
#2196=CARTESIAN_POINT('Ctrl Pts',(-12.9225424859374,1.36161810412944E-15,
15.8694631307312));
#2197=CARTESIAN_POINT('Ctrl Pts',(-12.9225424859374,3.,15.8694631307312));
#2198=CARTESIAN_POINT('Ctrl Pts',(-13.0132455667365,1.34111067847077E-15,
15.7446210501882));
#2199=CARTESIAN_POINT('Ctrl Pts',(-13.0132455667365,3.,15.7446210501882));
#2200=CARTESIAN_POINT('Ctrl Pts',(-12.9752242158329,1.30237356068306E-15,
15.6036991922521));
#2201=CARTESIAN_POINT('Ctrl Pts',(-12.9752242158329,3.,15.6036991922521));
#2202=CARTESIAN_POINT('Ctrl Pts',(-12.9759447765024,1.28680806759884E-15,
15.5398216273268));
#2203=CARTESIAN_POINT('Ctrl Pts',(-12.9759447765024,3.,15.5398216273268));
#2204=CARTESIAN_POINT('Ctrl Pts',(-12.9762386845824,1.28045908911673E-15,
15.5137667325024));
#2205=CARTESIAN_POINT('Ctrl Pts',(-12.9762386845824,3.,15.5137667325024));
#2206=CARTESIAN_POINT('Ctrl Pts',(-12.9798177562551,1.27612462141414E-15,
15.4944475938129));
#2207=CARTESIAN_POINT('Ctrl Pts',(-12.9798177562551,3.,15.4944475938129));
#2208=CARTESIAN_POINT('Ctrl Pts',(-12.9938653318427,1.27093153274421E-15,
15.4668776743879));
#2209=CARTESIAN_POINT('Ctrl Pts',(-12.9938653318427,3.,15.4668776743879));
#2210=CARTESIAN_POINT('',(-12.9225424859374,3.,15.8694631307312));
#2211=CARTESIAN_POINT('Ctrl Pts',(-12.9225424859374,3.,15.8694631307312));
#2212=CARTESIAN_POINT('Ctrl Pts',(-13.0132455667365,3.,15.7446210501882));
#2213=CARTESIAN_POINT('Ctrl Pts',(-12.9752242158329,3.,15.6036991922521));
#2214=CARTESIAN_POINT('Ctrl Pts',(-12.9759447765024,3.,15.5398216273268));
#2215=CARTESIAN_POINT('Ctrl Pts',(-12.9762386845824,3.,15.5137667325024));
#2216=CARTESIAN_POINT('Ctrl Pts',(-12.9798177562551,3.,15.4944475938129));
#2217=CARTESIAN_POINT('Ctrl Pts',(-12.9938653318427,3.,15.4668776743879));
#2218=CARTESIAN_POINT('',(-12.9225424859374,1.36161810412944E-15,15.8694631307312));
#2219=CARTESIAN_POINT('Ctrl Pts',(-12.5617009357884,1.36864132680792E-15,
16.0617009357884));
#2220=CARTESIAN_POINT('Ctrl Pts',(-12.5617009357884,3.,16.0617009357884));
#2221=CARTESIAN_POINT('Ctrl Pts',(-12.616019884463,1.36136763595508E-15,
16.0073819871137));
#2222=CARTESIAN_POINT('Ctrl Pts',(-12.616019884463,3.,16.0073819871137));
#2223=CARTESIAN_POINT('Ctrl Pts',(-12.6720508502684,1.37277278171706E-15,
16.0285491475031));
#2224=CARTESIAN_POINT('Ctrl Pts',(-12.6720508502684,3.,16.0285491475031));
#2225=CARTESIAN_POINT('Ctrl Pts',(-12.7917448067488,1.37326686487354E-15,
15.9763111648498));
#2226=CARTESIAN_POINT('Ctrl Pts',(-12.7917448067488,3.,15.9763111648498));
#2227=CARTESIAN_POINT('Ctrl Pts',(-12.838463995781,1.37345971641814E-15,
15.9559215289985));
#2228=CARTESIAN_POINT('Ctrl Pts',(-12.838463995781,3.,15.9559215289985));
#2229=CARTESIAN_POINT('Ctrl Pts',(-12.886691770713,1.36972373704507E-15,
15.918807407002));
#2230=CARTESIAN_POINT('Ctrl Pts',(-12.886691770713,3.,15.918807407002));
#2231=CARTESIAN_POINT('Ctrl Pts',(-12.9225424859374,1.36161810412944E-15,
15.8694631307312));
#2232=CARTESIAN_POINT('Ctrl Pts',(-12.9225424859374,3.,15.8694631307312));
#2233=CARTESIAN_POINT('',(-12.5617009357884,3.,16.0617009357884));
#2234=CARTESIAN_POINT('Ctrl Pts',(-12.5617009357884,3.,16.0617009357884));
#2235=CARTESIAN_POINT('Ctrl Pts',(-12.616019884463,3.,16.0073819871137));
#2236=CARTESIAN_POINT('Ctrl Pts',(-12.6720508502684,3.,16.0285491475031));
#2237=CARTESIAN_POINT('Ctrl Pts',(-12.7917448067488,3.,15.9763111648498));
#2238=CARTESIAN_POINT('Ctrl Pts',(-12.838463995781,3.,15.9559215289985));
#2239=CARTESIAN_POINT('Ctrl Pts',(-12.886691770713,3.,15.918807407002));
#2240=CARTESIAN_POINT('Ctrl Pts',(-12.9225424859374,3.,15.8694631307312));
#2241=CARTESIAN_POINT('',(-12.5617009357884,1.36864132680792E-15,16.0617009357884));
#2242=CARTESIAN_POINT('Ctrl Pts',(-12.3694631307312,1.19789691541097E-15,
16.4225424859374));
#2243=CARTESIAN_POINT('Ctrl Pts',(-12.3694631307312,3.,16.4225424859374));
#2244=CARTESIAN_POINT('Ctrl Pts',(-12.4943052112743,1.19783754925658E-15,
16.3318394051381));
#2245=CARTESIAN_POINT('Ctrl Pts',(-12.4943052112743,3.,16.3318394051381));
#2246=CARTESIAN_POINT('Ctrl Pts',(-12.5016920067202,1.1743220086031E-15,
16.1860655102809));
#2247=CARTESIAN_POINT('Ctrl Pts',(-12.5016920067202,3.,16.1860655102809));
#2248=CARTESIAN_POINT('Ctrl Pts',(-12.5221165537615,1.17248006879942E-15,
16.1255370014063));
#2249=CARTESIAN_POINT('Ctrl Pts',(-12.5221165537615,3.,16.1255370014063));
#2250=CARTESIAN_POINT('Ctrl Pts',(-12.5304474822435,1.17172876358116E-15,
16.1008481464939));
#2251=CARTESIAN_POINT('Ctrl Pts',(-12.5304474822435,3.,16.1008481464939));
#2252=CARTESIAN_POINT('Ctrl Pts',(-12.5398213238519,1.1727751374663E-15,
16.0835805477248));
#2253=CARTESIAN_POINT('Ctrl Pts',(-12.5398213238519,3.,16.0835805477248));
#2254=CARTESIAN_POINT('Ctrl Pts',(-12.5617009357884,1.17380121415493E-15,
16.0617009357884));
#2255=CARTESIAN_POINT('Ctrl Pts',(-12.5617009357884,3.,16.0617009357884));
#2256=CARTESIAN_POINT('',(-12.3694631307312,3.,16.4225424859374));
#2257=CARTESIAN_POINT('Ctrl Pts',(-12.3694631307312,3.,16.4225424859374));
#2258=CARTESIAN_POINT('Ctrl Pts',(-12.4943052112743,3.,16.3318394051381));
#2259=CARTESIAN_POINT('Ctrl Pts',(-12.5016920067202,3.,16.1860655102809));
#2260=CARTESIAN_POINT('Ctrl Pts',(-12.5221165537615,3.,16.1255370014063));
#2261=CARTESIAN_POINT('Ctrl Pts',(-12.5304474822435,3.,16.1008481464939));
#2262=CARTESIAN_POINT('Ctrl Pts',(-12.5398213238519,3.,16.0835805477248));
#2263=CARTESIAN_POINT('Ctrl Pts',(-12.5617009357884,3.,16.0617009357884));
#2264=CARTESIAN_POINT('',(-12.3694631307312,1.19789691541097E-15,16.4225424859374));
#2265=CARTESIAN_POINT('Ctrl Pts',(-11.9668776743879,1.16293956266909E-15,
16.4938653318427));
#2266=CARTESIAN_POINT('Ctrl Pts',(-11.9668776743879,3.,16.4938653318427));
#2267=CARTESIAN_POINT('Ctrl Pts',(-12.0353235427404,1.16830219801132E-15,
16.4589904200044));
#2268=CARTESIAN_POINT('Ctrl Pts',(-12.0353235427404,3.,16.4589904200044));
#2269=CARTESIAN_POINT('Ctrl Pts',(-12.0820711456008,1.17778587707835E-15,
16.4964361064694));
#2270=CARTESIAN_POINT('Ctrl Pts',(-12.0820711456008,3.,16.4964361064694));
#2271=CARTESIAN_POINT('Ctrl Pts',(-12.2120492872648,1.1901961636648E-15,
16.4837422993451));
#2272=CARTESIAN_POINT('Ctrl Pts',(-12.2120492872648,3.,16.4837422993451));
#2273=CARTESIAN_POINT('Ctrl Pts',(-12.2627826204171,1.19504017201763E-15,
16.4787876266781));
#2274=CARTESIAN_POINT('Ctrl Pts',(-12.2627826204171,3.,16.4787876266781));
#2275=CARTESIAN_POINT('Ctrl Pts',(-12.3201188544605,1.1979203800946E-15,
16.4583932011617));
#2276=CARTESIAN_POINT('Ctrl Pts',(-12.3201188544605,3.,16.4583932011617));
#2277=CARTESIAN_POINT('Ctrl Pts',(-12.3694631307312,1.19789691541097E-15,
16.4225424859374));
#2278=CARTESIAN_POINT('Ctrl Pts',(-12.3694631307312,3.,16.4225424859374));
#2279=CARTESIAN_POINT('',(-11.9668776743879,3.,16.4938653318427));
#2280=CARTESIAN_POINT('Ctrl Pts',(-11.9668776743879,3.,16.4938653318427));
#2281=CARTESIAN_POINT('Ctrl Pts',(-12.0353235427404,3.,16.4589904200044));
#2282=CARTESIAN_POINT('Ctrl Pts',(-12.0820711456008,3.,16.4964361064694));
#2283=CARTESIAN_POINT('Ctrl Pts',(-12.2120492872648,3.,16.4837422993451));
#2284=CARTESIAN_POINT('Ctrl Pts',(-12.2627826204171,3.,16.4787876266781));
#2285=CARTESIAN_POINT('Ctrl Pts',(-12.3201188544605,3.,16.4583932011617));
#2286=CARTESIAN_POINT('Ctrl Pts',(-12.3694631307312,3.,16.4225424859374));
#2287=CARTESIAN_POINT('',(-11.9668776743879,1.16293956266909E-15,16.4938653318427));
#2288=CARTESIAN_POINT('Ctrl Pts',(-11.6725424859374,1.16574972456721E-15,
16.7776412907379));
#2289=CARTESIAN_POINT('Ctrl Pts',(-11.6725424859374,3.,16.7776412907379));
#2290=CARTESIAN_POINT('Ctrl Pts',(-11.8193031535547,1.17472545376838E-15,
16.7299558591967));
#2291=CARTESIAN_POINT('Ctrl Pts',(-11.8193031535547,3.,16.7299558591967));
#2292=CARTESIAN_POINT('Ctrl Pts',(-11.8713750243452,1.15815143774611E-15,
16.593599291914));
#2293=CARTESIAN_POINT('Ctrl Pts',(-11.8713750243452,3.,16.593599291914));
#2294=CARTESIAN_POINT('Ctrl Pts',(-11.9095042607876,1.15890476244963E-15,
16.5423447912653));
#2295=CARTESIAN_POINT('Ctrl Pts',(-11.9095042607876,3.,16.5423447912653));
#2296=CARTESIAN_POINT('Ctrl Pts',(-11.9250567203469,1.15921203458723E-15,
16.5214386934007));
#2297=CARTESIAN_POINT('Ctrl Pts',(-11.9250567203469,3.,16.5214386934007));
#2298=CARTESIAN_POINT('Ctrl Pts',(-11.939307754963,1.16077949913494E-15,
16.5079129074302));
#2299=CARTESIAN_POINT('Ctrl Pts',(-11.939307754963,3.,16.5079129074302));
#2300=CARTESIAN_POINT('Ctrl Pts',(-11.9668776743879,1.16293956266909E-15,
16.4938653318427));
#2301=CARTESIAN_POINT('Ctrl Pts',(-11.9668776743879,3.,16.4938653318427));
#2302=CARTESIAN_POINT('',(-11.6725424859374,3.,16.7776412907379));
#2303=CARTESIAN_POINT('Ctrl Pts',(-11.6725424859374,3.,16.7776412907379));
#2304=CARTESIAN_POINT('Ctrl Pts',(-11.8193031535547,3.,16.7299558591967));
#2305=CARTESIAN_POINT('Ctrl Pts',(-11.8713750243452,3.,16.593599291914));
#2306=CARTESIAN_POINT('Ctrl Pts',(-11.9095042607876,3.,16.5423447912653));
#2307=CARTESIAN_POINT('Ctrl Pts',(-11.9250567203469,3.,16.5214386934007));
#2308=CARTESIAN_POINT('Ctrl Pts',(-11.939307754963,3.,16.5079129074302));
#2309=CARTESIAN_POINT('Ctrl Pts',(-11.9668776743879,3.,16.4938653318427));
#2310=CARTESIAN_POINT('',(-11.6725424859374,1.16574972456721E-15,16.7776412907379));
#2311=CARTESIAN_POINT('Ctrl Pts',(-11.2676209928445,1.1143147396331E-15,
16.7210676003986));
#2312=CARTESIAN_POINT('Ctrl Pts',(-11.2676209928445,3.,16.7210676003986));
#2313=CARTESIAN_POINT('Ctrl Pts',(-11.3434938223899,1.12196771095219E-15,
16.7090505247552));
#2314=CARTESIAN_POINT('Ctrl Pts',(-11.3434938223899,3.,16.7090505247552));
#2315=CARTESIAN_POINT('Ctrl Pts',(-11.3763820812275,1.12988196172767E-15,
16.759109292605));
#2316=CARTESIAN_POINT('Ctrl Pts',(-11.3763820812275,3.,16.759109292605));
#2317=CARTESIAN_POINT('Ctrl Pts',(-11.5039212419579,1.14851256829755E-15,
16.7872022192943));
#2318=CARTESIAN_POINT('Ctrl Pts',(-11.5039212419579,3.,16.7872022192943));
#2319=CARTESIAN_POINT('Ctrl Pts',(-11.5537025871016,1.15578450462346E-15,
16.7981675076937));
#2320=CARTESIAN_POINT('Ctrl Pts',(-11.5537025871016,3.,16.7981675076937));
#2321=CARTESIAN_POINT('Ctrl Pts',(-11.6145348101834,1.16220203568292E-15,
16.796489127123));
#2322=CARTESIAN_POINT('Ctrl Pts',(-11.6145348101834,3.,16.796489127123));
#2323=CARTESIAN_POINT('Ctrl Pts',(-11.6725424859374,1.16574972456721E-15,
16.7776412907379));
#2324=CARTESIAN_POINT('Ctrl Pts',(-11.6725424859374,3.,16.7776412907379));
#2325=CARTESIAN_POINT('',(-11.2676209928445,3.,16.7210676003986));
#2326=CARTESIAN_POINT('Ctrl Pts',(-11.2676209928445,3.,16.7210676003986));
#2327=CARTESIAN_POINT('Ctrl Pts',(-11.3434938223899,3.,16.7090505247552));
#2328=CARTESIAN_POINT('Ctrl Pts',(-11.3763820812275,3.,16.759109292605));
#2329=CARTESIAN_POINT('Ctrl Pts',(-11.5039212419579,3.,16.7872022192943));
#2330=CARTESIAN_POINT('Ctrl Pts',(-11.5537025871016,3.,16.7981675076937));
#2331=CARTESIAN_POINT('Ctrl Pts',(-11.6145348101834,3.,16.796489127123));
#2332=CARTESIAN_POINT('Ctrl Pts',(-11.6725424859374,3.,16.7776412907379));
#2333=CARTESIAN_POINT('',(-11.2676209928445,1.1143147396331E-15,16.7210676003986));
#2334=CARTESIAN_POINT('Ctrl Pts',(-10.9,1.09556428394717E-15,16.9));
#2335=CARTESIAN_POINT('Ctrl Pts',(-10.9,3.,16.9));
#2336=CARTESIAN_POINT('Ctrl Pts',(-11.0543132980035,1.11269650159211E-15,
16.9));
#2337=CARTESIAN_POINT('Ctrl Pts',(-11.0543132980035,3.,16.9));
#2338=CARTESIAN_POINT('Ctrl Pts',(-11.1459730866192,1.10468639036726E-15,
16.7864082911496));
#2339=CARTESIAN_POINT('Ctrl Pts',(-11.1459730866192,3.,16.7864082911496));
#2340=CARTESIAN_POINT('Ctrl Pts',(-11.1980746571382,1.10796123890728E-15,
16.7494449463611));
#2341=CARTESIAN_POINT('Ctrl Pts',(-11.1980746571382,3.,16.7494449463611));
#2342=CARTESIAN_POINT('Ctrl Pts',(-11.2193262646729,1.10929701046301E-15,
16.7343680400647));
#2343=CARTESIAN_POINT('Ctrl Pts',(-11.2193262646729,3.,16.7343680400647));
#2344=CARTESIAN_POINT('Ctrl Pts',(-11.2370595017354,1.11123213132221E-15,
16.7259080650634));
#2345=CARTESIAN_POINT('Ctrl Pts',(-11.2370595017354,3.,16.7259080650634));
#2346=CARTESIAN_POINT('Ctrl Pts',(-11.2676209928445,1.1143147396331E-15,
16.7210676003986));
#2347=CARTESIAN_POINT('Ctrl Pts',(-11.2676209928445,3.,16.7210676003986));
#2348=CARTESIAN_POINT('',(-10.9,3.,16.9));
#2349=CARTESIAN_POINT('Ctrl Pts',(-10.9,3.,16.9));
#2350=CARTESIAN_POINT('Ctrl Pts',(-11.0543132980035,3.,16.9));
#2351=CARTESIAN_POINT('Ctrl Pts',(-11.1459730866192,3.,16.7864082911496));
#2352=CARTESIAN_POINT('Ctrl Pts',(-11.1980746571382,3.,16.7494449463611));
#2353=CARTESIAN_POINT('Ctrl Pts',(-11.2193262646729,3.,16.7343680400647));
#2354=CARTESIAN_POINT('Ctrl Pts',(-11.2370595017354,3.,16.7259080650634));
#2355=CARTESIAN_POINT('Ctrl Pts',(-11.2676209928445,3.,16.7210676003986));
#2356=CARTESIAN_POINT('',(-10.9,1.09556428394717E-15,16.9));
#2357=CARTESIAN_POINT('Ctrl Pts',(-10.5323790071555,1.03268648151478E-15,
16.7210676003986));
#2358=CARTESIAN_POINT('Ctrl Pts',(-10.5323790071555,3.,16.7210676003986));
#2359=CARTESIAN_POINT('Ctrl Pts',(-10.6082518367008,1.04188066265664E-15,
16.733084676042));
#2360=CARTESIAN_POINT('Ctrl Pts',(-10.6082518367008,3.,16.733084676042));
#2361=CARTESIAN_POINT('Ctrl Pts',(-10.6240614195951,1.04745078313291E-15,
16.7908564242995));
#2362=CARTESIAN_POINT('Ctrl Pts',(-10.6240614195951,3.,16.7908564242995));
#2363=CARTESIAN_POINT('Ctrl Pts',(-10.7366771777215,1.07047801610803E-15,
16.8569861534031));
#2364=CARTESIAN_POINT('Ctrl Pts',(-10.7366771777215,3.,16.8569861534031));
#2365=CARTESIAN_POINT('Ctrl Pts',(-10.7806335899466,1.07946605261285E-15,
16.8827980440405));
#2366=CARTESIAN_POINT('Ctrl Pts',(-10.7806335899466,3.,16.8827980440405));
#2367=CARTESIAN_POINT('Ctrl Pts',(-10.8390071202288,1.08879271400115E-15,
16.9));
#2368=CARTESIAN_POINT('Ctrl Pts',(-10.8390071202288,3.,16.9));
#2369=CARTESIAN_POINT('Ctrl Pts',(-10.9,1.09556428394717E-15,16.9));
#2370=CARTESIAN_POINT('Ctrl Pts',(-10.9,3.,16.9));
#2371=CARTESIAN_POINT('',(-10.5323790071555,3.,16.7210676003986));
#2372=CARTESIAN_POINT('Ctrl Pts',(-10.5323790071555,3.,16.7210676003986));
#2373=CARTESIAN_POINT('Ctrl Pts',(-10.6082518367008,3.,16.733084676042));
#2374=CARTESIAN_POINT('Ctrl Pts',(-10.6240614195951,3.,16.7908564242995));
#2375=CARTESIAN_POINT('Ctrl Pts',(-10.7366771777215,3.,16.8569861534031));
#2376=CARTESIAN_POINT('Ctrl Pts',(-10.7806335899466,3.,16.8827980440405));
#2377=CARTESIAN_POINT('Ctrl Pts',(-10.8390071202288,3.,16.9));
#2378=CARTESIAN_POINT('Ctrl Pts',(-10.9,3.,16.9));
#2379=CARTESIAN_POINT('',(-10.5323790071555,1.03268648151478E-15,16.7210676003986));
#2380=CARTESIAN_POINT('Ctrl Pts',(-10.1274575140626,9.94210833489448E-16,
16.7776412907379));
#2381=CARTESIAN_POINT('Ctrl Pts',(-10.1274575140626,3.,16.7776412907379));
#2382=CARTESIAN_POINT('Ctrl Pts',(-10.2742181816798,1.01782251874787E-15,
16.825326722279));
#2383=CARTESIAN_POINT('Ctrl Pts',(-10.2742181816798,3.,16.825326722279));
#2384=CARTESIAN_POINT('Ctrl Pts',(-10.3964935893801,1.01916039781679E-15,
16.7456190197627));
#2385=CARTESIAN_POINT('Ctrl Pts',(-10.3964935893801,3.,16.7456190197627));
#2386=CARTESIAN_POINT('Ctrl Pts',(-10.4574674292396,1.02463620520108E-15,
16.7265650605617));
#2387=CARTESIAN_POINT('Ctrl Pts',(-10.4574674292396,3.,16.7265650605617));
#2388=CARTESIAN_POINT('Ctrl Pts',(-10.4823379293354,1.02686972154824E-15,
16.7187931784689));
#2389=CARTESIAN_POINT('Ctrl Pts',(-10.4823379293354,3.,16.7187931784689));
#2390=CARTESIAN_POINT('Ctrl Pts',(-10.5018175160463,1.02898307560641E-15,
16.7162271357338));
#2391=CARTESIAN_POINT('Ctrl Pts',(-10.5018175160463,3.,16.7162271357338));
#2392=CARTESIAN_POINT('Ctrl Pts',(-10.5323790071555,1.03268648151478E-15,
16.7210676003986));
#2393=CARTESIAN_POINT('Ctrl Pts',(-10.5323790071555,3.,16.7210676003986));
#2394=CARTESIAN_POINT('',(-10.1274575140626,3.,16.7776412907379));
#2395=CARTESIAN_POINT('Ctrl Pts',(-10.1274575140626,3.,16.7776412907379));
#2396=CARTESIAN_POINT('Ctrl Pts',(-10.2742181816798,3.,16.825326722279));
#2397=CARTESIAN_POINT('Ctrl Pts',(-10.3964935893801,3.,16.7456190197627));
#2398=CARTESIAN_POINT('Ctrl Pts',(-10.4574674292396,3.,16.7265650605617));
#2399=CARTESIAN_POINT('Ctrl Pts',(-10.4823379293354,3.,16.7187931784689));
#2400=CARTESIAN_POINT('Ctrl Pts',(-10.5018175160463,3.,16.7162271357338));
#2401=CARTESIAN_POINT('Ctrl Pts',(-10.5323790071555,3.,16.7210676003986));
#2402=CARTESIAN_POINT('',(-10.1274575140626,9.94210833489448E-16,16.7776412907379));
#2403=CARTESIAN_POINT('Ctrl Pts',(-9.83312232561207,9.26045130956283E-16,
16.4938653318427));
#2404=CARTESIAN_POINT('Ctrl Pts',(-9.83312232561207,3.,16.4938653318427));
#2405=CARTESIAN_POINT('Ctrl Pts',(-9.90156819396445,9.35880531411106E-16,
16.5287402436809));
#2406=CARTESIAN_POINT('Ctrl Pts',(-9.90156819396445,3.,16.5287402436809));
#2407=CARTESIAN_POINT('Ctrl Pts',(-9.89875154878962,9.38561279386623E-16,
16.5885698711074));
#2408=CARTESIAN_POINT('Ctrl Pts',(-9.89875154878962,3.,16.5885698711074));
#2409=CARTESIAN_POINT('Ctrl Pts',(-9.98542028926691,9.6373107276325E-16,
16.6862631639877));
#2410=CARTESIAN_POINT('Ctrl Pts',(-9.98542028926691,3.,16.6862631639877));
#2411=CARTESIAN_POINT('Ctrl Pts',(-10.0192490086826,9.73555397810559E-16,
16.7243950091657));
#2412=CARTESIAN_POINT('Ctrl Pts',(-10.0192490086826,3.,16.7243950091657));
#2413=CARTESIAN_POINT('Ctrl Pts',(-10.0694498383087,9.84878230928327E-16,
16.7587934543527));
#2414=CARTESIAN_POINT('Ctrl Pts',(-10.0694498383087,3.,16.7587934543527));
#2415=CARTESIAN_POINT('Ctrl Pts',(-10.1274575140626,9.94210833489449E-16,
16.7776412907379));
#2416=CARTESIAN_POINT('Ctrl Pts',(-10.1274575140626,3.,16.7776412907379));
#2417=CARTESIAN_POINT('',(-9.83312232561207,3.,16.4938653318427));
#2418=CARTESIAN_POINT('Ctrl Pts',(-9.83312232561207,3.,16.4938653318427));
#2419=CARTESIAN_POINT('Ctrl Pts',(-9.90156819396445,3.,16.5287402436809));
#2420=CARTESIAN_POINT('Ctrl Pts',(-9.89875154878962,3.,16.5885698711074));
#2421=CARTESIAN_POINT('Ctrl Pts',(-9.98542028926691,3.,16.6862631639877));
#2422=CARTESIAN_POINT('Ctrl Pts',(-10.0192490086826,3.,16.7243950091657));
#2423=CARTESIAN_POINT('Ctrl Pts',(-10.0694498383087,3.,16.7587934543527));
#2424=CARTESIAN_POINT('Ctrl Pts',(-10.1274575140626,3.,16.7776412907379));
#2425=CARTESIAN_POINT('',(-9.83312232561207,9.26045130956282E-16,16.4938653318427));
#2426=CARTESIAN_POINT('Ctrl Pts',(-9.43053686926881,8.71610555095862E-16,
16.4225424859374));
#2427=CARTESIAN_POINT('Ctrl Pts',(-9.43053686926881,3.,16.4225424859374));
#2428=CARTESIAN_POINT('Ctrl Pts',(-9.55537894981167,8.99390431702402E-16,
16.5132455667364));
#2429=CARTESIAN_POINT('Ctrl Pts',(-9.55537894981167,3.,16.5132455667364));
#2430=CARTESIAN_POINT('Ctrl Pts',(-9.69630080774772,9.09945340140288E-16,
16.4752242158329));
#2431=CARTESIAN_POINT('Ctrl Pts',(-9.69630080774772,3.,16.4752242158329));
#2432=CARTESIAN_POINT('Ctrl Pts',(-9.76017837267303,9.1708609618987E-16,
16.4759447765024));
#2433=CARTESIAN_POINT('Ctrl Pts',(-9.76017837267303,3.,16.4759447765024));
#2434=CARTESIAN_POINT('Ctrl Pts',(-9.78623326749756,9.19998725186563E-16,
16.4762386845824));
#2435=CARTESIAN_POINT('Ctrl Pts',(-9.78623326749756,3.,16.4762386845824));
#2436=CARTESIAN_POINT('Ctrl Pts',(-9.80555240618706,9.22083442623889E-16,
16.4798177562551));
#2437=CARTESIAN_POINT('Ctrl Pts',(-9.80555240618706,3.,16.4798177562551));
#2438=CARTESIAN_POINT('Ctrl Pts',(-9.83312232561207,9.26045130956283E-16,
16.4938653318427));
#2439=CARTESIAN_POINT('Ctrl Pts',(-9.83312232561207,3.,16.4938653318427));
#2440=CARTESIAN_POINT('',(-9.43053686926881,3.,16.4225424859374));
#2441=CARTESIAN_POINT('Ctrl Pts',(-9.43053686926881,3.,16.4225424859374));
#2442=CARTESIAN_POINT('Ctrl Pts',(-9.55537894981167,3.,16.5132455667364));
#2443=CARTESIAN_POINT('Ctrl Pts',(-9.69630080774772,3.,16.4752242158329));
#2444=CARTESIAN_POINT('Ctrl Pts',(-9.76017837267303,3.,16.4759447765024));
#2445=CARTESIAN_POINT('Ctrl Pts',(-9.78623326749756,3.,16.4762386845824));
#2446=CARTESIAN_POINT('Ctrl Pts',(-9.80555240618706,3.,16.4798177562551));
#2447=CARTESIAN_POINT('Ctrl Pts',(-9.83312232561207,3.,16.4938653318427));
#2448=CARTESIAN_POINT('',(-9.43053686926881,8.71610555095862E-16,16.4225424859374));
#2449=CARTESIAN_POINT('Ctrl Pts',(-9.23829906421162,8.04829486364242E-16,
16.0617009357884));
#2450=CARTESIAN_POINT('Ctrl Pts',(-9.23829906421162,3.,16.0617009357884));
#2451=CARTESIAN_POINT('Ctrl Pts',(-9.29261801288628,8.14343348608249E-16,
16.116019884463));
#2452=CARTESIAN_POINT('Ctrl Pts',(-9.29261801288628,3.,16.116019884463));
#2453=CARTESIAN_POINT('Ctrl Pts',(-9.27145085249675,8.13872313793306E-16,
16.1720508502684));
#2454=CARTESIAN_POINT('Ctrl Pts',(-9.27145085249675,3.,16.1720508502684));
#2455=CARTESIAN_POINT('Ctrl Pts',(-9.32368883515039,8.38720872827487E-16,
16.2917448067492));
#2456=CARTESIAN_POINT('Ctrl Pts',(-9.32368883515039,3.,16.2917448067492));
#2457=CARTESIAN_POINT('Ctrl Pts',(-9.34407847100179,8.48419813031554E-16,
16.3384639957814));
#2458=CARTESIAN_POINT('Ctrl Pts',(-9.34407847100179,3.,16.3384639957814));
#2459=CARTESIAN_POINT('Ctrl Pts',(-9.38119259299815,8.60630460082404E-16,
16.3866917707131));
#2460=CARTESIAN_POINT('Ctrl Pts',(-9.38119259299815,3.,16.3866917707131));
#2461=CARTESIAN_POINT('Ctrl Pts',(-9.43053686926881,8.71610555095862E-16,
16.4225424859374));
#2462=CARTESIAN_POINT('Ctrl Pts',(-9.43053686926881,3.,16.4225424859374));
#2463=CARTESIAN_POINT('',(-9.23829906421161,3.,16.0617009357884));
#2464=CARTESIAN_POINT('Ctrl Pts',(-9.23829906421162,3.,16.0617009357884));
#2465=CARTESIAN_POINT('Ctrl Pts',(-9.29261801288628,3.,16.116019884463));
#2466=CARTESIAN_POINT('Ctrl Pts',(-9.27145085249675,3.,16.1720508502684));
#2467=CARTESIAN_POINT('Ctrl Pts',(-9.32368883515039,3.,16.2917448067492));
#2468=CARTESIAN_POINT('Ctrl Pts',(-9.34407847100179,3.,16.3384639957814));
#2469=CARTESIAN_POINT('Ctrl Pts',(-9.38119259299815,3.,16.3866917707131));
#2470=CARTESIAN_POINT('Ctrl Pts',(-9.43053686926881,3.,16.4225424859374));
#2471=CARTESIAN_POINT('',(-9.23829906421161,8.04829486364239E-16,16.0617009357884));
#2472=CARTESIAN_POINT('Ctrl Pts',(-8.87745751406263,7.39764418221947E-16,
15.8694631307312));
#2473=CARTESIAN_POINT('Ctrl Pts',(-8.87745751406263,3.,15.8694631307312));
#2474=CARTESIAN_POINT('Ctrl Pts',(-8.96816059486176,7.68993198300591E-16,
15.9943052112741));
#2475=CARTESIAN_POINT('Ctrl Pts',(-8.96816059486176,3.,15.9943052112741));
#2476=CARTESIAN_POINT('Ctrl Pts',(-9.11393448971869,7.87731948129182E-16,
16.0016920067201));
#2477=CARTESIAN_POINT('Ctrl Pts',(-9.11393448971869,3.,16.0016920067201));
#2478=CARTESIAN_POINT('Ctrl Pts',(-9.17446299859355,7.95838665889334E-16,
16.0221165537614));
#2479=CARTESIAN_POINT('Ctrl Pts',(-9.17446299859355,3.,16.0221165537614));
#2480=CARTESIAN_POINT('Ctrl Pts',(-9.19915185350621,7.99145299115872E-16,
16.0304474822435));
#2481=CARTESIAN_POINT('Ctrl Pts',(-9.19915185350621,3.,16.0304474822435));
#2482=CARTESIAN_POINT('Ctrl Pts',(-9.21641945227511,8.00997313264516E-16,
16.0398213238519));
#2483=CARTESIAN_POINT('Ctrl Pts',(-9.21641945227511,3.,16.0398213238519));
#2484=CARTESIAN_POINT('Ctrl Pts',(-9.23829906421161,8.04829486364239E-16,
16.0617009357884));
#2485=CARTESIAN_POINT('Ctrl Pts',(-9.23829906421161,3.,16.0617009357884));
#2486=CARTESIAN_POINT('Ctrl Pts',(-8.87745751406263,3.,15.8694631307312));
#2487=CARTESIAN_POINT('Ctrl Pts',(-8.96816059486176,3.,15.9943052112741));
#2488=CARTESIAN_POINT('Ctrl Pts',(-9.11393448971869,3.,16.0016920067201));
#2489=CARTESIAN_POINT('Ctrl Pts',(-9.17446299859355,3.,16.0221165537614));
#2490=CARTESIAN_POINT('Ctrl Pts',(-9.19915185350621,3.,16.0304474822435));
#2491=CARTESIAN_POINT('Ctrl Pts',(-9.21641945227511,3.,16.0398213238519));
#2492=CARTESIAN_POINT('Ctrl Pts',(-9.23829906421161,3.,16.0617009357884));
#2493=CARTESIAN_POINT('Origin',(-10.9,3.,14.4));
#2494=CARTESIAN_POINT('',(0.,0.,0.));
#2495=UNCERTAINTY_MEASURE_WITH_UNIT(LENGTH_MEASURE(0.01),#2501,
'DISTANCE_ACCURACY_VALUE',
'Maximum model space distance between geometric entities at asserted c
onnectivities');
#2496=UNCERTAINTY_MEASURE_WITH_UNIT(LENGTH_MEASURE(0.01),#2501,
'DISTANCE_ACCURACY_VALUE',
'Maximum model space distance between geometric entities at asserted c
onnectivities');
#2497=UNCERTAINTY_MEASURE_WITH_UNIT(LENGTH_MEASURE(0.01),#2501,
'DISTANCE_ACCURACY_VALUE',
'Maximum model space distance between geometric entities at asserted c
onnectivities');
#2498=(
GEOMETRIC_REPRESENTATION_CONTEXT(3)
GLOBAL_UNCERTAINTY_ASSIGNED_CONTEXT((#2495))
GLOBAL_UNIT_ASSIGNED_CONTEXT((#2501,#2503,#2504))
REPRESENTATION_CONTEXT('','3D')
);
#2499=(
GEOMETRIC_REPRESENTATION_CONTEXT(3)
GLOBAL_UNCERTAINTY_ASSIGNED_CONTEXT((#2496))
GLOBAL_UNIT_ASSIGNED_CONTEXT((#2501,#2503,#2504))
REPRESENTATION_CONTEXT('','3D')
);
#2500=(
GEOMETRIC_REPRESENTATION_CONTEXT(3)
GLOBAL_UNCERTAINTY_ASSIGNED_CONTEXT((#2497))
GLOBAL_UNIT_ASSIGNED_CONTEXT((#2501,#2503,#2504))
REPRESENTATION_CONTEXT('','3D')
);
#2501=(
LENGTH_UNIT()
NAMED_UNIT(*)
SI_UNIT(.MILLI.,.METRE.)
);
#2502=(
LENGTH_UNIT()
NAMED_UNIT(*)
SI_UNIT($,.METRE.)
);
#2503=(
NAMED_UNIT(*)
PLANE_ANGLE_UNIT()
SI_UNIT($,.RADIAN.)
);
#2504=(
NAMED_UNIT(*)
SI_UNIT($,.STERADIAN.)
SOLID_ANGLE_UNIT()
);
#2505=SHAPE_DEFINITION_REPRESENTATION(#2507,#2510);
#2506=SHAPE_DEFINITION_REPRESENTATION(#2508,#2511);
#2507=PRODUCT_DEFINITION_SHAPE('',$,#2513);
#2508=PRODUCT_DEFINITION_SHAPE('',$,#2514);
#2509=PRODUCT_DEFINITION_SHAPE($,$,#14);
#2510=SHAPE_REPRESENTATION('',(#1027,#1061),#2498);
#2511=SHAPE_REPRESENTATION('',(#1028),#2499);
#2512=PRODUCT_DEFINITION_CONTEXT('part definition',#2520,'design');
#2513=PRODUCT_DEFINITION('\X2\819D76D652A8529B53D1751F5668\X0\',
'\X2\819D76D652A8529B53D1751F5668\X0\',#2515,#2512);
#2514=PRODUCT_DEFINITION('COL_\X2\819D76D652A8529B53D1751F\X0\',
'COL_\X2\819D76D652A8529B53D1751F\X0\',#2516,#2512);
#2515=PRODUCT_DEFINITION_FORMATION('',$,#2522);
#2516=PRODUCT_DEFINITION_FORMATION('',$,#2523);
#2517=PRODUCT_RELATED_PRODUCT_CATEGORY('\X2\819D76D652A8529B53D1751F5668\X0\',
'\X2\819D76D652A8529B53D1751F5668\X0\',(#2522));
#2518=PRODUCT_RELATED_PRODUCT_CATEGORY('COL_\X2\819D76D652A8529B53D1751F\X0\',
'COL_\X2\819D76D652A8529B53D1751F\X0\',(#2523));
#2519=APPLICATION_PROTOCOL_DEFINITION('international standard',
'automotive_design',2009,#2520);
#2520=APPLICATION_CONTEXT(
'Core Data for Automotive Mechanical Design Process');
#2521=PRODUCT_CONTEXT('part definition',#2520,'mechanical');
#2522=PRODUCT('\X2\819D76D652A8529B53D1751F5668\X0\',
'\X2\819D76D652A8529B53D1751F5668\X0\',$,(#2521));
#2523=PRODUCT('COL_\X2\819D76D652A8529B53D1751F\X0\',
'COL_\X2\819D76D652A8529B53D1751F\X0\',$,(#2521));
#2524=PRESENTATION_STYLE_ASSIGNMENT((#2525));
#2525=SURFACE_STYLE_USAGE(.BOTH.,#2526);
#2526=SURFACE_SIDE_STYLE('',(#2527));
#2527=SURFACE_STYLE_FILL_AREA(#2528);
#2528=FILL_AREA_STYLE('\X2\94A2\X0\ - \X2\7F0E5149\X0\',(#2529));
#2529=FILL_AREA_STYLE_COLOUR('\X2\94A2\X0\ - \X2\7F0E5149\X0\',#2530);
#2530=COLOUR_RGB('\X2\94A2\X0\ - \X2\7F0E5149\X0\',0.627450980392157,0.627450980392157,
0.627450980392157);
ENDSEC;
END-ISO-10303-21;
