ISO-10303-21;
HEADER;
/* Generated by software containing ST-Developer
 * from STEP Tools, Inc. (www.steptools.com) 
 */

FILE_DESCRIPTION(
/* description */ (''),
/* implementation_level */ '2;1');

FILE_NAME(
/* name */ 'ONE-LEG_ONE-LEG.step',
/* time_stamp */ '2026-07-14T16:58:24+08:00',
/* author */ (''),
/* organization */ (''),
/* preprocessor_version */ 'ST-DEVELOPER v20.1',
/* originating_system */ 'Autodesk Translation Framework v15.8.0.0',
/* authorisation */ '');

FILE_SCHEMA (('AUTOMOTIVE_DESIGN { 1 0 10303 214 3 1 1 }'));
ENDSEC;

DATA;
#10=MECHANICAL_DESIGN_GEOMETRIC_PRESENTATION_REPRESENTATION('',(#523,#524,
#525,#526,#527,#528,#529,#530,#531),#13209);
#11=ITEM_DEFINED_TRANSFORMATION($,$,#6117,#6358);
#12=ITEM_DEFINED_TRANSFORMATION($,$,#6185,#6359);
#13=ITEM_DEFINED_TRANSFORMATION($,$,#6283,#6360);
#14=ITEM_DEFINED_TRANSFORMATION($,$,#6313,#6361);
#15=ITEM_DEFINED_TRANSFORMATION($,$,#5853,#6390);
#16=ITEM_DEFINED_TRANSFORMATION($,$,#5922,#6391);
#17=ITEM_DEFINED_TRANSFORMATION($,$,#5974,#6392);
#18=ITEM_DEFINED_TRANSFORMATION($,$,#6069,#6393);
#19=ITEM_DEFINED_TRANSFORMATION($,$,#6116,#6394);
#20=ITEM_DEFINED_TRANSFORMATION($,$,#6362,#6395);
#21=(
REPRESENTATION_RELATIONSHIP($,$,#13252,#13251)
REPRESENTATION_RELATIONSHIP_WITH_TRANSFORMATION(#11)
SHAPE_REPRESENTATION_RELATIONSHIP()
);
#22=(
REPRESENTATION_RELATIONSHIP($,$,#13253,#13251)
REPRESENTATION_RELATIONSHIP_WITH_TRANSFORMATION(#12)
SHAPE_REPRESENTATION_RELATIONSHIP()
);
#23=(
REPRESENTATION_RELATIONSHIP($,$,#13254,#13251)
REPRESENTATION_RELATIONSHIP_WITH_TRANSFORMATION(#13)
SHAPE_REPRESENTATION_RELATIONSHIP()
);
#24=(
REPRESENTATION_RELATIONSHIP($,$,#13255,#13251)
REPRESENTATION_RELATIONSHIP_WITH_TRANSFORMATION(#14)
SHAPE_REPRESENTATION_RELATIONSHIP()
);
#25=(
REPRESENTATION_RELATIONSHIP($,$,#13247,#13246)
REPRESENTATION_RELATIONSHIP_WITH_TRANSFORMATION(#15)
SHAPE_REPRESENTATION_RELATIONSHIP()
);
#26=(
REPRESENTATION_RELATIONSHIP($,$,#13248,#13246)
REPRESENTATION_RELATIONSHIP_WITH_TRANSFORMATION(#16)
SHAPE_REPRESENTATION_RELATIONSHIP()
);
#27=(
REPRESENTATION_RELATIONSHIP($,$,#13249,#13246)
REPRESENTATION_RELATIONSHIP_WITH_TRANSFORMATION(#17)
SHAPE_REPRESENTATION_RELATIONSHIP()
);
#28=(
REPRESENTATION_RELATIONSHIP($,$,#13250,#13246)
REPRESENTATION_RELATIONSHIP_WITH_TRANSFORMATION(#18)
SHAPE_REPRESENTATION_RELATIONSHIP()
);
#29=(
REPRESENTATION_RELATIONSHIP($,$,#13251,#13246)
REPRESENTATION_RELATIONSHIP_WITH_TRANSFORMATION(#19)
SHAPE_REPRESENTATION_RELATIONSHIP()
);
#30=(
REPRESENTATION_RELATIONSHIP($,$,#13256,#13246)
REPRESENTATION_RELATIONSHIP_WITH_TRANSFORMATION(#20)
SHAPE_REPRESENTATION_RELATIONSHIP()
);
#31=CONTEXT_DEPENDENT_SHAPE_REPRESENTATION(#21,#13235);
#32=CONTEXT_DEPENDENT_SHAPE_REPRESENTATION(#22,#13236);
#33=CONTEXT_DEPENDENT_SHAPE_REPRESENTATION(#23,#13237);
#34=CONTEXT_DEPENDENT_SHAPE_REPRESENTATION(#24,#13238);
#35=CONTEXT_DEPENDENT_SHAPE_REPRESENTATION(#25,#13240);
#36=CONTEXT_DEPENDENT_SHAPE_REPRESENTATION(#26,#13241);
#37=CONTEXT_DEPENDENT_SHAPE_REPRESENTATION(#27,#13242);
#38=CONTEXT_DEPENDENT_SHAPE_REPRESENTATION(#28,#13243);
#39=CONTEXT_DEPENDENT_SHAPE_REPRESENTATION(#29,#13244);
#40=CONTEXT_DEPENDENT_SHAPE_REPRESENTATION(#30,#13245);
#41=NEXT_ASSEMBLY_USAGE_OCCURRENCE('\X2\5927817F4E3B52A8529B53D1751F5668\X0\:
1','\X2\5927817F4E3B52A8529B53D1751F5668\X0\:1',
'\X2\5927817F4E3B52A8529B53D1751F5668\X0\:1',#13263,#13264,
'\X2\5927817F4E3B52A8529B53D1751F5668\X0\:1');
#42=NEXT_ASSEMBLY_USAGE_OCCURRENCE('\X2\5C0F817F4FDD630167B6\X0\:1',
'\X2\5C0F817F4FDD630167B6\X0\:1','\X2\5C0F817F4FDD630167B6\X0\:1',#13263,
#13265,'\X2\5C0F817F4FDD630167B6\X0\:1');
#43=NEXT_ASSEMBLY_USAGE_OCCURRENCE('\X2\9ACB517382824FDD630167B6\X0\:1',
'\X2\9ACB517382824FDD630167B6\X0\:1','\X2\9ACB517382824FDD630167B6\X0\:
1',#13263,#13266,'\X2\9ACB517382824FDD630167B6\X0\:1');
#44=NEXT_ASSEMBLY_USAGE_OCCURRENCE('\X2\5927817F76D6677F\X0\:1',
'\X2\5927817F76D6677F\X0\:1','\X2\5927817F76D6677F\X0\:1',#13263,#13267,
'\X2\5927817F76D6677F\X0\:1');
#45=NEXT_ASSEMBLY_USAGE_OCCURRENCE('\X2\819D76D64F2052A8\X0\1:1',
'\X2\819D76D64F2052A8\X0\1:1','\X2\819D76D64F2052A8\X0\1:1',#13258,#13259,
'\X2\819D76D64F2052A8\X0\1:1');
#46=NEXT_ASSEMBLY_USAGE_OCCURRENCE('\X2\819D76D68F6C52A8\X0\:1',
'\X2\819D76D68F6C52A8\X0\:1','\X2\819D76D68F6C52A8\X0\:1',#13258,#13260,
'\X2\819D76D68F6C52A8\X0\:1');
#47=NEXT_ASSEMBLY_USAGE_OCCURRENCE('\X2\819D76D64F2052A8\X0\2:1',
'\X2\819D76D64F2052A8\X0\2:1','\X2\819D76D64F2052A8\X0\2:1',#13258,#13261,
'\X2\819D76D64F2052A8\X0\2:1');
#48=NEXT_ASSEMBLY_USAGE_OCCURRENCE('\X2\5C0F817F\X0\:1','\X2\5C0F817F\X0\:
1','\X2\5C0F817F\X0\:1',#13258,#13262,'\X2\5C0F817F\X0\:1');
#49=NEXT_ASSEMBLY_USAGE_OCCURRENCE('\X2\5927817F90E85206\X0\:1',
'\X2\5927817F90E85206\X0\:1','\X2\5927817F90E85206\X0\:1',#13258,#13263,
'\X2\5927817F90E85206\X0\:1');
#50=NEXT_ASSEMBLY_USAGE_OCCURRENCE('\X2\819D76D652A8529B53D1751F5668\X0\:
1','\X2\819D76D652A8529B53D1751F5668\X0\:1','\X2\819D76D652A8529B53D1751F5668\X0\:
1',#13258,#13268,'\X2\819D76D652A8529B53D1751F5668\X0\:1');
#51=SPHERICAL_SURFACE('',#6207,1.6);
#52=SPHERICAL_SURFACE('',#6216,1.6);
#53=SPHERICAL_SURFACE('',#6225,1.6);
#54=SPHERICAL_SURFACE('',#6268,1.6);
#55=SPHERICAL_SURFACE('',#6279,1.6);
#56=SPHERICAL_SURFACE('',#6305,1.6);
#57=SPHERICAL_SURFACE('',#6307,1.6);
#58=SPHERICAL_SURFACE('',#6308,1.6);
#59=SPHERICAL_SURFACE('',#6309,1.6);
#60=SPHERICAL_SURFACE('',#6310,1.6);
#61=SPHERICAL_SURFACE('',#6311,1.6);
#62=ELLIPSE('',#6190,5.40017907175313,3.81766626729493);
#63=ELLIPSE('',#6192,5.39781252988706,3.81766626729493);
#64=ELLIPSE('',#6193,5.40017907175313,3.81766626729493);
#65=ELLIPSE('',#6197,5.39781252988706,3.81766626729493);
#66=ELLIPSE('',#6198,5.40017907175313,3.81766626729493);
#67=ELLIPSE('',#6200,5.39781252988706,3.81766626729493);
#68=ELLIPSE('',#6201,5.40017907175313,3.81766626729493);
#69=ELLIPSE('',#6203,5.39781252988706,3.81766626729493);
#70=ELLIPSE('',#6204,5.40017907175312,3.81766626729493);
#71=ELLIPSE('',#6206,5.39781252988706,3.81766626729493);
#72=ELLIPSE('',#6235,7.09449699163654,5.01766626729493);
#73=ELLIPSE('',#6240,7.0976074042447,5.01766626729493);
#74=ELLIPSE('',#6242,7.0976074042447,5.01766626729493);
#75=ELLIPSE('',#6244,7.09449699163654,5.01766626729493);
#76=ELLIPSE('',#6246,7.0976074042447,5.01766626729493);
#77=ELLIPSE('',#6248,7.09449699163654,5.01766626729492);
#78=ELLIPSE('',#6250,7.09449699163655,5.01766626729492);
#79=ELLIPSE('',#6252,7.0976074042447,5.01766626729492);
#80=ELLIPSE('',#6265,7.09760740424469,5.01766626729493);
#81=ELLIPSE('',#6266,7.09449699163654,5.01766626729493);
#82=B_SPLINE_SURFACE_WITH_KNOTS('',3,1,((#8724,#8725),(#8726,#8727),(#8728,
#8729),(#8730,#8731),(#8732,#8733),(#8734,#8735),(#8736,#8737)),
 .UNSPECIFIED.,.F.,.F.,.F.,(4,3,4),(2,2),(-1.,-0.280742178679678,0.),(0.,
0.3),.UNSPECIFIED.);
#83=B_SPLINE_SURFACE_WITH_KNOTS('',3,1,((#8749,#8750),(#8751,#8752),(#8753,
#8754),(#8755,#8756),(#8757,#8758),(#8759,#8760),(#8761,#8762)),
 .UNSPECIFIED.,.F.,.F.,.F.,(4,3,4),(2,2),(0.,0.710283751862569,1.),(0.,
0.3),.UNSPECIFIED.);
#84=B_SPLINE_SURFACE_WITH_KNOTS('',3,1,((#8772,#8773),(#8774,#8775),(#8776,
#8777),(#8778,#8779),(#8780,#8781),(#8782,#8783),(#8784,#8785)),
 .UNSPECIFIED.,.F.,.F.,.F.,(4,3,4),(2,2),(-1.,-0.280742178679642,0.),(0.,
0.3),.UNSPECIFIED.);
#85=B_SPLINE_SURFACE_WITH_KNOTS('',3,1,((#8795,#8796),(#8797,#8798),(#8799,
#8800),(#8801,#8802),(#8803,#8804),(#8805,#8806),(#8807,#8808)),
 .UNSPECIFIED.,.F.,.F.,.F.,(4,3,4),(2,2),(0.,0.71028375186255,1.),(0.,0.3),
 .UNSPECIFIED.);
#86=B_SPLINE_SURFACE_WITH_KNOTS('',3,1,((#8818,#8819),(#8820,#8821),(#8822,
#8823),(#8824,#8825),(#8826,#8827),(#8828,#8829),(#8830,#8831)),
 .UNSPECIFIED.,.F.,.F.,.F.,(4,3,4),(2,2),(-1.,-0.280742178679643,0.),(0.,
0.3),.UNSPECIFIED.);
#87=B_SPLINE_SURFACE_WITH_KNOTS('',3,1,((#8841,#8842),(#8843,#8844),(#8845,
#8846),(#8847,#8848),(#8849,#8850),(#8851,#8852),(#8853,#8854)),
 .UNSPECIFIED.,.F.,.F.,.F.,(4,3,4),(2,2),(0.,0.710283751862529,1.),(0.,
0.3),.UNSPECIFIED.);
#88=B_SPLINE_SURFACE_WITH_KNOTS('',3,1,((#8864,#8865),(#8866,#8867),(#8868,
#8869),(#8870,#8871),(#8872,#8873),(#8874,#8875),(#8876,#8877)),
 .UNSPECIFIED.,.F.,.F.,.F.,(4,3,4),(2,2),(-1.,-0.280742178679613,0.),(0.,
0.3),.UNSPECIFIED.);
#89=B_SPLINE_SURFACE_WITH_KNOTS('',3,1,((#8887,#8888),(#8889,#8890),(#8891,
#8892),(#8893,#8894),(#8895,#8896),(#8897,#8898),(#8899,#8900)),
 .UNSPECIFIED.,.F.,.F.,.F.,(4,3,4),(2,2),(0.,0.710283751862391,1.),(0.,
0.3),.UNSPECIFIED.);
#90=B_SPLINE_SURFACE_WITH_KNOTS('',3,1,((#8910,#8911),(#8912,#8913),(#8914,
#8915),(#8916,#8917),(#8918,#8919),(#8920,#8921),(#8922,#8923)),
 .UNSPECIFIED.,.F.,.F.,.F.,(4,3,4),(2,2),(-1.,-0.280742178679673,0.),(0.,
0.3),.UNSPECIFIED.);
#91=B_SPLINE_SURFACE_WITH_KNOTS('',3,1,((#8933,#8934),(#8935,#8936),(#8937,
#8938),(#8939,#8940),(#8941,#8942),(#8943,#8944),(#8945,#8946)),
 .UNSPECIFIED.,.F.,.F.,.F.,(4,3,4),(2,2),(0.,0.710283751862469,1.),(0.,
0.3),.UNSPECIFIED.);
#92=B_SPLINE_SURFACE_WITH_KNOTS('',3,1,((#8956,#8957),(#8958,#8959),(#8960,
#8961),(#8962,#8963),(#8964,#8965),(#8966,#8967),(#8968,#8969)),
 .UNSPECIFIED.,.F.,.F.,.F.,(4,3,4),(2,2),(-1.,-0.280742178679714,0.),(0.,
0.3),.UNSPECIFIED.);
#93=B_SPLINE_SURFACE_WITH_KNOTS('',3,1,((#8979,#8980),(#8981,#8982),(#8983,
#8984),(#8985,#8986),(#8987,#8988),(#8989,#8990),(#8991,#8992)),
 .UNSPECIFIED.,.F.,.F.,.F.,(4,3,4),(2,2),(0.,0.710283751862515,1.),(0.,
0.3),.UNSPECIFIED.);
#94=B_SPLINE_SURFACE_WITH_KNOTS('',3,1,((#9002,#9003),(#9004,#9005),(#9006,
#9007),(#9008,#9009),(#9010,#9011),(#9012,#9013),(#9014,#9015)),
 .UNSPECIFIED.,.F.,.F.,.F.,(4,3,4),(2,2),(-1.,-0.280742178679675,0.),(0.,
0.3),.UNSPECIFIED.);
#95=B_SPLINE_SURFACE_WITH_KNOTS('',3,1,((#9025,#9026),(#9027,#9028),(#9029,
#9030),(#9031,#9032),(#9033,#9034),(#9035,#9036),(#9037,#9038)),
 .UNSPECIFIED.,.F.,.F.,.F.,(4,3,4),(2,2),(0.,0.710283751862494,1.),(0.,
0.3),.UNSPECIFIED.);
#96=B_SPLINE_SURFACE_WITH_KNOTS('',3,1,((#9048,#9049),(#9050,#9051),(#9052,
#9053),(#9054,#9055),(#9056,#9057),(#9058,#9059),(#9060,#9061)),
 .UNSPECIFIED.,.F.,.F.,.F.,(4,3,4),(2,2),(-1.,-0.280742178679687,0.),(0.,
0.3),.UNSPECIFIED.);
#97=B_SPLINE_SURFACE_WITH_KNOTS('',3,1,((#9071,#9072),(#9073,#9074),(#9075,
#9076),(#9077,#9078),(#9079,#9080),(#9081,#9082),(#9083,#9084)),
 .UNSPECIFIED.,.F.,.F.,.F.,(4,3,4),(2,2),(0.,0.710283751862601,1.),(0.,
0.3),.UNSPECIFIED.);
#98=B_SPLINE_SURFACE_WITH_KNOTS('',3,1,((#9094,#9095),(#9096,#9097),(#9098,
#9099),(#9100,#9101),(#9102,#9103),(#9104,#9105),(#9106,#9107)),
 .UNSPECIFIED.,.F.,.F.,.F.,(4,3,4),(2,2),(-1.,-0.28074217867973,0.),(0.,
0.3),.UNSPECIFIED.);
#99=B_SPLINE_SURFACE_WITH_KNOTS('',3,1,((#9117,#9118),(#9119,#9120),(#9121,
#9122),(#9123,#9124),(#9125,#9126),(#9127,#9128),(#9129,#9130)),
 .UNSPECIFIED.,.F.,.F.,.F.,(4,3,4),(2,2),(0.,0.710283751862477,1.),(0.,
0.3),.UNSPECIFIED.);
#100=B_SPLINE_SURFACE_WITH_KNOTS('',3,1,((#9140,#9141),(#9142,#9143),(#9144,
#9145),(#9146,#9147),(#9148,#9149),(#9150,#9151),(#9152,#9153)),
 .UNSPECIFIED.,.F.,.F.,.F.,(4,3,4),(2,2),(-1.,-0.280742178679672,0.),(0.,
0.3),.UNSPECIFIED.);
#101=B_SPLINE_SURFACE_WITH_KNOTS('',3,1,((#9163,#9164),(#9165,#9166),(#9167,
#9168),(#9169,#9170),(#9171,#9172),(#9173,#9174),(#9175,#9176)),
 .UNSPECIFIED.,.F.,.F.,.F.,(4,3,4),(2,2),(0.,0.710283751862452,1.),(0.,
0.3),.UNSPECIFIED.);
#102=B_SPLINE_SURFACE_WITH_KNOTS('',3,1,((#9186,#9187),(#9188,#9189),(#9190,
#9191),(#9192,#9193),(#9194,#9195),(#9196,#9197),(#9198,#9199)),
 .UNSPECIFIED.,.F.,.F.,.F.,(4,3,4),(2,2),(-1.,-0.280742178679705,0.),(0.,
0.3),.UNSPECIFIED.);
#103=B_SPLINE_SURFACE_WITH_KNOTS('',3,1,((#9209,#9210),(#9211,#9212),(#9213,
#9214),(#9215,#9216),(#9217,#9218),(#9219,#9220),(#9221,#9222)),
 .UNSPECIFIED.,.F.,.F.,.F.,(4,3,4),(2,2),(0.,0.710283751862464,1.),(0.,
0.3),.UNSPECIFIED.);
#104=B_SPLINE_SURFACE_WITH_KNOTS('',3,1,((#9232,#9233),(#9234,#9235),(#9236,
#9237),(#9238,#9239),(#9240,#9241),(#9242,#9243),(#9244,#9245)),
 .UNSPECIFIED.,.F.,.F.,.F.,(4,3,4),(2,2),(-1.,-0.280742178679675,0.),(0.,
0.3),.UNSPECIFIED.);
#105=B_SPLINE_SURFACE_WITH_KNOTS('',3,1,((#9255,#9256),(#9257,#9258),(#9259,
#9260),(#9261,#9262),(#9263,#9264),(#9265,#9266),(#9267,#9268)),
 .UNSPECIFIED.,.F.,.F.,.F.,(4,3,4),(2,2),(0.,0.710283751862494,1.),(0.,
0.3),.UNSPECIFIED.);
#106=B_SPLINE_SURFACE_WITH_KNOTS('',3,1,((#9278,#9279),(#9280,#9281),(#9282,
#9283),(#9284,#9285),(#9286,#9287),(#9288,#9289),(#9290,#9291)),
 .UNSPECIFIED.,.F.,.F.,.F.,(4,3,4),(2,2),(-1.,-0.28074217867969,0.),(0.,
0.3),.UNSPECIFIED.);
#107=B_SPLINE_SURFACE_WITH_KNOTS('',3,1,((#9301,#9302),(#9303,#9304),(#9305,
#9306),(#9307,#9308),(#9309,#9310),(#9311,#9312),(#9313,#9314)),
 .UNSPECIFIED.,.F.,.F.,.F.,(4,3,4),(2,2),(0.,0.7102837518624,1.),(0.,0.3),
 .UNSPECIFIED.);
#108=B_SPLINE_SURFACE_WITH_KNOTS('',3,1,((#9324,#9325),(#9326,#9327),(#9328,
#9329),(#9330,#9331),(#9332,#9333),(#9334,#9335),(#9336,#9337)),
 .UNSPECIFIED.,.F.,.F.,.F.,(4,3,4),(2,2),(-1.,-0.280742178679682,0.),(0.,
0.3),.UNSPECIFIED.);
#109=B_SPLINE_SURFACE_WITH_KNOTS('',3,1,((#9347,#9348),(#9349,#9350),(#9351,
#9352),(#9353,#9354),(#9355,#9356),(#9357,#9358),(#9359,#9360)),
 .UNSPECIFIED.,.F.,.F.,.F.,(4,3,4),(2,2),(0.,0.710283751862515,1.),(0.,
0.3),.UNSPECIFIED.);
#110=B_SPLINE_SURFACE_WITH_KNOTS('',3,1,((#9370,#9371),(#9372,#9373),(#9374,
#9375),(#9376,#9377),(#9378,#9379),(#9380,#9381),(#9382,#9383)),
 .UNSPECIFIED.,.F.,.F.,.F.,(4,3,4),(2,2),(-1.,-0.280742178679678,0.),(0.,
0.3),.UNSPECIFIED.);
#111=B_SPLINE_SURFACE_WITH_KNOTS('',3,1,((#9393,#9394),(#9395,#9396),(#9397,
#9398),(#9399,#9400),(#9401,#9402),(#9403,#9404),(#9405,#9406)),
 .UNSPECIFIED.,.F.,.F.,.F.,(4,3,4),(2,2),(0.,0.710283751862362,1.),(0.,
0.3),.UNSPECIFIED.);
#112=B_SPLINE_SURFACE_WITH_KNOTS('',3,1,((#9416,#9417),(#9418,#9419),(#9420,
#9421),(#9422,#9423),(#9424,#9425),(#9426,#9427),(#9428,#9429)),
 .UNSPECIFIED.,.F.,.F.,.F.,(4,3,4),(2,2),(-1.,-0.280742178679673,0.),(0.,
0.3),.UNSPECIFIED.);
#113=B_SPLINE_SURFACE_WITH_KNOTS('',3,1,((#9439,#9440),(#9441,#9442),(#9443,
#9444),(#9445,#9446),(#9447,#9448),(#9449,#9450),(#9451,#9452)),
 .UNSPECIFIED.,.F.,.F.,.F.,(4,3,4),(2,2),(0.,0.710283751862568,1.),(0.,
0.3),.UNSPECIFIED.);
#114=B_SPLINE_SURFACE_WITH_KNOTS('',3,1,((#9462,#9463),(#9464,#9465),(#9466,
#9467),(#9468,#9469),(#9470,#9471),(#9472,#9473),(#9474,#9475)),
 .UNSPECIFIED.,.F.,.F.,.F.,(4,3,4),(2,2),(-1.,-0.280742178679671,0.),(0.,
0.3),.UNSPECIFIED.);
#115=B_SPLINE_SURFACE_WITH_KNOTS('',3,1,((#9485,#9486),(#9487,#9488),(#9489,
#9490),(#9491,#9492),(#9493,#9494),(#9495,#9496),(#9497,#9498)),
 .UNSPECIFIED.,.F.,.F.,.F.,(4,3,4),(2,2),(0.,0.710283751862544,1.),(0.,
0.3),.UNSPECIFIED.);
#116=B_SPLINE_SURFACE_WITH_KNOTS('',3,1,((#9508,#9509),(#9510,#9511),(#9512,
#9513),(#9514,#9515),(#9516,#9517),(#9518,#9519),(#9520,#9521)),
 .UNSPECIFIED.,.F.,.F.,.F.,(4,3,4),(2,2),(-1.,-0.280742178679634,0.),(0.,
0.3),.UNSPECIFIED.);
#117=B_SPLINE_SURFACE_WITH_KNOTS('',3,1,((#9531,#9532),(#9533,#9534),(#9535,
#9536),(#9537,#9538),(#9539,#9540),(#9541,#9542),(#9543,#9544)),
 .UNSPECIFIED.,.F.,.F.,.F.,(4,3,4),(2,2),(0.,0.710283751862527,1.),(0.,
0.3),.UNSPECIFIED.);
#118=B_SPLINE_SURFACE_WITH_KNOTS('',3,1,((#9554,#9555),(#9556,#9557),(#9558,
#9559),(#9560,#9561),(#9562,#9563),(#9564,#9565),(#9566,#9567)),
 .UNSPECIFIED.,.F.,.F.,.F.,(4,3,4),(2,2),(-1.,-0.280742178679682,0.),(0.,
0.3),.UNSPECIFIED.);
#119=B_SPLINE_SURFACE_WITH_KNOTS('',3,1,((#9577,#9578),(#9579,#9580),(#9581,
#9582),(#9583,#9584),(#9585,#9586),(#9587,#9588),(#9589,#9590)),
 .UNSPECIFIED.,.F.,.F.,.F.,(4,3,4),(2,2),(0.,0.710283751862515,1.),(0.,
0.3),.UNSPECIFIED.);
#120=B_SPLINE_SURFACE_WITH_KNOTS('',3,1,((#9600,#9601),(#9602,#9603),(#9604,
#9605),(#9606,#9607),(#9608,#9609),(#9610,#9611),(#9612,#9613)),
 .UNSPECIFIED.,.F.,.F.,.F.,(4,3,4),(2,2),(-1.,-0.28074217867968,0.),(0.,
0.3),.UNSPECIFIED.);
#121=B_SPLINE_SURFACE_WITH_KNOTS('',3,1,((#9623,#9624),(#9625,#9626),(#9627,
#9628),(#9629,#9630),(#9631,#9632),(#9633,#9634),(#9635,#9636)),
 .UNSPECIFIED.,.F.,.F.,.F.,(4,3,4),(2,2),(0.,0.710283751862626,1.),(0.,
0.3),.UNSPECIFIED.);
#122=B_SPLINE_SURFACE_WITH_KNOTS('',3,3,((#10365,#10366,#10367,#10368,#10369),
(#10370,#10371,#10372,#10373,#10374),(#10375,#10376,#10377,#10378,#10379),
(#10380,#10381,#10382,#10383,#10384),(#10385,#10386,#10387,#10388,#10389)),
 .UNSPECIFIED.,.F.,.F.,.F.,(4,1,4),(4,1,4),(0.,0.5,1.),(-0.0684993873783849,
0.0941510862410499,0.216138941455626),.UNSPECIFIED.);
#123=B_SPLINE_SURFACE_WITH_KNOTS('',3,3,((#10432,#10433,#10434,#10435),
(#10436,#10437,#10438,#10439),(#10440,#10441,#10442,#10443),(#10444,#10445,
#10446,#10447)),.UNSPECIFIED.,.F.,.F.,.F.,(4,4),(4,4),(0.296464245222227,
0.323407084578363),(-0.0534811476691059,0.),.UNSPECIFIED.);
#124=B_SPLINE_SURFACE_WITH_KNOTS('',3,3,((#10796,#10797,#10798,#10799,#10800),
(#10801,#10802,#10803,#10804,#10805),(#10806,#10807,#10808,#10809,#10810),
(#10811,#10812,#10813,#10814,#10815),(#10816,#10817,#10818,#10819,#10820)),
 .UNSPECIFIED.,.F.,.F.,.F.,(4,1,4),(4,1,4),(0.,0.5,1.),(1.42591488335209,
1.54790274640624,1.71055323047844),.UNSPECIFIED.);
#125=B_SPLINE_SURFACE_WITH_KNOTS('',3,3,((#10866,#10867,#10868,#10869),
(#10870,#10871,#10872,#10873),(#10874,#10875,#10876,#10877),(#10878,#10879,
#10880,#10881)),.UNSPECIFIED.,.F.,.F.,.F.,(4,4),(4,4),(0.184804306963439,
0.211747146319833),(-0.0534811476696817,0.),.UNSPECIFIED.);
#126=B_SPLINE_SURFACE_WITH_KNOTS('',3,3,((#11203,#11204,#11205,#11206,#11207),
(#11208,#11209,#11210,#11211,#11212),(#11213,#11214,#11215,#11216,#11217),
(#11218,#11219,#11220,#11221,#11222),(#11223,#11224,#11225,#11226,#11227)),
 .UNSPECIFIED.,.F.,.F.,.F.,(4,1,4),(4,1,4),(0.,0.5,1.),(-0.068499401972046,
0.0534884611644991,0.216138945346559),.UNSPECIFIED.);
#127=B_SPLINE_SURFACE_WITH_KNOTS('',3,3,((#11247,#11248,#11249,#11250),
(#11251,#11252,#11253,#11254),(#11255,#11256,#11257,#11258),(#11259,#11260,
#11261,#11262)),.UNSPECIFIED.,.F.,.F.,.F.,(4,4),(4,4),(0.296464245222227,
0.323407084578363),(-0.0534811476691061,0.),.UNSPECIFIED.);
#128=B_SPLINE_SURFACE_WITH_KNOTS('',3,3,((#11273,#11274,#11275,#11276,#11277),
(#11278,#11279,#11280,#11281,#11282),(#11283,#11284,#11285,#11286,#11287),
(#11288,#11289,#11290,#11291,#11292),(#11293,#11294,#11295,#11296,#11297)),
 .UNSPECIFIED.,.F.,.F.,.F.,(4,1,4),(4,1,4),(0.,0.5,1.),(1.42591565574982,
1.54790351088197,1.7105539843915),.UNSPECIFIED.);
#129=B_SPLINE_SURFACE_WITH_KNOTS('',3,3,((#11307,#11308,#11309,#11310),
(#11311,#11312,#11313,#11314),(#11315,#11316,#11317,#11318),(#11319,#11320,
#11321,#11322)),.UNSPECIFIED.,.F.,.F.,.F.,(4,4),(4,4),(0.184804306956886,
0.211747146319833),(-0.0534811476834283,0.),.UNSPECIFIED.);
#130=B_SPLINE_SURFACE_WITH_KNOTS('',3,3,((#11323,#11324,#11325,#11326,#11327),
(#11328,#11329,#11330,#11331,#11332),(#11333,#11334,#11335,#11336,#11337),
(#11338,#11339,#11340,#11341,#11342),(#11343,#11344,#11345,#11346,#11347)),
 .UNSPECIFIED.,.F.,.F.,.F.,(4,1,4),(4,1,4),(0.,0.5,1.),(1.50959994064086,
1.63158779431926,1.79423826589046),.UNSPECIFIED.);
#131=B_SPLINE_SURFACE_WITH_KNOTS('',3,3,((#11369,#11370,#11371,#11372),
(#11373,#11374,#11375,#11376),(#11377,#11378,#11379,#11380),(#11381,#11382,
#11383,#11384)),.UNSPECIFIED.,.F.,.F.,.F.,(4,4),(4,4),(0.296464245222227,
0.323407084578363),(-0.0534811476691058,0.),.UNSPECIFIED.);
#132=B_SPLINE_SURFACE_WITH_KNOTS('',3,3,((#11395,#11396,#11397,#11398,#11399),
(#11400,#11401,#11402,#11403,#11404),(#11405,#11406,#11407,#11408,#11409),
(#11410,#11411,#11412,#11413,#11414),(#11415,#11416,#11417,#11418,#11419)),
 .UNSPECIFIED.,.F.,.F.,.F.,(4,1,4),(4,1,4),(0.,0.5,1.),(-0.152183308410059,
-0.0301954548384551,0.13245501659035),.UNSPECIFIED.);
#133=B_SPLINE_SURFACE_WITH_KNOTS('',3,3,((#11429,#11430,#11431,#11432),
(#11433,#11434,#11435,#11436),(#11437,#11438,#11439,#11440),(#11441,#11442,
#11443,#11444)),.UNSPECIFIED.,.F.,.F.,.F.,(4,4),(4,4),(0.184804306963695,
0.211747146319833),(-0.0534811476691098,0.),.UNSPECIFIED.);
#134=B_SPLINE_SURFACE_WITH_KNOTS('',3,3,((#11445,#11446,#11447,#11448,#11449),
(#11450,#11451,#11452,#11453,#11454),(#11455,#11456,#11457,#11458,#11459),
(#11460,#11461,#11462,#11463,#11464),(#11465,#11466,#11467,#11468,#11469)),
 .UNSPECIFIED.,.F.,.F.,.F.,(4,1,4),(4,1,4),(0.,0.5,1.),(-0.0684993873783852,
0.0534884678361911,0.216138941455626),.UNSPECIFIED.);
#135=B_SPLINE_SURFACE_WITH_KNOTS('',3,3,((#11489,#11490,#11491,#11492),
(#11493,#11494,#11495,#11496),(#11497,#11498,#11499,#11500),(#11501,#11502,
#11503,#11504)),.UNSPECIFIED.,.F.,.F.,.F.,(4,4),(4,4),(0.296464245222227,
0.323407084578363),(-0.0534811476691059,0.),.UNSPECIFIED.);
#136=B_SPLINE_SURFACE_WITH_KNOTS('',3,3,((#11515,#11516,#11517,#11518,#11519),
(#11520,#11521,#11522,#11523,#11524),(#11525,#11526,#11527,#11528,#11529),
(#11530,#11531,#11532,#11533,#11534),(#11535,#11536,#11537,#11538,#11539)),
 .UNSPECIFIED.,.F.,.F.,.F.,(4,1,4),(4,1,4),(0.,0.5,1.),(1.42591488335209,
1.54790274640624,1.71055323047844),.UNSPECIFIED.);
#137=B_SPLINE_SURFACE_WITH_KNOTS('',3,3,((#11549,#11550,#11551,#11552),
(#11553,#11554,#11555,#11556),(#11557,#11558,#11559,#11560),(#11561,#11562,
#11563,#11564)),.UNSPECIFIED.,.F.,.F.,.F.,(4,4),(4,4),(0.184804306963439,
0.211747146319833),(-0.0534811476696819,0.),.UNSPECIFIED.);
#138=B_SPLINE_SURFACE_WITH_KNOTS('',3,3,((#11565,#11566,#11567,#11568,#11569),
(#11570,#11571,#11572,#11573,#11574),(#11575,#11576,#11577,#11578,#11579),
(#11580,#11581,#11582,#11583,#11584),(#11585,#11586,#11587,#11588,#11589)),
 .UNSPECIFIED.,.F.,.F.,.F.,(4,1,4),(4,1,4),(0.,0.5,1.),(-0.068499401972046,
0.0534884611645001,0.216138945346562),.UNSPECIFIED.);
#139=B_SPLINE_SURFACE_WITH_KNOTS('',3,3,((#11615,#11616,#11617,#11618,#11619),
(#11620,#11621,#11622,#11623,#11624),(#11625,#11626,#11627,#11628,#11629),
(#11630,#11631,#11632,#11633,#11634),(#11635,#11636,#11637,#11638,#11639)),
 .UNSPECIFIED.,.F.,.F.,.F.,(4,1,4),(4,1,4),(0.,0.5,1.),(1.42591565574982,
1.54790351088197,1.7105539843915),.UNSPECIFIED.);
#140=B_SPLINE_SURFACE_WITH_KNOTS('',3,3,((#11644,#11645,#11646,#11647),
(#11648,#11649,#11650,#11651),(#11652,#11653,#11654,#11655),(#11656,#11657,
#11658,#11659)),.UNSPECIFIED.,.F.,.F.,.F.,(4,4),(4,4),(0.296464245222227,
0.323407084578363),(-0.053481147669106,0.),.UNSPECIFIED.);
#141=B_SPLINE_SURFACE_WITH_KNOTS('',3,3,((#11661,#11662,#11663,#11664),
(#11665,#11666,#11667,#11668),(#11669,#11670,#11671,#11672),(#11673,#11674,
#11675,#11676)),.UNSPECIFIED.,.F.,.F.,.F.,(4,4),(4,4),(0.184804306956887,
0.211747146319833),(-0.0534811476834284,0.),.UNSPECIFIED.);
#142=B_SPLINE_SURFACE_WITH_KNOTS('',3,3,((#11690,#11691,#11692,#11693,#11694),
(#11695,#11696,#11697,#11698,#11699),(#11700,#11701,#11702,#11703,#11704),
(#11705,#11706,#11707,#11708,#11709),(#11710,#11711,#11712,#11713,#11714)),
 .UNSPECIFIED.,.F.,.F.,.F.,(4,1,4),(4,1,4),(0.,0.5,1.),(1.50959994064086,
1.67225041221206,1.79423826589046),.UNSPECIFIED.);
#143=B_SPLINE_SURFACE_WITH_KNOTS('',3,3,((#11730,#11731,#11732,#11733,#11734),
(#11735,#11736,#11737,#11738,#11739),(#11740,#11741,#11742,#11743,#11744),
(#11745,#11746,#11747,#11748,#11749),(#11750,#11751,#11752,#11753,#11754)),
 .UNSPECIFIED.,.F.,.F.,.F.,(4,1,4),(4,1,4),(0.,0.5,1.),(-0.152183308410056,
0.0104671630574894,0.132455016658149),.UNSPECIFIED.);
#144=B_SPLINE_SURFACE_WITH_KNOTS('',3,3,((#11760,#11761,#11762,#11763),
(#11764,#11765,#11766,#11767),(#11768,#11769,#11770,#11771),(#11772,#11773,
#11774,#11775)),.UNSPECIFIED.,.F.,.F.,.F.,(4,4),(4,4),(0.184804306963695,
0.211747146319833),(-0.0534811476691098,0.),.UNSPECIFIED.);
#145=B_SPLINE_SURFACE_WITH_KNOTS('',3,3,((#11776,#11777,#11778,#11779),
(#11780,#11781,#11782,#11783),(#11784,#11785,#11786,#11787),(#11788,#11789,
#11790,#11791)),.UNSPECIFIED.,.F.,.F.,.F.,(4,4),(4,4),(0.296464245222227,
0.323407084578363),(-0.0534811476691062,0.),.UNSPECIFIED.);
#146=B_SPLINE_SURFACE_WITH_KNOTS('',3,1,((#12259,#12260),(#12261,#12262),
(#12263,#12264),(#12265,#12266),(#12267,#12268),(#12269,#12270),(#12271,
#12272)),.UNSPECIFIED.,.F.,.F.,.F.,(4,3,4),(2,2),(-1.,-0.28074217867958,
0.),(0.,0.3),.UNSPECIFIED.);
#147=B_SPLINE_SURFACE_WITH_KNOTS('',3,1,((#12284,#12285),(#12286,#12287),
(#12288,#12289),(#12290,#12291),(#12292,#12293),(#12294,#12295),(#12296,
#12297)),.UNSPECIFIED.,.F.,.F.,.F.,(4,3,4),(2,2),(0.,0.710283751862059,
1.),(0.,0.3),.UNSPECIFIED.);
#148=B_SPLINE_SURFACE_WITH_KNOTS('',3,1,((#12307,#12308),(#12309,#12310),
(#12311,#12312),(#12313,#12314),(#12315,#12316),(#12317,#12318),(#12319,
#12320)),.UNSPECIFIED.,.F.,.F.,.F.,(4,3,4),(2,2),(-1.,-0.280742178679635,
0.),(0.,0.3),.UNSPECIFIED.);
#149=B_SPLINE_SURFACE_WITH_KNOTS('',3,1,((#12330,#12331),(#12332,#12333),
(#12334,#12335),(#12336,#12337),(#12338,#12339),(#12340,#12341),(#12342,
#12343)),.UNSPECIFIED.,.F.,.F.,.F.,(4,3,4),(2,2),(0.,0.710283751861431,
1.),(0.,0.3),.UNSPECIFIED.);
#150=B_SPLINE_SURFACE_WITH_KNOTS('',3,1,((#12353,#12354),(#12355,#12356),
(#12357,#12358),(#12359,#12360),(#12361,#12362),(#12363,#12364),(#12365,
#12366)),.UNSPECIFIED.,.F.,.F.,.F.,(4,3,4),(2,2),(-1.,-0.280742178679507,
0.),(0.,0.3),.UNSPECIFIED.);
#151=B_SPLINE_SURFACE_WITH_KNOTS('',3,1,((#12376,#12377),(#12378,#12379),
(#12380,#12381),(#12382,#12383),(#12384,#12385),(#12386,#12387),(#12388,
#12389)),.UNSPECIFIED.,.F.,.F.,.F.,(4,3,4),(2,2),(0.,0.71028375186176,1.),
(0.,0.3),.UNSPECIFIED.);
#152=B_SPLINE_SURFACE_WITH_KNOTS('',3,1,((#12399,#12400),(#12401,#12402),
(#12403,#12404),(#12405,#12406),(#12407,#12408),(#12409,#12410),(#12411,
#12412)),.UNSPECIFIED.,.F.,.F.,.F.,(4,3,4),(2,2),(-1.,-0.280742178679082,
0.),(0.,0.3),.UNSPECIFIED.);
#153=B_SPLINE_SURFACE_WITH_KNOTS('',3,1,((#12422,#12423),(#12424,#12425),
(#12426,#12427),(#12428,#12429),(#12430,#12431),(#12432,#12433),(#12434,
#12435)),.UNSPECIFIED.,.F.,.F.,.F.,(4,3,4),(2,2),(0.,0.710283751862813,
1.),(0.,0.3),.UNSPECIFIED.);
#154=B_SPLINE_SURFACE_WITH_KNOTS('',3,1,((#12445,#12446),(#12447,#12448),
(#12449,#12450),(#12451,#12452),(#12453,#12454),(#12455,#12456),(#12457,
#12458)),.UNSPECIFIED.,.F.,.F.,.F.,(4,3,4),(2,2),(-1.,-0.280742178679633,
0.),(0.,0.3),.UNSPECIFIED.);
#155=B_SPLINE_SURFACE_WITH_KNOTS('',3,1,((#12468,#12469),(#12470,#12471),
(#12472,#12473),(#12474,#12475),(#12476,#12477),(#12478,#12479),(#12480,
#12481)),.UNSPECIFIED.,.F.,.F.,.F.,(4,3,4),(2,2),(0.,0.710283751861942,
1.),(0.,0.3),.UNSPECIFIED.);
#156=B_SPLINE_SURFACE_WITH_KNOTS('',3,1,((#12491,#12492),(#12493,#12494),
(#12495,#12496),(#12497,#12498),(#12499,#12500),(#12501,#12502),(#12503,
#12504)),.UNSPECIFIED.,.F.,.F.,.F.,(4,3,4),(2,2),(-1.,-0.280742178679134,
0.),(0.,0.3),.UNSPECIFIED.);
#157=B_SPLINE_SURFACE_WITH_KNOTS('',3,1,((#12514,#12515),(#12516,#12517),
(#12518,#12519),(#12520,#12521),(#12522,#12523),(#12524,#12525),(#12526,
#12527)),.UNSPECIFIED.,.F.,.F.,.F.,(4,3,4),(2,2),(0.,0.710283751862486,
1.),(0.,0.3),.UNSPECIFIED.);
#158=B_SPLINE_SURFACE_WITH_KNOTS('',3,1,((#12537,#12538),(#12539,#12540),
(#12541,#12542),(#12543,#12544),(#12545,#12546),(#12547,#12548),(#12549,
#12550)),.UNSPECIFIED.,.F.,.F.,.F.,(4,3,4),(2,2),(-1.,-0.280742178679839,
0.),(0.,0.3),.UNSPECIFIED.);
#159=B_SPLINE_SURFACE_WITH_KNOTS('',3,1,((#12560,#12561),(#12562,#12563),
(#12564,#12565),(#12566,#12567),(#12568,#12569),(#12570,#12571),(#12572,
#12573)),.UNSPECIFIED.,.F.,.F.,.F.,(4,3,4),(2,2),(0.,0.710283751862417,
1.),(0.,0.3),.UNSPECIFIED.);
#160=B_SPLINE_SURFACE_WITH_KNOTS('',3,1,((#12583,#12584),(#12585,#12586),
(#12587,#12588),(#12589,#12590),(#12591,#12592),(#12593,#12594),(#12595,
#12596)),.UNSPECIFIED.,.F.,.F.,.F.,(4,3,4),(2,2),(-1.,-0.280742178680019,
0.),(0.,0.3),.UNSPECIFIED.);
#161=B_SPLINE_SURFACE_WITH_KNOTS('',3,1,((#12606,#12607),(#12608,#12609),
(#12610,#12611),(#12612,#12613),(#12614,#12615),(#12616,#12617),(#12618,
#12619)),.UNSPECIFIED.,.F.,.F.,.F.,(4,3,4),(2,2),(0.,0.710283751862482,
1.),(0.,0.3),.UNSPECIFIED.);
#162=B_SPLINE_SURFACE_WITH_KNOTS('',3,1,((#12629,#12630),(#12631,#12632),
(#12633,#12634),(#12635,#12636),(#12637,#12638),(#12639,#12640),(#12641,
#12642)),.UNSPECIFIED.,.F.,.F.,.F.,(4,3,4),(2,2),(-1.,-0.280742178679626,
0.),(0.,0.3),.UNSPECIFIED.);
#163=B_SPLINE_SURFACE_WITH_KNOTS('',3,1,((#12652,#12653),(#12654,#12655),
(#12656,#12657),(#12658,#12659),(#12660,#12661),(#12662,#12663),(#12664,
#12665)),.UNSPECIFIED.,.F.,.F.,.F.,(4,3,4),(2,2),(0.,0.710283751861643,
1.),(0.,0.3),.UNSPECIFIED.);
#164=B_SPLINE_SURFACE_WITH_KNOTS('',3,1,((#12675,#12676),(#12677,#12678),
(#12679,#12680),(#12681,#12682),(#12683,#12684),(#12685,#12686),(#12687,
#12688)),.UNSPECIFIED.,.F.,.F.,.F.,(4,3,4),(2,2),(-1.,-0.280742178679495,
0.),(0.,0.3),.UNSPECIFIED.);
#165=B_SPLINE_SURFACE_WITH_KNOTS('',3,1,((#12698,#12699),(#12700,#12701),
(#12702,#12703),(#12704,#12705),(#12706,#12707),(#12708,#12709),(#12710,
#12711)),.UNSPECIFIED.,.F.,.F.,.F.,(4,3,4),(2,2),(0.,0.710283751863492,
1.),(0.,0.3),.UNSPECIFIED.);
#166=B_SPLINE_SURFACE_WITH_KNOTS('',3,1,((#12721,#12722),(#12723,#12724),
(#12725,#12726),(#12727,#12728),(#12729,#12730),(#12731,#12732),(#12733,
#12734)),.UNSPECIFIED.,.F.,.F.,.F.,(4,3,4),(2,2),(-1.,-0.280742178680048,
0.),(0.,0.3),.UNSPECIFIED.);
#167=B_SPLINE_SURFACE_WITH_KNOTS('',3,1,((#12744,#12745),(#12746,#12747),
(#12748,#12749),(#12750,#12751),(#12752,#12753),(#12754,#12755),(#12756,
#12757)),.UNSPECIFIED.,.F.,.F.,.F.,(4,3,4),(2,2),(0.,0.710283751863236,
1.),(0.,0.3),.UNSPECIFIED.);
#168=B_SPLINE_SURFACE_WITH_KNOTS('',3,1,((#12767,#12768),(#12769,#12770),
(#12771,#12772),(#12773,#12774),(#12775,#12776),(#12777,#12778),(#12779,
#12780)),.UNSPECIFIED.,.F.,.F.,.F.,(4,3,4),(2,2),(-1.,-0.280742178679779,
0.),(0.,0.3),.UNSPECIFIED.);
#169=B_SPLINE_SURFACE_WITH_KNOTS('',3,1,((#12790,#12791),(#12792,#12793),
(#12794,#12795),(#12796,#12797),(#12798,#12799),(#12800,#12801),(#12802,
#12803)),.UNSPECIFIED.,.F.,.F.,.F.,(4,3,4),(2,2),(0.,0.710283751862723,
1.),(0.,0.3),.UNSPECIFIED.);
#170=B_SPLINE_SURFACE_WITH_KNOTS('',3,1,((#12813,#12814),(#12815,#12816),
(#12817,#12818),(#12819,#12820),(#12821,#12822),(#12823,#12824),(#12825,
#12826)),.UNSPECIFIED.,.F.,.F.,.F.,(4,3,4),(2,2),(-1.,-0.280742178679247,
0.),(0.,0.3),.UNSPECIFIED.);
#171=B_SPLINE_SURFACE_WITH_KNOTS('',3,1,((#12836,#12837),(#12838,#12839),
(#12840,#12841),(#12842,#12843),(#12844,#12845),(#12846,#12847),(#12848,
#12849)),.UNSPECIFIED.,.F.,.F.,.F.,(4,3,4),(2,2),(0.,0.710283751862162,
1.),(0.,0.3),.UNSPECIFIED.);
#172=B_SPLINE_SURFACE_WITH_KNOTS('',3,1,((#12859,#12860),(#12861,#12862),
(#12863,#12864),(#12865,#12866),(#12867,#12868),(#12869,#12870),(#12871,
#12872)),.UNSPECIFIED.,.F.,.F.,.F.,(4,3,4),(2,2),(-1.,-0.280742178679408,
0.),(0.,0.3),.UNSPECIFIED.);
#173=B_SPLINE_SURFACE_WITH_KNOTS('',3,1,((#12882,#12883),(#12884,#12885),
(#12886,#12887),(#12888,#12889),(#12890,#12891),(#12892,#12893),(#12894,
#12895)),.UNSPECIFIED.,.F.,.F.,.F.,(4,3,4),(2,2),(0.,0.710283751862742,
1.),(0.,0.3),.UNSPECIFIED.);
#174=B_SPLINE_SURFACE_WITH_KNOTS('',3,1,((#12905,#12906),(#12907,#12908),
(#12909,#12910),(#12911,#12912),(#12913,#12914),(#12915,#12916),(#12917,
#12918)),.UNSPECIFIED.,.F.,.F.,.F.,(4,3,4),(2,2),(-1.,-0.280742178680143,
0.),(0.,0.3),.UNSPECIFIED.);
#175=B_SPLINE_SURFACE_WITH_KNOTS('',3,1,((#12928,#12929),(#12930,#12931),
(#12932,#12933),(#12934,#12935),(#12936,#12937),(#12938,#12939),(#12940,
#12941)),.UNSPECIFIED.,.F.,.F.,.F.,(4,3,4),(2,2),(0.,0.710283751863398,
1.),(0.,0.3),.UNSPECIFIED.);
#176=B_SPLINE_SURFACE_WITH_KNOTS('',3,1,((#12951,#12952),(#12953,#12954),
(#12955,#12956),(#12957,#12958),(#12959,#12960),(#12961,#12962),(#12963,
#12964)),.UNSPECIFIED.,.F.,.F.,.F.,(4,3,4),(2,2),(-1.,-0.280742178679458,
0.),(0.,0.3),.UNSPECIFIED.);
#177=B_SPLINE_SURFACE_WITH_KNOTS('',3,1,((#12974,#12975),(#12976,#12977),
(#12978,#12979),(#12980,#12981),(#12982,#12983),(#12984,#12985),(#12986,
#12987)),.UNSPECIFIED.,.F.,.F.,.F.,(4,3,4),(2,2),(0.,0.710283751862537,
1.),(0.,0.3),.UNSPECIFIED.);
#178=B_SPLINE_SURFACE_WITH_KNOTS('',3,1,((#12997,#12998),(#12999,#13000),
(#13001,#13002),(#13003,#13004),(#13005,#13006),(#13007,#13008),(#13009,
#13010)),.UNSPECIFIED.,.F.,.F.,.F.,(4,3,4),(2,2),(-1.,-0.280742178679806,
0.),(0.,0.3),.UNSPECIFIED.);
#179=B_SPLINE_SURFACE_WITH_KNOTS('',3,1,((#13020,#13021),(#13022,#13023),
(#13024,#13025),(#13026,#13027),(#13028,#13029),(#13030,#13031),(#13032,
#13033)),.UNSPECIFIED.,.F.,.F.,.F.,(4,3,4),(2,2),(0.,0.710283751862489,
1.),(0.,0.3),.UNSPECIFIED.);
#180=B_SPLINE_SURFACE_WITH_KNOTS('',3,1,((#13043,#13044),(#13045,#13046),
(#13047,#13048),(#13049,#13050),(#13051,#13052),(#13053,#13054),(#13055,
#13056)),.UNSPECIFIED.,.F.,.F.,.F.,(4,3,4),(2,2),(-1.,-0.280742178679854,
0.),(0.,0.3),.UNSPECIFIED.);
#181=B_SPLINE_SURFACE_WITH_KNOTS('',3,1,((#13066,#13067),(#13068,#13069),
(#13070,#13071),(#13072,#13073),(#13074,#13075),(#13076,#13077),(#13078,
#13079)),.UNSPECIFIED.,.F.,.F.,.F.,(4,3,4),(2,2),(0.,0.710283751861983,
1.),(0.,0.3),.UNSPECIFIED.);
#182=B_SPLINE_SURFACE_WITH_KNOTS('',3,1,((#13089,#13090),(#13091,#13092),
(#13093,#13094),(#13095,#13096),(#13097,#13098),(#13099,#13100),(#13101,
#13102)),.UNSPECIFIED.,.F.,.F.,.F.,(4,3,4),(2,2),(-1.,-0.280742178679652,
0.),(0.,0.3),.UNSPECIFIED.);
#183=B_SPLINE_SURFACE_WITH_KNOTS('',3,1,((#13112,#13113),(#13114,#13115),
(#13116,#13117),(#13118,#13119),(#13120,#13121),(#13122,#13123),(#13124,
#13125)),.UNSPECIFIED.,.F.,.F.,.F.,(4,3,4),(2,2),(0.,0.710283751862199,
1.),(0.,0.3),.UNSPECIFIED.);
#184=B_SPLINE_SURFACE_WITH_KNOTS('',3,1,((#13135,#13136),(#13137,#13138),
(#13139,#13140),(#13141,#13142),(#13143,#13144),(#13145,#13146),(#13147,
#13148)),.UNSPECIFIED.,.F.,.F.,.F.,(4,3,4),(2,2),(-1.,-0.280742178679291,
0.),(0.,0.3),.UNSPECIFIED.);
#185=B_SPLINE_SURFACE_WITH_KNOTS('',3,1,((#13158,#13159),(#13160,#13161),
(#13162,#13163),(#13164,#13165),(#13166,#13167),(#13168,#13169),(#13170,
#13171)),.UNSPECIFIED.,.F.,.F.,.F.,(4,3,4),(2,2),(0.,0.710283751862811,
1.),(0.,0.3),.UNSPECIFIED.);
#186=B_SPLINE_CURVE_WITH_KNOTS('',3,(#8402,#8403,#8404,#8405,#8406,#8407,
#8408),.UNSPECIFIED.,.F.,.F.,(4,3,4),(0.,0.280742178679678,1.),
 .UNSPECIFIED.);
#187=B_SPLINE_CURVE_WITH_KNOTS('',3,(#8410,#8411,#8412,#8413,#8414,#8415,
#8416),.UNSPECIFIED.,.F.,.F.,(4,3,4),(-1.,-0.710283751862569,0.),
 .UNSPECIFIED.);
#188=B_SPLINE_CURVE_WITH_KNOTS('',3,(#8418,#8419,#8420,#8421,#8422,#8423,
#8424),.UNSPECIFIED.,.F.,.F.,(4,3,4),(0.,0.280742178679642,1.),
 .UNSPECIFIED.);
#189=B_SPLINE_CURVE_WITH_KNOTS('',3,(#8426,#8427,#8428,#8429,#8430,#8431,
#8432),.UNSPECIFIED.,.F.,.F.,(4,3,4),(-1.,-0.71028375186255,0.),
 .UNSPECIFIED.);
#190=B_SPLINE_CURVE_WITH_KNOTS('',3,(#8434,#8435,#8436,#8437,#8438,#8439,
#8440),.UNSPECIFIED.,.F.,.F.,(4,3,4),(0.,0.280742178679643,1.),
 .UNSPECIFIED.);
#191=B_SPLINE_CURVE_WITH_KNOTS('',3,(#8442,#8443,#8444,#8445,#8446,#8447,
#8448),.UNSPECIFIED.,.F.,.F.,(4,3,4),(-1.,-0.710283751862529,0.),
 .UNSPECIFIED.);
#192=B_SPLINE_CURVE_WITH_KNOTS('',3,(#8450,#8451,#8452,#8453,#8454,#8455,
#8456),.UNSPECIFIED.,.F.,.F.,(4,3,4),(0.,0.280742178679613,1.),
 .UNSPECIFIED.);
#193=B_SPLINE_CURVE_WITH_KNOTS('',3,(#8458,#8459,#8460,#8461,#8462,#8463,
#8464),.UNSPECIFIED.,.F.,.F.,(4,3,4),(-1.,-0.710283751862391,0.),
 .UNSPECIFIED.);
#194=B_SPLINE_CURVE_WITH_KNOTS('',3,(#8466,#8467,#8468,#8469,#8470,#8471,
#8472),.UNSPECIFIED.,.F.,.F.,(4,3,4),(0.,0.280742178679673,1.),
 .UNSPECIFIED.);
#195=B_SPLINE_CURVE_WITH_KNOTS('',3,(#8474,#8475,#8476,#8477,#8478,#8479,
#8480),.UNSPECIFIED.,.F.,.F.,(4,3,4),(-1.,-0.710283751862469,0.),
 .UNSPECIFIED.);
#196=B_SPLINE_CURVE_WITH_KNOTS('',3,(#8482,#8483,#8484,#8485,#8486,#8487,
#8488),.UNSPECIFIED.,.F.,.F.,(4,3,4),(0.,0.280742178679714,1.),
 .UNSPECIFIED.);
#197=B_SPLINE_CURVE_WITH_KNOTS('',3,(#8490,#8491,#8492,#8493,#8494,#8495,
#8496),.UNSPECIFIED.,.F.,.F.,(4,3,4),(-1.,-0.710283751862515,0.),
 .UNSPECIFIED.);
#198=B_SPLINE_CURVE_WITH_KNOTS('',3,(#8498,#8499,#8500,#8501,#8502,#8503,
#8504),.UNSPECIFIED.,.F.,.F.,(4,3,4),(0.,0.280742178679675,1.),
 .UNSPECIFIED.);
#199=B_SPLINE_CURVE_WITH_KNOTS('',3,(#8506,#8507,#8508,#8509,#8510,#8511,
#8512),.UNSPECIFIED.,.F.,.F.,(4,3,4),(-1.,-0.710283751862494,0.),
 .UNSPECIFIED.);
#200=B_SPLINE_CURVE_WITH_KNOTS('',3,(#8514,#8515,#8516,#8517,#8518,#8519,
#8520),.UNSPECIFIED.,.F.,.F.,(4,3,4),(0.,0.280742178679687,1.),
 .UNSPECIFIED.);
#201=B_SPLINE_CURVE_WITH_KNOTS('',3,(#8522,#8523,#8524,#8525,#8526,#8527,
#8528),.UNSPECIFIED.,.F.,.F.,(4,3,4),(-1.,-0.710283751862601,0.),
 .UNSPECIFIED.);
#202=B_SPLINE_CURVE_WITH_KNOTS('',3,(#8530,#8531,#8532,#8533,#8534,#8535,
#8536),.UNSPECIFIED.,.F.,.F.,(4,3,4),(0.,0.28074217867973,1.),
 .UNSPECIFIED.);
#203=B_SPLINE_CURVE_WITH_KNOTS('',3,(#8538,#8539,#8540,#8541,#8542,#8543,
#8544),.UNSPECIFIED.,.F.,.F.,(4,3,4),(-1.,-0.710283751862477,0.),
 .UNSPECIFIED.);
#204=B_SPLINE_CURVE_WITH_KNOTS('',3,(#8546,#8547,#8548,#8549,#8550,#8551,
#8552),.UNSPECIFIED.,.F.,.F.,(4,3,4),(0.,0.280742178679672,1.),
 .UNSPECIFIED.);
#205=B_SPLINE_CURVE_WITH_KNOTS('',3,(#8554,#8555,#8556,#8557,#8558,#8559,
#8560),.UNSPECIFIED.,.F.,.F.,(4,3,4),(-1.,-0.710283751862452,0.),
 .UNSPECIFIED.);
#206=B_SPLINE_CURVE_WITH_KNOTS('',3,(#8562,#8563,#8564,#8565,#8566,#8567,
#8568),.UNSPECIFIED.,.F.,.F.,(4,3,4),(0.,0.280742178679705,1.),
 .UNSPECIFIED.);
#207=B_SPLINE_CURVE_WITH_KNOTS('',3,(#8570,#8571,#8572,#8573,#8574,#8575,
#8576),.UNSPECIFIED.,.F.,.F.,(4,3,4),(-1.,-0.710283751862464,0.),
 .UNSPECIFIED.);
#208=B_SPLINE_CURVE_WITH_KNOTS('',3,(#8578,#8579,#8580,#8581,#8582,#8583,
#8584),.UNSPECIFIED.,.F.,.F.,(4,3,4),(0.,0.280742178679675,1.),
 .UNSPECIFIED.);
#209=B_SPLINE_CURVE_WITH_KNOTS('',3,(#8586,#8587,#8588,#8589,#8590,#8591,
#8592),.UNSPECIFIED.,.F.,.F.,(4,3,4),(-1.,-0.710283751862494,0.),
 .UNSPECIFIED.);
#210=B_SPLINE_CURVE_WITH_KNOTS('',3,(#8594,#8595,#8596,#8597,#8598,#8599,
#8600),.UNSPECIFIED.,.F.,.F.,(4,3,4),(0.,0.28074217867969,1.),
 .UNSPECIFIED.);
#211=B_SPLINE_CURVE_WITH_KNOTS('',3,(#8602,#8603,#8604,#8605,#8606,#8607,
#8608),.UNSPECIFIED.,.F.,.F.,(4,3,4),(-1.,-0.7102837518624,0.),
 .UNSPECIFIED.);
#212=B_SPLINE_CURVE_WITH_KNOTS('',3,(#8610,#8611,#8612,#8613,#8614,#8615,
#8616),.UNSPECIFIED.,.F.,.F.,(4,3,4),(0.,0.280742178679682,1.),
 .UNSPECIFIED.);
#213=B_SPLINE_CURVE_WITH_KNOTS('',3,(#8618,#8619,#8620,#8621,#8622,#8623,
#8624),.UNSPECIFIED.,.F.,.F.,(4,3,4),(-1.,-0.710283751862515,0.),
 .UNSPECIFIED.);
#214=B_SPLINE_CURVE_WITH_KNOTS('',3,(#8626,#8627,#8628,#8629,#8630,#8631,
#8632),.UNSPECIFIED.,.F.,.F.,(4,3,4),(0.,0.280742178679678,1.),
 .UNSPECIFIED.);
#215=B_SPLINE_CURVE_WITH_KNOTS('',3,(#8634,#8635,#8636,#8637,#8638,#8639,
#8640),.UNSPECIFIED.,.F.,.F.,(4,3,4),(-1.,-0.710283751862362,0.),
 .UNSPECIFIED.);
#216=B_SPLINE_CURVE_WITH_KNOTS('',3,(#8642,#8643,#8644,#8645,#8646,#8647,
#8648),.UNSPECIFIED.,.F.,.F.,(4,3,4),(0.,0.280742178679673,1.),
 .UNSPECIFIED.);
#217=B_SPLINE_CURVE_WITH_KNOTS('',3,(#8650,#8651,#8652,#8653,#8654,#8655,
#8656),.UNSPECIFIED.,.F.,.F.,(4,3,4),(-1.,-0.710283751862568,0.),
 .UNSPECIFIED.);
#218=B_SPLINE_CURVE_WITH_KNOTS('',3,(#8658,#8659,#8660,#8661,#8662,#8663,
#8664),.UNSPECIFIED.,.F.,.F.,(4,3,4),(0.,0.280742178679671,1.),
 .UNSPECIFIED.);
#219=B_SPLINE_CURVE_WITH_KNOTS('',3,(#8666,#8667,#8668,#8669,#8670,#8671,
#8672),.UNSPECIFIED.,.F.,.F.,(4,3,4),(-1.,-0.710283751862544,0.),
 .UNSPECIFIED.);
#220=B_SPLINE_CURVE_WITH_KNOTS('',3,(#8674,#8675,#8676,#8677,#8678,#8679,
#8680),.UNSPECIFIED.,.F.,.F.,(4,3,4),(0.,0.280742178679634,1.),
 .UNSPECIFIED.);
#221=B_SPLINE_CURVE_WITH_KNOTS('',3,(#8682,#8683,#8684,#8685,#8686,#8687,
#8688),.UNSPECIFIED.,.F.,.F.,(4,3,4),(-1.,-0.710283751862527,0.),
 .UNSPECIFIED.);
#222=B_SPLINE_CURVE_WITH_KNOTS('',3,(#8690,#8691,#8692,#8693,#8694,#8695,
#8696),.UNSPECIFIED.,.F.,.F.,(4,3,4),(0.,0.280742178679682,1.),
 .UNSPECIFIED.);
#223=B_SPLINE_CURVE_WITH_KNOTS('',3,(#8698,#8699,#8700,#8701,#8702,#8703,
#8704),.UNSPECIFIED.,.F.,.F.,(4,3,4),(-1.,-0.710283751862515,0.),
 .UNSPECIFIED.);
#224=B_SPLINE_CURVE_WITH_KNOTS('',3,(#8706,#8707,#8708,#8709,#8710,#8711,
#8712),.UNSPECIFIED.,.F.,.F.,(4,3,4),(0.,0.28074217867968,1.),
 .UNSPECIFIED.);
#225=B_SPLINE_CURVE_WITH_KNOTS('',3,(#8713,#8714,#8715,#8716,#8717,#8718,
#8719),.UNSPECIFIED.,.F.,.F.,(4,3,4),(-1.,-0.710283751862626,0.),
 .UNSPECIFIED.);
#226=B_SPLINE_CURVE_WITH_KNOTS('',3,(#8741,#8742,#8743,#8744,#8745,#8746,
#8747),.UNSPECIFIED.,.F.,.F.,(4,3,4),(-1.,-0.280742178679678,0.),
 .UNSPECIFIED.);
#227=B_SPLINE_CURVE_WITH_KNOTS('',3,(#8764,#8765,#8766,#8767,#8768,#8769,
#8770),.UNSPECIFIED.,.F.,.F.,(4,3,4),(0.,0.710283751862569,1.),
 .UNSPECIFIED.);
#228=B_SPLINE_CURVE_WITH_KNOTS('',3,(#8787,#8788,#8789,#8790,#8791,#8792,
#8793),.UNSPECIFIED.,.F.,.F.,(4,3,4),(-1.,-0.280742178679642,0.),
 .UNSPECIFIED.);
#229=B_SPLINE_CURVE_WITH_KNOTS('',3,(#8810,#8811,#8812,#8813,#8814,#8815,
#8816),.UNSPECIFIED.,.F.,.F.,(4,3,4),(0.,0.71028375186255,1.),
 .UNSPECIFIED.);
#230=B_SPLINE_CURVE_WITH_KNOTS('',3,(#8833,#8834,#8835,#8836,#8837,#8838,
#8839),.UNSPECIFIED.,.F.,.F.,(4,3,4),(-1.,-0.280742178679643,0.),
 .UNSPECIFIED.);
#231=B_SPLINE_CURVE_WITH_KNOTS('',3,(#8856,#8857,#8858,#8859,#8860,#8861,
#8862),.UNSPECIFIED.,.F.,.F.,(4,3,4),(0.,0.710283751862529,1.),
 .UNSPECIFIED.);
#232=B_SPLINE_CURVE_WITH_KNOTS('',3,(#8879,#8880,#8881,#8882,#8883,#8884,
#8885),.UNSPECIFIED.,.F.,.F.,(4,3,4),(-1.,-0.280742178679613,0.),
 .UNSPECIFIED.);
#233=B_SPLINE_CURVE_WITH_KNOTS('',3,(#8902,#8903,#8904,#8905,#8906,#8907,
#8908),.UNSPECIFIED.,.F.,.F.,(4,3,4),(0.,0.710283751862391,1.),
 .UNSPECIFIED.);
#234=B_SPLINE_CURVE_WITH_KNOTS('',3,(#8925,#8926,#8927,#8928,#8929,#8930,
#8931),.UNSPECIFIED.,.F.,.F.,(4,3,4),(-1.,-0.280742178679673,0.),
 .UNSPECIFIED.);
#235=B_SPLINE_CURVE_WITH_KNOTS('',3,(#8948,#8949,#8950,#8951,#8952,#8953,
#8954),.UNSPECIFIED.,.F.,.F.,(4,3,4),(0.,0.710283751862469,1.),
 .UNSPECIFIED.);
#236=B_SPLINE_CURVE_WITH_KNOTS('',3,(#8971,#8972,#8973,#8974,#8975,#8976,
#8977),.UNSPECIFIED.,.F.,.F.,(4,3,4),(-1.,-0.280742178679714,0.),
 .UNSPECIFIED.);
#237=B_SPLINE_CURVE_WITH_KNOTS('',3,(#8994,#8995,#8996,#8997,#8998,#8999,
#9000),.UNSPECIFIED.,.F.,.F.,(4,3,4),(0.,0.710283751862515,1.),
 .UNSPECIFIED.);
#238=B_SPLINE_CURVE_WITH_KNOTS('',3,(#9017,#9018,#9019,#9020,#9021,#9022,
#9023),.UNSPECIFIED.,.F.,.F.,(4,3,4),(-1.,-0.280742178679675,0.),
 .UNSPECIFIED.);
#239=B_SPLINE_CURVE_WITH_KNOTS('',3,(#9040,#9041,#9042,#9043,#9044,#9045,
#9046),.UNSPECIFIED.,.F.,.F.,(4,3,4),(0.,0.710283751862494,1.),
 .UNSPECIFIED.);
#240=B_SPLINE_CURVE_WITH_KNOTS('',3,(#9063,#9064,#9065,#9066,#9067,#9068,
#9069),.UNSPECIFIED.,.F.,.F.,(4,3,4),(-1.,-0.280742178679687,0.),
 .UNSPECIFIED.);
#241=B_SPLINE_CURVE_WITH_KNOTS('',3,(#9086,#9087,#9088,#9089,#9090,#9091,
#9092),.UNSPECIFIED.,.F.,.F.,(4,3,4),(0.,0.710283751862601,1.),
 .UNSPECIFIED.);
#242=B_SPLINE_CURVE_WITH_KNOTS('',3,(#9109,#9110,#9111,#9112,#9113,#9114,
#9115),.UNSPECIFIED.,.F.,.F.,(4,3,4),(-1.,-0.28074217867973,0.),
 .UNSPECIFIED.);
#243=B_SPLINE_CURVE_WITH_KNOTS('',3,(#9132,#9133,#9134,#9135,#9136,#9137,
#9138),.UNSPECIFIED.,.F.,.F.,(4,3,4),(0.,0.710283751862477,1.),
 .UNSPECIFIED.);
#244=B_SPLINE_CURVE_WITH_KNOTS('',3,(#9155,#9156,#9157,#9158,#9159,#9160,
#9161),.UNSPECIFIED.,.F.,.F.,(4,3,4),(-1.,-0.280742178679672,0.),
 .UNSPECIFIED.);
#245=B_SPLINE_CURVE_WITH_KNOTS('',3,(#9178,#9179,#9180,#9181,#9182,#9183,
#9184),.UNSPECIFIED.,.F.,.F.,(4,3,4),(0.,0.710283751862452,1.),
 .UNSPECIFIED.);
#246=B_SPLINE_CURVE_WITH_KNOTS('',3,(#9201,#9202,#9203,#9204,#9205,#9206,
#9207),.UNSPECIFIED.,.F.,.F.,(4,3,4),(-1.,-0.280742178679705,0.),
 .UNSPECIFIED.);
#247=B_SPLINE_CURVE_WITH_KNOTS('',3,(#9224,#9225,#9226,#9227,#9228,#9229,
#9230),.UNSPECIFIED.,.F.,.F.,(4,3,4),(0.,0.710283751862464,1.),
 .UNSPECIFIED.);
#248=B_SPLINE_CURVE_WITH_KNOTS('',3,(#9247,#9248,#9249,#9250,#9251,#9252,
#9253),.UNSPECIFIED.,.F.,.F.,(4,3,4),(-1.,-0.280742178679675,0.),
 .UNSPECIFIED.);
#249=B_SPLINE_CURVE_WITH_KNOTS('',3,(#9270,#9271,#9272,#9273,#9274,#9275,
#9276),.UNSPECIFIED.,.F.,.F.,(4,3,4),(0.,0.710283751862494,1.),
 .UNSPECIFIED.);
#250=B_SPLINE_CURVE_WITH_KNOTS('',3,(#9293,#9294,#9295,#9296,#9297,#9298,
#9299),.UNSPECIFIED.,.F.,.F.,(4,3,4),(-1.,-0.28074217867969,0.),
 .UNSPECIFIED.);
#251=B_SPLINE_CURVE_WITH_KNOTS('',3,(#9316,#9317,#9318,#9319,#9320,#9321,
#9322),.UNSPECIFIED.,.F.,.F.,(4,3,4),(0.,0.7102837518624,1.),
 .UNSPECIFIED.);
#252=B_SPLINE_CURVE_WITH_KNOTS('',3,(#9339,#9340,#9341,#9342,#9343,#9344,
#9345),.UNSPECIFIED.,.F.,.F.,(4,3,4),(-1.,-0.280742178679682,0.),
 .UNSPECIFIED.);
#253=B_SPLINE_CURVE_WITH_KNOTS('',3,(#9362,#9363,#9364,#9365,#9366,#9367,
#9368),.UNSPECIFIED.,.F.,.F.,(4,3,4),(0.,0.710283751862515,1.),
 .UNSPECIFIED.);
#254=B_SPLINE_CURVE_WITH_KNOTS('',3,(#9385,#9386,#9387,#9388,#9389,#9390,
#9391),.UNSPECIFIED.,.F.,.F.,(4,3,4),(-1.,-0.280742178679678,0.),
 .UNSPECIFIED.);
#255=B_SPLINE_CURVE_WITH_KNOTS('',3,(#9408,#9409,#9410,#9411,#9412,#9413,
#9414),.UNSPECIFIED.,.F.,.F.,(4,3,4),(0.,0.710283751862362,1.),
 .UNSPECIFIED.);
#256=B_SPLINE_CURVE_WITH_KNOTS('',3,(#9431,#9432,#9433,#9434,#9435,#9436,
#9437),.UNSPECIFIED.,.F.,.F.,(4,3,4),(-1.,-0.280742178679673,0.),
 .UNSPECIFIED.);
#257=B_SPLINE_CURVE_WITH_KNOTS('',3,(#9454,#9455,#9456,#9457,#9458,#9459,
#9460),.UNSPECIFIED.,.F.,.F.,(4,3,4),(0.,0.710283751862568,1.),
 .UNSPECIFIED.);
#258=B_SPLINE_CURVE_WITH_KNOTS('',3,(#9477,#9478,#9479,#9480,#9481,#9482,
#9483),.UNSPECIFIED.,.F.,.F.,(4,3,4),(-1.,-0.280742178679671,0.),
 .UNSPECIFIED.);
#259=B_SPLINE_CURVE_WITH_KNOTS('',3,(#9500,#9501,#9502,#9503,#9504,#9505,
#9506),.UNSPECIFIED.,.F.,.F.,(4,3,4),(0.,0.710283751862544,1.),
 .UNSPECIFIED.);
#260=B_SPLINE_CURVE_WITH_KNOTS('',3,(#9523,#9524,#9525,#9526,#9527,#9528,
#9529),.UNSPECIFIED.,.F.,.F.,(4,3,4),(-1.,-0.280742178679634,0.),
 .UNSPECIFIED.);
#261=B_SPLINE_CURVE_WITH_KNOTS('',3,(#9546,#9547,#9548,#9549,#9550,#9551,
#9552),.UNSPECIFIED.,.F.,.F.,(4,3,4),(0.,0.710283751862527,1.),
 .UNSPECIFIED.);
#262=B_SPLINE_CURVE_WITH_KNOTS('',3,(#9569,#9570,#9571,#9572,#9573,#9574,
#9575),.UNSPECIFIED.,.F.,.F.,(4,3,4),(-1.,-0.280742178679682,0.),
 .UNSPECIFIED.);
#263=B_SPLINE_CURVE_WITH_KNOTS('',3,(#9592,#9593,#9594,#9595,#9596,#9597,
#9598),.UNSPECIFIED.,.F.,.F.,(4,3,4),(0.,0.710283751862515,1.),
 .UNSPECIFIED.);
#264=B_SPLINE_CURVE_WITH_KNOTS('',3,(#9615,#9616,#9617,#9618,#9619,#9620,
#9621),.UNSPECIFIED.,.F.,.F.,(4,3,4),(-1.,-0.28074217867968,0.),
 .UNSPECIFIED.);
#265=B_SPLINE_CURVE_WITH_KNOTS('',3,(#9637,#9638,#9639,#9640,#9641,#9642,
#9643),.UNSPECIFIED.,.F.,.F.,(4,3,4),(0.,0.710283751862626,1.),
 .UNSPECIFIED.);
#266=B_SPLINE_CURVE_WITH_KNOTS('',3,(#9649,#9650,#9651,#9652,#9653,#9654,
#9655,#9656,#9657,#9658,#9659,#9660),.UNSPECIFIED.,.F.,.F.,(4,2,2,2,2,4),
(0.176952021100213,0.180746772870687,0.222421388393981,0.261613407379015,
0.297127222461067,0.298924728188181),.UNSPECIFIED.);
#267=B_SPLINE_CURVE_WITH_KNOTS('',3,(#9664,#9665,#9666,#9667,#9668,#9669,
#9670,#9671,#9672,#9673),.UNSPECIFIED.,.F.,.F.,(4,2,2,2,4),(0.373973550308853,
0.412823853766199,0.45763806860033,0.496687683763678,0.497190591967996),
 .UNSPECIFIED.);
#268=B_SPLINE_CURVE_WITH_KNOTS('',3,(#9677,#9678,#9679,#9680),
 .UNSPECIFIED.,.F.,.F.,(4,4),(0.82981369097611,0.872535571841028),
 .UNSPECIFIED.);
#269=B_SPLINE_CURVE_WITH_KNOTS('',3,(#9682,#9683,#9684,#9685,#9686,#9687,
#9688,#9689,#9690,#9691,#9692,#9693,#9694,#9695,#9696,#9697,#9698,#9699,
#9700,#9701,#9702,#9703),.UNSPECIFIED.,.F.,.F.,(4,2,2,2,2,2,2,2,2,2,4),
(0.,0.0752432399076853,0.112864859861528,0.150486479815371,0.184310186387814,
0.218133892960257,0.2519575995327,0.285781306105143,0.323402926058986,0.361024546012829,
0.436267785920514),.UNSPECIFIED.);
#270=B_SPLINE_CURVE_WITH_KNOTS('',3,(#9705,#9706,#9707,#9708),
 .UNSPECIFIED.,.F.,.F.,(4,4),(0.436267788076612,0.478925642719172),
 .UNSPECIFIED.);
#271=B_SPLINE_CURVE_WITH_KNOTS('',3,(#9710,#9711,#9712,#9713,#9714,#9715,
#9716,#9717,#9718,#9719),.UNSPECIFIED.,.F.,.F.,(4,2,2,2,4),(0.168661966491134,
0.192899902057201,0.232302205695102,0.27700132101019,0.291919349125483),
 .UNSPECIFIED.);
#272=B_SPLINE_CURVE_WITH_KNOTS('',3,(#9727,#9728,#9729,#9730,#9731,#9732,
#9733,#9734,#9735,#9736),.UNSPECIFIED.,.F.,.F.,(4,2,2,2,4),(0.373973550308929,
0.412823853766289,0.457638068600438,0.496687683763798,0.497190591968117),
 .UNSPECIFIED.);
#273=B_SPLINE_CURVE_WITH_KNOTS('',3,(#9738,#9739,#9740,#9741),
 .UNSPECIFIED.,.F.,.F.,(4,4),(0.829813690976107,0.872535571841023),
 .UNSPECIFIED.);
#274=B_SPLINE_CURVE_WITH_KNOTS('',3,(#9743,#9744,#9745,#9746,#9747,#9748,
#9749,#9750,#9751,#9752,#9753,#9754,#9755,#9756,#9757,#9758,#9759,#9760,
#9761,#9762,#9763,#9764),.UNSPECIFIED.,.F.,.F.,(4,2,2,2,2,2,2,2,2,2,4),
(0.,0.0752432399076852,0.112864859861528,0.15048647981537,0.184310186387813,
0.218133892960256,0.251957599532699,0.285781306105142,0.323402926058985,
0.361024546012827,0.436267785920512),.UNSPECIFIED.);
#275=B_SPLINE_CURVE_WITH_KNOTS('',3,(#9766,#9767,#9768,#9769),
 .UNSPECIFIED.,.F.,.F.,(4,4),(0.43626778807661,0.47892564271917),
 .UNSPECIFIED.);
#276=B_SPLINE_CURVE_WITH_KNOTS('',3,(#9771,#9772,#9773,#9774,#9775,#9776,
#9777,#9778,#9779,#9780),.UNSPECIFIED.,.F.,.F.,(4,2,2,2,4),(0.168661966491197,
0.19289990205728,0.232302205695209,0.277001321010314,0.291919349125613),
 .UNSPECIFIED.);
#277=B_SPLINE_CURVE_WITH_KNOTS('',3,(#9793,#9794,#9795,#9796,#9797,#9798,
#9799,#9800,#9801,#9802),.UNSPECIFIED.,.F.,.F.,(4,2,2,2,4),(0.373973550308898,
0.412823853766256,0.457638068600405,0.496687683763766,0.497190591968085),
 .UNSPECIFIED.);
#278=B_SPLINE_CURVE_WITH_KNOTS('',3,(#9804,#9805,#9806,#9807),
 .UNSPECIFIED.,.F.,.F.,(4,4),(0.829813690976103,0.872535571841019),
 .UNSPECIFIED.);
#279=B_SPLINE_CURVE_WITH_KNOTS('',3,(#9809,#9810,#9811,#9812,#9813,#9814,
#9815,#9816,#9817,#9818,#9819,#9820,#9821,#9822,#9823,#9824,#9825,#9826,
#9827,#9828,#9829,#9830),.UNSPECIFIED.,.F.,.F.,(4,2,2,2,2,2,2,2,2,2,4),
(0.,0.0752432399076848,0.112864859861527,0.15048647981537,0.184310186387812,
0.218133892960255,0.251957599532698,0.285781306105141,0.323402926058983,
0.361024546012825,0.43626778592051),.UNSPECIFIED.);
#280=B_SPLINE_CURVE_WITH_KNOTS('',3,(#9832,#9833,#9834,#9835),
 .UNSPECIFIED.,.F.,.F.,(4,4),(0.436267788076607,0.478925642719166),
 .UNSPECIFIED.);
#281=B_SPLINE_CURVE_WITH_KNOTS('',3,(#9837,#9838,#9839,#9840,#9841,#9842,
#9843,#9844,#9845,#9846),.UNSPECIFIED.,.F.,.F.,(4,2,2,2,4),(0.168661966491162,
0.192899902057229,0.232302205695134,0.277001321010224,0.291919349125518),
 .UNSPECIFIED.);
#282=B_SPLINE_CURVE_WITH_KNOTS('',3,(#9854,#9855,#9856,#9857,#9858,#9859,
#9860,#9861,#9862,#9863),.UNSPECIFIED.,.F.,.F.,(4,2,2,2,4),(0.373973550308825,
0.412823853766169,0.457638068600304,0.49668768376365,0.497190591967968),
 .UNSPECIFIED.);
#283=B_SPLINE_CURVE_WITH_KNOTS('',3,(#9865,#9866,#9867,#9868),
 .UNSPECIFIED.,.F.,.F.,(4,4),(0.829813690976104,0.872535571841021),
 .UNSPECIFIED.);
#284=B_SPLINE_CURVE_WITH_KNOTS('',3,(#9870,#9871,#9872,#9873,#9874,#9875,
#9876,#9877,#9878,#9879,#9880,#9881,#9882,#9883,#9884,#9885,#9886,#9887,
#9888,#9889,#9890,#9891),.UNSPECIFIED.,.F.,.F.,(4,2,2,2,2,2,2,2,2,2,4),
(0.,0.0752432399076847,0.112864859861527,0.150486479815369,0.184310186387812,
0.218133892960255,0.251957599532698,0.285781306105141,0.323402926058983,
0.361024546012825,0.43626778592051),.UNSPECIFIED.);
#285=B_SPLINE_CURVE_WITH_KNOTS('',3,(#9893,#9894,#9895,#9896),
 .UNSPECIFIED.,.F.,.F.,(4,4),(0.436267788076608,0.478925642719167),
 .UNSPECIFIED.);
#286=B_SPLINE_CURVE_WITH_KNOTS('',3,(#9898,#9899,#9900,#9901,#9902,#9903,
#9904,#9905,#9906,#9907),.UNSPECIFIED.,.F.,.F.,(4,2,2,2,4),(0.168661966491112,
0.192899902057175,0.232302205695069,0.277001321010144,0.291919349125433),
 .UNSPECIFIED.);
#287=B_SPLINE_CURVE_WITH_KNOTS('',3,(#9915,#9916,#9917,#9918,#9919,#9920,
#9921,#9922,#9923,#9924),.UNSPECIFIED.,.F.,.F.,(4,2,2,2,4),(0.373973775619309,
0.411723857280326,0.456525282321496,0.495654887449332,0.497190332684553),
 .UNSPECIFIED.);
#288=B_SPLINE_CURVE_WITH_KNOTS('',3,(#9926,#9927,#9928,#9929),
 .UNSPECIFIED.,.F.,.F.,(4,4),(0.829813690976104,0.872535571841021),
 .UNSPECIFIED.);
#289=B_SPLINE_CURVE_WITH_KNOTS('',3,(#9931,#9932,#9933,#9934,#9935,#9936,
#9937,#9938,#9939,#9940,#9941,#9942,#9943,#9944,#9945,#9946,#9947,#9948,
#9949,#9950,#9951,#9952),.UNSPECIFIED.,.F.,.F.,(4,2,2,2,2,2,2,2,2,2,4),
(0.,0.0752432399076847,0.112864859861527,0.150486479815369,0.184310186387812,
0.218133892960255,0.251957599532698,0.285781306105141,0.323402926058983,
0.361024546012826,0.43626778592051),.UNSPECIFIED.);
#290=B_SPLINE_CURVE_WITH_KNOTS('',3,(#9954,#9955,#9956,#9957),
 .UNSPECIFIED.,.F.,.F.,(4,4),(0.436267788076608,0.478925642719167),
 .UNSPECIFIED.);
#291=B_SPLINE_CURVE_WITH_KNOTS('',3,(#9959,#9960,#9961,#9962,#9963,#9964,
#9965,#9966,#9967,#9968),.UNSPECIFIED.,.F.,.F.,(4,2,2,2,4),(0.168654734837394,
0.192428693464529,0.231085502511853,0.27460714474031,0.291903180315505),
 .UNSPECIFIED.);
#292=B_SPLINE_CURVE_WITH_KNOTS('',3,(#9976,#9977,#9978,#9979,#9980,#9981,
#9982,#9983,#9984,#9985,#9986,#9987,#9988,#9989,#9990,#9991,#9992,#9993,
#9994,#9995,#9996,#9997,#9998,#9999,#10000,#10001),.UNSPECIFIED.,.F.,.F.,
(4,2,2,2,2,2,2,2,2,2,2,2,4),(0.,0.0510691701167214,0.102138340233443,0.149705476797854,
0.189411125975461,0.229116775153068,0.268822424330675,0.308528073508282,
0.356095210072694,0.407164380189415,0.458233550306136,0.509302720422858,
0.514675539067688),.UNSPECIFIED.);
#293=B_SPLINE_CURVE_WITH_KNOTS('',3,(#10003,#10004,#10005,#10006,#10007,
#10008),.UNSPECIFIED.,.F.,.F.,(4,2,4),(0.860074103833739,0.865397930495552,
0.916467100612273),.UNSPECIFIED.);
#294=B_SPLINE_CURVE_WITH_KNOTS('',3,(#10016,#10017,#10018,#10019,#10020,
#10021,#10022,#10023,#10024,#10025),.UNSPECIFIED.,.F.,.F.,(4,2,2,2,4),(0.377689688551845,
0.399067049554339,0.434377043861903,0.473493290998835,0.499800699981463),
 .UNSPECIFIED.);
#295=B_SPLINE_CURVE_WITH_KNOTS('',3,(#10030,#10031,#10032,#10033,#10034,
#10035,#10036,#10037,#10038,#10039,#10040,#10041),.UNSPECIFIED.,.F.,.F.,
(4,2,2,2,2,4),(0.176952021100231,0.180746772870704,0.222421388393999,0.261613407379038,
0.297127222461088,0.298924728188202),.UNSPECIFIED.);
#296=B_SPLINE_CURVE_WITH_KNOTS('',3,(#10046,#10047,#10048,#10049,#10050,
#10051,#10052,#10053,#10054,#10055,#10056,#10057,#10058,#10059,#10060,#10061,
#10062,#10063,#10064,#10065,#10066,#10067,#10068,#10069,#10070,#10071),
 .UNSPECIFIED.,.F.,.F.,(4,2,2,2,2,2,2,2,2,2,2,2,4),(0.,0.0510691701167211,
0.102138340233442,0.149705476797855,0.189411125975462,0.229116775153068,
0.268822424330675,0.308528073508282,0.356095210072695,0.407164380189416,
0.458233550306138,0.50930272042286,0.514675539067689),.UNSPECIFIED.);
#297=B_SPLINE_CURVE_WITH_KNOTS('',3,(#10073,#10074,#10075,#10076,#10077,
#10078),.UNSPECIFIED.,.F.,.F.,(4,2,4),(0.86007410383374,0.865397930495556,
0.916467100612277),.UNSPECIFIED.);
#298=B_SPLINE_CURVE_WITH_KNOTS('',3,(#10086,#10087,#10088,#10089,#10090,
#10091,#10092,#10093,#10094,#10095),.UNSPECIFIED.,.F.,.F.,(4,2,2,2,4),(0.377689688551799,
0.39906704955429,0.43437704386185,0.473493290998776,0.499800699981398),
 .UNSPECIFIED.);
#299=B_SPLINE_CURVE_WITH_KNOTS('',3,(#10100,#10101,#10102,#10103,#10104,
#10105,#10106,#10107,#10108,#10109,#10110,#10111),.UNSPECIFIED.,.F.,.F.,
(4,2,2,2,2,4),(0.176952021100235,0.180746772870707,0.222421388394001,0.261613407379039,
0.297127222461082,0.298924728188195),.UNSPECIFIED.);
#300=B_SPLINE_CURVE_WITH_KNOTS('',3,(#10116,#10117,#10118,#10119,#10120,
#10121,#10122,#10123,#10124,#10125,#10126,#10127,#10128,#10129,#10130,#10131,
#10132,#10133,#10134,#10135,#10136,#10137,#10138,#10139,#10140,#10141),
 .UNSPECIFIED.,.F.,.F.,(4,2,2,2,2,2,2,2,2,2,2,2,4),(0.,0.0510691701167214,
0.102138340233443,0.149705476797856,0.189411125975462,0.229116775153069,
0.268822424330676,0.308528073508283,0.356095210072695,0.407164380189417,
0.45823355030614,0.509302720422862,0.514675539067692),.UNSPECIFIED.);
#301=B_SPLINE_CURVE_WITH_KNOTS('',3,(#10143,#10144,#10145,#10146,#10147,
#10148),.UNSPECIFIED.,.F.,.F.,(4,2,4),(0.860074103833745,0.865397930495558,
0.916467100612279),.UNSPECIFIED.);
#302=B_SPLINE_CURVE_WITH_KNOTS('',3,(#10156,#10157,#10158,#10159,#10160,
#10161,#10162,#10163,#10164,#10165),.UNSPECIFIED.,.F.,.F.,(4,2,2,2,4),(0.377689688551786,
0.39906704955428,0.434377043861843,0.473493290998775,0.499800699981532),
 .UNSPECIFIED.);
#303=B_SPLINE_CURVE_WITH_KNOTS('',3,(#10170,#10171,#10172,#10173,#10174,
#10175,#10176,#10177,#10178,#10179,#10180,#10181),.UNSPECIFIED.,.F.,.F.,
(4,2,2,2,2,4),(0.176952021100219,0.180746772870692,0.22242138839398,0.261613407379013,
0.297127222461062,0.298924728188177),.UNSPECIFIED.);
#304=B_SPLINE_CURVE_WITH_KNOTS('',3,(#10192,#10193,#10194,#10195,#10196,
#10197,#10198,#10199,#10200,#10201),.UNSPECIFIED.,.F.,.F.,(4,2,2,2,4),(0.377689688551843,
0.399067049554334,0.434377043861894,0.473493290998814,0.499800699981435),
 .UNSPECIFIED.);
#305=B_SPLINE_CURVE_WITH_KNOTS('',3,(#10251,#10252,#10253,#10254,#10255,
#10256,#10257,#10258,#10259,#10260),.UNSPECIFIED.,.F.,.F.,(4,2,2,2,4),(0.377689688551827,
0.399067049554315,0.434377043861876,0.473493290998794,0.499800698336696),
 .UNSPECIFIED.);
#306=B_SPLINE_CURVE_WITH_KNOTS('',3,(#10262,#10263,#10264,#10265,#10266,
#10267),.UNSPECIFIED.,.F.,.F.,(4,2,4),(0.860074103833743,0.865397930495556,
0.916467100612278),.UNSPECIFIED.);
#307=B_SPLINE_CURVE_WITH_KNOTS('',3,(#10269,#10270,#10271,#10272,#10273,
#10274,#10275,#10276,#10277,#10278,#10279,#10280,#10281,#10282,#10283,#10284,
#10285,#10286,#10287,#10288,#10289,#10290,#10291,#10292,#10293,#10294),
 .UNSPECIFIED.,.F.,.F.,(4,2,2,2,2,2,2,2,2,2,2,2,4),(0.,0.0510691701167214,
0.102138340233443,0.149705476797856,0.189411125975462,0.229116775153069,
0.268822424330676,0.308528073508283,0.356095210072696,0.407164380189417,
0.458233550306139,0.50930272042286,0.514675539067691),.UNSPECIFIED.);
#308=B_SPLINE_CURVE_WITH_KNOTS('',3,(#10296,#10297,#10298,#10299,#10300,
#10301,#10302,#10303,#10304,#10305,#10306,#10307),.UNSPECIFIED.,.F.,.F.,
(4,2,2,2,2,4),(0.176952022738439,0.180746772870675,0.222421388393964,0.261613407379002,
0.297127222461052,0.298924728188166),.UNSPECIFIED.);
#309=B_SPLINE_CURVE_WITH_KNOTS('',3,(#10310,#10311,#10312,#10313,#10314,
#10315),.UNSPECIFIED.,.F.,.F.,(4,2,4),(0.860074103833742,0.865397930495556,
0.916467100612277),.UNSPECIFIED.);
#310=B_SPLINE_CURVE_WITH_KNOTS('',3,(#10316,#10317,#10318,#10319,#10320,
#10321,#10322,#10323,#10324,#10325,#10326,#10327,#10328,#10329,#10330,#10331,
#10332,#10333,#10334,#10335,#10336,#10337,#10338,#10339,#10340,#10341),
 .UNSPECIFIED.,.F.,.F.,(4,2,2,2,2,2,2,2,2,2,2,2,4),(0.,0.0510691701167215,
0.102138340233443,0.149705476797856,0.189411125975462,0.229116775153069,
0.268822424330676,0.308528073508283,0.356095210072695,0.407164380189417,
0.458233550306139,0.50930272042286,0.514675539067691),.UNSPECIFIED.);
#311=B_SPLINE_CURVE_WITH_KNOTS('',3,(#10392,#10393,#10394,#10395,#10396,
#10397,#10398,#10399,#10400,#10401),.UNSPECIFIED.,.F.,.F.,(4,2,2,2,4),(0.,
0.0643602400445062,0.128205165528664,0.162696695549473,0.190203730728292),
 .UNSPECIFIED.);
#312=B_SPLINE_CURVE_WITH_KNOTS('',3,(#10403,#10404,#10405,#10406,#10407),
 .UNSPECIFIED.,.F.,.F.,(4,1,4),(-0.216138941455626,-0.0941510862410499,
0.0479702269727188),.UNSPECIFIED.);
#313=B_SPLINE_CURVE_WITH_KNOTS('',3,(#10409,#10410,#10411,#10412,#10413,
#10414,#10415,#10416,#10417,#10418),.UNSPECIFIED.,.F.,.F.,(4,2,2,2,4),(0.,
0.0379322183029444,0.077432223268887,0.0981012443643188,0.118697741447601),
 .UNSPECIFIED.);
#314=B_SPLINE_CURVE_WITH_KNOTS('',3,(#10420,#10421,#10422,#10423,#10424,
#10425,#10426,#10427),.UNSPECIFIED.,.F.,.F.,(4,2,2,4),(0.0540320825090646,
0.0682890446757716,0.103717134471634,0.12654923852238),.UNSPECIFIED.);
#315=B_SPLINE_CURVE_WITH_KNOTS('',3,(#10428,#10429,#10430,#10431),
 .UNSPECIFIED.,.F.,.F.,(4,4),(4.36456793333078E-6,0.0639460563656164),
 .UNSPECIFIED.);
#316=B_SPLINE_CURVE_WITH_KNOTS('',3,(#10450,#10451,#10452,#10453),
 .UNSPECIFIED.,.F.,.F.,(4,4),(-0.323407084578363,-0.296464245222227),
 .UNSPECIFIED.);
#317=B_SPLINE_CURVE_WITH_KNOTS('',3,(#10458,#10459,#10460,#10461,#10462,
#10463),.UNSPECIFIED.,.F.,.F.,(4,2,4),(0.,0.0474876111861839,0.0604262698485377),
 .UNSPECIFIED.);
#318=B_SPLINE_CURVE_WITH_KNOTS('',3,(#10469,#10470,#10471,#10472,#10473,
#10474),.UNSPECIFIED.,.F.,.F.,(4,2,4),(0.867426638322287,0.901671575277038,
0.956458945030176),.UNSPECIFIED.);
#319=B_SPLINE_CURVE_WITH_KNOTS('',3,(#10476,#10477,#10478,#10479,#10480,
#10481,#10482,#10483,#10484,#10485,#10486,#10487,#10488,#10489,#10490,#10491,
#10492,#10493,#10494,#10495,#10496,#10497,#10498,#10499,#10500,#10501),
 .UNSPECIFIED.,.F.,.F.,(4,2,2,2,2,2,2,2,2,2,2,2,4),(0.,0.0547873697531388,
0.109574739506278,0.158787155883826,0.198950946070685,0.239114736257544,
0.279278526444403,0.319442316631262,0.368654733008811,0.42344210276195,
0.478229472515088,0.533016842268227,0.567261779222978),.UNSPECIFIED.);
#320=B_SPLINE_CURVE_WITH_KNOTS('',3,(#10503,#10504,#10505,#10506,#10507,
#10508,#10509,#10510),.UNSPECIFIED.,.F.,.F.,(4,2,2,4),(3.99967794223511E-6,
0.0399712428737418,0.0801601429966421,0.11892087293821),.UNSPECIFIED.);
#321=B_SPLINE_CURVE_WITH_KNOTS('',3,(#10514,#10515,#10516,#10517,#10518,
#10519,#10520,#10521,#10522,#10523),.UNSPECIFIED.,.F.,.F.,(4,2,2,2,4),(0.,
0.0379322183027513,0.0774322232684954,0.0981012443641069,0.118697741447595),
 .UNSPECIFIED.);
#322=B_SPLINE_CURVE_WITH_KNOTS('',3,(#10525,#10526,#10527,#10528,#10529,
#10530),.UNSPECIFIED.,.F.,.F.,(4,2,4),(0.867426638322287,0.901671575277038,
0.956458945030177),.UNSPECIFIED.);
#323=B_SPLINE_CURVE_WITH_KNOTS('',3,(#10532,#10533,#10534,#10535,#10536,
#10537,#10538,#10539,#10540,#10541,#10542,#10543,#10544,#10545,#10546,#10547,
#10548,#10549,#10550,#10551,#10552,#10553,#10554,#10555,#10556,#10557),
 .UNSPECIFIED.,.F.,.F.,(4,2,2,2,2,2,2,2,2,2,2,2,4),(0.,0.0547873697531387,
0.109574739506277,0.158787155883826,0.198950946070685,0.239114736257544,
0.279278526444403,0.319442316631262,0.368654733008811,0.42344210276195,
0.478229472515088,0.533016842268227,0.567261779222978),.UNSPECIFIED.);
#324=B_SPLINE_CURVE_WITH_KNOTS('',3,(#10559,#10560,#10561,#10562,#10563,
#10564,#10565,#10566),.UNSPECIFIED.,.F.,.F.,(4,2,2,4),(0.,0.0399712681784235,
0.0801601767751666,0.118916841152771),.UNSPECIFIED.);
#325=B_SPLINE_CURVE_WITH_KNOTS('',3,(#10570,#10571,#10572,#10573,#10574,
#10575,#10576,#10577,#10578,#10579),.UNSPECIFIED.,.F.,.F.,(4,2,2,2,4),(0.,
0.0379322182984989,0.0774322232648909,0.0981012443617328,0.118697741447583),
 .UNSPECIFIED.);
#326=B_SPLINE_CURVE_WITH_KNOTS('',3,(#10581,#10582,#10583,#10584,#10585,
#10586),.UNSPECIFIED.,.F.,.F.,(4,2,4),(0.867426638322287,0.901671575277038,
0.956458945030177),.UNSPECIFIED.);
#327=B_SPLINE_CURVE_WITH_KNOTS('',3,(#10588,#10589,#10590,#10591,#10592,
#10593,#10594,#10595,#10596,#10597,#10598,#10599,#10600,#10601,#10602,#10603,
#10604,#10605,#10606,#10607,#10608,#10609,#10610,#10611,#10612,#10613),
 .UNSPECIFIED.,.F.,.F.,(4,2,2,2,2,2,2,2,2,2,2,2,4),(0.,0.0547873697531387,
0.109574739506277,0.158787155883826,0.198950946070685,0.239114736257544,
0.279278526444403,0.319442316631262,0.368654733008811,0.42344210276195,
0.478229472515088,0.533016842268227,0.567261779222978),.UNSPECIFIED.);
#328=B_SPLINE_CURVE_WITH_KNOTS('',3,(#10615,#10616,#10617,#10618,#10619,
#10620,#10621,#10622),.UNSPECIFIED.,.F.,.F.,(4,2,2,4),(3.99967794224562E-6,
0.0399712428749665,0.0801601429999181,0.118920872938212),.UNSPECIFIED.);
#329=B_SPLINE_CURVE_WITH_KNOTS('',3,(#10626,#10627,#10628,#10629,#10630,
#10631,#10632,#10633,#10634,#10635),.UNSPECIFIED.,.F.,.F.,(4,2,2,2,4),(0.,
0.0379322183029432,0.0774322232688828,0.0981012443643157,0.1186977414476),
 .UNSPECIFIED.);
#330=B_SPLINE_CURVE_WITH_KNOTS('',3,(#10637,#10638,#10639,#10640,#10641,
#10642),.UNSPECIFIED.,.F.,.F.,(4,2,4),(0.867426638322287,0.901671575277038,
0.956458945030176),.UNSPECIFIED.);
#331=B_SPLINE_CURVE_WITH_KNOTS('',3,(#10644,#10645,#10646,#10647,#10648,
#10649,#10650,#10651,#10652,#10653,#10654,#10655,#10656,#10657,#10658,#10659,
#10660,#10661,#10662,#10663,#10664,#10665,#10666,#10667,#10668,#10669),
 .UNSPECIFIED.,.F.,.F.,(4,2,2,2,2,2,2,2,2,2,2,2,4),(0.,0.0547873697531387,
0.109574739506277,0.158787155883826,0.198950946070685,0.239114736257544,
0.279278526444403,0.319442316631262,0.368654733008811,0.423442102761949,
0.478229472515088,0.533016842268227,0.567261779222978),.UNSPECIFIED.);
#332=B_SPLINE_CURVE_WITH_KNOTS('',3,(#10671,#10672,#10673,#10674,#10675,
#10676,#10677,#10678),.UNSPECIFIED.,.F.,.F.,(4,2,2,4),(3.99967794221905E-6,
0.0399712428737421,0.0801601429966424,0.118920872938209),.UNSPECIFIED.);
#333=B_SPLINE_CURVE_WITH_KNOTS('',3,(#10682,#10683,#10684,#10685,#10686,
#10687,#10688,#10689,#10690,#10691),.UNSPECIFIED.,.F.,.F.,(4,2,2,2,4),(0.,
0.037932218302751,0.0774322232684938,0.0981012443641043,0.118697741447592),
 .UNSPECIFIED.);
#334=B_SPLINE_CURVE_WITH_KNOTS('',3,(#10693,#10694,#10695,#10696,#10697,
#10698),.UNSPECIFIED.,.F.,.F.,(4,2,4),(0.867426638322287,0.901671575277038,
0.956458945030177),.UNSPECIFIED.);
#335=B_SPLINE_CURVE_WITH_KNOTS('',3,(#10700,#10701,#10702,#10703,#10704,
#10705,#10706,#10707,#10708,#10709,#10710,#10711),.UNSPECIFIED.,.F.,.F.,
(4,2,2,2,2,4),(0.,0.0547873697531387,0.109574739506277,0.158787155883826,
0.198950946070685,0.239114736257544),.UNSPECIFIED.);
#336=B_SPLINE_CURVE_WITH_KNOTS('',3,(#10716,#10717,#10718,#10719,#10720,
#10721,#10722,#10723,#10724,#10725,#10726,#10727,#10728,#10729,#10730,#10731),
 .UNSPECIFIED.,.F.,.F.,(4,2,2,2,2,2,2,4),(0.239114736257544,0.279278526444403,
0.319442316631262,0.368654733008811,0.423442102761949,0.478229472515088,
0.533016842268227,0.567261779222978),.UNSPECIFIED.);
#337=B_SPLINE_CURVE_WITH_KNOTS('',3,(#10733,#10734,#10735,#10736,#10737,
#10738,#10739,#10740),.UNSPECIFIED.,.F.,.F.,(4,2,2,4),(3.99967794218945E-6,
0.0399712428750417,0.0801601430002664,0.118920872938215),.UNSPECIFIED.);
#338=B_SPLINE_CURVE_WITH_KNOTS('',3,(#10744,#10745,#10746,#10747,#10748,
#10749,#10750,#10751,#10752,#10753),.UNSPECIFIED.,.F.,.F.,(4,2,2,2,4),(0.,
0.0379322182984981,0.0774322232648874,0.0981012443617314,0.118697741447585),
 .UNSPECIFIED.);
#339=B_SPLINE_CURVE_WITH_KNOTS('',3,(#10755,#10756,#10757,#10758,#10759,
#10760),.UNSPECIFIED.,.F.,.F.,(4,2,4),(0.867426638322287,0.901671575277038,
0.956458945030177),.UNSPECIFIED.);
#340=B_SPLINE_CURVE_WITH_KNOTS('',3,(#10762,#10763,#10764,#10765,#10766,
#10767,#10768,#10769,#10770,#10771,#10772,#10773,#10774,#10775,#10776,#10777,
#10778,#10779,#10780,#10781,#10782,#10783,#10784,#10785,#10786,#10787),
 .UNSPECIFIED.,.F.,.F.,(4,2,2,2,2,2,2,2,2,2,2,2,4),(0.,0.0547873697531386,
0.109574739506277,0.158787155883826,0.198950946070685,0.239114736257544,
0.279278526444403,0.319442316631262,0.368654733008811,0.42344210276195,
0.478229472515088,0.533016842268227,0.567261779222978),.UNSPECIFIED.);
#341=B_SPLINE_CURVE_WITH_KNOTS('',3,(#10788,#10789,#10790,#10791,#10792,
#10793,#10794,#10795),.UNSPECIFIED.,.F.,.F.,(4,2,2,4),(3.99967794232076E-6,
0.0399712428749675,0.0801601429999233,0.118920872938219),.UNSPECIFIED.);
#342=B_SPLINE_CURVE_WITH_KNOTS('',3,(#10822,#10823,#10824,#10825,#10826),
 .UNSPECIFIED.,.F.,.F.,(4,1,4),(-1.69002406755936,-1.54790274640624,-1.42591488335209),
 .UNSPECIFIED.);
#343=B_SPLINE_CURVE_WITH_KNOTS('',3,(#10828,#10829,#10830,#10831,#10832,
#10833,#10834,#10835,#10836,#10837),.UNSPECIFIED.,.F.,.F.,(4,2,2,2,4),(0.,
0.0262435671005392,0.0855704081638692,0.13283660389935,0.177735132785362),
 .UNSPECIFIED.);
#344=B_SPLINE_CURVE_WITH_KNOTS('',3,(#10839,#10840,#10841,#10842),
 .UNSPECIFIED.,.F.,.F.,(4,4),(1.57810776154032,1.64204945605896),
 .UNSPECIFIED.);
#345=B_SPLINE_CURVE_WITH_KNOTS('',3,(#10843,#10844,#10845,#10846,#10847,
#10848),.UNSPECIFIED.,.F.,.F.,(4,2,4),(0.,0.0476073100391092,0.0604173845807716),
 .UNSPECIFIED.);
#346=B_SPLINE_CURVE_WITH_KNOTS('',3,(#10856,#10857,#10858,#10859,#10860,
#10861,#10862,#10863,#10864,#10865),.UNSPECIFIED.,.F.,.F.,(4,2,2,2,4),(0.0870886262980552,
0.0871973250196334,0.104484110809187,0.142599891198303,0.148712831013281),
 .UNSPECIFIED.);
#347=B_SPLINE_CURVE_WITH_KNOTS('',3,(#10882,#10883,#10884,#10885),
 .UNSPECIFIED.,.F.,.F.,(4,4),(-0.211747146319833,-0.184804306963439),
 .UNSPECIFIED.);
#348=B_SPLINE_CURVE_WITH_KNOTS('',3,(#10888,#10889,#10890,#10891),
 .UNSPECIFIED.,.F.,.F.,(4,4),(-0.211747146319833,-0.184804306956886),
 .UNSPECIFIED.);
#349=B_SPLINE_CURVE_WITH_KNOTS('',3,(#10893,#10894,#10895,#10896,#10897,
#10898,#10899,#10900,#10901,#10902),.UNSPECIFIED.,.F.,.F.,(4,2,2,2,4),(0.,
0.0262435671423106,0.0855704081813605,0.132836603807721,0.177735132507146),
 .UNSPECIFIED.);
#350=B_SPLINE_CURVE_WITH_KNOTS('',3,(#10904,#10905,#10906,#10907,#10908,
#10909,#10910,#10911,#10912,#10913,#10914,#10915,#10916,#10917,#10918,#10919,
#10920,#10921,#10922,#10923,#10924,#10925,#10926),.UNSPECIFIED.,.F.,.F.,
(4,3,2,2,2,2,2,2,2,2,4),(-0.01781166024145,0.,0.0266131052979605,0.053226210595921,
0.0786073764154677,0.122040226815267,0.165473077215066,0.190854243034613,
0.217467348332573,0.244080453630534,0.261892113871985),.UNSPECIFIED.);
#351=B_SPLINE_CURVE_WITH_KNOTS('',3,(#10928,#10929,#10930,#10931,#10932,
#10933,#10934,#10935,#10936,#10937),.UNSPECIFIED.,.F.,.F.,(4,2,2,2,4),(0.,
0.0643602399102629,0.128205165464516,0.162696695471653,0.190203730784784),
 .UNSPECIFIED.);
#352=B_SPLINE_CURVE_WITH_KNOTS('',3,(#10939,#10940,#10941,#10942),
 .UNSPECIFIED.,.F.,.F.,(4,4),(-0.323407084578363,-0.296464245222227),
 .UNSPECIFIED.);
#353=B_SPLINE_CURVE_WITH_KNOTS('',3,(#10946,#10947,#10948,#10949),
 .UNSPECIFIED.,.F.,.F.,(4,4),(-0.211747146319833,-0.184804306963695),
 .UNSPECIFIED.);
#354=B_SPLINE_CURVE_WITH_KNOTS('',3,(#10951,#10952,#10953,#10954,#10955,
#10956,#10957,#10958,#10959,#10960),.UNSPECIFIED.,.F.,.F.,(4,2,2,2,4),(0.,
0.0262435671424126,0.0855704081663611,0.132836603800561,0.177735132511305),
 .UNSPECIFIED.);
#355=B_SPLINE_CURVE_WITH_KNOTS('',3,(#10962,#10963,#10964,#10965,#10966,
#10967,#10968,#10969,#10970,#10971,#10972,#10973,#10974),.UNSPECIFIED.,
 .F.,.F.,(4,3,2,2,2,4),(-0.0178116602414501,0.,0.0266131052979603,0.0532262105959207,
0.0786073764154677,0.122040226815267),.UNSPECIFIED.);
#356=B_SPLINE_CURVE_WITH_KNOTS('',3,(#10979,#10980,#10981,#10982,#10983,
#10984,#10985,#10986,#10987,#10988,#10989,#10990),.UNSPECIFIED.,.F.,.F.,
(4,2,2,2,2,4),(0.122040226815267,0.165473077215066,0.190854243034613,0.217467348332574,
0.244080453630534,0.261892113871985),.UNSPECIFIED.);
#357=B_SPLINE_CURVE_WITH_KNOTS('',3,(#10992,#10993,#10994,#10995,#10996,
#10997,#10998,#10999,#11000,#11001),.UNSPECIFIED.,.F.,.F.,(4,2,2,2,4),(0.,
0.0643602400228756,0.128205165494862,0.162696695519891,0.19020373073707),
 .UNSPECIFIED.);
#358=B_SPLINE_CURVE_WITH_KNOTS('',3,(#11003,#11004,#11005,#11006),
 .UNSPECIFIED.,.F.,.F.,(4,4),(-0.323407084578363,-0.296464245222227),
 .UNSPECIFIED.);
#359=B_SPLINE_CURVE_WITH_KNOTS('',3,(#11010,#11011,#11012,#11013),
 .UNSPECIFIED.,.F.,.F.,(4,4),(-0.211747146319833,-0.184804306963439),
 .UNSPECIFIED.);
#360=B_SPLINE_CURVE_WITH_KNOTS('',3,(#11015,#11016,#11017,#11018,#11019,
#11020,#11021,#11022,#11023,#11024),.UNSPECIFIED.,.F.,.F.,(4,2,2,2,4),(0.,
0.0262435671004707,0.0855704081633412,0.132836603898461,0.177735132784131),
 .UNSPECIFIED.);
#361=B_SPLINE_CURVE_WITH_KNOTS('',3,(#11026,#11027,#11028,#11029,#11030,
#11031,#11032,#11033,#11034,#11035,#11036,#11037,#11038,#11039,#11040,#11041,
#11042,#11043,#11044,#11045,#11046,#11047,#11048),.UNSPECIFIED.,.F.,.F.,
(4,3,2,2,2,2,2,2,2,2,4),(-0.01781166024145,0.,0.0266131052979607,0.0532262105959213,
0.0786073764154681,0.122040226815267,0.165473077215066,0.190854243034613,
0.217467348332574,0.244080453630534,0.261892113871985),.UNSPECIFIED.);
#362=B_SPLINE_CURVE_WITH_KNOTS('',3,(#11050,#11051,#11052,#11053,#11054,
#11055,#11056,#11057,#11058,#11059),.UNSPECIFIED.,.F.,.F.,(4,2,2,2,4),(0.,
0.0643602400445072,0.128205165528657,0.162696695549467,0.190203730728396),
 .UNSPECIFIED.);
#363=B_SPLINE_CURVE_WITH_KNOTS('',3,(#11061,#11062,#11063,#11064),
 .UNSPECIFIED.,.F.,.F.,(4,4),(-0.323407084578363,-0.296464245222227),
 .UNSPECIFIED.);
#364=B_SPLINE_CURVE_WITH_KNOTS('',3,(#11068,#11069,#11070,#11071),
 .UNSPECIFIED.,.F.,.F.,(4,4),(-0.211747146319833,-0.184804306956887),
 .UNSPECIFIED.);
#365=B_SPLINE_CURVE_WITH_KNOTS('',3,(#11073,#11074,#11075,#11076,#11077,
#11078,#11079,#11080,#11081,#11082),.UNSPECIFIED.,.F.,.F.,(4,2,2,2,4),(0.,
0.0262435671422312,0.0855704081807016,0.132836603806576,0.177735132505541),
 .UNSPECIFIED.);
#366=B_SPLINE_CURVE_WITH_KNOTS('',3,(#11084,#11085,#11086,#11087,#11088,
#11089,#11090,#11091,#11092,#11093,#11094,#11095,#11096,#11097,#11098,#11099,
#11100,#11101,#11102,#11103,#11104,#11105,#11106),.UNSPECIFIED.,.F.,.F.,
(4,3,2,2,2,2,2,2,2,2,4),(-0.0178116602414498,0.,0.0266131052979601,0.0532262105959203,
0.0786073764154674,0.122040226815267,0.165473077215066,0.190854243034613,
0.217467348332573,0.244080453630534,0.261892113871984),.UNSPECIFIED.);
#367=B_SPLINE_CURVE_WITH_KNOTS('',3,(#11108,#11109,#11110,#11111,#11112,
#11113,#11114,#11115,#11116,#11117),.UNSPECIFIED.,.F.,.F.,(4,2,2,2,4),(0.,
0.0643602399102692,0.12820516546455,0.162696695471728,0.190203730785215),
 .UNSPECIFIED.);
#368=B_SPLINE_CURVE_WITH_KNOTS('',3,(#11119,#11120,#11121,#11122),
 .UNSPECIFIED.,.F.,.F.,(4,4),(-0.323407084578363,-0.296464245222227),
 .UNSPECIFIED.);
#369=B_SPLINE_CURVE_WITH_KNOTS('',3,(#11126,#11127,#11128,#11129),
 .UNSPECIFIED.,.F.,.F.,(4,4),(-0.211747146319833,-0.184804306963695),
 .UNSPECIFIED.);
#370=B_SPLINE_CURVE_WITH_KNOTS('',3,(#11131,#11132,#11133,#11134,#11135,
#11136,#11137,#11138,#11139,#11140),.UNSPECIFIED.,.F.,.F.,(4,2,2,2,4),(0.,
0.0262435671425516,0.0855704081674677,0.132836603802447,0.177735132513933),
 .UNSPECIFIED.);
#371=B_SPLINE_CURVE_WITH_KNOTS('',3,(#11142,#11143,#11144,#11145,#11146,
#11147,#11148,#11149,#11150,#11151,#11152,#11153,#11154,#11155,#11156,#11157,
#11158,#11159,#11160,#11161,#11162,#11163,#11164),.UNSPECIFIED.,.F.,.F.,
(4,3,2,2,2,2,2,2,2,2,4),(-0.0178116602414499,0.,0.0266131052979603,0.0532262105959207,
0.0786073764154676,0.122040226815267,0.165473077215066,0.190854243034613,
0.217467348332573,0.244080453630534,0.261892113871985),.UNSPECIFIED.);
#372=B_SPLINE_CURVE_WITH_KNOTS('',3,(#11166,#11167,#11168,#11169,#11170,
#11171,#11172,#11173,#11174,#11175),.UNSPECIFIED.,.F.,.F.,(4,2,2,2,4),(0.,
0.0578879989049346,0.124408962581311,0.161808273729421,0.201966366383224),
 .UNSPECIFIED.);
#373=B_SPLINE_CURVE_WITH_KNOTS('',3,(#11176,#11177,#11178,#11179),
 .UNSPECIFIED.,.F.,.F.,(4,4),(-0.323407084578363,-0.296464245222227),
 .UNSPECIFIED.);
#374=B_SPLINE_CURVE_WITH_KNOTS('',3,(#11180,#11181,#11182,#11183,#11184,
#11185,#11186,#11187,#11188,#11189,#11190,#11191,#11192,#11193,#11194,#11195,
#11196,#11197,#11198,#11199,#11200,#11201,#11202),.UNSPECIFIED.,.F.,.F.,
(4,3,2,2,2,2,2,2,2,2,4),(-0.0178116602414501,0.,0.0266131052979602,0.0532262105959204,
0.0786073764154675,0.122040226815267,0.165473077215066,0.190854243034614,
0.217467348332574,0.244080453630534,0.261892113871985),.UNSPECIFIED.);
#375=B_SPLINE_CURVE_WITH_KNOTS('',3,(#11228,#11229,#11230,#11231,#11232),
 .UNSPECIFIED.,.F.,.F.,(4,1,4),(-0.216138945346559,-0.0534884611644991,
0.0479763664714926),.UNSPECIFIED.);
#376=B_SPLINE_CURVE_WITH_KNOTS('',3,(#11234,#11235,#11236,#11237,#11238,
#11239,#11240,#11241),.UNSPECIFIED.,.F.,.F.,(4,2,2,4),(0.0683417793745772,
0.0718110199794707,0.093164145844403,0.133333817788882),.UNSPECIFIED.);
#377=B_SPLINE_CURVE_WITH_KNOTS('',3,(#11242,#11243,#11244,#11245,#11246),
 .UNSPECIFIED.,.F.,.F.,(4,1,4),(7.73615702166453E-17,0.0534884611644991,
0.063955632551026),.UNSPECIFIED.);
#378=B_SPLINE_CURVE_WITH_KNOTS('',3,(#11266,#11267,#11268,#11269,#11270,
#11271),.UNSPECIFIED.,.F.,.F.,(4,2,4),(0.,0.0475865868506299,0.060419581727998),
 .UNSPECIFIED.);
#379=B_SPLINE_CURVE_WITH_KNOTS('',3,(#11298,#11299,#11300,#11301,#11302),
 .UNSPECIFIED.,.F.,.F.,(4,1,4),(-1.69002482394143,-1.54790351088197,-1.42591565574982),
 .UNSPECIFIED.);
#380=B_SPLINE_CURVE_WITH_KNOTS('',3,(#11303,#11304,#11305,#11306),
 .UNSPECIFIED.,.F.,.F.,(4,4),(1.57810853997328,1.64205023214575),
 .UNSPECIFIED.);
#381=B_SPLINE_CURVE_WITH_KNOTS('',3,(#11348,#11349,#11350,#11351,#11352),
 .UNSPECIFIED.,.F.,.F.,(4,1,4),(-1.79423826589046,-1.63158779431926,-1.53012295710208),
 .UNSPECIFIED.);
#382=B_SPLINE_CURVE_WITH_KNOTS('',3,(#11354,#11355,#11356,#11357,#11358,
#11359,#11360,#11361,#11362,#11363),.UNSPECIFIED.,.F.,.F.,(4,2,2,2,4),(0.0870886262981746,
0.087197325019753,0.104484110809335,0.142599891198545,0.148712831013548),
 .UNSPECIFIED.);
#383=B_SPLINE_CURVE_WITH_KNOTS('',3,(#11364,#11365,#11366,#11367,#11368),
 .UNSPECIFIED.,.F.,.F.,(4,1,4),(1.57809932507357,1.63158779431926,1.64205495765041),
 .UNSPECIFIED.);
#384=B_SPLINE_CURVE_WITH_KNOTS('',3,(#11388,#11389,#11390,#11391,#11392,
#11393),.UNSPECIFIED.,.F.,.F.,(4,2,4),(0.,0.0476073100391119,0.060417384580772),
 .UNSPECIFIED.);
#385=B_SPLINE_CURVE_WITH_KNOTS('',3,(#11420,#11421,#11422,#11423,#11424),
 .UNSPECIFIED.,.F.,.F.,(4,1,4),(-0.111925870668791,0.0301954548384551,0.152183308410059),
 .UNSPECIFIED.);
#386=B_SPLINE_CURVE_WITH_KNOTS('',3,(#11425,#11426,#11427,#11428),
 .UNSPECIFIED.,.F.,.F.,(4,4),(9.62889805996084E-6,0.0639513482977948),
 .UNSPECIFIED.);
#387=B_SPLINE_CURVE_WITH_KNOTS('',3,(#11470,#11471,#11472,#11473,#11474),
 .UNSPECIFIED.,.F.,.F.,(4,1,4),(-0.216138941455626,-0.0534884678361911,
0.0479763548711752),.UNSPECIFIED.);
#388=B_SPLINE_CURVE_WITH_KNOTS('',3,(#11476,#11477,#11478,#11479,#11480,
#11481,#11482,#11483),.UNSPECIFIED.,.F.,.F.,(4,2,2,4),(0.0540320825090342,
0.0682890446759074,0.103717134472247,0.12654923852334),.UNSPECIFIED.);
#389=B_SPLINE_CURVE_WITH_KNOTS('',3,(#11484,#11485,#11486,#11487,#11488),
 .UNSPECIFIED.,.F.,.F.,(4,1,4),(-2.61319924056867E-16,0.0534884678361911,
0.0639556325510258),.UNSPECIFIED.);
#390=B_SPLINE_CURVE_WITH_KNOTS('',3,(#11508,#11509,#11510,#11511,#11512,
#11513),.UNSPECIFIED.,.F.,.F.,(4,2,4),(0.,0.0474876111861842,0.0604262698485191),
 .UNSPECIFIED.);
#391=B_SPLINE_CURVE_WITH_KNOTS('',3,(#11540,#11541,#11542,#11543,#11544),
 .UNSPECIFIED.,.F.,.F.,(4,1,4),(-1.69002406755936,-1.54790274640624,-1.42591488335209),
 .UNSPECIFIED.);
#392=B_SPLINE_CURVE_WITH_KNOTS('',3,(#11545,#11546,#11547,#11548),
 .UNSPECIFIED.,.F.,.F.,(4,4),(1.57810776154031,1.64204945605896),
 .UNSPECIFIED.);
#393=B_SPLINE_CURVE_WITH_KNOTS('',3,(#11590,#11591,#11592,#11593,#11594),
 .UNSPECIFIED.,.F.,.F.,(4,1,4),(-0.216138945346562,-0.0534884611645001,
0.0479763664714923),.UNSPECIFIED.);
#394=B_SPLINE_CURVE_WITH_KNOTS('',3,(#11596,#11597,#11598,#11599,#11600,
#11601,#11602,#11603),.UNSPECIFIED.,.F.,.F.,(4,2,2,4),(0.0683417793745516,
0.0718110199794612,0.0931641458444396,0.133333817788819),.UNSPECIFIED.);
#395=B_SPLINE_CURVE_WITH_KNOTS('',3,(#11604,#11605,#11606,#11607,#11608),
 .UNSPECIFIED.,.F.,.F.,(4,1,4),(1.67519878887977E-16,0.0534884611645001,
0.063955632551026),.UNSPECIFIED.);
#396=B_SPLINE_CURVE_WITH_KNOTS('',3,(#11610,#11611,#11612,#11613,#11614),
 .UNSPECIFIED.,.F.,.F.,(4,1,4),(-1.69002482394143,-1.54790351088197,-1.42591565574982),
 .UNSPECIFIED.);
#397=B_SPLINE_CURVE_WITH_KNOTS('',3,(#11640,#11641,#11642,#11643),
 .UNSPECIFIED.,.F.,.F.,(4,4),(1.57810853997328,1.64205023214575),
 .UNSPECIFIED.);
#398=B_SPLINE_CURVE_WITH_KNOTS('',3,(#11679,#11680,#11681,#11682,#11683,
#11684),.UNSPECIFIED.,.F.,.F.,(4,2,4),(0.,0.0475865868506292,0.0604195817280745),
 .UNSPECIFIED.);
#399=B_SPLINE_CURVE_WITH_KNOTS('',3,(#11715,#11716,#11717,#11718,#11719),
 .UNSPECIFIED.,.F.,.F.,(4,1,4),(-1.79423826589046,-1.67225041221206,-1.53012908650524),
 .UNSPECIFIED.);
#400=B_SPLINE_CURVE_WITH_KNOTS('',3,(#11720,#11721,#11722,#11723),
 .UNSPECIFIED.,.F.,.F.,(4,4),(1.57810360854796,1.6420453274652),
 .UNSPECIFIED.);
#401=B_SPLINE_CURVE_WITH_KNOTS('',3,(#11725,#11726,#11727,#11728,#11729),
 .UNSPECIFIED.,.F.,.F.,(4,1,4),(-0.11193200013643,-0.0104671630574894,0.152183308410056),
 .UNSPECIFIED.);
#402=B_SPLINE_CURVE_WITH_KNOTS('',3,(#11755,#11756,#11757,#11758,#11759),
 .UNSPECIFIED.,.F.,.F.,(4,1,4),(-1.95719466072953E-16,0.0104671630574894,
0.0639556321541398),.UNSPECIFIED.);
#403=B_SPLINE_CURVE_WITH_KNOTS('',3,(#11936,#11937,#11938,#11939,#11940,
#11941,#11942),.UNSPECIFIED.,.F.,.F.,(4,3,4),(0.,0.28074217867958,1.),
 .UNSPECIFIED.);
#404=B_SPLINE_CURVE_WITH_KNOTS('',3,(#11944,#11945,#11946,#11947,#11948,
#11949,#11950),.UNSPECIFIED.,.F.,.F.,(4,3,4),(-1.,-0.710283751862059,0.),
 .UNSPECIFIED.);
#405=B_SPLINE_CURVE_WITH_KNOTS('',3,(#11952,#11953,#11954,#11955,#11956,
#11957,#11958),.UNSPECIFIED.,.F.,.F.,(4,3,4),(0.,0.280742178679635,1.),
 .UNSPECIFIED.);
#406=B_SPLINE_CURVE_WITH_KNOTS('',3,(#11960,#11961,#11962,#11963,#11964,
#11965,#11966),.UNSPECIFIED.,.F.,.F.,(4,3,4),(-1.,-0.710283751861431,0.),
 .UNSPECIFIED.);
#407=B_SPLINE_CURVE_WITH_KNOTS('',3,(#11968,#11969,#11970,#11971,#11972,
#11973,#11974),.UNSPECIFIED.,.F.,.F.,(4,3,4),(0.,0.280742178679507,1.),
 .UNSPECIFIED.);
#408=B_SPLINE_CURVE_WITH_KNOTS('',3,(#11976,#11977,#11978,#11979,#11980,
#11981,#11982),.UNSPECIFIED.,.F.,.F.,(4,3,4),(-1.,-0.71028375186176,0.),
 .UNSPECIFIED.);
#409=B_SPLINE_CURVE_WITH_KNOTS('',3,(#11984,#11985,#11986,#11987,#11988,
#11989,#11990),.UNSPECIFIED.,.F.,.F.,(4,3,4),(0.,0.280742178679082,1.),
 .UNSPECIFIED.);
#410=B_SPLINE_CURVE_WITH_KNOTS('',3,(#11992,#11993,#11994,#11995,#11996,
#11997,#11998),.UNSPECIFIED.,.F.,.F.,(4,3,4),(-1.,-0.710283751862813,0.),
 .UNSPECIFIED.);
#411=B_SPLINE_CURVE_WITH_KNOTS('',3,(#12000,#12001,#12002,#12003,#12004,
#12005,#12006),.UNSPECIFIED.,.F.,.F.,(4,3,4),(0.,0.280742178679633,1.),
 .UNSPECIFIED.);
#412=B_SPLINE_CURVE_WITH_KNOTS('',3,(#12008,#12009,#12010,#12011,#12012,
#12013,#12014),.UNSPECIFIED.,.F.,.F.,(4,3,4),(-1.,-0.710283751861942,0.),
 .UNSPECIFIED.);
#413=B_SPLINE_CURVE_WITH_KNOTS('',3,(#12016,#12017,#12018,#12019,#12020,
#12021,#12022),.UNSPECIFIED.,.F.,.F.,(4,3,4),(0.,0.280742178679134,1.),
 .UNSPECIFIED.);
#414=B_SPLINE_CURVE_WITH_KNOTS('',3,(#12024,#12025,#12026,#12027,#12028,
#12029,#12030),.UNSPECIFIED.,.F.,.F.,(4,3,4),(-1.,-0.710283751862486,0.),
 .UNSPECIFIED.);
#415=B_SPLINE_CURVE_WITH_KNOTS('',3,(#12032,#12033,#12034,#12035,#12036,
#12037,#12038),.UNSPECIFIED.,.F.,.F.,(4,3,4),(0.,0.280742178679839,1.),
 .UNSPECIFIED.);
#416=B_SPLINE_CURVE_WITH_KNOTS('',3,(#12040,#12041,#12042,#12043,#12044,
#12045,#12046),.UNSPECIFIED.,.F.,.F.,(4,3,4),(-1.,-0.710283751862417,0.),
 .UNSPECIFIED.);
#417=B_SPLINE_CURVE_WITH_KNOTS('',3,(#12048,#12049,#12050,#12051,#12052,
#12053,#12054),.UNSPECIFIED.,.F.,.F.,(4,3,4),(0.,0.280742178680019,1.),
 .UNSPECIFIED.);
#418=B_SPLINE_CURVE_WITH_KNOTS('',3,(#12056,#12057,#12058,#12059,#12060,
#12061,#12062),.UNSPECIFIED.,.F.,.F.,(4,3,4),(-1.,-0.710283751862482,0.),
 .UNSPECIFIED.);
#419=B_SPLINE_CURVE_WITH_KNOTS('',3,(#12064,#12065,#12066,#12067,#12068,
#12069,#12070),.UNSPECIFIED.,.F.,.F.,(4,3,4),(0.,0.280742178679626,1.),
 .UNSPECIFIED.);
#420=B_SPLINE_CURVE_WITH_KNOTS('',3,(#12072,#12073,#12074,#12075,#12076,
#12077,#12078),.UNSPECIFIED.,.F.,.F.,(4,3,4),(-1.,-0.710283751861643,0.),
 .UNSPECIFIED.);
#421=B_SPLINE_CURVE_WITH_KNOTS('',3,(#12080,#12081,#12082,#12083,#12084,
#12085,#12086),.UNSPECIFIED.,.F.,.F.,(4,3,4),(0.,0.280742178679495,1.),
 .UNSPECIFIED.);
#422=B_SPLINE_CURVE_WITH_KNOTS('',3,(#12088,#12089,#12090,#12091,#12092,
#12093,#12094),.UNSPECIFIED.,.F.,.F.,(4,3,4),(-1.,-0.710283751863492,0.),
 .UNSPECIFIED.);
#423=B_SPLINE_CURVE_WITH_KNOTS('',3,(#12096,#12097,#12098,#12099,#12100,
#12101,#12102),.UNSPECIFIED.,.F.,.F.,(4,3,4),(0.,0.280742178680048,1.),
 .UNSPECIFIED.);
#424=B_SPLINE_CURVE_WITH_KNOTS('',3,(#12104,#12105,#12106,#12107,#12108,
#12109,#12110),.UNSPECIFIED.,.F.,.F.,(4,3,4),(-1.,-0.710283751863236,0.),
 .UNSPECIFIED.);
#425=B_SPLINE_CURVE_WITH_KNOTS('',3,(#12112,#12113,#12114,#12115,#12116,
#12117,#12118),.UNSPECIFIED.,.F.,.F.,(4,3,4),(0.,0.280742178679779,1.),
 .UNSPECIFIED.);
#426=B_SPLINE_CURVE_WITH_KNOTS('',3,(#12120,#12121,#12122,#12123,#12124,
#12125,#12126),.UNSPECIFIED.,.F.,.F.,(4,3,4),(-1.,-0.710283751862723,0.),
 .UNSPECIFIED.);
#427=B_SPLINE_CURVE_WITH_KNOTS('',3,(#12128,#12129,#12130,#12131,#12132,
#12133,#12134),.UNSPECIFIED.,.F.,.F.,(4,3,4),(0.,0.280742178679247,1.),
 .UNSPECIFIED.);
#428=B_SPLINE_CURVE_WITH_KNOTS('',3,(#12136,#12137,#12138,#12139,#12140,
#12141,#12142),.UNSPECIFIED.,.F.,.F.,(4,3,4),(-1.,-0.710283751862162,0.),
 .UNSPECIFIED.);
#429=B_SPLINE_CURVE_WITH_KNOTS('',3,(#12144,#12145,#12146,#12147,#12148,
#12149,#12150),.UNSPECIFIED.,.F.,.F.,(4,3,4),(0.,0.280742178679408,1.),
 .UNSPECIFIED.);
#430=B_SPLINE_CURVE_WITH_KNOTS('',3,(#12152,#12153,#12154,#12155,#12156,
#12157,#12158),.UNSPECIFIED.,.F.,.F.,(4,3,4),(-1.,-0.710283751862742,0.),
 .UNSPECIFIED.);
#431=B_SPLINE_CURVE_WITH_KNOTS('',3,(#12160,#12161,#12162,#12163,#12164,
#12165,#12166),.UNSPECIFIED.,.F.,.F.,(4,3,4),(0.,0.280742178680143,1.),
 .UNSPECIFIED.);
#432=B_SPLINE_CURVE_WITH_KNOTS('',3,(#12168,#12169,#12170,#12171,#12172,
#12173,#12174),.UNSPECIFIED.,.F.,.F.,(4,3,4),(-1.,-0.710283751863398,0.),
 .UNSPECIFIED.);
#433=B_SPLINE_CURVE_WITH_KNOTS('',3,(#12176,#12177,#12178,#12179,#12180,
#12181,#12182),.UNSPECIFIED.,.F.,.F.,(4,3,4),(0.,0.280742178679458,1.),
 .UNSPECIFIED.);
#434=B_SPLINE_CURVE_WITH_KNOTS('',3,(#12184,#12185,#12186,#12187,#12188,
#12189,#12190),.UNSPECIFIED.,.F.,.F.,(4,3,4),(-1.,-0.710283751862537,0.),
 .UNSPECIFIED.);
#435=B_SPLINE_CURVE_WITH_KNOTS('',3,(#12192,#12193,#12194,#12195,#12196,
#12197,#12198),.UNSPECIFIED.,.F.,.F.,(4,3,4),(0.,0.280742178679806,1.),
 .UNSPECIFIED.);
#436=B_SPLINE_CURVE_WITH_KNOTS('',3,(#12200,#12201,#12202,#12203,#12204,
#12205,#12206),.UNSPECIFIED.,.F.,.F.,(4,3,4),(-1.,-0.710283751862489,0.),
 .UNSPECIFIED.);
#437=B_SPLINE_CURVE_WITH_KNOTS('',3,(#12208,#12209,#12210,#12211,#12212,
#12213,#12214),.UNSPECIFIED.,.F.,.F.,(4,3,4),(0.,0.280742178679854,1.),
 .UNSPECIFIED.);
#438=B_SPLINE_CURVE_WITH_KNOTS('',3,(#12216,#12217,#12218,#12219,#12220,
#12221,#12222),.UNSPECIFIED.,.F.,.F.,(4,3,4),(-1.,-0.710283751861983,0.),
 .UNSPECIFIED.);
#439=B_SPLINE_CURVE_WITH_KNOTS('',3,(#12224,#12225,#12226,#12227,#12228,
#12229,#12230),.UNSPECIFIED.,.F.,.F.,(4,3,4),(0.,0.280742178679652,1.),
 .UNSPECIFIED.);
#440=B_SPLINE_CURVE_WITH_KNOTS('',3,(#12232,#12233,#12234,#12235,#12236,
#12237,#12238),.UNSPECIFIED.,.F.,.F.,(4,3,4),(-1.,-0.710283751862199,0.),
 .UNSPECIFIED.);
#441=B_SPLINE_CURVE_WITH_KNOTS('',3,(#12240,#12241,#12242,#12243,#12244,
#12245,#12246),.UNSPECIFIED.,.F.,.F.,(4,3,4),(0.,0.280742178679291,1.),
 .UNSPECIFIED.);
#442=B_SPLINE_CURVE_WITH_KNOTS('',3,(#12247,#12248,#12249,#12250,#12251,
#12252,#12253),.UNSPECIFIED.,.F.,.F.,(4,3,4),(-1.,-0.710283751862811,0.),
 .UNSPECIFIED.);
#443=B_SPLINE_CURVE_WITH_KNOTS('',3,(#12276,#12277,#12278,#12279,#12280,
#12281,#12282),.UNSPECIFIED.,.F.,.F.,(4,3,4),(-1.,-0.28074217867958,0.),
 .UNSPECIFIED.);
#444=B_SPLINE_CURVE_WITH_KNOTS('',3,(#12299,#12300,#12301,#12302,#12303,
#12304,#12305),.UNSPECIFIED.,.F.,.F.,(4,3,4),(0.,0.710283751862059,1.),
 .UNSPECIFIED.);
#445=B_SPLINE_CURVE_WITH_KNOTS('',3,(#12322,#12323,#12324,#12325,#12326,
#12327,#12328),.UNSPECIFIED.,.F.,.F.,(4,3,4),(-1.,-0.280742178679635,0.),
 .UNSPECIFIED.);
#446=B_SPLINE_CURVE_WITH_KNOTS('',3,(#12345,#12346,#12347,#12348,#12349,
#12350,#12351),.UNSPECIFIED.,.F.,.F.,(4,3,4),(0.,0.710283751861431,1.),
 .UNSPECIFIED.);
#447=B_SPLINE_CURVE_WITH_KNOTS('',3,(#12368,#12369,#12370,#12371,#12372,
#12373,#12374),.UNSPECIFIED.,.F.,.F.,(4,3,4),(-1.,-0.280742178679507,0.),
 .UNSPECIFIED.);
#448=B_SPLINE_CURVE_WITH_KNOTS('',3,(#12391,#12392,#12393,#12394,#12395,
#12396,#12397),.UNSPECIFIED.,.F.,.F.,(4,3,4),(0.,0.71028375186176,1.),
 .UNSPECIFIED.);
#449=B_SPLINE_CURVE_WITH_KNOTS('',3,(#12414,#12415,#12416,#12417,#12418,
#12419,#12420),.UNSPECIFIED.,.F.,.F.,(4,3,4),(-1.,-0.280742178679082,0.),
 .UNSPECIFIED.);
#450=B_SPLINE_CURVE_WITH_KNOTS('',3,(#12437,#12438,#12439,#12440,#12441,
#12442,#12443),.UNSPECIFIED.,.F.,.F.,(4,3,4),(0.,0.710283751862813,1.),
 .UNSPECIFIED.);
#451=B_SPLINE_CURVE_WITH_KNOTS('',3,(#12460,#12461,#12462,#12463,#12464,
#12465,#12466),.UNSPECIFIED.,.F.,.F.,(4,3,4),(-1.,-0.280742178679633,0.),
 .UNSPECIFIED.);
#452=B_SPLINE_CURVE_WITH_KNOTS('',3,(#12483,#12484,#12485,#12486,#12487,
#12488,#12489),.UNSPECIFIED.,.F.,.F.,(4,3,4),(0.,0.710283751861942,1.),
 .UNSPECIFIED.);
#453=B_SPLINE_CURVE_WITH_KNOTS('',3,(#12506,#12507,#12508,#12509,#12510,
#12511,#12512),.UNSPECIFIED.,.F.,.F.,(4,3,4),(-1.,-0.280742178679134,0.),
 .UNSPECIFIED.);
#454=B_SPLINE_CURVE_WITH_KNOTS('',3,(#12529,#12530,#12531,#12532,#12533,
#12534,#12535),.UNSPECIFIED.,.F.,.F.,(4,3,4),(0.,0.710283751862486,1.),
 .UNSPECIFIED.);
#455=B_SPLINE_CURVE_WITH_KNOTS('',3,(#12552,#12553,#12554,#12555,#12556,
#12557,#12558),.UNSPECIFIED.,.F.,.F.,(4,3,4),(-1.,-0.280742178679839,0.),
 .UNSPECIFIED.);
#456=B_SPLINE_CURVE_WITH_KNOTS('',3,(#12575,#12576,#12577,#12578,#12579,
#12580,#12581),.UNSPECIFIED.,.F.,.F.,(4,3,4),(0.,0.710283751862417,1.),
 .UNSPECIFIED.);
#457=B_SPLINE_CURVE_WITH_KNOTS('',3,(#12598,#12599,#12600,#12601,#12602,
#12603,#12604),.UNSPECIFIED.,.F.,.F.,(4,3,4),(-1.,-0.280742178680019,0.),
 .UNSPECIFIED.);
#458=B_SPLINE_CURVE_WITH_KNOTS('',3,(#12621,#12622,#12623,#12624,#12625,
#12626,#12627),.UNSPECIFIED.,.F.,.F.,(4,3,4),(0.,0.710283751862482,1.),
 .UNSPECIFIED.);
#459=B_SPLINE_CURVE_WITH_KNOTS('',3,(#12644,#12645,#12646,#12647,#12648,
#12649,#12650),.UNSPECIFIED.,.F.,.F.,(4,3,4),(-1.,-0.280742178679626,0.),
 .UNSPECIFIED.);
#460=B_SPLINE_CURVE_WITH_KNOTS('',3,(#12667,#12668,#12669,#12670,#12671,
#12672,#12673),.UNSPECIFIED.,.F.,.F.,(4,3,4),(0.,0.710283751861643,1.),
 .UNSPECIFIED.);
#461=B_SPLINE_CURVE_WITH_KNOTS('',3,(#12690,#12691,#12692,#12693,#12694,
#12695,#12696),.UNSPECIFIED.,.F.,.F.,(4,3,4),(-1.,-0.280742178679495,0.),
 .UNSPECIFIED.);
#462=B_SPLINE_CURVE_WITH_KNOTS('',3,(#12713,#12714,#12715,#12716,#12717,
#12718,#12719),.UNSPECIFIED.,.F.,.F.,(4,3,4),(0.,0.710283751863492,1.),
 .UNSPECIFIED.);
#463=B_SPLINE_CURVE_WITH_KNOTS('',3,(#12736,#12737,#12738,#12739,#12740,
#12741,#12742),.UNSPECIFIED.,.F.,.F.,(4,3,4),(-1.,-0.280742178680048,0.),
 .UNSPECIFIED.);
#464=B_SPLINE_CURVE_WITH_KNOTS('',3,(#12759,#12760,#12761,#12762,#12763,
#12764,#12765),.UNSPECIFIED.,.F.,.F.,(4,3,4),(0.,0.710283751863236,1.),
 .UNSPECIFIED.);
#465=B_SPLINE_CURVE_WITH_KNOTS('',3,(#12782,#12783,#12784,#12785,#12786,
#12787,#12788),.UNSPECIFIED.,.F.,.F.,(4,3,4),(-1.,-0.280742178679779,0.),
 .UNSPECIFIED.);
#466=B_SPLINE_CURVE_WITH_KNOTS('',3,(#12805,#12806,#12807,#12808,#12809,
#12810,#12811),.UNSPECIFIED.,.F.,.F.,(4,3,4),(0.,0.710283751862723,1.),
 .UNSPECIFIED.);
#467=B_SPLINE_CURVE_WITH_KNOTS('',3,(#12828,#12829,#12830,#12831,#12832,
#12833,#12834),.UNSPECIFIED.,.F.,.F.,(4,3,4),(-1.,-0.280742178679247,0.),
 .UNSPECIFIED.);
#468=B_SPLINE_CURVE_WITH_KNOTS('',3,(#12851,#12852,#12853,#12854,#12855,
#12856,#12857),.UNSPECIFIED.,.F.,.F.,(4,3,4),(0.,0.710283751862162,1.),
 .UNSPECIFIED.);
#469=B_SPLINE_CURVE_WITH_KNOTS('',3,(#12874,#12875,#12876,#12877,#12878,
#12879,#12880),.UNSPECIFIED.,.F.,.F.,(4,3,4),(-1.,-0.280742178679408,0.),
 .UNSPECIFIED.);
#470=B_SPLINE_CURVE_WITH_KNOTS('',3,(#12897,#12898,#12899,#12900,#12901,
#12902,#12903),.UNSPECIFIED.,.F.,.F.,(4,3,4),(0.,0.710283751862742,1.),
 .UNSPECIFIED.);
#471=B_SPLINE_CURVE_WITH_KNOTS('',3,(#12920,#12921,#12922,#12923,#12924,
#12925,#12926),.UNSPECIFIED.,.F.,.F.,(4,3,4),(-1.,-0.280742178680143,0.),
 .UNSPECIFIED.);
#472=B_SPLINE_CURVE_WITH_KNOTS('',3,(#12943,#12944,#12945,#12946,#12947,
#12948,#12949),.UNSPECIFIED.,.F.,.F.,(4,3,4),(0.,0.710283751863398,1.),
 .UNSPECIFIED.);
#473=B_SPLINE_CURVE_WITH_KNOTS('',3,(#12966,#12967,#12968,#12969,#12970,
#12971,#12972),.UNSPECIFIED.,.F.,.F.,(4,3,4),(-1.,-0.280742178679458,0.),
 .UNSPECIFIED.);
#474=B_SPLINE_CURVE_WITH_KNOTS('',3,(#12989,#12990,#12991,#12992,#12993,
#12994,#12995),.UNSPECIFIED.,.F.,.F.,(4,3,4),(0.,0.710283751862537,1.),
 .UNSPECIFIED.);
#475=B_SPLINE_CURVE_WITH_KNOTS('',3,(#13012,#13013,#13014,#13015,#13016,
#13017,#13018),.UNSPECIFIED.,.F.,.F.,(4,3,4),(-1.,-0.280742178679806,0.),
 .UNSPECIFIED.);
#476=B_SPLINE_CURVE_WITH_KNOTS('',3,(#13035,#13036,#13037,#13038,#13039,
#13040,#13041),.UNSPECIFIED.,.F.,.F.,(4,3,4),(0.,0.710283751862489,1.),
 .UNSPECIFIED.);
#477=B_SPLINE_CURVE_WITH_KNOTS('',3,(#13058,#13059,#13060,#13061,#13062,
#13063,#13064),.UNSPECIFIED.,.F.,.F.,(4,3,4),(-1.,-0.280742178679854,0.),
 .UNSPECIFIED.);
#478=B_SPLINE_CURVE_WITH_KNOTS('',3,(#13081,#13082,#13083,#13084,#13085,
#13086,#13087),.UNSPECIFIED.,.F.,.F.,(4,3,4),(0.,0.710283751861983,1.),
 .UNSPECIFIED.);
#479=B_SPLINE_CURVE_WITH_KNOTS('',3,(#13104,#13105,#13106,#13107,#13108,
#13109,#13110),.UNSPECIFIED.,.F.,.F.,(4,3,4),(-1.,-0.280742178679652,0.),
 .UNSPECIFIED.);
#480=B_SPLINE_CURVE_WITH_KNOTS('',3,(#13127,#13128,#13129,#13130,#13131,
#13132,#13133),.UNSPECIFIED.,.F.,.F.,(4,3,4),(0.,0.710283751862199,1.),
 .UNSPECIFIED.);
#481=B_SPLINE_CURVE_WITH_KNOTS('',3,(#13150,#13151,#13152,#13153,#13154,
#13155,#13156),.UNSPECIFIED.,.F.,.F.,(4,3,4),(-1.,-0.280742178679291,0.),
 .UNSPECIFIED.);
#482=B_SPLINE_CURVE_WITH_KNOTS('',3,(#13172,#13173,#13174,#13175,#13176,
#13177,#13178),.UNSPECIFIED.,.F.,.F.,(4,3,4),(0.,0.710283751862811,1.),
 .UNSPECIFIED.);
#483=CONICAL_SURFACE('',#5964,7.79800775541958,0.785398163397442);
#484=CONICAL_SURFACE('',#5973,7.79800775541958,0.785398163397442);
#485=CONICAL_SURFACE('',#6106,5.36567395951885,0.785398214196853);
#486=CONICAL_SURFACE('',#6115,5.36567408591015,0.785398112598027);
#487=CONICAL_SURFACE('',#6135,3.469658575071,0.785398214196853);
#488=CONICAL_SURFACE('',#6141,3.4696584486797,0.785398112598027);
#489=CONICAL_SURFACE('',#6171,5.90199224458043,0.785398163397442);
#490=CONICAL_SURFACE('',#6178,5.90199224458043,0.785398163397442);
#491=TOROIDAL_SURFACE('',#5958,6.85,1.55);
#492=TOROIDAL_SURFACE('',#6100,4.41766626729493,1.55);
#493=TOROIDAL_SURFACE('',#6129,4.41766626729493,1.55);
#494=TOROIDAL_SURFACE('',#6174,6.85,1.55);
#495=TOROIDAL_SURFACE('',#6186,2.40037417703998,1.);
#496=TOROIDAL_SURFACE('',#6211,2.39962514024356,1.);
#497=TOROIDAL_SURFACE('',#6213,2.40037417703998,1.);
#498=TOROIDAL_SURFACE('',#6220,2.39962514024356,1.);
#499=TOROIDAL_SURFACE('',#6222,2.40037417703998,1.);
#500=TOROIDAL_SURFACE('',#6229,2.39962514024355,1.);
#501=TOROIDAL_SURFACE('',#6231,2.40037417703998,1.);
#502=TOROIDAL_SURFACE('',#6236,2.39962514024356,1.);
#503=TOROIDAL_SURFACE('',#6271,2.40037417703998,1.);
#504=TOROIDAL_SURFACE('',#6275,2.39962514024356,1.);
#505=SHAPE_REPRESENTATION_RELATIONSHIP('SRR','None',#13247,#514);
#506=SHAPE_REPRESENTATION_RELATIONSHIP('SRR','None',#13248,#515);
#507=SHAPE_REPRESENTATION_RELATIONSHIP('SRR','None',#13249,#516);
#508=SHAPE_REPRESENTATION_RELATIONSHIP('SRR','None',#13250,#517);
#509=SHAPE_REPRESENTATION_RELATIONSHIP('SRR','None',#13252,#518);
#510=SHAPE_REPRESENTATION_RELATIONSHIP('SRR','None',#13253,#519);
#511=SHAPE_REPRESENTATION_RELATIONSHIP('SRR','None',#13254,#520);
#512=SHAPE_REPRESENTATION_RELATIONSHIP('SRR','None',#13255,#521);
#513=SHAPE_REPRESENTATION_RELATIONSHIP('SRR','None',#13256,#522);
#514=ADVANCED_BREP_SHAPE_REPRESENTATION('',(#532),#13199);
#515=ADVANCED_BREP_SHAPE_REPRESENTATION('',(#533),#13200);
#516=ADVANCED_BREP_SHAPE_REPRESENTATION('',(#534),#13201);
#517=ADVANCED_BREP_SHAPE_REPRESENTATION('',(#535),#13202);
#518=ADVANCED_BREP_SHAPE_REPRESENTATION('',(#536),#13204);
#519=ADVANCED_BREP_SHAPE_REPRESENTATION('',(#537),#13205);
#520=ADVANCED_BREP_SHAPE_REPRESENTATION('',(#538),#13206);
#521=ADVANCED_BREP_SHAPE_REPRESENTATION('',(#539),#13207);
#522=ADVANCED_BREP_SHAPE_REPRESENTATION('',(#540),#13208);
#523=STYLED_ITEM('',(#13305),#532);
#524=STYLED_ITEM('',(#13305),#533);
#525=STYLED_ITEM('',(#13305),#534);
#526=STYLED_ITEM('',(#13305),#535);
#527=STYLED_ITEM('',(#13305),#536);
#528=STYLED_ITEM('',(#13305),#537);
#529=STYLED_ITEM('',(#13305),#538);
#530=STYLED_ITEM('',(#13305),#539);
#531=STYLED_ITEM('',(#13305),#540);
#532=MANIFOLD_SOLID_BREP('\X2\5B9E4F53\X0\1',#5743);
#533=MANIFOLD_SOLID_BREP('\X2\5B9E4F53\X0\1',#5744);
#534=MANIFOLD_SOLID_BREP('\X2\819D76D64F2052A8\X0\2',#5745);
#535=MANIFOLD_SOLID_BREP('\X2\5C0F817F\X0\',#5746);
#536=MANIFOLD_SOLID_BREP('\X2\5927817F4E3B52A8529B53D1751F5668\X0\',#5747);
#537=MANIFOLD_SOLID_BREP('\X2\5C0F817F4FDD630167B6\X0\',#5748);
#538=MANIFOLD_SOLID_BREP('\X2\9ACB517382824FDD630167B6\X0\',#5749);
#539=MANIFOLD_SOLID_BREP('\X2\5927817F76D6677F\X0\',#5750);
#540=MANIFOLD_SOLID_BREP('\X2\5B9E4F53\X0\1',#5751);
#541=FACE_BOUND('',#989,.T.);
#542=FACE_BOUND('',#991,.T.);
#543=FACE_BOUND('',#998,.T.);
#544=FACE_BOUND('',#999,.T.);
#545=FACE_BOUND('',#1001,.T.);
#546=FACE_BOUND('',#1003,.T.);
#547=FACE_BOUND('',#1010,.T.);
#548=FACE_BOUND('',#1011,.T.);
#549=FACE_BOUND('',#1017,.T.);
#550=FACE_BOUND('',#1019,.T.);
#551=FACE_BOUND('',#1021,.T.);
#552=FACE_BOUND('',#1022,.T.);
#553=FACE_BOUND('',#1028,.T.);
#554=FACE_BOUND('',#1030,.T.);
#555=FACE_BOUND('',#1035,.T.);
#556=FACE_BOUND('',#1037,.T.);
#557=FACE_BOUND('',#1051,.T.);
#558=FACE_BOUND('',#1063,.T.);
#559=FACE_BOUND('',#1065,.T.);
#560=FACE_BOUND('',#1066,.T.);
#561=FACE_BOUND('',#1068,.T.);
#562=FACE_BOUND('',#1070,.T.);
#563=FACE_BOUND('',#1084,.T.);
#564=FACE_BOUND('',#1085,.T.);
#565=FACE_BOUND('',#1092,.T.);
#566=FACE_BOUND('',#1098,.T.);
#567=FACE_BOUND('',#1100,.T.);
#568=FACE_BOUND('',#1105,.T.);
#569=FACE_BOUND('',#1107,.T.);
#570=FACE_BOUND('',#1113,.T.);
#571=FACE_BOUND('',#1115,.T.);
#572=FACE_BOUND('',#1122,.T.);
#573=FACE_BOUND('',#1132,.T.);
#574=FACE_BOUND('',#1139,.T.);
#575=FACE_BOUND('',#1182,.T.);
#576=FACE_BOUND('',#1216,.T.);
#577=FACE_BOUND('',#1256,.T.);
#578=FACE_BOUND('',#1260,.T.);
#579=FACE_BOUND('',#1262,.T.);
#580=FACE_BOUND('',#1263,.T.);
#581=FACE_BOUND('',#1265,.T.);
#582=FACE_BOUND('',#1266,.T.);
#583=FACE_BOUND('',#1277,.T.);
#584=FACE_BOUND('',#1280,.T.);
#585=FACE_BOUND('',#1284,.T.);
#586=FACE_BOUND('',#1290,.T.);
#587=FACE_BOUND('',#1292,.T.);
#588=FACE_BOUND('',#1295,.T.);
#589=FACE_BOUND('',#1298,.T.);
#590=FACE_BOUND('',#1340,.T.);
#591=PLANE('',#5886);
#592=PLANE('',#5890);
#593=PLANE('',#5903);
#594=PLANE('',#5904);
#595=PLANE('',#5908);
#596=PLANE('',#5921);
#597=PLANE('',#5935);
#598=PLANE('',#5937);
#599=PLANE('',#5956);
#600=PLANE('',#5957);
#601=PLANE('',#5968);
#602=PLANE('',#5969);
#603=PLANE('',#6013);
#604=PLANE('',#6023);
#605=PLANE('',#6026);
#606=PLANE('',#6032);
#607=PLANE('',#6036);
#608=PLANE('',#6037);
#609=PLANE('',#6039);
#610=PLANE('',#6042);
#611=PLANE('',#6046);
#612=PLANE('',#6054);
#613=PLANE('',#6059);
#614=PLANE('',#6062);
#615=PLANE('',#6065);
#616=PLANE('',#6068);
#617=PLANE('',#6073);
#618=PLANE('',#6077);
#619=PLANE('',#6079);
#620=PLANE('',#6098);
#621=PLANE('',#6099);
#622=PLANE('',#6110);
#623=PLANE('',#6111);
#624=PLANE('',#6121);
#625=PLANE('',#6122);
#626=PLANE('',#6124);
#627=PLANE('',#6142);
#628=PLANE('',#6158);
#629=PLANE('',#6167);
#630=PLANE('',#6181);
#631=PLANE('',#6184);
#632=PLANE('',#6234);
#633=PLANE('',#6239);
#634=PLANE('',#6241);
#635=PLANE('',#6243);
#636=PLANE('',#6245);
#637=PLANE('',#6247);
#638=PLANE('',#6249);
#639=PLANE('',#6251);
#640=PLANE('',#6253);
#641=PLANE('',#6255);
#642=PLANE('',#6257);
#643=PLANE('',#6260);
#644=PLANE('',#6262);
#645=PLANE('',#6274);
#646=PLANE('',#6278);
#647=PLANE('',#6282);
#648=PLANE('',#6284);
#649=PLANE('',#6294);
#650=PLANE('',#6302);
#651=PLANE('',#6303);
#652=PLANE('',#6304);
#653=PLANE('',#6306);
#654=PLANE('',#6312);
#655=PLANE('',#6320);
#656=PLANE('',#6321);
#657=PLANE('',#6327);
#658=PLANE('',#6337);
#659=PLANE('',#6351);
#660=PLANE('',#6355);
#661=PLANE('',#6366);
#662=PLANE('',#6368);
#663=PLANE('',#6372);
#664=PLANE('',#6376);
#665=PLANE('',#6379);
#666=PLANE('',#6385);
#667=PLANE('',#6388);
#668=PLANE('',#6389);
#669=FACE_OUTER_BOUND('',#980,.T.);
#670=FACE_OUTER_BOUND('',#981,.T.);
#671=FACE_OUTER_BOUND('',#982,.T.);
#672=FACE_OUTER_BOUND('',#983,.T.);
#673=FACE_OUTER_BOUND('',#984,.T.);
#674=FACE_OUTER_BOUND('',#985,.T.);
#675=FACE_OUTER_BOUND('',#986,.T.);
#676=FACE_OUTER_BOUND('',#987,.T.);
#677=FACE_OUTER_BOUND('',#988,.T.);
#678=FACE_OUTER_BOUND('',#990,.T.);
#679=FACE_OUTER_BOUND('',#992,.T.);
#680=FACE_OUTER_BOUND('',#993,.T.);
#681=FACE_OUTER_BOUND('',#994,.T.);
#682=FACE_OUTER_BOUND('',#995,.T.);
#683=FACE_OUTER_BOUND('',#996,.T.);
#684=FACE_OUTER_BOUND('',#997,.T.);
#685=FACE_OUTER_BOUND('',#1000,.T.);
#686=FACE_OUTER_BOUND('',#1002,.T.);
#687=FACE_OUTER_BOUND('',#1004,.T.);
#688=FACE_OUTER_BOUND('',#1005,.T.);
#689=FACE_OUTER_BOUND('',#1006,.T.);
#690=FACE_OUTER_BOUND('',#1007,.T.);
#691=FACE_OUTER_BOUND('',#1008,.T.);
#692=FACE_OUTER_BOUND('',#1009,.T.);
#693=FACE_OUTER_BOUND('',#1012,.T.);
#694=FACE_OUTER_BOUND('',#1013,.T.);
#695=FACE_OUTER_BOUND('',#1014,.T.);
#696=FACE_OUTER_BOUND('',#1015,.T.);
#697=FACE_OUTER_BOUND('',#1016,.T.);
#698=FACE_OUTER_BOUND('',#1018,.T.);
#699=FACE_OUTER_BOUND('',#1020,.T.);
#700=FACE_OUTER_BOUND('',#1023,.T.);
#701=FACE_OUTER_BOUND('',#1024,.T.);
#702=FACE_OUTER_BOUND('',#1025,.T.);
#703=FACE_OUTER_BOUND('',#1026,.T.);
#704=FACE_OUTER_BOUND('',#1027,.T.);
#705=FACE_OUTER_BOUND('',#1029,.T.);
#706=FACE_OUTER_BOUND('',#1031,.T.);
#707=FACE_OUTER_BOUND('',#1032,.T.);
#708=FACE_OUTER_BOUND('',#1033,.T.);
#709=FACE_OUTER_BOUND('',#1034,.T.);
#710=FACE_OUTER_BOUND('',#1036,.T.);
#711=FACE_OUTER_BOUND('',#1038,.T.);
#712=FACE_OUTER_BOUND('',#1039,.T.);
#713=FACE_OUTER_BOUND('',#1040,.T.);
#714=FACE_OUTER_BOUND('',#1041,.T.);
#715=FACE_OUTER_BOUND('',#1042,.T.);
#716=FACE_OUTER_BOUND('',#1043,.T.);
#717=FACE_OUTER_BOUND('',#1044,.T.);
#718=FACE_OUTER_BOUND('',#1045,.T.);
#719=FACE_OUTER_BOUND('',#1046,.T.);
#720=FACE_OUTER_BOUND('',#1047,.T.);
#721=FACE_OUTER_BOUND('',#1048,.T.);
#722=FACE_OUTER_BOUND('',#1049,.T.);
#723=FACE_OUTER_BOUND('',#1050,.T.);
#724=FACE_OUTER_BOUND('',#1052,.T.);
#725=FACE_OUTER_BOUND('',#1053,.T.);
#726=FACE_OUTER_BOUND('',#1054,.T.);
#727=FACE_OUTER_BOUND('',#1055,.T.);
#728=FACE_OUTER_BOUND('',#1056,.T.);
#729=FACE_OUTER_BOUND('',#1057,.T.);
#730=FACE_OUTER_BOUND('',#1058,.T.);
#731=FACE_OUTER_BOUND('',#1059,.T.);
#732=FACE_OUTER_BOUND('',#1060,.T.);
#733=FACE_OUTER_BOUND('',#1061,.T.);
#734=FACE_OUTER_BOUND('',#1062,.T.);
#735=FACE_OUTER_BOUND('',#1064,.T.);
#736=FACE_OUTER_BOUND('',#1067,.T.);
#737=FACE_OUTER_BOUND('',#1069,.T.);
#738=FACE_OUTER_BOUND('',#1071,.T.);
#739=FACE_OUTER_BOUND('',#1072,.T.);
#740=FACE_OUTER_BOUND('',#1073,.T.);
#741=FACE_OUTER_BOUND('',#1074,.T.);
#742=FACE_OUTER_BOUND('',#1075,.T.);
#743=FACE_OUTER_BOUND('',#1076,.T.);
#744=FACE_OUTER_BOUND('',#1077,.T.);
#745=FACE_OUTER_BOUND('',#1078,.T.);
#746=FACE_OUTER_BOUND('',#1079,.T.);
#747=FACE_OUTER_BOUND('',#1080,.T.);
#748=FACE_OUTER_BOUND('',#1081,.T.);
#749=FACE_OUTER_BOUND('',#1082,.T.);
#750=FACE_OUTER_BOUND('',#1083,.T.);
#751=FACE_OUTER_BOUND('',#1086,.T.);
#752=FACE_OUTER_BOUND('',#1087,.T.);
#753=FACE_OUTER_BOUND('',#1088,.T.);
#754=FACE_OUTER_BOUND('',#1089,.T.);
#755=FACE_OUTER_BOUND('',#1090,.T.);
#756=FACE_OUTER_BOUND('',#1091,.T.);
#757=FACE_OUTER_BOUND('',#1093,.T.);
#758=FACE_OUTER_BOUND('',#1094,.T.);
#759=FACE_OUTER_BOUND('',#1095,.T.);
#760=FACE_OUTER_BOUND('',#1096,.T.);
#761=FACE_OUTER_BOUND('',#1097,.T.);
#762=FACE_OUTER_BOUND('',#1099,.T.);
#763=FACE_OUTER_BOUND('',#1101,.T.);
#764=FACE_OUTER_BOUND('',#1102,.T.);
#765=FACE_OUTER_BOUND('',#1103,.T.);
#766=FACE_OUTER_BOUND('',#1104,.T.);
#767=FACE_OUTER_BOUND('',#1106,.T.);
#768=FACE_OUTER_BOUND('',#1108,.T.);
#769=FACE_OUTER_BOUND('',#1109,.T.);
#770=FACE_OUTER_BOUND('',#1110,.T.);
#771=FACE_OUTER_BOUND('',#1111,.T.);
#772=FACE_OUTER_BOUND('',#1112,.T.);
#773=FACE_OUTER_BOUND('',#1114,.T.);
#774=FACE_OUTER_BOUND('',#1116,.T.);
#775=FACE_OUTER_BOUND('',#1117,.T.);
#776=FACE_OUTER_BOUND('',#1118,.T.);
#777=FACE_OUTER_BOUND('',#1119,.T.);
#778=FACE_OUTER_BOUND('',#1120,.T.);
#779=FACE_OUTER_BOUND('',#1121,.T.);
#780=FACE_OUTER_BOUND('',#1123,.T.);
#781=FACE_OUTER_BOUND('',#1124,.T.);
#782=FACE_OUTER_BOUND('',#1125,.T.);
#783=FACE_OUTER_BOUND('',#1126,.T.);
#784=FACE_OUTER_BOUND('',#1127,.T.);
#785=FACE_OUTER_BOUND('',#1128,.T.);
#786=FACE_OUTER_BOUND('',#1129,.T.);
#787=FACE_OUTER_BOUND('',#1130,.T.);
#788=FACE_OUTER_BOUND('',#1131,.T.);
#789=FACE_OUTER_BOUND('',#1133,.T.);
#790=FACE_OUTER_BOUND('',#1134,.T.);
#791=FACE_OUTER_BOUND('',#1135,.T.);
#792=FACE_OUTER_BOUND('',#1136,.T.);
#793=FACE_OUTER_BOUND('',#1137,.T.);
#794=FACE_OUTER_BOUND('',#1138,.T.);
#795=FACE_OUTER_BOUND('',#1140,.T.);
#796=FACE_OUTER_BOUND('',#1141,.T.);
#797=FACE_OUTER_BOUND('',#1142,.T.);
#798=FACE_OUTER_BOUND('',#1143,.T.);
#799=FACE_OUTER_BOUND('',#1144,.T.);
#800=FACE_OUTER_BOUND('',#1145,.T.);
#801=FACE_OUTER_BOUND('',#1146,.T.);
#802=FACE_OUTER_BOUND('',#1147,.T.);
#803=FACE_OUTER_BOUND('',#1148,.T.);
#804=FACE_OUTER_BOUND('',#1149,.T.);
#805=FACE_OUTER_BOUND('',#1150,.T.);
#806=FACE_OUTER_BOUND('',#1151,.T.);
#807=FACE_OUTER_BOUND('',#1152,.T.);
#808=FACE_OUTER_BOUND('',#1153,.T.);
#809=FACE_OUTER_BOUND('',#1154,.T.);
#810=FACE_OUTER_BOUND('',#1155,.T.);
#811=FACE_OUTER_BOUND('',#1156,.T.);
#812=FACE_OUTER_BOUND('',#1157,.T.);
#813=FACE_OUTER_BOUND('',#1158,.T.);
#814=FACE_OUTER_BOUND('',#1159,.T.);
#815=FACE_OUTER_BOUND('',#1160,.T.);
#816=FACE_OUTER_BOUND('',#1161,.T.);
#817=FACE_OUTER_BOUND('',#1162,.T.);
#818=FACE_OUTER_BOUND('',#1163,.T.);
#819=FACE_OUTER_BOUND('',#1164,.T.);
#820=FACE_OUTER_BOUND('',#1165,.T.);
#821=FACE_OUTER_BOUND('',#1166,.T.);
#822=FACE_OUTER_BOUND('',#1167,.T.);
#823=FACE_OUTER_BOUND('',#1168,.T.);
#824=FACE_OUTER_BOUND('',#1169,.T.);
#825=FACE_OUTER_BOUND('',#1170,.T.);
#826=FACE_OUTER_BOUND('',#1171,.T.);
#827=FACE_OUTER_BOUND('',#1172,.T.);
#828=FACE_OUTER_BOUND('',#1173,.T.);
#829=FACE_OUTER_BOUND('',#1174,.T.);
#830=FACE_OUTER_BOUND('',#1175,.T.);
#831=FACE_OUTER_BOUND('',#1176,.T.);
#832=FACE_OUTER_BOUND('',#1177,.T.);
#833=FACE_OUTER_BOUND('',#1178,.T.);
#834=FACE_OUTER_BOUND('',#1179,.T.);
#835=FACE_OUTER_BOUND('',#1180,.T.);
#836=FACE_OUTER_BOUND('',#1181,.T.);
#837=FACE_OUTER_BOUND('',#1183,.T.);
#838=FACE_OUTER_BOUND('',#1184,.T.);
#839=FACE_OUTER_BOUND('',#1185,.T.);
#840=FACE_OUTER_BOUND('',#1186,.T.);
#841=FACE_OUTER_BOUND('',#1187,.T.);
#842=FACE_OUTER_BOUND('',#1188,.T.);
#843=FACE_OUTER_BOUND('',#1189,.T.);
#844=FACE_OUTER_BOUND('',#1190,.T.);
#845=FACE_OUTER_BOUND('',#1191,.T.);
#846=FACE_OUTER_BOUND('',#1192,.T.);
#847=FACE_OUTER_BOUND('',#1193,.T.);
#848=FACE_OUTER_BOUND('',#1194,.T.);
#849=FACE_OUTER_BOUND('',#1195,.T.);
#850=FACE_OUTER_BOUND('',#1196,.T.);
#851=FACE_OUTER_BOUND('',#1197,.T.);
#852=FACE_OUTER_BOUND('',#1198,.T.);
#853=FACE_OUTER_BOUND('',#1199,.T.);
#854=FACE_OUTER_BOUND('',#1200,.T.);
#855=FACE_OUTER_BOUND('',#1201,.T.);
#856=FACE_OUTER_BOUND('',#1202,.T.);
#857=FACE_OUTER_BOUND('',#1203,.T.);
#858=FACE_OUTER_BOUND('',#1204,.T.);
#859=FACE_OUTER_BOUND('',#1205,.T.);
#860=FACE_OUTER_BOUND('',#1206,.T.);
#861=FACE_OUTER_BOUND('',#1207,.T.);
#862=FACE_OUTER_BOUND('',#1208,.T.);
#863=FACE_OUTER_BOUND('',#1209,.T.);
#864=FACE_OUTER_BOUND('',#1210,.T.);
#865=FACE_OUTER_BOUND('',#1211,.T.);
#866=FACE_OUTER_BOUND('',#1212,.T.);
#867=FACE_OUTER_BOUND('',#1213,.T.);
#868=FACE_OUTER_BOUND('',#1214,.T.);
#869=FACE_OUTER_BOUND('',#1215,.T.);
#870=FACE_OUTER_BOUND('',#1217,.T.);
#871=FACE_OUTER_BOUND('',#1218,.T.);
#872=FACE_OUTER_BOUND('',#1219,.T.);
#873=FACE_OUTER_BOUND('',#1220,.T.);
#874=FACE_OUTER_BOUND('',#1221,.T.);
#875=FACE_OUTER_BOUND('',#1222,.T.);
#876=FACE_OUTER_BOUND('',#1223,.T.);
#877=FACE_OUTER_BOUND('',#1224,.T.);
#878=FACE_OUTER_BOUND('',#1225,.T.);
#879=FACE_OUTER_BOUND('',#1226,.T.);
#880=FACE_OUTER_BOUND('',#1227,.T.);
#881=FACE_OUTER_BOUND('',#1228,.T.);
#882=FACE_OUTER_BOUND('',#1229,.T.);
#883=FACE_OUTER_BOUND('',#1230,.T.);
#884=FACE_OUTER_BOUND('',#1231,.T.);
#885=FACE_OUTER_BOUND('',#1232,.T.);
#886=FACE_OUTER_BOUND('',#1233,.T.);
#887=FACE_OUTER_BOUND('',#1234,.T.);
#888=FACE_OUTER_BOUND('',#1235,.T.);
#889=FACE_OUTER_BOUND('',#1236,.T.);
#890=FACE_OUTER_BOUND('',#1237,.T.);
#891=FACE_OUTER_BOUND('',#1238,.T.);
#892=FACE_OUTER_BOUND('',#1239,.T.);
#893=FACE_OUTER_BOUND('',#1240,.T.);
#894=FACE_OUTER_BOUND('',#1241,.T.);
#895=FACE_OUTER_BOUND('',#1242,.T.);
#896=FACE_OUTER_BOUND('',#1243,.T.);
#897=FACE_OUTER_BOUND('',#1244,.T.);
#898=FACE_OUTER_BOUND('',#1245,.T.);
#899=FACE_OUTER_BOUND('',#1246,.T.);
#900=FACE_OUTER_BOUND('',#1247,.T.);
#901=FACE_OUTER_BOUND('',#1248,.T.);
#902=FACE_OUTER_BOUND('',#1249,.T.);
#903=FACE_OUTER_BOUND('',#1250,.T.);
#904=FACE_OUTER_BOUND('',#1251,.T.);
#905=FACE_OUTER_BOUND('',#1252,.T.);
#906=FACE_OUTER_BOUND('',#1253,.T.);
#907=FACE_OUTER_BOUND('',#1254,.T.);
#908=FACE_OUTER_BOUND('',#1255,.T.);
#909=FACE_OUTER_BOUND('',#1257,.T.);
#910=FACE_OUTER_BOUND('',#1258,.T.);
#911=FACE_OUTER_BOUND('',#1259,.T.);
#912=FACE_OUTER_BOUND('',#1261,.T.);
#913=FACE_OUTER_BOUND('',#1264,.T.);
#914=FACE_OUTER_BOUND('',#1267,.T.);
#915=FACE_OUTER_BOUND('',#1268,.T.);
#916=FACE_OUTER_BOUND('',#1269,.T.);
#917=FACE_OUTER_BOUND('',#1270,.T.);
#918=FACE_OUTER_BOUND('',#1271,.T.);
#919=FACE_OUTER_BOUND('',#1272,.T.);
#920=FACE_OUTER_BOUND('',#1273,.T.);
#921=FACE_OUTER_BOUND('',#1274,.T.);
#922=FACE_OUTER_BOUND('',#1275,.T.);
#923=FACE_OUTER_BOUND('',#1276,.T.);
#924=FACE_OUTER_BOUND('',#1278,.T.);
#925=FACE_OUTER_BOUND('',#1279,.T.);
#926=FACE_OUTER_BOUND('',#1281,.T.);
#927=FACE_OUTER_BOUND('',#1282,.T.);
#928=FACE_OUTER_BOUND('',#1283,.T.);
#929=FACE_OUTER_BOUND('',#1285,.T.);
#930=FACE_OUTER_BOUND('',#1286,.T.);
#931=FACE_OUTER_BOUND('',#1287,.T.);
#932=FACE_OUTER_BOUND('',#1288,.T.);
#933=FACE_OUTER_BOUND('',#1289,.T.);
#934=FACE_OUTER_BOUND('',#1291,.T.);
#935=FACE_OUTER_BOUND('',#1293,.T.);
#936=FACE_OUTER_BOUND('',#1294,.T.);
#937=FACE_OUTER_BOUND('',#1296,.T.);
#938=FACE_OUTER_BOUND('',#1297,.T.);
#939=FACE_OUTER_BOUND('',#1299,.T.);
#940=FACE_OUTER_BOUND('',#1300,.T.);
#941=FACE_OUTER_BOUND('',#1301,.T.);
#942=FACE_OUTER_BOUND('',#1302,.T.);
#943=FACE_OUTER_BOUND('',#1303,.T.);
#944=FACE_OUTER_BOUND('',#1304,.T.);
#945=FACE_OUTER_BOUND('',#1305,.T.);
#946=FACE_OUTER_BOUND('',#1306,.T.);
#947=FACE_OUTER_BOUND('',#1307,.T.);
#948=FACE_OUTER_BOUND('',#1308,.T.);
#949=FACE_OUTER_BOUND('',#1309,.T.);
#950=FACE_OUTER_BOUND('',#1310,.T.);
#951=FACE_OUTER_BOUND('',#1311,.T.);
#952=FACE_OUTER_BOUND('',#1312,.T.);
#953=FACE_OUTER_BOUND('',#1313,.T.);
#954=FACE_OUTER_BOUND('',#1314,.T.);
#955=FACE_OUTER_BOUND('',#1315,.T.);
#956=FACE_OUTER_BOUND('',#1316,.T.);
#957=FACE_OUTER_BOUND('',#1317,.T.);
#958=FACE_OUTER_BOUND('',#1318,.T.);
#959=FACE_OUTER_BOUND('',#1319,.T.);
#960=FACE_OUTER_BOUND('',#1320,.T.);
#961=FACE_OUTER_BOUND('',#1321,.T.);
#962=FACE_OUTER_BOUND('',#1322,.T.);
#963=FACE_OUTER_BOUND('',#1323,.T.);
#964=FACE_OUTER_BOUND('',#1324,.T.);
#965=FACE_OUTER_BOUND('',#1325,.T.);
#966=FACE_OUTER_BOUND('',#1326,.T.);
#967=FACE_OUTER_BOUND('',#1327,.T.);
#968=FACE_OUTER_BOUND('',#1328,.T.);
#969=FACE_OUTER_BOUND('',#1329,.T.);
#970=FACE_OUTER_BOUND('',#1330,.T.);
#971=FACE_OUTER_BOUND('',#1331,.T.);
#972=FACE_OUTER_BOUND('',#1332,.T.);
#973=FACE_OUTER_BOUND('',#1333,.T.);
#974=FACE_OUTER_BOUND('',#1334,.T.);
#975=FACE_OUTER_BOUND('',#1335,.T.);
#976=FACE_OUTER_BOUND('',#1336,.T.);
#977=FACE_OUTER_BOUND('',#1337,.T.);
#978=FACE_OUTER_BOUND('',#1338,.T.);
#979=FACE_OUTER_BOUND('',#1339,.T.);
#980=EDGE_LOOP('',(#3600,#3601,#3602,#3603));
#981=EDGE_LOOP('',(#3604,#3605,#3606,#3607,#3608,#3609,#3610,#3611,#3612,
#3613,#3614,#3615));
#982=EDGE_LOOP('',(#3616,#3617,#3618,#3619));
#983=EDGE_LOOP('',(#3620,#3621,#3622,#3623));
#984=EDGE_LOOP('',(#3624,#3625,#3626,#3627));
#985=EDGE_LOOP('',(#3628,#3629,#3630,#3631));
#986=EDGE_LOOP('',(#3632,#3633,#3634,#3635));
#987=EDGE_LOOP('',(#3636,#3637,#3638,#3639,#3640,#3641,#3642,#3643,#3644,
#3645,#3646,#3647));
#988=EDGE_LOOP('',(#3648,#3649,#3650,#3651,#3652,#3653,#3654));
#989=EDGE_LOOP('',(#3655));
#990=EDGE_LOOP('',(#3656,#3657,#3658,#3659,#3660,#3661));
#991=EDGE_LOOP('',(#3662));
#992=EDGE_LOOP('',(#3663,#3664,#3665,#3666));
#993=EDGE_LOOP('',(#3667,#3668,#3669,#3670));
#994=EDGE_LOOP('',(#3671,#3672,#3673,#3674));
#995=EDGE_LOOP('',(#3675,#3676,#3677,#3678));
#996=EDGE_LOOP('',(#3679,#3680,#3681,#3682));
#997=EDGE_LOOP('',(#3683,#3684,#3685,#3686,#3687));
#998=EDGE_LOOP('',(#3688));
#999=EDGE_LOOP('',(#3689));
#1000=EDGE_LOOP('',(#3690,#3691,#3692,#3693,#3694,#3695,#3696));
#1001=EDGE_LOOP('',(#3697));
#1002=EDGE_LOOP('',(#3698,#3699,#3700,#3701,#3702,#3703));
#1003=EDGE_LOOP('',(#3704));
#1004=EDGE_LOOP('',(#3705,#3706,#3707,#3708));
#1005=EDGE_LOOP('',(#3709,#3710,#3711,#3712));
#1006=EDGE_LOOP('',(#3713,#3714,#3715,#3716));
#1007=EDGE_LOOP('',(#3717,#3718,#3719,#3720));
#1008=EDGE_LOOP('',(#3721,#3722,#3723,#3724));
#1009=EDGE_LOOP('',(#3725,#3726,#3727,#3728,#3729));
#1010=EDGE_LOOP('',(#3730));
#1011=EDGE_LOOP('',(#3731));
#1012=EDGE_LOOP('',(#3732,#3733,#3734,#3735));
#1013=EDGE_LOOP('',(#3736,#3737,#3738,#3739));
#1014=EDGE_LOOP('',(#3740,#3741,#3742,#3743));
#1015=EDGE_LOOP('',(#3744,#3745,#3746,#3747));
#1016=EDGE_LOOP('',(#3748,#3749,#3750,#3751));
#1017=EDGE_LOOP('',(#3752));
#1018=EDGE_LOOP('',(#3753,#3754,#3755,#3756));
#1019=EDGE_LOOP('',(#3757));
#1020=EDGE_LOOP('',(#3758,#3759,#3760,#3761));
#1021=EDGE_LOOP('',(#3762,#3763,#3764,#3765));
#1022=EDGE_LOOP('',(#3766,#3767,#3768,#3769));
#1023=EDGE_LOOP('',(#3770,#3771,#3772,#3773));
#1024=EDGE_LOOP('',(#3774,#3775,#3776,#3777));
#1025=EDGE_LOOP('',(#3778,#3779,#3780,#3781));
#1026=EDGE_LOOP('',(#3782,#3783,#3784,#3785));
#1027=EDGE_LOOP('',(#3786,#3787,#3788,#3789));
#1028=EDGE_LOOP('',(#3790));
#1029=EDGE_LOOP('',(#3791,#3792,#3793,#3794));
#1030=EDGE_LOOP('',(#3795));
#1031=EDGE_LOOP('',(#3796,#3797,#3798,#3799,#3800,#3801));
#1032=EDGE_LOOP('',(#3802,#3803,#3804,#3805,#3806));
#1033=EDGE_LOOP('',(#3807,#3808,#3809,#3810));
#1034=EDGE_LOOP('',(#3811));
#1035=EDGE_LOOP('',(#3812));
#1036=EDGE_LOOP('',(#3813));
#1037=EDGE_LOOP('',(#3814));
#1038=EDGE_LOOP('',(#3815,#3816,#3817,#3818));
#1039=EDGE_LOOP('',(#3819,#3820,#3821,#3822,#3823));
#1040=EDGE_LOOP('',(#3824,#3825,#3826,#3827));
#1041=EDGE_LOOP('',(#3828,#3829,#3830,#3831));
#1042=EDGE_LOOP('',(#3832,#3833,#3834,#3835));
#1043=EDGE_LOOP('',(#3836,#3837,#3838,#3839));
#1044=EDGE_LOOP('',(#3840,#3841,#3842,#3843));
#1045=EDGE_LOOP('',(#3844,#3845,#3846,#3847,#3848,#3849,#3850,#3851,#3852,
#3853,#3854,#3855));
#1046=EDGE_LOOP('',(#3856,#3857,#3858,#3859));
#1047=EDGE_LOOP('',(#3860,#3861,#3862,#3863,#3864,#3865,#3866,#3867,#3868,
#3869,#3870,#3871));
#1048=EDGE_LOOP('',(#3872,#3873,#3874,#3875));
#1049=EDGE_LOOP('',(#3876,#3877,#3878,#3879));
#1050=EDGE_LOOP('',(#3880,#3881,#3882,#3883,#3884,#3885,#3886,#3887,#3888,
#3889));
#1051=EDGE_LOOP('',(#3890));
#1052=EDGE_LOOP('',(#3891,#3892,#3893,#3894));
#1053=EDGE_LOOP('',(#3895,#3896,#3897,#3898));
#1054=EDGE_LOOP('',(#3899,#3900,#3901,#3902));
#1055=EDGE_LOOP('',(#3903,#3904,#3905,#3906));
#1056=EDGE_LOOP('',(#3907,#3908,#3909,#3910));
#1057=EDGE_LOOP('',(#3911,#3912,#3913,#3914));
#1058=EDGE_LOOP('',(#3915,#3916,#3917,#3918));
#1059=EDGE_LOOP('',(#3919,#3920,#3921,#3922));
#1060=EDGE_LOOP('',(#3923,#3924,#3925,#3926));
#1061=EDGE_LOOP('',(#3927,#3928,#3929,#3930));
#1062=EDGE_LOOP('',(#3931,#3932,#3933,#3934,#3935,#3936,#3937,#3938,#3939,
#3940));
#1063=EDGE_LOOP('',(#3941));
#1064=EDGE_LOOP('',(#3942,#3943,#3944,#3945,#3946,#3947,#3948,#3949,#3950,
#3951,#3952,#3953));
#1065=EDGE_LOOP('',(#3954));
#1066=EDGE_LOOP('',(#3955));
#1067=EDGE_LOOP('',(#3956,#3957,#3958,#3959,#3960,#3961,#3962,#3963,#3964,
#3965));
#1068=EDGE_LOOP('',(#3966));
#1069=EDGE_LOOP('',(#3967,#3968,#3969,#3970,#3971,#3972,#3973,#3974,#3975,
#3976));
#1070=EDGE_LOOP('',(#3977));
#1071=EDGE_LOOP('',(#3978,#3979,#3980,#3981));
#1072=EDGE_LOOP('',(#3982,#3983,#3984,#3985));
#1073=EDGE_LOOP('',(#3986,#3987,#3988,#3989));
#1074=EDGE_LOOP('',(#3990,#3991,#3992,#3993));
#1075=EDGE_LOOP('',(#3994,#3995,#3996,#3997));
#1076=EDGE_LOOP('',(#3998,#3999,#4000,#4001));
#1077=EDGE_LOOP('',(#4002,#4003,#4004,#4005));
#1078=EDGE_LOOP('',(#4006,#4007,#4008,#4009));
#1079=EDGE_LOOP('',(#4010,#4011,#4012,#4013));
#1080=EDGE_LOOP('',(#4014,#4015,#4016,#4017));
#1081=EDGE_LOOP('',(#4018,#4019,#4020,#4021));
#1082=EDGE_LOOP('',(#4022,#4023,#4024,#4025));
#1083=EDGE_LOOP('',(#4026,#4027,#4028,#4029,#4030,#4031,#4032,#4033,#4034,
#4035,#4036,#4037));
#1084=EDGE_LOOP('',(#4038));
#1085=EDGE_LOOP('',(#4039));
#1086=EDGE_LOOP('',(#4040,#4041,#4042,#4043));
#1087=EDGE_LOOP('',(#4044,#4045,#4046,#4047));
#1088=EDGE_LOOP('',(#4048,#4049,#4050,#4051));
#1089=EDGE_LOOP('',(#4052,#4053,#4054,#4055));
#1090=EDGE_LOOP('',(#4056,#4057,#4058,#4059));
#1091=EDGE_LOOP('',(#4060,#4061,#4062,#4063));
#1092=EDGE_LOOP('',(#4064,#4065,#4066,#4067));
#1093=EDGE_LOOP('',(#4068,#4069,#4070,#4071));
#1094=EDGE_LOOP('',(#4072,#4073,#4074,#4075));
#1095=EDGE_LOOP('',(#4076,#4077,#4078,#4079));
#1096=EDGE_LOOP('',(#4080,#4081,#4082,#4083));
#1097=EDGE_LOOP('',(#4084,#4085,#4086,#4087));
#1098=EDGE_LOOP('',(#4088));
#1099=EDGE_LOOP('',(#4089,#4090,#4091,#4092));
#1100=EDGE_LOOP('',(#4093));
#1101=EDGE_LOOP('',(#4094,#4095,#4096,#4097,#4098,#4099));
#1102=EDGE_LOOP('',(#4100,#4101,#4102,#4103,#4104));
#1103=EDGE_LOOP('',(#4105,#4106,#4107,#4108));
#1104=EDGE_LOOP('',(#4109,#4110));
#1105=EDGE_LOOP('',(#4111));
#1106=EDGE_LOOP('',(#4112,#4113));
#1107=EDGE_LOOP('',(#4114));
#1108=EDGE_LOOP('',(#4115,#4116,#4117,#4118));
#1109=EDGE_LOOP('',(#4119,#4120,#4121,#4122,#4123));
#1110=EDGE_LOOP('',(#4124,#4125,#4126,#4127));
#1111=EDGE_LOOP('',(#4128));
#1112=EDGE_LOOP('',(#4129));
#1113=EDGE_LOOP('',(#4130));
#1114=EDGE_LOOP('',(#4131));
#1115=EDGE_LOOP('',(#4132));
#1116=EDGE_LOOP('',(#4133,#4134,#4135,#4136));
#1117=EDGE_LOOP('',(#4137,#4138,#4139,#4140,#4141,#4142));
#1118=EDGE_LOOP('',(#4143,#4144,#4145,#4146,#4147));
#1119=EDGE_LOOP('',(#4148,#4149,#4150,#4151,#4152,#4153,#4154,#4155));
#1120=EDGE_LOOP('',(#4156,#4157,#4158,#4159,#4160));
#1121=EDGE_LOOP('',(#4161,#4162,#4163,#4164));
#1122=EDGE_LOOP('',(#4165));
#1123=EDGE_LOOP('',(#4166,#4167,#4168,#4169));
#1124=EDGE_LOOP('',(#4170,#4171,#4172,#4173));
#1125=EDGE_LOOP('',(#4174,#4175,#4176,#4177));
#1126=EDGE_LOOP('',(#4178,#4179,#4180,#4181));
#1127=EDGE_LOOP('',(#4182,#4183,#4184,#4185,#4186,#4187,#4188,#4189,#4190));
#1128=EDGE_LOOP('',(#4191,#4192,#4193,#4194));
#1129=EDGE_LOOP('',(#4195,#4196,#4197,#4198,#4199,#4200,#4201,#4202));
#1130=EDGE_LOOP('',(#4203,#4204,#4205,#4206));
#1131=EDGE_LOOP('',(#4207));
#1132=EDGE_LOOP('',(#4208));
#1133=EDGE_LOOP('',(#4209,#4210,#4211,#4212));
#1134=EDGE_LOOP('',(#4213,#4214,#4215,#4216,#4217));
#1135=EDGE_LOOP('',(#4218,#4219,#4220,#4221,#4222,#4223));
#1136=EDGE_LOOP('',(#4224,#4225,#4226,#4227,#4228));
#1137=EDGE_LOOP('',(#4229,#4230,#4231,#4232));
#1138=EDGE_LOOP('',(#4233,#4234,#4235,#4236,#4237,#4238,#4239,#4240,#4241,
#4242,#4243,#4244,#4245,#4246,#4247,#4248,#4249,#4250,#4251,#4252,#4253,
#4254,#4255,#4256,#4257,#4258,#4259,#4260,#4261,#4262,#4263,#4264,#4265,
#4266,#4267,#4268,#4269,#4270,#4271,#4272));
#1139=EDGE_LOOP('',(#4273));
#1140=EDGE_LOOP('',(#4274,#4275,#4276,#4277));
#1141=EDGE_LOOP('',(#4278,#4279,#4280,#4281));
#1142=EDGE_LOOP('',(#4282,#4283,#4284,#4285));
#1143=EDGE_LOOP('',(#4286,#4287,#4288,#4289));
#1144=EDGE_LOOP('',(#4290,#4291,#4292,#4293));
#1145=EDGE_LOOP('',(#4294,#4295,#4296,#4297));
#1146=EDGE_LOOP('',(#4298,#4299,#4300,#4301));
#1147=EDGE_LOOP('',(#4302,#4303,#4304,#4305));
#1148=EDGE_LOOP('',(#4306,#4307,#4308,#4309));
#1149=EDGE_LOOP('',(#4310,#4311,#4312,#4313));
#1150=EDGE_LOOP('',(#4314,#4315,#4316,#4317));
#1151=EDGE_LOOP('',(#4318,#4319,#4320,#4321));
#1152=EDGE_LOOP('',(#4322,#4323,#4324,#4325));
#1153=EDGE_LOOP('',(#4326,#4327,#4328,#4329));
#1154=EDGE_LOOP('',(#4330,#4331,#4332,#4333));
#1155=EDGE_LOOP('',(#4334,#4335,#4336,#4337));
#1156=EDGE_LOOP('',(#4338,#4339,#4340,#4341));
#1157=EDGE_LOOP('',(#4342,#4343,#4344,#4345));
#1158=EDGE_LOOP('',(#4346,#4347,#4348,#4349));
#1159=EDGE_LOOP('',(#4350,#4351,#4352,#4353));
#1160=EDGE_LOOP('',(#4354,#4355,#4356,#4357));
#1161=EDGE_LOOP('',(#4358,#4359,#4360,#4361));
#1162=EDGE_LOOP('',(#4362,#4363,#4364,#4365));
#1163=EDGE_LOOP('',(#4366,#4367,#4368,#4369));
#1164=EDGE_LOOP('',(#4370,#4371,#4372,#4373));
#1165=EDGE_LOOP('',(#4374,#4375,#4376,#4377));
#1166=EDGE_LOOP('',(#4378,#4379,#4380,#4381));
#1167=EDGE_LOOP('',(#4382,#4383,#4384,#4385));
#1168=EDGE_LOOP('',(#4386,#4387,#4388,#4389));
#1169=EDGE_LOOP('',(#4390,#4391,#4392,#4393));
#1170=EDGE_LOOP('',(#4394,#4395,#4396,#4397));
#1171=EDGE_LOOP('',(#4398,#4399,#4400,#4401));
#1172=EDGE_LOOP('',(#4402,#4403,#4404,#4405));
#1173=EDGE_LOOP('',(#4406,#4407,#4408,#4409));
#1174=EDGE_LOOP('',(#4410,#4411,#4412,#4413));
#1175=EDGE_LOOP('',(#4414,#4415,#4416,#4417));
#1176=EDGE_LOOP('',(#4418,#4419,#4420,#4421));
#1177=EDGE_LOOP('',(#4422,#4423,#4424,#4425));
#1178=EDGE_LOOP('',(#4426,#4427,#4428,#4429));
#1179=EDGE_LOOP('',(#4430,#4431,#4432,#4433));
#1180=EDGE_LOOP('',(#4434,#4435,#4436,#4437));
#1181=EDGE_LOOP('',(#4438,#4439,#4440,#4441));
#1182=EDGE_LOOP('',(#4442,#4443,#4444,#4445,#4446,#4447,#4448,#4449,#4450,
#4451,#4452,#4453,#4454,#4455,#4456,#4457,#4458,#4459,#4460,#4461,#4462,
#4463,#4464,#4465,#4466,#4467,#4468,#4469,#4470,#4471,#4472,#4473,#4474,
#4475,#4476,#4477,#4478,#4479,#4480,#4481));
#1183=EDGE_LOOP('',(#4482,#4483,#4484,#4485));
#1184=EDGE_LOOP('',(#4486,#4487,#4488,#4489,#4490,#4491,#4492,#4493,#4494,
#4495,#4496,#4497,#4498,#4499,#4500,#4501,#4502,#4503,#4504,#4505,#4506,
#4507,#4508,#4509,#4510,#4511,#4512,#4513,#4514,#4515,#4516,#4517,#4518,
#4519,#4520,#4521,#4522,#4523,#4524,#4525,#4526,#4527,#4528,#4529));
#1185=EDGE_LOOP('',(#4530,#4531,#4532,#4533,#4534,#4535,#4536,#4537,#4538,
#4539,#4540));
#1186=EDGE_LOOP('',(#4541,#4542,#4543,#4544));
#1187=EDGE_LOOP('',(#4545,#4546,#4547,#4548));
#1188=EDGE_LOOP('',(#4549,#4550,#4551,#4552,#4553,#4554,#4555,#4556,#4557,
#4558,#4559));
#1189=EDGE_LOOP('',(#4560,#4561,#4562,#4563));
#1190=EDGE_LOOP('',(#4564,#4565,#4566,#4567));
#1191=EDGE_LOOP('',(#4568,#4569,#4570,#4571,#4572,#4573,#4574,#4575,#4576,
#4577,#4578));
#1192=EDGE_LOOP('',(#4579,#4580,#4581,#4582));
#1193=EDGE_LOOP('',(#4583,#4584,#4585,#4586));
#1194=EDGE_LOOP('',(#4587,#4588,#4589,#4590));
#1195=EDGE_LOOP('',(#4591,#4592,#4593,#4594));
#1196=EDGE_LOOP('',(#4595,#4596,#4597,#4598));
#1197=EDGE_LOOP('',(#4599,#4600,#4601,#4602));
#1198=EDGE_LOOP('',(#4603,#4604,#4605,#4606));
#1199=EDGE_LOOP('',(#4607,#4608,#4609,#4610));
#1200=EDGE_LOOP('',(#4611,#4612,#4613,#4614));
#1201=EDGE_LOOP('',(#4615,#4616,#4617,#4618));
#1202=EDGE_LOOP('',(#4619,#4620,#4621,#4622));
#1203=EDGE_LOOP('',(#4623,#4624,#4625,#4626));
#1204=EDGE_LOOP('',(#4627,#4628,#4629,#4630));
#1205=EDGE_LOOP('',(#4631,#4632,#4633,#4634,#4635,#4636));
#1206=EDGE_LOOP('',(#4637,#4638,#4639,#4640));
#1207=EDGE_LOOP('',(#4641,#4642,#4643,#4644));
#1208=EDGE_LOOP('',(#4645,#4646,#4647,#4648,#4649,#4650,#4651,#4652,#4653,
#4654,#4655,#4656,#4657,#4658,#4659,#4660,#4661,#4662,#4663,#4664,#4665,
#4666,#4667,#4668,#4669,#4670,#4671,#4672,#4673,#4674,#4675,#4676,#4677,
#4678,#4679,#4680,#4681,#4682,#4683));
#1209=EDGE_LOOP('',(#4684,#4685,#4686,#4687,#4688,#4689,#4690,#4691,#4692,
#4693,#4694));
#1210=EDGE_LOOP('',(#4695,#4696,#4697,#4698));
#1211=EDGE_LOOP('',(#4699,#4700,#4701,#4702));
#1212=EDGE_LOOP('',(#4703,#4704,#4705,#4706));
#1213=EDGE_LOOP('',(#4707,#4708,#4709,#4710));
#1214=EDGE_LOOP('',(#4711,#4712,#4713,#4714,#4715,#4716,#4717,#4718,#4719,
#4720,#4721));
#1215=EDGE_LOOP('',(#4722));
#1216=EDGE_LOOP('',(#4723));
#1217=EDGE_LOOP('',(#4724,#4725,#4726,#4727,#4728));
#1218=EDGE_LOOP('',(#4729,#4730,#4731));
#1219=EDGE_LOOP('',(#4732,#4733,#4734,#4735,#4736,#4737));
#1220=EDGE_LOOP('',(#4738,#4739,#4740,#4741,#4742,#4743,#4744,#4745,#4746,
#4747,#4748,#4749,#4750,#4751,#4752,#4753,#4754,#4755,#4756,#4757,#4758,
#4759,#4760,#4761,#4762,#4763,#4764,#4765,#4766,#4767,#4768,#4769,#4770,
#4771));
#1221=EDGE_LOOP('',(#4772,#4773,#4774,#4775,#4776));
#1222=EDGE_LOOP('',(#4777,#4778,#4779,#4780,#4781,#4782));
#1223=EDGE_LOOP('',(#4783,#4784,#4785));
#1224=EDGE_LOOP('',(#4786,#4787,#4788,#4789,#4790,#4791,#4792,#4793,#4794,
#4795,#4796,#4797,#4798,#4799,#4800,#4801,#4802,#4803,#4804,#4805,#4806,
#4807,#4808,#4809,#4810,#4811,#4812,#4813,#4814,#4815,#4816,#4817,#4818,
#4819,#4820,#4821,#4822,#4823,#4824,#4825));
#1225=EDGE_LOOP('',(#4826,#4827,#4828,#4829,#4830));
#1226=EDGE_LOOP('',(#4831,#4832,#4833));
#1227=EDGE_LOOP('',(#4834,#4835,#4836,#4837,#4838,#4839));
#1228=EDGE_LOOP('',(#4840,#4841,#4842,#4843,#4844));
#1229=EDGE_LOOP('',(#4845,#4846,#4847));
#1230=EDGE_LOOP('',(#4848,#4849,#4850,#4851,#4852));
#1231=EDGE_LOOP('',(#4853,#4854,#4855));
#1232=EDGE_LOOP('',(#4856,#4857,#4858,#4859,#4860,#4861));
#1233=EDGE_LOOP('',(#4862,#4863,#4864,#4865,#4866));
#1234=EDGE_LOOP('',(#4867,#4868,#4869));
#1235=EDGE_LOOP('',(#4870,#4871,#4872,#4873,#4874));
#1236=EDGE_LOOP('',(#4875,#4876,#4877));
#1237=EDGE_LOOP('',(#4878,#4879,#4880,#4881,#4882,#4883));
#1238=EDGE_LOOP('',(#4884,#4885,#4886,#4887,#4888));
#1239=EDGE_LOOP('',(#4889,#4890,#4891));
#1240=EDGE_LOOP('',(#4892,#4893,#4894,#4895,#4896));
#1241=EDGE_LOOP('',(#4897,#4898,#4899,#4900,#4901));
#1242=EDGE_LOOP('',(#4902,#4903,#4904,#4905,#4906));
#1243=EDGE_LOOP('',(#4907,#4908,#4909));
#1244=EDGE_LOOP('',(#4910,#4911,#4912));
#1245=EDGE_LOOP('',(#4913,#4914,#4915,#4916,#4917,#4918));
#1246=EDGE_LOOP('',(#4919,#4920,#4921,#4922,#4923));
#1247=EDGE_LOOP('',(#4924,#4925,#4926,#4927,#4928));
#1248=EDGE_LOOP('',(#4929,#4930,#4931,#4932,#4933,#4934,#4935));
#1249=EDGE_LOOP('',(#4936,#4937,#4938,#4939,#4940));
#1250=EDGE_LOOP('',(#4941,#4942,#4943,#4944,#4945));
#1251=EDGE_LOOP('',(#4946,#4947,#4948,#4949,#4950));
#1252=EDGE_LOOP('',(#4951,#4952,#4953,#4954,#4955));
#1253=EDGE_LOOP('',(#4956,#4957,#4958));
#1254=EDGE_LOOP('',(#4959,#4960,#4961));
#1255=EDGE_LOOP('',(#4962));
#1256=EDGE_LOOP('',(#4963));
#1257=EDGE_LOOP('',(#4964,#4965,#4966,#4967));
#1258=EDGE_LOOP('',(#4968,#4969,#4970,#4971));
#1259=EDGE_LOOP('',(#4972));
#1260=EDGE_LOOP('',(#4973));
#1261=EDGE_LOOP('',(#4974,#4975,#4976,#4977));
#1262=EDGE_LOOP('',(#4978));
#1263=EDGE_LOOP('',(#4979));
#1264=EDGE_LOOP('',(#4980,#4981,#4982,#4983));
#1265=EDGE_LOOP('',(#4984));
#1266=EDGE_LOOP('',(#4985));
#1267=EDGE_LOOP('',(#4986,#4987,#4988,#4989));
#1268=EDGE_LOOP('',(#4990,#4991,#4992,#4993));
#1269=EDGE_LOOP('',(#4994,#4995,#4996,#4997,#4998,#4999,#5000,#5001));
#1270=EDGE_LOOP('',(#5002,#5003,#5004,#5005));
#1271=EDGE_LOOP('',(#5006,#5007,#5008,#5009));
#1272=EDGE_LOOP('',(#5010,#5011,#5012,#5013));
#1273=EDGE_LOOP('',(#5014,#5015,#5016,#5017,#5018,#5019,#5020,#5021));
#1274=EDGE_LOOP('',(#5022,#5023,#5024,#5025));
#1275=EDGE_LOOP('',(#5026,#5027,#5028,#5029));
#1276=EDGE_LOOP('',(#5030));
#1277=EDGE_LOOP('',(#5031));
#1278=EDGE_LOOP('',(#5032,#5033,#5034,#5035));
#1279=EDGE_LOOP('',(#5036));
#1280=EDGE_LOOP('',(#5037));
#1281=EDGE_LOOP('',(#5038,#5039,#5040,#5041));
#1282=EDGE_LOOP('',(#5042,#5043,#5044,#5045));
#1283=EDGE_LOOP('',(#5046));
#1284=EDGE_LOOP('',(#5047));
#1285=EDGE_LOOP('',(#5048,#5049,#5050,#5051));
#1286=EDGE_LOOP('',(#5052,#5053,#5054,#5055));
#1287=EDGE_LOOP('',(#5056,#5057,#5058,#5059));
#1288=EDGE_LOOP('',(#5060,#5061,#5062,#5063));
#1289=EDGE_LOOP('',(#5064,#5065,#5066,#5067,#5068));
#1290=EDGE_LOOP('',(#5069));
#1291=EDGE_LOOP('',(#5070,#5071,#5072,#5073,#5074));
#1292=EDGE_LOOP('',(#5075));
#1293=EDGE_LOOP('',(#5076,#5077,#5078,#5079,#5080,#5081,#5082,#5083,#5084,
#5085,#5086,#5087));
#1294=EDGE_LOOP('',(#5088,#5089,#5090,#5091,#5092,#5093,#5094,#5095,#5096,
#5097,#5098,#5099,#5100,#5101,#5102,#5103,#5104,#5105,#5106,#5107,#5108,
#5109,#5110,#5111,#5112,#5113,#5114,#5115,#5116,#5117,#5118,#5119,#5120,
#5121,#5122,#5123,#5124,#5125,#5126,#5127));
#1295=EDGE_LOOP('',(#5128));
#1296=EDGE_LOOP('',(#5129,#5130,#5131,#5132));
#1297=EDGE_LOOP('',(#5133));
#1298=EDGE_LOOP('',(#5134));
#1299=EDGE_LOOP('',(#5135,#5136,#5137,#5138));
#1300=EDGE_LOOP('',(#5139,#5140,#5141,#5142));
#1301=EDGE_LOOP('',(#5143,#5144,#5145,#5146));
#1302=EDGE_LOOP('',(#5147,#5148,#5149,#5150));
#1303=EDGE_LOOP('',(#5151,#5152,#5153,#5154));
#1304=EDGE_LOOP('',(#5155,#5156,#5157,#5158));
#1305=EDGE_LOOP('',(#5159,#5160,#5161,#5162));
#1306=EDGE_LOOP('',(#5163,#5164,#5165,#5166));
#1307=EDGE_LOOP('',(#5167,#5168,#5169,#5170));
#1308=EDGE_LOOP('',(#5171,#5172,#5173,#5174));
#1309=EDGE_LOOP('',(#5175,#5176,#5177,#5178));
#1310=EDGE_LOOP('',(#5179,#5180,#5181,#5182));
#1311=EDGE_LOOP('',(#5183,#5184,#5185,#5186));
#1312=EDGE_LOOP('',(#5187,#5188,#5189,#5190));
#1313=EDGE_LOOP('',(#5191,#5192,#5193,#5194));
#1314=EDGE_LOOP('',(#5195,#5196,#5197,#5198));
#1315=EDGE_LOOP('',(#5199,#5200,#5201,#5202));
#1316=EDGE_LOOP('',(#5203,#5204,#5205,#5206));
#1317=EDGE_LOOP('',(#5207,#5208,#5209,#5210));
#1318=EDGE_LOOP('',(#5211,#5212,#5213,#5214));
#1319=EDGE_LOOP('',(#5215,#5216,#5217,#5218));
#1320=EDGE_LOOP('',(#5219,#5220,#5221,#5222));
#1321=EDGE_LOOP('',(#5223,#5224,#5225,#5226));
#1322=EDGE_LOOP('',(#5227,#5228,#5229,#5230));
#1323=EDGE_LOOP('',(#5231,#5232,#5233,#5234));
#1324=EDGE_LOOP('',(#5235,#5236,#5237,#5238));
#1325=EDGE_LOOP('',(#5239,#5240,#5241,#5242));
#1326=EDGE_LOOP('',(#5243,#5244,#5245,#5246));
#1327=EDGE_LOOP('',(#5247,#5248,#5249,#5250));
#1328=EDGE_LOOP('',(#5251,#5252,#5253,#5254));
#1329=EDGE_LOOP('',(#5255,#5256,#5257,#5258));
#1330=EDGE_LOOP('',(#5259,#5260,#5261,#5262));
#1331=EDGE_LOOP('',(#5263,#5264,#5265,#5266));
#1332=EDGE_LOOP('',(#5267,#5268,#5269,#5270));
#1333=EDGE_LOOP('',(#5271,#5272,#5273,#5274));
#1334=EDGE_LOOP('',(#5275,#5276,#5277,#5278));
#1335=EDGE_LOOP('',(#5279,#5280,#5281,#5282));
#1336=EDGE_LOOP('',(#5283,#5284,#5285,#5286));
#1337=EDGE_LOOP('',(#5287,#5288,#5289,#5290));
#1338=EDGE_LOOP('',(#5291,#5292,#5293,#5294));
#1339=EDGE_LOOP('',(#5295));
#1340=EDGE_LOOP('',(#5296,#5297,#5298,#5299,#5300,#5301,#5302,#5303,#5304,
#5305,#5306,#5307,#5308,#5309,#5310,#5311,#5312,#5313,#5314,#5315,#5316,
#5317,#5318,#5319,#5320,#5321,#5322,#5323,#5324,#5325,#5326,#5327,#5328,
#5329,#5330,#5331,#5332,#5333,#5334,#5335));
#1341=LINE('',#7746,#1596);
#1342=LINE('',#7749,#1597);
#1343=LINE('',#7756,#1598);
#1344=LINE('',#7760,#1599);
#1345=LINE('',#7764,#1600);
#1346=LINE('',#7768,#1601);
#1347=LINE('',#7771,#1602);
#1348=LINE('',#7777,#1603);
#1349=LINE('',#7780,#1604);
#1350=LINE('',#7788,#1605);
#1351=LINE('',#7794,#1606);
#1352=LINE('',#7800,#1607);
#1353=LINE('',#7806,#1608);
#1354=LINE('',#7810,#1609);
#1355=LINE('',#7815,#1610);
#1356=LINE('',#7819,#1611);
#1357=LINE('',#7834,#1612);
#1358=LINE('',#7838,#1613);
#1359=LINE('',#7841,#1614);
#1360=LINE('',#7861,#1615);
#1361=LINE('',#7865,#1616);
#1362=LINE('',#7871,#1617);
#1363=LINE('',#7880,#1618);
#1364=LINE('',#7887,#1619);
#1365=LINE('',#7890,#1620);
#1366=LINE('',#7896,#1621);
#1367=LINE('',#7901,#1622);
#1368=LINE('',#7911,#1623);
#1369=LINE('',#7915,#1624);
#1370=LINE('',#7919,#1625);
#1371=LINE('',#7925,#1626);
#1372=LINE('',#7932,#1627);
#1373=LINE('',#7935,#1628);
#1374=LINE('',#7956,#1629);
#1375=LINE('',#7960,#1630);
#1376=LINE('',#7968,#1631);
#1377=LINE('',#7971,#1632);
#1378=LINE('',#7978,#1633);
#1379=LINE('',#7981,#1634);
#1380=LINE('',#7986,#1635);
#1381=LINE('',#7993,#1636);
#1382=LINE('',#7996,#1637);
#1383=LINE('',#8002,#1638);
#1384=LINE('',#8008,#1639);
#1385=LINE('',#8011,#1640);
#1386=LINE('',#8016,#1641);
#1387=LINE('',#8020,#1642);
#1388=LINE('',#8025,#1643);
#1389=LINE('',#8029,#1644);
#1390=LINE('',#8036,#1645);
#1391=LINE('',#8039,#1646);
#1392=LINE('',#8044,#1647);
#1393=LINE('',#8048,#1648);
#1394=LINE('',#8053,#1649);
#1395=LINE('',#8060,#1650);
#1396=LINE('',#8069,#1651);
#1397=LINE('',#8073,#1652);
#1398=LINE('',#8081,#1653);
#1399=LINE('',#8086,#1654);
#1400=LINE('',#8089,#1655);
#1401=LINE('',#8091,#1656);
#1402=LINE('',#8092,#1657);
#1403=LINE('',#8096,#1658);
#1404=LINE('',#8099,#1659);
#1405=LINE('',#8100,#1660);
#1406=LINE('',#8108,#1661);
#1407=LINE('',#8111,#1662);
#1408=LINE('',#8113,#1663);
#1409=LINE('',#8114,#1664);
#1410=LINE('',#8120,#1665);
#1411=LINE('',#8123,#1666);
#1412=LINE('',#8125,#1667);
#1413=LINE('',#8126,#1668);
#1414=LINE('',#8136,#1669);
#1415=LINE('',#8139,#1670);
#1416=LINE('',#8144,#1671);
#1417=LINE('',#8148,#1672);
#1418=LINE('',#8155,#1673);
#1419=LINE('',#8159,#1674);
#1420=LINE('',#8162,#1675);
#1421=LINE('',#8164,#1676);
#1422=LINE('',#8165,#1677);
#1423=LINE('',#8171,#1678);
#1424=LINE('',#8174,#1679);
#1425=LINE('',#8175,#1680);
#1426=LINE('',#8179,#1681);
#1427=LINE('',#8181,#1682);
#1428=LINE('',#8186,#1683);
#1429=LINE('',#8187,#1684);
#1430=LINE('',#8197,#1685);
#1431=LINE('',#8200,#1686);
#1432=LINE('',#8204,#1687);
#1433=LINE('',#8206,#1688);
#1434=LINE('',#8208,#1689);
#1435=LINE('',#8209,#1690);
#1436=LINE('',#8222,#1691);
#1437=LINE('',#8226,#1692);
#1438=LINE('',#8232,#1693);
#1439=LINE('',#8239,#1694);
#1440=LINE('',#8242,#1695);
#1441=LINE('',#8263,#1696);
#1442=LINE('',#8267,#1697);
#1443=LINE('',#8275,#1698);
#1444=LINE('',#8278,#1699);
#1445=LINE('',#8285,#1700);
#1446=LINE('',#8298,#1701);
#1447=LINE('',#8311,#1702);
#1448=LINE('',#8316,#1703);
#1449=LINE('',#8320,#1704);
#1450=LINE('',#8324,#1705);
#1451=LINE('',#8327,#1706);
#1452=LINE('',#8339,#1707);
#1453=LINE('',#8345,#1708);
#1454=LINE('',#8348,#1709);
#1455=LINE('',#8354,#1710);
#1456=LINE('',#8360,#1711);
#1457=LINE('',#8367,#1712);
#1458=LINE('',#8372,#1713);
#1459=LINE('',#8380,#1714);
#1460=LINE('',#8385,#1715);
#1461=LINE('',#8396,#1716);
#1462=LINE('',#8398,#1717);
#1463=LINE('',#8723,#1718);
#1464=LINE('',#8739,#1719);
#1465=LINE('',#8748,#1720);
#1466=LINE('',#8771,#1721);
#1467=LINE('',#8794,#1722);
#1468=LINE('',#8817,#1723);
#1469=LINE('',#8840,#1724);
#1470=LINE('',#8863,#1725);
#1471=LINE('',#8886,#1726);
#1472=LINE('',#8909,#1727);
#1473=LINE('',#8932,#1728);
#1474=LINE('',#8955,#1729);
#1475=LINE('',#8978,#1730);
#1476=LINE('',#9001,#1731);
#1477=LINE('',#9024,#1732);
#1478=LINE('',#9047,#1733);
#1479=LINE('',#9070,#1734);
#1480=LINE('',#9093,#1735);
#1481=LINE('',#9116,#1736);
#1482=LINE('',#9139,#1737);
#1483=LINE('',#9162,#1738);
#1484=LINE('',#9185,#1739);
#1485=LINE('',#9208,#1740);
#1486=LINE('',#9231,#1741);
#1487=LINE('',#9254,#1742);
#1488=LINE('',#9277,#1743);
#1489=LINE('',#9300,#1744);
#1490=LINE('',#9323,#1745);
#1491=LINE('',#9346,#1746);
#1492=LINE('',#9369,#1747);
#1493=LINE('',#9392,#1748);
#1494=LINE('',#9415,#1749);
#1495=LINE('',#9438,#1750);
#1496=LINE('',#9461,#1751);
#1497=LINE('',#9484,#1752);
#1498=LINE('',#9507,#1753);
#1499=LINE('',#9530,#1754);
#1500=LINE('',#9553,#1755);
#1501=LINE('',#9576,#1756);
#1502=LINE('',#9599,#1757);
#1503=LINE('',#9622,#1758);
#1504=LINE('',#9786,#1759);
#1505=LINE('',#10186,#1760);
#1506=LINE('',#10206,#1761);
#1507=LINE('',#10210,#1762);
#1508=LINE('',#10213,#1763);
#1509=LINE('',#10218,#1764);
#1510=LINE('',#10221,#1765);
#1511=LINE('',#10225,#1766);
#1512=LINE('',#10230,#1767);
#1513=LINE('',#10234,#1768);
#1514=LINE('',#10243,#1769);
#1515=LINE('',#10343,#1770);
#1516=LINE('',#10449,#1771);
#1517=LINE('',#10465,#1772);
#1518=LINE('',#10713,#1773);
#1519=LINE('',#10851,#1774);
#1520=LINE('',#10855,#1775);
#1521=LINE('',#10976,#1776);
#1522=LINE('',#11263,#1777);
#1523=LINE('',#11272,#1778);
#1524=LINE('',#11385,#1779);
#1525=LINE('',#11394,#1780);
#1526=LINE('',#11505,#1781);
#1527=LINE('',#11514,#1782);
#1528=LINE('',#11660,#1783);
#1529=LINE('',#11685,#1784);
#1530=LINE('',#11798,#1785);
#1531=LINE('',#11804,#1786);
#1532=LINE('',#11831,#1787);
#1533=LINE('',#11834,#1788);
#1534=LINE('',#11838,#1789);
#1535=LINE('',#11852,#1790);
#1536=LINE('',#11853,#1791);
#1537=LINE('',#11855,#1792);
#1538=LINE('',#11857,#1793);
#1539=LINE('',#11859,#1794);
#1540=LINE('',#11863,#1795);
#1541=LINE('',#11871,#1796);
#1542=LINE('',#11876,#1797);
#1543=LINE('',#11886,#1798);
#1544=LINE('',#11894,#1799);
#1545=LINE('',#11896,#1800);
#1546=LINE('',#11898,#1801);
#1547=LINE('',#11899,#1802);
#1548=LINE('',#11904,#1803);
#1549=LINE('',#11909,#1804);
#1550=LINE('',#11911,#1805);
#1551=LINE('',#11913,#1806);
#1552=LINE('',#11914,#1807);
#1553=LINE('',#11929,#1808);
#1554=LINE('',#11931,#1809);
#1555=LINE('',#12257,#1810);
#1556=LINE('',#12274,#1811);
#1557=LINE('',#12283,#1812);
#1558=LINE('',#12306,#1813);
#1559=LINE('',#12329,#1814);
#1560=LINE('',#12352,#1815);
#1561=LINE('',#12375,#1816);
#1562=LINE('',#12398,#1817);
#1563=LINE('',#12421,#1818);
#1564=LINE('',#12444,#1819);
#1565=LINE('',#12467,#1820);
#1566=LINE('',#12490,#1821);
#1567=LINE('',#12513,#1822);
#1568=LINE('',#12536,#1823);
#1569=LINE('',#12559,#1824);
#1570=LINE('',#12582,#1825);
#1571=LINE('',#12605,#1826);
#1572=LINE('',#12628,#1827);
#1573=LINE('',#12651,#1828);
#1574=LINE('',#12674,#1829);
#1575=LINE('',#12697,#1830);
#1576=LINE('',#12720,#1831);
#1577=LINE('',#12743,#1832);
#1578=LINE('',#12766,#1833);
#1579=LINE('',#12789,#1834);
#1580=LINE('',#12812,#1835);
#1581=LINE('',#12835,#1836);
#1582=LINE('',#12858,#1837);
#1583=LINE('',#12881,#1838);
#1584=LINE('',#12904,#1839);
#1585=LINE('',#12927,#1840);
#1586=LINE('',#12950,#1841);
#1587=LINE('',#12973,#1842);
#1588=LINE('',#12996,#1843);
#1589=LINE('',#13019,#1844);
#1590=LINE('',#13042,#1845);
#1591=LINE('',#13065,#1846);
#1592=LINE('',#13088,#1847);
#1593=LINE('',#13111,#1848);
#1594=LINE('',#13134,#1849);
#1595=LINE('',#13157,#1850);
#1596=VECTOR('',#6404,10.);
#1597=VECTOR('',#6407,10.);
#1598=VECTOR('',#6414,10.);
#1599=VECTOR('',#6417,10.);
#1600=VECTOR('',#6420,10.);
#1601=VECTOR('',#6423,10.);
#1602=VECTOR('',#6426,10.);
#1603=VECTOR('',#6431,10.);
#1604=VECTOR('',#6434,10.);
#1605=VECTOR('',#6445,10.);
#1606=VECTOR('',#6452,10.);
#1607=VECTOR('',#6459,10.);
#1608=VECTOR('',#6466,10.);
#1609=VECTOR('',#6469,10.);
#1610=VECTOR('',#6474,10.);
#1611=VECTOR('',#6477,10.);
#1612=VECTOR('',#6498,1.05);
#1613=VECTOR('',#6503,1.05);
#1614=VECTOR('',#6506,10.);
#1615=VECTOR('',#6537,1.05);
#1616=VECTOR('',#6542,1.05);
#1617=VECTOR('',#6551,10.);
#1618=VECTOR('',#6564,1.15);
#1619=VECTOR('',#6571,10.);
#1620=VECTOR('',#6574,10.);
#1621=VECTOR('',#6581,10.);
#1622=VECTOR('',#6586,10.);
#1623=VECTOR('',#6601,10.);
#1624=VECTOR('',#6604,10.);
#1625=VECTOR('',#6607,10.);
#1626=VECTOR('',#6614,1.15);
#1627=VECTOR('',#6621,10.);
#1628=VECTOR('',#6624,10.);
#1629=VECTOR('',#6655,7.79800775541958);
#1630=VECTOR('',#6660,7.65);
#1631=VECTOR('',#6671,7.65);
#1632=VECTOR('',#6676,7.79800775541958);
#1633=VECTOR('',#6683,2.);
#1634=VECTOR('',#6686,2.);
#1635=VECTOR('',#6691,10.);
#1636=VECTOR('',#6698,10.);
#1637=VECTOR('',#6701,10.);
#1638=VECTOR('',#6708,10.);
#1639=VECTOR('',#6713,10.);
#1640=VECTOR('',#6716,10.);
#1641=VECTOR('',#6721,10.);
#1642=VECTOR('',#6724,10.);
#1643=VECTOR('',#6729,10.);
#1644=VECTOR('',#6732,10.);
#1645=VECTOR('',#6739,2.);
#1646=VECTOR('',#6742,2.);
#1647=VECTOR('',#6747,10.);
#1648=VECTOR('',#6750,10.);
#1649=VECTOR('',#6755,10.);
#1650=VECTOR('',#6764,10.);
#1651=VECTOR('',#6777,10.);
#1652=VECTOR('',#6780,10.);
#1653=VECTOR('',#6789,1.05);
#1654=VECTOR('',#6796,1.05);
#1655=VECTOR('',#6799,10.);
#1656=VECTOR('',#6800,10.);
#1657=VECTOR('',#6801,10.);
#1658=VECTOR('',#6806,10.);
#1659=VECTOR('',#6809,10.);
#1660=VECTOR('',#6810,10.);
#1661=VECTOR('',#6821,10.);
#1662=VECTOR('',#6824,10.);
#1663=VECTOR('',#6825,10.);
#1664=VECTOR('',#6826,10.);
#1665=VECTOR('',#6833,10.);
#1666=VECTOR('',#6836,10.);
#1667=VECTOR('',#6837,10.);
#1668=VECTOR('',#6838,10.);
#1669=VECTOR('',#6853,10.);
#1670=VECTOR('',#6856,10.);
#1671=VECTOR('',#6861,10.);
#1672=VECTOR('',#6864,10.);
#1673=VECTOR('',#6873,1.05);
#1674=VECTOR('',#6878,1.05);
#1675=VECTOR('',#6881,10.);
#1676=VECTOR('',#6882,10.);
#1677=VECTOR('',#6883,10.);
#1678=VECTOR('',#6892,10.);
#1679=VECTOR('',#6895,10.);
#1680=VECTOR('',#6896,10.);
#1681=VECTOR('',#6901,10.);
#1682=VECTOR('',#6904,10.);
#1683=VECTOR('',#6911,10.);
#1684=VECTOR('',#6912,10.);
#1685=VECTOR('',#6925,10.);
#1686=VECTOR('',#6928,10.);
#1687=VECTOR('',#6931,10.);
#1688=VECTOR('',#6932,10.);
#1689=VECTOR('',#6933,10.);
#1690=VECTOR('',#6934,10.);
#1691=VECTOR('',#6955,10.);
#1692=VECTOR('',#6958,10.);
#1693=VECTOR('',#6965,1.15);
#1694=VECTOR('',#6972,10.);
#1695=VECTOR('',#6975,10.);
#1696=VECTOR('',#7006,5.36567395951885);
#1697=VECTOR('',#7011,5.21766616843848);
#1698=VECTOR('',#7022,5.21766636615137);
#1699=VECTOR('',#7027,5.36567408591015);
#1700=VECTOR('',#7036,0.999999999999996);
#1701=VECTOR('',#7053,3.61766642965063);
#1702=VECTOR('',#7070,3.469658575071);
#1703=VECTOR('',#7075,3.61766610493921);
#1704=VECTOR('',#7078,10.);
#1705=VECTOR('',#7081,10.);
#1706=VECTOR('',#7086,3.4696584486797);
#1707=VECTOR('',#7101,10.);
#1708=VECTOR('',#7106,10.);
#1709=VECTOR('',#7109,10.);
#1710=VECTOR('',#7116,10.);
#1711=VECTOR('',#7123,10.);
#1712=VECTOR('',#7134,10.);
#1713=VECTOR('',#7141,4.1);
#1714=VECTOR('',#7152,6.05);
#1715=VECTOR('',#7157,5.90199224458043);
#1716=VECTOR('',#7172,5.90199224458043);
#1717=VECTOR('',#7175,6.05);
#1718=VECTOR('',#7182,1.);
#1719=VECTOR('',#7183,10.);
#1720=VECTOR('',#7184,10.);
#1721=VECTOR('',#7185,10.);
#1722=VECTOR('',#7186,10.);
#1723=VECTOR('',#7187,10.);
#1724=VECTOR('',#7188,10.);
#1725=VECTOR('',#7189,10.);
#1726=VECTOR('',#7190,10.);
#1727=VECTOR('',#7191,10.);
#1728=VECTOR('',#7192,10.);
#1729=VECTOR('',#7193,10.);
#1730=VECTOR('',#7194,10.);
#1731=VECTOR('',#7195,10.);
#1732=VECTOR('',#7196,10.);
#1733=VECTOR('',#7197,10.);
#1734=VECTOR('',#7198,10.);
#1735=VECTOR('',#7199,10.);
#1736=VECTOR('',#7200,10.);
#1737=VECTOR('',#7201,10.);
#1738=VECTOR('',#7202,10.);
#1739=VECTOR('',#7203,10.);
#1740=VECTOR('',#7204,10.);
#1741=VECTOR('',#7205,10.);
#1742=VECTOR('',#7206,10.);
#1743=VECTOR('',#7207,10.);
#1744=VECTOR('',#7208,10.);
#1745=VECTOR('',#7209,10.);
#1746=VECTOR('',#7210,10.);
#1747=VECTOR('',#7211,10.);
#1748=VECTOR('',#7212,10.);
#1749=VECTOR('',#7213,10.);
#1750=VECTOR('',#7214,10.);
#1751=VECTOR('',#7215,10.);
#1752=VECTOR('',#7216,10.);
#1753=VECTOR('',#7217,10.);
#1754=VECTOR('',#7218,10.);
#1755=VECTOR('',#7219,10.);
#1756=VECTOR('',#7220,10.);
#1757=VECTOR('',#7221,10.);
#1758=VECTOR('',#7222,10.);
#1759=VECTOR('',#7245,3.81766626729493);
#1760=VECTOR('',#7326,10.);
#1761=VECTOR('',#7339,10.);
#1762=VECTOR('',#7344,10.);
#1763=VECTOR('',#7347,10.);
#1764=VECTOR('',#7354,10.);
#1765=VECTOR('',#7357,10.);
#1766=VECTOR('',#7362,10.);
#1767=VECTOR('',#7369,10.);
#1768=VECTOR('',#7374,10.);
#1769=VECTOR('',#7387,10.);
#1770=VECTOR('',#7400,5.01766626729492);
#1771=VECTOR('',#7435,10.);
#1772=VECTOR('',#7440,10.);
#1773=VECTOR('',#7453,6.25);
#1774=VECTOR('',#7460,10.);
#1775=VECTOR('',#7463,10.);
#1776=VECTOR('',#7468,7.45);
#1777=VECTOR('',#7477,10.);
#1778=VECTOR('',#7480,10.);
#1779=VECTOR('',#7481,10.);
#1780=VECTOR('',#7484,10.);
#1781=VECTOR('',#7485,10.);
#1782=VECTOR('',#7488,10.);
#1783=VECTOR('',#7491,10.);
#1784=VECTOR('',#7494,10.);
#1785=VECTOR('',#7513,0.999999999999996);
#1786=VECTOR('',#7520,2.7);
#1787=VECTOR('',#7551,10.);
#1788=VECTOR('',#7554,10.);
#1789=VECTOR('',#7559,10.);
#1790=VECTOR('',#7576,10.);
#1791=VECTOR('',#7577,10.);
#1792=VECTOR('',#7580,10.);
#1793=VECTOR('',#7583,10.);
#1794=VECTOR('',#7586,10.);
#1795=VECTOR('',#7591,2.7);
#1796=VECTOR('',#7602,3.9);
#1797=VECTOR('',#7609,1.);
#1798=VECTOR('',#7624,2.7);
#1799=VECTOR('',#7633,10.);
#1800=VECTOR('',#7634,10.);
#1801=VECTOR('',#7635,10.);
#1802=VECTOR('',#7636,10.);
#1803=VECTOR('',#7641,1.15);
#1804=VECTOR('',#7646,10.);
#1805=VECTOR('',#7647,10.);
#1806=VECTOR('',#7648,10.);
#1807=VECTOR('',#7649,10.);
#1808=VECTOR('',#7672,5.);
#1809=VECTOR('',#7673,5.);
#1810=VECTOR('',#7682,1.);
#1811=VECTOR('',#7685,10.);
#1812=VECTOR('',#7686,10.);
#1813=VECTOR('',#7687,10.);
#1814=VECTOR('',#7688,10.);
#1815=VECTOR('',#7689,10.);
#1816=VECTOR('',#7690,10.);
#1817=VECTOR('',#7691,10.);
#1818=VECTOR('',#7692,10.);
#1819=VECTOR('',#7693,10.);
#1820=VECTOR('',#7694,10.);
#1821=VECTOR('',#7695,10.);
#1822=VECTOR('',#7696,10.);
#1823=VECTOR('',#7697,10.);
#1824=VECTOR('',#7698,10.);
#1825=VECTOR('',#7699,10.);
#1826=VECTOR('',#7700,10.);
#1827=VECTOR('',#7701,10.);
#1828=VECTOR('',#7702,10.);
#1829=VECTOR('',#7703,10.);
#1830=VECTOR('',#7704,10.);
#1831=VECTOR('',#7705,10.);
#1832=VECTOR('',#7706,10.);
#1833=VECTOR('',#7707,10.);
#1834=VECTOR('',#7708,10.);
#1835=VECTOR('',#7709,10.);
#1836=VECTOR('',#7710,10.);
#1837=VECTOR('',#7711,10.);
#1838=VECTOR('',#7712,10.);
#1839=VECTOR('',#7713,10.);
#1840=VECTOR('',#7714,10.);
#1841=VECTOR('',#7715,10.);
#1842=VECTOR('',#7716,10.);
#1843=VECTOR('',#7717,10.);
#1844=VECTOR('',#7718,10.);
#1845=VECTOR('',#7719,10.);
#1846=VECTOR('',#7720,10.);
#1847=VECTOR('',#7721,10.);
#1848=VECTOR('',#7722,10.);
#1849=VECTOR('',#7723,10.);
#1850=VECTOR('',#7724,10.);
#1851=CIRCLE('',#5855,2.);
#1852=CIRCLE('',#5856,2.);
#1853=CIRCLE('',#5858,8.);
#1854=CIRCLE('',#5859,8.);
#1855=CIRCLE('',#5860,8.);
#1856=CIRCLE('',#5861,8.);
#1857=CIRCLE('',#5862,8.);
#1858=CIRCLE('',#5863,8.);
#1859=CIRCLE('',#5865,2.);
#1860=CIRCLE('',#5866,2.);
#1861=CIRCLE('',#5868,4.5);
#1862=CIRCLE('',#5869,4.5);
#1863=CIRCLE('',#5871,2.);
#1864=CIRCLE('',#5872,2.);
#1865=CIRCLE('',#5874,4.5);
#1866=CIRCLE('',#5875,4.5);
#1867=CIRCLE('',#5877,2.);
#1868=CIRCLE('',#5878,2.);
#1869=CIRCLE('',#5880,14.0000000000004);
#1870=CIRCLE('',#5881,14.0000000000004);
#1871=CIRCLE('',#5882,14.0000000000004);
#1872=CIRCLE('',#5883,14.0000000000004);
#1873=CIRCLE('',#5884,14.0000000000004);
#1874=CIRCLE('',#5885,14.0000000000004);
#1875=CIRCLE('',#5887,3.);
#1876=CIRCLE('',#5888,3.);
#1877=CIRCLE('',#5889,1.05);
#1878=CIRCLE('',#5891,3.);
#1879=CIRCLE('',#5892,1.05);
#1880=CIRCLE('',#5894,1.05);
#1881=CIRCLE('',#5896,1.05);
#1882=CIRCLE('',#5898,3.);
#1883=CIRCLE('',#5900,3.);
#1884=CIRCLE('',#5902,3.);
#1885=CIRCLE('',#5905,3.);
#1886=CIRCLE('',#5906,3.);
#1887=CIRCLE('',#5907,1.05);
#1888=CIRCLE('',#5909,3.);
#1889=CIRCLE('',#5910,1.05);
#1890=CIRCLE('',#5912,1.05);
#1891=CIRCLE('',#5914,1.05);
#1892=CIRCLE('',#5916,3.);
#1893=CIRCLE('',#5918,3.);
#1894=CIRCLE('',#5920,3.);
#1895=CIRCLE('',#5924,1.15);
#1896=CIRCLE('',#5925,1.15);
#1897=CIRCLE('',#5927,3.);
#1898=CIRCLE('',#5928,3.);
#1899=CIRCLE('',#5930,3.);
#1900=CIRCLE('',#5931,3.);
#1901=CIRCLE('',#5933,3.);
#1902=CIRCLE('',#5934,3.);
#1903=CIRCLE('',#5936,10.);
#1904=CIRCLE('',#5938,10.);
#1905=CIRCLE('',#5940,10.);
#1906=CIRCLE('',#5941,10.);
#1907=CIRCLE('',#5942,10.);
#1908=CIRCLE('',#5943,10.);
#1909=CIRCLE('',#5945,1.15);
#1910=CIRCLE('',#5946,1.15);
#1911=CIRCLE('',#5948,3.);
#1912=CIRCLE('',#5949,3.);
#1913=CIRCLE('',#5951,3.);
#1914=CIRCLE('',#5952,3.);
#1915=CIRCLE('',#5954,3.);
#1916=CIRCLE('',#5955,3.);
#1917=CIRCLE('',#5959,7.94601551083915);
#1918=CIRCLE('',#5960,1.55);
#1919=CIRCLE('',#5961,7.94601551083915);
#1920=CIRCLE('',#5962,7.94601551083915);
#1921=CIRCLE('',#5963,7.94601551083915);
#1922=CIRCLE('',#5965,7.65);
#1923=CIRCLE('',#5967,7.65);
#1924=CIRCLE('',#5970,7.65);
#1925=CIRCLE('',#5972,7.65);
#1926=CIRCLE('',#5976,2.);
#1927=CIRCLE('',#5977,2.);
#1928=CIRCLE('',#5979,7.17165365242869);
#1929=CIRCLE('',#5980,7.17165365242869);
#1930=CIRCLE('',#5982,2.99999999999991);
#1931=CIRCLE('',#5983,2.99999999999991);
#1932=CIRCLE('',#5985,2.);
#1933=CIRCLE('',#5986,2.);
#1934=CIRCLE('',#5988,2.);
#1935=CIRCLE('',#5989,2.);
#1936=CIRCLE('',#5991,70.0000016146499);
#1937=CIRCLE('',#5992,70.0000016146499);
#1938=CIRCLE('',#5993,70.0000016146499);
#1939=CIRCLE('',#5994,70.0000016146499);
#1940=CIRCLE('',#5995,70.0000016146499);
#1941=CIRCLE('',#5996,70.0000016146499);
#1942=CIRCLE('',#5998,2.);
#1943=CIRCLE('',#5999,2.);
#1944=CIRCLE('',#6001,79.999999999998);
#1945=CIRCLE('',#6002,79.999999999998);
#1946=CIRCLE('',#6003,79.999999999998);
#1947=CIRCLE('',#6004,79.999999999998);
#1948=CIRCLE('',#6005,79.999999999998);
#1949=CIRCLE('',#6006,79.999999999998);
#1950=CIRCLE('',#6008,2.99999999999993);
#1951=CIRCLE('',#6009,2.99999999999993);
#1952=CIRCLE('',#6011,7.1716536524289);
#1953=CIRCLE('',#6012,7.1716536524289);
#1954=CIRCLE('',#6014,2.99999999999993);
#1955=CIRCLE('',#6015,3.);
#1956=CIRCLE('',#6016,2.99999999999871);
#1957=CIRCLE('',#6017,1.05);
#1958=CIRCLE('',#6019,1.05);
#1959=CIRCLE('',#6020,1.05);
#1960=CIRCLE('',#6022,1.05);
#1961=CIRCLE('',#6025,3.);
#1962=CIRCLE('',#6028,2.99999999999871);
#1963=CIRCLE('',#6030,2.99999999999998);
#1964=CIRCLE('',#6031,2.99999999999998);
#1965=CIRCLE('',#6034,3.0000000000062);
#1966=CIRCLE('',#6035,3.0000000000062);
#1967=CIRCLE('',#6038,2.99999999999991);
#1968=CIRCLE('',#6040,2.99999999999993);
#1969=CIRCLE('',#6041,2.99999999999991);
#1970=CIRCLE('',#6043,2.99999999999871);
#1971=CIRCLE('',#6044,3.);
#1972=CIRCLE('',#6045,1.05);
#1973=CIRCLE('',#6047,3.0000000000062);
#1974=CIRCLE('',#6048,2.99999999999998);
#1975=CIRCLE('',#6049,1.05);
#1976=CIRCLE('',#6051,1.05);
#1977=CIRCLE('',#6053,1.05);
#1978=CIRCLE('',#6056,2.99999999999998);
#1979=CIRCLE('',#6058,2.99999999999871);
#1980=CIRCLE('',#6061,3.);
#1981=CIRCLE('',#6067,3.0000000000062);
#1982=CIRCLE('',#6071,41.8290481690211);
#1983=CIRCLE('',#6072,41.8290481690211);
#1984=CIRCLE('',#6075,4.);
#1985=CIRCLE('',#6076,4.);
#1986=CIRCLE('',#6078,7.56766639429346);
#1987=CIRCLE('',#6080,7.56766614029639);
#1988=CIRCLE('',#6082,7.56766639429346);
#1989=CIRCLE('',#6083,7.56766614029639);
#1990=CIRCLE('',#6084,7.56766626729494);
#1991=CIRCLE('',#6085,7.56766626729494);
#1992=CIRCLE('',#6087,1.15);
#1993=CIRCLE('',#6088,1.15);
#1994=CIRCLE('',#6090,3.);
#1995=CIRCLE('',#6091,3.);
#1996=CIRCLE('',#6093,5.99999999999999);
#1997=CIRCLE('',#6094,5.99999999999999);
#1998=CIRCLE('',#6096,6.00000000000001);
#1999=CIRCLE('',#6097,6.00000000000001);
#2000=CIRCLE('',#6101,5.51368183381102);
#2001=CIRCLE('',#6102,1.55);
#2002=CIRCLE('',#6103,5.51368172245713);
#2003=CIRCLE('',#6104,5.51368172245713);
#2004=CIRCLE('',#6105,5.51368183381102);
#2005=CIRCLE('',#6107,5.21766619658057);
#2006=CIRCLE('',#6109,5.21766614029639);
#2007=CIRCLE('',#6112,5.21766639429346);
#2008=CIRCLE('',#6114,5.21766633800928);
#2009=CIRCLE('',#6119,0.999999999999996);
#2010=CIRCLE('',#6120,0.999999999999996);
#2011=CIRCLE('',#6123,3.61766642965064);
#2012=CIRCLE('',#6125,6.05);
#2013=CIRCLE('',#6126,4.1);
#2014=CIRCLE('',#6128,3.61766633800928);
#2015=CIRCLE('',#6130,3.32165070077883);
#2016=CIRCLE('',#6131,1.55);
#2017=CIRCLE('',#6132,3.32165081213272);
#2018=CIRCLE('',#6133,3.32165081213272);
#2019=CIRCLE('',#6134,3.32165070077883);
#2020=CIRCLE('',#6137,3.61766619658057);
#2021=CIRCLE('',#6138,3.61766610493922);
#2022=CIRCLE('',#6139,3.61766610493922);
#2023=CIRCLE('',#6140,3.61766610493922);
#2024=CIRCLE('',#6143,90.);
#2025=CIRCLE('',#6144,10.);
#2026=CIRCLE('',#6145,40.0000000000009);
#2027=CIRCLE('',#6146,6.05);
#2028=CIRCLE('',#6148,90.);
#2029=CIRCLE('',#6150,57.7136705535787);
#2030=CIRCLE('',#6151,57.7136705535787);
#2031=CIRCLE('',#6153,7.9999999990566);
#2032=CIRCLE('',#6154,7.9999999990566);
#2033=CIRCLE('',#6156,30.3039824981886);
#2034=CIRCLE('',#6157,30.3039824981886);
#2035=CIRCLE('',#6159,40.0000000000009);
#2036=CIRCLE('',#6160,10.);
#2037=CIRCLE('',#6161,10.);
#2038=CIRCLE('',#6164,10.);
#2039=CIRCLE('',#6166,4.1);
#2040=CIRCLE('',#6168,1.);
#2041=CIRCLE('',#6170,6.05);
#2042=CIRCLE('',#6172,5.75398448916085);
#2043=CIRCLE('',#6173,5.75398448916085);
#2044=CIRCLE('',#6175,1.55);
#2045=CIRCLE('',#6176,5.75398448916085);
#2046=CIRCLE('',#6177,5.75398448916085);
#2047=CIRCLE('',#6179,6.05);
#2048=CIRCLE('',#6182,1.);
#2049=CIRCLE('',#6187,1.47715333971691);
#2050=CIRCLE('',#6188,2.40037417703998);
#2051=CIRCLE('',#6191,3.81766636889375);
#2052=CIRCLE('',#6194,3.81766636889375);
#2053=CIRCLE('',#6195,3.8176661656961);
#2054=CIRCLE('',#6196,3.81766636889375);
#2055=CIRCLE('',#6199,3.81766636889375);
#2056=CIRCLE('',#6202,3.81766636889375);
#2057=CIRCLE('',#6205,3.81766636889375);
#2058=CIRCLE('',#6208,1.47669239399603);
#2059=CIRCLE('',#6209,1.6);
#2060=CIRCLE('',#6210,1.6);
#2061=CIRCLE('',#6212,2.39962514024356);
#2062=CIRCLE('',#6214,1.47715333971691);
#2063=CIRCLE('',#6215,2.40037417703998);
#2064=CIRCLE('',#6217,1.47669239399604);
#2065=CIRCLE('',#6218,1.6);
#2066=CIRCLE('',#6219,1.6);
#2067=CIRCLE('',#6221,2.39962514024356);
#2068=CIRCLE('',#6223,1.47715333971691);
#2069=CIRCLE('',#6224,2.40037417703998);
#2070=CIRCLE('',#6226,1.47669239399603);
#2071=CIRCLE('',#6227,1.6);
#2072=CIRCLE('',#6228,1.6);
#2073=CIRCLE('',#6230,2.39962514024355);
#2074=CIRCLE('',#6232,1.47715333971691);
#2075=CIRCLE('',#6233,2.40037417703998);
#2076=CIRCLE('',#6237,1.47669239399604);
#2077=CIRCLE('',#6238,2.39962514024356);
#2078=CIRCLE('',#6254,5.01766636889375);
#2079=CIRCLE('',#6256,5.01766636889375);
#2080=CIRCLE('',#6258,5.01766636889375);
#2081=CIRCLE('',#6259,5.01766636889375);
#2082=CIRCLE('',#6261,5.01766636889375);
#2083=CIRCLE('',#6263,5.01766636889375);
#2084=CIRCLE('',#6267,5.0176661656961);
#2085=CIRCLE('',#6269,1.6);
#2086=CIRCLE('',#6270,1.6);
#2087=CIRCLE('',#6272,1.47715333971691);
#2088=CIRCLE('',#6273,2.40037417703998);
#2089=CIRCLE('',#6276,1.47669239399604);
#2090=CIRCLE('',#6277,2.39962514024356);
#2091=CIRCLE('',#6280,1.6);
#2092=CIRCLE('',#6281,1.6);
#2093=CIRCLE('',#6285,6.25);
#2094=CIRCLE('',#6286,7.45);
#2095=CIRCLE('',#6288,6.25);
#2096=CIRCLE('',#6289,6.25);
#2097=CIRCLE('',#6290,6.25);
#2098=CIRCLE('',#6291,6.25);
#2099=CIRCLE('',#6292,6.25);
#2100=CIRCLE('',#6293,6.25);
#2101=CIRCLE('',#6295,7.45);
#2102=CIRCLE('',#6297,7.45);
#2103=CIRCLE('',#6298,7.45);
#2104=CIRCLE('',#6299,7.45);
#2105=CIRCLE('',#6300,7.45);
#2106=CIRCLE('',#6301,7.45);
#2107=CIRCLE('',#6315,0.999999999999996);
#2108=CIRCLE('',#6316,0.999999999999996);
#2109=CIRCLE('',#6318,2.7);
#2110=CIRCLE('',#6319,2.7);
#2111=CIRCLE('',#6322,10.);
#2112=CIRCLE('',#6323,30.3039824981886);
#2113=CIRCLE('',#6324,7.9999999990566);
#2114=CIRCLE('',#6325,57.7136705535787);
#2115=CIRCLE('',#6326,2.7);
#2116=CIRCLE('',#6328,40.0000000000009);
#2117=CIRCLE('',#6329,10.);
#2118=CIRCLE('',#6330,90.);
#2119=CIRCLE('',#6331,3.61766642965064);
#2120=CIRCLE('',#6332,3.9);
#2121=CIRCLE('',#6334,3.61766642965064);
#2122=CIRCLE('',#6336,40.0000000000009);
#2123=CIRCLE('',#6338,90.);
#2124=CIRCLE('',#6339,10.);
#2125=CIRCLE('',#6340,57.7136705535787);
#2126=CIRCLE('',#6341,7.9999999990566);
#2127=CIRCLE('',#6342,30.3039824981886);
#2128=CIRCLE('',#6343,10.);
#2129=CIRCLE('',#6350,2.7);
#2130=CIRCLE('',#6352,3.9);
#2131=CIRCLE('',#6353,1.);
#2132=CIRCLE('',#6356,1.);
#2133=CIRCLE('',#6364,2.7);
#2134=CIRCLE('',#6365,2.7);
#2135=CIRCLE('',#6367,1.);
#2136=CIRCLE('',#6370,1.15);
#2137=CIRCLE('',#6371,1.15);
#2138=CIRCLE('',#6374,3.);
#2139=CIRCLE('',#6375,3.);
#2140=CIRCLE('',#6377,5.);
#2141=CIRCLE('',#6378,5.);
#2142=CIRCLE('',#6380,5.);
#2143=CIRCLE('',#6381,5.);
#2144=CIRCLE('',#6383,5.);
#2145=CIRCLE('',#6384,5.);
#2146=CIRCLE('',#6386,1.);
#2147=VERTEX_POINT('',#7742);
#2148=VERTEX_POINT('',#7743);
#2149=VERTEX_POINT('',#7745);
#2150=VERTEX_POINT('',#7747);
#2151=VERTEX_POINT('',#7751);
#2152=VERTEX_POINT('',#7753);
#2153=VERTEX_POINT('',#7755);
#2154=VERTEX_POINT('',#7757);
#2155=VERTEX_POINT('',#7759);
#2156=VERTEX_POINT('',#7761);
#2157=VERTEX_POINT('',#7763);
#2158=VERTEX_POINT('',#7765);
#2159=VERTEX_POINT('',#7767);
#2160=VERTEX_POINT('',#7769);
#2161=VERTEX_POINT('',#7773);
#2162=VERTEX_POINT('',#7774);
#2163=VERTEX_POINT('',#7776);
#2164=VERTEX_POINT('',#7778);
#2165=VERTEX_POINT('',#7785);
#2166=VERTEX_POINT('',#7787);
#2167=VERTEX_POINT('',#7791);
#2168=VERTEX_POINT('',#7793);
#2169=VERTEX_POINT('',#7797);
#2170=VERTEX_POINT('',#7799);
#2171=VERTEX_POINT('',#7803);
#2172=VERTEX_POINT('',#7805);
#2173=VERTEX_POINT('',#7807);
#2174=VERTEX_POINT('',#7809);
#2175=VERTEX_POINT('',#7812);
#2176=VERTEX_POINT('',#7814);
#2177=VERTEX_POINT('',#7816);
#2178=VERTEX_POINT('',#7818);
#2179=VERTEX_POINT('',#7822);
#2180=VERTEX_POINT('',#7825);
#2181=VERTEX_POINT('',#7829);
#2182=VERTEX_POINT('',#7832);
#2183=VERTEX_POINT('',#7836);
#2184=VERTEX_POINT('',#7840);
#2185=VERTEX_POINT('',#7849);
#2186=VERTEX_POINT('',#7852);
#2187=VERTEX_POINT('',#7856);
#2188=VERTEX_POINT('',#7859);
#2189=VERTEX_POINT('',#7863);
#2190=VERTEX_POINT('',#7869);
#2191=VERTEX_POINT('',#7877);
#2192=VERTEX_POINT('',#7879);
#2193=VERTEX_POINT('',#7883);
#2194=VERTEX_POINT('',#7884);
#2195=VERTEX_POINT('',#7886);
#2196=VERTEX_POINT('',#7888);
#2197=VERTEX_POINT('',#7892);
#2198=VERTEX_POINT('',#7894);
#2199=VERTEX_POINT('',#7898);
#2200=VERTEX_POINT('',#7900);
#2201=VERTEX_POINT('',#7908);
#2202=VERTEX_POINT('',#7910);
#2203=VERTEX_POINT('',#7913);
#2204=VERTEX_POINT('',#7914);
#2205=VERTEX_POINT('',#7916);
#2206=VERTEX_POINT('',#7918);
#2207=VERTEX_POINT('',#7922);
#2208=VERTEX_POINT('',#7924);
#2209=VERTEX_POINT('',#7928);
#2210=VERTEX_POINT('',#7929);
#2211=VERTEX_POINT('',#7931);
#2212=VERTEX_POINT('',#7933);
#2213=VERTEX_POINT('',#7945);
#2214=VERTEX_POINT('',#7946);
#2215=VERTEX_POINT('',#7948);
#2216=VERTEX_POINT('',#7950);
#2217=VERTEX_POINT('',#7955);
#2218=VERTEX_POINT('',#7959);
#2219=VERTEX_POINT('',#7964);
#2220=VERTEX_POINT('',#7967);
#2221=VERTEX_POINT('',#7974);
#2222=VERTEX_POINT('',#7975);
#2223=VERTEX_POINT('',#7977);
#2224=VERTEX_POINT('',#7979);
#2225=VERTEX_POINT('',#7983);
#2226=VERTEX_POINT('',#7985);
#2227=VERTEX_POINT('',#7989);
#2228=VERTEX_POINT('',#7990);
#2229=VERTEX_POINT('',#7992);
#2230=VERTEX_POINT('',#7994);
#2231=VERTEX_POINT('',#7998);
#2232=VERTEX_POINT('',#8000);
#2233=VERTEX_POINT('',#8004);
#2234=VERTEX_POINT('',#8005);
#2235=VERTEX_POINT('',#8007);
#2236=VERTEX_POINT('',#8009);
#2237=VERTEX_POINT('',#8013);
#2238=VERTEX_POINT('',#8015);
#2239=VERTEX_POINT('',#8017);
#2240=VERTEX_POINT('',#8019);
#2241=VERTEX_POINT('',#8022);
#2242=VERTEX_POINT('',#8024);
#2243=VERTEX_POINT('',#8026);
#2244=VERTEX_POINT('',#8028);
#2245=VERTEX_POINT('',#8032);
#2246=VERTEX_POINT('',#8033);
#2247=VERTEX_POINT('',#8035);
#2248=VERTEX_POINT('',#8037);
#2249=VERTEX_POINT('',#8041);
#2250=VERTEX_POINT('',#8043);
#2251=VERTEX_POINT('',#8045);
#2252=VERTEX_POINT('',#8047);
#2253=VERTEX_POINT('',#8050);
#2254=VERTEX_POINT('',#8052);
#2255=VERTEX_POINT('',#8057);
#2256=VERTEX_POINT('',#8059);
#2257=VERTEX_POINT('',#8066);
#2258=VERTEX_POINT('',#8068);
#2259=VERTEX_POINT('',#8070);
#2260=VERTEX_POINT('',#8072);
#2261=VERTEX_POINT('',#8075);
#2262=VERTEX_POINT('',#8078);
#2263=VERTEX_POINT('',#8080);
#2264=VERTEX_POINT('',#8084);
#2265=VERTEX_POINT('',#8088);
#2266=VERTEX_POINT('',#8090);
#2267=VERTEX_POINT('',#8094);
#2268=VERTEX_POINT('',#8098);
#2269=VERTEX_POINT('',#8104);
#2270=VERTEX_POINT('',#8106);
#2271=VERTEX_POINT('',#8110);
#2272=VERTEX_POINT('',#8112);
#2273=VERTEX_POINT('',#8116);
#2274=VERTEX_POINT('',#8118);
#2275=VERTEX_POINT('',#8122);
#2276=VERTEX_POINT('',#8124);
#2277=VERTEX_POINT('',#8133);
#2278=VERTEX_POINT('',#8135);
#2279=VERTEX_POINT('',#8137);
#2280=VERTEX_POINT('',#8140);
#2281=VERTEX_POINT('',#8143);
#2282=VERTEX_POINT('',#8145);
#2283=VERTEX_POINT('',#8147);
#2284=VERTEX_POINT('',#8150);
#2285=VERTEX_POINT('',#8153);
#2286=VERTEX_POINT('',#8157);
#2287=VERTEX_POINT('',#8161);
#2288=VERTEX_POINT('',#8163);
#2289=VERTEX_POINT('',#8169);
#2290=VERTEX_POINT('',#8173);
#2291=VERTEX_POINT('',#8177);
#2292=VERTEX_POINT('',#8185);
#2293=VERTEX_POINT('',#8193);
#2294=VERTEX_POINT('',#8194);
#2295=VERTEX_POINT('',#8196);
#2296=VERTEX_POINT('',#8198);
#2297=VERTEX_POINT('',#8202);
#2298=VERTEX_POINT('',#8203);
#2299=VERTEX_POINT('',#8205);
#2300=VERTEX_POINT('',#8207);
#2301=VERTEX_POINT('',#8220);
#2302=VERTEX_POINT('',#8221);
#2303=VERTEX_POINT('',#8223);
#2304=VERTEX_POINT('',#8225);
#2305=VERTEX_POINT('',#8229);
#2306=VERTEX_POINT('',#8231);
#2307=VERTEX_POINT('',#8235);
#2308=VERTEX_POINT('',#8236);
#2309=VERTEX_POINT('',#8238);
#2310=VERTEX_POINT('',#8240);
#2311=VERTEX_POINT('',#8252);
#2312=VERTEX_POINT('',#8253);
#2313=VERTEX_POINT('',#8255);
#2314=VERTEX_POINT('',#8257);
#2315=VERTEX_POINT('',#8262);
#2316=VERTEX_POINT('',#8266);
#2317=VERTEX_POINT('',#8271);
#2318=VERTEX_POINT('',#8274);
#2319=VERTEX_POINT('',#8282);
#2320=VERTEX_POINT('',#8284);
#2321=VERTEX_POINT('',#8289);
#2322=VERTEX_POINT('',#8292);
#2323=VERTEX_POINT('',#8294);
#2324=VERTEX_POINT('',#8297);
#2325=VERTEX_POINT('',#8301);
#2326=VERTEX_POINT('',#8302);
#2327=VERTEX_POINT('',#8304);
#2328=VERTEX_POINT('',#8306);
#2329=VERTEX_POINT('',#8313);
#2330=VERTEX_POINT('',#8315);
#2331=VERTEX_POINT('',#8317);
#2332=VERTEX_POINT('',#8319);
#2333=VERTEX_POINT('',#8321);
#2334=VERTEX_POINT('',#8323);
#2335=VERTEX_POINT('',#8329);
#2336=VERTEX_POINT('',#8331);
#2337=VERTEX_POINT('',#8334);
#2338=VERTEX_POINT('',#8337);
#2339=VERTEX_POINT('',#8341);
#2340=VERTEX_POINT('',#8342);
#2341=VERTEX_POINT('',#8344);
#2342=VERTEX_POINT('',#8346);
#2343=VERTEX_POINT('',#8350);
#2344=VERTEX_POINT('',#8352);
#2345=VERTEX_POINT('',#8356);
#2346=VERTEX_POINT('',#8358);
#2347=VERTEX_POINT('',#8362);
#2348=VERTEX_POINT('',#8371);
#2349=VERTEX_POINT('',#8375);
#2350=VERTEX_POINT('',#8378);
#2351=VERTEX_POINT('',#8382);
#2352=VERTEX_POINT('',#8383);
#2353=VERTEX_POINT('',#8388);
#2354=VERTEX_POINT('',#8390);
#2355=VERTEX_POINT('',#8394);
#2356=VERTEX_POINT('',#8400);
#2357=VERTEX_POINT('',#8401);
#2358=VERTEX_POINT('',#8409);
#2359=VERTEX_POINT('',#8417);
#2360=VERTEX_POINT('',#8425);
#2361=VERTEX_POINT('',#8433);
#2362=VERTEX_POINT('',#8441);
#2363=VERTEX_POINT('',#8449);
#2364=VERTEX_POINT('',#8457);
#2365=VERTEX_POINT('',#8465);
#2366=VERTEX_POINT('',#8473);
#2367=VERTEX_POINT('',#8481);
#2368=VERTEX_POINT('',#8489);
#2369=VERTEX_POINT('',#8497);
#2370=VERTEX_POINT('',#8505);
#2371=VERTEX_POINT('',#8513);
#2372=VERTEX_POINT('',#8521);
#2373=VERTEX_POINT('',#8529);
#2374=VERTEX_POINT('',#8537);
#2375=VERTEX_POINT('',#8545);
#2376=VERTEX_POINT('',#8553);
#2377=VERTEX_POINT('',#8561);
#2378=VERTEX_POINT('',#8569);
#2379=VERTEX_POINT('',#8577);
#2380=VERTEX_POINT('',#8585);
#2381=VERTEX_POINT('',#8593);
#2382=VERTEX_POINT('',#8601);
#2383=VERTEX_POINT('',#8609);
#2384=VERTEX_POINT('',#8617);
#2385=VERTEX_POINT('',#8625);
#2386=VERTEX_POINT('',#8633);
#2387=VERTEX_POINT('',#8641);
#2388=VERTEX_POINT('',#8649);
#2389=VERTEX_POINT('',#8657);
#2390=VERTEX_POINT('',#8665);
#2391=VERTEX_POINT('',#8673);
#2392=VERTEX_POINT('',#8681);
#2393=VERTEX_POINT('',#8689);
#2394=VERTEX_POINT('',#8697);
#2395=VERTEX_POINT('',#8705);
#2396=VERTEX_POINT('',#8720);
#2397=VERTEX_POINT('',#8738);
#2398=VERTEX_POINT('',#8740);
#2399=VERTEX_POINT('',#8763);
#2400=VERTEX_POINT('',#8786);
#2401=VERTEX_POINT('',#8809);
#2402=VERTEX_POINT('',#8832);
#2403=VERTEX_POINT('',#8855);
#2404=VERTEX_POINT('',#8878);
#2405=VERTEX_POINT('',#8901);
#2406=VERTEX_POINT('',#8924);
#2407=VERTEX_POINT('',#8947);
#2408=VERTEX_POINT('',#8970);
#2409=VERTEX_POINT('',#8993);
#2410=VERTEX_POINT('',#9016);
#2411=VERTEX_POINT('',#9039);
#2412=VERTEX_POINT('',#9062);
#2413=VERTEX_POINT('',#9085);
#2414=VERTEX_POINT('',#9108);
#2415=VERTEX_POINT('',#9131);
#2416=VERTEX_POINT('',#9154);
#2417=VERTEX_POINT('',#9177);
#2418=VERTEX_POINT('',#9200);
#2419=VERTEX_POINT('',#9223);
#2420=VERTEX_POINT('',#9246);
#2421=VERTEX_POINT('',#9269);
#2422=VERTEX_POINT('',#9292);
#2423=VERTEX_POINT('',#9315);
#2424=VERTEX_POINT('',#9338);
#2425=VERTEX_POINT('',#9361);
#2426=VERTEX_POINT('',#9384);
#2427=VERTEX_POINT('',#9407);
#2428=VERTEX_POINT('',#9430);
#2429=VERTEX_POINT('',#9453);
#2430=VERTEX_POINT('',#9476);
#2431=VERTEX_POINT('',#9499);
#2432=VERTEX_POINT('',#9522);
#2433=VERTEX_POINT('',#9545);
#2434=VERTEX_POINT('',#9568);
#2435=VERTEX_POINT('',#9591);
#2436=VERTEX_POINT('',#9614);
#2437=VERTEX_POINT('',#9647);
#2438=VERTEX_POINT('',#9648);
#2439=VERTEX_POINT('',#9661);
#2440=VERTEX_POINT('',#9663);
#2441=VERTEX_POINT('',#9676);
#2442=VERTEX_POINT('',#9681);
#2443=VERTEX_POINT('',#9704);
#2444=VERTEX_POINT('',#9709);
#2445=VERTEX_POINT('',#9720);
#2446=VERTEX_POINT('',#9722);
#2447=VERTEX_POINT('',#9724);
#2448=VERTEX_POINT('',#9726);
#2449=VERTEX_POINT('',#9737);
#2450=VERTEX_POINT('',#9742);
#2451=VERTEX_POINT('',#9765);
#2452=VERTEX_POINT('',#9770);
#2453=VERTEX_POINT('',#9781);
#2454=VERTEX_POINT('',#9783);
#2455=VERTEX_POINT('',#9785);
#2456=VERTEX_POINT('',#9788);
#2457=VERTEX_POINT('',#9790);
#2458=VERTEX_POINT('',#9792);
#2459=VERTEX_POINT('',#9803);
#2460=VERTEX_POINT('',#9808);
#2461=VERTEX_POINT('',#9831);
#2462=VERTEX_POINT('',#9836);
#2463=VERTEX_POINT('',#9847);
#2464=VERTEX_POINT('',#9849);
#2465=VERTEX_POINT('',#9851);
#2466=VERTEX_POINT('',#9853);
#2467=VERTEX_POINT('',#9864);
#2468=VERTEX_POINT('',#9869);
#2469=VERTEX_POINT('',#9892);
#2470=VERTEX_POINT('',#9897);
#2471=VERTEX_POINT('',#9908);
#2472=VERTEX_POINT('',#9910);
#2473=VERTEX_POINT('',#9912);
#2474=VERTEX_POINT('',#9914);
#2475=VERTEX_POINT('',#9925);
#2476=VERTEX_POINT('',#9930);
#2477=VERTEX_POINT('',#9953);
#2478=VERTEX_POINT('',#9958);
#2479=VERTEX_POINT('',#9969);
#2480=VERTEX_POINT('',#9971);
#2481=VERTEX_POINT('',#9975);
#2482=VERTEX_POINT('',#10002);
#2483=VERTEX_POINT('',#10010);
#2484=VERTEX_POINT('',#10012);
#2485=VERTEX_POINT('',#10015);
#2486=VERTEX_POINT('',#10028);
#2487=VERTEX_POINT('',#10029);
#2488=VERTEX_POINT('',#10045);
#2489=VERTEX_POINT('',#10072);
#2490=VERTEX_POINT('',#10080);
#2491=VERTEX_POINT('',#10082);
#2492=VERTEX_POINT('',#10085);
#2493=VERTEX_POINT('',#10098);
#2494=VERTEX_POINT('',#10099);
#2495=VERTEX_POINT('',#10115);
#2496=VERTEX_POINT('',#10142);
#2497=VERTEX_POINT('',#10150);
#2498=VERTEX_POINT('',#10152);
#2499=VERTEX_POINT('',#10155);
#2500=VERTEX_POINT('',#10168);
#2501=VERTEX_POINT('',#10169);
#2502=VERTEX_POINT('',#10185);
#2503=VERTEX_POINT('',#10189);
#2504=VERTEX_POINT('',#10191);
#2505=VERTEX_POINT('',#10204);
#2506=VERTEX_POINT('',#10208);
#2507=VERTEX_POINT('',#10212);
#2508=VERTEX_POINT('',#10216);
#2509=VERTEX_POINT('',#10220);
#2510=VERTEX_POINT('',#10224);
#2511=VERTEX_POINT('',#10228);
#2512=VERTEX_POINT('',#10232);
#2513=VERTEX_POINT('',#10238);
#2514=VERTEX_POINT('',#10242);
#2515=VERTEX_POINT('',#10248);
#2516=VERTEX_POINT('',#10250);
#2517=VERTEX_POINT('',#10261);
#2518=VERTEX_POINT('',#10268);
#2519=VERTEX_POINT('',#10295);
#2520=VERTEX_POINT('',#10309);
#2521=VERTEX_POINT('',#10342);
#2522=VERTEX_POINT('',#10346);
#2523=VERTEX_POINT('',#10348);
#2524=VERTEX_POINT('',#10359);
#2525=VERTEX_POINT('',#10361);
#2526=VERTEX_POINT('',#10390);
#2527=VERTEX_POINT('',#10391);
#2528=VERTEX_POINT('',#10402);
#2529=VERTEX_POINT('',#10408);
#2530=VERTEX_POINT('',#10419);
#2531=VERTEX_POINT('',#10448);
#2532=VERTEX_POINT('',#10455);
#2533=VERTEX_POINT('',#10457);
#2534=VERTEX_POINT('',#10464);
#2535=VERTEX_POINT('',#10468);
#2536=VERTEX_POINT('',#10475);
#2537=VERTEX_POINT('',#10502);
#2538=VERTEX_POINT('',#10511);
#2539=VERTEX_POINT('',#10513);
#2540=VERTEX_POINT('',#10524);
#2541=VERTEX_POINT('',#10531);
#2542=VERTEX_POINT('',#10558);
#2543=VERTEX_POINT('',#10567);
#2544=VERTEX_POINT('',#10569);
#2545=VERTEX_POINT('',#10580);
#2546=VERTEX_POINT('',#10587);
#2547=VERTEX_POINT('',#10614);
#2548=VERTEX_POINT('',#10623);
#2549=VERTEX_POINT('',#10625);
#2550=VERTEX_POINT('',#10636);
#2551=VERTEX_POINT('',#10643);
#2552=VERTEX_POINT('',#10670);
#2553=VERTEX_POINT('',#10679);
#2554=VERTEX_POINT('',#10681);
#2555=VERTEX_POINT('',#10692);
#2556=VERTEX_POINT('',#10699);
#2557=VERTEX_POINT('',#10712);
#2558=VERTEX_POINT('',#10715);
#2559=VERTEX_POINT('',#10732);
#2560=VERTEX_POINT('',#10741);
#2561=VERTEX_POINT('',#10743);
#2562=VERTEX_POINT('',#10754);
#2563=VERTEX_POINT('',#10761);
#2564=VERTEX_POINT('',#10821);
#2565=VERTEX_POINT('',#10827);
#2566=VERTEX_POINT('',#10838);
#2567=VERTEX_POINT('',#10850);
#2568=VERTEX_POINT('',#10852);
#2569=VERTEX_POINT('',#10854);
#2570=VERTEX_POINT('',#10887);
#2571=VERTEX_POINT('',#10892);
#2572=VERTEX_POINT('',#10903);
#2573=VERTEX_POINT('',#10927);
#2574=VERTEX_POINT('',#10938);
#2575=VERTEX_POINT('',#10943);
#2576=VERTEX_POINT('',#10945);
#2577=VERTEX_POINT('',#10950);
#2578=VERTEX_POINT('',#10961);
#2579=VERTEX_POINT('',#10975);
#2580=VERTEX_POINT('',#10978);
#2581=VERTEX_POINT('',#10991);
#2582=VERTEX_POINT('',#11002);
#2583=VERTEX_POINT('',#11007);
#2584=VERTEX_POINT('',#11009);
#2585=VERTEX_POINT('',#11014);
#2586=VERTEX_POINT('',#11025);
#2587=VERTEX_POINT('',#11049);
#2588=VERTEX_POINT('',#11060);
#2589=VERTEX_POINT('',#11065);
#2590=VERTEX_POINT('',#11067);
#2591=VERTEX_POINT('',#11072);
#2592=VERTEX_POINT('',#11083);
#2593=VERTEX_POINT('',#11107);
#2594=VERTEX_POINT('',#11118);
#2595=VERTEX_POINT('',#11123);
#2596=VERTEX_POINT('',#11125);
#2597=VERTEX_POINT('',#11130);
#2598=VERTEX_POINT('',#11141);
#2599=VERTEX_POINT('',#11165);
#2600=VERTEX_POINT('',#11233);
#2601=VERTEX_POINT('',#11265);
#2602=VERTEX_POINT('',#11353);
#2603=VERTEX_POINT('',#11387);
#2604=VERTEX_POINT('',#11475);
#2605=VERTEX_POINT('',#11507);
#2606=VERTEX_POINT('',#11595);
#2607=VERTEX_POINT('',#11678);
#2608=VERTEX_POINT('',#11795);
#2609=VERTEX_POINT('',#11797);
#2610=VERTEX_POINT('',#11801);
#2611=VERTEX_POINT('',#11803);
#2612=VERTEX_POINT('',#11808);
#2613=VERTEX_POINT('',#11809);
#2614=VERTEX_POINT('',#11811);
#2615=VERTEX_POINT('',#11813);
#2616=VERTEX_POINT('',#11816);
#2617=VERTEX_POINT('',#11819);
#2618=VERTEX_POINT('',#11820);
#2619=VERTEX_POINT('',#11822);
#2620=VERTEX_POINT('',#11824);
#2621=VERTEX_POINT('',#11827);
#2622=VERTEX_POINT('',#11830);
#2623=VERTEX_POINT('',#11832);
#2624=VERTEX_POINT('',#11836);
#2625=VERTEX_POINT('',#11840);
#2626=VERTEX_POINT('',#11842);
#2627=VERTEX_POINT('',#11844);
#2628=VERTEX_POINT('',#11846);
#2629=VERTEX_POINT('',#11848);
#2630=VERTEX_POINT('',#11862);
#2631=VERTEX_POINT('',#11866);
#2632=VERTEX_POINT('',#11868);
#2633=VERTEX_POINT('',#11873);
#2634=VERTEX_POINT('',#11883);
#2635=VERTEX_POINT('',#11885);
#2636=VERTEX_POINT('',#11889);
#2637=VERTEX_POINT('',#11892);
#2638=VERTEX_POINT('',#11893);
#2639=VERTEX_POINT('',#11895);
#2640=VERTEX_POINT('',#11897);
#2641=VERTEX_POINT('',#11901);
#2642=VERTEX_POINT('',#11903);
#2643=VERTEX_POINT('',#11907);
#2644=VERTEX_POINT('',#11908);
#2645=VERTEX_POINT('',#11910);
#2646=VERTEX_POINT('',#11912);
#2647=VERTEX_POINT('',#11919);
#2648=VERTEX_POINT('',#11923);
#2649=VERTEX_POINT('',#11927);
#2650=VERTEX_POINT('',#11930);
#2651=VERTEX_POINT('',#11934);
#2652=VERTEX_POINT('',#11935);
#2653=VERTEX_POINT('',#11943);
#2654=VERTEX_POINT('',#11951);
#2655=VERTEX_POINT('',#11959);
#2656=VERTEX_POINT('',#11967);
#2657=VERTEX_POINT('',#11975);
#2658=VERTEX_POINT('',#11983);
#2659=VERTEX_POINT('',#11991);
#2660=VERTEX_POINT('',#11999);
#2661=VERTEX_POINT('',#12007);
#2662=VERTEX_POINT('',#12015);
#2663=VERTEX_POINT('',#12023);
#2664=VERTEX_POINT('',#12031);
#2665=VERTEX_POINT('',#12039);
#2666=VERTEX_POINT('',#12047);
#2667=VERTEX_POINT('',#12055);
#2668=VERTEX_POINT('',#12063);
#2669=VERTEX_POINT('',#12071);
#2670=VERTEX_POINT('',#12079);
#2671=VERTEX_POINT('',#12087);
#2672=VERTEX_POINT('',#12095);
#2673=VERTEX_POINT('',#12103);
#2674=VERTEX_POINT('',#12111);
#2675=VERTEX_POINT('',#12119);
#2676=VERTEX_POINT('',#12127);
#2677=VERTEX_POINT('',#12135);
#2678=VERTEX_POINT('',#12143);
#2679=VERTEX_POINT('',#12151);
#2680=VERTEX_POINT('',#12159);
#2681=VERTEX_POINT('',#12167);
#2682=VERTEX_POINT('',#12175);
#2683=VERTEX_POINT('',#12183);
#2684=VERTEX_POINT('',#12191);
#2685=VERTEX_POINT('',#12199);
#2686=VERTEX_POINT('',#12207);
#2687=VERTEX_POINT('',#12215);
#2688=VERTEX_POINT('',#12223);
#2689=VERTEX_POINT('',#12231);
#2690=VERTEX_POINT('',#12239);
#2691=VERTEX_POINT('',#12254);
#2692=VERTEX_POINT('',#12273);
#2693=VERTEX_POINT('',#12275);
#2694=VERTEX_POINT('',#12298);
#2695=VERTEX_POINT('',#12321);
#2696=VERTEX_POINT('',#12344);
#2697=VERTEX_POINT('',#12367);
#2698=VERTEX_POINT('',#12390);
#2699=VERTEX_POINT('',#12413);
#2700=VERTEX_POINT('',#12436);
#2701=VERTEX_POINT('',#12459);
#2702=VERTEX_POINT('',#12482);
#2703=VERTEX_POINT('',#12505);
#2704=VERTEX_POINT('',#12528);
#2705=VERTEX_POINT('',#12551);
#2706=VERTEX_POINT('',#12574);
#2707=VERTEX_POINT('',#12597);
#2708=VERTEX_POINT('',#12620);
#2709=VERTEX_POINT('',#12643);
#2710=VERTEX_POINT('',#12666);
#2711=VERTEX_POINT('',#12689);
#2712=VERTEX_POINT('',#12712);
#2713=VERTEX_POINT('',#12735);
#2714=VERTEX_POINT('',#12758);
#2715=VERTEX_POINT('',#12781);
#2716=VERTEX_POINT('',#12804);
#2717=VERTEX_POINT('',#12827);
#2718=VERTEX_POINT('',#12850);
#2719=VERTEX_POINT('',#12873);
#2720=VERTEX_POINT('',#12896);
#2721=VERTEX_POINT('',#12919);
#2722=VERTEX_POINT('',#12942);
#2723=VERTEX_POINT('',#12965);
#2724=VERTEX_POINT('',#12988);
#2725=VERTEX_POINT('',#13011);
#2726=VERTEX_POINT('',#13034);
#2727=VERTEX_POINT('',#13057);
#2728=VERTEX_POINT('',#13080);
#2729=VERTEX_POINT('',#13103);
#2730=VERTEX_POINT('',#13126);
#2731=VERTEX_POINT('',#13149);
#2732=EDGE_CURVE('',#2147,#2148,#1851,.F.);
#2733=EDGE_CURVE('',#2148,#2149,#1341,.T.);
#2734=EDGE_CURVE('',#2149,#2150,#1852,.F.);
#2735=EDGE_CURVE('',#2150,#2147,#1342,.T.);
#2736=EDGE_CURVE('',#2149,#2151,#1853,.T.);
#2737=EDGE_CURVE('',#2152,#2148,#1854,.T.);
#2738=EDGE_CURVE('',#2152,#2153,#1343,.T.);
#2739=EDGE_CURVE('',#2154,#2153,#1855,.T.);
#2740=EDGE_CURVE('',#2155,#2154,#1344,.T.);
#2741=EDGE_CURVE('',#2156,#2155,#1856,.T.);
#2742=EDGE_CURVE('',#2157,#2156,#1345,.T.);
#2743=EDGE_CURVE('',#2158,#2157,#1857,.T.);
#2744=EDGE_CURVE('',#2158,#2159,#1346,.T.);
#2745=EDGE_CURVE('',#2160,#2159,#1858,.T.);
#2746=EDGE_CURVE('',#2151,#2160,#1347,.T.);
#2747=EDGE_CURVE('',#2161,#2162,#1859,.F.);
#2748=EDGE_CURVE('',#2162,#2163,#1348,.T.);
#2749=EDGE_CURVE('',#2163,#2164,#1860,.F.);
#2750=EDGE_CURVE('',#2164,#2161,#1349,.T.);
#2751=EDGE_CURVE('',#2163,#2150,#1861,.T.);
#2752=EDGE_CURVE('',#2147,#2162,#1862,.T.);
#2753=EDGE_CURVE('',#2156,#2165,#1863,.F.);
#2754=EDGE_CURVE('',#2165,#2166,#1350,.T.);
#2755=EDGE_CURVE('',#2166,#2157,#1864,.F.);
#2756=EDGE_CURVE('',#2167,#2165,#1865,.T.);
#2757=EDGE_CURVE('',#2168,#2167,#1351,.T.);
#2758=EDGE_CURVE('',#2166,#2168,#1866,.T.);
#2759=EDGE_CURVE('',#2167,#2169,#1867,.F.);
#2760=EDGE_CURVE('',#2169,#2170,#1352,.T.);
#2761=EDGE_CURVE('',#2170,#2168,#1868,.F.);
#2762=EDGE_CURVE('',#2164,#2171,#1869,.T.);
#2763=EDGE_CURVE('',#2171,#2172,#1353,.T.);
#2764=EDGE_CURVE('',#2173,#2172,#1870,.T.);
#2765=EDGE_CURVE('',#2174,#2173,#1354,.T.);
#2766=EDGE_CURVE('',#2174,#2170,#1871,.T.);
#2767=EDGE_CURVE('',#2175,#2169,#1872,.T.);
#2768=EDGE_CURVE('',#2175,#2176,#1355,.T.);
#2769=EDGE_CURVE('',#2177,#2176,#1873,.T.);
#2770=EDGE_CURVE('',#2178,#2177,#1356,.T.);
#2771=EDGE_CURVE('',#2161,#2178,#1874,.T.);
#2772=EDGE_CURVE('',#2178,#2179,#1875,.T.);
#2773=EDGE_CURVE('',#2179,#2152,#1876,.T.);
#2774=EDGE_CURVE('',#2180,#2180,#1877,.T.);
#2775=EDGE_CURVE('',#2155,#2175,#1878,.T.);
#2776=EDGE_CURVE('',#2181,#2181,#1879,.T.);
#2777=EDGE_CURVE('',#2182,#2182,#1880,.T.);
#2778=EDGE_CURVE('',#2182,#2181,#1357,.T.);
#2779=EDGE_CURVE('',#2183,#2183,#1881,.T.);
#2780=EDGE_CURVE('',#2183,#2180,#1358,.T.);
#2781=EDGE_CURVE('',#2179,#2184,#1359,.T.);
#2782=EDGE_CURVE('',#2153,#2184,#1882,.T.);
#2783=EDGE_CURVE('',#2176,#2154,#1883,.T.);
#2784=EDGE_CURVE('',#2184,#2177,#1884,.T.);
#2785=EDGE_CURVE('',#2185,#2151,#1885,.T.);
#2786=EDGE_CURVE('',#2171,#2185,#1886,.T.);
#2787=EDGE_CURVE('',#2186,#2186,#1887,.T.);
#2788=EDGE_CURVE('',#2158,#2174,#1888,.T.);
#2789=EDGE_CURVE('',#2187,#2187,#1889,.T.);
#2790=EDGE_CURVE('',#2188,#2188,#1890,.T.);
#2791=EDGE_CURVE('',#2188,#2187,#1360,.T.);
#2792=EDGE_CURVE('',#2189,#2189,#1891,.T.);
#2793=EDGE_CURVE('',#2189,#2186,#1361,.T.);
#2794=EDGE_CURVE('',#2159,#2173,#1892,.T.);
#2795=EDGE_CURVE('',#2190,#2160,#1893,.T.);
#2796=EDGE_CURVE('',#2185,#2190,#1362,.T.);
#2797=EDGE_CURVE('',#2172,#2190,#1894,.T.);
#2798=EDGE_CURVE('',#2191,#2191,#1895,.T.);
#2799=EDGE_CURVE('',#2191,#2192,#1363,.T.);
#2800=EDGE_CURVE('',#2192,#2192,#1896,.T.);
#2801=EDGE_CURVE('',#2193,#2194,#1897,.T.);
#2802=EDGE_CURVE('',#2193,#2195,#1364,.T.);
#2803=EDGE_CURVE('',#2196,#2195,#1898,.T.);
#2804=EDGE_CURVE('',#2194,#2196,#1365,.T.);
#2805=EDGE_CURVE('',#2197,#2194,#1899,.T.);
#2806=EDGE_CURVE('',#2198,#2196,#1900,.T.);
#2807=EDGE_CURVE('',#2197,#2198,#1366,.T.);
#2808=EDGE_CURVE('',#2193,#2199,#1901,.T.);
#2809=EDGE_CURVE('',#2199,#2200,#1367,.T.);
#2810=EDGE_CURVE('',#2195,#2200,#1902,.T.);
#2811=EDGE_CURVE('',#2199,#2197,#1903,.T.);
#2812=EDGE_CURVE('',#2198,#2200,#1904,.T.);
#2813=EDGE_CURVE('',#2201,#2201,#1905,.T.);
#2814=EDGE_CURVE('',#2201,#2202,#1368,.T.);
#2815=EDGE_CURVE('',#2202,#2202,#1906,.T.);
#2816=EDGE_CURVE('',#2203,#2204,#1369,.T.);
#2817=EDGE_CURVE('',#2203,#2205,#1907,.T.);
#2818=EDGE_CURVE('',#2205,#2206,#1370,.T.);
#2819=EDGE_CURVE('',#2206,#2204,#1908,.T.);
#2820=EDGE_CURVE('',#2207,#2207,#1909,.T.);
#2821=EDGE_CURVE('',#2207,#2208,#1371,.T.);
#2822=EDGE_CURVE('',#2208,#2208,#1910,.T.);
#2823=EDGE_CURVE('',#2209,#2210,#1911,.T.);
#2824=EDGE_CURVE('',#2209,#2211,#1372,.T.);
#2825=EDGE_CURVE('',#2212,#2211,#1912,.T.);
#2826=EDGE_CURVE('',#2210,#2212,#1373,.T.);
#2827=EDGE_CURVE('',#2205,#2210,#1913,.T.);
#2828=EDGE_CURVE('',#2206,#2212,#1914,.T.);
#2829=EDGE_CURVE('',#2209,#2203,#1915,.T.);
#2830=EDGE_CURVE('',#2211,#2204,#1916,.T.);
#2831=EDGE_CURVE('',#2213,#2214,#1917,.T.);
#2832=EDGE_CURVE('',#2214,#2215,#1918,.T.);
#2833=EDGE_CURVE('',#2216,#2215,#1919,.T.);
#2834=EDGE_CURVE('',#2215,#2216,#1920,.T.);
#2835=EDGE_CURVE('',#2214,#2213,#1921,.T.);
#2836=EDGE_CURVE('',#2216,#2217,#1374,.T.);
#2837=EDGE_CURVE('',#2217,#2217,#1922,.T.);
#2838=EDGE_CURVE('',#2217,#2218,#1375,.T.);
#2839=EDGE_CURVE('',#2218,#2218,#1923,.T.);
#2840=EDGE_CURVE('',#2219,#2219,#1924,.T.);
#2841=EDGE_CURVE('',#2219,#2220,#1376,.T.);
#2842=EDGE_CURVE('',#2220,#2220,#1925,.T.);
#2843=EDGE_CURVE('',#2220,#2213,#1377,.T.);
#2844=EDGE_CURVE('',#2221,#2222,#1926,.T.);
#2845=EDGE_CURVE('',#2221,#2223,#1378,.T.);
#2846=EDGE_CURVE('',#2223,#2224,#1927,.F.);
#2847=EDGE_CURVE('',#2224,#2222,#1379,.T.);
#2848=EDGE_CURVE('',#2225,#2224,#1928,.T.);
#2849=EDGE_CURVE('',#2226,#2225,#1380,.T.);
#2850=EDGE_CURVE('',#2222,#2226,#1929,.T.);
#2851=EDGE_CURVE('',#2227,#2228,#1930,.T.);
#2852=EDGE_CURVE('',#2227,#2229,#1381,.T.);
#2853=EDGE_CURVE('',#2230,#2229,#1931,.T.);
#2854=EDGE_CURVE('',#2228,#2230,#1382,.T.);
#2855=EDGE_CURVE('',#2231,#2226,#1932,.F.);
#2856=EDGE_CURVE('',#2225,#2232,#1933,.F.);
#2857=EDGE_CURVE('',#2232,#2231,#1383,.T.);
#2858=EDGE_CURVE('',#2233,#2234,#1934,.F.);
#2859=EDGE_CURVE('',#2234,#2235,#1384,.T.);
#2860=EDGE_CURVE('',#2235,#2236,#1935,.F.);
#2861=EDGE_CURVE('',#2236,#2233,#1385,.T.);
#2862=EDGE_CURVE('',#2237,#2232,#1936,.T.);
#2863=EDGE_CURVE('',#2237,#2238,#1386,.T.);
#2864=EDGE_CURVE('',#2239,#2238,#1937,.T.);
#2865=EDGE_CURVE('',#2240,#2239,#1387,.T.);
#2866=EDGE_CURVE('',#2235,#2240,#1938,.T.);
#2867=EDGE_CURVE('',#2241,#2234,#1939,.T.);
#2868=EDGE_CURVE('',#2241,#2242,#1388,.T.);
#2869=EDGE_CURVE('',#2243,#2242,#1940,.T.);
#2870=EDGE_CURVE('',#2244,#2243,#1389,.T.);
#2871=EDGE_CURVE('',#2231,#2244,#1941,.T.);
#2872=EDGE_CURVE('',#2245,#2246,#1942,.F.);
#2873=EDGE_CURVE('',#2246,#2247,#1390,.T.);
#2874=EDGE_CURVE('',#2248,#2247,#1943,.T.);
#2875=EDGE_CURVE('',#2248,#2245,#1391,.T.);
#2876=EDGE_CURVE('',#2249,#2221,#1944,.T.);
#2877=EDGE_CURVE('',#2250,#2249,#1392,.T.);
#2878=EDGE_CURVE('',#2251,#2250,#1945,.T.);
#2879=EDGE_CURVE('',#2251,#2252,#1393,.T.);
#2880=EDGE_CURVE('',#2245,#2252,#1946,.T.);
#2881=EDGE_CURVE('',#2253,#2248,#1947,.T.);
#2882=EDGE_CURVE('',#2253,#2254,#1394,.T.);
#2883=EDGE_CURVE('',#2229,#2254,#1948,.T.);
#2884=EDGE_CURVE('',#2223,#2227,#1949,.T.);
#2885=EDGE_CURVE('',#2253,#2255,#1950,.T.);
#2886=EDGE_CURVE('',#2255,#2256,#1395,.T.);
#2887=EDGE_CURVE('',#2254,#2256,#1951,.T.);
#2888=EDGE_CURVE('',#2247,#2236,#1952,.T.);
#2889=EDGE_CURVE('',#2233,#2246,#1953,.T.);
#2890=EDGE_CURVE('',#2252,#2257,#1954,.T.);
#2891=EDGE_CURVE('',#2257,#2258,#1396,.T.);
#2892=EDGE_CURVE('',#2258,#2259,#1955,.T.);
#2893=EDGE_CURVE('',#2259,#2260,#1397,.T.);
#2894=EDGE_CURVE('',#2260,#2241,#1956,.T.);
#2895=EDGE_CURVE('',#2261,#2261,#1957,.T.);
#2896=EDGE_CURVE('',#2262,#2262,#1958,.T.);
#2897=EDGE_CURVE('',#2262,#2263,#1398,.T.);
#2898=EDGE_CURVE('',#2263,#2263,#1959,.T.);
#2899=EDGE_CURVE('',#2264,#2264,#1960,.T.);
#2900=EDGE_CURVE('',#2264,#2261,#1399,.T.);
#2901=EDGE_CURVE('',#2257,#2265,#1400,.T.);
#2902=EDGE_CURVE('',#2266,#2265,#1401,.T.);
#2903=EDGE_CURVE('',#2258,#2266,#1402,.T.);
#2904=EDGE_CURVE('',#2267,#2266,#1961,.T.);
#2905=EDGE_CURVE('',#2259,#2267,#1403,.T.);
#2906=EDGE_CURVE('',#2268,#2267,#1404,.T.);
#2907=EDGE_CURVE('',#2260,#2268,#1405,.T.);
#2908=EDGE_CURVE('',#2242,#2268,#1962,.T.);
#2909=EDGE_CURVE('',#2244,#2269,#1963,.T.);
#2910=EDGE_CURVE('',#2270,#2243,#1964,.T.);
#2911=EDGE_CURVE('',#2269,#2270,#1406,.T.);
#2912=EDGE_CURVE('',#2269,#2271,#1407,.T.);
#2913=EDGE_CURVE('',#2272,#2270,#1408,.T.);
#2914=EDGE_CURVE('',#2271,#2272,#1409,.T.);
#2915=EDGE_CURVE('',#2271,#2273,#1965,.T.);
#2916=EDGE_CURVE('',#2274,#2272,#1966,.T.);
#2917=EDGE_CURVE('',#2273,#2274,#1410,.T.);
#2918=EDGE_CURVE('',#2273,#2275,#1411,.T.);
#2919=EDGE_CURVE('',#2276,#2274,#1412,.T.);
#2920=EDGE_CURVE('',#2275,#2276,#1413,.T.);
#2921=EDGE_CURVE('',#2275,#2249,#1967,.T.);
#2922=EDGE_CURVE('',#2265,#2251,#1968,.T.);
#2923=EDGE_CURVE('',#2250,#2276,#1969,.T.);
#2924=EDGE_CURVE('',#2240,#2277,#1970,.T.);
#2925=EDGE_CURVE('',#2278,#2277,#1414,.T.);
#2926=EDGE_CURVE('',#2279,#2278,#1971,.T.);
#2927=EDGE_CURVE('',#2279,#2255,#1415,.T.);
#2928=EDGE_CURVE('',#2280,#2280,#1972,.T.);
#2929=EDGE_CURVE('',#2281,#2228,#1416,.T.);
#2930=EDGE_CURVE('',#2282,#2281,#1973,.T.);
#2931=EDGE_CURVE('',#2282,#2283,#1417,.T.);
#2932=EDGE_CURVE('',#2283,#2237,#1974,.T.);
#2933=EDGE_CURVE('',#2284,#2284,#1975,.T.);
#2934=EDGE_CURVE('',#2285,#2285,#1976,.T.);
#2935=EDGE_CURVE('',#2285,#2284,#1418,.T.);
#2936=EDGE_CURVE('',#2286,#2286,#1977,.T.);
#2937=EDGE_CURVE('',#2286,#2280,#1419,.T.);
#2938=EDGE_CURVE('',#2282,#2287,#1420,.T.);
#2939=EDGE_CURVE('',#2288,#2287,#1421,.T.);
#2940=EDGE_CURVE('',#2283,#2288,#1422,.T.);
#2941=EDGE_CURVE('',#2238,#2288,#1978,.T.);
#2942=EDGE_CURVE('',#2289,#2239,#1979,.T.);
#2943=EDGE_CURVE('',#2277,#2289,#1423,.T.);
#2944=EDGE_CURVE('',#2290,#2289,#1424,.T.);
#2945=EDGE_CURVE('',#2278,#2290,#1425,.T.);
#2946=EDGE_CURVE('',#2291,#2290,#1980,.T.);
#2947=EDGE_CURVE('',#2279,#2291,#1426,.T.);
#2948=EDGE_CURVE('',#2256,#2291,#1427,.T.);
#2949=EDGE_CURVE('',#2292,#2230,#1428,.T.);
#2950=EDGE_CURVE('',#2281,#2292,#1429,.T.);
#2951=EDGE_CURVE('',#2287,#2292,#1981,.T.);
#2952=EDGE_CURVE('',#2293,#2294,#1982,.T.);
#2953=EDGE_CURVE('',#2294,#2295,#1430,.T.);
#2954=EDGE_CURVE('',#2296,#2295,#1983,.T.);
#2955=EDGE_CURVE('',#2293,#2296,#1431,.T.);
#2956=EDGE_CURVE('',#2297,#2298,#1432,.T.);
#2957=EDGE_CURVE('',#2299,#2298,#1433,.T.);
#2958=EDGE_CURVE('',#2300,#2299,#1434,.T.);
#2959=EDGE_CURVE('',#2297,#2300,#1435,.T.);
#2960=EDGE_CURVE('',#2297,#2294,#1984,.T.);
#2961=EDGE_CURVE('',#2295,#2300,#1985,.T.);
#2962=EDGE_CURVE('',#2298,#2293,#1986,.T.);
#2963=EDGE_CURVE('',#2299,#2296,#1987,.T.);
#2964=EDGE_CURVE('',#2293,#2298,#1988,.T.);
#2965=EDGE_CURVE('',#2296,#2299,#1989,.T.);
#2966=EDGE_CURVE('',#2301,#2302,#1436,.T.);
#2967=EDGE_CURVE('',#2301,#2303,#1990,.T.);
#2968=EDGE_CURVE('',#2303,#2304,#1437,.T.);
#2969=EDGE_CURVE('',#2304,#2302,#1991,.T.);
#2970=EDGE_CURVE('',#2305,#2305,#1992,.T.);
#2971=EDGE_CURVE('',#2305,#2306,#1438,.T.);
#2972=EDGE_CURVE('',#2306,#2306,#1993,.T.);
#2973=EDGE_CURVE('',#2307,#2308,#1994,.T.);
#2974=EDGE_CURVE('',#2307,#2309,#1439,.T.);
#2975=EDGE_CURVE('',#2310,#2309,#1995,.T.);
#2976=EDGE_CURVE('',#2308,#2310,#1440,.T.);
#2977=EDGE_CURVE('',#2303,#2308,#1996,.T.);
#2978=EDGE_CURVE('',#2304,#2310,#1997,.T.);
#2979=EDGE_CURVE('',#2307,#2301,#1998,.T.);
#2980=EDGE_CURVE('',#2309,#2302,#1999,.T.);
#2981=EDGE_CURVE('',#2311,#2312,#2000,.T.);
#2982=EDGE_CURVE('',#2312,#2313,#2001,.T.);
#2983=EDGE_CURVE('',#2314,#2313,#2002,.T.);
#2984=EDGE_CURVE('',#2313,#2314,#2003,.T.);
#2985=EDGE_CURVE('',#2312,#2311,#2004,.T.);
#2986=EDGE_CURVE('',#2314,#2315,#1441,.T.);
#2987=EDGE_CURVE('',#2315,#2315,#2005,.T.);
#2988=EDGE_CURVE('',#2315,#2316,#1442,.T.);
#2989=EDGE_CURVE('',#2316,#2316,#2006,.T.);
#2990=EDGE_CURVE('',#2317,#2317,#2007,.T.);
#2991=EDGE_CURVE('',#2317,#2318,#1443,.T.);
#2992=EDGE_CURVE('',#2318,#2318,#2008,.T.);
#2993=EDGE_CURVE('',#2318,#2311,#1444,.T.);
#2994=EDGE_CURVE('',#2319,#2319,#2009,.T.);
#2995=EDGE_CURVE('',#2319,#2320,#1445,.T.);
#2996=EDGE_CURVE('',#2320,#2320,#2010,.T.);
#2997=EDGE_CURVE('',#2321,#2321,#2011,.T.);
#2998=EDGE_CURVE('',#2322,#2322,#2012,.T.);
#2999=EDGE_CURVE('',#2323,#2323,#2013,.T.);
#3000=EDGE_CURVE('',#2321,#2324,#1446,.T.);
#3001=EDGE_CURVE('',#2324,#2324,#2014,.T.);
#3002=EDGE_CURVE('',#2325,#2326,#2015,.T.);
#3003=EDGE_CURVE('',#2326,#2327,#2016,.T.);
#3004=EDGE_CURVE('',#2328,#2327,#2017,.T.);
#3005=EDGE_CURVE('',#2327,#2328,#2018,.T.);
#3006=EDGE_CURVE('',#2326,#2325,#2019,.T.);
#3007=EDGE_CURVE('',#2324,#2328,#1447,.T.);
#3008=EDGE_CURVE('',#2329,#2329,#2020,.T.);
#3009=EDGE_CURVE('',#2329,#2330,#1448,.T.);
#3010=EDGE_CURVE('',#2331,#2330,#2021,.T.);
#3011=EDGE_CURVE('',#2332,#2331,#1449,.T.);
#3012=EDGE_CURVE('',#2333,#2332,#2022,.T.);
#3013=EDGE_CURVE('',#2334,#2333,#1450,.T.);
#3014=EDGE_CURVE('',#2330,#2334,#2023,.T.);
#3015=EDGE_CURVE('',#2325,#2329,#1451,.T.);
#3016=EDGE_CURVE('',#2335,#2332,#2024,.T.);
#3017=EDGE_CURVE('',#2335,#2336,#2025,.T.);
#3018=EDGE_CURVE('',#2333,#2336,#2026,.T.);
#3019=EDGE_CURVE('',#2337,#2337,#2027,.T.);
#3020=EDGE_CURVE('',#2331,#2338,#2028,.T.);
#3021=EDGE_CURVE('',#2335,#2338,#1452,.T.);
#3022=EDGE_CURVE('',#2339,#2340,#2029,.T.);
#3023=EDGE_CURVE('',#2340,#2341,#1453,.T.);
#3024=EDGE_CURVE('',#2342,#2341,#2030,.T.);
#3025=EDGE_CURVE('',#2339,#2342,#1454,.T.);
#3026=EDGE_CURVE('',#2343,#2339,#2031,.T.);
#3027=EDGE_CURVE('',#2344,#2342,#2032,.T.);
#3028=EDGE_CURVE('',#2343,#2344,#1455,.T.);
#3029=EDGE_CURVE('',#2345,#2343,#2033,.T.);
#3030=EDGE_CURVE('',#2346,#2344,#2034,.T.);
#3031=EDGE_CURVE('',#2345,#2346,#1456,.T.);
#3032=EDGE_CURVE('',#2347,#2334,#2035,.T.);
#3033=EDGE_CURVE('',#2346,#2347,#2036,.T.);
#3034=EDGE_CURVE('',#2338,#2341,#2037,.T.);
#3035=EDGE_CURVE('',#2347,#2336,#1457,.T.);
#3036=EDGE_CURVE('',#2340,#2345,#2038,.T.);
#3037=EDGE_CURVE('',#2323,#2348,#1458,.T.);
#3038=EDGE_CURVE('',#2348,#2348,#2039,.T.);
#3039=EDGE_CURVE('',#2349,#2349,#2040,.T.);
#3040=EDGE_CURVE('',#2350,#2350,#2041,.T.);
#3041=EDGE_CURVE('',#2350,#2337,#1459,.T.);
#3042=EDGE_CURVE('',#2351,#2352,#2042,.T.);
#3043=EDGE_CURVE('',#2351,#2350,#1460,.T.);
#3044=EDGE_CURVE('',#2352,#2351,#2043,.T.);
#3045=EDGE_CURVE('',#2352,#2353,#2044,.T.);
#3046=EDGE_CURVE('',#2354,#2353,#2045,.T.);
#3047=EDGE_CURVE('',#2353,#2354,#2046,.T.);
#3048=EDGE_CURVE('',#2355,#2355,#2047,.T.);
#3049=EDGE_CURVE('',#2355,#2354,#1461,.T.);
#3050=EDGE_CURVE('',#2322,#2355,#1462,.T.);
#3051=EDGE_CURVE('',#2356,#2357,#186,.T.);
#3052=EDGE_CURVE('',#2357,#2358,#187,.T.);
#3053=EDGE_CURVE('',#2358,#2359,#188,.T.);
#3054=EDGE_CURVE('',#2359,#2360,#189,.T.);
#3055=EDGE_CURVE('',#2360,#2361,#190,.T.);
#3056=EDGE_CURVE('',#2361,#2362,#191,.T.);
#3057=EDGE_CURVE('',#2362,#2363,#192,.T.);
#3058=EDGE_CURVE('',#2363,#2364,#193,.T.);
#3059=EDGE_CURVE('',#2364,#2365,#194,.T.);
#3060=EDGE_CURVE('',#2365,#2366,#195,.T.);
#3061=EDGE_CURVE('',#2366,#2367,#196,.T.);
#3062=EDGE_CURVE('',#2367,#2368,#197,.T.);
#3063=EDGE_CURVE('',#2368,#2369,#198,.T.);
#3064=EDGE_CURVE('',#2369,#2370,#199,.T.);
#3065=EDGE_CURVE('',#2370,#2371,#200,.T.);
#3066=EDGE_CURVE('',#2371,#2372,#201,.T.);
#3067=EDGE_CURVE('',#2372,#2373,#202,.T.);
#3068=EDGE_CURVE('',#2373,#2374,#203,.T.);
#3069=EDGE_CURVE('',#2374,#2375,#204,.T.);
#3070=EDGE_CURVE('',#2375,#2376,#205,.T.);
#3071=EDGE_CURVE('',#2376,#2377,#206,.T.);
#3072=EDGE_CURVE('',#2377,#2378,#207,.T.);
#3073=EDGE_CURVE('',#2378,#2379,#208,.T.);
#3074=EDGE_CURVE('',#2379,#2380,#209,.T.);
#3075=EDGE_CURVE('',#2380,#2381,#210,.T.);
#3076=EDGE_CURVE('',#2381,#2382,#211,.T.);
#3077=EDGE_CURVE('',#2382,#2383,#212,.T.);
#3078=EDGE_CURVE('',#2383,#2384,#213,.T.);
#3079=EDGE_CURVE('',#2384,#2385,#214,.T.);
#3080=EDGE_CURVE('',#2385,#2386,#215,.T.);
#3081=EDGE_CURVE('',#2386,#2387,#216,.T.);
#3082=EDGE_CURVE('',#2387,#2388,#217,.T.);
#3083=EDGE_CURVE('',#2388,#2389,#218,.T.);
#3084=EDGE_CURVE('',#2389,#2390,#219,.T.);
#3085=EDGE_CURVE('',#2390,#2391,#220,.T.);
#3086=EDGE_CURVE('',#2391,#2392,#221,.T.);
#3087=EDGE_CURVE('',#2392,#2393,#222,.T.);
#3088=EDGE_CURVE('',#2393,#2394,#223,.T.);
#3089=EDGE_CURVE('',#2394,#2395,#224,.T.);
#3090=EDGE_CURVE('',#2395,#2356,#225,.T.);
#3091=EDGE_CURVE('',#2396,#2396,#2048,.T.);
#3092=EDGE_CURVE('',#2349,#2396,#1463,.T.);
#3093=EDGE_CURVE('',#2356,#2397,#1464,.T.);
#3094=EDGE_CURVE('',#2398,#2397,#226,.T.);
#3095=EDGE_CURVE('',#2357,#2398,#1465,.T.);
#3096=EDGE_CURVE('',#2399,#2398,#227,.T.);
#3097=EDGE_CURVE('',#2358,#2399,#1466,.T.);
#3098=EDGE_CURVE('',#2400,#2399,#228,.T.);
#3099=EDGE_CURVE('',#2359,#2400,#1467,.T.);
#3100=EDGE_CURVE('',#2401,#2400,#229,.T.);
#3101=EDGE_CURVE('',#2360,#2401,#1468,.T.);
#3102=EDGE_CURVE('',#2402,#2401,#230,.T.);
#3103=EDGE_CURVE('',#2361,#2402,#1469,.T.);
#3104=EDGE_CURVE('',#2403,#2402,#231,.T.);
#3105=EDGE_CURVE('',#2362,#2403,#1470,.T.);
#3106=EDGE_CURVE('',#2404,#2403,#232,.T.);
#3107=EDGE_CURVE('',#2363,#2404,#1471,.T.);
#3108=EDGE_CURVE('',#2405,#2404,#233,.T.);
#3109=EDGE_CURVE('',#2364,#2405,#1472,.T.);
#3110=EDGE_CURVE('',#2406,#2405,#234,.T.);
#3111=EDGE_CURVE('',#2365,#2406,#1473,.T.);
#3112=EDGE_CURVE('',#2407,#2406,#235,.T.);
#3113=EDGE_CURVE('',#2366,#2407,#1474,.T.);
#3114=EDGE_CURVE('',#2408,#2407,#236,.T.);
#3115=EDGE_CURVE('',#2367,#2408,#1475,.T.);
#3116=EDGE_CURVE('',#2409,#2408,#237,.T.);
#3117=EDGE_CURVE('',#2368,#2409,#1476,.T.);
#3118=EDGE_CURVE('',#2410,#2409,#238,.T.);
#3119=EDGE_CURVE('',#2369,#2410,#1477,.T.);
#3120=EDGE_CURVE('',#2411,#2410,#239,.T.);
#3121=EDGE_CURVE('',#2370,#2411,#1478,.T.);
#3122=EDGE_CURVE('',#2412,#2411,#240,.T.);
#3123=EDGE_CURVE('',#2371,#2412,#1479,.T.);
#3124=EDGE_CURVE('',#2413,#2412,#241,.T.);
#3125=EDGE_CURVE('',#2372,#2413,#1480,.T.);
#3126=EDGE_CURVE('',#2414,#2413,#242,.T.);
#3127=EDGE_CURVE('',#2373,#2414,#1481,.T.);
#3128=EDGE_CURVE('',#2415,#2414,#243,.T.);
#3129=EDGE_CURVE('',#2374,#2415,#1482,.T.);
#3130=EDGE_CURVE('',#2416,#2415,#244,.T.);
#3131=EDGE_CURVE('',#2375,#2416,#1483,.T.);
#3132=EDGE_CURVE('',#2417,#2416,#245,.T.);
#3133=EDGE_CURVE('',#2376,#2417,#1484,.T.);
#3134=EDGE_CURVE('',#2418,#2417,#246,.T.);
#3135=EDGE_CURVE('',#2377,#2418,#1485,.T.);
#3136=EDGE_CURVE('',#2419,#2418,#247,.T.);
#3137=EDGE_CURVE('',#2378,#2419,#1486,.T.);
#3138=EDGE_CURVE('',#2420,#2419,#248,.T.);
#3139=EDGE_CURVE('',#2379,#2420,#1487,.T.);
#3140=EDGE_CURVE('',#2421,#2420,#249,.T.);
#3141=EDGE_CURVE('',#2380,#2421,#1488,.T.);
#3142=EDGE_CURVE('',#2422,#2421,#250,.T.);
#3143=EDGE_CURVE('',#2381,#2422,#1489,.T.);
#3144=EDGE_CURVE('',#2423,#2422,#251,.T.);
#3145=EDGE_CURVE('',#2382,#2423,#1490,.T.);
#3146=EDGE_CURVE('',#2424,#2423,#252,.T.);
#3147=EDGE_CURVE('',#2383,#2424,#1491,.T.);
#3148=EDGE_CURVE('',#2425,#2424,#253,.T.);
#3149=EDGE_CURVE('',#2384,#2425,#1492,.T.);
#3150=EDGE_CURVE('',#2426,#2425,#254,.T.);
#3151=EDGE_CURVE('',#2385,#2426,#1493,.T.);
#3152=EDGE_CURVE('',#2427,#2426,#255,.T.);
#3153=EDGE_CURVE('',#2386,#2427,#1494,.T.);
#3154=EDGE_CURVE('',#2428,#2427,#256,.T.);
#3155=EDGE_CURVE('',#2387,#2428,#1495,.T.);
#3156=EDGE_CURVE('',#2429,#2428,#257,.T.);
#3157=EDGE_CURVE('',#2388,#2429,#1496,.T.);
#3158=EDGE_CURVE('',#2430,#2429,#258,.T.);
#3159=EDGE_CURVE('',#2389,#2430,#1497,.T.);
#3160=EDGE_CURVE('',#2431,#2430,#259,.T.);
#3161=EDGE_CURVE('',#2390,#2431,#1498,.T.);
#3162=EDGE_CURVE('',#2432,#2431,#260,.T.);
#3163=EDGE_CURVE('',#2391,#2432,#1499,.T.);
#3164=EDGE_CURVE('',#2433,#2432,#261,.T.);
#3165=EDGE_CURVE('',#2392,#2433,#1500,.T.);
#3166=EDGE_CURVE('',#2434,#2433,#262,.T.);
#3167=EDGE_CURVE('',#2393,#2434,#1501,.T.);
#3168=EDGE_CURVE('',#2435,#2434,#263,.T.);
#3169=EDGE_CURVE('',#2394,#2435,#1502,.T.);
#3170=EDGE_CURVE('',#2436,#2435,#264,.T.);
#3171=EDGE_CURVE('',#2395,#2436,#1503,.T.);
#3172=EDGE_CURVE('',#2397,#2436,#265,.T.);
#3173=EDGE_CURVE('',#2437,#2438,#266,.T.);
#3174=EDGE_CURVE('',#2438,#2439,#2049,.T.);
#3175=EDGE_CURVE('',#2439,#2440,#267,.T.);
#3176=EDGE_CURVE('',#2440,#2437,#2050,.T.);
#3177=EDGE_CURVE('',#2439,#2441,#268,.T.);
#3178=EDGE_CURVE('',#2441,#2442,#269,.T.);
#3179=EDGE_CURVE('',#2442,#2443,#270,.T.);
#3180=EDGE_CURVE('',#2444,#2443,#271,.T.);
#3181=EDGE_CURVE('',#2444,#2445,#62,.T.);
#3182=EDGE_CURVE('',#2445,#2446,#2051,.T.);
#3183=EDGE_CURVE('',#2446,#2447,#63,.T.);
#3184=EDGE_CURVE('',#2448,#2447,#272,.T.);
#3185=EDGE_CURVE('',#2448,#2449,#273,.T.);
#3186=EDGE_CURVE('',#2449,#2450,#274,.T.);
#3187=EDGE_CURVE('',#2450,#2451,#275,.T.);
#3188=EDGE_CURVE('',#2452,#2451,#276,.T.);
#3189=EDGE_CURVE('',#2452,#2453,#64,.T.);
#3190=EDGE_CURVE('',#2453,#2454,#2052,.T.);
#3191=EDGE_CURVE('',#2454,#2455,#1504,.T.);
#3192=EDGE_CURVE('',#2455,#2455,#2053,.T.);
#3193=EDGE_CURVE('',#2454,#2456,#2054,.T.);
#3194=EDGE_CURVE('',#2456,#2457,#65,.T.);
#3195=EDGE_CURVE('',#2458,#2457,#277,.T.);
#3196=EDGE_CURVE('',#2458,#2459,#278,.T.);
#3197=EDGE_CURVE('',#2459,#2460,#279,.T.);
#3198=EDGE_CURVE('',#2460,#2461,#280,.T.);
#3199=EDGE_CURVE('',#2462,#2461,#281,.T.);
#3200=EDGE_CURVE('',#2462,#2463,#66,.T.);
#3201=EDGE_CURVE('',#2463,#2464,#2055,.T.);
#3202=EDGE_CURVE('',#2464,#2465,#67,.T.);
#3203=EDGE_CURVE('',#2466,#2465,#282,.T.);
#3204=EDGE_CURVE('',#2466,#2467,#283,.T.);
#3205=EDGE_CURVE('',#2467,#2468,#284,.T.);
#3206=EDGE_CURVE('',#2468,#2469,#285,.T.);
#3207=EDGE_CURVE('',#2470,#2469,#286,.T.);
#3208=EDGE_CURVE('',#2470,#2471,#68,.T.);
#3209=EDGE_CURVE('',#2471,#2472,#2056,.T.);
#3210=EDGE_CURVE('',#2472,#2473,#69,.T.);
#3211=EDGE_CURVE('',#2474,#2473,#287,.T.);
#3212=EDGE_CURVE('',#2474,#2475,#288,.T.);
#3213=EDGE_CURVE('',#2475,#2476,#289,.T.);
#3214=EDGE_CURVE('',#2476,#2477,#290,.T.);
#3215=EDGE_CURVE('',#2478,#2477,#291,.T.);
#3216=EDGE_CURVE('',#2478,#2479,#70,.T.);
#3217=EDGE_CURVE('',#2479,#2480,#2057,.T.);
#3218=EDGE_CURVE('',#2480,#2440,#71,.T.);
#3219=EDGE_CURVE('',#2481,#2438,#292,.T.);
#3220=EDGE_CURVE('',#2482,#2481,#293,.T.);
#3221=EDGE_CURVE('',#2443,#2482,#2058,.T.);
#3222=EDGE_CURVE('',#2442,#2483,#2059,.T.);
#3223=EDGE_CURVE('',#2484,#2441,#2060,.T.);
#3224=EDGE_CURVE('',#2482,#2485,#294,.T.);
#3225=EDGE_CURVE('',#2485,#2444,#2061,.T.);
#3226=EDGE_CURVE('',#2486,#2487,#295,.T.);
#3227=EDGE_CURVE('',#2487,#2448,#2062,.T.);
#3228=EDGE_CURVE('',#2447,#2486,#2063,.T.);
#3229=EDGE_CURVE('',#2488,#2487,#296,.T.);
#3230=EDGE_CURVE('',#2489,#2488,#297,.T.);
#3231=EDGE_CURVE('',#2451,#2489,#2064,.T.);
#3232=EDGE_CURVE('',#2450,#2490,#2065,.T.);
#3233=EDGE_CURVE('',#2491,#2449,#2066,.T.);
#3234=EDGE_CURVE('',#2489,#2492,#298,.T.);
#3235=EDGE_CURVE('',#2492,#2452,#2067,.T.);
#3236=EDGE_CURVE('',#2493,#2494,#299,.T.);
#3237=EDGE_CURVE('',#2494,#2458,#2068,.T.);
#3238=EDGE_CURVE('',#2457,#2493,#2069,.T.);
#3239=EDGE_CURVE('',#2495,#2494,#300,.T.);
#3240=EDGE_CURVE('',#2496,#2495,#301,.T.);
#3241=EDGE_CURVE('',#2461,#2496,#2070,.T.);
#3242=EDGE_CURVE('',#2460,#2497,#2071,.T.);
#3243=EDGE_CURVE('',#2498,#2459,#2072,.T.);
#3244=EDGE_CURVE('',#2496,#2499,#302,.T.);
#3245=EDGE_CURVE('',#2499,#2462,#2073,.T.);
#3246=EDGE_CURVE('',#2500,#2501,#303,.T.);
#3247=EDGE_CURVE('',#2501,#2466,#2074,.T.);
#3248=EDGE_CURVE('',#2465,#2500,#2075,.T.);
#3249=EDGE_CURVE('',#2502,#2464,#1505,.T.);
#3250=EDGE_CURVE('',#2500,#2502,#72,.T.);
#3251=EDGE_CURVE('',#2469,#2503,#2076,.T.);
#3252=EDGE_CURVE('',#2503,#2504,#304,.T.);
#3253=EDGE_CURVE('',#2504,#2470,#2077,.T.);
#3254=EDGE_CURVE('',#2505,#2504,#73,.T.);
#3255=EDGE_CURVE('',#2471,#2505,#1506,.T.);
#3256=EDGE_CURVE('',#2506,#2485,#74,.T.);
#3257=EDGE_CURVE('',#2445,#2506,#1507,.T.);
#3258=EDGE_CURVE('',#2507,#2480,#1508,.T.);
#3259=EDGE_CURVE('',#2437,#2507,#75,.T.);
#3260=EDGE_CURVE('',#2508,#2492,#76,.T.);
#3261=EDGE_CURVE('',#2453,#2508,#1509,.T.);
#3262=EDGE_CURVE('',#2509,#2446,#1510,.T.);
#3263=EDGE_CURVE('',#2486,#2509,#77,.T.);
#3264=EDGE_CURVE('',#2510,#2456,#1511,.T.);
#3265=EDGE_CURVE('',#2493,#2510,#78,.T.);
#3266=EDGE_CURVE('',#2511,#2499,#79,.T.);
#3267=EDGE_CURVE('',#2463,#2511,#1512,.T.);
#3268=EDGE_CURVE('',#2505,#2512,#2078,.T.);
#3269=EDGE_CURVE('',#2512,#2472,#1513,.T.);
#3270=EDGE_CURVE('',#2511,#2502,#2079,.T.);
#3271=EDGE_CURVE('',#2508,#2513,#2080,.T.);
#3272=EDGE_CURVE('',#2513,#2510,#2081,.T.);
#3273=EDGE_CURVE('',#2479,#2514,#1514,.T.);
#3274=EDGE_CURVE('',#2514,#2507,#2082,.T.);
#3275=EDGE_CURVE('',#2506,#2509,#2083,.T.);
#3276=EDGE_CURVE('',#2514,#2515,#80,.T.);
#3277=EDGE_CURVE('',#2516,#2515,#305,.T.);
#3278=EDGE_CURVE('',#2516,#2517,#306,.T.);
#3279=EDGE_CURVE('',#2517,#2518,#307,.T.);
#3280=EDGE_CURVE('',#2519,#2518,#308,.T.);
#3281=EDGE_CURVE('',#2519,#2512,#81,.T.);
#3282=EDGE_CURVE('',#2503,#2520,#309,.T.);
#3283=EDGE_CURVE('',#2520,#2501,#310,.T.);
#3284=EDGE_CURVE('',#2513,#2521,#1515,.T.);
#3285=EDGE_CURVE('',#2521,#2521,#2084,.T.);
#3286=EDGE_CURVE('',#2468,#2522,#2085,.T.);
#3287=EDGE_CURVE('',#2523,#2467,#2086,.T.);
#3288=EDGE_CURVE('',#2518,#2474,#2087,.T.);
#3289=EDGE_CURVE('',#2473,#2519,#2088,.T.);
#3290=EDGE_CURVE('',#2477,#2516,#2089,.T.);
#3291=EDGE_CURVE('',#2515,#2478,#2090,.T.);
#3292=EDGE_CURVE('',#2476,#2524,#2091,.T.);
#3293=EDGE_CURVE('',#2525,#2475,#2092,.T.);
#3294=EDGE_CURVE('',#2526,#2527,#311,.T.);
#3295=EDGE_CURVE('',#2527,#2528,#312,.T.);
#3296=EDGE_CURVE('',#2528,#2529,#313,.T.);
#3297=EDGE_CURVE('',#2529,#2530,#314,.T.);
#3298=EDGE_CURVE('',#2530,#2526,#315,.T.);
#3299=EDGE_CURVE('',#2531,#2530,#1516,.T.);
#3300=EDGE_CURVE('',#2526,#2531,#316,.T.);
#3301=EDGE_CURVE('',#2532,#2529,#2093,.T.);
#3302=EDGE_CURVE('',#2533,#2532,#317,.T.);
#3303=EDGE_CURVE('',#2533,#2534,#1517,.T.);
#3304=EDGE_CURVE('',#2534,#2531,#2094,.T.);
#3305=EDGE_CURVE('',#2528,#2535,#318,.T.);
#3306=EDGE_CURVE('',#2535,#2536,#319,.T.);
#3307=EDGE_CURVE('',#2537,#2536,#320,.T.);
#3308=EDGE_CURVE('',#2537,#2538,#2095,.T.);
#3309=EDGE_CURVE('',#2539,#2538,#321,.T.);
#3310=EDGE_CURVE('',#2539,#2540,#322,.T.);
#3311=EDGE_CURVE('',#2540,#2541,#323,.T.);
#3312=EDGE_CURVE('',#2542,#2541,#324,.T.);
#3313=EDGE_CURVE('',#2542,#2543,#2096,.T.);
#3314=EDGE_CURVE('',#2544,#2543,#325,.T.);
#3315=EDGE_CURVE('',#2544,#2545,#326,.T.);
#3316=EDGE_CURVE('',#2545,#2546,#327,.T.);
#3317=EDGE_CURVE('',#2547,#2546,#328,.T.);
#3318=EDGE_CURVE('',#2547,#2548,#2097,.T.);
#3319=EDGE_CURVE('',#2549,#2548,#329,.T.);
#3320=EDGE_CURVE('',#2549,#2550,#330,.T.);
#3321=EDGE_CURVE('',#2550,#2551,#331,.T.);
#3322=EDGE_CURVE('',#2552,#2551,#332,.T.);
#3323=EDGE_CURVE('',#2552,#2553,#2098,.T.);
#3324=EDGE_CURVE('',#2554,#2553,#333,.T.);
#3325=EDGE_CURVE('',#2554,#2555,#334,.T.);
#3326=EDGE_CURVE('',#2555,#2556,#335,.T.);
#3327=EDGE_CURVE('',#2556,#2557,#1518,.T.);
#3328=EDGE_CURVE('',#2557,#2557,#2099,.T.);
#3329=EDGE_CURVE('',#2556,#2558,#336,.T.);
#3330=EDGE_CURVE('',#2559,#2558,#337,.T.);
#3331=EDGE_CURVE('',#2559,#2560,#2100,.T.);
#3332=EDGE_CURVE('',#2561,#2560,#338,.T.);
#3333=EDGE_CURVE('',#2561,#2562,#339,.T.);
#3334=EDGE_CURVE('',#2562,#2563,#340,.T.);
#3335=EDGE_CURVE('',#2532,#2563,#341,.T.);
#3336=EDGE_CURVE('',#2536,#2564,#342,.T.);
#3337=EDGE_CURVE('',#2564,#2565,#343,.T.);
#3338=EDGE_CURVE('',#2565,#2566,#344,.T.);
#3339=EDGE_CURVE('',#2566,#2537,#345,.T.);
#3340=EDGE_CURVE('',#2566,#2567,#1519,.T.);
#3341=EDGE_CURVE('',#2567,#2568,#2101,.T.);
#3342=EDGE_CURVE('',#2568,#2569,#1520,.T.);
#3343=EDGE_CURVE('',#2538,#2569,#346,.T.);
#3344=EDGE_CURVE('',#2567,#2565,#347,.T.);
#3345=EDGE_CURVE('',#2534,#2570,#348,.T.);
#3346=EDGE_CURVE('',#2571,#2570,#349,.T.);
#3347=EDGE_CURVE('',#2571,#2572,#350,.T.);
#3348=EDGE_CURVE('',#2573,#2572,#351,.T.);
#3349=EDGE_CURVE('',#2573,#2574,#352,.T.);
#3350=EDGE_CURVE('',#2575,#2574,#2102,.T.);
#3351=EDGE_CURVE('',#2575,#2576,#353,.T.);
#3352=EDGE_CURVE('',#2577,#2576,#354,.T.);
#3353=EDGE_CURVE('',#2577,#2578,#355,.T.);
#3354=EDGE_CURVE('',#2578,#2579,#1521,.T.);
#3355=EDGE_CURVE('',#2579,#2579,#2103,.T.);
#3356=EDGE_CURVE('',#2578,#2580,#356,.T.);
#3357=EDGE_CURVE('',#2581,#2580,#357,.T.);
#3358=EDGE_CURVE('',#2581,#2582,#358,.T.);
#3359=EDGE_CURVE('',#2583,#2582,#2104,.T.);
#3360=EDGE_CURVE('',#2583,#2584,#359,.T.);
#3361=EDGE_CURVE('',#2585,#2584,#360,.T.);
#3362=EDGE_CURVE('',#2585,#2586,#361,.T.);
#3363=EDGE_CURVE('',#2587,#2586,#362,.T.);
#3364=EDGE_CURVE('',#2587,#2588,#363,.T.);
#3365=EDGE_CURVE('',#2589,#2588,#2105,.T.);
#3366=EDGE_CURVE('',#2589,#2590,#364,.T.);
#3367=EDGE_CURVE('',#2591,#2590,#365,.T.);
#3368=EDGE_CURVE('',#2591,#2592,#366,.T.);
#3369=EDGE_CURVE('',#2593,#2592,#367,.T.);
#3370=EDGE_CURVE('',#2593,#2594,#368,.T.);
#3371=EDGE_CURVE('',#2595,#2594,#2106,.T.);
#3372=EDGE_CURVE('',#2595,#2596,#369,.T.);
#3373=EDGE_CURVE('',#2597,#2596,#370,.T.);
#3374=EDGE_CURVE('',#2597,#2598,#371,.T.);
#3375=EDGE_CURVE('',#2599,#2598,#372,.T.);
#3376=EDGE_CURVE('',#2599,#2568,#373,.T.);
#3377=EDGE_CURVE('',#2564,#2527,#374,.T.);
#3378=EDGE_CURVE('',#2572,#2561,#375,.T.);
#3379=EDGE_CURVE('',#2560,#2600,#376,.T.);
#3380=EDGE_CURVE('',#2600,#2573,#377,.T.);
#3381=EDGE_CURVE('',#2574,#2600,#1522,.T.);
#3382=EDGE_CURVE('',#2601,#2559,#378,.T.);
#3383=EDGE_CURVE('',#2601,#2575,#1523,.T.);
#3384=EDGE_CURVE('',#2563,#2571,#379,.T.);
#3385=EDGE_CURVE('',#2570,#2533,#380,.T.);
#3386=EDGE_CURVE('',#2580,#2554,#381,.T.);
#3387=EDGE_CURVE('',#2553,#2602,#382,.T.);
#3388=EDGE_CURVE('',#2602,#2581,#383,.T.);
#3389=EDGE_CURVE('',#2582,#2602,#1524,.T.);
#3390=EDGE_CURVE('',#2603,#2552,#384,.T.);
#3391=EDGE_CURVE('',#2603,#2583,#1525,.T.);
#3392=EDGE_CURVE('',#2558,#2577,#385,.T.);
#3393=EDGE_CURVE('',#2576,#2601,#386,.T.);
#3394=EDGE_CURVE('',#2586,#2549,#387,.T.);
#3395=EDGE_CURVE('',#2548,#2604,#388,.T.);
#3396=EDGE_CURVE('',#2604,#2587,#389,.T.);
#3397=EDGE_CURVE('',#2588,#2604,#1526,.T.);
#3398=EDGE_CURVE('',#2605,#2547,#390,.T.);
#3399=EDGE_CURVE('',#2605,#2589,#1527,.T.);
#3400=EDGE_CURVE('',#2551,#2585,#391,.T.);
#3401=EDGE_CURVE('',#2584,#2603,#392,.T.);
#3402=EDGE_CURVE('',#2592,#2544,#393,.T.);
#3403=EDGE_CURVE('',#2543,#2606,#394,.T.);
#3404=EDGE_CURVE('',#2606,#2593,#395,.T.);
#3405=EDGE_CURVE('',#2546,#2591,#396,.T.);
#3406=EDGE_CURVE('',#2590,#2605,#397,.T.);
#3407=EDGE_CURVE('',#2594,#2606,#1528,.T.);
#3408=EDGE_CURVE('',#2607,#2542,#398,.T.);
#3409=EDGE_CURVE('',#2607,#2595,#1529,.T.);
#3410=EDGE_CURVE('',#2598,#2539,#399,.T.);
#3411=EDGE_CURVE('',#2569,#2599,#400,.T.);
#3412=EDGE_CURVE('',#2541,#2597,#401,.T.);
#3413=EDGE_CURVE('',#2596,#2607,#402,.T.);
#3414=EDGE_CURVE('',#2608,#2608,#2107,.T.);
#3415=EDGE_CURVE('',#2608,#2609,#1530,.T.);
#3416=EDGE_CURVE('',#2609,#2609,#2108,.T.);
#3417=EDGE_CURVE('',#2610,#2610,#2109,.T.);
#3418=EDGE_CURVE('',#2610,#2611,#1531,.T.);
#3419=EDGE_CURVE('',#2611,#2611,#2110,.T.);
#3420=EDGE_CURVE('',#2612,#2613,#2111,.T.);
#3421=EDGE_CURVE('',#2614,#2613,#2112,.T.);
#3422=EDGE_CURVE('',#2614,#2615,#2113,.T.);
#3423=EDGE_CURVE('',#2615,#2612,#2114,.T.);
#3424=EDGE_CURVE('',#2616,#2616,#2115,.T.);
#3425=EDGE_CURVE('',#2617,#2618,#2116,.T.);
#3426=EDGE_CURVE('',#2619,#2618,#2117,.T.);
#3427=EDGE_CURVE('',#2619,#2620,#2118,.T.);
#3428=EDGE_CURVE('',#2620,#2617,#2119,.T.);
#3429=EDGE_CURVE('',#2621,#2621,#2120,.T.);
#3430=EDGE_CURVE('',#2622,#2620,#1532,.T.);
#3431=EDGE_CURVE('',#2623,#2622,#2121,.T.);
#3432=EDGE_CURVE('',#2617,#2623,#1533,.T.);
#3433=EDGE_CURVE('',#2623,#2624,#2122,.T.);
#3434=EDGE_CURVE('',#2618,#2624,#1534,.T.);
#3435=EDGE_CURVE('',#2625,#2622,#2123,.T.);
#3436=EDGE_CURVE('',#2626,#2625,#2124,.T.);
#3437=EDGE_CURVE('',#2626,#2627,#2125,.T.);
#3438=EDGE_CURVE('',#2627,#2628,#2126,.T.);
#3439=EDGE_CURVE('',#2628,#2629,#2127,.T.);
#3440=EDGE_CURVE('',#2624,#2629,#2128,.T.);
#3441=EDGE_CURVE('',#2613,#2629,#1535,.T.);
#3442=EDGE_CURVE('',#2614,#2628,#1536,.T.);
#3443=EDGE_CURVE('',#2615,#2627,#1537,.T.);
#3444=EDGE_CURVE('',#2612,#2626,#1538,.T.);
#3445=EDGE_CURVE('',#2625,#2619,#1539,.T.);
#3446=EDGE_CURVE('',#2616,#2630,#1540,.T.);
#3447=EDGE_CURVE('',#2630,#2630,#2129,.T.);
#3448=EDGE_CURVE('',#2631,#2631,#2130,.T.);
#3449=EDGE_CURVE('',#2632,#2632,#2131,.T.);
#3450=EDGE_CURVE('',#2631,#2621,#1541,.T.);
#3451=EDGE_CURVE('',#2633,#2633,#2132,.T.);
#3452=EDGE_CURVE('',#2633,#2632,#1542,.T.);
#3453=EDGE_CURVE('',#2634,#2634,#2133,.T.);
#3454=EDGE_CURVE('',#2634,#2635,#1543,.T.);
#3455=EDGE_CURVE('',#2635,#2635,#2134,.T.);
#3456=EDGE_CURVE('',#2636,#2636,#2135,.T.);
#3457=EDGE_CURVE('',#2637,#2638,#1544,.T.);
#3458=EDGE_CURVE('',#2639,#2638,#1545,.T.);
#3459=EDGE_CURVE('',#2639,#2640,#1546,.T.);
#3460=EDGE_CURVE('',#2640,#2637,#1547,.T.);
#3461=EDGE_CURVE('',#2641,#2641,#2136,.T.);
#3462=EDGE_CURVE('',#2641,#2642,#1548,.T.);
#3463=EDGE_CURVE('',#2642,#2642,#2137,.T.);
#3464=EDGE_CURVE('',#2643,#2644,#1549,.T.);
#3465=EDGE_CURVE('',#2645,#2644,#1550,.T.);
#3466=EDGE_CURVE('',#2645,#2646,#1551,.T.);
#3467=EDGE_CURVE('',#2646,#2643,#1552,.T.);
#3468=EDGE_CURVE('',#2644,#2637,#2138,.T.);
#3469=EDGE_CURVE('',#2640,#2645,#2139,.T.);
#3470=EDGE_CURVE('',#2646,#2647,#2140,.T.);
#3471=EDGE_CURVE('',#2647,#2639,#2141,.T.);
#3472=EDGE_CURVE('',#2648,#2643,#2142,.T.);
#3473=EDGE_CURVE('',#2638,#2648,#2143,.T.);
#3474=EDGE_CURVE('',#2649,#2649,#2144,.T.);
#3475=EDGE_CURVE('',#2649,#2648,#1553,.T.);
#3476=EDGE_CURVE('',#2647,#2650,#1554,.T.);
#3477=EDGE_CURVE('',#2650,#2650,#2145,.T.);
#3478=EDGE_CURVE('',#2651,#2652,#403,.T.);
#3479=EDGE_CURVE('',#2652,#2653,#404,.T.);
#3480=EDGE_CURVE('',#2653,#2654,#405,.T.);
#3481=EDGE_CURVE('',#2654,#2655,#406,.T.);
#3482=EDGE_CURVE('',#2655,#2656,#407,.T.);
#3483=EDGE_CURVE('',#2656,#2657,#408,.T.);
#3484=EDGE_CURVE('',#2657,#2658,#409,.T.);
#3485=EDGE_CURVE('',#2658,#2659,#410,.T.);
#3486=EDGE_CURVE('',#2659,#2660,#411,.T.);
#3487=EDGE_CURVE('',#2660,#2661,#412,.T.);
#3488=EDGE_CURVE('',#2661,#2662,#413,.T.);
#3489=EDGE_CURVE('',#2662,#2663,#414,.T.);
#3490=EDGE_CURVE('',#2663,#2664,#415,.T.);
#3491=EDGE_CURVE('',#2664,#2665,#416,.T.);
#3492=EDGE_CURVE('',#2665,#2666,#417,.T.);
#3493=EDGE_CURVE('',#2666,#2667,#418,.T.);
#3494=EDGE_CURVE('',#2667,#2668,#419,.T.);
#3495=EDGE_CURVE('',#2668,#2669,#420,.T.);
#3496=EDGE_CURVE('',#2669,#2670,#421,.T.);
#3497=EDGE_CURVE('',#2670,#2671,#422,.T.);
#3498=EDGE_CURVE('',#2671,#2672,#423,.T.);
#3499=EDGE_CURVE('',#2672,#2673,#424,.T.);
#3500=EDGE_CURVE('',#2673,#2674,#425,.T.);
#3501=EDGE_CURVE('',#2674,#2675,#426,.T.);
#3502=EDGE_CURVE('',#2675,#2676,#427,.T.);
#3503=EDGE_CURVE('',#2676,#2677,#428,.T.);
#3504=EDGE_CURVE('',#2677,#2678,#429,.T.);
#3505=EDGE_CURVE('',#2678,#2679,#430,.T.);
#3506=EDGE_CURVE('',#2679,#2680,#431,.T.);
#3507=EDGE_CURVE('',#2680,#2681,#432,.T.);
#3508=EDGE_CURVE('',#2681,#2682,#433,.T.);
#3509=EDGE_CURVE('',#2682,#2683,#434,.T.);
#3510=EDGE_CURVE('',#2683,#2684,#435,.T.);
#3511=EDGE_CURVE('',#2684,#2685,#436,.T.);
#3512=EDGE_CURVE('',#2685,#2686,#437,.T.);
#3513=EDGE_CURVE('',#2686,#2687,#438,.T.);
#3514=EDGE_CURVE('',#2687,#2688,#439,.T.);
#3515=EDGE_CURVE('',#2688,#2689,#440,.T.);
#3516=EDGE_CURVE('',#2689,#2690,#441,.T.);
#3517=EDGE_CURVE('',#2690,#2651,#442,.T.);
#3518=EDGE_CURVE('',#2691,#2691,#2146,.T.);
#3519=EDGE_CURVE('',#2636,#2691,#1555,.T.);
#3520=EDGE_CURVE('',#2651,#2692,#1556,.T.);
#3521=EDGE_CURVE('',#2693,#2692,#443,.T.);
#3522=EDGE_CURVE('',#2652,#2693,#1557,.T.);
#3523=EDGE_CURVE('',#2694,#2693,#444,.T.);
#3524=EDGE_CURVE('',#2653,#2694,#1558,.T.);
#3525=EDGE_CURVE('',#2695,#2694,#445,.T.);
#3526=EDGE_CURVE('',#2654,#2695,#1559,.T.);
#3527=EDGE_CURVE('',#2696,#2695,#446,.T.);
#3528=EDGE_CURVE('',#2655,#2696,#1560,.T.);
#3529=EDGE_CURVE('',#2697,#2696,#447,.T.);
#3530=EDGE_CURVE('',#2656,#2697,#1561,.T.);
#3531=EDGE_CURVE('',#2698,#2697,#448,.T.);
#3532=EDGE_CURVE('',#2657,#2698,#1562,.T.);
#3533=EDGE_CURVE('',#2699,#2698,#449,.T.);
#3534=EDGE_CURVE('',#2658,#2699,#1563,.T.);
#3535=EDGE_CURVE('',#2700,#2699,#450,.T.);
#3536=EDGE_CURVE('',#2659,#2700,#1564,.T.);
#3537=EDGE_CURVE('',#2701,#2700,#451,.T.);
#3538=EDGE_CURVE('',#2660,#2701,#1565,.T.);
#3539=EDGE_CURVE('',#2702,#2701,#452,.T.);
#3540=EDGE_CURVE('',#2661,#2702,#1566,.T.);
#3541=EDGE_CURVE('',#2703,#2702,#453,.T.);
#3542=EDGE_CURVE('',#2662,#2703,#1567,.T.);
#3543=EDGE_CURVE('',#2704,#2703,#454,.T.);
#3544=EDGE_CURVE('',#2663,#2704,#1568,.T.);
#3545=EDGE_CURVE('',#2705,#2704,#455,.T.);
#3546=EDGE_CURVE('',#2664,#2705,#1569,.T.);
#3547=EDGE_CURVE('',#2706,#2705,#456,.T.);
#3548=EDGE_CURVE('',#2665,#2706,#1570,.T.);
#3549=EDGE_CURVE('',#2707,#2706,#457,.T.);
#3550=EDGE_CURVE('',#2666,#2707,#1571,.T.);
#3551=EDGE_CURVE('',#2708,#2707,#458,.T.);
#3552=EDGE_CURVE('',#2667,#2708,#1572,.T.);
#3553=EDGE_CURVE('',#2709,#2708,#459,.T.);
#3554=EDGE_CURVE('',#2668,#2709,#1573,.T.);
#3555=EDGE_CURVE('',#2710,#2709,#460,.T.);
#3556=EDGE_CURVE('',#2669,#2710,#1574,.T.);
#3557=EDGE_CURVE('',#2711,#2710,#461,.T.);
#3558=EDGE_CURVE('',#2670,#2711,#1575,.T.);
#3559=EDGE_CURVE('',#2712,#2711,#462,.T.);
#3560=EDGE_CURVE('',#2671,#2712,#1576,.T.);
#3561=EDGE_CURVE('',#2713,#2712,#463,.T.);
#3562=EDGE_CURVE('',#2672,#2713,#1577,.T.);
#3563=EDGE_CURVE('',#2714,#2713,#464,.T.);
#3564=EDGE_CURVE('',#2673,#2714,#1578,.T.);
#3565=EDGE_CURVE('',#2715,#2714,#465,.T.);
#3566=EDGE_CURVE('',#2674,#2715,#1579,.T.);
#3567=EDGE_CURVE('',#2716,#2715,#466,.T.);
#3568=EDGE_CURVE('',#2675,#2716,#1580,.T.);
#3569=EDGE_CURVE('',#2717,#2716,#467,.T.);
#3570=EDGE_CURVE('',#2676,#2717,#1581,.T.);
#3571=EDGE_CURVE('',#2718,#2717,#468,.T.);
#3572=EDGE_CURVE('',#2677,#2718,#1582,.T.);
#3573=EDGE_CURVE('',#2719,#2718,#469,.T.);
#3574=EDGE_CURVE('',#2678,#2719,#1583,.T.);
#3575=EDGE_CURVE('',#2720,#2719,#470,.T.);
#3576=EDGE_CURVE('',#2679,#2720,#1584,.T.);
#3577=EDGE_CURVE('',#2721,#2720,#471,.T.);
#3578=EDGE_CURVE('',#2680,#2721,#1585,.T.);
#3579=EDGE_CURVE('',#2722,#2721,#472,.T.);
#3580=EDGE_CURVE('',#2681,#2722,#1586,.T.);
#3581=EDGE_CURVE('',#2723,#2722,#473,.T.);
#3582=EDGE_CURVE('',#2682,#2723,#1587,.T.);
#3583=EDGE_CURVE('',#2724,#2723,#474,.T.);
#3584=EDGE_CURVE('',#2683,#2724,#1588,.T.);
#3585=EDGE_CURVE('',#2725,#2724,#475,.T.);
#3586=EDGE_CURVE('',#2684,#2725,#1589,.T.);
#3587=EDGE_CURVE('',#2726,#2725,#476,.T.);
#3588=EDGE_CURVE('',#2685,#2726,#1590,.T.);
#3589=EDGE_CURVE('',#2727,#2726,#477,.T.);
#3590=EDGE_CURVE('',#2686,#2727,#1591,.T.);
#3591=EDGE_CURVE('',#2728,#2727,#478,.T.);
#3592=EDGE_CURVE('',#2687,#2728,#1592,.T.);
#3593=EDGE_CURVE('',#2729,#2728,#479,.T.);
#3594=EDGE_CURVE('',#2688,#2729,#1593,.T.);
#3595=EDGE_CURVE('',#2730,#2729,#480,.T.);
#3596=EDGE_CURVE('',#2689,#2730,#1594,.T.);
#3597=EDGE_CURVE('',#2731,#2730,#481,.T.);
#3598=EDGE_CURVE('',#2690,#2731,#1595,.T.);
#3599=EDGE_CURVE('',#2692,#2731,#482,.T.);
#3600=ORIENTED_EDGE('',*,*,#2732,.T.);
#3601=ORIENTED_EDGE('',*,*,#2733,.T.);
#3602=ORIENTED_EDGE('',*,*,#2734,.T.);
#3603=ORIENTED_EDGE('',*,*,#2735,.T.);
#3604=ORIENTED_EDGE('',*,*,#2736,.F.);
#3605=ORIENTED_EDGE('',*,*,#2733,.F.);
#3606=ORIENTED_EDGE('',*,*,#2737,.F.);
#3607=ORIENTED_EDGE('',*,*,#2738,.T.);
#3608=ORIENTED_EDGE('',*,*,#2739,.F.);
#3609=ORIENTED_EDGE('',*,*,#2740,.F.);
#3610=ORIENTED_EDGE('',*,*,#2741,.F.);
#3611=ORIENTED_EDGE('',*,*,#2742,.F.);
#3612=ORIENTED_EDGE('',*,*,#2743,.F.);
#3613=ORIENTED_EDGE('',*,*,#2744,.T.);
#3614=ORIENTED_EDGE('',*,*,#2745,.F.);
#3615=ORIENTED_EDGE('',*,*,#2746,.F.);
#3616=ORIENTED_EDGE('',*,*,#2747,.T.);
#3617=ORIENTED_EDGE('',*,*,#2748,.T.);
#3618=ORIENTED_EDGE('',*,*,#2749,.T.);
#3619=ORIENTED_EDGE('',*,*,#2750,.T.);
#3620=ORIENTED_EDGE('',*,*,#2735,.F.);
#3621=ORIENTED_EDGE('',*,*,#2751,.F.);
#3622=ORIENTED_EDGE('',*,*,#2748,.F.);
#3623=ORIENTED_EDGE('',*,*,#2752,.F.);
#3624=ORIENTED_EDGE('',*,*,#2753,.T.);
#3625=ORIENTED_EDGE('',*,*,#2754,.T.);
#3626=ORIENTED_EDGE('',*,*,#2755,.T.);
#3627=ORIENTED_EDGE('',*,*,#2742,.T.);
#3628=ORIENTED_EDGE('',*,*,#2754,.F.);
#3629=ORIENTED_EDGE('',*,*,#2756,.F.);
#3630=ORIENTED_EDGE('',*,*,#2757,.F.);
#3631=ORIENTED_EDGE('',*,*,#2758,.F.);
#3632=ORIENTED_EDGE('',*,*,#2759,.T.);
#3633=ORIENTED_EDGE('',*,*,#2760,.T.);
#3634=ORIENTED_EDGE('',*,*,#2761,.T.);
#3635=ORIENTED_EDGE('',*,*,#2757,.T.);
#3636=ORIENTED_EDGE('',*,*,#2762,.T.);
#3637=ORIENTED_EDGE('',*,*,#2763,.T.);
#3638=ORIENTED_EDGE('',*,*,#2764,.F.);
#3639=ORIENTED_EDGE('',*,*,#2765,.F.);
#3640=ORIENTED_EDGE('',*,*,#2766,.T.);
#3641=ORIENTED_EDGE('',*,*,#2760,.F.);
#3642=ORIENTED_EDGE('',*,*,#2767,.F.);
#3643=ORIENTED_EDGE('',*,*,#2768,.T.);
#3644=ORIENTED_EDGE('',*,*,#2769,.F.);
#3645=ORIENTED_EDGE('',*,*,#2770,.F.);
#3646=ORIENTED_EDGE('',*,*,#2771,.F.);
#3647=ORIENTED_EDGE('',*,*,#2750,.F.);
#3648=ORIENTED_EDGE('',*,*,#2752,.T.);
#3649=ORIENTED_EDGE('',*,*,#2747,.F.);
#3650=ORIENTED_EDGE('',*,*,#2771,.T.);
#3651=ORIENTED_EDGE('',*,*,#2772,.T.);
#3652=ORIENTED_EDGE('',*,*,#2773,.T.);
#3653=ORIENTED_EDGE('',*,*,#2737,.T.);
#3654=ORIENTED_EDGE('',*,*,#2732,.F.);
#3655=ORIENTED_EDGE('',*,*,#2774,.T.);
#3656=ORIENTED_EDGE('',*,*,#2756,.T.);
#3657=ORIENTED_EDGE('',*,*,#2753,.F.);
#3658=ORIENTED_EDGE('',*,*,#2741,.T.);
#3659=ORIENTED_EDGE('',*,*,#2775,.T.);
#3660=ORIENTED_EDGE('',*,*,#2767,.T.);
#3661=ORIENTED_EDGE('',*,*,#2759,.F.);
#3662=ORIENTED_EDGE('',*,*,#2776,.T.);
#3663=ORIENTED_EDGE('',*,*,#2777,.F.);
#3664=ORIENTED_EDGE('',*,*,#2778,.T.);
#3665=ORIENTED_EDGE('',*,*,#2776,.F.);
#3666=ORIENTED_EDGE('',*,*,#2778,.F.);
#3667=ORIENTED_EDGE('',*,*,#2779,.F.);
#3668=ORIENTED_EDGE('',*,*,#2780,.T.);
#3669=ORIENTED_EDGE('',*,*,#2774,.F.);
#3670=ORIENTED_EDGE('',*,*,#2780,.F.);
#3671=ORIENTED_EDGE('',*,*,#2773,.F.);
#3672=ORIENTED_EDGE('',*,*,#2781,.T.);
#3673=ORIENTED_EDGE('',*,*,#2782,.F.);
#3674=ORIENTED_EDGE('',*,*,#2738,.F.);
#3675=ORIENTED_EDGE('',*,*,#2775,.F.);
#3676=ORIENTED_EDGE('',*,*,#2740,.T.);
#3677=ORIENTED_EDGE('',*,*,#2783,.F.);
#3678=ORIENTED_EDGE('',*,*,#2768,.F.);
#3679=ORIENTED_EDGE('',*,*,#2772,.F.);
#3680=ORIENTED_EDGE('',*,*,#2770,.T.);
#3681=ORIENTED_EDGE('',*,*,#2784,.F.);
#3682=ORIENTED_EDGE('',*,*,#2781,.F.);
#3683=ORIENTED_EDGE('',*,*,#2784,.T.);
#3684=ORIENTED_EDGE('',*,*,#2769,.T.);
#3685=ORIENTED_EDGE('',*,*,#2783,.T.);
#3686=ORIENTED_EDGE('',*,*,#2739,.T.);
#3687=ORIENTED_EDGE('',*,*,#2782,.T.);
#3688=ORIENTED_EDGE('',*,*,#2779,.T.);
#3689=ORIENTED_EDGE('',*,*,#2777,.T.);
#3690=ORIENTED_EDGE('',*,*,#2751,.T.);
#3691=ORIENTED_EDGE('',*,*,#2734,.F.);
#3692=ORIENTED_EDGE('',*,*,#2736,.T.);
#3693=ORIENTED_EDGE('',*,*,#2785,.F.);
#3694=ORIENTED_EDGE('',*,*,#2786,.F.);
#3695=ORIENTED_EDGE('',*,*,#2762,.F.);
#3696=ORIENTED_EDGE('',*,*,#2749,.F.);
#3697=ORIENTED_EDGE('',*,*,#2787,.F.);
#3698=ORIENTED_EDGE('',*,*,#2758,.T.);
#3699=ORIENTED_EDGE('',*,*,#2761,.F.);
#3700=ORIENTED_EDGE('',*,*,#2766,.F.);
#3701=ORIENTED_EDGE('',*,*,#2788,.F.);
#3702=ORIENTED_EDGE('',*,*,#2743,.T.);
#3703=ORIENTED_EDGE('',*,*,#2755,.F.);
#3704=ORIENTED_EDGE('',*,*,#2789,.F.);
#3705=ORIENTED_EDGE('',*,*,#2790,.F.);
#3706=ORIENTED_EDGE('',*,*,#2791,.T.);
#3707=ORIENTED_EDGE('',*,*,#2789,.T.);
#3708=ORIENTED_EDGE('',*,*,#2791,.F.);
#3709=ORIENTED_EDGE('',*,*,#2792,.F.);
#3710=ORIENTED_EDGE('',*,*,#2793,.T.);
#3711=ORIENTED_EDGE('',*,*,#2787,.T.);
#3712=ORIENTED_EDGE('',*,*,#2793,.F.);
#3713=ORIENTED_EDGE('',*,*,#2788,.T.);
#3714=ORIENTED_EDGE('',*,*,#2765,.T.);
#3715=ORIENTED_EDGE('',*,*,#2794,.F.);
#3716=ORIENTED_EDGE('',*,*,#2744,.F.);
#3717=ORIENTED_EDGE('',*,*,#2785,.T.);
#3718=ORIENTED_EDGE('',*,*,#2746,.T.);
#3719=ORIENTED_EDGE('',*,*,#2795,.F.);
#3720=ORIENTED_EDGE('',*,*,#2796,.F.);
#3721=ORIENTED_EDGE('',*,*,#2786,.T.);
#3722=ORIENTED_EDGE('',*,*,#2796,.T.);
#3723=ORIENTED_EDGE('',*,*,#2797,.F.);
#3724=ORIENTED_EDGE('',*,*,#2763,.F.);
#3725=ORIENTED_EDGE('',*,*,#2764,.T.);
#3726=ORIENTED_EDGE('',*,*,#2797,.T.);
#3727=ORIENTED_EDGE('',*,*,#2795,.T.);
#3728=ORIENTED_EDGE('',*,*,#2745,.T.);
#3729=ORIENTED_EDGE('',*,*,#2794,.T.);
#3730=ORIENTED_EDGE('',*,*,#2792,.T.);
#3731=ORIENTED_EDGE('',*,*,#2790,.T.);
#3732=ORIENTED_EDGE('',*,*,#2798,.F.);
#3733=ORIENTED_EDGE('',*,*,#2799,.T.);
#3734=ORIENTED_EDGE('',*,*,#2800,.F.);
#3735=ORIENTED_EDGE('',*,*,#2799,.F.);
#3736=ORIENTED_EDGE('',*,*,#2801,.F.);
#3737=ORIENTED_EDGE('',*,*,#2802,.T.);
#3738=ORIENTED_EDGE('',*,*,#2803,.F.);
#3739=ORIENTED_EDGE('',*,*,#2804,.F.);
#3740=ORIENTED_EDGE('',*,*,#2805,.T.);
#3741=ORIENTED_EDGE('',*,*,#2804,.T.);
#3742=ORIENTED_EDGE('',*,*,#2806,.F.);
#3743=ORIENTED_EDGE('',*,*,#2807,.F.);
#3744=ORIENTED_EDGE('',*,*,#2808,.T.);
#3745=ORIENTED_EDGE('',*,*,#2809,.T.);
#3746=ORIENTED_EDGE('',*,*,#2810,.F.);
#3747=ORIENTED_EDGE('',*,*,#2802,.F.);
#3748=ORIENTED_EDGE('',*,*,#2808,.F.);
#3749=ORIENTED_EDGE('',*,*,#2801,.T.);
#3750=ORIENTED_EDGE('',*,*,#2805,.F.);
#3751=ORIENTED_EDGE('',*,*,#2811,.F.);
#3752=ORIENTED_EDGE('',*,*,#2800,.T.);
#3753=ORIENTED_EDGE('',*,*,#2810,.T.);
#3754=ORIENTED_EDGE('',*,*,#2812,.F.);
#3755=ORIENTED_EDGE('',*,*,#2806,.T.);
#3756=ORIENTED_EDGE('',*,*,#2803,.T.);
#3757=ORIENTED_EDGE('',*,*,#2798,.T.);
#3758=ORIENTED_EDGE('',*,*,#2813,.F.);
#3759=ORIENTED_EDGE('',*,*,#2814,.T.);
#3760=ORIENTED_EDGE('',*,*,#2815,.T.);
#3761=ORIENTED_EDGE('',*,*,#2814,.F.);
#3762=ORIENTED_EDGE('',*,*,#2816,.F.);
#3763=ORIENTED_EDGE('',*,*,#2817,.T.);
#3764=ORIENTED_EDGE('',*,*,#2818,.T.);
#3765=ORIENTED_EDGE('',*,*,#2819,.T.);
#3766=ORIENTED_EDGE('',*,*,#2809,.F.);
#3767=ORIENTED_EDGE('',*,*,#2811,.T.);
#3768=ORIENTED_EDGE('',*,*,#2807,.T.);
#3769=ORIENTED_EDGE('',*,*,#2812,.T.);
#3770=ORIENTED_EDGE('',*,*,#2820,.F.);
#3771=ORIENTED_EDGE('',*,*,#2821,.T.);
#3772=ORIENTED_EDGE('',*,*,#2822,.F.);
#3773=ORIENTED_EDGE('',*,*,#2821,.F.);
#3774=ORIENTED_EDGE('',*,*,#2823,.F.);
#3775=ORIENTED_EDGE('',*,*,#2824,.T.);
#3776=ORIENTED_EDGE('',*,*,#2825,.F.);
#3777=ORIENTED_EDGE('',*,*,#2826,.F.);
#3778=ORIENTED_EDGE('',*,*,#2827,.T.);
#3779=ORIENTED_EDGE('',*,*,#2826,.T.);
#3780=ORIENTED_EDGE('',*,*,#2828,.F.);
#3781=ORIENTED_EDGE('',*,*,#2818,.F.);
#3782=ORIENTED_EDGE('',*,*,#2829,.T.);
#3783=ORIENTED_EDGE('',*,*,#2816,.T.);
#3784=ORIENTED_EDGE('',*,*,#2830,.F.);
#3785=ORIENTED_EDGE('',*,*,#2824,.F.);
#3786=ORIENTED_EDGE('',*,*,#2829,.F.);
#3787=ORIENTED_EDGE('',*,*,#2823,.T.);
#3788=ORIENTED_EDGE('',*,*,#2827,.F.);
#3789=ORIENTED_EDGE('',*,*,#2817,.F.);
#3790=ORIENTED_EDGE('',*,*,#2822,.T.);
#3791=ORIENTED_EDGE('',*,*,#2830,.T.);
#3792=ORIENTED_EDGE('',*,*,#2819,.F.);
#3793=ORIENTED_EDGE('',*,*,#2828,.T.);
#3794=ORIENTED_EDGE('',*,*,#2825,.T.);
#3795=ORIENTED_EDGE('',*,*,#2820,.T.);
#3796=ORIENTED_EDGE('',*,*,#2831,.T.);
#3797=ORIENTED_EDGE('',*,*,#2832,.T.);
#3798=ORIENTED_EDGE('',*,*,#2833,.F.);
#3799=ORIENTED_EDGE('',*,*,#2834,.F.);
#3800=ORIENTED_EDGE('',*,*,#2832,.F.);
#3801=ORIENTED_EDGE('',*,*,#2835,.T.);
#3802=ORIENTED_EDGE('',*,*,#2833,.T.);
#3803=ORIENTED_EDGE('',*,*,#2834,.T.);
#3804=ORIENTED_EDGE('',*,*,#2836,.T.);
#3805=ORIENTED_EDGE('',*,*,#2837,.F.);
#3806=ORIENTED_EDGE('',*,*,#2836,.F.);
#3807=ORIENTED_EDGE('',*,*,#2837,.T.);
#3808=ORIENTED_EDGE('',*,*,#2838,.T.);
#3809=ORIENTED_EDGE('',*,*,#2839,.F.);
#3810=ORIENTED_EDGE('',*,*,#2838,.F.);
#3811=ORIENTED_EDGE('',*,*,#2815,.F.);
#3812=ORIENTED_EDGE('',*,*,#2839,.T.);
#3813=ORIENTED_EDGE('',*,*,#2813,.T.);
#3814=ORIENTED_EDGE('',*,*,#2840,.F.);
#3815=ORIENTED_EDGE('',*,*,#2840,.T.);
#3816=ORIENTED_EDGE('',*,*,#2841,.T.);
#3817=ORIENTED_EDGE('',*,*,#2842,.F.);
#3818=ORIENTED_EDGE('',*,*,#2841,.F.);
#3819=ORIENTED_EDGE('',*,*,#2842,.T.);
#3820=ORIENTED_EDGE('',*,*,#2843,.T.);
#3821=ORIENTED_EDGE('',*,*,#2835,.F.);
#3822=ORIENTED_EDGE('',*,*,#2831,.F.);
#3823=ORIENTED_EDGE('',*,*,#2843,.F.);
#3824=ORIENTED_EDGE('',*,*,#2844,.F.);
#3825=ORIENTED_EDGE('',*,*,#2845,.T.);
#3826=ORIENTED_EDGE('',*,*,#2846,.T.);
#3827=ORIENTED_EDGE('',*,*,#2847,.T.);
#3828=ORIENTED_EDGE('',*,*,#2847,.F.);
#3829=ORIENTED_EDGE('',*,*,#2848,.F.);
#3830=ORIENTED_EDGE('',*,*,#2849,.F.);
#3831=ORIENTED_EDGE('',*,*,#2850,.F.);
#3832=ORIENTED_EDGE('',*,*,#2851,.F.);
#3833=ORIENTED_EDGE('',*,*,#2852,.T.);
#3834=ORIENTED_EDGE('',*,*,#2853,.F.);
#3835=ORIENTED_EDGE('',*,*,#2854,.F.);
#3836=ORIENTED_EDGE('',*,*,#2855,.T.);
#3837=ORIENTED_EDGE('',*,*,#2849,.T.);
#3838=ORIENTED_EDGE('',*,*,#2856,.T.);
#3839=ORIENTED_EDGE('',*,*,#2857,.T.);
#3840=ORIENTED_EDGE('',*,*,#2858,.T.);
#3841=ORIENTED_EDGE('',*,*,#2859,.T.);
#3842=ORIENTED_EDGE('',*,*,#2860,.T.);
#3843=ORIENTED_EDGE('',*,*,#2861,.T.);
#3844=ORIENTED_EDGE('',*,*,#2862,.F.);
#3845=ORIENTED_EDGE('',*,*,#2863,.T.);
#3846=ORIENTED_EDGE('',*,*,#2864,.F.);
#3847=ORIENTED_EDGE('',*,*,#2865,.F.);
#3848=ORIENTED_EDGE('',*,*,#2866,.F.);
#3849=ORIENTED_EDGE('',*,*,#2859,.F.);
#3850=ORIENTED_EDGE('',*,*,#2867,.F.);
#3851=ORIENTED_EDGE('',*,*,#2868,.T.);
#3852=ORIENTED_EDGE('',*,*,#2869,.F.);
#3853=ORIENTED_EDGE('',*,*,#2870,.F.);
#3854=ORIENTED_EDGE('',*,*,#2871,.F.);
#3855=ORIENTED_EDGE('',*,*,#2857,.F.);
#3856=ORIENTED_EDGE('',*,*,#2872,.T.);
#3857=ORIENTED_EDGE('',*,*,#2873,.T.);
#3858=ORIENTED_EDGE('',*,*,#2874,.F.);
#3859=ORIENTED_EDGE('',*,*,#2875,.T.);
#3860=ORIENTED_EDGE('',*,*,#2876,.F.);
#3861=ORIENTED_EDGE('',*,*,#2877,.F.);
#3862=ORIENTED_EDGE('',*,*,#2878,.F.);
#3863=ORIENTED_EDGE('',*,*,#2879,.T.);
#3864=ORIENTED_EDGE('',*,*,#2880,.F.);
#3865=ORIENTED_EDGE('',*,*,#2875,.F.);
#3866=ORIENTED_EDGE('',*,*,#2881,.F.);
#3867=ORIENTED_EDGE('',*,*,#2882,.T.);
#3868=ORIENTED_EDGE('',*,*,#2883,.F.);
#3869=ORIENTED_EDGE('',*,*,#2852,.F.);
#3870=ORIENTED_EDGE('',*,*,#2884,.F.);
#3871=ORIENTED_EDGE('',*,*,#2845,.F.);
#3872=ORIENTED_EDGE('',*,*,#2885,.T.);
#3873=ORIENTED_EDGE('',*,*,#2886,.T.);
#3874=ORIENTED_EDGE('',*,*,#2887,.F.);
#3875=ORIENTED_EDGE('',*,*,#2882,.F.);
#3876=ORIENTED_EDGE('',*,*,#2861,.F.);
#3877=ORIENTED_EDGE('',*,*,#2888,.F.);
#3878=ORIENTED_EDGE('',*,*,#2873,.F.);
#3879=ORIENTED_EDGE('',*,*,#2889,.F.);
#3880=ORIENTED_EDGE('',*,*,#2889,.T.);
#3881=ORIENTED_EDGE('',*,*,#2872,.F.);
#3882=ORIENTED_EDGE('',*,*,#2880,.T.);
#3883=ORIENTED_EDGE('',*,*,#2890,.T.);
#3884=ORIENTED_EDGE('',*,*,#2891,.T.);
#3885=ORIENTED_EDGE('',*,*,#2892,.T.);
#3886=ORIENTED_EDGE('',*,*,#2893,.T.);
#3887=ORIENTED_EDGE('',*,*,#2894,.T.);
#3888=ORIENTED_EDGE('',*,*,#2867,.T.);
#3889=ORIENTED_EDGE('',*,*,#2858,.F.);
#3890=ORIENTED_EDGE('',*,*,#2895,.T.);
#3891=ORIENTED_EDGE('',*,*,#2896,.F.);
#3892=ORIENTED_EDGE('',*,*,#2897,.T.);
#3893=ORIENTED_EDGE('',*,*,#2898,.F.);
#3894=ORIENTED_EDGE('',*,*,#2897,.F.);
#3895=ORIENTED_EDGE('',*,*,#2899,.F.);
#3896=ORIENTED_EDGE('',*,*,#2900,.T.);
#3897=ORIENTED_EDGE('',*,*,#2895,.F.);
#3898=ORIENTED_EDGE('',*,*,#2900,.F.);
#3899=ORIENTED_EDGE('',*,*,#2891,.F.);
#3900=ORIENTED_EDGE('',*,*,#2901,.T.);
#3901=ORIENTED_EDGE('',*,*,#2902,.F.);
#3902=ORIENTED_EDGE('',*,*,#2903,.F.);
#3903=ORIENTED_EDGE('',*,*,#2892,.F.);
#3904=ORIENTED_EDGE('',*,*,#2903,.T.);
#3905=ORIENTED_EDGE('',*,*,#2904,.F.);
#3906=ORIENTED_EDGE('',*,*,#2905,.F.);
#3907=ORIENTED_EDGE('',*,*,#2893,.F.);
#3908=ORIENTED_EDGE('',*,*,#2905,.T.);
#3909=ORIENTED_EDGE('',*,*,#2906,.F.);
#3910=ORIENTED_EDGE('',*,*,#2907,.F.);
#3911=ORIENTED_EDGE('',*,*,#2894,.F.);
#3912=ORIENTED_EDGE('',*,*,#2907,.T.);
#3913=ORIENTED_EDGE('',*,*,#2908,.F.);
#3914=ORIENTED_EDGE('',*,*,#2868,.F.);
#3915=ORIENTED_EDGE('',*,*,#2909,.F.);
#3916=ORIENTED_EDGE('',*,*,#2870,.T.);
#3917=ORIENTED_EDGE('',*,*,#2910,.F.);
#3918=ORIENTED_EDGE('',*,*,#2911,.F.);
#3919=ORIENTED_EDGE('',*,*,#2912,.F.);
#3920=ORIENTED_EDGE('',*,*,#2911,.T.);
#3921=ORIENTED_EDGE('',*,*,#2913,.F.);
#3922=ORIENTED_EDGE('',*,*,#2914,.F.);
#3923=ORIENTED_EDGE('',*,*,#2915,.F.);
#3924=ORIENTED_EDGE('',*,*,#2914,.T.);
#3925=ORIENTED_EDGE('',*,*,#2916,.F.);
#3926=ORIENTED_EDGE('',*,*,#2917,.F.);
#3927=ORIENTED_EDGE('',*,*,#2918,.F.);
#3928=ORIENTED_EDGE('',*,*,#2917,.T.);
#3929=ORIENTED_EDGE('',*,*,#2919,.F.);
#3930=ORIENTED_EDGE('',*,*,#2920,.F.);
#3931=ORIENTED_EDGE('',*,*,#2850,.T.);
#3932=ORIENTED_EDGE('',*,*,#2855,.F.);
#3933=ORIENTED_EDGE('',*,*,#2871,.T.);
#3934=ORIENTED_EDGE('',*,*,#2909,.T.);
#3935=ORIENTED_EDGE('',*,*,#2912,.T.);
#3936=ORIENTED_EDGE('',*,*,#2915,.T.);
#3937=ORIENTED_EDGE('',*,*,#2918,.T.);
#3938=ORIENTED_EDGE('',*,*,#2921,.T.);
#3939=ORIENTED_EDGE('',*,*,#2876,.T.);
#3940=ORIENTED_EDGE('',*,*,#2844,.T.);
#3941=ORIENTED_EDGE('',*,*,#2898,.T.);
#3942=ORIENTED_EDGE('',*,*,#2919,.T.);
#3943=ORIENTED_EDGE('',*,*,#2916,.T.);
#3944=ORIENTED_EDGE('',*,*,#2913,.T.);
#3945=ORIENTED_EDGE('',*,*,#2910,.T.);
#3946=ORIENTED_EDGE('',*,*,#2869,.T.);
#3947=ORIENTED_EDGE('',*,*,#2908,.T.);
#3948=ORIENTED_EDGE('',*,*,#2906,.T.);
#3949=ORIENTED_EDGE('',*,*,#2904,.T.);
#3950=ORIENTED_EDGE('',*,*,#2902,.T.);
#3951=ORIENTED_EDGE('',*,*,#2922,.T.);
#3952=ORIENTED_EDGE('',*,*,#2878,.T.);
#3953=ORIENTED_EDGE('',*,*,#2923,.T.);
#3954=ORIENTED_EDGE('',*,*,#2899,.T.);
#3955=ORIENTED_EDGE('',*,*,#2896,.T.);
#3956=ORIENTED_EDGE('',*,*,#2888,.T.);
#3957=ORIENTED_EDGE('',*,*,#2860,.F.);
#3958=ORIENTED_EDGE('',*,*,#2866,.T.);
#3959=ORIENTED_EDGE('',*,*,#2924,.T.);
#3960=ORIENTED_EDGE('',*,*,#2925,.F.);
#3961=ORIENTED_EDGE('',*,*,#2926,.F.);
#3962=ORIENTED_EDGE('',*,*,#2927,.T.);
#3963=ORIENTED_EDGE('',*,*,#2885,.F.);
#3964=ORIENTED_EDGE('',*,*,#2881,.T.);
#3965=ORIENTED_EDGE('',*,*,#2874,.T.);
#3966=ORIENTED_EDGE('',*,*,#2928,.F.);
#3967=ORIENTED_EDGE('',*,*,#2848,.T.);
#3968=ORIENTED_EDGE('',*,*,#2846,.F.);
#3969=ORIENTED_EDGE('',*,*,#2884,.T.);
#3970=ORIENTED_EDGE('',*,*,#2851,.T.);
#3971=ORIENTED_EDGE('',*,*,#2929,.F.);
#3972=ORIENTED_EDGE('',*,*,#2930,.F.);
#3973=ORIENTED_EDGE('',*,*,#2931,.T.);
#3974=ORIENTED_EDGE('',*,*,#2932,.T.);
#3975=ORIENTED_EDGE('',*,*,#2862,.T.);
#3976=ORIENTED_EDGE('',*,*,#2856,.F.);
#3977=ORIENTED_EDGE('',*,*,#2933,.F.);
#3978=ORIENTED_EDGE('',*,*,#2934,.F.);
#3979=ORIENTED_EDGE('',*,*,#2935,.T.);
#3980=ORIENTED_EDGE('',*,*,#2933,.T.);
#3981=ORIENTED_EDGE('',*,*,#2935,.F.);
#3982=ORIENTED_EDGE('',*,*,#2936,.F.);
#3983=ORIENTED_EDGE('',*,*,#2937,.T.);
#3984=ORIENTED_EDGE('',*,*,#2928,.T.);
#3985=ORIENTED_EDGE('',*,*,#2937,.F.);
#3986=ORIENTED_EDGE('',*,*,#2931,.F.);
#3987=ORIENTED_EDGE('',*,*,#2938,.T.);
#3988=ORIENTED_EDGE('',*,*,#2939,.F.);
#3989=ORIENTED_EDGE('',*,*,#2940,.F.);
#3990=ORIENTED_EDGE('',*,*,#2932,.F.);
#3991=ORIENTED_EDGE('',*,*,#2940,.T.);
#3992=ORIENTED_EDGE('',*,*,#2941,.F.);
#3993=ORIENTED_EDGE('',*,*,#2863,.F.);
#3994=ORIENTED_EDGE('',*,*,#2924,.F.);
#3995=ORIENTED_EDGE('',*,*,#2865,.T.);
#3996=ORIENTED_EDGE('',*,*,#2942,.F.);
#3997=ORIENTED_EDGE('',*,*,#2943,.F.);
#3998=ORIENTED_EDGE('',*,*,#2925,.T.);
#3999=ORIENTED_EDGE('',*,*,#2943,.T.);
#4000=ORIENTED_EDGE('',*,*,#2944,.F.);
#4001=ORIENTED_EDGE('',*,*,#2945,.F.);
#4002=ORIENTED_EDGE('',*,*,#2926,.T.);
#4003=ORIENTED_EDGE('',*,*,#2945,.T.);
#4004=ORIENTED_EDGE('',*,*,#2946,.F.);
#4005=ORIENTED_EDGE('',*,*,#2947,.F.);
#4006=ORIENTED_EDGE('',*,*,#2927,.F.);
#4007=ORIENTED_EDGE('',*,*,#2947,.T.);
#4008=ORIENTED_EDGE('',*,*,#2948,.F.);
#4009=ORIENTED_EDGE('',*,*,#2886,.F.);
#4010=ORIENTED_EDGE('',*,*,#2890,.F.);
#4011=ORIENTED_EDGE('',*,*,#2879,.F.);
#4012=ORIENTED_EDGE('',*,*,#2922,.F.);
#4013=ORIENTED_EDGE('',*,*,#2901,.F.);
#4014=ORIENTED_EDGE('',*,*,#2921,.F.);
#4015=ORIENTED_EDGE('',*,*,#2920,.T.);
#4016=ORIENTED_EDGE('',*,*,#2923,.F.);
#4017=ORIENTED_EDGE('',*,*,#2877,.T.);
#4018=ORIENTED_EDGE('',*,*,#2929,.T.);
#4019=ORIENTED_EDGE('',*,*,#2854,.T.);
#4020=ORIENTED_EDGE('',*,*,#2949,.F.);
#4021=ORIENTED_EDGE('',*,*,#2950,.F.);
#4022=ORIENTED_EDGE('',*,*,#2930,.T.);
#4023=ORIENTED_EDGE('',*,*,#2950,.T.);
#4024=ORIENTED_EDGE('',*,*,#2951,.F.);
#4025=ORIENTED_EDGE('',*,*,#2938,.F.);
#4026=ORIENTED_EDGE('',*,*,#2951,.T.);
#4027=ORIENTED_EDGE('',*,*,#2949,.T.);
#4028=ORIENTED_EDGE('',*,*,#2853,.T.);
#4029=ORIENTED_EDGE('',*,*,#2883,.T.);
#4030=ORIENTED_EDGE('',*,*,#2887,.T.);
#4031=ORIENTED_EDGE('',*,*,#2948,.T.);
#4032=ORIENTED_EDGE('',*,*,#2946,.T.);
#4033=ORIENTED_EDGE('',*,*,#2944,.T.);
#4034=ORIENTED_EDGE('',*,*,#2942,.T.);
#4035=ORIENTED_EDGE('',*,*,#2864,.T.);
#4036=ORIENTED_EDGE('',*,*,#2941,.T.);
#4037=ORIENTED_EDGE('',*,*,#2939,.T.);
#4038=ORIENTED_EDGE('',*,*,#2936,.T.);
#4039=ORIENTED_EDGE('',*,*,#2934,.T.);
#4040=ORIENTED_EDGE('',*,*,#2952,.T.);
#4041=ORIENTED_EDGE('',*,*,#2953,.T.);
#4042=ORIENTED_EDGE('',*,*,#2954,.F.);
#4043=ORIENTED_EDGE('',*,*,#2955,.F.);
#4044=ORIENTED_EDGE('',*,*,#2956,.T.);
#4045=ORIENTED_EDGE('',*,*,#2957,.F.);
#4046=ORIENTED_EDGE('',*,*,#2958,.F.);
#4047=ORIENTED_EDGE('',*,*,#2959,.F.);
#4048=ORIENTED_EDGE('',*,*,#2960,.F.);
#4049=ORIENTED_EDGE('',*,*,#2959,.T.);
#4050=ORIENTED_EDGE('',*,*,#2961,.F.);
#4051=ORIENTED_EDGE('',*,*,#2953,.F.);
#4052=ORIENTED_EDGE('',*,*,#2960,.T.);
#4053=ORIENTED_EDGE('',*,*,#2952,.F.);
#4054=ORIENTED_EDGE('',*,*,#2962,.F.);
#4055=ORIENTED_EDGE('',*,*,#2956,.F.);
#4056=ORIENTED_EDGE('',*,*,#2961,.T.);
#4057=ORIENTED_EDGE('',*,*,#2958,.T.);
#4058=ORIENTED_EDGE('',*,*,#2963,.T.);
#4059=ORIENTED_EDGE('',*,*,#2954,.T.);
#4060=ORIENTED_EDGE('',*,*,#2957,.T.);
#4061=ORIENTED_EDGE('',*,*,#2964,.F.);
#4062=ORIENTED_EDGE('',*,*,#2955,.T.);
#4063=ORIENTED_EDGE('',*,*,#2965,.T.);
#4064=ORIENTED_EDGE('',*,*,#2966,.F.);
#4065=ORIENTED_EDGE('',*,*,#2967,.T.);
#4066=ORIENTED_EDGE('',*,*,#2968,.T.);
#4067=ORIENTED_EDGE('',*,*,#2969,.T.);
#4068=ORIENTED_EDGE('',*,*,#2970,.F.);
#4069=ORIENTED_EDGE('',*,*,#2971,.T.);
#4070=ORIENTED_EDGE('',*,*,#2972,.F.);
#4071=ORIENTED_EDGE('',*,*,#2971,.F.);
#4072=ORIENTED_EDGE('',*,*,#2973,.F.);
#4073=ORIENTED_EDGE('',*,*,#2974,.T.);
#4074=ORIENTED_EDGE('',*,*,#2975,.F.);
#4075=ORIENTED_EDGE('',*,*,#2976,.F.);
#4076=ORIENTED_EDGE('',*,*,#2977,.T.);
#4077=ORIENTED_EDGE('',*,*,#2976,.T.);
#4078=ORIENTED_EDGE('',*,*,#2978,.F.);
#4079=ORIENTED_EDGE('',*,*,#2968,.F.);
#4080=ORIENTED_EDGE('',*,*,#2979,.T.);
#4081=ORIENTED_EDGE('',*,*,#2966,.T.);
#4082=ORIENTED_EDGE('',*,*,#2980,.F.);
#4083=ORIENTED_EDGE('',*,*,#2974,.F.);
#4084=ORIENTED_EDGE('',*,*,#2979,.F.);
#4085=ORIENTED_EDGE('',*,*,#2973,.T.);
#4086=ORIENTED_EDGE('',*,*,#2977,.F.);
#4087=ORIENTED_EDGE('',*,*,#2967,.F.);
#4088=ORIENTED_EDGE('',*,*,#2972,.T.);
#4089=ORIENTED_EDGE('',*,*,#2980,.T.);
#4090=ORIENTED_EDGE('',*,*,#2969,.F.);
#4091=ORIENTED_EDGE('',*,*,#2978,.T.);
#4092=ORIENTED_EDGE('',*,*,#2975,.T.);
#4093=ORIENTED_EDGE('',*,*,#2970,.T.);
#4094=ORIENTED_EDGE('',*,*,#2981,.T.);
#4095=ORIENTED_EDGE('',*,*,#2982,.T.);
#4096=ORIENTED_EDGE('',*,*,#2983,.F.);
#4097=ORIENTED_EDGE('',*,*,#2984,.F.);
#4098=ORIENTED_EDGE('',*,*,#2982,.F.);
#4099=ORIENTED_EDGE('',*,*,#2985,.T.);
#4100=ORIENTED_EDGE('',*,*,#2983,.T.);
#4101=ORIENTED_EDGE('',*,*,#2984,.T.);
#4102=ORIENTED_EDGE('',*,*,#2986,.T.);
#4103=ORIENTED_EDGE('',*,*,#2987,.F.);
#4104=ORIENTED_EDGE('',*,*,#2986,.F.);
#4105=ORIENTED_EDGE('',*,*,#2987,.T.);
#4106=ORIENTED_EDGE('',*,*,#2988,.T.);
#4107=ORIENTED_EDGE('',*,*,#2989,.F.);
#4108=ORIENTED_EDGE('',*,*,#2988,.F.);
#4109=ORIENTED_EDGE('',*,*,#2965,.F.);
#4110=ORIENTED_EDGE('',*,*,#2963,.F.);
#4111=ORIENTED_EDGE('',*,*,#2989,.T.);
#4112=ORIENTED_EDGE('',*,*,#2964,.T.);
#4113=ORIENTED_EDGE('',*,*,#2962,.T.);
#4114=ORIENTED_EDGE('',*,*,#2990,.F.);
#4115=ORIENTED_EDGE('',*,*,#2990,.T.);
#4116=ORIENTED_EDGE('',*,*,#2991,.T.);
#4117=ORIENTED_EDGE('',*,*,#2992,.F.);
#4118=ORIENTED_EDGE('',*,*,#2991,.F.);
#4119=ORIENTED_EDGE('',*,*,#2992,.T.);
#4120=ORIENTED_EDGE('',*,*,#2993,.T.);
#4121=ORIENTED_EDGE('',*,*,#2985,.F.);
#4122=ORIENTED_EDGE('',*,*,#2981,.F.);
#4123=ORIENTED_EDGE('',*,*,#2993,.F.);
#4124=ORIENTED_EDGE('',*,*,#2994,.F.);
#4125=ORIENTED_EDGE('',*,*,#2995,.T.);
#4126=ORIENTED_EDGE('',*,*,#2996,.T.);
#4127=ORIENTED_EDGE('',*,*,#2995,.F.);
#4128=ORIENTED_EDGE('',*,*,#2996,.F.);
#4129=ORIENTED_EDGE('',*,*,#2997,.F.);
#4130=ORIENTED_EDGE('',*,*,#2994,.T.);
#4131=ORIENTED_EDGE('',*,*,#2998,.T.);
#4132=ORIENTED_EDGE('',*,*,#2999,.T.);
#4133=ORIENTED_EDGE('',*,*,#2997,.T.);
#4134=ORIENTED_EDGE('',*,*,#3000,.T.);
#4135=ORIENTED_EDGE('',*,*,#3001,.T.);
#4136=ORIENTED_EDGE('',*,*,#3000,.F.);
#4137=ORIENTED_EDGE('',*,*,#3002,.T.);
#4138=ORIENTED_EDGE('',*,*,#3003,.T.);
#4139=ORIENTED_EDGE('',*,*,#3004,.F.);
#4140=ORIENTED_EDGE('',*,*,#3005,.F.);
#4141=ORIENTED_EDGE('',*,*,#3003,.F.);
#4142=ORIENTED_EDGE('',*,*,#3006,.T.);
#4143=ORIENTED_EDGE('',*,*,#3001,.F.);
#4144=ORIENTED_EDGE('',*,*,#3007,.T.);
#4145=ORIENTED_EDGE('',*,*,#3004,.T.);
#4146=ORIENTED_EDGE('',*,*,#3005,.T.);
#4147=ORIENTED_EDGE('',*,*,#3007,.F.);
#4148=ORIENTED_EDGE('',*,*,#3008,.F.);
#4149=ORIENTED_EDGE('',*,*,#3009,.T.);
#4150=ORIENTED_EDGE('',*,*,#3010,.F.);
#4151=ORIENTED_EDGE('',*,*,#3011,.F.);
#4152=ORIENTED_EDGE('',*,*,#3012,.F.);
#4153=ORIENTED_EDGE('',*,*,#3013,.F.);
#4154=ORIENTED_EDGE('',*,*,#3014,.F.);
#4155=ORIENTED_EDGE('',*,*,#3009,.F.);
#4156=ORIENTED_EDGE('',*,*,#3002,.F.);
#4157=ORIENTED_EDGE('',*,*,#3015,.T.);
#4158=ORIENTED_EDGE('',*,*,#3008,.T.);
#4159=ORIENTED_EDGE('',*,*,#3015,.F.);
#4160=ORIENTED_EDGE('',*,*,#3006,.F.);
#4161=ORIENTED_EDGE('',*,*,#3012,.T.);
#4162=ORIENTED_EDGE('',*,*,#3016,.F.);
#4163=ORIENTED_EDGE('',*,*,#3017,.T.);
#4164=ORIENTED_EDGE('',*,*,#3018,.F.);
#4165=ORIENTED_EDGE('',*,*,#3019,.F.);
#4166=ORIENTED_EDGE('',*,*,#3011,.T.);
#4167=ORIENTED_EDGE('',*,*,#3020,.T.);
#4168=ORIENTED_EDGE('',*,*,#3021,.F.);
#4169=ORIENTED_EDGE('',*,*,#3016,.T.);
#4170=ORIENTED_EDGE('',*,*,#3022,.T.);
#4171=ORIENTED_EDGE('',*,*,#3023,.T.);
#4172=ORIENTED_EDGE('',*,*,#3024,.F.);
#4173=ORIENTED_EDGE('',*,*,#3025,.F.);
#4174=ORIENTED_EDGE('',*,*,#3026,.T.);
#4175=ORIENTED_EDGE('',*,*,#3025,.T.);
#4176=ORIENTED_EDGE('',*,*,#3027,.F.);
#4177=ORIENTED_EDGE('',*,*,#3028,.F.);
#4178=ORIENTED_EDGE('',*,*,#3029,.T.);
#4179=ORIENTED_EDGE('',*,*,#3028,.T.);
#4180=ORIENTED_EDGE('',*,*,#3030,.F.);
#4181=ORIENTED_EDGE('',*,*,#3031,.F.);
#4182=ORIENTED_EDGE('',*,*,#3010,.T.);
#4183=ORIENTED_EDGE('',*,*,#3014,.T.);
#4184=ORIENTED_EDGE('',*,*,#3032,.F.);
#4185=ORIENTED_EDGE('',*,*,#3033,.F.);
#4186=ORIENTED_EDGE('',*,*,#3030,.T.);
#4187=ORIENTED_EDGE('',*,*,#3027,.T.);
#4188=ORIENTED_EDGE('',*,*,#3024,.T.);
#4189=ORIENTED_EDGE('',*,*,#3034,.F.);
#4190=ORIENTED_EDGE('',*,*,#3020,.F.);
#4191=ORIENTED_EDGE('',*,*,#3013,.T.);
#4192=ORIENTED_EDGE('',*,*,#3018,.T.);
#4193=ORIENTED_EDGE('',*,*,#3035,.F.);
#4194=ORIENTED_EDGE('',*,*,#3032,.T.);
#4195=ORIENTED_EDGE('',*,*,#3023,.F.);
#4196=ORIENTED_EDGE('',*,*,#3036,.T.);
#4197=ORIENTED_EDGE('',*,*,#3031,.T.);
#4198=ORIENTED_EDGE('',*,*,#3033,.T.);
#4199=ORIENTED_EDGE('',*,*,#3035,.T.);
#4200=ORIENTED_EDGE('',*,*,#3017,.F.);
#4201=ORIENTED_EDGE('',*,*,#3021,.T.);
#4202=ORIENTED_EDGE('',*,*,#3034,.T.);
#4203=ORIENTED_EDGE('',*,*,#2999,.F.);
#4204=ORIENTED_EDGE('',*,*,#3037,.T.);
#4205=ORIENTED_EDGE('',*,*,#3038,.T.);
#4206=ORIENTED_EDGE('',*,*,#3037,.F.);
#4207=ORIENTED_EDGE('',*,*,#3038,.F.);
#4208=ORIENTED_EDGE('',*,*,#3039,.F.);
#4209=ORIENTED_EDGE('',*,*,#3040,.F.);
#4210=ORIENTED_EDGE('',*,*,#3041,.T.);
#4211=ORIENTED_EDGE('',*,*,#3019,.T.);
#4212=ORIENTED_EDGE('',*,*,#3041,.F.);
#4213=ORIENTED_EDGE('',*,*,#3042,.F.);
#4214=ORIENTED_EDGE('',*,*,#3043,.T.);
#4215=ORIENTED_EDGE('',*,*,#3040,.T.);
#4216=ORIENTED_EDGE('',*,*,#3043,.F.);
#4217=ORIENTED_EDGE('',*,*,#3044,.F.);
#4218=ORIENTED_EDGE('',*,*,#3042,.T.);
#4219=ORIENTED_EDGE('',*,*,#3045,.T.);
#4220=ORIENTED_EDGE('',*,*,#3046,.F.);
#4221=ORIENTED_EDGE('',*,*,#3047,.F.);
#4222=ORIENTED_EDGE('',*,*,#3045,.F.);
#4223=ORIENTED_EDGE('',*,*,#3044,.T.);
#4224=ORIENTED_EDGE('',*,*,#3048,.F.);
#4225=ORIENTED_EDGE('',*,*,#3049,.T.);
#4226=ORIENTED_EDGE('',*,*,#3046,.T.);
#4227=ORIENTED_EDGE('',*,*,#3047,.T.);
#4228=ORIENTED_EDGE('',*,*,#3049,.F.);
#4229=ORIENTED_EDGE('',*,*,#2998,.F.);
#4230=ORIENTED_EDGE('',*,*,#3050,.T.);
#4231=ORIENTED_EDGE('',*,*,#3048,.T.);
#4232=ORIENTED_EDGE('',*,*,#3050,.F.);
#4233=ORIENTED_EDGE('',*,*,#3051,.T.);
#4234=ORIENTED_EDGE('',*,*,#3052,.T.);
#4235=ORIENTED_EDGE('',*,*,#3053,.T.);
#4236=ORIENTED_EDGE('',*,*,#3054,.T.);
#4237=ORIENTED_EDGE('',*,*,#3055,.T.);
#4238=ORIENTED_EDGE('',*,*,#3056,.T.);
#4239=ORIENTED_EDGE('',*,*,#3057,.T.);
#4240=ORIENTED_EDGE('',*,*,#3058,.T.);
#4241=ORIENTED_EDGE('',*,*,#3059,.T.);
#4242=ORIENTED_EDGE('',*,*,#3060,.T.);
#4243=ORIENTED_EDGE('',*,*,#3061,.T.);
#4244=ORIENTED_EDGE('',*,*,#3062,.T.);
#4245=ORIENTED_EDGE('',*,*,#3063,.T.);
#4246=ORIENTED_EDGE('',*,*,#3064,.T.);
#4247=ORIENTED_EDGE('',*,*,#3065,.T.);
#4248=ORIENTED_EDGE('',*,*,#3066,.T.);
#4249=ORIENTED_EDGE('',*,*,#3067,.T.);
#4250=ORIENTED_EDGE('',*,*,#3068,.T.);
#4251=ORIENTED_EDGE('',*,*,#3069,.T.);
#4252=ORIENTED_EDGE('',*,*,#3070,.T.);
#4253=ORIENTED_EDGE('',*,*,#3071,.T.);
#4254=ORIENTED_EDGE('',*,*,#3072,.T.);
#4255=ORIENTED_EDGE('',*,*,#3073,.T.);
#4256=ORIENTED_EDGE('',*,*,#3074,.T.);
#4257=ORIENTED_EDGE('',*,*,#3075,.T.);
#4258=ORIENTED_EDGE('',*,*,#3076,.T.);
#4259=ORIENTED_EDGE('',*,*,#3077,.T.);
#4260=ORIENTED_EDGE('',*,*,#3078,.T.);
#4261=ORIENTED_EDGE('',*,*,#3079,.T.);
#4262=ORIENTED_EDGE('',*,*,#3080,.T.);
#4263=ORIENTED_EDGE('',*,*,#3081,.T.);
#4264=ORIENTED_EDGE('',*,*,#3082,.T.);
#4265=ORIENTED_EDGE('',*,*,#3083,.T.);
#4266=ORIENTED_EDGE('',*,*,#3084,.T.);
#4267=ORIENTED_EDGE('',*,*,#3085,.T.);
#4268=ORIENTED_EDGE('',*,*,#3086,.T.);
#4269=ORIENTED_EDGE('',*,*,#3087,.T.);
#4270=ORIENTED_EDGE('',*,*,#3088,.T.);
#4271=ORIENTED_EDGE('',*,*,#3089,.T.);
#4272=ORIENTED_EDGE('',*,*,#3090,.T.);
#4273=ORIENTED_EDGE('',*,*,#3091,.F.);
#4274=ORIENTED_EDGE('',*,*,#3039,.T.);
#4275=ORIENTED_EDGE('',*,*,#3092,.T.);
#4276=ORIENTED_EDGE('',*,*,#3091,.T.);
#4277=ORIENTED_EDGE('',*,*,#3092,.F.);
#4278=ORIENTED_EDGE('',*,*,#3051,.F.);
#4279=ORIENTED_EDGE('',*,*,#3093,.T.);
#4280=ORIENTED_EDGE('',*,*,#3094,.F.);
#4281=ORIENTED_EDGE('',*,*,#3095,.F.);
#4282=ORIENTED_EDGE('',*,*,#3052,.F.);
#4283=ORIENTED_EDGE('',*,*,#3095,.T.);
#4284=ORIENTED_EDGE('',*,*,#3096,.F.);
#4285=ORIENTED_EDGE('',*,*,#3097,.F.);
#4286=ORIENTED_EDGE('',*,*,#3053,.F.);
#4287=ORIENTED_EDGE('',*,*,#3097,.T.);
#4288=ORIENTED_EDGE('',*,*,#3098,.F.);
#4289=ORIENTED_EDGE('',*,*,#3099,.F.);
#4290=ORIENTED_EDGE('',*,*,#3054,.F.);
#4291=ORIENTED_EDGE('',*,*,#3099,.T.);
#4292=ORIENTED_EDGE('',*,*,#3100,.F.);
#4293=ORIENTED_EDGE('',*,*,#3101,.F.);
#4294=ORIENTED_EDGE('',*,*,#3055,.F.);
#4295=ORIENTED_EDGE('',*,*,#3101,.T.);
#4296=ORIENTED_EDGE('',*,*,#3102,.F.);
#4297=ORIENTED_EDGE('',*,*,#3103,.F.);
#4298=ORIENTED_EDGE('',*,*,#3056,.F.);
#4299=ORIENTED_EDGE('',*,*,#3103,.T.);
#4300=ORIENTED_EDGE('',*,*,#3104,.F.);
#4301=ORIENTED_EDGE('',*,*,#3105,.F.);
#4302=ORIENTED_EDGE('',*,*,#3057,.F.);
#4303=ORIENTED_EDGE('',*,*,#3105,.T.);
#4304=ORIENTED_EDGE('',*,*,#3106,.F.);
#4305=ORIENTED_EDGE('',*,*,#3107,.F.);
#4306=ORIENTED_EDGE('',*,*,#3058,.F.);
#4307=ORIENTED_EDGE('',*,*,#3107,.T.);
#4308=ORIENTED_EDGE('',*,*,#3108,.F.);
#4309=ORIENTED_EDGE('',*,*,#3109,.F.);
#4310=ORIENTED_EDGE('',*,*,#3059,.F.);
#4311=ORIENTED_EDGE('',*,*,#3109,.T.);
#4312=ORIENTED_EDGE('',*,*,#3110,.F.);
#4313=ORIENTED_EDGE('',*,*,#3111,.F.);
#4314=ORIENTED_EDGE('',*,*,#3060,.F.);
#4315=ORIENTED_EDGE('',*,*,#3111,.T.);
#4316=ORIENTED_EDGE('',*,*,#3112,.F.);
#4317=ORIENTED_EDGE('',*,*,#3113,.F.);
#4318=ORIENTED_EDGE('',*,*,#3061,.F.);
#4319=ORIENTED_EDGE('',*,*,#3113,.T.);
#4320=ORIENTED_EDGE('',*,*,#3114,.F.);
#4321=ORIENTED_EDGE('',*,*,#3115,.F.);
#4322=ORIENTED_EDGE('',*,*,#3062,.F.);
#4323=ORIENTED_EDGE('',*,*,#3115,.T.);
#4324=ORIENTED_EDGE('',*,*,#3116,.F.);
#4325=ORIENTED_EDGE('',*,*,#3117,.F.);
#4326=ORIENTED_EDGE('',*,*,#3063,.F.);
#4327=ORIENTED_EDGE('',*,*,#3117,.T.);
#4328=ORIENTED_EDGE('',*,*,#3118,.F.);
#4329=ORIENTED_EDGE('',*,*,#3119,.F.);
#4330=ORIENTED_EDGE('',*,*,#3064,.F.);
#4331=ORIENTED_EDGE('',*,*,#3119,.T.);
#4332=ORIENTED_EDGE('',*,*,#3120,.F.);
#4333=ORIENTED_EDGE('',*,*,#3121,.F.);
#4334=ORIENTED_EDGE('',*,*,#3065,.F.);
#4335=ORIENTED_EDGE('',*,*,#3121,.T.);
#4336=ORIENTED_EDGE('',*,*,#3122,.F.);
#4337=ORIENTED_EDGE('',*,*,#3123,.F.);
#4338=ORIENTED_EDGE('',*,*,#3066,.F.);
#4339=ORIENTED_EDGE('',*,*,#3123,.T.);
#4340=ORIENTED_EDGE('',*,*,#3124,.F.);
#4341=ORIENTED_EDGE('',*,*,#3125,.F.);
#4342=ORIENTED_EDGE('',*,*,#3067,.F.);
#4343=ORIENTED_EDGE('',*,*,#3125,.T.);
#4344=ORIENTED_EDGE('',*,*,#3126,.F.);
#4345=ORIENTED_EDGE('',*,*,#3127,.F.);
#4346=ORIENTED_EDGE('',*,*,#3068,.F.);
#4347=ORIENTED_EDGE('',*,*,#3127,.T.);
#4348=ORIENTED_EDGE('',*,*,#3128,.F.);
#4349=ORIENTED_EDGE('',*,*,#3129,.F.);
#4350=ORIENTED_EDGE('',*,*,#3069,.F.);
#4351=ORIENTED_EDGE('',*,*,#3129,.T.);
#4352=ORIENTED_EDGE('',*,*,#3130,.F.);
#4353=ORIENTED_EDGE('',*,*,#3131,.F.);
#4354=ORIENTED_EDGE('',*,*,#3070,.F.);
#4355=ORIENTED_EDGE('',*,*,#3131,.T.);
#4356=ORIENTED_EDGE('',*,*,#3132,.F.);
#4357=ORIENTED_EDGE('',*,*,#3133,.F.);
#4358=ORIENTED_EDGE('',*,*,#3071,.F.);
#4359=ORIENTED_EDGE('',*,*,#3133,.T.);
#4360=ORIENTED_EDGE('',*,*,#3134,.F.);
#4361=ORIENTED_EDGE('',*,*,#3135,.F.);
#4362=ORIENTED_EDGE('',*,*,#3072,.F.);
#4363=ORIENTED_EDGE('',*,*,#3135,.T.);
#4364=ORIENTED_EDGE('',*,*,#3136,.F.);
#4365=ORIENTED_EDGE('',*,*,#3137,.F.);
#4366=ORIENTED_EDGE('',*,*,#3073,.F.);
#4367=ORIENTED_EDGE('',*,*,#3137,.T.);
#4368=ORIENTED_EDGE('',*,*,#3138,.F.);
#4369=ORIENTED_EDGE('',*,*,#3139,.F.);
#4370=ORIENTED_EDGE('',*,*,#3074,.F.);
#4371=ORIENTED_EDGE('',*,*,#3139,.T.);
#4372=ORIENTED_EDGE('',*,*,#3140,.F.);
#4373=ORIENTED_EDGE('',*,*,#3141,.F.);
#4374=ORIENTED_EDGE('',*,*,#3075,.F.);
#4375=ORIENTED_EDGE('',*,*,#3141,.T.);
#4376=ORIENTED_EDGE('',*,*,#3142,.F.);
#4377=ORIENTED_EDGE('',*,*,#3143,.F.);
#4378=ORIENTED_EDGE('',*,*,#3076,.F.);
#4379=ORIENTED_EDGE('',*,*,#3143,.T.);
#4380=ORIENTED_EDGE('',*,*,#3144,.F.);
#4381=ORIENTED_EDGE('',*,*,#3145,.F.);
#4382=ORIENTED_EDGE('',*,*,#3077,.F.);
#4383=ORIENTED_EDGE('',*,*,#3145,.T.);
#4384=ORIENTED_EDGE('',*,*,#3146,.F.);
#4385=ORIENTED_EDGE('',*,*,#3147,.F.);
#4386=ORIENTED_EDGE('',*,*,#3078,.F.);
#4387=ORIENTED_EDGE('',*,*,#3147,.T.);
#4388=ORIENTED_EDGE('',*,*,#3148,.F.);
#4389=ORIENTED_EDGE('',*,*,#3149,.F.);
#4390=ORIENTED_EDGE('',*,*,#3079,.F.);
#4391=ORIENTED_EDGE('',*,*,#3149,.T.);
#4392=ORIENTED_EDGE('',*,*,#3150,.F.);
#4393=ORIENTED_EDGE('',*,*,#3151,.F.);
#4394=ORIENTED_EDGE('',*,*,#3080,.F.);
#4395=ORIENTED_EDGE('',*,*,#3151,.T.);
#4396=ORIENTED_EDGE('',*,*,#3152,.F.);
#4397=ORIENTED_EDGE('',*,*,#3153,.F.);
#4398=ORIENTED_EDGE('',*,*,#3081,.F.);
#4399=ORIENTED_EDGE('',*,*,#3153,.T.);
#4400=ORIENTED_EDGE('',*,*,#3154,.F.);
#4401=ORIENTED_EDGE('',*,*,#3155,.F.);
#4402=ORIENTED_EDGE('',*,*,#3082,.F.);
#4403=ORIENTED_EDGE('',*,*,#3155,.T.);
#4404=ORIENTED_EDGE('',*,*,#3156,.F.);
#4405=ORIENTED_EDGE('',*,*,#3157,.F.);
#4406=ORIENTED_EDGE('',*,*,#3083,.F.);
#4407=ORIENTED_EDGE('',*,*,#3157,.T.);
#4408=ORIENTED_EDGE('',*,*,#3158,.F.);
#4409=ORIENTED_EDGE('',*,*,#3159,.F.);
#4410=ORIENTED_EDGE('',*,*,#3084,.F.);
#4411=ORIENTED_EDGE('',*,*,#3159,.T.);
#4412=ORIENTED_EDGE('',*,*,#3160,.F.);
#4413=ORIENTED_EDGE('',*,*,#3161,.F.);
#4414=ORIENTED_EDGE('',*,*,#3085,.F.);
#4415=ORIENTED_EDGE('',*,*,#3161,.T.);
#4416=ORIENTED_EDGE('',*,*,#3162,.F.);
#4417=ORIENTED_EDGE('',*,*,#3163,.F.);
#4418=ORIENTED_EDGE('',*,*,#3086,.F.);
#4419=ORIENTED_EDGE('',*,*,#3163,.T.);
#4420=ORIENTED_EDGE('',*,*,#3164,.F.);
#4421=ORIENTED_EDGE('',*,*,#3165,.F.);
#4422=ORIENTED_EDGE('',*,*,#3087,.F.);
#4423=ORIENTED_EDGE('',*,*,#3165,.T.);
#4424=ORIENTED_EDGE('',*,*,#3166,.F.);
#4425=ORIENTED_EDGE('',*,*,#3167,.F.);
#4426=ORIENTED_EDGE('',*,*,#3088,.F.);
#4427=ORIENTED_EDGE('',*,*,#3167,.T.);
#4428=ORIENTED_EDGE('',*,*,#3168,.F.);
#4429=ORIENTED_EDGE('',*,*,#3169,.F.);
#4430=ORIENTED_EDGE('',*,*,#3089,.F.);
#4431=ORIENTED_EDGE('',*,*,#3169,.T.);
#4432=ORIENTED_EDGE('',*,*,#3170,.F.);
#4433=ORIENTED_EDGE('',*,*,#3171,.F.);
#4434=ORIENTED_EDGE('',*,*,#3090,.F.);
#4435=ORIENTED_EDGE('',*,*,#3171,.T.);
#4436=ORIENTED_EDGE('',*,*,#3172,.F.);
#4437=ORIENTED_EDGE('',*,*,#3093,.F.);
#4438=ORIENTED_EDGE('',*,*,#3022,.F.);
#4439=ORIENTED_EDGE('',*,*,#3026,.F.);
#4440=ORIENTED_EDGE('',*,*,#3029,.F.);
#4441=ORIENTED_EDGE('',*,*,#3036,.F.);
#4442=ORIENTED_EDGE('',*,*,#3172,.T.);
#4443=ORIENTED_EDGE('',*,*,#3170,.T.);
#4444=ORIENTED_EDGE('',*,*,#3168,.T.);
#4445=ORIENTED_EDGE('',*,*,#3166,.T.);
#4446=ORIENTED_EDGE('',*,*,#3164,.T.);
#4447=ORIENTED_EDGE('',*,*,#3162,.T.);
#4448=ORIENTED_EDGE('',*,*,#3160,.T.);
#4449=ORIENTED_EDGE('',*,*,#3158,.T.);
#4450=ORIENTED_EDGE('',*,*,#3156,.T.);
#4451=ORIENTED_EDGE('',*,*,#3154,.T.);
#4452=ORIENTED_EDGE('',*,*,#3152,.T.);
#4453=ORIENTED_EDGE('',*,*,#3150,.T.);
#4454=ORIENTED_EDGE('',*,*,#3148,.T.);
#4455=ORIENTED_EDGE('',*,*,#3146,.T.);
#4456=ORIENTED_EDGE('',*,*,#3144,.T.);
#4457=ORIENTED_EDGE('',*,*,#3142,.T.);
#4458=ORIENTED_EDGE('',*,*,#3140,.T.);
#4459=ORIENTED_EDGE('',*,*,#3138,.T.);
#4460=ORIENTED_EDGE('',*,*,#3136,.T.);
#4461=ORIENTED_EDGE('',*,*,#3134,.T.);
#4462=ORIENTED_EDGE('',*,*,#3132,.T.);
#4463=ORIENTED_EDGE('',*,*,#3130,.T.);
#4464=ORIENTED_EDGE('',*,*,#3128,.T.);
#4465=ORIENTED_EDGE('',*,*,#3126,.T.);
#4466=ORIENTED_EDGE('',*,*,#3124,.T.);
#4467=ORIENTED_EDGE('',*,*,#3122,.T.);
#4468=ORIENTED_EDGE('',*,*,#3120,.T.);
#4469=ORIENTED_EDGE('',*,*,#3118,.T.);
#4470=ORIENTED_EDGE('',*,*,#3116,.T.);
#4471=ORIENTED_EDGE('',*,*,#3114,.T.);
#4472=ORIENTED_EDGE('',*,*,#3112,.T.);
#4473=ORIENTED_EDGE('',*,*,#3110,.T.);
#4474=ORIENTED_EDGE('',*,*,#3108,.T.);
#4475=ORIENTED_EDGE('',*,*,#3106,.T.);
#4476=ORIENTED_EDGE('',*,*,#3104,.T.);
#4477=ORIENTED_EDGE('',*,*,#3102,.T.);
#4478=ORIENTED_EDGE('',*,*,#3100,.T.);
#4479=ORIENTED_EDGE('',*,*,#3098,.T.);
#4480=ORIENTED_EDGE('',*,*,#3096,.T.);
#4481=ORIENTED_EDGE('',*,*,#3094,.T.);
#4482=ORIENTED_EDGE('',*,*,#3173,.T.);
#4483=ORIENTED_EDGE('',*,*,#3174,.T.);
#4484=ORIENTED_EDGE('',*,*,#3175,.T.);
#4485=ORIENTED_EDGE('',*,*,#3176,.T.);
#4486=ORIENTED_EDGE('',*,*,#3175,.F.);
#4487=ORIENTED_EDGE('',*,*,#3177,.T.);
#4488=ORIENTED_EDGE('',*,*,#3178,.T.);
#4489=ORIENTED_EDGE('',*,*,#3179,.T.);
#4490=ORIENTED_EDGE('',*,*,#3180,.F.);
#4491=ORIENTED_EDGE('',*,*,#3181,.T.);
#4492=ORIENTED_EDGE('',*,*,#3182,.T.);
#4493=ORIENTED_EDGE('',*,*,#3183,.T.);
#4494=ORIENTED_EDGE('',*,*,#3184,.F.);
#4495=ORIENTED_EDGE('',*,*,#3185,.T.);
#4496=ORIENTED_EDGE('',*,*,#3186,.T.);
#4497=ORIENTED_EDGE('',*,*,#3187,.T.);
#4498=ORIENTED_EDGE('',*,*,#3188,.F.);
#4499=ORIENTED_EDGE('',*,*,#3189,.T.);
#4500=ORIENTED_EDGE('',*,*,#3190,.T.);
#4501=ORIENTED_EDGE('',*,*,#3191,.T.);
#4502=ORIENTED_EDGE('',*,*,#3192,.F.);
#4503=ORIENTED_EDGE('',*,*,#3191,.F.);
#4504=ORIENTED_EDGE('',*,*,#3193,.T.);
#4505=ORIENTED_EDGE('',*,*,#3194,.T.);
#4506=ORIENTED_EDGE('',*,*,#3195,.F.);
#4507=ORIENTED_EDGE('',*,*,#3196,.T.);
#4508=ORIENTED_EDGE('',*,*,#3197,.T.);
#4509=ORIENTED_EDGE('',*,*,#3198,.T.);
#4510=ORIENTED_EDGE('',*,*,#3199,.F.);
#4511=ORIENTED_EDGE('',*,*,#3200,.T.);
#4512=ORIENTED_EDGE('',*,*,#3201,.T.);
#4513=ORIENTED_EDGE('',*,*,#3202,.T.);
#4514=ORIENTED_EDGE('',*,*,#3203,.F.);
#4515=ORIENTED_EDGE('',*,*,#3204,.T.);
#4516=ORIENTED_EDGE('',*,*,#3205,.T.);
#4517=ORIENTED_EDGE('',*,*,#3206,.T.);
#4518=ORIENTED_EDGE('',*,*,#3207,.F.);
#4519=ORIENTED_EDGE('',*,*,#3208,.T.);
#4520=ORIENTED_EDGE('',*,*,#3209,.T.);
#4521=ORIENTED_EDGE('',*,*,#3210,.T.);
#4522=ORIENTED_EDGE('',*,*,#3211,.F.);
#4523=ORIENTED_EDGE('',*,*,#3212,.T.);
#4524=ORIENTED_EDGE('',*,*,#3213,.T.);
#4525=ORIENTED_EDGE('',*,*,#3214,.T.);
#4526=ORIENTED_EDGE('',*,*,#3215,.F.);
#4527=ORIENTED_EDGE('',*,*,#3216,.T.);
#4528=ORIENTED_EDGE('',*,*,#3217,.T.);
#4529=ORIENTED_EDGE('',*,*,#3218,.T.);
#4530=ORIENTED_EDGE('',*,*,#3174,.F.);
#4531=ORIENTED_EDGE('',*,*,#3219,.F.);
#4532=ORIENTED_EDGE('',*,*,#3220,.F.);
#4533=ORIENTED_EDGE('',*,*,#3221,.F.);
#4534=ORIENTED_EDGE('',*,*,#3179,.F.);
#4535=ORIENTED_EDGE('',*,*,#3222,.T.);
#4536=ORIENTED_EDGE('',*,*,#3222,.F.);
#4537=ORIENTED_EDGE('',*,*,#3178,.F.);
#4538=ORIENTED_EDGE('',*,*,#3223,.F.);
#4539=ORIENTED_EDGE('',*,*,#3223,.T.);
#4540=ORIENTED_EDGE('',*,*,#3177,.F.);
#4541=ORIENTED_EDGE('',*,*,#3180,.T.);
#4542=ORIENTED_EDGE('',*,*,#3221,.T.);
#4543=ORIENTED_EDGE('',*,*,#3224,.T.);
#4544=ORIENTED_EDGE('',*,*,#3225,.T.);
#4545=ORIENTED_EDGE('',*,*,#3226,.T.);
#4546=ORIENTED_EDGE('',*,*,#3227,.T.);
#4547=ORIENTED_EDGE('',*,*,#3184,.T.);
#4548=ORIENTED_EDGE('',*,*,#3228,.T.);
#4549=ORIENTED_EDGE('',*,*,#3227,.F.);
#4550=ORIENTED_EDGE('',*,*,#3229,.F.);
#4551=ORIENTED_EDGE('',*,*,#3230,.F.);
#4552=ORIENTED_EDGE('',*,*,#3231,.F.);
#4553=ORIENTED_EDGE('',*,*,#3187,.F.);
#4554=ORIENTED_EDGE('',*,*,#3232,.T.);
#4555=ORIENTED_EDGE('',*,*,#3232,.F.);
#4556=ORIENTED_EDGE('',*,*,#3186,.F.);
#4557=ORIENTED_EDGE('',*,*,#3233,.F.);
#4558=ORIENTED_EDGE('',*,*,#3233,.T.);
#4559=ORIENTED_EDGE('',*,*,#3185,.F.);
#4560=ORIENTED_EDGE('',*,*,#3188,.T.);
#4561=ORIENTED_EDGE('',*,*,#3231,.T.);
#4562=ORIENTED_EDGE('',*,*,#3234,.T.);
#4563=ORIENTED_EDGE('',*,*,#3235,.T.);
#4564=ORIENTED_EDGE('',*,*,#3236,.T.);
#4565=ORIENTED_EDGE('',*,*,#3237,.T.);
#4566=ORIENTED_EDGE('',*,*,#3195,.T.);
#4567=ORIENTED_EDGE('',*,*,#3238,.T.);
#4568=ORIENTED_EDGE('',*,*,#3237,.F.);
#4569=ORIENTED_EDGE('',*,*,#3239,.F.);
#4570=ORIENTED_EDGE('',*,*,#3240,.F.);
#4571=ORIENTED_EDGE('',*,*,#3241,.F.);
#4572=ORIENTED_EDGE('',*,*,#3198,.F.);
#4573=ORIENTED_EDGE('',*,*,#3242,.T.);
#4574=ORIENTED_EDGE('',*,*,#3242,.F.);
#4575=ORIENTED_EDGE('',*,*,#3197,.F.);
#4576=ORIENTED_EDGE('',*,*,#3243,.F.);
#4577=ORIENTED_EDGE('',*,*,#3243,.T.);
#4578=ORIENTED_EDGE('',*,*,#3196,.F.);
#4579=ORIENTED_EDGE('',*,*,#3199,.T.);
#4580=ORIENTED_EDGE('',*,*,#3241,.T.);
#4581=ORIENTED_EDGE('',*,*,#3244,.T.);
#4582=ORIENTED_EDGE('',*,*,#3245,.T.);
#4583=ORIENTED_EDGE('',*,*,#3246,.T.);
#4584=ORIENTED_EDGE('',*,*,#3247,.T.);
#4585=ORIENTED_EDGE('',*,*,#3203,.T.);
#4586=ORIENTED_EDGE('',*,*,#3248,.T.);
#4587=ORIENTED_EDGE('',*,*,#3248,.F.);
#4588=ORIENTED_EDGE('',*,*,#3202,.F.);
#4589=ORIENTED_EDGE('',*,*,#3249,.F.);
#4590=ORIENTED_EDGE('',*,*,#3250,.F.);
#4591=ORIENTED_EDGE('',*,*,#3207,.T.);
#4592=ORIENTED_EDGE('',*,*,#3251,.T.);
#4593=ORIENTED_EDGE('',*,*,#3252,.T.);
#4594=ORIENTED_EDGE('',*,*,#3253,.T.);
#4595=ORIENTED_EDGE('',*,*,#3253,.F.);
#4596=ORIENTED_EDGE('',*,*,#3254,.F.);
#4597=ORIENTED_EDGE('',*,*,#3255,.F.);
#4598=ORIENTED_EDGE('',*,*,#3208,.F.);
#4599=ORIENTED_EDGE('',*,*,#3225,.F.);
#4600=ORIENTED_EDGE('',*,*,#3256,.F.);
#4601=ORIENTED_EDGE('',*,*,#3257,.F.);
#4602=ORIENTED_EDGE('',*,*,#3181,.F.);
#4603=ORIENTED_EDGE('',*,*,#3176,.F.);
#4604=ORIENTED_EDGE('',*,*,#3218,.F.);
#4605=ORIENTED_EDGE('',*,*,#3258,.F.);
#4606=ORIENTED_EDGE('',*,*,#3259,.F.);
#4607=ORIENTED_EDGE('',*,*,#3235,.F.);
#4608=ORIENTED_EDGE('',*,*,#3260,.F.);
#4609=ORIENTED_EDGE('',*,*,#3261,.F.);
#4610=ORIENTED_EDGE('',*,*,#3189,.F.);
#4611=ORIENTED_EDGE('',*,*,#3228,.F.);
#4612=ORIENTED_EDGE('',*,*,#3183,.F.);
#4613=ORIENTED_EDGE('',*,*,#3262,.F.);
#4614=ORIENTED_EDGE('',*,*,#3263,.F.);
#4615=ORIENTED_EDGE('',*,*,#3238,.F.);
#4616=ORIENTED_EDGE('',*,*,#3194,.F.);
#4617=ORIENTED_EDGE('',*,*,#3264,.F.);
#4618=ORIENTED_EDGE('',*,*,#3265,.F.);
#4619=ORIENTED_EDGE('',*,*,#3245,.F.);
#4620=ORIENTED_EDGE('',*,*,#3266,.F.);
#4621=ORIENTED_EDGE('',*,*,#3267,.F.);
#4622=ORIENTED_EDGE('',*,*,#3200,.F.);
#4623=ORIENTED_EDGE('',*,*,#3255,.T.);
#4624=ORIENTED_EDGE('',*,*,#3268,.T.);
#4625=ORIENTED_EDGE('',*,*,#3269,.T.);
#4626=ORIENTED_EDGE('',*,*,#3209,.F.);
#4627=ORIENTED_EDGE('',*,*,#3267,.T.);
#4628=ORIENTED_EDGE('',*,*,#3270,.T.);
#4629=ORIENTED_EDGE('',*,*,#3249,.T.);
#4630=ORIENTED_EDGE('',*,*,#3201,.F.);
#4631=ORIENTED_EDGE('',*,*,#3261,.T.);
#4632=ORIENTED_EDGE('',*,*,#3271,.T.);
#4633=ORIENTED_EDGE('',*,*,#3272,.T.);
#4634=ORIENTED_EDGE('',*,*,#3264,.T.);
#4635=ORIENTED_EDGE('',*,*,#3193,.F.);
#4636=ORIENTED_EDGE('',*,*,#3190,.F.);
#4637=ORIENTED_EDGE('',*,*,#3258,.T.);
#4638=ORIENTED_EDGE('',*,*,#3217,.F.);
#4639=ORIENTED_EDGE('',*,*,#3273,.T.);
#4640=ORIENTED_EDGE('',*,*,#3274,.T.);
#4641=ORIENTED_EDGE('',*,*,#3257,.T.);
#4642=ORIENTED_EDGE('',*,*,#3275,.T.);
#4643=ORIENTED_EDGE('',*,*,#3262,.T.);
#4644=ORIENTED_EDGE('',*,*,#3182,.F.);
#4645=ORIENTED_EDGE('',*,*,#3173,.F.);
#4646=ORIENTED_EDGE('',*,*,#3259,.T.);
#4647=ORIENTED_EDGE('',*,*,#3274,.F.);
#4648=ORIENTED_EDGE('',*,*,#3276,.T.);
#4649=ORIENTED_EDGE('',*,*,#3277,.F.);
#4650=ORIENTED_EDGE('',*,*,#3278,.T.);
#4651=ORIENTED_EDGE('',*,*,#3279,.T.);
#4652=ORIENTED_EDGE('',*,*,#3280,.F.);
#4653=ORIENTED_EDGE('',*,*,#3281,.T.);
#4654=ORIENTED_EDGE('',*,*,#3268,.F.);
#4655=ORIENTED_EDGE('',*,*,#3254,.T.);
#4656=ORIENTED_EDGE('',*,*,#3252,.F.);
#4657=ORIENTED_EDGE('',*,*,#3282,.T.);
#4658=ORIENTED_EDGE('',*,*,#3283,.T.);
#4659=ORIENTED_EDGE('',*,*,#3246,.F.);
#4660=ORIENTED_EDGE('',*,*,#3250,.T.);
#4661=ORIENTED_EDGE('',*,*,#3270,.F.);
#4662=ORIENTED_EDGE('',*,*,#3266,.T.);
#4663=ORIENTED_EDGE('',*,*,#3244,.F.);
#4664=ORIENTED_EDGE('',*,*,#3240,.T.);
#4665=ORIENTED_EDGE('',*,*,#3239,.T.);
#4666=ORIENTED_EDGE('',*,*,#3236,.F.);
#4667=ORIENTED_EDGE('',*,*,#3265,.T.);
#4668=ORIENTED_EDGE('',*,*,#3272,.F.);
#4669=ORIENTED_EDGE('',*,*,#3284,.T.);
#4670=ORIENTED_EDGE('',*,*,#3285,.T.);
#4671=ORIENTED_EDGE('',*,*,#3284,.F.);
#4672=ORIENTED_EDGE('',*,*,#3271,.F.);
#4673=ORIENTED_EDGE('',*,*,#3260,.T.);
#4674=ORIENTED_EDGE('',*,*,#3234,.F.);
#4675=ORIENTED_EDGE('',*,*,#3230,.T.);
#4676=ORIENTED_EDGE('',*,*,#3229,.T.);
#4677=ORIENTED_EDGE('',*,*,#3226,.F.);
#4678=ORIENTED_EDGE('',*,*,#3263,.T.);
#4679=ORIENTED_EDGE('',*,*,#3275,.F.);
#4680=ORIENTED_EDGE('',*,*,#3256,.T.);
#4681=ORIENTED_EDGE('',*,*,#3224,.F.);
#4682=ORIENTED_EDGE('',*,*,#3220,.T.);
#4683=ORIENTED_EDGE('',*,*,#3219,.T.);
#4684=ORIENTED_EDGE('',*,*,#3247,.F.);
#4685=ORIENTED_EDGE('',*,*,#3283,.F.);
#4686=ORIENTED_EDGE('',*,*,#3282,.F.);
#4687=ORIENTED_EDGE('',*,*,#3251,.F.);
#4688=ORIENTED_EDGE('',*,*,#3206,.F.);
#4689=ORIENTED_EDGE('',*,*,#3286,.T.);
#4690=ORIENTED_EDGE('',*,*,#3286,.F.);
#4691=ORIENTED_EDGE('',*,*,#3205,.F.);
#4692=ORIENTED_EDGE('',*,*,#3287,.F.);
#4693=ORIENTED_EDGE('',*,*,#3287,.T.);
#4694=ORIENTED_EDGE('',*,*,#3204,.F.);
#4695=ORIENTED_EDGE('',*,*,#3280,.T.);
#4696=ORIENTED_EDGE('',*,*,#3288,.T.);
#4697=ORIENTED_EDGE('',*,*,#3211,.T.);
#4698=ORIENTED_EDGE('',*,*,#3289,.T.);
#4699=ORIENTED_EDGE('',*,*,#3289,.F.);
#4700=ORIENTED_EDGE('',*,*,#3210,.F.);
#4701=ORIENTED_EDGE('',*,*,#3269,.F.);
#4702=ORIENTED_EDGE('',*,*,#3281,.F.);
#4703=ORIENTED_EDGE('',*,*,#3215,.T.);
#4704=ORIENTED_EDGE('',*,*,#3290,.T.);
#4705=ORIENTED_EDGE('',*,*,#3277,.T.);
#4706=ORIENTED_EDGE('',*,*,#3291,.T.);
#4707=ORIENTED_EDGE('',*,*,#3291,.F.);
#4708=ORIENTED_EDGE('',*,*,#3276,.F.);
#4709=ORIENTED_EDGE('',*,*,#3273,.F.);
#4710=ORIENTED_EDGE('',*,*,#3216,.F.);
#4711=ORIENTED_EDGE('',*,*,#3288,.F.);
#4712=ORIENTED_EDGE('',*,*,#3279,.F.);
#4713=ORIENTED_EDGE('',*,*,#3278,.F.);
#4714=ORIENTED_EDGE('',*,*,#3290,.F.);
#4715=ORIENTED_EDGE('',*,*,#3214,.F.);
#4716=ORIENTED_EDGE('',*,*,#3292,.T.);
#4717=ORIENTED_EDGE('',*,*,#3292,.F.);
#4718=ORIENTED_EDGE('',*,*,#3213,.F.);
#4719=ORIENTED_EDGE('',*,*,#3293,.F.);
#4720=ORIENTED_EDGE('',*,*,#3293,.T.);
#4721=ORIENTED_EDGE('',*,*,#3212,.F.);
#4722=ORIENTED_EDGE('',*,*,#3285,.F.);
#4723=ORIENTED_EDGE('',*,*,#3192,.T.);
#4724=ORIENTED_EDGE('',*,*,#3294,.T.);
#4725=ORIENTED_EDGE('',*,*,#3295,.T.);
#4726=ORIENTED_EDGE('',*,*,#3296,.T.);
#4727=ORIENTED_EDGE('',*,*,#3297,.T.);
#4728=ORIENTED_EDGE('',*,*,#3298,.T.);
#4729=ORIENTED_EDGE('',*,*,#3298,.F.);
#4730=ORIENTED_EDGE('',*,*,#3299,.F.);
#4731=ORIENTED_EDGE('',*,*,#3300,.F.);
#4732=ORIENTED_EDGE('',*,*,#3297,.F.);
#4733=ORIENTED_EDGE('',*,*,#3301,.F.);
#4734=ORIENTED_EDGE('',*,*,#3302,.F.);
#4735=ORIENTED_EDGE('',*,*,#3303,.T.);
#4736=ORIENTED_EDGE('',*,*,#3304,.T.);
#4737=ORIENTED_EDGE('',*,*,#3299,.T.);
#4738=ORIENTED_EDGE('',*,*,#3296,.F.);
#4739=ORIENTED_EDGE('',*,*,#3305,.T.);
#4740=ORIENTED_EDGE('',*,*,#3306,.T.);
#4741=ORIENTED_EDGE('',*,*,#3307,.F.);
#4742=ORIENTED_EDGE('',*,*,#3308,.T.);
#4743=ORIENTED_EDGE('',*,*,#3309,.F.);
#4744=ORIENTED_EDGE('',*,*,#3310,.T.);
#4745=ORIENTED_EDGE('',*,*,#3311,.T.);
#4746=ORIENTED_EDGE('',*,*,#3312,.F.);
#4747=ORIENTED_EDGE('',*,*,#3313,.T.);
#4748=ORIENTED_EDGE('',*,*,#3314,.F.);
#4749=ORIENTED_EDGE('',*,*,#3315,.T.);
#4750=ORIENTED_EDGE('',*,*,#3316,.T.);
#4751=ORIENTED_EDGE('',*,*,#3317,.F.);
#4752=ORIENTED_EDGE('',*,*,#3318,.T.);
#4753=ORIENTED_EDGE('',*,*,#3319,.F.);
#4754=ORIENTED_EDGE('',*,*,#3320,.T.);
#4755=ORIENTED_EDGE('',*,*,#3321,.T.);
#4756=ORIENTED_EDGE('',*,*,#3322,.F.);
#4757=ORIENTED_EDGE('',*,*,#3323,.T.);
#4758=ORIENTED_EDGE('',*,*,#3324,.F.);
#4759=ORIENTED_EDGE('',*,*,#3325,.T.);
#4760=ORIENTED_EDGE('',*,*,#3326,.T.);
#4761=ORIENTED_EDGE('',*,*,#3327,.T.);
#4762=ORIENTED_EDGE('',*,*,#3328,.F.);
#4763=ORIENTED_EDGE('',*,*,#3327,.F.);
#4764=ORIENTED_EDGE('',*,*,#3329,.T.);
#4765=ORIENTED_EDGE('',*,*,#3330,.F.);
#4766=ORIENTED_EDGE('',*,*,#3331,.T.);
#4767=ORIENTED_EDGE('',*,*,#3332,.F.);
#4768=ORIENTED_EDGE('',*,*,#3333,.T.);
#4769=ORIENTED_EDGE('',*,*,#3334,.T.);
#4770=ORIENTED_EDGE('',*,*,#3335,.F.);
#4771=ORIENTED_EDGE('',*,*,#3301,.T.);
#4772=ORIENTED_EDGE('',*,*,#3307,.T.);
#4773=ORIENTED_EDGE('',*,*,#3336,.T.);
#4774=ORIENTED_EDGE('',*,*,#3337,.T.);
#4775=ORIENTED_EDGE('',*,*,#3338,.T.);
#4776=ORIENTED_EDGE('',*,*,#3339,.T.);
#4777=ORIENTED_EDGE('',*,*,#3339,.F.);
#4778=ORIENTED_EDGE('',*,*,#3340,.T.);
#4779=ORIENTED_EDGE('',*,*,#3341,.T.);
#4780=ORIENTED_EDGE('',*,*,#3342,.T.);
#4781=ORIENTED_EDGE('',*,*,#3343,.F.);
#4782=ORIENTED_EDGE('',*,*,#3308,.F.);
#4783=ORIENTED_EDGE('',*,*,#3338,.F.);
#4784=ORIENTED_EDGE('',*,*,#3344,.F.);
#4785=ORIENTED_EDGE('',*,*,#3340,.F.);
#4786=ORIENTED_EDGE('',*,*,#3294,.F.);
#4787=ORIENTED_EDGE('',*,*,#3300,.T.);
#4788=ORIENTED_EDGE('',*,*,#3304,.F.);
#4789=ORIENTED_EDGE('',*,*,#3345,.T.);
#4790=ORIENTED_EDGE('',*,*,#3346,.F.);
#4791=ORIENTED_EDGE('',*,*,#3347,.T.);
#4792=ORIENTED_EDGE('',*,*,#3348,.F.);
#4793=ORIENTED_EDGE('',*,*,#3349,.T.);
#4794=ORIENTED_EDGE('',*,*,#3350,.F.);
#4795=ORIENTED_EDGE('',*,*,#3351,.T.);
#4796=ORIENTED_EDGE('',*,*,#3352,.F.);
#4797=ORIENTED_EDGE('',*,*,#3353,.T.);
#4798=ORIENTED_EDGE('',*,*,#3354,.T.);
#4799=ORIENTED_EDGE('',*,*,#3355,.T.);
#4800=ORIENTED_EDGE('',*,*,#3354,.F.);
#4801=ORIENTED_EDGE('',*,*,#3356,.T.);
#4802=ORIENTED_EDGE('',*,*,#3357,.F.);
#4803=ORIENTED_EDGE('',*,*,#3358,.T.);
#4804=ORIENTED_EDGE('',*,*,#3359,.F.);
#4805=ORIENTED_EDGE('',*,*,#3360,.T.);
#4806=ORIENTED_EDGE('',*,*,#3361,.F.);
#4807=ORIENTED_EDGE('',*,*,#3362,.T.);
#4808=ORIENTED_EDGE('',*,*,#3363,.F.);
#4809=ORIENTED_EDGE('',*,*,#3364,.T.);
#4810=ORIENTED_EDGE('',*,*,#3365,.F.);
#4811=ORIENTED_EDGE('',*,*,#3366,.T.);
#4812=ORIENTED_EDGE('',*,*,#3367,.F.);
#4813=ORIENTED_EDGE('',*,*,#3368,.T.);
#4814=ORIENTED_EDGE('',*,*,#3369,.F.);
#4815=ORIENTED_EDGE('',*,*,#3370,.T.);
#4816=ORIENTED_EDGE('',*,*,#3371,.F.);
#4817=ORIENTED_EDGE('',*,*,#3372,.T.);
#4818=ORIENTED_EDGE('',*,*,#3373,.F.);
#4819=ORIENTED_EDGE('',*,*,#3374,.T.);
#4820=ORIENTED_EDGE('',*,*,#3375,.F.);
#4821=ORIENTED_EDGE('',*,*,#3376,.T.);
#4822=ORIENTED_EDGE('',*,*,#3341,.F.);
#4823=ORIENTED_EDGE('',*,*,#3344,.T.);
#4824=ORIENTED_EDGE('',*,*,#3337,.F.);
#4825=ORIENTED_EDGE('',*,*,#3377,.T.);
#4826=ORIENTED_EDGE('',*,*,#3348,.T.);
#4827=ORIENTED_EDGE('',*,*,#3378,.T.);
#4828=ORIENTED_EDGE('',*,*,#3332,.T.);
#4829=ORIENTED_EDGE('',*,*,#3379,.T.);
#4830=ORIENTED_EDGE('',*,*,#3380,.T.);
#4831=ORIENTED_EDGE('',*,*,#3380,.F.);
#4832=ORIENTED_EDGE('',*,*,#3381,.F.);
#4833=ORIENTED_EDGE('',*,*,#3349,.F.);
#4834=ORIENTED_EDGE('',*,*,#3379,.F.);
#4835=ORIENTED_EDGE('',*,*,#3331,.F.);
#4836=ORIENTED_EDGE('',*,*,#3382,.F.);
#4837=ORIENTED_EDGE('',*,*,#3383,.T.);
#4838=ORIENTED_EDGE('',*,*,#3350,.T.);
#4839=ORIENTED_EDGE('',*,*,#3381,.T.);
#4840=ORIENTED_EDGE('',*,*,#3335,.T.);
#4841=ORIENTED_EDGE('',*,*,#3384,.T.);
#4842=ORIENTED_EDGE('',*,*,#3346,.T.);
#4843=ORIENTED_EDGE('',*,*,#3385,.T.);
#4844=ORIENTED_EDGE('',*,*,#3302,.T.);
#4845=ORIENTED_EDGE('',*,*,#3385,.F.);
#4846=ORIENTED_EDGE('',*,*,#3345,.F.);
#4847=ORIENTED_EDGE('',*,*,#3303,.F.);
#4848=ORIENTED_EDGE('',*,*,#3357,.T.);
#4849=ORIENTED_EDGE('',*,*,#3386,.T.);
#4850=ORIENTED_EDGE('',*,*,#3324,.T.);
#4851=ORIENTED_EDGE('',*,*,#3387,.T.);
#4852=ORIENTED_EDGE('',*,*,#3388,.T.);
#4853=ORIENTED_EDGE('',*,*,#3388,.F.);
#4854=ORIENTED_EDGE('',*,*,#3389,.F.);
#4855=ORIENTED_EDGE('',*,*,#3358,.F.);
#4856=ORIENTED_EDGE('',*,*,#3387,.F.);
#4857=ORIENTED_EDGE('',*,*,#3323,.F.);
#4858=ORIENTED_EDGE('',*,*,#3390,.F.);
#4859=ORIENTED_EDGE('',*,*,#3391,.T.);
#4860=ORIENTED_EDGE('',*,*,#3359,.T.);
#4861=ORIENTED_EDGE('',*,*,#3389,.T.);
#4862=ORIENTED_EDGE('',*,*,#3330,.T.);
#4863=ORIENTED_EDGE('',*,*,#3392,.T.);
#4864=ORIENTED_EDGE('',*,*,#3352,.T.);
#4865=ORIENTED_EDGE('',*,*,#3393,.T.);
#4866=ORIENTED_EDGE('',*,*,#3382,.T.);
#4867=ORIENTED_EDGE('',*,*,#3393,.F.);
#4868=ORIENTED_EDGE('',*,*,#3351,.F.);
#4869=ORIENTED_EDGE('',*,*,#3383,.F.);
#4870=ORIENTED_EDGE('',*,*,#3363,.T.);
#4871=ORIENTED_EDGE('',*,*,#3394,.T.);
#4872=ORIENTED_EDGE('',*,*,#3319,.T.);
#4873=ORIENTED_EDGE('',*,*,#3395,.T.);
#4874=ORIENTED_EDGE('',*,*,#3396,.T.);
#4875=ORIENTED_EDGE('',*,*,#3396,.F.);
#4876=ORIENTED_EDGE('',*,*,#3397,.F.);
#4877=ORIENTED_EDGE('',*,*,#3364,.F.);
#4878=ORIENTED_EDGE('',*,*,#3395,.F.);
#4879=ORIENTED_EDGE('',*,*,#3318,.F.);
#4880=ORIENTED_EDGE('',*,*,#3398,.F.);
#4881=ORIENTED_EDGE('',*,*,#3399,.T.);
#4882=ORIENTED_EDGE('',*,*,#3365,.T.);
#4883=ORIENTED_EDGE('',*,*,#3397,.T.);
#4884=ORIENTED_EDGE('',*,*,#3322,.T.);
#4885=ORIENTED_EDGE('',*,*,#3400,.T.);
#4886=ORIENTED_EDGE('',*,*,#3361,.T.);
#4887=ORIENTED_EDGE('',*,*,#3401,.T.);
#4888=ORIENTED_EDGE('',*,*,#3390,.T.);
#4889=ORIENTED_EDGE('',*,*,#3401,.F.);
#4890=ORIENTED_EDGE('',*,*,#3360,.F.);
#4891=ORIENTED_EDGE('',*,*,#3391,.F.);
#4892=ORIENTED_EDGE('',*,*,#3369,.T.);
#4893=ORIENTED_EDGE('',*,*,#3402,.T.);
#4894=ORIENTED_EDGE('',*,*,#3314,.T.);
#4895=ORIENTED_EDGE('',*,*,#3403,.T.);
#4896=ORIENTED_EDGE('',*,*,#3404,.T.);
#4897=ORIENTED_EDGE('',*,*,#3402,.F.);
#4898=ORIENTED_EDGE('',*,*,#3368,.F.);
#4899=ORIENTED_EDGE('',*,*,#3405,.F.);
#4900=ORIENTED_EDGE('',*,*,#3316,.F.);
#4901=ORIENTED_EDGE('',*,*,#3315,.F.);
#4902=ORIENTED_EDGE('',*,*,#3317,.T.);
#4903=ORIENTED_EDGE('',*,*,#3405,.T.);
#4904=ORIENTED_EDGE('',*,*,#3367,.T.);
#4905=ORIENTED_EDGE('',*,*,#3406,.T.);
#4906=ORIENTED_EDGE('',*,*,#3398,.T.);
#4907=ORIENTED_EDGE('',*,*,#3404,.F.);
#4908=ORIENTED_EDGE('',*,*,#3407,.F.);
#4909=ORIENTED_EDGE('',*,*,#3370,.F.);
#4910=ORIENTED_EDGE('',*,*,#3406,.F.);
#4911=ORIENTED_EDGE('',*,*,#3366,.F.);
#4912=ORIENTED_EDGE('',*,*,#3399,.F.);
#4913=ORIENTED_EDGE('',*,*,#3403,.F.);
#4914=ORIENTED_EDGE('',*,*,#3313,.F.);
#4915=ORIENTED_EDGE('',*,*,#3408,.F.);
#4916=ORIENTED_EDGE('',*,*,#3409,.T.);
#4917=ORIENTED_EDGE('',*,*,#3371,.T.);
#4918=ORIENTED_EDGE('',*,*,#3407,.T.);
#4919=ORIENTED_EDGE('',*,*,#3295,.F.);
#4920=ORIENTED_EDGE('',*,*,#3377,.F.);
#4921=ORIENTED_EDGE('',*,*,#3336,.F.);
#4922=ORIENTED_EDGE('',*,*,#3306,.F.);
#4923=ORIENTED_EDGE('',*,*,#3305,.F.);
#4924=ORIENTED_EDGE('',*,*,#3378,.F.);
#4925=ORIENTED_EDGE('',*,*,#3347,.F.);
#4926=ORIENTED_EDGE('',*,*,#3384,.F.);
#4927=ORIENTED_EDGE('',*,*,#3334,.F.);
#4928=ORIENTED_EDGE('',*,*,#3333,.F.);
#4929=ORIENTED_EDGE('',*,*,#3386,.F.);
#4930=ORIENTED_EDGE('',*,*,#3356,.F.);
#4931=ORIENTED_EDGE('',*,*,#3353,.F.);
#4932=ORIENTED_EDGE('',*,*,#3392,.F.);
#4933=ORIENTED_EDGE('',*,*,#3329,.F.);
#4934=ORIENTED_EDGE('',*,*,#3326,.F.);
#4935=ORIENTED_EDGE('',*,*,#3325,.F.);
#4936=ORIENTED_EDGE('',*,*,#3394,.F.);
#4937=ORIENTED_EDGE('',*,*,#3362,.F.);
#4938=ORIENTED_EDGE('',*,*,#3400,.F.);
#4939=ORIENTED_EDGE('',*,*,#3321,.F.);
#4940=ORIENTED_EDGE('',*,*,#3320,.F.);
#4941=ORIENTED_EDGE('',*,*,#3375,.T.);
#4942=ORIENTED_EDGE('',*,*,#3410,.T.);
#4943=ORIENTED_EDGE('',*,*,#3309,.T.);
#4944=ORIENTED_EDGE('',*,*,#3343,.T.);
#4945=ORIENTED_EDGE('',*,*,#3411,.T.);
#4946=ORIENTED_EDGE('',*,*,#3410,.F.);
#4947=ORIENTED_EDGE('',*,*,#3374,.F.);
#4948=ORIENTED_EDGE('',*,*,#3412,.F.);
#4949=ORIENTED_EDGE('',*,*,#3311,.F.);
#4950=ORIENTED_EDGE('',*,*,#3310,.F.);
#4951=ORIENTED_EDGE('',*,*,#3312,.T.);
#4952=ORIENTED_EDGE('',*,*,#3412,.T.);
#4953=ORIENTED_EDGE('',*,*,#3373,.T.);
#4954=ORIENTED_EDGE('',*,*,#3413,.T.);
#4955=ORIENTED_EDGE('',*,*,#3408,.T.);
#4956=ORIENTED_EDGE('',*,*,#3413,.F.);
#4957=ORIENTED_EDGE('',*,*,#3372,.F.);
#4958=ORIENTED_EDGE('',*,*,#3409,.F.);
#4959=ORIENTED_EDGE('',*,*,#3411,.F.);
#4960=ORIENTED_EDGE('',*,*,#3342,.F.);
#4961=ORIENTED_EDGE('',*,*,#3376,.F.);
#4962=ORIENTED_EDGE('',*,*,#3355,.F.);
#4963=ORIENTED_EDGE('',*,*,#3328,.T.);
#4964=ORIENTED_EDGE('',*,*,#3414,.T.);
#4965=ORIENTED_EDGE('',*,*,#3415,.T.);
#4966=ORIENTED_EDGE('',*,*,#3416,.F.);
#4967=ORIENTED_EDGE('',*,*,#3415,.F.);
#4968=ORIENTED_EDGE('',*,*,#3417,.F.);
#4969=ORIENTED_EDGE('',*,*,#3418,.T.);
#4970=ORIENTED_EDGE('',*,*,#3419,.T.);
#4971=ORIENTED_EDGE('',*,*,#3418,.F.);
#4972=ORIENTED_EDGE('',*,*,#3419,.F.);
#4973=ORIENTED_EDGE('',*,*,#3414,.F.);
#4974=ORIENTED_EDGE('',*,*,#3420,.T.);
#4975=ORIENTED_EDGE('',*,*,#3421,.F.);
#4976=ORIENTED_EDGE('',*,*,#3422,.T.);
#4977=ORIENTED_EDGE('',*,*,#3423,.T.);
#4978=ORIENTED_EDGE('',*,*,#3424,.T.);
#4979=ORIENTED_EDGE('',*,*,#3417,.T.);
#4980=ORIENTED_EDGE('',*,*,#3425,.T.);
#4981=ORIENTED_EDGE('',*,*,#3426,.F.);
#4982=ORIENTED_EDGE('',*,*,#3427,.T.);
#4983=ORIENTED_EDGE('',*,*,#3428,.T.);
#4984=ORIENTED_EDGE('',*,*,#3416,.T.);
#4985=ORIENTED_EDGE('',*,*,#3429,.T.);
#4986=ORIENTED_EDGE('',*,*,#3428,.F.);
#4987=ORIENTED_EDGE('',*,*,#3430,.F.);
#4988=ORIENTED_EDGE('',*,*,#3431,.F.);
#4989=ORIENTED_EDGE('',*,*,#3432,.F.);
#4990=ORIENTED_EDGE('',*,*,#3432,.T.);
#4991=ORIENTED_EDGE('',*,*,#3433,.T.);
#4992=ORIENTED_EDGE('',*,*,#3434,.F.);
#4993=ORIENTED_EDGE('',*,*,#3425,.F.);
#4994=ORIENTED_EDGE('',*,*,#3431,.T.);
#4995=ORIENTED_EDGE('',*,*,#3435,.F.);
#4996=ORIENTED_EDGE('',*,*,#3436,.F.);
#4997=ORIENTED_EDGE('',*,*,#3437,.T.);
#4998=ORIENTED_EDGE('',*,*,#3438,.T.);
#4999=ORIENTED_EDGE('',*,*,#3439,.T.);
#5000=ORIENTED_EDGE('',*,*,#3440,.F.);
#5001=ORIENTED_EDGE('',*,*,#3433,.F.);
#5002=ORIENTED_EDGE('',*,*,#3421,.T.);
#5003=ORIENTED_EDGE('',*,*,#3441,.T.);
#5004=ORIENTED_EDGE('',*,*,#3439,.F.);
#5005=ORIENTED_EDGE('',*,*,#3442,.F.);
#5006=ORIENTED_EDGE('',*,*,#3422,.F.);
#5007=ORIENTED_EDGE('',*,*,#3442,.T.);
#5008=ORIENTED_EDGE('',*,*,#3438,.F.);
#5009=ORIENTED_EDGE('',*,*,#3443,.F.);
#5010=ORIENTED_EDGE('',*,*,#3423,.F.);
#5011=ORIENTED_EDGE('',*,*,#3443,.T.);
#5012=ORIENTED_EDGE('',*,*,#3437,.F.);
#5013=ORIENTED_EDGE('',*,*,#3444,.F.);
#5014=ORIENTED_EDGE('',*,*,#3444,.T.);
#5015=ORIENTED_EDGE('',*,*,#3436,.T.);
#5016=ORIENTED_EDGE('',*,*,#3445,.T.);
#5017=ORIENTED_EDGE('',*,*,#3426,.T.);
#5018=ORIENTED_EDGE('',*,*,#3434,.T.);
#5019=ORIENTED_EDGE('',*,*,#3440,.T.);
#5020=ORIENTED_EDGE('',*,*,#3441,.F.);
#5021=ORIENTED_EDGE('',*,*,#3420,.F.);
#5022=ORIENTED_EDGE('',*,*,#3430,.T.);
#5023=ORIENTED_EDGE('',*,*,#3427,.F.);
#5024=ORIENTED_EDGE('',*,*,#3445,.F.);
#5025=ORIENTED_EDGE('',*,*,#3435,.T.);
#5026=ORIENTED_EDGE('',*,*,#3424,.F.);
#5027=ORIENTED_EDGE('',*,*,#3446,.T.);
#5028=ORIENTED_EDGE('',*,*,#3447,.T.);
#5029=ORIENTED_EDGE('',*,*,#3446,.F.);
#5030=ORIENTED_EDGE('',*,*,#3448,.T.);
#5031=ORIENTED_EDGE('',*,*,#3449,.F.);
#5032=ORIENTED_EDGE('',*,*,#3448,.F.);
#5033=ORIENTED_EDGE('',*,*,#3450,.T.);
#5034=ORIENTED_EDGE('',*,*,#3429,.F.);
#5035=ORIENTED_EDGE('',*,*,#3450,.F.);
#5036=ORIENTED_EDGE('',*,*,#3447,.F.);
#5037=ORIENTED_EDGE('',*,*,#3451,.T.);
#5038=ORIENTED_EDGE('',*,*,#3451,.F.);
#5039=ORIENTED_EDGE('',*,*,#3452,.T.);
#5040=ORIENTED_EDGE('',*,*,#3449,.T.);
#5041=ORIENTED_EDGE('',*,*,#3452,.F.);
#5042=ORIENTED_EDGE('',*,*,#3453,.F.);
#5043=ORIENTED_EDGE('',*,*,#3454,.T.);
#5044=ORIENTED_EDGE('',*,*,#3455,.T.);
#5045=ORIENTED_EDGE('',*,*,#3454,.F.);
#5046=ORIENTED_EDGE('',*,*,#3455,.F.);
#5047=ORIENTED_EDGE('',*,*,#3456,.F.);
#5048=ORIENTED_EDGE('',*,*,#3457,.T.);
#5049=ORIENTED_EDGE('',*,*,#3458,.F.);
#5050=ORIENTED_EDGE('',*,*,#3459,.T.);
#5051=ORIENTED_EDGE('',*,*,#3460,.T.);
#5052=ORIENTED_EDGE('',*,*,#3461,.T.);
#5053=ORIENTED_EDGE('',*,*,#3462,.T.);
#5054=ORIENTED_EDGE('',*,*,#3463,.T.);
#5055=ORIENTED_EDGE('',*,*,#3462,.F.);
#5056=ORIENTED_EDGE('',*,*,#3464,.T.);
#5057=ORIENTED_EDGE('',*,*,#3465,.F.);
#5058=ORIENTED_EDGE('',*,*,#3466,.T.);
#5059=ORIENTED_EDGE('',*,*,#3467,.T.);
#5060=ORIENTED_EDGE('',*,*,#3468,.T.);
#5061=ORIENTED_EDGE('',*,*,#3460,.F.);
#5062=ORIENTED_EDGE('',*,*,#3469,.T.);
#5063=ORIENTED_EDGE('',*,*,#3465,.T.);
#5064=ORIENTED_EDGE('',*,*,#3470,.F.);
#5065=ORIENTED_EDGE('',*,*,#3466,.F.);
#5066=ORIENTED_EDGE('',*,*,#3469,.F.);
#5067=ORIENTED_EDGE('',*,*,#3459,.F.);
#5068=ORIENTED_EDGE('',*,*,#3471,.F.);
#5069=ORIENTED_EDGE('',*,*,#3463,.F.);
#5070=ORIENTED_EDGE('',*,*,#3464,.F.);
#5071=ORIENTED_EDGE('',*,*,#3472,.F.);
#5072=ORIENTED_EDGE('',*,*,#3473,.F.);
#5073=ORIENTED_EDGE('',*,*,#3457,.F.);
#5074=ORIENTED_EDGE('',*,*,#3468,.F.);
#5075=ORIENTED_EDGE('',*,*,#3461,.F.);
#5076=ORIENTED_EDGE('',*,*,#3474,.F.);
#5077=ORIENTED_EDGE('',*,*,#3475,.T.);
#5078=ORIENTED_EDGE('',*,*,#3472,.T.);
#5079=ORIENTED_EDGE('',*,*,#3467,.F.);
#5080=ORIENTED_EDGE('',*,*,#3470,.T.);
#5081=ORIENTED_EDGE('',*,*,#3476,.T.);
#5082=ORIENTED_EDGE('',*,*,#3477,.F.);
#5083=ORIENTED_EDGE('',*,*,#3476,.F.);
#5084=ORIENTED_EDGE('',*,*,#3471,.T.);
#5085=ORIENTED_EDGE('',*,*,#3458,.T.);
#5086=ORIENTED_EDGE('',*,*,#3473,.T.);
#5087=ORIENTED_EDGE('',*,*,#3475,.F.);
#5088=ORIENTED_EDGE('',*,*,#3478,.T.);
#5089=ORIENTED_EDGE('',*,*,#3479,.T.);
#5090=ORIENTED_EDGE('',*,*,#3480,.T.);
#5091=ORIENTED_EDGE('',*,*,#3481,.T.);
#5092=ORIENTED_EDGE('',*,*,#3482,.T.);
#5093=ORIENTED_EDGE('',*,*,#3483,.T.);
#5094=ORIENTED_EDGE('',*,*,#3484,.T.);
#5095=ORIENTED_EDGE('',*,*,#3485,.T.);
#5096=ORIENTED_EDGE('',*,*,#3486,.T.);
#5097=ORIENTED_EDGE('',*,*,#3487,.T.);
#5098=ORIENTED_EDGE('',*,*,#3488,.T.);
#5099=ORIENTED_EDGE('',*,*,#3489,.T.);
#5100=ORIENTED_EDGE('',*,*,#3490,.T.);
#5101=ORIENTED_EDGE('',*,*,#3491,.T.);
#5102=ORIENTED_EDGE('',*,*,#3492,.T.);
#5103=ORIENTED_EDGE('',*,*,#3493,.T.);
#5104=ORIENTED_EDGE('',*,*,#3494,.T.);
#5105=ORIENTED_EDGE('',*,*,#3495,.T.);
#5106=ORIENTED_EDGE('',*,*,#3496,.T.);
#5107=ORIENTED_EDGE('',*,*,#3497,.T.);
#5108=ORIENTED_EDGE('',*,*,#3498,.T.);
#5109=ORIENTED_EDGE('',*,*,#3499,.T.);
#5110=ORIENTED_EDGE('',*,*,#3500,.T.);
#5111=ORIENTED_EDGE('',*,*,#3501,.T.);
#5112=ORIENTED_EDGE('',*,*,#3502,.T.);
#5113=ORIENTED_EDGE('',*,*,#3503,.T.);
#5114=ORIENTED_EDGE('',*,*,#3504,.T.);
#5115=ORIENTED_EDGE('',*,*,#3505,.T.);
#5116=ORIENTED_EDGE('',*,*,#3506,.T.);
#5117=ORIENTED_EDGE('',*,*,#3507,.T.);
#5118=ORIENTED_EDGE('',*,*,#3508,.T.);
#5119=ORIENTED_EDGE('',*,*,#3509,.T.);
#5120=ORIENTED_EDGE('',*,*,#3510,.T.);
#5121=ORIENTED_EDGE('',*,*,#3511,.T.);
#5122=ORIENTED_EDGE('',*,*,#3512,.T.);
#5123=ORIENTED_EDGE('',*,*,#3513,.T.);
#5124=ORIENTED_EDGE('',*,*,#3514,.T.);
#5125=ORIENTED_EDGE('',*,*,#3515,.T.);
#5126=ORIENTED_EDGE('',*,*,#3516,.T.);
#5127=ORIENTED_EDGE('',*,*,#3517,.T.);
#5128=ORIENTED_EDGE('',*,*,#3518,.F.);
#5129=ORIENTED_EDGE('',*,*,#3456,.T.);
#5130=ORIENTED_EDGE('',*,*,#3519,.T.);
#5131=ORIENTED_EDGE('',*,*,#3518,.T.);
#5132=ORIENTED_EDGE('',*,*,#3519,.F.);
#5133=ORIENTED_EDGE('',*,*,#3477,.T.);
#5134=ORIENTED_EDGE('',*,*,#3453,.T.);
#5135=ORIENTED_EDGE('',*,*,#3478,.F.);
#5136=ORIENTED_EDGE('',*,*,#3520,.T.);
#5137=ORIENTED_EDGE('',*,*,#3521,.F.);
#5138=ORIENTED_EDGE('',*,*,#3522,.F.);
#5139=ORIENTED_EDGE('',*,*,#3479,.F.);
#5140=ORIENTED_EDGE('',*,*,#3522,.T.);
#5141=ORIENTED_EDGE('',*,*,#3523,.F.);
#5142=ORIENTED_EDGE('',*,*,#3524,.F.);
#5143=ORIENTED_EDGE('',*,*,#3480,.F.);
#5144=ORIENTED_EDGE('',*,*,#3524,.T.);
#5145=ORIENTED_EDGE('',*,*,#3525,.F.);
#5146=ORIENTED_EDGE('',*,*,#3526,.F.);
#5147=ORIENTED_EDGE('',*,*,#3481,.F.);
#5148=ORIENTED_EDGE('',*,*,#3526,.T.);
#5149=ORIENTED_EDGE('',*,*,#3527,.F.);
#5150=ORIENTED_EDGE('',*,*,#3528,.F.);
#5151=ORIENTED_EDGE('',*,*,#3482,.F.);
#5152=ORIENTED_EDGE('',*,*,#3528,.T.);
#5153=ORIENTED_EDGE('',*,*,#3529,.F.);
#5154=ORIENTED_EDGE('',*,*,#3530,.F.);
#5155=ORIENTED_EDGE('',*,*,#3483,.F.);
#5156=ORIENTED_EDGE('',*,*,#3530,.T.);
#5157=ORIENTED_EDGE('',*,*,#3531,.F.);
#5158=ORIENTED_EDGE('',*,*,#3532,.F.);
#5159=ORIENTED_EDGE('',*,*,#3484,.F.);
#5160=ORIENTED_EDGE('',*,*,#3532,.T.);
#5161=ORIENTED_EDGE('',*,*,#3533,.F.);
#5162=ORIENTED_EDGE('',*,*,#3534,.F.);
#5163=ORIENTED_EDGE('',*,*,#3485,.F.);
#5164=ORIENTED_EDGE('',*,*,#3534,.T.);
#5165=ORIENTED_EDGE('',*,*,#3535,.F.);
#5166=ORIENTED_EDGE('',*,*,#3536,.F.);
#5167=ORIENTED_EDGE('',*,*,#3486,.F.);
#5168=ORIENTED_EDGE('',*,*,#3536,.T.);
#5169=ORIENTED_EDGE('',*,*,#3537,.F.);
#5170=ORIENTED_EDGE('',*,*,#3538,.F.);
#5171=ORIENTED_EDGE('',*,*,#3487,.F.);
#5172=ORIENTED_EDGE('',*,*,#3538,.T.);
#5173=ORIENTED_EDGE('',*,*,#3539,.F.);
#5174=ORIENTED_EDGE('',*,*,#3540,.F.);
#5175=ORIENTED_EDGE('',*,*,#3488,.F.);
#5176=ORIENTED_EDGE('',*,*,#3540,.T.);
#5177=ORIENTED_EDGE('',*,*,#3541,.F.);
#5178=ORIENTED_EDGE('',*,*,#3542,.F.);
#5179=ORIENTED_EDGE('',*,*,#3489,.F.);
#5180=ORIENTED_EDGE('',*,*,#3542,.T.);
#5181=ORIENTED_EDGE('',*,*,#3543,.F.);
#5182=ORIENTED_EDGE('',*,*,#3544,.F.);
#5183=ORIENTED_EDGE('',*,*,#3490,.F.);
#5184=ORIENTED_EDGE('',*,*,#3544,.T.);
#5185=ORIENTED_EDGE('',*,*,#3545,.F.);
#5186=ORIENTED_EDGE('',*,*,#3546,.F.);
#5187=ORIENTED_EDGE('',*,*,#3491,.F.);
#5188=ORIENTED_EDGE('',*,*,#3546,.T.);
#5189=ORIENTED_EDGE('',*,*,#3547,.F.);
#5190=ORIENTED_EDGE('',*,*,#3548,.F.);
#5191=ORIENTED_EDGE('',*,*,#3492,.F.);
#5192=ORIENTED_EDGE('',*,*,#3548,.T.);
#5193=ORIENTED_EDGE('',*,*,#3549,.F.);
#5194=ORIENTED_EDGE('',*,*,#3550,.F.);
#5195=ORIENTED_EDGE('',*,*,#3493,.F.);
#5196=ORIENTED_EDGE('',*,*,#3550,.T.);
#5197=ORIENTED_EDGE('',*,*,#3551,.F.);
#5198=ORIENTED_EDGE('',*,*,#3552,.F.);
#5199=ORIENTED_EDGE('',*,*,#3494,.F.);
#5200=ORIENTED_EDGE('',*,*,#3552,.T.);
#5201=ORIENTED_EDGE('',*,*,#3553,.F.);
#5202=ORIENTED_EDGE('',*,*,#3554,.F.);
#5203=ORIENTED_EDGE('',*,*,#3495,.F.);
#5204=ORIENTED_EDGE('',*,*,#3554,.T.);
#5205=ORIENTED_EDGE('',*,*,#3555,.F.);
#5206=ORIENTED_EDGE('',*,*,#3556,.F.);
#5207=ORIENTED_EDGE('',*,*,#3496,.F.);
#5208=ORIENTED_EDGE('',*,*,#3556,.T.);
#5209=ORIENTED_EDGE('',*,*,#3557,.F.);
#5210=ORIENTED_EDGE('',*,*,#3558,.F.);
#5211=ORIENTED_EDGE('',*,*,#3497,.F.);
#5212=ORIENTED_EDGE('',*,*,#3558,.T.);
#5213=ORIENTED_EDGE('',*,*,#3559,.F.);
#5214=ORIENTED_EDGE('',*,*,#3560,.F.);
#5215=ORIENTED_EDGE('',*,*,#3498,.F.);
#5216=ORIENTED_EDGE('',*,*,#3560,.T.);
#5217=ORIENTED_EDGE('',*,*,#3561,.F.);
#5218=ORIENTED_EDGE('',*,*,#3562,.F.);
#5219=ORIENTED_EDGE('',*,*,#3499,.F.);
#5220=ORIENTED_EDGE('',*,*,#3562,.T.);
#5221=ORIENTED_EDGE('',*,*,#3563,.F.);
#5222=ORIENTED_EDGE('',*,*,#3564,.F.);
#5223=ORIENTED_EDGE('',*,*,#3500,.F.);
#5224=ORIENTED_EDGE('',*,*,#3564,.T.);
#5225=ORIENTED_EDGE('',*,*,#3565,.F.);
#5226=ORIENTED_EDGE('',*,*,#3566,.F.);
#5227=ORIENTED_EDGE('',*,*,#3501,.F.);
#5228=ORIENTED_EDGE('',*,*,#3566,.T.);
#5229=ORIENTED_EDGE('',*,*,#3567,.F.);
#5230=ORIENTED_EDGE('',*,*,#3568,.F.);
#5231=ORIENTED_EDGE('',*,*,#3502,.F.);
#5232=ORIENTED_EDGE('',*,*,#3568,.T.);
#5233=ORIENTED_EDGE('',*,*,#3569,.F.);
#5234=ORIENTED_EDGE('',*,*,#3570,.F.);
#5235=ORIENTED_EDGE('',*,*,#3503,.F.);
#5236=ORIENTED_EDGE('',*,*,#3570,.T.);
#5237=ORIENTED_EDGE('',*,*,#3571,.F.);
#5238=ORIENTED_EDGE('',*,*,#3572,.F.);
#5239=ORIENTED_EDGE('',*,*,#3504,.F.);
#5240=ORIENTED_EDGE('',*,*,#3572,.T.);
#5241=ORIENTED_EDGE('',*,*,#3573,.F.);
#5242=ORIENTED_EDGE('',*,*,#3574,.F.);
#5243=ORIENTED_EDGE('',*,*,#3505,.F.);
#5244=ORIENTED_EDGE('',*,*,#3574,.T.);
#5245=ORIENTED_EDGE('',*,*,#3575,.F.);
#5246=ORIENTED_EDGE('',*,*,#3576,.F.);
#5247=ORIENTED_EDGE('',*,*,#3506,.F.);
#5248=ORIENTED_EDGE('',*,*,#3576,.T.);
#5249=ORIENTED_EDGE('',*,*,#3577,.F.);
#5250=ORIENTED_EDGE('',*,*,#3578,.F.);
#5251=ORIENTED_EDGE('',*,*,#3507,.F.);
#5252=ORIENTED_EDGE('',*,*,#3578,.T.);
#5253=ORIENTED_EDGE('',*,*,#3579,.F.);
#5254=ORIENTED_EDGE('',*,*,#3580,.F.);
#5255=ORIENTED_EDGE('',*,*,#3508,.F.);
#5256=ORIENTED_EDGE('',*,*,#3580,.T.);
#5257=ORIENTED_EDGE('',*,*,#3581,.F.);
#5258=ORIENTED_EDGE('',*,*,#3582,.F.);
#5259=ORIENTED_EDGE('',*,*,#3509,.F.);
#5260=ORIENTED_EDGE('',*,*,#3582,.T.);
#5261=ORIENTED_EDGE('',*,*,#3583,.F.);
#5262=ORIENTED_EDGE('',*,*,#3584,.F.);
#5263=ORIENTED_EDGE('',*,*,#3510,.F.);
#5264=ORIENTED_EDGE('',*,*,#3584,.T.);
#5265=ORIENTED_EDGE('',*,*,#3585,.F.);
#5266=ORIENTED_EDGE('',*,*,#3586,.F.);
#5267=ORIENTED_EDGE('',*,*,#3511,.F.);
#5268=ORIENTED_EDGE('',*,*,#3586,.T.);
#5269=ORIENTED_EDGE('',*,*,#3587,.F.);
#5270=ORIENTED_EDGE('',*,*,#3588,.F.);
#5271=ORIENTED_EDGE('',*,*,#3512,.F.);
#5272=ORIENTED_EDGE('',*,*,#3588,.T.);
#5273=ORIENTED_EDGE('',*,*,#3589,.F.);
#5274=ORIENTED_EDGE('',*,*,#3590,.F.);
#5275=ORIENTED_EDGE('',*,*,#3513,.F.);
#5276=ORIENTED_EDGE('',*,*,#3590,.T.);
#5277=ORIENTED_EDGE('',*,*,#3591,.F.);
#5278=ORIENTED_EDGE('',*,*,#3592,.F.);
#5279=ORIENTED_EDGE('',*,*,#3514,.F.);
#5280=ORIENTED_EDGE('',*,*,#3592,.T.);
#5281=ORIENTED_EDGE('',*,*,#3593,.F.);
#5282=ORIENTED_EDGE('',*,*,#3594,.F.);
#5283=ORIENTED_EDGE('',*,*,#3515,.F.);
#5284=ORIENTED_EDGE('',*,*,#3594,.T.);
#5285=ORIENTED_EDGE('',*,*,#3595,.F.);
#5286=ORIENTED_EDGE('',*,*,#3596,.F.);
#5287=ORIENTED_EDGE('',*,*,#3516,.F.);
#5288=ORIENTED_EDGE('',*,*,#3596,.T.);
#5289=ORIENTED_EDGE('',*,*,#3597,.F.);
#5290=ORIENTED_EDGE('',*,*,#3598,.F.);
#5291=ORIENTED_EDGE('',*,*,#3517,.F.);
#5292=ORIENTED_EDGE('',*,*,#3598,.T.);
#5293=ORIENTED_EDGE('',*,*,#3599,.F.);
#5294=ORIENTED_EDGE('',*,*,#3520,.F.);
#5295=ORIENTED_EDGE('',*,*,#3474,.T.);
#5296=ORIENTED_EDGE('',*,*,#3599,.T.);
#5297=ORIENTED_EDGE('',*,*,#3597,.T.);
#5298=ORIENTED_EDGE('',*,*,#3595,.T.);
#5299=ORIENTED_EDGE('',*,*,#3593,.T.);
#5300=ORIENTED_EDGE('',*,*,#3591,.T.);
#5301=ORIENTED_EDGE('',*,*,#3589,.T.);
#5302=ORIENTED_EDGE('',*,*,#3587,.T.);
#5303=ORIENTED_EDGE('',*,*,#3585,.T.);
#5304=ORIENTED_EDGE('',*,*,#3583,.T.);
#5305=ORIENTED_EDGE('',*,*,#3581,.T.);
#5306=ORIENTED_EDGE('',*,*,#3579,.T.);
#5307=ORIENTED_EDGE('',*,*,#3577,.T.);
#5308=ORIENTED_EDGE('',*,*,#3575,.T.);
#5309=ORIENTED_EDGE('',*,*,#3573,.T.);
#5310=ORIENTED_EDGE('',*,*,#3571,.T.);
#5311=ORIENTED_EDGE('',*,*,#3569,.T.);
#5312=ORIENTED_EDGE('',*,*,#3567,.T.);
#5313=ORIENTED_EDGE('',*,*,#3565,.T.);
#5314=ORIENTED_EDGE('',*,*,#3563,.T.);
#5315=ORIENTED_EDGE('',*,*,#3561,.T.);
#5316=ORIENTED_EDGE('',*,*,#3559,.T.);
#5317=ORIENTED_EDGE('',*,*,#3557,.T.);
#5318=ORIENTED_EDGE('',*,*,#3555,.T.);
#5319=ORIENTED_EDGE('',*,*,#3553,.T.);
#5320=ORIENTED_EDGE('',*,*,#3551,.T.);
#5321=ORIENTED_EDGE('',*,*,#3549,.T.);
#5322=ORIENTED_EDGE('',*,*,#3547,.T.);
#5323=ORIENTED_EDGE('',*,*,#3545,.T.);
#5324=ORIENTED_EDGE('',*,*,#3543,.T.);
#5325=ORIENTED_EDGE('',*,*,#3541,.T.);
#5326=ORIENTED_EDGE('',*,*,#3539,.T.);
#5327=ORIENTED_EDGE('',*,*,#3537,.T.);
#5328=ORIENTED_EDGE('',*,*,#3535,.T.);
#5329=ORIENTED_EDGE('',*,*,#3533,.T.);
#5330=ORIENTED_EDGE('',*,*,#3531,.T.);
#5331=ORIENTED_EDGE('',*,*,#3529,.T.);
#5332=ORIENTED_EDGE('',*,*,#3527,.T.);
#5333=ORIENTED_EDGE('',*,*,#3525,.T.);
#5334=ORIENTED_EDGE('',*,*,#3523,.T.);
#5335=ORIENTED_EDGE('',*,*,#3521,.T.);
#5336=CYLINDRICAL_SURFACE('',#5854,2.);
#5337=CYLINDRICAL_SURFACE('',#5857,8.);
#5338=CYLINDRICAL_SURFACE('',#5864,2.);
#5339=CYLINDRICAL_SURFACE('',#5867,4.5);
#5340=CYLINDRICAL_SURFACE('',#5870,2.);
#5341=CYLINDRICAL_SURFACE('',#5873,4.5);
#5342=CYLINDRICAL_SURFACE('',#5876,2.);
#5343=CYLINDRICAL_SURFACE('',#5879,14.0000000000004);
#5344=CYLINDRICAL_SURFACE('',#5893,1.05);
#5345=CYLINDRICAL_SURFACE('',#5895,1.05);
#5346=CYLINDRICAL_SURFACE('',#5897,3.);
#5347=CYLINDRICAL_SURFACE('',#5899,3.);
#5348=CYLINDRICAL_SURFACE('',#5901,3.);
#5349=CYLINDRICAL_SURFACE('',#5911,1.05);
#5350=CYLINDRICAL_SURFACE('',#5913,1.05);
#5351=CYLINDRICAL_SURFACE('',#5915,3.);
#5352=CYLINDRICAL_SURFACE('',#5917,3.);
#5353=CYLINDRICAL_SURFACE('',#5919,3.);
#5354=CYLINDRICAL_SURFACE('',#5923,1.15);
#5355=CYLINDRICAL_SURFACE('',#5926,3.);
#5356=CYLINDRICAL_SURFACE('',#5929,3.);
#5357=CYLINDRICAL_SURFACE('',#5932,3.);
#5358=CYLINDRICAL_SURFACE('',#5939,10.);
#5359=CYLINDRICAL_SURFACE('',#5944,1.15);
#5360=CYLINDRICAL_SURFACE('',#5947,3.);
#5361=CYLINDRICAL_SURFACE('',#5950,3.);
#5362=CYLINDRICAL_SURFACE('',#5953,3.);
#5363=CYLINDRICAL_SURFACE('',#5966,7.65);
#5364=CYLINDRICAL_SURFACE('',#5971,7.65);
#5365=CYLINDRICAL_SURFACE('',#5975,2.);
#5366=CYLINDRICAL_SURFACE('',#5978,7.17165365242869);
#5367=CYLINDRICAL_SURFACE('',#5981,2.99999999999991);
#5368=CYLINDRICAL_SURFACE('',#5984,2.);
#5369=CYLINDRICAL_SURFACE('',#5987,2.);
#5370=CYLINDRICAL_SURFACE('',#5990,70.0000016146499);
#5371=CYLINDRICAL_SURFACE('',#5997,2.);
#5372=CYLINDRICAL_SURFACE('',#6000,79.999999999998);
#5373=CYLINDRICAL_SURFACE('',#6007,2.99999999999993);
#5374=CYLINDRICAL_SURFACE('',#6010,7.1716536524289);
#5375=CYLINDRICAL_SURFACE('',#6018,1.05);
#5376=CYLINDRICAL_SURFACE('',#6021,1.05);
#5377=CYLINDRICAL_SURFACE('',#6024,3.);
#5378=CYLINDRICAL_SURFACE('',#6027,2.99999999999871);
#5379=CYLINDRICAL_SURFACE('',#6029,2.99999999999998);
#5380=CYLINDRICAL_SURFACE('',#6033,3.0000000000062);
#5381=CYLINDRICAL_SURFACE('',#6050,1.05);
#5382=CYLINDRICAL_SURFACE('',#6052,1.05);
#5383=CYLINDRICAL_SURFACE('',#6055,2.99999999999998);
#5384=CYLINDRICAL_SURFACE('',#6057,2.99999999999871);
#5385=CYLINDRICAL_SURFACE('',#6060,3.);
#5386=CYLINDRICAL_SURFACE('',#6063,2.99999999999993);
#5387=CYLINDRICAL_SURFACE('',#6064,2.99999999999991);
#5388=CYLINDRICAL_SURFACE('',#6066,3.0000000000062);
#5389=CYLINDRICAL_SURFACE('',#6070,41.8290481690211);
#5390=CYLINDRICAL_SURFACE('',#6074,4.);
#5391=CYLINDRICAL_SURFACE('',#6081,7.56766626729493);
#5392=CYLINDRICAL_SURFACE('',#6086,1.15);
#5393=CYLINDRICAL_SURFACE('',#6089,3.);
#5394=CYLINDRICAL_SURFACE('',#6092,5.99999999999999);
#5395=CYLINDRICAL_SURFACE('',#6095,6.00000000000001);
#5396=CYLINDRICAL_SURFACE('',#6108,5.21766616843848);
#5397=CYLINDRICAL_SURFACE('',#6113,5.21766636615137);
#5398=CYLINDRICAL_SURFACE('',#6118,0.999999999999996);
#5399=CYLINDRICAL_SURFACE('',#6127,3.61766642965063);
#5400=CYLINDRICAL_SURFACE('',#6136,3.61766610493921);
#5401=CYLINDRICAL_SURFACE('',#6147,90.);
#5402=CYLINDRICAL_SURFACE('',#6149,57.7136705535787);
#5403=CYLINDRICAL_SURFACE('',#6152,7.9999999990566);
#5404=CYLINDRICAL_SURFACE('',#6155,30.3039824981886);
#5405=CYLINDRICAL_SURFACE('',#6162,40.0000000000009);
#5406=CYLINDRICAL_SURFACE('',#6163,10.);
#5407=CYLINDRICAL_SURFACE('',#6165,4.1);
#5408=CYLINDRICAL_SURFACE('',#6169,6.05);
#5409=CYLINDRICAL_SURFACE('',#6180,6.05);
#5410=CYLINDRICAL_SURFACE('',#6183,1.);
#5411=CYLINDRICAL_SURFACE('',#6189,3.81766626729493);
#5412=CYLINDRICAL_SURFACE('',#6264,5.01766626729492);
#5413=CYLINDRICAL_SURFACE('',#6287,6.25);
#5414=CYLINDRICAL_SURFACE('',#6296,7.45);
#5415=CYLINDRICAL_SURFACE('',#6314,0.999999999999996);
#5416=CYLINDRICAL_SURFACE('',#6317,2.7);
#5417=CYLINDRICAL_SURFACE('',#6333,3.61766642965063);
#5418=CYLINDRICAL_SURFACE('',#6335,40.0000000000009);
#5419=CYLINDRICAL_SURFACE('',#6344,30.3039824981886);
#5420=CYLINDRICAL_SURFACE('',#6345,7.9999999990566);
#5421=CYLINDRICAL_SURFACE('',#6346,57.7136705535787);
#5422=CYLINDRICAL_SURFACE('',#6347,10.);
#5423=CYLINDRICAL_SURFACE('',#6348,90.);
#5424=CYLINDRICAL_SURFACE('',#6349,2.7);
#5425=CYLINDRICAL_SURFACE('',#6354,3.9);
#5426=CYLINDRICAL_SURFACE('',#6357,1.);
#5427=CYLINDRICAL_SURFACE('',#6363,2.7);
#5428=CYLINDRICAL_SURFACE('',#6369,1.15);
#5429=CYLINDRICAL_SURFACE('',#6373,3.);
#5430=CYLINDRICAL_SURFACE('',#6382,5.);
#5431=CYLINDRICAL_SURFACE('',#6387,1.);
#5432=ADVANCED_FACE('',(#669),#5336,.T.);
#5433=ADVANCED_FACE('',(#670),#5337,.F.);
#5434=ADVANCED_FACE('',(#671),#5338,.T.);
#5435=ADVANCED_FACE('',(#672),#5339,.F.);
#5436=ADVANCED_FACE('',(#673),#5340,.T.);
#5437=ADVANCED_FACE('',(#674),#5341,.F.);
#5438=ADVANCED_FACE('',(#675),#5342,.T.);
#5439=ADVANCED_FACE('',(#676),#5343,.T.);
#5440=ADVANCED_FACE('',(#677,#541),#591,.F.);
#5441=ADVANCED_FACE('',(#678,#542),#592,.F.);
#5442=ADVANCED_FACE('',(#679),#5344,.F.);
#5443=ADVANCED_FACE('',(#680),#5345,.F.);
#5444=ADVANCED_FACE('',(#681),#5346,.T.);
#5445=ADVANCED_FACE('',(#682),#5347,.T.);
#5446=ADVANCED_FACE('',(#683),#5348,.T.);
#5447=ADVANCED_FACE('',(#684,#543,#544),#593,.T.);
#5448=ADVANCED_FACE('',(#685,#545),#594,.F.);
#5449=ADVANCED_FACE('',(#686,#546),#595,.F.);
#5450=ADVANCED_FACE('',(#687),#5349,.F.);
#5451=ADVANCED_FACE('',(#688),#5350,.F.);
#5452=ADVANCED_FACE('',(#689),#5351,.T.);
#5453=ADVANCED_FACE('',(#690),#5352,.T.);
#5454=ADVANCED_FACE('',(#691),#5353,.T.);
#5455=ADVANCED_FACE('',(#692,#547,#548),#596,.T.);
#5456=ADVANCED_FACE('',(#693),#5354,.F.);
#5457=ADVANCED_FACE('',(#694),#5355,.T.);
#5458=ADVANCED_FACE('',(#695),#5356,.F.);
#5459=ADVANCED_FACE('',(#696),#5357,.F.);
#5460=ADVANCED_FACE('',(#697,#549),#597,.T.);
#5461=ADVANCED_FACE('',(#698,#550),#598,.F.);
#5462=ADVANCED_FACE('',(#699,#551,#552),#5358,.T.);
#5463=ADVANCED_FACE('',(#700),#5359,.F.);
#5464=ADVANCED_FACE('',(#701),#5360,.T.);
#5465=ADVANCED_FACE('',(#702),#5361,.F.);
#5466=ADVANCED_FACE('',(#703),#5362,.F.);
#5467=ADVANCED_FACE('',(#704,#553),#599,.T.);
#5468=ADVANCED_FACE('',(#705,#554),#600,.F.);
#5469=ADVANCED_FACE('',(#706),#491,.F.);
#5470=ADVANCED_FACE('',(#707),#483,.F.);
#5471=ADVANCED_FACE('',(#708),#5363,.F.);
#5472=ADVANCED_FACE('',(#709,#555),#601,.T.);
#5473=ADVANCED_FACE('',(#710,#556),#602,.T.);
#5474=ADVANCED_FACE('',(#711),#5364,.F.);
#5475=ADVANCED_FACE('',(#712),#484,.F.);
#5476=ADVANCED_FACE('',(#713),#5365,.T.);
#5477=ADVANCED_FACE('',(#714),#5366,.F.);
#5478=ADVANCED_FACE('',(#715),#5367,.T.);
#5479=ADVANCED_FACE('',(#716),#5368,.T.);
#5480=ADVANCED_FACE('',(#717),#5369,.T.);
#5481=ADVANCED_FACE('',(#718),#5370,.F.);
#5482=ADVANCED_FACE('',(#719),#5371,.T.);
#5483=ADVANCED_FACE('',(#720),#5372,.T.);
#5484=ADVANCED_FACE('',(#721),#5373,.T.);
#5485=ADVANCED_FACE('',(#722),#5374,.F.);
#5486=ADVANCED_FACE('',(#723,#557),#603,.F.);
#5487=ADVANCED_FACE('',(#724),#5375,.F.);
#5488=ADVANCED_FACE('',(#725),#5376,.F.);
#5489=ADVANCED_FACE('',(#726),#604,.T.);
#5490=ADVANCED_FACE('',(#727),#5377,.T.);
#5491=ADVANCED_FACE('',(#728),#605,.T.);
#5492=ADVANCED_FACE('',(#729),#5378,.F.);
#5493=ADVANCED_FACE('',(#730),#5379,.F.);
#5494=ADVANCED_FACE('',(#731),#606,.T.);
#5495=ADVANCED_FACE('',(#732),#5380,.T.);
#5496=ADVANCED_FACE('',(#733),#607,.T.);
#5497=ADVANCED_FACE('',(#734,#558),#608,.F.);
#5498=ADVANCED_FACE('',(#735,#559,#560),#609,.T.);
#5499=ADVANCED_FACE('',(#736,#561),#610,.F.);
#5500=ADVANCED_FACE('',(#737,#562),#611,.F.);
#5501=ADVANCED_FACE('',(#738),#5381,.F.);
#5502=ADVANCED_FACE('',(#739),#5382,.F.);
#5503=ADVANCED_FACE('',(#740),#612,.T.);
#5504=ADVANCED_FACE('',(#741),#5383,.F.);
#5505=ADVANCED_FACE('',(#742),#5384,.F.);
#5506=ADVANCED_FACE('',(#743),#613,.T.);
#5507=ADVANCED_FACE('',(#744),#5385,.T.);
#5508=ADVANCED_FACE('',(#745),#614,.T.);
#5509=ADVANCED_FACE('',(#746),#5386,.T.);
#5510=ADVANCED_FACE('',(#747),#5387,.T.);
#5511=ADVANCED_FACE('',(#748),#615,.T.);
#5512=ADVANCED_FACE('',(#749),#5388,.T.);
#5513=ADVANCED_FACE('',(#750,#563,#564),#616,.T.);
#5514=ADVANCED_FACE('',(#751),#5389,.F.);
#5515=ADVANCED_FACE('',(#752),#617,.T.);
#5516=ADVANCED_FACE('',(#753),#5390,.T.);
#5517=ADVANCED_FACE('',(#754),#618,.T.);
#5518=ADVANCED_FACE('',(#755),#619,.F.);
#5519=ADVANCED_FACE('',(#756,#565),#5391,.T.);
#5520=ADVANCED_FACE('',(#757),#5392,.F.);
#5521=ADVANCED_FACE('',(#758),#5393,.T.);
#5522=ADVANCED_FACE('',(#759),#5394,.F.);
#5523=ADVANCED_FACE('',(#760),#5395,.F.);
#5524=ADVANCED_FACE('',(#761,#566),#620,.T.);
#5525=ADVANCED_FACE('',(#762,#567),#621,.F.);
#5526=ADVANCED_FACE('',(#763),#492,.F.);
#5527=ADVANCED_FACE('',(#764),#485,.F.);
#5528=ADVANCED_FACE('',(#765),#5396,.F.);
#5529=ADVANCED_FACE('',(#766,#568),#622,.T.);
#5530=ADVANCED_FACE('',(#767,#569),#623,.T.);
#5531=ADVANCED_FACE('',(#768),#5397,.F.);
#5532=ADVANCED_FACE('',(#769),#486,.F.);
#5533=ADVANCED_FACE('',(#770),#5398,.F.);
#5534=ADVANCED_FACE('',(#771),#624,.T.);
#5535=ADVANCED_FACE('',(#772,#570),#625,.F.);
#5536=ADVANCED_FACE('',(#773,#571),#626,.F.);
#5537=ADVANCED_FACE('',(#774),#5399,.T.);
#5538=ADVANCED_FACE('',(#775),#493,.F.);
#5539=ADVANCED_FACE('',(#776),#487,.T.);
#5540=ADVANCED_FACE('',(#777),#5400,.T.);
#5541=ADVANCED_FACE('',(#778),#488,.T.);
#5542=ADVANCED_FACE('',(#779,#572),#627,.T.);
#5543=ADVANCED_FACE('',(#780),#5401,.T.);
#5544=ADVANCED_FACE('',(#781),#5402,.T.);
#5545=ADVANCED_FACE('',(#782),#5403,.T.);
#5546=ADVANCED_FACE('',(#783),#5404,.F.);
#5547=ADVANCED_FACE('',(#784),#628,.F.);
#5548=ADVANCED_FACE('',(#785),#5405,.F.);
#5549=ADVANCED_FACE('',(#786),#5406,.T.);
#5550=ADVANCED_FACE('',(#787),#5407,.F.);
#5551=ADVANCED_FACE('',(#788,#573),#629,.T.);
#5552=ADVANCED_FACE('',(#789),#5408,.T.);
#5553=ADVANCED_FACE('',(#790),#489,.T.);
#5554=ADVANCED_FACE('',(#791),#494,.F.);
#5555=ADVANCED_FACE('',(#792),#490,.T.);
#5556=ADVANCED_FACE('',(#793),#5409,.T.);
#5557=ADVANCED_FACE('',(#794,#574),#630,.F.);
#5558=ADVANCED_FACE('',(#795),#5410,.F.);
#5559=ADVANCED_FACE('',(#796),#82,.T.);
#5560=ADVANCED_FACE('',(#797),#83,.T.);
#5561=ADVANCED_FACE('',(#798),#84,.T.);
#5562=ADVANCED_FACE('',(#799),#85,.T.);
#5563=ADVANCED_FACE('',(#800),#86,.T.);
#5564=ADVANCED_FACE('',(#801),#87,.T.);
#5565=ADVANCED_FACE('',(#802),#88,.T.);
#5566=ADVANCED_FACE('',(#803),#89,.T.);
#5567=ADVANCED_FACE('',(#804),#90,.T.);
#5568=ADVANCED_FACE('',(#805),#91,.T.);
#5569=ADVANCED_FACE('',(#806),#92,.T.);
#5570=ADVANCED_FACE('',(#807),#93,.T.);
#5571=ADVANCED_FACE('',(#808),#94,.T.);
#5572=ADVANCED_FACE('',(#809),#95,.T.);
#5573=ADVANCED_FACE('',(#810),#96,.T.);
#5574=ADVANCED_FACE('',(#811),#97,.T.);
#5575=ADVANCED_FACE('',(#812),#98,.T.);
#5576=ADVANCED_FACE('',(#813),#99,.T.);
#5577=ADVANCED_FACE('',(#814),#100,.T.);
#5578=ADVANCED_FACE('',(#815),#101,.T.);
#5579=ADVANCED_FACE('',(#816),#102,.T.);
#5580=ADVANCED_FACE('',(#817),#103,.T.);
#5581=ADVANCED_FACE('',(#818),#104,.T.);
#5582=ADVANCED_FACE('',(#819),#105,.T.);
#5583=ADVANCED_FACE('',(#820),#106,.T.);
#5584=ADVANCED_FACE('',(#821),#107,.T.);
#5585=ADVANCED_FACE('',(#822),#108,.T.);
#5586=ADVANCED_FACE('',(#823),#109,.T.);
#5587=ADVANCED_FACE('',(#824),#110,.T.);
#5588=ADVANCED_FACE('',(#825),#111,.T.);
#5589=ADVANCED_FACE('',(#826),#112,.T.);
#5590=ADVANCED_FACE('',(#827),#113,.T.);
#5591=ADVANCED_FACE('',(#828),#114,.T.);
#5592=ADVANCED_FACE('',(#829),#115,.T.);
#5593=ADVANCED_FACE('',(#830),#116,.T.);
#5594=ADVANCED_FACE('',(#831),#117,.T.);
#5595=ADVANCED_FACE('',(#832),#118,.T.);
#5596=ADVANCED_FACE('',(#833),#119,.T.);
#5597=ADVANCED_FACE('',(#834),#120,.T.);
#5598=ADVANCED_FACE('',(#835),#121,.T.);
#5599=ADVANCED_FACE('',(#836,#575),#631,.F.);
#5600=ADVANCED_FACE('',(#837),#495,.T.);
#5601=ADVANCED_FACE('',(#838),#5411,.F.);
#5602=ADVANCED_FACE('',(#839),#51,.F.);
#5603=ADVANCED_FACE('',(#840),#496,.T.);
#5604=ADVANCED_FACE('',(#841),#497,.T.);
#5605=ADVANCED_FACE('',(#842),#52,.F.);
#5606=ADVANCED_FACE('',(#843),#498,.T.);
#5607=ADVANCED_FACE('',(#844),#499,.T.);
#5608=ADVANCED_FACE('',(#845),#53,.F.);
#5609=ADVANCED_FACE('',(#846),#500,.T.);
#5610=ADVANCED_FACE('',(#847),#501,.T.);
#5611=ADVANCED_FACE('',(#848),#632,.F.);
#5612=ADVANCED_FACE('',(#849),#502,.T.);
#5613=ADVANCED_FACE('',(#850),#633,.F.);
#5614=ADVANCED_FACE('',(#851),#634,.F.);
#5615=ADVANCED_FACE('',(#852),#635,.F.);
#5616=ADVANCED_FACE('',(#853),#636,.F.);
#5617=ADVANCED_FACE('',(#854),#637,.F.);
#5618=ADVANCED_FACE('',(#855),#638,.F.);
#5619=ADVANCED_FACE('',(#856),#639,.F.);
#5620=ADVANCED_FACE('',(#857),#640,.T.);
#5621=ADVANCED_FACE('',(#858),#641,.T.);
#5622=ADVANCED_FACE('',(#859),#642,.T.);
#5623=ADVANCED_FACE('',(#860),#643,.T.);
#5624=ADVANCED_FACE('',(#861),#644,.T.);
#5625=ADVANCED_FACE('',(#862),#5412,.T.);
#5626=ADVANCED_FACE('',(#863),#54,.F.);
#5627=ADVANCED_FACE('',(#864),#503,.T.);
#5628=ADVANCED_FACE('',(#865),#645,.F.);
#5629=ADVANCED_FACE('',(#866),#504,.T.);
#5630=ADVANCED_FACE('',(#867),#646,.F.);
#5631=ADVANCED_FACE('',(#868),#55,.F.);
#5632=ADVANCED_FACE('',(#869,#576),#647,.T.);
#5633=ADVANCED_FACE('',(#870),#122,.F.);
#5634=ADVANCED_FACE('',(#871),#123,.F.);
#5635=ADVANCED_FACE('',(#872),#648,.T.);
#5636=ADVANCED_FACE('',(#873),#5413,.F.);
#5637=ADVANCED_FACE('',(#874),#124,.F.);
#5638=ADVANCED_FACE('',(#875),#649,.T.);
#5639=ADVANCED_FACE('',(#876),#125,.F.);
#5640=ADVANCED_FACE('',(#877),#5414,.T.);
#5641=ADVANCED_FACE('',(#878),#126,.F.);
#5642=ADVANCED_FACE('',(#879),#127,.F.);
#5643=ADVANCED_FACE('',(#880),#650,.T.);
#5644=ADVANCED_FACE('',(#881),#128,.F.);
#5645=ADVANCED_FACE('',(#882),#129,.F.);
#5646=ADVANCED_FACE('',(#883),#130,.F.);
#5647=ADVANCED_FACE('',(#884),#131,.F.);
#5648=ADVANCED_FACE('',(#885),#651,.T.);
#5649=ADVANCED_FACE('',(#886),#132,.F.);
#5650=ADVANCED_FACE('',(#887),#133,.F.);
#5651=ADVANCED_FACE('',(#888),#134,.F.);
#5652=ADVANCED_FACE('',(#889),#135,.F.);
#5653=ADVANCED_FACE('',(#890),#652,.T.);
#5654=ADVANCED_FACE('',(#891),#136,.F.);
#5655=ADVANCED_FACE('',(#892),#137,.F.);
#5656=ADVANCED_FACE('',(#893),#138,.F.);
#5657=ADVANCED_FACE('',(#894),#56,.F.);
#5658=ADVANCED_FACE('',(#895),#139,.F.);
#5659=ADVANCED_FACE('',(#896),#140,.F.);
#5660=ADVANCED_FACE('',(#897),#141,.F.);
#5661=ADVANCED_FACE('',(#898),#653,.T.);
#5662=ADVANCED_FACE('',(#899),#57,.F.);
#5663=ADVANCED_FACE('',(#900),#58,.F.);
#5664=ADVANCED_FACE('',(#901),#59,.F.);
#5665=ADVANCED_FACE('',(#902),#60,.F.);
#5666=ADVANCED_FACE('',(#903),#142,.F.);
#5667=ADVANCED_FACE('',(#904),#61,.F.);
#5668=ADVANCED_FACE('',(#905),#143,.F.);
#5669=ADVANCED_FACE('',(#906),#144,.F.);
#5670=ADVANCED_FACE('',(#907),#145,.F.);
#5671=ADVANCED_FACE('',(#908,#577),#654,.T.);
#5672=ADVANCED_FACE('',(#909),#5415,.F.);
#5673=ADVANCED_FACE('',(#910),#5416,.F.);
#5674=ADVANCED_FACE('',(#911,#578),#655,.T.);
#5675=ADVANCED_FACE('',(#912,#579,#580),#656,.T.);
#5676=ADVANCED_FACE('',(#913,#581,#582),#657,.T.);
#5677=ADVANCED_FACE('',(#914),#5417,.T.);
#5678=ADVANCED_FACE('',(#915),#5418,.F.);
#5679=ADVANCED_FACE('',(#916),#658,.F.);
#5680=ADVANCED_FACE('',(#917),#5419,.F.);
#5681=ADVANCED_FACE('',(#918),#5420,.T.);
#5682=ADVANCED_FACE('',(#919),#5421,.T.);
#5683=ADVANCED_FACE('',(#920),#5422,.T.);
#5684=ADVANCED_FACE('',(#921),#5423,.T.);
#5685=ADVANCED_FACE('',(#922),#5424,.F.);
#5686=ADVANCED_FACE('',(#923,#583),#659,.T.);
#5687=ADVANCED_FACE('',(#924),#5425,.T.);
#5688=ADVANCED_FACE('',(#925,#584),#660,.F.);
#5689=ADVANCED_FACE('',(#926),#5426,.F.);
#5690=ADVANCED_FACE('',(#927),#5427,.F.);
#5691=ADVANCED_FACE('',(#928,#585),#661,.T.);
#5692=ADVANCED_FACE('',(#929),#662,.T.);
#5693=ADVANCED_FACE('',(#930),#5428,.F.);
#5694=ADVANCED_FACE('',(#931),#663,.T.);
#5695=ADVANCED_FACE('',(#932),#5429,.T.);
#5696=ADVANCED_FACE('',(#933,#586),#664,.T.);
#5697=ADVANCED_FACE('',(#934,#587),#665,.T.);
#5698=ADVANCED_FACE('',(#935),#5430,.T.);
#5699=ADVANCED_FACE('',(#936,#588),#666,.F.);
#5700=ADVANCED_FACE('',(#937),#5431,.F.);
#5701=ADVANCED_FACE('',(#938,#589),#667,.T.);
#5702=ADVANCED_FACE('',(#939),#146,.T.);
#5703=ADVANCED_FACE('',(#940),#147,.T.);
#5704=ADVANCED_FACE('',(#941),#148,.T.);
#5705=ADVANCED_FACE('',(#942),#149,.T.);
#5706=ADVANCED_FACE('',(#943),#150,.T.);
#5707=ADVANCED_FACE('',(#944),#151,.T.);
#5708=ADVANCED_FACE('',(#945),#152,.T.);
#5709=ADVANCED_FACE('',(#946),#153,.T.);
#5710=ADVANCED_FACE('',(#947),#154,.T.);
#5711=ADVANCED_FACE('',(#948),#155,.T.);
#5712=ADVANCED_FACE('',(#949),#156,.T.);
#5713=ADVANCED_FACE('',(#950),#157,.T.);
#5714=ADVANCED_FACE('',(#951),#158,.T.);
#5715=ADVANCED_FACE('',(#952),#159,.T.);
#5716=ADVANCED_FACE('',(#953),#160,.T.);
#5717=ADVANCED_FACE('',(#954),#161,.T.);
#5718=ADVANCED_FACE('',(#955),#162,.T.);
#5719=ADVANCED_FACE('',(#956),#163,.T.);
#5720=ADVANCED_FACE('',(#957),#164,.T.);
#5721=ADVANCED_FACE('',(#958),#165,.T.);
#5722=ADVANCED_FACE('',(#959),#166,.T.);
#5723=ADVANCED_FACE('',(#960),#167,.T.);
#5724=ADVANCED_FACE('',(#961),#168,.T.);
#5725=ADVANCED_FACE('',(#962),#169,.T.);
#5726=ADVANCED_FACE('',(#963),#170,.T.);
#5727=ADVANCED_FACE('',(#964),#171,.T.);
#5728=ADVANCED_FACE('',(#965),#172,.T.);
#5729=ADVANCED_FACE('',(#966),#173,.T.);
#5730=ADVANCED_FACE('',(#967),#174,.T.);
#5731=ADVANCED_FACE('',(#968),#175,.T.);
#5732=ADVANCED_FACE('',(#969),#176,.T.);
#5733=ADVANCED_FACE('',(#970),#177,.T.);
#5734=ADVANCED_FACE('',(#971),#178,.T.);
#5735=ADVANCED_FACE('',(#972),#179,.T.);
#5736=ADVANCED_FACE('',(#973),#180,.T.);
#5737=ADVANCED_FACE('',(#974),#181,.T.);
#5738=ADVANCED_FACE('',(#975),#182,.T.);
#5739=ADVANCED_FACE('',(#976),#183,.T.);
#5740=ADVANCED_FACE('',(#977),#184,.T.);
#5741=ADVANCED_FACE('',(#978),#185,.T.);
#5742=ADVANCED_FACE('',(#979,#590),#668,.F.);
#5743=CLOSED_SHELL('',(#5432,#5433,#5434,#5435,#5436,#5437,#5438,#5439,
#5440,#5441,#5442,#5443,#5444,#5445,#5446,#5447,#5448,#5449,#5450,#5451,
#5452,#5453,#5454,#5455));
#5744=CLOSED_SHELL('',(#5456,#5457,#5458,#5459,#5460,#5461,#5462,#5463,
#5464,#5465,#5466,#5467,#5468,#5469,#5470,#5471,#5472,#5473,#5474,#5475));
#5745=CLOSED_SHELL('',(#5476,#5477,#5478,#5479,#5480,#5481,#5482,#5483,
#5484,#5485,#5486,#5487,#5488,#5489,#5490,#5491,#5492,#5493,#5494,#5495,
#5496,#5497,#5498,#5499,#5500,#5501,#5502,#5503,#5504,#5505,#5506,#5507,
#5508,#5509,#5510,#5511,#5512,#5513));
#5746=CLOSED_SHELL('',(#5514,#5515,#5516,#5517,#5518,#5519,#5520,#5521,
#5522,#5523,#5524,#5525,#5526,#5527,#5528,#5529,#5530,#5531,#5532));
#5747=CLOSED_SHELL('',(#5533,#5534,#5535,#5536,#5537,#5538,#5539,#5540,
#5541,#5542,#5543,#5544,#5545,#5546,#5547,#5548,#5549,#5550,#5551,#5552,
#5553,#5554,#5555,#5556,#5557,#5558,#5559,#5560,#5561,#5562,#5563,#5564,
#5565,#5566,#5567,#5568,#5569,#5570,#5571,#5572,#5573,#5574,#5575,#5576,
#5577,#5578,#5579,#5580,#5581,#5582,#5583,#5584,#5585,#5586,#5587,#5588,
#5589,#5590,#5591,#5592,#5593,#5594,#5595,#5596,#5597,#5598,#5599));
#5748=CLOSED_SHELL('',(#5600,#5601,#5602,#5603,#5604,#5605,#5606,#5607,
#5608,#5609,#5610,#5611,#5612,#5613,#5614,#5615,#5616,#5617,#5618,#5619,
#5620,#5621,#5622,#5623,#5624,#5625,#5626,#5627,#5628,#5629,#5630,#5631,
#5632));
#5749=CLOSED_SHELL('',(#5633,#5634,#5635,#5636,#5637,#5638,#5639,#5640,
#5641,#5642,#5643,#5644,#5645,#5646,#5647,#5648,#5649,#5650,#5651,#5652,
#5653,#5654,#5655,#5656,#5657,#5658,#5659,#5660,#5661,#5662,#5663,#5664,
#5665,#5666,#5667,#5668,#5669,#5670,#5671));
#5750=CLOSED_SHELL('',(#5672,#5673,#5674,#5675,#5676,#5677,#5678,#5679,
#5680,#5681,#5682,#5683,#5684,#5685,#5686,#5687,#5688,#5689));
#5751=CLOSED_SHELL('',(#5690,#5691,#5692,#5693,#5694,#5695,#5696,#5697,
#5698,#5699,#5700,#5701,#5702,#5703,#5704,#5705,#5706,#5707,#5708,#5709,
#5710,#5711,#5712,#5713,#5714,#5715,#5716,#5717,#5718,#5719,#5720,#5721,
#5722,#5723,#5724,#5725,#5726,#5727,#5728,#5729,#5730,#5731,#5732,#5733,
#5734,#5735,#5736,#5737,#5738,#5739,#5740,#5741,#5742));
#5752=DERIVED_UNIT_ELEMENT(#5770,1.);
#5753=DERIVED_UNIT_ELEMENT(#13211,-3.);
#5754=DERIVED_UNIT_ELEMENT(#5770,1.);
#5755=DERIVED_UNIT_ELEMENT(#13211,-3.);
#5756=DERIVED_UNIT_ELEMENT(#5770,1.);
#5757=DERIVED_UNIT_ELEMENT(#13211,-3.);
#5758=DERIVED_UNIT_ELEMENT(#5770,1.);
#5759=DERIVED_UNIT_ELEMENT(#13211,-3.);
#5760=DERIVED_UNIT_ELEMENT(#5770,1.);
#5761=DERIVED_UNIT_ELEMENT(#13211,-3.);
#5762=DERIVED_UNIT_ELEMENT(#5770,1.);
#5763=DERIVED_UNIT_ELEMENT(#13211,-3.);
#5764=DERIVED_UNIT_ELEMENT(#5770,1.);
#5765=DERIVED_UNIT_ELEMENT(#13211,-3.);
#5766=DERIVED_UNIT_ELEMENT(#5770,1.);
#5767=DERIVED_UNIT_ELEMENT(#13211,-3.);
#5768=DERIVED_UNIT_ELEMENT(#5770,1.);
#5769=DERIVED_UNIT_ELEMENT(#13211,-3.);
#5770=(
MASS_UNIT()
NAMED_UNIT(*)
SI_UNIT(.KILO.,.GRAM.)
);
#5771=DERIVED_UNIT((#5752,#5753));
#5772=DERIVED_UNIT((#5754,#5755));
#5773=DERIVED_UNIT((#5756,#5757));
#5774=DERIVED_UNIT((#5758,#5759));
#5775=DERIVED_UNIT((#5760,#5761));
#5776=DERIVED_UNIT((#5762,#5763));
#5777=DERIVED_UNIT((#5764,#5765));
#5778=DERIVED_UNIT((#5766,#5767));
#5779=DERIVED_UNIT((#5768,#5769));
#5780=MEASURE_REPRESENTATION_ITEM('density measure',
POSITIVE_RATIO_MEASURE(7850.),#5771);
#5781=MEASURE_REPRESENTATION_ITEM('density measure',
POSITIVE_RATIO_MEASURE(7850.),#5772);
#5782=MEASURE_REPRESENTATION_ITEM('density measure',
POSITIVE_RATIO_MEASURE(7850.),#5773);
#5783=MEASURE_REPRESENTATION_ITEM('density measure',
POSITIVE_RATIO_MEASURE(7850.),#5774);
#5784=MEASURE_REPRESENTATION_ITEM('density measure',
POSITIVE_RATIO_MEASURE(7850.),#5775);
#5785=MEASURE_REPRESENTATION_ITEM('density measure',
POSITIVE_RATIO_MEASURE(7850.),#5776);
#5786=MEASURE_REPRESENTATION_ITEM('density measure',
POSITIVE_RATIO_MEASURE(7850.),#5777);
#5787=MEASURE_REPRESENTATION_ITEM('density measure',
POSITIVE_RATIO_MEASURE(7850.),#5778);
#5788=MEASURE_REPRESENTATION_ITEM('density measure',
POSITIVE_RATIO_MEASURE(7850.),#5779);
#5789=PROPERTY_DEFINITION_REPRESENTATION(#5834,#5807);
#5790=PROPERTY_DEFINITION_REPRESENTATION(#5835,#5808);
#5791=PROPERTY_DEFINITION_REPRESENTATION(#5836,#5809);
#5792=PROPERTY_DEFINITION_REPRESENTATION(#5837,#5810);
#5793=PROPERTY_DEFINITION_REPRESENTATION(#5838,#5811);
#5794=PROPERTY_DEFINITION_REPRESENTATION(#5839,#5812);
#5795=PROPERTY_DEFINITION_REPRESENTATION(#5840,#5813);
#5796=PROPERTY_DEFINITION_REPRESENTATION(#5841,#5814);
#5797=PROPERTY_DEFINITION_REPRESENTATION(#5842,#5815);
#5798=PROPERTY_DEFINITION_REPRESENTATION(#5843,#5816);
#5799=PROPERTY_DEFINITION_REPRESENTATION(#5844,#5817);
#5800=PROPERTY_DEFINITION_REPRESENTATION(#5845,#5818);
#5801=PROPERTY_DEFINITION_REPRESENTATION(#5846,#5819);
#5802=PROPERTY_DEFINITION_REPRESENTATION(#5847,#5820);
#5803=PROPERTY_DEFINITION_REPRESENTATION(#5848,#5821);
#5804=PROPERTY_DEFINITION_REPRESENTATION(#5849,#5822);
#5805=PROPERTY_DEFINITION_REPRESENTATION(#5850,#5823);
#5806=PROPERTY_DEFINITION_REPRESENTATION(#5851,#5824);
#5807=REPRESENTATION('material name',(#5825),#13199);
#5808=REPRESENTATION('density',(#5780),#13199);
#5809=REPRESENTATION('material name',(#5826),#13200);
#5810=REPRESENTATION('density',(#5781),#13200);
#5811=REPRESENTATION('material name',(#5827),#13201);
#5812=REPRESENTATION('density',(#5782),#13201);
#5813=REPRESENTATION('material name',(#5828),#13202);
#5814=REPRESENTATION('density',(#5783),#13202);
#5815=REPRESENTATION('material name',(#5829),#13204);
#5816=REPRESENTATION('density',(#5784),#13204);
#5817=REPRESENTATION('material name',(#5830),#13205);
#5818=REPRESENTATION('density',(#5785),#13205);
#5819=REPRESENTATION('material name',(#5831),#13206);
#5820=REPRESENTATION('density',(#5786),#13206);
#5821=REPRESENTATION('material name',(#5832),#13207);
#5822=REPRESENTATION('density',(#5787),#13207);
#5823=REPRESENTATION('material name',(#5833),#13208);
#5824=REPRESENTATION('density',(#5788),#13208);
#5825=DESCRIPTIVE_REPRESENTATION_ITEM('\X2\94A2\X0\','\X2\94A2\X0\');
#5826=DESCRIPTIVE_REPRESENTATION_ITEM('\X2\94A2\X0\','\X2\94A2\X0\');
#5827=DESCRIPTIVE_REPRESENTATION_ITEM('\X2\94A2\X0\','\X2\94A2\X0\');
#5828=DESCRIPTIVE_REPRESENTATION_ITEM('\X2\94A2\X0\','\X2\94A2\X0\');
#5829=DESCRIPTIVE_REPRESENTATION_ITEM('\X2\94A2\X0\','\X2\94A2\X0\');
#5830=DESCRIPTIVE_REPRESENTATION_ITEM('\X2\94A2\X0\','\X2\94A2\X0\');
#5831=DESCRIPTIVE_REPRESENTATION_ITEM('\X2\94A2\X0\','\X2\94A2\X0\');
#5832=DESCRIPTIVE_REPRESENTATION_ITEM('\X2\94A2\X0\','\X2\94A2\X0\');
#5833=DESCRIPTIVE_REPRESENTATION_ITEM('\X2\94A2\X0\','\X2\94A2\X0\');
#5834=PROPERTY_DEFINITION('material property','material name',#13259);
#5835=PROPERTY_DEFINITION('material property','density of part',#13259);
#5836=PROPERTY_DEFINITION('material property','material name',#13260);
#5837=PROPERTY_DEFINITION('material property','density of part',#13260);
#5838=PROPERTY_DEFINITION('material property','material name',#13261);
#5839=PROPERTY_DEFINITION('material property','density of part',#13261);
#5840=PROPERTY_DEFINITION('material property','material name',#13262);
#5841=PROPERTY_DEFINITION('material property','density of part',#13262);
#5842=PROPERTY_DEFINITION('material property','material name',#13264);
#5843=PROPERTY_DEFINITION('material property','density of part',#13264);
#5844=PROPERTY_DEFINITION('material property','material name',#13265);
#5845=PROPERTY_DEFINITION('material property','density of part',#13265);
#5846=PROPERTY_DEFINITION('material property','material name',#13266);
#5847=PROPERTY_DEFINITION('material property','density of part',#13266);
#5848=PROPERTY_DEFINITION('material property','material name',#13267);
#5849=PROPERTY_DEFINITION('material property','density of part',#13267);
#5850=PROPERTY_DEFINITION('material property','material name',#13268);
#5851=PROPERTY_DEFINITION('material property','density of part',#13268);
#5852=AXIS2_PLACEMENT_3D('',#7739,#6396,#6397);
#5853=AXIS2_PLACEMENT_3D('',#7740,#6398,#6399);
#5854=AXIS2_PLACEMENT_3D('',#7741,#6400,#6401);
#5855=AXIS2_PLACEMENT_3D('',#7744,#6402,#6403);
#5856=AXIS2_PLACEMENT_3D('',#7748,#6405,#6406);
#5857=AXIS2_PLACEMENT_3D('',#7750,#6408,#6409);
#5858=AXIS2_PLACEMENT_3D('',#7752,#6410,#6411);
#5859=AXIS2_PLACEMENT_3D('',#7754,#6412,#6413);
#5860=AXIS2_PLACEMENT_3D('',#7758,#6415,#6416);
#5861=AXIS2_PLACEMENT_3D('',#7762,#6418,#6419);
#5862=AXIS2_PLACEMENT_3D('',#7766,#6421,#6422);
#5863=AXIS2_PLACEMENT_3D('',#7770,#6424,#6425);
#5864=AXIS2_PLACEMENT_3D('',#7772,#6427,#6428);
#5865=AXIS2_PLACEMENT_3D('',#7775,#6429,#6430);
#5866=AXIS2_PLACEMENT_3D('',#7779,#6432,#6433);
#5867=AXIS2_PLACEMENT_3D('',#7781,#6435,#6436);
#5868=AXIS2_PLACEMENT_3D('',#7782,#6437,#6438);
#5869=AXIS2_PLACEMENT_3D('',#7783,#6439,#6440);
#5870=AXIS2_PLACEMENT_3D('',#7784,#6441,#6442);
#5871=AXIS2_PLACEMENT_3D('',#7786,#6443,#6444);
#5872=AXIS2_PLACEMENT_3D('',#7789,#6446,#6447);
#5873=AXIS2_PLACEMENT_3D('',#7790,#6448,#6449);
#5874=AXIS2_PLACEMENT_3D('',#7792,#6450,#6451);
#5875=AXIS2_PLACEMENT_3D('',#7795,#6453,#6454);
#5876=AXIS2_PLACEMENT_3D('',#7796,#6455,#6456);
#5877=AXIS2_PLACEMENT_3D('',#7798,#6457,#6458);
#5878=AXIS2_PLACEMENT_3D('',#7801,#6460,#6461);
#5879=AXIS2_PLACEMENT_3D('',#7802,#6462,#6463);
#5880=AXIS2_PLACEMENT_3D('',#7804,#6464,#6465);
#5881=AXIS2_PLACEMENT_3D('',#7808,#6467,#6468);
#5882=AXIS2_PLACEMENT_3D('',#7811,#6470,#6471);
#5883=AXIS2_PLACEMENT_3D('',#7813,#6472,#6473);
#5884=AXIS2_PLACEMENT_3D('',#7817,#6475,#6476);
#5885=AXIS2_PLACEMENT_3D('',#7820,#6478,#6479);
#5886=AXIS2_PLACEMENT_3D('',#7821,#6480,#6481);
#5887=AXIS2_PLACEMENT_3D('',#7823,#6482,#6483);
#5888=AXIS2_PLACEMENT_3D('',#7824,#6484,#6485);
#5889=AXIS2_PLACEMENT_3D('',#7826,#6486,#6487);
#5890=AXIS2_PLACEMENT_3D('',#7827,#6488,#6489);
#5891=AXIS2_PLACEMENT_3D('',#7828,#6490,#6491);
#5892=AXIS2_PLACEMENT_3D('',#7830,#6492,#6493);
#5893=AXIS2_PLACEMENT_3D('',#7831,#6494,#6495);
#5894=AXIS2_PLACEMENT_3D('',#7833,#6496,#6497);
#5895=AXIS2_PLACEMENT_3D('',#7835,#6499,#6500);
#5896=AXIS2_PLACEMENT_3D('',#7837,#6501,#6502);
#5897=AXIS2_PLACEMENT_3D('',#7839,#6504,#6505);
#5898=AXIS2_PLACEMENT_3D('',#7842,#6507,#6508);
#5899=AXIS2_PLACEMENT_3D('',#7843,#6509,#6510);
#5900=AXIS2_PLACEMENT_3D('',#7844,#6511,#6512);
#5901=AXIS2_PLACEMENT_3D('',#7845,#6513,#6514);
#5902=AXIS2_PLACEMENT_3D('',#7846,#6515,#6516);
#5903=AXIS2_PLACEMENT_3D('',#7847,#6517,#6518);
#5904=AXIS2_PLACEMENT_3D('',#7848,#6519,#6520);
#5905=AXIS2_PLACEMENT_3D('',#7850,#6521,#6522);
#5906=AXIS2_PLACEMENT_3D('',#7851,#6523,#6524);
#5907=AXIS2_PLACEMENT_3D('',#7853,#6525,#6526);
#5908=AXIS2_PLACEMENT_3D('',#7854,#6527,#6528);
#5909=AXIS2_PLACEMENT_3D('',#7855,#6529,#6530);
#5910=AXIS2_PLACEMENT_3D('',#7857,#6531,#6532);
#5911=AXIS2_PLACEMENT_3D('',#7858,#6533,#6534);
#5912=AXIS2_PLACEMENT_3D('',#7860,#6535,#6536);
#5913=AXIS2_PLACEMENT_3D('',#7862,#6538,#6539);
#5914=AXIS2_PLACEMENT_3D('',#7864,#6540,#6541);
#5915=AXIS2_PLACEMENT_3D('',#7866,#6543,#6544);
#5916=AXIS2_PLACEMENT_3D('',#7867,#6545,#6546);
#5917=AXIS2_PLACEMENT_3D('',#7868,#6547,#6548);
#5918=AXIS2_PLACEMENT_3D('',#7870,#6549,#6550);
#5919=AXIS2_PLACEMENT_3D('',#7872,#6552,#6553);
#5920=AXIS2_PLACEMENT_3D('',#7873,#6554,#6555);
#5921=AXIS2_PLACEMENT_3D('',#7874,#6556,#6557);
#5922=AXIS2_PLACEMENT_3D('',#7875,#6558,#6559);
#5923=AXIS2_PLACEMENT_3D('',#7876,#6560,#6561);
#5924=AXIS2_PLACEMENT_3D('',#7878,#6562,#6563);
#5925=AXIS2_PLACEMENT_3D('',#7881,#6565,#6566);
#5926=AXIS2_PLACEMENT_3D('',#7882,#6567,#6568);
#5927=AXIS2_PLACEMENT_3D('',#7885,#6569,#6570);
#5928=AXIS2_PLACEMENT_3D('',#7889,#6572,#6573);
#5929=AXIS2_PLACEMENT_3D('',#7891,#6575,#6576);
#5930=AXIS2_PLACEMENT_3D('',#7893,#6577,#6578);
#5931=AXIS2_PLACEMENT_3D('',#7895,#6579,#6580);
#5932=AXIS2_PLACEMENT_3D('',#7897,#6582,#6583);
#5933=AXIS2_PLACEMENT_3D('',#7899,#6584,#6585);
#5934=AXIS2_PLACEMENT_3D('',#7902,#6587,#6588);
#5935=AXIS2_PLACEMENT_3D('',#7903,#6589,#6590);
#5936=AXIS2_PLACEMENT_3D('',#7904,#6591,#6592);
#5937=AXIS2_PLACEMENT_3D('',#7905,#6593,#6594);
#5938=AXIS2_PLACEMENT_3D('',#7906,#6595,#6596);
#5939=AXIS2_PLACEMENT_3D('',#7907,#6597,#6598);
#5940=AXIS2_PLACEMENT_3D('',#7909,#6599,#6600);
#5941=AXIS2_PLACEMENT_3D('',#7912,#6602,#6603);
#5942=AXIS2_PLACEMENT_3D('',#7917,#6605,#6606);
#5943=AXIS2_PLACEMENT_3D('',#7920,#6608,#6609);
#5944=AXIS2_PLACEMENT_3D('',#7921,#6610,#6611);
#5945=AXIS2_PLACEMENT_3D('',#7923,#6612,#6613);
#5946=AXIS2_PLACEMENT_3D('',#7926,#6615,#6616);
#5947=AXIS2_PLACEMENT_3D('',#7927,#6617,#6618);
#5948=AXIS2_PLACEMENT_3D('',#7930,#6619,#6620);
#5949=AXIS2_PLACEMENT_3D('',#7934,#6622,#6623);
#5950=AXIS2_PLACEMENT_3D('',#7936,#6625,#6626);
#5951=AXIS2_PLACEMENT_3D('',#7937,#6627,#6628);
#5952=AXIS2_PLACEMENT_3D('',#7938,#6629,#6630);
#5953=AXIS2_PLACEMENT_3D('',#7939,#6631,#6632);
#5954=AXIS2_PLACEMENT_3D('',#7940,#6633,#6634);
#5955=AXIS2_PLACEMENT_3D('',#7941,#6635,#6636);
#5956=AXIS2_PLACEMENT_3D('',#7942,#6637,#6638);
#5957=AXIS2_PLACEMENT_3D('',#7943,#6639,#6640);
#5958=AXIS2_PLACEMENT_3D('',#7944,#6641,#6642);
#5959=AXIS2_PLACEMENT_3D('',#7947,#6643,#6644);
#5960=AXIS2_PLACEMENT_3D('',#7949,#6645,#6646);
#5961=AXIS2_PLACEMENT_3D('',#7951,#6647,#6648);
#5962=AXIS2_PLACEMENT_3D('',#7952,#6649,#6650);
#5963=AXIS2_PLACEMENT_3D('',#7953,#6651,#6652);
#5964=AXIS2_PLACEMENT_3D('',#7954,#6653,#6654);
#5965=AXIS2_PLACEMENT_3D('',#7957,#6656,#6657);
#5966=AXIS2_PLACEMENT_3D('',#7958,#6658,#6659);
#5967=AXIS2_PLACEMENT_3D('',#7961,#6661,#6662);
#5968=AXIS2_PLACEMENT_3D('',#7962,#6663,#6664);
#5969=AXIS2_PLACEMENT_3D('',#7963,#6665,#6666);
#5970=AXIS2_PLACEMENT_3D('',#7965,#6667,#6668);
#5971=AXIS2_PLACEMENT_3D('',#7966,#6669,#6670);
#5972=AXIS2_PLACEMENT_3D('',#7969,#6672,#6673);
#5973=AXIS2_PLACEMENT_3D('',#7970,#6674,#6675);
#5974=AXIS2_PLACEMENT_3D('',#7972,#6677,#6678);
#5975=AXIS2_PLACEMENT_3D('',#7973,#6679,#6680);
#5976=AXIS2_PLACEMENT_3D('',#7976,#6681,#6682);
#5977=AXIS2_PLACEMENT_3D('',#7980,#6684,#6685);
#5978=AXIS2_PLACEMENT_3D('',#7982,#6687,#6688);
#5979=AXIS2_PLACEMENT_3D('',#7984,#6689,#6690);
#5980=AXIS2_PLACEMENT_3D('',#7987,#6692,#6693);
#5981=AXIS2_PLACEMENT_3D('',#7988,#6694,#6695);
#5982=AXIS2_PLACEMENT_3D('',#7991,#6696,#6697);
#5983=AXIS2_PLACEMENT_3D('',#7995,#6699,#6700);
#5984=AXIS2_PLACEMENT_3D('',#7997,#6702,#6703);
#5985=AXIS2_PLACEMENT_3D('',#7999,#6704,#6705);
#5986=AXIS2_PLACEMENT_3D('',#8001,#6706,#6707);
#5987=AXIS2_PLACEMENT_3D('',#8003,#6709,#6710);
#5988=AXIS2_PLACEMENT_3D('',#8006,#6711,#6712);
#5989=AXIS2_PLACEMENT_3D('',#8010,#6714,#6715);
#5990=AXIS2_PLACEMENT_3D('',#8012,#6717,#6718);
#5991=AXIS2_PLACEMENT_3D('',#8014,#6719,#6720);
#5992=AXIS2_PLACEMENT_3D('',#8018,#6722,#6723);
#5993=AXIS2_PLACEMENT_3D('',#8021,#6725,#6726);
#5994=AXIS2_PLACEMENT_3D('',#8023,#6727,#6728);
#5995=AXIS2_PLACEMENT_3D('',#8027,#6730,#6731);
#5996=AXIS2_PLACEMENT_3D('',#8030,#6733,#6734);
#5997=AXIS2_PLACEMENT_3D('',#8031,#6735,#6736);
#5998=AXIS2_PLACEMENT_3D('',#8034,#6737,#6738);
#5999=AXIS2_PLACEMENT_3D('',#8038,#6740,#6741);
#6000=AXIS2_PLACEMENT_3D('',#8040,#6743,#6744);
#6001=AXIS2_PLACEMENT_3D('',#8042,#6745,#6746);
#6002=AXIS2_PLACEMENT_3D('',#8046,#6748,#6749);
#6003=AXIS2_PLACEMENT_3D('',#8049,#6751,#6752);
#6004=AXIS2_PLACEMENT_3D('',#8051,#6753,#6754);
#6005=AXIS2_PLACEMENT_3D('',#8054,#6756,#6757);
#6006=AXIS2_PLACEMENT_3D('',#8055,#6758,#6759);
#6007=AXIS2_PLACEMENT_3D('',#8056,#6760,#6761);
#6008=AXIS2_PLACEMENT_3D('',#8058,#6762,#6763);
#6009=AXIS2_PLACEMENT_3D('',#8061,#6765,#6766);
#6010=AXIS2_PLACEMENT_3D('',#8062,#6767,#6768);
#6011=AXIS2_PLACEMENT_3D('',#8063,#6769,#6770);
#6012=AXIS2_PLACEMENT_3D('',#8064,#6771,#6772);
#6013=AXIS2_PLACEMENT_3D('',#8065,#6773,#6774);
#6014=AXIS2_PLACEMENT_3D('',#8067,#6775,#6776);
#6015=AXIS2_PLACEMENT_3D('',#8071,#6778,#6779);
#6016=AXIS2_PLACEMENT_3D('',#8074,#6781,#6782);
#6017=AXIS2_PLACEMENT_3D('',#8076,#6783,#6784);
#6018=AXIS2_PLACEMENT_3D('',#8077,#6785,#6786);
#6019=AXIS2_PLACEMENT_3D('',#8079,#6787,#6788);
#6020=AXIS2_PLACEMENT_3D('',#8082,#6790,#6791);
#6021=AXIS2_PLACEMENT_3D('',#8083,#6792,#6793);
#6022=AXIS2_PLACEMENT_3D('',#8085,#6794,#6795);
#6023=AXIS2_PLACEMENT_3D('',#8087,#6797,#6798);
#6024=AXIS2_PLACEMENT_3D('',#8093,#6802,#6803);
#6025=AXIS2_PLACEMENT_3D('',#8095,#6804,#6805);
#6026=AXIS2_PLACEMENT_3D('',#8097,#6807,#6808);
#6027=AXIS2_PLACEMENT_3D('',#8101,#6811,#6812);
#6028=AXIS2_PLACEMENT_3D('',#8102,#6813,#6814);
#6029=AXIS2_PLACEMENT_3D('',#8103,#6815,#6816);
#6030=AXIS2_PLACEMENT_3D('',#8105,#6817,#6818);
#6031=AXIS2_PLACEMENT_3D('',#8107,#6819,#6820);
#6032=AXIS2_PLACEMENT_3D('',#8109,#6822,#6823);
#6033=AXIS2_PLACEMENT_3D('',#8115,#6827,#6828);
#6034=AXIS2_PLACEMENT_3D('',#8117,#6829,#6830);
#6035=AXIS2_PLACEMENT_3D('',#8119,#6831,#6832);
#6036=AXIS2_PLACEMENT_3D('',#8121,#6834,#6835);
#6037=AXIS2_PLACEMENT_3D('',#8127,#6839,#6840);
#6038=AXIS2_PLACEMENT_3D('',#8128,#6841,#6842);
#6039=AXIS2_PLACEMENT_3D('',#8129,#6843,#6844);
#6040=AXIS2_PLACEMENT_3D('',#8130,#6845,#6846);
#6041=AXIS2_PLACEMENT_3D('',#8131,#6847,#6848);
#6042=AXIS2_PLACEMENT_3D('',#8132,#6849,#6850);
#6043=AXIS2_PLACEMENT_3D('',#8134,#6851,#6852);
#6044=AXIS2_PLACEMENT_3D('',#8138,#6854,#6855);
#6045=AXIS2_PLACEMENT_3D('',#8141,#6857,#6858);
#6046=AXIS2_PLACEMENT_3D('',#8142,#6859,#6860);
#6047=AXIS2_PLACEMENT_3D('',#8146,#6862,#6863);
#6048=AXIS2_PLACEMENT_3D('',#8149,#6865,#6866);
#6049=AXIS2_PLACEMENT_3D('',#8151,#6867,#6868);
#6050=AXIS2_PLACEMENT_3D('',#8152,#6869,#6870);
#6051=AXIS2_PLACEMENT_3D('',#8154,#6871,#6872);
#6052=AXIS2_PLACEMENT_3D('',#8156,#6874,#6875);
#6053=AXIS2_PLACEMENT_3D('',#8158,#6876,#6877);
#6054=AXIS2_PLACEMENT_3D('',#8160,#6879,#6880);
#6055=AXIS2_PLACEMENT_3D('',#8166,#6884,#6885);
#6056=AXIS2_PLACEMENT_3D('',#8167,#6886,#6887);
#6057=AXIS2_PLACEMENT_3D('',#8168,#6888,#6889);
#6058=AXIS2_PLACEMENT_3D('',#8170,#6890,#6891);
#6059=AXIS2_PLACEMENT_3D('',#8172,#6893,#6894);
#6060=AXIS2_PLACEMENT_3D('',#8176,#6897,#6898);
#6061=AXIS2_PLACEMENT_3D('',#8178,#6899,#6900);
#6062=AXIS2_PLACEMENT_3D('',#8180,#6902,#6903);
#6063=AXIS2_PLACEMENT_3D('',#8182,#6905,#6906);
#6064=AXIS2_PLACEMENT_3D('',#8183,#6907,#6908);
#6065=AXIS2_PLACEMENT_3D('',#8184,#6909,#6910);
#6066=AXIS2_PLACEMENT_3D('',#8188,#6913,#6914);
#6067=AXIS2_PLACEMENT_3D('',#8189,#6915,#6916);
#6068=AXIS2_PLACEMENT_3D('',#8190,#6917,#6918);
#6069=AXIS2_PLACEMENT_3D('',#8191,#6919,#6920);
#6070=AXIS2_PLACEMENT_3D('',#8192,#6921,#6922);
#6071=AXIS2_PLACEMENT_3D('',#8195,#6923,#6924);
#6072=AXIS2_PLACEMENT_3D('',#8199,#6926,#6927);
#6073=AXIS2_PLACEMENT_3D('',#8201,#6929,#6930);
#6074=AXIS2_PLACEMENT_3D('',#8210,#6935,#6936);
#6075=AXIS2_PLACEMENT_3D('',#8211,#6937,#6938);
#6076=AXIS2_PLACEMENT_3D('',#8212,#6939,#6940);
#6077=AXIS2_PLACEMENT_3D('',#8213,#6941,#6942);
#6078=AXIS2_PLACEMENT_3D('',#8214,#6943,#6944);
#6079=AXIS2_PLACEMENT_3D('',#8215,#6945,#6946);
#6080=AXIS2_PLACEMENT_3D('',#8216,#6947,#6948);
#6081=AXIS2_PLACEMENT_3D('',#8217,#6949,#6950);
#6082=AXIS2_PLACEMENT_3D('',#8218,#6951,#6952);
#6083=AXIS2_PLACEMENT_3D('',#8219,#6953,#6954);
#6084=AXIS2_PLACEMENT_3D('',#8224,#6956,#6957);
#6085=AXIS2_PLACEMENT_3D('',#8227,#6959,#6960);
#6086=AXIS2_PLACEMENT_3D('',#8228,#6961,#6962);
#6087=AXIS2_PLACEMENT_3D('',#8230,#6963,#6964);
#6088=AXIS2_PLACEMENT_3D('',#8233,#6966,#6967);
#6089=AXIS2_PLACEMENT_3D('',#8234,#6968,#6969);
#6090=AXIS2_PLACEMENT_3D('',#8237,#6970,#6971);
#6091=AXIS2_PLACEMENT_3D('',#8241,#6973,#6974);
#6092=AXIS2_PLACEMENT_3D('',#8243,#6976,#6977);
#6093=AXIS2_PLACEMENT_3D('',#8244,#6978,#6979);
#6094=AXIS2_PLACEMENT_3D('',#8245,#6980,#6981);
#6095=AXIS2_PLACEMENT_3D('',#8246,#6982,#6983);
#6096=AXIS2_PLACEMENT_3D('',#8247,#6984,#6985);
#6097=AXIS2_PLACEMENT_3D('',#8248,#6986,#6987);
#6098=AXIS2_PLACEMENT_3D('',#8249,#6988,#6989);
#6099=AXIS2_PLACEMENT_3D('',#8250,#6990,#6991);
#6100=AXIS2_PLACEMENT_3D('',#8251,#6992,#6993);
#6101=AXIS2_PLACEMENT_3D('',#8254,#6994,#6995);
#6102=AXIS2_PLACEMENT_3D('',#8256,#6996,#6997);
#6103=AXIS2_PLACEMENT_3D('',#8258,#6998,#6999);
#6104=AXIS2_PLACEMENT_3D('',#8259,#7000,#7001);
#6105=AXIS2_PLACEMENT_3D('',#8260,#7002,#7003);
#6106=AXIS2_PLACEMENT_3D('',#8261,#7004,#7005);
#6107=AXIS2_PLACEMENT_3D('',#8264,#7007,#7008);
#6108=AXIS2_PLACEMENT_3D('',#8265,#7009,#7010);
#6109=AXIS2_PLACEMENT_3D('',#8268,#7012,#7013);
#6110=AXIS2_PLACEMENT_3D('',#8269,#7014,#7015);
#6111=AXIS2_PLACEMENT_3D('',#8270,#7016,#7017);
#6112=AXIS2_PLACEMENT_3D('',#8272,#7018,#7019);
#6113=AXIS2_PLACEMENT_3D('',#8273,#7020,#7021);
#6114=AXIS2_PLACEMENT_3D('',#8276,#7023,#7024);
#6115=AXIS2_PLACEMENT_3D('',#8277,#7025,#7026);
#6116=AXIS2_PLACEMENT_3D('',#8279,#7028,#7029);
#6117=AXIS2_PLACEMENT_3D('',#8280,#7030,#7031);
#6118=AXIS2_PLACEMENT_3D('',#8281,#7032,#7033);
#6119=AXIS2_PLACEMENT_3D('',#8283,#7034,#7035);
#6120=AXIS2_PLACEMENT_3D('',#8286,#7037,#7038);
#6121=AXIS2_PLACEMENT_3D('',#8287,#7039,#7040);
#6122=AXIS2_PLACEMENT_3D('',#8288,#7041,#7042);
#6123=AXIS2_PLACEMENT_3D('',#8290,#7043,#7044);
#6124=AXIS2_PLACEMENT_3D('',#8291,#7045,#7046);
#6125=AXIS2_PLACEMENT_3D('',#8293,#7047,#7048);
#6126=AXIS2_PLACEMENT_3D('',#8295,#7049,#7050);
#6127=AXIS2_PLACEMENT_3D('',#8296,#7051,#7052);
#6128=AXIS2_PLACEMENT_3D('',#8299,#7054,#7055);
#6129=AXIS2_PLACEMENT_3D('',#8300,#7056,#7057);
#6130=AXIS2_PLACEMENT_3D('',#8303,#7058,#7059);
#6131=AXIS2_PLACEMENT_3D('',#8305,#7060,#7061);
#6132=AXIS2_PLACEMENT_3D('',#8307,#7062,#7063);
#6133=AXIS2_PLACEMENT_3D('',#8308,#7064,#7065);
#6134=AXIS2_PLACEMENT_3D('',#8309,#7066,#7067);
#6135=AXIS2_PLACEMENT_3D('',#8310,#7068,#7069);
#6136=AXIS2_PLACEMENT_3D('',#8312,#7071,#7072);
#6137=AXIS2_PLACEMENT_3D('',#8314,#7073,#7074);
#6138=AXIS2_PLACEMENT_3D('',#8318,#7076,#7077);
#6139=AXIS2_PLACEMENT_3D('',#8322,#7079,#7080);
#6140=AXIS2_PLACEMENT_3D('',#8325,#7082,#7083);
#6141=AXIS2_PLACEMENT_3D('',#8326,#7084,#7085);
#6142=AXIS2_PLACEMENT_3D('',#8328,#7087,#7088);
#6143=AXIS2_PLACEMENT_3D('',#8330,#7089,#7090);
#6144=AXIS2_PLACEMENT_3D('',#8332,#7091,#7092);
#6145=AXIS2_PLACEMENT_3D('',#8333,#7093,#7094);
#6146=AXIS2_PLACEMENT_3D('',#8335,#7095,#7096);
#6147=AXIS2_PLACEMENT_3D('',#8336,#7097,#7098);
#6148=AXIS2_PLACEMENT_3D('',#8338,#7099,#7100);
#6149=AXIS2_PLACEMENT_3D('',#8340,#7102,#7103);
#6150=AXIS2_PLACEMENT_3D('',#8343,#7104,#7105);
#6151=AXIS2_PLACEMENT_3D('',#8347,#7107,#7108);
#6152=AXIS2_PLACEMENT_3D('',#8349,#7110,#7111);
#6153=AXIS2_PLACEMENT_3D('',#8351,#7112,#7113);
#6154=AXIS2_PLACEMENT_3D('',#8353,#7114,#7115);
#6155=AXIS2_PLACEMENT_3D('',#8355,#7117,#7118);
#6156=AXIS2_PLACEMENT_3D('',#8357,#7119,#7120);
#6157=AXIS2_PLACEMENT_3D('',#8359,#7121,#7122);
#6158=AXIS2_PLACEMENT_3D('',#8361,#7124,#7125);
#6159=AXIS2_PLACEMENT_3D('',#8363,#7126,#7127);
#6160=AXIS2_PLACEMENT_3D('',#8364,#7128,#7129);
#6161=AXIS2_PLACEMENT_3D('',#8365,#7130,#7131);
#6162=AXIS2_PLACEMENT_3D('',#8366,#7132,#7133);
#6163=AXIS2_PLACEMENT_3D('',#8368,#7135,#7136);
#6164=AXIS2_PLACEMENT_3D('',#8369,#7137,#7138);
#6165=AXIS2_PLACEMENT_3D('',#8370,#7139,#7140);
#6166=AXIS2_PLACEMENT_3D('',#8373,#7142,#7143);
#6167=AXIS2_PLACEMENT_3D('',#8374,#7144,#7145);
#6168=AXIS2_PLACEMENT_3D('',#8376,#7146,#7147);
#6169=AXIS2_PLACEMENT_3D('',#8377,#7148,#7149);
#6170=AXIS2_PLACEMENT_3D('',#8379,#7150,#7151);
#6171=AXIS2_PLACEMENT_3D('',#8381,#7153,#7154);
#6172=AXIS2_PLACEMENT_3D('',#8384,#7155,#7156);
#6173=AXIS2_PLACEMENT_3D('',#8386,#7158,#7159);
#6174=AXIS2_PLACEMENT_3D('',#8387,#7160,#7161);
#6175=AXIS2_PLACEMENT_3D('',#8389,#7162,#7163);
#6176=AXIS2_PLACEMENT_3D('',#8391,#7164,#7165);
#6177=AXIS2_PLACEMENT_3D('',#8392,#7166,#7167);
#6178=AXIS2_PLACEMENT_3D('',#8393,#7168,#7169);
#6179=AXIS2_PLACEMENT_3D('',#8395,#7170,#7171);
#6180=AXIS2_PLACEMENT_3D('',#8397,#7173,#7174);
#6181=AXIS2_PLACEMENT_3D('',#8399,#7176,#7177);
#6182=AXIS2_PLACEMENT_3D('',#8721,#7178,#7179);
#6183=AXIS2_PLACEMENT_3D('',#8722,#7180,#7181);
#6184=AXIS2_PLACEMENT_3D('',#9644,#7223,#7224);
#6185=AXIS2_PLACEMENT_3D('',#9645,#7225,#7226);
#6186=AXIS2_PLACEMENT_3D('',#9646,#7227,#7228);
#6187=AXIS2_PLACEMENT_3D('',#9662,#7229,#7230);
#6188=AXIS2_PLACEMENT_3D('',#9674,#7231,#7232);
#6189=AXIS2_PLACEMENT_3D('',#9675,#7233,#7234);
#6190=AXIS2_PLACEMENT_3D('',#9721,#7235,#7236);
#6191=AXIS2_PLACEMENT_3D('',#9723,#7237,#7238);
#6192=AXIS2_PLACEMENT_3D('',#9725,#7239,#7240);
#6193=AXIS2_PLACEMENT_3D('',#9782,#7241,#7242);
#6194=AXIS2_PLACEMENT_3D('',#9784,#7243,#7244);
#6195=AXIS2_PLACEMENT_3D('',#9787,#7246,#7247);
#6196=AXIS2_PLACEMENT_3D('',#9789,#7248,#7249);
#6197=AXIS2_PLACEMENT_3D('',#9791,#7250,#7251);
#6198=AXIS2_PLACEMENT_3D('',#9848,#7252,#7253);
#6199=AXIS2_PLACEMENT_3D('',#9850,#7254,#7255);
#6200=AXIS2_PLACEMENT_3D('',#9852,#7256,#7257);
#6201=AXIS2_PLACEMENT_3D('',#9909,#7258,#7259);
#6202=AXIS2_PLACEMENT_3D('',#9911,#7260,#7261);
#6203=AXIS2_PLACEMENT_3D('',#9913,#7262,#7263);
#6204=AXIS2_PLACEMENT_3D('',#9970,#7264,#7265);
#6205=AXIS2_PLACEMENT_3D('',#9972,#7266,#7267);
#6206=AXIS2_PLACEMENT_3D('',#9973,#7268,#7269);
#6207=AXIS2_PLACEMENT_3D('',#9974,#7270,#7271);
#6208=AXIS2_PLACEMENT_3D('',#10009,#7272,#7273);
#6209=AXIS2_PLACEMENT_3D('',#10011,#7274,#7275);
#6210=AXIS2_PLACEMENT_3D('',#10013,#7276,#7277);
#6211=AXIS2_PLACEMENT_3D('',#10014,#7278,#7279);
#6212=AXIS2_PLACEMENT_3D('',#10026,#7280,#7281);
#6213=AXIS2_PLACEMENT_3D('',#10027,#7282,#7283);
#6214=AXIS2_PLACEMENT_3D('',#10042,#7284,#7285);
#6215=AXIS2_PLACEMENT_3D('',#10043,#7286,#7287);
#6216=AXIS2_PLACEMENT_3D('',#10044,#7288,#7289);
#6217=AXIS2_PLACEMENT_3D('',#10079,#7290,#7291);
#6218=AXIS2_PLACEMENT_3D('',#10081,#7292,#7293);
#6219=AXIS2_PLACEMENT_3D('',#10083,#7294,#7295);
#6220=AXIS2_PLACEMENT_3D('',#10084,#7296,#7297);
#6221=AXIS2_PLACEMENT_3D('',#10096,#7298,#7299);
#6222=AXIS2_PLACEMENT_3D('',#10097,#7300,#7301);
#6223=AXIS2_PLACEMENT_3D('',#10112,#7302,#7303);
#6224=AXIS2_PLACEMENT_3D('',#10113,#7304,#7305);
#6225=AXIS2_PLACEMENT_3D('',#10114,#7306,#7307);
#6226=AXIS2_PLACEMENT_3D('',#10149,#7308,#7309);
#6227=AXIS2_PLACEMENT_3D('',#10151,#7310,#7311);
#6228=AXIS2_PLACEMENT_3D('',#10153,#7312,#7313);
#6229=AXIS2_PLACEMENT_3D('',#10154,#7314,#7315);
#6230=AXIS2_PLACEMENT_3D('',#10166,#7316,#7317);
#6231=AXIS2_PLACEMENT_3D('',#10167,#7318,#7319);
#6232=AXIS2_PLACEMENT_3D('',#10182,#7320,#7321);
#6233=AXIS2_PLACEMENT_3D('',#10183,#7322,#7323);
#6234=AXIS2_PLACEMENT_3D('',#10184,#7324,#7325);
#6235=AXIS2_PLACEMENT_3D('',#10187,#7327,#7328);
#6236=AXIS2_PLACEMENT_3D('',#10188,#7329,#7330);
#6237=AXIS2_PLACEMENT_3D('',#10190,#7331,#7332);
#6238=AXIS2_PLACEMENT_3D('',#10202,#7333,#7334);
#6239=AXIS2_PLACEMENT_3D('',#10203,#7335,#7336);
#6240=AXIS2_PLACEMENT_3D('',#10205,#7337,#7338);
#6241=AXIS2_PLACEMENT_3D('',#10207,#7340,#7341);
#6242=AXIS2_PLACEMENT_3D('',#10209,#7342,#7343);
#6243=AXIS2_PLACEMENT_3D('',#10211,#7345,#7346);
#6244=AXIS2_PLACEMENT_3D('',#10214,#7348,#7349);
#6245=AXIS2_PLACEMENT_3D('',#10215,#7350,#7351);
#6246=AXIS2_PLACEMENT_3D('',#10217,#7352,#7353);
#6247=AXIS2_PLACEMENT_3D('',#10219,#7355,#7356);
#6248=AXIS2_PLACEMENT_3D('',#10222,#7358,#7359);
#6249=AXIS2_PLACEMENT_3D('',#10223,#7360,#7361);
#6250=AXIS2_PLACEMENT_3D('',#10226,#7363,#7364);
#6251=AXIS2_PLACEMENT_3D('',#10227,#7365,#7366);
#6252=AXIS2_PLACEMENT_3D('',#10229,#7367,#7368);
#6253=AXIS2_PLACEMENT_3D('',#10231,#7370,#7371);
#6254=AXIS2_PLACEMENT_3D('',#10233,#7372,#7373);
#6255=AXIS2_PLACEMENT_3D('',#10235,#7375,#7376);
#6256=AXIS2_PLACEMENT_3D('',#10236,#7377,#7378);
#6257=AXIS2_PLACEMENT_3D('',#10237,#7379,#7380);
#6258=AXIS2_PLACEMENT_3D('',#10239,#7381,#7382);
#6259=AXIS2_PLACEMENT_3D('',#10240,#7383,#7384);
#6260=AXIS2_PLACEMENT_3D('',#10241,#7385,#7386);
#6261=AXIS2_PLACEMENT_3D('',#10244,#7388,#7389);
#6262=AXIS2_PLACEMENT_3D('',#10245,#7390,#7391);
#6263=AXIS2_PLACEMENT_3D('',#10246,#7392,#7393);
#6264=AXIS2_PLACEMENT_3D('',#10247,#7394,#7395);
#6265=AXIS2_PLACEMENT_3D('',#10249,#7396,#7397);
#6266=AXIS2_PLACEMENT_3D('',#10308,#7398,#7399);
#6267=AXIS2_PLACEMENT_3D('',#10344,#7401,#7402);
#6268=AXIS2_PLACEMENT_3D('',#10345,#7403,#7404);
#6269=AXIS2_PLACEMENT_3D('',#10347,#7405,#7406);
#6270=AXIS2_PLACEMENT_3D('',#10349,#7407,#7408);
#6271=AXIS2_PLACEMENT_3D('',#10350,#7409,#7410);
#6272=AXIS2_PLACEMENT_3D('',#10351,#7411,#7412);
#6273=AXIS2_PLACEMENT_3D('',#10352,#7413,#7414);
#6274=AXIS2_PLACEMENT_3D('',#10353,#7415,#7416);
#6275=AXIS2_PLACEMENT_3D('',#10354,#7417,#7418);
#6276=AXIS2_PLACEMENT_3D('',#10355,#7419,#7420);
#6277=AXIS2_PLACEMENT_3D('',#10356,#7421,#7422);
#6278=AXIS2_PLACEMENT_3D('',#10357,#7423,#7424);
#6279=AXIS2_PLACEMENT_3D('',#10358,#7425,#7426);
#6280=AXIS2_PLACEMENT_3D('',#10360,#7427,#7428);
#6281=AXIS2_PLACEMENT_3D('',#10362,#7429,#7430);
#6282=AXIS2_PLACEMENT_3D('',#10363,#7431,#7432);
#6283=AXIS2_PLACEMENT_3D('',#10364,#7433,#7434);
#6284=AXIS2_PLACEMENT_3D('',#10454,#7436,#7437);
#6285=AXIS2_PLACEMENT_3D('',#10456,#7438,#7439);
#6286=AXIS2_PLACEMENT_3D('',#10466,#7441,#7442);
#6287=AXIS2_PLACEMENT_3D('',#10467,#7443,#7444);
#6288=AXIS2_PLACEMENT_3D('',#10512,#7445,#7446);
#6289=AXIS2_PLACEMENT_3D('',#10568,#7447,#7448);
#6290=AXIS2_PLACEMENT_3D('',#10624,#7449,#7450);
#6291=AXIS2_PLACEMENT_3D('',#10680,#7451,#7452);
#6292=AXIS2_PLACEMENT_3D('',#10714,#7454,#7455);
#6293=AXIS2_PLACEMENT_3D('',#10742,#7456,#7457);
#6294=AXIS2_PLACEMENT_3D('',#10849,#7458,#7459);
#6295=AXIS2_PLACEMENT_3D('',#10853,#7461,#7462);
#6296=AXIS2_PLACEMENT_3D('',#10886,#7464,#7465);
#6297=AXIS2_PLACEMENT_3D('',#10944,#7466,#7467);
#6298=AXIS2_PLACEMENT_3D('',#10977,#7469,#7470);
#6299=AXIS2_PLACEMENT_3D('',#11008,#7471,#7472);
#6300=AXIS2_PLACEMENT_3D('',#11066,#7473,#7474);
#6301=AXIS2_PLACEMENT_3D('',#11124,#7475,#7476);
#6302=AXIS2_PLACEMENT_3D('',#11264,#7478,#7479);
#6303=AXIS2_PLACEMENT_3D('',#11386,#7482,#7483);
#6304=AXIS2_PLACEMENT_3D('',#11506,#7486,#7487);
#6305=AXIS2_PLACEMENT_3D('',#11609,#7489,#7490);
#6306=AXIS2_PLACEMENT_3D('',#11677,#7492,#7493);
#6307=AXIS2_PLACEMENT_3D('',#11686,#7495,#7496);
#6308=AXIS2_PLACEMENT_3D('',#11687,#7497,#7498);
#6309=AXIS2_PLACEMENT_3D('',#11688,#7499,#7500);
#6310=AXIS2_PLACEMENT_3D('',#11689,#7501,#7502);
#6311=AXIS2_PLACEMENT_3D('',#11724,#7503,#7504);
#6312=AXIS2_PLACEMENT_3D('',#11792,#7505,#7506);
#6313=AXIS2_PLACEMENT_3D('',#11793,#7507,#7508);
#6314=AXIS2_PLACEMENT_3D('',#11794,#7509,#7510);
#6315=AXIS2_PLACEMENT_3D('',#11796,#7511,#7512);
#6316=AXIS2_PLACEMENT_3D('',#11799,#7514,#7515);
#6317=AXIS2_PLACEMENT_3D('',#11800,#7516,#7517);
#6318=AXIS2_PLACEMENT_3D('',#11802,#7518,#7519);
#6319=AXIS2_PLACEMENT_3D('',#11805,#7521,#7522);
#6320=AXIS2_PLACEMENT_3D('',#11806,#7523,#7524);
#6321=AXIS2_PLACEMENT_3D('',#11807,#7525,#7526);
#6322=AXIS2_PLACEMENT_3D('',#11810,#7527,#7528);
#6323=AXIS2_PLACEMENT_3D('',#11812,#7529,#7530);
#6324=AXIS2_PLACEMENT_3D('',#11814,#7531,#7532);
#6325=AXIS2_PLACEMENT_3D('',#11815,#7533,#7534);
#6326=AXIS2_PLACEMENT_3D('',#11817,#7535,#7536);
#6327=AXIS2_PLACEMENT_3D('',#11818,#7537,#7538);
#6328=AXIS2_PLACEMENT_3D('',#11821,#7539,#7540);
#6329=AXIS2_PLACEMENT_3D('',#11823,#7541,#7542);
#6330=AXIS2_PLACEMENT_3D('',#11825,#7543,#7544);
#6331=AXIS2_PLACEMENT_3D('',#11826,#7545,#7546);
#6332=AXIS2_PLACEMENT_3D('',#11828,#7547,#7548);
#6333=AXIS2_PLACEMENT_3D('',#11829,#7549,#7550);
#6334=AXIS2_PLACEMENT_3D('',#11833,#7552,#7553);
#6335=AXIS2_PLACEMENT_3D('',#11835,#7555,#7556);
#6336=AXIS2_PLACEMENT_3D('',#11837,#7557,#7558);
#6337=AXIS2_PLACEMENT_3D('',#11839,#7560,#7561);
#6338=AXIS2_PLACEMENT_3D('',#11841,#7562,#7563);
#6339=AXIS2_PLACEMENT_3D('',#11843,#7564,#7565);
#6340=AXIS2_PLACEMENT_3D('',#11845,#7566,#7567);
#6341=AXIS2_PLACEMENT_3D('',#11847,#7568,#7569);
#6342=AXIS2_PLACEMENT_3D('',#11849,#7570,#7571);
#6343=AXIS2_PLACEMENT_3D('',#11850,#7572,#7573);
#6344=AXIS2_PLACEMENT_3D('',#11851,#7574,#7575);
#6345=AXIS2_PLACEMENT_3D('',#11854,#7578,#7579);
#6346=AXIS2_PLACEMENT_3D('',#11856,#7581,#7582);
#6347=AXIS2_PLACEMENT_3D('',#11858,#7584,#7585);
#6348=AXIS2_PLACEMENT_3D('',#11860,#7587,#7588);
#6349=AXIS2_PLACEMENT_3D('',#11861,#7589,#7590);
#6350=AXIS2_PLACEMENT_3D('',#11864,#7592,#7593);
#6351=AXIS2_PLACEMENT_3D('',#11865,#7594,#7595);
#6352=AXIS2_PLACEMENT_3D('',#11867,#7596,#7597);
#6353=AXIS2_PLACEMENT_3D('',#11869,#7598,#7599);
#6354=AXIS2_PLACEMENT_3D('',#11870,#7600,#7601);
#6355=AXIS2_PLACEMENT_3D('',#11872,#7603,#7604);
#6356=AXIS2_PLACEMENT_3D('',#11874,#7605,#7606);
#6357=AXIS2_PLACEMENT_3D('',#11875,#7607,#7608);
#6358=AXIS2_PLACEMENT_3D('',#11877,#7610,#7611);
#6359=AXIS2_PLACEMENT_3D('',#11878,#7612,#7613);
#6360=AXIS2_PLACEMENT_3D('',#11879,#7614,#7615);
#6361=AXIS2_PLACEMENT_3D('',#11880,#7616,#7617);
#6362=AXIS2_PLACEMENT_3D('',#11881,#7618,#7619);
#6363=AXIS2_PLACEMENT_3D('',#11882,#7620,#7621);
#6364=AXIS2_PLACEMENT_3D('',#11884,#7622,#7623);
#6365=AXIS2_PLACEMENT_3D('',#11887,#7625,#7626);
#6366=AXIS2_PLACEMENT_3D('',#11888,#7627,#7628);
#6367=AXIS2_PLACEMENT_3D('',#11890,#7629,#7630);
#6368=AXIS2_PLACEMENT_3D('',#11891,#7631,#7632);
#6369=AXIS2_PLACEMENT_3D('',#11900,#7637,#7638);
#6370=AXIS2_PLACEMENT_3D('',#11902,#7639,#7640);
#6371=AXIS2_PLACEMENT_3D('',#11905,#7642,#7643);
#6372=AXIS2_PLACEMENT_3D('',#11906,#7644,#7645);
#6373=AXIS2_PLACEMENT_3D('',#11915,#7650,#7651);
#6374=AXIS2_PLACEMENT_3D('',#11916,#7652,#7653);
#6375=AXIS2_PLACEMENT_3D('',#11917,#7654,#7655);
#6376=AXIS2_PLACEMENT_3D('',#11918,#7656,#7657);
#6377=AXIS2_PLACEMENT_3D('',#11920,#7658,#7659);
#6378=AXIS2_PLACEMENT_3D('',#11921,#7660,#7661);
#6379=AXIS2_PLACEMENT_3D('',#11922,#7662,#7663);
#6380=AXIS2_PLACEMENT_3D('',#11924,#7664,#7665);
#6381=AXIS2_PLACEMENT_3D('',#11925,#7666,#7667);
#6382=AXIS2_PLACEMENT_3D('',#11926,#7668,#7669);
#6383=AXIS2_PLACEMENT_3D('',#11928,#7670,#7671);
#6384=AXIS2_PLACEMENT_3D('',#11932,#7674,#7675);
#6385=AXIS2_PLACEMENT_3D('',#11933,#7676,#7677);
#6386=AXIS2_PLACEMENT_3D('',#12255,#7678,#7679);
#6387=AXIS2_PLACEMENT_3D('',#12256,#7680,#7681);
#6388=AXIS2_PLACEMENT_3D('',#12258,#7683,#7684);
#6389=AXIS2_PLACEMENT_3D('',#13179,#7725,#7726);
#6390=AXIS2_PLACEMENT_3D('',#13180,#7727,#7728);
#6391=AXIS2_PLACEMENT_3D('',#13181,#7729,#7730);
#6392=AXIS2_PLACEMENT_3D('',#13182,#7731,#7732);
#6393=AXIS2_PLACEMENT_3D('',#13183,#7733,#7734);
#6394=AXIS2_PLACEMENT_3D('',#13184,#7735,#7736);
#6395=AXIS2_PLACEMENT_3D('',#13185,#7737,#7738);
#6396=DIRECTION('axis',(0.,0.,1.));
#6397=DIRECTION('refdir',(1.,0.,0.));
#6398=DIRECTION('axis',(0.,0.,1.));
#6399=DIRECTION('refdir',(1.,0.,0.));
#6400=DIRECTION('center_axis',(0.,-1.,0.));
#6401=DIRECTION('ref_axis',(0.98667410810391,0.,0.162708956106765));
#6402=DIRECTION('center_axis',(0.,1.,0.));
#6403=DIRECTION('ref_axis',(0.98667410810391,0.,0.162708956106765));
#6404=DIRECTION('',(0.,-1.,0.));
#6405=DIRECTION('center_axis',(0.,-1.,0.));
#6406=DIRECTION('ref_axis',(0.98667410810391,0.,0.162708956106765));
#6407=DIRECTION('',(0.,1.,0.));
#6408=DIRECTION('center_axis',(0.,-1.,0.));
#6409=DIRECTION('ref_axis',(-0.91505237271835,0.,0.403335040856257));
#6410=DIRECTION('center_axis',(0.,-1.,0.));
#6411=DIRECTION('ref_axis',(-0.91505237271835,0.,0.403335040856257));
#6412=DIRECTION('center_axis',(0.,1.,0.));
#6413=DIRECTION('ref_axis',(-0.91505237271835,0.,0.403335040856257));
#6414=DIRECTION('',(0.,1.,0.));
#6415=DIRECTION('center_axis',(0.,-1.,0.));
#6416=DIRECTION('ref_axis',(-0.91505237271835,0.,0.403335040856257));
#6417=DIRECTION('',(0.,1.,0.));
#6418=DIRECTION('center_axis',(0.,1.,0.));
#6419=DIRECTION('ref_axis',(-0.91505237271835,0.,0.403335040856257));
#6420=DIRECTION('',(0.,1.,0.));
#6421=DIRECTION('center_axis',(0.,-1.,0.));
#6422=DIRECTION('ref_axis',(-0.91505237271835,0.,0.403335040856257));
#6423=DIRECTION('',(0.,-1.,0.));
#6424=DIRECTION('center_axis',(0.,1.,0.));
#6425=DIRECTION('ref_axis',(-0.91505237271835,0.,0.403335040856257));
#6426=DIRECTION('',(0.,-1.,0.));
#6427=DIRECTION('center_axis',(0.,-1.,0.));
#6428=DIRECTION('ref_axis',(0.345629985455824,0.,-0.938370882515974));
#6429=DIRECTION('center_axis',(0.,1.,0.));
#6430=DIRECTION('ref_axis',(0.345629985455824,0.,-0.938370882515974));
#6431=DIRECTION('',(0.,-1.,0.));
#6432=DIRECTION('center_axis',(0.,-1.,0.));
#6433=DIRECTION('ref_axis',(0.345629985455824,0.,-0.938370882515974));
#6434=DIRECTION('',(0.,1.,0.));
#6435=DIRECTION('center_axis',(0.,-1.,0.));
#6436=DIRECTION('ref_axis',(1.,0.,0.));
#6437=DIRECTION('center_axis',(0.,1.,0.));
#6438=DIRECTION('ref_axis',(1.,0.,0.));
#6439=DIRECTION('center_axis',(0.,-1.,0.));
#6440=DIRECTION('ref_axis',(1.,0.,0.));
#6441=DIRECTION('center_axis',(0.,-1.,0.));
#6442=DIRECTION('ref_axis',(0.613343899856544,0.,0.789815966228061));
#6443=DIRECTION('center_axis',(0.,1.,0.));
#6444=DIRECTION('ref_axis',(0.613343899856544,0.,0.789815966228061));
#6445=DIRECTION('',(0.,-1.,0.));
#6446=DIRECTION('center_axis',(0.,-1.,0.));
#6447=DIRECTION('ref_axis',(0.613343899856544,0.,0.789815966228061));
#6448=DIRECTION('center_axis',(0.,-1.,0.));
#6449=DIRECTION('ref_axis',(1.,0.,0.));
#6450=DIRECTION('center_axis',(0.,-1.,0.));
#6451=DIRECTION('ref_axis',(1.,0.,0.));
#6452=DIRECTION('',(0.,1.,0.));
#6453=DIRECTION('center_axis',(0.,1.,0.));
#6454=DIRECTION('ref_axis',(1.,0.,0.));
#6455=DIRECTION('center_axis',(0.,-1.,0.));
#6456=DIRECTION('ref_axis',(-0.660161990360873,0.,0.751123256518377));
#6457=DIRECTION('center_axis',(0.,1.,0.));
#6458=DIRECTION('ref_axis',(-0.660161990360873,0.,0.751123256518377));
#6459=DIRECTION('',(0.,-1.,0.));
#6460=DIRECTION('center_axis',(0.,-1.,0.));
#6461=DIRECTION('ref_axis',(-0.660161990360873,0.,0.751123256518377));
#6462=DIRECTION('center_axis',(0.,-1.,0.));
#6463=DIRECTION('ref_axis',(-0.915052372718366,0.,0.40333504085622));
#6464=DIRECTION('center_axis',(0.,-1.,0.));
#6465=DIRECTION('ref_axis',(-0.915052372718366,0.,0.40333504085622));
#6466=DIRECTION('',(0.,-1.,0.));
#6467=DIRECTION('center_axis',(0.,-1.,0.));
#6468=DIRECTION('ref_axis',(-0.915052372718366,0.,0.40333504085622));
#6469=DIRECTION('',(0.,-1.,0.));
#6470=DIRECTION('center_axis',(0.,-1.,0.));
#6471=DIRECTION('ref_axis',(-0.915052372718366,0.,0.40333504085622));
#6472=DIRECTION('center_axis',(0.,-1.,0.));
#6473=DIRECTION('ref_axis',(-0.915052372718366,0.,0.40333504085622));
#6474=DIRECTION('',(0.,1.,0.));
#6475=DIRECTION('center_axis',(0.,1.,0.));
#6476=DIRECTION('ref_axis',(-0.915052372718366,0.,0.40333504085622));
#6477=DIRECTION('',(0.,1.,0.));
#6478=DIRECTION('center_axis',(0.,-1.,0.));
#6479=DIRECTION('ref_axis',(-0.915052372718366,0.,0.40333504085622));
#6480=DIRECTION('center_axis',(0.,1.,0.));
#6481=DIRECTION('ref_axis',(0.,0.,1.));
#6482=DIRECTION('center_axis',(0.,-1.,0.));
#6483=DIRECTION('ref_axis',(1.,0.,0.));
#6484=DIRECTION('center_axis',(0.,-1.,0.));
#6485=DIRECTION('ref_axis',(0.138752879024314,0.,-0.990327036166571));
#6486=DIRECTION('center_axis',(0.,1.,0.));
#6487=DIRECTION('ref_axis',(1.,0.,0.));
#6488=DIRECTION('center_axis',(0.,1.,0.));
#6489=DIRECTION('ref_axis',(0.,0.,1.));
#6490=DIRECTION('center_axis',(0.,-1.,0.));
#6491=DIRECTION('ref_axis',(1.,0.,0.));
#6492=DIRECTION('center_axis',(0.,1.,0.));
#6493=DIRECTION('ref_axis',(1.,0.,0.));
#6494=DIRECTION('center_axis',(0.,1.,0.));
#6495=DIRECTION('ref_axis',(1.,0.,0.));
#6496=DIRECTION('center_axis',(0.,-1.,0.));
#6497=DIRECTION('ref_axis',(1.,0.,0.));
#6498=DIRECTION('',(0.,-1.,0.));
#6499=DIRECTION('center_axis',(0.,1.,0.));
#6500=DIRECTION('ref_axis',(1.,0.,0.));
#6501=DIRECTION('center_axis',(0.,-1.,0.));
#6502=DIRECTION('ref_axis',(1.,0.,0.));
#6503=DIRECTION('',(0.,-1.,0.));
#6504=DIRECTION('center_axis',(0.,1.,0.));
#6505=DIRECTION('ref_axis',(0.138752879024314,0.,-0.990327036166571));
#6506=DIRECTION('',(0.,1.,0.));
#6507=DIRECTION('center_axis',(0.,1.,0.));
#6508=DIRECTION('ref_axis',(0.138752879024314,0.,-0.990327036166571));
#6509=DIRECTION('center_axis',(0.,1.,0.));
#6510=DIRECTION('ref_axis',(1.,0.,0.));
#6511=DIRECTION('center_axis',(0.,1.,0.));
#6512=DIRECTION('ref_axis',(1.,0.,0.));
#6513=DIRECTION('center_axis',(0.,1.,0.));
#6514=DIRECTION('ref_axis',(1.,0.,0.));
#6515=DIRECTION('center_axis',(0.,1.,0.));
#6516=DIRECTION('ref_axis',(1.,0.,0.));
#6517=DIRECTION('center_axis',(0.,1.,0.));
#6518=DIRECTION('ref_axis',(0.,0.,1.));
#6519=DIRECTION('center_axis',(0.,-1.,0.));
#6520=DIRECTION('ref_axis',(1.,0.,0.));
#6521=DIRECTION('center_axis',(0.,-1.,0.));
#6522=DIRECTION('ref_axis',(0.138752879024314,0.,-0.990327036166571));
#6523=DIRECTION('center_axis',(0.,-1.,0.));
#6524=DIRECTION('ref_axis',(1.,0.,0.));
#6525=DIRECTION('center_axis',(0.,1.,0.));
#6526=DIRECTION('ref_axis',(1.,0.,0.));
#6527=DIRECTION('center_axis',(0.,-1.,0.));
#6528=DIRECTION('ref_axis',(1.,0.,0.));
#6529=DIRECTION('center_axis',(0.,-1.,0.));
#6530=DIRECTION('ref_axis',(1.,0.,0.));
#6531=DIRECTION('center_axis',(0.,1.,0.));
#6532=DIRECTION('ref_axis',(1.,0.,0.));
#6533=DIRECTION('center_axis',(0.,-1.,0.));
#6534=DIRECTION('ref_axis',(1.,0.,0.));
#6535=DIRECTION('center_axis',(0.,1.,0.));
#6536=DIRECTION('ref_axis',(1.,0.,0.));
#6537=DIRECTION('',(0.,1.,0.));
#6538=DIRECTION('center_axis',(0.,-1.,0.));
#6539=DIRECTION('ref_axis',(1.,0.,0.));
#6540=DIRECTION('center_axis',(0.,1.,0.));
#6541=DIRECTION('ref_axis',(1.,0.,0.));
#6542=DIRECTION('',(0.,1.,0.));
#6543=DIRECTION('center_axis',(0.,-1.,0.));
#6544=DIRECTION('ref_axis',(1.,0.,0.));
#6545=DIRECTION('center_axis',(0.,-1.,0.));
#6546=DIRECTION('ref_axis',(1.,0.,0.));
#6547=DIRECTION('center_axis',(0.,-1.,0.));
#6548=DIRECTION('ref_axis',(0.138752879024314,0.,-0.990327036166571));
#6549=DIRECTION('center_axis',(0.,-1.,0.));
#6550=DIRECTION('ref_axis',(0.138752879024314,0.,-0.990327036166571));
#6551=DIRECTION('',(0.,-1.,0.));
#6552=DIRECTION('center_axis',(0.,-1.,0.));
#6553=DIRECTION('ref_axis',(1.,0.,0.));
#6554=DIRECTION('center_axis',(0.,-1.,0.));
#6555=DIRECTION('ref_axis',(1.,0.,0.));
#6556=DIRECTION('center_axis',(0.,-1.,0.));
#6557=DIRECTION('ref_axis',(1.,0.,0.));
#6558=DIRECTION('axis',(0.,0.,1.));
#6559=DIRECTION('refdir',(1.,0.,0.));
#6560=DIRECTION('center_axis',(0.,1.,0.));
#6561=DIRECTION('ref_axis',(-1.,0.,-1.22464679914735E-16));
#6562=DIRECTION('center_axis',(0.,-1.,0.));
#6563=DIRECTION('ref_axis',(-1.,0.,-1.22464679914735E-16));
#6564=DIRECTION('',(0.,-1.,0.));
#6565=DIRECTION('center_axis',(0.,1.,0.));
#6566=DIRECTION('ref_axis',(-1.,0.,-1.22464679914735E-16));
#6567=DIRECTION('center_axis',(0.,1.,0.));
#6568=DIRECTION('ref_axis',(-0.866025403784438,0.,-0.5));
#6569=DIRECTION('center_axis',(0.,-1.,0.));
#6570=DIRECTION('ref_axis',(-0.138752879024314,0.,0.990327036166571));
#6571=DIRECTION('',(0.,1.,0.));
#6572=DIRECTION('center_axis',(0.,1.,0.));
#6573=DIRECTION('ref_axis',(-0.138752879024314,0.,0.990327036166571));
#6574=DIRECTION('',(0.,1.,0.));
#6575=DIRECTION('center_axis',(0.,1.,0.));
#6576=DIRECTION('ref_axis',(0.568824927831253,0.,0.822458632076879));
#6577=DIRECTION('center_axis',(0.,-1.,0.));
#6578=DIRECTION('ref_axis',(0.568824927831253,0.,0.822458632076879));
#6579=DIRECTION('center_axis',(0.,-1.,0.));
#6580=DIRECTION('ref_axis',(0.568824927831253,0.,0.822458632076879));
#6581=DIRECTION('',(0.,1.,0.));
#6582=DIRECTION('center_axis',(0.,1.,0.));
#6583=DIRECTION('ref_axis',(0.138752879024314,0.,-0.990327036166571));
#6584=DIRECTION('center_axis',(0.,-1.,0.));
#6585=DIRECTION('ref_axis',(0.138752879024314,0.,-0.990327036166571));
#6586=DIRECTION('',(0.,1.,0.));
#6587=DIRECTION('center_axis',(0.,-1.,0.));
#6588=DIRECTION('ref_axis',(0.138752879024314,0.,-0.990327036166571));
#6589=DIRECTION('center_axis',(0.,-1.,0.));
#6590=DIRECTION('ref_axis',(-1.,0.,-1.22464679914735E-16));
#6591=DIRECTION('center_axis',(0.,-1.,0.));
#6592=DIRECTION('ref_axis',(1.,0.,0.));
#6593=DIRECTION('center_axis',(0.,-1.,0.));
#6594=DIRECTION('ref_axis',(-1.,0.,-1.22464679914735E-16));
#6595=DIRECTION('center_axis',(0.,1.,0.));
#6596=DIRECTION('ref_axis',(1.,0.,0.));
#6597=DIRECTION('center_axis',(0.,-1.,0.));
#6598=DIRECTION('ref_axis',(1.,0.,0.));
#6599=DIRECTION('center_axis',(0.,-1.,0.));
#6600=DIRECTION('ref_axis',(1.,0.,0.));
#6601=DIRECTION('',(0.,1.,0.));
#6602=DIRECTION('center_axis',(0.,-1.,0.));
#6603=DIRECTION('ref_axis',(1.,0.,0.));
#6604=DIRECTION('',(0.,1.,0.));
#6605=DIRECTION('center_axis',(0.,-1.,0.));
#6606=DIRECTION('ref_axis',(1.,0.,0.));
#6607=DIRECTION('',(0.,1.,0.));
#6608=DIRECTION('center_axis',(0.,1.,0.));
#6609=DIRECTION('ref_axis',(1.,0.,0.));
#6610=DIRECTION('center_axis',(0.,1.,0.));
#6611=DIRECTION('ref_axis',(1.,0.,0.));
#6612=DIRECTION('center_axis',(0.,-1.,0.));
#6613=DIRECTION('ref_axis',(1.,0.,0.));
#6614=DIRECTION('',(0.,-1.,0.));
#6615=DIRECTION('center_axis',(0.,1.,0.));
#6616=DIRECTION('ref_axis',(1.,0.,0.));
#6617=DIRECTION('center_axis',(0.,1.,0.));
#6618=DIRECTION('ref_axis',(0.866025403784438,0.,0.5));
#6619=DIRECTION('center_axis',(0.,-1.,0.));
#6620=DIRECTION('ref_axis',(0.138752879024314,0.,-0.990327036166571));
#6621=DIRECTION('',(0.,1.,0.));
#6622=DIRECTION('center_axis',(0.,1.,0.));
#6623=DIRECTION('ref_axis',(0.138752879024314,0.,-0.990327036166571));
#6624=DIRECTION('',(0.,1.,0.));
#6625=DIRECTION('center_axis',(0.,1.,0.));
#6626=DIRECTION('ref_axis',(-0.568824927831253,0.,-0.822458632076878));
#6627=DIRECTION('center_axis',(0.,-1.,0.));
#6628=DIRECTION('ref_axis',(-0.568824927831253,0.,-0.822458632076878));
#6629=DIRECTION('center_axis',(0.,-1.,0.));
#6630=DIRECTION('ref_axis',(-0.568824927831253,0.,-0.822458632076878));
#6631=DIRECTION('center_axis',(0.,1.,0.));
#6632=DIRECTION('ref_axis',(-0.138752879024314,0.,0.990327036166571));
#6633=DIRECTION('center_axis',(0.,-1.,0.));
#6634=DIRECTION('ref_axis',(-0.138752879024314,0.,0.990327036166571));
#6635=DIRECTION('center_axis',(0.,-1.,0.));
#6636=DIRECTION('ref_axis',(-0.138752879024314,0.,0.990327036166571));
#6637=DIRECTION('center_axis',(0.,-1.,0.));
#6638=DIRECTION('ref_axis',(1.,0.,0.));
#6639=DIRECTION('center_axis',(0.,-1.,0.));
#6640=DIRECTION('ref_axis',(1.,0.,0.));
#6641=DIRECTION('center_axis',(0.,-1.,0.));
#6642=DIRECTION('ref_axis',(0.,0.,-1.));
#6643=DIRECTION('center_axis',(0.,-1.,0.));
#6644=DIRECTION('ref_axis',(1.,0.,0.));
#6645=DIRECTION('center_axis',(-1.,0.,-1.22464679914735E-16));
#6646=DIRECTION('ref_axis',(-1.22464679914735E-16,0.,1.));
#6647=DIRECTION('center_axis',(0.,-1.,0.));
#6648=DIRECTION('ref_axis',(1.,0.,0.));
#6649=DIRECTION('center_axis',(0.,-1.,0.));
#6650=DIRECTION('ref_axis',(1.,0.,0.));
#6651=DIRECTION('center_axis',(0.,-1.,0.));
#6652=DIRECTION('ref_axis',(1.,0.,0.));
#6653=DIRECTION('center_axis',(0.,-1.,0.));
#6654=DIRECTION('ref_axis',(1.,0.,0.));
#6655=DIRECTION('',(0.707106781186543,0.707106781186552,8.65956056235487E-17));
#6656=DIRECTION('center_axis',(0.,-1.,0.));
#6657=DIRECTION('ref_axis',(1.,0.,0.));
#6658=DIRECTION('center_axis',(0.,-1.,0.));
#6659=DIRECTION('ref_axis',(1.,0.,0.));
#6660=DIRECTION('',(0.,1.,0.));
#6661=DIRECTION('center_axis',(0.,-1.,0.));
#6662=DIRECTION('ref_axis',(1.,0.,0.));
#6663=DIRECTION('center_axis',(0.,1.,0.));
#6664=DIRECTION('ref_axis',(0.,0.,1.));
#6665=DIRECTION('center_axis',(0.,-1.,0.));
#6666=DIRECTION('ref_axis',(0.,0.,-1.));
#6667=DIRECTION('center_axis',(0.,-1.,0.));
#6668=DIRECTION('ref_axis',(1.,0.,0.));
#6669=DIRECTION('center_axis',(0.,-1.,0.));
#6670=DIRECTION('ref_axis',(1.,0.,0.));
#6671=DIRECTION('',(0.,1.,0.));
#6672=DIRECTION('center_axis',(0.,-1.,0.));
#6673=DIRECTION('ref_axis',(1.,0.,0.));
#6674=DIRECTION('center_axis',(0.,1.,0.));
#6675=DIRECTION('ref_axis',(1.,0.,0.));
#6676=DIRECTION('',(-0.707106781186543,0.707106781186552,-8.65956056235487E-17));
#6677=DIRECTION('axis',(0.,0.,1.));
#6678=DIRECTION('refdir',(1.,0.,0.));
#6679=DIRECTION('center_axis',(0.,-1.,0.));
#6680=DIRECTION('ref_axis',(0.437630983781339,0.,0.899154670807296));
#6681=DIRECTION('center_axis',(0.,1.,0.));
#6682=DIRECTION('ref_axis',(0.437630983781339,0.,0.899154670807296));
#6683=DIRECTION('',(0.,-1.,0.));
#6684=DIRECTION('center_axis',(0.,-1.,0.));
#6685=DIRECTION('ref_axis',(0.437630983781339,0.,0.899154670807296));
#6686=DIRECTION('',(0.,1.,0.));
#6687=DIRECTION('center_axis',(0.,-1.,0.));
#6688=DIRECTION('ref_axis',(1.,0.,0.));
#6689=DIRECTION('center_axis',(0.,1.,0.));
#6690=DIRECTION('ref_axis',(1.,0.,0.));
#6691=DIRECTION('',(0.,-1.,0.));
#6692=DIRECTION('center_axis',(0.,-1.,0.));
#6693=DIRECTION('ref_axis',(1.,0.,0.));
#6694=DIRECTION('center_axis',(0.,-1.,0.));
#6695=DIRECTION('ref_axis',(0.499999994285065,0.,-0.866025407083958));
#6696=DIRECTION('center_axis',(0.,1.,0.));
#6697=DIRECTION('ref_axis',(0.499999994285065,0.,-0.866025407083958));
#6698=DIRECTION('',(0.,-1.,0.));
#6699=DIRECTION('center_axis',(0.,-1.,0.));
#6700=DIRECTION('ref_axis',(0.499999994285065,0.,-0.866025407083958));
#6701=DIRECTION('',(0.,-1.,0.));
#6702=DIRECTION('center_axis',(0.,-1.,0.));
#6703=DIRECTION('ref_axis',(-0.699145205733861,0.,-0.714979706914369));
#6704=DIRECTION('center_axis',(0.,1.,0.));
#6705=DIRECTION('ref_axis',(-0.699145205733861,0.,-0.714979706914369));
#6706=DIRECTION('center_axis',(0.,-1.,0.));
#6707=DIRECTION('ref_axis',(-0.699145205733861,0.,-0.714979706914369));
#6708=DIRECTION('',(0.,1.,0.));
#6709=DIRECTION('center_axis',(0.,-1.,0.));
#6710=DIRECTION('ref_axis',(-0.968763195518099,0.,-0.247987642856579));
#6711=DIRECTION('center_axis',(0.,1.,0.));
#6712=DIRECTION('ref_axis',(-0.968763195518099,0.,-0.247987642856579));
#6713=DIRECTION('',(0.,-1.,0.));
#6714=DIRECTION('center_axis',(0.,-1.,0.));
#6715=DIRECTION('ref_axis',(-0.968763195518099,0.,-0.247987642856579));
#6716=DIRECTION('',(0.,1.,0.));
#6717=DIRECTION('center_axis',(0.,-1.,0.));
#6718=DIRECTION('ref_axis',(0.972264342410066,0.,0.233884690559091));
#6719=DIRECTION('center_axis',(0.,-1.,0.));
#6720=DIRECTION('ref_axis',(0.972264342410066,0.,0.233884690559091));
#6721=DIRECTION('',(0.,-1.,0.));
#6722=DIRECTION('center_axis',(0.,1.,0.));
#6723=DIRECTION('ref_axis',(0.972264342410066,0.,0.233884690559091));
#6724=DIRECTION('',(0.,-1.,0.));
#6725=DIRECTION('center_axis',(0.,-1.,0.));
#6726=DIRECTION('ref_axis',(0.972264342410066,0.,0.233884690559091));
#6727=DIRECTION('center_axis',(0.,1.,0.));
#6728=DIRECTION('ref_axis',(0.972264342410066,0.,0.233884690559091));
#6729=DIRECTION('',(0.,1.,0.));
#6730=DIRECTION('center_axis',(0.,-1.,0.));
#6731=DIRECTION('ref_axis',(0.972264342410066,0.,0.233884690559091));
#6732=DIRECTION('',(0.,1.,0.));
#6733=DIRECTION('center_axis',(0.,1.,0.));
#6734=DIRECTION('ref_axis',(0.972264342410066,0.,0.233884690559091));
#6735=DIRECTION('center_axis',(0.,-1.,0.));
#6736=DIRECTION('ref_axis',(-0.710128764676588,0.,-0.704071827002688));
#6737=DIRECTION('center_axis',(0.,1.,0.));
#6738=DIRECTION('ref_axis',(-0.710128764676588,0.,-0.704071827002688));
#6739=DIRECTION('',(0.,-1.,0.));
#6740=DIRECTION('center_axis',(0.,-1.,0.));
#6741=DIRECTION('ref_axis',(-0.710128764676588,0.,-0.704071827002688));
#6742=DIRECTION('',(0.,1.,0.));
#6743=DIRECTION('center_axis',(0.,-1.,0.));
#6744=DIRECTION('ref_axis',(0.981446600039002,0.,0.191735680747959));
#6745=DIRECTION('center_axis',(0.,-1.,0.));
#6746=DIRECTION('ref_axis',(0.981446600039002,0.,0.191735680747959));
#6747=DIRECTION('',(0.,-1.,0.));
#6748=DIRECTION('center_axis',(0.,1.,0.));
#6749=DIRECTION('ref_axis',(0.981446600039002,0.,0.191735680747959));
#6750=DIRECTION('',(0.,-1.,0.));
#6751=DIRECTION('center_axis',(0.,-1.,0.));
#6752=DIRECTION('ref_axis',(0.981446600039002,0.,0.191735680747959));
#6753=DIRECTION('center_axis',(0.,1.,0.));
#6754=DIRECTION('ref_axis',(0.981446600039002,0.,0.191735680747959));
#6755=DIRECTION('',(0.,-1.,0.));
#6756=DIRECTION('center_axis',(0.,-1.,0.));
#6757=DIRECTION('ref_axis',(0.981446600039002,0.,0.191735680747959));
#6758=DIRECTION('center_axis',(0.,1.,0.));
#6759=DIRECTION('ref_axis',(0.981446600039002,0.,0.191735680747959));
#6760=DIRECTION('center_axis',(0.,-1.,0.));
#6761=DIRECTION('ref_axis',(0.656771280311457,0.,0.754089839049731));
#6762=DIRECTION('center_axis',(0.,-1.,0.));
#6763=DIRECTION('ref_axis',(0.656771280311457,0.,0.754089839049731));
#6764=DIRECTION('',(0.,-1.,0.));
#6765=DIRECTION('center_axis',(0.,-1.,0.));
#6766=DIRECTION('ref_axis',(0.656771280311457,0.,0.754089839049731));
#6767=DIRECTION('center_axis',(0.,-1.,0.));
#6768=DIRECTION('ref_axis',(1.,0.,0.));
#6769=DIRECTION('center_axis',(0.,1.,0.));
#6770=DIRECTION('ref_axis',(1.,0.,0.));
#6771=DIRECTION('center_axis',(0.,-1.,0.));
#6772=DIRECTION('ref_axis',(1.,0.,0.));
#6773=DIRECTION('center_axis',(0.,1.,0.));
#6774=DIRECTION('ref_axis',(0.,0.,1.));
#6775=DIRECTION('center_axis',(0.,-1.,0.));
#6776=DIRECTION('ref_axis',(0.656771280311457,0.,0.754089839049731));
#6777=DIRECTION('',(-0.866025407083957,0.,-0.499999994285066));
#6778=DIRECTION('center_axis',(0.,-1.,0.));
#6779=DIRECTION('ref_axis',(1.,0.,0.));
#6780=DIRECTION('',(0.866025407083938,0.,0.499999994285099));
#6781=DIRECTION('center_axis',(0.,1.,0.));
#6782=DIRECTION('ref_axis',(0.688682264354441,0.,0.725063265352507));
#6783=DIRECTION('center_axis',(0.,1.,0.));
#6784=DIRECTION('ref_axis',(1.,0.,0.));
#6785=DIRECTION('center_axis',(0.,1.,0.));
#6786=DIRECTION('ref_axis',(1.,0.,0.));
#6787=DIRECTION('center_axis',(0.,-1.,0.));
#6788=DIRECTION('ref_axis',(1.,0.,0.));
#6789=DIRECTION('',(0.,-1.,0.));
#6790=DIRECTION('center_axis',(0.,1.,0.));
#6791=DIRECTION('ref_axis',(1.,0.,0.));
#6792=DIRECTION('center_axis',(0.,1.,0.));
#6793=DIRECTION('ref_axis',(1.,0.,0.));
#6794=DIRECTION('center_axis',(0.,-1.,0.));
#6795=DIRECTION('ref_axis',(1.,0.,0.));
#6796=DIRECTION('',(0.,-1.,0.));
#6797=DIRECTION('center_axis',(-0.499999994285066,0.,0.866025407083957));
#6798=DIRECTION('ref_axis',(0.866025407083957,0.,0.499999994285066));
#6799=DIRECTION('',(0.,1.,0.));
#6800=DIRECTION('',(0.866025407083957,0.,0.499999994285066));
#6801=DIRECTION('',(0.,1.,0.));
#6802=DIRECTION('center_axis',(0.,1.,0.));
#6803=DIRECTION('ref_axis',(-0.866025407083957,0.,-0.499999994285066));
#6804=DIRECTION('center_axis',(0.,1.,0.));
#6805=DIRECTION('ref_axis',(1.,0.,0.));
#6806=DIRECTION('',(0.,1.,0.));
#6807=DIRECTION('center_axis',(0.499999994285099,0.,-0.866025407083938));
#6808=DIRECTION('ref_axis',(-0.866025407083938,0.,-0.499999994285099));
#6809=DIRECTION('',(-0.866025407083938,0.,-0.499999994285099));
#6810=DIRECTION('',(0.,1.,0.));
#6811=DIRECTION('center_axis',(0.,1.,0.));
#6812=DIRECTION('ref_axis',(0.688682264354441,0.,0.725063265352507));
#6813=DIRECTION('center_axis',(0.,-1.,0.));
#6814=DIRECTION('ref_axis',(0.688682264354441,0.,0.725063265352507));
#6815=DIRECTION('center_axis',(0.,1.,0.));
#6816=DIRECTION('ref_axis',(0.499999994285067,0.,-0.866025407083956));
#6817=DIRECTION('center_axis',(0.,1.,0.));
#6818=DIRECTION('ref_axis',(0.499999994285067,0.,-0.866025407083956));
#6819=DIRECTION('center_axis',(0.,-1.,0.));
#6820=DIRECTION('ref_axis',(0.499999994285067,0.,-0.866025407083956));
#6821=DIRECTION('',(0.,1.,0.));
#6822=DIRECTION('center_axis',(-0.499999994285063,0.,0.866025407083959));
#6823=DIRECTION('ref_axis',(0.866025407083959,0.,0.499999994285062));
#6824=DIRECTION('',(-0.866025407083959,0.,-0.499999994285062));
#6825=DIRECTION('',(0.866025407083959,0.,0.499999994285062));
#6826=DIRECTION('',(0.,1.,0.));
#6827=DIRECTION('center_axis',(0.,1.,0.));
#6828=DIRECTION('ref_axis',(-0.86602540708394,0.,-0.499999994285096));
#6829=DIRECTION('center_axis',(0.,-1.,0.));
#6830=DIRECTION('ref_axis',(1.,0.,0.));
#6831=DIRECTION('center_axis',(0.,1.,0.));
#6832=DIRECTION('ref_axis',(1.,0.,0.));
#6833=DIRECTION('',(0.,1.,0.));
#6834=DIRECTION('center_axis',(0.499999994285423,0.,-0.866025407083751));
#6835=DIRECTION('ref_axis',(-0.866025407083751,0.,-0.499999994285423));
#6836=DIRECTION('',(0.866025407083751,0.,0.499999994285423));
#6837=DIRECTION('',(-0.866025407083751,0.,-0.499999994285423));
#6838=DIRECTION('',(0.,1.,0.));
#6839=DIRECTION('center_axis',(0.,1.,0.));
#6840=DIRECTION('ref_axis',(0.,0.,1.));
#6841=DIRECTION('center_axis',(0.,-1.,0.));
#6842=DIRECTION('ref_axis',(0.499999994285065,0.,-0.866025407083958));
#6843=DIRECTION('center_axis',(0.,1.,0.));
#6844=DIRECTION('ref_axis',(0.,0.,1.));
#6845=DIRECTION('center_axis',(0.,1.,0.));
#6846=DIRECTION('ref_axis',(0.656771280311457,0.,0.754089839049731));
#6847=DIRECTION('center_axis',(0.,1.,0.));
#6848=DIRECTION('ref_axis',(0.499999994285065,0.,-0.866025407083958));
#6849=DIRECTION('center_axis',(0.,-1.,0.));
#6850=DIRECTION('ref_axis',(1.,0.,0.));
#6851=DIRECTION('center_axis',(0.,-1.,0.));
#6852=DIRECTION('ref_axis',(0.688682264354441,0.,0.725063265352507));
#6853=DIRECTION('',(0.866025407083938,0.,0.499999994285099));
#6854=DIRECTION('center_axis',(0.,-1.,0.));
#6855=DIRECTION('ref_axis',(1.,0.,0.));
#6856=DIRECTION('',(0.866025407083957,0.,0.499999994285066));
#6857=DIRECTION('center_axis',(0.,1.,0.));
#6858=DIRECTION('ref_axis',(1.,0.,0.));
#6859=DIRECTION('center_axis',(0.,-1.,0.));
#6860=DIRECTION('ref_axis',(1.,0.,0.));
#6861=DIRECTION('',(0.866025407083751,0.,0.499999994285423));
#6862=DIRECTION('center_axis',(0.,-1.,0.));
#6863=DIRECTION('ref_axis',(1.,0.,0.));
#6864=DIRECTION('',(0.866025407083959,0.,0.499999994285062));
#6865=DIRECTION('center_axis',(0.,-1.,0.));
#6866=DIRECTION('ref_axis',(0.499999994285067,0.,-0.866025407083956));
#6867=DIRECTION('center_axis',(0.,1.,0.));
#6868=DIRECTION('ref_axis',(1.,0.,0.));
#6869=DIRECTION('center_axis',(0.,-1.,0.));
#6870=DIRECTION('ref_axis',(1.,0.,0.));
#6871=DIRECTION('center_axis',(0.,1.,0.));
#6872=DIRECTION('ref_axis',(1.,0.,0.));
#6873=DIRECTION('',(0.,1.,0.));
#6874=DIRECTION('center_axis',(0.,-1.,0.));
#6875=DIRECTION('ref_axis',(1.,0.,0.));
#6876=DIRECTION('center_axis',(0.,1.,0.));
#6877=DIRECTION('ref_axis',(1.,0.,0.));
#6878=DIRECTION('',(0.,1.,0.));
#6879=DIRECTION('center_axis',(-0.499999994285063,0.,0.866025407083959));
#6880=DIRECTION('ref_axis',(-0.866025407083959,0.,-0.499999994285062));
#6881=DIRECTION('',(0.,-1.,0.));
#6882=DIRECTION('',(-0.866025407083959,0.,-0.499999994285062));
#6883=DIRECTION('',(0.,-1.,0.));
#6884=DIRECTION('center_axis',(0.,-1.,0.));
#6885=DIRECTION('ref_axis',(0.499999994285067,0.,-0.866025407083956));
#6886=DIRECTION('center_axis',(0.,1.,0.));
#6887=DIRECTION('ref_axis',(0.499999994285067,0.,-0.866025407083956));
#6888=DIRECTION('center_axis',(0.,-1.,0.));
#6889=DIRECTION('ref_axis',(0.688682264354441,0.,0.725063265352507));
#6890=DIRECTION('center_axis',(0.,1.,0.));
#6891=DIRECTION('ref_axis',(0.688682264354441,0.,0.725063265352507));
#6892=DIRECTION('',(0.,-1.,0.));
#6893=DIRECTION('center_axis',(0.499999994285099,0.,-0.866025407083938));
#6894=DIRECTION('ref_axis',(0.866025407083938,0.,0.499999994285099));
#6895=DIRECTION('',(0.866025407083938,0.,0.499999994285099));
#6896=DIRECTION('',(0.,-1.,0.));
#6897=DIRECTION('center_axis',(0.,-1.,0.));
#6898=DIRECTION('ref_axis',(-0.866025407083957,0.,-0.499999994285066));
#6899=DIRECTION('center_axis',(0.,-1.,0.));
#6900=DIRECTION('ref_axis',(1.,0.,0.));
#6901=DIRECTION('',(0.,-1.,0.));
#6902=DIRECTION('center_axis',(-0.499999994285066,0.,0.866025407083957));
#6903=DIRECTION('ref_axis',(-0.866025407083957,0.,-0.499999994285066));
#6904=DIRECTION('',(-0.866025407083957,0.,-0.499999994285066));
#6905=DIRECTION('center_axis',(0.,-1.,0.));
#6906=DIRECTION('ref_axis',(0.656771280311457,0.,0.754089839049731));
#6907=DIRECTION('center_axis',(0.,-1.,0.));
#6908=DIRECTION('ref_axis',(0.499999994285065,0.,-0.866025407083958));
#6909=DIRECTION('center_axis',(0.499999994285423,0.,-0.866025407083751));
#6910=DIRECTION('ref_axis',(0.866025407083751,0.,0.499999994285423));
#6911=DIRECTION('',(0.866025407083751,0.,0.499999994285423));
#6912=DIRECTION('',(0.,-1.,0.));
#6913=DIRECTION('center_axis',(0.,-1.,0.));
#6914=DIRECTION('ref_axis',(-0.86602540708394,0.,-0.499999994285096));
#6915=DIRECTION('center_axis',(0.,-1.,0.));
#6916=DIRECTION('ref_axis',(1.,0.,0.));
#6917=DIRECTION('center_axis',(0.,-1.,0.));
#6918=DIRECTION('ref_axis',(1.,0.,0.));
#6919=DIRECTION('axis',(0.,0.,1.));
#6920=DIRECTION('refdir',(1.,0.,0.));
#6921=DIRECTION('center_axis',(0.,1.,0.));
#6922=DIRECTION('ref_axis',(-0.222656520306019,0.,0.974896955562595));
#6923=DIRECTION('center_axis',(0.,-1.,0.));
#6924=DIRECTION('ref_axis',(-0.222656520306019,0.,0.974896955562595));
#6925=DIRECTION('',(0.,1.,0.));
#6926=DIRECTION('center_axis',(0.,-1.,0.));
#6927=DIRECTION('ref_axis',(-0.222656520306019,0.,0.974896955562595));
#6928=DIRECTION('',(0.,1.,0.));
#6929=DIRECTION('center_axis',(-0.760941468661164,0.,0.648820530864884));
#6930=DIRECTION('ref_axis',(0.648820530864884,0.,0.760941468661164));
#6931=DIRECTION('',(0.648820530864884,0.,0.760941468661164));
#6932=DIRECTION('',(-2.13849315392323E-8,-0.999999999999999,-2.50804042698683E-8));
#6933=DIRECTION('',(0.648820530864884,0.,0.760941468661164));
#6934=DIRECTION('',(0.,1.,0.));
#6935=DIRECTION('center_axis',(0.,1.,0.));
#6936=DIRECTION('ref_axis',(-0.510067060242356,0.,-0.860134637167764));
#6937=DIRECTION('center_axis',(0.,-1.,0.));
#6938=DIRECTION('ref_axis',(1.,0.,0.));
#6939=DIRECTION('center_axis',(0.,1.,0.));
#6940=DIRECTION('ref_axis',(1.,0.,0.));
#6941=DIRECTION('center_axis',(0.,-1.,0.));
#6942=DIRECTION('ref_axis',(1.,0.,0.));
#6943=DIRECTION('center_axis',(-5.07994132824182E-8,-0.999999999999999,
0.));
#6944=DIRECTION('ref_axis',(0.999999999999999,-5.07994132824182E-8,0.));
#6945=DIRECTION('center_axis',(0.,-1.,0.));
#6946=DIRECTION('ref_axis',(1.,0.,0.));
#6947=DIRECTION('center_axis',(-5.07994132824182E-8,-0.999999999999999,
0.));
#6948=DIRECTION('ref_axis',(0.999999999999999,-5.07994132824182E-8,0.));
#6949=DIRECTION('center_axis',(-5.07994132824182E-8,-0.999999999999999,
0.));
#6950=DIRECTION('ref_axis',(0.999999999999999,-5.07994134257976E-8,0.));
#6951=DIRECTION('center_axis',(-5.07994132824182E-8,-0.999999999999999,
0.));
#6952=DIRECTION('ref_axis',(0.999999999999999,-5.07994132824182E-8,0.));
#6953=DIRECTION('center_axis',(-5.07994132824182E-8,-0.999999999999999,
0.));
#6954=DIRECTION('ref_axis',(0.999999999999999,-5.07994132824182E-8,0.));
#6955=DIRECTION('',(0.,1.,0.));
#6956=DIRECTION('center_axis',(0.,-1.,0.));
#6957=DIRECTION('ref_axis',(1.,0.,0.));
#6958=DIRECTION('',(0.,1.,0.));
#6959=DIRECTION('center_axis',(0.,1.,0.));
#6960=DIRECTION('ref_axis',(1.,0.,0.));
#6961=DIRECTION('center_axis',(0.,1.,0.));
#6962=DIRECTION('ref_axis',(1.,0.,0.));
#6963=DIRECTION('center_axis',(0.,-1.,0.));
#6964=DIRECTION('ref_axis',(1.,0.,0.));
#6965=DIRECTION('',(0.,-1.,0.));
#6966=DIRECTION('center_axis',(0.,1.,0.));
#6967=DIRECTION('ref_axis',(1.,0.,0.));
#6968=DIRECTION('center_axis',(0.,1.,0.));
#6969=DIRECTION('ref_axis',(0.866025403784439,0.,0.5));
#6970=DIRECTION('center_axis',(0.,-1.,0.));
#6971=DIRECTION('ref_axis',(0.14544519305788,0.,-0.989366310229106));
#6972=DIRECTION('',(0.,1.,0.));
#6973=DIRECTION('center_axis',(0.,1.,0.));
#6974=DIRECTION('ref_axis',(0.14544519305788,0.,-0.989366310229106));
#6975=DIRECTION('',(0.,1.,0.));
#6976=DIRECTION('center_axis',(0.,1.,0.));
#6977=DIRECTION('ref_axis',(-0.37349914493122,0.,-0.92763052382705));
#6978=DIRECTION('center_axis',(0.,-1.,0.));
#6979=DIRECTION('ref_axis',(-0.37349914493122,0.,-0.92763052382705));
#6980=DIRECTION('center_axis',(0.,-1.,0.));
#6981=DIRECTION('ref_axis',(-0.37349914493122,0.,-0.92763052382705));
#6982=DIRECTION('center_axis',(0.,1.,0.));
#6983=DIRECTION('ref_axis',(-0.145445193057882,0.,0.989366310229106));
#6984=DIRECTION('center_axis',(0.,-1.,0.));
#6985=DIRECTION('ref_axis',(-0.145445193057882,0.,0.989366310229106));
#6986=DIRECTION('center_axis',(0.,-1.,0.));
#6987=DIRECTION('ref_axis',(-0.145445193057882,0.,0.989366310229106));
#6988=DIRECTION('center_axis',(0.,-1.,0.));
#6989=DIRECTION('ref_axis',(1.,0.,0.));
#6990=DIRECTION('center_axis',(0.,-1.,0.));
#6991=DIRECTION('ref_axis',(1.,0.,0.));
#6992=DIRECTION('center_axis',(-5.07994132824182E-8,-0.999999999999999,
0.));
#6993=DIRECTION('ref_axis',(0.,0.,-1.));
#6994=DIRECTION('center_axis',(-5.07994132824182E-8,-0.999999999999999,
0.));
#6995=DIRECTION('ref_axis',(0.999999999999999,-5.07994132824182E-8,0.));
#6996=DIRECTION('center_axis',(-0.999999999999999,5.07994132824182E-8,0.));
#6997=DIRECTION('ref_axis',(0.,0.,1.));
#6998=DIRECTION('center_axis',(-5.07994132824182E-8,-0.999999999999999,
0.));
#6999=DIRECTION('ref_axis',(0.999999999999999,-5.07994132824182E-8,0.));
#7000=DIRECTION('center_axis',(-5.07994132824182E-8,-0.999999999999999,
0.));
#7001=DIRECTION('ref_axis',(0.999999999999999,-5.07994132824182E-8,0.));
#7002=DIRECTION('center_axis',(-5.07994132824182E-8,-0.999999999999999,
0.));
#7003=DIRECTION('ref_axis',(0.999999999999999,-5.07994132824182E-8,0.));
#7004=DIRECTION('center_axis',(-5.07994132824182E-8,-0.999999999999999,
0.));
#7005=DIRECTION('ref_axis',(0.999999999999999,-5.07994134257976E-8,0.));
#7006=DIRECTION('',(0.707106853027757,0.707106709345331,8.65956100225545E-17));
#7007=DIRECTION('center_axis',(-5.07994132824182E-8,-0.999999999999999,
0.));
#7008=DIRECTION('ref_axis',(0.999999999999999,-5.07994132824182E-8,0.));
#7009=DIRECTION('center_axis',(-5.07994132824182E-8,-0.999999999999999,
0.));
#7010=DIRECTION('ref_axis',(0.999999999999999,-5.07994134257976E-8,0.));
#7011=DIRECTION('',(5.07994132824182E-8,0.999999999999999,0.));
#7012=DIRECTION('center_axis',(-5.07994132824182E-8,-0.999999999999999,
0.));
#7013=DIRECTION('ref_axis',(0.999999999999999,-5.07994132824182E-8,0.));
#7014=DIRECTION('center_axis',(5.07994132824182E-8,0.999999999999999,0.));
#7015=DIRECTION('ref_axis',(0.,0.,1.));
#7016=DIRECTION('center_axis',(-5.07994132824182E-8,-0.999999999999999,
0.));
#7017=DIRECTION('ref_axis',(0.,0.,-1.));
#7018=DIRECTION('center_axis',(-5.07994132824182E-8,-0.999999999999999,
0.));
#7019=DIRECTION('ref_axis',(0.999999999999999,-5.07994132824182E-8,0.));
#7020=DIRECTION('center_axis',(-5.07994132824182E-8,-0.999999999999999,
0.));
#7021=DIRECTION('ref_axis',(0.999999999999999,-5.07994134257976E-8,0.));
#7022=DIRECTION('',(5.07994132824182E-8,0.999999999999999,0.));
#7023=DIRECTION('center_axis',(-5.07994132824182E-8,-0.999999999999999,
0.));
#7024=DIRECTION('ref_axis',(0.999999999999999,-5.07994132824182E-8,0.));
#7025=DIRECTION('center_axis',(5.07994132824182E-8,0.999999999999999,0.));
#7026=DIRECTION('ref_axis',(0.999999999999999,-5.07994134257976E-8,0.));
#7027=DIRECTION('',(-0.707106709345319,0.707106853027769,-8.65956012245425E-17));
#7028=DIRECTION('axis',(0.,0.,1.));
#7029=DIRECTION('refdir',(1.,0.,0.));
#7030=DIRECTION('axis',(0.,0.,1.));
#7031=DIRECTION('refdir',(1.,0.,0.));
#7032=DIRECTION('center_axis',(0.,1.,0.));
#7033=DIRECTION('ref_axis',(1.,0.,0.));
#7034=DIRECTION('center_axis',(0.,1.,0.));
#7035=DIRECTION('ref_axis',(1.,0.,0.));
#7036=DIRECTION('',(0.,1.,0.));
#7037=DIRECTION('center_axis',(2.18952885050753E-47,1.,-1.16318720183212E-46));
#7038=DIRECTION('ref_axis',(1.,0.,0.));
#7039=DIRECTION('center_axis',(-2.18952885050753E-47,-1.,1.16318720183212E-46));
#7040=DIRECTION('ref_axis',(1.,-2.18952885050753E-47,2.82755145625544E-109));
#7041=DIRECTION('center_axis',(0.,1.,0.));
#7042=DIRECTION('ref_axis',(0.,0.,1.));
#7043=DIRECTION('center_axis',(0.,1.,0.));
#7044=DIRECTION('ref_axis',(1.,0.,0.));
#7045=DIRECTION('center_axis',(0.,1.,0.));
#7046=DIRECTION('ref_axis',(0.,0.,1.));
#7047=DIRECTION('center_axis',(0.,-1.,0.));
#7048=DIRECTION('ref_axis',(1.,0.,0.));
#7049=DIRECTION('center_axis',(0.,1.,0.));
#7050=DIRECTION('ref_axis',(1.,0.,0.));
#7051=DIRECTION('center_axis',(-5.07994132824182E-8,-0.999999999999999,
0.));
#7052=DIRECTION('ref_axis',(0.999999999999999,-5.07994135833178E-8,0.));
#7053=DIRECTION('',(5.07994132824182E-8,0.999999999999999,0.));
#7054=DIRECTION('center_axis',(-5.07994132824182E-8,-0.999999999999999,
0.));
#7055=DIRECTION('ref_axis',(0.999999999999999,-5.07994132824182E-8,0.));
#7056=DIRECTION('center_axis',(-5.07994132824182E-8,-0.999999999999999,
0.));
#7057=DIRECTION('ref_axis',(0.,0.,-1.));
#7058=DIRECTION('center_axis',(-5.07994132824182E-8,-0.999999999999999,
0.));
#7059=DIRECTION('ref_axis',(0.999999999999999,-5.07994132824182E-8,0.));
#7060=DIRECTION('center_axis',(-0.999999999999999,5.07994132824182E-8,0.));
#7061=DIRECTION('ref_axis',(0.,0.,1.));
#7062=DIRECTION('center_axis',(-5.07994132824182E-8,-0.999999999999999,
0.));
#7063=DIRECTION('ref_axis',(0.999999999999999,-5.07994132824182E-8,0.));
#7064=DIRECTION('center_axis',(-5.07994132824182E-8,-0.999999999999999,
0.));
#7065=DIRECTION('ref_axis',(0.999999999999999,-5.07994132824182E-8,0.));
#7066=DIRECTION('center_axis',(-5.07994132824182E-8,-0.999999999999999,
0.));
#7067=DIRECTION('ref_axis',(0.999999999999999,-5.07994132824182E-8,0.));
#7068=DIRECTION('center_axis',(-5.07994132824182E-8,-0.999999999999999,
0.));
#7069=DIRECTION('ref_axis',(0.999999999999999,-5.07994135833178E-8,0.));
#7070=DIRECTION('',(0.707106853027757,0.70710670934533,8.65956100225544E-17));
#7071=DIRECTION('center_axis',(-5.07994132824182E-8,-0.999999999999999,
0.));
#7072=DIRECTION('ref_axis',(0.999999999999999,-5.07994133926483E-8,0.));
#7073=DIRECTION('center_axis',(-5.07994132824182E-8,-0.999999999999999,
0.));
#7074=DIRECTION('ref_axis',(0.999999999999999,-5.07994132824182E-8,0.));
#7075=DIRECTION('',(5.07994132824182E-8,0.999999999999999,0.));
#7076=DIRECTION('center_axis',(2.18952885050753E-47,1.,-1.16318720183212E-46));
#7077=DIRECTION('ref_axis',(1.,0.,0.));
#7078=DIRECTION('',(5.07994132824182E-8,0.999999999999999,0.));
#7079=DIRECTION('center_axis',(0.,1.,0.));
#7080=DIRECTION('ref_axis',(1.,0.,0.));
#7081=DIRECTION('',(-5.07994132824182E-8,-0.999999999999999,0.));
#7082=DIRECTION('center_axis',(2.18952885050753E-47,1.,-1.16318720183212E-46));
#7083=DIRECTION('ref_axis',(1.,0.,0.));
#7084=DIRECTION('center_axis',(5.07994132824182E-8,0.999999999999999,0.));
#7085=DIRECTION('ref_axis',(0.999999999999999,-5.07994133926483E-8,0.));
#7086=DIRECTION('',(-0.707106709345319,0.707106853027769,-8.65956012245425E-17));
#7087=DIRECTION('center_axis',(0.,-1.,0.));
#7088=DIRECTION('ref_axis',(0.,0.,-1.));
#7089=DIRECTION('center_axis',(0.,1.,0.));
#7090=DIRECTION('ref_axis',(0.986143751949317,0.,0.165893039309439));
#7091=DIRECTION('center_axis',(0.,-1.,0.));
#7092=DIRECTION('ref_axis',(1.,0.,0.));
#7093=DIRECTION('center_axis',(0.,-1.,0.));
#7094=DIRECTION('ref_axis',(0.999800901648373,0.,-0.0199538733859012));
#7095=DIRECTION('center_axis',(0.,-1.,0.));
#7096=DIRECTION('ref_axis',(1.,0.,0.));
#7097=DIRECTION('center_axis',(0.,-1.,0.));
#7098=DIRECTION('ref_axis',(0.986143751949317,0.,0.165893039309439));
#7099=DIRECTION('center_axis',(-2.18952885050753E-47,-1.,1.16318720183212E-46));
#7100=DIRECTION('ref_axis',(0.986143751949317,0.,0.165893039309439));
#7101=DIRECTION('',(0.,1.,0.));
#7102=DIRECTION('center_axis',(0.,-1.,0.));
#7103=DIRECTION('ref_axis',(0.998784712686411,0.,-0.0492858773273196));
#7104=DIRECTION('center_axis',(-2.18952885050753E-47,-1.,1.16318720183212E-46));
#7105=DIRECTION('ref_axis',(0.998784712686411,0.,-0.0492858773273196));
#7106=DIRECTION('',(0.,-1.,0.));
#7107=DIRECTION('center_axis',(-2.18952885050753E-47,-1.,1.16318720183212E-46));
#7108=DIRECTION('ref_axis',(0.998784712686411,0.,-0.0492858773273196));
#7109=DIRECTION('',(0.,-1.,0.));
#7110=DIRECTION('center_axis',(0.,-1.,0.));
#7111=DIRECTION('ref_axis',(-0.0917834136040541,0.,-0.99577899404797));
#7112=DIRECTION('center_axis',(-2.18952885050753E-47,-1.,1.16318720183212E-46));
#7113=DIRECTION('ref_axis',(-0.990965861917504,0.,0.134114356107387));
#7114=DIRECTION('center_axis',(-2.18952885050753E-47,-1.,1.16318720183212E-46));
#7115=DIRECTION('ref_axis',(-0.990965861917504,0.,0.134114356107387));
#7116=DIRECTION('',(0.,-1.,0.));
#7117=DIRECTION('center_axis',(0.,-1.,0.));
#7118=DIRECTION('ref_axis',(0.990965861917503,0.,-0.134114356107388));
#7119=DIRECTION('center_axis',(2.18952885050753E-47,1.,-1.16318720183212E-46));
#7120=DIRECTION('ref_axis',(0.990965861917503,0.,-0.134114356107388));
#7121=DIRECTION('center_axis',(2.18952885050753E-47,1.,-1.16318720183212E-46));
#7122=DIRECTION('ref_axis',(0.990965861917503,0.,-0.134114356107388));
#7123=DIRECTION('',(0.,-1.,0.));
#7124=DIRECTION('center_axis',(2.18952885050753E-47,1.,-1.16318720183212E-46));
#7125=DIRECTION('ref_axis',(0.,1.16318720183212E-46,1.));
#7126=DIRECTION('center_axis',(2.18952885050753E-47,1.,-1.16318720183212E-46));
#7127=DIRECTION('ref_axis',(0.999800901648373,0.,-0.0199538733859012));
#7128=DIRECTION('center_axis',(-2.18952885050753E-47,-1.,1.16318720183212E-46));
#7129=DIRECTION('ref_axis',(1.,0.,0.));
#7130=DIRECTION('center_axis',(-2.18952885050753E-47,-1.,1.16318720183212E-46));
#7131=DIRECTION('ref_axis',(1.,0.,0.));
#7132=DIRECTION('center_axis',(0.,-1.,0.));
#7133=DIRECTION('ref_axis',(0.999800901648373,0.,-0.0199538733859012));
#7134=DIRECTION('',(0.,-1.,0.));
#7135=DIRECTION('center_axis',(0.,-1.,0.));
#7136=DIRECTION('ref_axis',(-0.781769398186043,0.,0.6235676451355));
#7137=DIRECTION('center_axis',(0.,-1.,0.));
#7138=DIRECTION('ref_axis',(1.,0.,0.));
#7139=DIRECTION('center_axis',(0.,1.,0.));
#7140=DIRECTION('ref_axis',(1.,0.,0.));
#7141=DIRECTION('',(0.,1.,0.));
#7142=DIRECTION('center_axis',(0.,1.,0.));
#7143=DIRECTION('ref_axis',(1.,0.,0.));
#7144=DIRECTION('center_axis',(0.,-1.,0.));
#7145=DIRECTION('ref_axis',(1.,0.,0.));
#7146=DIRECTION('center_axis',(0.,-1.,0.));
#7147=DIRECTION('ref_axis',(1.,0.,1.97215226305253E-31));
#7148=DIRECTION('center_axis',(0.,-1.,0.));
#7149=DIRECTION('ref_axis',(1.,0.,0.));
#7150=DIRECTION('center_axis',(0.,-1.,0.));
#7151=DIRECTION('ref_axis',(1.,0.,0.));
#7152=DIRECTION('',(0.,1.,0.));
#7153=DIRECTION('center_axis',(0.,1.,0.));
#7154=DIRECTION('ref_axis',(1.,0.,0.));
#7155=DIRECTION('center_axis',(0.,-1.,0.));
#7156=DIRECTION('ref_axis',(1.,0.,0.));
#7157=DIRECTION('',(-0.707106781186543,0.707106781186552,-8.65956056235488E-17));
#7158=DIRECTION('center_axis',(0.,-1.,0.));
#7159=DIRECTION('ref_axis',(1.,0.,0.));
#7160=DIRECTION('center_axis',(0.,-1.,0.));
#7161=DIRECTION('ref_axis',(0.,0.,-1.));
#7162=DIRECTION('center_axis',(-1.,0.,-1.22464679914735E-16));
#7163=DIRECTION('ref_axis',(-1.22464679914735E-16,0.,1.));
#7164=DIRECTION('center_axis',(0.,-1.,0.));
#7165=DIRECTION('ref_axis',(1.,0.,0.));
#7166=DIRECTION('center_axis',(0.,-1.,0.));
#7167=DIRECTION('ref_axis',(1.,0.,0.));
#7168=DIRECTION('center_axis',(0.,-1.,0.));
#7169=DIRECTION('ref_axis',(1.,0.,0.));
#7170=DIRECTION('center_axis',(0.,-1.,0.));
#7171=DIRECTION('ref_axis',(1.,0.,0.));
#7172=DIRECTION('',(0.707106781186543,0.707106781186552,8.65956056235488E-17));
#7173=DIRECTION('center_axis',(0.,-1.,0.));
#7174=DIRECTION('ref_axis',(1.,0.,0.));
#7175=DIRECTION('',(0.,1.,0.));
#7176=DIRECTION('center_axis',(-2.18952885050753E-47,-1.,1.16318720183212E-46));
#7177=DIRECTION('ref_axis',(1.,-2.18952885050753E-47,1.97215226305253E-31));
#7178=DIRECTION('center_axis',(2.12110607392917E-47,1.,-2.46519032881567E-32));
#7179=DIRECTION('ref_axis',(1.,-2.12110607392917E-47,1.97215226305253E-31));
#7180=DIRECTION('center_axis',(0.,-1.,0.));
#7181=DIRECTION('ref_axis',(1.,0.,1.97215226305253E-31));
#7182=DIRECTION('',(0.,1.,0.));
#7183=DIRECTION('',(0.,1.,0.));
#7184=DIRECTION('',(0.,1.,0.));
#7185=DIRECTION('',(0.,1.,0.));
#7186=DIRECTION('',(0.,1.,0.));
#7187=DIRECTION('',(0.,1.,0.));
#7188=DIRECTION('',(0.,1.,0.));
#7189=DIRECTION('',(0.,1.,0.));
#7190=DIRECTION('',(0.,1.,0.));
#7191=DIRECTION('',(0.,1.,0.));
#7192=DIRECTION('',(0.,1.,0.));
#7193=DIRECTION('',(0.,1.,0.));
#7194=DIRECTION('',(0.,1.,0.));
#7195=DIRECTION('',(0.,1.,0.));
#7196=DIRECTION('',(0.,1.,0.));
#7197=DIRECTION('',(0.,1.,0.));
#7198=DIRECTION('',(0.,1.,0.));
#7199=DIRECTION('',(0.,1.,0.));
#7200=DIRECTION('',(0.,1.,0.));
#7201=DIRECTION('',(0.,1.,0.));
#7202=DIRECTION('',(0.,1.,0.));
#7203=DIRECTION('',(0.,1.,0.));
#7204=DIRECTION('',(0.,1.,0.));
#7205=DIRECTION('',(0.,1.,0.));
#7206=DIRECTION('',(0.,1.,0.));
#7207=DIRECTION('',(0.,1.,0.));
#7208=DIRECTION('',(0.,1.,0.));
#7209=DIRECTION('',(0.,1.,0.));
#7210=DIRECTION('',(0.,1.,0.));
#7211=DIRECTION('',(0.,1.,0.));
#7212=DIRECTION('',(0.,1.,0.));
#7213=DIRECTION('',(0.,1.,0.));
#7214=DIRECTION('',(0.,1.,0.));
#7215=DIRECTION('',(0.,1.,0.));
#7216=DIRECTION('',(0.,1.,0.));
#7217=DIRECTION('',(0.,1.,0.));
#7218=DIRECTION('',(0.,1.,0.));
#7219=DIRECTION('',(0.,1.,0.));
#7220=DIRECTION('',(0.,1.,0.));
#7221=DIRECTION('',(0.,1.,0.));
#7222=DIRECTION('',(0.,1.,0.));
#7223=DIRECTION('center_axis',(-2.18952885050753E-47,-1.,1.16318720183212E-46));
#7224=DIRECTION('ref_axis',(1.,-2.18952885050753E-47,1.97215226305253E-31));
#7225=DIRECTION('axis',(0.,0.,1.));
#7226=DIRECTION('refdir',(1.,0.,0.));
#7227=DIRECTION('center_axis',(-0.672351132503643,-0.707261703105553,0.218460151838504));
#7228=DIRECTION('ref_axis',(0.309017027773123,0.,0.951056505443428));
#7229=DIRECTION('center_axis',(0.672351132503643,0.707261703105553,-0.218460151838504));
#7230=DIRECTION('ref_axis',(0.643936042609564,-0.704391848029221,-0.29862769037434));
#7231=DIRECTION('center_axis',(-0.672351132503643,-0.707261703105553,0.218460151838504));
#7232=DIRECTION('ref_axis',(0.643936042609564,-0.704391848029221,-0.29862769037434));
#7233=DIRECTION('center_axis',(-5.07994132824182E-8,-0.999999999999999,
0.));
#7234=DIRECTION('ref_axis',(0.999999999999999,-5.07994135393135E-8,0.));
#7235=DIRECTION('center_axis',(0.672645859132823,-0.706951825317851,-0.218555862129629));
#7236=DIRECTION('ref_axis',(0.672351154698941,0.707261703105547,-0.218460083528415));
#7237=DIRECTION('center_axis',(-5.07994132824182E-8,-0.999999999999999,
0.));
#7238=DIRECTION('ref_axis',(0.999999999999999,-5.07994132824182E-8,0.));
#7239=DIRECTION('center_axis',(-0.415535901913675,-0.707261716151616,-0.571935992124171));
#7240=DIRECTION('ref_axis',(0.41571801183929,-0.706951812266062,0.572186743787479));
#7241=DIRECTION('center_axis',(0.415717953705777,-0.706951812266064,0.572186786023942));
#7242=DIRECTION('ref_axis',(0.415535843805644,0.707261716151614,0.571936034342132));
#7243=DIRECTION('center_axis',(-5.07994132824182E-8,-0.999999999999999,
0.));
#7244=DIRECTION('ref_axis',(0.999999999999999,-5.07994132824182E-8,0.));
#7245=DIRECTION('',(5.07994132824182E-8,0.999999999999999,0.));
#7246=DIRECTION('center_axis',(-5.07994132824182E-8,-0.999999999999999,
0.));
#7247=DIRECTION('ref_axis',(0.999999999999999,-5.07994132824182E-8,0.));
#7248=DIRECTION('center_axis',(-5.07994132824182E-8,-0.999999999999999,
0.));
#7249=DIRECTION('ref_axis',(0.999999999999999,-5.07994132824182E-8,0.));
#7250=DIRECTION('center_axis',(0.415535771923209,-0.707261758369569,-0.571936034360634));
#7251=DIRECTION('ref_axis',(0.415718025505771,0.7069517700296,-0.57218678604246));
#7252=DIRECTION('center_axis',(-0.415718083639278,-0.706951770029601,0.572186743805989));
#7253=DIRECTION('ref_axis',(0.415535830031245,-0.707261758369567,-0.57193599214268));
#7254=DIRECTION('center_axis',(-5.07994132824182E-8,-0.999999999999999,
0.));
#7255=DIRECTION('ref_axis',(0.999999999999999,-5.07994132824182E-8,0.));
#7256=DIRECTION('center_axis',(0.672351082851703,-0.707261771415636,0.218460083498472));
#7257=DIRECTION('ref_axis',(0.672645930968033,0.706951756977813,0.218555862099675));
#7258=DIRECTION('center_axis',(-0.672645908763004,-0.706951756977818,-0.218555930439713));
#7259=DIRECTION('ref_axis',(0.672351060656413,-0.70726177141563,0.218460151808563));
#7260=DIRECTION('center_axis',(-5.07994132824182E-8,-0.999999999999999,
0.));
#7261=DIRECTION('ref_axis',(0.999999999999999,-5.07994132824182E-8,0.));
#7262=DIRECTION('center_axis',(0.,-0.707261737260596,0.706951791147829));
#7263=DIRECTION('ref_axis',(3.59127362092644E-8,0.706951791147829,0.707261737260595));
#7264=DIRECTION('center_axis',(0.,-0.706951791147836,-0.707261737260589));
#7265=DIRECTION('ref_axis',(-3.59284812899418E-8,-0.707261737260589,0.706951791147835));
#7266=DIRECTION('center_axis',(-5.07994132824182E-8,-0.999999999999999,
0.));
#7267=DIRECTION('ref_axis',(0.999999999999999,-5.07994132824182E-8,0.));
#7268=DIRECTION('center_axis',(-0.672351132503643,-0.707261703105553,0.218460151838504));
#7269=DIRECTION('ref_axis',(0.672645836927803,-0.706951825317845,-0.21855593046967));
#7270=DIRECTION('center_axis',(-0.951056516295153,4.83131129547232E-8,0.309016994374947));
#7271=DIRECTION('ref_axis',(0.309016994374948,3.51015314037361E-8,0.951056516295153));
#7272=DIRECTION('center_axis',(-0.672645859132823,0.706951825317851,0.218555862129629));
#7273=DIRECTION('ref_axis',(-0.696223872063366,-0.704692594531995,0.136677237244753));
#7274=DIRECTION('center_axis',(3.51015312337451E-8,0.999999999999998,-4.83131131497203E-8));
#7275=DIRECTION('ref_axis',(-0.30901699437495,-3.51015314037362E-8,-0.951056516295152));
#7276=DIRECTION('center_axis',(3.51015312337451E-8,0.999999999999998,-4.83131131497203E-8));
#7277=DIRECTION('ref_axis',(-0.30901699437495,-3.51015314037362E-8,-0.951056516295152));
#7278=DIRECTION('center_axis',(0.672645859132823,-0.706951825317851,-0.218555862129629));
#7279=DIRECTION('ref_axis',(-0.309016961006036,0.,-0.95105652713737));
#7280=DIRECTION('center_axis',(0.672645859132823,-0.706951825317851,-0.218555862129629));
#7281=DIRECTION('ref_axis',(-0.696223872063366,-0.704692594531995,0.136677237244753));
#7282=DIRECTION('center_axis',(-0.415535901913675,-0.707261716151616,-0.571935992124171));
#7283=DIRECTION('ref_axis',(-0.809016940335561,0.,0.5877853266713));
#7284=DIRECTION('center_axis',(0.415535901913675,0.707261716151616,0.571935992124171));
#7285=DIRECTION('ref_axis',(0.482998966608368,-0.704391839853711,0.520138572115886));
#7286=DIRECTION('center_axis',(-0.415535901913675,-0.707261716151616,-0.571935992124171));
#7287=DIRECTION('ref_axis',(0.482998966608368,-0.704391839853711,0.520138572115886));
#7288=DIRECTION('center_axis',(-0.587785252292471,2.98591459890751E-8,-0.809016994374948));
#7289=DIRECTION('ref_axis',(-0.809016994374942,9.18970019525566E-8,0.587785252292474));
#7290=DIRECTION('center_axis',(-0.415717953705777,0.706951812266064,-0.572186786023942));
#7291=DIRECTION('ref_axis',(-0.345132810203731,-0.704692612367214,-0.619912627227375));
#7292=DIRECTION('center_axis',(9.18970021170739E-8,0.999999999999995,-2.98591460868557E-8));
#7293=DIRECTION('ref_axis',(0.809016994374943,-9.18970021607236E-8,-0.587785252292472));
#7294=DIRECTION('center_axis',(9.18970021170739E-8,0.999999999999995,-2.98591460868557E-8));
#7295=DIRECTION('ref_axis',(0.809016994374943,-9.18970021607236E-8,-0.587785252292472));
#7296=DIRECTION('center_axis',(0.415717953705777,-0.706951812266064,0.572186786023942));
#7297=DIRECTION('ref_axis',(0.809017048366977,0.,-0.587785177978812));
#7298=DIRECTION('center_axis',(0.415717953705777,-0.706951812266064,0.572186786023942));
#7299=DIRECTION('ref_axis',(-0.345132810203731,-0.704692612367214,-0.619912627227375));
#7300=DIRECTION('center_axis',(0.415535771923209,-0.707261758369569,-0.571936034360634));
#7301=DIRECTION('ref_axis',(-0.80901704841433,0.,-0.587785177913637));
#7302=DIRECTION('center_axis',(-0.415535771923209,0.707261758369569,0.571936034360634));
#7303=DIRECTION('ref_axis',(-0.345426314164969,-0.704391797770192,0.620091006801808));
#7304=DIRECTION('center_axis',(0.415535771923209,-0.707261758369569,-0.571936034360634));
#7305=DIRECTION('ref_axis',(-0.345426314164969,-0.704391797770193,0.620091006801808));
#7306=DIRECTION('center_axis',(0.587785252292471,-2.98591459890751E-8,-0.809016994374948));
#7307=DIRECTION('ref_axis',(-0.809016994374942,9.18970019525566E-8,-0.587785252292474));
#7308=DIRECTION('center_axis',(0.415718083639278,0.706951770029601,-0.572186743805989));
#7309=DIRECTION('ref_axis',(0.482920015253126,-0.704692654431811,-0.519804310926495));
#7310=DIRECTION('center_axis',(9.18970021170739E-8,0.999999999999995,2.98591460868557E-8));
#7311=DIRECTION('ref_axis',(0.809016994374943,-9.18970021607236E-8,0.587785252292472));
#7312=DIRECTION('center_axis',(9.18970021170739E-8,0.999999999999995,2.98591460868557E-8));
#7313=DIRECTION('ref_axis',(0.809016994374943,-9.18970021607236E-8,0.587785252292472));
#7314=DIRECTION('center_axis',(-0.415718083639278,-0.706951770029601,0.572186743805989));
#7315=DIRECTION('ref_axis',(0.809016940382915,0.,0.587785326606123));
#7316=DIRECTION('center_axis',(-0.415718083639278,-0.706951770029601,0.572186743805989));
#7317=DIRECTION('ref_axis',(0.482920015253126,-0.704692654431812,-0.519804310926495));
#7318=DIRECTION('center_axis',(0.672351082851703,-0.707261771415636,0.218460083498472));
#7319=DIRECTION('ref_axis',(0.309016960976769,0.,-0.951056527146879));
#7320=DIRECTION('center_axis',(-0.672351082851703,0.707261771415636,-0.218460083498472));
#7321=DIRECTION('ref_axis',(-0.696484218821387,-0.704391779936657,-0.136901253794224));
#7322=DIRECTION('center_axis',(0.672351082851703,-0.707261771415636,0.218460083498472));
#7323=DIRECTION('ref_axis',(-0.696484218821387,-0.704391779936657,-0.136901253794224));
#7324=DIRECTION('center_axis',(-0.672351082851703,0.707261771415636,-0.218460083498472));
#7325=DIRECTION('ref_axis',(-0.67264590876301,-0.706951756977812,-0.218555930439715));
#7326=DIRECTION('',(-0.309016946040652,1.56978795531898E-8,0.951056531999917));
#7327=DIRECTION('center_axis',(-0.672351082851703,0.707261771415636,-0.218460083498472));
#7328=DIRECTION('ref_axis',(0.672645930968033,0.706951756977813,0.218555862099675));
#7329=DIRECTION('center_axis',(-0.672645908763004,-0.706951756977818,-0.218555930439713));
#7330=DIRECTION('ref_axis',(-0.309017027743856,0.,0.951056505452937));
#7331=DIRECTION('center_axis',(0.672645908763004,0.706951756977818,0.218555930439713));
#7332=DIRECTION('ref_axis',(0.643593744006194,-0.704692662593943,0.298655895576077));
#7333=DIRECTION('center_axis',(-0.672645908763004,-0.706951756977818,-0.218555930439713));
#7334=DIRECTION('ref_axis',(0.643593744006194,-0.704692662593943,0.298655895576077));
#7335=DIRECTION('center_axis',(0.672645908763004,0.706951756977818,0.218555930439713));
#7336=DIRECTION('ref_axis',(-0.672351082851709,0.70726177141563,-0.218460083498473));
#7337=DIRECTION('center_axis',(0.672645908763004,0.706951756977818,0.218555930439713));
#7338=DIRECTION('ref_axis',(0.672351060656413,-0.70726177141563,0.218460151808563));
#7339=DIRECTION('',(0.309017042666887,-1.56978844617459E-8,-0.95105650060415));
#7340=DIRECTION('center_axis',(-0.672645859132823,0.706951825317851,0.218555862129629));
#7341=DIRECTION('ref_axis',(0.672351132503649,0.707261703105546,-0.218460151838506));
#7342=DIRECTION('center_axis',(-0.672645859132823,0.706951825317851,0.218555862129629));
#7343=DIRECTION('ref_axis',(0.672351154698941,0.707261703105547,-0.218460083528415));
#7344=DIRECTION('',(0.309016946083006,-1.56978795553414E-8,0.951056531986155));
#7345=DIRECTION('center_axis',(0.672351132503643,0.707261703105553,-0.218460151838504));
#7346=DIRECTION('ref_axis',(0.672645859132829,-0.706951825317844,-0.218555862129631));
#7347=DIRECTION('',(-0.309017042709241,1.56978844638975E-8,-0.951056500590388));
#7348=DIRECTION('center_axis',(0.672351132503643,0.707261703105553,-0.218460151838504));
#7349=DIRECTION('ref_axis',(0.672645836927803,-0.706951825317845,-0.21855593046967));
#7350=DIRECTION('center_axis',(-0.415717953705777,0.706951812266064,-0.572186786023942));
#7351=DIRECTION('ref_axis',(0.415535901913679,0.707261716151609,0.571935992124176));
#7352=DIRECTION('center_axis',(-0.415717953705777,0.706951812266064,-0.572186786023942));
#7353=DIRECTION('ref_axis',(0.415535843805645,0.707261716151614,0.571936034342132));
#7354=DIRECTION('',(-0.809017024221006,4.10975901659151E-8,0.587785211212894));
#7355=DIRECTION('center_axis',(0.415535901913675,0.707261716151616,0.571935992124171));
#7356=DIRECTION('ref_axis',(0.415717953705781,-0.706951812266058,0.572186786023948));
#7357=DIRECTION('',(0.809016964502709,-4.10975871322606E-8,-0.587785293408079));
#7358=DIRECTION('center_axis',(0.415535901913675,0.707261716151616,0.571935992124171));
#7359=DIRECTION('ref_axis',(0.41571801183929,-0.706951812266062,0.572186743787479));
#7360=DIRECTION('center_axis',(-0.415535771923209,0.707261758369569,0.571936034360634));
#7361=DIRECTION('ref_axis',(-0.415718083639282,-0.706951770029595,0.572186743805994));
#7362=DIRECTION('',(0.809017024247182,-4.10975901672448E-8,0.587785211176865));
#7363=DIRECTION('center_axis',(-0.415535771923209,0.707261758369569,0.571936034360634));
#7364=DIRECTION('ref_axis',(0.415718025505771,0.7069517700296,-0.57218678604246));
#7365=DIRECTION('center_axis',(0.415718083639278,0.706951770029601,-0.572186743805989));
#7366=DIRECTION('ref_axis',(-0.415535771923213,0.707261758369562,0.571936034360639));
#7367=DIRECTION('center_axis',(0.415718083639278,0.706951770029601,-0.572186743805989));
#7368=DIRECTION('ref_axis',(0.415535830031245,-0.707261758369567,-0.57193599214268));
#7369=DIRECTION('',(-0.809016964528885,4.10975871335903E-8,-0.587785293372051));
#7370=DIRECTION('center_axis',(-5.07994132824182E-8,-0.999999999999999,
0.));
#7371=DIRECTION('ref_axis',(0.,0.,-1.));
#7372=DIRECTION('center_axis',(-5.07994132824182E-8,-0.999999999999999,
0.));
#7373=DIRECTION('ref_axis',(0.999999999999999,-5.07994132824182E-8,0.));
#7374=DIRECTION('',(-0.999999999999998,5.07994132824182E-8,5.08216850707846E-8));
#7375=DIRECTION('center_axis',(-5.07994132824182E-8,-0.999999999999999,
0.));
#7376=DIRECTION('ref_axis',(0.,0.,-1.));
#7377=DIRECTION('center_axis',(-5.07994132824182E-8,-0.999999999999999,
0.));
#7378=DIRECTION('ref_axis',(0.999999999999999,-5.07994132824182E-8,0.));
#7379=DIRECTION('center_axis',(-5.07994132824182E-8,-0.999999999999999,
0.));
#7380=DIRECTION('ref_axis',(0.,0.,-1.));
#7381=DIRECTION('center_axis',(-5.07994132824182E-8,-0.999999999999999,
0.));
#7382=DIRECTION('ref_axis',(0.999999999999999,-5.07994132824182E-8,0.));
#7383=DIRECTION('center_axis',(-5.07994132824182E-8,-0.999999999999999,
0.));
#7384=DIRECTION('ref_axis',(0.999999999999999,-5.07994132824182E-8,0.));
#7385=DIRECTION('center_axis',(-5.07994132824182E-8,-0.999999999999999,
0.));
#7386=DIRECTION('ref_axis',(0.,0.,-1.));
#7387=DIRECTION('',(0.999999999999997,-5.07994132824182E-8,5.07771512543067E-8));
#7388=DIRECTION('center_axis',(-5.07994132824182E-8,-0.999999999999999,
0.));
#7389=DIRECTION('ref_axis',(0.999999999999999,-5.07994132824182E-8,0.));
#7390=DIRECTION('center_axis',(-5.07994132824182E-8,-0.999999999999999,
0.));
#7391=DIRECTION('ref_axis',(0.,0.,-1.));
#7392=DIRECTION('center_axis',(-5.07994132824182E-8,-0.999999999999999,
0.));
#7393=DIRECTION('ref_axis',(0.999999999999999,-5.07994132824182E-8,0.));
#7394=DIRECTION('center_axis',(-5.07994132824182E-8,-0.999999999999999,
0.));
#7395=DIRECTION('ref_axis',(0.999999999999999,-5.07994135393135E-8,0.));
#7396=DIRECTION('center_axis',(0.,0.706951791147836,0.707261737260589));
#7397=DIRECTION('ref_axis',(-3.59284812899418E-8,-0.707261737260589,0.706951791147835));
#7398=DIRECTION('center_axis',(0.,0.707261737260596,-0.706951791147829));
#7399=DIRECTION('ref_axis',(3.59127362092644E-8,0.706951791147829,0.707261737260595));
#7400=DIRECTION('',(5.07994132824182E-8,0.999999999999999,0.));
#7401=DIRECTION('center_axis',(-5.07994132824182E-8,-0.999999999999999,
0.));
#7402=DIRECTION('ref_axis',(0.999999999999999,-5.07994132824182E-8,0.));
#7403=DIRECTION('center_axis',(0.951056516295153,-4.83131129547232E-8,0.309016994374947));
#7404=DIRECTION('ref_axis',(0.309016994374948,3.51015314037361E-8,-0.951056516295153));
#7405=DIRECTION('center_axis',(3.5101531233745E-8,0.999999999999998,4.83131131497203E-8));
#7406=DIRECTION('ref_axis',(-0.30901699437495,-3.51015314037362E-8,0.951056516295152));
#7407=DIRECTION('center_axis',(3.5101531233745E-8,0.999999999999998,4.83131131497203E-8));
#7408=DIRECTION('ref_axis',(-0.30901699437495,-3.51015314037362E-8,0.951056516295152));
#7409=DIRECTION('center_axis',(0.,-0.707261737260596,0.706951791147829));
#7410=DIRECTION('ref_axis',(1.,0.,0.));
#7411=DIRECTION('center_axis',(0.,0.707261737260596,-0.706951791147829));
#7412=DIRECTION('ref_axis',(-0.0850246551450283,-0.704391810998444,-0.704700634749112));
#7413=DIRECTION('center_axis',(0.,-0.707261737260596,0.706951791147829));
#7414=DIRECTION('ref_axis',(-0.0850246551450283,-0.704391810998444,-0.704700634749112));
#7415=DIRECTION('center_axis',(0.,0.707261737260596,-0.706951791147829));
#7416=DIRECTION('ref_axis',(-4.33072911347792E-17,-0.706951791147829,-0.707261737260596));
#7417=DIRECTION('center_axis',(0.,-0.706951791147836,-0.707261737260589));
#7418=DIRECTION('ref_axis',(-1.,0.,0.));
#7419=DIRECTION('center_axis',(0.,0.706951791147836,0.707261737260589));
#7420=DIRECTION('ref_axis',(-0.0851572559820735,-0.70469262557382,0.704383805333058));
#7421=DIRECTION('center_axis',(0.,-0.706951791147836,-0.707261737260589));
#7422=DIRECTION('ref_axis',(-0.0851572559820735,-0.70469262557382,0.704383805333058));
#7423=DIRECTION('center_axis',(0.,0.706951791147836,0.707261737260589));
#7424=DIRECTION('ref_axis',(-4.32883124090343E-17,0.707261737260589,-0.706951791147836));
#7425=DIRECTION('center_axis',(0.,0.,1.));
#7426=DIRECTION('ref_axis',(1.,0.,0.));
#7427=DIRECTION('center_axis',(0.,1.,0.));
#7428=DIRECTION('ref_axis',(-1.,0.,0.));
#7429=DIRECTION('center_axis',(0.,1.,0.));
#7430=DIRECTION('ref_axis',(-1.,0.,0.));
#7431=DIRECTION('center_axis',(5.07994132824182E-8,0.999999999999999,0.));
#7432=DIRECTION('ref_axis',(0.,0.,1.));
#7433=DIRECTION('axis',(0.,0.,1.));
#7434=DIRECTION('refdir',(1.,0.,0.));
#7435=DIRECTION('',(-0.306821481205338,0.,0.951767082153487));
#7436=DIRECTION('center_axis',(0.,-1.,0.));
#7437=DIRECTION('ref_axis',(0.,0.,-1.));
#7438=DIRECTION('center_axis',(0.,-1.,0.));
#7439=DIRECTION('ref_axis',(1.,0.,0.));
#7440=DIRECTION('',(-0.306821481205337,0.,-0.951767082153487));
#7441=DIRECTION('center_axis',(0.,-1.,0.));
#7442=DIRECTION('ref_axis',(1.,0.,0.));
#7443=DIRECTION('center_axis',(0.,-1.,0.));
#7444=DIRECTION('ref_axis',(1.,0.,0.));
#7445=DIRECTION('center_axis',(0.,-1.,0.));
#7446=DIRECTION('ref_axis',(1.,0.,0.));
#7447=DIRECTION('center_axis',(0.,-1.,0.));
#7448=DIRECTION('ref_axis',(1.,0.,0.));
#7449=DIRECTION('center_axis',(0.,-1.,0.));
#7450=DIRECTION('ref_axis',(1.,0.,0.));
#7451=DIRECTION('center_axis',(0.,-1.,0.));
#7452=DIRECTION('ref_axis',(1.,0.,0.));
#7453=DIRECTION('',(0.,1.,0.));
#7454=DIRECTION('center_axis',(0.,-1.,0.));
#7455=DIRECTION('ref_axis',(1.,0.,0.));
#7456=DIRECTION('center_axis',(0.,-1.,0.));
#7457=DIRECTION('ref_axis',(1.,0.,0.));
#7458=DIRECTION('center_axis',(0.,-1.,0.));
#7459=DIRECTION('ref_axis',(0.,0.,-1.));
#7460=DIRECTION('',(0.670843731028042,0.,-0.741598738227336));
#7461=DIRECTION('center_axis',(0.,-1.,0.));
#7462=DIRECTION('ref_axis',(1.,0.,0.));
#7463=DIRECTION('',(-0.97766521223338,0.,0.21016834392615));
#7464=DIRECTION('center_axis',(0.,-1.,0.));
#7465=DIRECTION('ref_axis',(1.,0.,0.));
#7466=DIRECTION('center_axis',(0.,-1.,0.));
#7467=DIRECTION('ref_axis',(1.,0.,0.));
#7468=DIRECTION('',(0.,1.,0.));
#7469=DIRECTION('center_axis',(0.,-1.,0.));
#7470=DIRECTION('ref_axis',(1.,0.,0.));
#7471=DIRECTION('center_axis',(0.,-1.,0.));
#7472=DIRECTION('ref_axis',(1.,0.,0.));
#7473=DIRECTION('center_axis',(0.,-1.,0.));
#7474=DIRECTION('ref_axis',(1.,0.,0.));
#7475=DIRECTION('center_axis',(0.,-1.,0.));
#7476=DIRECTION('ref_axis',(1.,0.,0.));
#7477=DIRECTION('',(0.670843731028042,0.,0.741598738227336));
#7478=DIRECTION('center_axis',(0.,-1.,0.));
#7479=DIRECTION('ref_axis',(0.,0.,-1.));
#7480=DIRECTION('',(-0.977665212233379,0.,-0.210168343926152));
#7481=DIRECTION('',(0.97766521223338,0.,-0.210168343926151));
#7482=DIRECTION('center_axis',(0.,-1.,0.));
#7483=DIRECTION('ref_axis',(0.,0.,-1.));
#7484=DIRECTION('',(-0.670843731028042,0.,0.741598738227335));
#7485=DIRECTION('',(0.306821481205338,0.,-0.951767082153487));
#7486=DIRECTION('center_axis',(0.,-1.,0.));
#7487=DIRECTION('ref_axis',(0.,0.,-1.));
#7488=DIRECTION('',(0.306821481205337,0.,0.951767082153487));
#7489=DIRECTION('center_axis',(0.,0.,1.));
#7490=DIRECTION('ref_axis',(-0.335654093220203,0.941985312892151,0.));
#7491=DIRECTION('',(-0.670843731028041,0.,-0.741598738227336));
#7492=DIRECTION('center_axis',(0.,-1.,0.));
#7493=DIRECTION('ref_axis',(0.,0.,-1.));
#7494=DIRECTION('',(0.977665212233379,0.,0.210168343926152));
#7495=DIRECTION('center_axis',(0.,0.,1.));
#7496=DIRECTION('ref_axis',(-0.335654093220204,0.94198531289215,0.));
#7497=DIRECTION('center_axis',(0.,0.,1.));
#7498=DIRECTION('ref_axis',(0.335654093220197,0.941985312892153,0.));
#7499=DIRECTION('center_axis',(1.,0.,1.23259516440783E-31));
#7500=DIRECTION('ref_axis',(0.,1.,1.89882151931499E-15));
#7501=DIRECTION('center_axis',(0.,0.,1.));
#7502=DIRECTION('ref_axis',(0.335654093220211,0.941985312892148,0.));
#7503=DIRECTION('center_axis',(1.,0.,-8.90766633201227E-32));
#7504=DIRECTION('ref_axis',(0.,1.,-1.45473230946492E-15));
#7505=DIRECTION('center_axis',(0.,1.,0.));
#7506=DIRECTION('ref_axis',(0.,0.,1.));
#7507=DIRECTION('axis',(0.,0.,1.));
#7508=DIRECTION('refdir',(1.,0.,0.));
#7509=DIRECTION('center_axis',(0.,1.,0.));
#7510=DIRECTION('ref_axis',(1.,0.,0.));
#7511=DIRECTION('center_axis',(0.,-1.,0.));
#7512=DIRECTION('ref_axis',(1.,0.,0.));
#7513=DIRECTION('',(0.,1.,0.));
#7514=DIRECTION('center_axis',(0.,-1.,0.));
#7515=DIRECTION('ref_axis',(1.,0.,0.));
#7516=DIRECTION('center_axis',(0.,1.,0.));
#7517=DIRECTION('ref_axis',(1.,0.,0.));
#7518=DIRECTION('center_axis',(2.18952885050753E-47,1.,-1.16318720183212E-46));
#7519=DIRECTION('ref_axis',(1.,0.,0.));
#7520=DIRECTION('',(0.,1.,0.));
#7521=DIRECTION('center_axis',(0.,1.,0.));
#7522=DIRECTION('ref_axis',(1.,0.,0.));
#7523=DIRECTION('center_axis',(0.,-1.,0.));
#7524=DIRECTION('ref_axis',(1.,0.,0.));
#7525=DIRECTION('center_axis',(-2.18952885050753E-47,-1.,1.16318720183212E-46));
#7526=DIRECTION('ref_axis',(1.,-2.18952885050753E-47,2.82755145625544E-109));
#7527=DIRECTION('center_axis',(0.,-1.,0.));
#7528=DIRECTION('ref_axis',(1.,0.,0.));
#7529=DIRECTION('center_axis',(-6.49376066138169E-140,-1.,-4.1573556750867E-142));
#7530=DIRECTION('ref_axis',(0.990965861917503,-6.42951952009735E-140,-0.134114356107388));
#7531=DIRECTION('center_axis',(0.,-1.,0.));
#7532=DIRECTION('ref_axis',(-0.990965861917504,0.,0.134114356107387));
#7533=DIRECTION('center_axis',(6.91738146406258E-140,-1.,3.12430051848283E-141));
#7534=DIRECTION('ref_axis',(0.998784712686411,6.89357646891728E-140,-0.0492858773273196));
#7535=DIRECTION('center_axis',(2.18952885050753E-47,1.,-1.16318720183212E-46));
#7536=DIRECTION('ref_axis',(1.,-2.18952885050753E-47,0.));
#7537=DIRECTION('center_axis',(0.,1.,0.));
#7538=DIRECTION('ref_axis',(0.,0.,1.));
#7539=DIRECTION('center_axis',(-4.43591612371693E-140,-1.,-4.78599258381174E-141));
#7540=DIRECTION('ref_axis',(0.999800901648373,-4.42548303112441E-140,-0.0199538733859012));
#7541=DIRECTION('center_axis',(0.,-1.,0.));
#7542=DIRECTION('ref_axis',(1.,0.,0.));
#7543=DIRECTION('center_axis',(-5.50892321624354E-140,1.,-7.00718399176396E-141));
#7544=DIRECTION('ref_axis',(0.986143751949317,5.54883451460653E-140,0.165893039309439));
#7545=DIRECTION('center_axis',(0.,1.,0.));
#7546=DIRECTION('ref_axis',(1.,0.,0.));
#7547=DIRECTION('center_axis',(0.,-1.,0.));
#7548=DIRECTION('ref_axis',(1.,0.,0.));
#7549=DIRECTION('center_axis',(-5.07994132824182E-8,-0.999999999999999,
0.));
#7550=DIRECTION('ref_axis',(0.0925840913798116,-4.70321782227983E-9,-0.99570486893626));
#7551=DIRECTION('',(5.07994132824182E-8,0.999999999999999,0.));
#7552=DIRECTION('center_axis',(-2.96244231428053E-139,-1.,0.));
#7553=DIRECTION('ref_axis',(1.,0.,0.));
#7554=DIRECTION('',(-5.07994132824182E-8,-0.999999999999999,0.));
#7555=DIRECTION('center_axis',(0.,1.,0.));
#7556=DIRECTION('ref_axis',(0.999800901648373,0.,-0.0199538733859012));
#7557=DIRECTION('center_axis',(-2.96244231428053E-139,-1.,0.));
#7558=DIRECTION('ref_axis',(0.999800901648373,0.,-0.0199538733859012));
#7559=DIRECTION('',(0.,-1.,0.));
#7560=DIRECTION('center_axis',(-2.96244231428053E-139,-1.,0.));
#7561=DIRECTION('ref_axis',(1.,-2.96244231428053E-139,0.));
#7562=DIRECTION('center_axis',(2.96244231428053E-139,1.,0.));
#7563=DIRECTION('ref_axis',(0.986143751949317,0.,0.165893039309439));
#7564=DIRECTION('center_axis',(2.96244231428053E-139,1.,0.));
#7565=DIRECTION('ref_axis',(1.,0.,0.));
#7566=DIRECTION('center_axis',(-6.91738146406258E-140,1.,-3.12430051848283E-141));
#7567=DIRECTION('ref_axis',(0.998784712686411,6.89357646891728E-140,-0.0492858773273196));
#7568=DIRECTION('center_axis',(0.,1.,0.));
#7569=DIRECTION('ref_axis',(-0.990965861917504,0.,0.134114356107387));
#7570=DIRECTION('center_axis',(-6.49376066138169E-140,-1.,-4.1573556750867E-142));
#7571=DIRECTION('ref_axis',(0.990965861917503,-6.42951952009735E-140,-0.134114356107388));
#7572=DIRECTION('center_axis',(2.96244231428053E-139,1.,0.));
#7573=DIRECTION('ref_axis',(1.,0.,0.));
#7574=DIRECTION('center_axis',(0.,1.,0.));
#7575=DIRECTION('ref_axis',(0.990965861917503,0.,-0.134114356107388));
#7576=DIRECTION('',(0.,1.,0.));
#7577=DIRECTION('',(0.,1.,0.));
#7578=DIRECTION('center_axis',(0.,1.,0.));
#7579=DIRECTION('ref_axis',(-0.0917834136040541,0.,-0.99577899404797));
#7580=DIRECTION('',(0.,1.,0.));
#7581=DIRECTION('center_axis',(0.,1.,0.));
#7582=DIRECTION('ref_axis',(0.998784712686411,0.,-0.0492858773273196));
#7583=DIRECTION('',(0.,1.,0.));
#7584=DIRECTION('center_axis',(0.,-1.,0.));
#7585=DIRECTION('ref_axis',(-0.781769398186043,0.,0.6235676451355));
#7586=DIRECTION('',(0.,1.,0.));
#7587=DIRECTION('center_axis',(0.,1.,0.));
#7588=DIRECTION('ref_axis',(0.986143751949317,0.,0.165893039309439));
#7589=DIRECTION('center_axis',(0.,-1.,0.));
#7590=DIRECTION('ref_axis',(1.,0.,0.));
#7591=DIRECTION('',(0.,1.,0.));
#7592=DIRECTION('center_axis',(0.,1.,0.));
#7593=DIRECTION('ref_axis',(1.,0.,0.));
#7594=DIRECTION('center_axis',(0.,1.,0.));
#7595=DIRECTION('ref_axis',(0.,0.,1.));
#7596=DIRECTION('center_axis',(0.,1.,0.));
#7597=DIRECTION('ref_axis',(1.,0.,0.));
#7598=DIRECTION('center_axis',(0.,1.,0.));
#7599=DIRECTION('ref_axis',(1.,0.,0.));
#7600=DIRECTION('center_axis',(0.,1.,0.));
#7601=DIRECTION('ref_axis',(1.,0.,0.));
#7602=DIRECTION('',(0.,-1.,0.));
#7603=DIRECTION('center_axis',(0.,1.,0.));
#7604=DIRECTION('ref_axis',(0.,0.,1.));
#7605=DIRECTION('center_axis',(0.,1.,0.));
#7606=DIRECTION('ref_axis',(1.,0.,0.));
#7607=DIRECTION('center_axis',(0.,-1.,0.));
#7608=DIRECTION('ref_axis',(1.,0.,0.));
#7609=DIRECTION('',(0.,1.,0.));
#7610=DIRECTION('',(0.,0.,1.));
#7611=DIRECTION('',(1.,0.,0.));
#7612=DIRECTION('',(0.,0.,1.));
#7613=DIRECTION('',(1.,0.,0.));
#7614=DIRECTION('',(0.,0.,1.));
#7615=DIRECTION('',(1.,0.,0.));
#7616=DIRECTION('',(0.,0.,1.));
#7617=DIRECTION('',(1.,0.,0.));
#7618=DIRECTION('axis',(0.,0.,1.));
#7619=DIRECTION('refdir',(1.,0.,0.));
#7620=DIRECTION('center_axis',(0.,1.,0.));
#7621=DIRECTION('ref_axis',(1.,0.,0.));
#7622=DIRECTION('center_axis',(1.11022302462516E-16,1.,-2.44929349141908E-16));
#7623=DIRECTION('ref_axis',(1.,0.,0.));
#7624=DIRECTION('',(0.,1.,0.));
#7625=DIRECTION('center_axis',(0.,1.,0.));
#7626=DIRECTION('ref_axis',(1.,0.,0.));
#7627=DIRECTION('center_axis',(0.,-1.,0.));
#7628=DIRECTION('ref_axis',(1.,0.,0.));
#7629=DIRECTION('center_axis',(0.,-1.,0.));
#7630=DIRECTION('ref_axis',(1.,0.,2.31727890908672E-30));
#7631=DIRECTION('center_axis',(0.34866908129423,0.,-0.937245897163299));
#7632=DIRECTION('ref_axis',(-0.937245897163299,0.,-0.34866908129423));
#7633=DIRECTION('',(0.937245897163299,0.,0.34866908129423));
#7634=DIRECTION('',(0.,1.,0.));
#7635=DIRECTION('',(-0.937245897163299,0.,-0.34866908129423));
#7636=DIRECTION('',(0.,1.,0.));
#7637=DIRECTION('center_axis',(0.,1.,0.));
#7638=DIRECTION('ref_axis',(1.,0.,2.33856918919922E-30));
#7639=DIRECTION('center_axis',(0.,1.,0.));
#7640=DIRECTION('ref_axis',(1.,0.,2.33856918919922E-30));
#7641=DIRECTION('',(0.,-1.,0.));
#7642=DIRECTION('center_axis',(0.,-1.,0.));
#7643=DIRECTION('ref_axis',(1.,0.,2.33856918919922E-30));
#7644=DIRECTION('center_axis',(-0.637344215889041,0.,0.770579230496633));
#7645=DIRECTION('ref_axis',(0.770579230496633,0.,0.637344215889041));
#7646=DIRECTION('',(-0.770579230496633,0.,-0.637344215889041));
#7647=DIRECTION('',(0.,1.,0.));
#7648=DIRECTION('',(0.770579230496633,0.,0.637344215889041));
#7649=DIRECTION('',(0.,1.,0.));
#7650=DIRECTION('center_axis',(0.,1.,0.));
#7651=DIRECTION('ref_axis',(-0.637344215889042,0.,0.770579230496633));
#7652=DIRECTION('center_axis',(0.,-1.,0.));
#7653=DIRECTION('ref_axis',(-0.637344215889042,0.,0.770579230496633));
#7654=DIRECTION('center_axis',(0.,1.,0.));
#7655=DIRECTION('ref_axis',(-0.637344215889042,1.94435182726204E-16,0.770579230496633));
#7656=DIRECTION('center_axis',(0.,-1.,0.));
#7657=DIRECTION('ref_axis',(0.,0.,-1.));
#7658=DIRECTION('center_axis',(0.,-1.,0.));
#7659=DIRECTION('ref_axis',(1.,0.,2.36658271566303E-30));
#7660=DIRECTION('center_axis',(0.,-1.,0.));
#7661=DIRECTION('ref_axis',(1.,0.,2.36658271566303E-30));
#7662=DIRECTION('center_axis',(0.,1.,0.));
#7663=DIRECTION('ref_axis',(0.,0.,1.));
#7664=DIRECTION('center_axis',(0.,1.,0.));
#7665=DIRECTION('ref_axis',(1.,0.,2.36658271566303E-30));
#7666=DIRECTION('center_axis',(0.,1.,0.));
#7667=DIRECTION('ref_axis',(1.,0.,2.36658271566303E-30));
#7668=DIRECTION('center_axis',(0.,1.,0.));
#7669=DIRECTION('ref_axis',(1.,0.,2.36658271566303E-30));
#7670=DIRECTION('center_axis',(1.11022302462516E-16,1.,-2.44929349141908E-16));
#7671=DIRECTION('ref_axis',(1.,-1.11022302462516E-16,2.36658271566303E-30));
#7672=DIRECTION('',(0.,-1.,0.));
#7673=DIRECTION('',(0.,-1.,0.));
#7674=DIRECTION('center_axis',(-1.11022302462516E-16,-1.,2.44929349141908E-16));
#7675=DIRECTION('ref_axis',(1.,-1.11022302462516E-16,2.36658271566303E-30));
#7676=DIRECTION('center_axis',(-1.11022302462516E-16,-1.,2.44929349141908E-16));
#7677=DIRECTION('ref_axis',(1.,-1.11022302462516E-16,2.36658271566303E-30));
#7678=DIRECTION('center_axis',(1.11022302462516E-16,1.,-2.44929349141908E-16));
#7679=DIRECTION('ref_axis',(1.,-1.11022302462516E-16,2.36658271566303E-30));
#7680=DIRECTION('center_axis',(0.,-1.,4.44089209850063E-16));
#7681=DIRECTION('ref_axis',(1.,0.,2.31727890908672E-30));
#7682=DIRECTION('',(0.,1.,-4.44089209850063E-16));
#7683=DIRECTION('center_axis',(-1.11022302462516E-16,-1.,2.44929349141908E-16));
#7684=DIRECTION('ref_axis',(1.,-1.11022302462516E-16,2.36658271566303E-30));
#7685=DIRECTION('',(0.,1.,0.));
#7686=DIRECTION('',(0.,1.,0.));
#7687=DIRECTION('',(0.,1.,0.));
#7688=DIRECTION('',(0.,1.,0.));
#7689=DIRECTION('',(0.,1.,0.));
#7690=DIRECTION('',(0.,1.,0.));
#7691=DIRECTION('',(0.,1.,0.));
#7692=DIRECTION('',(0.,1.,0.));
#7693=DIRECTION('',(0.,1.,0.));
#7694=DIRECTION('',(0.,1.,0.));
#7695=DIRECTION('',(0.,1.,0.));
#7696=DIRECTION('',(0.,1.,0.));
#7697=DIRECTION('',(0.,1.,0.));
#7698=DIRECTION('',(0.,1.,0.));
#7699=DIRECTION('',(0.,1.,0.));
#7700=DIRECTION('',(0.,1.,0.));
#7701=DIRECTION('',(0.,1.,0.));
#7702=DIRECTION('',(0.,1.,0.));
#7703=DIRECTION('',(0.,1.,0.));
#7704=DIRECTION('',(0.,1.,0.));
#7705=DIRECTION('',(0.,1.,0.));
#7706=DIRECTION('',(0.,1.,0.));
#7707=DIRECTION('',(0.,1.,0.));
#7708=DIRECTION('',(0.,1.,0.));
#7709=DIRECTION('',(0.,1.,0.));
#7710=DIRECTION('',(0.,1.,0.));
#7711=DIRECTION('',(0.,1.,0.));
#7712=DIRECTION('',(0.,1.,0.));
#7713=DIRECTION('',(0.,1.,0.));
#7714=DIRECTION('',(0.,1.,0.));
#7715=DIRECTION('',(0.,1.,0.));
#7716=DIRECTION('',(0.,1.,0.));
#7717=DIRECTION('',(0.,1.,0.));
#7718=DIRECTION('',(0.,1.,0.));
#7719=DIRECTION('',(0.,1.,0.));
#7720=DIRECTION('',(0.,1.,0.));
#7721=DIRECTION('',(0.,1.,0.));
#7722=DIRECTION('',(0.,1.,0.));
#7723=DIRECTION('',(0.,1.,0.));
#7724=DIRECTION('',(0.,1.,0.));
#7725=DIRECTION('center_axis',(-1.11022302462516E-16,-1.,2.44929349141908E-16));
#7726=DIRECTION('ref_axis',(1.,-1.11022302462516E-16,2.36658271566303E-30));
#7727=DIRECTION('',(0.,0.,1.));
#7728=DIRECTION('',(1.,0.,0.));
#7729=DIRECTION('',(0.,0.,1.));
#7730=DIRECTION('',(1.,0.,0.));
#7731=DIRECTION('',(1.31967895139049E-9,1.11669668651117E-16,1.));
#7732=DIRECTION('',(0.999999999999999,5.07994129574934E-8,-1.3196791734351E-9));
#7733=DIRECTION('',(2.72127101602201E-9,1.83697019157449E-16,1.));
#7734=DIRECTION('',(0.999999999999999,5.07994129570158E-8,-2.72127096051087E-9));
#7735=DIRECTION('',(0.,0.,1.));
#7736=DIRECTION('',(1.,0.,0.));
#7737=DIRECTION('',(0.,0.,1.));
#7738=DIRECTION('',(1.,0.,0.));
#7739=CARTESIAN_POINT('',(0.,0.,0.));
#7740=CARTESIAN_POINT('',(0.,0.,0.));
#7741=CARTESIAN_POINT('Origin',(-17.6999185346383,-1.5,-3.65887765074405));
#7742=CARTESIAN_POINT('',(-15.984360724898,-1.5,-4.68691529666896));
#7743=CARTESIAN_POINT('',(-16.405280576813,-1.5,-2.13443921047901));
#7744=CARTESIAN_POINT('Origin',(-17.6999185346383,-1.5,-3.65887765074405));
#7745=CARTESIAN_POINT('',(-16.405280576813,-4.5,-2.13443921047901));
#7746=CARTESIAN_POINT('',(-16.405280576813,-1.5,-2.13443921047901));
#7747=CARTESIAN_POINT('',(-15.984360724898,-4.5,-4.68691529666896));
#7748=CARTESIAN_POINT('Origin',(-17.6999185346383,-4.5,-3.65887765074405));
#7749=CARTESIAN_POINT('',(-15.984360724898,-1.5,-4.68691529666896));
#7750=CARTESIAN_POINT('Origin',(-11.2267287455114,-4.5,3.96331455058116));
#7751=CARTESIAN_POINT('',(-12.243021629201,-4.5,-3.97186968008179));
#7752=CARTESIAN_POINT('Origin',(-11.2267287455114,-4.5,3.96331455058116));
#7753=CARTESIAN_POINT('',(-12.243021629201,-1.5,-3.97186968008179));
#7754=CARTESIAN_POINT('Origin',(-11.2267287455114,-1.5,3.96331455058116));
#7755=CARTESIAN_POINT('',(-12.243021629201,0.5,-3.97186968008179));
#7756=CARTESIAN_POINT('',(-12.243021629201,-1.5,-3.97186968008179));
#7757=CARTESIAN_POINT('',(-18.5471477272582,0.5,7.18999487743122));
#7758=CARTESIAN_POINT('Origin',(-11.2267287455114,0.5,3.96331455058116));
#7759=CARTESIAN_POINT('',(-18.5471477272582,-1.5,7.18999487743122));
#7760=CARTESIAN_POINT('',(-18.5471477272582,-1.5,7.18999487743122));
#7761=CARTESIAN_POINT('',(-19.0555985739104,-1.5,2.31747214926066));
#7762=CARTESIAN_POINT('Origin',(-11.2267287455114,-1.5,3.96331455058116));
#7763=CARTESIAN_POINT('',(-19.0555985739104,-4.5,2.31747214926066));
#7764=CARTESIAN_POINT('',(-19.0555985739104,-4.5,2.31747214926066));
#7765=CARTESIAN_POINT('',(-18.5471477272582,-4.5,7.18999487743122));
#7766=CARTESIAN_POINT('Origin',(-11.2267287455114,-4.5,3.96331455058116));
#7767=CARTESIAN_POINT('',(-18.5471477272582,-6.5,7.18999487743122));
#7768=CARTESIAN_POINT('',(-18.5471477272582,-4.5,7.18999487743122));
#7769=CARTESIAN_POINT('',(-12.243021629201,-6.5,-3.97186968008179));
#7770=CARTESIAN_POINT('Origin',(-11.2267287455114,-6.5,3.96331455058116));
#7771=CARTESIAN_POINT('',(-12.243021629201,-4.5,-3.97186968008179));
#7772=CARTESIAN_POINT('Origin',(-18.4723095736866,-4.5,-5.60233014605993));
#7773=CARTESIAN_POINT('',(-19.6799063783825,-1.5,-7.19660426216677));
#7774=CARTESIAN_POINT('',(-16.5190929827006,-1.5,-6.03238240881072));
#7775=CARTESIAN_POINT('Origin',(-18.4723095736866,-1.5,-5.60233014605993));
#7776=CARTESIAN_POINT('',(-16.5190929827006,-4.5,-6.03238240881072));
#7777=CARTESIAN_POINT('',(-16.5190929827006,-4.5,-6.03238240881072));
#7778=CARTESIAN_POINT('',(-19.6799063783825,-4.5,-7.19660426216677));
#7779=CARTESIAN_POINT('Origin',(-18.4723095736866,-4.5,-5.60233014605993));
#7780=CARTESIAN_POINT('',(-19.6799063783825,-4.5,-7.19660426216677));
#7781=CARTESIAN_POINT('Origin',(-12.1243556529821,-1.5,-7.));
#7782=CARTESIAN_POINT('Origin',(-12.1243556529821,-4.5,-7.));
#7783=CARTESIAN_POINT('Origin',(-12.1243556529821,-1.5,-7.));
#7784=CARTESIAN_POINT('Origin',(-21.0128160310101,-4.5,1.90601154893053));
#7785=CARTESIAN_POINT('',(-21.098812589288,-1.5,3.90416184156729));
#7786=CARTESIAN_POINT('Origin',(-21.0128160310101,-1.5,1.90601154893053));
#7787=CARTESIAN_POINT('',(-21.098812589288,-4.5,3.90416184156729));
#7788=CARTESIAN_POINT('',(-21.098812589288,-4.5,3.90416184156729));
#7789=CARTESIAN_POINT('Origin',(-21.0128160310101,-4.5,1.90601154893053));
#7790=CARTESIAN_POINT('Origin',(-21.2923048454133,-1.5,8.39999999999999));
#7791=CARTESIAN_POINT('',(-22.5364816216844,-1.5,4.07541630334345));
#7792=CARTESIAN_POINT('Origin',(-21.2923048454133,-1.5,8.39999999999999));
#7793=CARTESIAN_POINT('',(-22.5364816216844,-4.5,4.07541630334345));
#7794=CARTESIAN_POINT('',(-22.5364816216844,-1.5,4.07541630334345));
#7795=CARTESIAN_POINT('Origin',(-21.2923048454133,-4.5,8.39999999999999));
#7796=CARTESIAN_POINT('Origin',(-23.0894490778049,-1.5,2.15337910482943));
#7797=CARTESIAN_POINT('',(-25.0665691331872,-1.5,1.8517231972041));
#7798=CARTESIAN_POINT('Origin',(-23.0894490778049,-1.5,2.15337910482943));
#7799=CARTESIAN_POINT('',(-25.0665691331872,-4.5,1.8517231972041));
#7800=CARTESIAN_POINT('',(-25.0665691331872,-1.5,1.8517231972041));
#7801=CARTESIAN_POINT('Origin',(-23.0894490778049,-4.5,2.15337910482943));
#7802=CARTESIAN_POINT('Origin',(-11.226728745511,-4.5,3.96331455058144));
#7803=CARTESIAN_POINT('',(-12.3691629913834,-4.5,-9.9899948774313));
#7804=CARTESIAN_POINT('Origin',(-11.226728745511,-4.5,3.96331455058144));
#7805=CARTESIAN_POINT('',(-12.3691629913834,-6.5,-9.9899948774313));
#7806=CARTESIAN_POINT('',(-12.3691629913834,-4.5,-9.9899948774313));
#7807=CARTESIAN_POINT('',(-24.0374619635685,-6.5,9.61000512256868));
#7808=CARTESIAN_POINT('Origin',(-11.226728745511,-6.5,3.96331455058144));
#7809=CARTESIAN_POINT('',(-24.0374619635685,-4.5,9.61000512256868));
#7810=CARTESIAN_POINT('',(-24.0374619635685,-4.5,9.61000512256868));
#7811=CARTESIAN_POINT('Origin',(-11.226728745511,-4.5,3.96331455058144));
#7812=CARTESIAN_POINT('',(-24.0374619635685,-1.5,9.61000512256868));
#7813=CARTESIAN_POINT('Origin',(-11.226728745511,-1.5,3.96331455058144));
#7814=CARTESIAN_POINT('',(-24.0374619635685,0.5,9.61000512256868));
#7815=CARTESIAN_POINT('',(-24.0374619635685,-1.5,9.61000512256868));
#7816=CARTESIAN_POINT('',(-12.3691629913834,0.5,-9.9899948774313));
#7817=CARTESIAN_POINT('Origin',(-11.226728745511,0.5,3.96331455058144));
#7818=CARTESIAN_POINT('',(-12.3691629913834,-1.5,-9.9899948774313));
#7819=CARTESIAN_POINT('',(-12.3691629913834,-1.5,-9.9899948774313));
#7820=CARTESIAN_POINT('Origin',(-11.226728745511,-1.5,3.96331455058144));
#7821=CARTESIAN_POINT('Origin',(-17.1755421992468,-1.5,0.699999999999996));
#7822=CARTESIAN_POINT('',(-12.5406142900551,-1.5,-4.02901889150029));
#7823=CARTESIAN_POINT('Origin',(-12.1243556529821,-1.5,-7.));
#7824=CARTESIAN_POINT('Origin',(-12.956872927128,-1.5,-1.05803778300057));
#7825=CARTESIAN_POINT('',(-13.1743556529821,-1.5,-7.));
#7826=CARTESIAN_POINT('Origin',(-12.1243556529821,-1.5,-7.));
#7827=CARTESIAN_POINT('Origin',(-17.1755421992468,-1.5,0.699999999999996));
#7828=CARTESIAN_POINT('Origin',(-21.2923048454133,-1.5,8.39999999999999));
#7829=CARTESIAN_POINT('',(-22.3423048454133,-1.5,8.39999999999999));
#7830=CARTESIAN_POINT('Origin',(-21.2923048454133,-1.5,8.39999999999999));
#7831=CARTESIAN_POINT('Origin',(-21.2923048454133,-1.5,8.39999999999999));
#7832=CARTESIAN_POINT('',(-22.3423048454133,0.5,8.39999999999999));
#7833=CARTESIAN_POINT('Origin',(-21.2923048454133,0.5,8.39999999999999));
#7834=CARTESIAN_POINT('',(-22.3423048454133,-1.5,8.39999999999999));
#7835=CARTESIAN_POINT('Origin',(-12.1243556529821,-1.5,-7.));
#7836=CARTESIAN_POINT('',(-13.1743556529821,0.5,-7.));
#7837=CARTESIAN_POINT('Origin',(-12.1243556529821,0.5,-7.));
#7838=CARTESIAN_POINT('',(-13.1743556529821,-1.5,-7.));
#7839=CARTESIAN_POINT('Origin',(-12.956872927128,-1.5,-1.05803778300057));
#7840=CARTESIAN_POINT('',(-12.5406142900551,0.5,-4.02901889150029));
#7841=CARTESIAN_POINT('',(-12.5406142900551,-1.5,-4.02901889150029));
#7842=CARTESIAN_POINT('Origin',(-12.956872927128,0.5,-1.05803778300057));
#7843=CARTESIAN_POINT('Origin',(-21.2923048454133,-1.5,8.39999999999999));
#7844=CARTESIAN_POINT('Origin',(-21.2923048454133,0.5,8.39999999999999));
#7845=CARTESIAN_POINT('Origin',(-12.1243556529821,-1.5,-7.));
#7846=CARTESIAN_POINT('Origin',(-12.1243556529821,0.5,-7.));
#7847=CARTESIAN_POINT('Origin',(-17.1755421992468,0.5,0.699999999999996));
#7848=CARTESIAN_POINT('Origin',(-17.1755421992468,-4.5,0.699999999999995));
#7849=CARTESIAN_POINT('',(-12.5406142900551,-4.5,-4.02901889150029));
#7850=CARTESIAN_POINT('Origin',(-12.956872927128,-4.5,-1.05803778300057));
#7851=CARTESIAN_POINT('Origin',(-12.1243556529821,-4.5,-7.));
#7852=CARTESIAN_POINT('',(-13.1743556529821,-4.5,-7.));
#7853=CARTESIAN_POINT('Origin',(-12.1243556529821,-4.5,-7.));
#7854=CARTESIAN_POINT('Origin',(-17.1755421992468,-4.5,0.699999999999995));
#7855=CARTESIAN_POINT('Origin',(-21.2923048454133,-4.5,8.39999999999999));
#7856=CARTESIAN_POINT('',(-22.3423048454133,-4.5,8.39999999999999));
#7857=CARTESIAN_POINT('Origin',(-21.2923048454133,-4.5,8.39999999999999));
#7858=CARTESIAN_POINT('Origin',(-21.2923048454133,-4.5,8.39999999999999));
#7859=CARTESIAN_POINT('',(-22.3423048454133,-6.5,8.39999999999999));
#7860=CARTESIAN_POINT('Origin',(-21.2923048454133,-6.5,8.39999999999999));
#7861=CARTESIAN_POINT('',(-22.3423048454133,-4.5,8.39999999999999));
#7862=CARTESIAN_POINT('Origin',(-12.1243556529821,-4.5,-7.));
#7863=CARTESIAN_POINT('',(-13.1743556529821,-6.5,-7.));
#7864=CARTESIAN_POINT('Origin',(-12.1243556529821,-6.5,-7.));
#7865=CARTESIAN_POINT('',(-13.1743556529821,-4.5,-7.));
#7866=CARTESIAN_POINT('Origin',(-21.2923048454133,-4.5,8.39999999999999));
#7867=CARTESIAN_POINT('Origin',(-21.2923048454133,-6.5,8.39999999999999));
#7868=CARTESIAN_POINT('Origin',(-12.956872927128,-4.5,-1.05803778300057));
#7869=CARTESIAN_POINT('',(-12.5406142900551,-6.5,-4.02901889150029));
#7870=CARTESIAN_POINT('Origin',(-12.956872927128,-6.5,-1.05803778300057));
#7871=CARTESIAN_POINT('',(-12.5406142900551,-4.5,-4.02901889150029));
#7872=CARTESIAN_POINT('Origin',(-12.1243556529821,-4.5,-7.));
#7873=CARTESIAN_POINT('Origin',(-12.1243556529821,-6.5,-7.));
#7874=CARTESIAN_POINT('Origin',(-17.1755421992468,-6.5,0.699999999999995));
#7875=CARTESIAN_POINT('',(0.,0.,0.));
#7876=CARTESIAN_POINT('Origin',(-12.1243556529821,-4.,-7.));
#7877=CARTESIAN_POINT('',(-10.9743556529821,-2.,-7.));
#7878=CARTESIAN_POINT('Origin',(-12.1243556529821,-2.,-7.));
#7879=CARTESIAN_POINT('',(-10.9743556529821,-4.,-7.));
#7880=CARTESIAN_POINT('',(-10.9743556529821,-4.,-7.));
#7881=CARTESIAN_POINT('Origin',(-12.1243556529821,-4.,-7.));
#7882=CARTESIAN_POINT('Origin',(-12.1243556529821,-4.,-7.));
#7883=CARTESIAN_POINT('',(-12.5406142900551,-4.,-4.02901889150029));
#7884=CARTESIAN_POINT('',(-9.75953985739421,-4.,-8.84598110849971));
#7885=CARTESIAN_POINT('Origin',(-12.1243556529821,-4.,-7.));
#7886=CARTESIAN_POINT('',(-12.5406142900551,-2.,-4.02901889150029));
#7887=CARTESIAN_POINT('',(-12.5406142900551,-4.,-4.02901889150029));
#7888=CARTESIAN_POINT('',(-9.75953985739421,-2.,-8.84598110849971));
#7889=CARTESIAN_POINT('Origin',(-12.1243556529821,-2.,-7.));
#7890=CARTESIAN_POINT('',(-9.75953985739421,-4.,-8.84598110849971));
#7891=CARTESIAN_POINT('Origin',(-7.39472406180628,-4.,-10.6919622169994));
#7892=CARTESIAN_POINT('',(-5.68824927831252,-4.,-8.22458632076879));
#7893=CARTESIAN_POINT('Origin',(-7.39472406180628,-4.,-10.6919622169994));
#7894=CARTESIAN_POINT('',(-5.68824927831252,-2.,-8.22458632076879));
#7895=CARTESIAN_POINT('Origin',(-7.39472406180628,-2.,-10.6919622169994));
#7896=CARTESIAN_POINT('',(-5.68824927831252,-4.,-8.22458632076878));
#7897=CARTESIAN_POINT('Origin',(-12.956872927128,-4.,-1.05803778300057));
#7898=CARTESIAN_POINT('',(-9.96682532856002,-4.,-0.813875217692749));
#7899=CARTESIAN_POINT('Origin',(-12.956872927128,-4.,-1.05803778300057));
#7900=CARTESIAN_POINT('',(-9.96682532856002,-2.,-0.813875217692749));
#7901=CARTESIAN_POINT('',(-9.96682532856002,-4.,-0.813875217692749));
#7902=CARTESIAN_POINT('Origin',(-12.956872927128,-2.,-1.05803778300057));
#7903=CARTESIAN_POINT('Origin',(-10.4063024656473,-4.,-5.40693760884637));
#7904=CARTESIAN_POINT('Origin',(0.,-4.,0.));
#7905=CARTESIAN_POINT('Origin',(-10.4063024656473,-2.,-5.40693760884637));
#7906=CARTESIAN_POINT('Origin',(0.,-2.,0.));
#7907=CARTESIAN_POINT('Origin',(0.,-3.,0.));
#7908=CARTESIAN_POINT('',(-10.,-5.,-1.22464679914735E-15));
#7909=CARTESIAN_POINT('Origin',(0.,-5.,0.));
#7910=CARTESIAN_POINT('',(-10.,-1.,-1.22464679914735E-15));
#7911=CARTESIAN_POINT('',(-10.,-3.,-1.22464679914735E-15));
#7912=CARTESIAN_POINT('Origin',(0.,-1.,0.));
#7913=CARTESIAN_POINT('',(9.96682532856002,-4.,0.813875217692748));
#7914=CARTESIAN_POINT('',(9.96682532856002,-2.,0.813875217692748));
#7915=CARTESIAN_POINT('',(9.96682532856002,-4.,0.813875217692748));
#7916=CARTESIAN_POINT('',(5.68824927831252,-4.,8.22458632076879));
#7917=CARTESIAN_POINT('Origin',(0.,-4.,0.));
#7918=CARTESIAN_POINT('',(5.68824927831252,-2.,8.22458632076879));
#7919=CARTESIAN_POINT('',(5.68824927831253,-4.,8.22458632076879));
#7920=CARTESIAN_POINT('Origin',(0.,-2.,0.));
#7921=CARTESIAN_POINT('Origin',(12.1243556529821,-4.,7.));
#7922=CARTESIAN_POINT('',(10.9743556529821,-2.,7.));
#7923=CARTESIAN_POINT('Origin',(12.1243556529821,-2.,7.));
#7924=CARTESIAN_POINT('',(10.9743556529821,-4.,7.));
#7925=CARTESIAN_POINT('',(10.9743556529821,-4.,7.));
#7926=CARTESIAN_POINT('Origin',(12.1243556529821,-4.,7.));
#7927=CARTESIAN_POINT('Origin',(12.1243556529821,-4.,7.));
#7928=CARTESIAN_POINT('',(12.5406142900551,-4.,4.02901889150029));
#7929=CARTESIAN_POINT('',(9.75953985739422,-4.,8.84598110849971));
#7930=CARTESIAN_POINT('Origin',(12.1243556529821,-4.,7.));
#7931=CARTESIAN_POINT('',(12.5406142900551,-2.,4.02901889150029));
#7932=CARTESIAN_POINT('',(12.5406142900551,-4.,4.02901889150029));
#7933=CARTESIAN_POINT('',(9.75953985739422,-2.,8.84598110849971));
#7934=CARTESIAN_POINT('Origin',(12.1243556529821,-2.,7.));
#7935=CARTESIAN_POINT('',(9.75953985739422,-4.,8.84598110849971));
#7936=CARTESIAN_POINT('Origin',(7.39472406180628,-4.,10.6919622169994));
#7937=CARTESIAN_POINT('Origin',(7.39472406180628,-4.,10.6919622169994));
#7938=CARTESIAN_POINT('Origin',(7.39472406180628,-2.,10.6919622169994));
#7939=CARTESIAN_POINT('Origin',(12.956872927128,-4.,1.05803778300057));
#7940=CARTESIAN_POINT('Origin',(12.956872927128,-4.,1.05803778300057));
#7941=CARTESIAN_POINT('Origin',(12.956872927128,-2.,1.05803778300057));
#7942=CARTESIAN_POINT('Origin',(10.4063024656473,-4.,5.40693760884637));
#7943=CARTESIAN_POINT('Origin',(10.4063024656473,-2.,5.40693760884637));
#7944=CARTESIAN_POINT('Origin',(0.,-3.,0.));
#7945=CARTESIAN_POINT('',(-7.94601551083915,-4.09601551083915,-9.73106246132438E-16));
#7946=CARTESIAN_POINT('',(-9.73106246132438E-16,-4.09601551083915,7.94601551083915));
#7947=CARTESIAN_POINT('Origin',(0.,-4.09601551083915,0.));
#7948=CARTESIAN_POINT('',(-9.73106246132438E-16,-1.90398448916085,7.94601551083915));
#7949=CARTESIAN_POINT('Origin',(-8.38883057415937E-16,-3.,6.85));
#7950=CARTESIAN_POINT('',(-7.94601551083915,-1.90398448916085,-9.73106246132439E-16));
#7951=CARTESIAN_POINT('Origin',(0.,-1.90398448916085,0.));
#7952=CARTESIAN_POINT('Origin',(0.,-1.90398448916085,0.));
#7953=CARTESIAN_POINT('Origin',(0.,-4.09601551083915,0.));
#7954=CARTESIAN_POINT('Origin',(0.,-1.75597673374128,0.));
#7955=CARTESIAN_POINT('',(-7.65,-1.6079689783217,-9.36854801347725E-16));
#7956=CARTESIAN_POINT('',(-7.79800775541958,-1.75597673374128,-9.54980523740082E-16));
#7957=CARTESIAN_POINT('Origin',(0.,-1.6079689783217,0.));
#7958=CARTESIAN_POINT('Origin',(0.,-1.30398448916085,0.));
#7959=CARTESIAN_POINT('',(-7.65,-1.,-9.36854801347725E-16));
#7960=CARTESIAN_POINT('',(-7.65,-1.30398448916085,-9.36854801347725E-16));
#7961=CARTESIAN_POINT('Origin',(0.,-1.,0.));
#7962=CARTESIAN_POINT('Origin',(10.,-1.,0.));
#7963=CARTESIAN_POINT('Origin',(7.65,-5.,0.));
#7964=CARTESIAN_POINT('',(-7.65,-5.,-9.36854801347725E-16));
#7965=CARTESIAN_POINT('Origin',(0.,-5.,0.));
#7966=CARTESIAN_POINT('Origin',(0.,-4.69601551083915,0.));
#7967=CARTESIAN_POINT('',(-7.65,-4.3920310216783,-9.36854801347725E-16));
#7968=CARTESIAN_POINT('',(-7.65,-4.69601551083915,-9.36854801347725E-16));
#7969=CARTESIAN_POINT('Origin',(0.,-4.3920310216783,0.));
#7970=CARTESIAN_POINT('Origin',(0.,-4.24402326625873,0.));
#7971=CARTESIAN_POINT('',(-7.79800775541958,-4.24402326625873,-9.54980523740082E-16));
#7972=CARTESIAN_POINT('',(0.,0.,0.));
#7973=CARTESIAN_POINT('Origin',(41.1381550828007,-1.5,-28.0545349686139));
#7974=CARTESIAN_POINT('',(43.0677720309647,-1.5,-27.5286277207479));
#7975=CARTESIAN_POINT('',(40.262893115238,-1.5,-29.8528443102285));
#7976=CARTESIAN_POINT('Origin',(41.1381550828007,-1.5,-28.0545349686139));
#7977=CARTESIAN_POINT('',(43.0677720309647,-4.5,-27.5286277207479));
#7978=CARTESIAN_POINT('',(43.0677720309647,-1.5,-27.5286277207479));
#7979=CARTESIAN_POINT('',(40.262893115238,-4.5,-29.8528443102285));
#7980=CARTESIAN_POINT('Origin',(41.1381550828007,-4.5,-28.0545349686139));
#7981=CARTESIAN_POINT('',(40.262893115238,-1.5,-29.8528443102285));
#7982=CARTESIAN_POINT('Origin',(37.1243552719866,-1.5,-36.3012701892219));
#7983=CARTESIAN_POINT('',(38.8491399120151,-4.5,-29.3401112299742));
#7984=CARTESIAN_POINT('Origin',(37.1243552719866,-4.5,-36.3012701892219));
#7985=CARTESIAN_POINT('',(38.8491399120151,-1.5,-29.3401112299742));
#7986=CARTESIAN_POINT('',(38.8491399120151,-4.5,-29.3401112299742));
#7987=CARTESIAN_POINT('Origin',(37.1243552719866,-1.5,-36.3012701892219));
#7988=CARTESIAN_POINT('Origin',(41.4544823074055,-4.5,-33.8012702177958));
#7989=CARTESIAN_POINT('',(44.3988221075224,-4.5,-33.2260631755519));
#7990=CARTESIAN_POINT('',(42.9544822902606,-4.5,-36.3993464390476));
#7991=CARTESIAN_POINT('Origin',(41.4544823074055,-4.5,-33.8012702177958));
#7992=CARTESIAN_POINT('',(44.3988221075224,-6.5,-33.2260631755519));
#7993=CARTESIAN_POINT('',(44.3988221075224,-4.5,-33.2260631755519));
#7994=CARTESIAN_POINT('',(42.9544822902606,-6.5,-36.3993464390476));
#7995=CARTESIAN_POINT('Origin',(41.4544823074055,-6.5,-33.8012702177958));
#7996=CARTESIAN_POINT('',(42.9544822902606,-4.5,-36.3993464390476));
#7997=CARTESIAN_POINT('Origin',(39.3301404520912,-4.5,-27.3988130868631));
#7998=CARTESIAN_POINT('',(37.4000995995384,-1.5,-27.9231625004006));
#7999=CARTESIAN_POINT('Origin',(39.3301404520912,-1.5,-27.3988130868631));
#8000=CARTESIAN_POINT('',(37.4000995995384,-4.5,-27.9231625004006));
#8001=CARTESIAN_POINT('Origin',(39.3301404520912,-4.5,-27.3988130868631));
#8002=CARTESIAN_POINT('',(37.4000995995384,-4.5,-27.9231625004006));
#8003=CARTESIAN_POINT('Origin',(20.9370022162424,-1.5,4.45903733377109));
#8004=CARTESIAN_POINT('',(19.0152884452636,-1.5,5.01312774374988));
#8005=CARTESIAN_POINT('',(19.5178818587832,-1.5,3.04974765061689));
#8006=CARTESIAN_POINT('Origin',(20.9370022162424,-1.5,4.45903733377109));
#8007=CARTESIAN_POINT('',(19.5178818587832,-4.5,3.04974765061689));
#8008=CARTESIAN_POINT('',(19.5178818587832,-1.5,3.04974765061689));
#8009=CARTESIAN_POINT('',(19.0152884452636,-4.5,5.01312774374988));
#8010=CARTESIAN_POINT('Origin',(20.9370022162424,-4.5,4.45903733377109));
#8011=CARTESIAN_POINT('',(19.0152884452636,-1.5,5.01312774374988));
#8012=CARTESIAN_POINT('Origin',(-30.1513317979808,-4.5,-46.2753923975341));
#8013=CARTESIAN_POINT('',(37.9071737405903,-4.5,-29.9034636807559));
#8014=CARTESIAN_POINT('Origin',(-30.1513317979808,-4.5,-46.2753923975341));
#8015=CARTESIAN_POINT('',(37.9071737405903,-6.5,-29.9034636807559));
#8016=CARTESIAN_POINT('',(37.9071737405903,-4.5,-29.9034636807559));
#8017=CARTESIAN_POINT('',(18.0564278188389,-6.5,4.47903734783794));
#8018=CARTESIAN_POINT('Origin',(-30.1513317979808,-6.5,-46.2753923975341));
#8019=CARTESIAN_POINT('',(18.0564278188389,-4.5,4.47903734783794));
#8020=CARTESIAN_POINT('',(18.0564278188389,-4.5,4.47903734783794));
#8021=CARTESIAN_POINT('Origin',(-30.1513317979808,-4.5,-46.2753923975341));
#8022=CARTESIAN_POINT('',(18.0564278188389,-1.5,4.47903734783794));
#8023=CARTESIAN_POINT('Origin',(-30.1513317979808,-1.5,-46.2753923975341));
#8024=CARTESIAN_POINT('',(18.0564278188389,0.5,4.47903734783794));
#8025=CARTESIAN_POINT('',(18.0564278188389,-1.5,4.47903734783794));
#8026=CARTESIAN_POINT('',(37.9071737405903,0.5,-29.9034636807559));
#8027=CARTESIAN_POINT('Origin',(-30.1513317979808,0.5,-46.2753923975341));
#8028=CARTESIAN_POINT('',(37.9071737405903,-1.5,-29.9034636807559));
#8029=CARTESIAN_POINT('',(37.9071737405903,-1.5,-29.9034636807559));
#8030=CARTESIAN_POINT('Origin',(-30.1513317979808,-1.5,-46.2753923975341));
#8031=CARTESIAN_POINT('Origin',(21.2731377491766,-4.5,6.35268487082007));
#8032=CARTESIAN_POINT('',(22.6933952785298,-1.5,7.76082852482545));
#8033=CARTESIAN_POINT('',(19.2781251935571,-1.5,6.49384046908201));
#8034=CARTESIAN_POINT('Origin',(21.2731377491766,-1.5,6.35268487082007));
#8035=CARTESIAN_POINT('',(19.2781251935571,-4.5,6.49384046908201));
#8036=CARTESIAN_POINT('',(19.2781251935571,-4.5,6.493840469082));
#8037=CARTESIAN_POINT('',(22.6933952785298,-4.5,7.76082852482545));
#8038=CARTESIAN_POINT('Origin',(21.2731377491766,-4.5,6.35268487082007));
#8039=CARTESIAN_POINT('',(22.6933952785298,-4.5,7.76082852482545));
#8040=CARTESIAN_POINT('Origin',(-34.1169058955958,-4.5,-48.5649176353882));
#8041=CARTESIAN_POINT('',(44.3988221075224,-1.5,-33.2260631755519));
#8042=CARTESIAN_POINT('Origin',(-34.1169058955958,-1.5,-48.5649176353882));
#8043=CARTESIAN_POINT('',(44.3988221075224,0.5,-33.2260631755519));
#8044=CARTESIAN_POINT('',(44.3988221075224,-4.5,-33.2260631755519));
#8045=CARTESIAN_POINT('',(18.4247965293367,0.5,11.7622694885738));
#8046=CARTESIAN_POINT('Origin',(-34.1169058955958,0.5,-48.5649176353882));
#8047=CARTESIAN_POINT('',(18.4247965293367,-1.5,11.7622694885738));
#8048=CARTESIAN_POINT('',(18.4247965293367,-4.5,11.7622694885738));
#8049=CARTESIAN_POINT('Origin',(-34.1169058955958,-1.5,-48.5649176353882));
#8050=CARTESIAN_POINT('',(18.4247965293367,-4.5,11.7622694885738));
#8051=CARTESIAN_POINT('Origin',(-34.1169058955958,-4.5,-48.5649176353882));
#8052=CARTESIAN_POINT('',(18.4247965293367,-6.5,11.7622694885738));
#8053=CARTESIAN_POINT('',(18.4247965293367,-4.5,11.7622694885738));
#8054=CARTESIAN_POINT('Origin',(-34.1169058955958,-6.5,-48.5649176353882));
#8055=CARTESIAN_POINT('Origin',(-34.1169058955958,-4.5,-48.5649176353882));
#8056=CARTESIAN_POINT('Origin',(16.4544826884023,-4.5,9.49999997142463));
#8057=CARTESIAN_POINT('',(14.9544827055472,-4.5,12.0980761926764));
#8058=CARTESIAN_POINT('Origin',(16.4544826884023,-4.5,9.49999997142463));
#8059=CARTESIAN_POINT('',(14.9544827055472,-6.5,12.0980761926764));
#8060=CARTESIAN_POINT('',(14.9544827055472,-4.5,12.0980761926764));
#8061=CARTESIAN_POINT('Origin',(16.4544826884023,-6.5,9.49999997142463));
#8062=CARTESIAN_POINT('Origin',(12.1243556529821,-1.5,7.));
#8063=CARTESIAN_POINT('Origin',(12.1243556529821,-4.5,7.));
#8064=CARTESIAN_POINT('Origin',(12.1243556529821,-1.5,7.));
#8065=CARTESIAN_POINT('Origin',(26.7894189801938,-1.5,-13.4006351089018));
#8066=CARTESIAN_POINT('',(14.9544827055472,-1.5,12.0980761926764));
#8067=CARTESIAN_POINT('Origin',(16.4544826884023,-1.5,9.49999997142463));
#8068=CARTESIAN_POINT('',(10.6243556701269,-1.5,9.59807622125187));
#8069=CARTESIAN_POINT('',(11.706887428981,-1.5,10.2230762141077));
#8070=CARTESIAN_POINT('',(13.6243556358373,-1.5,4.40192377874813));
#8071=CARTESIAN_POINT('Origin',(12.1243556529821,-1.5,7.));
#8072=CARTESIAN_POINT('',(14.4903810429219,-1.5,4.90192377303211));
#8073=CARTESIAN_POINT('',(15.1399000982329,-1.5,5.2769237687463));
#8074=CARTESIAN_POINT('Origin',(15.9903810257765,-1.5,2.30384755178136));
#8075=CARTESIAN_POINT('',(11.0743556529821,-1.5,7.));
#8076=CARTESIAN_POINT('Origin',(12.1243556529821,-1.5,7.));
#8077=CARTESIAN_POINT('Origin',(37.1243552719866,-1.5,-36.3012701892219));
#8078=CARTESIAN_POINT('',(36.0743552719866,0.5,-36.3012701892219));
#8079=CARTESIAN_POINT('Origin',(37.1243552719866,0.5,-36.3012701892219));
#8080=CARTESIAN_POINT('',(36.0743552719866,-1.5,-36.3012701892219));
#8081=CARTESIAN_POINT('',(36.0743552719866,-1.5,-36.3012701892219));
#8082=CARTESIAN_POINT('Origin',(37.1243552719866,-1.5,-36.3012701892219));
#8083=CARTESIAN_POINT('Origin',(12.1243556529821,-1.5,7.));
#8084=CARTESIAN_POINT('',(11.0743556529821,0.5,7.));
#8085=CARTESIAN_POINT('Origin',(12.1243556529821,0.5,7.));
#8086=CARTESIAN_POINT('',(11.0743556529821,-1.5,7.));
#8087=CARTESIAN_POINT('Origin',(10.6243556701269,-1.5,9.59807622125187));
#8088=CARTESIAN_POINT('',(14.9544827055472,0.5,12.0980761926764));
#8089=CARTESIAN_POINT('',(14.9544827055472,-1.5,12.0980761926764));
#8090=CARTESIAN_POINT('',(10.6243556701269,0.5,9.59807622125187));
#8091=CARTESIAN_POINT('',(11.706887428981,0.5,10.2230762141077));
#8092=CARTESIAN_POINT('',(10.6243556701269,-1.5,9.59807622125187));
#8093=CARTESIAN_POINT('Origin',(12.1243556529821,-1.5,7.));
#8094=CARTESIAN_POINT('',(13.6243556358373,0.5,4.40192377874812));
#8095=CARTESIAN_POINT('Origin',(12.1243556529821,0.5,7.));
#8096=CARTESIAN_POINT('',(13.6243556358373,-1.5,4.40192377874813));
#8097=CARTESIAN_POINT('Origin',(14.4903810429213,-1.5,4.90192377303323));
#8098=CARTESIAN_POINT('',(14.4903810429219,0.5,4.90192377303212));
#8099=CARTESIAN_POINT('',(15.1399000982329,0.5,5.2769237687463));
#8100=CARTESIAN_POINT('',(14.4903810429219,-1.5,4.90192377303211));
#8101=CARTESIAN_POINT('Origin',(15.9903810257765,-1.5,2.30384755178136));
#8102=CARTESIAN_POINT('Origin',(15.9903810257765,0.5,2.30384755178136));
#8103=CARTESIAN_POINT('Origin',(34.9903807133601,-1.5,-30.6051177524331));
#8104=CARTESIAN_POINT('',(36.4903806962153,-1.5,-33.203193973685));
#8105=CARTESIAN_POINT('Origin',(34.9903807133601,-1.5,-30.6051177524331));
#8106=CARTESIAN_POINT('',(36.4903806962153,0.5,-33.203193973685));
#8107=CARTESIAN_POINT('Origin',(34.9903807133601,0.5,-30.6051177524331));
#8108=CARTESIAN_POINT('',(36.4903806962153,-1.5,-33.203193973685));
#8109=CARTESIAN_POINT('Origin',(35.6243552891314,-1.5,-33.7031939679701));
#8110=CARTESIAN_POINT('',(35.6243552891314,-1.5,-33.7031939679701));
#8111=CARTESIAN_POINT('',(36.7068870479853,-1.5,-33.0781939751143));
#8112=CARTESIAN_POINT('',(35.6243552891314,0.5,-33.7031939679701));
#8113=CARTESIAN_POINT('',(36.7068870479853,0.5,-33.0781939751143));
#8114=CARTESIAN_POINT('',(35.6243552891314,-1.5,-33.7031939679701));
#8115=CARTESIAN_POINT('Origin',(37.1243552719866,-1.5,-36.3012701892219));
#8116=CARTESIAN_POINT('',(38.6243552548423,-1.5,-38.8993464104744));
#8117=CARTESIAN_POINT('Origin',(37.1243552719866,-1.5,-36.3012701892219));
#8118=CARTESIAN_POINT('',(38.6243552548423,0.5,-38.8993464104744));
#8119=CARTESIAN_POINT('Origin',(37.1243552719866,0.5,-36.3012701892219));
#8120=CARTESIAN_POINT('',(38.6243552548423,-1.5,-38.8993464104744));
#8121=CARTESIAN_POINT('Origin',(42.9544822902606,-1.5,-36.3993464390476));
#8122=CARTESIAN_POINT('',(42.9544822902606,-1.5,-36.3993464390476));
#8123=CARTESIAN_POINT('',(41.8719505314101,-1.5,-37.0243464319019));
#8124=CARTESIAN_POINT('',(42.9544822902606,0.5,-36.3993464390476));
#8125=CARTESIAN_POINT('',(41.8719505314101,0.5,-37.0243464319019));
#8126=CARTESIAN_POINT('',(42.9544822902606,-1.5,-36.3993464390476));
#8127=CARTESIAN_POINT('Origin',(26.7894189801938,-1.5,-13.4006351089018));
#8128=CARTESIAN_POINT('Origin',(41.4544823074055,-1.5,-33.8012702177958));
#8129=CARTESIAN_POINT('Origin',(26.7894189801938,0.5,-13.4006351089018));
#8130=CARTESIAN_POINT('Origin',(16.4544826884023,0.5,9.49999997142463));
#8131=CARTESIAN_POINT('Origin',(41.4544823074055,0.5,-33.8012702177958));
#8132=CARTESIAN_POINT('Origin',(26.7894189801938,-4.5,-13.4006351089018));
#8133=CARTESIAN_POINT('',(14.4903810429219,-4.5,4.90192377303211));
#8134=CARTESIAN_POINT('Origin',(15.9903810257765,-4.5,2.30384755178136));
#8135=CARTESIAN_POINT('',(13.6243556358373,-4.5,4.40192377874813));
#8136=CARTESIAN_POINT('',(13.6243556358373,-4.5,4.40192377874813));
#8137=CARTESIAN_POINT('',(10.6243556701269,-4.5,9.59807622125187));
#8138=CARTESIAN_POINT('Origin',(12.1243556529821,-4.5,7.));
#8139=CARTESIAN_POINT('',(10.6243556701269,-4.5,9.59807622125187));
#8140=CARTESIAN_POINT('',(11.0743556529821,-4.5,7.));
#8141=CARTESIAN_POINT('Origin',(12.1243556529821,-4.5,7.));
#8142=CARTESIAN_POINT('Origin',(26.7894189801938,-4.5,-13.4006351089018));
#8143=CARTESIAN_POINT('',(38.6243552548423,-4.5,-38.8993464104744));
#8144=CARTESIAN_POINT('',(38.6243552548423,-4.5,-38.8993464104744));
#8145=CARTESIAN_POINT('',(35.6243552891314,-4.5,-33.7031939679701));
#8146=CARTESIAN_POINT('Origin',(37.1243552719866,-4.5,-36.3012701892219));
#8147=CARTESIAN_POINT('',(36.4903806962153,-4.5,-33.203193973685));
#8148=CARTESIAN_POINT('',(35.6243552891314,-4.5,-33.7031939679701));
#8149=CARTESIAN_POINT('Origin',(34.9903807133601,-4.5,-30.6051177524331));
#8150=CARTESIAN_POINT('',(36.0743552719866,-4.5,-36.3012701892219));
#8151=CARTESIAN_POINT('Origin',(37.1243552719866,-4.5,-36.3012701892219));
#8152=CARTESIAN_POINT('Origin',(37.1243552719866,-4.5,-36.3012701892219));
#8153=CARTESIAN_POINT('',(36.0743552719866,-6.5,-36.3012701892219));
#8154=CARTESIAN_POINT('Origin',(37.1243552719866,-6.5,-36.3012701892219));
#8155=CARTESIAN_POINT('',(36.0743552719866,-4.5,-36.3012701892219));
#8156=CARTESIAN_POINT('Origin',(12.1243556529821,-4.5,7.));
#8157=CARTESIAN_POINT('',(11.0743556529821,-6.5,7.));
#8158=CARTESIAN_POINT('Origin',(12.1243556529821,-6.5,7.));
#8159=CARTESIAN_POINT('',(11.0743556529821,-4.5,7.));
#8160=CARTESIAN_POINT('Origin',(36.4903806962153,-4.5,-33.203193973685));
#8161=CARTESIAN_POINT('',(35.6243552891314,-6.5,-33.7031939679701));
#8162=CARTESIAN_POINT('',(35.6243552891314,-4.5,-33.7031939679701));
#8163=CARTESIAN_POINT('',(36.4903806962153,-6.5,-33.203193973685));
#8164=CARTESIAN_POINT('',(35.6243552891314,-6.5,-33.7031939679701));
#8165=CARTESIAN_POINT('',(36.4903806962153,-4.5,-33.203193973685));
#8166=CARTESIAN_POINT('Origin',(34.9903807133601,-4.5,-30.6051177524331));
#8167=CARTESIAN_POINT('Origin',(34.9903807133601,-6.5,-30.6051177524331));
#8168=CARTESIAN_POINT('Origin',(15.9903810257765,-4.5,2.30384755178136));
#8169=CARTESIAN_POINT('',(14.4903810429219,-6.5,4.90192377303211));
#8170=CARTESIAN_POINT('Origin',(15.9903810257765,-6.5,2.30384755178136));
#8171=CARTESIAN_POINT('',(14.4903810429219,-4.5,4.90192377303211));
#8172=CARTESIAN_POINT('Origin',(13.6243556358373,-4.5,4.40192377874813));
#8173=CARTESIAN_POINT('',(13.6243556358373,-6.5,4.40192377874813));
#8174=CARTESIAN_POINT('',(13.6243556358373,-6.5,4.40192377874813));
#8175=CARTESIAN_POINT('',(13.6243556358373,-4.5,4.40192377874813));
#8176=CARTESIAN_POINT('Origin',(12.1243556529821,-4.5,7.));
#8177=CARTESIAN_POINT('',(10.6243556701269,-6.5,9.59807622125187));
#8178=CARTESIAN_POINT('Origin',(12.1243556529821,-6.5,7.));
#8179=CARTESIAN_POINT('',(10.6243556701269,-4.5,9.59807622125187));
#8180=CARTESIAN_POINT('Origin',(14.9544827055467,-4.5,12.0980761926772));
#8181=CARTESIAN_POINT('',(10.6243556701269,-6.5,9.59807622125187));
#8182=CARTESIAN_POINT('Origin',(16.4544826884023,-4.5,9.49999997142463));
#8183=CARTESIAN_POINT('Origin',(41.4544823074055,-4.5,-33.8012702177958));
#8184=CARTESIAN_POINT('Origin',(38.6243552548423,-4.5,-38.8993464104744));
#8185=CARTESIAN_POINT('',(38.6243552548423,-6.5,-38.8993464104744));
#8186=CARTESIAN_POINT('',(38.6243552548423,-6.5,-38.8993464104744));
#8187=CARTESIAN_POINT('',(38.6243552548423,-4.5,-38.8993464104744));
#8188=CARTESIAN_POINT('Origin',(37.1243552719866,-4.5,-36.3012701892219));
#8189=CARTESIAN_POINT('Origin',(37.1243552719866,-6.5,-36.3012701892219));
#8190=CARTESIAN_POINT('Origin',(26.7894189801938,-6.5,-13.4006351089018));
#8191=CARTESIAN_POINT('',(0.,0.,0.));
#8192=CARTESIAN_POINT('Origin',(35.9985001982217,-5.4999984649603,-91.4579768317917));
#8193=CARTESIAN_POINT('',(26.6849898851946,-5.4999984649603,-50.678965117732));
#8194=CARTESIAN_POINT('',(-3.0825858064402,-5.4999984649603,-76.546974604493));
#8195=CARTESIAN_POINT('Origin',(35.9985001982217,-5.4999984649603,-91.4579768317917));
#8196=CARTESIAN_POINT('',(-3.0825858064402,-0.499998464960296,-76.546974604493));
#8197=CARTESIAN_POINT('',(-3.0825858064402,-5.4999984649603,-76.546974604493));
#8198=CARTESIAN_POINT('',(26.6849898851946,-0.499998464960296,-50.678965117732));
#8199=CARTESIAN_POINT('Origin',(35.9985001982217,-0.499998464960296,-91.4579768317917));
#8200=CARTESIAN_POINT('',(26.6849898851946,-5.4999984649603,-50.678965117732));
#8201=CARTESIAN_POINT('Origin',(-9.86357140903513,-5.4999984649603,-72.5257932191572));
#8202=CARTESIAN_POINT('',(-9.86357140903513,-5.4999984649603,-72.5257932191572));
#8203=CARTESIAN_POINT('',(19.2414484385929,-5.4999984649603,-38.391212861868));
#8204=CARTESIAN_POINT('',(-9.86357140903513,-5.4999984649603,-72.5257932191572));
#8205=CARTESIAN_POINT('',(19.2414484385929,-0.499998464960296,-38.391212861868));
#8206=CARTESIAN_POINT('',(19.2414484920552,-2.99999961556699,-38.391212799167));
#8207=CARTESIAN_POINT('',(-9.86357140903513,-0.499998464960296,-72.5257932191572));
#8208=CARTESIAN_POINT('',(-9.86357140903513,-0.499998464960296,-72.5257932191572));
#8209=CARTESIAN_POINT('',(-9.86357140903513,-5.4999984649603,-72.5257932191572));
#8210=CARTESIAN_POINT('Origin',(-6.81980553439024,-5.4999984649603,-75.1210753426166));
#8211=CARTESIAN_POINT('Origin',(-6.81980553439024,-5.4999984649603,-75.1210753426166));
#8212=CARTESIAN_POINT('Origin',(-6.81980553439024,-0.499998464960296,-75.1210753426166));
#8213=CARTESIAN_POINT('Origin',(7.93259217540218,-5.4999984649603,-58.7561441022423));
#8214=CARTESIAN_POINT('Origin',(24.9999996190044,-5.49999961556699,-43.3012701892219));
#8215=CARTESIAN_POINT('Origin',(7.93259217540218,-0.499998464960296,-58.7561441022423));
#8216=CARTESIAN_POINT('Origin',(24.9999998730015,-0.499999615567,-43.3012701892219));
#8217=CARTESIAN_POINT('Origin',(24.9999997460029,-2.99999961556699,-43.3012701892219));
#8218=CARTESIAN_POINT('Origin',(24.9999996190044,-5.49999961556699,-43.3012701892219));
#8219=CARTESIAN_POINT('Origin',(24.9999998730015,-0.499999615567,-43.3012701892219));
#8220=CARTESIAN_POINT('',(32.4927549809533,-3.9999984649603,-44.363433896616));
#8221=CARTESIAN_POINT('',(32.4927549809533,-1.9999984649603,-44.363433896616));
#8222=CARTESIAN_POINT('',(32.4927549816171,-3.9999984649603,-44.3634338919332));
#8223=CARTESIAN_POINT('',(27.8265165463978,-3.9999984649603,-36.2812718477351));
#8224=CARTESIAN_POINT('Origin',(24.9999996952036,-3.9999984649603,-43.3012701892219));
#8225=CARTESIAN_POINT('',(27.8265165463978,-1.9999984649603,-36.2812718477351));
#8226=CARTESIAN_POINT('',(27.8265165753943,-3.9999984649603,-36.2812718594102));
#8227=CARTESIAN_POINT('Origin',(24.9999997968024,-1.9999984649603,-43.3012701892219));
#8228=CARTESIAN_POINT('Origin',(37.1243552719866,-3.9999984649603,-36.3012701892219));
#8229=CARTESIAN_POINT('',(35.9743552719866,-1.9999984649603,-36.3012701892219));
#8230=CARTESIAN_POINT('Origin',(37.1243552719866,-1.9999984649603,-36.3012701892219));
#8231=CARTESIAN_POINT('',(35.9743552719866,-3.9999984649603,-36.3012701892219));
#8232=CARTESIAN_POINT('',(35.9743552719866,-3.9999984649603,-36.3012701892219));
#8233=CARTESIAN_POINT('Origin',(37.1243552719866,-3.9999984649603,-36.3012701892219));
#8234=CARTESIAN_POINT('Origin',(37.1243552719866,-3.9999984649603,-36.3012701892219));
#8235=CARTESIAN_POINT('',(37.5606908511602,-3.9999984649603,-39.2693691199093));
#8236=CARTESIAN_POINT('',(34.7720739866527,-3.9999984649603,-34.4393430277389));
#8237=CARTESIAN_POINT('Origin',(37.1243552719866,-3.9999984649603,-36.3012701892219));
#8238=CARTESIAN_POINT('',(37.5606908511602,-1.9999984649603,-39.2693691199093));
#8239=CARTESIAN_POINT('',(37.5606908511602,-3.9999984649603,-39.2693691199093));
#8240=CARTESIAN_POINT('',(34.7720739866527,-1.9999984649603,-34.4393430277389));
#8241=CARTESIAN_POINT('Origin',(37.1243552719866,-1.9999984649603,-36.3012701892219));
#8242=CARTESIAN_POINT('',(34.7720739866527,-3.9999984649603,-34.4393430277389));
#8243=CARTESIAN_POINT('Origin',(30.0675114159851,-3.9999984649603,-30.7154887047728));
#8244=CARTESIAN_POINT('Origin',(30.0675114159851,-3.9999984649603,-30.7154887047728));
#8245=CARTESIAN_POINT('Origin',(30.0675114159851,-1.9999984649603,-30.7154887047728));
#8246=CARTESIAN_POINT('Origin',(38.4333620095075,-3.9999984649603,-45.2055669812839));
#8247=CARTESIAN_POINT('Origin',(38.4333620095075,-3.9999984649603,-45.2055669812839));
#8248=CARTESIAN_POINT('Origin',(38.4333620095075,-1.9999984649603,-45.2055669812839));
#8249=CARTESIAN_POINT('Origin',(33.9754359091922,-3.9999984649603,-38.832352042919));
#8250=CARTESIAN_POINT('Origin',(33.9754359091922,-1.9999984649603,-38.832352042919));
#8251=CARTESIAN_POINT('Origin',(24.9999997460029,-2.99999977558515,-43.3012701892219));
#8252=CARTESIAN_POINT('',(19.486317856515,-4.09601495065554,-43.3012701892219));
#8253=CARTESIAN_POINT('',(24.999999690326,-4.09601523074735,-37.7875883554109));
#8254=CARTESIAN_POINT('Origin',(24.999999690326,-4.09601523074735,-43.3012701892219));
#8255=CARTESIAN_POINT('',(24.9999998016799,-1.90398420906906,-37.7875884667648));
#8256=CARTESIAN_POINT('Origin',(24.9999997460029,-2.99999977558515,-38.883603921927));
#8257=CARTESIAN_POINT('',(19.4863180792228,-1.90398392897726,-43.3012701892219));
#8258=CARTESIAN_POINT('Origin',(24.9999998016799,-1.90398420906906,-43.3012701892219));
#8259=CARTESIAN_POINT('Origin',(24.9999998016799,-1.90398420906906,-43.3012701892219));
#8260=CARTESIAN_POINT('Origin',(24.999999690326,-4.09601523074735,-43.3012701892219));
#8261=CARTESIAN_POINT('Origin',(24.9999998091986,-1.75597646116819,-43.3012701892219));
#8262=CARTESIAN_POINT('',(19.7823336201367,-1.60796844821293,-43.3012701892219));
#8263=CARTESIAN_POINT('',(19.6343258496798,-1.7559761885951,-43.3012701892219));
#8264=CARTESIAN_POINT('Origin',(24.9999998167173,-1.60796871326732,-43.3012701892219));
#8265=CARTESIAN_POINT('Origin',(24.9999998448594,-1.05398422410647,-43.3012701892219));
#8266=CARTESIAN_POINT('',(19.782333704563,-0.49999946989124,-43.3012701892219));
#8267=CARTESIAN_POINT('',(19.7823336764209,-1.05398395905209,-43.3012701892219));
#8268=CARTESIAN_POINT('Origin',(24.9999998730015,-0.499999734945621,-43.3012701892219));
#8269=CARTESIAN_POINT('Origin',(32.5676660132979,-0.500000000000001,-43.3012701892219));
#8270=CARTESIAN_POINT('Origin',(30.2176660132979,-5.5,-43.3012701892219));
#8271=CARTESIAN_POINT('',(19.782333252853,-5.49999946989122,-43.3012701892219));
#8272=CARTESIAN_POINT('Origin',(24.9999996190044,-5.49999973494561,-43.3012701892219));
#8273=CARTESIAN_POINT('Origin',(24.9999996471465,-4.94601524578476,-43.3012701892219));
#8274=CARTESIAN_POINT('',(19.7823333091372,-4.39203049156952,-43.3012701892219));
#8275=CARTESIAN_POINT('',(19.7823332809951,-4.94601498073037,-43.3012701892219));
#8276=CARTESIAN_POINT('Origin',(24.9999996752886,-4.39203075662391,-43.3012701892219));
#8277=CARTESIAN_POINT('Origin',(24.9999996828073,-4.24402299368563,-43.3012701892219));
#8278=CARTESIAN_POINT('',(19.6343255968971,-4.24402272111253,-43.3012701892219));
#8279=CARTESIAN_POINT('',(0.,0.,0.));
#8280=CARTESIAN_POINT('',(0.,0.,0.));
#8281=CARTESIAN_POINT('Origin',(24.9999995936047,-9.,-43.3012701892219));
#8282=CARTESIAN_POINT('',(23.9999995936047,-6.,-43.3012701892219));
#8283=CARTESIAN_POINT('Origin',(24.9999995936047,-6.,-43.3012701892219));
#8284=CARTESIAN_POINT('',(23.9999995936047,0.499999999999999,-43.3012701892219));
#8285=CARTESIAN_POINT('',(23.9999995936047,-9.,-43.3012701892219));
#8286=CARTESIAN_POINT('Origin',(24.9999995936047,0.499999999999999,-43.3012701892219));
#8287=CARTESIAN_POINT('Origin',(-6.56858655152258E-47,0.499999999999999,
3.48956160549637E-46));
#8288=CARTESIAN_POINT('Origin',(11.5302081965679,-6.,-20.6506350941393));
#8289=CARTESIAN_POINT('',(21.382333163954,-6.00000002078042,-43.3012701892219));
#8290=CARTESIAN_POINT('Origin',(24.9999995936047,-6.,-43.3012701892219));
#8291=CARTESIAN_POINT('Origin',(11.5302081965679,-6.,-20.6506350941393));
#8292=CARTESIAN_POINT('',(-6.05,-6.,-7.40911313484149E-16));
#8293=CARTESIAN_POINT('Origin',(0.,-6.,0.));
#8294=CARTESIAN_POINT('',(-4.1,-6.,5.02105187650415E-16));
#8295=CARTESIAN_POINT('Origin',(0.,-6.,0.));
#8296=CARTESIAN_POINT('Origin',(24.9999995836472,-6.19601523765685,-43.3012701892219));
#8297=CARTESIAN_POINT('',(21.3823332456379,-4.39203065412764,-43.3012701892219));
#8298=CARTESIAN_POINT('',(21.3823331539966,-6.19601505388152,-43.3012701892219));
#8299=CARTESIAN_POINT('Origin',(24.9999996752886,-4.39203083790297,-43.3012701892219));
#8300=CARTESIAN_POINT('Origin',(24.9999997460029,-2.99999977558515,-43.3012701892219));
#8301=CARTESIAN_POINT('',(21.6783491009011,-1.90398415168504,-43.3012701892219));
#8302=CARTESIAN_POINT('',(24.9999998016799,-1.90398432042295,-39.9796194884431));
#8303=CARTESIAN_POINT('Origin',(24.9999998016799,-1.90398432042295,-43.3012701892219));
#8304=CARTESIAN_POINT('',(24.999999690326,-4.09601534210124,-39.9796193770892));
#8305=CARTESIAN_POINT('Origin',(24.9999997460029,-2.99999977558515,-38.883603921927));
#8306=CARTESIAN_POINT('',(21.6783488781933,-4.09601517336332,-43.3012701892219));
#8307=CARTESIAN_POINT('Origin',(24.999999690326,-4.09601534210124,-43.3012701892219));
#8308=CARTESIAN_POINT('Origin',(24.999999690326,-4.09601534210124,-43.3012701892219));
#8309=CARTESIAN_POINT('Origin',(24.9999998016799,-1.90398432042295,-43.3012701892219));
#8310=CARTESIAN_POINT('Origin',(24.9999996828073,-4.2440230900021,-43.3012701892219));
#8311=CARTESIAN_POINT('',(21.5303411077363,-4.24402291374548,-43.3012701892219));
#8312=CARTESIAN_POINT('Origin',(24.9999999083586,0.196015672262725,-43.3012701892219));
#8313=CARTESIAN_POINT('',(21.3823337117781,-1.60796861077106,-43.3012701892219));
#8314=CARTESIAN_POINT('Origin',(24.9999998167173,-1.60796879454638,-43.3012701892219));
#8315=CARTESIAN_POINT('',(21.3823338950608,2.00000038052106,-43.3012701892219));
#8316=CARTESIAN_POINT('',(21.3823338034194,0.196015856038041,-43.3012701892219));
#8317=CARTESIAN_POINT('',(27.4285946167474,2.00000001570065,-40.6199579039265));
#8318=CARTESIAN_POINT('Origin',(25.,2.,-43.3012701892219));
#8319=CARTESIAN_POINT('',(27.4285946093077,-1.11022302462516E-15,-40.6199578655672));
#8320=CARTESIAN_POINT('',(27.4285946071857,0.196015548891539,-40.6199578546262));
#8321=CARTESIAN_POINT('',(22.1186782164208,-1.11022302462516E-15,-41.1136931250307));
#8322=CARTESIAN_POINT('Origin',(24.9999998984012,-1.11022302462516E-15,
-43.3012701892219));
#8323=CARTESIAN_POINT('',(22.1186782255304,2.00000028544128,-41.1136933984011));
#8324=CARTESIAN_POINT('',(22.1186782168394,0.196015818632177,-41.1136931375945));
#8325=CARTESIAN_POINT('Origin',(25.,2.,-43.3012701892219));
#8326=CARTESIAN_POINT('Origin',(24.9999998091986,-1.75597655748466,-43.3012701892219));
#8327=CARTESIAN_POINT('',(21.5303413605189,-1.75597638122805,-43.3012701892219));
#8328=CARTESIAN_POINT('Origin',(6.05,-1.11022302462516E-15,0.));
#8329=CARTESIAN_POINT('',(9.78250779955491,-1.11022302462516E-15,-2.07425677090545));
#8330=CARTESIAN_POINT('Origin',(-60.9250067537475,-1.11022302462516E-15,
-57.7559178964011));
#8331=CARTESIAN_POINT('',(4.19725619571332,-1.11022302462516E-15,-9.07651036618954));
#8332=CARTESIAN_POINT('Origin',(0.,-1.11022302462516E-15,0.));
#8333=CARTESIAN_POINT('Origin',(-17.8591311316575,-1.11022302462516E-15,
-42.4458942092435));
#8334=CARTESIAN_POINT('',(-6.05,-1.11022302462516E-15,-7.40911313484149E-16));
#8335=CARTESIAN_POINT('Origin',(0.,-1.11022302462516E-15,0.));
#8336=CARTESIAN_POINT('Origin',(-60.9250067537475,3.,-57.7559178964011));
#8337=CARTESIAN_POINT('',(9.78250779955491,2.,-2.07425677090545));
#8338=CARTESIAN_POINT('Origin',(-60.9250067537475,2.,-57.7559178964011));
#8339=CARTESIAN_POINT('',(9.78250779955486,3.,-2.07425677090543));
#8340=CARTESIAN_POINT('Origin',(-24.653254160443,3.,-40.8510883208275));
#8341=CARTESIAN_POINT('',(32.990277700549,3.,-43.695557207794));
#8342=CARTESIAN_POINT('',(5.16691628927589,3.,8.56171571938797));
#8343=CARTESIAN_POINT('Origin',(-24.653254160443,3.,-40.8510883208275));
#8344=CARTESIAN_POINT('',(5.16691628927589,2.,8.56171571938797));
#8345=CARTESIAN_POINT('',(5.1669162892759,3.,8.56171571938797));
#8346=CARTESIAN_POINT('',(32.990277700549,2.,-43.695557207794));
#8347=CARTESIAN_POINT('Origin',(-24.653254160443,2.,-40.8510883208275));
#8348=CARTESIAN_POINT('',(32.990277700549,3.,-43.695557207794));
#8349=CARTESIAN_POINT('Origin',(25.,3.,-43.3012701892219));
#8350=CARTESIAN_POINT('',(17.0722731055948,3.,-42.2283553404894));
#8351=CARTESIAN_POINT('Origin',(25.,3.,-43.3012701892219));
#8352=CARTESIAN_POINT('',(17.0722731055948,2.,-42.2283553404894));
#8353=CARTESIAN_POINT('Origin',(25.,2.,-43.3012701892219));
#8354=CARTESIAN_POINT('',(17.0722731055948,3.,-42.2283553404894));
#8355=CARTESIAN_POINT('Origin',(-12.9579390302556,3.,-38.1641562402552));
#8356=CARTESIAN_POINT('',(-3.21505177152045,3.,-9.46907821084227));
#8357=CARTESIAN_POINT('Origin',(-12.9579390302556,3.,-38.1641562402552));
#8358=CARTESIAN_POINT('',(-3.21505177152045,2.,-9.46907821084227));
#8359=CARTESIAN_POINT('Origin',(-12.9579390302556,2.,-38.1641562402552));
#8360=CARTESIAN_POINT('',(-3.21505177152045,3.,-9.46907821084227));
#8361=CARTESIAN_POINT('Origin',(14.9226823108076,2.,-21.3697772344453));
#8362=CARTESIAN_POINT('',(4.19725619571332,2.,-9.07651036618954));
#8363=CARTESIAN_POINT('Origin',(-17.8591311316575,2.,-42.4458942092435));
#8364=CARTESIAN_POINT('Origin',(0.,2.,0.));
#8365=CARTESIAN_POINT('Origin',(0.,2.,0.));
#8366=CARTESIAN_POINT('Origin',(-17.8591311316575,3.,-42.4458942092435));
#8367=CARTESIAN_POINT('',(4.19725619571332,3.,-9.07651036618955));
#8368=CARTESIAN_POINT('Origin',(0.,1.5,0.));
#8369=CARTESIAN_POINT('Origin',(0.,3.,0.));
#8370=CARTESIAN_POINT('Origin',(0.,-9.,0.));
#8371=CARTESIAN_POINT('',(-4.1,-1.5,-5.02105187650415E-16));
#8372=CARTESIAN_POINT('',(-4.1,-9.,5.02105187650415E-16));
#8373=CARTESIAN_POINT('Origin',(0.,-1.5,0.));
#8374=CARTESIAN_POINT('Origin',(0.,-1.5,0.));
#8375=CARTESIAN_POINT('',(-1.,-1.5,-1.22464679914736E-16));
#8376=CARTESIAN_POINT('Origin',(-8.31632781251592E-110,-1.5,2.69880267346702E-79));
#8377=CARTESIAN_POINT('Origin',(0.,-0.80398448916085,0.));
#8378=CARTESIAN_POINT('',(-6.05,-1.6079689783217,-7.40911313484149E-16));
#8379=CARTESIAN_POINT('Origin',(0.,-1.6079689783217,0.));
#8380=CARTESIAN_POINT('',(-6.05,-0.80398448916085,-7.40911313484149E-16));
#8381=CARTESIAN_POINT('Origin',(0.,-1.75597673374128,0.));
#8382=CARTESIAN_POINT('',(-5.75398448916085,-1.90398448916085,-7.04659868699436E-16));
#8383=CARTESIAN_POINT('',(-7.04659868699436E-16,-1.90398448916085,5.75398448916085));
#8384=CARTESIAN_POINT('Origin',(0.,-1.90398448916085,0.));
#8385=CARTESIAN_POINT('',(-5.90199224458043,-1.75597673374128,-7.22785591091792E-16));
#8386=CARTESIAN_POINT('Origin',(0.,-1.90398448916085,0.));
#8387=CARTESIAN_POINT('Origin',(0.,-3.,0.));
#8388=CARTESIAN_POINT('',(-7.04659868699436E-16,-4.09601551083915,5.75398448916085));
#8389=CARTESIAN_POINT('Origin',(-8.38883057415937E-16,-3.,6.85));
#8390=CARTESIAN_POINT('',(-5.75398448916085,-4.09601551083915,-7.04659868699436E-16));
#8391=CARTESIAN_POINT('Origin',(0.,-4.09601551083915,0.));
#8392=CARTESIAN_POINT('Origin',(0.,-4.09601551083915,0.));
#8393=CARTESIAN_POINT('Origin',(0.,-4.24402326625873,0.));
#8394=CARTESIAN_POINT('',(-6.05,-4.3920310216783,-7.40911313484149E-16));
#8395=CARTESIAN_POINT('Origin',(0.,-4.3920310216783,0.));
#8396=CARTESIAN_POINT('',(-5.90199224458043,-4.24402326625873,-7.22785591091792E-16));
#8397=CARTESIAN_POINT('Origin',(0.,-5.19601551083915,0.));
#8398=CARTESIAN_POINT('',(-6.05,-5.19601551083915,-7.40911313484149E-16));
#8399=CARTESIAN_POINT('Origin',(-8.31632781251592E-110,2.46519032881566E-32,
2.69880267346702E-79));
#8400=CARTESIAN_POINT('',(2.5,1.3684555315672E-47,9.43689570931399E-17));
#8401=CARTESIAN_POINT('',(2.32106760039857,-7.59230187799055E-33,-0.367620992844543));
#8402=CARTESIAN_POINT('Ctrl Pts',(2.5,-2.18952885050753E-48,-5.99520433297583E-16));
#8403=CARTESIAN_POINT('Ctrl Pts',(2.5,-9.82619380491158E-34,-0.0609928797711647));
#8404=CARTESIAN_POINT('Ctrl Pts',(2.48279804404058,-1.76653732674645E-33,
-0.119366410053279));
#8405=CARTESIAN_POINT('Ctrl Pts',(2.45698615340314,-2.43068707635215E-33,
-0.163322822278405));
#8406=CARTESIAN_POINT('Ctrl Pts',(2.39085642429951,-4.13223012263902E-33,
-0.275938580404922));
#8407=CARTESIAN_POINT('Ctrl Pts',(2.33308467604196,-5.17605746920762E-33,
-0.291748163299148));
#8408=CARTESIAN_POINT('Ctrl Pts',(2.32106760039857,-7.59230187799055E-33,
-0.367620992844543));
#8409=CARTESIAN_POINT('',(2.37764129073788,-1.5997499825429E-32,-0.772542485937369));
#8410=CARTESIAN_POINT('Ctrl Pts',(2.32106760039857,-7.59230187799055E-33,
-0.367620992844543));
#8411=CARTESIAN_POINT('Ctrl Pts',(2.31622713573377,-8.56556243066777E-33,
-0.398182483953687));
#8412=CARTESIAN_POINT('Ctrl Pts',(2.3187931784689,-9.41347290881779E-33,
-0.417662070664581));
#8413=CARTESIAN_POINT('Ctrl Pts',(2.32656506056165,-1.01889916676559E-32,
-0.442532570760218));
#8414=CARTESIAN_POINT('Ctrl Pts',(2.34561901976264,-1.20902946743344E-32,
-0.50350641061972));
#8415=CARTESIAN_POINT('Ctrl Pts',(2.42532672227903,-1.36331275112242E-32,
-0.625781818320089));
#8416=CARTESIAN_POINT('Ctrl Pts',(2.37764129073788,-1.5997499825429E-32,
-0.772542485937369));
#8417=CARTESIAN_POINT('',(2.09386533184266,-2.20337182274762E-32,-1.06687767438794));
#8418=CARTESIAN_POINT('Ctrl Pts',(2.37764129073788,-1.5997499825429E-32,
-0.77254248593737));
#8419=CARTESIAN_POINT('Ctrl Pts',(2.35879345435273,-1.69320263902829E-32,
-0.830550161691334));
#8420=CARTESIAN_POINT('Ctrl Pts',(2.32439500916568,-1.76031523359737E-32,
-0.880750991317326));
#8421=CARTESIAN_POINT('Ctrl Pts',(2.28626316398773,-1.81142799369794E-32,
-0.914579710733076));
#8422=CARTESIAN_POINT('Ctrl Pts',(2.18856987110737,-1.94237822228316E-32,
-1.00124845121042));
#8423=CARTESIAN_POINT('Ctrl Pts',(2.12874024368096,-1.98539926563896E-32,
-0.998431806035525));
#8424=CARTESIAN_POINT('Ctrl Pts',(2.09386533184266,-2.20337182274762E-32,
-1.06687767438794));
#8425=CARTESIAN_POINT('',(2.02254248593737,-3.04290529068096E-32,-1.46946313073118));
#8426=CARTESIAN_POINT('Ctrl Pts',(2.09386533184266,-2.20337182274762E-32,
-1.06687767438794));
#8427=CARTESIAN_POINT('Ctrl Pts',(2.07981775625514,-2.29117092561525E-32,
-1.09444759381289));
#8428=CARTESIAN_POINT('Ctrl Pts',(2.07623868458241,-2.37496444623608E-32,
-1.11376673250246));
#8429=CARTESIAN_POINT('Ctrl Pts',(2.07594477650244,-2.45620953426482E-32,
-1.13982162732688));
#8430=CARTESIAN_POINT('Ctrl Pts',(2.07522421583288,-2.65539431011514E-32,
-1.20369919225204));
#8431=CARTESIAN_POINT('Ctrl Pts',(2.11324556673647,-2.84177976864862E-32,
-1.34462105018826));
#8432=CARTESIAN_POINT('Ctrl Pts',(2.02254248593737,-3.04290529068096E-32,
-1.46946313073118));
#8433=CARTESIAN_POINT('',(1.66170093578839,-3.43183207189146E-32,-1.66170093578839));
#8434=CARTESIAN_POINT('Ctrl Pts',(2.02254248593737,-3.04290529068096E-32,
-1.46946313073118));
#8435=CARTESIAN_POINT('Ctrl Pts',(1.98669177071303,-3.1224008684629E-32,
-1.51880740700192));
#8436=CARTESIAN_POINT('Ctrl Pts',(1.93846399578133,-3.17166481461818E-32,
-1.55592152899826));
#8437=CARTESIAN_POINT('Ctrl Pts',(1.89174480674906,-3.20247208677658E-32,
-1.57631116484967));
#8438=CARTESIAN_POINT('Ctrl Pts',(1.77205085026827,-3.28139991856047E-32,
-1.62854914750327));
#8439=CARTESIAN_POINT('Ctrl Pts',(1.71601988446306,-3.25884807114634E-32,
-1.60738198711371));
#8440=CARTESIAN_POINT('Ctrl Pts',(1.66170093578839,-3.43183207189146E-32,
-1.66170093578839));
#8441=CARTESIAN_POINT('',(1.46946313073118,-2.37782417428102E-16,-2.02254248593737));
#8442=CARTESIAN_POINT('Ctrl Pts',(1.66170093578839,-1.94840112652986E-16,
-1.66170093578839));
#8443=CARTESIAN_POINT('Ctrl Pts',(1.63982132385186,-1.98796023903763E-16,
-1.68358054772491));
#8444=CARTESIAN_POINT('Ctrl Pts',(1.63044748224346,-2.03031034407964E-16,
-1.70084814649389));
#8445=CARTESIAN_POINT('Ctrl Pts',(1.62211655376142,-2.07401835874209E-16,
-1.72553700140654));
#8446=CARTESIAN_POINT('Ctrl Pts',(1.60169200672009,-2.18117525049565E-16,
-1.7860655102813));
#8447=CARTESIAN_POINT('Ctrl Pts',(1.5943052112741,-2.29486191539268E-16,
-1.93183940513827));
#8448=CARTESIAN_POINT('Ctrl Pts',(1.46946313073118,-2.37782417428102E-16,
-2.02254248593737));
#8449=CARTESIAN_POINT('',(1.06687767438793,-2.45512864770006E-16,-2.09386533184266));
#8450=CARTESIAN_POINT('Ctrl Pts',(1.46946313073118,-2.37782417428102E-16,
-2.02254248593737));
#8451=CARTESIAN_POINT('Ctrl Pts',(1.42011885446045,-2.4106153021189E-16,
-2.0583932011617));
#8452=CARTESIAN_POINT('Ctrl Pts',(1.36278262041705,-2.42571331070446E-16,
-2.07878762667811));
#8453=CARTESIAN_POINT('Ctrl Pts',(1.31204928726471,-2.4299635275374E-16,
-2.08374229934509));
#8454=CARTESIAN_POINT('Ctrl Pts',(1.1820711456007,-2.44085252794971E-16,
-2.09643610646937));
#8455=CARTESIAN_POINT('Ctrl Pts',(1.13532354274035,-2.39207357318081E-16,
-2.05899042000437));
#8456=CARTESIAN_POINT('Ctrl Pts',(1.06687767438793,-2.45512864770006E-16,
-2.09386533184266));
#8457=CARTESIAN_POINT('',(0.772542485937369,-2.79529996437382E-16,-2.37764129073788));
#8458=CARTESIAN_POINT('Ctrl Pts',(1.06687767438794,-2.45512864770006E-16,
-2.09386533184266));
#8459=CARTESIAN_POINT('Ctrl Pts',(1.03930775496297,-2.48052716138215E-16,
-2.1079129074302));
#8460=CARTESIAN_POINT('Ctrl Pts',(1.02505672034691,-2.51350860252594E-16,
-2.12143869340063));
#8461=CARTESIAN_POINT('Ctrl Pts',(1.0095042607876,-2.55051979787045E-16,
-2.14234479126532));
#8462=CARTESIAN_POINT('Ctrl Pts',(0.971375024345101,-2.64125841145943E-16,
-2.19359929191412));
#8463=CARTESIAN_POINT('Ctrl Pts',(0.919303153554611,-2.75168412374455E-16,
-2.32995585919675));
#8464=CARTESIAN_POINT('Ctrl Pts',(0.772542485937369,-2.79529996437382E-16,
-2.37764129073788));
#8465=CARTESIAN_POINT('',(0.367620992844542,-2.72153107094624E-16,-2.32106760039857));
#8466=CARTESIAN_POINT('Ctrl Pts',(0.772542485937368,-2.79529996437382E-16,
-2.37764129073788));
#8467=CARTESIAN_POINT('Ctrl Pts',(0.714534810183396,-2.81253928047968E-16,
-2.39648912712304));
#8468=CARTESIAN_POINT('Ctrl Pts',(0.653702587101489,-2.81328810304272E-16,
-2.39816750769365));
#8469=CARTESIAN_POINT('Ctrl Pts',(0.603921241957912,-2.80388186039759E-16,
-2.38720221929432));
#8470=CARTESIAN_POINT('Ctrl Pts',(0.476382081227744,-2.77978318871399E-16,
-2.359109292605));
#8471=CARTESIAN_POINT('Ctrl Pts',(0.443493822389939,-2.69980377300466E-16,
-2.30905052475519));
#8472=CARTESIAN_POINT('Ctrl Pts',(0.367620992844542,-2.72153107094624E-16,
-2.32106760039857));
#8473=CARTESIAN_POINT('',(-6.6613381477509E-17,-2.93915231795365E-16,-2.5));
#8474=CARTESIAN_POINT('Ctrl Pts',(0.367620992844542,-2.72153107094624E-16,
-2.32106760039857));
#8475=CARTESIAN_POINT('Ctrl Pts',(0.337059501735389,-2.73028280232157E-16,
-2.32590806506338));
#8476=CARTESIAN_POINT('Ctrl Pts',(0.319326264672712,-2.75066712631276E-16,
-2.33436804006478));
#8477=CARTESIAN_POINT('Ctrl Pts',(0.298074657138157,-2.7773585886668E-16,
-2.34944494636114));
#8478=CARTESIAN_POINT('Ctrl Pts',(0.245973086619453,-2.84279679638004E-16,
-2.38640829114937));
#8479=CARTESIAN_POINT('Ctrl Pts',(0.154313298003535,-2.93915231795365E-16,
-2.5));
#8480=CARTESIAN_POINT('Ctrl Pts',(-6.6613381477509E-17,-2.93915231795365E-16,
-2.5));
#8481=CARTESIAN_POINT('',(-0.367620992844545,-2.72153107094624E-16,-2.32106760039857));
#8482=CARTESIAN_POINT('Ctrl Pts',(-7.60502771868232E-16,-2.93915231795365E-16,
-2.5));
#8483=CARTESIAN_POINT('Ctrl Pts',(-0.0609928797711725,-2.93915231795365E-16,
-2.5));
#8484=CARTESIAN_POINT('Ctrl Pts',(-0.1193664100533,-2.92547865452435E-16,
-2.48279804404057));
#8485=CARTESIAN_POINT('Ctrl Pts',(-0.163322822278421,-2.90333670096841E-16,
-2.45698615340313));
#8486=CARTESIAN_POINT('Ctrl Pts',(-0.275938580404905,-2.8466093030786E-16,
-2.39085642429951));
#8487=CARTESIAN_POINT('Ctrl Pts',(-0.291748163299144,-2.74325836888783E-16,
-2.33308467604196));
#8488=CARTESIAN_POINT('Ctrl Pts',(-0.367620992844545,-2.72153107094624E-16,
-2.32106760039857));
#8489=CARTESIAN_POINT('',(-0.772542485937369,-2.79529996437382E-16,-2.37764129073788));
#8490=CARTESIAN_POINT('Ctrl Pts',(-0.367620992844542,-2.72153107094624E-16,
-2.32106760039857));
#8491=CARTESIAN_POINT('Ctrl Pts',(-0.398182483953693,-2.71277933957091E-16,
-2.31622713573377));
#8492=CARTESIAN_POINT('Ctrl Pts',(-0.4176620706646,-2.7185711867513E-16,
-2.3187931784689));
#8493=CARTESIAN_POINT('Ctrl Pts',(-0.442532570760233,-2.73233016980932E-16,
-2.32656506056166));
#8494=CARTESIAN_POINT('Ctrl Pts',(-0.503506410619709,-2.76606242394103E-16,
-2.34561901976264));
#8495=CARTESIAN_POINT('Ctrl Pts',(-0.625781818320101,-2.8389158050031E-16,
-2.42532672227903));
#8496=CARTESIAN_POINT('Ctrl Pts',(-0.772542485937369,-2.79529996437382E-16,
-2.37764129073788));
#8497=CARTESIAN_POINT('',(-1.06687767438793,-2.45512864770006E-16,-2.09386533184267));
#8498=CARTESIAN_POINT('Ctrl Pts',(-0.772542485937369,-2.79529996437382E-16,
-2.37764129073788));
#8499=CARTESIAN_POINT('Ctrl Pts',(-0.830550161691339,-2.77806064826797E-16,
-2.35879345435273));
#8500=CARTESIAN_POINT('Ctrl Pts',(-0.880750991317341,-2.7513029722928E-16,
-2.32439500916567));
#8501=CARTESIAN_POINT('Ctrl Pts',(-0.914579710733089,-2.71859271651219E-16,
-2.28626316398771));
#8502=CARTESIAN_POINT('Ctrl Pts',(-1.00124845121041,-2.63478946536466E-16,
-2.18856987110736));
#8503=CARTESIAN_POINT('Ctrl Pts',(-0.998431806035538,-2.5181837222193E-16,
-2.12874024368095));
#8504=CARTESIAN_POINT('Ctrl Pts',(-1.06687767438793,-2.45512864770006E-16,
-2.09386533184267));
#8505=CARTESIAN_POINT('',(-1.46946313073118,-2.37782417428102E-16,-2.02254248593737));
#8506=CARTESIAN_POINT('Ctrl Pts',(-1.06687767438793,-2.45512864770006E-16,
-2.09386533184266));
#8507=CARTESIAN_POINT('Ctrl Pts',(-1.09444759381289,-2.42973013401798E-16,
-2.07981775625514));
#8508=CARTESIAN_POINT('Ctrl Pts',(-1.11376673250247,-2.42036255803139E-16,
-2.07623868458241));
#8509=CARTESIAN_POINT('Ctrl Pts',(-1.1398216273269,-2.4198422366672E-16,
-2.07594477650244));
#8510=CARTESIAN_POINT('Ctrl Pts',(-1.20369919225206,-2.41856658915655E-16,
-2.07522421583289));
#8511=CARTESIAN_POINT('Ctrl Pts',(-1.34462105018827,-2.46078643316936E-16,
-2.11324556673646));
#8512=CARTESIAN_POINT('Ctrl Pts',(-1.46946313073118,-2.37782417428102E-16,
-2.02254248593737));
#8513=CARTESIAN_POINT('',(-1.66170093578839,-1.94840112652986E-16,-1.66170093578839));
#8514=CARTESIAN_POINT('Ctrl Pts',(-1.46946313073118,-2.37782417428102E-16,
-2.02254248593737));
#8515=CARTESIAN_POINT('Ctrl Pts',(-1.51880740700192,-2.34503304644313E-16,
-1.98669177071303));
#8516=CARTESIAN_POINT('Ctrl Pts',(-1.55592152899828,-2.30781058567823E-16,
-1.9384639957813));
#8517=CARTESIAN_POINT('Ctrl Pts',(-1.57631116484968,-2.26773393541449E-16,
-1.89174480674904));
#8518=CARTESIAN_POINT('Ctrl Pts',(-1.62854914750325,-2.16505807712315E-16,
-1.77205085026829));
#8519=CARTESIAN_POINT('Ctrl Pts',(-1.60738198711371,-2.04661170760228E-16,
-1.71601988446306));
#8520=CARTESIAN_POINT('Ctrl Pts',(-1.66170093578839,-1.94840112652986E-16,
-1.66170093578839));
#8521=CARTESIAN_POINT('',(-2.02254248593737,-1.72759038673439E-16,-1.46946313073118));
#8522=CARTESIAN_POINT('Ctrl Pts',(-1.66170093578839,-1.94840112652986E-16,
-1.66170093578839));
#8523=CARTESIAN_POINT('Ctrl Pts',(-1.6835805477249,-1.9088420140221E-16,
-1.63982132385187));
#8524=CARTESIAN_POINT('Ctrl Pts',(-1.70084814649388,-1.88523197847384E-16,
-1.63044748224346));
#8525=CARTESIAN_POINT('Ctrl Pts',(-1.72553700140652,-1.87048328536786E-16,
-1.62211655376143));
#8526=CARTESIAN_POINT('Ctrl Pts',(-1.78606551028128,-1.83432460548112E-16,
-1.60169200672009));
#8527=CARTESIAN_POINT('Ctrl Pts',(-1.93183940513826,-1.84177813994977E-16,
-1.59430521127411));
#8528=CARTESIAN_POINT('Ctrl Pts',(-2.02254248593737,-1.72759038673439E-16,
-1.46946313073118));
#8529=CARTESIAN_POINT('',(-2.09386533184267,-1.25095052778602E-16,-1.06687767438793));
#8530=CARTESIAN_POINT('Ctrl Pts',(-2.02254248593737,-1.72759038673439E-16,
-1.46946313073118));
#8531=CARTESIAN_POINT('Ctrl Pts',(-2.05839320116171,-1.68245727122645E-16,
-1.42011885446043));
#8532=CARTESIAN_POINT('Ctrl Pts',(-2.07878762667813,-1.63841361947563E-16,
-1.36278262041701));
#8533=CARTESIAN_POINT('Ctrl Pts',(-2.0837422993451,-1.59489355648701E-16,
-1.31204928726464));
#8534=CARTESIAN_POINT('Ctrl Pts',(-2.09643610646936,-1.48339571944619E-16,
-1.18207114560066));
#8535=CARTESIAN_POINT('Ctrl Pts',(-2.05899042000437,-1.37470307946289E-16,
-1.13532354274034));
#8536=CARTESIAN_POINT('Ctrl Pts',(-2.09386533184267,-1.25095052778602E-16,
-1.06687767438793));
#8537=CARTESIAN_POINT('',(-2.37764129073788,-9.08248015304196E-17,-0.772542485937368));
#8538=CARTESIAN_POINT('Ctrl Pts',(-2.09386533184266,-1.25095052778602E-16,
-1.06687767438794));
#8539=CARTESIAN_POINT('Ctrl Pts',(-2.10791290743019,-1.20110313800936E-16,
-1.03930775496297));
#8540=CARTESIAN_POINT('Ctrl Pts',(-2.12143869340062,-1.16556175767967E-16,
-1.02505672034693));
#8541=CARTESIAN_POINT('Ctrl Pts',(-2.1423447912653,-1.1380283976733E-16,
-1.00950426078762));
#8542=CARTESIAN_POINT('Ctrl Pts',(-2.19359929191411,-1.07052614893016E-16,
-0.971375024345103));
#8543=CARTESIAN_POINT('Ctrl Pts',(-2.32995585919674,-1.04248376996899E-16,
-0.919303153554628));
#8544=CARTESIAN_POINT('Ctrl Pts',(-2.37764129073788,-9.08248015304196E-17,
-0.772542485937368));
#8545=CARTESIAN_POINT('',(-2.32106760039857,-4.31048175497656E-17,-0.367620992844542));
#8546=CARTESIAN_POINT('Ctrl Pts',(-2.37764129073788,-9.08248015304196E-17,
-0.772542485937368));
#8547=CARTESIAN_POINT('Ctrl Pts',(-2.39648912712304,-8.55190855933048E-17,
-0.714534810183396));
#8548=CARTESIAN_POINT('Ctrl Pts',(-2.39816750769365,-8.08637312699844E-17,
-0.653702587101503));
#8549=CARTESIAN_POINT('Ctrl Pts',(-2.38720221929432,-7.65933883973794E-17,
-0.603921241957916));
#8550=CARTESIAN_POINT('Ctrl Pts',(-2.359109292605,-6.56528253324143E-17,
-0.47638208122772));
#8551=CARTESIAN_POINT('Ctrl Pts',(-2.30905052475519,-5.68228935786124E-17,
-0.443493822389939));
#8552=CARTESIAN_POINT('Ctrl Pts',(-2.32106760039857,-4.31048175497656E-17,
-0.367620992844542));
#8553=CARTESIAN_POINT('',(-2.5,-5.17321571574901E-33,5.07486229170555E-16));
#8554=CARTESIAN_POINT('Ctrl Pts',(-2.32106760039857,-4.31048175497656E-17,
-0.367620992844542));
#8555=CARTESIAN_POINT('Ctrl Pts',(-2.32590806506338,-3.75791918270623E-17,
-0.337059501735387));
#8556=CARTESIAN_POINT('Ctrl Pts',(-2.33436804006479,-3.31798231097542E-17,
-0.319326264672693));
#8557=CARTESIAN_POINT('Ctrl Pts',(-2.34944494636115,-2.94175361304399E-17,
-0.298074657138152));
#8558=CARTESIAN_POINT('Ctrl Pts',(-2.38640829114935,-2.01937134127652E-17,
-0.245973086619483));
#8559=CARTESIAN_POINT('Ctrl Pts',(-2.5,-1.41143825172142E-17,-0.154313298003531));
#8560=CARTESIAN_POINT('Ctrl Pts',(-2.5,-5.17321571574901E-33,5.07486229170555E-16));
#8561=CARTESIAN_POINT('',(-2.32106760039857,4.31048175497656E-17,0.367620992844544));
#8562=CARTESIAN_POINT('Ctrl Pts',(-2.5,8.81698578076868E-33,6.21724893790086E-16));
#8563=CARTESIAN_POINT('Ctrl Pts',(-2.5,5.57875988041579E-18,0.0609928797711705));
#8564=CARTESIAN_POINT('Ctrl Pts',(-2.48279804404057,1.0029404835048E-17,
0.119366410053306));
#8565=CARTESIAN_POINT('Ctrl Pts',(-2.45698615340313,1.38000733677981E-17,
0.163322822278419));
#8566=CARTESIAN_POINT('Ctrl Pts',(-2.39085642429952,2.34604772534608E-17,
0.275938580404887));
#8567=CARTESIAN_POINT('Ctrl Pts',(-2.33308467604196,2.93867415209195E-17,
0.291748163299143));
#8568=CARTESIAN_POINT('Ctrl Pts',(-2.32106760039857,4.31048175497656E-17,
0.367620992844544));
#8569=CARTESIAN_POINT('',(-2.37764129073788,9.08248015304196E-17,0.772542485937369));
#8570=CARTESIAN_POINT('Ctrl Pts',(-2.32106760039857,4.31048175497657E-17,
0.367620992844542));
#8571=CARTESIAN_POINT('Ctrl Pts',(-2.31622713573377,4.86304432724687E-17,
0.398182483953699));
#8572=CARTESIAN_POINT('Ctrl Pts',(-2.31879317846891,5.34444018118618E-17,
0.417662070664612));
#8573=CARTESIAN_POINT('Ctrl Pts',(-2.32656506056166,5.78473609069227E-17,
0.442532570760248));
#8574=CARTESIAN_POINT('Ctrl Pts',(-2.34561901976264,6.86418894342015E-17,
0.503506410619714));
#8575=CARTESIAN_POINT('Ctrl Pts',(-2.42532672227902,7.74012260639405E-17,
0.625781818320111));
#8576=CARTESIAN_POINT('Ctrl Pts',(-2.37764129073788,9.08248015304196E-17,
0.772542485937369));
#8577=CARTESIAN_POINT('',(-2.09386533184267,1.25095052778602E-16,1.06687767438793));
#8578=CARTESIAN_POINT('Ctrl Pts',(-2.37764129073788,9.08248015304196E-17,
0.772542485937369));
#8579=CARTESIAN_POINT('Ctrl Pts',(-2.35879345435273,9.61305174675344E-17,
0.830550161691339));
#8580=CARTESIAN_POINT('Ctrl Pts',(-2.32439500916567,9.99407929158516E-17,
0.880750991317341));
#8581=CARTESIAN_POINT('Ctrl Pts',(-2.28626316398771,1.02842687800968E-16,
0.914579710733089));
#8582=CARTESIAN_POINT('Ctrl Pts',(-2.18856987110736,1.10277304867009E-16,
1.00124845121041));
#8583=CARTESIAN_POINT('Ctrl Pts',(-2.12874024368095,1.12719797610915E-16,
0.998431806035538));
#8584=CARTESIAN_POINT('Ctrl Pts',(-2.09386533184267,1.25095052778602E-16,
1.06687767438793));
#8585=CARTESIAN_POINT('',(-2.02254248593737,1.72759038673439E-16,1.46946313073118));
#8586=CARTESIAN_POINT('Ctrl Pts',(-2.09386533184266,1.25095052778602E-16,
1.06687767438793));
#8587=CARTESIAN_POINT('Ctrl Pts',(-2.07981775625514,1.30079791756269E-16,
1.09444759381289));
#8588=CARTESIAN_POINT('Ctrl Pts',(-2.07623868458241,1.34837116315089E-16,
1.11376673250247));
#8589=CARTESIAN_POINT('Ctrl Pts',(-2.07594477650244,1.39449755212452E-16,
1.1398216273269));
#8590=CARTESIAN_POINT('Ctrl Pts',(-2.07522421583289,1.50758345887182E-16,
1.20369919225206));
#8591=CARTESIAN_POINT('Ctrl Pts',(-2.11324556673646,1.61340263351904E-16,
1.34462105018827));
#8592=CARTESIAN_POINT('Ctrl Pts',(-2.02254248593737,1.72759038673439E-16,
1.46946313073118));
#8593=CARTESIAN_POINT('',(-1.66170093578839,1.94840112652986E-16,1.66170093578839));
#8594=CARTESIAN_POINT('Ctrl Pts',(-2.02254248593737,1.72759038673439E-16,
1.46946313073118));
#8595=CARTESIAN_POINT('Ctrl Pts',(-1.98669177071303,1.77272350224232E-16,
1.51880740700192));
#8596=CARTESIAN_POINT('Ctrl Pts',(-1.9384639957813,1.80069279857604E-16,
1.55592152899828));
#8597=CARTESIAN_POINT('Ctrl Pts',(-1.89174480674903,1.81818343405041E-16,
1.57631116484968));
#8598=CARTESIAN_POINT('Ctrl Pts',(-1.77205085026829,1.86299421533013E-16,
1.62854914750325));
#8599=CARTESIAN_POINT('Ctrl Pts',(-1.71601988446306,1.85019054545744E-16,
1.60738198711371));
#8600=CARTESIAN_POINT('Ctrl Pts',(-1.66170093578839,1.94840112652986E-16,
1.66170093578839));
#8601=CARTESIAN_POINT('',(-1.46946313073118,4.18819982779935E-32,2.02254248593737));
#8602=CARTESIAN_POINT('Ctrl Pts',(-1.66170093578839,3.43183207189146E-32,
1.66170093578839));
#8603=CARTESIAN_POINT('Ctrl Pts',(-1.63982132385185,3.50150983443801E-32,
1.68358054772492));
#8604=CARTESIAN_POINT('Ctrl Pts',(-1.63044748224345,3.57610353424256E-32,
1.70084814649391));
#8605=CARTESIAN_POINT('Ctrl Pts',(-1.62211655376141,3.65308899913219E-32,
1.72553700140658));
#8606=CARTESIAN_POINT('Ctrl Pts',(-1.60169200672009,3.84183065650279E-32,
1.78606551028133));
#8607=CARTESIAN_POINT('Ctrl Pts',(-1.59430521127407,4.04207358257561E-32,
1.93183940513829));
#8608=CARTESIAN_POINT('Ctrl Pts',(-1.46946313073118,4.18819982779935E-32,
2.02254248593737));
#8609=CARTESIAN_POINT('',(-1.06687767438793,4.32436068685852E-32,2.09386533184266));
#8610=CARTESIAN_POINT('Ctrl Pts',(-1.46946313073118,4.18819982779936E-32,
2.02254248593737));
#8611=CARTESIAN_POINT('Ctrl Pts',(-1.42011885446044,4.2459567458463E-32,
2.05839320116171));
#8612=CARTESIAN_POINT('Ctrl Pts',(-1.36278262041702,4.27254974529601E-32,
2.07878762667812));
#8613=CARTESIAN_POINT('Ctrl Pts',(-1.31204928726467,4.28003589906647E-32,
2.0837422993451));
#8614=CARTESIAN_POINT('Ctrl Pts',(-1.1820711456007,4.29921532795148E-32,
2.09643610646936));
#8615=CARTESIAN_POINT('Ctrl Pts',(-1.13532354274034,4.21329812172028E-32,
2.05899042000437));
#8616=CARTESIAN_POINT('Ctrl Pts',(-1.06687767438793,4.32436068685852E-32,
2.09386533184266));
#8617=CARTESIAN_POINT('',(-0.772542485937369,4.92352418486867E-32,2.37764129073788));
#8618=CARTESIAN_POINT('Ctrl Pts',(-1.06687767438793,4.32436068685852E-32,
2.09386533184267));
#8619=CARTESIAN_POINT('Ctrl Pts',(-1.03930775496298,4.36909656421235E-32,
2.10791290743019));
#8620=CARTESIAN_POINT('Ctrl Pts',(-1.02505672034693,4.42718869213881E-32,
2.12143869340061));
#8621=CARTESIAN_POINT('Ctrl Pts',(-1.00950426078763,4.4923786601966E-32,
2.1423447912653));
#8622=CARTESIAN_POINT('Ctrl Pts',(-0.971375024345101,4.65220185062365E-32,
2.1935992919141));
#8623=CARTESIAN_POINT('Ctrl Pts',(-0.919303153554632,4.84670107145739E-32,
2.32995585919674));
#8624=CARTESIAN_POINT('Ctrl Pts',(-0.772542485937369,4.92352418486867E-32,
2.37764129073788));
#8625=CARTESIAN_POINT('',(-0.367620992844541,4.7935907482033E-32,2.32106760039857));
#8626=CARTESIAN_POINT('Ctrl Pts',(-0.772542485937369,4.92352418486867E-32,
2.37764129073788));
#8627=CARTESIAN_POINT('Ctrl Pts',(-0.714534810183396,4.95388879362607E-32,
2.39648912712304));
#8628=CARTESIAN_POINT('Ctrl Pts',(-0.653702587101487,4.95520773829974E-32,
2.39816750769365));
#8629=CARTESIAN_POINT('Ctrl Pts',(-0.60392124195791,4.93863997679211E-32,
2.38720221929432));
#8630=CARTESIAN_POINT('Ctrl Pts',(-0.476382081227744,4.89619358664806E-32,
2.359109292605));
#8631=CARTESIAN_POINT('Ctrl Pts',(-0.443493822389944,4.75532119636607E-32,
2.30905052475519));
#8632=CARTESIAN_POINT('Ctrl Pts',(-0.367620992844541,4.7935907482033E-32,
2.32106760039857));
#8633=CARTESIAN_POINT('',(4.44089209850056E-17,5.17689969051292E-32,2.5));
#8634=CARTESIAN_POINT('Ctrl Pts',(-0.367620992844544,4.7935907482033E-32,
2.32106760039857));
#8635=CARTESIAN_POINT('Ctrl Pts',(-0.337059501735375,4.80900568099589E-32,
2.32590806506338));
#8636=CARTESIAN_POINT('Ctrl Pts',(-0.319326264672688,4.84490977481121E-32,
2.33436804006479));
#8637=CARTESIAN_POINT('Ctrl Pts',(-0.298074657138133,4.89192299775852E-32,
2.34944494636116));
#8638=CARTESIAN_POINT('Ctrl Pts',(-0.245973086619456,5.00718311380934E-32,
2.38640829114938));
#8639=CARTESIAN_POINT('Ctrl Pts',(-0.154313298003512,5.17689969051292E-32,
2.5));
#8640=CARTESIAN_POINT('Ctrl Pts',(4.44089209850056E-17,5.17689969051292E-32,
2.5));
#8641=CARTESIAN_POINT('',(0.367620992844542,4.7935907482033E-32,2.32106760039857));
#8642=CARTESIAN_POINT('Ctrl Pts',(1.58647585604537E-16,5.17689969051292E-32,
2.5));
#8643=CARTESIAN_POINT('Ctrl Pts',(0.0609928797711633,5.17689969051292E-32,
2.5));
#8644=CARTESIAN_POINT('Ctrl Pts',(0.119366410053272,5.15281547291626E-32,
2.48279804404058));
#8645=CARTESIAN_POINT('Ctrl Pts',(0.163322822278399,5.1138155640613E-32,
2.45698615340314));
#8646=CARTESIAN_POINT('Ctrl Pts',(0.275938580404922,5.01389830329688E-32,
2.39085642429952));
#8647=CARTESIAN_POINT('Ctrl Pts',(0.291748163299148,4.83186030004054E-32,
2.33308467604196));
#8648=CARTESIAN_POINT('Ctrl Pts',(0.367620992844542,4.7935907482033E-32,
2.32106760039857));
#8649=CARTESIAN_POINT('',(0.772542485937369,4.92352418486867E-32,2.37764129073788));
#8650=CARTESIAN_POINT('Ctrl Pts',(0.367620992844543,4.7935907482033E-32,
2.32106760039857));
#8651=CARTESIAN_POINT('Ctrl Pts',(0.398182483953686,4.77817581541073E-32,
2.31622713573377));
#8652=CARTESIAN_POINT('Ctrl Pts',(0.417662070664567,4.78837733225369E-32,
2.31879317846889));
#8653=CARTESIAN_POINT('Ctrl Pts',(0.442532570760215,4.81261182826796E-32,
2.32656506056165));
#8654=CARTESIAN_POINT('Ctrl Pts',(0.503506410619742,4.87202640671905E-32,
2.34561901976265));
#8655=CARTESIAN_POINT('Ctrl Pts',(0.625781818320089,5.00034729827996E-32,
2.42532672227903));
#8656=CARTESIAN_POINT('Ctrl Pts',(0.772542485937369,4.92352418486867E-32,
2.37764129073788));
#8657=CARTESIAN_POINT('',(1.06687767438794,4.32436068685852E-32,2.09386533184266));
#8658=CARTESIAN_POINT('Ctrl Pts',(0.772542485937369,4.92352418486867E-32,
2.37764129073788));
#8659=CARTESIAN_POINT('Ctrl Pts',(0.83055016169134,4.89315957611128E-32,
2.35879345435273));
#8660=CARTESIAN_POINT('Ctrl Pts',(0.880750991317338,4.84602972726727E-32,
2.32439500916568));
#8661=CARTESIAN_POINT('Ctrl Pts',(0.914579710733087,4.78841525387204E-32,
2.28626316398772));
#8662=CARTESIAN_POINT('Ctrl Pts',(1.00124845121042,4.64080772013537E-32,
2.18856987110736));
#8663=CARTESIAN_POINT('Ctrl Pts',(0.998431806035528,4.43542325199676E-32,
2.12874024368096));
#8664=CARTESIAN_POINT('Ctrl Pts',(1.06687767438794,4.32436068685852E-32,
2.09386533184266));
#8665=CARTESIAN_POINT('',(1.46946313073118,4.18819982779936E-32,2.02254248593737));
#8666=CARTESIAN_POINT('Ctrl Pts',(1.06687767438793,4.32436068685852E-32,
2.09386533184266));
#8667=CARTESIAN_POINT('Ctrl Pts',(1.09444759381289,4.27962480950468E-32,
2.07981775625514));
#8668=CARTESIAN_POINT('Ctrl Pts',(1.11376673250246,4.26312515382858E-32,
2.07623868458241));
#8669=CARTESIAN_POINT('Ctrl Pts',(1.13982162732688,4.26220868158834E-32,
2.07594477650244));
#8670=CARTESIAN_POINT('Ctrl Pts',(1.20369919225205,4.25996180953519E-32,
2.07522421583288));
#8671=CARTESIAN_POINT('Ctrl Pts',(1.34462105018826,4.33432607302313E-32,
2.11324556673647));
#8672=CARTESIAN_POINT('Ctrl Pts',(1.46946313073118,4.18819982779936E-32,
2.02254248593737));
#8673=CARTESIAN_POINT('',(1.66170093578839,3.43183207189146E-32,1.66170093578839));
#8674=CARTESIAN_POINT('Ctrl Pts',(1.46946313073118,4.18819982779936E-32,
2.02254248593737));
#8675=CARTESIAN_POINT('Ctrl Pts',(1.51880740700191,4.13044290975242E-32,
1.98669177071304));
#8676=CARTESIAN_POINT('Ctrl Pts',(1.55592152899827,4.06488082763888E-32,
1.93846399578131));
#8677=CARTESIAN_POINT('Ctrl Pts',(1.57631116484967,3.99429149578296E-32,
1.89174480674906));
#8678=CARTESIAN_POINT('Ctrl Pts',(1.62854914750325,3.81344254291832E-32,
1.7720508502683));
#8679=CARTESIAN_POINT('Ctrl Pts',(1.60738198711371,3.60481607263658E-32,
1.71601988446306));
#8680=CARTESIAN_POINT('Ctrl Pts',(1.66170093578839,3.43183207189146E-32,
1.66170093578839));
#8681=CARTESIAN_POINT('',(2.02254248593737,3.04290529068096E-32,1.46946313073118));
#8682=CARTESIAN_POINT('Ctrl Pts',(1.66170093578839,3.43183207189146E-32,
1.66170093578839));
#8683=CARTESIAN_POINT('Ctrl Pts',(1.68358054772491,3.36215430934494E-32,
1.63982132385186));
#8684=CARTESIAN_POINT('Ctrl Pts',(1.70084814649389,3.32056858240721E-32,
1.63044748224346));
#8685=CARTESIAN_POINT('Ctrl Pts',(1.72553700140654,3.29459085260075E-32,
1.62211655376142));
#8686=CARTESIAN_POINT('Ctrl Pts',(1.7860655102813,3.23090246953482E-32,
1.60169200672009));
#8687=CARTESIAN_POINT('Ctrl Pts',(1.93183940513827,3.2440308127133E-32,
1.59430521127409));
#8688=CARTESIAN_POINT('Ctrl Pts',(2.02254248593737,3.04290529068096E-32,
1.46946313073118));
#8689=CARTESIAN_POINT('',(2.09386533184266,2.20337182274762E-32,1.06687767438793));
#8690=CARTESIAN_POINT('Ctrl Pts',(2.02254248593737,3.04290529068096E-32,
1.46946313073118));
#8691=CARTESIAN_POINT('Ctrl Pts',(2.05839320116171,2.96340971289901E-32,
1.42011885446044));
#8692=CARTESIAN_POINT('Ctrl Pts',(2.07878762667812,2.88583307091108E-32,
1.36278262041702));
#8693=CARTESIAN_POINT('Ctrl Pts',(2.0837422993451,2.8091786562213E-32,1.31204928726467));
#8694=CARTESIAN_POINT('Ctrl Pts',(2.09643610646936,2.61279103978385E-32,
1.1820711456007));
#8695=CARTESIAN_POINT('Ctrl Pts',(2.05899042000437,2.42134437985628E-32,
1.13532354274034));
#8696=CARTESIAN_POINT('Ctrl Pts',(2.09386533184266,2.20337182274762E-32,
1.06687767438793));
#8697=CARTESIAN_POINT('',(2.37764129073788,1.5997499825429E-32,0.772542485937369));
#8698=CARTESIAN_POINT('Ctrl Pts',(2.09386533184267,2.20337182274762E-32,
1.06687767438793));
#8699=CARTESIAN_POINT('Ctrl Pts',(2.10791290743019,2.11557271987999E-32,
1.03930775496298));
#8700=CARTESIAN_POINT('Ctrl Pts',(2.12143869340061,2.05297162237809E-32,
1.02505672034693));
#8701=CARTESIAN_POINT('Ctrl Pts',(2.1423447912653,2.00447551619636E-32,
1.00950426078763));
#8702=CARTESIAN_POINT('Ctrl Pts',(2.1935992919141,1.88557988479519E-32,
0.971375024345101));
#8703=CARTESIAN_POINT('Ctrl Pts',(2.32995585919674,1.83618721396335E-32,
0.919303153554632));
#8704=CARTESIAN_POINT('Ctrl Pts',(2.37764129073788,1.5997499825429E-32,
0.772542485937369));
#8705=CARTESIAN_POINT('',(2.32106760039857,7.59230187799055E-33,0.367620992844544));
#8706=CARTESIAN_POINT('Ctrl Pts',(2.37764129073788,1.5997499825429E-32,
0.772542485937369));
#8707=CARTESIAN_POINT('Ctrl Pts',(2.39648912712304,1.50629732605749E-32,
0.714534810183396));
#8708=CARTESIAN_POINT('Ctrl Pts',(2.39816750769365,1.42429986642122E-32,
0.653702587101507));
#8709=CARTESIAN_POINT('Ctrl Pts',(2.38720221929432,1.34908383709014E-32,
0.603921241957915));
#8710=CARTESIAN_POINT('Ctrl Pts',(2.359109292605,1.15638134528975E-32,0.476382081227711));
#8711=CARTESIAN_POINT('Ctrl Pts',(2.30905052475519,1.00085462867735E-32,
0.443493822389941));
#8712=CARTESIAN_POINT('Ctrl Pts',(2.32106760039857,7.59230187799056E-33,
0.367620992844541));
#8713=CARTESIAN_POINT('Ctrl Pts',(2.32106760039857,7.59230187799055E-33,
0.367620992844544));
#8714=CARTESIAN_POINT('Ctrl Pts',(2.32590806506338,6.61904132531352E-33,
0.337059501735403));
#8715=CARTESIAN_POINT('Ctrl Pts',(2.33436804006477,5.84415496056287E-33,
0.319326264672734));
#8716=CARTESIAN_POINT('Ctrl Pts',(2.34944494636112,5.18148150264611E-33,
0.298074657138194));
#8717=CARTESIAN_POINT('Ctrl Pts',(2.38640829114933,3.55683603324282E-33,
0.245973086619483));
#8718=CARTESIAN_POINT('Ctrl Pts',(2.5,2.48604817242128E-33,0.154313298003569));
#8719=CARTESIAN_POINT('Ctrl Pts',(2.5,1.49161652940825E-47,9.43689570931399E-17));
#8720=CARTESIAN_POINT('',(-1.,2.46519032881567E-32,-1.22464679914736E-16));
#8721=CARTESIAN_POINT('Origin',(-8.31632781251592E-110,2.46519032881566E-32,
2.69880267346702E-79));
#8722=CARTESIAN_POINT('Origin',(-8.31632781251592E-110,2.46519032881566E-32,
2.69880267346702E-79));
#8723=CARTESIAN_POINT('',(-1.,2.46519032881566E-32,-1.22464679914736E-16));
#8724=CARTESIAN_POINT('Ctrl Pts',(2.32106760039857,-7.59230187799055E-33,
-0.367620992844543));
#8725=CARTESIAN_POINT('Ctrl Pts',(2.32106760039857,3.,-0.367620992844543));
#8726=CARTESIAN_POINT('Ctrl Pts',(2.33308467604196,-5.17605746920762E-33,
-0.291748163299148));
#8727=CARTESIAN_POINT('Ctrl Pts',(2.33308467604196,3.,-0.291748163299148));
#8728=CARTESIAN_POINT('Ctrl Pts',(2.39085642429951,-4.13223012263902E-33,
-0.275938580404922));
#8729=CARTESIAN_POINT('Ctrl Pts',(2.39085642429951,3.,-0.275938580404922));
#8730=CARTESIAN_POINT('Ctrl Pts',(2.45698615340314,-2.43068707635215E-33,
-0.163322822278405));
#8731=CARTESIAN_POINT('Ctrl Pts',(2.45698615340314,3.,-0.163322822278405));
#8732=CARTESIAN_POINT('Ctrl Pts',(2.48279804404058,-1.76653732674645E-33,
-0.119366410053279));
#8733=CARTESIAN_POINT('Ctrl Pts',(2.48279804404058,3.,-0.119366410053279));
#8734=CARTESIAN_POINT('Ctrl Pts',(2.5,-9.82619380491158E-34,-0.0609928797711647));
#8735=CARTESIAN_POINT('Ctrl Pts',(2.5,3.,-0.0609928797711647));
#8736=CARTESIAN_POINT('Ctrl Pts',(2.5,-2.18952885050753E-48,-5.99520433297583E-16));
#8737=CARTESIAN_POINT('Ctrl Pts',(2.5,3.,-5.99520433297583E-16));
#8738=CARTESIAN_POINT('',(2.5,3.,6.93889390390723E-17));
#8739=CARTESIAN_POINT('',(2.5,1.3684555315672E-47,9.43689570931399E-17));
#8740=CARTESIAN_POINT('',(2.32106760039857,3.,-0.367620992844543));
#8741=CARTESIAN_POINT('Ctrl Pts',(2.32106760039857,3.,-0.367620992844543));
#8742=CARTESIAN_POINT('Ctrl Pts',(2.33308467604196,3.,-0.291748163299148));
#8743=CARTESIAN_POINT('Ctrl Pts',(2.39085642429951,3.,-0.275938580404922));
#8744=CARTESIAN_POINT('Ctrl Pts',(2.45698615340314,3.,-0.163322822278405));
#8745=CARTESIAN_POINT('Ctrl Pts',(2.48279804404058,3.,-0.119366410053279));
#8746=CARTESIAN_POINT('Ctrl Pts',(2.5,3.,-0.0609928797711647));
#8747=CARTESIAN_POINT('Ctrl Pts',(2.5,3.,-5.99520433297583E-16));
#8748=CARTESIAN_POINT('',(2.32106760039857,-7.59230187799055E-33,-0.367620992844543));
#8749=CARTESIAN_POINT('Ctrl Pts',(2.37764129073788,-1.5997499825429E-32,
-0.772542485937369));
#8750=CARTESIAN_POINT('Ctrl Pts',(2.37764129073788,3.,-0.772542485937369));
#8751=CARTESIAN_POINT('Ctrl Pts',(2.42532672227903,-1.36331275112242E-32,
-0.625781818320089));
#8752=CARTESIAN_POINT('Ctrl Pts',(2.42532672227903,3.,-0.625781818320089));
#8753=CARTESIAN_POINT('Ctrl Pts',(2.34561901976264,-1.20902946743344E-32,
-0.50350641061972));
#8754=CARTESIAN_POINT('Ctrl Pts',(2.34561901976264,3.,-0.50350641061972));
#8755=CARTESIAN_POINT('Ctrl Pts',(2.32656506056165,-1.01889916676559E-32,
-0.442532570760218));
#8756=CARTESIAN_POINT('Ctrl Pts',(2.32656506056165,3.,-0.442532570760218));
#8757=CARTESIAN_POINT('Ctrl Pts',(2.3187931784689,-9.41347290881779E-33,
-0.417662070664581));
#8758=CARTESIAN_POINT('Ctrl Pts',(2.3187931784689,3.,-0.417662070664581));
#8759=CARTESIAN_POINT('Ctrl Pts',(2.31622713573377,-8.56556243066777E-33,
-0.398182483953687));
#8760=CARTESIAN_POINT('Ctrl Pts',(2.31622713573377,3.,-0.398182483953687));
#8761=CARTESIAN_POINT('Ctrl Pts',(2.32106760039857,-7.59230187799055E-33,
-0.367620992844543));
#8762=CARTESIAN_POINT('Ctrl Pts',(2.32106760039857,3.,-0.367620992844543));
#8763=CARTESIAN_POINT('',(2.37764129073788,3.,-0.772542485937369));
#8764=CARTESIAN_POINT('Ctrl Pts',(2.37764129073788,3.,-0.772542485937369));
#8765=CARTESIAN_POINT('Ctrl Pts',(2.42532672227903,3.,-0.625781818320089));
#8766=CARTESIAN_POINT('Ctrl Pts',(2.34561901976264,3.,-0.50350641061972));
#8767=CARTESIAN_POINT('Ctrl Pts',(2.32656506056165,3.,-0.442532570760218));
#8768=CARTESIAN_POINT('Ctrl Pts',(2.3187931784689,3.,-0.417662070664581));
#8769=CARTESIAN_POINT('Ctrl Pts',(2.31622713573377,3.,-0.398182483953687));
#8770=CARTESIAN_POINT('Ctrl Pts',(2.32106760039857,3.,-0.367620992844543));
#8771=CARTESIAN_POINT('',(2.37764129073788,-1.5997499825429E-32,-0.772542485937369));
#8772=CARTESIAN_POINT('Ctrl Pts',(2.09386533184266,-2.20337182274762E-32,
-1.06687767438794));
#8773=CARTESIAN_POINT('Ctrl Pts',(2.09386533184266,3.,-1.06687767438794));
#8774=CARTESIAN_POINT('Ctrl Pts',(2.12874024368096,-1.98539926563896E-32,
-0.998431806035525));
#8775=CARTESIAN_POINT('Ctrl Pts',(2.12874024368096,3.,-0.998431806035525));
#8776=CARTESIAN_POINT('Ctrl Pts',(2.18856987110737,-1.94237822228316E-32,
-1.00124845121042));
#8777=CARTESIAN_POINT('Ctrl Pts',(2.18856987110737,3.,-1.00124845121042));
#8778=CARTESIAN_POINT('Ctrl Pts',(2.28626316398773,-1.81142799369794E-32,
-0.914579710733076));
#8779=CARTESIAN_POINT('Ctrl Pts',(2.28626316398773,3.,-0.914579710733076));
#8780=CARTESIAN_POINT('Ctrl Pts',(2.32439500916568,-1.76031523359737E-32,
-0.880750991317326));
#8781=CARTESIAN_POINT('Ctrl Pts',(2.32439500916568,3.,-0.880750991317326));
#8782=CARTESIAN_POINT('Ctrl Pts',(2.35879345435273,-1.69320263902829E-32,
-0.830550161691334));
#8783=CARTESIAN_POINT('Ctrl Pts',(2.35879345435273,3.,-0.830550161691334));
#8784=CARTESIAN_POINT('Ctrl Pts',(2.37764129073788,-1.5997499825429E-32,
-0.77254248593737));
#8785=CARTESIAN_POINT('Ctrl Pts',(2.37764129073788,3.,-0.77254248593737));
#8786=CARTESIAN_POINT('',(2.09386533184266,3.,-1.06687767438794));
#8787=CARTESIAN_POINT('Ctrl Pts',(2.09386533184266,3.,-1.06687767438794));
#8788=CARTESIAN_POINT('Ctrl Pts',(2.12874024368096,3.,-0.998431806035525));
#8789=CARTESIAN_POINT('Ctrl Pts',(2.18856987110737,3.,-1.00124845121042));
#8790=CARTESIAN_POINT('Ctrl Pts',(2.28626316398773,3.,-0.914579710733076));
#8791=CARTESIAN_POINT('Ctrl Pts',(2.32439500916568,3.,-0.880750991317326));
#8792=CARTESIAN_POINT('Ctrl Pts',(2.35879345435273,3.,-0.830550161691334));
#8793=CARTESIAN_POINT('Ctrl Pts',(2.37764129073788,3.,-0.77254248593737));
#8794=CARTESIAN_POINT('',(2.09386533184266,-2.20337182274762E-32,-1.06687767438794));
#8795=CARTESIAN_POINT('Ctrl Pts',(2.02254248593737,-3.04290529068096E-32,
-1.46946313073118));
#8796=CARTESIAN_POINT('Ctrl Pts',(2.02254248593737,3.,-1.46946313073118));
#8797=CARTESIAN_POINT('Ctrl Pts',(2.11324556673647,-2.84177976864862E-32,
-1.34462105018826));
#8798=CARTESIAN_POINT('Ctrl Pts',(2.11324556673647,3.,-1.34462105018826));
#8799=CARTESIAN_POINT('Ctrl Pts',(2.07522421583288,-2.65539431011514E-32,
-1.20369919225204));
#8800=CARTESIAN_POINT('Ctrl Pts',(2.07522421583288,3.,-1.20369919225204));
#8801=CARTESIAN_POINT('Ctrl Pts',(2.07594477650244,-2.45620953426482E-32,
-1.13982162732688));
#8802=CARTESIAN_POINT('Ctrl Pts',(2.07594477650244,3.,-1.13982162732688));
#8803=CARTESIAN_POINT('Ctrl Pts',(2.07623868458241,-2.37496444623608E-32,
-1.11376673250246));
#8804=CARTESIAN_POINT('Ctrl Pts',(2.07623868458241,3.,-1.11376673250246));
#8805=CARTESIAN_POINT('Ctrl Pts',(2.07981775625514,-2.29117092561525E-32,
-1.09444759381289));
#8806=CARTESIAN_POINT('Ctrl Pts',(2.07981775625514,3.,-1.09444759381289));
#8807=CARTESIAN_POINT('Ctrl Pts',(2.09386533184266,-2.20337182274762E-32,
-1.06687767438794));
#8808=CARTESIAN_POINT('Ctrl Pts',(2.09386533184266,3.,-1.06687767438794));
#8809=CARTESIAN_POINT('',(2.02254248593737,3.,-1.46946313073118));
#8810=CARTESIAN_POINT('Ctrl Pts',(2.02254248593737,3.,-1.46946313073118));
#8811=CARTESIAN_POINT('Ctrl Pts',(2.11324556673647,3.,-1.34462105018826));
#8812=CARTESIAN_POINT('Ctrl Pts',(2.07522421583288,3.,-1.20369919225204));
#8813=CARTESIAN_POINT('Ctrl Pts',(2.07594477650244,3.,-1.13982162732688));
#8814=CARTESIAN_POINT('Ctrl Pts',(2.07623868458241,3.,-1.11376673250246));
#8815=CARTESIAN_POINT('Ctrl Pts',(2.07981775625514,3.,-1.09444759381289));
#8816=CARTESIAN_POINT('Ctrl Pts',(2.09386533184266,3.,-1.06687767438794));
#8817=CARTESIAN_POINT('',(2.02254248593737,-3.04290529068096E-32,-1.46946313073118));
#8818=CARTESIAN_POINT('Ctrl Pts',(1.66170093578839,-3.43183207189146E-32,
-1.66170093578839));
#8819=CARTESIAN_POINT('Ctrl Pts',(1.66170093578839,3.,-1.66170093578839));
#8820=CARTESIAN_POINT('Ctrl Pts',(1.71601988446306,-3.25884807114634E-32,
-1.60738198711371));
#8821=CARTESIAN_POINT('Ctrl Pts',(1.71601988446306,3.,-1.60738198711371));
#8822=CARTESIAN_POINT('Ctrl Pts',(1.77205085026827,-3.28139991856047E-32,
-1.62854914750327));
#8823=CARTESIAN_POINT('Ctrl Pts',(1.77205085026827,3.,-1.62854914750327));
#8824=CARTESIAN_POINT('Ctrl Pts',(1.89174480674906,-3.20247208677658E-32,
-1.57631116484967));
#8825=CARTESIAN_POINT('Ctrl Pts',(1.89174480674906,3.,-1.57631116484967));
#8826=CARTESIAN_POINT('Ctrl Pts',(1.93846399578133,-3.17166481461818E-32,
-1.55592152899826));
#8827=CARTESIAN_POINT('Ctrl Pts',(1.93846399578133,3.,-1.55592152899826));
#8828=CARTESIAN_POINT('Ctrl Pts',(1.98669177071303,-3.1224008684629E-32,
-1.51880740700192));
#8829=CARTESIAN_POINT('Ctrl Pts',(1.98669177071303,3.,-1.51880740700192));
#8830=CARTESIAN_POINT('Ctrl Pts',(2.02254248593737,-3.04290529068096E-32,
-1.46946313073118));
#8831=CARTESIAN_POINT('Ctrl Pts',(2.02254248593737,3.,-1.46946313073118));
#8832=CARTESIAN_POINT('',(1.66170093578839,3.,-1.66170093578839));
#8833=CARTESIAN_POINT('Ctrl Pts',(1.66170093578839,3.,-1.66170093578839));
#8834=CARTESIAN_POINT('Ctrl Pts',(1.71601988446306,3.,-1.60738198711371));
#8835=CARTESIAN_POINT('Ctrl Pts',(1.77205085026827,3.,-1.62854914750327));
#8836=CARTESIAN_POINT('Ctrl Pts',(1.89174480674906,3.,-1.57631116484967));
#8837=CARTESIAN_POINT('Ctrl Pts',(1.93846399578133,3.,-1.55592152899826));
#8838=CARTESIAN_POINT('Ctrl Pts',(1.98669177071303,3.,-1.51880740700192));
#8839=CARTESIAN_POINT('Ctrl Pts',(2.02254248593737,3.,-1.46946313073118));
#8840=CARTESIAN_POINT('',(1.66170093578839,-3.43183207189146E-32,-1.66170093578839));
#8841=CARTESIAN_POINT('Ctrl Pts',(1.46946313073118,-2.37782417428102E-16,
-2.02254248593737));
#8842=CARTESIAN_POINT('Ctrl Pts',(1.46946313073118,3.,-2.02254248593737));
#8843=CARTESIAN_POINT('Ctrl Pts',(1.5943052112741,-2.29486191539268E-16,
-1.93183940513827));
#8844=CARTESIAN_POINT('Ctrl Pts',(1.5943052112741,3.,-1.93183940513827));
#8845=CARTESIAN_POINT('Ctrl Pts',(1.60169200672009,-2.18117525049565E-16,
-1.7860655102813));
#8846=CARTESIAN_POINT('Ctrl Pts',(1.60169200672009,3.,-1.7860655102813));
#8847=CARTESIAN_POINT('Ctrl Pts',(1.62211655376142,-2.07401835874209E-16,
-1.72553700140654));
#8848=CARTESIAN_POINT('Ctrl Pts',(1.62211655376142,3.,-1.72553700140654));
#8849=CARTESIAN_POINT('Ctrl Pts',(1.63044748224346,-2.03031034407964E-16,
-1.70084814649389));
#8850=CARTESIAN_POINT('Ctrl Pts',(1.63044748224346,3.,-1.70084814649389));
#8851=CARTESIAN_POINT('Ctrl Pts',(1.63982132385186,-1.98796023903763E-16,
-1.68358054772491));
#8852=CARTESIAN_POINT('Ctrl Pts',(1.63982132385186,3.,-1.68358054772491));
#8853=CARTESIAN_POINT('Ctrl Pts',(1.66170093578839,-1.94840112652986E-16,
-1.66170093578839));
#8854=CARTESIAN_POINT('Ctrl Pts',(1.66170093578839,3.,-1.66170093578839));
#8855=CARTESIAN_POINT('',(1.46946313073118,3.,-2.02254248593737));
#8856=CARTESIAN_POINT('Ctrl Pts',(1.46946313073118,3.,-2.02254248593737));
#8857=CARTESIAN_POINT('Ctrl Pts',(1.5943052112741,3.,-1.93183940513827));
#8858=CARTESIAN_POINT('Ctrl Pts',(1.60169200672009,3.,-1.7860655102813));
#8859=CARTESIAN_POINT('Ctrl Pts',(1.62211655376142,3.,-1.72553700140654));
#8860=CARTESIAN_POINT('Ctrl Pts',(1.63044748224346,3.,-1.70084814649389));
#8861=CARTESIAN_POINT('Ctrl Pts',(1.63982132385186,3.,-1.68358054772491));
#8862=CARTESIAN_POINT('Ctrl Pts',(1.66170093578839,3.,-1.66170093578839));
#8863=CARTESIAN_POINT('',(1.46946313073118,-2.37782417428102E-16,-2.02254248593737));
#8864=CARTESIAN_POINT('Ctrl Pts',(1.06687767438793,-2.45512864770006E-16,
-2.09386533184266));
#8865=CARTESIAN_POINT('Ctrl Pts',(1.06687767438793,3.,-2.09386533184266));
#8866=CARTESIAN_POINT('Ctrl Pts',(1.13532354274035,-2.39207357318081E-16,
-2.05899042000437));
#8867=CARTESIAN_POINT('Ctrl Pts',(1.13532354274035,3.,-2.05899042000437));
#8868=CARTESIAN_POINT('Ctrl Pts',(1.1820711456007,-2.44085252794971E-16,
-2.09643610646937));
#8869=CARTESIAN_POINT('Ctrl Pts',(1.1820711456007,3.,-2.09643610646937));
#8870=CARTESIAN_POINT('Ctrl Pts',(1.31204928726471,-2.4299635275374E-16,
-2.08374229934509));
#8871=CARTESIAN_POINT('Ctrl Pts',(1.31204928726471,3.,-2.08374229934509));
#8872=CARTESIAN_POINT('Ctrl Pts',(1.36278262041705,-2.42571331070446E-16,
-2.07878762667811));
#8873=CARTESIAN_POINT('Ctrl Pts',(1.36278262041705,3.,-2.07878762667811));
#8874=CARTESIAN_POINT('Ctrl Pts',(1.42011885446045,-2.4106153021189E-16,
-2.0583932011617));
#8875=CARTESIAN_POINT('Ctrl Pts',(1.42011885446045,3.,-2.0583932011617));
#8876=CARTESIAN_POINT('Ctrl Pts',(1.46946313073118,-2.37782417428102E-16,
-2.02254248593737));
#8877=CARTESIAN_POINT('Ctrl Pts',(1.46946313073118,3.,-2.02254248593737));
#8878=CARTESIAN_POINT('',(1.06687767438793,3.,-2.09386533184266));
#8879=CARTESIAN_POINT('Ctrl Pts',(1.06687767438793,3.,-2.09386533184266));
#8880=CARTESIAN_POINT('Ctrl Pts',(1.13532354274035,3.,-2.05899042000437));
#8881=CARTESIAN_POINT('Ctrl Pts',(1.1820711456007,3.,-2.09643610646937));
#8882=CARTESIAN_POINT('Ctrl Pts',(1.31204928726471,3.,-2.08374229934509));
#8883=CARTESIAN_POINT('Ctrl Pts',(1.36278262041705,3.,-2.07878762667811));
#8884=CARTESIAN_POINT('Ctrl Pts',(1.42011885446045,3.,-2.0583932011617));
#8885=CARTESIAN_POINT('Ctrl Pts',(1.46946313073118,3.,-2.02254248593737));
#8886=CARTESIAN_POINT('',(1.06687767438793,-2.45512864770006E-16,-2.09386533184266));
#8887=CARTESIAN_POINT('Ctrl Pts',(0.772542485937369,-2.79529996437382E-16,
-2.37764129073788));
#8888=CARTESIAN_POINT('Ctrl Pts',(0.772542485937369,3.,-2.37764129073788));
#8889=CARTESIAN_POINT('Ctrl Pts',(0.919303153554611,-2.75168412374455E-16,
-2.32995585919675));
#8890=CARTESIAN_POINT('Ctrl Pts',(0.919303153554611,3.,-2.32995585919675));
#8891=CARTESIAN_POINT('Ctrl Pts',(0.971375024345101,-2.64125841145943E-16,
-2.19359929191412));
#8892=CARTESIAN_POINT('Ctrl Pts',(0.971375024345101,3.,-2.19359929191412));
#8893=CARTESIAN_POINT('Ctrl Pts',(1.0095042607876,-2.55051979787045E-16,
-2.14234479126532));
#8894=CARTESIAN_POINT('Ctrl Pts',(1.0095042607876,3.,-2.14234479126532));
#8895=CARTESIAN_POINT('Ctrl Pts',(1.02505672034691,-2.51350860252594E-16,
-2.12143869340063));
#8896=CARTESIAN_POINT('Ctrl Pts',(1.02505672034691,3.,-2.12143869340063));
#8897=CARTESIAN_POINT('Ctrl Pts',(1.03930775496297,-2.48052716138215E-16,
-2.1079129074302));
#8898=CARTESIAN_POINT('Ctrl Pts',(1.03930775496297,3.,-2.1079129074302));
#8899=CARTESIAN_POINT('Ctrl Pts',(1.06687767438794,-2.45512864770006E-16,
-2.09386533184266));
#8900=CARTESIAN_POINT('Ctrl Pts',(1.06687767438794,3.,-2.09386533184266));
#8901=CARTESIAN_POINT('',(0.772542485937369,3.,-2.37764129073788));
#8902=CARTESIAN_POINT('Ctrl Pts',(0.772542485937369,3.,-2.37764129073788));
#8903=CARTESIAN_POINT('Ctrl Pts',(0.919303153554611,3.,-2.32995585919675));
#8904=CARTESIAN_POINT('Ctrl Pts',(0.971375024345101,3.,-2.19359929191412));
#8905=CARTESIAN_POINT('Ctrl Pts',(1.0095042607876,3.,-2.14234479126532));
#8906=CARTESIAN_POINT('Ctrl Pts',(1.02505672034691,3.,-2.12143869340063));
#8907=CARTESIAN_POINT('Ctrl Pts',(1.03930775496297,3.,-2.1079129074302));
#8908=CARTESIAN_POINT('Ctrl Pts',(1.06687767438794,3.,-2.09386533184266));
#8909=CARTESIAN_POINT('',(0.772542485937369,-2.79529996437382E-16,-2.37764129073788));
#8910=CARTESIAN_POINT('Ctrl Pts',(0.367620992844542,-2.72153107094624E-16,
-2.32106760039857));
#8911=CARTESIAN_POINT('Ctrl Pts',(0.367620992844542,3.,-2.32106760039857));
#8912=CARTESIAN_POINT('Ctrl Pts',(0.443493822389939,-2.69980377300466E-16,
-2.30905052475519));
#8913=CARTESIAN_POINT('Ctrl Pts',(0.443493822389939,3.,-2.30905052475519));
#8914=CARTESIAN_POINT('Ctrl Pts',(0.476382081227744,-2.77978318871399E-16,
-2.359109292605));
#8915=CARTESIAN_POINT('Ctrl Pts',(0.476382081227744,3.,-2.359109292605));
#8916=CARTESIAN_POINT('Ctrl Pts',(0.603921241957912,-2.80388186039759E-16,
-2.38720221929432));
#8917=CARTESIAN_POINT('Ctrl Pts',(0.603921241957912,3.,-2.38720221929432));
#8918=CARTESIAN_POINT('Ctrl Pts',(0.653702587101489,-2.81328810304272E-16,
-2.39816750769365));
#8919=CARTESIAN_POINT('Ctrl Pts',(0.653702587101489,3.,-2.39816750769365));
#8920=CARTESIAN_POINT('Ctrl Pts',(0.714534810183396,-2.81253928047968E-16,
-2.39648912712304));
#8921=CARTESIAN_POINT('Ctrl Pts',(0.714534810183396,3.,-2.39648912712304));
#8922=CARTESIAN_POINT('Ctrl Pts',(0.772542485937368,-2.79529996437382E-16,
-2.37764129073788));
#8923=CARTESIAN_POINT('Ctrl Pts',(0.772542485937368,3.,-2.37764129073788));
#8924=CARTESIAN_POINT('',(0.367620992844542,3.,-2.32106760039857));
#8925=CARTESIAN_POINT('Ctrl Pts',(0.367620992844542,3.,-2.32106760039857));
#8926=CARTESIAN_POINT('Ctrl Pts',(0.443493822389939,3.,-2.30905052475519));
#8927=CARTESIAN_POINT('Ctrl Pts',(0.476382081227744,3.,-2.359109292605));
#8928=CARTESIAN_POINT('Ctrl Pts',(0.603921241957912,3.,-2.38720221929432));
#8929=CARTESIAN_POINT('Ctrl Pts',(0.653702587101489,3.,-2.39816750769365));
#8930=CARTESIAN_POINT('Ctrl Pts',(0.714534810183396,3.,-2.39648912712304));
#8931=CARTESIAN_POINT('Ctrl Pts',(0.772542485937368,3.,-2.37764129073788));
#8932=CARTESIAN_POINT('',(0.367620992844542,-2.72153107094624E-16,-2.32106760039857));
#8933=CARTESIAN_POINT('Ctrl Pts',(-6.6613381477509E-17,-2.93915231795365E-16,
-2.5));
#8934=CARTESIAN_POINT('Ctrl Pts',(-6.6613381477509E-17,3.,-2.5));
#8935=CARTESIAN_POINT('Ctrl Pts',(0.154313298003535,-2.93915231795365E-16,
-2.5));
#8936=CARTESIAN_POINT('Ctrl Pts',(0.154313298003535,3.,-2.5));
#8937=CARTESIAN_POINT('Ctrl Pts',(0.245973086619453,-2.84279679638004E-16,
-2.38640829114937));
#8938=CARTESIAN_POINT('Ctrl Pts',(0.245973086619453,3.,-2.38640829114937));
#8939=CARTESIAN_POINT('Ctrl Pts',(0.298074657138157,-2.7773585886668E-16,
-2.34944494636114));
#8940=CARTESIAN_POINT('Ctrl Pts',(0.298074657138157,3.,-2.34944494636114));
#8941=CARTESIAN_POINT('Ctrl Pts',(0.319326264672712,-2.75066712631276E-16,
-2.33436804006478));
#8942=CARTESIAN_POINT('Ctrl Pts',(0.319326264672712,3.,-2.33436804006478));
#8943=CARTESIAN_POINT('Ctrl Pts',(0.337059501735389,-2.73028280232157E-16,
-2.32590806506338));
#8944=CARTESIAN_POINT('Ctrl Pts',(0.337059501735389,3.,-2.32590806506338));
#8945=CARTESIAN_POINT('Ctrl Pts',(0.367620992844542,-2.72153107094624E-16,
-2.32106760039857));
#8946=CARTESIAN_POINT('Ctrl Pts',(0.367620992844542,3.,-2.32106760039857));
#8947=CARTESIAN_POINT('',(0.,3.,-2.5));
#8948=CARTESIAN_POINT('Ctrl Pts',(-6.6613381477509E-17,3.,-2.5));
#8949=CARTESIAN_POINT('Ctrl Pts',(0.154313298003535,3.,-2.5));
#8950=CARTESIAN_POINT('Ctrl Pts',(0.245973086619453,3.,-2.38640829114937));
#8951=CARTESIAN_POINT('Ctrl Pts',(0.298074657138157,3.,-2.34944494636114));
#8952=CARTESIAN_POINT('Ctrl Pts',(0.319326264672712,3.,-2.33436804006478));
#8953=CARTESIAN_POINT('Ctrl Pts',(0.337059501735389,3.,-2.32590806506338));
#8954=CARTESIAN_POINT('Ctrl Pts',(0.367620992844542,3.,-2.32106760039857));
#8955=CARTESIAN_POINT('',(-6.6613381477509E-17,-2.93915231795365E-16,-2.5));
#8956=CARTESIAN_POINT('Ctrl Pts',(-0.367620992844545,-2.72153107094624E-16,
-2.32106760039857));
#8957=CARTESIAN_POINT('Ctrl Pts',(-0.367620992844545,3.,-2.32106760039857));
#8958=CARTESIAN_POINT('Ctrl Pts',(-0.291748163299144,-2.74325836888783E-16,
-2.33308467604196));
#8959=CARTESIAN_POINT('Ctrl Pts',(-0.291748163299144,3.,-2.33308467604196));
#8960=CARTESIAN_POINT('Ctrl Pts',(-0.275938580404905,-2.8466093030786E-16,
-2.39085642429951));
#8961=CARTESIAN_POINT('Ctrl Pts',(-0.275938580404905,3.,-2.39085642429951));
#8962=CARTESIAN_POINT('Ctrl Pts',(-0.163322822278421,-2.90333670096841E-16,
-2.45698615340313));
#8963=CARTESIAN_POINT('Ctrl Pts',(-0.163322822278421,3.,-2.45698615340313));
#8964=CARTESIAN_POINT('Ctrl Pts',(-0.1193664100533,-2.92547865452435E-16,
-2.48279804404057));
#8965=CARTESIAN_POINT('Ctrl Pts',(-0.1193664100533,3.,-2.48279804404057));
#8966=CARTESIAN_POINT('Ctrl Pts',(-0.0609928797711725,-2.93915231795365E-16,
-2.5));
#8967=CARTESIAN_POINT('Ctrl Pts',(-0.0609928797711725,3.,-2.5));
#8968=CARTESIAN_POINT('Ctrl Pts',(-7.60502771868232E-16,-2.93915231795365E-16,
-2.5));
#8969=CARTESIAN_POINT('Ctrl Pts',(-7.60502771868232E-16,3.,-2.5));
#8970=CARTESIAN_POINT('',(-0.367620992844545,3.,-2.32106760039857));
#8971=CARTESIAN_POINT('Ctrl Pts',(-0.367620992844545,3.,-2.32106760039857));
#8972=CARTESIAN_POINT('Ctrl Pts',(-0.291748163299144,3.,-2.33308467604196));
#8973=CARTESIAN_POINT('Ctrl Pts',(-0.275938580404905,3.,-2.39085642429951));
#8974=CARTESIAN_POINT('Ctrl Pts',(-0.163322822278421,3.,-2.45698615340313));
#8975=CARTESIAN_POINT('Ctrl Pts',(-0.1193664100533,3.,-2.48279804404057));
#8976=CARTESIAN_POINT('Ctrl Pts',(-0.0609928797711725,3.,-2.5));
#8977=CARTESIAN_POINT('Ctrl Pts',(-7.60502771868232E-16,3.,-2.5));
#8978=CARTESIAN_POINT('',(-0.367620992844545,-2.72153107094624E-16,-2.32106760039857));
#8979=CARTESIAN_POINT('Ctrl Pts',(-0.772542485937369,-2.79529996437382E-16,
-2.37764129073788));
#8980=CARTESIAN_POINT('Ctrl Pts',(-0.772542485937369,3.,-2.37764129073788));
#8981=CARTESIAN_POINT('Ctrl Pts',(-0.625781818320101,-2.8389158050031E-16,
-2.42532672227903));
#8982=CARTESIAN_POINT('Ctrl Pts',(-0.625781818320101,3.,-2.42532672227903));
#8983=CARTESIAN_POINT('Ctrl Pts',(-0.503506410619709,-2.76606242394103E-16,
-2.34561901976264));
#8984=CARTESIAN_POINT('Ctrl Pts',(-0.503506410619709,3.,-2.34561901976264));
#8985=CARTESIAN_POINT('Ctrl Pts',(-0.442532570760233,-2.73233016980932E-16,
-2.32656506056166));
#8986=CARTESIAN_POINT('Ctrl Pts',(-0.442532570760233,3.,-2.32656506056166));
#8987=CARTESIAN_POINT('Ctrl Pts',(-0.4176620706646,-2.7185711867513E-16,
-2.3187931784689));
#8988=CARTESIAN_POINT('Ctrl Pts',(-0.4176620706646,3.,-2.3187931784689));
#8989=CARTESIAN_POINT('Ctrl Pts',(-0.398182483953693,-2.71277933957091E-16,
-2.31622713573377));
#8990=CARTESIAN_POINT('Ctrl Pts',(-0.398182483953693,3.,-2.31622713573377));
#8991=CARTESIAN_POINT('Ctrl Pts',(-0.367620992844542,-2.72153107094624E-16,
-2.32106760039857));
#8992=CARTESIAN_POINT('Ctrl Pts',(-0.367620992844542,3.,-2.32106760039857));
#8993=CARTESIAN_POINT('',(-0.772542485937369,3.,-2.37764129073788));
#8994=CARTESIAN_POINT('Ctrl Pts',(-0.772542485937369,3.,-2.37764129073788));
#8995=CARTESIAN_POINT('Ctrl Pts',(-0.625781818320101,3.,-2.42532672227903));
#8996=CARTESIAN_POINT('Ctrl Pts',(-0.503506410619709,3.,-2.34561901976264));
#8997=CARTESIAN_POINT('Ctrl Pts',(-0.442532570760233,3.,-2.32656506056166));
#8998=CARTESIAN_POINT('Ctrl Pts',(-0.4176620706646,3.,-2.3187931784689));
#8999=CARTESIAN_POINT('Ctrl Pts',(-0.398182483953693,3.,-2.31622713573377));
#9000=CARTESIAN_POINT('Ctrl Pts',(-0.367620992844542,3.,-2.32106760039857));
#9001=CARTESIAN_POINT('',(-0.772542485937369,-2.79529996437382E-16,-2.37764129073788));
#9002=CARTESIAN_POINT('Ctrl Pts',(-1.06687767438793,-2.45512864770006E-16,
-2.09386533184267));
#9003=CARTESIAN_POINT('Ctrl Pts',(-1.06687767438793,3.,-2.09386533184267));
#9004=CARTESIAN_POINT('Ctrl Pts',(-0.998431806035538,-2.5181837222193E-16,
-2.12874024368095));
#9005=CARTESIAN_POINT('Ctrl Pts',(-0.998431806035538,3.,-2.12874024368095));
#9006=CARTESIAN_POINT('Ctrl Pts',(-1.00124845121041,-2.63478946536466E-16,
-2.18856987110736));
#9007=CARTESIAN_POINT('Ctrl Pts',(-1.00124845121041,3.,-2.18856987110736));
#9008=CARTESIAN_POINT('Ctrl Pts',(-0.914579710733089,-2.71859271651219E-16,
-2.28626316398771));
#9009=CARTESIAN_POINT('Ctrl Pts',(-0.914579710733089,3.,-2.28626316398771));
#9010=CARTESIAN_POINT('Ctrl Pts',(-0.880750991317341,-2.7513029722928E-16,
-2.32439500916567));
#9011=CARTESIAN_POINT('Ctrl Pts',(-0.880750991317341,3.,-2.32439500916567));
#9012=CARTESIAN_POINT('Ctrl Pts',(-0.830550161691339,-2.77806064826797E-16,
-2.35879345435273));
#9013=CARTESIAN_POINT('Ctrl Pts',(-0.830550161691339,3.,-2.35879345435273));
#9014=CARTESIAN_POINT('Ctrl Pts',(-0.772542485937369,-2.79529996437382E-16,
-2.37764129073788));
#9015=CARTESIAN_POINT('Ctrl Pts',(-0.772542485937369,3.,-2.37764129073788));
#9016=CARTESIAN_POINT('',(-1.06687767438793,3.,-2.09386533184267));
#9017=CARTESIAN_POINT('Ctrl Pts',(-1.06687767438793,3.,-2.09386533184267));
#9018=CARTESIAN_POINT('Ctrl Pts',(-0.998431806035538,3.,-2.12874024368095));
#9019=CARTESIAN_POINT('Ctrl Pts',(-1.00124845121041,3.,-2.18856987110736));
#9020=CARTESIAN_POINT('Ctrl Pts',(-0.914579710733089,3.,-2.28626316398771));
#9021=CARTESIAN_POINT('Ctrl Pts',(-0.880750991317341,3.,-2.32439500916567));
#9022=CARTESIAN_POINT('Ctrl Pts',(-0.830550161691339,3.,-2.35879345435273));
#9023=CARTESIAN_POINT('Ctrl Pts',(-0.772542485937369,3.,-2.37764129073788));
#9024=CARTESIAN_POINT('',(-1.06687767438793,-2.45512864770006E-16,-2.09386533184267));
#9025=CARTESIAN_POINT('Ctrl Pts',(-1.46946313073118,-2.37782417428102E-16,
-2.02254248593737));
#9026=CARTESIAN_POINT('Ctrl Pts',(-1.46946313073118,3.,-2.02254248593737));
#9027=CARTESIAN_POINT('Ctrl Pts',(-1.34462105018827,-2.46078643316936E-16,
-2.11324556673646));
#9028=CARTESIAN_POINT('Ctrl Pts',(-1.34462105018827,3.,-2.11324556673646));
#9029=CARTESIAN_POINT('Ctrl Pts',(-1.20369919225206,-2.41856658915655E-16,
-2.07522421583289));
#9030=CARTESIAN_POINT('Ctrl Pts',(-1.20369919225206,3.,-2.07522421583289));
#9031=CARTESIAN_POINT('Ctrl Pts',(-1.1398216273269,-2.4198422366672E-16,
-2.07594477650244));
#9032=CARTESIAN_POINT('Ctrl Pts',(-1.1398216273269,3.,-2.07594477650244));
#9033=CARTESIAN_POINT('Ctrl Pts',(-1.11376673250247,-2.42036255803139E-16,
-2.07623868458241));
#9034=CARTESIAN_POINT('Ctrl Pts',(-1.11376673250247,3.,-2.07623868458241));
#9035=CARTESIAN_POINT('Ctrl Pts',(-1.09444759381289,-2.42973013401798E-16,
-2.07981775625514));
#9036=CARTESIAN_POINT('Ctrl Pts',(-1.09444759381289,3.,-2.07981775625514));
#9037=CARTESIAN_POINT('Ctrl Pts',(-1.06687767438793,-2.45512864770006E-16,
-2.09386533184266));
#9038=CARTESIAN_POINT('Ctrl Pts',(-1.06687767438793,3.,-2.09386533184266));
#9039=CARTESIAN_POINT('',(-1.46946313073118,3.,-2.02254248593737));
#9040=CARTESIAN_POINT('Ctrl Pts',(-1.46946313073118,3.,-2.02254248593737));
#9041=CARTESIAN_POINT('Ctrl Pts',(-1.34462105018827,3.,-2.11324556673646));
#9042=CARTESIAN_POINT('Ctrl Pts',(-1.20369919225206,3.,-2.07522421583289));
#9043=CARTESIAN_POINT('Ctrl Pts',(-1.1398216273269,3.,-2.07594477650244));
#9044=CARTESIAN_POINT('Ctrl Pts',(-1.11376673250247,3.,-2.07623868458241));
#9045=CARTESIAN_POINT('Ctrl Pts',(-1.09444759381289,3.,-2.07981775625514));
#9046=CARTESIAN_POINT('Ctrl Pts',(-1.06687767438793,3.,-2.09386533184266));
#9047=CARTESIAN_POINT('',(-1.46946313073118,-2.37782417428102E-16,-2.02254248593737));
#9048=CARTESIAN_POINT('Ctrl Pts',(-1.66170093578839,-1.94840112652986E-16,
-1.66170093578839));
#9049=CARTESIAN_POINT('Ctrl Pts',(-1.66170093578839,3.,-1.66170093578839));
#9050=CARTESIAN_POINT('Ctrl Pts',(-1.60738198711371,-2.04661170760228E-16,
-1.71601988446306));
#9051=CARTESIAN_POINT('Ctrl Pts',(-1.60738198711371,3.,-1.71601988446306));
#9052=CARTESIAN_POINT('Ctrl Pts',(-1.62854914750325,-2.16505807712315E-16,
-1.77205085026829));
#9053=CARTESIAN_POINT('Ctrl Pts',(-1.62854914750325,3.,-1.77205085026829));
#9054=CARTESIAN_POINT('Ctrl Pts',(-1.57631116484968,-2.26773393541449E-16,
-1.89174480674904));
#9055=CARTESIAN_POINT('Ctrl Pts',(-1.57631116484968,3.,-1.89174480674904));
#9056=CARTESIAN_POINT('Ctrl Pts',(-1.55592152899828,-2.30781058567823E-16,
-1.9384639957813));
#9057=CARTESIAN_POINT('Ctrl Pts',(-1.55592152899828,3.,-1.9384639957813));
#9058=CARTESIAN_POINT('Ctrl Pts',(-1.51880740700192,-2.34503304644313E-16,
-1.98669177071303));
#9059=CARTESIAN_POINT('Ctrl Pts',(-1.51880740700192,3.,-1.98669177071303));
#9060=CARTESIAN_POINT('Ctrl Pts',(-1.46946313073118,-2.37782417428102E-16,
-2.02254248593737));
#9061=CARTESIAN_POINT('Ctrl Pts',(-1.46946313073118,3.,-2.02254248593737));
#9062=CARTESIAN_POINT('',(-1.66170093578839,3.,-1.66170093578839));
#9063=CARTESIAN_POINT('Ctrl Pts',(-1.66170093578839,3.,-1.66170093578839));
#9064=CARTESIAN_POINT('Ctrl Pts',(-1.60738198711371,3.,-1.71601988446306));
#9065=CARTESIAN_POINT('Ctrl Pts',(-1.62854914750325,3.,-1.77205085026829));
#9066=CARTESIAN_POINT('Ctrl Pts',(-1.57631116484968,3.,-1.89174480674904));
#9067=CARTESIAN_POINT('Ctrl Pts',(-1.55592152899828,3.,-1.9384639957813));
#9068=CARTESIAN_POINT('Ctrl Pts',(-1.51880740700192,3.,-1.98669177071303));
#9069=CARTESIAN_POINT('Ctrl Pts',(-1.46946313073118,3.,-2.02254248593737));
#9070=CARTESIAN_POINT('',(-1.66170093578839,-1.94840112652986E-16,-1.66170093578839));
#9071=CARTESIAN_POINT('Ctrl Pts',(-2.02254248593737,-1.72759038673439E-16,
-1.46946313073118));
#9072=CARTESIAN_POINT('Ctrl Pts',(-2.02254248593737,3.,-1.46946313073118));
#9073=CARTESIAN_POINT('Ctrl Pts',(-1.93183940513826,-1.84177813994977E-16,
-1.59430521127411));
#9074=CARTESIAN_POINT('Ctrl Pts',(-1.93183940513826,3.,-1.59430521127411));
#9075=CARTESIAN_POINT('Ctrl Pts',(-1.78606551028128,-1.83432460548112E-16,
-1.60169200672009));
#9076=CARTESIAN_POINT('Ctrl Pts',(-1.78606551028128,3.,-1.60169200672009));
#9077=CARTESIAN_POINT('Ctrl Pts',(-1.72553700140652,-1.87048328536786E-16,
-1.62211655376143));
#9078=CARTESIAN_POINT('Ctrl Pts',(-1.72553700140652,3.,-1.62211655376143));
#9079=CARTESIAN_POINT('Ctrl Pts',(-1.70084814649388,-1.88523197847384E-16,
-1.63044748224346));
#9080=CARTESIAN_POINT('Ctrl Pts',(-1.70084814649388,3.,-1.63044748224346));
#9081=CARTESIAN_POINT('Ctrl Pts',(-1.6835805477249,-1.9088420140221E-16,
-1.63982132385187));
#9082=CARTESIAN_POINT('Ctrl Pts',(-1.6835805477249,3.,-1.63982132385187));
#9083=CARTESIAN_POINT('Ctrl Pts',(-1.66170093578839,-1.94840112652986E-16,
-1.66170093578839));
#9084=CARTESIAN_POINT('Ctrl Pts',(-1.66170093578839,3.,-1.66170093578839));
#9085=CARTESIAN_POINT('',(-2.02254248593737,3.,-1.46946313073118));
#9086=CARTESIAN_POINT('Ctrl Pts',(-2.02254248593737,3.,-1.46946313073118));
#9087=CARTESIAN_POINT('Ctrl Pts',(-1.93183940513826,3.,-1.59430521127411));
#9088=CARTESIAN_POINT('Ctrl Pts',(-1.78606551028128,3.,-1.60169200672009));
#9089=CARTESIAN_POINT('Ctrl Pts',(-1.72553700140652,3.,-1.62211655376143));
#9090=CARTESIAN_POINT('Ctrl Pts',(-1.70084814649388,3.,-1.63044748224346));
#9091=CARTESIAN_POINT('Ctrl Pts',(-1.6835805477249,3.,-1.63982132385187));
#9092=CARTESIAN_POINT('Ctrl Pts',(-1.66170093578839,3.,-1.66170093578839));
#9093=CARTESIAN_POINT('',(-2.02254248593737,-1.72759038673439E-16,-1.46946313073118));
#9094=CARTESIAN_POINT('Ctrl Pts',(-2.09386533184267,-1.25095052778602E-16,
-1.06687767438793));
#9095=CARTESIAN_POINT('Ctrl Pts',(-2.09386533184267,3.,-1.06687767438793));
#9096=CARTESIAN_POINT('Ctrl Pts',(-2.05899042000437,-1.37470307946289E-16,
-1.13532354274034));
#9097=CARTESIAN_POINT('Ctrl Pts',(-2.05899042000437,3.,-1.13532354274034));
#9098=CARTESIAN_POINT('Ctrl Pts',(-2.09643610646936,-1.48339571944619E-16,
-1.18207114560066));
#9099=CARTESIAN_POINT('Ctrl Pts',(-2.09643610646936,3.,-1.18207114560066));
#9100=CARTESIAN_POINT('Ctrl Pts',(-2.0837422993451,-1.59489355648701E-16,
-1.31204928726464));
#9101=CARTESIAN_POINT('Ctrl Pts',(-2.0837422993451,3.,-1.31204928726464));
#9102=CARTESIAN_POINT('Ctrl Pts',(-2.07878762667813,-1.63841361947563E-16,
-1.36278262041701));
#9103=CARTESIAN_POINT('Ctrl Pts',(-2.07878762667813,3.,-1.36278262041701));
#9104=CARTESIAN_POINT('Ctrl Pts',(-2.05839320116171,-1.68245727122645E-16,
-1.42011885446043));
#9105=CARTESIAN_POINT('Ctrl Pts',(-2.05839320116171,3.,-1.42011885446043));
#9106=CARTESIAN_POINT('Ctrl Pts',(-2.02254248593737,-1.72759038673439E-16,
-1.46946313073118));
#9107=CARTESIAN_POINT('Ctrl Pts',(-2.02254248593737,3.,-1.46946313073118));
#9108=CARTESIAN_POINT('',(-2.09386533184267,3.,-1.06687767438793));
#9109=CARTESIAN_POINT('Ctrl Pts',(-2.09386533184267,3.,-1.06687767438793));
#9110=CARTESIAN_POINT('Ctrl Pts',(-2.05899042000437,3.,-1.13532354274034));
#9111=CARTESIAN_POINT('Ctrl Pts',(-2.09643610646936,3.,-1.18207114560066));
#9112=CARTESIAN_POINT('Ctrl Pts',(-2.0837422993451,3.,-1.31204928726464));
#9113=CARTESIAN_POINT('Ctrl Pts',(-2.07878762667813,3.,-1.36278262041701));
#9114=CARTESIAN_POINT('Ctrl Pts',(-2.05839320116171,3.,-1.42011885446043));
#9115=CARTESIAN_POINT('Ctrl Pts',(-2.02254248593737,3.,-1.46946313073118));
#9116=CARTESIAN_POINT('',(-2.09386533184267,-1.25095052778602E-16,-1.06687767438793));
#9117=CARTESIAN_POINT('Ctrl Pts',(-2.37764129073788,-9.08248015304196E-17,
-0.772542485937368));
#9118=CARTESIAN_POINT('Ctrl Pts',(-2.37764129073788,3.,-0.772542485937368));
#9119=CARTESIAN_POINT('Ctrl Pts',(-2.32995585919674,-1.04248376996899E-16,
-0.919303153554628));
#9120=CARTESIAN_POINT('Ctrl Pts',(-2.32995585919674,3.,-0.919303153554628));
#9121=CARTESIAN_POINT('Ctrl Pts',(-2.19359929191411,-1.07052614893016E-16,
-0.971375024345103));
#9122=CARTESIAN_POINT('Ctrl Pts',(-2.19359929191411,3.,-0.971375024345103));
#9123=CARTESIAN_POINT('Ctrl Pts',(-2.1423447912653,-1.1380283976733E-16,
-1.00950426078762));
#9124=CARTESIAN_POINT('Ctrl Pts',(-2.1423447912653,3.,-1.00950426078762));
#9125=CARTESIAN_POINT('Ctrl Pts',(-2.12143869340062,-1.16556175767967E-16,
-1.02505672034693));
#9126=CARTESIAN_POINT('Ctrl Pts',(-2.12143869340062,3.,-1.02505672034693));
#9127=CARTESIAN_POINT('Ctrl Pts',(-2.10791290743019,-1.20110313800936E-16,
-1.03930775496297));
#9128=CARTESIAN_POINT('Ctrl Pts',(-2.10791290743019,3.,-1.03930775496297));
#9129=CARTESIAN_POINT('Ctrl Pts',(-2.09386533184266,-1.25095052778602E-16,
-1.06687767438794));
#9130=CARTESIAN_POINT('Ctrl Pts',(-2.09386533184266,3.,-1.06687767438794));
#9131=CARTESIAN_POINT('',(-2.37764129073788,3.,-0.772542485937368));
#9132=CARTESIAN_POINT('Ctrl Pts',(-2.37764129073788,3.,-0.772542485937368));
#9133=CARTESIAN_POINT('Ctrl Pts',(-2.32995585919674,3.,-0.919303153554628));
#9134=CARTESIAN_POINT('Ctrl Pts',(-2.19359929191411,3.,-0.971375024345103));
#9135=CARTESIAN_POINT('Ctrl Pts',(-2.1423447912653,3.,-1.00950426078762));
#9136=CARTESIAN_POINT('Ctrl Pts',(-2.12143869340062,3.,-1.02505672034693));
#9137=CARTESIAN_POINT('Ctrl Pts',(-2.10791290743019,3.,-1.03930775496297));
#9138=CARTESIAN_POINT('Ctrl Pts',(-2.09386533184266,3.,-1.06687767438794));
#9139=CARTESIAN_POINT('',(-2.37764129073788,-9.08248015304196E-17,-0.772542485937368));
#9140=CARTESIAN_POINT('Ctrl Pts',(-2.32106760039857,-4.31048175497656E-17,
-0.367620992844542));
#9141=CARTESIAN_POINT('Ctrl Pts',(-2.32106760039857,3.,-0.367620992844542));
#9142=CARTESIAN_POINT('Ctrl Pts',(-2.30905052475519,-5.68228935786124E-17,
-0.443493822389939));
#9143=CARTESIAN_POINT('Ctrl Pts',(-2.30905052475519,3.,-0.443493822389939));
#9144=CARTESIAN_POINT('Ctrl Pts',(-2.359109292605,-6.56528253324143E-17,
-0.47638208122772));
#9145=CARTESIAN_POINT('Ctrl Pts',(-2.359109292605,3.,-0.47638208122772));
#9146=CARTESIAN_POINT('Ctrl Pts',(-2.38720221929432,-7.65933883973794E-17,
-0.603921241957916));
#9147=CARTESIAN_POINT('Ctrl Pts',(-2.38720221929432,3.,-0.603921241957916));
#9148=CARTESIAN_POINT('Ctrl Pts',(-2.39816750769365,-8.08637312699844E-17,
-0.653702587101503));
#9149=CARTESIAN_POINT('Ctrl Pts',(-2.39816750769365,3.,-0.653702587101503));
#9150=CARTESIAN_POINT('Ctrl Pts',(-2.39648912712304,-8.55190855933048E-17,
-0.714534810183396));
#9151=CARTESIAN_POINT('Ctrl Pts',(-2.39648912712304,3.,-0.714534810183396));
#9152=CARTESIAN_POINT('Ctrl Pts',(-2.37764129073788,-9.08248015304196E-17,
-0.772542485937368));
#9153=CARTESIAN_POINT('Ctrl Pts',(-2.37764129073788,3.,-0.772542485937368));
#9154=CARTESIAN_POINT('',(-2.32106760039857,3.,-0.367620992844542));
#9155=CARTESIAN_POINT('Ctrl Pts',(-2.32106760039857,3.,-0.367620992844542));
#9156=CARTESIAN_POINT('Ctrl Pts',(-2.30905052475519,3.,-0.443493822389939));
#9157=CARTESIAN_POINT('Ctrl Pts',(-2.359109292605,3.,-0.47638208122772));
#9158=CARTESIAN_POINT('Ctrl Pts',(-2.38720221929432,3.,-0.603921241957916));
#9159=CARTESIAN_POINT('Ctrl Pts',(-2.39816750769365,3.,-0.653702587101503));
#9160=CARTESIAN_POINT('Ctrl Pts',(-2.39648912712304,3.,-0.714534810183396));
#9161=CARTESIAN_POINT('Ctrl Pts',(-2.37764129073788,3.,-0.772542485937368));
#9162=CARTESIAN_POINT('',(-2.32106760039857,-4.31048175497656E-17,-0.367620992844542));
#9163=CARTESIAN_POINT('Ctrl Pts',(-2.5,-5.17321571574901E-33,5.07486229170555E-16));
#9164=CARTESIAN_POINT('Ctrl Pts',(-2.5,3.,5.07486229170555E-16));
#9165=CARTESIAN_POINT('Ctrl Pts',(-2.5,-1.41143825172142E-17,-0.154313298003531));
#9166=CARTESIAN_POINT('Ctrl Pts',(-2.5,3.,-0.154313298003531));
#9167=CARTESIAN_POINT('Ctrl Pts',(-2.38640829114935,-2.01937134127652E-17,
-0.245973086619483));
#9168=CARTESIAN_POINT('Ctrl Pts',(-2.38640829114935,3.,-0.245973086619483));
#9169=CARTESIAN_POINT('Ctrl Pts',(-2.34944494636115,-2.94175361304399E-17,
-0.298074657138152));
#9170=CARTESIAN_POINT('Ctrl Pts',(-2.34944494636115,3.,-0.298074657138152));
#9171=CARTESIAN_POINT('Ctrl Pts',(-2.33436804006479,-3.31798231097542E-17,
-0.319326264672693));
#9172=CARTESIAN_POINT('Ctrl Pts',(-2.33436804006479,3.,-0.319326264672693));
#9173=CARTESIAN_POINT('Ctrl Pts',(-2.32590806506338,-3.75791918270623E-17,
-0.337059501735387));
#9174=CARTESIAN_POINT('Ctrl Pts',(-2.32590806506338,3.,-0.337059501735387));
#9175=CARTESIAN_POINT('Ctrl Pts',(-2.32106760039857,-4.31048175497656E-17,
-0.367620992844542));
#9176=CARTESIAN_POINT('Ctrl Pts',(-2.32106760039857,3.,-0.367620992844542));
#9177=CARTESIAN_POINT('',(-2.5,3.,4.85722573273506E-16));
#9178=CARTESIAN_POINT('Ctrl Pts',(-2.5,3.,5.07486229170555E-16));
#9179=CARTESIAN_POINT('Ctrl Pts',(-2.5,3.,-0.154313298003531));
#9180=CARTESIAN_POINT('Ctrl Pts',(-2.38640829114935,3.,-0.245973086619483));
#9181=CARTESIAN_POINT('Ctrl Pts',(-2.34944494636115,3.,-0.298074657138152));
#9182=CARTESIAN_POINT('Ctrl Pts',(-2.33436804006479,3.,-0.319326264672693));
#9183=CARTESIAN_POINT('Ctrl Pts',(-2.32590806506338,3.,-0.337059501735387));
#9184=CARTESIAN_POINT('Ctrl Pts',(-2.32106760039857,3.,-0.367620992844542));
#9185=CARTESIAN_POINT('',(-2.5,-5.17321571574901E-33,5.07486229170555E-16));
#9186=CARTESIAN_POINT('Ctrl Pts',(-2.32106760039857,4.31048175497656E-17,
0.367620992844544));
#9187=CARTESIAN_POINT('Ctrl Pts',(-2.32106760039857,3.,0.367620992844544));
#9188=CARTESIAN_POINT('Ctrl Pts',(-2.33308467604196,2.93867415209195E-17,
0.291748163299143));
#9189=CARTESIAN_POINT('Ctrl Pts',(-2.33308467604196,3.,0.291748163299143));
#9190=CARTESIAN_POINT('Ctrl Pts',(-2.39085642429952,2.34604772534608E-17,
0.275938580404887));
#9191=CARTESIAN_POINT('Ctrl Pts',(-2.39085642429952,3.,0.275938580404887));
#9192=CARTESIAN_POINT('Ctrl Pts',(-2.45698615340313,1.38000733677981E-17,
0.163322822278419));
#9193=CARTESIAN_POINT('Ctrl Pts',(-2.45698615340313,3.,0.163322822278419));
#9194=CARTESIAN_POINT('Ctrl Pts',(-2.48279804404057,1.0029404835048E-17,
0.119366410053306));
#9195=CARTESIAN_POINT('Ctrl Pts',(-2.48279804404057,3.,0.119366410053306));
#9196=CARTESIAN_POINT('Ctrl Pts',(-2.5,5.57875988041579E-18,0.0609928797711705));
#9197=CARTESIAN_POINT('Ctrl Pts',(-2.5,3.,0.0609928797711705));
#9198=CARTESIAN_POINT('Ctrl Pts',(-2.5,8.81698578076868E-33,6.21724893790086E-16));
#9199=CARTESIAN_POINT('Ctrl Pts',(-2.5,3.,6.21724893790086E-16));
#9200=CARTESIAN_POINT('',(-2.32106760039857,3.,0.367620992844544));
#9201=CARTESIAN_POINT('Ctrl Pts',(-2.32106760039857,3.,0.367620992844544));
#9202=CARTESIAN_POINT('Ctrl Pts',(-2.33308467604196,3.,0.291748163299143));
#9203=CARTESIAN_POINT('Ctrl Pts',(-2.39085642429952,3.,0.275938580404887));
#9204=CARTESIAN_POINT('Ctrl Pts',(-2.45698615340313,3.,0.163322822278419));
#9205=CARTESIAN_POINT('Ctrl Pts',(-2.48279804404057,3.,0.119366410053306));
#9206=CARTESIAN_POINT('Ctrl Pts',(-2.5,3.,0.0609928797711705));
#9207=CARTESIAN_POINT('Ctrl Pts',(-2.5,3.,6.21724893790086E-16));
#9208=CARTESIAN_POINT('',(-2.32106760039857,4.31048175497656E-17,0.367620992844544));
#9209=CARTESIAN_POINT('Ctrl Pts',(-2.37764129073788,9.08248015304196E-17,
0.772542485937369));
#9210=CARTESIAN_POINT('Ctrl Pts',(-2.37764129073788,3.,0.772542485937369));
#9211=CARTESIAN_POINT('Ctrl Pts',(-2.42532672227902,7.74012260639405E-17,
0.625781818320111));
#9212=CARTESIAN_POINT('Ctrl Pts',(-2.42532672227902,3.,0.625781818320111));
#9213=CARTESIAN_POINT('Ctrl Pts',(-2.34561901976264,6.86418894342015E-17,
0.503506410619714));
#9214=CARTESIAN_POINT('Ctrl Pts',(-2.34561901976264,3.,0.503506410619714));
#9215=CARTESIAN_POINT('Ctrl Pts',(-2.32656506056166,5.78473609069227E-17,
0.442532570760248));
#9216=CARTESIAN_POINT('Ctrl Pts',(-2.32656506056166,3.,0.442532570760248));
#9217=CARTESIAN_POINT('Ctrl Pts',(-2.31879317846891,5.34444018118618E-17,
0.417662070664612));
#9218=CARTESIAN_POINT('Ctrl Pts',(-2.31879317846891,3.,0.417662070664612));
#9219=CARTESIAN_POINT('Ctrl Pts',(-2.31622713573377,4.86304432724687E-17,
0.398182483953699));
#9220=CARTESIAN_POINT('Ctrl Pts',(-2.31622713573377,3.,0.398182483953699));
#9221=CARTESIAN_POINT('Ctrl Pts',(-2.32106760039857,4.31048175497657E-17,
0.367620992844542));
#9222=CARTESIAN_POINT('Ctrl Pts',(-2.32106760039857,3.,0.367620992844542));
#9223=CARTESIAN_POINT('',(-2.37764129073788,3.,0.772542485937369));
#9224=CARTESIAN_POINT('Ctrl Pts',(-2.37764129073788,3.,0.772542485937369));
#9225=CARTESIAN_POINT('Ctrl Pts',(-2.42532672227902,3.,0.625781818320111));
#9226=CARTESIAN_POINT('Ctrl Pts',(-2.34561901976264,3.,0.503506410619714));
#9227=CARTESIAN_POINT('Ctrl Pts',(-2.32656506056166,3.,0.442532570760248));
#9228=CARTESIAN_POINT('Ctrl Pts',(-2.31879317846891,3.,0.417662070664612));
#9229=CARTESIAN_POINT('Ctrl Pts',(-2.31622713573377,3.,0.398182483953699));
#9230=CARTESIAN_POINT('Ctrl Pts',(-2.32106760039857,3.,0.367620992844542));
#9231=CARTESIAN_POINT('',(-2.37764129073788,9.08248015304196E-17,0.772542485937369));
#9232=CARTESIAN_POINT('Ctrl Pts',(-2.09386533184267,1.25095052778602E-16,
1.06687767438793));
#9233=CARTESIAN_POINT('Ctrl Pts',(-2.09386533184267,3.,1.06687767438793));
#9234=CARTESIAN_POINT('Ctrl Pts',(-2.12874024368095,1.12719797610915E-16,
0.998431806035538));
#9235=CARTESIAN_POINT('Ctrl Pts',(-2.12874024368095,3.,0.998431806035538));
#9236=CARTESIAN_POINT('Ctrl Pts',(-2.18856987110736,1.10277304867009E-16,
1.00124845121041));
#9237=CARTESIAN_POINT('Ctrl Pts',(-2.18856987110736,3.,1.00124845121041));
#9238=CARTESIAN_POINT('Ctrl Pts',(-2.28626316398771,1.02842687800968E-16,
0.914579710733089));
#9239=CARTESIAN_POINT('Ctrl Pts',(-2.28626316398771,3.,0.914579710733089));
#9240=CARTESIAN_POINT('Ctrl Pts',(-2.32439500916567,9.99407929158516E-17,
0.880750991317341));
#9241=CARTESIAN_POINT('Ctrl Pts',(-2.32439500916567,3.,0.880750991317341));
#9242=CARTESIAN_POINT('Ctrl Pts',(-2.35879345435273,9.61305174675344E-17,
0.830550161691339));
#9243=CARTESIAN_POINT('Ctrl Pts',(-2.35879345435273,3.,0.830550161691339));
#9244=CARTESIAN_POINT('Ctrl Pts',(-2.37764129073788,9.08248015304196E-17,
0.772542485937369));
#9245=CARTESIAN_POINT('Ctrl Pts',(-2.37764129073788,3.,0.772542485937369));
#9246=CARTESIAN_POINT('',(-2.09386533184267,3.,1.06687767438793));
#9247=CARTESIAN_POINT('Ctrl Pts',(-2.09386533184267,3.,1.06687767438793));
#9248=CARTESIAN_POINT('Ctrl Pts',(-2.12874024368095,3.,0.998431806035538));
#9249=CARTESIAN_POINT('Ctrl Pts',(-2.18856987110736,3.,1.00124845121041));
#9250=CARTESIAN_POINT('Ctrl Pts',(-2.28626316398771,3.,0.914579710733089));
#9251=CARTESIAN_POINT('Ctrl Pts',(-2.32439500916567,3.,0.880750991317341));
#9252=CARTESIAN_POINT('Ctrl Pts',(-2.35879345435273,3.,0.830550161691339));
#9253=CARTESIAN_POINT('Ctrl Pts',(-2.37764129073788,3.,0.772542485937369));
#9254=CARTESIAN_POINT('',(-2.09386533184267,1.25095052778602E-16,1.06687767438793));
#9255=CARTESIAN_POINT('Ctrl Pts',(-2.02254248593737,1.72759038673439E-16,
1.46946313073118));
#9256=CARTESIAN_POINT('Ctrl Pts',(-2.02254248593737,3.,1.46946313073118));
#9257=CARTESIAN_POINT('Ctrl Pts',(-2.11324556673646,1.61340263351904E-16,
1.34462105018827));
#9258=CARTESIAN_POINT('Ctrl Pts',(-2.11324556673646,3.,1.34462105018827));
#9259=CARTESIAN_POINT('Ctrl Pts',(-2.07522421583289,1.50758345887182E-16,
1.20369919225206));
#9260=CARTESIAN_POINT('Ctrl Pts',(-2.07522421583289,3.,1.20369919225206));
#9261=CARTESIAN_POINT('Ctrl Pts',(-2.07594477650244,1.39449755212452E-16,
1.1398216273269));
#9262=CARTESIAN_POINT('Ctrl Pts',(-2.07594477650244,3.,1.1398216273269));
#9263=CARTESIAN_POINT('Ctrl Pts',(-2.07623868458241,1.34837116315089E-16,
1.11376673250247));
#9264=CARTESIAN_POINT('Ctrl Pts',(-2.07623868458241,3.,1.11376673250247));
#9265=CARTESIAN_POINT('Ctrl Pts',(-2.07981775625514,1.30079791756269E-16,
1.09444759381289));
#9266=CARTESIAN_POINT('Ctrl Pts',(-2.07981775625514,3.,1.09444759381289));
#9267=CARTESIAN_POINT('Ctrl Pts',(-2.09386533184266,1.25095052778602E-16,
1.06687767438793));
#9268=CARTESIAN_POINT('Ctrl Pts',(-2.09386533184266,3.,1.06687767438793));
#9269=CARTESIAN_POINT('',(-2.02254248593737,3.,1.46946313073118));
#9270=CARTESIAN_POINT('Ctrl Pts',(-2.02254248593737,3.,1.46946313073118));
#9271=CARTESIAN_POINT('Ctrl Pts',(-2.11324556673646,3.,1.34462105018827));
#9272=CARTESIAN_POINT('Ctrl Pts',(-2.07522421583289,3.,1.20369919225206));
#9273=CARTESIAN_POINT('Ctrl Pts',(-2.07594477650244,3.,1.1398216273269));
#9274=CARTESIAN_POINT('Ctrl Pts',(-2.07623868458241,3.,1.11376673250247));
#9275=CARTESIAN_POINT('Ctrl Pts',(-2.07981775625514,3.,1.09444759381289));
#9276=CARTESIAN_POINT('Ctrl Pts',(-2.09386533184266,3.,1.06687767438793));
#9277=CARTESIAN_POINT('',(-2.02254248593737,1.72759038673439E-16,1.46946313073118));
#9278=CARTESIAN_POINT('Ctrl Pts',(-1.66170093578839,1.94840112652986E-16,
1.66170093578839));
#9279=CARTESIAN_POINT('Ctrl Pts',(-1.66170093578839,3.,1.66170093578839));
#9280=CARTESIAN_POINT('Ctrl Pts',(-1.71601988446306,1.85019054545744E-16,
1.60738198711371));
#9281=CARTESIAN_POINT('Ctrl Pts',(-1.71601988446306,3.,1.60738198711371));
#9282=CARTESIAN_POINT('Ctrl Pts',(-1.77205085026829,1.86299421533013E-16,
1.62854914750325));
#9283=CARTESIAN_POINT('Ctrl Pts',(-1.77205085026829,3.,1.62854914750325));
#9284=CARTESIAN_POINT('Ctrl Pts',(-1.89174480674903,1.81818343405041E-16,
1.57631116484968));
#9285=CARTESIAN_POINT('Ctrl Pts',(-1.89174480674903,3.,1.57631116484968));
#9286=CARTESIAN_POINT('Ctrl Pts',(-1.9384639957813,1.80069279857604E-16,
1.55592152899828));
#9287=CARTESIAN_POINT('Ctrl Pts',(-1.9384639957813,3.,1.55592152899828));
#9288=CARTESIAN_POINT('Ctrl Pts',(-1.98669177071303,1.77272350224232E-16,
1.51880740700192));
#9289=CARTESIAN_POINT('Ctrl Pts',(-1.98669177071303,3.,1.51880740700192));
#9290=CARTESIAN_POINT('Ctrl Pts',(-2.02254248593737,1.72759038673439E-16,
1.46946313073118));
#9291=CARTESIAN_POINT('Ctrl Pts',(-2.02254248593737,3.,1.46946313073118));
#9292=CARTESIAN_POINT('',(-1.66170093578839,3.,1.66170093578839));
#9293=CARTESIAN_POINT('Ctrl Pts',(-1.66170093578839,3.,1.66170093578839));
#9294=CARTESIAN_POINT('Ctrl Pts',(-1.71601988446306,3.,1.60738198711371));
#9295=CARTESIAN_POINT('Ctrl Pts',(-1.77205085026829,3.,1.62854914750325));
#9296=CARTESIAN_POINT('Ctrl Pts',(-1.89174480674903,3.,1.57631116484968));
#9297=CARTESIAN_POINT('Ctrl Pts',(-1.9384639957813,3.,1.55592152899828));
#9298=CARTESIAN_POINT('Ctrl Pts',(-1.98669177071303,3.,1.51880740700192));
#9299=CARTESIAN_POINT('Ctrl Pts',(-2.02254248593737,3.,1.46946313073118));
#9300=CARTESIAN_POINT('',(-1.66170093578839,1.94840112652986E-16,1.66170093578839));
#9301=CARTESIAN_POINT('Ctrl Pts',(-1.46946313073118,4.18819982779935E-32,
2.02254248593737));
#9302=CARTESIAN_POINT('Ctrl Pts',(-1.46946313073118,3.,2.02254248593737));
#9303=CARTESIAN_POINT('Ctrl Pts',(-1.59430521127407,4.04207358257561E-32,
1.93183940513829));
#9304=CARTESIAN_POINT('Ctrl Pts',(-1.59430521127407,3.,1.93183940513829));
#9305=CARTESIAN_POINT('Ctrl Pts',(-1.60169200672009,3.84183065650279E-32,
1.78606551028133));
#9306=CARTESIAN_POINT('Ctrl Pts',(-1.60169200672009,3.,1.78606551028133));
#9307=CARTESIAN_POINT('Ctrl Pts',(-1.62211655376141,3.65308899913219E-32,
1.72553700140658));
#9308=CARTESIAN_POINT('Ctrl Pts',(-1.62211655376141,3.,1.72553700140658));
#9309=CARTESIAN_POINT('Ctrl Pts',(-1.63044748224345,3.57610353424256E-32,
1.70084814649391));
#9310=CARTESIAN_POINT('Ctrl Pts',(-1.63044748224345,3.,1.70084814649391));
#9311=CARTESIAN_POINT('Ctrl Pts',(-1.63982132385185,3.50150983443801E-32,
1.68358054772492));
#9312=CARTESIAN_POINT('Ctrl Pts',(-1.63982132385185,3.,1.68358054772492));
#9313=CARTESIAN_POINT('Ctrl Pts',(-1.66170093578839,3.43183207189146E-32,
1.66170093578839));
#9314=CARTESIAN_POINT('Ctrl Pts',(-1.66170093578839,3.,1.66170093578839));
#9315=CARTESIAN_POINT('',(-1.46946313073118,3.,2.02254248593737));
#9316=CARTESIAN_POINT('Ctrl Pts',(-1.46946313073118,3.,2.02254248593737));
#9317=CARTESIAN_POINT('Ctrl Pts',(-1.59430521127407,3.,1.93183940513829));
#9318=CARTESIAN_POINT('Ctrl Pts',(-1.60169200672009,3.,1.78606551028133));
#9319=CARTESIAN_POINT('Ctrl Pts',(-1.62211655376141,3.,1.72553700140658));
#9320=CARTESIAN_POINT('Ctrl Pts',(-1.63044748224345,3.,1.70084814649391));
#9321=CARTESIAN_POINT('Ctrl Pts',(-1.63982132385185,3.,1.68358054772492));
#9322=CARTESIAN_POINT('Ctrl Pts',(-1.66170093578839,3.,1.66170093578839));
#9323=CARTESIAN_POINT('',(-1.46946313073118,4.18819982779935E-32,2.02254248593737));
#9324=CARTESIAN_POINT('Ctrl Pts',(-1.06687767438793,4.32436068685852E-32,
2.09386533184266));
#9325=CARTESIAN_POINT('Ctrl Pts',(-1.06687767438793,3.,2.09386533184266));
#9326=CARTESIAN_POINT('Ctrl Pts',(-1.13532354274034,4.21329812172028E-32,
2.05899042000437));
#9327=CARTESIAN_POINT('Ctrl Pts',(-1.13532354274034,3.,2.05899042000437));
#9328=CARTESIAN_POINT('Ctrl Pts',(-1.1820711456007,4.29921532795148E-32,
2.09643610646936));
#9329=CARTESIAN_POINT('Ctrl Pts',(-1.1820711456007,3.,2.09643610646936));
#9330=CARTESIAN_POINT('Ctrl Pts',(-1.31204928726467,4.28003589906647E-32,
2.0837422993451));
#9331=CARTESIAN_POINT('Ctrl Pts',(-1.31204928726467,3.,2.0837422993451));
#9332=CARTESIAN_POINT('Ctrl Pts',(-1.36278262041702,4.27254974529601E-32,
2.07878762667812));
#9333=CARTESIAN_POINT('Ctrl Pts',(-1.36278262041702,3.,2.07878762667812));
#9334=CARTESIAN_POINT('Ctrl Pts',(-1.42011885446044,4.2459567458463E-32,
2.05839320116171));
#9335=CARTESIAN_POINT('Ctrl Pts',(-1.42011885446044,3.,2.05839320116171));
#9336=CARTESIAN_POINT('Ctrl Pts',(-1.46946313073118,4.18819982779936E-32,
2.02254248593737));
#9337=CARTESIAN_POINT('Ctrl Pts',(-1.46946313073118,3.,2.02254248593737));
#9338=CARTESIAN_POINT('',(-1.06687767438793,3.,2.09386533184266));
#9339=CARTESIAN_POINT('Ctrl Pts',(-1.06687767438793,3.,2.09386533184266));
#9340=CARTESIAN_POINT('Ctrl Pts',(-1.13532354274034,3.,2.05899042000437));
#9341=CARTESIAN_POINT('Ctrl Pts',(-1.1820711456007,3.,2.09643610646936));
#9342=CARTESIAN_POINT('Ctrl Pts',(-1.31204928726467,3.,2.0837422993451));
#9343=CARTESIAN_POINT('Ctrl Pts',(-1.36278262041702,3.,2.07878762667812));
#9344=CARTESIAN_POINT('Ctrl Pts',(-1.42011885446044,3.,2.05839320116171));
#9345=CARTESIAN_POINT('Ctrl Pts',(-1.46946313073118,3.,2.02254248593737));
#9346=CARTESIAN_POINT('',(-1.06687767438793,4.32436068685852E-32,2.09386533184266));
#9347=CARTESIAN_POINT('Ctrl Pts',(-0.772542485937369,4.92352418486867E-32,
2.37764129073788));
#9348=CARTESIAN_POINT('Ctrl Pts',(-0.772542485937369,3.,2.37764129073788));
#9349=CARTESIAN_POINT('Ctrl Pts',(-0.919303153554632,4.84670107145739E-32,
2.32995585919674));
#9350=CARTESIAN_POINT('Ctrl Pts',(-0.919303153554632,3.,2.32995585919674));
#9351=CARTESIAN_POINT('Ctrl Pts',(-0.971375024345101,4.65220185062365E-32,
2.1935992919141));
#9352=CARTESIAN_POINT('Ctrl Pts',(-0.971375024345101,3.,2.1935992919141));
#9353=CARTESIAN_POINT('Ctrl Pts',(-1.00950426078763,4.4923786601966E-32,
2.1423447912653));
#9354=CARTESIAN_POINT('Ctrl Pts',(-1.00950426078763,3.,2.1423447912653));
#9355=CARTESIAN_POINT('Ctrl Pts',(-1.02505672034693,4.42718869213881E-32,
2.12143869340061));
#9356=CARTESIAN_POINT('Ctrl Pts',(-1.02505672034693,3.,2.12143869340061));
#9357=CARTESIAN_POINT('Ctrl Pts',(-1.03930775496298,4.36909656421235E-32,
2.10791290743019));
#9358=CARTESIAN_POINT('Ctrl Pts',(-1.03930775496298,3.,2.10791290743019));
#9359=CARTESIAN_POINT('Ctrl Pts',(-1.06687767438793,4.32436068685852E-32,
2.09386533184267));
#9360=CARTESIAN_POINT('Ctrl Pts',(-1.06687767438793,3.,2.09386533184267));
#9361=CARTESIAN_POINT('',(-0.772542485937369,3.,2.37764129073788));
#9362=CARTESIAN_POINT('Ctrl Pts',(-0.772542485937369,3.,2.37764129073788));
#9363=CARTESIAN_POINT('Ctrl Pts',(-0.919303153554632,3.,2.32995585919674));
#9364=CARTESIAN_POINT('Ctrl Pts',(-0.971375024345101,3.,2.1935992919141));
#9365=CARTESIAN_POINT('Ctrl Pts',(-1.00950426078763,3.,2.1423447912653));
#9366=CARTESIAN_POINT('Ctrl Pts',(-1.02505672034693,3.,2.12143869340061));
#9367=CARTESIAN_POINT('Ctrl Pts',(-1.03930775496298,3.,2.10791290743019));
#9368=CARTESIAN_POINT('Ctrl Pts',(-1.06687767438793,3.,2.09386533184267));
#9369=CARTESIAN_POINT('',(-0.772542485937369,4.92352418486867E-32,2.37764129073788));
#9370=CARTESIAN_POINT('Ctrl Pts',(-0.367620992844541,4.7935907482033E-32,
2.32106760039857));
#9371=CARTESIAN_POINT('Ctrl Pts',(-0.367620992844541,3.,2.32106760039857));
#9372=CARTESIAN_POINT('Ctrl Pts',(-0.443493822389944,4.75532119636607E-32,
2.30905052475519));
#9373=CARTESIAN_POINT('Ctrl Pts',(-0.443493822389944,3.,2.30905052475519));
#9374=CARTESIAN_POINT('Ctrl Pts',(-0.476382081227744,4.89619358664806E-32,
2.359109292605));
#9375=CARTESIAN_POINT('Ctrl Pts',(-0.476382081227744,3.,2.359109292605));
#9376=CARTESIAN_POINT('Ctrl Pts',(-0.60392124195791,4.93863997679211E-32,
2.38720221929432));
#9377=CARTESIAN_POINT('Ctrl Pts',(-0.60392124195791,3.,2.38720221929432));
#9378=CARTESIAN_POINT('Ctrl Pts',(-0.653702587101487,4.95520773829974E-32,
2.39816750769365));
#9379=CARTESIAN_POINT('Ctrl Pts',(-0.653702587101487,3.,2.39816750769365));
#9380=CARTESIAN_POINT('Ctrl Pts',(-0.714534810183396,4.95388879362607E-32,
2.39648912712304));
#9381=CARTESIAN_POINT('Ctrl Pts',(-0.714534810183396,3.,2.39648912712304));
#9382=CARTESIAN_POINT('Ctrl Pts',(-0.772542485937369,4.92352418486867E-32,
2.37764129073788));
#9383=CARTESIAN_POINT('Ctrl Pts',(-0.772542485937369,3.,2.37764129073788));
#9384=CARTESIAN_POINT('',(-0.367620992844541,3.,2.32106760039857));
#9385=CARTESIAN_POINT('Ctrl Pts',(-0.367620992844541,3.,2.32106760039857));
#9386=CARTESIAN_POINT('Ctrl Pts',(-0.443493822389944,3.,2.30905052475519));
#9387=CARTESIAN_POINT('Ctrl Pts',(-0.476382081227744,3.,2.359109292605));
#9388=CARTESIAN_POINT('Ctrl Pts',(-0.60392124195791,3.,2.38720221929432));
#9389=CARTESIAN_POINT('Ctrl Pts',(-0.653702587101487,3.,2.39816750769365));
#9390=CARTESIAN_POINT('Ctrl Pts',(-0.714534810183396,3.,2.39648912712304));
#9391=CARTESIAN_POINT('Ctrl Pts',(-0.772542485937369,3.,2.37764129073788));
#9392=CARTESIAN_POINT('',(-0.367620992844541,4.7935907482033E-32,2.32106760039857));
#9393=CARTESIAN_POINT('Ctrl Pts',(4.44089209850056E-17,5.17689969051292E-32,
2.5));
#9394=CARTESIAN_POINT('Ctrl Pts',(4.44089209850056E-17,3.,2.5));
#9395=CARTESIAN_POINT('Ctrl Pts',(-0.154313298003512,5.17689969051292E-32,
2.5));
#9396=CARTESIAN_POINT('Ctrl Pts',(-0.154313298003512,3.,2.5));
#9397=CARTESIAN_POINT('Ctrl Pts',(-0.245973086619456,5.00718311380934E-32,
2.38640829114938));
#9398=CARTESIAN_POINT('Ctrl Pts',(-0.245973086619456,3.,2.38640829114938));
#9399=CARTESIAN_POINT('Ctrl Pts',(-0.298074657138133,4.89192299775852E-32,
2.34944494636116));
#9400=CARTESIAN_POINT('Ctrl Pts',(-0.298074657138133,3.,2.34944494636116));
#9401=CARTESIAN_POINT('Ctrl Pts',(-0.319326264672688,4.84490977481121E-32,
2.33436804006479));
#9402=CARTESIAN_POINT('Ctrl Pts',(-0.319326264672688,3.,2.33436804006479));
#9403=CARTESIAN_POINT('Ctrl Pts',(-0.337059501735375,4.80900568099589E-32,
2.32590806506338));
#9404=CARTESIAN_POINT('Ctrl Pts',(-0.337059501735375,3.,2.32590806506338));
#9405=CARTESIAN_POINT('Ctrl Pts',(-0.367620992844544,4.7935907482033E-32,
2.32106760039857));
#9406=CARTESIAN_POINT('Ctrl Pts',(-0.367620992844544,3.,2.32106760039857));
#9407=CARTESIAN_POINT('',(0.,3.,2.5));
#9408=CARTESIAN_POINT('Ctrl Pts',(4.44089209850056E-17,3.,2.5));
#9409=CARTESIAN_POINT('Ctrl Pts',(-0.154313298003512,3.,2.5));
#9410=CARTESIAN_POINT('Ctrl Pts',(-0.245973086619456,3.,2.38640829114938));
#9411=CARTESIAN_POINT('Ctrl Pts',(-0.298074657138133,3.,2.34944494636116));
#9412=CARTESIAN_POINT('Ctrl Pts',(-0.319326264672688,3.,2.33436804006479));
#9413=CARTESIAN_POINT('Ctrl Pts',(-0.337059501735375,3.,2.32590806506338));
#9414=CARTESIAN_POINT('Ctrl Pts',(-0.367620992844544,3.,2.32106760039857));
#9415=CARTESIAN_POINT('',(4.44089209850056E-17,5.17689969051292E-32,2.5));
#9416=CARTESIAN_POINT('Ctrl Pts',(0.367620992844542,4.7935907482033E-32,
2.32106760039857));
#9417=CARTESIAN_POINT('Ctrl Pts',(0.367620992844542,3.,2.32106760039857));
#9418=CARTESIAN_POINT('Ctrl Pts',(0.291748163299148,4.83186030004054E-32,
2.33308467604196));
#9419=CARTESIAN_POINT('Ctrl Pts',(0.291748163299148,3.,2.33308467604196));
#9420=CARTESIAN_POINT('Ctrl Pts',(0.275938580404922,5.01389830329688E-32,
2.39085642429952));
#9421=CARTESIAN_POINT('Ctrl Pts',(0.275938580404922,3.,2.39085642429952));
#9422=CARTESIAN_POINT('Ctrl Pts',(0.163322822278399,5.1138155640613E-32,
2.45698615340314));
#9423=CARTESIAN_POINT('Ctrl Pts',(0.163322822278399,3.,2.45698615340314));
#9424=CARTESIAN_POINT('Ctrl Pts',(0.119366410053272,5.15281547291626E-32,
2.48279804404058));
#9425=CARTESIAN_POINT('Ctrl Pts',(0.119366410053272,3.,2.48279804404058));
#9426=CARTESIAN_POINT('Ctrl Pts',(0.0609928797711633,5.17689969051292E-32,
2.5));
#9427=CARTESIAN_POINT('Ctrl Pts',(0.0609928797711633,3.,2.5));
#9428=CARTESIAN_POINT('Ctrl Pts',(1.58647585604537E-16,5.17689969051292E-32,
2.5));
#9429=CARTESIAN_POINT('Ctrl Pts',(1.58647585604537E-16,3.,2.5));
#9430=CARTESIAN_POINT('',(0.367620992844542,3.,2.32106760039857));
#9431=CARTESIAN_POINT('Ctrl Pts',(0.367620992844542,3.,2.32106760039857));
#9432=CARTESIAN_POINT('Ctrl Pts',(0.291748163299148,3.,2.33308467604196));
#9433=CARTESIAN_POINT('Ctrl Pts',(0.275938580404922,3.,2.39085642429952));
#9434=CARTESIAN_POINT('Ctrl Pts',(0.163322822278399,3.,2.45698615340314));
#9435=CARTESIAN_POINT('Ctrl Pts',(0.119366410053272,3.,2.48279804404058));
#9436=CARTESIAN_POINT('Ctrl Pts',(0.0609928797711633,3.,2.5));
#9437=CARTESIAN_POINT('Ctrl Pts',(1.58647585604537E-16,3.,2.5));
#9438=CARTESIAN_POINT('',(0.367620992844542,4.7935907482033E-32,2.32106760039857));
#9439=CARTESIAN_POINT('Ctrl Pts',(0.772542485937369,4.92352418486867E-32,
2.37764129073788));
#9440=CARTESIAN_POINT('Ctrl Pts',(0.772542485937369,3.,2.37764129073788));
#9441=CARTESIAN_POINT('Ctrl Pts',(0.625781818320089,5.00034729827996E-32,
2.42532672227903));
#9442=CARTESIAN_POINT('Ctrl Pts',(0.625781818320089,3.,2.42532672227903));
#9443=CARTESIAN_POINT('Ctrl Pts',(0.503506410619742,4.87202640671905E-32,
2.34561901976265));
#9444=CARTESIAN_POINT('Ctrl Pts',(0.503506410619742,3.,2.34561901976265));
#9445=CARTESIAN_POINT('Ctrl Pts',(0.442532570760215,4.81261182826796E-32,
2.32656506056165));
#9446=CARTESIAN_POINT('Ctrl Pts',(0.442532570760215,3.,2.32656506056165));
#9447=CARTESIAN_POINT('Ctrl Pts',(0.417662070664567,4.78837733225369E-32,
2.31879317846889));
#9448=CARTESIAN_POINT('Ctrl Pts',(0.417662070664567,3.,2.31879317846889));
#9449=CARTESIAN_POINT('Ctrl Pts',(0.398182483953686,4.77817581541073E-32,
2.31622713573377));
#9450=CARTESIAN_POINT('Ctrl Pts',(0.398182483953686,3.,2.31622713573377));
#9451=CARTESIAN_POINT('Ctrl Pts',(0.367620992844543,4.7935907482033E-32,
2.32106760039857));
#9452=CARTESIAN_POINT('Ctrl Pts',(0.367620992844543,3.,2.32106760039857));
#9453=CARTESIAN_POINT('',(0.772542485937369,3.,2.37764129073788));
#9454=CARTESIAN_POINT('Ctrl Pts',(0.772542485937369,3.,2.37764129073788));
#9455=CARTESIAN_POINT('Ctrl Pts',(0.625781818320089,3.,2.42532672227903));
#9456=CARTESIAN_POINT('Ctrl Pts',(0.503506410619742,3.,2.34561901976265));
#9457=CARTESIAN_POINT('Ctrl Pts',(0.442532570760215,3.,2.32656506056165));
#9458=CARTESIAN_POINT('Ctrl Pts',(0.417662070664567,3.,2.31879317846889));
#9459=CARTESIAN_POINT('Ctrl Pts',(0.398182483953686,3.,2.31622713573377));
#9460=CARTESIAN_POINT('Ctrl Pts',(0.367620992844543,3.,2.32106760039857));
#9461=CARTESIAN_POINT('',(0.772542485937369,4.92352418486867E-32,2.37764129073788));
#9462=CARTESIAN_POINT('Ctrl Pts',(1.06687767438794,4.32436068685852E-32,
2.09386533184266));
#9463=CARTESIAN_POINT('Ctrl Pts',(1.06687767438794,3.,2.09386533184266));
#9464=CARTESIAN_POINT('Ctrl Pts',(0.998431806035528,4.43542325199676E-32,
2.12874024368096));
#9465=CARTESIAN_POINT('Ctrl Pts',(0.998431806035528,3.,2.12874024368096));
#9466=CARTESIAN_POINT('Ctrl Pts',(1.00124845121042,4.64080772013537E-32,
2.18856987110736));
#9467=CARTESIAN_POINT('Ctrl Pts',(1.00124845121042,3.,2.18856987110736));
#9468=CARTESIAN_POINT('Ctrl Pts',(0.914579710733087,4.78841525387204E-32,
2.28626316398772));
#9469=CARTESIAN_POINT('Ctrl Pts',(0.914579710733087,3.,2.28626316398772));
#9470=CARTESIAN_POINT('Ctrl Pts',(0.880750991317338,4.84602972726727E-32,
2.32439500916568));
#9471=CARTESIAN_POINT('Ctrl Pts',(0.880750991317338,3.,2.32439500916568));
#9472=CARTESIAN_POINT('Ctrl Pts',(0.83055016169134,4.89315957611128E-32,
2.35879345435273));
#9473=CARTESIAN_POINT('Ctrl Pts',(0.83055016169134,3.,2.35879345435273));
#9474=CARTESIAN_POINT('Ctrl Pts',(0.772542485937369,4.92352418486867E-32,
2.37764129073788));
#9475=CARTESIAN_POINT('Ctrl Pts',(0.772542485937369,3.,2.37764129073788));
#9476=CARTESIAN_POINT('',(1.06687767438794,3.,2.09386533184266));
#9477=CARTESIAN_POINT('Ctrl Pts',(1.06687767438794,3.,2.09386533184266));
#9478=CARTESIAN_POINT('Ctrl Pts',(0.998431806035528,3.,2.12874024368096));
#9479=CARTESIAN_POINT('Ctrl Pts',(1.00124845121042,3.,2.18856987110736));
#9480=CARTESIAN_POINT('Ctrl Pts',(0.914579710733087,3.,2.28626316398772));
#9481=CARTESIAN_POINT('Ctrl Pts',(0.880750991317338,3.,2.32439500916568));
#9482=CARTESIAN_POINT('Ctrl Pts',(0.83055016169134,3.,2.35879345435273));
#9483=CARTESIAN_POINT('Ctrl Pts',(0.772542485937369,3.,2.37764129073788));
#9484=CARTESIAN_POINT('',(1.06687767438794,4.32436068685852E-32,2.09386533184266));
#9485=CARTESIAN_POINT('Ctrl Pts',(1.46946313073118,4.18819982779936E-32,
2.02254248593737));
#9486=CARTESIAN_POINT('Ctrl Pts',(1.46946313073118,3.,2.02254248593737));
#9487=CARTESIAN_POINT('Ctrl Pts',(1.34462105018826,4.33432607302313E-32,
2.11324556673647));
#9488=CARTESIAN_POINT('Ctrl Pts',(1.34462105018826,3.,2.11324556673647));
#9489=CARTESIAN_POINT('Ctrl Pts',(1.20369919225205,4.25996180953519E-32,
2.07522421583288));
#9490=CARTESIAN_POINT('Ctrl Pts',(1.20369919225205,3.,2.07522421583288));
#9491=CARTESIAN_POINT('Ctrl Pts',(1.13982162732688,4.26220868158834E-32,
2.07594477650244));
#9492=CARTESIAN_POINT('Ctrl Pts',(1.13982162732688,3.,2.07594477650244));
#9493=CARTESIAN_POINT('Ctrl Pts',(1.11376673250246,4.26312515382858E-32,
2.07623868458241));
#9494=CARTESIAN_POINT('Ctrl Pts',(1.11376673250246,3.,2.07623868458241));
#9495=CARTESIAN_POINT('Ctrl Pts',(1.09444759381289,4.27962480950468E-32,
2.07981775625514));
#9496=CARTESIAN_POINT('Ctrl Pts',(1.09444759381289,3.,2.07981775625514));
#9497=CARTESIAN_POINT('Ctrl Pts',(1.06687767438793,4.32436068685852E-32,
2.09386533184266));
#9498=CARTESIAN_POINT('Ctrl Pts',(1.06687767438793,3.,2.09386533184266));
#9499=CARTESIAN_POINT('',(1.46946313073118,3.,2.02254248593737));
#9500=CARTESIAN_POINT('Ctrl Pts',(1.46946313073118,3.,2.02254248593737));
#9501=CARTESIAN_POINT('Ctrl Pts',(1.34462105018826,3.,2.11324556673647));
#9502=CARTESIAN_POINT('Ctrl Pts',(1.20369919225205,3.,2.07522421583288));
#9503=CARTESIAN_POINT('Ctrl Pts',(1.13982162732688,3.,2.07594477650244));
#9504=CARTESIAN_POINT('Ctrl Pts',(1.11376673250246,3.,2.07623868458241));
#9505=CARTESIAN_POINT('Ctrl Pts',(1.09444759381289,3.,2.07981775625514));
#9506=CARTESIAN_POINT('Ctrl Pts',(1.06687767438793,3.,2.09386533184266));
#9507=CARTESIAN_POINT('',(1.46946313073118,4.18819982779936E-32,2.02254248593737));
#9508=CARTESIAN_POINT('Ctrl Pts',(1.66170093578839,3.43183207189146E-32,
1.66170093578839));
#9509=CARTESIAN_POINT('Ctrl Pts',(1.66170093578839,3.,1.66170093578839));
#9510=CARTESIAN_POINT('Ctrl Pts',(1.60738198711371,3.60481607263658E-32,
1.71601988446306));
#9511=CARTESIAN_POINT('Ctrl Pts',(1.60738198711371,3.,1.71601988446306));
#9512=CARTESIAN_POINT('Ctrl Pts',(1.62854914750325,3.81344254291832E-32,
1.7720508502683));
#9513=CARTESIAN_POINT('Ctrl Pts',(1.62854914750325,3.,1.7720508502683));
#9514=CARTESIAN_POINT('Ctrl Pts',(1.57631116484967,3.99429149578296E-32,
1.89174480674906));
#9515=CARTESIAN_POINT('Ctrl Pts',(1.57631116484967,3.,1.89174480674906));
#9516=CARTESIAN_POINT('Ctrl Pts',(1.55592152899827,4.06488082763888E-32,
1.93846399578131));
#9517=CARTESIAN_POINT('Ctrl Pts',(1.55592152899827,3.,1.93846399578131));
#9518=CARTESIAN_POINT('Ctrl Pts',(1.51880740700191,4.13044290975242E-32,
1.98669177071304));
#9519=CARTESIAN_POINT('Ctrl Pts',(1.51880740700191,3.,1.98669177071304));
#9520=CARTESIAN_POINT('Ctrl Pts',(1.46946313073118,4.18819982779936E-32,
2.02254248593737));
#9521=CARTESIAN_POINT('Ctrl Pts',(1.46946313073118,3.,2.02254248593737));
#9522=CARTESIAN_POINT('',(1.66170093578839,3.,1.66170093578839));
#9523=CARTESIAN_POINT('Ctrl Pts',(1.66170093578839,3.,1.66170093578839));
#9524=CARTESIAN_POINT('Ctrl Pts',(1.60738198711371,3.,1.71601988446306));
#9525=CARTESIAN_POINT('Ctrl Pts',(1.62854914750325,3.,1.7720508502683));
#9526=CARTESIAN_POINT('Ctrl Pts',(1.57631116484967,3.,1.89174480674906));
#9527=CARTESIAN_POINT('Ctrl Pts',(1.55592152899827,3.,1.93846399578131));
#9528=CARTESIAN_POINT('Ctrl Pts',(1.51880740700191,3.,1.98669177071304));
#9529=CARTESIAN_POINT('Ctrl Pts',(1.46946313073118,3.,2.02254248593737));
#9530=CARTESIAN_POINT('',(1.66170093578839,3.43183207189146E-32,1.66170093578839));
#9531=CARTESIAN_POINT('Ctrl Pts',(2.02254248593737,3.04290529068096E-32,
1.46946313073118));
#9532=CARTESIAN_POINT('Ctrl Pts',(2.02254248593737,3.,1.46946313073118));
#9533=CARTESIAN_POINT('Ctrl Pts',(1.93183940513827,3.2440308127133E-32,
1.59430521127409));
#9534=CARTESIAN_POINT('Ctrl Pts',(1.93183940513827,3.,1.59430521127409));
#9535=CARTESIAN_POINT('Ctrl Pts',(1.7860655102813,3.23090246953482E-32,
1.60169200672009));
#9536=CARTESIAN_POINT('Ctrl Pts',(1.7860655102813,3.,1.60169200672009));
#9537=CARTESIAN_POINT('Ctrl Pts',(1.72553700140654,3.29459085260075E-32,
1.62211655376142));
#9538=CARTESIAN_POINT('Ctrl Pts',(1.72553700140654,3.,1.62211655376142));
#9539=CARTESIAN_POINT('Ctrl Pts',(1.70084814649389,3.32056858240721E-32,
1.63044748224346));
#9540=CARTESIAN_POINT('Ctrl Pts',(1.70084814649389,3.,1.63044748224346));
#9541=CARTESIAN_POINT('Ctrl Pts',(1.68358054772491,3.36215430934494E-32,
1.63982132385186));
#9542=CARTESIAN_POINT('Ctrl Pts',(1.68358054772491,3.,1.63982132385186));
#9543=CARTESIAN_POINT('Ctrl Pts',(1.66170093578839,3.43183207189146E-32,
1.66170093578839));
#9544=CARTESIAN_POINT('Ctrl Pts',(1.66170093578839,3.,1.66170093578839));
#9545=CARTESIAN_POINT('',(2.02254248593737,3.,1.46946313073118));
#9546=CARTESIAN_POINT('Ctrl Pts',(2.02254248593737,3.,1.46946313073118));
#9547=CARTESIAN_POINT('Ctrl Pts',(1.93183940513827,3.,1.59430521127409));
#9548=CARTESIAN_POINT('Ctrl Pts',(1.7860655102813,3.,1.60169200672009));
#9549=CARTESIAN_POINT('Ctrl Pts',(1.72553700140654,3.,1.62211655376142));
#9550=CARTESIAN_POINT('Ctrl Pts',(1.70084814649389,3.,1.63044748224346));
#9551=CARTESIAN_POINT('Ctrl Pts',(1.68358054772491,3.,1.63982132385186));
#9552=CARTESIAN_POINT('Ctrl Pts',(1.66170093578839,3.,1.66170093578839));
#9553=CARTESIAN_POINT('',(2.02254248593737,3.04290529068096E-32,1.46946313073118));
#9554=CARTESIAN_POINT('Ctrl Pts',(2.09386533184266,2.20337182274762E-32,
1.06687767438793));
#9555=CARTESIAN_POINT('Ctrl Pts',(2.09386533184266,3.,1.06687767438793));
#9556=CARTESIAN_POINT('Ctrl Pts',(2.05899042000437,2.42134437985628E-32,
1.13532354274034));
#9557=CARTESIAN_POINT('Ctrl Pts',(2.05899042000437,3.,1.13532354274034));
#9558=CARTESIAN_POINT('Ctrl Pts',(2.09643610646936,2.61279103978385E-32,
1.1820711456007));
#9559=CARTESIAN_POINT('Ctrl Pts',(2.09643610646936,3.,1.1820711456007));
#9560=CARTESIAN_POINT('Ctrl Pts',(2.0837422993451,2.8091786562213E-32,1.31204928726467));
#9561=CARTESIAN_POINT('Ctrl Pts',(2.0837422993451,3.,1.31204928726467));
#9562=CARTESIAN_POINT('Ctrl Pts',(2.07878762667812,2.88583307091108E-32,
1.36278262041702));
#9563=CARTESIAN_POINT('Ctrl Pts',(2.07878762667812,3.,1.36278262041702));
#9564=CARTESIAN_POINT('Ctrl Pts',(2.05839320116171,2.96340971289901E-32,
1.42011885446044));
#9565=CARTESIAN_POINT('Ctrl Pts',(2.05839320116171,3.,1.42011885446044));
#9566=CARTESIAN_POINT('Ctrl Pts',(2.02254248593737,3.04290529068096E-32,
1.46946313073118));
#9567=CARTESIAN_POINT('Ctrl Pts',(2.02254248593737,3.,1.46946313073118));
#9568=CARTESIAN_POINT('',(2.09386533184266,3.,1.06687767438793));
#9569=CARTESIAN_POINT('Ctrl Pts',(2.09386533184266,3.,1.06687767438793));
#9570=CARTESIAN_POINT('Ctrl Pts',(2.05899042000437,3.,1.13532354274034));
#9571=CARTESIAN_POINT('Ctrl Pts',(2.09643610646936,3.,1.1820711456007));
#9572=CARTESIAN_POINT('Ctrl Pts',(2.0837422993451,3.,1.31204928726467));
#9573=CARTESIAN_POINT('Ctrl Pts',(2.07878762667812,3.,1.36278262041702));
#9574=CARTESIAN_POINT('Ctrl Pts',(2.05839320116171,3.,1.42011885446044));
#9575=CARTESIAN_POINT('Ctrl Pts',(2.02254248593737,3.,1.46946313073118));
#9576=CARTESIAN_POINT('',(2.09386533184266,2.20337182274762E-32,1.06687767438793));
#9577=CARTESIAN_POINT('Ctrl Pts',(2.37764129073788,1.5997499825429E-32,
0.772542485937369));
#9578=CARTESIAN_POINT('Ctrl Pts',(2.37764129073788,3.,0.772542485937369));
#9579=CARTESIAN_POINT('Ctrl Pts',(2.32995585919674,1.83618721396335E-32,
0.919303153554632));
#9580=CARTESIAN_POINT('Ctrl Pts',(2.32995585919674,3.,0.919303153554632));
#9581=CARTESIAN_POINT('Ctrl Pts',(2.1935992919141,1.88557988479519E-32,
0.971375024345101));
#9582=CARTESIAN_POINT('Ctrl Pts',(2.1935992919141,3.,0.971375024345101));
#9583=CARTESIAN_POINT('Ctrl Pts',(2.1423447912653,2.00447551619636E-32,
1.00950426078763));
#9584=CARTESIAN_POINT('Ctrl Pts',(2.1423447912653,3.,1.00950426078763));
#9585=CARTESIAN_POINT('Ctrl Pts',(2.12143869340061,2.05297162237809E-32,
1.02505672034693));
#9586=CARTESIAN_POINT('Ctrl Pts',(2.12143869340061,3.,1.02505672034693));
#9587=CARTESIAN_POINT('Ctrl Pts',(2.10791290743019,2.11557271987999E-32,
1.03930775496298));
#9588=CARTESIAN_POINT('Ctrl Pts',(2.10791290743019,3.,1.03930775496298));
#9589=CARTESIAN_POINT('Ctrl Pts',(2.09386533184267,2.20337182274762E-32,
1.06687767438793));
#9590=CARTESIAN_POINT('Ctrl Pts',(2.09386533184267,3.,1.06687767438793));
#9591=CARTESIAN_POINT('',(2.37764129073788,3.,0.772542485937369));
#9592=CARTESIAN_POINT('Ctrl Pts',(2.37764129073788,3.,0.772542485937369));
#9593=CARTESIAN_POINT('Ctrl Pts',(2.32995585919674,3.,0.919303153554632));
#9594=CARTESIAN_POINT('Ctrl Pts',(2.1935992919141,3.,0.971375024345101));
#9595=CARTESIAN_POINT('Ctrl Pts',(2.1423447912653,3.,1.00950426078763));
#9596=CARTESIAN_POINT('Ctrl Pts',(2.12143869340061,3.,1.02505672034693));
#9597=CARTESIAN_POINT('Ctrl Pts',(2.10791290743019,3.,1.03930775496298));
#9598=CARTESIAN_POINT('Ctrl Pts',(2.09386533184267,3.,1.06687767438793));
#9599=CARTESIAN_POINT('',(2.37764129073788,1.5997499825429E-32,0.772542485937369));
#9600=CARTESIAN_POINT('Ctrl Pts',(2.32106760039857,7.59230187799056E-33,
0.367620992844541));
#9601=CARTESIAN_POINT('Ctrl Pts',(2.32106760039857,3.,0.367620992844541));
#9602=CARTESIAN_POINT('Ctrl Pts',(2.30905052475519,1.00085462867735E-32,
0.443493822389941));
#9603=CARTESIAN_POINT('Ctrl Pts',(2.30905052475519,3.,0.443493822389941));
#9604=CARTESIAN_POINT('Ctrl Pts',(2.359109292605,1.15638134528975E-32,0.476382081227711));
#9605=CARTESIAN_POINT('Ctrl Pts',(2.359109292605,3.,0.476382081227711));
#9606=CARTESIAN_POINT('Ctrl Pts',(2.38720221929432,1.34908383709014E-32,
0.603921241957915));
#9607=CARTESIAN_POINT('Ctrl Pts',(2.38720221929432,3.,0.603921241957915));
#9608=CARTESIAN_POINT('Ctrl Pts',(2.39816750769365,1.42429986642122E-32,
0.653702587101507));
#9609=CARTESIAN_POINT('Ctrl Pts',(2.39816750769365,3.,0.653702587101507));
#9610=CARTESIAN_POINT('Ctrl Pts',(2.39648912712304,1.50629732605749E-32,
0.714534810183396));
#9611=CARTESIAN_POINT('Ctrl Pts',(2.39648912712304,3.,0.714534810183396));
#9612=CARTESIAN_POINT('Ctrl Pts',(2.37764129073788,1.5997499825429E-32,
0.772542485937369));
#9613=CARTESIAN_POINT('Ctrl Pts',(2.37764129073788,3.,0.772542485937369));
#9614=CARTESIAN_POINT('',(2.32106760039857,3.,0.367620992844544));
#9615=CARTESIAN_POINT('Ctrl Pts',(2.32106760039857,3.,0.367620992844541));
#9616=CARTESIAN_POINT('Ctrl Pts',(2.30905052475519,3.,0.443493822389941));
#9617=CARTESIAN_POINT('Ctrl Pts',(2.359109292605,3.,0.476382081227711));
#9618=CARTESIAN_POINT('Ctrl Pts',(2.38720221929432,3.,0.603921241957915));
#9619=CARTESIAN_POINT('Ctrl Pts',(2.39816750769365,3.,0.653702587101507));
#9620=CARTESIAN_POINT('Ctrl Pts',(2.39648912712304,3.,0.714534810183396));
#9621=CARTESIAN_POINT('Ctrl Pts',(2.37764129073788,3.,0.772542485937369));
#9622=CARTESIAN_POINT('',(2.32106760039857,7.59230187799055E-33,0.367620992844544));
#9623=CARTESIAN_POINT('Ctrl Pts',(2.5,1.49161652940825E-47,9.43689570931399E-17));
#9624=CARTESIAN_POINT('Ctrl Pts',(2.5,3.,9.43689570931399E-17));
#9625=CARTESIAN_POINT('Ctrl Pts',(2.5,2.48604817242128E-33,0.154313298003569));
#9626=CARTESIAN_POINT('Ctrl Pts',(2.5,3.,0.154313298003569));
#9627=CARTESIAN_POINT('Ctrl Pts',(2.38640829114933,3.55683603324282E-33,
0.245973086619483));
#9628=CARTESIAN_POINT('Ctrl Pts',(2.38640829114933,3.,0.245973086619483));
#9629=CARTESIAN_POINT('Ctrl Pts',(2.34944494636112,5.18148150264611E-33,
0.298074657138194));
#9630=CARTESIAN_POINT('Ctrl Pts',(2.34944494636112,3.,0.298074657138194));
#9631=CARTESIAN_POINT('Ctrl Pts',(2.33436804006477,5.84415496056287E-33,
0.319326264672734));
#9632=CARTESIAN_POINT('Ctrl Pts',(2.33436804006477,3.,0.319326264672734));
#9633=CARTESIAN_POINT('Ctrl Pts',(2.32590806506338,6.61904132531352E-33,
0.337059501735403));
#9634=CARTESIAN_POINT('Ctrl Pts',(2.32590806506338,3.,0.337059501735403));
#9635=CARTESIAN_POINT('Ctrl Pts',(2.32106760039857,7.59230187799055E-33,
0.367620992844544));
#9636=CARTESIAN_POINT('Ctrl Pts',(2.32106760039857,3.,0.367620992844544));
#9637=CARTESIAN_POINT('Ctrl Pts',(2.5,3.,9.43689570931399E-17));
#9638=CARTESIAN_POINT('Ctrl Pts',(2.5,3.,0.154313298003569));
#9639=CARTESIAN_POINT('Ctrl Pts',(2.38640829114933,3.,0.245973086619483));
#9640=CARTESIAN_POINT('Ctrl Pts',(2.34944494636112,3.,0.298074657138194));
#9641=CARTESIAN_POINT('Ctrl Pts',(2.33436804006477,3.,0.319326264672734));
#9642=CARTESIAN_POINT('Ctrl Pts',(2.32590806506338,3.,0.337059501735403));
#9643=CARTESIAN_POINT('Ctrl Pts',(2.32106760039857,3.,0.367620992844544));
#9644=CARTESIAN_POINT('Origin',(-8.31632781251592E-110,3.,2.69880267346702E-79));
#9645=CARTESIAN_POINT('',(0.,0.,0.));
#9646=CARTESIAN_POINT('Origin',(27.0368298549056,-2.29337375794045,-39.3182403237617));
#9647=CARTESIAN_POINT('',(28.0612513732166,-4.68341604443469,-39.3256302757922));
#9648=CARTESIAN_POINT('',(27.857114316459,-3.57270306803713,-39.1764828086369));
#9649=CARTESIAN_POINT('Ctrl Pts',(28.0612513732166,-4.68341604443469,-39.3256302757922));
#9650=CARTESIAN_POINT('Ctrl Pts',(28.0539634968316,-4.67475455360041,-39.3200185941765));
#9651=CARTESIAN_POINT('Ctrl Pts',(28.0467735533358,-4.66592642900721,-39.3145142456458));
#9652=CARTESIAN_POINT('Ctrl Pts',(27.961862126776,-4.55817332086929,-39.2498613390801));
#9653=CARTESIAN_POINT('Ctrl Pts',(27.89811591242,-4.44153121440561,-39.2048493575353));
#9654=CARTESIAN_POINT('Ctrl Pts',(27.8141825260869,-4.19229538314632,-39.1467790641599));
#9655=CARTESIAN_POINT('Ctrl Pts',(27.7923180764505,-4.06282438153984,-39.1323454282496));
#9656=CARTESIAN_POINT('Ctrl Pts',(27.7937804149189,-3.81442079091984,-39.1333252744004));
#9657=CARTESIAN_POINT('Ctrl Pts',(27.8130909518716,-3.69781924079999,-39.1460762200488));
#9658=CARTESIAN_POINT('Ctrl Pts',(27.8531255276232,-3.58361273759769,-39.173722083091));
#9659=CARTESIAN_POINT('Ctrl Pts',(27.8550982008556,-3.57814209797051,-39.1750863069548));
#9660=CARTESIAN_POINT('Ctrl Pts',(27.8571143164519,-3.57270306803449,-39.1764828086369));
#9661=CARTESIAN_POINT('',(27.3454741223554,-3.42997653823481,-40.2890740496691));
#9662=CARTESIAN_POINT('Origin',(26.7784656141417,-2.56515307697538,-39.2342926831044));
#9663=CARTESIAN_POINT('',(27.5629152750824,-4.56370116982644,-40.4717756562578));
#9664=CARTESIAN_POINT('Ctrl Pts',(27.3454741204323,-3.42997653775038,-40.2890740493807));
#9665=CARTESIAN_POINT('Ctrl Pts',(27.3173505032487,-3.55466206799143,-40.2671753395636));
#9666=CARTESIAN_POINT('Ctrl Pts',(27.3044470760197,-3.6850948391393,-40.2575682245104));
#9667=CARTESIAN_POINT('Ctrl Pts',(27.3127760549273,-3.96416199336049,-40.2638909537079));
#9668=CARTESIAN_POINT('Ctrl Pts',(27.3395937277901,-4.11194602847389,-40.2838559760737));
#9669=CARTESIAN_POINT('Ctrl Pts',(27.4309177502339,-4.36557715751049,-40.3570921778125));
#9670=CARTESIAN_POINT('Ctrl Pts',(27.4893733034338,-4.47232307285466,-40.4052894732494));
#9671=CARTESIAN_POINT('Ctrl Pts',(27.5610866268514,-4.56144554139745,-40.470120101037));
#9672=CARTESIAN_POINT('Ctrl Pts',(27.5620001246397,-4.56257515006205,-40.4709467260468));
#9673=CARTESIAN_POINT('Ctrl Pts',(27.5629152750824,-4.56370116982643,-40.4717756562578));
#9674=CARTESIAN_POINT('Origin',(26.3644787224019,-3.000635461046,-39.0997801719232));
#9675=CARTESIAN_POINT('Origin',(24.9999997460029,-2.99999980606479,-43.3012701892219));
#9676=CARTESIAN_POINT('',(27.3926424289221,-3.00000003963071,-40.3264026761527));
#9677=CARTESIAN_POINT('Ctrl Pts',(27.3454741204323,-3.42997653775037,-40.2890740493807));
#9678=CARTESIAN_POINT('Ctrl Pts',(27.3773513352083,-3.28864950733707,-40.3138955320371));
#9679=CARTESIAN_POINT('Ctrl Pts',(27.392642421688,-3.14240630918043,-40.3264026761527));
#9680=CARTESIAN_POINT('Ctrl Pts',(27.3926424289221,-3.00000003963071,-40.3264026761527));
#9681=CARTESIAN_POINT('',(24.8128944057605,-2.999999930142,-39.4881917321096));
#9682=CARTESIAN_POINT('Ctrl Pts',(27.3926424289221,-3.00000003963071,-40.3264026761527));
#9683=CARTESIAN_POINT('Ctrl Pts',(27.3926424416632,-2.74918923993842,-40.3264026761527));
#9684=CARTESIAN_POINT('Ctrl Pts',(27.3441708860935,-2.48707454713961,-40.2855234746813));
#9685=CARTESIAN_POINT('Ctrl Pts',(27.1941157664094,-2.14523056442485,-40.1764895963809));
#9686=CARTESIAN_POINT('Ctrl Pts',(27.1313728368699,-2.03944402745083,-40.1327287238381));
#9687=CARTESIAN_POINT('Ctrl Pts',(26.9828826033732,-1.85312672816634,-40.0377666994667));
#9688=CARTESIAN_POINT('Ctrl Pts',(26.8971255705806,-1.77258430304617,-39.9866036475084));
#9689=CARTESIAN_POINT('Ctrl Pts',(26.7174107061088,-1.64948540288057,-39.8903478986827));
#9690=CARTESIAN_POINT('Ctrl Pts',(26.6164705273206,-1.59896193377129,-39.8407328096));
#9691=CARTESIAN_POINT('Ctrl Pts',(26.401272582802,-1.53255418272225,-39.7481403933531));
#9692=CARTESIAN_POINT('Ctrl Pts',(26.2869510986034,-1.51669370620474,-39.705294142483));
#9693=CARTESIAN_POINT('Ctrl Pts',(26.0724960549969,-1.51669369531055,-39.6356134748588));
#9694=CARTESIAN_POINT('Ctrl Pts',(25.954823635623,-1.5325541600429,-39.6030803370522));
#9695=CARTESIAN_POINT('Ctrl Pts',(25.7263003785062,-1.59896188855117,-39.5514989952516));
#9696=CARTESIAN_POINT('Ctrl Pts',(25.6154750361543,-1.64948534690288,-39.5323072955329));
#9697=CARTESIAN_POINT('Ctrl Pts',(25.4135049357343,-1.77258422767911,-39.5045460815092));
#9698=CARTESIAN_POINT('Ctrl Pts',(25.314053144013,-1.85312664339078,-39.4955311384669));
#9699=CARTESIAN_POINT('Ctrl Pts',(25.1381047270401,-2.03944392619397,-39.4850766550814));
#9700=CARTESIAN_POINT('Ctrl Pts',(25.0616226255362,-2.14523045609545,-39.4836005728297));
#9701=CARTESIAN_POINT('Ctrl Pts',(24.8761369465391,-2.48707442176493,-39.4836106367488));
#9702=CARTESIAN_POINT('Ctrl Pts',(24.8128944185016,-2.74918910888874,-39.4881917321096));
#9703=CARTESIAN_POINT('Ctrl Pts',(24.8128944057605,-2.99999990858102,-39.4881917321096));
#9704=CARTESIAN_POINT('',(24.8728140778904,-3.42934076527017,-39.4857231056221));
#9705=CARTESIAN_POINT('Ctrl Pts',(24.8128944057605,-2.999999930142,-39.4881917321096));
#9706=CARTESIAN_POINT('Ctrl Pts',(24.8128944004884,-3.14219278613753,-39.4881917320138));
#9707=CARTESIAN_POINT('Ctrl Pts',(24.8325565247618,-3.28821106565163,-39.4870650330887));
#9708=CARTESIAN_POINT('Ctrl Pts',(24.8728140796338,-3.42934076478148,-39.4857231065273));
#9709=CARTESIAN_POINT('',(24.5896820087274,-4.56253869573283,-39.5057181677029));
#9710=CARTESIAN_POINT('Ctrl Pts',(24.5896820087274,-4.56253869573283,-39.5057181677029));
#9711=CARTESIAN_POINT('Ctrl Pts',(24.6484756037148,-4.50856308749367,-39.4993622940558));
#9712=CARTESIAN_POINT('Ctrl Pts',(24.7003212684835,-4.447051866583,-39.4951273609804));
#9713=CARTESIAN_POINT('Ctrl Pts',(24.8161443150195,-4.27011077039047,-39.4873563824893));
#9714=CARTESIAN_POINT('Ctrl Pts',(24.8659238828587,-4.14740867562423,-39.4858572704266));
#9715=CARTESIAN_POINT('Ctrl Pts',(24.9253719744292,-3.87354770439405,-39.4842025296822));
#9716=CARTESIAN_POINT('Ctrl Pts',(24.9284682238569,-3.7221838916306,-39.4842022195788));
#9717=CARTESIAN_POINT('Ctrl Pts',(24.8972298632083,-3.52584734970238,-39.4849794213161));
#9718=CARTESIAN_POINT('Ctrl Pts',(24.8864597508705,-3.47717798549338,-39.4852682480855));
#9719=CARTESIAN_POINT('Ctrl Pts',(24.8728140796338,-3.42934076478148,-39.4857231065273));
#9720=CARTESIAN_POINT('',(24.1023153710517,-4.99999976046296,-39.5906449791585));
#9721=CARTESIAN_POINT('Origin',(24.9999997460675,-2.99872821858399,-43.3012701892219));
#9722=CARTESIAN_POINT('',(23.544334361319,-4.99999973211785,-39.7720188397424));
#9723=CARTESIAN_POINT('Origin',(24.9999996444041,-4.99999980606479,-43.3012701892219));
#9724=CARTESIAN_POINT('',(23.1009749313505,-4.56370094316247,-39.9894307028527));
#9725=CARTESIAN_POINT('Origin',(24.9999997459384,-3.00127053293295,-43.3012701892219));
#9726=CARTESIAN_POINT('',(22.8600224061932,-3.42997631037648,-40.1397716815027));
#9727=CARTESIAN_POINT('Ctrl Pts',(22.8600224053246,-3.42997630989205,-40.1397716832425));
#9728=CARTESIAN_POINT('Ctrl Pts',(22.8305048146249,-3.55466184006227,-40.1597517531145));
#9729=CARTESIAN_POINT('Ctrl Pts',(22.8173805223729,-3.68509461119893,-40.1690548735432));
#9730=CARTESIAN_POINT('Ctrl Pts',(22.8259675814096,-3.96416176543324,-40.1630873611693));
#9731=CARTESIAN_POINT('Ctrl Pts',(22.8532425575052,-4.11194580056987,-40.1437517627054));
#9732=CARTESIAN_POINT('Ctrl Pts',(22.9511149904246,-4.36557692993912,-40.079528674753));
#9733=CARTESIAN_POINT('Ctrl Pts',(23.015017097925,-4.47232284555998,-40.0388279181843));
#9734=CARTESIAN_POINT('Ctrl Pts',(23.0988353214688,-4.56144531471768,-39.9906582560794));
#9735=CARTESIAN_POINT('Ctrl Pts',(23.0999037748722,-4.56257492339016,-39.9900449091766));
#9736=CARTESIAN_POINT('Ctrl Pts',(23.1009749313506,-4.56370094316246,-39.9894307028527));
#9737=CARTESIAN_POINT('',(22.9100998630725,-2.99999981192017,-40.1064471569134));
#9738=CARTESIAN_POINT('Ctrl Pts',(22.8600224053246,-3.42997630989204,-40.1397716832425));
#9739=CARTESIAN_POINT('Ctrl Pts',(22.893479644209,-3.28864927955901,-40.1171249172028));
#9740=CARTESIAN_POINT('Ctrl Pts',(22.9100998558384,-3.1424060814699,-40.1064471569134));
#9741=CARTESIAN_POINT('Ctrl Pts',(22.9100998630725,-2.99999981192017,-40.1064471569134));
#9742=CARTESIAN_POINT('',(21.3157279023483,-2.99999975248799,-42.3009118981604));
#9743=CARTESIAN_POINT('Ctrl Pts',(22.9100998630725,-2.99999981192017,-40.1064471569134));
#9744=CARTESIAN_POINT('Ctrl Pts',(22.9100998758136,-2.74918901222789,-40.1064471569134));
#9745=CARTESIAN_POINT('Ctrl Pts',(22.8562429196591,-2.4870743191555,-40.1399139903853));
#9746=CARTESIAN_POINT('Ctrl Pts',(22.7061759691285,-2.14523033644014,-40.2489315849225));
#9747=CARTESIAN_POINT('Ctrl Pts',(22.6451682783465,-2.03944379955426,-40.2950808087189));
#9748=CARTESIAN_POINT('Ctrl Pts',(22.5089680271584,-1.8531265008941,-40.4069585425427));
#9749=CARTESIAN_POINT('Ctrl Pts',(22.433808695507,-1.77258407631229,-40.4727080787503));
#9750=CARTESIAN_POINT('Ctrl Pts',(22.2867290954129,-1.64948517780454,-40.6138824154351));
#9751=CARTESIAN_POINT('Ctrl Pts',(22.2083501127468,-1.59896170984137,-40.6945503269646));
#9752=CARTESIAN_POINT('Ctrl Pts',(22.0537896722359,-1.53255396187267,-40.8706031074302));
#9753=CARTESIAN_POINT('Ctrl Pts',(21.9777131852643,-1.51669348729799,-40.966089081032));
#9754=CARTESIAN_POINT('Ctrl Pts',(21.8451726792566,-1.51669348056501,-41.1485154372311));
#9755=CARTESIAN_POINT('Ctrl Pts',(21.7778690486377,-1.53255394785606,-41.2503752652359));
#9756=CARTESIAN_POINT('Ctrl Pts',(21.6581947050089,-1.59896168189379,-41.4517742836244));
#9757=CARTESIAN_POINT('Ctrl Pts',(21.6056953979651,-1.64948514320844,-41.5512448838339));
#9758=CARTESIAN_POINT('Ctrl Pts',(21.5168807167613,-1.77258402973289,-41.73475117107));
#9759=CARTESIAN_POINT('Ctrl Pts',(21.4775746998467,-1.85312644849994,-41.8265496711492));
#9760=CARTESIAN_POINT('Ctrl Pts',(21.4132608377805,-2.0394437369741,-41.990655937608));
#9761=CARTESIAN_POINT('Ctrl Pts',(21.3882227272929,-2.1452302694889,-42.0629385990114));
#9762=CARTESIAN_POINT('Ctrl Pts',(21.3309140596262,-2.4870742416697,-42.2393490561075));
#9763=CARTESIAN_POINT('Ctrl Pts',(21.3157279150894,-2.74918893123473,-42.3009118981604));
#9764=CARTESIAN_POINT('Ctrl Pts',(21.3157279023483,-2.99999973092701,-42.3009118981604));
#9765=CARTESIAN_POINT('',(21.3318962809561,-3.42934058539362,-42.2431620352468));
#9766=CARTESIAN_POINT('Ctrl Pts',(21.3157279023483,-2.99999975248799,-42.3009118981604));
#9767=CARTESIAN_POINT('Ctrl Pts',(21.3157278956369,-3.14219260848352,-42.3009118962751));
#9768=CARTESIAN_POINT('Ctrl Pts',(21.3207322667028,-3.28821088725302,-42.2818639286906));
#9769=CARTESIAN_POINT('Ctrl Pts',(21.3318962823557,-3.42934058490493,-42.2431620338685));
#9770=CARTESIAN_POINT('',(21.2634200542409,-4.56253852676069,-42.5186153938347));
#9771=CARTESIAN_POINT('Ctrl Pts',(21.2634200542409,-4.56253852676069,-42.5186153938347));
#9772=CARTESIAN_POINT('Ctrl Pts',(21.2755434810982,-4.5085629161507,-42.4607352918421));
#9773=CARTESIAN_POINT('Ctrl Pts',(21.2875370140581,-4.44705169321556,-42.4101184712037));
#9774=CARTESIAN_POINT('Ctrl Pts',(21.3159376702569,-4.27011059258205,-42.2975628521903));
#9775=CARTESIAN_POINT('Ctrl Pts',(21.3298946667031,-4.14740849599607,-42.2497564246428));
#9776=CARTESIAN_POINT('Ctrl Pts',(21.3466913949267,-3.87354752259919,-42.1927065999931));
#9777=CARTESIAN_POINT('Ctrl Pts',(21.3476478990059,-3.72218370972706,-42.1897618032844));
#9778=CARTESIAN_POINT('Ctrl Pts',(21.3387338843575,-3.52584716893286,-42.2197114277682));
#9779=CARTESIAN_POINT('Ctrl Pts',(21.3356804289033,-3.47717780511587,-42.2300436680198));
#9780=CARTESIAN_POINT('Ctrl Pts',(21.3318962823557,-3.42934058490493,-42.2431620338685));
#9781=CARTESIAN_POINT('',(21.1935856627952,-4.99999961270119,-43.0083724173038));
#9782=CARTESIAN_POINT('Origin',(24.9999997460675,-2.99872821858399,-43.3012701892219));
#9783=CARTESIAN_POINT('',(21.1823333771092,-4.99999961212958,-43.3012701892219));
#9784=CARTESIAN_POINT('Origin',(24.9999996444041,-4.99999980606479,-43.3012701892219));
#9785=CARTESIAN_POINT('',(21.1823335803068,-0.999999612129591,-43.3012701892219));
#9786=CARTESIAN_POINT('',(21.182333478708,-2.99999961212959,-43.3012701892219));
#9787=CARTESIAN_POINT('Origin',(24.9999998476018,-0.999999806064799,-43.3012701892219));
#9788=CARTESIAN_POINT('',(21.1936568402432,-4.99999961270481,-43.5950914978347));
#9789=CARTESIAN_POINT('Origin',(24.9999996444041,-4.99999980606479,-43.3012701892219));
#9790=CARTESIAN_POINT('',(21.2634222262122,-4.56370084981588,-44.0839353543259));
#9791=CARTESIAN_POINT('Origin',(24.9999997459384,-3.00127053293296,-43.3012701892219));
#9792=CARTESIAN_POINT('',(21.3319466083078,-3.42997623275112,-44.3595527956222));
#9793=CARTESIAN_POINT('Ctrl Pts',(21.3319466096941,-3.42997623226669,-44.3595527969859));
#9794=CARTESIAN_POINT('Ctrl Pts',(21.341827343806,-3.55466176443834,-44.3937998690814));
#9795=CARTESIAN_POINT('Ctrl Pts',(21.3466195031881,-3.68509453648514,-44.409156628761));
#9796=CARTESIAN_POINT('Ctrl Pts',(21.3435975990372,-3.96416169012972,-44.3991457740881));
#9797=CARTESIAN_POINT('Ctrl Pts',(21.333636778069,-4.11194572337478,-44.3672306946789));
#9798=CARTESIAN_POINT('Ctrl Pts',(21.3028012279253,-4.36557684620574,-44.254302441723));
#9799=CARTESIAN_POINT('Ctrl Pts',(21.2838393416196,-4.47232275761716,-44.1809506953589));
#9800=CARTESIAN_POINT('Ctrl Pts',(21.2639285229719,-4.5614452215055,-44.0863495791638));
#9801=CARTESIAN_POINT('Ctrl Pts',(21.263675365623,-4.56257483011084,-44.0851438849212));
#9802=CARTESIAN_POINT('Ctrl Pts',(21.2634222262122,-4.56370084981588,-44.0839353543259));
#9803=CARTESIAN_POINT('',(21.3157279023483,-2.99999973092701,-44.3016284802835));
#9804=CARTESIAN_POINT('Ctrl Pts',(21.3319466096941,-3.42997623226669,-44.3595527969859));
#9805=CARTESIAN_POINT('Ctrl Pts',(21.3207471156399,-3.28864919966512,-44.3207348431817));
#9806=CARTESIAN_POINT('Ctrl Pts',(21.3157278951142,-3.14240600047674,-44.3016284802835));
#9807=CARTESIAN_POINT('Ctrl Pts',(21.3157279023483,-2.99999973092701,-44.3016284802835));
#9808=CARTESIAN_POINT('',(22.9100998630726,-2.99999983348115,-46.4960932215305));
#9809=CARTESIAN_POINT('Ctrl Pts',(21.3157279023483,-2.99999973092701,-44.3016284802835));
#9810=CARTESIAN_POINT('Ctrl Pts',(21.3157279150894,-2.74918893123473,-44.3016284802835));
#9811=CARTESIAN_POINT('Ctrl Pts',(21.3309140596262,-2.48707424166969,-44.3631913223364));
#9812=CARTESIAN_POINT('Ctrl Pts',(21.3882227272929,-2.14523026948889,-44.5396017794325));
#9813=CARTESIAN_POINT('Ctrl Pts',(21.4132608377805,-2.03944373697409,-44.6118844408359));
#9814=CARTESIAN_POINT('Ctrl Pts',(21.4775746998467,-1.85312644849993,-44.7759907072947));
#9815=CARTESIAN_POINT('Ctrl Pts',(21.5168807167613,-1.77258402973289,-44.8677892073739));
#9816=CARTESIAN_POINT('Ctrl Pts',(21.6056953979651,-1.64948514320844,-45.05129549461));
#9817=CARTESIAN_POINT('Ctrl Pts',(21.658194705009,-1.5989616818938,-45.1507660948195));
#9818=CARTESIAN_POINT('Ctrl Pts',(21.7778690486377,-1.53255394785607,-45.352165113208));
#9819=CARTESIAN_POINT('Ctrl Pts',(21.8451726792566,-1.51669348056502,-45.4540249412128));
#9820=CARTESIAN_POINT('Ctrl Pts',(21.9777131852643,-1.516693487298,-45.6364512974119));
#9821=CARTESIAN_POINT('Ctrl Pts',(22.0537896722359,-1.53255396187268,-45.7319372710137));
#9822=CARTESIAN_POINT('Ctrl Pts',(22.2083501127468,-1.59896170984138,-45.9079900514793));
#9823=CARTESIAN_POINT('Ctrl Pts',(22.2867290954129,-1.64948517780456,-45.9886579630087));
#9824=CARTESIAN_POINT('Ctrl Pts',(22.433808695507,-1.7725840763123,-46.1298322996936));
#9825=CARTESIAN_POINT('Ctrl Pts',(22.5089680271585,-1.85312650089412,-46.1955818359012));
#9826=CARTESIAN_POINT('Ctrl Pts',(22.6451682783466,-2.03944379955428,-46.307459569725));
#9827=CARTESIAN_POINT('Ctrl Pts',(22.7061759691285,-2.14523033644015,-46.3536087935214));
#9828=CARTESIAN_POINT('Ctrl Pts',(22.8562429196591,-2.48707431915551,-46.4626263880586));
#9829=CARTESIAN_POINT('Ctrl Pts',(22.9100998758136,-2.74918901222789,-46.4960932215305));
#9830=CARTESIAN_POINT('Ctrl Pts',(22.9100998630726,-2.99999981192018,-46.4960932215305));
#9831=CARTESIAN_POINT('',(22.8601727683242,-3.42934066302915,-46.4628704698917));
#9832=CARTESIAN_POINT('Ctrl Pts',(22.9100998630726,-2.99999983348115,-46.4960932215305));
#9833=CARTESIAN_POINT('Ctrl Pts',(22.9100998542144,-3.14219268947667,-46.496093220461));
#9834=CARTESIAN_POINT('Ctrl Pts',(22.8935305911011,-3.28821096715024,-46.4854476280024));
#9835=CARTESIAN_POINT('Ctrl Pts',(22.8601727674459,-3.42934066254046,-46.4628704681347));
#9836=CARTESIAN_POINT('',(23.1009841224019,-4.56253862010784,-46.6131149457335));
#9837=CARTESIAN_POINT('Ctrl Pts',(23.1009841224019,-4.56253862010784,-46.6131149457335));
#9838=CARTESIAN_POINT('Ctrl Pts',(23.0496832210617,-4.50856300627593,-46.5836989490769));
#9839=CARTESIAN_POINT('Ctrl Pts',(23.0052499716257,-4.44705178047436,-46.5566509665953));
#9840=CARTESIAN_POINT('Ctrl Pts',(22.9069795083452,-4.27011067340601,-46.4948587469114));
#9841=CARTESIAN_POINT('Ctrl Pts',(22.8658258473046,-4.14740857402043,-46.466811861869));
#9842=CARTESIAN_POINT('Ctrl Pts',(22.816758723902,-3.87354759727772,-46.4332078719277));
#9843=CARTESIAN_POINT('Ctrl Pts',(22.8142536371318,-3.72218378422973,-46.4313881975752));
#9844=CARTESIAN_POINT('Ctrl Pts',(22.8399828475349,-3.52584724519542,-46.4491208817191));
#9845=CARTESIAN_POINT('Ctrl Pts',(22.8488658240356,-3.47717788198479,-46.4552177306052));
#9846=CARTESIAN_POINT('Ctrl Pts',(22.8601727674459,-3.42934066254046,-46.4628704681347));
#9847=CARTESIAN_POINT('',(23.5451907018695,-4.99999973216135,-46.8308746210108));
#9848=CARTESIAN_POINT('Origin',(24.9999997460675,-2.99872821858398,-43.3012701892219));
#9849=CARTESIAN_POINT('',(24.1032157016841,-4.99999976050869,-47.0121130940432));
#9850=CARTESIAN_POINT('Origin',(24.9999996444041,-4.99999980606479,-43.3012701892219));
#9851=CARTESIAN_POINT('',(24.5896925420493,-4.56370101878846,-47.096823349436));
#9852=CARTESIAN_POINT('Origin',(24.9999997459384,-3.00127053293295,-43.3012701892219));
#9853=CARTESIAN_POINT('',(24.8729955439907,-3.42997641263433,-47.1168233173994));
#9854=CARTESIAN_POINT('Ctrl Pts',(24.872995545716,-3.4299764121499,-47.1168233165023));
#9855=CARTESIAN_POINT('Ctrl Pts',(24.9086197571774,-3.55466194562929,-47.1180091012006));
#9856=CARTESIAN_POINT('Ctrl Pts',(24.9247057576503,-3.68509471824983,-47.118196980211));
#9857=CARTESIAN_POINT('Ctrl Pts',(24.9142510395463,-3.96416187151686,-47.1179774441406));
#9858=CARTESIAN_POINT('Ctrl Pts',(24.8808199271615,-4.11194590356963,-47.1175884387759));
#9859=CARTESIAN_POINT('Ctrl Pts',(24.7638900583858,-4.36557702202703,-47.1120180281114));
#9860=CARTESIAN_POINT('Ctrl Pts',(24.6882688531638,-4.47232293056019,-47.1073849122929));
#9861=CARTESIAN_POINT('Ctrl Pts',(24.5921450606953,-4.56144539057695,-47.0970878692156));
#9862=CARTESIAN_POINT('Ctrl Pts',(24.5909201473664,-4.56257499913293,-47.0969560560964));
#9863=CARTESIAN_POINT('Ctrl Pts',(24.5896925420493,-4.56370101878845,-47.096823349436));
#9864=CARTESIAN_POINT('',(24.8128944057605,-2.99999990858102,-47.1143486463343));
#9865=CARTESIAN_POINT('Ctrl Pts',(24.872995545716,-3.4299764121499,-47.1168233165023));
#9866=CARTESIAN_POINT('Ctrl Pts',(24.832616648771,-3.28864937806604,-47.1154792677173));
#9867=CARTESIAN_POINT('Ctrl Pts',(24.8128943985264,-3.14240617813074,-47.1143486463343));
#9868=CARTESIAN_POINT('Ctrl Pts',(24.8128944057605,-2.99999990858102,-47.1143486463343));
#9869=CARTESIAN_POINT('',(27.3926424289221,-3.00000006119169,-46.2761377022912));
#9870=CARTESIAN_POINT('Ctrl Pts',(24.8128944057605,-2.99999990858102,-47.1143486463343));
#9871=CARTESIAN_POINT('Ctrl Pts',(24.8128944185016,-2.74918910888874,-47.1143486463343));
#9872=CARTESIAN_POINT('Ctrl Pts',(24.8761369465391,-2.48707442176494,-47.1189297416951));
#9873=CARTESIAN_POINT('Ctrl Pts',(25.0616226255362,-2.14523045609545,-47.1189398056142));
#9874=CARTESIAN_POINT('Ctrl Pts',(25.1381047270401,-2.03944392619398,-47.1174637233624));
#9875=CARTESIAN_POINT('Ctrl Pts',(25.314053144013,-1.85312664339079,-47.107009239977));
#9876=CARTESIAN_POINT('Ctrl Pts',(25.4135049357343,-1.77258422767912,-47.0979942969346));
#9877=CARTESIAN_POINT('Ctrl Pts',(25.6154750361543,-1.64948534690289,-47.070233082911));
#9878=CARTESIAN_POINT('Ctrl Pts',(25.7263003785062,-1.59896188855118,-47.0510413831923));
#9879=CARTESIAN_POINT('Ctrl Pts',(25.954823635623,-1.53255416004291,-46.9994600413917));
#9880=CARTESIAN_POINT('Ctrl Pts',(26.0724960549969,-1.51669369531056,-46.9669269035851));
#9881=CARTESIAN_POINT('Ctrl Pts',(26.2869510986034,-1.51669370620475,-46.8972462359608));
#9882=CARTESIAN_POINT('Ctrl Pts',(26.401272582802,-1.53255418272226,-46.8543999850908));
#9883=CARTESIAN_POINT('Ctrl Pts',(26.6164705273206,-1.5989619337713,-46.7618075688439));
#9884=CARTESIAN_POINT('Ctrl Pts',(26.7174107061088,-1.64948540288058,-46.7121924797611));
#9885=CARTESIAN_POINT('Ctrl Pts',(26.8971255705806,-1.77258430304617,-46.6159367309355));
#9886=CARTESIAN_POINT('Ctrl Pts',(26.9828826033732,-1.85312672816635,-46.5647736789771));
#9887=CARTESIAN_POINT('Ctrl Pts',(27.1313728368699,-2.03944402745083,-46.4698116546058));
#9888=CARTESIAN_POINT('Ctrl Pts',(27.1941157664094,-2.14523056442486,-46.4260507820629));
#9889=CARTESIAN_POINT('Ctrl Pts',(27.3441708860935,-2.48707454713961,-46.3170169037626));
#9890=CARTESIAN_POINT('Ctrl Pts',(27.3926424416631,-2.74918923993842,-46.2761377022912));
#9891=CARTESIAN_POINT('Ctrl Pts',(27.3926424289221,-3.00000003963071,-46.2761377022912));
#9892=CARTESIAN_POINT('',(27.3456173786593,-3.42934089088712,-46.3133547754922));
#9893=CARTESIAN_POINT('Ctrl Pts',(27.3926424289221,-3.00000006119169,-46.2761377022912));
#9894=CARTESIAN_POINT('Ctrl Pts',(27.3926424201765,-3.14219291718721,-46.2761377035155));
#9895=CARTESIAN_POINT('Ctrl Pts',(27.3773976710871,-3.28821119492806,-46.2886063331302));
#9896=CARTESIAN_POINT('Ctrl Pts',(27.3456173767168,-3.42934089039842,-46.3133547757846));
#9897=CARTESIAN_POINT('',(27.5629231275175,-4.56253884677173,-46.1307576095965));
#9898=CARTESIAN_POINT('Ctrl Pts',(27.5629231275175,-4.56253884677173,-46.1307576095965));
#9899=CARTESIAN_POINT('Ctrl Pts',(27.5190940037676,-4.50856323331939,-46.1704576258423));
#9900=CARTESIAN_POINT('Ctrl Pts',(27.4796392167439,-4.44705200777072,-46.20435787398));
#9901=CARTESIAN_POINT('Ctrl Pts',(27.3905040865693,-4.27011090116643,-46.2787238009884));
#9902=CARTESIAN_POINT('Ctrl Pts',(27.3511127374527,-4.14740880187037,-46.3091963003011));
#9903=CARTESIAN_POINT('Ctrl Pts',(27.303990878462,-3.87354782522649,-46.3454777170095));
#9904=CARTESIAN_POINT('Ctrl Pts',(27.3014861562402,-3.72218401217852,-46.3472978931199));
#9905=CARTESIAN_POINT('Ctrl Pts',(27.3263017112049,-3.52584747309779,-46.3283076701488));
#9906=CARTESIAN_POINT('Ctrl Pts',(27.3348451514745,-3.47717810986991,-46.3217434897331));
#9907=CARTESIAN_POINT('Ctrl Pts',(27.3456173767168,-3.42934089039842,-46.3133547757846));
#9908=CARTESIAN_POINT('',(27.9072922523893,-4.99999995375355,-45.7755834668279));
#9909=CARTESIAN_POINT('Origin',(24.9999997460675,-2.99872821858399,-43.3012701892219));
#9910=CARTESIAN_POINT('',(28.2520994913989,-4.99999997126955,-45.3008759227001));
#9911=CARTESIAN_POINT('Origin',(24.9999996444041,-4.99999980606479,-43.3012701892219));
#9912=CARTESIAN_POINT('',(28.482993393151,-4.56370122702586,-44.8643858937019));
#9913=CARTESIAN_POINT('Origin',(24.9999997459384,-3.00127053293294,-43.3012701892219));
#9914=CARTESIAN_POINT('',(28.5895599399548,-3.42997660143362,-44.6011291019164));
#9915=CARTESIAN_POINT('Ctrl Pts',(28.5895599396348,-3.4299766009492,-44.6011290999982));
#9916=CARTESIAN_POINT('Ctrl Pts',(28.601352563233,-3.55113197397754,-44.5685637544477));
#9917=CARTESIAN_POINT('Ctrl Pts',(28.6065404509627,-3.67771278749739,-44.5532495591011));
#9918=CARTESIAN_POINT('Ctrl Pts',(28.6039759533729,-3.9531408414536,-44.5606147769029));
#9919=CARTESIAN_POINT('Ctrl Pts',(28.5937531206133,-4.1012109719986,-44.5909393444975));
#9920=CARTESIAN_POINT('Ctrl Pts',(28.553363500417,-4.35627119446524,-44.6980629688538));
#9921=CARTESIAN_POINT('Ctrl Pts',(28.5260763741482,-4.46407310563473,-44.7676668410098));
#9922=CARTESIAN_POINT('Ctrl Pts',(28.4860620788804,-4.55679812312265,-44.8575344293965));
#9923=CARTESIAN_POINT('Ctrl Pts',(28.4845355726081,-4.56026630216553,-44.8609494628558));
#9924=CARTESIAN_POINT('Ctrl Pts',(28.4829933570822,-4.56370121893228,-44.8643858856048));
#9925=CARTESIAN_POINT('',(28.5686341299111,-3.0000000993704,-44.6575239864258));
#9926=CARTESIAN_POINT('Ctrl Pts',(28.5895599396348,-3.4299766009492,-44.6011290999982));
#9927=CARTESIAN_POINT('Ctrl Pts',(28.5758039128703,-3.28864956821775,-44.6391163859708));
#9928=CARTESIAN_POINT('Ctrl Pts',(28.5686341226769,-3.14240636892012,-44.6575239864258));
#9929=CARTESIAN_POINT('Ctrl Pts',(28.5686341299111,-3.00000009937039,-44.6575239864258));
#9930=CARTESIAN_POINT('',(28.5686341299111,-3.00000012093137,-41.9450163920181));
#9931=CARTESIAN_POINT('Ctrl Pts',(28.5686341299111,-3.0000000993704,-44.6575239864258));
#9932=CARTESIAN_POINT('Ctrl Pts',(28.5686341426521,-2.74918929967811,-44.6575239864258));
#9933=CARTESIAN_POINT('Ctrl Pts',(28.5925340483783,-2.48707461055573,-44.5987924170116));
#9934=CARTESIAN_POINT('Ctrl Pts',(28.6498618587566,-2.1452306383759,-44.4223881797596));
#9935=CARTESIAN_POINT('Ctrl Pts',(28.672092293956,-2.03944410571847,-44.3491932493544));
#9936=CARTESIAN_POINT('Ctrl Pts',(28.7165205469258,-1.85312681623414,-44.1786257568285));
#9937=CARTESIAN_POINT('Ctrl Pts',(28.7386791231914,-1.77258439659602,-44.0812557155426));
#9938=CARTESIAN_POINT('Ctrl Pts',(28.7746888374003,-1.6494855073891,-43.8805920544709));
#9939=CARTESIAN_POINT('Ctrl Pts',(28.7906833622917,-1.59896204422004,-43.7692603315334));
#9940=CARTESIAN_POINT('Ctrl Pts',(28.812244163443,-1.5325543051982,-43.5359822907267));
#9941=CARTESIAN_POINT('Ctrl Pts',(28.8176660886489,-1.51669383476359,-43.4140158777967));
#9942=CARTESIAN_POINT('Ctrl Pts',(28.8176660886489,-1.51669383476359,-43.1885245006471));
#9943=CARTESIAN_POINT('Ctrl Pts',(28.812244163443,-1.5325543051982,-43.0665580877171));
#9944=CARTESIAN_POINT('Ctrl Pts',(28.7906833622917,-1.59896204422004,-42.8332800469105));
#9945=CARTESIAN_POINT('Ctrl Pts',(28.7746888374003,-1.6494855073891,-42.721948323973));
#9946=CARTESIAN_POINT('Ctrl Pts',(28.7386791231914,-1.77258439659602,-42.5212846629013));
#9947=CARTESIAN_POINT('Ctrl Pts',(28.7165205469258,-1.85312681623414,-42.4239146216153));
#9948=CARTESIAN_POINT('Ctrl Pts',(28.672092293956,-2.03944410571847,-42.2533471290895));
#9949=CARTESIAN_POINT('Ctrl Pts',(28.6498618587566,-2.1452306383759,-42.1801521986843));
#9950=CARTESIAN_POINT('Ctrl Pts',(28.5925340483783,-2.48707461055573,-42.0037479614322));
#9951=CARTESIAN_POINT('Ctrl Pts',(28.5686341426521,-2.74918929967811,-41.9450163920181));
#9952=CARTESIAN_POINT('Ctrl Pts',(28.5686341299111,-3.00000009937039,-41.9450163920181));
#9953=CARTESIAN_POINT('',(28.5894981151333,-3.42934095407553,-42.0012405598568));
#9954=CARTESIAN_POINT('Ctrl Pts',(28.5686341299111,-3.00000012093137,-41.9450163920181));
#9955=CARTESIAN_POINT('Ctrl Pts',(28.5686341233818,-3.1421929769269,-41.9450163938442));
#9956=CARTESIAN_POINT('Ctrl Pts',(28.575781603157,-3.28821125580526,-41.9633680231978));
#9957=CARTESIAN_POINT('Ctrl Pts',(28.5894981148111,-3.42934095358684,-42.0012405617946));
#9958=CARTESIAN_POINT('',(28.4829890552535,-4.56253890397918,-41.738144818778));
#9959=CARTESIAN_POINT('Ctrl Pts',(28.4829890191817,-4.56253889588486,-41.7381448268688));
#9960=CARTESIAN_POINT('Ctrl Pts',(28.5067392112497,-4.50959501470525,-41.7910655066294));
#9961=CARTESIAN_POINT('Ctrl Pts',(28.5264863593778,-4.44939165366273,-41.8382683465434));
#9962=CARTESIAN_POINT('Ctrl Pts',(28.5692152705973,-4.27633099644489,-41.9446870504257));
#9963=CARTESIAN_POINT('Ctrl Pts',(28.5860817083214,-4.1563885120908,-41.9915325653768));
#9964=CARTESIAN_POINT('Ctrl Pts',(28.6065505769086,-3.88942791823269,-42.0489094690267));
#9965=CARTESIAN_POINT('Ctrl Pts',(28.6081718951192,-3.74225842667909,-42.0538442232677));
#9966=CARTESIAN_POINT('Ctrl Pts',(28.5988741623615,-3.5413915033057,-42.0274012751486));
#9967=CARTESIAN_POINT('Ctrl Pts',(28.5948888821159,-3.48480676035109,-42.0161249615577));
#9968=CARTESIAN_POINT('Ctrl Pts',(28.5894981148111,-3.42934095358684,-42.0012405617946));
#9969=CARTESIAN_POINT('',(28.251614233915,-4.9999999712449,-41.3008754618087));
#9970=CARTESIAN_POINT('Origin',(24.9999997460675,-2.998728218584,-43.3012701892219));
#9971=CARTESIAN_POINT('',(27.9066918273752,-4.99999995372305,-40.8262515917894));
#9972=CARTESIAN_POINT('Origin',(24.9999996444041,-4.99999980606479,-43.3012701892219));
#9973=CARTESIAN_POINT('Origin',(24.9999997459384,-3.00127053293296,-43.3012701892219));
#9974=CARTESIAN_POINT('Origin',(26.3650828289196,-2.99999998743128,-39.0999764580529));
#9975=CARTESIAN_POINT('',(24.9890176033837,-2.99999991752798,-38.2836159402234));
#9976=CARTESIAN_POINT('Ctrl Pts',(24.9890176033837,-2.99999991752798,-38.2836159402234));
#9977=CARTESIAN_POINT('Ctrl Pts',(24.9890176120313,-2.82976935047224,-38.2836159402234));
#9978=CARTESIAN_POINT('Ctrl Pts',(25.0227171202724,-2.6481244209312,-38.2831965705069));
#9979=CARTESIAN_POINT('Ctrl Pts',(25.1584064319283,-2.31174904972515,-38.2856459266088));
#9980=CARTESIAN_POINT('Ctrl Pts',(25.2602600357603,-2.15696759657866,-38.289025516473));
#9981=CARTESIAN_POINT('Ctrl Pts',(25.4828561335943,-1.91556906412202,-38.3057309094185));
#9982=CARTESIAN_POINT('Ctrl Pts',(25.6323561031766,-1.79895990915208,-38.321674051113));
#9983=CARTESIAN_POINT('Ctrl Pts',(25.8840817230385,-1.6584749690961,-38.3607433036167));
#9984=CARTESIAN_POINT('Ctrl Pts',(26.0159379701683,-1.60420127615897,-38.385568136941));
#9985=CARTESIAN_POINT('Ctrl Pts',(26.2862521369282,-1.53340023309341,-38.4492796725744));
#9986=CARTESIAN_POINT('Ctrl Pts',(26.4246695820963,-1.51682689413684,-38.4882869212215));
#9987=CARTESIAN_POINT('Ctrl Pts',(26.6764183579903,-1.51682690692553,-38.570085057012));
#9988=CARTESIAN_POINT('Ctrl Pts',(26.8113283074135,-1.53340025976697,-38.6198872623876));
#9989=CARTESIAN_POINT('Ctrl Pts',(27.0674657566823,-1.60420132957597,-38.7272302259156));
#9990=CARTESIAN_POINT('Ctrl Pts',(27.1887313673559,-1.65847503537153,-38.7846496697386));
#9991=CARTESIAN_POINT('Ctrl Pts',(27.4153459892733,-1.79895999972691,-38.9010025832899));
#9992=CARTESIAN_POINT('Ctrl Pts',(27.5456651381711,-1.9155691689115,-38.9759781845721));
#9993=CARTESIAN_POINT('Ctrl Pts',(27.7355683256237,-2.15696772232287,-39.0933019340982));
#9994=CARTESIAN_POINT('Ctrl Pts',(27.8199560809192,-2.31174918493032,-39.1504358300677));
#9995=CARTESIAN_POINT('Ctrl Pts',(27.9311707044863,-2.64812456867893,-39.2282104255972));
#9996=CARTESIAN_POINT('Ctrl Pts',(27.9581876633282,-2.82976950130433,-39.2483577713546));
#9997=CARTESIAN_POINT('Ctrl Pts',(27.9581876460329,-3.17023063541581,-39.2483577713546));
#9998=CARTESIAN_POINT('Ctrl Pts',(27.9311706687361,-3.35187556529632,-39.2282104255972));
#9999=CARTESIAN_POINT('Ctrl Pts',(27.8697130765326,-3.53775772226162,-39.1852319237263));
#10000=CARTESIAN_POINT('Ctrl Pts',(27.8635606456823,-3.55531231042035,-39.1809479839621));
#10001=CARTESIAN_POINT('Ctrl Pts',(27.8571143164519,-3.57270306803449,-39.1764828086369));
#10002=CARTESIAN_POINT('',(25.1128202600759,-3.5722271381299,-38.2848724483093));
#10003=CARTESIAN_POINT('Ctrl Pts',(25.1128202600816,-3.57222713812731,-38.2848724483133));
#10004=CARTESIAN_POINT('Ctrl Pts',(25.1050582183518,-3.55499201065456,-38.284697877255));
#10005=CARTESIAN_POINT('Ctrl Pts',(25.0976343484053,-3.53759623461759,-38.2845489180235));
#10006=CARTESIAN_POINT('Ctrl Pts',(25.0227170845222,-3.35187541754858,-38.2831965705069));
#10007=CARTESIAN_POINT('Ctrl Pts',(24.989017594736,-3.17023048458371,-38.2836159402234));
#10008=CARTESIAN_POINT('Ctrl Pts',(24.9890176033837,-2.99999991752797,-38.2836159402234));
#10009=CARTESIAN_POINT('Origin',(25.9507747090346,-2.56456152063647,-38.9653596056641));
#10010=CARTESIAN_POINT('',(24.8433924028473,-2.9999999101303,-38.6055492670529));
#10011=CARTESIAN_POINT('Origin',(26.3650828289196,-2.99999998743128,-39.0999764580529));
#10012=CARTESIAN_POINT('',(27.8867732549918,-3.00000006473226,-39.5944036490528));
#10013=CARTESIAN_POINT('Origin',(26.3650828289196,-2.99999998743128,-39.0999764580529));
#10014=CARTESIAN_POINT('Origin',(25.6918321341065,-2.29241247888972,-38.8812240729212));
#10015=CARTESIAN_POINT('',(24.860218180242,-4.6823482523156,-38.285551306777));
#10016=CARTESIAN_POINT('Ctrl Pts',(25.1128202600816,-3.57222713812732,-38.2848724483133));
#10017=CARTESIAN_POINT('Ctrl Pts',(25.1417436007265,-3.63644960437604,-38.2855229444537));
#10018=CARTESIAN_POINT('Ctrl Pts',(25.1626554229521,-3.70403553646836,-38.2862247911228));
#10019=CARTESIAN_POINT('Ctrl Pts',(25.1964334494956,-3.88916671089237,-38.2874062325793));
#10020=CARTESIAN_POINT('Ctrl Pts',(25.1946456276991,-4.00760670770038,-38.2873305296258));
#10021=CARTESIAN_POINT('Ctrl Pts',(25.1473921303691,-4.25032873338143,-38.2857076342143));
#10022=CARTESIAN_POINT('Ctrl Pts',(25.0976399551649,-4.37208203730066,-38.2840597552756));
#10023=CARTESIAN_POINT('Ctrl Pts',(24.979856166767,-4.55521546685773,-38.2834208270801));
#10024=CARTESIAN_POINT('Ctrl Pts',(24.9236723711177,-4.62251997775776,-38.2837829221217));
#10025=CARTESIAN_POINT('Ctrl Pts',(24.860218180242,-4.6823482523156,-38.285551306777));
#10026=CARTESIAN_POINT('Origin',(26.3644779932394,-2.99936430420757,-39.0997799350508));
#10027=CARTESIAN_POINT('Origin',(21.8413283809679,-2.29337349401201,-40.133305758173));
#10028=CARTESIAN_POINT('',(22.164920217669,-4.68341574490452,-39.161306503045));
#10029=CARTESIAN_POINT('',(21.95999076641,-3.5727027684667,-39.3093633327347));
#10030=CARTESIAN_POINT('Ctrl Pts',(22.164920217669,-4.68341574490452,-39.161306503045));
#10031=CARTESIAN_POINT('Ctrl Pts',(22.1573311139491,-4.67475425405493,-39.1665035808032));
#10032=CARTESIAN_POINT('Ctrl Pts',(22.1498743529922,-4.66592612944818,-39.1716406866042));
#10033=CARTESIAN_POINT('Ctrl Pts',(22.0621467148642,-4.55817302116721,-39.2324174104831));
#10034=CARTESIAN_POINT('Ctrl Pts',(21.9996391170358,-4.44153091476645,-39.2791342014231));
#10035=CARTESIAN_POINT('Ctrl Pts',(21.9184741520942,-4.19229508364776,-39.3410148999499));
#10036=CARTESIAN_POINT('Ctrl Pts',(21.8979904666422,-4.06282408211144,-39.35734899472));
#10037=CARTESIAN_POINT('Ctrl Pts',(21.8993742518665,-3.81442049148749,-39.3562610293043));
#10038=CARTESIAN_POINT('Ctrl Pts',(21.9174684099961,-3.69781894130583,-39.3418358818354));
#10039=CARTESIAN_POINT('Ctrl Pts',(21.9561325564697,-3.5836124380339,-39.3123037847115));
#10040=CARTESIAN_POINT('Ctrl Pts',(21.9580396002102,-3.57814179840339,-39.3108492296017));
#10041=CARTESIAN_POINT('Ctrl Pts',(21.9599907664078,-3.57270276846407,-39.3093633327414));
#10042=CARTESIAN_POINT('Origin',(21.6816504796185,-2.56515281806016,-40.3530834921979));
#10043=CARTESIAN_POINT('Origin',(21.4257924790542,-3.00063521016363,-40.7052417502972));
#10044=CARTESIAN_POINT('Origin',(21.4261658374596,-2.9999997365372,-40.7047278666376));
#10045=CARTESIAN_POINT('',(20.2245333072728,-2.99999967549497,-41.7611743926847));
#10046=CARTESIAN_POINT('Ctrl Pts',(20.2245333072728,-2.99999967549497,-41.7611743926847));
#10047=CARTESIAN_POINT('Ctrl Pts',(20.2245333159204,-2.82976910843923,-41.7611743926847));
#10048=CARTESIAN_POINT('Ctrl Pts',(20.2345481987434,-2.64812417769503,-41.7289946721826));
#10049=CARTESIAN_POINT('Ctrl Pts',(20.2788079898888,-2.31174880184442,-41.6007033770527));
#10050=CARTESIAN_POINT('Ctrl Pts',(20.3134966708071,-2.156967345286,-41.5048792016001));
#10051=CARTESIAN_POINT('Ctrl Pts',(20.3981704292109,-1.91556880582297,-41.2983399942338));
#10052=CARTESIAN_POINT('Ctrl Pts',(20.4595312933623,-1.79895964637561,-41.1610837813377));
#10053=CARTESIAN_POINT('Ctrl Pts',(20.5744758599308,-1.65847469937123,-40.9337515600181));
#10054=CARTESIAN_POINT('Ctrl Pts',(20.6388315025125,-1.60420100300512,-40.8160201149729));
#10055=CARTESIAN_POINT('Ctrl Pts',(20.7829564474742,-1.53339995352922,-40.5786240158981));
#10056=CARTESIAN_POINT('Ctrl Pts',(20.8628278889394,-1.51682661159854,-40.4590351062385));
#10057=CARTESIAN_POINT('Ctrl Pts',(21.018417189068,-1.51682661950238,-40.2448848065227));
#10058=CARTESIAN_POINT('Ctrl Pts',(21.1074713675167,-1.53339997001438,-40.1319675470284));
#10059=CARTESIAN_POINT('Ctrl Pts',(21.2887114146931,-1.60420103601863,-39.9215371533701));
#10060=CARTESIAN_POINT('Ctrl Pts',(21.3807936835294,-1.65847474033169,-39.8239502854633));
#10061=CARTESIAN_POINT('Ctrl Pts',(21.5614796445673,-1.79895970235393,-39.644381993446));
#10062=CARTESIAN_POINT('Ctrl Pts',(21.6730565063387,-1.91556887058642,-39.5436098470147));
#10063=CARTESIAN_POINT('Ctrl Pts',(21.843321326577,-2.15696742300017,-39.3992562039073));
#10064=CARTESIAN_POINT('Ctrl Pts',(21.9237361357105,-2.31174888540579,-39.3366540166695));
#10065=CARTESIAN_POINT('Ctrl Pts',(22.032071368489,-2.64812426900814,-39.2549162797166));
#10066=CARTESIAN_POINT('Ctrl Pts',(22.0595813260002,-2.82976920165859,-39.2354474884143));
#10067=CARTESIAN_POINT('Ctrl Pts',(22.0595813087049,-3.17023033577007,-39.2354474884143));
#10068=CARTESIAN_POINT('Ctrl Pts',(22.0320713327389,-3.35187526562554,-39.2549162797166));
#10069=CARTESIAN_POINT('Ctrl Pts',(21.972204901525,-3.53775742267167,-39.3000848268062));
#10070=CARTESIAN_POINT('Ctrl Pts',(21.9662294263912,-3.55531201083938,-39.3046123252192));
#10071=CARTESIAN_POINT('Ctrl Pts',(21.9599907664078,-3.57270276846406,-39.3093633327414));
#10072=CARTESIAN_POINT('',(20.2639854222563,-3.57222689181194,-41.6438193240089));
#10073=CARTESIAN_POINT('Ctrl Pts',(20.2639854222618,-3.57222689180937,-41.6438193240047));
#10074=CARTESIAN_POINT('Ctrl Pts',(20.2614207931187,-3.55499176460063,-41.6511475197806));
#10075=CARTESIAN_POINT('Ctrl Pts',(20.258985023104,-3.53759598881705,-41.6581620095758));
#10076=CARTESIAN_POINT('Ctrl Pts',(20.2345481629933,-3.3518751743124,-41.7289946721826));
#10077=CARTESIAN_POINT('Ctrl Pts',(20.2245332986252,-3.1702302425507,-41.7611743926847));
#10078=CARTESIAN_POINT('Ctrl Pts',(20.2245333072728,-2.99999967549497,-41.7611743926847));
#10079=CARTESIAN_POINT('Origin',(21.1701093681247,-2.56456127778149,-41.0571594297282));
#10080=CARTESIAN_POINT('',(20.4857094337916,-2.99999968876256,-41.9991550576375));
#10081=CARTESIAN_POINT('Origin',(21.4261658374596,-2.9999997365372,-40.7047278666376));
#10082=CARTESIAN_POINT('',(22.3666222411275,-2.99999978431183,-39.4103006756377));
#10083=CARTESIAN_POINT('Origin',(21.4261658374596,-2.9999997365372,-40.7047278666376));
#10084=CARTESIAN_POINT('Origin',(21.0100740747904,-2.29241224105917,-41.2774291566598));
#10085=CARTESIAN_POINT('',(20.1865726805755,-4.68234801489717,-41.8842679032345));
#10086=CARTESIAN_POINT('Ctrl Pts',(20.2639854222618,-3.57222689180937,-41.6438193240048));
#10087=CARTESIAN_POINT('Ctrl Pts',(20.2735418823941,-3.63644935707427,-41.6165126036707));
#10088=CARTESIAN_POINT('Ctrl Pts',(20.2806714843209,-3.70403528846646,-41.5968411581584));
#10089=CARTESIAN_POINT('Ctrl Pts',(20.2922330796566,-3.88916646176189,-41.5650814224502));
#10090=CARTESIAN_POINT('Ctrl Pts',(20.291608610394,-4.00760645862901,-41.5667583427985));
#10091=CARTESIAN_POINT('Ctrl Pts',(20.275463002899,-4.2503284858903,-41.6111975753629));
#10092=CARTESIAN_POINT('Ctrl Pts',(20.2585215049774,-4.37208179147629,-41.6580054773118));
#10093=CARTESIAN_POINT('Ctrl Pts',(20.2215166494486,-4.5552152251369,-41.7698270682632));
#10094=CARTESIAN_POINT('Ctrl Pts',(20.2044992722708,-4.62251973802655,-41.8233729234953));
#10095=CARTESIAN_POINT('Ctrl Pts',(20.1865726805755,-4.68234801489717,-41.8842679032345));
#10096=CARTESIAN_POINT('Origin',(21.4257920284962,-2.99936405332523,-40.7052423706358));
#10097=CARTESIAN_POINT('Origin',(21.0110034238249,-2.293373451832,-45.3263903611433));
#10098=CARTESIAN_POINT('',(20.1865724912889,-4.68341564440563,-44.718271832404));
#10099=CARTESIAN_POINT('',(20.264056259848,-3.57270268231424,-44.9589234525741));
#10100=CARTESIAN_POINT('Ctrl Pts',(20.1865724912889,-4.68341564440562,-44.718271832404));
#10101=CARTESIAN_POINT('Ctrl Pts',(20.189170044239,-4.67475415407351,-44.7270954847165));
#10102=CARTESIAN_POINT('Ctrl Pts',(20.1917514566371,-4.6659260299767,-44.735774739236));
#10103=CARTESIAN_POINT('Ctrl Pts',(20.2224442286456,-4.55817292771143,-44.8379897268837));
#10104=CARTESIAN_POINT('Ctrl Pts',(20.2475586311773,-4.44153082576181,-44.9118742730748));
#10105=CARTESIAN_POINT('Ctrl Pts',(20.2813293279779,-4.19229500048177,-45.0081889413873));
#10106=CARTESIAN_POINT('Ctrl Pts',(20.2905341728793,-4.06282400045361,-45.032717603041));
#10107=CARTESIAN_POINT('Ctrl Pts',(20.2899270781514,-3.81442040972856,-45.0310653572847));
#10108=CARTESIAN_POINT('Ctrl Pts',(20.2817993541064,-3.69781885821483,-45.0093991802078));
#10109=CARTESIAN_POINT('Ctrl Pts',(20.2656605430391,-3.58361235215893,-44.9635014773839));
#10110=CARTESIAN_POINT('Ctrl Pts',(20.2648664880404,-3.57814171239121,-44.9612382890238));
#10111=CARTESIAN_POINT('Ctrl Pts',(20.2640562598538,-3.5727026823116,-44.9589234525783));
#10112=CARTESIAN_POINT('Origin',(21.1706812752229,-2.56515279210323,-45.5461681113983));
#10113=CARTESIAN_POINT('Origin',(21.4265391957481,-3.00063521020157,-45.8983263955039));
#10114=CARTESIAN_POINT('Origin',(21.4261658374596,-2.9999997365372,-45.8978125118063));
#10115=CARTESIAN_POINT('',(22.0595813173526,-2.99999976871433,-47.3670928900296));
#10116=CARTESIAN_POINT('Ctrl Pts',(22.0595813173526,-2.99999976871433,-47.3670928900296));
#10117=CARTESIAN_POINT('Ctrl Pts',(22.0595813260002,-2.82976920165859,-47.3670928900296));
#10118=CARTESIAN_POINT('Ctrl Pts',(22.0320713684891,-2.64812426900815,-47.3476240987273));
#10119=CARTESIAN_POINT('Ctrl Pts',(21.9237361357106,-2.3117488854058,-47.2658863617744));
#10120=CARTESIAN_POINT('Ctrl Pts',(21.8433213265771,-2.15696742300018,-47.2032841745366));
#10121=CARTESIAN_POINT('Ctrl Pts',(21.6730565063388,-1.91556887058643,-47.0589305314292));
#10122=CARTESIAN_POINT('Ctrl Pts',(21.5614796445674,-1.79895970235393,-46.9581583849979));
#10123=CARTESIAN_POINT('Ctrl Pts',(21.3807936835294,-1.6584747403317,-46.7785900929806));
#10124=CARTESIAN_POINT('Ctrl Pts',(21.2887114146932,-1.60420103601863,-46.6810032250738));
#10125=CARTESIAN_POINT('Ctrl Pts',(21.1074713675168,-1.53339997001438,-46.4705728314155));
#10126=CARTESIAN_POINT('Ctrl Pts',(21.0184171890681,-1.51682661950238,-46.3576555719212));
#10127=CARTESIAN_POINT('Ctrl Pts',(20.8628278889394,-1.51682661159853,-46.1435052722054));
#10128=CARTESIAN_POINT('Ctrl Pts',(20.7829564474742,-1.53339995352921,-46.0239163625458));
#10129=CARTESIAN_POINT('Ctrl Pts',(20.6388315025126,-1.60420100300511,-45.786520263471));
#10130=CARTESIAN_POINT('Ctrl Pts',(20.5744758599308,-1.65847469937122,-45.6687888184259));
#10131=CARTESIAN_POINT('Ctrl Pts',(20.4595312933623,-1.79895964637559,-45.4414565971062));
#10132=CARTESIAN_POINT('Ctrl Pts',(20.398170429211,-1.91556880582295,-45.3042003842101));
#10133=CARTESIAN_POINT('Ctrl Pts',(20.3134966708071,-2.15696734528597,-45.0976611768438));
#10134=CARTESIAN_POINT('Ctrl Pts',(20.2788079898888,-2.3117488018444,-45.0018370013912));
#10135=CARTESIAN_POINT('Ctrl Pts',(20.2345481987434,-2.64812417769502,-44.8735457062614));
#10136=CARTESIAN_POINT('Ctrl Pts',(20.2245333159204,-2.82976910843923,-44.8413659857592));
#10137=CARTESIAN_POINT('Ctrl Pts',(20.2245332986252,-3.17023024255071,-44.8413659857592));
#10138=CARTESIAN_POINT('Ctrl Pts',(20.2345481629933,-3.35187517431242,-44.8735457062613));
#10139=CARTESIAN_POINT('Ctrl Pts',(20.259006252872,-3.53775733564219,-44.944439905456));
#10140=CARTESIAN_POINT('Ctrl Pts',(20.2614656357582,-3.55531192423839,-44.9515219931235));
#10141=CARTESIAN_POINT('Ctrl Pts',(20.2640562598538,-3.5727026823116,-44.9589234525783));
#10142=CARTESIAN_POINT('',(21.9601613684761,-3.57222697797668,-47.29330696075));
#10143=CARTESIAN_POINT('Ctrl Pts',(21.9601613684739,-3.5722269779741,-47.2933069607434));
#10144=CARTESIAN_POINT('Ctrl Pts',(21.9663383834346,-3.55499185120944,-47.2980106058674));
#10145=CARTESIAN_POINT('Ctrl Pts',(21.9722568659445,-3.53759607585025,-47.3024947582061));
#10146=CARTESIAN_POINT('Ctrl Pts',(22.032071332739,-3.35187526562554,-47.3476240987273));
#10147=CARTESIAN_POINT('Ctrl Pts',(22.059581308705,-3.17023033577007,-47.3670928900296));
#10148=CARTESIAN_POINT('Ctrl Pts',(22.0595813173526,-2.99999976871433,-47.3670928900296));
#10149=CARTESIAN_POINT('Origin',(21.6822223868254,-2.56456130379652,-46.2502440488933));
#10150=CARTESIAN_POINT('',(22.3666222411275,-2.99999978431183,-47.1922397028062));
#10151=CARTESIAN_POINT('Origin',(21.4261658374596,-2.9999997365372,-45.8978125118063));
#10152=CARTESIAN_POINT('',(20.4857094337916,-2.99999968876256,-44.6033853208064));
#10153=CARTESIAN_POINT('Origin',(21.4261658374596,-2.9999997365372,-45.8978125118063));
#10154=CARTESIAN_POINT('Origin',(21.8422577301791,-2.2924122833336,-46.4705137595726));
#10155=CARTESIAN_POINT('',(22.1649196648559,-4.68234811539693,-47.4412334967909));
#10156=CARTESIAN_POINT('Ctrl Pts',(21.9601613684739,-3.5722269779741,-47.2933069607434));
#10157=CARTESIAN_POINT('Ctrl Pts',(21.9371442404942,-3.63644944158427,-47.2757799833153));
#10158=CARTESIAN_POINT('Ctrl Pts',(21.9206387498408,-3.70403537177583,-47.2629205147117));
#10159=CARTESIAN_POINT('Ctrl Pts',(21.8940061691822,-3.88916654313102,-47.2421104771139));
#10160=CARTESIAN_POINT('Ctrl Pts',(21.8954080394347,-4.00760654010107,-47.243222573839));
#10161=CARTESIAN_POINT('Ctrl Pts',(21.9326829855239,-4.25032857007609,-47.2723104254094));
#10162=CARTESIAN_POINT('Ctrl Pts',(21.9719647306448,-4.37208187851819,-47.3028871786945));
#10163=CARTESIAN_POINT('Ctrl Pts',(22.0668782477208,-4.55521531888054,-47.3726356507742));
#10164=CARTESIAN_POINT('Ctrl Pts',(22.11254472115,-4.62251983495481,-47.4053667142229));
#10165=CARTESIAN_POINT('Ctrl Pts',(22.1649196648559,-4.68234811539693,-47.4412334967909));
#10166=CARTESIAN_POINT('Origin',(21.4265396465398,-2.9993640533632,-45.8983270157666));
#10167=CARTESIAN_POINT('Origin',(25.6933358525409,-2.29337368969174,-47.7208277178212));
#10168=CARTESIAN_POINT('',(24.8602175103675,-4.68341588182405,-48.3169890529998));
#10169=CARTESIAN_POINT('',(25.1130346421479,-3.5727029286395,-48.317663104023));
#10170=CARTESIAN_POINT('Ctrl Pts',(24.8602175103675,-4.68341588182405,-48.3169890529998));
#10171=CARTESIAN_POINT('Ctrl Pts',(24.8694119907062,-4.67475439182706,-48.3172452922757));
#10172=CARTESIAN_POINT('Ctrl Pts',(24.878464152884,-4.66592626805896,-48.3174722607647));
#10173=CARTESIAN_POINT('Ctrl Pts',(24.9851609748867,-4.55817316965464,-48.3198678734117));
#10174=CARTESIAN_POINT('Ctrl Pts',(25.0631901352754,-4.44153107039306,-48.3188142432612));
#10175=CARTESIAN_POINT('Ctrl Pts',(25.1652265561607,-4.19229524858089,-48.3164592833667));
#10176=CARTESIAN_POINT('Ctrl Pts',(25.1913991577122,-4.06282424941468,-48.3152847351972));
#10177=CARTESIAN_POINT('Ctrl Pts',(25.1896401847504,-3.81442065863107,-48.3153515565777));
#10178=CARTESIAN_POINT('Ctrl Pts',(25.1665228250956,-3.6978191063559,-48.3163862702068));
#10179=CARTESIAN_POINT('Ctrl Pts',(25.117884352862,-3.58361259864905,-48.31755202698));
#10180=CARTESIAN_POINT('Ctrl Pts',(25.1154865565274,-3.57814195879985,-48.3176078547603));
#10181=CARTESIAN_POINT('Ctrl Pts',(25.1130346421537,-3.57270292863686,-48.3176631040188));
#10182=CARTESIAN_POINT('Origin',(25.951700074225,-2.56515303497618,-47.636880103425));
#10183=CARTESIAN_POINT('Origin',(26.3656869353926,-3.00063546110738,-47.5023676343228));
#10184=CARTESIAN_POINT('Origin',(28.5758141500528,-2.99999952696339,-54.3023817619287));
#10185=CARTESIAN_POINT('',(24.5203627738843,-4.99999972074022,-48.2959597953902));
#10186=CARTESIAN_POINT('',(25.0678414510818,-4.99999980951111,-49.9809263958849));
#10187=CARTESIAN_POINT('Origin',(24.9999997459384,-3.00127053293295,-43.3012701892219));
#10188=CARTESIAN_POINT('Origin',(27.0383335734075,-2.2924125472912,-47.2838114668879));
#10189=CARTESIAN_POINT('',(27.8572905919595,-3.57222727754738,-47.4259354635788));
#10190=CARTESIAN_POINT('Origin',(26.7793909793737,-2.56456156272969,-47.3679470259275));
#10191=CARTESIAN_POINT('',(28.0612508423471,-4.68234841492619,-47.2769105114641));
#10192=CARTESIAN_POINT('Ctrl Pts',(27.8572905919526,-3.5722272775448,-47.4259354635788));
#10193=CARTESIAN_POINT('Ctrl Pts',(27.8335087598969,-3.63644974111614,-47.4424099161422));
#10194=CARTESIAN_POINT('Ctrl Pts',(27.8161781990006,-3.70403567126578,-47.4541337729803));
#10195=CARTESIAN_POINT('Ctrl Pts',(27.7881567506129,-3.88916684255039,-47.4730321981458));
#10196=CARTESIAN_POINT('Ctrl Pts',(27.7896476150245,-4.00760683952495,-47.4720425913725));
#10197=CARTESIAN_POINT('Ctrl Pts',(27.8288303890917,-4.25032886959694,-47.4455806397382));
#10198=CARTESIAN_POINT('Ctrl Pts',(27.8700493320879,-4.37208217813745,-47.4176702105851));
#10199=CARTESIAN_POINT('Ctrl Pts',(27.9657139543048,-4.55521561853756,-47.3489555460423));
#10200=CARTESIAN_POINT('Ctrl Pts',(28.0109547594831,-4.62252013458989,-47.3156386005093));
#10201=CARTESIAN_POINT('Ctrl Pts',(28.0612508423471,-4.68234841492619,-47.2769105114641));
#10202=CARTESIAN_POINT('Origin',(26.3656876646445,-2.99936430426902,-47.5023673973276));
#10203=CARTESIAN_POINT('Origin',(31.3326692066267,-5.89999960218996,-53.4066253614216));
#10204=CARTESIAN_POINT('',(28.3244833289225,-4.99999991398731,-47.0595655502731));
#10205=CARTESIAN_POINT('Origin',(24.9999997460675,-2.99872821858399,-43.3012701892219));
#10206=CARTESIAN_POINT('',(28.8720683587827,-5.00000000276361,-48.74485849352));
#10207=CARTESIAN_POINT('Origin',(25.8165410054942,-5.89999932197388,-31.4036163175286));
#10208=CARTESIAN_POINT('',(24.5195064330916,-4.99999972069672,-38.3066628910042));
#10209=CARTESIAN_POINT('Origin',(24.9999997460675,-2.99872821858399,-43.3012701892219));
#10210=CARTESIAN_POINT('',(25.0670911189313,-4.999999809473,-36.6213700298284));
#10211=CARTESIAN_POINT('Origin',(28.573396265657,-2.99999952684056,-32.2993729982518));
#10212=CARTESIAN_POINT('',(28.3238389140676,-4.99999991395458,-39.5424048951511));
#10213=CARTESIAN_POINT('',(28.8713179355542,-5.00000000272549,-37.8574382125026));
#10214=CARTESIAN_POINT('Origin',(24.9999997459384,-3.00127053293296,-43.3012701892219));
#10215=CARTESIAN_POINT('Origin',(13.9369835267014,-5.89999871849933,-38.8481159239068));
#10216=CARTESIAN_POINT('',(20.1013652591214,-4.99999949625774,-42.2148278534979));
#10217=CARTESIAN_POINT('Origin',(24.9999997460675,-2.99872821858399,-43.3012701892219));
#10218=CARTESIAN_POINT('',(20.3943253456742,-4.99999957209924,-42.4276758679754));
#10219=CARTESIAN_POINT('Origin',(15.6408139831348,-2.99999886987297,-36.5029949415228));
#10220=CARTESIAN_POINT('',(22.4522291334992,-4.99999961568025,-38.9785579372567));
#10221=CARTESIAN_POINT('',(22.7454667117338,-4.99999969153584,-39.19160745604));
#10222=CARTESIAN_POINT('Origin',(24.9999997459384,-3.00127053293295,-43.3012701892219));
#10223=CARTESIAN_POINT('Origin',(15.6423083178723,-2.99999886994888,-50.1016022122369));
#10224=CARTESIAN_POINT('',(20.1015516034667,-4.99999949626721,-44.3885523879926));
#10225=CARTESIAN_POINT('',(20.3947892239251,-4.9999995721228,-44.1755027333051));
#10226=CARTESIAN_POINT('Origin',(24.9999997459384,-3.00127053293296,-43.3012701892219));
#10227=CARTESIAN_POINT('Origin',(17.3461382413031,-5.89999889168239,-52.446723367804));
#10228=CARTESIAN_POINT('',(22.452970307153,-4.9999996157179,-47.6244191971454));
#10229=CARTESIAN_POINT('Origin',(24.9999997460675,-2.99872821858398,-43.3012701892219));
#10230=CARTESIAN_POINT('',(22.7459303515394,-4.99999969155939,-47.4115713184811));
#10231=CARTESIAN_POINT('Origin',(28.8176660132979,-5.,-43.3012701892219));
#10232=CARTESIAN_POINT('',(29.6020157971027,-4.99999997888521,-45.3008759303191));
#10233=CARTESIAN_POINT('Origin',(24.9999996444041,-4.99999974510549,-43.3012701892219));
#10234=CARTESIAN_POINT('',(32.6926658608428,-5.00000019684772,-45.3008761483771));
#10235=CARTESIAN_POINT('Origin',(28.8176660132979,-5.,-43.3012701892219));
#10236=CARTESIAN_POINT('Origin',(24.9999996444041,-4.99999974510549,-43.3012701892219));
#10237=CARTESIAN_POINT('Origin',(28.8176660132979,-5.,-43.3012701892219));
#10238=CARTESIAN_POINT('',(19.9823333771092,-4.99999949021099,-43.3012701892219));
#10239=CARTESIAN_POINT('Origin',(24.9999996444041,-4.99999974510549,-43.3012701892219));
#10240=CARTESIAN_POINT('Origin',(24.9999996444041,-4.99999974510549,-43.3012701892219));
#10241=CARTESIAN_POINT('Origin',(28.8176660132979,-5.,-43.3012701892219));
#10242=CARTESIAN_POINT('',(29.6016728937321,-4.9999999788678,-41.3008754541892));
#10243=CARTESIAN_POINT('',(32.6926660082101,-5.00000019684773,-41.3008752363048));
#10244=CARTESIAN_POINT('Origin',(24.9999996444041,-4.99999974510549,-43.3012701892219));
#10245=CARTESIAN_POINT('Origin',(28.8176660132979,-5.,-43.3012701892219));
#10246=CARTESIAN_POINT('Origin',(24.9999996444041,-4.99999974510549,-43.3012701892219));
#10247=CARTESIAN_POINT('Origin',(24.9999997460029,-2.9999997451055,-43.3012701892219));
#10248=CARTESIAN_POINT('',(29.7270369788749,-4.6823484954815,-41.6183877319076));
#10249=CARTESIAN_POINT('Origin',(24.9999997460675,-2.998728218584,-43.3012701892219));
#10250=CARTESIAN_POINT('',(29.8057409419028,-3.57222737652752,-41.8584167494628));
#10251=CARTESIAN_POINT('Ctrl Pts',(29.8057409419007,-3.57222737652495,-41.8584167494694));
#10252=CARTESIAN_POINT('Ctrl Pts',(29.8140600848466,-3.636449841727,-41.8861254985278));
#10253=CARTESIAN_POINT('Ctrl Pts',(29.8198546950773,-3.70403577305138,-41.9062307091365));
#10254=CARTESIAN_POINT('Ctrl Pts',(29.8291690552215,-3.88916694623262,-41.9387206158205));
#10255=CARTESIAN_POINT('Ctrl Pts',(29.8286885815332,-4.00760694310704,-41.936996908474));
#10256=CARTESIAN_POINT('Ctrl Pts',(29.8156299045511,-4.25032897052518,-41.8915546713849));
#10257=CARTESIAN_POINT('Ctrl Pts',(29.8018228586348,-4.3720822762704,-41.8437283242427));
#10258=CARTESIAN_POINT('Ctrl Pts',(29.7660333176532,-4.55521570538886,-41.7315118567711));
#10259=CARTESIAN_POINT('Ctrl Pts',(29.7483271960916,-4.62252021443116,-41.6781897924275));
#10260=CARTESIAN_POINT('Ctrl Pts',(29.7270369386765,-4.68234848832594,-41.61838773906));
#10261=CARTESIAN_POINT('',(29.768678847325,-3.00000016033196,-41.7402851160828));
#10262=CARTESIAN_POINT('Ctrl Pts',(29.8057409419007,-3.57222737652494,-41.8584167494694));
#10263=CARTESIAN_POINT('Ctrl Pts',(29.8035083666428,-3.55499224933308,-41.8509806628461));
#10264=CARTESIAN_POINT('Ctrl Pts',(29.8013559339236,-3.53759647356389,-41.8438741111829));
#10265=CARTESIAN_POINT('Ctrl Pts',(29.7794913916487,-3.35187565918993,-41.7722056518463));
#10266=CARTESIAN_POINT('Ctrl Pts',(29.7686788386774,-3.1702307273877,-41.7402851160828));
#10267=CARTESIAN_POINT('Ctrl Pts',(29.768678847325,-3.00000016033196,-41.7402851160828));
#10268=CARTESIAN_POINT('',(29.8058025996847,-3.57270316702936,-44.743918248141));
#10269=CARTESIAN_POINT('Ctrl Pts',(29.768678847325,-3.00000016033196,-41.7402851160828));
#10270=CARTESIAN_POINT('Ctrl Pts',(29.7686788559726,-2.82976959327622,-41.7402851160828));
#10271=CARTESIAN_POINT('Ctrl Pts',(29.7794914273988,-2.64812466257254,-41.7722056518463));
#10272=CARTESIAN_POINT('Ctrl Pts',(29.8190922663814,-2.31174928648526,-41.9020107322976));
#10273=CARTESIAN_POINT('Ctrl Pts',(29.8473525853742,-2.15696782960027,-41.9999236091544));
#10274=CARTESIAN_POINT('Ctrl Pts',(29.9002507981418,-1.91556928852307,-42.2167873171564));
#10275=CARTESIAN_POINT('Ctrl Pts',(29.9312860046957,-1.79896012753519,-42.3638969335071));
#10276=CARTESIAN_POINT('Ctrl Pts',(29.9719164369034,-1.65847517675569,-42.6153752807891));
#10277=CARTESIAN_POINT('Ctrl Pts',(29.989052440487,-1.60420147799085,-42.7484493165937));
#10278=CARTESIAN_POINT('Ctrl Pts',(30.0119908431941,-1.53340042235874,-43.0252213101654));
#10279=CARTESIAN_POINT('Ctrl Pts',(30.0176660886422,-1.51682707665894,-43.1689180252966));
#10280=CARTESIAN_POINT('Ctrl Pts',(30.0176660886422,-1.51682707665894,-43.4336223531473));
#10281=CARTESIAN_POINT('Ctrl Pts',(30.0119908431941,-1.53340042235874,-43.5773190682784));
#10282=CARTESIAN_POINT('Ctrl Pts',(29.989052440487,-1.60420147799085,-43.8540910618501));
#10283=CARTESIAN_POINT('Ctrl Pts',(29.9719164369034,-1.65847517675569,-43.9871650976547));
#10284=CARTESIAN_POINT('Ctrl Pts',(29.9312860046957,-1.79896012753519,-44.2386434449367));
#10285=CARTESIAN_POINT('Ctrl Pts',(29.9002507981418,-1.91556928852307,-44.3857530612874));
#10286=CARTESIAN_POINT('Ctrl Pts',(29.8473525853742,-2.15696782960027,-44.6026167692895));
#10287=CARTESIAN_POINT('Ctrl Pts',(29.8190922663814,-2.31174928648525,-44.7005296461462));
#10288=CARTESIAN_POINT('Ctrl Pts',(29.7794914273988,-2.64812466257254,-44.8303347265976));
#10289=CARTESIAN_POINT('Ctrl Pts',(29.7686788559726,-2.82976959327622,-44.8622552623611));
#10290=CARTESIAN_POINT('Ctrl Pts',(29.7686788386774,-3.1702307273877,-44.8622552623611));
#10291=CARTESIAN_POINT('Ctrl Pts',(29.7794913916487,-3.35187565918993,-44.8303347265976));
#10292=CARTESIAN_POINT('Ctrl Pts',(29.8013749289646,-3.53775782038892,-44.7586040045663));
#10293=CARTESIAN_POINT('Ctrl Pts',(29.8035479914871,-3.55531240897057,-44.7514288857732));
#10294=CARTESIAN_POINT('Ctrl Pts',(29.8058025996826,-3.57270316702672,-44.7439182481342));
#10295=CARTESIAN_POINT('',(29.7270367540816,-4.68341612499302,-44.9841532778043));
#10296=CARTESIAN_POINT('Ctrl Pts',(29.7270367138853,-4.68341611783783,-44.9841532706459));
#10297=CARTESIAN_POINT('Ctrl Pts',(29.7301216615076,-4.67475463112586,-44.9754879867652));
#10298=CARTESIAN_POINT('Ctrl Pts',(29.7331347922952,-4.66592651079109,-44.9669490102296));
#10299=CARTESIAN_POINT('Ctrl Pts',(29.7683842890706,-4.55817341263956,-44.866214596251));
#10300=CARTESIAN_POINT('Ctrl Pts',(29.7914945679614,-4.44153131058814,-44.7916788708154));
#10301=CARTESIAN_POINT('Ctrl Pts',(29.8207858648554,-4.19229548508056,-44.6939087572459));
#10302=CARTESIAN_POINT('Ctrl Pts',(29.8277565863761,-4.06282448493891,-44.6686541849019));
#10303=CARTESIAN_POINT('Ctrl Pts',(29.827276593467,-3.81442089422029,-44.6703477285426));
#10304=CARTESIAN_POINT('Ctrl Pts',(29.821117011701,-3.69781934280656,-44.692653393811));
#10305=CARTESIAN_POINT('Ctrl Pts',(29.8071956017847,-3.58361283686331,-44.7392715739432));
#10306=CARTESIAN_POINT('Ctrl Pts',(29.8065077375345,-3.57814219710098,-44.7415692657691));
#10307=CARTESIAN_POINT('Ctrl Pts',(29.8058025996826,-3.57270316702672,-44.7439182481342));
#10308=CARTESIAN_POINT('Origin',(24.9999997459384,-3.00127053293294,-43.3012701892219));
#10309=CARTESIAN_POINT('',(27.9581876546806,-3.00000006836007,-47.3541826070892));
#10310=CARTESIAN_POINT('Ctrl Pts',(27.8572905919526,-3.57222727754481,-47.4259354635788));
#10311=CARTESIAN_POINT('Ctrl Pts',(27.8636728275005,-3.55499215079057,-47.4215142803607));
#10312=CARTESIAN_POINT('Ctrl Pts',(27.8697664220893,-3.53759637544028,-47.4172711491215));
#10313=CARTESIAN_POINT('Ctrl Pts',(27.9311706687362,-3.35187556529632,-47.3743299528467));
#10314=CARTESIAN_POINT('Ctrl Pts',(27.9581876460329,-3.17023063541581,-47.3541826070892));
#10315=CARTESIAN_POINT('Ctrl Pts',(27.9581876546806,-3.00000006836007,-47.3541826070892));
#10316=CARTESIAN_POINT('Ctrl Pts',(27.9581876546806,-3.00000006836007,-47.3541826070892));
#10317=CARTESIAN_POINT('Ctrl Pts',(27.9581876633282,-2.82976950130433,-47.3541826070892));
#10318=CARTESIAN_POINT('Ctrl Pts',(27.9311707044863,-2.64812456867894,-47.3743299528467));
#10319=CARTESIAN_POINT('Ctrl Pts',(27.8199560809192,-2.31174918493032,-47.4521045483762));
#10320=CARTESIAN_POINT('Ctrl Pts',(27.7355683256237,-2.15696772232287,-47.5092384443457));
#10321=CARTESIAN_POINT('Ctrl Pts',(27.5456651381711,-1.9155691689115,-47.6265621938717));
#10322=CARTESIAN_POINT('Ctrl Pts',(27.4153459892733,-1.79895999972691,-47.701537795154));
#10323=CARTESIAN_POINT('Ctrl Pts',(27.1887313673559,-1.65847503537152,-47.8178907087052));
#10324=CARTESIAN_POINT('Ctrl Pts',(27.0674657566823,-1.60420132957596,-47.8753101525283));
#10325=CARTESIAN_POINT('Ctrl Pts',(26.8113283074135,-1.53340025976696,-47.9826531160562));
#10326=CARTESIAN_POINT('Ctrl Pts',(26.6764183579903,-1.51682690692552,-48.0324553214319));
#10327=CARTESIAN_POINT('Ctrl Pts',(26.4246695820963,-1.51682689413683,-48.1142534572224));
#10328=CARTESIAN_POINT('Ctrl Pts',(26.2862521369282,-1.53340023309341,-48.1532607058695));
#10329=CARTESIAN_POINT('Ctrl Pts',(26.0159379701683,-1.60420127615897,-48.2169722415029));
#10330=CARTESIAN_POINT('Ctrl Pts',(25.8840817230385,-1.65847496909608,-48.2417970748272));
#10331=CARTESIAN_POINT('Ctrl Pts',(25.6323561031766,-1.79895990915207,-48.2808663273309));
#10332=CARTESIAN_POINT('Ctrl Pts',(25.4828561335943,-1.91556906412201,-48.2968094690253));
#10333=CARTESIAN_POINT('Ctrl Pts',(25.2602600357604,-2.15696759657866,-48.3135148619709));
#10334=CARTESIAN_POINT('Ctrl Pts',(25.1584064319283,-2.31174904972515,-48.3168944518351));
#10335=CARTESIAN_POINT('Ctrl Pts',(25.0227171202724,-2.64812442093119,-48.319343807937));
#10336=CARTESIAN_POINT('Ctrl Pts',(24.9890176120313,-2.82976935047224,-48.3189244382205));
#10337=CARTESIAN_POINT('Ctrl Pts',(24.989017594736,-3.17023048458371,-48.3189244382205));
#10338=CARTESIAN_POINT('Ctrl Pts',(25.0227170845222,-3.35187541754859,-48.319343807937));
#10339=CARTESIAN_POINT('Ctrl Pts',(25.0976994335316,-3.53775758144496,-48.3179902855549));
#10340=CARTESIAN_POINT('Ctrl Pts',(25.105194889648,-3.55531217029699,-48.3178397580317));
#10341=CARTESIAN_POINT('Ctrl Pts',(25.1130346421537,-3.57270292863686,-48.3176631040188));
#10342=CARTESIAN_POINT('',(19.9823335803068,-0.999999490210998,-43.3012701892219));
#10343=CARTESIAN_POINT('',(19.982333478708,-2.99999949021099,-43.3012701892219));
#10344=CARTESIAN_POINT('Origin',(24.9999998476018,-0.999999745105503,-43.3012701892219));
#10345=CARTESIAN_POINT('Origin',(26.3650828289196,-2.99999998743128,-47.502563920391));
#10346=CARTESIAN_POINT('',(27.8867732549918,-3.00000006473226,-47.0081367293911));
#10347=CARTESIAN_POINT('Origin',(26.3650828289196,-2.99999998743128,-47.502563920391));
#10348=CARTESIAN_POINT('',(24.8433924028474,-2.9999999101303,-47.996991111391));
#10349=CARTESIAN_POINT('Origin',(26.3650828289196,-2.99999998743128,-47.502563920391));
#10350=CARTESIAN_POINT('Origin',(29.4175013972563,-2.29337387887716,-44.0075867852105));
#10351=CARTESIAN_POINT('Origin',(29.4175013972563,-2.56515321103685,-43.7359265559841));
#10352=CARTESIAN_POINT('Origin',(29.4175013972563,-3.00063561613776,-43.3006349940627));
#10353=CARTESIAN_POINT('Origin',(36.5676660132979,-2.99999993294477,-43.2999990321696));
#10354=CARTESIAN_POINT('Origin',(29.4175013972563,-2.29241266815153,-42.5933724900683));
#10355=CARTESIAN_POINT('Origin',(29.4175013972563,-2.56456169674416,-42.8656408358966));
#10356=CARTESIAN_POINT('Origin',(29.4175013972563,-2.99936445929937,-43.3006342273288));
#10357=CARTESIAN_POINT('Origin',(36.5676660132979,-5.89999986812472,-40.4012699754488));
#10358=CARTESIAN_POINT('Origin',(29.4175013972563,-3.00000014249235,-43.3012701892219));
#10359=CARTESIAN_POINT('',(29.4175013972563,-3.00000014249235,-41.7012701892219));
#10360=CARTESIAN_POINT('Origin',(29.4175013972563,-3.00000014249235,-43.3012701892219));
#10361=CARTESIAN_POINT('',(29.4175013972563,-3.00000014249235,-44.9012701892219));
#10362=CARTESIAN_POINT('Origin',(29.4175013972563,-3.00000014249235,-43.3012701892219));
#10363=CARTESIAN_POINT('Origin',(30.0176660132979,-1.,-43.3012701892219));
#10364=CARTESIAN_POINT('',(0.,0.,0.));
#10365=CARTESIAN_POINT('Ctrl Pts',(1.84009592826318,-5.10379609513878,-5.99266804239188));
#10366=CARTESIAN_POINT('Ctrl Pts',(2.02030599595494,-5.07431252694408,-6.49504194209767));
#10367=CARTESIAN_POINT('Ctrl Pts',(2.52750884152062,-4.78993548198109,-7.23969144782343));
#10368=CARTESIAN_POINT('Ctrl Pts',(3.24682595300883,-4.28122099204459,-7.51641473438192));
#10369=CARTESIAN_POINT('Ctrl Pts',(3.55337624921444,-4.04127424293461,-7.5372828442038));
#10370=CARTESIAN_POINT('Ctrl Pts',(1.96307108227995,-4.93913505500595,-5.92113826648597));
#10371=CARTESIAN_POINT('Ctrl Pts',(2.13600370316854,-4.91560010072646,-6.37655935913254));
#10372=CARTESIAN_POINT('Ctrl Pts',(2.60492715064178,-4.66243855578237,-7.0471357587386));
#10373=CARTESIAN_POINT('Ctrl Pts',(3.25340325848686,-4.19851006439352,-7.30072730075233));
#10374=CARTESIAN_POINT('Ctrl Pts',(3.53007979012574,-3.97798495872201,-7.32186107546425));
#10375=CARTESIAN_POINT('Ctrl Pts',(2.10095330311105,-4.51558050229611,-5.81137223163438));
#10376=CARTESIAN_POINT('Ctrl Pts',(2.25595222618407,-4.49277833518465,-6.17483966761946));
#10377=CARTESIAN_POINT('Ctrl Pts',(2.64829331537663,-4.28722206283612,-6.70233852385982));
#10378=CARTESIAN_POINT('Ctrl Pts',(3.1657234746405,-3.91310891521362,-6.91385988582998));
#10379=CARTESIAN_POINT('Ctrl Pts',(3.38782344928786,-3.73324347709772,-6.93698457693841));
#10380=CARTESIAN_POINT('Ctrl Pts',(1.96708326964828,-4.07679191261742,-5.81276365466447));
#10381=CARTESIAN_POINT('Ctrl Pts',(2.1021514645747,-4.04333201124446,-6.12709805407303));
#10382=CARTESIAN_POINT('Ctrl Pts',(2.45131986471327,-3.84558581800561,-6.59539423274718));
#10383=CARTESIAN_POINT('Ctrl Pts',(2.91783135564965,-3.51554572562667,-6.7883756960445));
#10384=CARTESIAN_POINT('Ctrl Pts',(3.11707186414221,-3.35996364503782,-6.81200087971274));
#10385=CARTESIAN_POINT('Ctrl Pts',(1.84570407131169,-3.89843272213465,-5.84118450732097));
#10386=CARTESIAN_POINT('Ctrl Pts',(1.97301855521248,-3.86056087881994,-6.14724635500537));
#10387=CARTESIAN_POINT('Ctrl Pts',(2.31449918391011,-3.65947009542104,-6.6144020051811));
#10388=CARTESIAN_POINT('Ctrl Pts',(2.78117530135638,-3.33333525959517,-6.80536007594857));
#10389=CARTESIAN_POINT('Ctrl Pts',(2.97915647028391,-3.1820169749948,-6.82840587000843));
#10390=CARTESIAN_POINT('',(2.4760099567685,-4.79927584679679,-7.02651227096226));
#10391=CARTESIAN_POINT('',(2.9791564702839,-3.1820169749948,-6.82840587000843));
#10392=CARTESIAN_POINT('Ctrl Pts',(2.4760099567685,-4.79927584679678,-7.02651227096226));
#10393=CARTESIAN_POINT('Ctrl Pts',(2.61908534695355,-4.6475773062159,-6.97609521097495));
#10394=CARTESIAN_POINT('Ctrl Pts',(2.73055023746839,-4.46642253085379,-6.93215572038914));
#10395=CARTESIAN_POINT('Ctrl Pts',(2.89743997141252,-4.07811694511868,-6.86406574541894));
#10396=CARTESIAN_POINT('Ctrl Pts',(2.94826084256923,-3.88358635654532,-6.84186930698288));
#10397=CARTESIAN_POINT('Ctrl Pts',(2.99103356293307,-3.62261573888276,-6.82323134866954));
#10398=CARTESIAN_POINT('Ctrl Pts',(3.00116686064076,-3.52651491488798,-6.81876091722061));
#10399=CARTESIAN_POINT('Ctrl Pts',(3.00400263068398,-3.3600269846552,-6.81751201574448));
#10400=CARTESIAN_POINT('Ctrl Pts',(3.00036989837484,-3.26815481431718,-6.81915069057752));
#10401=CARTESIAN_POINT('Ctrl Pts',(2.97915647028391,-3.1820169749948,-6.82840587000843));
#10402=CARTESIAN_POINT('',(1.89693298506742,-3.88045657494662,-5.95517802002285));
#10403=CARTESIAN_POINT('Ctrl Pts',(2.97915647028391,-3.1820169749948,-6.82840587000843));
#10404=CARTESIAN_POINT('Ctrl Pts',(2.78117530135638,-3.33333525959517,-6.80536007594857));
#10405=CARTESIAN_POINT('Ctrl Pts',(2.3481575773942,-3.63594805471074,-6.62817460173056));
#10406=CARTESIAN_POINT('Ctrl Pts',(2.02292747122047,-3.83090361181849,-6.21319558222652));
#10407=CARTESIAN_POINT('Ctrl Pts',(1.89709855155539,-3.88048363541097,-5.95510249918559));
#10408=CARTESIAN_POINT('',(1.90733431422084,-5.,-5.95185482129695));
#10409=CARTESIAN_POINT('Ctrl Pts',(1.89693298506742,-3.88045657494662,-5.95517802002284));
#10410=CARTESIAN_POINT('Ctrl Pts',(1.96477493224205,-3.98494453620104,-5.93356798134154));
#10411=CARTESIAN_POINT('Ctrl Pts',(2.01230480574298,-4.10243729219004,-5.91725261943992));
#10412=CARTESIAN_POINT('Ctrl Pts',(2.06512438751899,-4.35451520339337,-5.89903158727086));
#10413=CARTESIAN_POINT('Ctrl Pts',(2.06821554761898,-4.48767368975106,-5.89792046386317));
#10414=CARTESIAN_POINT('Ctrl Pts',(2.0366397814771,-4.68563328683503,-5.90886877478703));
#10415=CARTESIAN_POINT('Ctrl Pts',(2.01933210716906,-4.75231092412987,-5.91484713269908));
#10416=CARTESIAN_POINT('Ctrl Pts',(1.97226953807179,-4.88073167976548,-5.9307054636692));
#10417=CARTESIAN_POINT('Ctrl Pts',(1.94267855943749,-4.94216193447626,-5.94052838714557));
#10418=CARTESIAN_POINT('Ctrl Pts',(1.90733431422084,-5.,-5.95185482129695));
#10419=CARTESIAN_POINT('',(2.1217283855358,-5.,-6.58164880337103));
#10420=CARTESIAN_POINT('Ctrl Pts',(1.90733431422084,-5.,-5.95185482129695));
#10421=CARTESIAN_POINT('Ctrl Pts',(1.92195674501306,-5.,-5.99585744637235));
#10422=CARTESIAN_POINT('Ctrl Pts',(1.93661690509107,-5.,-6.03932495258858));
#10423=CARTESIAN_POINT('Ctrl Pts',(1.98923397018079,-5.,-6.19361296552687));
#10424=CARTESIAN_POINT('Ctrl Pts',(2.02525870948355,-5.,-6.29623157379516));
#10425=CARTESIAN_POINT('Ctrl Pts',(2.0792024406237,-5.,-6.4531297237523));
#10426=CARTESIAN_POINT('Ctrl Pts',(2.10140211546472,-5.,-6.51859625998124));
#10427=CARTESIAN_POINT('Ctrl Pts',(2.1217283855358,-5.,-6.58164880337103));
#10428=CARTESIAN_POINT('Ctrl Pts',(2.12311388517432,-5.00022199768314,-6.58085045239825));
#10429=CARTESIAN_POINT('Ctrl Pts',(2.2274444255792,-4.94875088950368,-6.74759849945998));
#10430=CARTESIAN_POINT('Ctrl Pts',(2.34608937349287,-4.88061254809388,-6.89752569961473));
#10431=CARTESIAN_POINT('Ctrl Pts',(2.47659673411717,-4.7994380054612,-7.02601873747122));
#10432=CARTESIAN_POINT('Ctrl Pts',(2.1217283855358,-5.,-6.58164880337103));
#10433=CARTESIAN_POINT('Ctrl Pts',(2.17642560201712,-5.,-6.75132078959518));
#10434=CARTESIAN_POINT('Ctrl Pts',(2.23112281849844,-5.,-6.92099277581933));
#10435=CARTESIAN_POINT('Ctrl Pts',(2.28582003497977,-5.,-7.09066476204348));
#10436=CARTESIAN_POINT('Ctrl Pts',(2.18083782100505,-4.93309194893226,-6.56259367435475));
#10437=CARTESIAN_POINT('Ctrl Pts',(2.23705885259797,-4.93309194893226,-6.73177442807207));
#10438=CARTESIAN_POINT('Ctrl Pts',(2.29327988392416,-4.93309194893226,-6.90095518099299));
#10439=CARTESIAN_POINT('Ctrl Pts',(2.34950091551708,-4.93309194893226,-7.07013593471031));
#10440=CARTESIAN_POINT('Ctrl Pts',(2.23969054078776,-4.86618389786452,-6.54274220932728));
#10441=CARTESIAN_POINT('Ctrl Pts',(2.297428769388,-4.86618389786452,-6.71141120108285));
#10442=CARTESIAN_POINT('Ctrl Pts',(2.35516699771811,-4.86618389786452,-6.88008019204316));
#10443=CARTESIAN_POINT('Ctrl Pts',(2.41290522631835,-4.86618389786452,-7.04874918379873));
#10444=CARTESIAN_POINT('Ctrl Pts',(2.29826518612674,-4.79927584679678,-6.52210161275808));
#10445=CARTESIAN_POINT('Ctrl Pts',(2.35751344300733,-4.79927584679678,-6.69023849882614));
#10446=CARTESIAN_POINT('Ctrl Pts',(2.41676169988791,-4.79927584679678,-6.8583753848942));
#10447=CARTESIAN_POINT('Ctrl Pts',(2.4760099567685,-4.79927584679678,-7.02651227096226));
#10448=CARTESIAN_POINT('',(2.28582003497977,-5.,-7.09066476204347));
#10449=CARTESIAN_POINT('',(2.28582003497977,-5.,-7.09066476204348));
#10450=CARTESIAN_POINT('Ctrl Pts',(2.4760099567685,-4.79927584679678,-7.02651227096226));
#10451=CARTESIAN_POINT('Ctrl Pts',(2.41290522631835,-4.86618389786452,-7.04874918379873));
#10452=CARTESIAN_POINT('Ctrl Pts',(2.34950091551708,-4.93309194893226,-7.07013593471031));
#10453=CARTESIAN_POINT('Ctrl Pts',(2.28582003497977,-5.,-7.09066476204348));
#10454=CARTESIAN_POINT('Origin',(6.25,-5.,0.));
#10455=CARTESIAN_POINT('',(-1.90733431422084,-5.,-5.95185482129695));
#10456=CARTESIAN_POINT('Origin',(0.,-5.,0.));
#10457=CARTESIAN_POINT('',(-2.12172838553579,-5.,-6.581648803371));
#10458=CARTESIAN_POINT('Ctrl Pts',(-2.12172838553579,-5.,-6.581648803371));
#10459=CARTESIAN_POINT('Ctrl Pts',(-2.07316098819229,-5.,-6.43099165291395));
#10460=CARTESIAN_POINT('Ctrl Pts',(-2.02088226367091,-5.,-6.28587522129183));
#10461=CARTESIAN_POINT('Ctrl Pts',(-1.94055499168528,-5.,-6.05098778296741));
#10462=CARTESIAN_POINT('Ctrl Pts',(-1.92395662232907,-5.,-6.00187558747239));
#10463=CARTESIAN_POINT('Ctrl Pts',(-1.90733431422084,-5.,-5.95185482129695));
#10464=CARTESIAN_POINT('',(-2.28582003497976,-5.,-7.09066476204348));
#10465=CARTESIAN_POINT('',(-2.28582003497976,-5.,-7.09066476204348));
#10466=CARTESIAN_POINT('Origin',(0.,-5.,0.));
#10467=CARTESIAN_POINT('Origin',(0.,-3.,0.));
#10468=CARTESIAN_POINT('',(1.63524560873708,-3.00000014249235,-6.03228578559621));
#10469=CARTESIAN_POINT('Ctrl Pts',(1.89693298506742,-3.88045657494662,-5.95517802002285));
#10470=CARTESIAN_POINT('Ctrl Pts',(1.83305653972061,-3.78207615067478,-5.97552490734339));
#10471=CARTESIAN_POINT('Ctrl Pts',(1.77801116898788,-3.67353402983033,-5.99191950519501));
#10472=CARTESIAN_POINT('Ctrl Pts',(1.66848610775456,-3.37812243657025,-6.02358499829874));
#10473=CARTESIAN_POINT('Ctrl Pts',(1.63524560873708,-3.18262470833615,-6.03228578559621));
#10474=CARTESIAN_POINT('Ctrl Pts',(1.63524560873708,-3.00000014249235,-6.03228578559621));
#10475=CARTESIAN_POINT('',(4.20886895686478,-3.88045657494661,-4.62038116435646));
#10476=CARTESIAN_POINT('Ctrl Pts',(1.63524560873708,-3.00000014249235,-6.03228578559621));
#10477=CARTESIAN_POINT('Ctrl Pts',(1.63524560873708,-2.81737557664856,-6.03228578559621));
#10478=CARTESIAN_POINT('Ctrl Pts',(1.66848610775456,-2.62187784841446,-6.02358499829874));
#10479=CARTESIAN_POINT('Ctrl Pts',(1.8032818970339,-2.25830590946863,-5.98461332288699));
#10480=CARTESIAN_POINT('Ctrl Pts',(1.90467345159723,-2.09021299048013,-5.95395178856259));
#10481=CARTESIAN_POINT('Ctrl Pts',(2.12338094650869,-1.83182250818903,-5.87926126819042));
#10482=CARTESIAN_POINT('Ctrl Pts',(2.26713416274352,-1.70831591757512,-5.8260548239515));
#10483=CARTESIAN_POINT('Ctrl Pts',(2.50614781742104,-1.56080118608548,-5.72671392836383));
#10484=CARTESIAN_POINT('Ctrl Pts',(2.62942837403698,-1.50411238808274,-5.67170439577511));
#10485=CARTESIAN_POINT('Ctrl Pts',(2.88091010897207,-1.42999570875764,-5.54819621887694));
#10486=CARTESIAN_POINT('Ctrl Pts',(3.0090571246197,-1.41254931964972,-5.47959842396418));
#10487=CARTESIAN_POINT('Ctrl Pts',(3.24094287538029,-1.41254931964972,-5.34571912334131));
#10488=CARTESIAN_POINT('Ctrl Pts',(3.36442381624215,-1.42999570875764,-5.26903944982768));
#10489=CARTESIAN_POINT('Ctrl Pts',(3.59712590247862,-1.50411238808275,-5.1130039672352));
#10490=CARTESIAN_POINT('Ctrl Pts',(3.70640583345872,-1.56080118608548,-5.03374463970747));
#10491=CARTESIAN_POINT('Ctrl Pts',(3.91194440001111,-1.70831591757512,-4.8764231906992));
#10492=CARTESIAN_POINT('Ctrl Pts',(4.02989914048446,-1.83182250818903,-4.77853247568359));
#10493=CARTESIAN_POINT('Ctrl Pts',(4.20393677600438,-2.09021299048013,-4.62647148927829));
#10494=CARTESIAN_POINT('Ctrl Pts',(4.28118622092998,-2.25830590946863,-4.55399459445946));
#10495=CARTESIAN_POINT('Ctrl Pts',(4.38233457650426,-2.62187784841446,-4.45674385432624));
#10496=CARTESIAN_POINT('Ctrl Pts',(4.40648992884554,-2.81737557664856,-4.43230713139137));
#10497=CARTESIAN_POINT('Ctrl Pts',(4.40648992884554,-3.18262470833615,-4.43230713139137));
#10498=CARTESIAN_POINT('Ctrl Pts',(4.38233457650426,-3.37812243657025,-4.45674385432624));
#10499=CARTESIAN_POINT('Ctrl Pts',(4.30014892443641,-3.67353402983032,-4.53576259315348));
#10500=CARTESIAN_POINT('Ctrl Pts',(4.25842810084572,-3.78207615067478,-4.57523598364295));
#10501=CARTESIAN_POINT('Ctrl Pts',(4.20886895686478,-3.88045657494661,-4.62038116435646));
#10502=CARTESIAN_POINT('',(4.20079031776962,-5.,-4.62772738027349));
#10503=CARTESIAN_POINT('Ctrl Pts',(4.20079031776962,-5.,-4.62772738027349));
#10504=CARTESIAN_POINT('Ctrl Pts',(4.1475158693245,-4.88787600277867,-4.67608692456445));
#10505=CARTESIAN_POINT('Ctrl Pts',(4.11025105139654,-4.76276513346022,-4.70838748201606));
#10506=CARTESIAN_POINT('Ctrl Pts',(4.07385710088894,-4.49994271229367,-4.73991256446955));
#10507=CARTESIAN_POINT('Ctrl Pts',(4.07529284028979,-4.36452303718593,-4.73869919569059));
#10508=CARTESIAN_POINT('Ctrl Pts',(4.11677750904652,-4.10732045761356,-4.70269817923788));
#10509=CARTESIAN_POINT('Ctrl Pts',(4.15513686556727,-3.9871207647255,-4.66932763067706));
#10510=CARTESIAN_POINT('Ctrl Pts',(4.20886895686478,-3.88045657494661,-4.62038116435646));
#10511=CARTESIAN_POINT('',(6.10812463199047,-5.,-1.32412744102345));
#10512=CARTESIAN_POINT('Origin',(0.,-5.,0.));
#10513=CARTESIAN_POINT('',(6.10580194193221,-3.88045657494662,-1.33479685566639));
#10514=CARTESIAN_POINT('Ctrl Pts',(6.10580194193221,-3.88045657494662,-1.33479685566639));
#10515=CARTESIAN_POINT('Ctrl Pts',(6.12100807304467,-3.98494453620051,-1.26523898663066));
#10516=CARTESIAN_POINT('Ctrl Pts',(6.13064349191637,-4.10243729218885,-1.21591922778952));
#10517=CARTESIAN_POINT('Ctrl Pts',(6.14127340606285,-4.35451520339081,-1.1610656120695));
#10518=CARTESIAN_POINT('Ctrl Pts',(6.1418567250151,-4.48767368974782,-1.15783302719156));
#10519=CARTESIAN_POINT('Ctrl Pts',(6.1355503573329,-4.68563328683185,-1.19065259827557));
#10520=CARTESIAN_POINT('Ctrl Pts',(6.13207393000364,-4.75231092412734,-1.20863066286276));
#10521=CARTESIAN_POINT('Ctrl Pts',(6.12227636293671,-4.88073167976427,-1.25731720875362));
#10522=CARTESIAN_POINT('Ctrl Pts',(6.11598777488949,-4.94216193447569,-1.2878552097122));
#10523=CARTESIAN_POINT('Ctrl Pts',(6.10812463199047,-5.,-1.32412744102345));
#10524=CARTESIAN_POINT('',(6.04173553758263,-3.00000014249235,-1.59997865420484));
#10525=CARTESIAN_POINT('Ctrl Pts',(6.10580194193221,-3.88045657494662,-1.33479685566639));
#10526=CARTESIAN_POINT('Ctrl Pts',(6.09148464056634,-3.78207615067478,-1.40028892370044));
#10527=CARTESIAN_POINT('Ctrl Pts',(6.0781600934243,-3.67353402983033,-1.45615691204153));
#10528=CARTESIAN_POINT('Ctrl Pts',(6.05082068425883,-3.37812243657024,-1.5668411439725));
#10529=CARTESIAN_POINT('Ctrl Pts',(6.04173553758263,-3.18262470833615,-1.59997865420484));
#10530=CARTESIAN_POINT('Ctrl Pts',(6.04173553758263,-3.00000014249235,-1.59997865420484));
#10531=CARTESIAN_POINT('',(6.10580194193221,-3.88045657494661,1.33479685566639));
#10532=CARTESIAN_POINT('Ctrl Pts',(6.04173553758263,-3.00000014249235,-1.59997865420484));
#10533=CARTESIAN_POINT('Ctrl Pts',(6.04173553758263,-2.81737557664856,-1.59997865420484));
#10534=CARTESIAN_POINT('Ctrl Pts',(6.05082068425883,-2.62187784841446,-1.5668411439725));
#10535=CARTESIAN_POINT('Ctrl Pts',(6.08446811796389,-2.25830590946863,-1.43061872842754));
#10536=CARTESIAN_POINT('Ctrl Pts',(6.10861022760162,-2.09021299048013,-1.3274802992843));
#10537=CARTESIAN_POINT('Ctrl Pts',(6.15328008699316,-1.83182250818903,-1.10072879250683));
#10538=CARTESIAN_POINT('Ctrl Pts',(6.17907856275463,-1.70831591757512,-0.949631633252296));
#10539=CARTESIAN_POINT('Ctrl Pts',(6.21255365087978,-1.56080118608548,-0.692969288656362));
#10540=CARTESIAN_POINT('Ctrl Pts',(6.22655427651561,-1.50411238808275,-0.558700428539917));
#10541=CARTESIAN_POINT('Ctrl Pts',(6.24533392521423,-1.42999570875764,-0.279156769049257));
#10542=CARTESIAN_POINT('Ctrl Pts',(6.25,-1.41254931964972,-0.133879300622863));
#10543=CARTESIAN_POINT('Ctrl Pts',(6.25,-1.41254931964972,0.133879300622863));
#10544=CARTESIAN_POINT('Ctrl Pts',(6.24533392521423,-1.42999570875764,0.279156769049257));
#10545=CARTESIAN_POINT('Ctrl Pts',(6.22655427651561,-1.50411238808275,0.558700428539917));
#10546=CARTESIAN_POINT('Ctrl Pts',(6.21255365087978,-1.56080118608548,0.692969288656362));
#10547=CARTESIAN_POINT('Ctrl Pts',(6.17907856275463,-1.70831591757512,0.949631633252296));
#10548=CARTESIAN_POINT('Ctrl Pts',(6.15328008699316,-1.83182250818903,1.10072879250683));
#10549=CARTESIAN_POINT('Ctrl Pts',(6.10861022760162,-2.09021299048013,1.3274802992843));
#10550=CARTESIAN_POINT('Ctrl Pts',(6.08446811796389,-2.25830590946863,1.43061872842754));
#10551=CARTESIAN_POINT('Ctrl Pts',(6.05082068425883,-2.62187784841446,1.5668411439725));
#10552=CARTESIAN_POINT('Ctrl Pts',(6.04173553758263,-2.81737557664856,1.59997865420484));
#10553=CARTESIAN_POINT('Ctrl Pts',(6.04173553758263,-3.18262470833615,1.59997865420484));
#10554=CARTESIAN_POINT('Ctrl Pts',(6.05082068425883,-3.37812243657025,1.5668411439725));
#10555=CARTESIAN_POINT('Ctrl Pts',(6.0781600934243,-3.67353402983033,1.45615691204153));
#10556=CARTESIAN_POINT('Ctrl Pts',(6.09148464056634,-3.78207615067478,1.40028892370044));
#10557=CARTESIAN_POINT('Ctrl Pts',(6.10580194193221,-3.88045657494661,1.33479685566639));
#10558=CARTESIAN_POINT('',(6.10812463199047,-5.,1.32412744102346));
#10559=CARTESIAN_POINT('Ctrl Pts',(6.10812463147623,-5.00000000378254,1.32412744339562));
#10560=CARTESIAN_POINT('Ctrl Pts',(6.12336956617945,-4.88786449594745,1.25380342614903));
#10561=CARTESIAN_POINT('Ctrl Pts',(6.13271061070562,-4.76273967065861,1.20537828944893));
#10562=CARTESIAN_POINT('Ctrl Pts',(6.14181360969808,-4.49990214543948,1.15810540603211));
#10563=CARTESIAN_POINT('Ctrl Pts',(6.14147972912181,-4.36448249580717,1.15996070150477));
#10564=CARTESIAN_POINT('Ctrl Pts',(6.13104279332317,-4.10729534107917,1.21389522122591));
#10565=CARTESIAN_POINT('Ctrl Pts',(6.12132315221002,-3.98710958261353,1.26379771040088));
#10566=CARTESIAN_POINT('Ctrl Pts',(6.10580194193221,-3.88045657494661,1.33479685566639));
#10567=CARTESIAN_POINT('',(4.20079031776962,-5.,4.6277273802735));
#10568=CARTESIAN_POINT('Origin',(0.,-5.,0.));
#10569=CARTESIAN_POINT('',(4.20886895686479,-3.88045657494662,4.62038116435646));
#10570=CARTESIAN_POINT('Ctrl Pts',(4.20886895686478,-3.88045657494662,4.62038116435646));
#10571=CARTESIAN_POINT('Ctrl Pts',(4.15623314080887,-3.98494453618879,4.66832899470561));
#10572=CARTESIAN_POINT('Ctrl Pts',(4.11833868618231,-4.10243729216259,4.70133339164318));
#10573=CARTESIAN_POINT('Ctrl Pts',(4.07614901854669,-4.35451520335044,4.73796597519931));
#10574=CARTESIAN_POINT('Ctrl Pts',(4.07364117739471,-4.48767368970956,4.74008743667274));
#10575=CARTESIAN_POINT('Ctrl Pts',(4.09891057584925,-4.68563328680093,4.71821617651622));
#10576=CARTESIAN_POINT('Ctrl Pts',(4.11274182282739,-4.75231092410093,4.70621646984165));
#10577=CARTESIAN_POINT('Ctrl Pts',(4.150006824859,-4.88073167975019,4.67338825492013));
#10578=CARTESIAN_POINT('Ctrl Pts',(4.17330921544849,-4.94216193446906,4.65267317743613));
#10579=CARTESIAN_POINT('Ctrl Pts',(4.20079031776962,-5.,4.6277273802735));
#10580=CARTESIAN_POINT('',(4.40648992884554,-3.00000014249235,4.43230713139137));
#10581=CARTESIAN_POINT('Ctrl Pts',(4.20886895686479,-3.88045657494662,4.62038116435646));
#10582=CARTESIAN_POINT('Ctrl Pts',(4.25842810084572,-3.78207615067478,4.57523598364295));
#10583=CARTESIAN_POINT('Ctrl Pts',(4.30014892443641,-3.67353402983033,4.53576259315348));
#10584=CARTESIAN_POINT('Ctrl Pts',(4.38233457650427,-3.37812243657025,4.45674385432624));
#10585=CARTESIAN_POINT('Ctrl Pts',(4.40648992884554,-3.18262470833615,4.43230713139137));
#10586=CARTESIAN_POINT('Ctrl Pts',(4.40648992884554,-3.00000014249235,4.43230713139137));
#10587=CARTESIAN_POINT('',(1.89693298506742,-3.88045657494661,5.95517802002284));
#10588=CARTESIAN_POINT('Ctrl Pts',(4.40648992884554,-3.00000014249235,4.43230713139137));
#10589=CARTESIAN_POINT('Ctrl Pts',(4.40648992884554,-2.81737557664856,4.43230713139137));
#10590=CARTESIAN_POINT('Ctrl Pts',(4.38233457650427,-2.62187784841446,4.45674385432624));
#10591=CARTESIAN_POINT('Ctrl Pts',(4.28118622092998,-2.25830590946863,4.55399459445945));
#10592=CARTESIAN_POINT('Ctrl Pts',(4.20393677600438,-2.09021299048013,4.62647148927829));
#10593=CARTESIAN_POINT('Ctrl Pts',(4.02989914048447,-1.83182250818903,4.77853247568358));
#10594=CARTESIAN_POINT('Ctrl Pts',(3.91194440001111,-1.70831591757512,4.8764231906992));
#10595=CARTESIAN_POINT('Ctrl Pts',(3.70640583345873,-1.56080118608548,5.03374463970747));
#10596=CARTESIAN_POINT('Ctrl Pts',(3.59712590247863,-1.50411238808275,5.1130039672352));
#10597=CARTESIAN_POINT('Ctrl Pts',(3.36442381624216,-1.42999570875764,5.26903944982768));
#10598=CARTESIAN_POINT('Ctrl Pts',(3.24094287538029,-1.41254931964972,5.34571912334131));
#10599=CARTESIAN_POINT('Ctrl Pts',(3.00905712461971,-1.41254931964972,5.47959842396417));
#10600=CARTESIAN_POINT('Ctrl Pts',(2.88091010897208,-1.42999570875764,5.54819621887694));
#10601=CARTESIAN_POINT('Ctrl Pts',(2.62942837403699,-1.50411238808275,5.67170439577511));
#10602=CARTESIAN_POINT('Ctrl Pts',(2.50614781742105,-1.56080118608548,5.72671392836383));
#10603=CARTESIAN_POINT('Ctrl Pts',(2.26713416274352,-1.70831591757512,5.8260548239515));
#10604=CARTESIAN_POINT('Ctrl Pts',(2.1233809465087,-1.83182250818903,5.87926126819041));
#10605=CARTESIAN_POINT('Ctrl Pts',(1.90467345159723,-2.09021299048013,5.95395178856259));
#10606=CARTESIAN_POINT('Ctrl Pts',(1.80328189703391,-2.25830590946863,5.98461332288699));
#10607=CARTESIAN_POINT('Ctrl Pts',(1.66848610775456,-2.62187784841446,6.02358499829874));
#10608=CARTESIAN_POINT('Ctrl Pts',(1.63524560873709,-2.81737557664856,6.03228578559621));
#10609=CARTESIAN_POINT('Ctrl Pts',(1.63524560873709,-3.18262470833615,6.03228578559621));
#10610=CARTESIAN_POINT('Ctrl Pts',(1.66848610775456,-3.37812243657025,6.02358499829874));
#10611=CARTESIAN_POINT('Ctrl Pts',(1.77801116898789,-3.67353402983033,5.99191950519501));
#10612=CARTESIAN_POINT('Ctrl Pts',(1.83305653972062,-3.78207615067478,5.97552490734339));
#10613=CARTESIAN_POINT('Ctrl Pts',(1.89693298506742,-3.88045657494661,5.95517802002284));
#10614=CARTESIAN_POINT('',(1.90733431422084,-5.,5.95185482129695));
#10615=CARTESIAN_POINT('Ctrl Pts',(1.90733431422084,-5.,5.95185482129695));
#10616=CARTESIAN_POINT('Ctrl Pts',(1.9758521323169,-4.88787600277523,5.92989756771567));
#10617=CARTESIAN_POINT('Ctrl Pts',(2.02245764459112,-4.76276513345258,5.91377556744815));
#10618=CARTESIAN_POINT('Ctrl Pts',(2.06795614210495,-4.49994271227474,5.8980200229916));
#10619=CARTESIAN_POINT('Ctrl Pts',(2.06618746421497,-4.36452303715991,5.89865672539756));
#10620=CARTESIAN_POINT('Ctrl Pts',(2.01426733501948,-4.10732045759322,5.91658299418447));
#10621=CARTESIAN_POINT('Ctrl Pts',(1.96618791396942,-3.98712076471645,5.93311789712291));
#10622=CARTESIAN_POINT('Ctrl Pts',(1.89693298506742,-3.88045657494661,5.95517802002284));
#10623=CARTESIAN_POINT('',(-1.90733431422085,-5.,5.95185482129695));
#10624=CARTESIAN_POINT('Origin',(0.,-5.,0.));
#10625=CARTESIAN_POINT('',(-1.89693298506742,-3.88045657494662,5.95517802002284));
#10626=CARTESIAN_POINT('Ctrl Pts',(-1.89693298506742,-3.88045657494662,
5.95517802002284));
#10627=CARTESIAN_POINT('Ctrl Pts',(-1.96477493224205,-3.98494453620104,
5.93356798134154));
#10628=CARTESIAN_POINT('Ctrl Pts',(-2.01230480574298,-4.10243729219003,
5.91725261943991));
#10629=CARTESIAN_POINT('Ctrl Pts',(-2.065124387519,-4.35451520339337,5.89903158727086));
#10630=CARTESIAN_POINT('Ctrl Pts',(-2.06821554761898,-4.48767368975106,
5.89792046386317));
#10631=CARTESIAN_POINT('Ctrl Pts',(-2.0366397814771,-4.68563328683503,5.90886877478703));
#10632=CARTESIAN_POINT('Ctrl Pts',(-2.01933210716906,-4.75231092412987,
5.91484713269908));
#10633=CARTESIAN_POINT('Ctrl Pts',(-1.97226953807179,-4.88073167976548,
5.9307054636692));
#10634=CARTESIAN_POINT('Ctrl Pts',(-1.9426785594375,-4.94216193447627,5.94052838714557));
#10635=CARTESIAN_POINT('Ctrl Pts',(-1.90733431422085,-5.,5.95185482129694));
#10636=CARTESIAN_POINT('',(-1.63524560873709,-3.00000014249235,6.03228578559621));
#10637=CARTESIAN_POINT('Ctrl Pts',(-1.89693298506742,-3.88045657494662,
5.95517802002284));
#10638=CARTESIAN_POINT('Ctrl Pts',(-1.83305653972062,-3.78207615067478,
5.97552490734339));
#10639=CARTESIAN_POINT('Ctrl Pts',(-1.77801116898789,-3.67353402983033,
5.99191950519501));
#10640=CARTESIAN_POINT('Ctrl Pts',(-1.66848610775456,-3.37812243657025,
6.02358499829874));
#10641=CARTESIAN_POINT('Ctrl Pts',(-1.63524560873709,-3.18262470833615,
6.03228578559621));
#10642=CARTESIAN_POINT('Ctrl Pts',(-1.63524560873709,-3.00000014249235,
6.03228578559621));
#10643=CARTESIAN_POINT('',(-4.20886895686479,-3.88045657494661,4.62038116435646));
#10644=CARTESIAN_POINT('Ctrl Pts',(-1.63524560873709,-3.00000014249235,
6.03228578559621));
#10645=CARTESIAN_POINT('Ctrl Pts',(-1.63524560873709,-2.81737557664856,
6.03228578559621));
#10646=CARTESIAN_POINT('Ctrl Pts',(-1.66848610775456,-2.62187784841446,
6.02358499829874));
#10647=CARTESIAN_POINT('Ctrl Pts',(-1.80328189703391,-2.25830590946863,
5.98461332288699));
#10648=CARTESIAN_POINT('Ctrl Pts',(-1.90467345159723,-2.09021299048013,
5.95395178856259));
#10649=CARTESIAN_POINT('Ctrl Pts',(-2.12338094650869,-1.83182250818903,
5.87926126819041));
#10650=CARTESIAN_POINT('Ctrl Pts',(-2.26713416274352,-1.70831591757512,
5.8260548239515));
#10651=CARTESIAN_POINT('Ctrl Pts',(-2.50614781742104,-1.56080118608548,
5.72671392836383));
#10652=CARTESIAN_POINT('Ctrl Pts',(-2.62942837403698,-1.50411238808275,
5.67170439577511));
#10653=CARTESIAN_POINT('Ctrl Pts',(-2.88091010897207,-1.42999570875764,
5.54819621887694));
#10654=CARTESIAN_POINT('Ctrl Pts',(-3.00905712461971,-1.41254931964972,
5.47959842396417));
#10655=CARTESIAN_POINT('Ctrl Pts',(-3.24094287538029,-1.41254931964972,
5.34571912334131));
#10656=CARTESIAN_POINT('Ctrl Pts',(-3.36442381624216,-1.42999570875764,
5.26903944982768));
#10657=CARTESIAN_POINT('Ctrl Pts',(-3.59712590247862,-1.50411238808275,
5.1130039672352));
#10658=CARTESIAN_POINT('Ctrl Pts',(-3.70640583345873,-1.56080118608548,
5.03374463970747));
#10659=CARTESIAN_POINT('Ctrl Pts',(-3.91194440001111,-1.70831591757512,
4.8764231906992));
#10660=CARTESIAN_POINT('Ctrl Pts',(-4.02989914048446,-1.83182250818902,
4.77853247568359));
#10661=CARTESIAN_POINT('Ctrl Pts',(-4.20393677600438,-2.09021299048012,
4.62647148927829));
#10662=CARTESIAN_POINT('Ctrl Pts',(-4.28118622092998,-2.25830590946862,
4.55399459445945));
#10663=CARTESIAN_POINT('Ctrl Pts',(-4.38233457650427,-2.62187784841446,
4.45674385432624));
#10664=CARTESIAN_POINT('Ctrl Pts',(-4.40648992884554,-2.81737557664856,
4.43230713139137));
#10665=CARTESIAN_POINT('Ctrl Pts',(-4.40648992884554,-3.18262470833615,
4.43230713139137));
#10666=CARTESIAN_POINT('Ctrl Pts',(-4.38233457650427,-3.37812243657025,
4.45674385432624));
#10667=CARTESIAN_POINT('Ctrl Pts',(-4.30014892443641,-3.67353402983033,
4.53576259315348));
#10668=CARTESIAN_POINT('Ctrl Pts',(-4.25842810084572,-3.78207615067478,
4.57523598364295));
#10669=CARTESIAN_POINT('Ctrl Pts',(-4.20886895686479,-3.88045657494661,
4.62038116435646));
#10670=CARTESIAN_POINT('',(-4.20079031776963,-5.,4.62772738027349));
#10671=CARTESIAN_POINT('Ctrl Pts',(-4.20079031776963,-5.,4.62772738027349));
#10672=CARTESIAN_POINT('Ctrl Pts',(-4.14751586932451,-4.88787600277867,
4.67608692456444));
#10673=CARTESIAN_POINT('Ctrl Pts',(-4.11025105139654,-4.76276513346022,
4.70838748201606));
#10674=CARTESIAN_POINT('Ctrl Pts',(-4.07385710088894,-4.49994271229367,
4.73991256446954));
#10675=CARTESIAN_POINT('Ctrl Pts',(-4.07529284028979,-4.36452303718593,
4.73869919569059));
#10676=CARTESIAN_POINT('Ctrl Pts',(-4.11677750904652,-4.10732045761356,
4.70269817923788));
#10677=CARTESIAN_POINT('Ctrl Pts',(-4.15513686556728,-3.98712076472551,
4.66932763067706));
#10678=CARTESIAN_POINT('Ctrl Pts',(-4.20886895686479,-3.88045657494661,
4.62038116435646));
#10679=CARTESIAN_POINT('',(-6.10812463199047,-5.,1.32412744102345));
#10680=CARTESIAN_POINT('Origin',(0.,-5.,0.));
#10681=CARTESIAN_POINT('',(-6.10580194193221,-3.88045657494662,1.33479685566639));
#10682=CARTESIAN_POINT('Ctrl Pts',(-6.10580194193221,-3.88045657494662,
1.33479685566639));
#10683=CARTESIAN_POINT('Ctrl Pts',(-6.12100807304467,-3.98494453620051,
1.26523898663066));
#10684=CARTESIAN_POINT('Ctrl Pts',(-6.13064349191637,-4.10243729218884,
1.21591922778952));
#10685=CARTESIAN_POINT('Ctrl Pts',(-6.14127340606284,-4.35451520339081,
1.16106561206951));
#10686=CARTESIAN_POINT('Ctrl Pts',(-6.1418567250151,-4.48767368974782,1.15783302719156));
#10687=CARTESIAN_POINT('Ctrl Pts',(-6.1355503573329,-4.68563328683186,1.19065259827557));
#10688=CARTESIAN_POINT('Ctrl Pts',(-6.13207393000364,-4.75231092412734,
1.20863066286276));
#10689=CARTESIAN_POINT('Ctrl Pts',(-6.12227636293672,-4.88073167976427,
1.25731720875362));
#10690=CARTESIAN_POINT('Ctrl Pts',(-6.11598777488949,-4.94216193447569,
1.2878552097122));
#10691=CARTESIAN_POINT('Ctrl Pts',(-6.10812463199047,-5.,1.32412744102345));
#10692=CARTESIAN_POINT('',(-6.04173553758263,-3.00000014249235,1.59997865420484));
#10693=CARTESIAN_POINT('Ctrl Pts',(-6.10580194193221,-3.88045657494662,
1.33479685566639));
#10694=CARTESIAN_POINT('Ctrl Pts',(-6.09148464056634,-3.78207615067478,
1.40028892370044));
#10695=CARTESIAN_POINT('Ctrl Pts',(-6.0781600934243,-3.67353402983033,1.45615691204153));
#10696=CARTESIAN_POINT('Ctrl Pts',(-6.05082068425883,-3.37812243657024,
1.5668411439725));
#10697=CARTESIAN_POINT('Ctrl Pts',(-6.04173553758263,-3.18262470833615,
1.59997865420484));
#10698=CARTESIAN_POINT('Ctrl Pts',(-6.04173553758263,-3.00000014249235,
1.59997865420484));
#10699=CARTESIAN_POINT('',(-6.25,-1.41254931964972,-3.57574295381863E-17));
#10700=CARTESIAN_POINT('Ctrl Pts',(-6.04173553758263,-3.00000014249235,
1.59997865420484));
#10701=CARTESIAN_POINT('Ctrl Pts',(-6.04173553758263,-2.81737557664856,
1.59997865420484));
#10702=CARTESIAN_POINT('Ctrl Pts',(-6.05082068425883,-2.62187784841446,
1.5668411439725));
#10703=CARTESIAN_POINT('Ctrl Pts',(-6.08446811796389,-2.25830590946863,
1.43061872842754));
#10704=CARTESIAN_POINT('Ctrl Pts',(-6.10861022760162,-2.09021299048013,
1.3274802992843));
#10705=CARTESIAN_POINT('Ctrl Pts',(-6.15328008699316,-1.83182250818903,
1.10072879250683));
#10706=CARTESIAN_POINT('Ctrl Pts',(-6.17907856275463,-1.70831591757512,
0.949631633252298));
#10707=CARTESIAN_POINT('Ctrl Pts',(-6.21255365087978,-1.56080118608548,
0.692969288656364));
#10708=CARTESIAN_POINT('Ctrl Pts',(-6.22655427651561,-1.50411238808275,
0.558700428539919));
#10709=CARTESIAN_POINT('Ctrl Pts',(-6.24533392521423,-1.42999570875764,
0.279156769049258));
#10710=CARTESIAN_POINT('Ctrl Pts',(-6.25,-1.41254931964972,0.133879300622864));
#10711=CARTESIAN_POINT('Ctrl Pts',(-6.25,-1.41254931964972,7.28583859910259E-16));
#10712=CARTESIAN_POINT('',(-6.25,-1.,-7.65404249467096E-16));
#10713=CARTESIAN_POINT('',(-6.25,-3.,-7.65404249467096E-16));
#10714=CARTESIAN_POINT('Origin',(0.,-1.,0.));
#10715=CARTESIAN_POINT('',(-6.10580194193221,-3.88045657494661,-1.33479685566639));
#10716=CARTESIAN_POINT('Ctrl Pts',(-6.25,-1.41254931964972,6.93889390390723E-16));
#10717=CARTESIAN_POINT('Ctrl Pts',(-6.25,-1.41254931964972,-0.133879300622862));
#10718=CARTESIAN_POINT('Ctrl Pts',(-6.24533392521423,-1.42999570875764,
-0.279156769049256));
#10719=CARTESIAN_POINT('Ctrl Pts',(-6.22655427651561,-1.50411238808274,
-0.558700428539915));
#10720=CARTESIAN_POINT('Ctrl Pts',(-6.21255365087978,-1.56080118608548,
-0.69296928865636));
#10721=CARTESIAN_POINT('Ctrl Pts',(-6.17907856275463,-1.70831591757512,
-0.949631633252294));
#10722=CARTESIAN_POINT('Ctrl Pts',(-6.15328008699316,-1.83182250818903,
-1.10072879250683));
#10723=CARTESIAN_POINT('Ctrl Pts',(-6.10861022760162,-2.09021299048012,
-1.3274802992843));
#10724=CARTESIAN_POINT('Ctrl Pts',(-6.08446811796389,-2.25830590946863,
-1.43061872842753));
#10725=CARTESIAN_POINT('Ctrl Pts',(-6.05082068425883,-2.62187784841446,
-1.56684114397249));
#10726=CARTESIAN_POINT('Ctrl Pts',(-6.04173553758263,-2.81737557664856,
-1.59997865420484));
#10727=CARTESIAN_POINT('Ctrl Pts',(-6.04173553758263,-3.18262470833615,
-1.59997865420484));
#10728=CARTESIAN_POINT('Ctrl Pts',(-6.05082068425883,-3.37812243657025,
-1.56684114397249));
#10729=CARTESIAN_POINT('Ctrl Pts',(-6.0781600934243,-3.67353402983033,-1.45615691204152));
#10730=CARTESIAN_POINT('Ctrl Pts',(-6.09148464056634,-3.78207615067478,
-1.40028892370044));
#10731=CARTESIAN_POINT('Ctrl Pts',(-6.10580194193221,-3.88045657494661,
-1.33479685566639));
#10732=CARTESIAN_POINT('',(-6.10812463199047,-5.,-1.32412744102346));
#10733=CARTESIAN_POINT('Ctrl Pts',(-6.10812463199047,-5.,-1.32412744102346));
#10734=CARTESIAN_POINT('Ctrl Pts',(-6.1233680016398,-4.88787600277502,-1.25381064314961));
#10735=CARTESIAN_POINT('Ctrl Pts',(-6.13270869598543,-4.76276513345212,
-1.20538808542995));
#10736=CARTESIAN_POINT('Ctrl Pts',(-6.14181324299251,-4.49994271227309,
-1.15810745852065));
#10737=CARTESIAN_POINT('Ctrl Pts',(-6.14148030450569,-4.36452303715733,
-1.15995752970775));
#10738=CARTESIAN_POINT('Ctrl Pts',(-6.13104484407233,-4.10732045759107,
-1.21388481495307));
#10739=CARTESIAN_POINT('Ctrl Pts',(-6.12132477954112,-3.98712076471549,
-1.26379026645064));
#10740=CARTESIAN_POINT('Ctrl Pts',(-6.10580194193221,-3.88045657494661,
-1.33479685566639));
#10741=CARTESIAN_POINT('',(-4.20079031776962,-5.,-4.62772738027349));
#10742=CARTESIAN_POINT('Origin',(0.,-5.,0.));
#10743=CARTESIAN_POINT('',(-4.20886895686479,-3.88045657494662,-4.62038116435646));
#10744=CARTESIAN_POINT('Ctrl Pts',(-4.20886895686479,-3.88045657494662,
-4.62038116435646));
#10745=CARTESIAN_POINT('Ctrl Pts',(-4.15623314080887,-3.98494453618879,
-4.66832899470561));
#10746=CARTESIAN_POINT('Ctrl Pts',(-4.11833868618231,-4.10243729216258,
-4.70133339164317));
#10747=CARTESIAN_POINT('Ctrl Pts',(-4.07614901854669,-4.35451520335044,
-4.7379659751993));
#10748=CARTESIAN_POINT('Ctrl Pts',(-4.07364117739472,-4.48767368970956,
-4.74008743667274));
#10749=CARTESIAN_POINT('Ctrl Pts',(-4.09891057584926,-4.68563328680094,
-4.71821617651622));
#10750=CARTESIAN_POINT('Ctrl Pts',(-4.11274182282739,-4.75231092410094,
-4.70621646984165));
#10751=CARTESIAN_POINT('Ctrl Pts',(-4.150006824859,-4.88073167975019,-4.67338825492013));
#10752=CARTESIAN_POINT('Ctrl Pts',(-4.17330921544849,-4.94216193446906,
-4.65267317743612));
#10753=CARTESIAN_POINT('Ctrl Pts',(-4.20079031776962,-5.,-4.62772738027349));
#10754=CARTESIAN_POINT('',(-4.40648992884555,-3.00000014249235,-4.43230713139137));
#10755=CARTESIAN_POINT('Ctrl Pts',(-4.20886895686479,-3.88045657494662,
-4.62038116435646));
#10756=CARTESIAN_POINT('Ctrl Pts',(-4.25842810084572,-3.78207615067478,
-4.57523598364295));
#10757=CARTESIAN_POINT('Ctrl Pts',(-4.30014892443642,-3.67353402983033,
-4.53576259315348));
#10758=CARTESIAN_POINT('Ctrl Pts',(-4.38233457650427,-3.37812243657025,
-4.45674385432624));
#10759=CARTESIAN_POINT('Ctrl Pts',(-4.40648992884555,-3.18262470833615,
-4.43230713139137));
#10760=CARTESIAN_POINT('Ctrl Pts',(-4.40648992884555,-3.00000014249235,
-4.43230713139137));
#10761=CARTESIAN_POINT('',(-1.89693298506742,-3.88045657494661,-5.95517802002284));
#10762=CARTESIAN_POINT('Ctrl Pts',(-4.40648992884555,-3.00000014249235,
-4.43230713139137));
#10763=CARTESIAN_POINT('Ctrl Pts',(-4.40648992884555,-2.81737557664856,
-4.43230713139137));
#10764=CARTESIAN_POINT('Ctrl Pts',(-4.38233457650427,-2.62187784841446,
-4.45674385432624));
#10765=CARTESIAN_POINT('Ctrl Pts',(-4.28118622092998,-2.25830590946863,
-4.55399459445945));
#10766=CARTESIAN_POINT('Ctrl Pts',(-4.20393677600439,-2.09021299048013,
-4.62647148927829));
#10767=CARTESIAN_POINT('Ctrl Pts',(-4.02989914048447,-1.83182250818903,
-4.77853247568358));
#10768=CARTESIAN_POINT('Ctrl Pts',(-3.91194440001112,-1.70831591757512,
-4.8764231906992));
#10769=CARTESIAN_POINT('Ctrl Pts',(-3.70640583345873,-1.56080118608548,
-5.03374463970746));
#10770=CARTESIAN_POINT('Ctrl Pts',(-3.59712590247863,-1.50411238808275,
-5.11300396723519));
#10771=CARTESIAN_POINT('Ctrl Pts',(-3.36442381624216,-1.42999570875764,
-5.26903944982768));
#10772=CARTESIAN_POINT('Ctrl Pts',(-3.2409428753803,-1.41254931964972,-5.34571912334131));
#10773=CARTESIAN_POINT('Ctrl Pts',(-3.00905712461971,-1.41254931964972,
-5.47959842396417));
#10774=CARTESIAN_POINT('Ctrl Pts',(-2.88091010897208,-1.42999570875764,
-5.54819621887694));
#10775=CARTESIAN_POINT('Ctrl Pts',(-2.62942837403699,-1.50411238808274,
-5.67170439577511));
#10776=CARTESIAN_POINT('Ctrl Pts',(-2.50614781742105,-1.56080118608548,
-5.72671392836383));
#10777=CARTESIAN_POINT('Ctrl Pts',(-2.26713416274352,-1.70831591757512,
-5.82605482395149));
#10778=CARTESIAN_POINT('Ctrl Pts',(-2.1233809465087,-1.83182250818903,-5.87926126819041));
#10779=CARTESIAN_POINT('Ctrl Pts',(-1.90467345159724,-2.09021299048013,
-5.95395178856259));
#10780=CARTESIAN_POINT('Ctrl Pts',(-1.80328189703391,-2.25830590946863,
-5.98461332288699));
#10781=CARTESIAN_POINT('Ctrl Pts',(-1.66848610775457,-2.62187784841446,
-6.02358499829873));
#10782=CARTESIAN_POINT('Ctrl Pts',(-1.63524560873709,-2.81737557664856,
-6.03228578559621));
#10783=CARTESIAN_POINT('Ctrl Pts',(-1.63524560873709,-3.18262470833615,
-6.03228578559621));
#10784=CARTESIAN_POINT('Ctrl Pts',(-1.66848610775457,-3.37812243657025,
-6.02358499829873));
#10785=CARTESIAN_POINT('Ctrl Pts',(-1.77801116898789,-3.67353402983033,
-5.99191950519501));
#10786=CARTESIAN_POINT('Ctrl Pts',(-1.83305653972062,-3.78207615067478,
-5.97552490734339));
#10787=CARTESIAN_POINT('Ctrl Pts',(-1.89693298506742,-3.88045657494661,
-5.95517802002284));
#10788=CARTESIAN_POINT('Ctrl Pts',(-1.90733431422084,-5.,-5.95185482129695));
#10789=CARTESIAN_POINT('Ctrl Pts',(-1.9758521323169,-4.88787600277523,-5.92989756771567));
#10790=CARTESIAN_POINT('Ctrl Pts',(-2.02245764459112,-4.76276513345258,
-5.91377556744815));
#10791=CARTESIAN_POINT('Ctrl Pts',(-2.06795614210495,-4.49994271227473,
-5.8980200229916));
#10792=CARTESIAN_POINT('Ctrl Pts',(-2.06618746421497,-4.36452303715991,
-5.89865672539756));
#10793=CARTESIAN_POINT('Ctrl Pts',(-2.01426733501949,-4.10732045759323,
-5.91658299418447));
#10794=CARTESIAN_POINT('Ctrl Pts',(-1.96618791396943,-3.98712076471646,
-5.93311789712291));
#10795=CARTESIAN_POINT('Ctrl Pts',(-1.89693298506742,-3.88045657494661,
-5.95517802002284));
#10796=CARTESIAN_POINT('Ctrl Pts',(4.75079029398189,-4.0412742429346,-6.84595552312588));
#10797=CARTESIAN_POINT('Ctrl Pts',(4.88599310372463,-4.2812209474542,-6.57004117543763));
#10798=CARTESIAN_POINT('Ctrl Pts',(5.00599903739598,-4.78993616415542,-5.80873328766545));
#10799=CARTESIAN_POINT('Ctrl Pts',(4.61471837840008,-5.07431252216846,-4.99715735292883));
#10800=CARTESIAN_POINT('Ctrl Pts',(4.26975479702698,-5.10379609513877,-4.58990384047221));
#10801=CARTESIAN_POINT('Ctrl Pts',(4.57587779926961,-3.97798495872199,-6.71806931336706));
#10802=CARTESIAN_POINT('Ctrl Pts',(4.69591365700388,-4.19851002341234,-6.46789356747214));
#10803=CARTESIAN_POINT('Ctrl Pts',(4.80053164974915,-4.66243956926229,-5.77950211543654));
#10804=CARTESIAN_POINT('Ctrl Pts',(4.45426059204257,-4.91560009691436,-5.03811321022942));
#10805=CARTESIAN_POINT('Ctrl Pts',(4.14632061695706,-4.93913505500594,-4.66063855993208));
#10806=CARTESIAN_POINT('Ctrl Pts',(4.31370049960747,-3.73324020946972,-6.40243393361191));
#10807=CARTESIAN_POINT('Ctrl Pts',(4.4047239000613,-3.91310561416044,-6.19852740572606));
#10808=CARTESIAN_POINT('Ctrl Pts',(4.48025525175335,-4.28722060366377,-5.64465703894994));
#10809=CARTESIAN_POINT('Ctrl Pts',(4.21959746984525,-4.49277796871855,-5.04112754177515));
#10810=CARTESIAN_POINT('Ctrl Pts',(3.98232485993803,-4.51558013952341,-4.72516076766339));
#10811=CARTESIAN_POINT('Ctrl Pts',(4.34082988036207,-3.35996364503781,-6.10546385962525));
#10812=CARTESIAN_POINT('Ctrl Pts',(4.41999011067188,-3.51554569671415,-5.92110396023406));
#10813=CARTESIAN_POINT('Ctrl Pts',(4.48611572141456,-3.84558550490749,-5.4206032509424));
#10814=CARTESIAN_POINT('Ctrl Pts',(4.25514686717239,-4.04333200582477,-4.88406564236473));
#10815=CARTESIAN_POINT('Ctrl Pts',(4.05045935631019,-4.07679191261741,-4.60992591020704));
#10816=CARTESIAN_POINT('Ctrl Pts',(4.42399471563612,-3.18201697499479,-5.99422812011886));
#10817=CARTESIAN_POINT('Ctrl Pts',(4.50302704230673,-3.33333523147501,-5.81124853533067));
#10818=CARTESIAN_POINT('Ctrl Pts',(4.57098853525331,-3.65947054677828,-5.31161637885836));
#10819=CARTESIAN_POINT('Ctrl Pts',(4.33716226177152,-3.86056087268563,-4.782307411101));
#10820=CARTESIAN_POINT('Ctrl Pts',(4.13576213587622,-3.89843272213464,-4.51901886728481));
#10821=CARTESIAN_POINT('',(4.42399471563612,-3.18201697499479,-5.99422812011886));
#10822=CARTESIAN_POINT('Ctrl Pts',(4.20872073403058,-3.88048364347242,-4.62048681495764));
#10823=CARTESIAN_POINT('Ctrl Pts',(4.36932123401059,-3.83090366503929,-4.85850445079445));
#10824=CARTESIAN_POINT('Ctrl Pts',(4.56608690279581,-3.63594847011812,-5.34765168486468));
#10825=CARTESIAN_POINT('Ctrl Pts',(4.50302704230673,-3.33333523147501,-5.81124853533067));
#10826=CARTESIAN_POINT('Ctrl Pts',(4.42399471563612,-3.18201697499479,-5.99422812011886));
#10827=CARTESIAN_POINT('',(4.84713314827215,-4.79927584679677,-5.65754365806587));
#10828=CARTESIAN_POINT('Ctrl Pts',(4.42399471563612,-3.18201697499479,-5.99422812011886));
#10829=CARTESIAN_POINT('Ctrl Pts',(4.40573073130721,-3.266499075571,-6.00770771557943));
#10830=CARTESIAN_POINT('Ctrl Pts',(4.4023303487323,-3.35621482049052,-6.01015711818491));
#10831=CARTESIAN_POINT('Ctrl Pts',(4.40506957714446,-3.59097745990033,-6.00815009495222));
#10832=CARTESIAN_POINT('Ctrl Pts',(4.43101920531242,-3.7866505350885,-5.98933456690203));
#10833=CARTESIAN_POINT('Ctrl Pts',(4.51668375724402,-4.13689137411595,-5.92489049431571));
#10834=CARTESIAN_POINT('Ctrl Pts',(4.5679259784855,-4.28963823709863,-5.88584402070112));
#10835=CARTESIAN_POINT('Ctrl Pts',(4.69207488121837,-4.56516259058541,-5.78730468297784));
#10836=CARTESIAN_POINT('Ctrl Pts',(4.76408235340362,-4.68991240938194,-5.72869790540848));
#10837=CARTESIAN_POINT('Ctrl Pts',(4.84713314827215,-4.79927584679677,-5.65754365806587));
#10838=CARTESIAN_POINT('',(4.63901086973884,-5.,-5.12829508349004));
#10839=CARTESIAN_POINT('Ctrl Pts',(4.8464108516229,-4.79943825684099,-5.65780555801407));
#10840=CARTESIAN_POINT('Ctrl Pts',(4.80038647117099,-4.88061277591356,-5.48053632431657));
#10841=CARTESIAN_POINT('Ctrl Pts',(4.72986856827131,-4.94875104858653,-5.30282311496908));
#10842=CARTESIAN_POINT('Ctrl Pts',(4.63762614585102,-5.00022209527433,-5.12909612052013));
#10843=CARTESIAN_POINT('Ctrl Pts',(4.63901086973884,-5.,-5.12829508349004));
#10844=CARTESIAN_POINT('Ctrl Pts',(4.53255398476936,-5.,-5.01061001330537));
#10845=CARTESIAN_POINT('Ctrl Pts',(4.43268932831876,-4.99999999999946,-4.89236921197777));
#10846=CARTESIAN_POINT('Ctrl Pts',(4.26936693794259,-4.99999999999946,-4.70530779302266));
#10847=CARTESIAN_POINT('Ctrl Pts',(4.23544710593818,-5.,-4.66673766157539));
#10848=CARTESIAN_POINT('Ctrl Pts',(4.20079031776962,-5.,-4.62772738027349));
#10849=CARTESIAN_POINT('Origin',(6.25,-5.,0.));
#10850=CARTESIAN_POINT('',(4.99778579615891,-5.,-5.52491059979365));
#10851=CARTESIAN_POINT('',(4.99778579615891,-5.,-5.52491059979365));
#10852=CARTESIAN_POINT('',(7.28360583113868,-5.,-1.56575416224982));
#10853=CARTESIAN_POINT('Origin',(0.,-5.,0.));
#10854=CARTESIAN_POINT('',(6.76073925527466,-5.,-1.45335371988096));
#10855=CARTESIAN_POINT('',(7.28360583113868,-5.,-1.56575416224982));
#10856=CARTESIAN_POINT('Ctrl Pts',(6.10812463199047,-5.,-1.32412744102345));
#10857=CARTESIAN_POINT('Ctrl Pts',(6.10853965474797,-5.,-1.32421276833631));
#10858=CARTESIAN_POINT('Ctrl Pts',(6.10895471398392,-4.9999999999991,-1.32429808567715));
#10859=CARTESIAN_POINT('Ctrl Pts',(6.17538423913721,-4.9999999999991,-1.33795018822658));
#10860=CARTESIAN_POINT('Ctrl Pts',(6.23914697171569,-5.,-1.35061873846434));
#10861=CARTESIAN_POINT('Ctrl Pts',(6.45327760329859,-5.,-1.39231787637278));
#10862=CARTESIAN_POINT('Ctrl Pts',(6.57616330975609,-5.,-1.41502511134307));
#10863=CARTESIAN_POINT('Ctrl Pts',(6.72075708929705,-5.,-1.44485787347114));
#10864=CARTESIAN_POINT('Ctrl Pts',(6.74078393841307,-5.,-1.44906393249276));
#10865=CARTESIAN_POINT('Ctrl Pts',(6.76073925527466,-5.,-1.45335371988096));
#10866=CARTESIAN_POINT('Ctrl Pts',(4.49917308964349,-4.79927584679487,-5.25140684219495));
#10867=CARTESIAN_POINT('Ctrl Pts',(4.61515977585256,-4.79927584679487,-5.386785780819));
#10868=CARTESIAN_POINT('Ctrl Pts',(4.73114646206163,-4.79927584679487,-5.52216471944306));
#10869=CARTESIAN_POINT('Ctrl Pts',(4.8471331482707,-4.79927584679487,-5.65754365806711));
#10870=CARTESIAN_POINT('Ctrl Pts',(4.54633569329159,-4.86618389786324,-5.21100000959799));
#10871=CARTESIAN_POINT('Ctrl Pts',(4.66353821068374,-4.86618389786324,-5.34533727821457));
#10872=CARTESIAN_POINT('Ctrl Pts',(4.78074072752224,-4.86618389786324,-5.47967454619957));
#10873=CARTESIAN_POINT('Ctrl Pts',(4.89794324491439,-4.86618389786324,-5.61401181481614));
#10874=CARTESIAN_POINT('Ctrl Pts',(4.59295392619949,-4.93309194893162,-5.16995779169774));
#10875=CARTESIAN_POINT('Ctrl Pts',(4.71135824095489,-4.93309194893162,-5.30323701014429));
#10876=CARTESIAN_POINT('Ctrl Pts',(4.82976255515395,-4.93309194893162,-5.43651622796163));
#10877=CARTESIAN_POINT('Ctrl Pts',(4.94816686990935,-4.93309194893162,-5.56979544640818));
#10878=CARTESIAN_POINT('Ctrl Pts',(4.639010869735,-5.,-5.12829508348579));
#10879=CARTESIAN_POINT('Ctrl Pts',(4.7586025118763,-5.,-5.26050025558841));
#10880=CARTESIAN_POINT('Ctrl Pts',(4.87819415401761,-5.,-5.39270542769103));
#10881=CARTESIAN_POINT('Ctrl Pts',(4.99778579615891,-5.,-5.52491059979365));
#10882=CARTESIAN_POINT('Ctrl Pts',(4.99778579615891,-5.,-5.52491059979365));
#10883=CARTESIAN_POINT('Ctrl Pts',(4.94816686990935,-4.93309194893162,-5.56979544640818));
#10884=CARTESIAN_POINT('Ctrl Pts',(4.89794324491439,-4.86618389786324,-5.61401181481614));
#10885=CARTESIAN_POINT('Ctrl Pts',(4.8471331482707,-4.79927584679487,-5.65754365806711));
#10886=CARTESIAN_POINT('Origin',(0.,-3.,0.));
#10887=CARTESIAN_POINT('',(-2.47600995676851,-4.79927584679677,-7.02651227096226));
#10888=CARTESIAN_POINT('Ctrl Pts',(-2.28582003497976,-5.,-7.09066476204348));
#10889=CARTESIAN_POINT('Ctrl Pts',(-2.34950091553318,-4.93309194891535,
-7.07013593470512));
#10890=CARTESIAN_POINT('Ctrl Pts',(-2.4129052263504,-4.8661838978307,-7.04874918378792));
#10891=CARTESIAN_POINT('Ctrl Pts',(-2.47600995681635,-4.79927584674605,
-7.0265122709454));
#10892=CARTESIAN_POINT('',(-2.97915647028391,-3.18201697499479,-6.82840587000842));
#10893=CARTESIAN_POINT('Ctrl Pts',(-2.97915647028391,-3.18201697499479,
-6.82840587000842));
#10894=CARTESIAN_POINT('Ctrl Pts',(-2.99996213458307,-3.26649907570547,
-6.8193285933211));
#10895=CARTESIAN_POINT('Ctrl Pts',(-3.0037835707403,-3.35621482081468,-6.81760847693595));
#10896=CARTESIAN_POINT('Ctrl Pts',(-3.00067582333601,-3.59097746064149,
-6.81897720675214));
#10897=CARTESIAN_POINT('Ctrl Pts',(-2.97140628387407,-3.78665053608982,
-6.83204247998445));
#10898=CARTESIAN_POINT('Ctrl Pts',(-2.87276380368226,-4.1368913752725,-6.87400812196523));
#10899=CARTESIAN_POINT('Ctrl Pts',(-2.81332745493825,-4.28963823813824,
-6.89886195051349));
#10900=CARTESIAN_POINT('Ctrl Pts',(-2.66591543388973,-4.5651625911613,-6.95710838523519));
#10901=CARTESIAN_POINT('Ctrl Pts',(-2.57915673975017,-4.68991240963478,
-6.99016529655696));
#10902=CARTESIAN_POINT('Ctrl Pts',(-2.47600995676851,-4.79927584679677,
-7.02651227096226));
#10903=CARTESIAN_POINT('',(-4.42399471563613,-3.1820169749948,-5.99422812011886));
#10904=CARTESIAN_POINT('Ctrl Pts',(-2.97915647028391,-3.18201697499479,
-6.82840587000842));
#10905=CARTESIAN_POINT('Ctrl Pts',(-2.96422865442818,-3.12140207587977,
-6.83491870771029));
#10906=CARTESIAN_POINT('Ctrl Pts',(-2.95704521944232,-3.05937234329719,
-6.83801020547449));
#10907=CARTESIAN_POINT('Ctrl Pts',(-2.95704521944232,-3.00000014249235,
-6.83801020547449));
#10908=CARTESIAN_POINT('Ctrl Pts',(-2.95704521944232,-2.91128979149915,
-6.83801020547449));
#10909=CARTESIAN_POINT('Ctrl Pts',(-2.97363974165745,-2.81680490886774,
-6.83090560545209));
#10910=CARTESIAN_POINT('Ctrl Pts',(-3.03974373627573,-2.6423137296464,-6.80174707652375));
#10911=CARTESIAN_POINT('Ctrl Pts',(-3.08914061169684,-2.56227482352668,
-6.77963317544083));
#10912=CARTESIAN_POINT('Ctrl Pts',(-3.19710479026014,-2.43635808532377,
-6.72936851633911));
#10913=CARTESIAN_POINT('Ctrl Pts',(-3.27016746791141,-2.37519105101525,
-6.6943300189102));
#10914=CARTESIAN_POINT('Ctrl Pts',(-3.45075166586457,-2.26646634355125,
-6.60386734904517));
#10915=CARTESIAN_POINT('Ctrl Pts',(-3.59962016065002,-2.22540295387963,
-6.52427734219373));
#10916=CARTESIAN_POINT('Ctrl Pts',(-3.85037983934999,-2.22540295387963,
-6.3795011741944));
#10917=CARTESIAN_POINT('Ctrl Pts',(-3.99374105456344,-2.26646634355125,
-6.29037227931277));
#10918=CARTESIAN_POINT('Ctrl Pts',(-4.16237612373729,-2.37519105101525,
-6.17921311129581));
#10919=CARTESIAN_POINT('Ctrl Pts',(-4.22925169144681,-2.43635808532377,
-6.13345822509575));
#10920=CARTESIAN_POINT('Ctrl Pts',(-4.32676425242311,-2.56227482352668,
-6.06509083331207));
#10921=CARTESIAN_POINT('Ctrl Pts',(-4.37061389024825,-2.6423137296464,-6.03336883487128));
#10922=CARTESIAN_POINT('Ctrl Pts',(-4.42891791434631,-2.81680490886774,
-5.99070036070438));
#10923=CARTESIAN_POINT('Ctrl Pts',(-4.44336793955701,-2.91128979149915,
-5.97988138291362));
#10924=CARTESIAN_POINT('Ctrl Pts',(-4.44336793955701,-3.05937234329719,
-5.97988138291362));
#10925=CARTESIAN_POINT('Ctrl Pts',(-4.43709890646453,-3.12140207587978,
-5.98455667121571));
#10926=CARTESIAN_POINT('Ctrl Pts',(-4.42399471563613,-3.1820169749948,-5.99422812011886));
#10927=CARTESIAN_POINT('',(-4.84713314827215,-4.79927584679679,-5.65754365806586));
#10928=CARTESIAN_POINT('Ctrl Pts',(-4.84713314827215,-4.79927584679678,
-5.65754365806587));
#10929=CARTESIAN_POINT('Ctrl Pts',(-4.73193299868677,-4.64757730653232,
-5.75624205042297));
#10930=CARTESIAN_POINT('Ctrl Pts',(-4.63814783850311,-4.46642253160983,
-5.83080373184002));
#10931=CARTESIAN_POINT('Ctrl Pts',(-4.49573532335053,-4.07811694618186,
-5.94128949368658));
#10932=CARTESIAN_POINT('Ctrl Pts',(-4.45110220810631,-3.88358635741147,
-5.97420344001255));
#10933=CARTESIAN_POINT('Ctrl Pts',(-4.41357490246257,-3.62261573963286,
-6.00192672334578));
#10934=CARTESIAN_POINT('Ctrl Pts',(-4.4046367463839,-3.52651491570246,-6.00846720087814));
#10935=CARTESIAN_POINT('Ctrl Pts',(-4.40213728086885,-3.36002698515941,
-6.0102985991015));
#10936=CARTESIAN_POINT('Ctrl Pts',(-4.40537278104187,-3.26815481452552,
-6.00797189806474));
#10937=CARTESIAN_POINT('Ctrl Pts',(-4.42399471563613,-3.18201697499479,
-5.99422812011886));
#10938=CARTESIAN_POINT('',(-4.99778579615891,-5.,-5.52491059979365));
#10939=CARTESIAN_POINT('Ctrl Pts',(-4.84713314827215,-4.79927584679679,
-5.65754365806586));
#10940=CARTESIAN_POINT('Ctrl Pts',(-4.89794324491535,-4.86618389786452,
-5.61401181481529));
#10941=CARTESIAN_POINT('Ctrl Pts',(-4.94816686990982,-4.93309194893226,
-5.56979544640775));
#10942=CARTESIAN_POINT('Ctrl Pts',(-4.99778579615891,-5.,-5.52491059979365));
#10943=CARTESIAN_POINT('',(-7.28360583113868,-5.,-1.56575416224983));
#10944=CARTESIAN_POINT('Origin',(0.,-5.,0.));
#10945=CARTESIAN_POINT('',(-7.32314310504066,-4.79927584679677,-1.36896861289639));
#10946=CARTESIAN_POINT('Ctrl Pts',(-7.28360583113868,-5.,-1.56575416224983));
#10947=CARTESIAN_POINT('Ctrl Pts',(-7.29766778542691,-4.93309194893226,
-1.50034048830257));
#10948=CARTESIAN_POINT('Ctrl Pts',(-7.3108484712337,-4.86618389786451,-1.43473736898343));
#10949=CARTESIAN_POINT('Ctrl Pts',(-7.32314310504066,-4.79927584679677,
-1.36896861289639));
#10950=CARTESIAN_POINT('',(-7.40315118592003,-3.18201697499479,-0.834177749889566));
#10951=CARTESIAN_POINT('Ctrl Pts',(-7.40315118592003,-3.18201697499479,
-0.834177749889568));
#10952=CARTESIAN_POINT('Ctrl Pts',(-7.40569286586122,-3.2664990757058,-0.811620877720137));
#10953=CARTESIAN_POINT('Ctrl Pts',(-7.40611391945283,-3.35621482081562,
-0.80745135873644));
#10954=CARTESIAN_POINT('Ctrl Pts',(-7.40574540054243,-3.59097746060466,
-0.810827111845043));
#10955=CARTESIAN_POINT('Ctrl Pts',(-7.40242548933945,-3.78665053599402,
-0.842707913177655));
#10956=CARTESIAN_POINT('Ctrl Pts',(-7.38944756129003,-4.13689137514355,
-0.949117627870882));
#10957=CARTESIAN_POINT('Ctrl Pts',(-7.38125343382266,-4.28963823803326,
-1.0130179300653));
#10958=CARTESIAN_POINT('Ctrl Pts',(-7.35799031544643,-4.56516259110942,
-1.16980370248997));
#10959=CARTESIAN_POINT('Ctrl Pts',(-7.34323909334998,-4.689912409612,-1.2614673912906));
#10960=CARTESIAN_POINT('Ctrl Pts',(-7.32314310504066,-4.79927584679677,
-1.36896861289639));
#10961=CARTESIAN_POINT('',(-7.45,-2.22540295387963,-9.07209036436359E-16));
#10962=CARTESIAN_POINT('Ctrl Pts',(-7.40315118592003,-3.18201697499479,
-0.834177749889566));
#10963=CARTESIAN_POINT('Ctrl Pts',(-7.4013275608927,-3.12140207587977,-0.850362036494578));
#10964=CARTESIAN_POINT('Ctrl Pts',(-7.40041315899932,-3.05937234329719,
-0.858128822560874));
#10965=CARTESIAN_POINT('Ctrl Pts',(-7.40041315899932,-3.00000014249235,
-0.858128822560874));
#10966=CARTESIAN_POINT('Ctrl Pts',(-7.40041315899932,-2.91128979149915,
-0.858128822560874));
#10967=CARTESIAN_POINT('Ctrl Pts',(-7.40255765600375,-2.81680490886774,
-0.840205244747703));
#10968=CARTESIAN_POINT('Ctrl Pts',(-7.41035762652397,-2.6423137296464,-0.768378241652469));
#10969=CARTESIAN_POINT('Ctrl Pts',(-7.41590486411994,-2.56227482352668,
-0.714542342128758));
#10970=CARTESIAN_POINT('Ctrl Pts',(-7.42635648170694,-2.43635808532377,
-0.595910291243362));
#10971=CARTESIAN_POINT('Ctrl Pts',(-7.4325435916487,-2.37519105101525,-0.51511690761439));
#10972=CARTESIAN_POINT('Ctrl Pts',(-7.444492720428,-2.26646634355125,-0.313495069732404));
#10973=CARTESIAN_POINT('Ctrl Pts',(-7.45,-2.22540295387964,-0.144776167999332));
#10974=CARTESIAN_POINT('Ctrl Pts',(-7.45,-2.22540295387963,-1.00613961606655E-15));
#10975=CARTESIAN_POINT('',(-7.45,-1.,-9.12361865364778E-16));
#10976=CARTESIAN_POINT('',(-7.45,-3.,-9.12361865364778E-16));
#10977=CARTESIAN_POINT('Origin',(0.,-1.,0.));
#10978=CARTESIAN_POINT('',(-7.40315118592003,-3.1820169749948,0.834177749889567));
#10979=CARTESIAN_POINT('Ctrl Pts',(-7.45,-2.22540295387963,-9.0205620750794E-16));
#10980=CARTESIAN_POINT('Ctrl Pts',(-7.45,-2.22540295387964,0.14477616799933));
#10981=CARTESIAN_POINT('Ctrl Pts',(-7.444492720428,-2.26646634355124,0.313495069732402));
#10982=CARTESIAN_POINT('Ctrl Pts',(-7.4325435916487,-2.37519105101525,0.515116907614388));
#10983=CARTESIAN_POINT('Ctrl Pts',(-7.42635648170694,-2.43635808532377,
0.59591029124336));
#10984=CARTESIAN_POINT('Ctrl Pts',(-7.41590486411994,-2.56227482352668,
0.714542342128757));
#10985=CARTESIAN_POINT('Ctrl Pts',(-7.41035762652397,-2.6423137296464,0.768378241652469));
#10986=CARTESIAN_POINT('Ctrl Pts',(-7.40255765600375,-2.81680490886774,
0.840205244747705));
#10987=CARTESIAN_POINT('Ctrl Pts',(-7.40041315899932,-2.91128979149915,
0.858128822560876));
#10988=CARTESIAN_POINT('Ctrl Pts',(-7.40041315899932,-3.05937234329719,
0.858128822560876));
#10989=CARTESIAN_POINT('Ctrl Pts',(-7.4013275608927,-3.12140207587978,0.850362036494581));
#10990=CARTESIAN_POINT('Ctrl Pts',(-7.40315118592003,-3.1820169749948,0.834177749889568));
#10991=CARTESIAN_POINT('',(-7.32314310504065,-4.79927584679679,1.3689686128964));
#10992=CARTESIAN_POINT('Ctrl Pts',(-7.32314310504066,-4.79927584679678,
1.36896861289639));
#10993=CARTESIAN_POINT('Ctrl Pts',(-7.35101834539068,-4.64757730626689,
1.21985316039623));
#10994=CARTESIAN_POINT('Ctrl Pts',(-7.36869807556877,-4.46642253097561,
1.10135198831695));
#10995=CARTESIAN_POINT('Ctrl Pts',(-7.39317529447467,-4.07811694536107,
0.922776251613812));
#10996=CARTESIAN_POINT('Ctrl Pts',(-7.39936305049601,-3.88358635683036,
0.867665866919429));
#10997=CARTESIAN_POINT('Ctrl Pts',(-7.4046084653085,-3.62261573917552,0.821304625301232));
#10998=CARTESIAN_POINT('Ctrl Pts',(-7.40580360696345,-3.52651491516606,
0.810293716321937));
#10999=CARTESIAN_POINT('Ctrl Pts',(-7.40613991158357,-3.36002698480737,
0.807213416653579));
#11000=CARTESIAN_POINT('Ctrl Pts',(-7.40574267946364,-3.26815481437995,
0.811178792529256));
#11001=CARTESIAN_POINT('Ctrl Pts',(-7.40315118592003,-3.1820169749948,0.834177749889567));
#11002=CARTESIAN_POINT('',(-7.28360583113868,-5.,1.56575416224982));
#11003=CARTESIAN_POINT('Ctrl Pts',(-7.32314310504065,-4.79927584679679,
1.36896861289639));
#11004=CARTESIAN_POINT('Ctrl Pts',(-7.3108484712337,-4.86618389786452,1.43473736898343));
#11005=CARTESIAN_POINT('Ctrl Pts',(-7.29766778542691,-4.93309194893226,
1.50034048830256));
#11006=CARTESIAN_POINT('Ctrl Pts',(-7.28360583113868,-5.,1.56575416224982));
#11007=CARTESIAN_POINT('',(-4.99778579615891,-5.,5.52491059979365));
#11008=CARTESIAN_POINT('Origin',(0.,-5.,0.));
#11009=CARTESIAN_POINT('',(-4.84713314827215,-4.79927584679678,5.65754365806586));
#11010=CARTESIAN_POINT('Ctrl Pts',(-4.99778579615891,-5.,5.52491059979365));
#11011=CARTESIAN_POINT('Ctrl Pts',(-4.94816686990935,-4.93309194893162,
5.56979544640817));
#11012=CARTESIAN_POINT('Ctrl Pts',(-4.8979432449144,-4.86618389786324,5.61401181481614));
#11013=CARTESIAN_POINT('Ctrl Pts',(-4.8471331482707,-4.79927584679487,5.65754365806711));
#11014=CARTESIAN_POINT('',(-4.42399471563612,-3.18201697499479,5.99422812011886));
#11015=CARTESIAN_POINT('Ctrl Pts',(-4.42399471563612,-3.18201697499479,
5.99422812011886));
#11016=CARTESIAN_POINT('Ctrl Pts',(-4.40573073130726,-3.26649907557078,
6.00770771557939));
#11017=CARTESIAN_POINT('Ctrl Pts',(-4.4023303487323,-3.35621482049014,6.01015711818491));
#11018=CARTESIAN_POINT('Ctrl Pts',(-4.40506957714446,-3.59097745990036,
6.00815009495222));
#11019=CARTESIAN_POINT('Ctrl Pts',(-4.43101920531244,-3.78665053508853,
5.98933456690201));
#11020=CARTESIAN_POINT('Ctrl Pts',(-4.51668375724402,-4.13689137411594,
5.92489049431571));
#11021=CARTESIAN_POINT('Ctrl Pts',(-4.5679259784855,-4.28963823709863,5.88584402070112));
#11022=CARTESIAN_POINT('Ctrl Pts',(-4.69207488121837,-4.56516259058541,
5.78730468297784));
#11023=CARTESIAN_POINT('Ctrl Pts',(-4.76408235340362,-4.68991240938195,
5.72869790540847));
#11024=CARTESIAN_POINT('Ctrl Pts',(-4.84713314827215,-4.79927584679677,
5.65754365806587));
#11025=CARTESIAN_POINT('',(-2.97915647028391,-3.18201697499479,6.82840587000843));
#11026=CARTESIAN_POINT('Ctrl Pts',(-4.42399471563612,-3.18201697499479,
5.99422812011886));
#11027=CARTESIAN_POINT('Ctrl Pts',(-4.43709890646453,-3.12140207587977,
5.98455667121571));
#11028=CARTESIAN_POINT('Ctrl Pts',(-4.443367939557,-3.05937234329719,5.97988138291363));
#11029=CARTESIAN_POINT('Ctrl Pts',(-4.443367939557,-3.00000014249235,5.97988138291363));
#11030=CARTESIAN_POINT('Ctrl Pts',(-4.443367939557,-2.91128979149915,5.97988138291363));
#11031=CARTESIAN_POINT('Ctrl Pts',(-4.42891791434631,-2.81680490886774,
5.99070036070439));
#11032=CARTESIAN_POINT('Ctrl Pts',(-4.37061389024824,-2.6423137296464,6.03336883487128));
#11033=CARTESIAN_POINT('Ctrl Pts',(-4.3267642524231,-2.56227482352668,6.06509083331207));
#11034=CARTESIAN_POINT('Ctrl Pts',(-4.2292516914468,-2.43635808532377,6.13345822509576));
#11035=CARTESIAN_POINT('Ctrl Pts',(-4.16237612373729,-2.37519105101525,
6.17921311129581));
#11036=CARTESIAN_POINT('Ctrl Pts',(-3.99374105456343,-2.26646634355125,
6.29037227931277));
#11037=CARTESIAN_POINT('Ctrl Pts',(-3.85037983934998,-2.22540295387963,
6.3795011741944));
#11038=CARTESIAN_POINT('Ctrl Pts',(-3.59962016065001,-2.22540295387963,
6.52427734219374));
#11039=CARTESIAN_POINT('Ctrl Pts',(-3.45075166586456,-2.26646634355125,
6.60386734904517));
#11040=CARTESIAN_POINT('Ctrl Pts',(-3.2701674679114,-2.37519105101525,6.6943300189102));
#11041=CARTESIAN_POINT('Ctrl Pts',(-3.19710479026013,-2.43635808532377,
6.72936851633912));
#11042=CARTESIAN_POINT('Ctrl Pts',(-3.08914061169683,-2.56227482352668,
6.77963317544083));
#11043=CARTESIAN_POINT('Ctrl Pts',(-3.03974373627573,-2.6423137296464,6.80174707652375));
#11044=CARTESIAN_POINT('Ctrl Pts',(-2.97363974165744,-2.81680490886774,
6.83090560545209));
#11045=CARTESIAN_POINT('Ctrl Pts',(-2.95704521944232,-2.91128979149915,
6.8380102054745));
#11046=CARTESIAN_POINT('Ctrl Pts',(-2.95704521944232,-3.05937234329719,
6.8380102054745));
#11047=CARTESIAN_POINT('Ctrl Pts',(-2.96422865442818,-3.12140207587977,
6.83491870771029));
#11048=CARTESIAN_POINT('Ctrl Pts',(-2.97915647028391,-3.18201697499479,
6.82840587000843));
#11049=CARTESIAN_POINT('',(-2.4760099567685,-4.79927584679679,7.02651227096226));
#11050=CARTESIAN_POINT('Ctrl Pts',(-2.47600995676851,-4.79927584679678,
7.02651227096226));
#11051=CARTESIAN_POINT('Ctrl Pts',(-2.61908534695356,-4.6475773062159,6.97609521097494));
#11052=CARTESIAN_POINT('Ctrl Pts',(-2.7305502374684,-4.46642253085378,6.93215572038914));
#11053=CARTESIAN_POINT('Ctrl Pts',(-2.89743997141252,-4.0781169451187,6.86406574541894));
#11054=CARTESIAN_POINT('Ctrl Pts',(-2.94826084256923,-3.88358635654534,
6.84186930698288));
#11055=CARTESIAN_POINT('Ctrl Pts',(-2.99103356293308,-3.62261573888273,
6.82323134866954));
#11056=CARTESIAN_POINT('Ctrl Pts',(-3.00116686064076,-3.52651491488797,
6.81876091722061));
#11057=CARTESIAN_POINT('Ctrl Pts',(-3.00400263068399,-3.36002698465492,
6.81751201574448));
#11058=CARTESIAN_POINT('Ctrl Pts',(-3.0003698983748,-3.26815481431702,6.81915069057753));
#11059=CARTESIAN_POINT('Ctrl Pts',(-2.97915647028391,-3.1820169749948,6.82840587000842));
#11060=CARTESIAN_POINT('',(-2.28582003497977,-5.,7.09066476204347));
#11061=CARTESIAN_POINT('Ctrl Pts',(-2.4760099567685,-4.79927584679679,7.02651227096226));
#11062=CARTESIAN_POINT('Ctrl Pts',(-2.41290522631835,-4.86618389786452,
7.04874918379872));
#11063=CARTESIAN_POINT('Ctrl Pts',(-2.34950091551709,-4.93309194893226,
7.07013593471031));
#11064=CARTESIAN_POINT('Ctrl Pts',(-2.28582003497977,-5.,7.09066476204347));
#11065=CARTESIAN_POINT('',(2.28582003497976,-5.,7.09066476204348));
#11066=CARTESIAN_POINT('Origin',(0.,-5.,0.));
#11067=CARTESIAN_POINT('',(2.47600995676851,-4.79927584679677,7.02651227096226));
#11068=CARTESIAN_POINT('Ctrl Pts',(2.28582003497976,-5.,7.09066476204348));
#11069=CARTESIAN_POINT('Ctrl Pts',(2.34950091553318,-4.93309194891535,7.07013593470512));
#11070=CARTESIAN_POINT('Ctrl Pts',(2.4129052263504,-4.8661838978307,7.04874918378792));
#11071=CARTESIAN_POINT('Ctrl Pts',(2.47600995681635,-4.79927584674605,7.0265122709454));
#11072=CARTESIAN_POINT('',(2.97915647028391,-3.18201697499479,6.82840587000843));
#11073=CARTESIAN_POINT('Ctrl Pts',(2.97915647028391,-3.18201697499479,6.82840587000842));
#11074=CARTESIAN_POINT('Ctrl Pts',(2.99996213458301,-3.26649907570521,6.81932859332113));
#11075=CARTESIAN_POINT('Ctrl Pts',(3.0037835707403,-3.35621482081423,6.81760847693594));
#11076=CARTESIAN_POINT('Ctrl Pts',(3.000675823336,-3.5909774606414,6.81897720675214));
#11077=CARTESIAN_POINT('Ctrl Pts',(2.97140628387409,-3.78665053608972,6.83204247998444));
#11078=CARTESIAN_POINT('Ctrl Pts',(2.87276380368226,-4.13689137527249,6.87400812196522));
#11079=CARTESIAN_POINT('Ctrl Pts',(2.81332745493825,-4.28963823813824,6.89886195051349));
#11080=CARTESIAN_POINT('Ctrl Pts',(2.66591543388972,-4.5651625911613,6.95710838523519));
#11081=CARTESIAN_POINT('Ctrl Pts',(2.57915673975016,-4.68991240963478,6.99016529655696));
#11082=CARTESIAN_POINT('Ctrl Pts',(2.47600995676851,-4.79927584679677,7.02651227096226));
#11083=CARTESIAN_POINT('',(4.42399471563612,-3.18201697499479,5.99422812011886));
#11084=CARTESIAN_POINT('Ctrl Pts',(2.97915647028391,-3.18201697499479,6.82840587000843));
#11085=CARTESIAN_POINT('Ctrl Pts',(2.96422865442818,-3.12140207587977,6.83491870771029));
#11086=CARTESIAN_POINT('Ctrl Pts',(2.95704521944232,-3.05937234329719,6.8380102054745));
#11087=CARTESIAN_POINT('Ctrl Pts',(2.95704521944232,-3.00000014249235,6.8380102054745));
#11088=CARTESIAN_POINT('Ctrl Pts',(2.95704521944232,-2.91128979149915,6.8380102054745));
#11089=CARTESIAN_POINT('Ctrl Pts',(2.97363974165744,-2.81680490886774,6.83090560545209));
#11090=CARTESIAN_POINT('Ctrl Pts',(3.03974373627573,-2.64231372964641,6.80174707652375));
#11091=CARTESIAN_POINT('Ctrl Pts',(3.08914061169683,-2.56227482352668,6.77963317544083));
#11092=CARTESIAN_POINT('Ctrl Pts',(3.19710479026014,-2.43635808532377,6.72936851633912));
#11093=CARTESIAN_POINT('Ctrl Pts',(3.27016746791141,-2.37519105101525,6.6943300189102));
#11094=CARTESIAN_POINT('Ctrl Pts',(3.45075166586456,-2.26646634355125,6.60386734904517));
#11095=CARTESIAN_POINT('Ctrl Pts',(3.59962016065002,-2.22540295387963,6.52427734219374));
#11096=CARTESIAN_POINT('Ctrl Pts',(3.85037983934999,-2.22540295387963,6.3795011741944));
#11097=CARTESIAN_POINT('Ctrl Pts',(3.99374105456344,-2.26646634355125,6.29037227931277));
#11098=CARTESIAN_POINT('Ctrl Pts',(4.16237612373729,-2.37519105101525,6.17921311129581));
#11099=CARTESIAN_POINT('Ctrl Pts',(4.22925169144681,-2.43635808532377,6.13345822509576));
#11100=CARTESIAN_POINT('Ctrl Pts',(4.3267642524231,-2.56227482352668,6.06509083331207));
#11101=CARTESIAN_POINT('Ctrl Pts',(4.37061389024824,-2.6423137296464,6.03336883487128));
#11102=CARTESIAN_POINT('Ctrl Pts',(4.42891791434631,-2.81680490886774,5.99070036070438));
#11103=CARTESIAN_POINT('Ctrl Pts',(4.44336793955701,-2.91128979149915,5.97988138291362));
#11104=CARTESIAN_POINT('Ctrl Pts',(4.44336793955701,-3.05937234329719,5.97988138291362));
#11105=CARTESIAN_POINT('Ctrl Pts',(4.43709890646453,-3.12140207587977,5.98455667121571));
#11106=CARTESIAN_POINT('Ctrl Pts',(4.42399471563612,-3.18201697499479,5.99422812011886));
#11107=CARTESIAN_POINT('',(4.84713314827215,-4.79927584679679,5.65754365806586));
#11108=CARTESIAN_POINT('Ctrl Pts',(4.84713314827215,-4.79927584679678,5.65754365806587));
#11109=CARTESIAN_POINT('Ctrl Pts',(4.73193299868676,-4.6475773065323,5.75624205042298));
#11110=CARTESIAN_POINT('Ctrl Pts',(4.63814783850309,-4.4664225316098,5.83080373184004));
#11111=CARTESIAN_POINT('Ctrl Pts',(4.49573532335048,-4.07811694618173,5.94128949368661));
#11112=CARTESIAN_POINT('Ctrl Pts',(4.45110220810629,-3.88358635741135,5.97420344001256));
#11113=CARTESIAN_POINT('Ctrl Pts',(4.41357490246256,-3.62261573963283,6.00192672334579));
#11114=CARTESIAN_POINT('Ctrl Pts',(4.40463674638389,-3.52651491570244,6.00846720087815));
#11115=CARTESIAN_POINT('Ctrl Pts',(4.40213728086884,-3.36002698515854,6.01029859910151));
#11116=CARTESIAN_POINT('Ctrl Pts',(4.40537278104198,-3.26815481452502,6.00797189806467));
#11117=CARTESIAN_POINT('Ctrl Pts',(4.42399471563612,-3.18201697499479,5.99422812011886));
#11118=CARTESIAN_POINT('',(4.9977857961589,-5.,5.52491059979365));
#11119=CARTESIAN_POINT('Ctrl Pts',(4.84713314827215,-4.79927584679679,5.65754365806586));
#11120=CARTESIAN_POINT('Ctrl Pts',(4.89794324491535,-4.86618389786452,5.6140118148153));
#11121=CARTESIAN_POINT('Ctrl Pts',(4.94816686990982,-4.93309194893226,5.56979544640775));
#11122=CARTESIAN_POINT('Ctrl Pts',(4.9977857961589,-5.,5.52491059979365));
#11123=CARTESIAN_POINT('',(7.28360583113868,-5.,1.56575416224983));
#11124=CARTESIAN_POINT('Origin',(0.,-5.,0.));
#11125=CARTESIAN_POINT('',(7.32314310504066,-4.79927584679677,1.3689686128964));
#11126=CARTESIAN_POINT('Ctrl Pts',(7.28360583113868,-5.,1.56575416224983));
#11127=CARTESIAN_POINT('Ctrl Pts',(7.29766778542691,-4.93309194893226,1.50034048830257));
#11128=CARTESIAN_POINT('Ctrl Pts',(7.3108484712337,-4.86618389786452,1.43473736898343));
#11129=CARTESIAN_POINT('Ctrl Pts',(7.32314310504066,-4.79927584679677,1.3689686128964));
#11130=CARTESIAN_POINT('',(7.40315118592003,-3.18201697499479,0.834177749889566));
#11131=CARTESIAN_POINT('Ctrl Pts',(7.40315118592003,-3.18201697499479,0.834177749889568));
#11132=CARTESIAN_POINT('Ctrl Pts',(7.40569286586124,-3.26649907570625,0.811620877720017));
#11133=CARTESIAN_POINT('Ctrl Pts',(7.40611391945283,-3.3562148208164,0.807451358736449));
#11134=CARTESIAN_POINT('Ctrl Pts',(7.40574540054244,-3.59097746060469,0.810827111845043));
#11135=CARTESIAN_POINT('Ctrl Pts',(7.40242548933945,-3.78665053599406,0.842707913177666));
#11136=CARTESIAN_POINT('Ctrl Pts',(7.38944756129003,-4.13689137514355,0.949117627870884));
#11137=CARTESIAN_POINT('Ctrl Pts',(7.38125343382266,-4.28963823803326,1.01301793006531));
#11138=CARTESIAN_POINT('Ctrl Pts',(7.35799031544643,-4.56516259110942,1.16980370248997));
#11139=CARTESIAN_POINT('Ctrl Pts',(7.34323909334998,-4.689912409612,1.2614673912906));
#11140=CARTESIAN_POINT('Ctrl Pts',(7.32314310504066,-4.79927584679677,1.36896861289639));
#11141=CARTESIAN_POINT('',(7.40315118592003,-3.1820169749948,-0.834177749889566));
#11142=CARTESIAN_POINT('Ctrl Pts',(7.40315118592003,-3.18201697499479,0.834177749889566));
#11143=CARTESIAN_POINT('Ctrl Pts',(7.40132756089271,-3.12140207587977,0.850362036494577));
#11144=CARTESIAN_POINT('Ctrl Pts',(7.40041315899932,-3.05937234329719,0.858128822560872));
#11145=CARTESIAN_POINT('Ctrl Pts',(7.40041315899932,-3.00000014249235,0.858128822560872));
#11146=CARTESIAN_POINT('Ctrl Pts',(7.40041315899932,-2.91128979149915,0.858128822560872));
#11147=CARTESIAN_POINT('Ctrl Pts',(7.40255765600375,-2.81680490886774,0.840205244747703));
#11148=CARTESIAN_POINT('Ctrl Pts',(7.41035762652397,-2.6423137296464,0.768378241652468));
#11149=CARTESIAN_POINT('Ctrl Pts',(7.41590486411994,-2.56227482352668,0.714542342128757));
#11150=CARTESIAN_POINT('Ctrl Pts',(7.42635648170694,-2.43635808532377,0.595910291243361));
#11151=CARTESIAN_POINT('Ctrl Pts',(7.4325435916487,-2.37519105101525,0.515116907614389));
#11152=CARTESIAN_POINT('Ctrl Pts',(7.444492720428,-2.26646634355125,0.313495069732403));
#11153=CARTESIAN_POINT('Ctrl Pts',(7.45,-2.22540295387963,0.144776167999331));
#11154=CARTESIAN_POINT('Ctrl Pts',(7.45,-2.22540295387963,-0.144776167999331));
#11155=CARTESIAN_POINT('Ctrl Pts',(7.444492720428,-2.26646634355125,-0.313495069732403));
#11156=CARTESIAN_POINT('Ctrl Pts',(7.4325435916487,-2.37519105101525,-0.515116907614389));
#11157=CARTESIAN_POINT('Ctrl Pts',(7.42635648170694,-2.43635808532377,-0.595910291243361));
#11158=CARTESIAN_POINT('Ctrl Pts',(7.41590486411994,-2.56227482352668,-0.714542342128757));
#11159=CARTESIAN_POINT('Ctrl Pts',(7.41035762652397,-2.6423137296464,-0.768378241652468));
#11160=CARTESIAN_POINT('Ctrl Pts',(7.40255765600375,-2.81680490886774,-0.840205244747703));
#11161=CARTESIAN_POINT('Ctrl Pts',(7.40041315899932,-2.91128979149915,-0.858128822560872));
#11162=CARTESIAN_POINT('Ctrl Pts',(7.40041315899932,-3.05937234329719,-0.858128822560872));
#11163=CARTESIAN_POINT('Ctrl Pts',(7.4013275608927,-3.12140207587978,-0.850362036494579));
#11164=CARTESIAN_POINT('Ctrl Pts',(7.40315118592003,-3.1820169749948,-0.834177749889566));
#11165=CARTESIAN_POINT('',(7.32314310504065,-4.79927584679679,-1.36896861289639));
#11166=CARTESIAN_POINT('Ctrl Pts',(7.32314310504066,-4.79927584679678,-1.36896861289639));
#11167=CARTESIAN_POINT('Ctrl Pts',(7.34821513526123,-4.66283252488012,-1.23484861663829));
#11168=CARTESIAN_POINT('Ctrl Pts',(7.3650066156988,-4.50254922870763,-1.12547708599557));
#11169=CARTESIAN_POINT('Ctrl Pts',(7.39101509179597,-4.13131670383608,-0.940918481356674));
#11170=CARTESIAN_POINT('Ctrl Pts',(7.39800202191121,-3.92857489044674,-0.879352636405373));
#11171=CARTESIAN_POINT('Ctrl Pts',(7.40412729445685,-3.65570832045852,-0.825697721145378));
#11172=CARTESIAN_POINT('Ctrl Pts',(7.40559262404994,-3.55235729190608,-0.812224132298256));
#11173=CARTESIAN_POINT('Ctrl Pts',(7.40631027094735,-3.34587416389257,-0.805654937479492));
#11174=CARTESIAN_POINT('Ctrl Pts',(7.40538611475322,-3.25630307203931,-0.814343228956768));
#11175=CARTESIAN_POINT('Ctrl Pts',(7.40315118592003,-3.18201697499479,-0.834177749889565));
#11176=CARTESIAN_POINT('Ctrl Pts',(7.32314310504065,-4.79927584679679,-1.36896861289639));
#11177=CARTESIAN_POINT('Ctrl Pts',(7.3108484712337,-4.86618389786452,-1.43473736898343));
#11178=CARTESIAN_POINT('Ctrl Pts',(7.29766778542691,-4.93309194893226,-1.50034048830256));
#11179=CARTESIAN_POINT('Ctrl Pts',(7.28360583113868,-5.,-1.56575416224982));
#11180=CARTESIAN_POINT('Ctrl Pts',(4.42399471563612,-3.18201697499479,-5.99422812011886));
#11181=CARTESIAN_POINT('Ctrl Pts',(4.43709890646452,-3.12140207587977,-5.98455667121571));
#11182=CARTESIAN_POINT('Ctrl Pts',(4.443367939557,-3.05937234329719,-5.97988138291363));
#11183=CARTESIAN_POINT('Ctrl Pts',(4.443367939557,-3.00000014249235,-5.97988138291363));
#11184=CARTESIAN_POINT('Ctrl Pts',(4.443367939557,-2.91128979149915,-5.97988138291363));
#11185=CARTESIAN_POINT('Ctrl Pts',(4.4289179143463,-2.81680490886774,-5.99070036070438));
#11186=CARTESIAN_POINT('Ctrl Pts',(4.37061389024824,-2.6423137296464,-6.03336883487128));
#11187=CARTESIAN_POINT('Ctrl Pts',(4.3267642524231,-2.56227482352668,-6.06509083331208));
#11188=CARTESIAN_POINT('Ctrl Pts',(4.2292516914468,-2.43635808532377,-6.13345822509576));
#11189=CARTESIAN_POINT('Ctrl Pts',(4.16237612373729,-2.37519105101525,-6.17921311129581));
#11190=CARTESIAN_POINT('Ctrl Pts',(3.99374105456343,-2.26646634355125,-6.29037227931277));
#11191=CARTESIAN_POINT('Ctrl Pts',(3.85037983934998,-2.22540295387963,-6.37950117419441));
#11192=CARTESIAN_POINT('Ctrl Pts',(3.59962016065001,-2.22540295387963,-6.52427734219374));
#11193=CARTESIAN_POINT('Ctrl Pts',(3.45075166586456,-2.26646634355125,-6.60386734904518));
#11194=CARTESIAN_POINT('Ctrl Pts',(3.2701674679114,-2.37519105101525,-6.6943300189102));
#11195=CARTESIAN_POINT('Ctrl Pts',(3.19710479026013,-2.43635808532377,-6.72936851633912));
#11196=CARTESIAN_POINT('Ctrl Pts',(3.08914061169683,-2.56227482352668,-6.77963317544083));
#11197=CARTESIAN_POINT('Ctrl Pts',(3.03974373627572,-2.6423137296464,-6.80174707652375));
#11198=CARTESIAN_POINT('Ctrl Pts',(2.97363974165744,-2.81680490886774,-6.83090560545209));
#11199=CARTESIAN_POINT('Ctrl Pts',(2.95704521944231,-2.91128979149915,-6.8380102054745));
#11200=CARTESIAN_POINT('Ctrl Pts',(2.95704521944231,-3.05937234329719,-6.8380102054745));
#11201=CARTESIAN_POINT('Ctrl Pts',(2.96422865442817,-3.12140207587978,-6.83491870771029));
#11202=CARTESIAN_POINT('Ctrl Pts',(2.9791564702839,-3.1820169749948,-6.82840587000843));
#11203=CARTESIAN_POINT('Ctrl Pts',(-4.269754797027,-5.10379609513878,-4.58990384047223));
#11204=CARTESIAN_POINT('Ctrl Pts',(-4.52847748345697,-5.08168341537684,
-4.8953439752871));
#11205=CARTESIAN_POINT('Ctrl Pts',(-4.97847603412808,-4.85437259877001,
-5.68007663503511));
#11206=CARTESIAN_POINT('Ctrl Pts',(-4.93106070663233,-4.36120318169087,
-6.47806972690185));
#11207=CARTESIAN_POINT('Ctrl Pts',(-4.7507902939819,-4.04127424293461,-6.84595552312588));
#11208=CARTESIAN_POINT('Ctrl Pts',(-4.14632061695708,-4.93913505500594,
-4.6606385599321));
#11209=CARTESIAN_POINT('Ctrl Pts',(-4.37727559862841,-4.92148383640995,
-4.94374454809296));
#11210=CARTESIAN_POINT('Ctrl Pts',(-4.77613704184638,-4.7203742166862,-5.66324293281955));
#11211=CARTESIAN_POINT('Ctrl Pts',(-4.7359256092802,-4.27201837775475,-6.38450165280276));
#11212=CARTESIAN_POINT('Ctrl Pts',(-4.57587779926962,-3.97798495872201,
-6.71806931336705));
#11213=CARTESIAN_POINT('Ctrl Pts',(-3.98232485993805,-4.51558013952341,
-4.72516076766341));
#11214=CARTESIAN_POINT('Ctrl Pts',(-4.16027931764369,-4.49847851139332,
-4.96213584861374));
#11215=CARTESIAN_POINT('Ctrl Pts',(-4.46193789850544,-4.33319918006169,
-5.55216628966916));
#11216=CARTESIAN_POINT('Ctrl Pts',(-4.43506503331708,-3.97306074860518,
-6.13055856361005));
#11217=CARTESIAN_POINT('Ctrl Pts',(-4.31370049960747,-3.73324020946974,
-6.40243393361191));
#11218=CARTESIAN_POINT('Ctrl Pts',(-4.0504593563102,-4.07679191261741,-4.60992591020705));
#11219=CARTESIAN_POINT('Ctrl Pts',(-4.20397498969428,-4.05169698248412,
-4.81553070964331));
#11220=CARTESIAN_POINT('Ctrl Pts',(-4.46938408517171,-3.88777229642018,
-5.3368188027492));
#11221=CARTESIAN_POINT('Ctrl Pts',(-4.44637685390948,-3.56740638021515,
-5.85965066090047));
#11222=CARTESIAN_POINT('Ctrl Pts',(-4.34082988036207,-3.35996364503782,
-6.10546385962525));
#11223=CARTESIAN_POINT('Ctrl Pts',(-4.13576213587624,-3.89843272213464,
-4.51901886728482));
#11224=CARTESIAN_POINT('Ctrl Pts',(-4.28681223053133,-3.87002883500395,
-4.71648527545237));
#11225=CARTESIAN_POINT('Ctrl Pts',(-4.55382740105675,-3.70189708170376,
-5.22760976350497));
#11226=CARTESIAN_POINT('Ctrl Pts',(-4.52937115099825,-3.38377464992135,
-5.75025534086127));
#11227=CARTESIAN_POINT('Ctrl Pts',(-4.42399471563613,-3.18201697499479,
-5.99422812011886));
#11228=CARTESIAN_POINT('Ctrl Pts',(-4.42399471563613,-3.18201697499479,
-5.99422812011886));
#11229=CARTESIAN_POINT('Ctrl Pts',(-4.52937115099825,-3.38377464992135,
-5.75025534086127));
#11230=CARTESIAN_POINT('Ctrl Pts',(-4.55206405295946,-3.67895977187711,
-5.26529363090842));
#11231=CARTESIAN_POINT('Ctrl Pts',(-4.32380168570211,-3.84500375531791,
-4.79025151465744));
#11232=CARTESIAN_POINT('Ctrl Pts',(-4.20880974416385,-3.88046688902957,
-4.62042341156143));
#11233=CARTESIAN_POINT('',(-4.63901086973886,-5.,-5.12829508349006));
#11234=CARTESIAN_POINT('Ctrl Pts',(-4.20079031776962,-5.,-4.62772738027349));
#11235=CARTESIAN_POINT('Ctrl Pts',(-4.20940397354404,-5.,-4.63742306047223));
#11236=CARTESIAN_POINT('Ctrl Pts',(-4.21801543968077,-4.99999999999884,
-4.64714042027025));
#11237=CARTESIAN_POINT('Ctrl Pts',(-4.27973278837414,-4.99999999999884,
-4.71694925590205));
#11238=CARTESIAN_POINT('Ctrl Pts',(-4.3280307836857,-5.,-4.77240861767351));
#11239=CARTESIAN_POINT('Ctrl Pts',(-4.48546563822242,-5.,-4.95413199635239));
#11240=CARTESIAN_POINT('Ctrl Pts',(-4.55507510462916,-5.,-5.03550647323935));
#11241=CARTESIAN_POINT('Ctrl Pts',(-4.63901086973886,-5.,-5.12829508349006));
#11242=CARTESIAN_POINT('Ctrl Pts',(-4.63877433890572,-4.99999825050001,
-5.12861143138758));
#11243=CARTESIAN_POINT('Ctrl Pts',(-4.71625809033695,-4.95687978104371,
-5.27381030145122));
#11244=CARTESIAN_POINT('Ctrl Pts',(-4.79047209268457,-4.89142940449447,
-5.45084957928739));
#11245=CARTESIAN_POINT('Ctrl Pts',(-4.8395736686111,-4.81255689632441,-5.62855832301608));
#11246=CARTESIAN_POINT('Ctrl Pts',(-4.84693959334216,-4.79930184202262,
-5.65763596639548));
#11247=CARTESIAN_POINT('Ctrl Pts',(-4.63901086973886,-5.,-5.12829508349006));
#11248=CARTESIAN_POINT('Ctrl Pts',(-4.75860251187888,-5.,-5.26050025559126));
#11249=CARTESIAN_POINT('Ctrl Pts',(-4.87819415401889,-5.,-5.39270542769246));
#11250=CARTESIAN_POINT('Ctrl Pts',(-4.99778579615891,-5.,-5.52491059979365));
#11251=CARTESIAN_POINT('Ctrl Pts',(-4.59295392620375,-4.93309194893226,
-5.16995779170164));
#11252=CARTESIAN_POINT('Ctrl Pts',(-4.71135824095788,-4.93309194893226,
-5.30323701014675));
#11253=CARTESIAN_POINT('Ctrl Pts',(-4.82976255515569,-4.93309194893226,
-5.43651622796264));
#11254=CARTESIAN_POINT('Ctrl Pts',(-4.94816686990982,-4.93309194893226,
-5.56979544640775));
#11255=CARTESIAN_POINT('Ctrl Pts',(-4.54633569329627,-4.86618389786452,
-5.21100000960154));
#11256=CARTESIAN_POINT('Ctrl Pts',(-4.66353821068718,-4.86618389786452,
-5.34533727821665));
#11257=CARTESIAN_POINT('Ctrl Pts',(-4.78074072752444,-4.86618389786452,
-5.47967454620019));
#11258=CARTESIAN_POINT('Ctrl Pts',(-4.89794324491535,-4.86618389786452,
-5.61401181481529));
#11259=CARTESIAN_POINT('Ctrl Pts',(-4.49917308964858,-4.79927584679679,
-5.25140684219816));
#11260=CARTESIAN_POINT('Ctrl Pts',(-4.61515977585644,-4.79927584679679,
-5.38678578082073));
#11261=CARTESIAN_POINT('Ctrl Pts',(-4.73114646206429,-4.79927584679679,
-5.52216471944329));
#11262=CARTESIAN_POINT('Ctrl Pts',(-4.84713314827215,-4.79927584679679,
-5.65754365806586));
#11263=CARTESIAN_POINT('',(-4.99778579615891,-5.,-5.52491059979365));
#11264=CARTESIAN_POINT('Origin',(6.25,-5.,0.));
#11265=CARTESIAN_POINT('',(-6.76073925527463,-5.,-1.45335371988096));
#11266=CARTESIAN_POINT('Ctrl Pts',(-6.76073925527463,-5.,-1.45335371988096));
#11267=CARTESIAN_POINT('Ctrl Pts',(-6.60566008683202,-5.,-1.42001640604265));
#11268=CARTESIAN_POINT('Ctrl Pts',(-6.45341790311161,-4.99999999999892,
-1.39266556797914));
#11269=CARTESIAN_POINT('Ctrl Pts',(-6.20976795368127,-4.99999999999892,
-1.34476006221059));
#11270=CARTESIAN_POINT('Ctrl Pts',(-6.15932390119366,-5.,-1.33465384224511));
#11271=CARTESIAN_POINT('Ctrl Pts',(-6.10812463199047,-5.,-1.32412744102346));
#11272=CARTESIAN_POINT('',(-7.28360583113868,-5.,-1.56575416224983));
#11273=CARTESIAN_POINT('Ctrl Pts',(-3.55337624921445,-4.04127424293459,
-7.5372828442038));
#11274=CARTESIAN_POINT('Ctrl Pts',(-3.24682595243181,-4.28122099249623,
-7.51641473434263));
#11275=CARTESIAN_POINT('Ctrl Pts',(-2.52750883131922,-4.78993548864417,
-7.23969143996433));
#11276=CARTESIAN_POINT('Ctrl Pts',(-2.0203059956806,-5.07431252698894,-6.49504194133284));
#11277=CARTESIAN_POINT('Ctrl Pts',(-1.84009592826321,-5.10379609513877,
-5.99266804239197));
#11278=CARTESIAN_POINT('Ctrl Pts',(-3.53007979012575,-3.97798495872199,
-7.32186107546424));
#11279=CARTESIAN_POINT('Ctrl Pts',(-3.25340325796607,-4.1985100648086,-7.30072730071255));
#11280=CARTESIAN_POINT('Ctrl Pts',(-2.60492714137319,-4.6624385618095,-7.04713575162591));
#11281=CARTESIAN_POINT('Ctrl Pts',(-2.13600370290528,-4.91560010076226,
-6.37655935843919));
#11282=CARTESIAN_POINT('Ctrl Pts',(-1.96307108227998,-4.93913505500594,
-5.92113826648605));
#11283=CARTESIAN_POINT('Ctrl Pts',(-3.38782344928787,-3.7332434770977,-6.93698457693841));
#11284=CARTESIAN_POINT('Ctrl Pts',(-3.16572347422244,-3.91310891555218,
-6.91385988578645));
#11285=CARTESIAN_POINT('Ctrl Pts',(-2.64829330786348,-4.28722206770131,
-6.70233851815646));
#11286=CARTESIAN_POINT('Ctrl Pts',(-2.25595222594811,-4.49277833521934,
-6.1748396670661));
#11287=CARTESIAN_POINT('Ctrl Pts',(-2.10095330311108,-4.5155805022961,-5.81137223163444));
#11288=CARTESIAN_POINT('Ctrl Pts',(-3.11707186414222,-3.35996364503781,
-6.81200087971274));
#11289=CARTESIAN_POINT('Ctrl Pts',(-2.91783135527462,-3.51554572591952,
-6.78837569600003));
#11290=CARTESIAN_POINT('Ctrl Pts',(-2.45131985797422,-3.84558582240974,
-6.59539422764133));
#11291=CARTESIAN_POINT('Ctrl Pts',(-2.10215146436908,-4.04333201129538,
-6.12709805359447));
#11292=CARTESIAN_POINT('Ctrl Pts',(-1.96708326964831,-4.07679191261741,
-5.81276365466452));
#11293=CARTESIAN_POINT('Ctrl Pts',(-2.97915647028391,-3.18201697499479,
-6.82840587000842));
#11294=CARTESIAN_POINT('Ctrl Pts',(-2.78117530098372,-3.33333525987999,
-6.80536007590519));
#11295=CARTESIAN_POINT('Ctrl Pts',(-2.31449917720674,-3.65947009982405,
-6.61440200009277));
#11296=CARTESIAN_POINT('Ctrl Pts',(-1.97301855501867,-3.86056087887758,
-6.1472463545394));
#11297=CARTESIAN_POINT('Ctrl Pts',(-1.84570407131172,-3.89843272213464,
-5.84118450732102));
#11298=CARTESIAN_POINT('Ctrl Pts',(-1.89709855148382,-3.88048363547728,
-5.95510249923344));
#11299=CARTESIAN_POINT('Ctrl Pts',(-2.02292747029799,-3.83090361237288,
-6.21319558132722));
#11300=CARTESIAN_POINT('Ctrl Pts',(-2.34815757124297,-3.63594805874996,
-6.62817459704518));
#11301=CARTESIAN_POINT('Ctrl Pts',(-2.78117530098372,-3.33333525987999,
-6.80536007590519));
#11302=CARTESIAN_POINT('Ctrl Pts',(-2.97915647028391,-3.18201697499479,
-6.82840587000842));
#11303=CARTESIAN_POINT('Ctrl Pts',(-2.47659673374671,-4.79943800581617,
-7.02601873806965));
#11304=CARTESIAN_POINT('Ctrl Pts',(-2.34608937247858,-4.88061254894687,
-6.89752570016484));
#11305=CARTESIAN_POINT('Ctrl Pts',(-2.22744442469539,-4.94875089030765,
-6.7475985001449));
#11306=CARTESIAN_POINT('Ctrl Pts',(-2.12311388452752,-5.00022199830143,
-6.58085045299589));
#11307=CARTESIAN_POINT('Ctrl Pts',(-2.29826518612355,-4.79927584674605,
-6.52210161260734));
#11308=CARTESIAN_POINT('Ctrl Pts',(-2.35751344302115,-4.79927584674605,
-6.69023849872003));
#11309=CARTESIAN_POINT('Ctrl Pts',(-2.41676169991875,-4.79927584674605,
-6.85837538483271));
#11310=CARTESIAN_POINT('Ctrl Pts',(-2.47600995681635,-4.79927584674605,
-7.0265122709454));
#11311=CARTESIAN_POINT('Ctrl Pts',(-2.23969054077112,-4.8661838978307,-6.54274220918174));
#11312=CARTESIAN_POINT('Ctrl Pts',(-2.29742876938759,-4.8661838978307,-6.71141120098222));
#11313=CARTESIAN_POINT('Ctrl Pts',(-2.35516699773393,-4.8661838978307,-6.88008019198744));
#11314=CARTESIAN_POINT('Ctrl Pts',(-2.4129052263504,-4.8661838978307,-7.04874918378792));
#11315=CARTESIAN_POINT('Ctrl Pts',(-2.18083782097482,-4.93309194891535,
-6.56259367421401));
#11316=CARTESIAN_POINT('Ctrl Pts',(-2.23705885258319,-4.93309194891535,
-6.73177442797652));
#11317=CARTESIAN_POINT('Ctrl Pts',(-2.29327988392481,-4.93309194891535,
-6.90095518094262));
#11318=CARTESIAN_POINT('Ctrl Pts',(-2.34950091553318,-4.93309194891535,
-7.07013593470512));
#11319=CARTESIAN_POINT('Ctrl Pts',(-2.12172838549186,-5.,-6.58164880323472));
#11320=CARTESIAN_POINT('Ctrl Pts',(-2.17642560198783,-5.,-6.7513207895043));
#11321=CARTESIAN_POINT('Ctrl Pts',(-2.23112281848379,-5.,-6.92099277577389));
#11322=CARTESIAN_POINT('Ctrl Pts',(-2.28582003497976,-5.,-7.09066476204348));
#11323=CARTESIAN_POINT('Ctrl Pts',(-6.10985072529021,-5.10379609513878,
1.40276420191973));
#11324=CARTESIAN_POINT('Ctrl Pts',(-6.50373090761277,-5.0816834196984,1.47410453955371));
#11325=CARTESIAN_POINT('Ctrl Pts',(-7.4083319789961,-4.85436965622706,1.47146608926067));
#11326=CARTESIAN_POINT('Ctrl Pts',(-8.07570325323174,-4.36120325320452,
1.03138905210983));
#11327=CARTESIAN_POINT('Ctrl Pts',(-8.30416654319634,-4.04127424293461,
0.691327321077923));
#11328=CARTESIAN_POINT('Ctrl Pts',(-6.10939169923706,-4.93913505500594,
1.26049970655395));
#11329=CARTESIAN_POINT('Ctrl Pts',(-6.47004609729953,-4.9214838398596,1.31895958230643));
#11330=CARTESIAN_POINT('Ctrl Pts',(-7.29258402532022,-4.72036840255603,
1.30465337239895));
#11331=CARTESIAN_POINT('Ctrl Pts',(-7.8971033797859,-4.27201844347998,0.909181129932181));
#11332=CARTESIAN_POINT('Ctrl Pts',(-8.10595758939536,-3.97798495872201,
0.603791762097188));
#11333=CARTESIAN_POINT('Ctrl Pts',(-6.08327556619796,-4.51558162961085,
1.08618565492625));
#11334=CARTESIAN_POINT('Ctrl Pts',(-6.37747917772036,-4.49848000482298,
1.12181118857843));
#11335=CARTESIAN_POINT('Ctrl Pts',(-7.03928285123589,-4.33320164492495,
1.0880418963999));
#11336=CARTESIAN_POINT('Ctrl Pts',(-7.52673513985784,-3.97307422398141,
0.775574569873222));
#11337=CARTESIAN_POINT('Ctrl Pts',(-7.70150388915395,-3.73325363123893,
0.534532061681146));
#11338=CARTESIAN_POINT('Ctrl Pts',(-6.01754262595851,-4.07679191261741,
1.20283774445747));
#11339=CARTESIAN_POINT('Ctrl Pts',(-6.27235937230259,-4.05169698738851,
1.23298377723647));
#11340=CARTESIAN_POINT('Ctrl Pts',(-6.85651990305422,-3.88777237921446,
1.20220741927341));
#11341=CARTESIAN_POINT('Ctrl Pts',(-7.29779472080814,-3.56740642658478,
0.920850027739841));
#11342=CARTESIAN_POINT('Ctrl Pts',(-7.45790174450429,-3.35996364503782,
0.706537020087493));
#11343=CARTESIAN_POINT('Ctrl Pts',(-5.98146620718795,-3.89843272213464,
1.3221656400362));
#11344=CARTESIAN_POINT('Ctrl Pts',(-6.22800213220125,-3.87002884055502,
1.35424564889827));
#11345=CARTESIAN_POINT('Ctrl Pts',(-6.80415939414144,-3.70189498572618,
1.32993590265827));
#11346=CARTESIAN_POINT('Ctrl Pts',(-7.24455274348066,-3.38377469502021,
1.04742285716884));
#11347=CARTESIAN_POINT('Ctrl Pts',(-7.40315118592003,-3.18201697499479,
0.834177749889566));
#11348=CARTESIAN_POINT('Ctrl Pts',(-7.40315118592003,-3.18201697499479,
0.834177749889566));
#11349=CARTESIAN_POINT('Ctrl Pts',(-7.24455274348066,-3.38377469502021,
1.04742285716884));
#11350=CARTESIAN_POINT('Ctrl Pts',(-6.83591267244637,-3.67895784977626,
1.30956612329702));
#11351=CARTESIAN_POINT('Ctrl Pts',(-6.31038061361353,-3.84500350181442,
1.34939775795269));
#11352=CARTESIAN_POINT('Ctrl Pts',(-6.10580889082483,-3.88046684120407,
1.33472478699444));
#11353=CARTESIAN_POINT('',(-6.76073925527466,-5.,1.45335371988096));
#11354=CARTESIAN_POINT('Ctrl Pts',(-6.10812463199047,-5.,1.32412744102345));
#11355=CARTESIAN_POINT('Ctrl Pts',(-6.10853965474797,-5.,1.32421276833631));
#11356=CARTESIAN_POINT('Ctrl Pts',(-6.10895471398392,-4.9999999999991,1.32429808567715));
#11357=CARTESIAN_POINT('Ctrl Pts',(-6.1753842391372,-4.9999999999991,1.33795018822657));
#11358=CARTESIAN_POINT('Ctrl Pts',(-6.2391469717157,-5.,1.35061873846435));
#11359=CARTESIAN_POINT('Ctrl Pts',(-6.45327760329865,-5.,1.39231787637279));
#11360=CARTESIAN_POINT('Ctrl Pts',(-6.57616330975608,-5.,1.41502511134307));
#11361=CARTESIAN_POINT('Ctrl Pts',(-6.72075708929711,-5.,1.44485787347115));
#11362=CARTESIAN_POINT('Ctrl Pts',(-6.74078393841309,-5.,1.44906393249276));
#11363=CARTESIAN_POINT('Ctrl Pts',(-6.76073925527466,-5.,1.45335371988096));
#11364=CARTESIAN_POINT('Ctrl Pts',(-6.76089566599864,-4.99999750683186,
1.45299538022789));
#11365=CARTESIAN_POINT('Ctrl Pts',(-6.92538382708525,-4.95687873726659,
1.44750063694468));
#11366=CARTESIAN_POINT('Ctrl Pts',(-7.11581175249998,-4.89142801837269,
1.42325427977814));
#11367=CARTESIAN_POINT('Ctrl Pts',(-7.29426289757974,-4.81255546670879,
1.37692340402318));
#11368=CARTESIAN_POINT('Ctrl Pts',(-7.32312781935164,-4.79930042276281,
1.36876367135675));
#11369=CARTESIAN_POINT('Ctrl Pts',(-6.76073925527466,-5.,1.45335371988096));
#11370=CARTESIAN_POINT('Ctrl Pts',(-6.935028113896,-5.,1.49082053400391));
#11371=CARTESIAN_POINT('Ctrl Pts',(-7.10931697251734,-5.,1.52828734812687));
#11372=CARTESIAN_POINT('Ctrl Pts',(-7.28360583113868,-5.,1.56575416224982));
#11373=CARTESIAN_POINT('Ctrl Pts',(-6.7737917472088,-4.93309194893226,1.3926358826531));
#11374=CARTESIAN_POINT('Ctrl Pts',(-6.94841709355586,-4.93309194893226,
1.42853741792532));
#11375=CARTESIAN_POINT('Ctrl Pts',(-7.12304243907985,-4.93309194893226,
1.46443895303034));
#11376=CARTESIAN_POINT('Ctrl Pts',(-7.29766778542691,-4.93309194893226,
1.50034048830256));
#11377=CARTESIAN_POINT('Ctrl Pts',(-6.78602623408403,-4.86618389786452,
1.33174219972573));
#11378=CARTESIAN_POINT('Ctrl Pts',(-6.96096698007518,-4.86618389786452,
1.36607392286619));
#11379=CARTESIAN_POINT('Ctrl Pts',(-7.13590772524255,-4.86618389786452,
1.40040564584297));
#11380=CARTESIAN_POINT('Ctrl Pts',(-7.3108484712337,-4.86618389786452,1.43473736898343));
#11381=CARTESIAN_POINT('Ctrl Pts',(-6.79743827577532,-4.79927584679679,
1.27069477055991));
#11382=CARTESIAN_POINT('Ctrl Pts',(-6.97267321886376,-4.79927584679679,
1.3034527180054));
#11383=CARTESIAN_POINT('Ctrl Pts',(-7.14790816195221,-4.79927584679679,
1.3362106654509));
#11384=CARTESIAN_POINT('Ctrl Pts',(-7.32314310504065,-4.79927584679679,
1.36896861289639));
#11385=CARTESIAN_POINT('',(-7.28360583113868,-5.,1.56575416224982));
#11386=CARTESIAN_POINT('Origin',(6.25,-5.,0.));
#11387=CARTESIAN_POINT('',(-4.63901086973884,-5.,5.12829508349003));
#11388=CARTESIAN_POINT('Ctrl Pts',(-4.63901086973884,-5.,5.12829508349003));
#11389=CARTESIAN_POINT('Ctrl Pts',(-4.53255398476935,-5.,5.01061001330536));
#11390=CARTESIAN_POINT('Ctrl Pts',(-4.43268932831875,-4.99999999999946,
4.89236921197775));
#11391=CARTESIAN_POINT('Ctrl Pts',(-4.26936693794261,-4.99999999999946,
4.70530779302269));
#11392=CARTESIAN_POINT('Ctrl Pts',(-4.2354471059382,-5.,4.66673766157541));
#11393=CARTESIAN_POINT('Ctrl Pts',(-4.20079031776963,-5.,4.62772738027349));
#11394=CARTESIAN_POINT('',(-4.99778579615891,-5.,5.52491059979365));
#11395=CARTESIAN_POINT('Ctrl Pts',(-8.30416654319634,-4.04127424293459,
-0.691327321077924));
#11396=CARTESIAN_POINT('Ctrl Pts',(-8.13281907530462,-4.28122100122275,
-0.946373619974438));
#11397=CARTESIAN_POINT('Ctrl Pts',(-7.53351488556413,-4.78993295623157,
-1.43097216258852));
#11398=CARTESIAN_POINT('Ctrl Pts',(-6.63502430068777,-5.0743125279429,-1.49788465191136));
#11399=CARTESIAN_POINT('Ctrl Pts',(-6.10985072529018,-5.10379609513877,
-1.40276420191973));
#11400=CARTESIAN_POINT('Ctrl Pts',(-8.10595758939536,-3.97798495872199,
-0.60379176209719));
#11401=CARTESIAN_POINT('Ctrl Pts',(-7.94931693180589,-4.19851007282879,
-0.832833788532542));
#11402=CARTESIAN_POINT('Ctrl Pts',(-7.40546459207372,-4.66243463495944,
-1.26764941324525));
#11403=CARTESIAN_POINT('Ctrl Pts',(-6.59026422904159,-4.91560010152375,
-1.33844620740402));
#11404=CARTESIAN_POINT('Ctrl Pts',(-6.10939169923703,-4.93913505500594,
-1.26049970655394));
#11405=CARTESIAN_POINT('Ctrl Pts',(-7.70150388915395,-3.73325363123892,
-0.534532061681147));
#11406=CARTESIAN_POINT('Ctrl Pts',(-7.5704273268619,-3.91311907623485,-0.715313943266505));
#11407=CARTESIAN_POINT('Ctrl Pts',(-7.12853615313853,-4.28722602546499,
-1.05766054099459));
#11408=CARTESIAN_POINT('Ctrl Pts',(-6.47554704745658,-4.49277946327186,
-1.1336863663691));
#11409=CARTESIAN_POINT('Ctrl Pts',(-6.08327556619793,-4.51558162961084,
-1.08618565492625));
#11410=CARTESIAN_POINT('Ctrl Pts',(-7.45790174450429,-3.35996364503781,
-0.706537020087495));
#11411=CARTESIAN_POINT('Ctrl Pts',(-7.33782147643905,-3.51554573157782,
-0.867271776219122));
#11412=CARTESIAN_POINT('Ctrl Pts',(-6.93744232510764,-3.84558730288249,
-1.17480556923467));
#11413=CARTESIAN_POINT('Ctrl Pts',(-6.35729828708263,-4.04333201237799,
-1.24303245475044));
#11414=CARTESIAN_POINT('Ctrl Pts',(-6.01754262595849,-4.07679191261741,
-1.20283774445747));
#11415=CARTESIAN_POINT('Ctrl Pts',(-7.40315118592004,-3.18201697499479,
-0.834177749889567));
#11416=CARTESIAN_POINT('Ctrl Pts',(-7.28420235380015,-3.33333526538323,
-0.994111580739431));
#11417=CARTESIAN_POINT('Ctrl Pts',(-6.88549264827582,-3.65946842233488,
-1.30279395190641));
#11418=CARTESIAN_POINT('Ctrl Pts',(-6.31018077322606,-3.86056088010294,
-1.36493898510153));
#11419=CARTESIAN_POINT('Ctrl Pts',(-5.98146620718793,-3.89843272213464,
-1.3221656400362));
#11420=CARTESIAN_POINT('Ctrl Pts',(-6.10581930466932,-3.88048360910646,
-1.33461590376518));
#11421=CARTESIAN_POINT('Ctrl Pts',(-6.39224926940013,-3.83090340999639,
-1.35469229383858));
#11422=CARTESIAN_POINT('Ctrl Pts',(-6.91424903491152,-3.63594651898996,
-1.28053066237543));
#11423=CARTESIAN_POINT('Ctrl Pts',(-7.28420235380015,-3.33333526538323,
-0.994111580739431));
#11424=CARTESIAN_POINT('Ctrl Pts',(-7.40315118592004,-3.18201697499479,
-0.834177749889567));
#11425=CARTESIAN_POINT('Ctrl Pts',(-7.32301041036476,-4.79943701297762,
-1.36822013347417));
#11426=CARTESIAN_POINT('Ctrl Pts',(-7.14647821825918,-4.88061168680766,
-1.41699566833394));
#11427=CARTESIAN_POINT('Ctrl Pts',(-6.95731444938628,-4.94875031125705,
-1.44478007798179));
#11428=CARTESIAN_POINT('Ctrl Pts',(-6.76074063800791,-5.00022166126966,
-1.45175752047769));
#11429=CARTESIAN_POINT('Ctrl Pts',(-6.79743827577528,-4.79927584679677,
-1.2706947705599));
#11430=CARTESIAN_POINT('Ctrl Pts',(-6.97267321886374,-4.79927584679677,
-1.3034527180054));
#11431=CARTESIAN_POINT('Ctrl Pts',(-7.1479081619522,-4.79927584679677,-1.3362106654509));
#11432=CARTESIAN_POINT('Ctrl Pts',(-7.32314310504066,-4.79927584679677,
-1.36896861289639));
#11433=CARTESIAN_POINT('Ctrl Pts',(-6.78602623408399,-4.86618389786451,
-1.33174219972572));
#11434=CARTESIAN_POINT('Ctrl Pts',(-6.96096698007516,-4.86618389786451,
-1.36607392286619));
#11435=CARTESIAN_POINT('Ctrl Pts',(-7.13590772524254,-4.86618389786451,
-1.40040564584297));
#11436=CARTESIAN_POINT('Ctrl Pts',(-7.3108484712337,-4.86618389786451,-1.43473736898343));
#11437=CARTESIAN_POINT('Ctrl Pts',(-6.77379174720876,-4.93309194893226,
-1.3926358826531));
#11438=CARTESIAN_POINT('Ctrl Pts',(-6.94841709355584,-4.93309194893226,
-1.42853741792532));
#11439=CARTESIAN_POINT('Ctrl Pts',(-7.12304243907983,-4.93309194893226,
-1.46443895303035));
#11440=CARTESIAN_POINT('Ctrl Pts',(-7.29766778542691,-4.93309194893226,
-1.50034048830257));
#11441=CARTESIAN_POINT('Ctrl Pts',(-6.76073925527463,-5.,-1.45335371988096));
#11442=CARTESIAN_POINT('Ctrl Pts',(-6.93502811389598,-5.,-1.49082053400392));
#11443=CARTESIAN_POINT('Ctrl Pts',(-7.10931697251733,-5.,-1.52828734812688));
#11444=CARTESIAN_POINT('Ctrl Pts',(-7.28360583113868,-5.,-1.56575416224983));
#11445=CARTESIAN_POINT('Ctrl Pts',(-1.84009592826318,-5.10379609513878,
5.99266804239188));
#11446=CARTESIAN_POINT('Ctrl Pts',(-1.975253479032,-5.08168341899276,6.36944846717123));
#11447=CARTESIAN_POINT('Ctrl Pts',(-2.42985005717779,-4.85437196832951,
7.15152734829172));
#11448=CARTESIAN_POINT('Ctrl Pts',(-3.14464252094031,-4.3612032417479,7.50945869777462));
#11449=CARTESIAN_POINT('Ctrl Pts',(-3.55337624921445,-4.04127424293461,
7.5372828442038));
#11450=CARTESIAN_POINT('Ctrl Pts',(-1.96307108227995,-4.93913505500595,
5.92113826648597));
#11451=CARTESIAN_POINT('Ctrl Pts',(-2.0927705479464,-4.92148383929633,6.26270408597091));
#11452=CARTESIAN_POINT('Ctrl Pts',(-2.51644093538126,-4.72037303148844,
6.96787989049549));
#11453=CARTESIAN_POINT('Ctrl Pts',(-3.16117774794058,-4.27201843295068,
7.29368270918169));
#11454=CARTESIAN_POINT('Ctrl Pts',(-3.53007979012574,-3.97798495872201,
7.32186107546424));
#11455=CARTESIAN_POINT('Ctrl Pts',(-2.10095330311106,-4.51558050229611,
5.81137223163438));
#11456=CARTESIAN_POINT('Ctrl Pts',(-2.21720249541582,-4.49847887696251,
6.0839728086232));
#11457=CARTESIAN_POINT('Ctrl Pts',(-2.5773534163957,-4.33319989373734,6.64023079485712));
#11458=CARTESIAN_POINT('Ctrl Pts',(-3.09169014975806,-3.97306406125225,
6.9061516554605));
#11459=CARTESIAN_POINT('Ctrl Pts',(-3.38782344928787,-3.73324347709772,
6.9369845769384));
#11460=CARTESIAN_POINT('Ctrl Pts',(-1.96708326964828,-4.07679191261742,
5.81276365466447));
#11461=CARTESIAN_POINT('Ctrl Pts',(-2.06838441584311,-4.0516969865877,6.0485144542209));
#11462=CARTESIAN_POINT('Ctrl Pts',(-2.38712655517045,-3.88777227570989,
6.53901242025655));
#11463=CARTESIAN_POINT('Ctrl Pts',(-2.8514178528188,-3.56740641915628,6.78050063482175));
#11464=CARTESIAN_POINT('Ctrl Pts',(-3.11707186414222,-3.35996364503782,
6.81200087971274));
#11465=CARTESIAN_POINT('Ctrl Pts',(-1.84570407131169,-3.89843272213465,
5.84118450732097));
#11466=CARTESIAN_POINT('Ctrl Pts',(-1.94118993423729,-3.87002883964861,
6.07073089308428));
#11467=CARTESIAN_POINT('Ctrl Pts',(-2.25032769810229,-3.70189663673066,
6.55753662675442));
#11468=CARTESIAN_POINT('Ctrl Pts',(-2.71518157838055,-3.38377468779529,
6.79767814459528));
#11469=CARTESIAN_POINT('Ctrl Pts',(-2.97915647028391,-3.18201697499479,
6.82840587000843));
#11470=CARTESIAN_POINT('Ctrl Pts',(-2.97915647028391,-3.18201697499479,
6.82840587000843));
#11471=CARTESIAN_POINT('Ctrl Pts',(-2.71518157838055,-3.38377468779529,
6.79767814459528));
#11472=CARTESIAN_POINT('Ctrl Pts',(-2.28384465744903,-3.67895936357422,
6.57485134398582));
#11473=CARTESIAN_POINT('Ctrl Pts',(-1.98657844687826,-3.84500370206132,
6.1396480251421));
#11474=CARTESIAN_POINT('Ctrl Pts',(-1.89699912050227,-3.88046687811377,
5.95514789009848));
#11475=CARTESIAN_POINT('',(-2.12172838553581,-5.,6.58164880337103));
#11476=CARTESIAN_POINT('Ctrl Pts',(-1.90733431422085,-5.,5.95185482129695));
#11477=CARTESIAN_POINT('Ctrl Pts',(-1.92195674501308,-5.,5.99585744637241));
#11478=CARTESIAN_POINT('Ctrl Pts',(-1.93661690509111,-5.,6.03932495258868));
#11479=CARTESIAN_POINT('Ctrl Pts',(-1.98923397018081,-5.,6.19361296552691));
#11480=CARTESIAN_POINT('Ctrl Pts',(-2.02525870948359,-5.,6.29623157379525));
#11481=CARTESIAN_POINT('Ctrl Pts',(-2.07920244062378,-5.,6.45312972375253));
#11482=CARTESIAN_POINT('Ctrl Pts',(-2.10140211546474,-5.,6.5185962599813));
#11483=CARTESIAN_POINT('Ctrl Pts',(-2.1217283855358,-5.,6.58164880337102));
#11484=CARTESIAN_POINT('Ctrl Pts',(-2.12211986634802,-4.9999981124872,6.58160262959011));
#11485=CARTESIAN_POINT('Ctrl Pts',(-2.20912365102435,-4.95687957695856,
6.72130522884447));
#11486=CARTESIAN_POINT('Ctrl Pts',(-2.32533686549041,-4.89142912744372,
6.87409637224034));
#11487=CARTESIAN_POINT('Ctrl Pts',(-2.45468632558229,-4.81255661143618,
7.00547400963875));
#11488=CARTESIAN_POINT('Ctrl Pts',(-2.47618532696881,-4.79930156602354,
7.02639189939582));
#11489=CARTESIAN_POINT('Ctrl Pts',(-2.12172838553581,-5.,6.58164880337103));
#11490=CARTESIAN_POINT('Ctrl Pts',(-2.17642560201713,-5.,6.75132078959518));
#11491=CARTESIAN_POINT('Ctrl Pts',(-2.23112281849845,-5.,6.92099277581932));
#11492=CARTESIAN_POINT('Ctrl Pts',(-2.28582003497977,-5.,7.09066476204347));
#11493=CARTESIAN_POINT('Ctrl Pts',(-2.18083782100505,-4.93309194893226,
6.56259367435474));
#11494=CARTESIAN_POINT('Ctrl Pts',(-2.23705885259798,-4.93309194893226,
6.73177442807207));
#11495=CARTESIAN_POINT('Ctrl Pts',(-2.29327988392416,-4.93309194893226,
6.90095518099298));
#11496=CARTESIAN_POINT('Ctrl Pts',(-2.34950091551709,-4.93309194893226,
7.07013593471031));
#11497=CARTESIAN_POINT('Ctrl Pts',(-2.23969054078776,-4.86618389786452,
6.54274220932728));
#11498=CARTESIAN_POINT('Ctrl Pts',(-2.297428769388,-4.86618389786452,6.71141120108285));
#11499=CARTESIAN_POINT('Ctrl Pts',(-2.35516699771811,-4.86618389786452,
6.88008019204316));
#11500=CARTESIAN_POINT('Ctrl Pts',(-2.41290522631835,-4.86618389786452,
7.04874918379872));
#11501=CARTESIAN_POINT('Ctrl Pts',(-2.29826518612674,-4.79927584679679,
6.52210161275807));
#11502=CARTESIAN_POINT('Ctrl Pts',(-2.35751344300733,-4.79927584679679,
6.69023849882613));
#11503=CARTESIAN_POINT('Ctrl Pts',(-2.41676169988791,-4.79927584679679,
6.8583753848942));
#11504=CARTESIAN_POINT('Ctrl Pts',(-2.4760099567685,-4.79927584679679,7.02651227096226));
#11505=CARTESIAN_POINT('',(-2.28582003497977,-5.,7.09066476204347));
#11506=CARTESIAN_POINT('Origin',(6.25,-5.,0.));
#11507=CARTESIAN_POINT('',(2.12172838553578,-5.,6.581648803371));
#11508=CARTESIAN_POINT('Ctrl Pts',(2.12172838553578,-5.,6.58164880337099));
#11509=CARTESIAN_POINT('Ctrl Pts',(2.07316098819229,-5.,6.43099165291395));
#11510=CARTESIAN_POINT('Ctrl Pts',(2.02088226367092,-5.,6.28587522129185));
#11511=CARTESIAN_POINT('Ctrl Pts',(1.9405549916853,-5.,6.05098778296748));
#11512=CARTESIAN_POINT('Ctrl Pts',(1.92395662232908,-5.,6.00187558747243));
#11513=CARTESIAN_POINT('Ctrl Pts',(1.90733431422084,-5.,5.95185482129695));
#11514=CARTESIAN_POINT('',(2.28582003497976,-5.,7.09066476204348));
#11515=CARTESIAN_POINT('Ctrl Pts',(-4.75079029398189,-4.0412742429346,6.84595552312588));
#11516=CARTESIAN_POINT('Ctrl Pts',(-4.88599310372464,-4.28122094745421,
6.57004117543762));
#11517=CARTESIAN_POINT('Ctrl Pts',(-5.00599903739596,-4.7899361641555,5.80873328766529));
#11518=CARTESIAN_POINT('Ctrl Pts',(-4.61471837840008,-5.07431252216845,
4.99715735292883));
#11519=CARTESIAN_POINT('Ctrl Pts',(-4.26975479702698,-5.10379609513877,
4.58990384047221));
#11520=CARTESIAN_POINT('Ctrl Pts',(-4.57587779926962,-3.97798495872199,
6.71806931336706));
#11521=CARTESIAN_POINT('Ctrl Pts',(-4.69591365700388,-4.19851002341235,
6.46789356747213));
#11522=CARTESIAN_POINT('Ctrl Pts',(-4.80053164974913,-4.66243956926236,
5.7795021154364));
#11523=CARTESIAN_POINT('Ctrl Pts',(-4.45426059204258,-4.91560009691436,
5.03811321022942));
#11524=CARTESIAN_POINT('Ctrl Pts',(-4.14632061695706,-4.93913505500594,
4.66063855993208));
#11525=CARTESIAN_POINT('Ctrl Pts',(-4.31370049960747,-3.73324020946972,
6.40243393361191));
#11526=CARTESIAN_POINT('Ctrl Pts',(-4.40472390006131,-3.91310561416045,
6.19852740572605));
#11527=CARTESIAN_POINT('Ctrl Pts',(-4.48025525175333,-4.28722060366382,
5.64465703894982));
#11528=CARTESIAN_POINT('Ctrl Pts',(-4.21959746984526,-4.49277796871855,
5.04112754177516));
#11529=CARTESIAN_POINT('Ctrl Pts',(-3.98232485993804,-4.51558013952341,
4.72516076766339));
#11530=CARTESIAN_POINT('Ctrl Pts',(-4.34082988036207,-3.35996364503781,
6.10546385962525));
#11531=CARTESIAN_POINT('Ctrl Pts',(-4.41999011067189,-3.51554569671416,
5.92110396023405));
#11532=CARTESIAN_POINT('Ctrl Pts',(-4.48611572141454,-3.84558550490754,
5.42060325094229));
#11533=CARTESIAN_POINT('Ctrl Pts',(-4.2551468671724,-4.04333200582477,4.88406564236473));
#11534=CARTESIAN_POINT('Ctrl Pts',(-4.05045935631019,-4.07679191261741,
4.60992591020704));
#11535=CARTESIAN_POINT('Ctrl Pts',(-4.42399471563612,-3.18201697499479,
5.99422812011886));
#11536=CARTESIAN_POINT('Ctrl Pts',(-4.50302704230673,-3.33333523147502,
5.81124853533066));
#11537=CARTESIAN_POINT('Ctrl Pts',(-4.57098853525329,-3.65947054677833,
5.31161637885825));
#11538=CARTESIAN_POINT('Ctrl Pts',(-4.33716226177153,-3.86056087268562,
4.782307411101));
#11539=CARTESIAN_POINT('Ctrl Pts',(-4.13576213587622,-3.89843272213464,
4.5190188672848));
#11540=CARTESIAN_POINT('Ctrl Pts',(-4.20872073403058,-3.88048364347242,
4.62048681495764));
#11541=CARTESIAN_POINT('Ctrl Pts',(-4.3693212340106,-3.83090366503929,4.85850445079444));
#11542=CARTESIAN_POINT('Ctrl Pts',(-4.56608690279579,-3.63594847011817,
5.34765168486458));
#11543=CARTESIAN_POINT('Ctrl Pts',(-4.50302704230673,-3.33333523147502,
5.81124853533066));
#11544=CARTESIAN_POINT('Ctrl Pts',(-4.42399471563612,-3.18201697499479,
5.99422812011886));
#11545=CARTESIAN_POINT('Ctrl Pts',(-4.84641085162291,-4.79943825684099,
5.65780555801406));
#11546=CARTESIAN_POINT('Ctrl Pts',(-4.80038647117101,-4.88061277591357,
5.48053632431656));
#11547=CARTESIAN_POINT('Ctrl Pts',(-4.72986856827132,-4.94875104858654,
5.30282311496907));
#11548=CARTESIAN_POINT('Ctrl Pts',(-4.63762614585103,-5.00022209527434,
5.12909612052012));
#11549=CARTESIAN_POINT('Ctrl Pts',(-4.49917308964349,-4.79927584679487,
5.25140684219495));
#11550=CARTESIAN_POINT('Ctrl Pts',(-4.61515977585256,-4.79927584679487,
5.386785780819));
#11551=CARTESIAN_POINT('Ctrl Pts',(-4.73114646206163,-4.79927584679487,
5.52216471944305));
#11552=CARTESIAN_POINT('Ctrl Pts',(-4.8471331482707,-4.79927584679487,5.65754365806711));
#11553=CARTESIAN_POINT('Ctrl Pts',(-4.54633569329159,-4.86618389786324,
5.21100000959799));
#11554=CARTESIAN_POINT('Ctrl Pts',(-4.66353821068374,-4.86618389786324,
5.34533727821456));
#11555=CARTESIAN_POINT('Ctrl Pts',(-4.78074072752225,-4.86618389786324,
5.47967454619956));
#11556=CARTESIAN_POINT('Ctrl Pts',(-4.8979432449144,-4.86618389786324,5.61401181481614));
#11557=CARTESIAN_POINT('Ctrl Pts',(-4.59295392619949,-4.93309194893162,
5.16995779169774));
#11558=CARTESIAN_POINT('Ctrl Pts',(-4.71135824095489,-4.93309194893162,
5.30323701014428));
#11559=CARTESIAN_POINT('Ctrl Pts',(-4.82976255515395,-4.93309194893162,
5.43651622796162));
#11560=CARTESIAN_POINT('Ctrl Pts',(-4.94816686990935,-4.93309194893162,
5.56979544640817));
#11561=CARTESIAN_POINT('Ctrl Pts',(-4.639010869735,-5.,5.12829508348579));
#11562=CARTESIAN_POINT('Ctrl Pts',(-4.7586025118763,-5.,5.26050025558841));
#11563=CARTESIAN_POINT('Ctrl Pts',(-4.87819415401761,-5.,5.39270542769103));
#11564=CARTESIAN_POINT('Ctrl Pts',(-4.99778579615891,-5.,5.52491059979365));
#11565=CARTESIAN_POINT('Ctrl Pts',(4.269754797027,-5.10379609513878,4.58990384047223));
#11566=CARTESIAN_POINT('Ctrl Pts',(4.52847748345697,-5.08168341537684,4.89534397528711));
#11567=CARTESIAN_POINT('Ctrl Pts',(4.97847603412808,-4.85437259877001,5.68007663503511));
#11568=CARTESIAN_POINT('Ctrl Pts',(4.93106070663233,-4.36120318169088,6.47806972690184));
#11569=CARTESIAN_POINT('Ctrl Pts',(4.75079029398189,-4.04127424293461,6.84595552312588));
#11570=CARTESIAN_POINT('Ctrl Pts',(4.14632061695708,-4.93913505500594,4.6606385599321));
#11571=CARTESIAN_POINT('Ctrl Pts',(4.37727559862842,-4.92148383640996,4.94374454809297));
#11572=CARTESIAN_POINT('Ctrl Pts',(4.77613704184637,-4.7203742166862,5.66324293281956));
#11573=CARTESIAN_POINT('Ctrl Pts',(4.73592560928021,-4.27201837775475,6.38450165280275));
#11574=CARTESIAN_POINT('Ctrl Pts',(4.57587779926961,-3.97798495872201,6.71806931336706));
#11575=CARTESIAN_POINT('Ctrl Pts',(3.98232485993805,-4.51558013952341,4.72516076766341));
#11576=CARTESIAN_POINT('Ctrl Pts',(4.16027931764369,-4.49847851139332,4.96213584861375));
#11577=CARTESIAN_POINT('Ctrl Pts',(4.46193789850544,-4.33319918006168,5.55216628966918));
#11578=CARTESIAN_POINT('Ctrl Pts',(4.43506503331708,-3.97306074860518,6.13055856361005));
#11579=CARTESIAN_POINT('Ctrl Pts',(4.31370049960747,-3.73324020946974,6.40243393361191));
#11580=CARTESIAN_POINT('Ctrl Pts',(4.0504593563102,-4.07679191261741,4.60992591020705));
#11581=CARTESIAN_POINT('Ctrl Pts',(4.20397498969428,-4.05169698248412,4.81553070964331));
#11582=CARTESIAN_POINT('Ctrl Pts',(4.46938408517171,-3.88777229642017,5.33681880274921));
#11583=CARTESIAN_POINT('Ctrl Pts',(4.44637685390948,-3.56740638021515,5.85965066090047));
#11584=CARTESIAN_POINT('Ctrl Pts',(4.34082988036207,-3.35996364503782,6.10546385962525));
#11585=CARTESIAN_POINT('Ctrl Pts',(4.13576213587623,-3.89843272213464,4.51901886728482));
#11586=CARTESIAN_POINT('Ctrl Pts',(4.28681223053133,-3.87002883500395,4.71648527545237));
#11587=CARTESIAN_POINT('Ctrl Pts',(4.55382740105675,-3.70189708170376,5.22760976350499));
#11588=CARTESIAN_POINT('Ctrl Pts',(4.52937115099825,-3.38377464992136,5.75025534086127));
#11589=CARTESIAN_POINT('Ctrl Pts',(4.42399471563612,-3.18201697499479,5.99422812011886));
#11590=CARTESIAN_POINT('Ctrl Pts',(4.42399471563612,-3.18201697499479,5.99422812011886));
#11591=CARTESIAN_POINT('Ctrl Pts',(4.52937115099825,-3.38377464992136,5.75025534086127));
#11592=CARTESIAN_POINT('Ctrl Pts',(4.55206405295946,-3.67895977187711,5.26529363090843));
#11593=CARTESIAN_POINT('Ctrl Pts',(4.32380168570211,-3.84500375531791,4.79025151465744));
#11594=CARTESIAN_POINT('Ctrl Pts',(4.20880974416385,-3.88046688902957,4.62042341156144));
#11595=CARTESIAN_POINT('',(4.63901086973886,-5.,5.12829508349006));
#11596=CARTESIAN_POINT('Ctrl Pts',(4.20079031776962,-5.,4.6277273802735));
#11597=CARTESIAN_POINT('Ctrl Pts',(4.20940397354402,-5.,4.63742306047222));
#11598=CARTESIAN_POINT('Ctrl Pts',(4.21801543968075,-4.99999999999884,4.64714042027023));
#11599=CARTESIAN_POINT('Ctrl Pts',(4.27973278837406,-4.99999999999884,4.71694925590197));
#11600=CARTESIAN_POINT('Ctrl Pts',(4.32803078368536,-5.,4.77240861767313));
#11601=CARTESIAN_POINT('Ctrl Pts',(4.48546563822257,-5.,4.95413199635256));
#11602=CARTESIAN_POINT('Ctrl Pts',(4.55507510462916,-5.,5.03550647323934));
#11603=CARTESIAN_POINT('Ctrl Pts',(4.63901086973886,-5.,5.12829508349007));
#11604=CARTESIAN_POINT('Ctrl Pts',(4.63877433890572,-4.99999825050001,5.12861143138758));
#11605=CARTESIAN_POINT('Ctrl Pts',(4.71625809033695,-4.95687978104371,5.27381030145122));
#11606=CARTESIAN_POINT('Ctrl Pts',(4.79047209268457,-4.89142940449447,5.45084957928739));
#11607=CARTESIAN_POINT('Ctrl Pts',(4.8395736686111,-4.81255689632442,5.62855832301607));
#11608=CARTESIAN_POINT('Ctrl Pts',(4.84693959334216,-4.79930184202262,5.65763596639547));
#11609=CARTESIAN_POINT('Origin',(3.02500014367979,-3.00000014249235,5.23945394175655));
#11610=CARTESIAN_POINT('Ctrl Pts',(1.89709855148382,-3.88048363547729,5.95510249923344));
#11611=CARTESIAN_POINT('Ctrl Pts',(2.02292747029799,-3.83090361237288,6.21319558132722));
#11612=CARTESIAN_POINT('Ctrl Pts',(2.34815757124295,-3.63594805874997,6.62817459704517));
#11613=CARTESIAN_POINT('Ctrl Pts',(2.78117530098372,-3.33333525987999,6.80536007590519));
#11614=CARTESIAN_POINT('Ctrl Pts',(2.97915647028391,-3.18201697499478,6.82840587000843));
#11615=CARTESIAN_POINT('Ctrl Pts',(3.55337624921445,-4.04127424293459,7.5372828442038));
#11616=CARTESIAN_POINT('Ctrl Pts',(3.24682595243181,-4.28122099249623,7.51641473434263));
#11617=CARTESIAN_POINT('Ctrl Pts',(2.5275088313192,-4.78993548864418,7.23969143996433));
#11618=CARTESIAN_POINT('Ctrl Pts',(2.02030599568059,-5.07431252698895,6.49504194133283));
#11619=CARTESIAN_POINT('Ctrl Pts',(1.84009592826321,-5.10379609513877,5.99266804239197));
#11620=CARTESIAN_POINT('Ctrl Pts',(3.53007979012575,-3.97798495872199,7.32186107546424));
#11621=CARTESIAN_POINT('Ctrl Pts',(3.25340325796606,-4.1985100648086,7.30072730071255));
#11622=CARTESIAN_POINT('Ctrl Pts',(2.60492714137317,-4.66243856180951,7.0471357516259));
#11623=CARTESIAN_POINT('Ctrl Pts',(2.13600370290527,-4.91560010076226,6.37655935843918));
#11624=CARTESIAN_POINT('Ctrl Pts',(1.96307108227998,-4.93913505500594,5.92113826648605));
#11625=CARTESIAN_POINT('Ctrl Pts',(3.38782344928787,-3.7332434770977,6.93698457693841));
#11626=CARTESIAN_POINT('Ctrl Pts',(3.16572347422244,-3.91310891555218,6.91385988578645));
#11627=CARTESIAN_POINT('Ctrl Pts',(2.64829330786347,-4.28722206770132,6.70233851815646));
#11628=CARTESIAN_POINT('Ctrl Pts',(2.2559522259481,-4.49277833521934,6.17483966706609));
#11629=CARTESIAN_POINT('Ctrl Pts',(2.10095330311108,-4.5155805022961,5.81137223163444));
#11630=CARTESIAN_POINT('Ctrl Pts',(3.11707186414222,-3.35996364503781,6.81200087971274));
#11631=CARTESIAN_POINT('Ctrl Pts',(2.91783135527461,-3.51554572591952,6.78837569600003));
#11632=CARTESIAN_POINT('Ctrl Pts',(2.4513198579742,-3.84558582240975,6.59539422764132));
#11633=CARTESIAN_POINT('Ctrl Pts',(2.10215146436908,-4.04333201129538,6.12709805359447));
#11634=CARTESIAN_POINT('Ctrl Pts',(1.96708326964831,-4.07679191261741,5.81276365466453));
#11635=CARTESIAN_POINT('Ctrl Pts',(2.97915647028391,-3.18201697499478,6.82840587000843));
#11636=CARTESIAN_POINT('Ctrl Pts',(2.78117530098372,-3.33333525987999,6.80536007590519));
#11637=CARTESIAN_POINT('Ctrl Pts',(2.31449917720672,-3.65947009982407,6.61440200009276));
#11638=CARTESIAN_POINT('Ctrl Pts',(1.97301855501866,-3.86056087887758,6.1472463545394));
#11639=CARTESIAN_POINT('Ctrl Pts',(1.84570407131171,-3.89843272213464,5.84118450732102));
#11640=CARTESIAN_POINT('Ctrl Pts',(2.4765967337467,-4.79943800581617,7.02601873806965));
#11641=CARTESIAN_POINT('Ctrl Pts',(2.34608937247858,-4.88061254894687,6.89752570016484));
#11642=CARTESIAN_POINT('Ctrl Pts',(2.22744442469539,-4.94875089030765,6.7475985001449));
#11643=CARTESIAN_POINT('Ctrl Pts',(2.12311388452752,-5.00022199830143,6.58085045299588));
#11644=CARTESIAN_POINT('Ctrl Pts',(4.63901086973886,-5.,5.12829508349006));
#11645=CARTESIAN_POINT('Ctrl Pts',(4.75860251187887,-5.,5.26050025559126));
#11646=CARTESIAN_POINT('Ctrl Pts',(4.87819415401889,-5.,5.39270542769246));
#11647=CARTESIAN_POINT('Ctrl Pts',(4.9977857961589,-5.,5.52491059979365));
#11648=CARTESIAN_POINT('Ctrl Pts',(4.59295392620374,-4.93309194893226,5.16995779170164));
#11649=CARTESIAN_POINT('Ctrl Pts',(4.71135824095788,-4.93309194893226,5.30323701014675));
#11650=CARTESIAN_POINT('Ctrl Pts',(4.82976255515568,-4.93309194893226,5.43651622796264));
#11651=CARTESIAN_POINT('Ctrl Pts',(4.94816686990982,-4.93309194893226,5.56979544640775));
#11652=CARTESIAN_POINT('Ctrl Pts',(4.54633569329626,-4.86618389786452,5.21100000960155));
#11653=CARTESIAN_POINT('Ctrl Pts',(4.66353821068717,-4.86618389786452,5.34533727821665));
#11654=CARTESIAN_POINT('Ctrl Pts',(4.78074072752444,-4.86618389786452,5.47967454620019));
#11655=CARTESIAN_POINT('Ctrl Pts',(4.89794324491535,-4.86618389786452,5.6140118148153));
#11656=CARTESIAN_POINT('Ctrl Pts',(4.49917308964858,-4.79927584679679,5.25140684219816));
#11657=CARTESIAN_POINT('Ctrl Pts',(4.61515977585643,-4.79927584679679,5.38678578082073));
#11658=CARTESIAN_POINT('Ctrl Pts',(4.73114646206429,-4.79927584679679,5.5221647194433));
#11659=CARTESIAN_POINT('Ctrl Pts',(4.84713314827215,-4.79927584679679,5.65754365806586));
#11660=CARTESIAN_POINT('',(4.9977857961589,-5.,5.52491059979365));
#11661=CARTESIAN_POINT('Ctrl Pts',(2.29826518612355,-4.79927584674605,6.52210161260734));
#11662=CARTESIAN_POINT('Ctrl Pts',(2.35751344302115,-4.79927584674605,6.69023849872003));
#11663=CARTESIAN_POINT('Ctrl Pts',(2.41676169991875,-4.79927584674605,6.85837538483271));
#11664=CARTESIAN_POINT('Ctrl Pts',(2.47600995681635,-4.79927584674605,7.0265122709454));
#11665=CARTESIAN_POINT('Ctrl Pts',(2.23969054077112,-4.8661838978307,6.54274220918174));
#11666=CARTESIAN_POINT('Ctrl Pts',(2.29742876938759,-4.8661838978307,6.71141120098222));
#11667=CARTESIAN_POINT('Ctrl Pts',(2.35516699773393,-4.8661838978307,6.88008019198744));
#11668=CARTESIAN_POINT('Ctrl Pts',(2.4129052263504,-4.8661838978307,7.04874918378792));
#11669=CARTESIAN_POINT('Ctrl Pts',(2.18083782097481,-4.93309194891535,6.56259367421401));
#11670=CARTESIAN_POINT('Ctrl Pts',(2.23705885258318,-4.93309194891535,6.73177442797652));
#11671=CARTESIAN_POINT('Ctrl Pts',(2.29327988392481,-4.93309194891535,6.90095518094262));
#11672=CARTESIAN_POINT('Ctrl Pts',(2.34950091553318,-4.93309194891535,7.07013593470512));
#11673=CARTESIAN_POINT('Ctrl Pts',(2.12172838549185,-5.,6.58164880323472));
#11674=CARTESIAN_POINT('Ctrl Pts',(2.17642560198782,-5.,6.7513207895043));
#11675=CARTESIAN_POINT('Ctrl Pts',(2.23112281848379,-5.,6.92099277577389));
#11676=CARTESIAN_POINT('Ctrl Pts',(2.28582003497976,-5.,7.09066476204348));
#11677=CARTESIAN_POINT('Origin',(6.25,-5.,0.));
#11678=CARTESIAN_POINT('',(6.76073925527463,-5.,1.45335371988096));
#11679=CARTESIAN_POINT('Ctrl Pts',(6.76073925527463,-5.,1.45335371988096));
#11680=CARTESIAN_POINT('Ctrl Pts',(6.60566008683202,-5.,1.42001640604265));
#11681=CARTESIAN_POINT('Ctrl Pts',(6.4534179031116,-4.99999999999892,1.39266556797914));
#11682=CARTESIAN_POINT('Ctrl Pts',(6.20976795368095,-4.99999999999892,1.34476006221053));
#11683=CARTESIAN_POINT('Ctrl Pts',(6.15932390119351,-5.,1.33465384224508));
#11684=CARTESIAN_POINT('Ctrl Pts',(6.10812463199047,-5.,1.32412744102346));
#11685=CARTESIAN_POINT('',(7.28360583113868,-5.,1.56575416224983));
#11686=CARTESIAN_POINT('Origin',(3.02500014367979,-3.00000014249235,-5.23945394175655));
#11687=CARTESIAN_POINT('Origin',(-3.02500014367979,-3.00000014249235,-5.23945394175655));
#11688=CARTESIAN_POINT('Origin',(-6.05000028735958,-3.00000014249235,1.11022302462516E-15));
#11689=CARTESIAN_POINT('Origin',(-3.02500014367979,-3.00000014249235,5.23945394175655));
#11690=CARTESIAN_POINT('Ctrl Pts',(6.10985072529021,-5.10379609513878,-1.40276420191973));
#11691=CARTESIAN_POINT('Ctrl Pts',(6.6350243017203,-5.07431252788494,-1.49788465209836));
#11692=CARTESIAN_POINT('Ctrl Pts',(7.53351490089766,-4.78993294764633,-1.43097215626254));
#11693=CARTESIAN_POINT('Ctrl Pts',(8.13281907572289,-4.28122100063704,-0.946373619351852));
#11694=CARTESIAN_POINT('Ctrl Pts',(8.30416654319634,-4.04127424293461,-0.69132732107792));
#11695=CARTESIAN_POINT('Ctrl Pts',(6.10939169923706,-4.93913505500594,-1.26049970655395));
#11696=CARTESIAN_POINT('Ctrl Pts',(6.59026422998702,-4.91560010147748,-1.33844620755726));
#11697=CARTESIAN_POINT('Ctrl Pts',(7.4054646059744,-4.66243462719382,-1.26764940747949));
#11698=CARTESIAN_POINT('Ctrl Pts',(7.94931693218826,-4.19851007229049,-0.832833787973432));
#11699=CARTESIAN_POINT('Ctrl Pts',(8.10595758939536,-3.977984958722,-0.603791762097186));
#11700=CARTESIAN_POINT('Ctrl Pts',(6.08327556619796,-4.51558162961085,-1.08618565492625));
#11701=CARTESIAN_POINT('Ctrl Pts',(6.47554704822782,-4.49277946322703,-1.13368636646248));
#11702=CARTESIAN_POINT('Ctrl Pts',(7.12853616433724,-4.28722601919645,-1.0576605362831));
#11703=CARTESIAN_POINT('Ctrl Pts',(7.57042732718187,-3.91311907579579,-0.715313942825202));
#11704=CARTESIAN_POINT('Ctrl Pts',(7.70150388915395,-3.73325363123893,-0.534532061681144));
#11705=CARTESIAN_POINT('Ctrl Pts',(6.01754262595851,-4.07679191261741,-1.20283774445747));
#11706=CARTESIAN_POINT('Ctrl Pts',(6.35729828775061,-4.04333201231221,-1.24303245482946));
#11707=CARTESIAN_POINT('Ctrl Pts',(6.93744233514126,-3.8455872972074,-1.17480556499982));
#11708=CARTESIAN_POINT('Ctrl Pts',(7.33782147673217,-3.51554573119804,-0.867271775826753));
#11709=CARTESIAN_POINT('Ctrl Pts',(7.45790174450429,-3.35996364503782,-0.706537020087491));
#11710=CARTESIAN_POINT('Ctrl Pts',(5.98146620718795,-3.89843272213464,-1.3221656400362));
#11711=CARTESIAN_POINT('Ctrl Pts',(6.31018077387234,-3.86056088002848,-1.36493898518562));
#11712=CARTESIAN_POINT('Ctrl Pts',(6.885492658267,-3.65946841666196,-1.30279394770116));
#11713=CARTESIAN_POINT('Ctrl Pts',(7.28420235409051,-3.33333526501386,-0.994111580349019));
#11714=CARTESIAN_POINT('Ctrl Pts',(7.40315118592004,-3.18201697499479,-0.834177749889564));
#11715=CARTESIAN_POINT('Ctrl Pts',(7.40315118592004,-3.18201697499479,-0.834177749889564));
#11716=CARTESIAN_POINT('Ctrl Pts',(7.28420235409051,-3.33333526501386,-0.994111580349019));
#11717=CARTESIAN_POINT('Ctrl Pts',(6.91424904409778,-3.63594651378566,-1.28053065852682));
#11718=CARTESIAN_POINT('Ctrl Pts',(6.39224927099825,-3.83090340928203,-1.35469229338831));
#11719=CARTESIAN_POINT('Ctrl Pts',(6.10581930466204,-3.88048360902103,-1.33461590365443));
#11720=CARTESIAN_POINT('Ctrl Pts',(6.76074063775762,-5.00022166047277,-1.45175751936978));
#11721=CARTESIAN_POINT('Ctrl Pts',(6.9573144491908,-4.94875031022074,-1.44478007655245));
#11722=CARTESIAN_POINT('Ctrl Pts',(7.14647821829739,-4.8806116857079,-1.41699566684488));
#11723=CARTESIAN_POINT('Ctrl Pts',(7.32301040993409,-4.79943701251904,-1.36822013267158));
#11724=CARTESIAN_POINT('Origin',(6.05000028735958,-3.00000014249235,0.));
#11725=CARTESIAN_POINT('Ctrl Pts',(6.10580889081643,-3.88046684117252,1.33472478695779));
#11726=CARTESIAN_POINT('Ctrl Pts',(6.31038061363871,-3.84500350169007,1.34939775782323));
#11727=CARTESIAN_POINT('Ctrl Pts',(6.83591267568891,-3.67895784862605,1.30956612287735));
#11728=CARTESIAN_POINT('Ctrl Pts',(7.24455274305575,-3.38377469556074,1.04742285774016));
#11729=CARTESIAN_POINT('Ctrl Pts',(7.40315118592003,-3.18201697499479,0.834177749889566));
#11730=CARTESIAN_POINT('Ctrl Pts',(8.30416654319634,-4.04127424293459,0.691327321077923));
#11731=CARTESIAN_POINT('Ctrl Pts',(8.07570325261965,-4.36120325406166,1.03138905302092));
#11732=CARTESIAN_POINT('Ctrl Pts',(7.40833198431658,-4.85436965454535,1.47146608878758));
#11733=CARTESIAN_POINT('Ctrl Pts',(6.5037309062827,-5.08168341985728,1.47410453938958));
#11734=CARTESIAN_POINT('Ctrl Pts',(6.10985072463344,-5.10379609517564,1.40276420180078));
#11735=CARTESIAN_POINT('Ctrl Pts',(8.10595758939536,-3.97798495872199,0.603791762097189));
#11736=CARTESIAN_POINT('Ctrl Pts',(7.89710337922634,-4.27201844426774,0.909181130750378));
#11737=CARTESIAN_POINT('Ctrl Pts',(7.29258403015171,-4.72036840105769,1.30465337191359));
#11738=CARTESIAN_POINT('Ctrl Pts',(6.47004609608395,-4.92148383999601,1.31895958217777));
#11739=CARTESIAN_POINT('Ctrl Pts',(6.10939169863567,-4.93913505503549,1.26049970645635));
#11740=CARTESIAN_POINT('Ctrl Pts',(7.70150388915395,-3.73325363123892,0.534532061681147));
#11741=CARTESIAN_POINT('Ctrl Pts',(7.52673513938961,-3.97307422462392,0.775574570519019));
#11742=CARTESIAN_POINT('Ctrl Pts',(7.03928285512099,-4.33320164370334,1.088041895904));
#11743=CARTESIAN_POINT('Ctrl Pts',(6.37747917673226,-4.49848000494148,1.12181118851241));
#11744=CARTESIAN_POINT('Ctrl Pts',(6.08327556570752,-4.51558162963931,1.086185654867));
#11745=CARTESIAN_POINT('Ctrl Pts',(7.45790174450429,-3.35996364503781,0.706537020087494));
#11746=CARTESIAN_POINT('Ctrl Pts',(7.29779472037919,-3.56740642714055,0.920850028314024));
#11747=CARTESIAN_POINT('Ctrl Pts',(6.85651990649325,-3.88777237804305,1.20220741882437));
#11748=CARTESIAN_POINT('Ctrl Pts',(6.27235937144184,-4.05169698752436,1.23298377718106));
#11749=CARTESIAN_POINT('Ctrl Pts',(6.01754262553339,-4.07679191265922,1.20283774440703));
#11750=CARTESIAN_POINT('Ctrl Pts',(7.40315118592003,-3.18201697499479,0.834177749889566));
#11751=CARTESIAN_POINT('Ctrl Pts',(7.24455274305575,-3.38377469556074,1.04742285774016));
#11752=CARTESIAN_POINT('Ctrl Pts',(6.80415939754627,-3.70189498453321,1.32993590224029));
#11753=CARTESIAN_POINT('Ctrl Pts',(6.22800213136384,-3.87002884070017,1.35424564883519));
#11754=CARTESIAN_POINT('Ctrl Pts',(5.98146620677687,-3.898432722182,1.32216563998271));
#11755=CARTESIAN_POINT('Ctrl Pts',(7.32312781929187,-4.79930042318353,1.36876367191543));
#11756=CARTESIAN_POINT('Ctrl Pts',(7.29426289822448,-4.81255546676153,1.37692340432498));
#11757=CARTESIAN_POINT('Ctrl Pts',(7.11581175398181,-4.89142801785403,1.42325427960344));
#11758=CARTESIAN_POINT('Ctrl Pts',(6.92538382891195,-4.95687873655793,1.44750063664274));
#11759=CARTESIAN_POINT('Ctrl Pts',(6.76089566756813,-4.99999750623836,1.45299537998539));
#11760=CARTESIAN_POINT('Ctrl Pts',(6.79743827577528,-4.79927584679677,1.2706947705599));
#11761=CARTESIAN_POINT('Ctrl Pts',(6.97267321886374,-4.79927584679677,1.3034527180054));
#11762=CARTESIAN_POINT('Ctrl Pts',(7.1479081619522,-4.79927584679677,1.3362106654509));
#11763=CARTESIAN_POINT('Ctrl Pts',(7.32314310504066,-4.79927584679677,1.3689686128964));
#11764=CARTESIAN_POINT('Ctrl Pts',(6.78602623408399,-4.86618389786452,1.33174219972573));
#11765=CARTESIAN_POINT('Ctrl Pts',(6.96096698007515,-4.86618389786452,1.36607392286619));
#11766=CARTESIAN_POINT('Ctrl Pts',(7.13590772524254,-4.86618389786452,1.40040564584297));
#11767=CARTESIAN_POINT('Ctrl Pts',(7.3108484712337,-4.86618389786452,1.43473736898343));
#11768=CARTESIAN_POINT('Ctrl Pts',(6.77379174720876,-4.93309194893226,1.3926358826531));
#11769=CARTESIAN_POINT('Ctrl Pts',(6.94841709355583,-4.93309194893226,1.42853741792532));
#11770=CARTESIAN_POINT('Ctrl Pts',(7.12304243907983,-4.93309194893226,1.46443895303035));
#11771=CARTESIAN_POINT('Ctrl Pts',(7.29766778542691,-4.93309194893226,1.50034048830257));
#11772=CARTESIAN_POINT('Ctrl Pts',(6.76073925527463,-5.,1.45335371988096));
#11773=CARTESIAN_POINT('Ctrl Pts',(6.93502811389598,-5.,1.49082053400392));
#11774=CARTESIAN_POINT('Ctrl Pts',(7.10931697251733,-5.,1.52828734812688));
#11775=CARTESIAN_POINT('Ctrl Pts',(7.28360583113868,-5.,1.56575416224983));
#11776=CARTESIAN_POINT('Ctrl Pts',(6.76073925527466,-5.,-1.45335371988096));
#11777=CARTESIAN_POINT('Ctrl Pts',(6.935028113896,-5.,-1.49082053400391));
#11778=CARTESIAN_POINT('Ctrl Pts',(7.10931697251734,-5.,-1.52828734812687));
#11779=CARTESIAN_POINT('Ctrl Pts',(7.28360583113868,-5.,-1.56575416224982));
#11780=CARTESIAN_POINT('Ctrl Pts',(6.77379174720879,-4.93309194893226,-1.3926358826531));
#11781=CARTESIAN_POINT('Ctrl Pts',(6.94841709355586,-4.93309194893226,-1.42853741792531));
#11782=CARTESIAN_POINT('Ctrl Pts',(7.12304243907984,-4.93309194893226,-1.46443895303034));
#11783=CARTESIAN_POINT('Ctrl Pts',(7.29766778542691,-4.93309194893226,-1.50034048830256));
#11784=CARTESIAN_POINT('Ctrl Pts',(6.78602623408402,-4.86618389786452,-1.33174219972573));
#11785=CARTESIAN_POINT('Ctrl Pts',(6.96096698007518,-4.86618389786452,-1.36607392286619));
#11786=CARTESIAN_POINT('Ctrl Pts',(7.13590772524255,-4.86618389786452,-1.40040564584297));
#11787=CARTESIAN_POINT('Ctrl Pts',(7.3108484712337,-4.86618389786452,-1.43473736898343));
#11788=CARTESIAN_POINT('Ctrl Pts',(6.79743827577532,-4.79927584679679,-1.27069477055991));
#11789=CARTESIAN_POINT('Ctrl Pts',(6.97267321886376,-4.79927584679679,-1.3034527180054));
#11790=CARTESIAN_POINT('Ctrl Pts',(7.14790816195221,-4.79927584679679,-1.3362106654509));
#11791=CARTESIAN_POINT('Ctrl Pts',(7.32314310504065,-4.79927584679679,-1.36896861289639));
#11792=CARTESIAN_POINT('Origin',(7.45,-1.,0.));
#11793=CARTESIAN_POINT('',(0.,0.,0.));
#11794=CARTESIAN_POINT('Origin',(24.9999995936047,-9.,-43.3012701892219));
#11795=CARTESIAN_POINT('',(23.9999995936047,-7.5,-43.3012701892219));
#11796=CARTESIAN_POINT('Origin',(24.9999995936047,-7.5,-43.3012701892219));
#11797=CARTESIAN_POINT('',(23.9999995936047,-6.,-43.3012701892219));
#11798=CARTESIAN_POINT('',(23.9999995936047,-9.,-43.3012701892219));
#11799=CARTESIAN_POINT('Origin',(24.9999995936047,-6.,-43.3012701892219));
#11800=CARTESIAN_POINT('Origin',(24.9999995936047,-9.,-43.3012701892219));
#11801=CARTESIAN_POINT('',(22.2999995936047,-9.,-43.3012701892219));
#11802=CARTESIAN_POINT('Origin',(24.9999995936047,-9.,-43.3012701892219));
#11803=CARTESIAN_POINT('',(22.2999995936047,-7.5,-43.3012701892219));
#11804=CARTESIAN_POINT('',(22.2999995936047,-9.,-43.3012701892219));
#11805=CARTESIAN_POINT('Origin',(24.9999995936047,-7.5,-43.3012701892219));
#11806=CARTESIAN_POINT('Origin',(24.9999995936047,-7.5,-43.3012701892219));
#11807=CARTESIAN_POINT('Origin',(-6.56858655152258E-47,-9.,3.48956160549637E-46));
#11808=CARTESIAN_POINT('',(5.16691628927589,-9.,8.56171571938797));
#11809=CARTESIAN_POINT('',(-3.21505177152045,-9.,-9.46907821084227));
#11810=CARTESIAN_POINT('Origin',(0.,-9.,0.));
#11811=CARTESIAN_POINT('',(17.0722731055948,-9.,-42.2283553404894));
#11812=CARTESIAN_POINT('Origin',(-12.9579390302556,-9.,-38.1641562402552));
#11813=CARTESIAN_POINT('',(32.990277700549,-9.,-43.695557207794));
#11814=CARTESIAN_POINT('Origin',(25.,-9.,-43.3012701892219));
#11815=CARTESIAN_POINT('Origin',(-24.653254160443,-9.,-40.8510883208275));
#11816=CARTESIAN_POINT('',(-2.7,-9.,-3.30654635769785E-16));
#11817=CARTESIAN_POINT('Origin',(-2.18952885050753E-47,-9.,1.16318720183212E-46));
#11818=CARTESIAN_POINT('Origin',(10.,-6.,0.));
#11819=CARTESIAN_POINT('',(22.1186781864635,-6.,-41.1136922260463));
#11820=CARTESIAN_POINT('',(4.19725619571332,-6.,-9.07651036618954));
#11821=CARTESIAN_POINT('Origin',(-17.8591311316575,-6.,-42.4458942092435));
#11822=CARTESIAN_POINT('',(9.7825077995549,-6.,-2.07425677090545));
#11823=CARTESIAN_POINT('Origin',(0.,-6.,0.));
#11824=CARTESIAN_POINT('',(27.4285945711841,-6.,-40.6199576690006));
#11825=CARTESIAN_POINT('Origin',(-60.9250067537475,-6.,-57.7559178964011));
#11826=CARTESIAN_POINT('Origin',(24.9999995936047,-6.,-43.3012701892219));
#11827=CARTESIAN_POINT('',(-3.9,-6.,-4.77612251667468E-16));
#11828=CARTESIAN_POINT('Origin',(0.,-6.,0.));
#11829=CARTESIAN_POINT('Origin',(24.9999995836472,-6.19601523765685,-43.3012701892219));
#11830=CARTESIAN_POINT('',(27.4285945928351,-8.,-40.6199577806338));
#11831=CARTESIAN_POINT('',(27.428594573306,-6.19601536102805,-40.6199576799412));
#11832=CARTESIAN_POINT('',(22.1186781821916,-8.,-41.1136920978542));
#11833=CARTESIAN_POINT('Origin',(24.9999994920059,-8.,-43.3012701892219));
#11834=CARTESIAN_POINT('',(22.1186781860448,-6.19601509128742,-41.1136922134827));
#11835=CARTESIAN_POINT('Origin',(-17.8591311316575,-9.,-42.4458942092435));
#11836=CARTESIAN_POINT('',(4.19725619571332,-8.,-9.07651036618954));
#11837=CARTESIAN_POINT('Origin',(-17.8591311316575,-8.,-42.4458942092435));
#11838=CARTESIAN_POINT('',(4.19725619571332,-9.,-9.07651036618955));
#11839=CARTESIAN_POINT('Origin',(14.9226823108076,-8.,-21.3697772344453));
#11840=CARTESIAN_POINT('',(9.7825077995549,-8.,-2.07425677090545));
#11841=CARTESIAN_POINT('Origin',(-60.9250067537475,-8.,-57.7559178964011));
#11842=CARTESIAN_POINT('',(5.16691628927589,-8.,8.56171571938797));
#11843=CARTESIAN_POINT('Origin',(0.,-8.,0.));
#11844=CARTESIAN_POINT('',(32.990277700549,-8.,-43.695557207794));
#11845=CARTESIAN_POINT('Origin',(-24.653254160443,-8.,-40.8510883208275));
#11846=CARTESIAN_POINT('',(17.0722731055948,-8.,-42.2283553404894));
#11847=CARTESIAN_POINT('Origin',(25.,-8.,-43.3012701892219));
#11848=CARTESIAN_POINT('',(-3.21505177152045,-8.,-9.46907821084227));
#11849=CARTESIAN_POINT('Origin',(-12.9579390302556,-8.,-38.1641562402552));
#11850=CARTESIAN_POINT('Origin',(0.,-8.,0.));
#11851=CARTESIAN_POINT('Origin',(-12.9579390302556,-9.,-38.1641562402552));
#11852=CARTESIAN_POINT('',(-3.21505177152045,-9.,-9.46907821084227));
#11853=CARTESIAN_POINT('',(17.0722731055948,-9.,-42.2283553404894));
#11854=CARTESIAN_POINT('Origin',(25.,-9.,-43.3012701892219));
#11855=CARTESIAN_POINT('',(32.990277700549,-9.,-43.695557207794));
#11856=CARTESIAN_POINT('Origin',(-24.653254160443,-9.,-40.8510883208275));
#11857=CARTESIAN_POINT('',(5.1669162892759,-9.,8.56171571938797));
#11858=CARTESIAN_POINT('Origin',(0.,-7.5,0.));
#11859=CARTESIAN_POINT('',(9.78250779955486,-9.,-2.07425677090543));
#11860=CARTESIAN_POINT('Origin',(-60.9250067537475,-9.,-57.7559178964011));
#11861=CARTESIAN_POINT('Origin',(-2.18952885050753E-47,-3.,1.16318720183212E-46));
#11862=CARTESIAN_POINT('',(-2.7,-3.6,-3.30654635769785E-16));
#11863=CARTESIAN_POINT('',(-2.7,-3.,-3.30654635769785E-16));
#11864=CARTESIAN_POINT('Origin',(-2.18952885050753E-47,-3.6,1.16318720183212E-46));
#11865=CARTESIAN_POINT('Origin',(0.,-1.6,0.));
#11866=CARTESIAN_POINT('',(-3.9,-1.6,-4.77612251667468E-16));
#11867=CARTESIAN_POINT('Origin',(0.,-1.6,0.));
#11868=CARTESIAN_POINT('',(-1.,-1.6,1.22464679914735E-16));
#11869=CARTESIAN_POINT('Origin',(1.97057596545677E-46,-1.6,-1.04686848164891E-45));
#11870=CARTESIAN_POINT('Origin',(0.,-6.,0.));
#11871=CARTESIAN_POINT('',(-3.9,-6.,4.77612251667468E-16));
#11872=CARTESIAN_POINT('Origin',(-1.79884035375674E-62,-3.6,1.43907228300539E-61));
#11873=CARTESIAN_POINT('',(-1.,-3.6,1.22464679914735E-16));
#11874=CARTESIAN_POINT('Origin',(1.97057596545677E-46,-3.6,-1.04686848164891E-45));
#11875=CARTESIAN_POINT('Origin',(1.97057596545677E-46,-1.6,-1.04686848164891E-45));
#11876=CARTESIAN_POINT('',(-1.,-1.6,-1.22464679914735E-16));
#11877=CARTESIAN_POINT('',(0.,0.,0.));
#11878=CARTESIAN_POINT('',(0.,0.,0.));
#11879=CARTESIAN_POINT('',(0.,0.,0.));
#11880=CARTESIAN_POINT('',(0.,0.,0.));
#11881=CARTESIAN_POINT('',(0.,0.,0.));
#11882=CARTESIAN_POINT('Origin',(-10.9,-5.,14.4));
#11883=CARTESIAN_POINT('',(-13.6,-5.,14.4));
#11884=CARTESIAN_POINT('Origin',(-10.9,-5.,14.4));
#11885=CARTESIAN_POINT('',(-13.6,-3.,14.4));
#11886=CARTESIAN_POINT('',(-13.6,-5.,14.4));
#11887=CARTESIAN_POINT('Origin',(-10.9,-3.,14.4));
#11888=CARTESIAN_POINT('Origin',(-10.9,-3.,14.4));
#11889=CARTESIAN_POINT('',(-11.9,-3.,14.4));
#11890=CARTESIAN_POINT('Origin',(-10.9,-3.,14.4));
#11891=CARTESIAN_POINT('Origin',(-9.15665459352886,-4.,9.7137705141835));
#11892=CARTESIAN_POINT('',(-20.2462976015306,-2.,5.58826230851009));
#11893=CARTESIAN_POINT('',(-9.15665459352886,-2.,9.7137705141835));
#11894=CARTESIAN_POINT('',(-12.1353568799284,-2.,8.60565001689313));
#11895=CARTESIAN_POINT('',(-9.15665459352886,-4.,9.7137705141835));
#11896=CARTESIAN_POINT('',(-9.15665459352886,5.55111512312578E-16,9.7137705141835));
#11897=CARTESIAN_POINT('',(-20.2462976015306,-4.,5.58826230851009));
#11898=CARTESIAN_POINT('',(-17.6801783839293,-4.,6.54289591405642));
#11899=CARTESIAN_POINT('',(-20.2462976015306,-4.,5.58826230851009));
#11900=CARTESIAN_POINT('Origin',(-21.2923048454133,-4.,8.39999999999999));
#11901=CARTESIAN_POINT('',(-22.4423048454133,-2.,8.39999999999999));
#11902=CARTESIAN_POINT('Origin',(-21.2923048454133,-2.,8.39999999999999));
#11903=CARTESIAN_POINT('',(-22.4423048454133,-4.,8.39999999999999));
#11904=CARTESIAN_POINT('',(-22.4423048454133,-4.,8.39999999999999));
#11905=CARTESIAN_POINT('Origin',(-21.2923048454133,-4.,8.39999999999999));
#11906=CARTESIAN_POINT('Origin',(-23.2043374930804,-4.,10.7117376914899));
#11907=CARTESIAN_POINT('',(-14.0867210794452,-2.,18.2528961524832));
#11908=CARTESIAN_POINT('',(-23.2043374930804,-2.,10.7117376914899));
#11909=CARTESIAN_POINT('',(-21.0067618724423,-2.,12.5293471667541));
#11910=CARTESIAN_POINT('',(-23.2043374930804,-4.,10.7117376914899));
#11911=CARTESIAN_POINT('',(-23.2043374930804,-4.,10.7117376914899));
#11912=CARTESIAN_POINT('',(-14.0867210794452,-4.,18.2528961524832));
#11913=CARTESIAN_POINT('',(-16.4479536656247,-4.,16.2999263972507));
#11914=CARTESIAN_POINT('',(-14.0867210794452,5.55111512312578E-16,18.2528961524832));
#11915=CARTESIAN_POINT('Origin',(-21.2923048454133,-4.,8.39999999999999));
#11916=CARTESIAN_POINT('Origin',(-21.2923048454133,-2.,8.39999999999999));
#11917=CARTESIAN_POINT('Origin',(-21.2923048454133,-4.,8.39999999999999));
#11918=CARTESIAN_POINT('Origin',(-16.7244797194711,-4.,11.8264480762416));
#11919=CARTESIAN_POINT('',(-15.9,-4.,14.4));
#11920=CARTESIAN_POINT('Origin',(-10.9,-4.,14.4));
#11921=CARTESIAN_POINT('Origin',(-10.9,-4.,14.4));
#11922=CARTESIAN_POINT('Origin',(-16.7244797194711,-2.,11.8264480762416));
#11923=CARTESIAN_POINT('',(-15.9,-2.,14.4));
#11924=CARTESIAN_POINT('Origin',(-10.9,-2.,14.4));
#11925=CARTESIAN_POINT('Origin',(-10.9,-2.,14.4));
#11926=CARTESIAN_POINT('Origin',(-10.9,7.77156307679907E-16,14.4));
#11927=CARTESIAN_POINT('',(-15.9,3.,14.4));
#11928=CARTESIAN_POINT('Origin',(-10.9,3.,14.4));
#11929=CARTESIAN_POINT('',(-15.9,7.77156307679907E-16,14.4));
#11930=CARTESIAN_POINT('',(-15.9,-5.,14.4));
#11931=CARTESIAN_POINT('',(-15.9,7.77156307679907E-16,14.4));
#11932=CARTESIAN_POINT('Origin',(-10.9,-5.,14.4));
#11933=CARTESIAN_POINT('Origin',(-10.9,7.77156307679907E-16,14.4));
#11934=CARTESIAN_POINT('',(-8.87745751406263,7.39764418221946E-16,15.8694631307312));
#11935=CARTESIAN_POINT('',(-8.80613466815733,6.80904979590383E-16,15.4668776743879));
#11936=CARTESIAN_POINT('Ctrl Pts',(-8.87745751406263,7.39764418221946E-16,
15.8694631307312));
#11937=CARTESIAN_POINT('Ctrl Pts',(-8.84160679883831,7.28211638958859E-16,
15.8201188544604));
#11938=CARTESIAN_POINT('Ctrl Pts',(-8.82121237332189,7.16308441184838E-16,
15.7627826204171));
#11939=CARTESIAN_POINT('Ctrl Pts',(-8.81625770065491,7.07684285667658E-16,
15.7120492872647));
#11940=CARTESIAN_POINT('Ctrl Pts',(-8.80356389353062,6.85589311064304E-16,
15.5820711456007));
#11941=CARTESIAN_POINT('Ctrl Pts',(-8.84100957999565,6.89166020500178E-16,
15.5353235427404));
#11942=CARTESIAN_POINT('Ctrl Pts',(-8.80613466815733,6.80904979590383E-16,
15.4668776743879));
#11943=CARTESIAN_POINT('',(-8.52235870926212,6.11578441370969E-16,15.1725424859374));
#11944=CARTESIAN_POINT('Ctrl Pts',(-8.80613466815734,6.80904979590385E-16,
15.4668776743879));
#11945=CARTESIAN_POINT('Ctrl Pts',(-8.79208709256979,6.77577441526631E-16,
15.4393077549629));
#11946=CARTESIAN_POINT('Ctrl Pts',(-8.77856130659936,6.76139418715275E-16,
15.4250567203469));
#11947=CARTESIAN_POINT('Ctrl Pts',(-8.75765520873461,6.7276245755775E-16,
15.4095042607875));
#11948=CARTESIAN_POINT('Ctrl Pts',(-8.70640070808574,6.6448332010421E-16,
15.371375024345));
#11949=CARTESIAN_POINT('Ctrl Pts',(-8.57004414080323,6.39395008278697E-16,
15.3193031535545));
#11950=CARTESIAN_POINT('Ctrl Pts',(-8.52235870926212,6.1157844137097E-16,
15.1725424859374));
#11951=CARTESIAN_POINT('',(-8.57893239960143,5.66402204790548E-16,14.7676209928445));
#11952=CARTESIAN_POINT('Ctrl Pts',(-8.52235870926212,6.11578441370968E-16,
15.1725424859374));
#11953=CARTESIAN_POINT('Ctrl Pts',(-8.50351087287697,6.00583844385484E-16,
15.1145348101834));
#11954=CARTESIAN_POINT('Ctrl Pts',(-8.50183249230635,5.90153263820867E-16,
15.0537025871015));
#11955=CARTESIAN_POINT('Ctrl Pts',(-8.51279778070568,5.83448085420628E-16,
15.0039212419579));
#11956=CARTESIAN_POINT('Ctrl Pts',(-8.54089070739499,5.66269505307008E-16,
14.8763820812277));
#11957=CARTESIAN_POINT('Ctrl Pts',(-8.59094947524482,5.72601776123798E-16,
14.8434938223899));
#11958=CARTESIAN_POINT('Ctrl Pts',(-8.57893239960143,5.66402204790548E-16,
14.7676209928445));
#11959=CARTESIAN_POINT('',(-8.4,4.99600361081323E-16,14.4));
#11960=CARTESIAN_POINT('Ctrl Pts',(-8.57893239960143,5.66402204790548E-16,
14.7676209928445));
#11961=CARTESIAN_POINT('Ctrl Pts',(-8.57409193493661,5.63905024372775E-16,
14.7370595017353));
#11962=CARTESIAN_POINT('Ctrl Pts',(-8.56563195993518,5.63021756590778E-16,
14.7193262646726));
#11963=CARTESIAN_POINT('Ctrl Pts',(-8.5505550536387,5.59905027989035E-16,
14.6980746571379));
#11964=CARTESIAN_POINT('Ctrl Pts',(-8.51359170885038,5.52263890500191E-16,
14.6459730866192));
#11965=CARTESIAN_POINT('Ctrl Pts',(-8.4,5.23281835439792E-16,14.5543132980033));
#11966=CARTESIAN_POINT('Ctrl Pts',(-8.4,4.99600361081323E-16,14.4));
#11967=CARTESIAN_POINT('',(-8.57893239960143,4.72529491349885E-16,14.0323790071554));
#11968=CARTESIAN_POINT('Ctrl Pts',(-8.4,4.99600361081323E-16,14.4));
#11969=CARTESIAN_POINT('Ctrl Pts',(-8.4,4.9024017413024E-16,14.3390071202289));
#11970=CARTESIAN_POINT('Ctrl Pts',(-8.41720195595944,4.82303228674807E-16,
14.2806335899467));
#11971=CARTESIAN_POINT('Ctrl Pts',(-8.44301384659683,4.78173376971068E-16,
14.2366771777216));
#11972=CARTESIAN_POINT('Ctrl Pts',(-8.50914357570037,4.67592750458945E-16,
14.1240614195953));
#11973=CARTESIAN_POINT('Ctrl Pts',(-8.56691532395805,4.7606073586954E-16,
14.1082518367008));
#11974=CARTESIAN_POINT('Ctrl Pts',(-8.57893239960143,4.72529491349884E-16,
14.0323790071554));
#11975=CARTESIAN_POINT('',(-8.52235870926212,4.14791372048922E-16,13.6274575140626));
#11976=CARTESIAN_POINT('Ctrl Pts',(-8.57893239960143,4.72529491349883E-16,
14.0323790071554));
#11977=CARTESIAN_POINT('Ctrl Pts',(-8.58377286426625,4.71107109996265E-16,
14.0018175160462));
#11978=CARTESIAN_POINT('Ctrl Pts',(-8.58120682153109,4.70865057648215E-16,
13.9823379293353));
#11979=CARTESIAN_POINT('Ctrl Pts',(-8.57343493943829,4.68313648713343E-16,
13.9574674292396));
#11980=CARTESIAN_POINT('Ctrl Pts',(-8.55438098023724,4.62058478965565E-16,
13.8964935893801));
#11981=CARTESIAN_POINT('Ctrl Pts',(-8.47467327772105,4.32019646149416E-16,
13.7742181816797));
#11982=CARTESIAN_POINT('Ctrl Pts',(-8.52235870926212,4.14791372048922E-16,
13.6274575140626));
#11983=CARTESIAN_POINT('',(-8.80613466815734,4.08475754509618E-16,13.3331223256121));
#11984=CARTESIAN_POINT('Ctrl Pts',(-8.52235870926212,4.1479137204892E-16,
13.6274575140626));
#11985=CARTESIAN_POINT('Ctrl Pts',(-8.54120654564724,4.0798183544728E-16,
13.5694498383088));
#11986=CARTESIAN_POINT('Ctrl Pts',(-8.57560499083419,4.03315448622187E-16,
13.5192490086828));
#11987=CARTESIAN_POINT('Ctrl Pts',(-8.61373683601206,4.02165182274044E-16,
13.4854202892671));
#11988=CARTESIAN_POINT('Ctrl Pts',(-8.71143012889246,3.99218214805898E-16,
13.3987515487896));
#11989=CARTESIAN_POINT('Ctrl Pts',(-8.77125975631902,4.08993009398463E-16,
13.4015681939645));
#11990=CARTESIAN_POINT('Ctrl Pts',(-8.80613466815734,4.08475754509617E-16,
13.3331223256121));
#11991=CARTESIAN_POINT('',(-8.87745751406264,3.65453169019226E-16,12.9305368692688));
#11992=CARTESIAN_POINT('Ctrl Pts',(-8.80613466815734,4.08475754509618E-16,
13.3331223256121));
#11993=CARTESIAN_POINT('Ctrl Pts',(-8.82018224374485,4.08267404817355E-16,
13.3055524061871));
#11994=CARTESIAN_POINT('Ctrl Pts',(-8.82376131541758,4.08690261673547E-16,
13.2862332674975));
#11995=CARTESIAN_POINT('Ctrl Pts',(-8.82405522349756,4.06953922088826E-16,
13.2601783726732));
#11996=CARTESIAN_POINT('Ctrl Pts',(-8.82477578416714,4.02697019679404E-16,
13.1963008077482));
#11997=CARTESIAN_POINT('Ctrl Pts',(-8.78675443326349,3.74541819356354E-16,
13.0553789498118));
#11998=CARTESIAN_POINT('Ctrl Pts',(-8.87745751406264,3.65453169019225E-16,
12.9305368692688));
#11999=CARTESIAN_POINT('',(-9.23829906421162,3.80511020320298E-16,12.7382990642116));
#12000=CARTESIAN_POINT('Ctrl Pts',(-8.87745751406264,3.65453169019226E-16,
12.9305368692688));
#12001=CARTESIAN_POINT('Ctrl Pts',(-8.91330822928697,3.61860847654404E-16,
12.8811925929981));
#12002=CARTESIAN_POINT('Ctrl Pts',(-8.96153600421871,3.60921797914707E-16,
12.8440784710017));
#12003=CARTESIAN_POINT('Ctrl Pts',(-9.00825519325095,3.62863713006721E-16,
12.8236888351503));
#12004=CARTESIAN_POINT('Ctrl Pts',(-9.12794914973166,3.67838874291143E-16,
12.7714508524968));
#12005=CARTESIAN_POINT('Ctrl Pts',(-9.18398011553695,3.77963653065901E-16,
12.7926180128863));
#12006=CARTESIAN_POINT('Ctrl Pts',(-9.23829906421162,3.80511020320298E-16,
12.7382990642116));
#12007=CARTESIAN_POINT('',(-9.43053686926882,1.18632901636157E-16,12.3774575140626));
#12008=CARTESIAN_POINT('Ctrl Pts',(-9.23829906421162,1.85670907667312E-16,
12.7382990642116));
#12009=CARTESIAN_POINT('Ctrl Pts',(-9.26017867614819,1.8274107310516E-16,
12.716419452275));
#12010=CARTESIAN_POINT('Ctrl Pts',(-9.2695525177566,1.7955243648611E-16,
12.699151853506));
#12011=CARTESIAN_POINT('Ctrl Pts',(-9.27788344623864,1.74430329801565E-16,
12.6744629985933));
#12012=CARTESIAN_POINT('Ctrl Pts',(-9.29830799327992,1.61872700822462E-16,
12.6139344897186));
#12013=CARTESIAN_POINT('Ctrl Pts',(-9.30569478872602,1.26988493679373E-16,
12.4681605948616));
#12014=CARTESIAN_POINT('Ctrl Pts',(-9.43053686926882,1.18632901636157E-16,
12.3774575140626));
#12015=CARTESIAN_POINT('',(-9.83312232561208,1.45859807036133E-16,12.3061346681573));
#12016=CARTESIAN_POINT('Ctrl Pts',(-9.43053686926882,1.18632901636157E-16,
12.3774575140626));
#12017=CARTESIAN_POINT('Ctrl Pts',(-9.47988114553947,1.15330324168748E-16,
12.3416067988384));
#12018=CARTESIAN_POINT('Ctrl Pts',(-9.53721737958272,1.16700731387142E-16,
12.3212123733219));
#12019=CARTESIAN_POINT('Ctrl Pts',(-9.58795071273503,1.21119718056672E-16,
12.3162577006549));
#12020=CARTESIAN_POINT('Ctrl Pts',(-9.71792885439924,1.32441104601887E-16,
12.3035638935305));
#12021=CARTESIAN_POINT('Ctrl Pts',(-9.7646764572596,1.46802679145826E-16,
12.3410095799957));
#12022=CARTESIAN_POINT('Ctrl Pts',(-9.83312232561208,1.45859807036134E-16,
12.3061346681573));
#12023=CARTESIAN_POINT('',(-10.1274575140626,1.09032513470633E-16,12.0223587092621));
#12024=CARTESIAN_POINT('Ctrl Pts',(-9.83312232561208,1.45859807036134E-16,
12.3061346681573));
#12025=CARTESIAN_POINT('Ctrl Pts',(-9.86069224503702,1.4548001920207E-16,
12.2920870925698));
#12026=CARTESIAN_POINT('Ctrl Pts',(-9.87494327965301,1.43749339635434E-16,
12.2785613065995));
#12027=CARTESIAN_POINT('Ctrl Pts',(-9.89049573921237,1.40355492238556E-16,
12.2576552087347));
#12028=CARTESIAN_POINT('Ctrl Pts',(-9.92862497565503,1.3203495558312E-16,
12.2064007080857));
#12029=CARTESIAN_POINT('Ctrl Pts',(-9.98069684644535,1.04418368332388E-16,
12.0700441408032));
#12030=CARTESIAN_POINT('Ctrl Pts',(-10.1274575140626,1.09032513470633E-16,
12.0223587092621));
#12031=CARTESIAN_POINT('',(-10.5323790071555,1.67844387747506E-16,12.0789323996014));
#12032=CARTESIAN_POINT('Ctrl Pts',(-10.1274575140626,1.09032513470633E-16,
12.0223587092621));
#12033=CARTESIAN_POINT('Ctrl Pts',(-10.1854651898167,1.10856270744341E-16,
12.0035108728769));
#12034=CARTESIAN_POINT('Ctrl Pts',(-10.2462974128986,1.17198919547504E-16,
12.0018324923063));
#12035=CARTESIAN_POINT('Ctrl Pts',(-10.2960787580422,1.25411480137923E-16,
12.0127977807057));
#12036=CARTESIAN_POINT('Ctrl Pts',(-10.4236179187723,1.46451953876148E-16,
12.040890707395));
#12037=CARTESIAN_POINT('Ctrl Pts',(-10.4565061776101,1.62364146222571E-16,
12.0909494752448));
#12038=CARTESIAN_POINT('Ctrl Pts',(-10.5323790071555,1.67844387747506E-16,
12.0789323996014));
#12039=CARTESIAN_POINT('',(-10.9,1.64832718732694E-16,11.9));
#12040=CARTESIAN_POINT('Ctrl Pts',(-10.5323790071555,1.67844387747506E-16,
12.0789323996014));
#12041=CARTESIAN_POINT('Ctrl Pts',(-10.5629404982646,1.7005182292086E-16,
12.0740919349366));
#12042=CARTESIAN_POINT('Ctrl Pts',(-10.5806737353272,1.69948511380934E-16,
12.0656319599353));
#12043=CARTESIAN_POINT('Ctrl Pts',(-10.6019253428619,1.68615136701264E-16,
12.0505550536389));
#12044=CARTESIAN_POINT('Ctrl Pts',(-10.6540269133807,1.65346164469981E-16,
12.0135917088505));
#12045=CARTESIAN_POINT('Ctrl Pts',(-10.7456867019965,1.47700501087759E-16,
11.9));
#12046=CARTESIAN_POINT('Ctrl Pts',(-10.9,1.64832718732694E-16,11.9));
#12047=CARTESIAN_POINT('',(-11.2676209928446,2.49472645865821E-16,12.0789323996014));
#12048=CARTESIAN_POINT('Ctrl Pts',(-10.9,1.64832718732694E-16,11.9));
#12049=CARTESIAN_POINT('Ctrl Pts',(-10.9609928797712,1.71604288678715E-16,
11.9));
#12050=CARTESIAN_POINT('Ctrl Pts',(-11.0193664100534,1.82298316409959E-16,
11.9172019559595));
#12051=CARTESIAN_POINT('Ctrl Pts',(-11.0633228222786,1.93500548270384E-16,
11.943013846597));
#12052=CARTESIAN_POINT('Ctrl Pts',(-11.175938580405,2.22200521034482E-16,
12.0091435757006));
#12053=CARTESIAN_POINT('Ctrl Pts',(-11.1917481632992,2.38105734929808E-16,
12.066915323958));
#12054=CARTESIAN_POINT('Ctrl Pts',(-11.2676209928446,2.49472645865821E-16,
12.0789323996014));
#12055=CARTESIAN_POINT('',(-11.6725424859374,2.80571404548398E-16,12.0223587092621));
#12056=CARTESIAN_POINT('Ctrl Pts',(-11.2676209928446,2.49472645865822E-16,
12.0789323996014));
#12057=CARTESIAN_POINT('Ctrl Pts',(-11.2981824839537,2.54051224911719E-16,
12.0837728642662));
#12058=CARTESIAN_POINT('Ctrl Pts',(-11.3176620706646,2.55585394251848E-16,
12.0812068215311));
#12059=CARTESIAN_POINT('Ctrl Pts',(-11.3425325707602,2.56443012293199E-16,
12.0734349394383));
#12060=CARTESIAN_POINT('Ctrl Pts',(-11.4035064106198,2.58545594264325E-16,
12.0543809802373));
#12061=CARTESIAN_POINT('Ctrl Pts',(-11.5257818183201,2.52598135227028E-16,
11.974673277721));
#12062=CARTESIAN_POINT('Ctrl Pts',(-11.6725424859374,2.80571404548399E-16,
12.0223587092621));
#12063=CARTESIAN_POINT('',(-11.9668776743879,3.82754238748941E-16,12.3061346681573));
#12064=CARTESIAN_POINT('Ctrl Pts',(-11.6725424859374,2.805714045484E-16,
12.0223587092621));
#12065=CARTESIAN_POINT('Ctrl Pts',(-11.7305501616913,2.91627938720097E-16,
12.0412065456473));
#12066=CARTESIAN_POINT('Ctrl Pts',(-11.7807509913173,3.05626539435369E-16,
12.0756049908343));
#12067=CARTESIAN_POINT('Ctrl Pts',(-11.8145797107331,3.18721890060751E-16,
12.1137368360123));
#12068=CARTESIAN_POINT('Ctrl Pts',(-11.9012484512105,3.52272008552164E-16,
12.2114301288927));
#12069=CARTESIAN_POINT('Ctrl Pts',(-11.8984318060355,3.66613330842187E-16,
12.271259756319));
#12070=CARTESIAN_POINT('Ctrl Pts',(-11.9668776743879,3.82754238748941E-16,
12.3061346681573));
#12071=CARTESIAN_POINT('',(-12.3694631307312,4.44919261951263E-16,12.3774575140626));
#12072=CARTESIAN_POINT('Ctrl Pts',(-11.9668776743879,3.8275423874894E-16,
12.3061346681573));
#12073=CARTESIAN_POINT('Ctrl Pts',(-11.994447593813,3.89255778449553E-16,
12.3201822437449));
#12074=CARTESIAN_POINT('Ctrl Pts',(-12.0137667325026,3.92277253485548E-16,
12.3237613154176));
#12075=CARTESIAN_POINT('Ctrl Pts',(-12.0398216273271,3.95241914618655E-16,
12.3240552234976));
#12076=CARTESIAN_POINT('Ctrl Pts',(-12.1036991922523,4.02510235419275E-16,
12.324775784167));
#12077=CARTESIAN_POINT('Ctrl Pts',(-12.2446210501884,4.08843159455925E-16,
12.2867544332637));
#12078=CARTESIAN_POINT('Ctrl Pts',(-12.3694631307312,4.44919261951263E-16,
12.3774575140626));
#12079=CARTESIAN_POINT('',(-12.5617009357884,5.54642635458002E-16,12.7382990642116));
#12080=CARTESIAN_POINT('Ctrl Pts',(-12.3694631307312,4.44919261951262E-16,
12.3774575140626));
#12081=CARTESIAN_POINT('Ctrl Pts',(-12.4188074070019,4.59178469748518E-16,
12.4133082292869));
#12082=CARTESIAN_POINT('Ctrl Pts',(-12.4559215289982,4.75111362875838E-16,
12.4615360042186));
#12083=CARTESIAN_POINT('Ctrl Pts',(-12.4763111648496,4.88817968106297E-16,
12.5082551932509));
#12084=CARTESIAN_POINT('Ctrl Pts',(-12.5285491475033,5.23934112969636E-16,
12.6279491497317));
#12085=CARTESIAN_POINT('Ctrl Pts',(-12.5073819871137,5.35307715106739E-16,
12.6839801155369));
#12086=CARTESIAN_POINT('Ctrl Pts',(-12.5617009357884,5.54642635458001E-16,
12.7382990642116));
#12087=CARTESIAN_POINT('',(-12.9225424859374,6.41788777579843E-16,12.9305368692688));
#12088=CARTESIAN_POINT('Ctrl Pts',(-12.5617009357884,5.54642635458001E-16,
12.7382990642116));
#12089=CARTESIAN_POINT('Ctrl Pts',(-12.5835805477248,5.62430719808482E-16,
12.7601786761481));
#12090=CARTESIAN_POINT('Ctrl Pts',(-12.6008481464937,5.66643737511947E-16,
12.7695525177565));
#12091=CARTESIAN_POINT('Ctrl Pts',(-12.6255370014063,5.7142524004907E-16,
12.7778834462385));
#12092=CARTESIAN_POINT('Ctrl Pts',(-12.6860655102811,5.83147825797908E-16,
12.7983079932799));
#12093=CARTESIAN_POINT('Ctrl Pts',(-12.8318394051382,6.01141222179605E-16,
12.8056947887257));
#12094=CARTESIAN_POINT('Ctrl Pts',(-12.9225424859374,6.41788777579843E-16,
12.9305368692688));
#12095=CARTESIAN_POINT('',(-12.9938653318427,7.48312202106241E-16,13.3331223256121));
#12096=CARTESIAN_POINT('Ctrl Pts',(-12.9225424859374,6.41788777579841E-16,
12.9305368692688));
#12097=CARTESIAN_POINT('Ctrl Pts',(-12.9583932011618,6.5785486839375E-16,
12.9798811455396));
#12098=CARTESIAN_POINT('Ctrl Pts',(-12.9787876266782,6.74162431342855E-16,
13.0372173795831));
#12099=CARTESIAN_POINT('Ctrl Pts',(-12.9837422993451,6.87138593158925E-16,
13.0879507127355));
#12100=CARTESIAN_POINT('Ctrl Pts',(-12.9964361064693,7.20383351466363E-16,
13.2179288543995));
#12101=CARTESIAN_POINT('Ctrl Pts',(-12.9589904200044,7.27675906028785E-16,
13.2646764572597));
#12102=CARTESIAN_POINT('Ctrl Pts',(-12.9938653318427,7.48312202106241E-16,
13.3331223256121));
#12103=CARTESIAN_POINT('',(-13.2776412907379,8.5190899157384E-16,13.6274575140626));
#12104=CARTESIAN_POINT('Ctrl Pts',(-12.9938653318427,7.48312202106242E-16,
13.3331223256121));
#12105=CARTESIAN_POINT('Ctrl Pts',(-13.0079129074302,7.56624479147629E-16,
13.3606922450369));
#12106=CARTESIAN_POINT('Ctrl Pts',(-13.0214386934005,7.61616639991939E-16,
13.3749432796529));
#12107=CARTESIAN_POINT('Ctrl Pts',(-13.0423447912651,7.67746937150083E-16,
13.3904957392123));
#12108=CARTESIAN_POINT('Ctrl Pts',(-13.093599291914,7.82776299477966E-16,
13.4286249756549));
#12109=CARTESIAN_POINT('Ctrl Pts',(-13.2299558591967,8.10668849199568E-16,
13.4806968464452));
#12110=CARTESIAN_POINT('Ctrl Pts',(-13.2776412907379,8.51908991573839E-16,
13.6274575140626));
#12111=CARTESIAN_POINT('',(-13.2210676003986,9.44805212134912E-16,14.0323790071555));
#12112=CARTESIAN_POINT('Ctrl Pts',(-13.2776412907379,8.51908991573836E-16,
13.6274575140626));
#12113=CARTESIAN_POINT('Ctrl Pts',(-13.2964891271231,8.68209304496454E-16,
13.6854651898166));
#12114=CARTESIAN_POINT('Ctrl Pts',(-13.2981675076936,8.83295239384401E-16,
13.7462974128986));
#12115=CARTESIAN_POINT('Ctrl Pts',(-13.2872022192943,8.94270760657238E-16,
13.7960787580421));
#12116=CARTESIAN_POINT('Ctrl Pts',(-13.259109292605,9.22389903835786E-16,
13.9236179187722));
#12117=CARTESIAN_POINT('Ctrl Pts',(-13.2090505247552,9.24887564772831E-16,
13.9565061776101));
#12118=CARTESIAN_POINT('Ctrl Pts',(-13.2210676003986,9.44805212134913E-16,
14.0323790071555));
#12119=CARTESIAN_POINT('',(-13.4,1.0547118733939E-15,14.4));
#12120=CARTESIAN_POINT('Ctrl Pts',(-13.2210676003986,9.44805212134912E-16,
14.0323790071555));
#12121=CARTESIAN_POINT('Ctrl Pts',(-13.2259080650634,9.52828018275375E-16,
14.0629404982646));
#12122=CARTESIAN_POINT('Ctrl Pts',(-13.2343680400648,9.58110654774697E-16,
14.0806737353273));
#12123=CARTESIAN_POINT('Ctrl Pts',(-13.2494449463611,9.64989670355704E-16,
14.1019253428618));
#12124=CARTESIAN_POINT('Ctrl Pts',(-13.2864082911492,9.81854630562164E-16,
14.1540269133804));
#12125=CARTESIAN_POINT('Ctrl Pts',(-13.4,1.01691601651817E-15,14.2456867019964));
#12126=CARTESIAN_POINT('Ctrl Pts',(-13.4,1.0547118733939E-15,14.4));
#12127=CARTESIAN_POINT('',(-13.2210676003986,1.12488756067511E-15,14.7676209928445));
#12128=CARTESIAN_POINT('Ctrl Pts',(-13.4,1.0547118733939E-15,14.4));
#12129=CARTESIAN_POINT('Ctrl Pts',(-13.4,1.06965082022539E-15,14.4609928797711));
#12130=CARTESIAN_POINT('Ctrl Pts',(-13.3827980440406,1.08203841063543E-15,
14.5193664100532));
#12131=CARTESIAN_POINT('Ctrl Pts',(-13.3569861534033,1.08993893087192E-15,
14.5633228222782));
#12132=CARTESIAN_POINT('Ctrl Pts',(-13.2908564242997,1.11017996126975E-15,
14.6759385804048));
#12133=CARTESIAN_POINT('Ctrl Pts',(-13.233084676042,1.1076382401266E-15,
14.6917481632991));
#12134=CARTESIAN_POINT('Ctrl Pts',(-13.2210676003986,1.12488756067511E-15,
14.7676209928445));
#12135=CARTESIAN_POINT('',(-13.2776412907379,1.23034566395673E-15,15.1725424859374));
#12136=CARTESIAN_POINT('Ctrl Pts',(-13.2210676003986,1.12488756067511E-15,
14.7676209928445));
#12137=CARTESIAN_POINT('Ctrl Pts',(-13.2162271357338,1.13183556775144E-15,
14.7981824839537));
#12138=CARTESIAN_POINT('Ctrl Pts',(-13.2187931784689,1.13689157863888E-15,
14.8176620706646));
#12139=CARTESIAN_POINT('Ctrl Pts',(-13.2265650605617,1.14384594666881E-15,
14.8425325707603));
#12140=CARTESIAN_POINT('Ctrl Pts',(-13.2456190197627,1.16089564494386E-15,
14.9035064106199));
#12141=CARTESIAN_POINT('Ctrl Pts',(-13.325326722279,1.19969381438974E-15,
15.0257818183201));
#12142=CARTESIAN_POINT('Ctrl Pts',(-13.2776412907379,1.23034566395673E-15,
15.1725424859374));
#12143=CARTESIAN_POINT('',(-12.9938653318427,1.27093153274421E-15,15.4668776743879));
#12144=CARTESIAN_POINT('Ctrl Pts',(-13.2776412907379,1.23034566395673E-15,
15.1725424859374));
#12145=CARTESIAN_POINT('Ctrl Pts',(-13.2587934543527,1.24246091649548E-15,
15.2305501616913));
#12146=CARTESIAN_POINT('Ctrl Pts',(-13.2243950091658,1.25093757876887E-15,
15.2807509913171));
#12147=CARTESIAN_POINT('Ctrl Pts',(-13.1862631639878,1.25498974000214E-15,
15.314579710733));
#12148=CARTESIAN_POINT('Ctrl Pts',(-13.0885698711073,1.26537132453636E-15,
15.4012484512106));
#12149=CARTESIAN_POINT('Ctrl Pts',(-13.028740243681,1.25803902268767E-15,
15.3984318060355));
#12150=CARTESIAN_POINT('Ctrl Pts',(-12.9938653318427,1.27093153274421E-15,
15.4668776743879));
#12151=CARTESIAN_POINT('',(-12.9225424859374,1.36161810412944E-15,15.8694631307312));
#12152=CARTESIAN_POINT('Ctrl Pts',(-12.9938653318427,1.27093153274421E-15,
15.4668776743879));
#12153=CARTESIAN_POINT('Ctrl Pts',(-12.9798177562551,1.27612462141414E-15,
15.4944475938129));
#12154=CARTESIAN_POINT('Ctrl Pts',(-12.9762386845824,1.28045908911673E-15,
15.5137667325024));
#12155=CARTESIAN_POINT('Ctrl Pts',(-12.9759447765024,1.28680806759884E-15,
15.5398216273268));
#12156=CARTESIAN_POINT('Ctrl Pts',(-12.9752242158329,1.30237356068306E-15,
15.6036991922521));
#12157=CARTESIAN_POINT('Ctrl Pts',(-13.0132455667365,1.34111067847077E-15,
15.7446210501882));
#12158=CARTESIAN_POINT('Ctrl Pts',(-12.9225424859374,1.36161810412944E-15,
15.8694631307312));
#12159=CARTESIAN_POINT('',(-12.5617009357884,1.36864132680792E-15,16.0617009357884));
#12160=CARTESIAN_POINT('Ctrl Pts',(-12.9225424859374,1.36161810412944E-15,
15.8694631307312));
#12161=CARTESIAN_POINT('Ctrl Pts',(-12.886691770713,1.36972373704507E-15,
15.918807407002));
#12162=CARTESIAN_POINT('Ctrl Pts',(-12.838463995781,1.37345971641814E-15,
15.9559215289985));
#12163=CARTESIAN_POINT('Ctrl Pts',(-12.7917448067488,1.37326686487354E-15,
15.9763111648498));
#12164=CARTESIAN_POINT('Ctrl Pts',(-12.6720508502684,1.37277278171706E-15,
16.0285491475031));
#12165=CARTESIAN_POINT('Ctrl Pts',(-12.616019884463,1.36136763595508E-15,
16.0073819871137));
#12166=CARTESIAN_POINT('Ctrl Pts',(-12.5617009357884,1.36864132680792E-15,
16.0617009357884));
#12167=CARTESIAN_POINT('',(-12.3694631307312,1.19789691541097E-15,16.4225424859374));
#12168=CARTESIAN_POINT('Ctrl Pts',(-12.5617009357884,1.17380121415493E-15,
16.0617009357884));
#12169=CARTESIAN_POINT('Ctrl Pts',(-12.5398213238519,1.1727751374663E-15,
16.0835805477248));
#12170=CARTESIAN_POINT('Ctrl Pts',(-12.5304474822435,1.17172876358116E-15,
16.1008481464939));
#12171=CARTESIAN_POINT('Ctrl Pts',(-12.5221165537615,1.17248006879942E-15,
16.1255370014063));
#12172=CARTESIAN_POINT('Ctrl Pts',(-12.5016920067202,1.1743220086031E-15,
16.1860655102809));
#12173=CARTESIAN_POINT('Ctrl Pts',(-12.4943052112743,1.19783754925658E-15,
16.3318394051381));
#12174=CARTESIAN_POINT('Ctrl Pts',(-12.3694631307312,1.19789691541097E-15,
16.4225424859374));
#12175=CARTESIAN_POINT('',(-11.9668776743879,1.16293956266909E-15,16.4938653318427));
#12176=CARTESIAN_POINT('Ctrl Pts',(-12.3694631307312,1.19789691541097E-15,
16.4225424859374));
#12177=CARTESIAN_POINT('Ctrl Pts',(-12.3201188544605,1.1979203800946E-15,
16.4583932011617));
#12178=CARTESIAN_POINT('Ctrl Pts',(-12.2627826204171,1.19504017201763E-15,
16.4787876266781));
#12179=CARTESIAN_POINT('Ctrl Pts',(-12.2120492872648,1.1901961636648E-15,
16.4837422993451));
#12180=CARTESIAN_POINT('Ctrl Pts',(-12.0820711456008,1.17778587707835E-15,
16.4964361064694));
#12181=CARTESIAN_POINT('Ctrl Pts',(-12.0353235427404,1.16830219801132E-15,
16.4589904200044));
#12182=CARTESIAN_POINT('Ctrl Pts',(-11.9668776743879,1.16293956266909E-15,
16.4938653318427));
#12183=CARTESIAN_POINT('',(-11.6725424859374,1.16574972456721E-15,16.7776412907379));
#12184=CARTESIAN_POINT('Ctrl Pts',(-11.9668776743879,1.16293956266909E-15,
16.4938653318427));
#12185=CARTESIAN_POINT('Ctrl Pts',(-11.939307754963,1.16077949913494E-15,
16.5079129074302));
#12186=CARTESIAN_POINT('Ctrl Pts',(-11.9250567203469,1.15921203458723E-15,
16.5214386934007));
#12187=CARTESIAN_POINT('Ctrl Pts',(-11.9095042607876,1.15890476244963E-15,
16.5423447912653));
#12188=CARTESIAN_POINT('Ctrl Pts',(-11.8713750243452,1.15815143774611E-15,
16.593599291914));
#12189=CARTESIAN_POINT('Ctrl Pts',(-11.8193031535547,1.17472545376838E-15,
16.7299558591967));
#12190=CARTESIAN_POINT('Ctrl Pts',(-11.6725424859374,1.16574972456721E-15,
16.7776412907379));
#12191=CARTESIAN_POINT('',(-11.2676209928445,1.1143147396331E-15,16.7210676003986));
#12192=CARTESIAN_POINT('Ctrl Pts',(-11.6725424859374,1.16574972456721E-15,
16.7776412907379));
#12193=CARTESIAN_POINT('Ctrl Pts',(-11.6145348101834,1.16220203568292E-15,
16.796489127123));
#12194=CARTESIAN_POINT('Ctrl Pts',(-11.5537025871016,1.15578450462346E-15,
16.7981675076937));
#12195=CARTESIAN_POINT('Ctrl Pts',(-11.5039212419579,1.14851256829755E-15,
16.7872022192943));
#12196=CARTESIAN_POINT('Ctrl Pts',(-11.3763820812275,1.12988196172767E-15,
16.759109292605));
#12197=CARTESIAN_POINT('Ctrl Pts',(-11.3434938223899,1.12196771095219E-15,
16.7090505247552));
#12198=CARTESIAN_POINT('Ctrl Pts',(-11.2676209928445,1.1143147396331E-15,
16.7210676003986));
#12199=CARTESIAN_POINT('',(-10.9,1.09556428394717E-15,16.9));
#12200=CARTESIAN_POINT('Ctrl Pts',(-11.2676209928445,1.1143147396331E-15,
16.7210676003986));
#12201=CARTESIAN_POINT('Ctrl Pts',(-11.2370595017354,1.11123213132221E-15,
16.7259080650634));
#12202=CARTESIAN_POINT('Ctrl Pts',(-11.2193262646729,1.10929701046301E-15,
16.7343680400647));
#12203=CARTESIAN_POINT('Ctrl Pts',(-11.1980746571382,1.10796123890728E-15,
16.7494449463611));
#12204=CARTESIAN_POINT('Ctrl Pts',(-11.1459730866192,1.10468639036726E-15,
16.7864082911496));
#12205=CARTESIAN_POINT('Ctrl Pts',(-11.0543132980035,1.11269650159211E-15,
16.9));
#12206=CARTESIAN_POINT('Ctrl Pts',(-10.9,1.09556428394717E-15,16.9));
#12207=CARTESIAN_POINT('',(-10.5323790071555,1.03268648151478E-15,16.7210676003986));
#12208=CARTESIAN_POINT('Ctrl Pts',(-10.9,1.09556428394717E-15,16.9));
#12209=CARTESIAN_POINT('Ctrl Pts',(-10.8390071202288,1.08879271400115E-15,
16.9));
#12210=CARTESIAN_POINT('Ctrl Pts',(-10.7806335899466,1.07946605261285E-15,
16.8827980440405));
#12211=CARTESIAN_POINT('Ctrl Pts',(-10.7366771777215,1.07047801610803E-15,
16.8569861534031));
#12212=CARTESIAN_POINT('Ctrl Pts',(-10.6240614195951,1.04745078313291E-15,
16.7908564242995));
#12213=CARTESIAN_POINT('Ctrl Pts',(-10.6082518367008,1.04188066265664E-15,
16.733084676042));
#12214=CARTESIAN_POINT('Ctrl Pts',(-10.5323790071555,1.03268648151478E-15,
16.7210676003986));
#12215=CARTESIAN_POINT('',(-10.1274575140626,9.94210833489448E-16,16.7776412907379));
#12216=CARTESIAN_POINT('Ctrl Pts',(-10.5323790071555,1.03268648151478E-15,
16.7210676003986));
#12217=CARTESIAN_POINT('Ctrl Pts',(-10.5018175160463,1.02898307560641E-15,
16.7162271357338));
#12218=CARTESIAN_POINT('Ctrl Pts',(-10.4823379293354,1.02686972154824E-15,
16.7187931784689));
#12219=CARTESIAN_POINT('Ctrl Pts',(-10.4574674292396,1.02463620520108E-15,
16.7265650605617));
#12220=CARTESIAN_POINT('Ctrl Pts',(-10.3964935893801,1.01916039781679E-15,
16.7456190197627));
#12221=CARTESIAN_POINT('Ctrl Pts',(-10.2742181816798,1.01782251874787E-15,
16.825326722279));
#12222=CARTESIAN_POINT('Ctrl Pts',(-10.1274575140626,9.94210833489448E-16,
16.7776412907379));
#12223=CARTESIAN_POINT('',(-9.83312232561207,9.26045130956282E-16,16.4938653318427));
#12224=CARTESIAN_POINT('Ctrl Pts',(-10.1274575140626,9.94210833489449E-16,
16.7776412907379));
#12225=CARTESIAN_POINT('Ctrl Pts',(-10.0694498383087,9.84878230928327E-16,
16.7587934543527));
#12226=CARTESIAN_POINT('Ctrl Pts',(-10.0192490086826,9.73555397810559E-16,
16.7243950091657));
#12227=CARTESIAN_POINT('Ctrl Pts',(-9.98542028926691,9.6373107276325E-16,
16.6862631639877));
#12228=CARTESIAN_POINT('Ctrl Pts',(-9.89875154878962,9.38561279386623E-16,
16.5885698711074));
#12229=CARTESIAN_POINT('Ctrl Pts',(-9.90156819396445,9.35880531411106E-16,
16.5287402436809));
#12230=CARTESIAN_POINT('Ctrl Pts',(-9.83312232561207,9.26045130956283E-16,
16.4938653318427));
#12231=CARTESIAN_POINT('',(-9.43053686926881,8.71610555095862E-16,16.4225424859374));
#12232=CARTESIAN_POINT('Ctrl Pts',(-9.83312232561207,9.26045130956283E-16,
16.4938653318427));
#12233=CARTESIAN_POINT('Ctrl Pts',(-9.80555240618706,9.22083442623889E-16,
16.4798177562551));
#12234=CARTESIAN_POINT('Ctrl Pts',(-9.78623326749756,9.19998725186563E-16,
16.4762386845824));
#12235=CARTESIAN_POINT('Ctrl Pts',(-9.76017837267303,9.1708609618987E-16,
16.4759447765024));
#12236=CARTESIAN_POINT('Ctrl Pts',(-9.69630080774772,9.09945340140288E-16,
16.4752242158329));
#12237=CARTESIAN_POINT('Ctrl Pts',(-9.55537894981167,8.99390431702402E-16,
16.5132455667364));
#12238=CARTESIAN_POINT('Ctrl Pts',(-9.43053686926881,8.71610555095862E-16,
16.4225424859374));
#12239=CARTESIAN_POINT('',(-9.23829906421161,8.04829486364239E-16,16.0617009357884));
#12240=CARTESIAN_POINT('Ctrl Pts',(-9.43053686926881,8.71610555095862E-16,
16.4225424859374));
#12241=CARTESIAN_POINT('Ctrl Pts',(-9.38119259299815,8.60630460082404E-16,
16.3866917707131));
#12242=CARTESIAN_POINT('Ctrl Pts',(-9.34407847100179,8.48419813031554E-16,
16.3384639957814));
#12243=CARTESIAN_POINT('Ctrl Pts',(-9.32368883515039,8.38720872827487E-16,
16.2917448067492));
#12244=CARTESIAN_POINT('Ctrl Pts',(-9.27145085249675,8.13872313793306E-16,
16.1720508502684));
#12245=CARTESIAN_POINT('Ctrl Pts',(-9.29261801288628,8.14343348608249E-16,
16.116019884463));
#12246=CARTESIAN_POINT('Ctrl Pts',(-9.23829906421162,8.04829486364242E-16,
16.0617009357884));
#12247=CARTESIAN_POINT('Ctrl Pts',(-9.23829906421161,8.04829486364239E-16,
16.0617009357884));
#12248=CARTESIAN_POINT('Ctrl Pts',(-9.21641945227511,8.00997313264516E-16,
16.0398213238519));
#12249=CARTESIAN_POINT('Ctrl Pts',(-9.19915185350621,7.99145299115872E-16,
16.0304474822435));
#12250=CARTESIAN_POINT('Ctrl Pts',(-9.17446299859355,7.95838665889334E-16,
16.0221165537614));
#12251=CARTESIAN_POINT('Ctrl Pts',(-9.11393448971869,7.87731948129182E-16,
16.0016920067201));
#12252=CARTESIAN_POINT('Ctrl Pts',(-8.96816059486176,7.68993198300591E-16,
15.9943052112741));
#12253=CARTESIAN_POINT('Ctrl Pts',(-8.87745751406263,7.39764418221947E-16,
15.8694631307312));
#12254=CARTESIAN_POINT('',(-11.9,8.88178610142423E-16,14.4));
#12255=CARTESIAN_POINT('Origin',(-10.9,7.77156307679907E-16,14.4));
#12256=CARTESIAN_POINT('Origin',(-10.9,7.77156307679907E-16,14.4));
#12257=CARTESIAN_POINT('',(-11.9,7.77156307679907E-16,14.4));
#12258=CARTESIAN_POINT('Origin',(-10.9,-5.,14.4));
#12259=CARTESIAN_POINT('Ctrl Pts',(-8.80613466815733,6.80904979590383E-16,
15.4668776743879));
#12260=CARTESIAN_POINT('Ctrl Pts',(-8.80613466815733,3.,15.4668776743879));
#12261=CARTESIAN_POINT('Ctrl Pts',(-8.84100957999565,6.89166020500178E-16,
15.5353235427404));
#12262=CARTESIAN_POINT('Ctrl Pts',(-8.84100957999565,3.,15.5353235427404));
#12263=CARTESIAN_POINT('Ctrl Pts',(-8.80356389353062,6.85589311064304E-16,
15.5820711456007));
#12264=CARTESIAN_POINT('Ctrl Pts',(-8.80356389353062,3.,15.5820711456007));
#12265=CARTESIAN_POINT('Ctrl Pts',(-8.81625770065491,7.07684285667658E-16,
15.7120492872647));
#12266=CARTESIAN_POINT('Ctrl Pts',(-8.81625770065491,3.,15.7120492872647));
#12267=CARTESIAN_POINT('Ctrl Pts',(-8.82121237332189,7.16308441184838E-16,
15.7627826204171));
#12268=CARTESIAN_POINT('Ctrl Pts',(-8.82121237332189,3.,15.7627826204171));
#12269=CARTESIAN_POINT('Ctrl Pts',(-8.84160679883831,7.28211638958859E-16,
15.8201188544604));
#12270=CARTESIAN_POINT('Ctrl Pts',(-8.84160679883831,3.,15.8201188544604));
#12271=CARTESIAN_POINT('Ctrl Pts',(-8.87745751406263,7.39764418221946E-16,
15.8694631307312));
#12272=CARTESIAN_POINT('Ctrl Pts',(-8.87745751406263,3.,15.8694631307312));
#12273=CARTESIAN_POINT('',(-8.87745751406263,3.,15.8694631307312));
#12274=CARTESIAN_POINT('',(-8.87745751406263,7.39764418221946E-16,15.8694631307312));
#12275=CARTESIAN_POINT('',(-8.80613466815733,3.,15.4668776743879));
#12276=CARTESIAN_POINT('Ctrl Pts',(-8.80613466815733,3.,15.4668776743879));
#12277=CARTESIAN_POINT('Ctrl Pts',(-8.84100957999565,3.,15.5353235427404));
#12278=CARTESIAN_POINT('Ctrl Pts',(-8.80356389353062,3.,15.5820711456007));
#12279=CARTESIAN_POINT('Ctrl Pts',(-8.81625770065491,3.,15.7120492872647));
#12280=CARTESIAN_POINT('Ctrl Pts',(-8.82121237332189,3.,15.7627826204171));
#12281=CARTESIAN_POINT('Ctrl Pts',(-8.84160679883831,3.,15.8201188544604));
#12282=CARTESIAN_POINT('Ctrl Pts',(-8.87745751406263,3.,15.8694631307312));
#12283=CARTESIAN_POINT('',(-8.80613466815733,6.80904979590383E-16,15.4668776743879));
#12284=CARTESIAN_POINT('Ctrl Pts',(-8.52235870926212,6.1157844137097E-16,
15.1725424859374));
#12285=CARTESIAN_POINT('Ctrl Pts',(-8.52235870926212,3.,15.1725424859374));
#12286=CARTESIAN_POINT('Ctrl Pts',(-8.57004414080323,6.39395008278697E-16,
15.3193031535545));
#12287=CARTESIAN_POINT('Ctrl Pts',(-8.57004414080323,3.,15.3193031535545));
#12288=CARTESIAN_POINT('Ctrl Pts',(-8.70640070808574,6.6448332010421E-16,
15.371375024345));
#12289=CARTESIAN_POINT('Ctrl Pts',(-8.70640070808574,3.,15.371375024345));
#12290=CARTESIAN_POINT('Ctrl Pts',(-8.75765520873461,6.7276245755775E-16,
15.4095042607875));
#12291=CARTESIAN_POINT('Ctrl Pts',(-8.75765520873461,3.,15.4095042607875));
#12292=CARTESIAN_POINT('Ctrl Pts',(-8.77856130659936,6.76139418715275E-16,
15.4250567203469));
#12293=CARTESIAN_POINT('Ctrl Pts',(-8.77856130659936,3.,15.4250567203469));
#12294=CARTESIAN_POINT('Ctrl Pts',(-8.79208709256979,6.77577441526631E-16,
15.4393077549629));
#12295=CARTESIAN_POINT('Ctrl Pts',(-8.79208709256979,3.,15.4393077549629));
#12296=CARTESIAN_POINT('Ctrl Pts',(-8.80613466815734,6.80904979590385E-16,
15.4668776743879));
#12297=CARTESIAN_POINT('Ctrl Pts',(-8.80613466815734,3.,15.4668776743879));
#12298=CARTESIAN_POINT('',(-8.52235870926212,3.,15.1725424859374));
#12299=CARTESIAN_POINT('Ctrl Pts',(-8.52235870926212,3.,15.1725424859374));
#12300=CARTESIAN_POINT('Ctrl Pts',(-8.57004414080323,3.,15.3193031535545));
#12301=CARTESIAN_POINT('Ctrl Pts',(-8.70640070808574,3.,15.371375024345));
#12302=CARTESIAN_POINT('Ctrl Pts',(-8.75765520873461,3.,15.4095042607875));
#12303=CARTESIAN_POINT('Ctrl Pts',(-8.77856130659936,3.,15.4250567203469));
#12304=CARTESIAN_POINT('Ctrl Pts',(-8.79208709256979,3.,15.4393077549629));
#12305=CARTESIAN_POINT('Ctrl Pts',(-8.80613466815734,3.,15.4668776743879));
#12306=CARTESIAN_POINT('',(-8.52235870926212,6.11578441370969E-16,15.1725424859374));
#12307=CARTESIAN_POINT('Ctrl Pts',(-8.57893239960143,5.66402204790548E-16,
14.7676209928445));
#12308=CARTESIAN_POINT('Ctrl Pts',(-8.57893239960143,3.,14.7676209928445));
#12309=CARTESIAN_POINT('Ctrl Pts',(-8.59094947524482,5.72601776123798E-16,
14.8434938223899));
#12310=CARTESIAN_POINT('Ctrl Pts',(-8.59094947524482,3.,14.8434938223899));
#12311=CARTESIAN_POINT('Ctrl Pts',(-8.54089070739499,5.66269505307008E-16,
14.8763820812277));
#12312=CARTESIAN_POINT('Ctrl Pts',(-8.54089070739499,3.,14.8763820812277));
#12313=CARTESIAN_POINT('Ctrl Pts',(-8.51279778070568,5.83448085420628E-16,
15.0039212419579));
#12314=CARTESIAN_POINT('Ctrl Pts',(-8.51279778070568,3.,15.0039212419579));
#12315=CARTESIAN_POINT('Ctrl Pts',(-8.50183249230635,5.90153263820867E-16,
15.0537025871015));
#12316=CARTESIAN_POINT('Ctrl Pts',(-8.50183249230635,3.,15.0537025871015));
#12317=CARTESIAN_POINT('Ctrl Pts',(-8.50351087287697,6.00583844385484E-16,
15.1145348101834));
#12318=CARTESIAN_POINT('Ctrl Pts',(-8.50351087287697,3.,15.1145348101834));
#12319=CARTESIAN_POINT('Ctrl Pts',(-8.52235870926212,6.11578441370968E-16,
15.1725424859374));
#12320=CARTESIAN_POINT('Ctrl Pts',(-8.52235870926212,3.,15.1725424859374));
#12321=CARTESIAN_POINT('',(-8.57893239960143,3.,14.7676209928445));
#12322=CARTESIAN_POINT('Ctrl Pts',(-8.57893239960143,3.,14.7676209928445));
#12323=CARTESIAN_POINT('Ctrl Pts',(-8.59094947524482,3.,14.8434938223899));
#12324=CARTESIAN_POINT('Ctrl Pts',(-8.54089070739499,3.,14.8763820812277));
#12325=CARTESIAN_POINT('Ctrl Pts',(-8.51279778070568,3.,15.0039212419579));
#12326=CARTESIAN_POINT('Ctrl Pts',(-8.50183249230635,3.,15.0537025871015));
#12327=CARTESIAN_POINT('Ctrl Pts',(-8.50351087287697,3.,15.1145348101834));
#12328=CARTESIAN_POINT('Ctrl Pts',(-8.52235870926212,3.,15.1725424859374));
#12329=CARTESIAN_POINT('',(-8.57893239960143,5.66402204790548E-16,14.7676209928445));
#12330=CARTESIAN_POINT('Ctrl Pts',(-8.4,4.99600361081323E-16,14.4));
#12331=CARTESIAN_POINT('Ctrl Pts',(-8.4,3.,14.4));
#12332=CARTESIAN_POINT('Ctrl Pts',(-8.4,5.23281835439792E-16,14.5543132980033));
#12333=CARTESIAN_POINT('Ctrl Pts',(-8.4,3.,14.5543132980033));
#12334=CARTESIAN_POINT('Ctrl Pts',(-8.51359170885038,5.52263890500191E-16,
14.6459730866192));
#12335=CARTESIAN_POINT('Ctrl Pts',(-8.51359170885038,3.,14.6459730866192));
#12336=CARTESIAN_POINT('Ctrl Pts',(-8.5505550536387,5.59905027989035E-16,
14.6980746571379));
#12337=CARTESIAN_POINT('Ctrl Pts',(-8.5505550536387,3.,14.6980746571379));
#12338=CARTESIAN_POINT('Ctrl Pts',(-8.56563195993518,5.63021756590778E-16,
14.7193262646726));
#12339=CARTESIAN_POINT('Ctrl Pts',(-8.56563195993518,3.,14.7193262646726));
#12340=CARTESIAN_POINT('Ctrl Pts',(-8.57409193493661,5.63905024372775E-16,
14.7370595017353));
#12341=CARTESIAN_POINT('Ctrl Pts',(-8.57409193493661,3.,14.7370595017353));
#12342=CARTESIAN_POINT('Ctrl Pts',(-8.57893239960143,5.66402204790548E-16,
14.7676209928445));
#12343=CARTESIAN_POINT('Ctrl Pts',(-8.57893239960143,3.,14.7676209928445));
#12344=CARTESIAN_POINT('',(-8.4,3.,14.4));
#12345=CARTESIAN_POINT('Ctrl Pts',(-8.4,3.,14.4));
#12346=CARTESIAN_POINT('Ctrl Pts',(-8.4,3.,14.5543132980033));
#12347=CARTESIAN_POINT('Ctrl Pts',(-8.51359170885038,3.,14.6459730866192));
#12348=CARTESIAN_POINT('Ctrl Pts',(-8.5505550536387,3.,14.6980746571379));
#12349=CARTESIAN_POINT('Ctrl Pts',(-8.56563195993518,3.,14.7193262646726));
#12350=CARTESIAN_POINT('Ctrl Pts',(-8.57409193493661,3.,14.7370595017353));
#12351=CARTESIAN_POINT('Ctrl Pts',(-8.57893239960143,3.,14.7676209928445));
#12352=CARTESIAN_POINT('',(-8.4,4.99600361081323E-16,14.4));
#12353=CARTESIAN_POINT('Ctrl Pts',(-8.57893239960143,4.72529491349884E-16,
14.0323790071554));
#12354=CARTESIAN_POINT('Ctrl Pts',(-8.57893239960143,3.,14.0323790071554));
#12355=CARTESIAN_POINT('Ctrl Pts',(-8.56691532395805,4.7606073586954E-16,
14.1082518367008));
#12356=CARTESIAN_POINT('Ctrl Pts',(-8.56691532395805,3.,14.1082518367008));
#12357=CARTESIAN_POINT('Ctrl Pts',(-8.50914357570037,4.67592750458945E-16,
14.1240614195953));
#12358=CARTESIAN_POINT('Ctrl Pts',(-8.50914357570037,3.,14.1240614195953));
#12359=CARTESIAN_POINT('Ctrl Pts',(-8.44301384659683,4.78173376971068E-16,
14.2366771777216));
#12360=CARTESIAN_POINT('Ctrl Pts',(-8.44301384659683,3.,14.2366771777216));
#12361=CARTESIAN_POINT('Ctrl Pts',(-8.41720195595944,4.82303228674807E-16,
14.2806335899467));
#12362=CARTESIAN_POINT('Ctrl Pts',(-8.41720195595944,3.,14.2806335899467));
#12363=CARTESIAN_POINT('Ctrl Pts',(-8.4,4.9024017413024E-16,14.3390071202289));
#12364=CARTESIAN_POINT('Ctrl Pts',(-8.4,3.,14.3390071202289));
#12365=CARTESIAN_POINT('Ctrl Pts',(-8.4,4.99600361081323E-16,14.4));
#12366=CARTESIAN_POINT('Ctrl Pts',(-8.4,3.,14.4));
#12367=CARTESIAN_POINT('',(-8.57893239960143,3.,14.0323790071554));
#12368=CARTESIAN_POINT('Ctrl Pts',(-8.57893239960143,3.,14.0323790071554));
#12369=CARTESIAN_POINT('Ctrl Pts',(-8.56691532395805,3.,14.1082518367008));
#12370=CARTESIAN_POINT('Ctrl Pts',(-8.50914357570037,3.,14.1240614195953));
#12371=CARTESIAN_POINT('Ctrl Pts',(-8.44301384659683,3.,14.2366771777216));
#12372=CARTESIAN_POINT('Ctrl Pts',(-8.41720195595944,3.,14.2806335899467));
#12373=CARTESIAN_POINT('Ctrl Pts',(-8.4,3.,14.3390071202289));
#12374=CARTESIAN_POINT('Ctrl Pts',(-8.4,3.,14.4));
#12375=CARTESIAN_POINT('',(-8.57893239960143,4.72529491349885E-16,14.0323790071554));
#12376=CARTESIAN_POINT('Ctrl Pts',(-8.52235870926212,4.14791372048922E-16,
13.6274575140626));
#12377=CARTESIAN_POINT('Ctrl Pts',(-8.52235870926212,3.,13.6274575140626));
#12378=CARTESIAN_POINT('Ctrl Pts',(-8.47467327772105,4.32019646149416E-16,
13.7742181816797));
#12379=CARTESIAN_POINT('Ctrl Pts',(-8.47467327772105,3.,13.7742181816797));
#12380=CARTESIAN_POINT('Ctrl Pts',(-8.55438098023724,4.62058478965565E-16,
13.8964935893801));
#12381=CARTESIAN_POINT('Ctrl Pts',(-8.55438098023724,3.,13.8964935893801));
#12382=CARTESIAN_POINT('Ctrl Pts',(-8.57343493943829,4.68313648713343E-16,
13.9574674292396));
#12383=CARTESIAN_POINT('Ctrl Pts',(-8.57343493943829,3.,13.9574674292396));
#12384=CARTESIAN_POINT('Ctrl Pts',(-8.58120682153109,4.70865057648215E-16,
13.9823379293353));
#12385=CARTESIAN_POINT('Ctrl Pts',(-8.58120682153109,3.,13.9823379293353));
#12386=CARTESIAN_POINT('Ctrl Pts',(-8.58377286426625,4.71107109996265E-16,
14.0018175160462));
#12387=CARTESIAN_POINT('Ctrl Pts',(-8.58377286426625,3.,14.0018175160462));
#12388=CARTESIAN_POINT('Ctrl Pts',(-8.57893239960143,4.72529491349883E-16,
14.0323790071554));
#12389=CARTESIAN_POINT('Ctrl Pts',(-8.57893239960143,3.,14.0323790071554));
#12390=CARTESIAN_POINT('',(-8.52235870926212,3.,13.6274575140626));
#12391=CARTESIAN_POINT('Ctrl Pts',(-8.52235870926212,3.,13.6274575140626));
#12392=CARTESIAN_POINT('Ctrl Pts',(-8.47467327772105,3.,13.7742181816797));
#12393=CARTESIAN_POINT('Ctrl Pts',(-8.55438098023724,3.,13.8964935893801));
#12394=CARTESIAN_POINT('Ctrl Pts',(-8.57343493943829,3.,13.9574674292396));
#12395=CARTESIAN_POINT('Ctrl Pts',(-8.58120682153109,3.,13.9823379293353));
#12396=CARTESIAN_POINT('Ctrl Pts',(-8.58377286426625,3.,14.0018175160462));
#12397=CARTESIAN_POINT('Ctrl Pts',(-8.57893239960143,3.,14.0323790071554));
#12398=CARTESIAN_POINT('',(-8.52235870926212,4.14791372048922E-16,13.6274575140626));
#12399=CARTESIAN_POINT('Ctrl Pts',(-8.80613466815734,4.08475754509617E-16,
13.3331223256121));
#12400=CARTESIAN_POINT('Ctrl Pts',(-8.80613466815734,3.,13.3331223256121));
#12401=CARTESIAN_POINT('Ctrl Pts',(-8.77125975631902,4.08993009398463E-16,
13.4015681939645));
#12402=CARTESIAN_POINT('Ctrl Pts',(-8.77125975631902,3.,13.4015681939645));
#12403=CARTESIAN_POINT('Ctrl Pts',(-8.71143012889246,3.99218214805898E-16,
13.3987515487896));
#12404=CARTESIAN_POINT('Ctrl Pts',(-8.71143012889246,3.,13.3987515487896));
#12405=CARTESIAN_POINT('Ctrl Pts',(-8.61373683601206,4.02165182274044E-16,
13.4854202892671));
#12406=CARTESIAN_POINT('Ctrl Pts',(-8.61373683601206,3.,13.4854202892671));
#12407=CARTESIAN_POINT('Ctrl Pts',(-8.57560499083419,4.03315448622187E-16,
13.5192490086828));
#12408=CARTESIAN_POINT('Ctrl Pts',(-8.57560499083419,3.,13.5192490086828));
#12409=CARTESIAN_POINT('Ctrl Pts',(-8.54120654564724,4.0798183544728E-16,
13.5694498383088));
#12410=CARTESIAN_POINT('Ctrl Pts',(-8.54120654564724,3.,13.5694498383088));
#12411=CARTESIAN_POINT('Ctrl Pts',(-8.52235870926212,4.1479137204892E-16,
13.6274575140626));
#12412=CARTESIAN_POINT('Ctrl Pts',(-8.52235870926212,3.,13.6274575140626));
#12413=CARTESIAN_POINT('',(-8.80613466815734,3.,13.3331223256121));
#12414=CARTESIAN_POINT('Ctrl Pts',(-8.80613466815734,3.,13.3331223256121));
#12415=CARTESIAN_POINT('Ctrl Pts',(-8.77125975631902,3.,13.4015681939645));
#12416=CARTESIAN_POINT('Ctrl Pts',(-8.71143012889246,3.,13.3987515487896));
#12417=CARTESIAN_POINT('Ctrl Pts',(-8.61373683601206,3.,13.4854202892671));
#12418=CARTESIAN_POINT('Ctrl Pts',(-8.57560499083419,3.,13.5192490086828));
#12419=CARTESIAN_POINT('Ctrl Pts',(-8.54120654564724,3.,13.5694498383088));
#12420=CARTESIAN_POINT('Ctrl Pts',(-8.52235870926212,3.,13.6274575140626));
#12421=CARTESIAN_POINT('',(-8.80613466815734,4.08475754509618E-16,13.3331223256121));
#12422=CARTESIAN_POINT('Ctrl Pts',(-8.87745751406264,3.65453169019225E-16,
12.9305368692688));
#12423=CARTESIAN_POINT('Ctrl Pts',(-8.87745751406264,3.,12.9305368692688));
#12424=CARTESIAN_POINT('Ctrl Pts',(-8.78675443326349,3.74541819356354E-16,
13.0553789498118));
#12425=CARTESIAN_POINT('Ctrl Pts',(-8.78675443326349,3.,13.0553789498118));
#12426=CARTESIAN_POINT('Ctrl Pts',(-8.82477578416714,4.02697019679404E-16,
13.1963008077482));
#12427=CARTESIAN_POINT('Ctrl Pts',(-8.82477578416714,3.,13.1963008077482));
#12428=CARTESIAN_POINT('Ctrl Pts',(-8.82405522349756,4.06953922088826E-16,
13.2601783726732));
#12429=CARTESIAN_POINT('Ctrl Pts',(-8.82405522349756,3.,13.2601783726732));
#12430=CARTESIAN_POINT('Ctrl Pts',(-8.82376131541758,4.08690261673547E-16,
13.2862332674975));
#12431=CARTESIAN_POINT('Ctrl Pts',(-8.82376131541758,3.,13.2862332674975));
#12432=CARTESIAN_POINT('Ctrl Pts',(-8.82018224374485,4.08267404817355E-16,
13.3055524061871));
#12433=CARTESIAN_POINT('Ctrl Pts',(-8.82018224374485,3.,13.3055524061871));
#12434=CARTESIAN_POINT('Ctrl Pts',(-8.80613466815734,4.08475754509618E-16,
13.3331223256121));
#12435=CARTESIAN_POINT('Ctrl Pts',(-8.80613466815734,3.,13.3331223256121));
#12436=CARTESIAN_POINT('',(-8.87745751406264,3.,12.9305368692688));
#12437=CARTESIAN_POINT('Ctrl Pts',(-8.87745751406264,3.,12.9305368692688));
#12438=CARTESIAN_POINT('Ctrl Pts',(-8.78675443326349,3.,13.0553789498118));
#12439=CARTESIAN_POINT('Ctrl Pts',(-8.82477578416714,3.,13.1963008077482));
#12440=CARTESIAN_POINT('Ctrl Pts',(-8.82405522349756,3.,13.2601783726732));
#12441=CARTESIAN_POINT('Ctrl Pts',(-8.82376131541758,3.,13.2862332674975));
#12442=CARTESIAN_POINT('Ctrl Pts',(-8.82018224374485,3.,13.3055524061871));
#12443=CARTESIAN_POINT('Ctrl Pts',(-8.80613466815734,3.,13.3331223256121));
#12444=CARTESIAN_POINT('',(-8.87745751406264,3.65453169019226E-16,12.9305368692688));
#12445=CARTESIAN_POINT('Ctrl Pts',(-9.23829906421162,3.80511020320298E-16,
12.7382990642116));
#12446=CARTESIAN_POINT('Ctrl Pts',(-9.23829906421162,3.,12.7382990642116));
#12447=CARTESIAN_POINT('Ctrl Pts',(-9.18398011553695,3.77963653065901E-16,
12.7926180128863));
#12448=CARTESIAN_POINT('Ctrl Pts',(-9.18398011553695,3.,12.7926180128863));
#12449=CARTESIAN_POINT('Ctrl Pts',(-9.12794914973166,3.67838874291143E-16,
12.7714508524968));
#12450=CARTESIAN_POINT('Ctrl Pts',(-9.12794914973166,3.,12.7714508524968));
#12451=CARTESIAN_POINT('Ctrl Pts',(-9.00825519325095,3.62863713006721E-16,
12.8236888351503));
#12452=CARTESIAN_POINT('Ctrl Pts',(-9.00825519325095,3.,12.8236888351503));
#12453=CARTESIAN_POINT('Ctrl Pts',(-8.96153600421871,3.60921797914707E-16,
12.8440784710017));
#12454=CARTESIAN_POINT('Ctrl Pts',(-8.96153600421871,3.,12.8440784710017));
#12455=CARTESIAN_POINT('Ctrl Pts',(-8.91330822928697,3.61860847654404E-16,
12.8811925929981));
#12456=CARTESIAN_POINT('Ctrl Pts',(-8.91330822928697,3.,12.8811925929981));
#12457=CARTESIAN_POINT('Ctrl Pts',(-8.87745751406264,3.65453169019226E-16,
12.9305368692688));
#12458=CARTESIAN_POINT('Ctrl Pts',(-8.87745751406264,3.,12.9305368692688));
#12459=CARTESIAN_POINT('',(-9.23829906421162,3.,12.7382990642116));
#12460=CARTESIAN_POINT('Ctrl Pts',(-9.23829906421162,3.,12.7382990642116));
#12461=CARTESIAN_POINT('Ctrl Pts',(-9.18398011553695,3.,12.7926180128863));
#12462=CARTESIAN_POINT('Ctrl Pts',(-9.12794914973166,3.,12.7714508524968));
#12463=CARTESIAN_POINT('Ctrl Pts',(-9.00825519325095,3.,12.8236888351503));
#12464=CARTESIAN_POINT('Ctrl Pts',(-8.96153600421871,3.,12.8440784710017));
#12465=CARTESIAN_POINT('Ctrl Pts',(-8.91330822928697,3.,12.8811925929981));
#12466=CARTESIAN_POINT('Ctrl Pts',(-8.87745751406264,3.,12.9305368692688));
#12467=CARTESIAN_POINT('',(-9.23829906421162,3.80511020320298E-16,12.7382990642116));
#12468=CARTESIAN_POINT('Ctrl Pts',(-9.43053686926882,1.18632901636157E-16,
12.3774575140626));
#12469=CARTESIAN_POINT('Ctrl Pts',(-9.43053686926882,3.,12.3774575140626));
#12470=CARTESIAN_POINT('Ctrl Pts',(-9.30569478872602,1.26988493679373E-16,
12.4681605948616));
#12471=CARTESIAN_POINT('Ctrl Pts',(-9.30569478872602,3.,12.4681605948616));
#12472=CARTESIAN_POINT('Ctrl Pts',(-9.29830799327992,1.61872700822462E-16,
12.6139344897186));
#12473=CARTESIAN_POINT('Ctrl Pts',(-9.29830799327992,3.,12.6139344897186));
#12474=CARTESIAN_POINT('Ctrl Pts',(-9.27788344623864,1.74430329801565E-16,
12.6744629985933));
#12475=CARTESIAN_POINT('Ctrl Pts',(-9.27788344623864,3.,12.6744629985933));
#12476=CARTESIAN_POINT('Ctrl Pts',(-9.2695525177566,1.7955243648611E-16,
12.699151853506));
#12477=CARTESIAN_POINT('Ctrl Pts',(-9.2695525177566,3.,12.699151853506));
#12478=CARTESIAN_POINT('Ctrl Pts',(-9.26017867614819,1.8274107310516E-16,
12.716419452275));
#12479=CARTESIAN_POINT('Ctrl Pts',(-9.26017867614819,3.,12.716419452275));
#12480=CARTESIAN_POINT('Ctrl Pts',(-9.23829906421162,1.85670907667312E-16,
12.7382990642116));
#12481=CARTESIAN_POINT('Ctrl Pts',(-9.23829906421162,3.,12.7382990642116));
#12482=CARTESIAN_POINT('',(-9.43053686926882,3.,12.3774575140626));
#12483=CARTESIAN_POINT('Ctrl Pts',(-9.43053686926882,3.,12.3774575140626));
#12484=CARTESIAN_POINT('Ctrl Pts',(-9.30569478872602,3.,12.4681605948616));
#12485=CARTESIAN_POINT('Ctrl Pts',(-9.29830799327992,3.,12.6139344897186));
#12486=CARTESIAN_POINT('Ctrl Pts',(-9.27788344623864,3.,12.6744629985933));
#12487=CARTESIAN_POINT('Ctrl Pts',(-9.2695525177566,3.,12.699151853506));
#12488=CARTESIAN_POINT('Ctrl Pts',(-9.26017867614819,3.,12.716419452275));
#12489=CARTESIAN_POINT('Ctrl Pts',(-9.23829906421162,3.,12.7382990642116));
#12490=CARTESIAN_POINT('',(-9.43053686926882,1.18632901636157E-16,12.3774575140626));
#12491=CARTESIAN_POINT('Ctrl Pts',(-9.83312232561208,1.45859807036134E-16,
12.3061346681573));
#12492=CARTESIAN_POINT('Ctrl Pts',(-9.83312232561208,3.,12.3061346681573));
#12493=CARTESIAN_POINT('Ctrl Pts',(-9.7646764572596,1.46802679145826E-16,
12.3410095799957));
#12494=CARTESIAN_POINT('Ctrl Pts',(-9.7646764572596,3.,12.3410095799957));
#12495=CARTESIAN_POINT('Ctrl Pts',(-9.71792885439924,1.32441104601887E-16,
12.3035638935305));
#12496=CARTESIAN_POINT('Ctrl Pts',(-9.71792885439924,3.,12.3035638935305));
#12497=CARTESIAN_POINT('Ctrl Pts',(-9.58795071273503,1.21119718056672E-16,
12.3162577006549));
#12498=CARTESIAN_POINT('Ctrl Pts',(-9.58795071273503,3.,12.3162577006549));
#12499=CARTESIAN_POINT('Ctrl Pts',(-9.53721737958272,1.16700731387142E-16,
12.3212123733219));
#12500=CARTESIAN_POINT('Ctrl Pts',(-9.53721737958272,3.,12.3212123733219));
#12501=CARTESIAN_POINT('Ctrl Pts',(-9.47988114553947,1.15330324168748E-16,
12.3416067988384));
#12502=CARTESIAN_POINT('Ctrl Pts',(-9.47988114553947,3.,12.3416067988384));
#12503=CARTESIAN_POINT('Ctrl Pts',(-9.43053686926882,1.18632901636157E-16,
12.3774575140626));
#12504=CARTESIAN_POINT('Ctrl Pts',(-9.43053686926882,3.,12.3774575140626));
#12505=CARTESIAN_POINT('',(-9.83312232561208,3.,12.3061346681573));
#12506=CARTESIAN_POINT('Ctrl Pts',(-9.83312232561208,3.,12.3061346681573));
#12507=CARTESIAN_POINT('Ctrl Pts',(-9.7646764572596,3.,12.3410095799957));
#12508=CARTESIAN_POINT('Ctrl Pts',(-9.71792885439924,3.,12.3035638935305));
#12509=CARTESIAN_POINT('Ctrl Pts',(-9.58795071273503,3.,12.3162577006549));
#12510=CARTESIAN_POINT('Ctrl Pts',(-9.53721737958272,3.,12.3212123733219));
#12511=CARTESIAN_POINT('Ctrl Pts',(-9.47988114553947,3.,12.3416067988384));
#12512=CARTESIAN_POINT('Ctrl Pts',(-9.43053686926882,3.,12.3774575140626));
#12513=CARTESIAN_POINT('',(-9.83312232561208,1.45859807036133E-16,12.3061346681573));
#12514=CARTESIAN_POINT('Ctrl Pts',(-10.1274575140626,1.09032513470633E-16,
12.0223587092621));
#12515=CARTESIAN_POINT('Ctrl Pts',(-10.1274575140626,3.,12.0223587092621));
#12516=CARTESIAN_POINT('Ctrl Pts',(-9.98069684644535,1.04418368332388E-16,
12.0700441408032));
#12517=CARTESIAN_POINT('Ctrl Pts',(-9.98069684644535,3.,12.0700441408032));
#12518=CARTESIAN_POINT('Ctrl Pts',(-9.92862497565503,1.3203495558312E-16,
12.2064007080857));
#12519=CARTESIAN_POINT('Ctrl Pts',(-9.92862497565503,3.,12.2064007080857));
#12520=CARTESIAN_POINT('Ctrl Pts',(-9.89049573921237,1.40355492238556E-16,
12.2576552087347));
#12521=CARTESIAN_POINT('Ctrl Pts',(-9.89049573921237,3.,12.2576552087347));
#12522=CARTESIAN_POINT('Ctrl Pts',(-9.87494327965301,1.43749339635434E-16,
12.2785613065995));
#12523=CARTESIAN_POINT('Ctrl Pts',(-9.87494327965301,3.,12.2785613065995));
#12524=CARTESIAN_POINT('Ctrl Pts',(-9.86069224503702,1.4548001920207E-16,
12.2920870925698));
#12525=CARTESIAN_POINT('Ctrl Pts',(-9.86069224503702,3.,12.2920870925698));
#12526=CARTESIAN_POINT('Ctrl Pts',(-9.83312232561208,1.45859807036134E-16,
12.3061346681573));
#12527=CARTESIAN_POINT('Ctrl Pts',(-9.83312232561208,3.,12.3061346681573));
#12528=CARTESIAN_POINT('',(-10.1274575140626,3.,12.0223587092621));
#12529=CARTESIAN_POINT('Ctrl Pts',(-10.1274575140626,3.,12.0223587092621));
#12530=CARTESIAN_POINT('Ctrl Pts',(-9.98069684644535,3.,12.0700441408032));
#12531=CARTESIAN_POINT('Ctrl Pts',(-9.92862497565503,3.,12.2064007080857));
#12532=CARTESIAN_POINT('Ctrl Pts',(-9.89049573921237,3.,12.2576552087347));
#12533=CARTESIAN_POINT('Ctrl Pts',(-9.87494327965301,3.,12.2785613065995));
#12534=CARTESIAN_POINT('Ctrl Pts',(-9.86069224503702,3.,12.2920870925698));
#12535=CARTESIAN_POINT('Ctrl Pts',(-9.83312232561208,3.,12.3061346681573));
#12536=CARTESIAN_POINT('',(-10.1274575140626,1.09032513470633E-16,12.0223587092621));
#12537=CARTESIAN_POINT('Ctrl Pts',(-10.5323790071555,1.67844387747506E-16,
12.0789323996014));
#12538=CARTESIAN_POINT('Ctrl Pts',(-10.5323790071555,3.,12.0789323996014));
#12539=CARTESIAN_POINT('Ctrl Pts',(-10.4565061776101,1.62364146222571E-16,
12.0909494752448));
#12540=CARTESIAN_POINT('Ctrl Pts',(-10.4565061776101,3.,12.0909494752448));
#12541=CARTESIAN_POINT('Ctrl Pts',(-10.4236179187723,1.46451953876148E-16,
12.040890707395));
#12542=CARTESIAN_POINT('Ctrl Pts',(-10.4236179187723,3.,12.040890707395));
#12543=CARTESIAN_POINT('Ctrl Pts',(-10.2960787580422,1.25411480137923E-16,
12.0127977807057));
#12544=CARTESIAN_POINT('Ctrl Pts',(-10.2960787580422,3.,12.0127977807057));
#12545=CARTESIAN_POINT('Ctrl Pts',(-10.2462974128986,1.17198919547504E-16,
12.0018324923063));
#12546=CARTESIAN_POINT('Ctrl Pts',(-10.2462974128986,3.,12.0018324923063));
#12547=CARTESIAN_POINT('Ctrl Pts',(-10.1854651898167,1.10856270744341E-16,
12.0035108728769));
#12548=CARTESIAN_POINT('Ctrl Pts',(-10.1854651898167,3.,12.0035108728769));
#12549=CARTESIAN_POINT('Ctrl Pts',(-10.1274575140626,1.09032513470633E-16,
12.0223587092621));
#12550=CARTESIAN_POINT('Ctrl Pts',(-10.1274575140626,3.,12.0223587092621));
#12551=CARTESIAN_POINT('',(-10.5323790071555,3.,12.0789323996014));
#12552=CARTESIAN_POINT('Ctrl Pts',(-10.5323790071555,3.,12.0789323996014));
#12553=CARTESIAN_POINT('Ctrl Pts',(-10.4565061776101,3.,12.0909494752448));
#12554=CARTESIAN_POINT('Ctrl Pts',(-10.4236179187723,3.,12.040890707395));
#12555=CARTESIAN_POINT('Ctrl Pts',(-10.2960787580422,3.,12.0127977807057));
#12556=CARTESIAN_POINT('Ctrl Pts',(-10.2462974128986,3.,12.0018324923063));
#12557=CARTESIAN_POINT('Ctrl Pts',(-10.1854651898167,3.,12.0035108728769));
#12558=CARTESIAN_POINT('Ctrl Pts',(-10.1274575140626,3.,12.0223587092621));
#12559=CARTESIAN_POINT('',(-10.5323790071555,1.67844387747506E-16,12.0789323996014));
#12560=CARTESIAN_POINT('Ctrl Pts',(-10.9,1.64832718732694E-16,11.9));
#12561=CARTESIAN_POINT('Ctrl Pts',(-10.9,3.,11.9));
#12562=CARTESIAN_POINT('Ctrl Pts',(-10.7456867019965,1.47700501087759E-16,
11.9));
#12563=CARTESIAN_POINT('Ctrl Pts',(-10.7456867019965,3.,11.9));
#12564=CARTESIAN_POINT('Ctrl Pts',(-10.6540269133807,1.65346164469981E-16,
12.0135917088505));
#12565=CARTESIAN_POINT('Ctrl Pts',(-10.6540269133807,3.,12.0135917088505));
#12566=CARTESIAN_POINT('Ctrl Pts',(-10.6019253428619,1.68615136701264E-16,
12.0505550536389));
#12567=CARTESIAN_POINT('Ctrl Pts',(-10.6019253428619,3.,12.0505550536389));
#12568=CARTESIAN_POINT('Ctrl Pts',(-10.5806737353272,1.69948511380934E-16,
12.0656319599353));
#12569=CARTESIAN_POINT('Ctrl Pts',(-10.5806737353272,3.,12.0656319599353));
#12570=CARTESIAN_POINT('Ctrl Pts',(-10.5629404982646,1.7005182292086E-16,
12.0740919349366));
#12571=CARTESIAN_POINT('Ctrl Pts',(-10.5629404982646,3.,12.0740919349366));
#12572=CARTESIAN_POINT('Ctrl Pts',(-10.5323790071555,1.67844387747506E-16,
12.0789323996014));
#12573=CARTESIAN_POINT('Ctrl Pts',(-10.5323790071555,3.,12.0789323996014));
#12574=CARTESIAN_POINT('',(-10.9,3.,11.9));
#12575=CARTESIAN_POINT('Ctrl Pts',(-10.9,3.,11.9));
#12576=CARTESIAN_POINT('Ctrl Pts',(-10.7456867019965,3.,11.9));
#12577=CARTESIAN_POINT('Ctrl Pts',(-10.6540269133807,3.,12.0135917088505));
#12578=CARTESIAN_POINT('Ctrl Pts',(-10.6019253428619,3.,12.0505550536389));
#12579=CARTESIAN_POINT('Ctrl Pts',(-10.5806737353272,3.,12.0656319599353));
#12580=CARTESIAN_POINT('Ctrl Pts',(-10.5629404982646,3.,12.0740919349366));
#12581=CARTESIAN_POINT('Ctrl Pts',(-10.5323790071555,3.,12.0789323996014));
#12582=CARTESIAN_POINT('',(-10.9,1.64832718732694E-16,11.9));
#12583=CARTESIAN_POINT('Ctrl Pts',(-11.2676209928446,2.49472645865821E-16,
12.0789323996014));
#12584=CARTESIAN_POINT('Ctrl Pts',(-11.2676209928446,3.,12.0789323996014));
#12585=CARTESIAN_POINT('Ctrl Pts',(-11.1917481632992,2.38105734929808E-16,
12.066915323958));
#12586=CARTESIAN_POINT('Ctrl Pts',(-11.1917481632992,3.,12.066915323958));
#12587=CARTESIAN_POINT('Ctrl Pts',(-11.175938580405,2.22200521034482E-16,
12.0091435757006));
#12588=CARTESIAN_POINT('Ctrl Pts',(-11.175938580405,3.,12.0091435757006));
#12589=CARTESIAN_POINT('Ctrl Pts',(-11.0633228222786,1.93500548270384E-16,
11.943013846597));
#12590=CARTESIAN_POINT('Ctrl Pts',(-11.0633228222786,3.,11.943013846597));
#12591=CARTESIAN_POINT('Ctrl Pts',(-11.0193664100534,1.82298316409959E-16,
11.9172019559595));
#12592=CARTESIAN_POINT('Ctrl Pts',(-11.0193664100534,3.,11.9172019559595));
#12593=CARTESIAN_POINT('Ctrl Pts',(-10.9609928797712,1.71604288678715E-16,
11.9));
#12594=CARTESIAN_POINT('Ctrl Pts',(-10.9609928797712,3.,11.9));
#12595=CARTESIAN_POINT('Ctrl Pts',(-10.9,1.64832718732694E-16,11.9));
#12596=CARTESIAN_POINT('Ctrl Pts',(-10.9,3.,11.9));
#12597=CARTESIAN_POINT('',(-11.2676209928446,3.,12.0789323996014));
#12598=CARTESIAN_POINT('Ctrl Pts',(-11.2676209928446,3.,12.0789323996014));
#12599=CARTESIAN_POINT('Ctrl Pts',(-11.1917481632992,3.,12.066915323958));
#12600=CARTESIAN_POINT('Ctrl Pts',(-11.175938580405,3.,12.0091435757006));
#12601=CARTESIAN_POINT('Ctrl Pts',(-11.0633228222786,3.,11.943013846597));
#12602=CARTESIAN_POINT('Ctrl Pts',(-11.0193664100534,3.,11.9172019559595));
#12603=CARTESIAN_POINT('Ctrl Pts',(-10.9609928797712,3.,11.9));
#12604=CARTESIAN_POINT('Ctrl Pts',(-10.9,3.,11.9));
#12605=CARTESIAN_POINT('',(-11.2676209928446,2.49472645865821E-16,12.0789323996014));
#12606=CARTESIAN_POINT('Ctrl Pts',(-11.6725424859374,2.80571404548399E-16,
12.0223587092621));
#12607=CARTESIAN_POINT('Ctrl Pts',(-11.6725424859374,3.,12.0223587092621));
#12608=CARTESIAN_POINT('Ctrl Pts',(-11.5257818183201,2.52598135227028E-16,
11.974673277721));
#12609=CARTESIAN_POINT('Ctrl Pts',(-11.5257818183201,3.,11.974673277721));
#12610=CARTESIAN_POINT('Ctrl Pts',(-11.4035064106198,2.58545594264325E-16,
12.0543809802373));
#12611=CARTESIAN_POINT('Ctrl Pts',(-11.4035064106198,3.,12.0543809802373));
#12612=CARTESIAN_POINT('Ctrl Pts',(-11.3425325707602,2.56443012293199E-16,
12.0734349394383));
#12613=CARTESIAN_POINT('Ctrl Pts',(-11.3425325707602,3.,12.0734349394383));
#12614=CARTESIAN_POINT('Ctrl Pts',(-11.3176620706646,2.55585394251848E-16,
12.0812068215311));
#12615=CARTESIAN_POINT('Ctrl Pts',(-11.3176620706646,3.,12.0812068215311));
#12616=CARTESIAN_POINT('Ctrl Pts',(-11.2981824839537,2.54051224911719E-16,
12.0837728642662));
#12617=CARTESIAN_POINT('Ctrl Pts',(-11.2981824839537,3.,12.0837728642662));
#12618=CARTESIAN_POINT('Ctrl Pts',(-11.2676209928446,2.49472645865822E-16,
12.0789323996014));
#12619=CARTESIAN_POINT('Ctrl Pts',(-11.2676209928446,3.,12.0789323996014));
#12620=CARTESIAN_POINT('',(-11.6725424859374,3.,12.0223587092621));
#12621=CARTESIAN_POINT('Ctrl Pts',(-11.6725424859374,3.,12.0223587092621));
#12622=CARTESIAN_POINT('Ctrl Pts',(-11.5257818183201,3.,11.974673277721));
#12623=CARTESIAN_POINT('Ctrl Pts',(-11.4035064106198,3.,12.0543809802373));
#12624=CARTESIAN_POINT('Ctrl Pts',(-11.3425325707602,3.,12.0734349394383));
#12625=CARTESIAN_POINT('Ctrl Pts',(-11.3176620706646,3.,12.0812068215311));
#12626=CARTESIAN_POINT('Ctrl Pts',(-11.2981824839537,3.,12.0837728642662));
#12627=CARTESIAN_POINT('Ctrl Pts',(-11.2676209928446,3.,12.0789323996014));
#12628=CARTESIAN_POINT('',(-11.6725424859374,2.80571404548398E-16,12.0223587092621));
#12629=CARTESIAN_POINT('Ctrl Pts',(-11.9668776743879,3.82754238748941E-16,
12.3061346681573));
#12630=CARTESIAN_POINT('Ctrl Pts',(-11.9668776743879,3.,12.3061346681573));
#12631=CARTESIAN_POINT('Ctrl Pts',(-11.8984318060355,3.66613330842187E-16,
12.271259756319));
#12632=CARTESIAN_POINT('Ctrl Pts',(-11.8984318060355,3.,12.271259756319));
#12633=CARTESIAN_POINT('Ctrl Pts',(-11.9012484512105,3.52272008552164E-16,
12.2114301288927));
#12634=CARTESIAN_POINT('Ctrl Pts',(-11.9012484512105,3.,12.2114301288927));
#12635=CARTESIAN_POINT('Ctrl Pts',(-11.8145797107331,3.18721890060751E-16,
12.1137368360123));
#12636=CARTESIAN_POINT('Ctrl Pts',(-11.8145797107331,3.,12.1137368360123));
#12637=CARTESIAN_POINT('Ctrl Pts',(-11.7807509913173,3.05626539435369E-16,
12.0756049908343));
#12638=CARTESIAN_POINT('Ctrl Pts',(-11.7807509913173,3.,12.0756049908343));
#12639=CARTESIAN_POINT('Ctrl Pts',(-11.7305501616913,2.91627938720097E-16,
12.0412065456473));
#12640=CARTESIAN_POINT('Ctrl Pts',(-11.7305501616913,3.,12.0412065456473));
#12641=CARTESIAN_POINT('Ctrl Pts',(-11.6725424859374,2.805714045484E-16,
12.0223587092621));
#12642=CARTESIAN_POINT('Ctrl Pts',(-11.6725424859374,3.,12.0223587092621));
#12643=CARTESIAN_POINT('',(-11.9668776743879,3.,12.3061346681573));
#12644=CARTESIAN_POINT('Ctrl Pts',(-11.9668776743879,3.,12.3061346681573));
#12645=CARTESIAN_POINT('Ctrl Pts',(-11.8984318060355,3.,12.271259756319));
#12646=CARTESIAN_POINT('Ctrl Pts',(-11.9012484512105,3.,12.2114301288927));
#12647=CARTESIAN_POINT('Ctrl Pts',(-11.8145797107331,3.,12.1137368360123));
#12648=CARTESIAN_POINT('Ctrl Pts',(-11.7807509913173,3.,12.0756049908343));
#12649=CARTESIAN_POINT('Ctrl Pts',(-11.7305501616913,3.,12.0412065456473));
#12650=CARTESIAN_POINT('Ctrl Pts',(-11.6725424859374,3.,12.0223587092621));
#12651=CARTESIAN_POINT('',(-11.9668776743879,3.82754238748941E-16,12.3061346681573));
#12652=CARTESIAN_POINT('Ctrl Pts',(-12.3694631307312,4.44919261951263E-16,
12.3774575140626));
#12653=CARTESIAN_POINT('Ctrl Pts',(-12.3694631307312,3.,12.3774575140626));
#12654=CARTESIAN_POINT('Ctrl Pts',(-12.2446210501884,4.08843159455925E-16,
12.2867544332637));
#12655=CARTESIAN_POINT('Ctrl Pts',(-12.2446210501884,3.,12.2867544332637));
#12656=CARTESIAN_POINT('Ctrl Pts',(-12.1036991922523,4.02510235419275E-16,
12.324775784167));
#12657=CARTESIAN_POINT('Ctrl Pts',(-12.1036991922523,3.,12.324775784167));
#12658=CARTESIAN_POINT('Ctrl Pts',(-12.0398216273271,3.95241914618655E-16,
12.3240552234976));
#12659=CARTESIAN_POINT('Ctrl Pts',(-12.0398216273271,3.,12.3240552234976));
#12660=CARTESIAN_POINT('Ctrl Pts',(-12.0137667325026,3.92277253485548E-16,
12.3237613154176));
#12661=CARTESIAN_POINT('Ctrl Pts',(-12.0137667325026,3.,12.3237613154176));
#12662=CARTESIAN_POINT('Ctrl Pts',(-11.994447593813,3.89255778449553E-16,
12.3201822437449));
#12663=CARTESIAN_POINT('Ctrl Pts',(-11.994447593813,3.,12.3201822437449));
#12664=CARTESIAN_POINT('Ctrl Pts',(-11.9668776743879,3.8275423874894E-16,
12.3061346681573));
#12665=CARTESIAN_POINT('Ctrl Pts',(-11.9668776743879,3.,12.3061346681573));
#12666=CARTESIAN_POINT('',(-12.3694631307312,3.,12.3774575140626));
#12667=CARTESIAN_POINT('Ctrl Pts',(-12.3694631307312,3.,12.3774575140626));
#12668=CARTESIAN_POINT('Ctrl Pts',(-12.2446210501884,3.,12.2867544332637));
#12669=CARTESIAN_POINT('Ctrl Pts',(-12.1036991922523,3.,12.324775784167));
#12670=CARTESIAN_POINT('Ctrl Pts',(-12.0398216273271,3.,12.3240552234976));
#12671=CARTESIAN_POINT('Ctrl Pts',(-12.0137667325026,3.,12.3237613154176));
#12672=CARTESIAN_POINT('Ctrl Pts',(-11.994447593813,3.,12.3201822437449));
#12673=CARTESIAN_POINT('Ctrl Pts',(-11.9668776743879,3.,12.3061346681573));
#12674=CARTESIAN_POINT('',(-12.3694631307312,4.44919261951263E-16,12.3774575140626));
#12675=CARTESIAN_POINT('Ctrl Pts',(-12.5617009357884,5.54642635458001E-16,
12.7382990642116));
#12676=CARTESIAN_POINT('Ctrl Pts',(-12.5617009357884,3.,12.7382990642116));
#12677=CARTESIAN_POINT('Ctrl Pts',(-12.5073819871137,5.35307715106739E-16,
12.6839801155369));
#12678=CARTESIAN_POINT('Ctrl Pts',(-12.5073819871137,3.,12.6839801155369));
#12679=CARTESIAN_POINT('Ctrl Pts',(-12.5285491475033,5.23934112969636E-16,
12.6279491497317));
#12680=CARTESIAN_POINT('Ctrl Pts',(-12.5285491475033,3.,12.6279491497317));
#12681=CARTESIAN_POINT('Ctrl Pts',(-12.4763111648496,4.88817968106297E-16,
12.5082551932509));
#12682=CARTESIAN_POINT('Ctrl Pts',(-12.4763111648496,3.,12.5082551932509));
#12683=CARTESIAN_POINT('Ctrl Pts',(-12.4559215289982,4.75111362875838E-16,
12.4615360042186));
#12684=CARTESIAN_POINT('Ctrl Pts',(-12.4559215289982,3.,12.4615360042186));
#12685=CARTESIAN_POINT('Ctrl Pts',(-12.4188074070019,4.59178469748518E-16,
12.4133082292869));
#12686=CARTESIAN_POINT('Ctrl Pts',(-12.4188074070019,3.,12.4133082292869));
#12687=CARTESIAN_POINT('Ctrl Pts',(-12.3694631307312,4.44919261951262E-16,
12.3774575140626));
#12688=CARTESIAN_POINT('Ctrl Pts',(-12.3694631307312,3.,12.3774575140626));
#12689=CARTESIAN_POINT('',(-12.5617009357884,3.,12.7382990642116));
#12690=CARTESIAN_POINT('Ctrl Pts',(-12.5617009357884,3.,12.7382990642116));
#12691=CARTESIAN_POINT('Ctrl Pts',(-12.5073819871137,3.,12.6839801155369));
#12692=CARTESIAN_POINT('Ctrl Pts',(-12.5285491475033,3.,12.6279491497317));
#12693=CARTESIAN_POINT('Ctrl Pts',(-12.4763111648496,3.,12.5082551932509));
#12694=CARTESIAN_POINT('Ctrl Pts',(-12.4559215289982,3.,12.4615360042186));
#12695=CARTESIAN_POINT('Ctrl Pts',(-12.4188074070019,3.,12.4133082292869));
#12696=CARTESIAN_POINT('Ctrl Pts',(-12.3694631307312,3.,12.3774575140626));
#12697=CARTESIAN_POINT('',(-12.5617009357884,5.54642635458002E-16,12.7382990642116));
#12698=CARTESIAN_POINT('Ctrl Pts',(-12.9225424859374,6.41788777579843E-16,
12.9305368692688));
#12699=CARTESIAN_POINT('Ctrl Pts',(-12.9225424859374,3.,12.9305368692688));
#12700=CARTESIAN_POINT('Ctrl Pts',(-12.8318394051382,6.01141222179605E-16,
12.8056947887257));
#12701=CARTESIAN_POINT('Ctrl Pts',(-12.8318394051382,3.,12.8056947887257));
#12702=CARTESIAN_POINT('Ctrl Pts',(-12.6860655102811,5.83147825797908E-16,
12.7983079932799));
#12703=CARTESIAN_POINT('Ctrl Pts',(-12.6860655102811,3.,12.7983079932799));
#12704=CARTESIAN_POINT('Ctrl Pts',(-12.6255370014063,5.7142524004907E-16,
12.7778834462385));
#12705=CARTESIAN_POINT('Ctrl Pts',(-12.6255370014063,3.,12.7778834462385));
#12706=CARTESIAN_POINT('Ctrl Pts',(-12.6008481464937,5.66643737511947E-16,
12.7695525177565));
#12707=CARTESIAN_POINT('Ctrl Pts',(-12.6008481464937,3.,12.7695525177565));
#12708=CARTESIAN_POINT('Ctrl Pts',(-12.5835805477248,5.62430719808482E-16,
12.7601786761481));
#12709=CARTESIAN_POINT('Ctrl Pts',(-12.5835805477248,3.,12.7601786761481));
#12710=CARTESIAN_POINT('Ctrl Pts',(-12.5617009357884,5.54642635458001E-16,
12.7382990642116));
#12711=CARTESIAN_POINT('Ctrl Pts',(-12.5617009357884,3.,12.7382990642116));
#12712=CARTESIAN_POINT('',(-12.9225424859374,3.,12.9305368692688));
#12713=CARTESIAN_POINT('Ctrl Pts',(-12.9225424859374,3.,12.9305368692688));
#12714=CARTESIAN_POINT('Ctrl Pts',(-12.8318394051382,3.,12.8056947887257));
#12715=CARTESIAN_POINT('Ctrl Pts',(-12.6860655102811,3.,12.7983079932799));
#12716=CARTESIAN_POINT('Ctrl Pts',(-12.6255370014063,3.,12.7778834462385));
#12717=CARTESIAN_POINT('Ctrl Pts',(-12.6008481464937,3.,12.7695525177565));
#12718=CARTESIAN_POINT('Ctrl Pts',(-12.5835805477248,3.,12.7601786761481));
#12719=CARTESIAN_POINT('Ctrl Pts',(-12.5617009357884,3.,12.7382990642116));
#12720=CARTESIAN_POINT('',(-12.9225424859374,6.41788777579843E-16,12.9305368692688));
#12721=CARTESIAN_POINT('Ctrl Pts',(-12.9938653318427,7.48312202106241E-16,
13.3331223256121));
#12722=CARTESIAN_POINT('Ctrl Pts',(-12.9938653318427,3.,13.3331223256121));
#12723=CARTESIAN_POINT('Ctrl Pts',(-12.9589904200044,7.27675906028785E-16,
13.2646764572597));
#12724=CARTESIAN_POINT('Ctrl Pts',(-12.9589904200044,3.,13.2646764572597));
#12725=CARTESIAN_POINT('Ctrl Pts',(-12.9964361064693,7.20383351466363E-16,
13.2179288543995));
#12726=CARTESIAN_POINT('Ctrl Pts',(-12.9964361064693,3.,13.2179288543995));
#12727=CARTESIAN_POINT('Ctrl Pts',(-12.9837422993451,6.87138593158925E-16,
13.0879507127355));
#12728=CARTESIAN_POINT('Ctrl Pts',(-12.9837422993451,3.,13.0879507127355));
#12729=CARTESIAN_POINT('Ctrl Pts',(-12.9787876266782,6.74162431342855E-16,
13.0372173795831));
#12730=CARTESIAN_POINT('Ctrl Pts',(-12.9787876266782,3.,13.0372173795831));
#12731=CARTESIAN_POINT('Ctrl Pts',(-12.9583932011618,6.5785486839375E-16,
12.9798811455396));
#12732=CARTESIAN_POINT('Ctrl Pts',(-12.9583932011618,3.,12.9798811455396));
#12733=CARTESIAN_POINT('Ctrl Pts',(-12.9225424859374,6.41788777579841E-16,
12.9305368692688));
#12734=CARTESIAN_POINT('Ctrl Pts',(-12.9225424859374,3.,12.9305368692688));
#12735=CARTESIAN_POINT('',(-12.9938653318427,3.,13.3331223256121));
#12736=CARTESIAN_POINT('Ctrl Pts',(-12.9938653318427,3.,13.3331223256121));
#12737=CARTESIAN_POINT('Ctrl Pts',(-12.9589904200044,3.,13.2646764572597));
#12738=CARTESIAN_POINT('Ctrl Pts',(-12.9964361064693,3.,13.2179288543995));
#12739=CARTESIAN_POINT('Ctrl Pts',(-12.9837422993451,3.,13.0879507127355));
#12740=CARTESIAN_POINT('Ctrl Pts',(-12.9787876266782,3.,13.0372173795831));
#12741=CARTESIAN_POINT('Ctrl Pts',(-12.9583932011618,3.,12.9798811455396));
#12742=CARTESIAN_POINT('Ctrl Pts',(-12.9225424859374,3.,12.9305368692688));
#12743=CARTESIAN_POINT('',(-12.9938653318427,7.48312202106241E-16,13.3331223256121));
#12744=CARTESIAN_POINT('Ctrl Pts',(-13.2776412907379,8.51908991573839E-16,
13.6274575140626));
#12745=CARTESIAN_POINT('Ctrl Pts',(-13.2776412907379,3.,13.6274575140626));
#12746=CARTESIAN_POINT('Ctrl Pts',(-13.2299558591967,8.10668849199568E-16,
13.4806968464452));
#12747=CARTESIAN_POINT('Ctrl Pts',(-13.2299558591967,3.,13.4806968464452));
#12748=CARTESIAN_POINT('Ctrl Pts',(-13.093599291914,7.82776299477966E-16,
13.4286249756549));
#12749=CARTESIAN_POINT('Ctrl Pts',(-13.093599291914,3.,13.4286249756549));
#12750=CARTESIAN_POINT('Ctrl Pts',(-13.0423447912651,7.67746937150083E-16,
13.3904957392123));
#12751=CARTESIAN_POINT('Ctrl Pts',(-13.0423447912651,3.,13.3904957392123));
#12752=CARTESIAN_POINT('Ctrl Pts',(-13.0214386934005,7.61616639991939E-16,
13.3749432796529));
#12753=CARTESIAN_POINT('Ctrl Pts',(-13.0214386934005,3.,13.3749432796529));
#12754=CARTESIAN_POINT('Ctrl Pts',(-13.0079129074302,7.56624479147629E-16,
13.3606922450369));
#12755=CARTESIAN_POINT('Ctrl Pts',(-13.0079129074302,3.,13.3606922450369));
#12756=CARTESIAN_POINT('Ctrl Pts',(-12.9938653318427,7.48312202106242E-16,
13.3331223256121));
#12757=CARTESIAN_POINT('Ctrl Pts',(-12.9938653318427,3.,13.3331223256121));
#12758=CARTESIAN_POINT('',(-13.2776412907379,3.,13.6274575140626));
#12759=CARTESIAN_POINT('Ctrl Pts',(-13.2776412907379,3.,13.6274575140626));
#12760=CARTESIAN_POINT('Ctrl Pts',(-13.2299558591967,3.,13.4806968464452));
#12761=CARTESIAN_POINT('Ctrl Pts',(-13.093599291914,3.,13.4286249756549));
#12762=CARTESIAN_POINT('Ctrl Pts',(-13.0423447912651,3.,13.3904957392123));
#12763=CARTESIAN_POINT('Ctrl Pts',(-13.0214386934005,3.,13.3749432796529));
#12764=CARTESIAN_POINT('Ctrl Pts',(-13.0079129074302,3.,13.3606922450369));
#12765=CARTESIAN_POINT('Ctrl Pts',(-12.9938653318427,3.,13.3331223256121));
#12766=CARTESIAN_POINT('',(-13.2776412907379,8.5190899157384E-16,13.6274575140626));
#12767=CARTESIAN_POINT('Ctrl Pts',(-13.2210676003986,9.44805212134913E-16,
14.0323790071555));
#12768=CARTESIAN_POINT('Ctrl Pts',(-13.2210676003986,3.,14.0323790071555));
#12769=CARTESIAN_POINT('Ctrl Pts',(-13.2090505247552,9.24887564772831E-16,
13.9565061776101));
#12770=CARTESIAN_POINT('Ctrl Pts',(-13.2090505247552,3.,13.9565061776101));
#12771=CARTESIAN_POINT('Ctrl Pts',(-13.259109292605,9.22389903835786E-16,
13.9236179187722));
#12772=CARTESIAN_POINT('Ctrl Pts',(-13.259109292605,3.,13.9236179187722));
#12773=CARTESIAN_POINT('Ctrl Pts',(-13.2872022192943,8.94270760657238E-16,
13.7960787580421));
#12774=CARTESIAN_POINT('Ctrl Pts',(-13.2872022192943,3.,13.7960787580421));
#12775=CARTESIAN_POINT('Ctrl Pts',(-13.2981675076936,8.83295239384401E-16,
13.7462974128986));
#12776=CARTESIAN_POINT('Ctrl Pts',(-13.2981675076936,3.,13.7462974128986));
#12777=CARTESIAN_POINT('Ctrl Pts',(-13.2964891271231,8.68209304496454E-16,
13.6854651898166));
#12778=CARTESIAN_POINT('Ctrl Pts',(-13.2964891271231,3.,13.6854651898166));
#12779=CARTESIAN_POINT('Ctrl Pts',(-13.2776412907379,8.51908991573836E-16,
13.6274575140626));
#12780=CARTESIAN_POINT('Ctrl Pts',(-13.2776412907379,3.,13.6274575140626));
#12781=CARTESIAN_POINT('',(-13.2210676003986,3.,14.0323790071555));
#12782=CARTESIAN_POINT('Ctrl Pts',(-13.2210676003986,3.,14.0323790071555));
#12783=CARTESIAN_POINT('Ctrl Pts',(-13.2090505247552,3.,13.9565061776101));
#12784=CARTESIAN_POINT('Ctrl Pts',(-13.259109292605,3.,13.9236179187722));
#12785=CARTESIAN_POINT('Ctrl Pts',(-13.2872022192943,3.,13.7960787580421));
#12786=CARTESIAN_POINT('Ctrl Pts',(-13.2981675076936,3.,13.7462974128986));
#12787=CARTESIAN_POINT('Ctrl Pts',(-13.2964891271231,3.,13.6854651898166));
#12788=CARTESIAN_POINT('Ctrl Pts',(-13.2776412907379,3.,13.6274575140626));
#12789=CARTESIAN_POINT('',(-13.2210676003986,9.44805212134912E-16,14.0323790071555));
#12790=CARTESIAN_POINT('Ctrl Pts',(-13.4,1.0547118733939E-15,14.4));
#12791=CARTESIAN_POINT('Ctrl Pts',(-13.4,3.,14.4));
#12792=CARTESIAN_POINT('Ctrl Pts',(-13.4,1.01691601651817E-15,14.2456867019964));
#12793=CARTESIAN_POINT('Ctrl Pts',(-13.4,3.,14.2456867019964));
#12794=CARTESIAN_POINT('Ctrl Pts',(-13.2864082911492,9.81854630562164E-16,
14.1540269133804));
#12795=CARTESIAN_POINT('Ctrl Pts',(-13.2864082911492,3.,14.1540269133804));
#12796=CARTESIAN_POINT('Ctrl Pts',(-13.2494449463611,9.64989670355704E-16,
14.1019253428618));
#12797=CARTESIAN_POINT('Ctrl Pts',(-13.2494449463611,3.,14.1019253428618));
#12798=CARTESIAN_POINT('Ctrl Pts',(-13.2343680400648,9.58110654774697E-16,
14.0806737353273));
#12799=CARTESIAN_POINT('Ctrl Pts',(-13.2343680400648,3.,14.0806737353273));
#12800=CARTESIAN_POINT('Ctrl Pts',(-13.2259080650634,9.52828018275375E-16,
14.0629404982646));
#12801=CARTESIAN_POINT('Ctrl Pts',(-13.2259080650634,3.,14.0629404982646));
#12802=CARTESIAN_POINT('Ctrl Pts',(-13.2210676003986,9.44805212134912E-16,
14.0323790071555));
#12803=CARTESIAN_POINT('Ctrl Pts',(-13.2210676003986,3.,14.0323790071555));
#12804=CARTESIAN_POINT('',(-13.4,3.,14.4));
#12805=CARTESIAN_POINT('Ctrl Pts',(-13.4,3.,14.4));
#12806=CARTESIAN_POINT('Ctrl Pts',(-13.4,3.,14.2456867019964));
#12807=CARTESIAN_POINT('Ctrl Pts',(-13.2864082911492,3.,14.1540269133804));
#12808=CARTESIAN_POINT('Ctrl Pts',(-13.2494449463611,3.,14.1019253428618));
#12809=CARTESIAN_POINT('Ctrl Pts',(-13.2343680400648,3.,14.0806737353273));
#12810=CARTESIAN_POINT('Ctrl Pts',(-13.2259080650634,3.,14.0629404982646));
#12811=CARTESIAN_POINT('Ctrl Pts',(-13.2210676003986,3.,14.0323790071555));
#12812=CARTESIAN_POINT('',(-13.4,1.0547118733939E-15,14.4));
#12813=CARTESIAN_POINT('Ctrl Pts',(-13.2210676003986,1.12488756067511E-15,
14.7676209928445));
#12814=CARTESIAN_POINT('Ctrl Pts',(-13.2210676003986,3.,14.7676209928445));
#12815=CARTESIAN_POINT('Ctrl Pts',(-13.233084676042,1.1076382401266E-15,
14.6917481632991));
#12816=CARTESIAN_POINT('Ctrl Pts',(-13.233084676042,3.,14.6917481632991));
#12817=CARTESIAN_POINT('Ctrl Pts',(-13.2908564242997,1.11017996126975E-15,
14.6759385804048));
#12818=CARTESIAN_POINT('Ctrl Pts',(-13.2908564242997,3.,14.6759385804048));
#12819=CARTESIAN_POINT('Ctrl Pts',(-13.3569861534033,1.08993893087192E-15,
14.5633228222782));
#12820=CARTESIAN_POINT('Ctrl Pts',(-13.3569861534033,3.,14.5633228222782));
#12821=CARTESIAN_POINT('Ctrl Pts',(-13.3827980440406,1.08203841063543E-15,
14.5193664100532));
#12822=CARTESIAN_POINT('Ctrl Pts',(-13.3827980440406,3.,14.5193664100532));
#12823=CARTESIAN_POINT('Ctrl Pts',(-13.4,1.06965082022539E-15,14.4609928797711));
#12824=CARTESIAN_POINT('Ctrl Pts',(-13.4,3.,14.4609928797711));
#12825=CARTESIAN_POINT('Ctrl Pts',(-13.4,1.0547118733939E-15,14.4));
#12826=CARTESIAN_POINT('Ctrl Pts',(-13.4,3.,14.4));
#12827=CARTESIAN_POINT('',(-13.2210676003986,3.,14.7676209928445));
#12828=CARTESIAN_POINT('Ctrl Pts',(-13.2210676003986,3.,14.7676209928445));
#12829=CARTESIAN_POINT('Ctrl Pts',(-13.233084676042,3.,14.6917481632991));
#12830=CARTESIAN_POINT('Ctrl Pts',(-13.2908564242997,3.,14.6759385804048));
#12831=CARTESIAN_POINT('Ctrl Pts',(-13.3569861534033,3.,14.5633228222782));
#12832=CARTESIAN_POINT('Ctrl Pts',(-13.3827980440406,3.,14.5193664100532));
#12833=CARTESIAN_POINT('Ctrl Pts',(-13.4,3.,14.4609928797711));
#12834=CARTESIAN_POINT('Ctrl Pts',(-13.4,3.,14.4));
#12835=CARTESIAN_POINT('',(-13.2210676003986,1.12488756067511E-15,14.7676209928445));
#12836=CARTESIAN_POINT('Ctrl Pts',(-13.2776412907379,1.23034566395673E-15,
15.1725424859374));
#12837=CARTESIAN_POINT('Ctrl Pts',(-13.2776412907379,3.,15.1725424859374));
#12838=CARTESIAN_POINT('Ctrl Pts',(-13.325326722279,1.19969381438974E-15,
15.0257818183201));
#12839=CARTESIAN_POINT('Ctrl Pts',(-13.325326722279,3.,15.0257818183201));
#12840=CARTESIAN_POINT('Ctrl Pts',(-13.2456190197627,1.16089564494386E-15,
14.9035064106199));
#12841=CARTESIAN_POINT('Ctrl Pts',(-13.2456190197627,3.,14.9035064106199));
#12842=CARTESIAN_POINT('Ctrl Pts',(-13.2265650605617,1.14384594666881E-15,
14.8425325707603));
#12843=CARTESIAN_POINT('Ctrl Pts',(-13.2265650605617,3.,14.8425325707603));
#12844=CARTESIAN_POINT('Ctrl Pts',(-13.2187931784689,1.13689157863888E-15,
14.8176620706646));
#12845=CARTESIAN_POINT('Ctrl Pts',(-13.2187931784689,3.,14.8176620706646));
#12846=CARTESIAN_POINT('Ctrl Pts',(-13.2162271357338,1.13183556775144E-15,
14.7981824839537));
#12847=CARTESIAN_POINT('Ctrl Pts',(-13.2162271357338,3.,14.7981824839537));
#12848=CARTESIAN_POINT('Ctrl Pts',(-13.2210676003986,1.12488756067511E-15,
14.7676209928445));
#12849=CARTESIAN_POINT('Ctrl Pts',(-13.2210676003986,3.,14.7676209928445));
#12850=CARTESIAN_POINT('',(-13.2776412907379,3.,15.1725424859374));
#12851=CARTESIAN_POINT('Ctrl Pts',(-13.2776412907379,3.,15.1725424859374));
#12852=CARTESIAN_POINT('Ctrl Pts',(-13.325326722279,3.,15.0257818183201));
#12853=CARTESIAN_POINT('Ctrl Pts',(-13.2456190197627,3.,14.9035064106199));
#12854=CARTESIAN_POINT('Ctrl Pts',(-13.2265650605617,3.,14.8425325707603));
#12855=CARTESIAN_POINT('Ctrl Pts',(-13.2187931784689,3.,14.8176620706646));
#12856=CARTESIAN_POINT('Ctrl Pts',(-13.2162271357338,3.,14.7981824839537));
#12857=CARTESIAN_POINT('Ctrl Pts',(-13.2210676003986,3.,14.7676209928445));
#12858=CARTESIAN_POINT('',(-13.2776412907379,1.23034566395673E-15,15.1725424859374));
#12859=CARTESIAN_POINT('Ctrl Pts',(-12.9938653318427,1.27093153274421E-15,
15.4668776743879));
#12860=CARTESIAN_POINT('Ctrl Pts',(-12.9938653318427,3.,15.4668776743879));
#12861=CARTESIAN_POINT('Ctrl Pts',(-13.028740243681,1.25803902268767E-15,
15.3984318060355));
#12862=CARTESIAN_POINT('Ctrl Pts',(-13.028740243681,3.,15.3984318060355));
#12863=CARTESIAN_POINT('Ctrl Pts',(-13.0885698711073,1.26537132453636E-15,
15.4012484512106));
#12864=CARTESIAN_POINT('Ctrl Pts',(-13.0885698711073,3.,15.4012484512106));
#12865=CARTESIAN_POINT('Ctrl Pts',(-13.1862631639878,1.25498974000214E-15,
15.314579710733));
#12866=CARTESIAN_POINT('Ctrl Pts',(-13.1862631639878,3.,15.314579710733));
#12867=CARTESIAN_POINT('Ctrl Pts',(-13.2243950091658,1.25093757876887E-15,
15.2807509913171));
#12868=CARTESIAN_POINT('Ctrl Pts',(-13.2243950091658,3.,15.2807509913171));
#12869=CARTESIAN_POINT('Ctrl Pts',(-13.2587934543527,1.24246091649548E-15,
15.2305501616913));
#12870=CARTESIAN_POINT('Ctrl Pts',(-13.2587934543527,3.,15.2305501616913));
#12871=CARTESIAN_POINT('Ctrl Pts',(-13.2776412907379,1.23034566395673E-15,
15.1725424859374));
#12872=CARTESIAN_POINT('Ctrl Pts',(-13.2776412907379,3.,15.1725424859374));
#12873=CARTESIAN_POINT('',(-12.9938653318427,3.,15.4668776743879));
#12874=CARTESIAN_POINT('Ctrl Pts',(-12.9938653318427,3.,15.4668776743879));
#12875=CARTESIAN_POINT('Ctrl Pts',(-13.028740243681,3.,15.3984318060355));
#12876=CARTESIAN_POINT('Ctrl Pts',(-13.0885698711073,3.,15.4012484512106));
#12877=CARTESIAN_POINT('Ctrl Pts',(-13.1862631639878,3.,15.314579710733));
#12878=CARTESIAN_POINT('Ctrl Pts',(-13.2243950091658,3.,15.2807509913171));
#12879=CARTESIAN_POINT('Ctrl Pts',(-13.2587934543527,3.,15.2305501616913));
#12880=CARTESIAN_POINT('Ctrl Pts',(-13.2776412907379,3.,15.1725424859374));
#12881=CARTESIAN_POINT('',(-12.9938653318427,1.27093153274421E-15,15.4668776743879));
#12882=CARTESIAN_POINT('Ctrl Pts',(-12.9225424859374,1.36161810412944E-15,
15.8694631307312));
#12883=CARTESIAN_POINT('Ctrl Pts',(-12.9225424859374,3.,15.8694631307312));
#12884=CARTESIAN_POINT('Ctrl Pts',(-13.0132455667365,1.34111067847077E-15,
15.7446210501882));
#12885=CARTESIAN_POINT('Ctrl Pts',(-13.0132455667365,3.,15.7446210501882));
#12886=CARTESIAN_POINT('Ctrl Pts',(-12.9752242158329,1.30237356068306E-15,
15.6036991922521));
#12887=CARTESIAN_POINT('Ctrl Pts',(-12.9752242158329,3.,15.6036991922521));
#12888=CARTESIAN_POINT('Ctrl Pts',(-12.9759447765024,1.28680806759884E-15,
15.5398216273268));
#12889=CARTESIAN_POINT('Ctrl Pts',(-12.9759447765024,3.,15.5398216273268));
#12890=CARTESIAN_POINT('Ctrl Pts',(-12.9762386845824,1.28045908911673E-15,
15.5137667325024));
#12891=CARTESIAN_POINT('Ctrl Pts',(-12.9762386845824,3.,15.5137667325024));
#12892=CARTESIAN_POINT('Ctrl Pts',(-12.9798177562551,1.27612462141414E-15,
15.4944475938129));
#12893=CARTESIAN_POINT('Ctrl Pts',(-12.9798177562551,3.,15.4944475938129));
#12894=CARTESIAN_POINT('Ctrl Pts',(-12.9938653318427,1.27093153274421E-15,
15.4668776743879));
#12895=CARTESIAN_POINT('Ctrl Pts',(-12.9938653318427,3.,15.4668776743879));
#12896=CARTESIAN_POINT('',(-12.9225424859374,3.,15.8694631307312));
#12897=CARTESIAN_POINT('Ctrl Pts',(-12.9225424859374,3.,15.8694631307312));
#12898=CARTESIAN_POINT('Ctrl Pts',(-13.0132455667365,3.,15.7446210501882));
#12899=CARTESIAN_POINT('Ctrl Pts',(-12.9752242158329,3.,15.6036991922521));
#12900=CARTESIAN_POINT('Ctrl Pts',(-12.9759447765024,3.,15.5398216273268));
#12901=CARTESIAN_POINT('Ctrl Pts',(-12.9762386845824,3.,15.5137667325024));
#12902=CARTESIAN_POINT('Ctrl Pts',(-12.9798177562551,3.,15.4944475938129));
#12903=CARTESIAN_POINT('Ctrl Pts',(-12.9938653318427,3.,15.4668776743879));
#12904=CARTESIAN_POINT('',(-12.9225424859374,1.36161810412944E-15,15.8694631307312));
#12905=CARTESIAN_POINT('Ctrl Pts',(-12.5617009357884,1.36864132680792E-15,
16.0617009357884));
#12906=CARTESIAN_POINT('Ctrl Pts',(-12.5617009357884,3.,16.0617009357884));
#12907=CARTESIAN_POINT('Ctrl Pts',(-12.616019884463,1.36136763595508E-15,
16.0073819871137));
#12908=CARTESIAN_POINT('Ctrl Pts',(-12.616019884463,3.,16.0073819871137));
#12909=CARTESIAN_POINT('Ctrl Pts',(-12.6720508502684,1.37277278171706E-15,
16.0285491475031));
#12910=CARTESIAN_POINT('Ctrl Pts',(-12.6720508502684,3.,16.0285491475031));
#12911=CARTESIAN_POINT('Ctrl Pts',(-12.7917448067488,1.37326686487354E-15,
15.9763111648498));
#12912=CARTESIAN_POINT('Ctrl Pts',(-12.7917448067488,3.,15.9763111648498));
#12913=CARTESIAN_POINT('Ctrl Pts',(-12.838463995781,1.37345971641814E-15,
15.9559215289985));
#12914=CARTESIAN_POINT('Ctrl Pts',(-12.838463995781,3.,15.9559215289985));
#12915=CARTESIAN_POINT('Ctrl Pts',(-12.886691770713,1.36972373704507E-15,
15.918807407002));
#12916=CARTESIAN_POINT('Ctrl Pts',(-12.886691770713,3.,15.918807407002));
#12917=CARTESIAN_POINT('Ctrl Pts',(-12.9225424859374,1.36161810412944E-15,
15.8694631307312));
#12918=CARTESIAN_POINT('Ctrl Pts',(-12.9225424859374,3.,15.8694631307312));
#12919=CARTESIAN_POINT('',(-12.5617009357884,3.,16.0617009357884));
#12920=CARTESIAN_POINT('Ctrl Pts',(-12.5617009357884,3.,16.0617009357884));
#12921=CARTESIAN_POINT('Ctrl Pts',(-12.616019884463,3.,16.0073819871137));
#12922=CARTESIAN_POINT('Ctrl Pts',(-12.6720508502684,3.,16.0285491475031));
#12923=CARTESIAN_POINT('Ctrl Pts',(-12.7917448067488,3.,15.9763111648498));
#12924=CARTESIAN_POINT('Ctrl Pts',(-12.838463995781,3.,15.9559215289985));
#12925=CARTESIAN_POINT('Ctrl Pts',(-12.886691770713,3.,15.918807407002));
#12926=CARTESIAN_POINT('Ctrl Pts',(-12.9225424859374,3.,15.8694631307312));
#12927=CARTESIAN_POINT('',(-12.5617009357884,1.36864132680792E-15,16.0617009357884));
#12928=CARTESIAN_POINT('Ctrl Pts',(-12.3694631307312,1.19789691541097E-15,
16.4225424859374));
#12929=CARTESIAN_POINT('Ctrl Pts',(-12.3694631307312,3.,16.4225424859374));
#12930=CARTESIAN_POINT('Ctrl Pts',(-12.4943052112743,1.19783754925658E-15,
16.3318394051381));
#12931=CARTESIAN_POINT('Ctrl Pts',(-12.4943052112743,3.,16.3318394051381));
#12932=CARTESIAN_POINT('Ctrl Pts',(-12.5016920067202,1.1743220086031E-15,
16.1860655102809));
#12933=CARTESIAN_POINT('Ctrl Pts',(-12.5016920067202,3.,16.1860655102809));
#12934=CARTESIAN_POINT('Ctrl Pts',(-12.5221165537615,1.17248006879942E-15,
16.1255370014063));
#12935=CARTESIAN_POINT('Ctrl Pts',(-12.5221165537615,3.,16.1255370014063));
#12936=CARTESIAN_POINT('Ctrl Pts',(-12.5304474822435,1.17172876358116E-15,
16.1008481464939));
#12937=CARTESIAN_POINT('Ctrl Pts',(-12.5304474822435,3.,16.1008481464939));
#12938=CARTESIAN_POINT('Ctrl Pts',(-12.5398213238519,1.1727751374663E-15,
16.0835805477248));
#12939=CARTESIAN_POINT('Ctrl Pts',(-12.5398213238519,3.,16.0835805477248));
#12940=CARTESIAN_POINT('Ctrl Pts',(-12.5617009357884,1.17380121415493E-15,
16.0617009357884));
#12941=CARTESIAN_POINT('Ctrl Pts',(-12.5617009357884,3.,16.0617009357884));
#12942=CARTESIAN_POINT('',(-12.3694631307312,3.,16.4225424859374));
#12943=CARTESIAN_POINT('Ctrl Pts',(-12.3694631307312,3.,16.4225424859374));
#12944=CARTESIAN_POINT('Ctrl Pts',(-12.4943052112743,3.,16.3318394051381));
#12945=CARTESIAN_POINT('Ctrl Pts',(-12.5016920067202,3.,16.1860655102809));
#12946=CARTESIAN_POINT('Ctrl Pts',(-12.5221165537615,3.,16.1255370014063));
#12947=CARTESIAN_POINT('Ctrl Pts',(-12.5304474822435,3.,16.1008481464939));
#12948=CARTESIAN_POINT('Ctrl Pts',(-12.5398213238519,3.,16.0835805477248));
#12949=CARTESIAN_POINT('Ctrl Pts',(-12.5617009357884,3.,16.0617009357884));
#12950=CARTESIAN_POINT('',(-12.3694631307312,1.19789691541097E-15,16.4225424859374));
#12951=CARTESIAN_POINT('Ctrl Pts',(-11.9668776743879,1.16293956266909E-15,
16.4938653318427));
#12952=CARTESIAN_POINT('Ctrl Pts',(-11.9668776743879,3.,16.4938653318427));
#12953=CARTESIAN_POINT('Ctrl Pts',(-12.0353235427404,1.16830219801132E-15,
16.4589904200044));
#12954=CARTESIAN_POINT('Ctrl Pts',(-12.0353235427404,3.,16.4589904200044));
#12955=CARTESIAN_POINT('Ctrl Pts',(-12.0820711456008,1.17778587707835E-15,
16.4964361064694));
#12956=CARTESIAN_POINT('Ctrl Pts',(-12.0820711456008,3.,16.4964361064694));
#12957=CARTESIAN_POINT('Ctrl Pts',(-12.2120492872648,1.1901961636648E-15,
16.4837422993451));
#12958=CARTESIAN_POINT('Ctrl Pts',(-12.2120492872648,3.,16.4837422993451));
#12959=CARTESIAN_POINT('Ctrl Pts',(-12.2627826204171,1.19504017201763E-15,
16.4787876266781));
#12960=CARTESIAN_POINT('Ctrl Pts',(-12.2627826204171,3.,16.4787876266781));
#12961=CARTESIAN_POINT('Ctrl Pts',(-12.3201188544605,1.1979203800946E-15,
16.4583932011617));
#12962=CARTESIAN_POINT('Ctrl Pts',(-12.3201188544605,3.,16.4583932011617));
#12963=CARTESIAN_POINT('Ctrl Pts',(-12.3694631307312,1.19789691541097E-15,
16.4225424859374));
#12964=CARTESIAN_POINT('Ctrl Pts',(-12.3694631307312,3.,16.4225424859374));
#12965=CARTESIAN_POINT('',(-11.9668776743879,3.,16.4938653318427));
#12966=CARTESIAN_POINT('Ctrl Pts',(-11.9668776743879,3.,16.4938653318427));
#12967=CARTESIAN_POINT('Ctrl Pts',(-12.0353235427404,3.,16.4589904200044));
#12968=CARTESIAN_POINT('Ctrl Pts',(-12.0820711456008,3.,16.4964361064694));
#12969=CARTESIAN_POINT('Ctrl Pts',(-12.2120492872648,3.,16.4837422993451));
#12970=CARTESIAN_POINT('Ctrl Pts',(-12.2627826204171,3.,16.4787876266781));
#12971=CARTESIAN_POINT('Ctrl Pts',(-12.3201188544605,3.,16.4583932011617));
#12972=CARTESIAN_POINT('Ctrl Pts',(-12.3694631307312,3.,16.4225424859374));
#12973=CARTESIAN_POINT('',(-11.9668776743879,1.16293956266909E-15,16.4938653318427));
#12974=CARTESIAN_POINT('Ctrl Pts',(-11.6725424859374,1.16574972456721E-15,
16.7776412907379));
#12975=CARTESIAN_POINT('Ctrl Pts',(-11.6725424859374,3.,16.7776412907379));
#12976=CARTESIAN_POINT('Ctrl Pts',(-11.8193031535547,1.17472545376838E-15,
16.7299558591967));
#12977=CARTESIAN_POINT('Ctrl Pts',(-11.8193031535547,3.,16.7299558591967));
#12978=CARTESIAN_POINT('Ctrl Pts',(-11.8713750243452,1.15815143774611E-15,
16.593599291914));
#12979=CARTESIAN_POINT('Ctrl Pts',(-11.8713750243452,3.,16.593599291914));
#12980=CARTESIAN_POINT('Ctrl Pts',(-11.9095042607876,1.15890476244963E-15,
16.5423447912653));
#12981=CARTESIAN_POINT('Ctrl Pts',(-11.9095042607876,3.,16.5423447912653));
#12982=CARTESIAN_POINT('Ctrl Pts',(-11.9250567203469,1.15921203458723E-15,
16.5214386934007));
#12983=CARTESIAN_POINT('Ctrl Pts',(-11.9250567203469,3.,16.5214386934007));
#12984=CARTESIAN_POINT('Ctrl Pts',(-11.939307754963,1.16077949913494E-15,
16.5079129074302));
#12985=CARTESIAN_POINT('Ctrl Pts',(-11.939307754963,3.,16.5079129074302));
#12986=CARTESIAN_POINT('Ctrl Pts',(-11.9668776743879,1.16293956266909E-15,
16.4938653318427));
#12987=CARTESIAN_POINT('Ctrl Pts',(-11.9668776743879,3.,16.4938653318427));
#12988=CARTESIAN_POINT('',(-11.6725424859374,3.,16.7776412907379));
#12989=CARTESIAN_POINT('Ctrl Pts',(-11.6725424859374,3.,16.7776412907379));
#12990=CARTESIAN_POINT('Ctrl Pts',(-11.8193031535547,3.,16.7299558591967));
#12991=CARTESIAN_POINT('Ctrl Pts',(-11.8713750243452,3.,16.593599291914));
#12992=CARTESIAN_POINT('Ctrl Pts',(-11.9095042607876,3.,16.5423447912653));
#12993=CARTESIAN_POINT('Ctrl Pts',(-11.9250567203469,3.,16.5214386934007));
#12994=CARTESIAN_POINT('Ctrl Pts',(-11.939307754963,3.,16.5079129074302));
#12995=CARTESIAN_POINT('Ctrl Pts',(-11.9668776743879,3.,16.4938653318427));
#12996=CARTESIAN_POINT('',(-11.6725424859374,1.16574972456721E-15,16.7776412907379));
#12997=CARTESIAN_POINT('Ctrl Pts',(-11.2676209928445,1.1143147396331E-15,
16.7210676003986));
#12998=CARTESIAN_POINT('Ctrl Pts',(-11.2676209928445,3.,16.7210676003986));
#12999=CARTESIAN_POINT('Ctrl Pts',(-11.3434938223899,1.12196771095219E-15,
16.7090505247552));
#13000=CARTESIAN_POINT('Ctrl Pts',(-11.3434938223899,3.,16.7090505247552));
#13001=CARTESIAN_POINT('Ctrl Pts',(-11.3763820812275,1.12988196172767E-15,
16.759109292605));
#13002=CARTESIAN_POINT('Ctrl Pts',(-11.3763820812275,3.,16.759109292605));
#13003=CARTESIAN_POINT('Ctrl Pts',(-11.5039212419579,1.14851256829755E-15,
16.7872022192943));
#13004=CARTESIAN_POINT('Ctrl Pts',(-11.5039212419579,3.,16.7872022192943));
#13005=CARTESIAN_POINT('Ctrl Pts',(-11.5537025871016,1.15578450462346E-15,
16.7981675076937));
#13006=CARTESIAN_POINT('Ctrl Pts',(-11.5537025871016,3.,16.7981675076937));
#13007=CARTESIAN_POINT('Ctrl Pts',(-11.6145348101834,1.16220203568292E-15,
16.796489127123));
#13008=CARTESIAN_POINT('Ctrl Pts',(-11.6145348101834,3.,16.796489127123));
#13009=CARTESIAN_POINT('Ctrl Pts',(-11.6725424859374,1.16574972456721E-15,
16.7776412907379));
#13010=CARTESIAN_POINT('Ctrl Pts',(-11.6725424859374,3.,16.7776412907379));
#13011=CARTESIAN_POINT('',(-11.2676209928445,3.,16.7210676003986));
#13012=CARTESIAN_POINT('Ctrl Pts',(-11.2676209928445,3.,16.7210676003986));
#13013=CARTESIAN_POINT('Ctrl Pts',(-11.3434938223899,3.,16.7090505247552));
#13014=CARTESIAN_POINT('Ctrl Pts',(-11.3763820812275,3.,16.759109292605));
#13015=CARTESIAN_POINT('Ctrl Pts',(-11.5039212419579,3.,16.7872022192943));
#13016=CARTESIAN_POINT('Ctrl Pts',(-11.5537025871016,3.,16.7981675076937));
#13017=CARTESIAN_POINT('Ctrl Pts',(-11.6145348101834,3.,16.796489127123));
#13018=CARTESIAN_POINT('Ctrl Pts',(-11.6725424859374,3.,16.7776412907379));
#13019=CARTESIAN_POINT('',(-11.2676209928445,1.1143147396331E-15,16.7210676003986));
#13020=CARTESIAN_POINT('Ctrl Pts',(-10.9,1.09556428394717E-15,16.9));
#13021=CARTESIAN_POINT('Ctrl Pts',(-10.9,3.,16.9));
#13022=CARTESIAN_POINT('Ctrl Pts',(-11.0543132980035,1.11269650159211E-15,
16.9));
#13023=CARTESIAN_POINT('Ctrl Pts',(-11.0543132980035,3.,16.9));
#13024=CARTESIAN_POINT('Ctrl Pts',(-11.1459730866192,1.10468639036726E-15,
16.7864082911496));
#13025=CARTESIAN_POINT('Ctrl Pts',(-11.1459730866192,3.,16.7864082911496));
#13026=CARTESIAN_POINT('Ctrl Pts',(-11.1980746571382,1.10796123890728E-15,
16.7494449463611));
#13027=CARTESIAN_POINT('Ctrl Pts',(-11.1980746571382,3.,16.7494449463611));
#13028=CARTESIAN_POINT('Ctrl Pts',(-11.2193262646729,1.10929701046301E-15,
16.7343680400647));
#13029=CARTESIAN_POINT('Ctrl Pts',(-11.2193262646729,3.,16.7343680400647));
#13030=CARTESIAN_POINT('Ctrl Pts',(-11.2370595017354,1.11123213132221E-15,
16.7259080650634));
#13031=CARTESIAN_POINT('Ctrl Pts',(-11.2370595017354,3.,16.7259080650634));
#13032=CARTESIAN_POINT('Ctrl Pts',(-11.2676209928445,1.1143147396331E-15,
16.7210676003986));
#13033=CARTESIAN_POINT('Ctrl Pts',(-11.2676209928445,3.,16.7210676003986));
#13034=CARTESIAN_POINT('',(-10.9,3.,16.9));
#13035=CARTESIAN_POINT('Ctrl Pts',(-10.9,3.,16.9));
#13036=CARTESIAN_POINT('Ctrl Pts',(-11.0543132980035,3.,16.9));
#13037=CARTESIAN_POINT('Ctrl Pts',(-11.1459730866192,3.,16.7864082911496));
#13038=CARTESIAN_POINT('Ctrl Pts',(-11.1980746571382,3.,16.7494449463611));
#13039=CARTESIAN_POINT('Ctrl Pts',(-11.2193262646729,3.,16.7343680400647));
#13040=CARTESIAN_POINT('Ctrl Pts',(-11.2370595017354,3.,16.7259080650634));
#13041=CARTESIAN_POINT('Ctrl Pts',(-11.2676209928445,3.,16.7210676003986));
#13042=CARTESIAN_POINT('',(-10.9,1.09556428394717E-15,16.9));
#13043=CARTESIAN_POINT('Ctrl Pts',(-10.5323790071555,1.03268648151478E-15,
16.7210676003986));
#13044=CARTESIAN_POINT('Ctrl Pts',(-10.5323790071555,3.,16.7210676003986));
#13045=CARTESIAN_POINT('Ctrl Pts',(-10.6082518367008,1.04188066265664E-15,
16.733084676042));
#13046=CARTESIAN_POINT('Ctrl Pts',(-10.6082518367008,3.,16.733084676042));
#13047=CARTESIAN_POINT('Ctrl Pts',(-10.6240614195951,1.04745078313291E-15,
16.7908564242995));
#13048=CARTESIAN_POINT('Ctrl Pts',(-10.6240614195951,3.,16.7908564242995));
#13049=CARTESIAN_POINT('Ctrl Pts',(-10.7366771777215,1.07047801610803E-15,
16.8569861534031));
#13050=CARTESIAN_POINT('Ctrl Pts',(-10.7366771777215,3.,16.8569861534031));
#13051=CARTESIAN_POINT('Ctrl Pts',(-10.7806335899466,1.07946605261285E-15,
16.8827980440405));
#13052=CARTESIAN_POINT('Ctrl Pts',(-10.7806335899466,3.,16.8827980440405));
#13053=CARTESIAN_POINT('Ctrl Pts',(-10.8390071202288,1.08879271400115E-15,
16.9));
#13054=CARTESIAN_POINT('Ctrl Pts',(-10.8390071202288,3.,16.9));
#13055=CARTESIAN_POINT('Ctrl Pts',(-10.9,1.09556428394717E-15,16.9));
#13056=CARTESIAN_POINT('Ctrl Pts',(-10.9,3.,16.9));
#13057=CARTESIAN_POINT('',(-10.5323790071555,3.,16.7210676003986));
#13058=CARTESIAN_POINT('Ctrl Pts',(-10.5323790071555,3.,16.7210676003986));
#13059=CARTESIAN_POINT('Ctrl Pts',(-10.6082518367008,3.,16.733084676042));
#13060=CARTESIAN_POINT('Ctrl Pts',(-10.6240614195951,3.,16.7908564242995));
#13061=CARTESIAN_POINT('Ctrl Pts',(-10.7366771777215,3.,16.8569861534031));
#13062=CARTESIAN_POINT('Ctrl Pts',(-10.7806335899466,3.,16.8827980440405));
#13063=CARTESIAN_POINT('Ctrl Pts',(-10.8390071202288,3.,16.9));
#13064=CARTESIAN_POINT('Ctrl Pts',(-10.9,3.,16.9));
#13065=CARTESIAN_POINT('',(-10.5323790071555,1.03268648151478E-15,16.7210676003986));
#13066=CARTESIAN_POINT('Ctrl Pts',(-10.1274575140626,9.94210833489448E-16,
16.7776412907379));
#13067=CARTESIAN_POINT('Ctrl Pts',(-10.1274575140626,3.,16.7776412907379));
#13068=CARTESIAN_POINT('Ctrl Pts',(-10.2742181816798,1.01782251874787E-15,
16.825326722279));
#13069=CARTESIAN_POINT('Ctrl Pts',(-10.2742181816798,3.,16.825326722279));
#13070=CARTESIAN_POINT('Ctrl Pts',(-10.3964935893801,1.01916039781679E-15,
16.7456190197627));
#13071=CARTESIAN_POINT('Ctrl Pts',(-10.3964935893801,3.,16.7456190197627));
#13072=CARTESIAN_POINT('Ctrl Pts',(-10.4574674292396,1.02463620520108E-15,
16.7265650605617));
#13073=CARTESIAN_POINT('Ctrl Pts',(-10.4574674292396,3.,16.7265650605617));
#13074=CARTESIAN_POINT('Ctrl Pts',(-10.4823379293354,1.02686972154824E-15,
16.7187931784689));
#13075=CARTESIAN_POINT('Ctrl Pts',(-10.4823379293354,3.,16.7187931784689));
#13076=CARTESIAN_POINT('Ctrl Pts',(-10.5018175160463,1.02898307560641E-15,
16.7162271357338));
#13077=CARTESIAN_POINT('Ctrl Pts',(-10.5018175160463,3.,16.7162271357338));
#13078=CARTESIAN_POINT('Ctrl Pts',(-10.5323790071555,1.03268648151478E-15,
16.7210676003986));
#13079=CARTESIAN_POINT('Ctrl Pts',(-10.5323790071555,3.,16.7210676003986));
#13080=CARTESIAN_POINT('',(-10.1274575140626,3.,16.7776412907379));
#13081=CARTESIAN_POINT('Ctrl Pts',(-10.1274575140626,3.,16.7776412907379));
#13082=CARTESIAN_POINT('Ctrl Pts',(-10.2742181816798,3.,16.825326722279));
#13083=CARTESIAN_POINT('Ctrl Pts',(-10.3964935893801,3.,16.7456190197627));
#13084=CARTESIAN_POINT('Ctrl Pts',(-10.4574674292396,3.,16.7265650605617));
#13085=CARTESIAN_POINT('Ctrl Pts',(-10.4823379293354,3.,16.7187931784689));
#13086=CARTESIAN_POINT('Ctrl Pts',(-10.5018175160463,3.,16.7162271357338));
#13087=CARTESIAN_POINT('Ctrl Pts',(-10.5323790071555,3.,16.7210676003986));
#13088=CARTESIAN_POINT('',(-10.1274575140626,9.94210833489448E-16,16.7776412907379));
#13089=CARTESIAN_POINT('Ctrl Pts',(-9.83312232561207,9.26045130956283E-16,
16.4938653318427));
#13090=CARTESIAN_POINT('Ctrl Pts',(-9.83312232561207,3.,16.4938653318427));
#13091=CARTESIAN_POINT('Ctrl Pts',(-9.90156819396445,9.35880531411106E-16,
16.5287402436809));
#13092=CARTESIAN_POINT('Ctrl Pts',(-9.90156819396445,3.,16.5287402436809));
#13093=CARTESIAN_POINT('Ctrl Pts',(-9.89875154878962,9.38561279386623E-16,
16.5885698711074));
#13094=CARTESIAN_POINT('Ctrl Pts',(-9.89875154878962,3.,16.5885698711074));
#13095=CARTESIAN_POINT('Ctrl Pts',(-9.98542028926691,9.6373107276325E-16,
16.6862631639877));
#13096=CARTESIAN_POINT('Ctrl Pts',(-9.98542028926691,3.,16.6862631639877));
#13097=CARTESIAN_POINT('Ctrl Pts',(-10.0192490086826,9.73555397810559E-16,
16.7243950091657));
#13098=CARTESIAN_POINT('Ctrl Pts',(-10.0192490086826,3.,16.7243950091657));
#13099=CARTESIAN_POINT('Ctrl Pts',(-10.0694498383087,9.84878230928327E-16,
16.7587934543527));
#13100=CARTESIAN_POINT('Ctrl Pts',(-10.0694498383087,3.,16.7587934543527));
#13101=CARTESIAN_POINT('Ctrl Pts',(-10.1274575140626,9.94210833489449E-16,
16.7776412907379));
#13102=CARTESIAN_POINT('Ctrl Pts',(-10.1274575140626,3.,16.7776412907379));
#13103=CARTESIAN_POINT('',(-9.83312232561207,3.,16.4938653318427));
#13104=CARTESIAN_POINT('Ctrl Pts',(-9.83312232561207,3.,16.4938653318427));
#13105=CARTESIAN_POINT('Ctrl Pts',(-9.90156819396445,3.,16.5287402436809));
#13106=CARTESIAN_POINT('Ctrl Pts',(-9.89875154878962,3.,16.5885698711074));
#13107=CARTESIAN_POINT('Ctrl Pts',(-9.98542028926691,3.,16.6862631639877));
#13108=CARTESIAN_POINT('Ctrl Pts',(-10.0192490086826,3.,16.7243950091657));
#13109=CARTESIAN_POINT('Ctrl Pts',(-10.0694498383087,3.,16.7587934543527));
#13110=CARTESIAN_POINT('Ctrl Pts',(-10.1274575140626,3.,16.7776412907379));
#13111=CARTESIAN_POINT('',(-9.83312232561207,9.26045130956282E-16,16.4938653318427));
#13112=CARTESIAN_POINT('Ctrl Pts',(-9.43053686926881,8.71610555095862E-16,
16.4225424859374));
#13113=CARTESIAN_POINT('Ctrl Pts',(-9.43053686926881,3.,16.4225424859374));
#13114=CARTESIAN_POINT('Ctrl Pts',(-9.55537894981167,8.99390431702402E-16,
16.5132455667364));
#13115=CARTESIAN_POINT('Ctrl Pts',(-9.55537894981167,3.,16.5132455667364));
#13116=CARTESIAN_POINT('Ctrl Pts',(-9.69630080774772,9.09945340140288E-16,
16.4752242158329));
#13117=CARTESIAN_POINT('Ctrl Pts',(-9.69630080774772,3.,16.4752242158329));
#13118=CARTESIAN_POINT('Ctrl Pts',(-9.76017837267303,9.1708609618987E-16,
16.4759447765024));
#13119=CARTESIAN_POINT('Ctrl Pts',(-9.76017837267303,3.,16.4759447765024));
#13120=CARTESIAN_POINT('Ctrl Pts',(-9.78623326749756,9.19998725186563E-16,
16.4762386845824));
#13121=CARTESIAN_POINT('Ctrl Pts',(-9.78623326749756,3.,16.4762386845824));
#13122=CARTESIAN_POINT('Ctrl Pts',(-9.80555240618706,9.22083442623889E-16,
16.4798177562551));
#13123=CARTESIAN_POINT('Ctrl Pts',(-9.80555240618706,3.,16.4798177562551));
#13124=CARTESIAN_POINT('Ctrl Pts',(-9.83312232561207,9.26045130956283E-16,
16.4938653318427));
#13125=CARTESIAN_POINT('Ctrl Pts',(-9.83312232561207,3.,16.4938653318427));
#13126=CARTESIAN_POINT('',(-9.43053686926881,3.,16.4225424859374));
#13127=CARTESIAN_POINT('Ctrl Pts',(-9.43053686926881,3.,16.4225424859374));
#13128=CARTESIAN_POINT('Ctrl Pts',(-9.55537894981167,3.,16.5132455667364));
#13129=CARTESIAN_POINT('Ctrl Pts',(-9.69630080774772,3.,16.4752242158329));
#13130=CARTESIAN_POINT('Ctrl Pts',(-9.76017837267303,3.,16.4759447765024));
#13131=CARTESIAN_POINT('Ctrl Pts',(-9.78623326749756,3.,16.4762386845824));
#13132=CARTESIAN_POINT('Ctrl Pts',(-9.80555240618706,3.,16.4798177562551));
#13133=CARTESIAN_POINT('Ctrl Pts',(-9.83312232561207,3.,16.4938653318427));
#13134=CARTESIAN_POINT('',(-9.43053686926881,8.71610555095862E-16,16.4225424859374));
#13135=CARTESIAN_POINT('Ctrl Pts',(-9.23829906421162,8.04829486364242E-16,
16.0617009357884));
#13136=CARTESIAN_POINT('Ctrl Pts',(-9.23829906421162,3.,16.0617009357884));
#13137=CARTESIAN_POINT('Ctrl Pts',(-9.29261801288628,8.14343348608249E-16,
16.116019884463));
#13138=CARTESIAN_POINT('Ctrl Pts',(-9.29261801288628,3.,16.116019884463));
#13139=CARTESIAN_POINT('Ctrl Pts',(-9.27145085249675,8.13872313793306E-16,
16.1720508502684));
#13140=CARTESIAN_POINT('Ctrl Pts',(-9.27145085249675,3.,16.1720508502684));
#13141=CARTESIAN_POINT('Ctrl Pts',(-9.32368883515039,8.38720872827487E-16,
16.2917448067492));
#13142=CARTESIAN_POINT('Ctrl Pts',(-9.32368883515039,3.,16.2917448067492));
#13143=CARTESIAN_POINT('Ctrl Pts',(-9.34407847100179,8.48419813031554E-16,
16.3384639957814));
#13144=CARTESIAN_POINT('Ctrl Pts',(-9.34407847100179,3.,16.3384639957814));
#13145=CARTESIAN_POINT('Ctrl Pts',(-9.38119259299815,8.60630460082404E-16,
16.3866917707131));
#13146=CARTESIAN_POINT('Ctrl Pts',(-9.38119259299815,3.,16.3866917707131));
#13147=CARTESIAN_POINT('Ctrl Pts',(-9.43053686926881,8.71610555095862E-16,
16.4225424859374));
#13148=CARTESIAN_POINT('Ctrl Pts',(-9.43053686926881,3.,16.4225424859374));
#13149=CARTESIAN_POINT('',(-9.23829906421161,3.,16.0617009357884));
#13150=CARTESIAN_POINT('Ctrl Pts',(-9.23829906421162,3.,16.0617009357884));
#13151=CARTESIAN_POINT('Ctrl Pts',(-9.29261801288628,3.,16.116019884463));
#13152=CARTESIAN_POINT('Ctrl Pts',(-9.27145085249675,3.,16.1720508502684));
#13153=CARTESIAN_POINT('Ctrl Pts',(-9.32368883515039,3.,16.2917448067492));
#13154=CARTESIAN_POINT('Ctrl Pts',(-9.34407847100179,3.,16.3384639957814));
#13155=CARTESIAN_POINT('Ctrl Pts',(-9.38119259299815,3.,16.3866917707131));
#13156=CARTESIAN_POINT('Ctrl Pts',(-9.43053686926881,3.,16.4225424859374));
#13157=CARTESIAN_POINT('',(-9.23829906421161,8.04829486364239E-16,16.0617009357884));
#13158=CARTESIAN_POINT('Ctrl Pts',(-8.87745751406263,7.39764418221947E-16,
15.8694631307312));
#13159=CARTESIAN_POINT('Ctrl Pts',(-8.87745751406263,3.,15.8694631307312));
#13160=CARTESIAN_POINT('Ctrl Pts',(-8.96816059486176,7.68993198300591E-16,
15.9943052112741));
#13161=CARTESIAN_POINT('Ctrl Pts',(-8.96816059486176,3.,15.9943052112741));
#13162=CARTESIAN_POINT('Ctrl Pts',(-9.11393448971869,7.87731948129182E-16,
16.0016920067201));
#13163=CARTESIAN_POINT('Ctrl Pts',(-9.11393448971869,3.,16.0016920067201));
#13164=CARTESIAN_POINT('Ctrl Pts',(-9.17446299859355,7.95838665889334E-16,
16.0221165537614));
#13165=CARTESIAN_POINT('Ctrl Pts',(-9.17446299859355,3.,16.0221165537614));
#13166=CARTESIAN_POINT('Ctrl Pts',(-9.19915185350621,7.99145299115872E-16,
16.0304474822435));
#13167=CARTESIAN_POINT('Ctrl Pts',(-9.19915185350621,3.,16.0304474822435));
#13168=CARTESIAN_POINT('Ctrl Pts',(-9.21641945227511,8.00997313264516E-16,
16.0398213238519));
#13169=CARTESIAN_POINT('Ctrl Pts',(-9.21641945227511,3.,16.0398213238519));
#13170=CARTESIAN_POINT('Ctrl Pts',(-9.23829906421161,8.04829486364239E-16,
16.0617009357884));
#13171=CARTESIAN_POINT('Ctrl Pts',(-9.23829906421161,3.,16.0617009357884));
#13172=CARTESIAN_POINT('Ctrl Pts',(-8.87745751406263,3.,15.8694631307312));
#13173=CARTESIAN_POINT('Ctrl Pts',(-8.96816059486176,3.,15.9943052112741));
#13174=CARTESIAN_POINT('Ctrl Pts',(-9.11393448971869,3.,16.0016920067201));
#13175=CARTESIAN_POINT('Ctrl Pts',(-9.17446299859355,3.,16.0221165537614));
#13176=CARTESIAN_POINT('Ctrl Pts',(-9.19915185350621,3.,16.0304474822435));
#13177=CARTESIAN_POINT('Ctrl Pts',(-9.21641945227511,3.,16.0398213238519));
#13178=CARTESIAN_POINT('Ctrl Pts',(-9.23829906421161,3.,16.0617009357884));
#13179=CARTESIAN_POINT('Origin',(-10.9,3.,14.4));
#13180=CARTESIAN_POINT('',(0.,0.,0.));
#13181=CARTESIAN_POINT('',(0.,0.,0.));
#13182=CARTESIAN_POINT('',(-2.37836076582631E-7,-1.31784948766158E-14,1.60018100324389E-8));
#13183=CARTESIAN_POINT('',(-1.86956384606504E-7,-1.53503971475545E-6,6.80349876604569E-8));
#13184=CARTESIAN_POINT('',(0.,0.,0.));
#13185=CARTESIAN_POINT('',(0.,0.,0.));
#13186=UNCERTAINTY_MEASURE_WITH_UNIT(LENGTH_MEASURE(0.01),#13210,
'DISTANCE_ACCURACY_VALUE',
'Maximum model space distance between geometric entities at asserted c
onnectivities');
#13187=UNCERTAINTY_MEASURE_WITH_UNIT(LENGTH_MEASURE(0.01),#13210,
'DISTANCE_ACCURACY_VALUE',
'Maximum model space distance between geometric entities at asserted c
onnectivities');
#13188=UNCERTAINTY_MEASURE_WITH_UNIT(LENGTH_MEASURE(0.01),#13210,
'DISTANCE_ACCURACY_VALUE',
'Maximum model space distance between geometric entities at asserted c
onnectivities');
#13189=UNCERTAINTY_MEASURE_WITH_UNIT(LENGTH_MEASURE(0.01),#13210,
'DISTANCE_ACCURACY_VALUE',
'Maximum model space distance between geometric entities at asserted c
onnectivities');
#13190=UNCERTAINTY_MEASURE_WITH_UNIT(LENGTH_MEASURE(0.01),#13210,
'DISTANCE_ACCURACY_VALUE',
'Maximum model space distance between geometric entities at asserted c
onnectivities');
#13191=UNCERTAINTY_MEASURE_WITH_UNIT(LENGTH_MEASURE(0.01),#13210,
'DISTANCE_ACCURACY_VALUE',
'Maximum model space distance between geometric entities at asserted c
onnectivities');
#13192=UNCERTAINTY_MEASURE_WITH_UNIT(LENGTH_MEASURE(0.01),#13210,
'DISTANCE_ACCURACY_VALUE',
'Maximum model space distance between geometric entities at asserted c
onnectivities');
#13193=UNCERTAINTY_MEASURE_WITH_UNIT(LENGTH_MEASURE(0.01),#13210,
'DISTANCE_ACCURACY_VALUE',
'Maximum model space distance between geometric entities at asserted c
onnectivities');
#13194=UNCERTAINTY_MEASURE_WITH_UNIT(LENGTH_MEASURE(0.01),#13210,
'DISTANCE_ACCURACY_VALUE',
'Maximum model space distance between geometric entities at asserted c
onnectivities');
#13195=UNCERTAINTY_MEASURE_WITH_UNIT(LENGTH_MEASURE(0.01),#13210,
'DISTANCE_ACCURACY_VALUE',
'Maximum model space distance between geometric entities at asserted c
onnectivities');
#13196=UNCERTAINTY_MEASURE_WITH_UNIT(LENGTH_MEASURE(0.01),#13210,
'DISTANCE_ACCURACY_VALUE',
'Maximum model space distance between geometric entities at asserted c
onnectivities');
#13197=UNCERTAINTY_MEASURE_WITH_UNIT(LENGTH_MEASURE(0.01),#13210,
'DISTANCE_ACCURACY_VALUE',
'Maximum model space distance between geometric entities at asserted c
onnectivities');
#13198=(
GEOMETRIC_REPRESENTATION_CONTEXT(3)
GLOBAL_UNCERTAINTY_ASSIGNED_CONTEXT((#13186))
GLOBAL_UNIT_ASSIGNED_CONTEXT((#13210,#13212,#13213))
REPRESENTATION_CONTEXT('','3D')
);
#13199=(
GEOMETRIC_REPRESENTATION_CONTEXT(3)
GLOBAL_UNCERTAINTY_ASSIGNED_CONTEXT((#13187))
GLOBAL_UNIT_ASSIGNED_CONTEXT((#13210,#13212,#13213))
REPRESENTATION_CONTEXT('','3D')
);
#13200=(
GEOMETRIC_REPRESENTATION_CONTEXT(3)
GLOBAL_UNCERTAINTY_ASSIGNED_CONTEXT((#13188))
GLOBAL_UNIT_ASSIGNED_CONTEXT((#13210,#13212,#13213))
REPRESENTATION_CONTEXT('','3D')
);
#13201=(
GEOMETRIC_REPRESENTATION_CONTEXT(3)
GLOBAL_UNCERTAINTY_ASSIGNED_CONTEXT((#13189))
GLOBAL_UNIT_ASSIGNED_CONTEXT((#13210,#13212,#13213))
REPRESENTATION_CONTEXT('','3D')
);
#13202=(
GEOMETRIC_REPRESENTATION_CONTEXT(3)
GLOBAL_UNCERTAINTY_ASSIGNED_CONTEXT((#13190))
GLOBAL_UNIT_ASSIGNED_CONTEXT((#13210,#13212,#13213))
REPRESENTATION_CONTEXT('','3D')
);
#13203=(
GEOMETRIC_REPRESENTATION_CONTEXT(3)
GLOBAL_UNCERTAINTY_ASSIGNED_CONTEXT((#13191))
GLOBAL_UNIT_ASSIGNED_CONTEXT((#13210,#13212,#13213))
REPRESENTATION_CONTEXT('','3D')
);
#13204=(
GEOMETRIC_REPRESENTATION_CONTEXT(3)
GLOBAL_UNCERTAINTY_ASSIGNED_CONTEXT((#13192))
GLOBAL_UNIT_ASSIGNED_CONTEXT((#13210,#13212,#13213))
REPRESENTATION_CONTEXT('','3D')
);
#13205=(
GEOMETRIC_REPRESENTATION_CONTEXT(3)
GLOBAL_UNCERTAINTY_ASSIGNED_CONTEXT((#13193))
GLOBAL_UNIT_ASSIGNED_CONTEXT((#13210,#13212,#13213))
REPRESENTATION_CONTEXT('','3D')
);
#13206=(
GEOMETRIC_REPRESENTATION_CONTEXT(3)
GLOBAL_UNCERTAINTY_ASSIGNED_CONTEXT((#13194))
GLOBAL_UNIT_ASSIGNED_CONTEXT((#13210,#13212,#13213))
REPRESENTATION_CONTEXT('','3D')
);
#13207=(
GEOMETRIC_REPRESENTATION_CONTEXT(3)
GLOBAL_UNCERTAINTY_ASSIGNED_CONTEXT((#13195))
GLOBAL_UNIT_ASSIGNED_CONTEXT((#13210,#13212,#13213))
REPRESENTATION_CONTEXT('','3D')
);
#13208=(
GEOMETRIC_REPRESENTATION_CONTEXT(3)
GLOBAL_UNCERTAINTY_ASSIGNED_CONTEXT((#13196))
GLOBAL_UNIT_ASSIGNED_CONTEXT((#13210,#13212,#13213))
REPRESENTATION_CONTEXT('','3D')
);
#13209=(
GEOMETRIC_REPRESENTATION_CONTEXT(3)
GLOBAL_UNCERTAINTY_ASSIGNED_CONTEXT((#13197))
GLOBAL_UNIT_ASSIGNED_CONTEXT((#13210,#13212,#13213))
REPRESENTATION_CONTEXT('','3D')
);
#13210=(
LENGTH_UNIT()
NAMED_UNIT(*)
SI_UNIT(.MILLI.,.METRE.)
);
#13211=(
LENGTH_UNIT()
NAMED_UNIT(*)
SI_UNIT($,.METRE.)
);
#13212=(
NAMED_UNIT(*)
PLANE_ANGLE_UNIT()
SI_UNIT($,.RADIAN.)
);
#13213=(
NAMED_UNIT(*)
SI_UNIT($,.STERADIAN.)
SOLID_ANGLE_UNIT()
);
#13214=SHAPE_DEFINITION_REPRESENTATION(#13225,#13246);
#13215=SHAPE_DEFINITION_REPRESENTATION(#13226,#13247);
#13216=SHAPE_DEFINITION_REPRESENTATION(#13227,#13248);
#13217=SHAPE_DEFINITION_REPRESENTATION(#13228,#13249);
#13218=SHAPE_DEFINITION_REPRESENTATION(#13229,#13250);
#13219=SHAPE_DEFINITION_REPRESENTATION(#13230,#13251);
#13220=SHAPE_DEFINITION_REPRESENTATION(#13231,#13252);
#13221=SHAPE_DEFINITION_REPRESENTATION(#13232,#13253);
#13222=SHAPE_DEFINITION_REPRESENTATION(#13233,#13254);
#13223=SHAPE_DEFINITION_REPRESENTATION(#13234,#13255);
#13224=SHAPE_DEFINITION_REPRESENTATION(#13239,#13256);
#13225=PRODUCT_DEFINITION_SHAPE('',$,#13258);
#13226=PRODUCT_DEFINITION_SHAPE('',$,#13259);
#13227=PRODUCT_DEFINITION_SHAPE('',$,#13260);
#13228=PRODUCT_DEFINITION_SHAPE('',$,#13261);
#13229=PRODUCT_DEFINITION_SHAPE('',$,#13262);
#13230=PRODUCT_DEFINITION_SHAPE('',$,#13263);
#13231=PRODUCT_DEFINITION_SHAPE('',$,#13264);
#13232=PRODUCT_DEFINITION_SHAPE('',$,#13265);
#13233=PRODUCT_DEFINITION_SHAPE('',$,#13266);
#13234=PRODUCT_DEFINITION_SHAPE('',$,#13267);
#13235=PRODUCT_DEFINITION_SHAPE($,$,#41);
#13236=PRODUCT_DEFINITION_SHAPE($,$,#42);
#13237=PRODUCT_DEFINITION_SHAPE($,$,#43);
#13238=PRODUCT_DEFINITION_SHAPE($,$,#44);
#13239=PRODUCT_DEFINITION_SHAPE('',$,#13268);
#13240=PRODUCT_DEFINITION_SHAPE($,$,#45);
#13241=PRODUCT_DEFINITION_SHAPE($,$,#46);
#13242=PRODUCT_DEFINITION_SHAPE($,$,#47);
#13243=PRODUCT_DEFINITION_SHAPE($,$,#48);
#13244=PRODUCT_DEFINITION_SHAPE($,$,#49);
#13245=PRODUCT_DEFINITION_SHAPE($,$,#50);
#13246=SHAPE_REPRESENTATION('',(#5852,#6390,#6391,#6392,#6393,#6394,#6395),
#13198);
#13247=SHAPE_REPRESENTATION('',(#5853),#13199);
#13248=SHAPE_REPRESENTATION('',(#5922),#13200);
#13249=SHAPE_REPRESENTATION('',(#5974),#13201);
#13250=SHAPE_REPRESENTATION('',(#6069),#13202);
#13251=SHAPE_REPRESENTATION('',(#6116,#6358,#6359,#6360,#6361),#13203);
#13252=SHAPE_REPRESENTATION('',(#6117),#13204);
#13253=SHAPE_REPRESENTATION('',(#6185),#13205);
#13254=SHAPE_REPRESENTATION('',(#6283),#13206);
#13255=SHAPE_REPRESENTATION('',(#6313),#13207);
#13256=SHAPE_REPRESENTATION('',(#6362),#13208);
#13257=PRODUCT_DEFINITION_CONTEXT('part definition',#13292,'design');
#13258=PRODUCT_DEFINITION('ONE-LEG','ONE-LEG',#13269,#13257);
#13259=PRODUCT_DEFINITION('\X2\819D76D64F2052A8\X0\1','\X2\819D76D64F2052A8\X0\1',
#13270,#13257);
#13260=PRODUCT_DEFINITION('\X2\819D76D68F6C52A8\X0\','\X2\819D76D68F6C52A8\X0\',
#13271,#13257);
#13261=PRODUCT_DEFINITION('\X2\819D76D64F2052A8\X0\2','\X2\819D76D64F2052A8\X0\2',
#13272,#13257);
#13262=PRODUCT_DEFINITION('\X2\5C0F817F\X0\','\X2\5C0F817F\X0\',#13273,
#13257);
#13263=PRODUCT_DEFINITION('\X2\5927817F90E85206\X0\','\X2\5927817F90E85206\X0\',
#13274,#13257);
#13264=PRODUCT_DEFINITION('\X2\5927817F4E3B52A8529B53D1751F5668\X0\',
'\X2\5927817F4E3B52A8529B53D1751F5668\X0\',#13275,#13257);
#13265=PRODUCT_DEFINITION('\X2\5C0F817F4FDD630167B6\X0\',
'\X2\5C0F817F4FDD630167B6\X0\',#13276,#13257);
#13266=PRODUCT_DEFINITION('\X2\9ACB517382824FDD630167B6\X0\',
'\X2\9ACB517382824FDD630167B6\X0\',#13277,#13257);
#13267=PRODUCT_DEFINITION('\X2\5927817F76D6677F\X0\','\X2\5927817F76D6677F\X0\',
#13278,#13257);
#13268=PRODUCT_DEFINITION('\X2\819D76D652A8529B53D1751F5668\X0\',
'\X2\819D76D652A8529B53D1751F5668\X0\',#13279,#13257);
#13269=PRODUCT_DEFINITION_FORMATION('',$,#13294);
#13270=PRODUCT_DEFINITION_FORMATION('',$,#13295);
#13271=PRODUCT_DEFINITION_FORMATION('',$,#13296);
#13272=PRODUCT_DEFINITION_FORMATION('',$,#13297);
#13273=PRODUCT_DEFINITION_FORMATION('',$,#13298);
#13274=PRODUCT_DEFINITION_FORMATION('',$,#13299);
#13275=PRODUCT_DEFINITION_FORMATION('',$,#13300);
#13276=PRODUCT_DEFINITION_FORMATION('',$,#13301);
#13277=PRODUCT_DEFINITION_FORMATION('',$,#13302);
#13278=PRODUCT_DEFINITION_FORMATION('',$,#13303);
#13279=PRODUCT_DEFINITION_FORMATION('',$,#13304);
#13280=PRODUCT_RELATED_PRODUCT_CATEGORY('ONE-LEG','ONE-LEG',(#13294));
#13281=PRODUCT_RELATED_PRODUCT_CATEGORY('\X2\819D76D64F2052A8\X0\1',
'\X2\819D76D64F2052A8\X0\1',(#13295));
#13282=PRODUCT_RELATED_PRODUCT_CATEGORY('\X2\819D76D68F6C52A8\X0\',
'\X2\819D76D68F6C52A8\X0\',(#13296));
#13283=PRODUCT_RELATED_PRODUCT_CATEGORY('\X2\819D76D64F2052A8\X0\2',
'\X2\819D76D64F2052A8\X0\2',(#13297));
#13284=PRODUCT_RELATED_PRODUCT_CATEGORY('\X2\5C0F817F\X0\','\X2\5C0F817F\X0\',
(#13298));
#13285=PRODUCT_RELATED_PRODUCT_CATEGORY('\X2\5927817F90E85206\X0\',
'\X2\5927817F90E85206\X0\',(#13299));
#13286=PRODUCT_RELATED_PRODUCT_CATEGORY('\X2\5927817F4E3B52A8529B53D1751F5668\X0\',
'\X2\5927817F4E3B52A8529B53D1751F5668\X0\',(#13300));
#13287=PRODUCT_RELATED_PRODUCT_CATEGORY('\X2\5C0F817F4FDD630167B6\X0\',
'\X2\5C0F817F4FDD630167B6\X0\',(#13301));
#13288=PRODUCT_RELATED_PRODUCT_CATEGORY('\X2\9ACB517382824FDD630167B6\X0\',
'\X2\9ACB517382824FDD630167B6\X0\',(#13302));
#13289=PRODUCT_RELATED_PRODUCT_CATEGORY('\X2\5927817F76D6677F\X0\',
'\X2\5927817F76D6677F\X0\',(#13303));
#13290=PRODUCT_RELATED_PRODUCT_CATEGORY('\X2\819D76D652A8529B53D1751F5668\X0\',
'\X2\819D76D652A8529B53D1751F5668\X0\',(#13304));
#13291=APPLICATION_PROTOCOL_DEFINITION('international standard',
'automotive_design',2009,#13292);
#13292=APPLICATION_CONTEXT(
'Core Data for Automotive Mechanical Design Process');
#13293=PRODUCT_CONTEXT('part definition',#13292,'mechanical');
#13294=PRODUCT('ONE-LEG','ONE-LEG',$,(#13293));
#13295=PRODUCT('\X2\819D76D64F2052A8\X0\1','\X2\819D76D64F2052A8\X0\1',
$,(#13293));
#13296=PRODUCT('\X2\819D76D68F6C52A8\X0\','\X2\819D76D68F6C52A8\X0\',$,
(#13293));
#13297=PRODUCT('\X2\819D76D64F2052A8\X0\2','\X2\819D76D64F2052A8\X0\2',
$,(#13293));
#13298=PRODUCT('\X2\5C0F817F\X0\','\X2\5C0F817F\X0\',$,(#13293));
#13299=PRODUCT('\X2\5927817F90E85206\X0\','\X2\5927817F90E85206\X0\',$,
(#13293));
#13300=PRODUCT('\X2\5927817F4E3B52A8529B53D1751F5668\X0\',
'\X2\5927817F4E3B52A8529B53D1751F5668\X0\',$,(#13293));
#13301=PRODUCT('\X2\5C0F817F4FDD630167B6\X0\','\X2\5C0F817F4FDD630167B6\X0\',
$,(#13293));
#13302=PRODUCT('\X2\9ACB517382824FDD630167B6\X0\','\X2\9ACB517382824FDD630167B6\X0\',
$,(#13293));
#13303=PRODUCT('\X2\5927817F76D6677F\X0\','\X2\5927817F76D6677F\X0\',$,
(#13293));
#13304=PRODUCT('\X2\819D76D652A8529B53D1751F5668\X0\',
'\X2\819D76D652A8529B53D1751F5668\X0\',$,(#13293));
#13305=PRESENTATION_STYLE_ASSIGNMENT((#13306));
#13306=SURFACE_STYLE_USAGE(.BOTH.,#13307);
#13307=SURFACE_SIDE_STYLE('',(#13308));
#13308=SURFACE_STYLE_FILL_AREA(#13309);
#13309=FILL_AREA_STYLE('\X2\94A2\X0\ - \X2\7F0E5149\X0\',(#13310));
#13310=FILL_AREA_STYLE_COLOUR('\X2\94A2\X0\ - \X2\7F0E5149\X0\',#13311);
#13311=COLOUR_RGB('\X2\94A2\X0\ - \X2\7F0E5149\X0\',0.627450980392157,0.627450980392157,
0.627450980392157);
ENDSEC;
END-ISO-10303-21;
