ISO-10303-21;
HEADER;
/* Generated by software containing ST-Developer
 * from STEP Tools, Inc. (www.steptools.com) 
 */

FILE_DESCRIPTION(
/* description */ (''),
/* implementation_level */ '2;1');

FILE_NAME(
/* name */ 'servo_mg90s v2_servo_mg90s v2.step',
/* time_stamp */ '2026-07-14T16:58:24+08:00',
/* author */ (''),
/* organization */ (''),
/* preprocessor_version */ 'ST-DEVELOPER v20.1',
/* originating_system */ 'Autodesk Translation Framework v15.8.0.0',
/* authorisation */ '');

FILE_SCHEMA (('AUTOMOTIVE_DESIGN { 1 0 10303 214 3 1 1 }'));
ENDSEC;

DATA;
#10=MECHANICAL_DESIGN_GEOMETRIC_PRESENTATION_REPRESENTATION('',(#135,#136,
#137,#138,#139,#140,#141,#142,#143,#144,#145,#146,#147,#148,#149,#150,#151,
#152,#153,#154,#155,#156),#3811);
#11=SHAPE_REPRESENTATION_RELATIONSHIP('SRR','None',#3818,#12);
#12=ADVANCED_BREP_SHAPE_REPRESENTATION('',(#133,#134),#3810);
#13=(
BOUNDED_CURVE()
B_SPLINE_CURVE(5,(#2102,#2103,#2104,#2105,#2106,#2107,#2108,#2109,#2110,
#2111),.UNSPECIFIED.,.F.,.F.)
B_SPLINE_CURVE_WITH_KNOTS((6,1,1,1,1,6),(-1.,-0.8,-0.6,-0.4,-0.2,0.),
 .UNSPECIFIED.)
CURVE()
GEOMETRIC_REPRESENTATION_ITEM()
RATIONAL_B_SPLINE_CURVE((1.,1.,1.,1.,1.,1.,1.,1.,1.,1.))
REPRESENTATION_ITEM('')
);
#14=(
BOUNDED_CURVE()
B_SPLINE_CURVE(5,(#2115,#2116,#2117,#2118,#2119,#2120,#2121,#2122,#2123,
#2124),.UNSPECIFIED.,.F.,.F.)
B_SPLINE_CURVE_WITH_KNOTS((6,1,1,1,1,6),(0.,0.2,0.4,0.6,0.8,1.),
 .UNSPECIFIED.)
CURVE()
GEOMETRIC_REPRESENTATION_ITEM()
RATIONAL_B_SPLINE_CURVE((1.,1.,1.,1.,1.,1.,1.,1.,1.,1.))
REPRESENTATION_ITEM('')
);
#15=(
BOUNDED_CURVE()
B_SPLINE_CURVE(5,(#2147,#2148,#2149,#2150,#2151,#2152,#2153,#2154,#2155,
#2156),.UNSPECIFIED.,.F.,.F.)
B_SPLINE_CURVE_WITH_KNOTS((6,1,1,1,1,6),(0.,0.2,0.4,0.6,0.8,1.),
 .UNSPECIFIED.)
CURVE()
GEOMETRIC_REPRESENTATION_ITEM()
RATIONAL_B_SPLINE_CURVE((1.,1.,1.,1.,1.,1.,1.,1.,1.,1.))
REPRESENTATION_ITEM('')
);
#16=(
BOUNDED_CURVE()
B_SPLINE_CURVE(5,(#2159,#2160,#2161,#2162,#2163,#2164,#2165,#2166,#2167,
#2168),.UNSPECIFIED.,.F.,.F.)
B_SPLINE_CURVE_WITH_KNOTS((6,1,1,1,1,6),(-1.,-0.8,-0.6,-0.4,-0.2,0.),
 .UNSPECIFIED.)
CURVE()
GEOMETRIC_REPRESENTATION_ITEM()
RATIONAL_B_SPLINE_CURVE((1.,1.,1.,1.,1.,1.,1.,1.,1.,1.))
REPRESENTATION_ITEM('')
);
#17=(
BOUNDED_CURVE()
B_SPLINE_CURVE(5,(#2171,#2172,#2173,#2174,#2175,#2176,#2177,#2178,#2179,
#2180),.UNSPECIFIED.,.F.,.F.)
B_SPLINE_CURVE_WITH_KNOTS((6,1,1,1,1,6),(0.,0.2,0.4,0.6,0.8,1.),
 .UNSPECIFIED.)
CURVE()
GEOMETRIC_REPRESENTATION_ITEM()
RATIONAL_B_SPLINE_CURVE((1.,1.,1.,1.,1.,1.,1.,1.,1.,1.))
REPRESENTATION_ITEM('')
);
#18=(
BOUNDED_CURVE()
B_SPLINE_CURVE(5,(#2182,#2183,#2184,#2185,#2186,#2187,#2188,#2189,#2190,
#2191),.UNSPECIFIED.,.F.,.F.)
B_SPLINE_CURVE_WITH_KNOTS((6,1,1,1,1,6),(-1.,-0.8,-0.6,-0.4,-0.2,0.),
 .UNSPECIFIED.)
CURVE()
GEOMETRIC_REPRESENTATION_ITEM()
RATIONAL_B_SPLINE_CURVE((1.,1.,1.,1.,1.,1.,1.,1.,1.,1.))
REPRESENTATION_ITEM('')
);
#19=(
BOUNDED_CURVE()
B_SPLINE_CURVE(5,(#2193,#2194,#2195,#2196,#2197,#2198,#2199,#2200,#2201,
#2202),.UNSPECIFIED.,.F.,.F.)
B_SPLINE_CURVE_WITH_KNOTS((6,1,1,1,1,6),(0.,0.2,0.4,0.6,0.8,1.),
 .UNSPECIFIED.)
CURVE()
GEOMETRIC_REPRESENTATION_ITEM()
RATIONAL_B_SPLINE_CURVE((1.,1.,1.,1.,1.,1.,1.,1.,1.,1.))
REPRESENTATION_ITEM('')
);
#20=(
BOUNDED_CURVE()
B_SPLINE_CURVE(5,(#2204,#2205,#2206,#2207,#2208,#2209,#2210,#2211,#2212,
#2213),.UNSPECIFIED.,.F.,.F.)
B_SPLINE_CURVE_WITH_KNOTS((6,1,1,1,1,6),(-1.,-0.8,-0.6,-0.4,-0.2,0.),
 .UNSPECIFIED.)
CURVE()
GEOMETRIC_REPRESENTATION_ITEM()
RATIONAL_B_SPLINE_CURVE((1.,1.,1.,1.,1.,1.,1.,1.,1.,1.))
REPRESENTATION_ITEM('')
);
#21=(
BOUNDED_CURVE()
B_SPLINE_CURVE(5,(#2215,#2216,#2217,#2218,#2219,#2220,#2221,#2222,#2223,
#2224),.UNSPECIFIED.,.F.,.F.)
B_SPLINE_CURVE_WITH_KNOTS((6,1,1,1,1,6),(0.,0.2,0.4,0.6,0.8,1.),
 .UNSPECIFIED.)
CURVE()
GEOMETRIC_REPRESENTATION_ITEM()
RATIONAL_B_SPLINE_CURVE((1.,1.,1.,1.,1.,1.,1.,1.,1.,1.))
REPRESENTATION_ITEM('')
);
#22=(
BOUNDED_CURVE()
B_SPLINE_CURVE(5,(#2226,#2227,#2228,#2229,#2230,#2231,#2232,#2233,#2234,
#2235),.UNSPECIFIED.,.F.,.F.)
B_SPLINE_CURVE_WITH_KNOTS((6,1,1,1,1,6),(-1.,-0.8,-0.6,-0.4,-0.2,0.),
 .UNSPECIFIED.)
CURVE()
GEOMETRIC_REPRESENTATION_ITEM()
RATIONAL_B_SPLINE_CURVE((1.,1.,1.,1.,1.,1.,1.,1.,1.,1.))
REPRESENTATION_ITEM('')
);
#23=(
BOUNDED_CURVE()
B_SPLINE_CURVE(5,(#2237,#2238,#2239,#2240,#2241,#2242,#2243,#2244,#2245,
#2246),.UNSPECIFIED.,.F.,.F.)
B_SPLINE_CURVE_WITH_KNOTS((6,1,1,1,1,6),(0.,0.2,0.4,0.6,0.8,1.),
 .UNSPECIFIED.)
CURVE()
GEOMETRIC_REPRESENTATION_ITEM()
RATIONAL_B_SPLINE_CURVE((1.,1.,1.,1.,1.,1.,1.,1.,1.,1.))
REPRESENTATION_ITEM('')
);
#24=(
BOUNDED_CURVE()
B_SPLINE_CURVE(5,(#2248,#2249,#2250,#2251,#2252,#2253,#2254,#2255,#2256,
#2257),.UNSPECIFIED.,.F.,.F.)
B_SPLINE_CURVE_WITH_KNOTS((6,1,1,1,1,6),(-1.,-0.8,-0.6,-0.4,-0.2,0.),
 .UNSPECIFIED.)
CURVE()
GEOMETRIC_REPRESENTATION_ITEM()
RATIONAL_B_SPLINE_CURVE((1.,1.,1.,1.,1.,1.,1.,1.,1.,1.))
REPRESENTATION_ITEM('')
);
#25=(
BOUNDED_CURVE()
B_SPLINE_CURVE(5,(#2259,#2260,#2261,#2262,#2263,#2264,#2265,#2266,#2267,
#2268),.UNSPECIFIED.,.F.,.F.)
B_SPLINE_CURVE_WITH_KNOTS((6,1,1,1,1,6),(0.,0.2,0.4,0.6,0.8,1.),
 .UNSPECIFIED.)
CURVE()
GEOMETRIC_REPRESENTATION_ITEM()
RATIONAL_B_SPLINE_CURVE((1.,1.,1.,1.,1.,1.,1.,1.,1.,1.))
REPRESENTATION_ITEM('')
);
#26=(
BOUNDED_CURVE()
B_SPLINE_CURVE(5,(#2270,#2271,#2272,#2273,#2274,#2275,#2276,#2277,#2278,
#2279),.UNSPECIFIED.,.F.,.F.)
B_SPLINE_CURVE_WITH_KNOTS((6,1,1,1,1,6),(-1.,-0.8,-0.6,-0.4,-0.2,0.),
 .UNSPECIFIED.)
CURVE()
GEOMETRIC_REPRESENTATION_ITEM()
RATIONAL_B_SPLINE_CURVE((1.,1.,1.,1.,1.,1.,1.,1.,1.,1.))
REPRESENTATION_ITEM('')
);
#27=(
BOUNDED_CURVE()
B_SPLINE_CURVE(5,(#2281,#2282,#2283,#2284,#2285,#2286,#2287,#2288,#2289,
#2290),.UNSPECIFIED.,.F.,.F.)
B_SPLINE_CURVE_WITH_KNOTS((6,1,1,1,1,6),(0.,0.2,0.4,0.6,0.8,1.),
 .UNSPECIFIED.)
CURVE()
GEOMETRIC_REPRESENTATION_ITEM()
RATIONAL_B_SPLINE_CURVE((1.,1.,1.,1.,1.,1.,1.,1.,1.,1.))
REPRESENTATION_ITEM('')
);
#28=(
BOUNDED_CURVE()
B_SPLINE_CURVE(5,(#2292,#2293,#2294,#2295,#2296,#2297,#2298,#2299,#2300,
#2301),.UNSPECIFIED.,.F.,.F.)
B_SPLINE_CURVE_WITH_KNOTS((6,1,1,1,1,6),(-1.,-0.8,-0.6,-0.4,-0.2,0.),
 .UNSPECIFIED.)
CURVE()
GEOMETRIC_REPRESENTATION_ITEM()
RATIONAL_B_SPLINE_CURVE((1.,1.,1.,1.,1.,1.,1.,1.,1.,1.))
REPRESENTATION_ITEM('')
);
#29=(
BOUNDED_CURVE()
B_SPLINE_CURVE(5,(#2303,#2304,#2305,#2306,#2307,#2308,#2309,#2310,#2311,
#2312),.UNSPECIFIED.,.F.,.F.)
B_SPLINE_CURVE_WITH_KNOTS((6,1,1,1,1,6),(0.,0.2,0.4,0.6,0.8,1.),
 .UNSPECIFIED.)
CURVE()
GEOMETRIC_REPRESENTATION_ITEM()
RATIONAL_B_SPLINE_CURVE((1.,1.,1.,1.,1.,1.,1.,1.,1.,1.))
REPRESENTATION_ITEM('')
);
#30=(
BOUNDED_CURVE()
B_SPLINE_CURVE(5,(#2314,#2315,#2316,#2317,#2318,#2319,#2320,#2321,#2322,
#2323),.UNSPECIFIED.,.F.,.F.)
B_SPLINE_CURVE_WITH_KNOTS((6,1,1,1,1,6),(-1.,-0.8,-0.6,-0.4,-0.2,0.),
 .UNSPECIFIED.)
CURVE()
GEOMETRIC_REPRESENTATION_ITEM()
RATIONAL_B_SPLINE_CURVE((1.,1.,1.,1.,1.,1.,1.,1.,1.,1.))
REPRESENTATION_ITEM('')
);
#31=(
BOUNDED_CURVE()
B_SPLINE_CURVE(5,(#2325,#2326,#2327,#2328,#2329,#2330,#2331,#2332,#2333,
#2334),.UNSPECIFIED.,.F.,.F.)
B_SPLINE_CURVE_WITH_KNOTS((6,1,1,1,1,6),(0.,0.2,0.4,0.6,0.8,1.),
 .UNSPECIFIED.)
CURVE()
GEOMETRIC_REPRESENTATION_ITEM()
RATIONAL_B_SPLINE_CURVE((1.,1.,1.,1.,1.,1.,1.,1.,1.,1.))
REPRESENTATION_ITEM('')
);
#32=(
BOUNDED_CURVE()
B_SPLINE_CURVE(5,(#2336,#2337,#2338,#2339,#2340,#2341,#2342,#2343,#2344,
#2345),.UNSPECIFIED.,.F.,.F.)
B_SPLINE_CURVE_WITH_KNOTS((6,1,1,1,1,6),(-1.,-0.8,-0.6,-0.4,-0.2,0.),
 .UNSPECIFIED.)
CURVE()
GEOMETRIC_REPRESENTATION_ITEM()
RATIONAL_B_SPLINE_CURVE((1.,1.,1.,1.,1.,1.,1.,1.,1.,1.))
REPRESENTATION_ITEM('')
);
#33=(
BOUNDED_CURVE()
B_SPLINE_CURVE(5,(#2347,#2348,#2349,#2350,#2351,#2352,#2353,#2354,#2355,
#2356),.UNSPECIFIED.,.F.,.F.)
B_SPLINE_CURVE_WITH_KNOTS((6,1,1,1,1,6),(0.,0.2,0.4,0.6,0.8,1.),
 .UNSPECIFIED.)
CURVE()
GEOMETRIC_REPRESENTATION_ITEM()
RATIONAL_B_SPLINE_CURVE((1.,1.,1.,1.,1.,1.,1.,1.,1.,1.))
REPRESENTATION_ITEM('')
);
#34=(
BOUNDED_CURVE()
B_SPLINE_CURVE(5,(#2358,#2359,#2360,#2361,#2362,#2363,#2364,#2365,#2366,
#2367),.UNSPECIFIED.,.F.,.F.)
B_SPLINE_CURVE_WITH_KNOTS((6,1,1,1,1,6),(-1.,-0.8,-0.6,-0.4,-0.2,0.),
 .UNSPECIFIED.)
CURVE()
GEOMETRIC_REPRESENTATION_ITEM()
RATIONAL_B_SPLINE_CURVE((1.,1.,1.,1.,1.,1.,1.,1.,1.,1.))
REPRESENTATION_ITEM('')
);
#35=(
BOUNDED_CURVE()
B_SPLINE_CURVE(5,(#2369,#2370,#2371,#2372,#2373,#2374,#2375,#2376,#2377,
#2378),.UNSPECIFIED.,.F.,.F.)
B_SPLINE_CURVE_WITH_KNOTS((6,1,1,1,1,6),(0.,0.2,0.4,0.6,0.8,1.),
 .UNSPECIFIED.)
CURVE()
GEOMETRIC_REPRESENTATION_ITEM()
RATIONAL_B_SPLINE_CURVE((1.,1.,1.,1.,1.,1.,1.,1.,1.,1.))
REPRESENTATION_ITEM('')
);
#36=(
BOUNDED_CURVE()
B_SPLINE_CURVE(5,(#2380,#2381,#2382,#2383,#2384,#2385,#2386,#2387,#2388,
#2389),.UNSPECIFIED.,.F.,.F.)
B_SPLINE_CURVE_WITH_KNOTS((6,1,1,1,1,6),(-1.,-0.8,-0.6,-0.4,-0.2,0.),
 .UNSPECIFIED.)
CURVE()
GEOMETRIC_REPRESENTATION_ITEM()
RATIONAL_B_SPLINE_CURVE((1.,1.,1.,1.,1.,1.,1.,1.,1.,1.))
REPRESENTATION_ITEM('')
);
#37=(
BOUNDED_CURVE()
B_SPLINE_CURVE(5,(#2391,#2392,#2393,#2394,#2395,#2396,#2397,#2398,#2399,
#2400),.UNSPECIFIED.,.F.,.F.)
B_SPLINE_CURVE_WITH_KNOTS((6,1,1,1,1,6),(0.,0.2,0.4,0.6,0.8,1.),
 .UNSPECIFIED.)
CURVE()
GEOMETRIC_REPRESENTATION_ITEM()
RATIONAL_B_SPLINE_CURVE((1.,1.,1.,1.,1.,1.,1.,1.,1.,1.))
REPRESENTATION_ITEM('')
);
#38=(
BOUNDED_CURVE()
B_SPLINE_CURVE(5,(#2402,#2403,#2404,#2405,#2406,#2407,#2408,#2409,#2410,
#2411),.UNSPECIFIED.,.F.,.F.)
B_SPLINE_CURVE_WITH_KNOTS((6,1,1,1,1,6),(-1.,-0.8,-0.6,-0.4,-0.2,0.),
 .UNSPECIFIED.)
CURVE()
GEOMETRIC_REPRESENTATION_ITEM()
RATIONAL_B_SPLINE_CURVE((1.,1.,1.,1.,1.,1.,1.,1.,1.,1.))
REPRESENTATION_ITEM('')
);
#39=(
BOUNDED_CURVE()
B_SPLINE_CURVE(5,(#2413,#2414,#2415,#2416,#2417,#2418,#2419,#2420,#2421,
#2422),.UNSPECIFIED.,.F.,.F.)
B_SPLINE_CURVE_WITH_KNOTS((6,1,1,1,1,6),(0.,0.2,0.4,0.6,0.8,1.),
 .UNSPECIFIED.)
CURVE()
GEOMETRIC_REPRESENTATION_ITEM()
RATIONAL_B_SPLINE_CURVE((1.,1.,1.,1.,1.,1.,1.,1.,1.,1.))
REPRESENTATION_ITEM('')
);
#40=(
BOUNDED_CURVE()
B_SPLINE_CURVE(5,(#2424,#2425,#2426,#2427,#2428,#2429,#2430,#2431,#2432,
#2433),.UNSPECIFIED.,.F.,.F.)
B_SPLINE_CURVE_WITH_KNOTS((6,1,1,1,1,6),(-1.,-0.8,-0.6,-0.4,-0.2,0.),
 .UNSPECIFIED.)
CURVE()
GEOMETRIC_REPRESENTATION_ITEM()
RATIONAL_B_SPLINE_CURVE((1.,1.,1.,1.,1.,1.,1.,1.,1.,1.))
REPRESENTATION_ITEM('')
);
#41=(
BOUNDED_CURVE()
B_SPLINE_CURVE(5,(#2435,#2436,#2437,#2438,#2439,#2440,#2441,#2442,#2443,
#2444),.UNSPECIFIED.,.F.,.F.)
B_SPLINE_CURVE_WITH_KNOTS((6,1,1,1,1,6),(0.,0.2,0.4,0.6,0.8,1.),
 .UNSPECIFIED.)
CURVE()
GEOMETRIC_REPRESENTATION_ITEM()
RATIONAL_B_SPLINE_CURVE((1.,1.,1.,1.,1.,1.,1.,1.,1.,1.))
REPRESENTATION_ITEM('')
);
#42=(
BOUNDED_CURVE()
B_SPLINE_CURVE(5,(#2446,#2447,#2448,#2449,#2450,#2451,#2452,#2453,#2454,
#2455),.UNSPECIFIED.,.F.,.F.)
B_SPLINE_CURVE_WITH_KNOTS((6,1,1,1,1,6),(-1.,-0.8,-0.6,-0.4,-0.2,0.),
 .UNSPECIFIED.)
CURVE()
GEOMETRIC_REPRESENTATION_ITEM()
RATIONAL_B_SPLINE_CURVE((1.,1.,1.,1.,1.,1.,1.,1.,1.,1.))
REPRESENTATION_ITEM('')
);
#43=(
BOUNDED_CURVE()
B_SPLINE_CURVE(5,(#2457,#2458,#2459,#2460,#2461,#2462,#2463,#2464,#2465,
#2466),.UNSPECIFIED.,.F.,.F.)
B_SPLINE_CURVE_WITH_KNOTS((6,1,1,1,1,6),(0.,0.2,0.4,0.6,0.8,1.),
 .UNSPECIFIED.)
CURVE()
GEOMETRIC_REPRESENTATION_ITEM()
RATIONAL_B_SPLINE_CURVE((1.,1.,1.,1.,1.,1.,1.,1.,1.,1.))
REPRESENTATION_ITEM('')
);
#44=(
BOUNDED_CURVE()
B_SPLINE_CURVE(5,(#2468,#2469,#2470,#2471,#2472,#2473,#2474,#2475,#2476,
#2477),.UNSPECIFIED.,.F.,.F.)
B_SPLINE_CURVE_WITH_KNOTS((6,1,1,1,1,6),(-1.,-0.8,-0.6,-0.4,-0.2,0.),
 .UNSPECIFIED.)
CURVE()
GEOMETRIC_REPRESENTATION_ITEM()
RATIONAL_B_SPLINE_CURVE((1.,1.,1.,1.,1.,1.,1.,1.,1.,1.))
REPRESENTATION_ITEM('')
);
#45=(
BOUNDED_CURVE()
B_SPLINE_CURVE(5,(#2479,#2480,#2481,#2482,#2483,#2484,#2485,#2486,#2487,
#2488),.UNSPECIFIED.,.F.,.F.)
B_SPLINE_CURVE_WITH_KNOTS((6,1,1,1,1,6),(0.,0.2,0.4,0.6,0.8,1.),
 .UNSPECIFIED.)
CURVE()
GEOMETRIC_REPRESENTATION_ITEM()
RATIONAL_B_SPLINE_CURVE((1.,1.,1.,1.,1.,1.,1.,1.,1.,1.))
REPRESENTATION_ITEM('')
);
#46=(
BOUNDED_CURVE()
B_SPLINE_CURVE(5,(#2490,#2491,#2492,#2493,#2494,#2495,#2496,#2497,#2498,
#2499),.UNSPECIFIED.,.F.,.F.)
B_SPLINE_CURVE_WITH_KNOTS((6,1,1,1,1,6),(-1.,-0.8,-0.6,-0.4,-0.2,0.),
 .UNSPECIFIED.)
CURVE()
GEOMETRIC_REPRESENTATION_ITEM()
RATIONAL_B_SPLINE_CURVE((1.,1.,1.,1.,1.,1.,1.,1.,1.,1.))
REPRESENTATION_ITEM('')
);
#47=(
BOUNDED_CURVE()
B_SPLINE_CURVE(5,(#2501,#2502,#2503,#2504,#2505,#2506,#2507,#2508,#2509,
#2510),.UNSPECIFIED.,.F.,.F.)
B_SPLINE_CURVE_WITH_KNOTS((6,1,1,1,1,6),(0.,0.2,0.4,0.6,0.8,1.),
 .UNSPECIFIED.)
CURVE()
GEOMETRIC_REPRESENTATION_ITEM()
RATIONAL_B_SPLINE_CURVE((1.,1.,1.,1.,1.,1.,1.,1.,1.,1.))
REPRESENTATION_ITEM('')
);
#48=(
BOUNDED_CURVE()
B_SPLINE_CURVE(5,(#2512,#2513,#2514,#2515,#2516,#2517,#2518,#2519,#2520,
#2521),.UNSPECIFIED.,.F.,.F.)
B_SPLINE_CURVE_WITH_KNOTS((6,1,1,1,1,6),(-1.,-0.8,-0.6,-0.4,-0.2,0.),
 .UNSPECIFIED.)
CURVE()
GEOMETRIC_REPRESENTATION_ITEM()
RATIONAL_B_SPLINE_CURVE((1.,1.,1.,1.,1.,1.,1.,1.,1.,1.))
REPRESENTATION_ITEM('')
);
#49=(
BOUNDED_CURVE()
B_SPLINE_CURVE(5,(#2523,#2524,#2525,#2526,#2527,#2528,#2529,#2530,#2531,
#2532),.UNSPECIFIED.,.F.,.F.)
B_SPLINE_CURVE_WITH_KNOTS((6,1,1,1,1,6),(0.,0.2,0.4,0.6,0.8,1.),
 .UNSPECIFIED.)
CURVE()
GEOMETRIC_REPRESENTATION_ITEM()
RATIONAL_B_SPLINE_CURVE((1.,1.,1.,1.,1.,1.,1.,1.,1.,1.))
REPRESENTATION_ITEM('')
);
#50=(
BOUNDED_CURVE()
B_SPLINE_CURVE(5,(#2534,#2535,#2536,#2537,#2538,#2539,#2540,#2541,#2542,
#2543),.UNSPECIFIED.,.F.,.F.)
B_SPLINE_CURVE_WITH_KNOTS((6,1,1,1,1,6),(-1.,-0.8,-0.6,-0.4,-0.2,0.),
 .UNSPECIFIED.)
CURVE()
GEOMETRIC_REPRESENTATION_ITEM()
RATIONAL_B_SPLINE_CURVE((1.,1.,1.,1.,1.,1.,1.,1.,1.,1.))
REPRESENTATION_ITEM('')
);
#51=(
BOUNDED_CURVE()
B_SPLINE_CURVE(5,(#2545,#2546,#2547,#2548,#2549,#2550,#2551,#2552,#2553,
#2554),.UNSPECIFIED.,.F.,.F.)
B_SPLINE_CURVE_WITH_KNOTS((6,1,1,1,1,6),(0.,0.2,0.4,0.6,0.8,1.),
 .UNSPECIFIED.)
CURVE()
GEOMETRIC_REPRESENTATION_ITEM()
RATIONAL_B_SPLINE_CURVE((1.,1.,1.,1.,1.,1.,1.,1.,1.,1.))
REPRESENTATION_ITEM('')
);
#52=(
BOUNDED_CURVE()
B_SPLINE_CURVE(5,(#2556,#2557,#2558,#2559,#2560,#2561,#2562,#2563,#2564,
#2565),.UNSPECIFIED.,.F.,.F.)
B_SPLINE_CURVE_WITH_KNOTS((6,1,1,1,1,6),(-1.,-0.8,-0.6,-0.4,-0.2,0.),
 .UNSPECIFIED.)
CURVE()
GEOMETRIC_REPRESENTATION_ITEM()
RATIONAL_B_SPLINE_CURVE((1.,1.,1.,1.,1.,1.,1.,1.,1.,1.))
REPRESENTATION_ITEM('')
);
#53=(
BOUNDED_CURVE()
B_SPLINE_CURVE(5,(#2567,#2568,#2569,#2570,#2571,#2572,#2573,#2574,#2575,
#2576),.UNSPECIFIED.,.F.,.F.)
B_SPLINE_CURVE_WITH_KNOTS((6,1,1,1,1,6),(0.,0.2,0.4,0.6,0.8,1.),
 .UNSPECIFIED.)
CURVE()
GEOMETRIC_REPRESENTATION_ITEM()
RATIONAL_B_SPLINE_CURVE((1.,1.,1.,1.,1.,1.,1.,1.,1.,1.))
REPRESENTATION_ITEM('')
);
#54=(
BOUNDED_CURVE()
B_SPLINE_CURVE(5,(#2577,#2578,#2579,#2580,#2581,#2582,#2583,#2584,#2585,
#2586),.UNSPECIFIED.,.F.,.F.)
B_SPLINE_CURVE_WITH_KNOTS((6,1,1,1,1,6),(-1.,-0.8,-0.6,-0.4,-0.2,0.),
 .UNSPECIFIED.)
CURVE()
GEOMETRIC_REPRESENTATION_ITEM()
RATIONAL_B_SPLINE_CURVE((1.,1.,1.,1.,1.,1.,1.,1.,1.,1.))
REPRESENTATION_ITEM('')
);
#55=(
BOUNDED_CURVE()
B_SPLINE_CURVE(5,(#2610,#2611,#2612,#2613,#2614,#2615,#2616,#2617,#2618,
#2619),.UNSPECIFIED.,.F.,.F.)
B_SPLINE_CURVE_WITH_KNOTS((6,1,1,1,1,6),(-1.,-0.8,-0.6,-0.4,-0.2,0.),
 .UNSPECIFIED.)
CURVE()
GEOMETRIC_REPRESENTATION_ITEM()
RATIONAL_B_SPLINE_CURVE((1.,1.,1.,1.,1.,1.,1.,1.,1.,1.))
REPRESENTATION_ITEM('')
);
#56=(
BOUNDED_CURVE()
B_SPLINE_CURVE(5,(#2642,#2643,#2644,#2645,#2646,#2647,#2648,#2649,#2650,
#2651),.UNSPECIFIED.,.F.,.F.)
B_SPLINE_CURVE_WITH_KNOTS((6,1,1,1,1,6),(0.,0.2,0.4,0.6,0.8,1.),
 .UNSPECIFIED.)
CURVE()
GEOMETRIC_REPRESENTATION_ITEM()
RATIONAL_B_SPLINE_CURVE((1.,1.,1.,1.,1.,1.,1.,1.,1.,1.))
REPRESENTATION_ITEM('')
);
#57=(
BOUNDED_CURVE()
B_SPLINE_CURVE(5,(#2674,#2675,#2676,#2677,#2678,#2679,#2680,#2681,#2682,
#2683),.UNSPECIFIED.,.F.,.F.)
B_SPLINE_CURVE_WITH_KNOTS((6,1,1,1,1,6),(-1.,-0.8,-0.6,-0.4,-0.2,0.),
 .UNSPECIFIED.)
CURVE()
GEOMETRIC_REPRESENTATION_ITEM()
RATIONAL_B_SPLINE_CURVE((1.,1.,1.,1.,1.,1.,1.,1.,1.,1.))
REPRESENTATION_ITEM('')
);
#58=(
BOUNDED_CURVE()
B_SPLINE_CURVE(5,(#2706,#2707,#2708,#2709,#2710,#2711,#2712,#2713,#2714,
#2715),.UNSPECIFIED.,.F.,.F.)
B_SPLINE_CURVE_WITH_KNOTS((6,1,1,1,1,6),(0.,0.2,0.4,0.6,0.8,1.),
 .UNSPECIFIED.)
CURVE()
GEOMETRIC_REPRESENTATION_ITEM()
RATIONAL_B_SPLINE_CURVE((1.,1.,1.,1.,1.,1.,1.,1.,1.,1.))
REPRESENTATION_ITEM('')
);
#59=(
BOUNDED_CURVE()
B_SPLINE_CURVE(5,(#2738,#2739,#2740,#2741,#2742,#2743,#2744,#2745,#2746,
#2747),.UNSPECIFIED.,.F.,.F.)
B_SPLINE_CURVE_WITH_KNOTS((6,1,1,1,1,6),(-1.,-0.8,-0.6,-0.4,-0.2,0.),
 .UNSPECIFIED.)
CURVE()
GEOMETRIC_REPRESENTATION_ITEM()
RATIONAL_B_SPLINE_CURVE((1.,1.,1.,1.,1.,1.,1.,1.,1.,1.))
REPRESENTATION_ITEM('')
);
#60=(
BOUNDED_CURVE()
B_SPLINE_CURVE(5,(#2770,#2771,#2772,#2773,#2774,#2775,#2776,#2777,#2778,
#2779),.UNSPECIFIED.,.F.,.F.)
B_SPLINE_CURVE_WITH_KNOTS((6,1,1,1,1,6),(0.,0.2,0.4,0.6,0.8,1.),
 .UNSPECIFIED.)
CURVE()
GEOMETRIC_REPRESENTATION_ITEM()
RATIONAL_B_SPLINE_CURVE((1.,1.,1.,1.,1.,1.,1.,1.,1.,1.))
REPRESENTATION_ITEM('')
);
#61=(
BOUNDED_CURVE()
B_SPLINE_CURVE(5,(#2802,#2803,#2804,#2805,#2806,#2807,#2808,#2809,#2810,
#2811),.UNSPECIFIED.,.F.,.F.)
B_SPLINE_CURVE_WITH_KNOTS((6,1,1,1,1,6),(-1.,-0.8,-0.6,-0.4,-0.2,0.),
 .UNSPECIFIED.)
CURVE()
GEOMETRIC_REPRESENTATION_ITEM()
RATIONAL_B_SPLINE_CURVE((1.,1.,1.,1.,1.,1.,1.,1.,1.,1.))
REPRESENTATION_ITEM('')
);
#62=(
BOUNDED_CURVE()
B_SPLINE_CURVE(5,(#2834,#2835,#2836,#2837,#2838,#2839,#2840,#2841,#2842,
#2843),.UNSPECIFIED.,.F.,.F.)
B_SPLINE_CURVE_WITH_KNOTS((6,1,1,1,1,6),(0.,0.2,0.4,0.6,0.8,1.),
 .UNSPECIFIED.)
CURVE()
GEOMETRIC_REPRESENTATION_ITEM()
RATIONAL_B_SPLINE_CURVE((1.,1.,1.,1.,1.,1.,1.,1.,1.,1.))
REPRESENTATION_ITEM('')
);
#63=(
BOUNDED_CURVE()
B_SPLINE_CURVE(5,(#2866,#2867,#2868,#2869,#2870,#2871,#2872,#2873,#2874,
#2875),.UNSPECIFIED.,.F.,.F.)
B_SPLINE_CURVE_WITH_KNOTS((6,1,1,1,1,6),(-1.,-0.8,-0.6,-0.4,-0.2,0.),
 .UNSPECIFIED.)
CURVE()
GEOMETRIC_REPRESENTATION_ITEM()
RATIONAL_B_SPLINE_CURVE((1.,1.,1.,1.,1.,1.,1.,1.,1.,1.))
REPRESENTATION_ITEM('')
);
#64=(
BOUNDED_CURVE()
B_SPLINE_CURVE(5,(#2898,#2899,#2900,#2901,#2902,#2903,#2904,#2905,#2906,
#2907),.UNSPECIFIED.,.F.,.F.)
B_SPLINE_CURVE_WITH_KNOTS((6,1,1,1,1,6),(0.,0.2,0.4,0.6,0.8,1.),
 .UNSPECIFIED.)
CURVE()
GEOMETRIC_REPRESENTATION_ITEM()
RATIONAL_B_SPLINE_CURVE((1.,1.,1.,1.,1.,1.,1.,1.,1.,1.))
REPRESENTATION_ITEM('')
);
#65=(
BOUNDED_CURVE()
B_SPLINE_CURVE(5,(#2930,#2931,#2932,#2933,#2934,#2935,#2936,#2937,#2938,
#2939),.UNSPECIFIED.,.F.,.F.)
B_SPLINE_CURVE_WITH_KNOTS((6,1,1,1,1,6),(-1.,-0.8,-0.6,-0.4,-0.2,0.),
 .UNSPECIFIED.)
CURVE()
GEOMETRIC_REPRESENTATION_ITEM()
RATIONAL_B_SPLINE_CURVE((1.,1.,1.,1.,1.,1.,1.,1.,1.,1.))
REPRESENTATION_ITEM('')
);
#66=(
BOUNDED_CURVE()
B_SPLINE_CURVE(5,(#2962,#2963,#2964,#2965,#2966,#2967,#2968,#2969,#2970,
#2971),.UNSPECIFIED.,.F.,.F.)
B_SPLINE_CURVE_WITH_KNOTS((6,1,1,1,1,6),(0.,0.2,0.4,0.6,0.8,1.),
 .UNSPECIFIED.)
CURVE()
GEOMETRIC_REPRESENTATION_ITEM()
RATIONAL_B_SPLINE_CURVE((1.,1.,1.,1.,1.,1.,1.,1.,1.,1.))
REPRESENTATION_ITEM('')
);
#67=(
BOUNDED_CURVE()
B_SPLINE_CURVE(5,(#2994,#2995,#2996,#2997,#2998,#2999,#3000,#3001,#3002,
#3003),.UNSPECIFIED.,.F.,.F.)
B_SPLINE_CURVE_WITH_KNOTS((6,1,1,1,1,6),(-1.,-0.8,-0.6,-0.4,-0.2,0.),
 .UNSPECIFIED.)
CURVE()
GEOMETRIC_REPRESENTATION_ITEM()
RATIONAL_B_SPLINE_CURVE((1.,1.,1.,1.,1.,1.,1.,1.,1.,1.))
REPRESENTATION_ITEM('')
);
#68=(
BOUNDED_CURVE()
B_SPLINE_CURVE(5,(#3026,#3027,#3028,#3029,#3030,#3031,#3032,#3033,#3034,
#3035),.UNSPECIFIED.,.F.,.F.)
B_SPLINE_CURVE_WITH_KNOTS((6,1,1,1,1,6),(0.,0.2,0.4,0.6,0.8,1.),
 .UNSPECIFIED.)
CURVE()
GEOMETRIC_REPRESENTATION_ITEM()
RATIONAL_B_SPLINE_CURVE((1.,1.,1.,1.,1.,1.,1.,1.,1.,1.))
REPRESENTATION_ITEM('')
);
#69=(
BOUNDED_CURVE()
B_SPLINE_CURVE(5,(#3058,#3059,#3060,#3061,#3062,#3063,#3064,#3065,#3066,
#3067),.UNSPECIFIED.,.F.,.F.)
B_SPLINE_CURVE_WITH_KNOTS((6,1,1,1,1,6),(-1.,-0.8,-0.6,-0.4,-0.2,0.),
 .UNSPECIFIED.)
CURVE()
GEOMETRIC_REPRESENTATION_ITEM()
RATIONAL_B_SPLINE_CURVE((1.,1.,1.,1.,1.,1.,1.,1.,1.,1.))
REPRESENTATION_ITEM('')
);
#70=(
BOUNDED_CURVE()
B_SPLINE_CURVE(5,(#3090,#3091,#3092,#3093,#3094,#3095,#3096,#3097,#3098,
#3099),.UNSPECIFIED.,.F.,.F.)
B_SPLINE_CURVE_WITH_KNOTS((6,1,1,1,1,6),(0.,0.2,0.4,0.6,0.8,1.),
 .UNSPECIFIED.)
CURVE()
GEOMETRIC_REPRESENTATION_ITEM()
RATIONAL_B_SPLINE_CURVE((1.,1.,1.,1.,1.,1.,1.,1.,1.,1.))
REPRESENTATION_ITEM('')
);
#71=(
BOUNDED_CURVE()
B_SPLINE_CURVE(5,(#3122,#3123,#3124,#3125,#3126,#3127,#3128,#3129,#3130,
#3131),.UNSPECIFIED.,.F.,.F.)
B_SPLINE_CURVE_WITH_KNOTS((6,1,1,1,1,6),(-1.,-0.8,-0.6,-0.4,-0.2,0.),
 .UNSPECIFIED.)
CURVE()
GEOMETRIC_REPRESENTATION_ITEM()
RATIONAL_B_SPLINE_CURVE((1.,1.,1.,1.,1.,1.,1.,1.,1.,1.))
REPRESENTATION_ITEM('')
);
#72=(
BOUNDED_CURVE()
B_SPLINE_CURVE(5,(#3154,#3155,#3156,#3157,#3158,#3159,#3160,#3161,#3162,
#3163),.UNSPECIFIED.,.F.,.F.)
B_SPLINE_CURVE_WITH_KNOTS((6,1,1,1,1,6),(0.,0.2,0.4,0.6,0.8,1.),
 .UNSPECIFIED.)
CURVE()
GEOMETRIC_REPRESENTATION_ITEM()
RATIONAL_B_SPLINE_CURVE((1.,1.,1.,1.,1.,1.,1.,1.,1.,1.))
REPRESENTATION_ITEM('')
);
#73=(
BOUNDED_CURVE()
B_SPLINE_CURVE(5,(#3186,#3187,#3188,#3189,#3190,#3191,#3192,#3193,#3194,
#3195),.UNSPECIFIED.,.F.,.F.)
B_SPLINE_CURVE_WITH_KNOTS((6,1,1,1,1,6),(-1.,-0.8,-0.6,-0.4,-0.2,0.),
 .UNSPECIFIED.)
CURVE()
GEOMETRIC_REPRESENTATION_ITEM()
RATIONAL_B_SPLINE_CURVE((1.,1.,1.,1.,1.,1.,1.,1.,1.,1.))
REPRESENTATION_ITEM('')
);
#74=(
BOUNDED_CURVE()
B_SPLINE_CURVE(5,(#3218,#3219,#3220,#3221,#3222,#3223,#3224,#3225,#3226,
#3227),.UNSPECIFIED.,.F.,.F.)
B_SPLINE_CURVE_WITH_KNOTS((6,1,1,1,1,6),(0.,0.2,0.4,0.6,0.8,1.),
 .UNSPECIFIED.)
CURVE()
GEOMETRIC_REPRESENTATION_ITEM()
RATIONAL_B_SPLINE_CURVE((1.,1.,1.,1.,1.,1.,1.,1.,1.,1.))
REPRESENTATION_ITEM('')
);
#75=(
BOUNDED_CURVE()
B_SPLINE_CURVE(5,(#3250,#3251,#3252,#3253,#3254,#3255,#3256,#3257,#3258,
#3259),.UNSPECIFIED.,.F.,.F.)
B_SPLINE_CURVE_WITH_KNOTS((6,1,1,1,1,6),(-1.,-0.8,-0.6,-0.4,-0.2,0.),
 .UNSPECIFIED.)
CURVE()
GEOMETRIC_REPRESENTATION_ITEM()
RATIONAL_B_SPLINE_CURVE((1.,1.,1.,1.,1.,1.,1.,1.,1.,1.))
REPRESENTATION_ITEM('')
);
#76=(
BOUNDED_CURVE()
B_SPLINE_CURVE(5,(#3282,#3283,#3284,#3285,#3286,#3287,#3288,#3289,#3290,
#3291),.UNSPECIFIED.,.F.,.F.)
B_SPLINE_CURVE_WITH_KNOTS((6,1,1,1,1,6),(0.,0.2,0.4,0.6,0.8,1.),
 .UNSPECIFIED.)
CURVE()
GEOMETRIC_REPRESENTATION_ITEM()
RATIONAL_B_SPLINE_CURVE((1.,1.,1.,1.,1.,1.,1.,1.,1.,1.))
REPRESENTATION_ITEM('')
);
#77=(
BOUNDED_CURVE()
B_SPLINE_CURVE(5,(#3314,#3315,#3316,#3317,#3318,#3319,#3320,#3321,#3322,
#3323),.UNSPECIFIED.,.F.,.F.)
B_SPLINE_CURVE_WITH_KNOTS((6,1,1,1,1,6),(-1.,-0.8,-0.6,-0.4,-0.2,0.),
 .UNSPECIFIED.)
CURVE()
GEOMETRIC_REPRESENTATION_ITEM()
RATIONAL_B_SPLINE_CURVE((1.,1.,1.,1.,1.,1.,1.,1.,1.,1.))
REPRESENTATION_ITEM('')
);
#78=(
BOUNDED_CURVE()
B_SPLINE_CURVE(5,(#3346,#3347,#3348,#3349,#3350,#3351,#3352,#3353,#3354,
#3355),.UNSPECIFIED.,.F.,.F.)
B_SPLINE_CURVE_WITH_KNOTS((6,1,1,1,1,6),(0.,0.2,0.4,0.6,0.8,1.),
 .UNSPECIFIED.)
CURVE()
GEOMETRIC_REPRESENTATION_ITEM()
RATIONAL_B_SPLINE_CURVE((1.,1.,1.,1.,1.,1.,1.,1.,1.,1.))
REPRESENTATION_ITEM('')
);
#79=(
BOUNDED_CURVE()
B_SPLINE_CURVE(5,(#3378,#3379,#3380,#3381,#3382,#3383,#3384,#3385,#3386,
#3387),.UNSPECIFIED.,.F.,.F.)
B_SPLINE_CURVE_WITH_KNOTS((6,1,1,1,1,6),(-1.,-0.8,-0.6,-0.4,-0.2,0.),
 .UNSPECIFIED.)
CURVE()
GEOMETRIC_REPRESENTATION_ITEM()
RATIONAL_B_SPLINE_CURVE((1.,1.,1.,1.,1.,1.,1.,1.,1.,1.))
REPRESENTATION_ITEM('')
);
#80=(
BOUNDED_CURVE()
B_SPLINE_CURVE(5,(#3410,#3411,#3412,#3413,#3414,#3415,#3416,#3417,#3418,
#3419),.UNSPECIFIED.,.F.,.F.)
B_SPLINE_CURVE_WITH_KNOTS((6,1,1,1,1,6),(0.,0.2,0.4,0.6,0.8,1.),
 .UNSPECIFIED.)
CURVE()
GEOMETRIC_REPRESENTATION_ITEM()
RATIONAL_B_SPLINE_CURVE((1.,1.,1.,1.,1.,1.,1.,1.,1.,1.))
REPRESENTATION_ITEM('')
);
#81=(
BOUNDED_CURVE()
B_SPLINE_CURVE(5,(#3442,#3443,#3444,#3445,#3446,#3447,#3448,#3449,#3450,
#3451),.UNSPECIFIED.,.F.,.F.)
B_SPLINE_CURVE_WITH_KNOTS((6,1,1,1,1,6),(-1.,-0.8,-0.6,-0.4,-0.2,0.),
 .UNSPECIFIED.)
CURVE()
GEOMETRIC_REPRESENTATION_ITEM()
RATIONAL_B_SPLINE_CURVE((1.,1.,1.,1.,1.,1.,1.,1.,1.,1.))
REPRESENTATION_ITEM('')
);
#82=(
BOUNDED_CURVE()
B_SPLINE_CURVE(5,(#3474,#3475,#3476,#3477,#3478,#3479,#3480,#3481,#3482,
#3483),.UNSPECIFIED.,.F.,.F.)
B_SPLINE_CURVE_WITH_KNOTS((6,1,1,1,1,6),(0.,0.2,0.4,0.6,0.8,1.),
 .UNSPECIFIED.)
CURVE()
GEOMETRIC_REPRESENTATION_ITEM()
RATIONAL_B_SPLINE_CURVE((1.,1.,1.,1.,1.,1.,1.,1.,1.,1.))
REPRESENTATION_ITEM('')
);
#83=(
BOUNDED_CURVE()
B_SPLINE_CURVE(5,(#3506,#3507,#3508,#3509,#3510,#3511,#3512,#3513,#3514,
#3515),.UNSPECIFIED.,.F.,.F.)
B_SPLINE_CURVE_WITH_KNOTS((6,1,1,1,1,6),(-1.,-0.8,-0.6,-0.4,-0.2,0.),
 .UNSPECIFIED.)
CURVE()
GEOMETRIC_REPRESENTATION_ITEM()
RATIONAL_B_SPLINE_CURVE((1.,1.,1.,1.,1.,1.,1.,1.,1.,1.))
REPRESENTATION_ITEM('')
);
#84=(
BOUNDED_CURVE()
B_SPLINE_CURVE(5,(#3538,#3539,#3540,#3541,#3542,#3543,#3544,#3545,#3546,
#3547),.UNSPECIFIED.,.F.,.F.)
B_SPLINE_CURVE_WITH_KNOTS((6,1,1,1,1,6),(0.,0.2,0.4,0.6,0.8,1.),
 .UNSPECIFIED.)
CURVE()
GEOMETRIC_REPRESENTATION_ITEM()
RATIONAL_B_SPLINE_CURVE((1.,1.,1.,1.,1.,1.,1.,1.,1.,1.))
REPRESENTATION_ITEM('')
);
#85=(
BOUNDED_CURVE()
B_SPLINE_CURVE(5,(#3570,#3571,#3572,#3573,#3574,#3575,#3576,#3577,#3578,
#3579),.UNSPECIFIED.,.F.,.F.)
B_SPLINE_CURVE_WITH_KNOTS((6,1,1,1,1,6),(-1.,-0.8,-0.6,-0.4,-0.2,0.),
 .UNSPECIFIED.)
CURVE()
GEOMETRIC_REPRESENTATION_ITEM()
RATIONAL_B_SPLINE_CURVE((1.,1.,1.,1.,1.,1.,1.,1.,1.,1.))
REPRESENTATION_ITEM('')
);
#86=(
BOUNDED_CURVE()
B_SPLINE_CURVE(5,(#3602,#3603,#3604,#3605,#3606,#3607,#3608,#3609,#3610,
#3611),.UNSPECIFIED.,.F.,.F.)
B_SPLINE_CURVE_WITH_KNOTS((6,1,1,1,1,6),(0.,0.2,0.4,0.6,0.8,1.),
 .UNSPECIFIED.)
CURVE()
GEOMETRIC_REPRESENTATION_ITEM()
RATIONAL_B_SPLINE_CURVE((1.,1.,1.,1.,1.,1.,1.,1.,1.,1.))
REPRESENTATION_ITEM('')
);
#87=(
BOUNDED_CURVE()
B_SPLINE_CURVE(5,(#3634,#3635,#3636,#3637,#3638,#3639,#3640,#3641,#3642,
#3643),.UNSPECIFIED.,.F.,.F.)
B_SPLINE_CURVE_WITH_KNOTS((6,1,1,1,1,6),(-1.,-0.8,-0.6,-0.4,-0.2,0.),
 .UNSPECIFIED.)
CURVE()
GEOMETRIC_REPRESENTATION_ITEM()
RATIONAL_B_SPLINE_CURVE((1.,1.,1.,1.,1.,1.,1.,1.,1.,1.))
REPRESENTATION_ITEM('')
);
#88=(
BOUNDED_CURVE()
B_SPLINE_CURVE(5,(#3666,#3667,#3668,#3669,#3670,#3671,#3672,#3673,#3674,
#3675),.UNSPECIFIED.,.F.,.F.)
B_SPLINE_CURVE_WITH_KNOTS((6,1,1,1,1,6),(0.,0.2,0.4,0.6,0.8,1.),
 .UNSPECIFIED.)
CURVE()
GEOMETRIC_REPRESENTATION_ITEM()
RATIONAL_B_SPLINE_CURVE((1.,1.,1.,1.,1.,1.,1.,1.,1.,1.))
REPRESENTATION_ITEM('')
);
#89=(
BOUNDED_CURVE()
B_SPLINE_CURVE(5,(#3698,#3699,#3700,#3701,#3702,#3703,#3704,#3705,#3706,
#3707),.UNSPECIFIED.,.F.,.F.)
B_SPLINE_CURVE_WITH_KNOTS((6,1,1,1,1,6),(-1.,-0.8,-0.6,-0.4,-0.2,0.),
 .UNSPECIFIED.)
CURVE()
GEOMETRIC_REPRESENTATION_ITEM()
RATIONAL_B_SPLINE_CURVE((1.,1.,1.,1.,1.,1.,1.,1.,1.,1.))
REPRESENTATION_ITEM('')
);
#90=(
BOUNDED_CURVE()
B_SPLINE_CURVE(5,(#3730,#3731,#3732,#3733,#3734,#3735,#3736,#3737,#3738,
#3739),.UNSPECIFIED.,.F.,.F.)
B_SPLINE_CURVE_WITH_KNOTS((6,1,1,1,1,6),(0.,0.2,0.4,0.6,0.8,1.),
 .UNSPECIFIED.)
CURVE()
GEOMETRIC_REPRESENTATION_ITEM()
RATIONAL_B_SPLINE_CURVE((1.,1.,1.,1.,1.,1.,1.,1.,1.,1.))
REPRESENTATION_ITEM('')
);
#91=(
BOUNDED_CURVE()
B_SPLINE_CURVE(5,(#3766,#3767,#3768,#3769,#3770,#3771,#3772,#3773,#3774,
#3775),.UNSPECIFIED.,.F.,.F.)
B_SPLINE_CURVE_WITH_KNOTS((6,1,1,1,1,6),(-1.,-0.8,-0.6,-0.4,-0.2,0.),
 .UNSPECIFIED.)
CURVE()
GEOMETRIC_REPRESENTATION_ITEM()
RATIONAL_B_SPLINE_CURVE((1.,1.,1.,1.,1.,1.,1.,1.,1.,1.))
REPRESENTATION_ITEM('')
);
#92=(
BOUNDED_CURVE()
B_SPLINE_CURVE(5,(#3797,#3798,#3799,#3800,#3801,#3802,#3803,#3804,#3805,
#3806),.UNSPECIFIED.,.F.,.F.)
B_SPLINE_CURVE_WITH_KNOTS((6,1,1,1,1,6),(0.,0.2,0.4,0.6,0.8,1.),
 .UNSPECIFIED.)
CURVE()
GEOMETRIC_REPRESENTATION_ITEM()
RATIONAL_B_SPLINE_CURVE((1.,1.,1.,1.,1.,1.,1.,1.,1.,1.))
REPRESENTATION_ITEM('')
);
#93=(
BOUNDED_SURFACE()
B_SPLINE_SURFACE(5,1,((#2080,#2081),(#2082,#2083),(#2084,#2085),(#2086,
#2087),(#2088,#2089),(#2090,#2091),(#2092,#2093),(#2094,#2095),(#2096,#2097),
(#2098,#2099)),.UNSPECIFIED.,.F.,.F.,.F.)
B_SPLINE_SURFACE_WITH_KNOTS((6,1,1,1,1,6),(2,2),(-1.,-0.8,-0.6,-0.4,-0.2,
0.),(0.,0.35),.UNSPECIFIED.)
GEOMETRIC_REPRESENTATION_ITEM()
RATIONAL_B_SPLINE_SURFACE(((1.,1.),(1.,1.),(1.,1.),(1.,1.),(1.,1.),(1.,
1.),(1.,1.),(1.,1.),(1.,1.),(1.,1.)))
REPRESENTATION_ITEM('')
SURFACE()
);
#94=(
BOUNDED_SURFACE()
B_SPLINE_SURFACE(5,1,((#2126,#2127),(#2128,#2129),(#2130,#2131),(#2132,
#2133),(#2134,#2135),(#2136,#2137),(#2138,#2139),(#2140,#2141),(#2142,#2143),
(#2144,#2145)),.UNSPECIFIED.,.F.,.F.,.F.)
B_SPLINE_SURFACE_WITH_KNOTS((6,1,1,1,1,6),(2,2),(0.,0.2,0.4,0.6,0.8,1.),
(0.,0.35),.UNSPECIFIED.)
GEOMETRIC_REPRESENTATION_ITEM()
RATIONAL_B_SPLINE_SURFACE(((1.,1.),(1.,1.),(1.,1.),(1.,1.),(1.,1.),(1.,
1.),(1.,1.),(1.,1.),(1.,1.),(1.,1.)))
REPRESENTATION_ITEM('')
SURFACE()
);
#95=(
BOUNDED_SURFACE()
B_SPLINE_SURFACE(5,1,((#2589,#2590),(#2591,#2592),(#2593,#2594),(#2595,
#2596),(#2597,#2598),(#2599,#2600),(#2601,#2602),(#2603,#2604),(#2605,#2606),
(#2607,#2608)),.UNSPECIFIED.,.F.,.F.,.F.)
B_SPLINE_SURFACE_WITH_KNOTS((6,1,1,1,1,6),(2,2),(-1.,-0.8,-0.6,-0.4,-0.2,
0.),(0.,0.35),.UNSPECIFIED.)
GEOMETRIC_REPRESENTATION_ITEM()
RATIONAL_B_SPLINE_SURFACE(((1.,1.),(1.,1.),(1.,1.),(1.,1.),(1.,1.),(1.,
1.),(1.,1.),(1.,1.),(1.,1.),(1.,1.)))
REPRESENTATION_ITEM('')
SURFACE()
);
#96=(
BOUNDED_SURFACE()
B_SPLINE_SURFACE(5,1,((#2621,#2622),(#2623,#2624),(#2625,#2626),(#2627,
#2628),(#2629,#2630),(#2631,#2632),(#2633,#2634),(#2635,#2636),(#2637,#2638),
(#2639,#2640)),.UNSPECIFIED.,.F.,.F.,.F.)
B_SPLINE_SURFACE_WITH_KNOTS((6,1,1,1,1,6),(2,2),(0.,0.2,0.4,0.6,0.8,1.),
(0.,0.35),.UNSPECIFIED.)
GEOMETRIC_REPRESENTATION_ITEM()
RATIONAL_B_SPLINE_SURFACE(((1.,1.),(1.,1.),(1.,1.),(1.,1.),(1.,1.),(1.,
1.),(1.,1.),(1.,1.),(1.,1.),(1.,1.)))
REPRESENTATION_ITEM('')
SURFACE()
);
#97=(
BOUNDED_SURFACE()
B_SPLINE_SURFACE(5,1,((#2653,#2654),(#2655,#2656),(#2657,#2658),(#2659,
#2660),(#2661,#2662),(#2663,#2664),(#2665,#2666),(#2667,#2668),(#2669,#2670),
(#2671,#2672)),.UNSPECIFIED.,.F.,.F.,.F.)
B_SPLINE_SURFACE_WITH_KNOTS((6,1,1,1,1,6),(2,2),(-1.,-0.8,-0.6,-0.4,-0.2,
0.),(0.,0.35),.UNSPECIFIED.)
GEOMETRIC_REPRESENTATION_ITEM()
RATIONAL_B_SPLINE_SURFACE(((1.,1.),(1.,1.),(1.,1.),(1.,1.),(1.,1.),(1.,
1.),(1.,1.),(1.,1.),(1.,1.),(1.,1.)))
REPRESENTATION_ITEM('')
SURFACE()
);
#98=(
BOUNDED_SURFACE()
B_SPLINE_SURFACE(5,1,((#2685,#2686),(#2687,#2688),(#2689,#2690),(#2691,
#2692),(#2693,#2694),(#2695,#2696),(#2697,#2698),(#2699,#2700),(#2701,#2702),
(#2703,#2704)),.UNSPECIFIED.,.F.,.F.,.F.)
B_SPLINE_SURFACE_WITH_KNOTS((6,1,1,1,1,6),(2,2),(0.,0.2,0.4,0.6,0.8,1.),
(0.,0.35),.UNSPECIFIED.)
GEOMETRIC_REPRESENTATION_ITEM()
RATIONAL_B_SPLINE_SURFACE(((1.,1.),(1.,1.),(1.,1.),(1.,1.),(1.,1.),(1.,
1.),(1.,1.),(1.,1.),(1.,1.),(1.,1.)))
REPRESENTATION_ITEM('')
SURFACE()
);
#99=(
BOUNDED_SURFACE()
B_SPLINE_SURFACE(5,1,((#2717,#2718),(#2719,#2720),(#2721,#2722),(#2723,
#2724),(#2725,#2726),(#2727,#2728),(#2729,#2730),(#2731,#2732),(#2733,#2734),
(#2735,#2736)),.UNSPECIFIED.,.F.,.F.,.F.)
B_SPLINE_SURFACE_WITH_KNOTS((6,1,1,1,1,6),(2,2),(-1.,-0.8,-0.6,-0.4,-0.2,
0.),(0.,0.35),.UNSPECIFIED.)
GEOMETRIC_REPRESENTATION_ITEM()
RATIONAL_B_SPLINE_SURFACE(((1.,1.),(1.,1.),(1.,1.),(1.,1.),(1.,1.),(1.,
1.),(1.,1.),(1.,1.),(1.,1.),(1.,1.)))
REPRESENTATION_ITEM('')
SURFACE()
);
#100=(
BOUNDED_SURFACE()
B_SPLINE_SURFACE(5,1,((#2749,#2750),(#2751,#2752),(#2753,#2754),(#2755,
#2756),(#2757,#2758),(#2759,#2760),(#2761,#2762),(#2763,#2764),(#2765,#2766),
(#2767,#2768)),.UNSPECIFIED.,.F.,.F.,.F.)
B_SPLINE_SURFACE_WITH_KNOTS((6,1,1,1,1,6),(2,2),(0.,0.2,0.4,0.6,0.8,1.),
(0.,0.35),.UNSPECIFIED.)
GEOMETRIC_REPRESENTATION_ITEM()
RATIONAL_B_SPLINE_SURFACE(((1.,1.),(1.,1.),(1.,1.),(1.,1.),(1.,1.),(1.,
1.),(1.,1.),(1.,1.),(1.,1.),(1.,1.)))
REPRESENTATION_ITEM('')
SURFACE()
);
#101=(
BOUNDED_SURFACE()
B_SPLINE_SURFACE(5,1,((#2781,#2782),(#2783,#2784),(#2785,#2786),(#2787,
#2788),(#2789,#2790),(#2791,#2792),(#2793,#2794),(#2795,#2796),(#2797,#2798),
(#2799,#2800)),.UNSPECIFIED.,.F.,.F.,.F.)
B_SPLINE_SURFACE_WITH_KNOTS((6,1,1,1,1,6),(2,2),(-1.,-0.8,-0.6,-0.4,-0.2,
0.),(0.,0.35),.UNSPECIFIED.)
GEOMETRIC_REPRESENTATION_ITEM()
RATIONAL_B_SPLINE_SURFACE(((1.,1.),(1.,1.),(1.,1.),(1.,1.),(1.,1.),(1.,
1.),(1.,1.),(1.,1.),(1.,1.),(1.,1.)))
REPRESENTATION_ITEM('')
SURFACE()
);
#102=(
BOUNDED_SURFACE()
B_SPLINE_SURFACE(5,1,((#2813,#2814),(#2815,#2816),(#2817,#2818),(#2819,
#2820),(#2821,#2822),(#2823,#2824),(#2825,#2826),(#2827,#2828),(#2829,#2830),
(#2831,#2832)),.UNSPECIFIED.,.F.,.F.,.F.)
B_SPLINE_SURFACE_WITH_KNOTS((6,1,1,1,1,6),(2,2),(0.,0.2,0.4,0.6,0.8,1.),
(0.,0.35),.UNSPECIFIED.)
GEOMETRIC_REPRESENTATION_ITEM()
RATIONAL_B_SPLINE_SURFACE(((1.,1.),(1.,1.),(1.,1.),(1.,1.),(1.,1.),(1.,
1.),(1.,1.),(1.,1.),(1.,1.),(1.,1.)))
REPRESENTATION_ITEM('')
SURFACE()
);
#103=(
BOUNDED_SURFACE()
B_SPLINE_SURFACE(5,1,((#2845,#2846),(#2847,#2848),(#2849,#2850),(#2851,
#2852),(#2853,#2854),(#2855,#2856),(#2857,#2858),(#2859,#2860),(#2861,#2862),
(#2863,#2864)),.UNSPECIFIED.,.F.,.F.,.F.)
B_SPLINE_SURFACE_WITH_KNOTS((6,1,1,1,1,6),(2,2),(-1.,-0.8,-0.6,-0.4,-0.2,
0.),(0.,0.35),.UNSPECIFIED.)
GEOMETRIC_REPRESENTATION_ITEM()
RATIONAL_B_SPLINE_SURFACE(((1.,1.),(1.,1.),(1.,1.),(1.,1.),(1.,1.),(1.,
1.),(1.,1.),(1.,1.),(1.,1.),(1.,1.)))
REPRESENTATION_ITEM('')
SURFACE()
);
#104=(
BOUNDED_SURFACE()
B_SPLINE_SURFACE(5,1,((#2877,#2878),(#2879,#2880),(#2881,#2882),(#2883,
#2884),(#2885,#2886),(#2887,#2888),(#2889,#2890),(#2891,#2892),(#2893,#2894),
(#2895,#2896)),.UNSPECIFIED.,.F.,.F.,.F.)
B_SPLINE_SURFACE_WITH_KNOTS((6,1,1,1,1,6),(2,2),(0.,0.2,0.4,0.6,0.8,1.),
(0.,0.35),.UNSPECIFIED.)
GEOMETRIC_REPRESENTATION_ITEM()
RATIONAL_B_SPLINE_SURFACE(((1.,1.),(1.,1.),(1.,1.),(1.,1.),(1.,1.),(1.,
1.),(1.,1.),(1.,1.),(1.,1.),(1.,1.)))
REPRESENTATION_ITEM('')
SURFACE()
);
#105=(
BOUNDED_SURFACE()
B_SPLINE_SURFACE(5,1,((#2909,#2910),(#2911,#2912),(#2913,#2914),(#2915,
#2916),(#2917,#2918),(#2919,#2920),(#2921,#2922),(#2923,#2924),(#2925,#2926),
(#2927,#2928)),.UNSPECIFIED.,.F.,.F.,.F.)
B_SPLINE_SURFACE_WITH_KNOTS((6,1,1,1,1,6),(2,2),(-1.,-0.8,-0.6,-0.4,-0.2,
0.),(0.,0.35),.UNSPECIFIED.)
GEOMETRIC_REPRESENTATION_ITEM()
RATIONAL_B_SPLINE_SURFACE(((1.,1.),(1.,1.),(1.,1.),(1.,1.),(1.,1.),(1.,
1.),(1.,1.),(1.,1.),(1.,1.),(1.,1.)))
REPRESENTATION_ITEM('')
SURFACE()
);
#106=(
BOUNDED_SURFACE()
B_SPLINE_SURFACE(5,1,((#2941,#2942),(#2943,#2944),(#2945,#2946),(#2947,
#2948),(#2949,#2950),(#2951,#2952),(#2953,#2954),(#2955,#2956),(#2957,#2958),
(#2959,#2960)),.UNSPECIFIED.,.F.,.F.,.F.)
B_SPLINE_SURFACE_WITH_KNOTS((6,1,1,1,1,6),(2,2),(0.,0.2,0.4,0.6,0.8,1.),
(0.,0.35),.UNSPECIFIED.)
GEOMETRIC_REPRESENTATION_ITEM()
RATIONAL_B_SPLINE_SURFACE(((1.,1.),(1.,1.),(1.,1.),(1.,1.),(1.,1.),(1.,
1.),(1.,1.),(1.,1.),(1.,1.),(1.,1.)))
REPRESENTATION_ITEM('')
SURFACE()
);
#107=(
BOUNDED_SURFACE()
B_SPLINE_SURFACE(5,1,((#2973,#2974),(#2975,#2976),(#2977,#2978),(#2979,
#2980),(#2981,#2982),(#2983,#2984),(#2985,#2986),(#2987,#2988),(#2989,#2990),
(#2991,#2992)),.UNSPECIFIED.,.F.,.F.,.F.)
B_SPLINE_SURFACE_WITH_KNOTS((6,1,1,1,1,6),(2,2),(-1.,-0.8,-0.6,-0.4,-0.2,
0.),(0.,0.35),.UNSPECIFIED.)
GEOMETRIC_REPRESENTATION_ITEM()
RATIONAL_B_SPLINE_SURFACE(((1.,1.),(1.,1.),(1.,1.),(1.,1.),(1.,1.),(1.,
1.),(1.,1.),(1.,1.),(1.,1.),(1.,1.)))
REPRESENTATION_ITEM('')
SURFACE()
);
#108=(
BOUNDED_SURFACE()
B_SPLINE_SURFACE(5,1,((#3005,#3006),(#3007,#3008),(#3009,#3010),(#3011,
#3012),(#3013,#3014),(#3015,#3016),(#3017,#3018),(#3019,#3020),(#3021,#3022),
(#3023,#3024)),.UNSPECIFIED.,.F.,.F.,.F.)
B_SPLINE_SURFACE_WITH_KNOTS((6,1,1,1,1,6),(2,2),(0.,0.2,0.4,0.6,0.8,1.),
(0.,0.35),.UNSPECIFIED.)
GEOMETRIC_REPRESENTATION_ITEM()
RATIONAL_B_SPLINE_SURFACE(((1.,1.),(1.,1.),(1.,1.),(1.,1.),(1.,1.),(1.,
1.),(1.,1.),(1.,1.),(1.,1.),(1.,1.)))
REPRESENTATION_ITEM('')
SURFACE()
);
#109=(
BOUNDED_SURFACE()
B_SPLINE_SURFACE(5,1,((#3037,#3038),(#3039,#3040),(#3041,#3042),(#3043,
#3044),(#3045,#3046),(#3047,#3048),(#3049,#3050),(#3051,#3052),(#3053,#3054),
(#3055,#3056)),.UNSPECIFIED.,.F.,.F.,.F.)
B_SPLINE_SURFACE_WITH_KNOTS((6,1,1,1,1,6),(2,2),(-1.,-0.8,-0.6,-0.4,-0.2,
0.),(0.,0.35),.UNSPECIFIED.)
GEOMETRIC_REPRESENTATION_ITEM()
RATIONAL_B_SPLINE_SURFACE(((1.,1.),(1.,1.),(1.,1.),(1.,1.),(1.,1.),(1.,
1.),(1.,1.),(1.,1.),(1.,1.),(1.,1.)))
REPRESENTATION_ITEM('')
SURFACE()
);
#110=(
BOUNDED_SURFACE()
B_SPLINE_SURFACE(5,1,((#3069,#3070),(#3071,#3072),(#3073,#3074),(#3075,
#3076),(#3077,#3078),(#3079,#3080),(#3081,#3082),(#3083,#3084),(#3085,#3086),
(#3087,#3088)),.UNSPECIFIED.,.F.,.F.,.F.)
B_SPLINE_SURFACE_WITH_KNOTS((6,1,1,1,1,6),(2,2),(0.,0.2,0.4,0.6,0.8,1.),
(0.,0.35),.UNSPECIFIED.)
GEOMETRIC_REPRESENTATION_ITEM()
RATIONAL_B_SPLINE_SURFACE(((1.,1.),(1.,1.),(1.,1.),(1.,1.),(1.,1.),(1.,
1.),(1.,1.),(1.,1.),(1.,1.),(1.,1.)))
REPRESENTATION_ITEM('')
SURFACE()
);
#111=(
BOUNDED_SURFACE()
B_SPLINE_SURFACE(5,1,((#3101,#3102),(#3103,#3104),(#3105,#3106),(#3107,
#3108),(#3109,#3110),(#3111,#3112),(#3113,#3114),(#3115,#3116),(#3117,#3118),
(#3119,#3120)),.UNSPECIFIED.,.F.,.F.,.F.)
B_SPLINE_SURFACE_WITH_KNOTS((6,1,1,1,1,6),(2,2),(-1.,-0.8,-0.6,-0.4,-0.2,
0.),(0.,0.35),.UNSPECIFIED.)
GEOMETRIC_REPRESENTATION_ITEM()
RATIONAL_B_SPLINE_SURFACE(((1.,1.),(1.,1.),(1.,1.),(1.,1.),(1.,1.),(1.,
1.),(1.,1.),(1.,1.),(1.,1.),(1.,1.)))
REPRESENTATION_ITEM('')
SURFACE()
);
#112=(
BOUNDED_SURFACE()
B_SPLINE_SURFACE(5,1,((#3133,#3134),(#3135,#3136),(#3137,#3138),(#3139,
#3140),(#3141,#3142),(#3143,#3144),(#3145,#3146),(#3147,#3148),(#3149,#3150),
(#3151,#3152)),.UNSPECIFIED.,.F.,.F.,.F.)
B_SPLINE_SURFACE_WITH_KNOTS((6,1,1,1,1,6),(2,2),(0.,0.2,0.4,0.6,0.8,1.),
(0.,0.35),.UNSPECIFIED.)
GEOMETRIC_REPRESENTATION_ITEM()
RATIONAL_B_SPLINE_SURFACE(((1.,1.),(1.,1.),(1.,1.),(1.,1.),(1.,1.),(1.,
1.),(1.,1.),(1.,1.),(1.,1.),(1.,1.)))
REPRESENTATION_ITEM('')
SURFACE()
);
#113=(
BOUNDED_SURFACE()
B_SPLINE_SURFACE(5,1,((#3165,#3166),(#3167,#3168),(#3169,#3170),(#3171,
#3172),(#3173,#3174),(#3175,#3176),(#3177,#3178),(#3179,#3180),(#3181,#3182),
(#3183,#3184)),.UNSPECIFIED.,.F.,.F.,.F.)
B_SPLINE_SURFACE_WITH_KNOTS((6,1,1,1,1,6),(2,2),(-1.,-0.8,-0.6,-0.4,-0.2,
0.),(0.,0.35),.UNSPECIFIED.)
GEOMETRIC_REPRESENTATION_ITEM()
RATIONAL_B_SPLINE_SURFACE(((1.,1.),(1.,1.),(1.,1.),(1.,1.),(1.,1.),(1.,
1.),(1.,1.),(1.,1.),(1.,1.),(1.,1.)))
REPRESENTATION_ITEM('')
SURFACE()
);
#114=(
BOUNDED_SURFACE()
B_SPLINE_SURFACE(5,1,((#3197,#3198),(#3199,#3200),(#3201,#3202),(#3203,
#3204),(#3205,#3206),(#3207,#3208),(#3209,#3210),(#3211,#3212),(#3213,#3214),
(#3215,#3216)),.UNSPECIFIED.,.F.,.F.,.F.)
B_SPLINE_SURFACE_WITH_KNOTS((6,1,1,1,1,6),(2,2),(0.,0.2,0.4,0.6,0.8,1.),
(0.,0.35),.UNSPECIFIED.)
GEOMETRIC_REPRESENTATION_ITEM()
RATIONAL_B_SPLINE_SURFACE(((1.,1.),(1.,1.),(1.,1.),(1.,1.),(1.,1.),(1.,
1.),(1.,1.),(1.,1.),(1.,1.),(1.,1.)))
REPRESENTATION_ITEM('')
SURFACE()
);
#115=(
BOUNDED_SURFACE()
B_SPLINE_SURFACE(5,1,((#3229,#3230),(#3231,#3232),(#3233,#3234),(#3235,
#3236),(#3237,#3238),(#3239,#3240),(#3241,#3242),(#3243,#3244),(#3245,#3246),
(#3247,#3248)),.UNSPECIFIED.,.F.,.F.,.F.)
B_SPLINE_SURFACE_WITH_KNOTS((6,1,1,1,1,6),(2,2),(-1.,-0.8,-0.6,-0.4,-0.2,
0.),(0.,0.35),.UNSPECIFIED.)
GEOMETRIC_REPRESENTATION_ITEM()
RATIONAL_B_SPLINE_SURFACE(((1.,1.),(1.,1.),(1.,1.),(1.,1.),(1.,1.),(1.,
1.),(1.,1.),(1.,1.),(1.,1.),(1.,1.)))
REPRESENTATION_ITEM('')
SURFACE()
);
#116=(
BOUNDED_SURFACE()
B_SPLINE_SURFACE(5,1,((#3261,#3262),(#3263,#3264),(#3265,#3266),(#3267,
#3268),(#3269,#3270),(#3271,#3272),(#3273,#3274),(#3275,#3276),(#3277,#3278),
(#3279,#3280)),.UNSPECIFIED.,.F.,.F.,.F.)
B_SPLINE_SURFACE_WITH_KNOTS((6,1,1,1,1,6),(2,2),(0.,0.2,0.4,0.6,0.8,1.),
(0.,0.35),.UNSPECIFIED.)
GEOMETRIC_REPRESENTATION_ITEM()
RATIONAL_B_SPLINE_SURFACE(((1.,1.),(1.,1.),(1.,1.),(1.,1.),(1.,1.),(1.,
1.),(1.,1.),(1.,1.),(1.,1.),(1.,1.)))
REPRESENTATION_ITEM('')
SURFACE()
);
#117=(
BOUNDED_SURFACE()
B_SPLINE_SURFACE(5,1,((#3293,#3294),(#3295,#3296),(#3297,#3298),(#3299,
#3300),(#3301,#3302),(#3303,#3304),(#3305,#3306),(#3307,#3308),(#3309,#3310),
(#3311,#3312)),.UNSPECIFIED.,.F.,.F.,.F.)
B_SPLINE_SURFACE_WITH_KNOTS((6,1,1,1,1,6),(2,2),(-1.,-0.8,-0.6,-0.4,-0.2,
0.),(0.,0.35),.UNSPECIFIED.)
GEOMETRIC_REPRESENTATION_ITEM()
RATIONAL_B_SPLINE_SURFACE(((1.,1.),(1.,1.),(1.,1.),(1.,1.),(1.,1.),(1.,
1.),(1.,1.),(1.,1.),(1.,1.),(1.,1.)))
REPRESENTATION_ITEM('')
SURFACE()
);
#118=(
BOUNDED_SURFACE()
B_SPLINE_SURFACE(5,1,((#3325,#3326),(#3327,#3328),(#3329,#3330),(#3331,
#3332),(#3333,#3334),(#3335,#3336),(#3337,#3338),(#3339,#3340),(#3341,#3342),
(#3343,#3344)),.UNSPECIFIED.,.F.,.F.,.F.)
B_SPLINE_SURFACE_WITH_KNOTS((6,1,1,1,1,6),(2,2),(0.,0.2,0.4,0.6,0.8,1.),
(0.,0.35),.UNSPECIFIED.)
GEOMETRIC_REPRESENTATION_ITEM()
RATIONAL_B_SPLINE_SURFACE(((1.,1.),(1.,1.),(1.,1.),(1.,1.),(1.,1.),(1.,
1.),(1.,1.),(1.,1.),(1.,1.),(1.,1.)))
REPRESENTATION_ITEM('')
SURFACE()
);
#119=(
BOUNDED_SURFACE()
B_SPLINE_SURFACE(5,1,((#3357,#3358),(#3359,#3360),(#3361,#3362),(#3363,
#3364),(#3365,#3366),(#3367,#3368),(#3369,#3370),(#3371,#3372),(#3373,#3374),
(#3375,#3376)),.UNSPECIFIED.,.F.,.F.,.F.)
B_SPLINE_SURFACE_WITH_KNOTS((6,1,1,1,1,6),(2,2),(-1.,-0.8,-0.6,-0.4,-0.2,
0.),(0.,0.35),.UNSPECIFIED.)
GEOMETRIC_REPRESENTATION_ITEM()
RATIONAL_B_SPLINE_SURFACE(((1.,1.),(1.,1.),(1.,1.),(1.,1.),(1.,1.),(1.,
1.),(1.,1.),(1.,1.),(1.,1.),(1.,1.)))
REPRESENTATION_ITEM('')
SURFACE()
);
#120=(
BOUNDED_SURFACE()
B_SPLINE_SURFACE(5,1,((#3389,#3390),(#3391,#3392),(#3393,#3394),(#3395,
#3396),(#3397,#3398),(#3399,#3400),(#3401,#3402),(#3403,#3404),(#3405,#3406),
(#3407,#3408)),.UNSPECIFIED.,.F.,.F.,.F.)
B_SPLINE_SURFACE_WITH_KNOTS((6,1,1,1,1,6),(2,2),(0.,0.2,0.4,0.6,0.8,1.),
(0.,0.35),.UNSPECIFIED.)
GEOMETRIC_REPRESENTATION_ITEM()
RATIONAL_B_SPLINE_SURFACE(((1.,1.),(1.,1.),(1.,1.),(1.,1.),(1.,1.),(1.,
1.),(1.,1.),(1.,1.),(1.,1.),(1.,1.)))
REPRESENTATION_ITEM('')
SURFACE()
);
#121=(
BOUNDED_SURFACE()
B_SPLINE_SURFACE(5,1,((#3421,#3422),(#3423,#3424),(#3425,#3426),(#3427,
#3428),(#3429,#3430),(#3431,#3432),(#3433,#3434),(#3435,#3436),(#3437,#3438),
(#3439,#3440)),.UNSPECIFIED.,.F.,.F.,.F.)
B_SPLINE_SURFACE_WITH_KNOTS((6,1,1,1,1,6),(2,2),(-1.,-0.8,-0.6,-0.4,-0.2,
0.),(0.,0.35),.UNSPECIFIED.)
GEOMETRIC_REPRESENTATION_ITEM()
RATIONAL_B_SPLINE_SURFACE(((1.,1.),(1.,1.),(1.,1.),(1.,1.),(1.,1.),(1.,
1.),(1.,1.),(1.,1.),(1.,1.),(1.,1.)))
REPRESENTATION_ITEM('')
SURFACE()
);
#122=(
BOUNDED_SURFACE()
B_SPLINE_SURFACE(5,1,((#3453,#3454),(#3455,#3456),(#3457,#3458),(#3459,
#3460),(#3461,#3462),(#3463,#3464),(#3465,#3466),(#3467,#3468),(#3469,#3470),
(#3471,#3472)),.UNSPECIFIED.,.F.,.F.,.F.)
B_SPLINE_SURFACE_WITH_KNOTS((6,1,1,1,1,6),(2,2),(0.,0.2,0.4,0.6,0.8,1.),
(0.,0.35),.UNSPECIFIED.)
GEOMETRIC_REPRESENTATION_ITEM()
RATIONAL_B_SPLINE_SURFACE(((1.,1.),(1.,1.),(1.,1.),(1.,1.),(1.,1.),(1.,
1.),(1.,1.),(1.,1.),(1.,1.),(1.,1.)))
REPRESENTATION_ITEM('')
SURFACE()
);
#123=(
BOUNDED_SURFACE()
B_SPLINE_SURFACE(5,1,((#3485,#3486),(#3487,#3488),(#3489,#3490),(#3491,
#3492),(#3493,#3494),(#3495,#3496),(#3497,#3498),(#3499,#3500),(#3501,#3502),
(#3503,#3504)),.UNSPECIFIED.,.F.,.F.,.F.)
B_SPLINE_SURFACE_WITH_KNOTS((6,1,1,1,1,6),(2,2),(-1.,-0.8,-0.6,-0.4,-0.2,
0.),(0.,0.35),.UNSPECIFIED.)
GEOMETRIC_REPRESENTATION_ITEM()
RATIONAL_B_SPLINE_SURFACE(((1.,1.),(1.,1.),(1.,1.),(1.,1.),(1.,1.),(1.,
1.),(1.,1.),(1.,1.),(1.,1.),(1.,1.)))
REPRESENTATION_ITEM('')
SURFACE()
);
#124=(
BOUNDED_SURFACE()
B_SPLINE_SURFACE(5,1,((#3517,#3518),(#3519,#3520),(#3521,#3522),(#3523,
#3524),(#3525,#3526),(#3527,#3528),(#3529,#3530),(#3531,#3532),(#3533,#3534),
(#3535,#3536)),.UNSPECIFIED.,.F.,.F.,.F.)
B_SPLINE_SURFACE_WITH_KNOTS((6,1,1,1,1,6),(2,2),(0.,0.2,0.4,0.6,0.8,1.),
(0.,0.35),.UNSPECIFIED.)
GEOMETRIC_REPRESENTATION_ITEM()
RATIONAL_B_SPLINE_SURFACE(((1.,1.),(1.,1.),(1.,1.),(1.,1.),(1.,1.),(1.,
1.),(1.,1.),(1.,1.),(1.,1.),(1.,1.)))
REPRESENTATION_ITEM('')
SURFACE()
);
#125=(
BOUNDED_SURFACE()
B_SPLINE_SURFACE(5,1,((#3549,#3550),(#3551,#3552),(#3553,#3554),(#3555,
#3556),(#3557,#3558),(#3559,#3560),(#3561,#3562),(#3563,#3564),(#3565,#3566),
(#3567,#3568)),.UNSPECIFIED.,.F.,.F.,.F.)
B_SPLINE_SURFACE_WITH_KNOTS((6,1,1,1,1,6),(2,2),(-1.,-0.8,-0.6,-0.4,-0.2,
0.),(0.,0.35),.UNSPECIFIED.)
GEOMETRIC_REPRESENTATION_ITEM()
RATIONAL_B_SPLINE_SURFACE(((1.,1.),(1.,1.),(1.,1.),(1.,1.),(1.,1.),(1.,
1.),(1.,1.),(1.,1.),(1.,1.),(1.,1.)))
REPRESENTATION_ITEM('')
SURFACE()
);
#126=(
BOUNDED_SURFACE()
B_SPLINE_SURFACE(5,1,((#3581,#3582),(#3583,#3584),(#3585,#3586),(#3587,
#3588),(#3589,#3590),(#3591,#3592),(#3593,#3594),(#3595,#3596),(#3597,#3598),
(#3599,#3600)),.UNSPECIFIED.,.F.,.F.,.F.)
B_SPLINE_SURFACE_WITH_KNOTS((6,1,1,1,1,6),(2,2),(0.,0.2,0.4,0.6,0.8,1.),
(0.,0.35),.UNSPECIFIED.)
GEOMETRIC_REPRESENTATION_ITEM()
RATIONAL_B_SPLINE_SURFACE(((1.,1.),(1.,1.),(1.,1.),(1.,1.),(1.,1.),(1.,
1.),(1.,1.),(1.,1.),(1.,1.),(1.,1.)))
REPRESENTATION_ITEM('')
SURFACE()
);
#127=(
BOUNDED_SURFACE()
B_SPLINE_SURFACE(5,1,((#3613,#3614),(#3615,#3616),(#3617,#3618),(#3619,
#3620),(#3621,#3622),(#3623,#3624),(#3625,#3626),(#3627,#3628),(#3629,#3630),
(#3631,#3632)),.UNSPECIFIED.,.F.,.F.,.F.)
B_SPLINE_SURFACE_WITH_KNOTS((6,1,1,1,1,6),(2,2),(-1.,-0.8,-0.6,-0.4,-0.2,
0.),(0.,0.35),.UNSPECIFIED.)
GEOMETRIC_REPRESENTATION_ITEM()
RATIONAL_B_SPLINE_SURFACE(((1.,1.),(1.,1.),(1.,1.),(1.,1.),(1.,1.),(1.,
1.),(1.,1.),(1.,1.),(1.,1.),(1.,1.)))
REPRESENTATION_ITEM('')
SURFACE()
);
#128=(
BOUNDED_SURFACE()
B_SPLINE_SURFACE(5,1,((#3645,#3646),(#3647,#3648),(#3649,#3650),(#3651,
#3652),(#3653,#3654),(#3655,#3656),(#3657,#3658),(#3659,#3660),(#3661,#3662),
(#3663,#3664)),.UNSPECIFIED.,.F.,.F.,.F.)
B_SPLINE_SURFACE_WITH_KNOTS((6,1,1,1,1,6),(2,2),(0.,0.2,0.4,0.6,0.8,1.),
(0.,0.35),.UNSPECIFIED.)
GEOMETRIC_REPRESENTATION_ITEM()
RATIONAL_B_SPLINE_SURFACE(((1.,1.),(1.,1.),(1.,1.),(1.,1.),(1.,1.),(1.,
1.),(1.,1.),(1.,1.),(1.,1.),(1.,1.)))
REPRESENTATION_ITEM('')
SURFACE()
);
#129=(
BOUNDED_SURFACE()
B_SPLINE_SURFACE(5,1,((#3677,#3678),(#3679,#3680),(#3681,#3682),(#3683,
#3684),(#3685,#3686),(#3687,#3688),(#3689,#3690),(#3691,#3692),(#3693,#3694),
(#3695,#3696)),.UNSPECIFIED.,.F.,.F.,.F.)
B_SPLINE_SURFACE_WITH_KNOTS((6,1,1,1,1,6),(2,2),(-1.,-0.8,-0.6,-0.4,-0.2,
0.),(0.,0.35),.UNSPECIFIED.)
GEOMETRIC_REPRESENTATION_ITEM()
RATIONAL_B_SPLINE_SURFACE(((1.,1.),(1.,1.),(1.,1.),(1.,1.),(1.,1.),(1.,
1.),(1.,1.),(1.,1.),(1.,1.),(1.,1.)))
REPRESENTATION_ITEM('')
SURFACE()
);
#130=(
BOUNDED_SURFACE()
B_SPLINE_SURFACE(5,1,((#3709,#3710),(#3711,#3712),(#3713,#3714),(#3715,
#3716),(#3717,#3718),(#3719,#3720),(#3721,#3722),(#3723,#3724),(#3725,#3726),
(#3727,#3728)),.UNSPECIFIED.,.F.,.F.,.F.)
B_SPLINE_SURFACE_WITH_KNOTS((6,1,1,1,1,6),(2,2),(0.,0.2,0.4,0.6,0.8,1.),
(0.,0.35),.UNSPECIFIED.)
GEOMETRIC_REPRESENTATION_ITEM()
RATIONAL_B_SPLINE_SURFACE(((1.,1.),(1.,1.),(1.,1.),(1.,1.),(1.,1.),(1.,
1.),(1.,1.),(1.,1.),(1.,1.),(1.,1.)))
REPRESENTATION_ITEM('')
SURFACE()
);
#131=(
BOUNDED_SURFACE()
B_SPLINE_SURFACE(5,1,((#3745,#3746),(#3747,#3748),(#3749,#3750),(#3751,
#3752),(#3753,#3754),(#3755,#3756),(#3757,#3758),(#3759,#3760),(#3761,#3762),
(#3763,#3764)),.UNSPECIFIED.,.F.,.F.,.F.)
B_SPLINE_SURFACE_WITH_KNOTS((6,1,1,1,1,6),(2,2),(-1.,-0.8,-0.6,-0.4,-0.2,
0.),(0.,0.35),.UNSPECIFIED.)
GEOMETRIC_REPRESENTATION_ITEM()
RATIONAL_B_SPLINE_SURFACE(((1.,1.),(1.,1.),(1.,1.),(1.,1.),(1.,1.),(1.,
1.),(1.,1.),(1.,1.),(1.,1.),(1.,1.)))
REPRESENTATION_ITEM('')
SURFACE()
);
#132=(
BOUNDED_SURFACE()
B_SPLINE_SURFACE(5,1,((#3777,#3778),(#3779,#3780),(#3781,#3782),(#3783,
#3784),(#3785,#3786),(#3787,#3788),(#3789,#3790),(#3791,#3792),(#3793,#3794),
(#3795,#3796)),.UNSPECIFIED.,.F.,.F.,.F.)
B_SPLINE_SURFACE_WITH_KNOTS((6,1,1,1,1,6),(2,2),(0.,0.2,0.4,0.6,0.8,1.),
(0.,0.35),.UNSPECIFIED.)
GEOMETRIC_REPRESENTATION_ITEM()
RATIONAL_B_SPLINE_SURFACE(((1.,1.),(1.,1.),(1.,1.),(1.,1.),(1.,1.),(1.,
1.),(1.,1.),(1.,1.),(1.,1.),(1.,1.)))
REPRESENTATION_ITEM('')
SURFACE()
);
#133=MANIFOLD_SOLID_BREP('ServoBody',#1543);
#134=MANIFOLD_SOLID_BREP('Shaft',#1544);
#135=STYLED_ITEM('',(#3829),#1470);
#136=STYLED_ITEM('',(#3830),#1473);
#137=STYLED_ITEM('',(#3830),#1475);
#138=STYLED_ITEM('',(#3830),#1477);
#139=STYLED_ITEM('',(#3829),#1479);
#140=STYLED_ITEM('',(#3830),#1480);
#141=STYLED_ITEM('',(#3830),#1481);
#142=STYLED_ITEM('',(#3831),#1482);
#143=STYLED_ITEM('',(#3831),#1484);
#144=STYLED_ITEM('',(#3831),#1486);
#145=STYLED_ITEM('',(#3829),#1488);
#146=STYLED_ITEM('',(#3831),#1489);
#147=STYLED_ITEM('',(#3831),#1490);
#148=STYLED_ITEM('',(#3829),#1492);
#149=STYLED_ITEM('',(#3832),#1493);
#150=STYLED_ITEM('',(#3833),#1494);
#151=STYLED_ITEM('',(#3834),#1495);
#152=STYLED_ITEM('',(#3831),#1497);
#153=STYLED_ITEM('',(#3831),#1498);
#154=STYLED_ITEM('',(#3833),#1499);
#155=STYLED_ITEM('',(#3828),#133);
#156=STYLED_ITEM('',(#3835),#134);
#157=CYLINDRICAL_SURFACE('',#1564,0.375);
#158=CYLINDRICAL_SURFACE('',#1566,0.375000000000001);
#159=CYLINDRICAL_SURFACE('',#1568,0.375000000000001);
#160=CYLINDRICAL_SURFACE('',#1581,1.3);
#161=CYLINDRICAL_SURFACE('',#1592,1.3);
#162=CYLINDRICAL_SURFACE('',#1610,1.);
#163=CYLINDRICAL_SURFACE('',#1612,5.75);
#164=CYLINDRICAL_SURFACE('',#1614,2.75);
#165=CYLINDRICAL_SURFACE('',#1619,1.);
#166=FACE_BOUND('',#275,.T.);
#167=FACE_BOUND('',#276,.T.);
#168=FACE_BOUND('',#277,.T.);
#169=FACE_BOUND('',#286,.T.);
#170=FACE_BOUND('',#309,.T.);
#171=FACE_BOUND('',#317,.T.);
#172=FACE_BOUND('',#321,.T.);
#173=FACE_BOUND('',#362,.T.);
#174=CIRCLE('',#1561,0.375);
#175=CIRCLE('',#1562,0.375000000000001);
#176=CIRCLE('',#1563,0.375000000000001);
#177=CIRCLE('',#1565,0.375);
#178=CIRCLE('',#1567,0.375000000000001);
#179=CIRCLE('',#1569,0.375000000000001);
#180=CIRCLE('',#1582,1.3);
#181=CIRCLE('',#1583,1.3);
#182=CIRCLE('',#1593,1.3);
#183=CIRCLE('',#1594,1.3);
#184=CIRCLE('',#1603,1.);
#185=CIRCLE('',#1606,5.75);
#186=CIRCLE('',#1607,2.75);
#187=CIRCLE('',#1608,5.75);
#188=CIRCLE('',#1611,1.);
#189=CIRCLE('',#1613,5.75);
#190=CIRCLE('',#1615,2.75);
#191=CIRCLE('',#1618,1.);
#192=CIRCLE('',#1620,1.);
#193=FACE_OUTER_BOUND('',#274,.T.);
#194=FACE_OUTER_BOUND('',#278,.T.);
#195=FACE_OUTER_BOUND('',#279,.T.);
#196=FACE_OUTER_BOUND('',#280,.T.);
#197=FACE_OUTER_BOUND('',#281,.T.);
#198=FACE_OUTER_BOUND('',#282,.T.);
#199=FACE_OUTER_BOUND('',#283,.T.);
#200=FACE_OUTER_BOUND('',#284,.T.);
#201=FACE_OUTER_BOUND('',#285,.T.);
#202=FACE_OUTER_BOUND('',#287,.T.);
#203=FACE_OUTER_BOUND('',#288,.T.);
#204=FACE_OUTER_BOUND('',#289,.T.);
#205=FACE_OUTER_BOUND('',#290,.T.);
#206=FACE_OUTER_BOUND('',#291,.T.);
#207=FACE_OUTER_BOUND('',#292,.T.);
#208=FACE_OUTER_BOUND('',#293,.T.);
#209=FACE_OUTER_BOUND('',#294,.T.);
#210=FACE_OUTER_BOUND('',#295,.T.);
#211=FACE_OUTER_BOUND('',#296,.T.);
#212=FACE_OUTER_BOUND('',#297,.T.);
#213=FACE_OUTER_BOUND('',#298,.T.);
#214=FACE_OUTER_BOUND('',#299,.T.);
#215=FACE_OUTER_BOUND('',#300,.T.);
#216=FACE_OUTER_BOUND('',#301,.T.);
#217=FACE_OUTER_BOUND('',#302,.T.);
#218=FACE_OUTER_BOUND('',#303,.T.);
#219=FACE_OUTER_BOUND('',#304,.T.);
#220=FACE_OUTER_BOUND('',#305,.T.);
#221=FACE_OUTER_BOUND('',#306,.T.);
#222=FACE_OUTER_BOUND('',#307,.T.);
#223=FACE_OUTER_BOUND('',#308,.T.);
#224=FACE_OUTER_BOUND('',#310,.T.);
#225=FACE_OUTER_BOUND('',#311,.T.);
#226=FACE_OUTER_BOUND('',#312,.T.);
#227=FACE_OUTER_BOUND('',#313,.T.);
#228=FACE_OUTER_BOUND('',#314,.T.);
#229=FACE_OUTER_BOUND('',#315,.T.);
#230=FACE_OUTER_BOUND('',#316,.T.);
#231=FACE_OUTER_BOUND('',#318,.T.);
#232=FACE_OUTER_BOUND('',#319,.T.);
#233=FACE_OUTER_BOUND('',#320,.T.);
#234=FACE_OUTER_BOUND('',#322,.T.);
#235=FACE_OUTER_BOUND('',#323,.T.);
#236=FACE_OUTER_BOUND('',#324,.T.);
#237=FACE_OUTER_BOUND('',#325,.T.);
#238=FACE_OUTER_BOUND('',#326,.T.);
#239=FACE_OUTER_BOUND('',#327,.T.);
#240=FACE_OUTER_BOUND('',#328,.T.);
#241=FACE_OUTER_BOUND('',#329,.T.);
#242=FACE_OUTER_BOUND('',#330,.T.);
#243=FACE_OUTER_BOUND('',#331,.T.);
#244=FACE_OUTER_BOUND('',#332,.T.);
#245=FACE_OUTER_BOUND('',#333,.T.);
#246=FACE_OUTER_BOUND('',#334,.T.);
#247=FACE_OUTER_BOUND('',#335,.T.);
#248=FACE_OUTER_BOUND('',#336,.T.);
#249=FACE_OUTER_BOUND('',#337,.T.);
#250=FACE_OUTER_BOUND('',#338,.T.);
#251=FACE_OUTER_BOUND('',#339,.T.);
#252=FACE_OUTER_BOUND('',#340,.T.);
#253=FACE_OUTER_BOUND('',#341,.T.);
#254=FACE_OUTER_BOUND('',#342,.T.);
#255=FACE_OUTER_BOUND('',#343,.T.);
#256=FACE_OUTER_BOUND('',#344,.T.);
#257=FACE_OUTER_BOUND('',#345,.T.);
#258=FACE_OUTER_BOUND('',#346,.T.);
#259=FACE_OUTER_BOUND('',#347,.T.);
#260=FACE_OUTER_BOUND('',#348,.T.);
#261=FACE_OUTER_BOUND('',#349,.T.);
#262=FACE_OUTER_BOUND('',#350,.T.);
#263=FACE_OUTER_BOUND('',#351,.T.);
#264=FACE_OUTER_BOUND('',#352,.T.);
#265=FACE_OUTER_BOUND('',#353,.T.);
#266=FACE_OUTER_BOUND('',#354,.T.);
#267=FACE_OUTER_BOUND('',#355,.T.);
#268=FACE_OUTER_BOUND('',#356,.T.);
#269=FACE_OUTER_BOUND('',#357,.T.);
#270=FACE_OUTER_BOUND('',#358,.T.);
#271=FACE_OUTER_BOUND('',#359,.T.);
#272=FACE_OUTER_BOUND('',#360,.T.);
#273=FACE_OUTER_BOUND('',#361,.T.);
#274=EDGE_LOOP('',(#982,#983,#984,#985,#986,#987,#988));
#275=EDGE_LOOP('',(#989));
#276=EDGE_LOOP('',(#990));
#277=EDGE_LOOP('',(#991));
#278=EDGE_LOOP('',(#992,#993,#994,#995));
#279=EDGE_LOOP('',(#996,#997,#998,#999));
#280=EDGE_LOOP('',(#1000,#1001,#1002,#1003));
#281=EDGE_LOOP('',(#1004,#1005,#1006,#1007));
#282=EDGE_LOOP('',(#1008,#1009,#1010,#1011));
#283=EDGE_LOOP('',(#1012,#1013,#1014,#1015));
#284=EDGE_LOOP('',(#1016,#1017,#1018,#1019,#1020,#1021,#1022));
#285=EDGE_LOOP('',(#1023,#1024,#1025,#1026));
#286=EDGE_LOOP('',(#1027,#1028,#1029,#1030));
#287=EDGE_LOOP('',(#1031));
#288=EDGE_LOOP('',(#1032));
#289=EDGE_LOOP('',(#1033,#1034,#1035,#1036));
#290=EDGE_LOOP('',(#1037,#1038,#1039,#1040));
#291=EDGE_LOOP('',(#1041,#1042,#1043,#1044));
#292=EDGE_LOOP('',(#1045,#1046,#1047,#1048));
#293=EDGE_LOOP('',(#1049,#1050,#1051,#1052));
#294=EDGE_LOOP('',(#1053,#1054,#1055,#1056,#1057,#1058,#1059,#1060));
#295=EDGE_LOOP('',(#1061,#1062,#1063,#1064,#1065,#1066,#1067,#1068));
#296=EDGE_LOOP('',(#1069,#1070,#1071,#1072));
#297=EDGE_LOOP('',(#1073,#1074,#1075,#1076));
#298=EDGE_LOOP('',(#1077,#1078,#1079,#1080));
#299=EDGE_LOOP('',(#1081,#1082,#1083,#1084));
#300=EDGE_LOOP('',(#1085,#1086,#1087,#1088));
#301=EDGE_LOOP('',(#1089,#1090,#1091,#1092));
#302=EDGE_LOOP('',(#1093,#1094,#1095,#1096));
#303=EDGE_LOOP('',(#1097,#1098,#1099,#1100,#1101,#1102,#1103,#1104));
#304=EDGE_LOOP('',(#1105,#1106,#1107,#1108,#1109,#1110,#1111,#1112));
#305=EDGE_LOOP('',(#1113,#1114,#1115,#1116,#1117));
#306=EDGE_LOOP('',(#1118,#1119,#1120,#1121));
#307=EDGE_LOOP('',(#1122));
#308=EDGE_LOOP('',(#1123,#1124,#1125,#1126));
#309=EDGE_LOOP('',(#1127));
#310=EDGE_LOOP('',(#1128,#1129,#1130,#1131,#1132,#1133,#1134,#1135,#1136,
#1137,#1138,#1139,#1140));
#311=EDGE_LOOP('',(#1141,#1142,#1143,#1144,#1145,#1146,#1147,#1148));
#312=EDGE_LOOP('',(#1149,#1150,#1151,#1152,#1153,#1154,#1155,#1156,#1157,
#1158,#1159,#1160,#1161));
#313=EDGE_LOOP('',(#1162,#1163,#1164,#1165,#1166,#1167,#1168,#1169,#1170,
#1171));
#314=EDGE_LOOP('',(#1172,#1173,#1174,#1175,#1176));
#315=EDGE_LOOP('',(#1177,#1178,#1179,#1180));
#316=EDGE_LOOP('',(#1181,#1182));
#317=EDGE_LOOP('',(#1183));
#318=EDGE_LOOP('',(#1184,#1185,#1186,#1187));
#319=EDGE_LOOP('',(#1188,#1189,#1190,#1191));
#320=EDGE_LOOP('',(#1192,#1193,#1194,#1195,#1196,#1197,#1198,#1199,#1200,
#1201,#1202,#1203,#1204,#1205,#1206,#1207,#1208,#1209,#1210,#1211,#1212,
#1213,#1214,#1215,#1216,#1217,#1218,#1219,#1220,#1221,#1222,#1223,#1224,
#1225,#1226,#1227,#1228,#1229,#1230,#1231));
#321=EDGE_LOOP('',(#1232));
#322=EDGE_LOOP('',(#1233,#1234,#1235,#1236));
#323=EDGE_LOOP('',(#1237,#1238,#1239,#1240));
#324=EDGE_LOOP('',(#1241,#1242,#1243,#1244));
#325=EDGE_LOOP('',(#1245,#1246,#1247,#1248));
#326=EDGE_LOOP('',(#1249,#1250,#1251,#1252));
#327=EDGE_LOOP('',(#1253,#1254,#1255,#1256));
#328=EDGE_LOOP('',(#1257,#1258,#1259,#1260));
#329=EDGE_LOOP('',(#1261,#1262,#1263,#1264));
#330=EDGE_LOOP('',(#1265,#1266,#1267,#1268));
#331=EDGE_LOOP('',(#1269,#1270,#1271,#1272));
#332=EDGE_LOOP('',(#1273,#1274,#1275,#1276));
#333=EDGE_LOOP('',(#1277,#1278,#1279,#1280));
#334=EDGE_LOOP('',(#1281,#1282,#1283,#1284));
#335=EDGE_LOOP('',(#1285,#1286,#1287,#1288));
#336=EDGE_LOOP('',(#1289,#1290,#1291,#1292));
#337=EDGE_LOOP('',(#1293,#1294,#1295,#1296));
#338=EDGE_LOOP('',(#1297,#1298,#1299,#1300));
#339=EDGE_LOOP('',(#1301,#1302,#1303,#1304));
#340=EDGE_LOOP('',(#1305,#1306,#1307,#1308));
#341=EDGE_LOOP('',(#1309,#1310,#1311,#1312));
#342=EDGE_LOOP('',(#1313,#1314,#1315,#1316));
#343=EDGE_LOOP('',(#1317,#1318,#1319,#1320));
#344=EDGE_LOOP('',(#1321,#1322,#1323,#1324));
#345=EDGE_LOOP('',(#1325,#1326,#1327,#1328));
#346=EDGE_LOOP('',(#1329,#1330,#1331,#1332));
#347=EDGE_LOOP('',(#1333,#1334,#1335,#1336));
#348=EDGE_LOOP('',(#1337,#1338,#1339,#1340));
#349=EDGE_LOOP('',(#1341,#1342,#1343,#1344));
#350=EDGE_LOOP('',(#1345,#1346,#1347,#1348));
#351=EDGE_LOOP('',(#1349,#1350,#1351,#1352));
#352=EDGE_LOOP('',(#1353,#1354,#1355,#1356));
#353=EDGE_LOOP('',(#1357,#1358,#1359,#1360));
#354=EDGE_LOOP('',(#1361,#1362,#1363,#1364));
#355=EDGE_LOOP('',(#1365,#1366,#1367,#1368));
#356=EDGE_LOOP('',(#1369,#1370,#1371,#1372));
#357=EDGE_LOOP('',(#1373,#1374,#1375,#1376));
#358=EDGE_LOOP('',(#1377,#1378,#1379,#1380));
#359=EDGE_LOOP('',(#1381,#1382,#1383,#1384));
#360=EDGE_LOOP('',(#1385,#1386,#1387,#1388));
#361=EDGE_LOOP('',(#1389,#1390,#1391,#1392,#1393,#1394,#1395,#1396,#1397,
#1398,#1399,#1400,#1401,#1402,#1403,#1404,#1405,#1406,#1407,#1408,#1409,
#1410,#1411,#1412,#1413,#1414,#1415,#1416,#1417,#1418,#1419,#1420,#1421,
#1422,#1423,#1424,#1425,#1426,#1427,#1428));
#362=EDGE_LOOP('',(#1429));
#363=LINE('',#1879,#484);
#364=LINE('',#1881,#485);
#365=LINE('',#1883,#486);
#366=LINE('',#1885,#487);
#367=LINE('',#1887,#488);
#368=LINE('',#1898,#489);
#369=LINE('',#1902,#490);
#370=LINE('',#1906,#491);
#371=LINE('',#1910,#492);
#372=LINE('',#1911,#493);
#373=LINE('',#1912,#494);
#374=LINE('',#1915,#495);
#375=LINE('',#1916,#496);
#376=LINE('',#1919,#497);
#377=LINE('',#1920,#498);
#378=LINE('',#1924,#499);
#379=LINE('',#1929,#500);
#380=LINE('',#1931,#501);
#381=LINE('',#1933,#502);
#382=LINE('',#1934,#503);
#383=LINE('',#1940,#504);
#384=LINE('',#1942,#505);
#385=LINE('',#1944,#506);
#386=LINE('',#1945,#507);
#387=LINE('',#1948,#508);
#388=LINE('',#1950,#509);
#389=LINE('',#1951,#510);
#390=LINE('',#1957,#511);
#391=LINE('',#1960,#512);
#392=LINE('',#1962,#513);
#393=LINE('',#1963,#514);
#394=LINE('',#1966,#515);
#395=LINE('',#1968,#516);
#396=LINE('',#1969,#517);
#397=LINE('',#1973,#518);
#398=LINE('',#1974,#519);
#399=LINE('',#1975,#520);
#400=LINE('',#1979,#521);
#401=LINE('',#1980,#522);
#402=LINE('',#1981,#523);
#403=LINE('',#1984,#524);
#404=LINE('',#1986,#525);
#405=LINE('',#1987,#526);
#406=LINE('',#1990,#527);
#407=LINE('',#1992,#528);
#408=LINE('',#1993,#529);
#409=LINE('',#1997,#530);
#410=LINE('',#1999,#531);
#411=LINE('',#2001,#532);
#412=LINE('',#2002,#533);
#413=LINE('',#2005,#534);
#414=LINE('',#2007,#535);
#415=LINE('',#2008,#536);
#416=LINE('',#2014,#537);
#417=LINE('',#2017,#538);
#418=LINE('',#2019,#539);
#419=LINE('',#2020,#540);
#420=LINE('',#2023,#541);
#421=LINE('',#2025,#542);
#422=LINE('',#2026,#543);
#423=LINE('',#2029,#544);
#424=LINE('',#2031,#545);
#425=LINE('',#2032,#546);
#426=LINE('',#2035,#547);
#427=LINE('',#2037,#548);
#428=LINE('',#2038,#549);
#429=LINE('',#2041,#550);
#430=LINE('',#2043,#551);
#431=LINE('',#2045,#552);
#432=LINE('',#2046,#553);
#433=LINE('',#2048,#554);
#434=LINE('',#2049,#555);
#435=LINE('',#2052,#556);
#436=LINE('',#2053,#557);
#437=LINE('',#2057,#558);
#438=LINE('',#2064,#559);
#439=LINE('',#2067,#560);
#440=LINE('',#2069,#561);
#441=LINE('',#2075,#562);
#442=LINE('',#2076,#563);
#443=LINE('',#2113,#564);
#444=LINE('',#2125,#565);
#445=LINE('',#2158,#566);
#446=LINE('',#2620,#567);
#447=LINE('',#2652,#568);
#448=LINE('',#2684,#569);
#449=LINE('',#2716,#570);
#450=LINE('',#2748,#571);
#451=LINE('',#2780,#572);
#452=LINE('',#2812,#573);
#453=LINE('',#2844,#574);
#454=LINE('',#2876,#575);
#455=LINE('',#2908,#576);
#456=LINE('',#2940,#577);
#457=LINE('',#2972,#578);
#458=LINE('',#3004,#579);
#459=LINE('',#3036,#580);
#460=LINE('',#3068,#581);
#461=LINE('',#3100,#582);
#462=LINE('',#3132,#583);
#463=LINE('',#3164,#584);
#464=LINE('',#3196,#585);
#465=LINE('',#3228,#586);
#466=LINE('',#3260,#587);
#467=LINE('',#3292,#588);
#468=LINE('',#3324,#589);
#469=LINE('',#3356,#590);
#470=LINE('',#3388,#591);
#471=LINE('',#3420,#592);
#472=LINE('',#3452,#593);
#473=LINE('',#3484,#594);
#474=LINE('',#3516,#595);
#475=LINE('',#3548,#596);
#476=LINE('',#3580,#597);
#477=LINE('',#3612,#598);
#478=LINE('',#3644,#599);
#479=LINE('',#3676,#600);
#480=LINE('',#3708,#601);
#481=LINE('',#3740,#602);
#482=LINE('',#3744,#603);
#483=LINE('',#3776,#604);
#484=VECTOR('',#1628,10.);
#485=VECTOR('',#1629,10.);
#486=VECTOR('',#1630,10.);
#487=VECTOR('',#1631,10.);
#488=VECTOR('',#1632,10.);
#489=VECTOR('',#1645,0.375);
#490=VECTOR('',#1650,0.375000000000001);
#491=VECTOR('',#1655,0.375000000000001);
#492=VECTOR('',#1658,10.);
#493=VECTOR('',#1659,10.);
#494=VECTOR('',#1660,10.);
#495=VECTOR('',#1663,10.);
#496=VECTOR('',#1664,10.);
#497=VECTOR('',#1667,10.);
#498=VECTOR('',#1668,10.);
#499=VECTOR('',#1673,10.);
#500=VECTOR('',#1678,10.);
#501=VECTOR('',#1679,10.);
#502=VECTOR('',#1680,10.);
#503=VECTOR('',#1681,10.);
#504=VECTOR('',#1688,10.);
#505=VECTOR('',#1689,10.);
#506=VECTOR('',#1690,10.);
#507=VECTOR('',#1691,10.);
#508=VECTOR('',#1694,10.);
#509=VECTOR('',#1695,10.);
#510=VECTOR('',#1696,10.);
#511=VECTOR('',#1703,10.);
#512=VECTOR('',#1706,10.);
#513=VECTOR('',#1707,10.);
#514=VECTOR('',#1708,10.);
#515=VECTOR('',#1711,10.);
#516=VECTOR('',#1712,10.);
#517=VECTOR('',#1713,10.);
#518=VECTOR('',#1716,10.);
#519=VECTOR('',#1717,10.);
#520=VECTOR('',#1718,10.);
#521=VECTOR('',#1721,10.);
#522=VECTOR('',#1722,10.);
#523=VECTOR('',#1723,10.);
#524=VECTOR('',#1726,10.);
#525=VECTOR('',#1727,10.);
#526=VECTOR('',#1728,10.);
#527=VECTOR('',#1731,10.);
#528=VECTOR('',#1732,10.);
#529=VECTOR('',#1733,10.);
#530=VECTOR('',#1736,10.);
#531=VECTOR('',#1737,10.);
#532=VECTOR('',#1738,10.);
#533=VECTOR('',#1739,10.);
#534=VECTOR('',#1742,10.);
#535=VECTOR('',#1743,10.);
#536=VECTOR('',#1744,10.);
#537=VECTOR('',#1751,10.);
#538=VECTOR('',#1754,10.);
#539=VECTOR('',#1755,10.);
#540=VECTOR('',#1756,10.);
#541=VECTOR('',#1759,10.);
#542=VECTOR('',#1760,10.);
#543=VECTOR('',#1761,10.);
#544=VECTOR('',#1764,10.);
#545=VECTOR('',#1765,10.);
#546=VECTOR('',#1766,10.);
#547=VECTOR('',#1769,10.);
#548=VECTOR('',#1770,10.);
#549=VECTOR('',#1771,10.);
#550=VECTOR('',#1774,10.);
#551=VECTOR('',#1775,10.);
#552=VECTOR('',#1776,10.);
#553=VECTOR('',#1777,10.);
#554=VECTOR('',#1780,10.);
#555=VECTOR('',#1781,10.);
#556=VECTOR('',#1786,10.);
#557=VECTOR('',#1787,10.);
#558=VECTOR('',#1792,10.);
#559=VECTOR('',#1801,10.);
#560=VECTOR('',#1806,1.);
#561=VECTOR('',#1807,1.);
#562=VECTOR('',#1814,10.);
#563=VECTOR('',#1815,10.);
#564=VECTOR('',#1822,10.);
#565=VECTOR('',#1823,10.);
#566=VECTOR('',#1824,10.);
#567=VECTOR('',#1829,10.);
#568=VECTOR('',#1830,10.);
#569=VECTOR('',#1831,10.);
#570=VECTOR('',#1832,10.);
#571=VECTOR('',#1833,10.);
#572=VECTOR('',#1834,10.);
#573=VECTOR('',#1835,10.);
#574=VECTOR('',#1836,10.);
#575=VECTOR('',#1837,10.);
#576=VECTOR('',#1838,10.);
#577=VECTOR('',#1839,10.);
#578=VECTOR('',#1840,10.);
#579=VECTOR('',#1841,10.);
#580=VECTOR('',#1842,10.);
#581=VECTOR('',#1843,10.);
#582=VECTOR('',#1844,10.);
#583=VECTOR('',#1845,10.);
#584=VECTOR('',#1846,10.);
#585=VECTOR('',#1847,10.);
#586=VECTOR('',#1848,10.);
#587=VECTOR('',#1849,10.);
#588=VECTOR('',#1850,10.);
#589=VECTOR('',#1851,10.);
#590=VECTOR('',#1852,10.);
#591=VECTOR('',#1853,10.);
#592=VECTOR('',#1854,10.);
#593=VECTOR('',#1855,10.);
#594=VECTOR('',#1856,10.);
#595=VECTOR('',#1857,10.);
#596=VECTOR('',#1858,10.);
#597=VECTOR('',#1859,10.);
#598=VECTOR('',#1860,10.);
#599=VECTOR('',#1861,10.);
#600=VECTOR('',#1862,10.);
#601=VECTOR('',#1863,10.);
#602=VECTOR('',#1864,10.);
#603=VECTOR('',#1869,1.);
#604=VECTOR('',#1870,10.);
#605=ELLIPSE('',#1559,1.41421356237309,1.);
#606=ELLIPSE('',#1560,1.41421356237309,1.);
#607=ELLIPSE('',#1574,1.4142135623731,1.);
#608=ELLIPSE('',#1575,1.4142135623731,1.);
#609=VERTEX_POINT('',#1875);
#610=VERTEX_POINT('',#1876);
#611=VERTEX_POINT('',#1878);
#612=VERTEX_POINT('',#1880);
#613=VERTEX_POINT('',#1882);
#614=VERTEX_POINT('',#1884);
#615=VERTEX_POINT('',#1886);
#616=VERTEX_POINT('',#1889);
#617=VERTEX_POINT('',#1891);
#618=VERTEX_POINT('',#1893);
#619=VERTEX_POINT('',#1896);
#620=VERTEX_POINT('',#1900);
#621=VERTEX_POINT('',#1904);
#622=VERTEX_POINT('',#1908);
#623=VERTEX_POINT('',#1909);
#624=VERTEX_POINT('',#1914);
#625=VERTEX_POINT('',#1918);
#626=VERTEX_POINT('',#1922);
#627=VERTEX_POINT('',#1927);
#628=VERTEX_POINT('',#1928);
#629=VERTEX_POINT('',#1930);
#630=VERTEX_POINT('',#1932);
#631=VERTEX_POINT('',#1938);
#632=VERTEX_POINT('',#1939);
#633=VERTEX_POINT('',#1941);
#634=VERTEX_POINT('',#1943);
#635=VERTEX_POINT('',#1947);
#636=VERTEX_POINT('',#1949);
#637=VERTEX_POINT('',#1953);
#638=VERTEX_POINT('',#1955);
#639=VERTEX_POINT('',#1959);
#640=VERTEX_POINT('',#1961);
#641=VERTEX_POINT('',#1965);
#642=VERTEX_POINT('',#1967);
#643=VERTEX_POINT('',#1971);
#644=VERTEX_POINT('',#1972);
#645=VERTEX_POINT('',#1977);
#646=VERTEX_POINT('',#1978);
#647=VERTEX_POINT('',#1983);
#648=VERTEX_POINT('',#1985);
#649=VERTEX_POINT('',#1989);
#650=VERTEX_POINT('',#1991);
#651=VERTEX_POINT('',#1995);
#652=VERTEX_POINT('',#1996);
#653=VERTEX_POINT('',#1998);
#654=VERTEX_POINT('',#2000);
#655=VERTEX_POINT('',#2004);
#656=VERTEX_POINT('',#2006);
#657=VERTEX_POINT('',#2010);
#658=VERTEX_POINT('',#2012);
#659=VERTEX_POINT('',#2016);
#660=VERTEX_POINT('',#2018);
#661=VERTEX_POINT('',#2022);
#662=VERTEX_POINT('',#2024);
#663=VERTEX_POINT('',#2028);
#664=VERTEX_POINT('',#2030);
#665=VERTEX_POINT('',#2034);
#666=VERTEX_POINT('',#2036);
#667=VERTEX_POINT('',#2040);
#668=VERTEX_POINT('',#2042);
#669=VERTEX_POINT('',#2044);
#670=VERTEX_POINT('',#2054);
#671=VERTEX_POINT('',#2059);
#672=VERTEX_POINT('',#2061);
#673=VERTEX_POINT('',#2068);
#674=VERTEX_POINT('',#2072);
#675=VERTEX_POINT('',#2073);
#676=VERTEX_POINT('',#2100);
#677=VERTEX_POINT('',#2101);
#678=VERTEX_POINT('',#2112);
#679=VERTEX_POINT('',#2114);
#680=VERTEX_POINT('',#2146);
#681=VERTEX_POINT('',#2157);
#682=VERTEX_POINT('',#2170);
#683=VERTEX_POINT('',#2181);
#684=VERTEX_POINT('',#2192);
#685=VERTEX_POINT('',#2203);
#686=VERTEX_POINT('',#2214);
#687=VERTEX_POINT('',#2225);
#688=VERTEX_POINT('',#2236);
#689=VERTEX_POINT('',#2247);
#690=VERTEX_POINT('',#2258);
#691=VERTEX_POINT('',#2269);
#692=VERTEX_POINT('',#2280);
#693=VERTEX_POINT('',#2291);
#694=VERTEX_POINT('',#2302);
#695=VERTEX_POINT('',#2313);
#696=VERTEX_POINT('',#2324);
#697=VERTEX_POINT('',#2335);
#698=VERTEX_POINT('',#2346);
#699=VERTEX_POINT('',#2357);
#700=VERTEX_POINT('',#2368);
#701=VERTEX_POINT('',#2379);
#702=VERTEX_POINT('',#2390);
#703=VERTEX_POINT('',#2401);
#704=VERTEX_POINT('',#2412);
#705=VERTEX_POINT('',#2423);
#706=VERTEX_POINT('',#2434);
#707=VERTEX_POINT('',#2445);
#708=VERTEX_POINT('',#2456);
#709=VERTEX_POINT('',#2467);
#710=VERTEX_POINT('',#2478);
#711=VERTEX_POINT('',#2489);
#712=VERTEX_POINT('',#2500);
#713=VERTEX_POINT('',#2511);
#714=VERTEX_POINT('',#2522);
#715=VERTEX_POINT('',#2533);
#716=VERTEX_POINT('',#2544);
#717=VERTEX_POINT('',#2555);
#718=VERTEX_POINT('',#2566);
#719=VERTEX_POINT('',#2587);
#720=VERTEX_POINT('',#2609);
#721=VERTEX_POINT('',#2641);
#722=VERTEX_POINT('',#2673);
#723=VERTEX_POINT('',#2705);
#724=VERTEX_POINT('',#2737);
#725=VERTEX_POINT('',#2769);
#726=VERTEX_POINT('',#2801);
#727=VERTEX_POINT('',#2833);
#728=VERTEX_POINT('',#2865);
#729=VERTEX_POINT('',#2897);
#730=VERTEX_POINT('',#2929);
#731=VERTEX_POINT('',#2961);
#732=VERTEX_POINT('',#2993);
#733=VERTEX_POINT('',#3025);
#734=VERTEX_POINT('',#3057);
#735=VERTEX_POINT('',#3089);
#736=VERTEX_POINT('',#3121);
#737=VERTEX_POINT('',#3153);
#738=VERTEX_POINT('',#3185);
#739=VERTEX_POINT('',#3217);
#740=VERTEX_POINT('',#3249);
#741=VERTEX_POINT('',#3281);
#742=VERTEX_POINT('',#3313);
#743=VERTEX_POINT('',#3345);
#744=VERTEX_POINT('',#3377);
#745=VERTEX_POINT('',#3409);
#746=VERTEX_POINT('',#3441);
#747=VERTEX_POINT('',#3473);
#748=VERTEX_POINT('',#3505);
#749=VERTEX_POINT('',#3537);
#750=VERTEX_POINT('',#3569);
#751=VERTEX_POINT('',#3601);
#752=VERTEX_POINT('',#3633);
#753=VERTEX_POINT('',#3665);
#754=VERTEX_POINT('',#3697);
#755=VERTEX_POINT('',#3729);
#756=VERTEX_POINT('',#3742);
#757=VERTEX_POINT('',#3765);
#758=EDGE_CURVE('',#609,#610,#605,.T.);
#759=EDGE_CURVE('',#611,#609,#363,.T.);
#760=EDGE_CURVE('',#612,#611,#364,.T.);
#761=EDGE_CURVE('',#613,#612,#365,.T.);
#762=EDGE_CURVE('',#614,#613,#366,.T.);
#763=EDGE_CURVE('',#615,#614,#367,.T.);
#764=EDGE_CURVE('',#610,#615,#606,.T.);
#765=EDGE_CURVE('',#616,#616,#174,.T.);
#766=EDGE_CURVE('',#617,#617,#175,.T.);
#767=EDGE_CURVE('',#618,#618,#176,.T.);
#768=EDGE_CURVE('',#619,#619,#177,.T.);
#769=EDGE_CURVE('',#619,#616,#368,.T.);
#770=EDGE_CURVE('',#620,#620,#178,.T.);
#771=EDGE_CURVE('',#620,#617,#369,.T.);
#772=EDGE_CURVE('',#621,#621,#179,.T.);
#773=EDGE_CURVE('',#621,#618,#370,.T.);
#774=EDGE_CURVE('',#622,#623,#371,.T.);
#775=EDGE_CURVE('',#622,#612,#372,.T.);
#776=EDGE_CURVE('',#623,#611,#373,.T.);
#777=EDGE_CURVE('',#624,#622,#374,.T.);
#778=EDGE_CURVE('',#624,#613,#375,.T.);
#779=EDGE_CURVE('',#625,#624,#376,.T.);
#780=EDGE_CURVE('',#625,#614,#377,.T.);
#781=EDGE_CURVE('',#615,#626,#607,.T.);
#782=EDGE_CURVE('',#623,#625,#378,.T.);
#783=EDGE_CURVE('',#626,#609,#608,.T.);
#784=EDGE_CURVE('',#627,#628,#379,.T.);
#785=EDGE_CURVE('',#628,#629,#380,.T.);
#786=EDGE_CURVE('',#629,#630,#381,.T.);
#787=EDGE_CURVE('',#630,#627,#382,.T.);
#788=EDGE_CURVE('',#631,#632,#383,.T.);
#789=EDGE_CURVE('',#631,#633,#384,.T.);
#790=EDGE_CURVE('',#634,#633,#385,.T.);
#791=EDGE_CURVE('',#632,#634,#386,.T.);
#792=EDGE_CURVE('',#632,#635,#387,.T.);
#793=EDGE_CURVE('',#636,#634,#388,.T.);
#794=EDGE_CURVE('',#635,#636,#389,.T.);
#795=EDGE_CURVE('',#637,#635,#180,.T.);
#796=EDGE_CURVE('',#638,#636,#181,.T.);
#797=EDGE_CURVE('',#637,#638,#390,.T.);
#798=EDGE_CURVE('',#639,#637,#391,.T.);
#799=EDGE_CURVE('',#640,#638,#392,.T.);
#800=EDGE_CURVE('',#639,#640,#393,.T.);
#801=EDGE_CURVE('',#641,#639,#394,.T.);
#802=EDGE_CURVE('',#642,#640,#395,.T.);
#803=EDGE_CURVE('',#641,#642,#396,.T.);
#804=EDGE_CURVE('',#643,#644,#397,.T.);
#805=EDGE_CURVE('',#643,#631,#398,.T.);
#806=EDGE_CURVE('',#641,#644,#399,.T.);
#807=EDGE_CURVE('',#645,#646,#400,.T.);
#808=EDGE_CURVE('',#645,#642,#401,.T.);
#809=EDGE_CURVE('',#633,#646,#402,.T.);
#810=EDGE_CURVE('',#646,#647,#403,.T.);
#811=EDGE_CURVE('',#648,#647,#404,.T.);
#812=EDGE_CURVE('',#645,#648,#405,.T.);
#813=EDGE_CURVE('',#649,#644,#406,.T.);
#814=EDGE_CURVE('',#649,#650,#407,.T.);
#815=EDGE_CURVE('',#650,#643,#408,.T.);
#816=EDGE_CURVE('',#651,#652,#409,.T.);
#817=EDGE_CURVE('',#651,#653,#410,.T.);
#818=EDGE_CURVE('',#654,#653,#411,.T.);
#819=EDGE_CURVE('',#652,#654,#412,.T.);
#820=EDGE_CURVE('',#652,#655,#413,.T.);
#821=EDGE_CURVE('',#656,#654,#414,.T.);
#822=EDGE_CURVE('',#655,#656,#415,.T.);
#823=EDGE_CURVE('',#657,#655,#182,.T.);
#824=EDGE_CURVE('',#658,#656,#183,.T.);
#825=EDGE_CURVE('',#657,#658,#416,.T.);
#826=EDGE_CURVE('',#659,#657,#417,.T.);
#827=EDGE_CURVE('',#660,#658,#418,.T.);
#828=EDGE_CURVE('',#659,#660,#419,.T.);
#829=EDGE_CURVE('',#661,#659,#420,.T.);
#830=EDGE_CURVE('',#662,#660,#421,.T.);
#831=EDGE_CURVE('',#661,#662,#422,.T.);
#832=EDGE_CURVE('',#651,#663,#423,.T.);
#833=EDGE_CURVE('',#664,#661,#424,.T.);
#834=EDGE_CURVE('',#663,#664,#425,.T.);
#835=EDGE_CURVE('',#653,#665,#426,.T.);
#836=EDGE_CURVE('',#666,#665,#427,.T.);
#837=EDGE_CURVE('',#666,#662,#428,.T.);
#838=EDGE_CURVE('',#667,#664,#429,.T.);
#839=EDGE_CURVE('',#667,#668,#430,.T.);
#840=EDGE_CURVE('',#668,#669,#431,.T.);
#841=EDGE_CURVE('',#669,#663,#432,.T.);
#842=EDGE_CURVE('',#665,#627,#433,.T.);
#843=EDGE_CURVE('',#666,#630,#434,.T.);
#844=EDGE_CURVE('',#628,#648,#435,.T.);
#845=EDGE_CURVE('',#647,#629,#436,.T.);
#846=EDGE_CURVE('',#670,#670,#184,.T.);
#847=EDGE_CURVE('',#649,#669,#437,.T.);
#848=EDGE_CURVE('',#668,#671,#185,.T.);
#849=EDGE_CURVE('',#671,#672,#186,.T.);
#850=EDGE_CURVE('',#672,#668,#187,.T.);
#851=EDGE_CURVE('',#650,#667,#438,.T.);
#852=EDGE_CURVE('',#670,#626,#439,.T.);
#853=EDGE_CURVE('',#610,#673,#440,.T.);
#854=EDGE_CURVE('',#673,#673,#188,.T.);
#855=EDGE_CURVE('',#674,#675,#189,.T.);
#856=EDGE_CURVE('',#675,#671,#441,.T.);
#857=EDGE_CURVE('',#674,#672,#442,.T.);
#858=EDGE_CURVE('',#675,#674,#190,.T.);
#859=EDGE_CURVE('',#676,#677,#13,.T.);
#860=EDGE_CURVE('',#676,#678,#443,.T.);
#861=EDGE_CURVE('',#679,#678,#14,.T.);
#862=EDGE_CURVE('',#677,#679,#444,.T.);
#863=EDGE_CURVE('',#680,#676,#15,.T.);
#864=EDGE_CURVE('',#680,#681,#445,.T.);
#865=EDGE_CURVE('',#678,#681,#16,.T.);
#866=EDGE_CURVE('',#681,#682,#17,.T.);
#867=EDGE_CURVE('',#682,#683,#18,.T.);
#868=EDGE_CURVE('',#683,#684,#19,.T.);
#869=EDGE_CURVE('',#684,#685,#20,.T.);
#870=EDGE_CURVE('',#685,#686,#21,.T.);
#871=EDGE_CURVE('',#686,#687,#22,.T.);
#872=EDGE_CURVE('',#687,#688,#23,.T.);
#873=EDGE_CURVE('',#688,#689,#24,.T.);
#874=EDGE_CURVE('',#689,#690,#25,.T.);
#875=EDGE_CURVE('',#690,#691,#26,.T.);
#876=EDGE_CURVE('',#691,#692,#27,.T.);
#877=EDGE_CURVE('',#692,#693,#28,.T.);
#878=EDGE_CURVE('',#693,#694,#29,.T.);
#879=EDGE_CURVE('',#694,#695,#30,.T.);
#880=EDGE_CURVE('',#695,#696,#31,.T.);
#881=EDGE_CURVE('',#696,#697,#32,.T.);
#882=EDGE_CURVE('',#697,#698,#33,.T.);
#883=EDGE_CURVE('',#698,#699,#34,.T.);
#884=EDGE_CURVE('',#699,#700,#35,.T.);
#885=EDGE_CURVE('',#700,#701,#36,.T.);
#886=EDGE_CURVE('',#701,#702,#37,.T.);
#887=EDGE_CURVE('',#702,#703,#38,.T.);
#888=EDGE_CURVE('',#703,#704,#39,.T.);
#889=EDGE_CURVE('',#704,#705,#40,.T.);
#890=EDGE_CURVE('',#705,#706,#41,.T.);
#891=EDGE_CURVE('',#706,#707,#42,.T.);
#892=EDGE_CURVE('',#707,#708,#43,.T.);
#893=EDGE_CURVE('',#708,#709,#44,.T.);
#894=EDGE_CURVE('',#709,#710,#45,.T.);
#895=EDGE_CURVE('',#710,#711,#46,.T.);
#896=EDGE_CURVE('',#711,#712,#47,.T.);
#897=EDGE_CURVE('',#712,#713,#48,.T.);
#898=EDGE_CURVE('',#713,#714,#49,.T.);
#899=EDGE_CURVE('',#714,#715,#50,.T.);
#900=EDGE_CURVE('',#715,#716,#51,.T.);
#901=EDGE_CURVE('',#716,#717,#52,.T.);
#902=EDGE_CURVE('',#717,#718,#53,.T.);
#903=EDGE_CURVE('',#718,#679,#54,.T.);
#904=EDGE_CURVE('',#719,#719,#191,.T.);
#905=EDGE_CURVE('',#720,#680,#55,.T.);
#906=EDGE_CURVE('',#720,#682,#446,.T.);
#907=EDGE_CURVE('',#721,#720,#56,.T.);
#908=EDGE_CURVE('',#721,#683,#447,.T.);
#909=EDGE_CURVE('',#722,#721,#57,.T.);
#910=EDGE_CURVE('',#722,#684,#448,.T.);
#911=EDGE_CURVE('',#723,#722,#58,.T.);
#912=EDGE_CURVE('',#723,#685,#449,.T.);
#913=EDGE_CURVE('',#724,#723,#59,.T.);
#914=EDGE_CURVE('',#724,#686,#450,.T.);
#915=EDGE_CURVE('',#725,#724,#60,.T.);
#916=EDGE_CURVE('',#725,#687,#451,.T.);
#917=EDGE_CURVE('',#726,#725,#61,.T.);
#918=EDGE_CURVE('',#726,#688,#452,.T.);
#919=EDGE_CURVE('',#727,#726,#62,.T.);
#920=EDGE_CURVE('',#727,#689,#453,.T.);
#921=EDGE_CURVE('',#728,#727,#63,.T.);
#922=EDGE_CURVE('',#728,#690,#454,.T.);
#923=EDGE_CURVE('',#729,#728,#64,.T.);
#924=EDGE_CURVE('',#729,#691,#455,.T.);
#925=EDGE_CURVE('',#730,#729,#65,.T.);
#926=EDGE_CURVE('',#730,#692,#456,.T.);
#927=EDGE_CURVE('',#731,#730,#66,.T.);
#928=EDGE_CURVE('',#731,#693,#457,.T.);
#929=EDGE_CURVE('',#732,#731,#67,.T.);
#930=EDGE_CURVE('',#732,#694,#458,.T.);
#931=EDGE_CURVE('',#733,#732,#68,.T.);
#932=EDGE_CURVE('',#733,#695,#459,.T.);
#933=EDGE_CURVE('',#734,#733,#69,.T.);
#934=EDGE_CURVE('',#734,#696,#460,.T.);
#935=EDGE_CURVE('',#735,#734,#70,.T.);
#936=EDGE_CURVE('',#735,#697,#461,.T.);
#937=EDGE_CURVE('',#736,#735,#71,.T.);
#938=EDGE_CURVE('',#736,#698,#462,.T.);
#939=EDGE_CURVE('',#737,#736,#72,.T.);
#940=EDGE_CURVE('',#737,#699,#463,.T.);
#941=EDGE_CURVE('',#738,#737,#73,.T.);
#942=EDGE_CURVE('',#738,#700,#464,.T.);
#943=EDGE_CURVE('',#739,#738,#74,.T.);
#944=EDGE_CURVE('',#739,#701,#465,.T.);
#945=EDGE_CURVE('',#740,#739,#75,.T.);
#946=EDGE_CURVE('',#740,#702,#466,.T.);
#947=EDGE_CURVE('',#741,#740,#76,.T.);
#948=EDGE_CURVE('',#741,#703,#467,.T.);
#949=EDGE_CURVE('',#742,#741,#77,.T.);
#950=EDGE_CURVE('',#742,#704,#468,.T.);
#951=EDGE_CURVE('',#743,#742,#78,.T.);
#952=EDGE_CURVE('',#743,#705,#469,.T.);
#953=EDGE_CURVE('',#744,#743,#79,.T.);
#954=EDGE_CURVE('',#744,#706,#470,.T.);
#955=EDGE_CURVE('',#745,#744,#80,.T.);
#956=EDGE_CURVE('',#745,#707,#471,.T.);
#957=EDGE_CURVE('',#746,#745,#81,.T.);
#958=EDGE_CURVE('',#746,#708,#472,.T.);
#959=EDGE_CURVE('',#747,#746,#82,.T.);
#960=EDGE_CURVE('',#747,#709,#473,.T.);
#961=EDGE_CURVE('',#748,#747,#83,.T.);
#962=EDGE_CURVE('',#748,#710,#474,.T.);
#963=EDGE_CURVE('',#749,#748,#84,.T.);
#964=EDGE_CURVE('',#749,#711,#475,.T.);
#965=EDGE_CURVE('',#750,#749,#85,.T.);
#966=EDGE_CURVE('',#750,#712,#476,.T.);
#967=EDGE_CURVE('',#751,#750,#86,.T.);
#968=EDGE_CURVE('',#751,#713,#477,.T.);
#969=EDGE_CURVE('',#752,#751,#87,.T.);
#970=EDGE_CURVE('',#752,#714,#478,.T.);
#971=EDGE_CURVE('',#753,#752,#88,.T.);
#972=EDGE_CURVE('',#753,#715,#479,.T.);
#973=EDGE_CURVE('',#754,#753,#89,.T.);
#974=EDGE_CURVE('',#754,#716,#480,.T.);
#975=EDGE_CURVE('',#755,#754,#90,.T.);
#976=EDGE_CURVE('',#755,#717,#481,.T.);
#977=EDGE_CURVE('',#756,#756,#192,.T.);
#978=EDGE_CURVE('',#756,#719,#482,.T.);
#979=EDGE_CURVE('',#757,#755,#91,.T.);
#980=EDGE_CURVE('',#757,#718,#483,.T.);
#981=EDGE_CURVE('',#677,#757,#92,.T.);
#982=ORIENTED_EDGE('',*,*,#758,.F.);
#983=ORIENTED_EDGE('',*,*,#759,.F.);
#984=ORIENTED_EDGE('',*,*,#760,.F.);
#985=ORIENTED_EDGE('',*,*,#761,.F.);
#986=ORIENTED_EDGE('',*,*,#762,.F.);
#987=ORIENTED_EDGE('',*,*,#763,.F.);
#988=ORIENTED_EDGE('',*,*,#764,.F.);
#989=ORIENTED_EDGE('',*,*,#765,.F.);
#990=ORIENTED_EDGE('',*,*,#766,.F.);
#991=ORIENTED_EDGE('',*,*,#767,.F.);
#992=ORIENTED_EDGE('',*,*,#768,.F.);
#993=ORIENTED_EDGE('',*,*,#769,.T.);
#994=ORIENTED_EDGE('',*,*,#765,.T.);
#995=ORIENTED_EDGE('',*,*,#769,.F.);
#996=ORIENTED_EDGE('',*,*,#770,.F.);
#997=ORIENTED_EDGE('',*,*,#771,.T.);
#998=ORIENTED_EDGE('',*,*,#766,.T.);
#999=ORIENTED_EDGE('',*,*,#771,.F.);
#1000=ORIENTED_EDGE('',*,*,#772,.F.);
#1001=ORIENTED_EDGE('',*,*,#773,.T.);
#1002=ORIENTED_EDGE('',*,*,#767,.T.);
#1003=ORIENTED_EDGE('',*,*,#773,.F.);
#1004=ORIENTED_EDGE('',*,*,#774,.F.);
#1005=ORIENTED_EDGE('',*,*,#775,.T.);
#1006=ORIENTED_EDGE('',*,*,#760,.T.);
#1007=ORIENTED_EDGE('',*,*,#776,.F.);
#1008=ORIENTED_EDGE('',*,*,#777,.F.);
#1009=ORIENTED_EDGE('',*,*,#778,.T.);
#1010=ORIENTED_EDGE('',*,*,#761,.T.);
#1011=ORIENTED_EDGE('',*,*,#775,.F.);
#1012=ORIENTED_EDGE('',*,*,#779,.F.);
#1013=ORIENTED_EDGE('',*,*,#780,.T.);
#1014=ORIENTED_EDGE('',*,*,#762,.T.);
#1015=ORIENTED_EDGE('',*,*,#778,.F.);
#1016=ORIENTED_EDGE('',*,*,#781,.F.);
#1017=ORIENTED_EDGE('',*,*,#763,.T.);
#1018=ORIENTED_EDGE('',*,*,#780,.F.);
#1019=ORIENTED_EDGE('',*,*,#782,.F.);
#1020=ORIENTED_EDGE('',*,*,#776,.T.);
#1021=ORIENTED_EDGE('',*,*,#759,.T.);
#1022=ORIENTED_EDGE('',*,*,#783,.F.);
#1023=ORIENTED_EDGE('',*,*,#784,.T.);
#1024=ORIENTED_EDGE('',*,*,#785,.T.);
#1025=ORIENTED_EDGE('',*,*,#786,.T.);
#1026=ORIENTED_EDGE('',*,*,#787,.T.);
#1027=ORIENTED_EDGE('',*,*,#774,.T.);
#1028=ORIENTED_EDGE('',*,*,#782,.T.);
#1029=ORIENTED_EDGE('',*,*,#779,.T.);
#1030=ORIENTED_EDGE('',*,*,#777,.T.);
#1031=ORIENTED_EDGE('',*,*,#772,.T.);
#1032=ORIENTED_EDGE('',*,*,#770,.T.);
#1033=ORIENTED_EDGE('',*,*,#788,.F.);
#1034=ORIENTED_EDGE('',*,*,#789,.T.);
#1035=ORIENTED_EDGE('',*,*,#790,.F.);
#1036=ORIENTED_EDGE('',*,*,#791,.F.);
#1037=ORIENTED_EDGE('',*,*,#792,.F.);
#1038=ORIENTED_EDGE('',*,*,#791,.T.);
#1039=ORIENTED_EDGE('',*,*,#793,.F.);
#1040=ORIENTED_EDGE('',*,*,#794,.F.);
#1041=ORIENTED_EDGE('',*,*,#795,.T.);
#1042=ORIENTED_EDGE('',*,*,#794,.T.);
#1043=ORIENTED_EDGE('',*,*,#796,.F.);
#1044=ORIENTED_EDGE('',*,*,#797,.F.);
#1045=ORIENTED_EDGE('',*,*,#798,.T.);
#1046=ORIENTED_EDGE('',*,*,#797,.T.);
#1047=ORIENTED_EDGE('',*,*,#799,.F.);
#1048=ORIENTED_EDGE('',*,*,#800,.F.);
#1049=ORIENTED_EDGE('',*,*,#801,.T.);
#1050=ORIENTED_EDGE('',*,*,#800,.T.);
#1051=ORIENTED_EDGE('',*,*,#802,.F.);
#1052=ORIENTED_EDGE('',*,*,#803,.F.);
#1053=ORIENTED_EDGE('',*,*,#804,.F.);
#1054=ORIENTED_EDGE('',*,*,#805,.T.);
#1055=ORIENTED_EDGE('',*,*,#788,.T.);
#1056=ORIENTED_EDGE('',*,*,#792,.T.);
#1057=ORIENTED_EDGE('',*,*,#795,.F.);
#1058=ORIENTED_EDGE('',*,*,#798,.F.);
#1059=ORIENTED_EDGE('',*,*,#801,.F.);
#1060=ORIENTED_EDGE('',*,*,#806,.T.);
#1061=ORIENTED_EDGE('',*,*,#807,.F.);
#1062=ORIENTED_EDGE('',*,*,#808,.T.);
#1063=ORIENTED_EDGE('',*,*,#802,.T.);
#1064=ORIENTED_EDGE('',*,*,#799,.T.);
#1065=ORIENTED_EDGE('',*,*,#796,.T.);
#1066=ORIENTED_EDGE('',*,*,#793,.T.);
#1067=ORIENTED_EDGE('',*,*,#790,.T.);
#1068=ORIENTED_EDGE('',*,*,#809,.T.);
#1069=ORIENTED_EDGE('',*,*,#807,.T.);
#1070=ORIENTED_EDGE('',*,*,#810,.T.);
#1071=ORIENTED_EDGE('',*,*,#811,.F.);
#1072=ORIENTED_EDGE('',*,*,#812,.F.);
#1073=ORIENTED_EDGE('',*,*,#804,.T.);
#1074=ORIENTED_EDGE('',*,*,#813,.F.);
#1075=ORIENTED_EDGE('',*,*,#814,.T.);
#1076=ORIENTED_EDGE('',*,*,#815,.T.);
#1077=ORIENTED_EDGE('',*,*,#816,.F.);
#1078=ORIENTED_EDGE('',*,*,#817,.T.);
#1079=ORIENTED_EDGE('',*,*,#818,.F.);
#1080=ORIENTED_EDGE('',*,*,#819,.F.);
#1081=ORIENTED_EDGE('',*,*,#820,.F.);
#1082=ORIENTED_EDGE('',*,*,#819,.T.);
#1083=ORIENTED_EDGE('',*,*,#821,.F.);
#1084=ORIENTED_EDGE('',*,*,#822,.F.);
#1085=ORIENTED_EDGE('',*,*,#823,.T.);
#1086=ORIENTED_EDGE('',*,*,#822,.T.);
#1087=ORIENTED_EDGE('',*,*,#824,.F.);
#1088=ORIENTED_EDGE('',*,*,#825,.F.);
#1089=ORIENTED_EDGE('',*,*,#826,.T.);
#1090=ORIENTED_EDGE('',*,*,#825,.T.);
#1091=ORIENTED_EDGE('',*,*,#827,.F.);
#1092=ORIENTED_EDGE('',*,*,#828,.F.);
#1093=ORIENTED_EDGE('',*,*,#829,.T.);
#1094=ORIENTED_EDGE('',*,*,#828,.T.);
#1095=ORIENTED_EDGE('',*,*,#830,.F.);
#1096=ORIENTED_EDGE('',*,*,#831,.F.);
#1097=ORIENTED_EDGE('',*,*,#832,.F.);
#1098=ORIENTED_EDGE('',*,*,#816,.T.);
#1099=ORIENTED_EDGE('',*,*,#820,.T.);
#1100=ORIENTED_EDGE('',*,*,#823,.F.);
#1101=ORIENTED_EDGE('',*,*,#826,.F.);
#1102=ORIENTED_EDGE('',*,*,#829,.F.);
#1103=ORIENTED_EDGE('',*,*,#833,.F.);
#1104=ORIENTED_EDGE('',*,*,#834,.F.);
#1105=ORIENTED_EDGE('',*,*,#835,.T.);
#1106=ORIENTED_EDGE('',*,*,#836,.F.);
#1107=ORIENTED_EDGE('',*,*,#837,.T.);
#1108=ORIENTED_EDGE('',*,*,#830,.T.);
#1109=ORIENTED_EDGE('',*,*,#827,.T.);
#1110=ORIENTED_EDGE('',*,*,#824,.T.);
#1111=ORIENTED_EDGE('',*,*,#821,.T.);
#1112=ORIENTED_EDGE('',*,*,#818,.T.);
#1113=ORIENTED_EDGE('',*,*,#834,.T.);
#1114=ORIENTED_EDGE('',*,*,#838,.F.);
#1115=ORIENTED_EDGE('',*,*,#839,.T.);
#1116=ORIENTED_EDGE('',*,*,#840,.T.);
#1117=ORIENTED_EDGE('',*,*,#841,.T.);
#1118=ORIENTED_EDGE('',*,*,#836,.T.);
#1119=ORIENTED_EDGE('',*,*,#842,.T.);
#1120=ORIENTED_EDGE('',*,*,#787,.F.);
#1121=ORIENTED_EDGE('',*,*,#843,.F.);
#1122=ORIENTED_EDGE('',*,*,#768,.T.);
#1123=ORIENTED_EDGE('',*,*,#785,.F.);
#1124=ORIENTED_EDGE('',*,*,#844,.T.);
#1125=ORIENTED_EDGE('',*,*,#811,.T.);
#1126=ORIENTED_EDGE('',*,*,#845,.T.);
#1127=ORIENTED_EDGE('',*,*,#846,.T.);
#1128=ORIENTED_EDGE('',*,*,#784,.F.);
#1129=ORIENTED_EDGE('',*,*,#842,.F.);
#1130=ORIENTED_EDGE('',*,*,#835,.F.);
#1131=ORIENTED_EDGE('',*,*,#817,.F.);
#1132=ORIENTED_EDGE('',*,*,#832,.T.);
#1133=ORIENTED_EDGE('',*,*,#841,.F.);
#1134=ORIENTED_EDGE('',*,*,#847,.F.);
#1135=ORIENTED_EDGE('',*,*,#813,.T.);
#1136=ORIENTED_EDGE('',*,*,#806,.F.);
#1137=ORIENTED_EDGE('',*,*,#803,.T.);
#1138=ORIENTED_EDGE('',*,*,#808,.F.);
#1139=ORIENTED_EDGE('',*,*,#812,.T.);
#1140=ORIENTED_EDGE('',*,*,#844,.F.);
#1141=ORIENTED_EDGE('',*,*,#814,.F.);
#1142=ORIENTED_EDGE('',*,*,#847,.T.);
#1143=ORIENTED_EDGE('',*,*,#840,.F.);
#1144=ORIENTED_EDGE('',*,*,#848,.T.);
#1145=ORIENTED_EDGE('',*,*,#849,.T.);
#1146=ORIENTED_EDGE('',*,*,#850,.T.);
#1147=ORIENTED_EDGE('',*,*,#839,.F.);
#1148=ORIENTED_EDGE('',*,*,#851,.F.);
#1149=ORIENTED_EDGE('',*,*,#786,.F.);
#1150=ORIENTED_EDGE('',*,*,#845,.F.);
#1151=ORIENTED_EDGE('',*,*,#810,.F.);
#1152=ORIENTED_EDGE('',*,*,#809,.F.);
#1153=ORIENTED_EDGE('',*,*,#789,.F.);
#1154=ORIENTED_EDGE('',*,*,#805,.F.);
#1155=ORIENTED_EDGE('',*,*,#815,.F.);
#1156=ORIENTED_EDGE('',*,*,#851,.T.);
#1157=ORIENTED_EDGE('',*,*,#838,.T.);
#1158=ORIENTED_EDGE('',*,*,#833,.T.);
#1159=ORIENTED_EDGE('',*,*,#831,.T.);
#1160=ORIENTED_EDGE('',*,*,#837,.F.);
#1161=ORIENTED_EDGE('',*,*,#843,.T.);
#1162=ORIENTED_EDGE('',*,*,#846,.F.);
#1163=ORIENTED_EDGE('',*,*,#852,.T.);
#1164=ORIENTED_EDGE('',*,*,#783,.T.);
#1165=ORIENTED_EDGE('',*,*,#758,.T.);
#1166=ORIENTED_EDGE('',*,*,#853,.T.);
#1167=ORIENTED_EDGE('',*,*,#854,.T.);
#1168=ORIENTED_EDGE('',*,*,#853,.F.);
#1169=ORIENTED_EDGE('',*,*,#764,.T.);
#1170=ORIENTED_EDGE('',*,*,#781,.T.);
#1171=ORIENTED_EDGE('',*,*,#852,.F.);
#1172=ORIENTED_EDGE('',*,*,#855,.T.);
#1173=ORIENTED_EDGE('',*,*,#856,.T.);
#1174=ORIENTED_EDGE('',*,*,#848,.F.);
#1175=ORIENTED_EDGE('',*,*,#850,.F.);
#1176=ORIENTED_EDGE('',*,*,#857,.F.);
#1177=ORIENTED_EDGE('',*,*,#858,.T.);
#1178=ORIENTED_EDGE('',*,*,#857,.T.);
#1179=ORIENTED_EDGE('',*,*,#849,.F.);
#1180=ORIENTED_EDGE('',*,*,#856,.F.);
#1181=ORIENTED_EDGE('',*,*,#858,.F.);
#1182=ORIENTED_EDGE('',*,*,#855,.F.);
#1183=ORIENTED_EDGE('',*,*,#854,.F.);
#1184=ORIENTED_EDGE('',*,*,#859,.F.);
#1185=ORIENTED_EDGE('',*,*,#860,.T.);
#1186=ORIENTED_EDGE('',*,*,#861,.F.);
#1187=ORIENTED_EDGE('',*,*,#862,.F.);
#1188=ORIENTED_EDGE('',*,*,#863,.F.);
#1189=ORIENTED_EDGE('',*,*,#864,.T.);
#1190=ORIENTED_EDGE('',*,*,#865,.F.);
#1191=ORIENTED_EDGE('',*,*,#860,.F.);
#1192=ORIENTED_EDGE('',*,*,#861,.T.);
#1193=ORIENTED_EDGE('',*,*,#865,.T.);
#1194=ORIENTED_EDGE('',*,*,#866,.T.);
#1195=ORIENTED_EDGE('',*,*,#867,.T.);
#1196=ORIENTED_EDGE('',*,*,#868,.T.);
#1197=ORIENTED_EDGE('',*,*,#869,.T.);
#1198=ORIENTED_EDGE('',*,*,#870,.T.);
#1199=ORIENTED_EDGE('',*,*,#871,.T.);
#1200=ORIENTED_EDGE('',*,*,#872,.T.);
#1201=ORIENTED_EDGE('',*,*,#873,.T.);
#1202=ORIENTED_EDGE('',*,*,#874,.T.);
#1203=ORIENTED_EDGE('',*,*,#875,.T.);
#1204=ORIENTED_EDGE('',*,*,#876,.T.);
#1205=ORIENTED_EDGE('',*,*,#877,.T.);
#1206=ORIENTED_EDGE('',*,*,#878,.T.);
#1207=ORIENTED_EDGE('',*,*,#879,.T.);
#1208=ORIENTED_EDGE('',*,*,#880,.T.);
#1209=ORIENTED_EDGE('',*,*,#881,.T.);
#1210=ORIENTED_EDGE('',*,*,#882,.T.);
#1211=ORIENTED_EDGE('',*,*,#883,.T.);
#1212=ORIENTED_EDGE('',*,*,#884,.T.);
#1213=ORIENTED_EDGE('',*,*,#885,.T.);
#1214=ORIENTED_EDGE('',*,*,#886,.T.);
#1215=ORIENTED_EDGE('',*,*,#887,.T.);
#1216=ORIENTED_EDGE('',*,*,#888,.T.);
#1217=ORIENTED_EDGE('',*,*,#889,.T.);
#1218=ORIENTED_EDGE('',*,*,#890,.T.);
#1219=ORIENTED_EDGE('',*,*,#891,.T.);
#1220=ORIENTED_EDGE('',*,*,#892,.T.);
#1221=ORIENTED_EDGE('',*,*,#893,.T.);
#1222=ORIENTED_EDGE('',*,*,#894,.T.);
#1223=ORIENTED_EDGE('',*,*,#895,.T.);
#1224=ORIENTED_EDGE('',*,*,#896,.T.);
#1225=ORIENTED_EDGE('',*,*,#897,.T.);
#1226=ORIENTED_EDGE('',*,*,#898,.T.);
#1227=ORIENTED_EDGE('',*,*,#899,.T.);
#1228=ORIENTED_EDGE('',*,*,#900,.T.);
#1229=ORIENTED_EDGE('',*,*,#901,.T.);
#1230=ORIENTED_EDGE('',*,*,#902,.T.);
#1231=ORIENTED_EDGE('',*,*,#903,.T.);
#1232=ORIENTED_EDGE('',*,*,#904,.T.);
#1233=ORIENTED_EDGE('',*,*,#905,.F.);
#1234=ORIENTED_EDGE('',*,*,#906,.T.);
#1235=ORIENTED_EDGE('',*,*,#866,.F.);
#1236=ORIENTED_EDGE('',*,*,#864,.F.);
#1237=ORIENTED_EDGE('',*,*,#907,.F.);
#1238=ORIENTED_EDGE('',*,*,#908,.T.);
#1239=ORIENTED_EDGE('',*,*,#867,.F.);
#1240=ORIENTED_EDGE('',*,*,#906,.F.);
#1241=ORIENTED_EDGE('',*,*,#909,.F.);
#1242=ORIENTED_EDGE('',*,*,#910,.T.);
#1243=ORIENTED_EDGE('',*,*,#868,.F.);
#1244=ORIENTED_EDGE('',*,*,#908,.F.);
#1245=ORIENTED_EDGE('',*,*,#911,.F.);
#1246=ORIENTED_EDGE('',*,*,#912,.T.);
#1247=ORIENTED_EDGE('',*,*,#869,.F.);
#1248=ORIENTED_EDGE('',*,*,#910,.F.);
#1249=ORIENTED_EDGE('',*,*,#913,.F.);
#1250=ORIENTED_EDGE('',*,*,#914,.T.);
#1251=ORIENTED_EDGE('',*,*,#870,.F.);
#1252=ORIENTED_EDGE('',*,*,#912,.F.);
#1253=ORIENTED_EDGE('',*,*,#915,.F.);
#1254=ORIENTED_EDGE('',*,*,#916,.T.);
#1255=ORIENTED_EDGE('',*,*,#871,.F.);
#1256=ORIENTED_EDGE('',*,*,#914,.F.);
#1257=ORIENTED_EDGE('',*,*,#917,.F.);
#1258=ORIENTED_EDGE('',*,*,#918,.T.);
#1259=ORIENTED_EDGE('',*,*,#872,.F.);
#1260=ORIENTED_EDGE('',*,*,#916,.F.);
#1261=ORIENTED_EDGE('',*,*,#919,.F.);
#1262=ORIENTED_EDGE('',*,*,#920,.T.);
#1263=ORIENTED_EDGE('',*,*,#873,.F.);
#1264=ORIENTED_EDGE('',*,*,#918,.F.);
#1265=ORIENTED_EDGE('',*,*,#921,.F.);
#1266=ORIENTED_EDGE('',*,*,#922,.T.);
#1267=ORIENTED_EDGE('',*,*,#874,.F.);
#1268=ORIENTED_EDGE('',*,*,#920,.F.);
#1269=ORIENTED_EDGE('',*,*,#923,.F.);
#1270=ORIENTED_EDGE('',*,*,#924,.T.);
#1271=ORIENTED_EDGE('',*,*,#875,.F.);
#1272=ORIENTED_EDGE('',*,*,#922,.F.);
#1273=ORIENTED_EDGE('',*,*,#925,.F.);
#1274=ORIENTED_EDGE('',*,*,#926,.T.);
#1275=ORIENTED_EDGE('',*,*,#876,.F.);
#1276=ORIENTED_EDGE('',*,*,#924,.F.);
#1277=ORIENTED_EDGE('',*,*,#927,.F.);
#1278=ORIENTED_EDGE('',*,*,#928,.T.);
#1279=ORIENTED_EDGE('',*,*,#877,.F.);
#1280=ORIENTED_EDGE('',*,*,#926,.F.);
#1281=ORIENTED_EDGE('',*,*,#929,.F.);
#1282=ORIENTED_EDGE('',*,*,#930,.T.);
#1283=ORIENTED_EDGE('',*,*,#878,.F.);
#1284=ORIENTED_EDGE('',*,*,#928,.F.);
#1285=ORIENTED_EDGE('',*,*,#931,.F.);
#1286=ORIENTED_EDGE('',*,*,#932,.T.);
#1287=ORIENTED_EDGE('',*,*,#879,.F.);
#1288=ORIENTED_EDGE('',*,*,#930,.F.);
#1289=ORIENTED_EDGE('',*,*,#933,.F.);
#1290=ORIENTED_EDGE('',*,*,#934,.T.);
#1291=ORIENTED_EDGE('',*,*,#880,.F.);
#1292=ORIENTED_EDGE('',*,*,#932,.F.);
#1293=ORIENTED_EDGE('',*,*,#935,.F.);
#1294=ORIENTED_EDGE('',*,*,#936,.T.);
#1295=ORIENTED_EDGE('',*,*,#881,.F.);
#1296=ORIENTED_EDGE('',*,*,#934,.F.);
#1297=ORIENTED_EDGE('',*,*,#937,.F.);
#1298=ORIENTED_EDGE('',*,*,#938,.T.);
#1299=ORIENTED_EDGE('',*,*,#882,.F.);
#1300=ORIENTED_EDGE('',*,*,#936,.F.);
#1301=ORIENTED_EDGE('',*,*,#939,.F.);
#1302=ORIENTED_EDGE('',*,*,#940,.T.);
#1303=ORIENTED_EDGE('',*,*,#883,.F.);
#1304=ORIENTED_EDGE('',*,*,#938,.F.);
#1305=ORIENTED_EDGE('',*,*,#941,.F.);
#1306=ORIENTED_EDGE('',*,*,#942,.T.);
#1307=ORIENTED_EDGE('',*,*,#884,.F.);
#1308=ORIENTED_EDGE('',*,*,#940,.F.);
#1309=ORIENTED_EDGE('',*,*,#943,.F.);
#1310=ORIENTED_EDGE('',*,*,#944,.T.);
#1311=ORIENTED_EDGE('',*,*,#885,.F.);
#1312=ORIENTED_EDGE('',*,*,#942,.F.);
#1313=ORIENTED_EDGE('',*,*,#945,.F.);
#1314=ORIENTED_EDGE('',*,*,#946,.T.);
#1315=ORIENTED_EDGE('',*,*,#886,.F.);
#1316=ORIENTED_EDGE('',*,*,#944,.F.);
#1317=ORIENTED_EDGE('',*,*,#947,.F.);
#1318=ORIENTED_EDGE('',*,*,#948,.T.);
#1319=ORIENTED_EDGE('',*,*,#887,.F.);
#1320=ORIENTED_EDGE('',*,*,#946,.F.);
#1321=ORIENTED_EDGE('',*,*,#949,.F.);
#1322=ORIENTED_EDGE('',*,*,#950,.T.);
#1323=ORIENTED_EDGE('',*,*,#888,.F.);
#1324=ORIENTED_EDGE('',*,*,#948,.F.);
#1325=ORIENTED_EDGE('',*,*,#951,.F.);
#1326=ORIENTED_EDGE('',*,*,#952,.T.);
#1327=ORIENTED_EDGE('',*,*,#889,.F.);
#1328=ORIENTED_EDGE('',*,*,#950,.F.);
#1329=ORIENTED_EDGE('',*,*,#953,.F.);
#1330=ORIENTED_EDGE('',*,*,#954,.T.);
#1331=ORIENTED_EDGE('',*,*,#890,.F.);
#1332=ORIENTED_EDGE('',*,*,#952,.F.);
#1333=ORIENTED_EDGE('',*,*,#955,.F.);
#1334=ORIENTED_EDGE('',*,*,#956,.T.);
#1335=ORIENTED_EDGE('',*,*,#891,.F.);
#1336=ORIENTED_EDGE('',*,*,#954,.F.);
#1337=ORIENTED_EDGE('',*,*,#957,.F.);
#1338=ORIENTED_EDGE('',*,*,#958,.T.);
#1339=ORIENTED_EDGE('',*,*,#892,.F.);
#1340=ORIENTED_EDGE('',*,*,#956,.F.);
#1341=ORIENTED_EDGE('',*,*,#959,.F.);
#1342=ORIENTED_EDGE('',*,*,#960,.T.);
#1343=ORIENTED_EDGE('',*,*,#893,.F.);
#1344=ORIENTED_EDGE('',*,*,#958,.F.);
#1345=ORIENTED_EDGE('',*,*,#961,.F.);
#1346=ORIENTED_EDGE('',*,*,#962,.T.);
#1347=ORIENTED_EDGE('',*,*,#894,.F.);
#1348=ORIENTED_EDGE('',*,*,#960,.F.);
#1349=ORIENTED_EDGE('',*,*,#963,.F.);
#1350=ORIENTED_EDGE('',*,*,#964,.T.);
#1351=ORIENTED_EDGE('',*,*,#895,.F.);
#1352=ORIENTED_EDGE('',*,*,#962,.F.);
#1353=ORIENTED_EDGE('',*,*,#965,.F.);
#1354=ORIENTED_EDGE('',*,*,#966,.T.);
#1355=ORIENTED_EDGE('',*,*,#896,.F.);
#1356=ORIENTED_EDGE('',*,*,#964,.F.);
#1357=ORIENTED_EDGE('',*,*,#967,.F.);
#1358=ORIENTED_EDGE('',*,*,#968,.T.);
#1359=ORIENTED_EDGE('',*,*,#897,.F.);
#1360=ORIENTED_EDGE('',*,*,#966,.F.);
#1361=ORIENTED_EDGE('',*,*,#969,.F.);
#1362=ORIENTED_EDGE('',*,*,#970,.T.);
#1363=ORIENTED_EDGE('',*,*,#898,.F.);
#1364=ORIENTED_EDGE('',*,*,#968,.F.);
#1365=ORIENTED_EDGE('',*,*,#971,.F.);
#1366=ORIENTED_EDGE('',*,*,#972,.T.);
#1367=ORIENTED_EDGE('',*,*,#899,.F.);
#1368=ORIENTED_EDGE('',*,*,#970,.F.);
#1369=ORIENTED_EDGE('',*,*,#973,.F.);
#1370=ORIENTED_EDGE('',*,*,#974,.T.);
#1371=ORIENTED_EDGE('',*,*,#900,.F.);
#1372=ORIENTED_EDGE('',*,*,#972,.F.);
#1373=ORIENTED_EDGE('',*,*,#975,.F.);
#1374=ORIENTED_EDGE('',*,*,#976,.T.);
#1375=ORIENTED_EDGE('',*,*,#901,.F.);
#1376=ORIENTED_EDGE('',*,*,#974,.F.);
#1377=ORIENTED_EDGE('',*,*,#977,.F.);
#1378=ORIENTED_EDGE('',*,*,#978,.T.);
#1379=ORIENTED_EDGE('',*,*,#904,.F.);
#1380=ORIENTED_EDGE('',*,*,#978,.F.);
#1381=ORIENTED_EDGE('',*,*,#979,.F.);
#1382=ORIENTED_EDGE('',*,*,#980,.T.);
#1383=ORIENTED_EDGE('',*,*,#902,.F.);
#1384=ORIENTED_EDGE('',*,*,#976,.F.);
#1385=ORIENTED_EDGE('',*,*,#981,.F.);
#1386=ORIENTED_EDGE('',*,*,#862,.T.);
#1387=ORIENTED_EDGE('',*,*,#903,.F.);
#1388=ORIENTED_EDGE('',*,*,#980,.F.);
#1389=ORIENTED_EDGE('',*,*,#859,.T.);
#1390=ORIENTED_EDGE('',*,*,#981,.T.);
#1391=ORIENTED_EDGE('',*,*,#979,.T.);
#1392=ORIENTED_EDGE('',*,*,#975,.T.);
#1393=ORIENTED_EDGE('',*,*,#973,.T.);
#1394=ORIENTED_EDGE('',*,*,#971,.T.);
#1395=ORIENTED_EDGE('',*,*,#969,.T.);
#1396=ORIENTED_EDGE('',*,*,#967,.T.);
#1397=ORIENTED_EDGE('',*,*,#965,.T.);
#1398=ORIENTED_EDGE('',*,*,#963,.T.);
#1399=ORIENTED_EDGE('',*,*,#961,.T.);
#1400=ORIENTED_EDGE('',*,*,#959,.T.);
#1401=ORIENTED_EDGE('',*,*,#957,.T.);
#1402=ORIENTED_EDGE('',*,*,#955,.T.);
#1403=ORIENTED_EDGE('',*,*,#953,.T.);
#1404=ORIENTED_EDGE('',*,*,#951,.T.);
#1405=ORIENTED_EDGE('',*,*,#949,.T.);
#1406=ORIENTED_EDGE('',*,*,#947,.T.);
#1407=ORIENTED_EDGE('',*,*,#945,.T.);
#1408=ORIENTED_EDGE('',*,*,#943,.T.);
#1409=ORIENTED_EDGE('',*,*,#941,.T.);
#1410=ORIENTED_EDGE('',*,*,#939,.T.);
#1411=ORIENTED_EDGE('',*,*,#937,.T.);
#1412=ORIENTED_EDGE('',*,*,#935,.T.);
#1413=ORIENTED_EDGE('',*,*,#933,.T.);
#1414=ORIENTED_EDGE('',*,*,#931,.T.);
#1415=ORIENTED_EDGE('',*,*,#929,.T.);
#1416=ORIENTED_EDGE('',*,*,#927,.T.);
#1417=ORIENTED_EDGE('',*,*,#925,.T.);
#1418=ORIENTED_EDGE('',*,*,#923,.T.);
#1419=ORIENTED_EDGE('',*,*,#921,.T.);
#1420=ORIENTED_EDGE('',*,*,#919,.T.);
#1421=ORIENTED_EDGE('',*,*,#917,.T.);
#1422=ORIENTED_EDGE('',*,*,#915,.T.);
#1423=ORIENTED_EDGE('',*,*,#913,.T.);
#1424=ORIENTED_EDGE('',*,*,#911,.T.);
#1425=ORIENTED_EDGE('',*,*,#909,.T.);
#1426=ORIENTED_EDGE('',*,*,#907,.T.);
#1427=ORIENTED_EDGE('',*,*,#905,.T.);
#1428=ORIENTED_EDGE('',*,*,#863,.T.);
#1429=ORIENTED_EDGE('',*,*,#977,.T.);
#1430=PLANE('',#1558);
#1431=PLANE('',#1570);
#1432=PLANE('',#1571);
#1433=PLANE('',#1572);
#1434=PLANE('',#1573);
#1435=PLANE('',#1576);
#1436=PLANE('',#1577);
#1437=PLANE('',#1578);
#1438=PLANE('',#1579);
#1439=PLANE('',#1580);
#1440=PLANE('',#1584);
#1441=PLANE('',#1585);
#1442=PLANE('',#1586);
#1443=PLANE('',#1587);
#1444=PLANE('',#1588);
#1445=PLANE('',#1589);
#1446=PLANE('',#1590);
#1447=PLANE('',#1591);
#1448=PLANE('',#1595);
#1449=PLANE('',#1596);
#1450=PLANE('',#1597);
#1451=PLANE('',#1598);
#1452=PLANE('',#1599);
#1453=PLANE('',#1600);
#1454=PLANE('',#1601);
#1455=PLANE('',#1602);
#1456=PLANE('',#1604);
#1457=PLANE('',#1605);
#1458=PLANE('',#1609);
#1459=PLANE('',#1616);
#1460=PLANE('',#1617);
#1461=PLANE('',#1621);
#1462=ADVANCED_FACE('',(#193,#166,#167,#168),#1430,.T.);
#1463=ADVANCED_FACE('',(#194),#157,.T.);
#1464=ADVANCED_FACE('',(#195),#158,.T.);
#1465=ADVANCED_FACE('',(#196),#159,.T.);
#1466=ADVANCED_FACE('',(#197),#1431,.F.);
#1467=ADVANCED_FACE('',(#198),#1432,.F.);
#1468=ADVANCED_FACE('',(#199),#1433,.F.);
#1469=ADVANCED_FACE('',(#200),#1434,.F.);
#1470=ADVANCED_FACE('',(#201,#169),#1435,.T.);
#1471=ADVANCED_FACE('',(#202),#1436,.T.);
#1472=ADVANCED_FACE('',(#203),#1437,.T.);
#1473=ADVANCED_FACE('',(#204),#1438,.T.);
#1474=ADVANCED_FACE('',(#205),#1439,.T.);
#1475=ADVANCED_FACE('',(#206),#160,.F.);
#1476=ADVANCED_FACE('',(#207),#1440,.T.);
#1477=ADVANCED_FACE('',(#208),#1441,.T.);
#1478=ADVANCED_FACE('',(#209),#1442,.T.);
#1479=ADVANCED_FACE('',(#210),#1443,.F.);
#1480=ADVANCED_FACE('',(#211),#1444,.T.);
#1481=ADVANCED_FACE('',(#212),#1445,.T.);
#1482=ADVANCED_FACE('',(#213),#1446,.T.);
#1483=ADVANCED_FACE('',(#214),#1447,.T.);
#1484=ADVANCED_FACE('',(#215),#161,.F.);
#1485=ADVANCED_FACE('',(#216),#1448,.T.);
#1486=ADVANCED_FACE('',(#217),#1449,.T.);
#1487=ADVANCED_FACE('',(#218),#1450,.T.);
#1488=ADVANCED_FACE('',(#219),#1451,.F.);
#1489=ADVANCED_FACE('',(#220),#1452,.T.);
#1490=ADVANCED_FACE('',(#221),#1453,.T.);
#1491=ADVANCED_FACE('',(#222),#1454,.T.);
#1492=ADVANCED_FACE('',(#223,#170),#1455,.T.);
#1493=ADVANCED_FACE('',(#224),#1456,.T.);
#1494=ADVANCED_FACE('',(#225),#1457,.F.);
#1495=ADVANCED_FACE('',(#226),#1458,.T.);
#1496=ADVANCED_FACE('',(#227),#162,.F.);
#1497=ADVANCED_FACE('',(#228),#163,.T.);
#1498=ADVANCED_FACE('',(#229),#164,.T.);
#1499=ADVANCED_FACE('',(#230,#171),#1459,.F.);
#1500=ADVANCED_FACE('',(#231),#93,.F.);
#1501=ADVANCED_FACE('',(#232),#94,.F.);
#1502=ADVANCED_FACE('',(#233,#172),#1460,.F.);
#1503=ADVANCED_FACE('',(#234),#95,.F.);
#1504=ADVANCED_FACE('',(#235),#96,.F.);
#1505=ADVANCED_FACE('',(#236),#97,.F.);
#1506=ADVANCED_FACE('',(#237),#98,.F.);
#1507=ADVANCED_FACE('',(#238),#99,.F.);
#1508=ADVANCED_FACE('',(#239),#100,.F.);
#1509=ADVANCED_FACE('',(#240),#101,.F.);
#1510=ADVANCED_FACE('',(#241),#102,.F.);
#1511=ADVANCED_FACE('',(#242),#103,.F.);
#1512=ADVANCED_FACE('',(#243),#104,.F.);
#1513=ADVANCED_FACE('',(#244),#105,.F.);
#1514=ADVANCED_FACE('',(#245),#106,.F.);
#1515=ADVANCED_FACE('',(#246),#107,.F.);
#1516=ADVANCED_FACE('',(#247),#108,.F.);
#1517=ADVANCED_FACE('',(#248),#109,.F.);
#1518=ADVANCED_FACE('',(#249),#110,.F.);
#1519=ADVANCED_FACE('',(#250),#111,.F.);
#1520=ADVANCED_FACE('',(#251),#112,.F.);
#1521=ADVANCED_FACE('',(#252),#113,.F.);
#1522=ADVANCED_FACE('',(#253),#114,.F.);
#1523=ADVANCED_FACE('',(#254),#115,.F.);
#1524=ADVANCED_FACE('',(#255),#116,.F.);
#1525=ADVANCED_FACE('',(#256),#117,.F.);
#1526=ADVANCED_FACE('',(#257),#118,.F.);
#1527=ADVANCED_FACE('',(#258),#119,.F.);
#1528=ADVANCED_FACE('',(#259),#120,.F.);
#1529=ADVANCED_FACE('',(#260),#121,.F.);
#1530=ADVANCED_FACE('',(#261),#122,.F.);
#1531=ADVANCED_FACE('',(#262),#123,.F.);
#1532=ADVANCED_FACE('',(#263),#124,.F.);
#1533=ADVANCED_FACE('',(#264),#125,.F.);
#1534=ADVANCED_FACE('',(#265),#126,.F.);
#1535=ADVANCED_FACE('',(#266),#127,.F.);
#1536=ADVANCED_FACE('',(#267),#128,.F.);
#1537=ADVANCED_FACE('',(#268),#129,.F.);
#1538=ADVANCED_FACE('',(#269),#130,.F.);
#1539=ADVANCED_FACE('',(#270),#165,.F.);
#1540=ADVANCED_FACE('',(#271),#131,.F.);
#1541=ADVANCED_FACE('',(#272),#132,.F.);
#1542=ADVANCED_FACE('',(#273,#173),#1461,.T.);
#1543=CLOSED_SHELL('',(#1462,#1463,#1464,#1465,#1466,#1467,#1468,#1469,
#1470,#1471,#1472,#1473,#1474,#1475,#1476,#1477,#1478,#1479,#1480,#1481,
#1482,#1483,#1484,#1485,#1486,#1487,#1488,#1489,#1490,#1491,#1492,#1493,
#1494,#1495,#1496,#1497,#1498,#1499));
#1544=CLOSED_SHELL('',(#1500,#1501,#1502,#1503,#1504,#1505,#1506,#1507,
#1508,#1509,#1510,#1511,#1512,#1513,#1514,#1515,#1516,#1517,#1518,#1519,
#1520,#1521,#1522,#1523,#1524,#1525,#1526,#1527,#1528,#1529,#1530,#1531,
#1532,#1533,#1534,#1535,#1536,#1537,#1538,#1539,#1540,#1541,#1542));
#1545=DERIVED_UNIT_ELEMENT(#1547,1.);
#1546=DERIVED_UNIT_ELEMENT(#3813,-3.);
#1547=(
MASS_UNIT()
NAMED_UNIT(*)
SI_UNIT(.KILO.,.GRAM.)
);
#1548=DERIVED_UNIT((#1545,#1546));
#1549=MEASURE_REPRESENTATION_ITEM('density measure',
POSITIVE_RATIO_MEASURE(7850.),#1548);
#1550=PROPERTY_DEFINITION_REPRESENTATION(#1555,#1552);
#1551=PROPERTY_DEFINITION_REPRESENTATION(#1556,#1553);
#1552=REPRESENTATION('material name',(#1554),#3810);
#1553=REPRESENTATION('density',(#1549),#3810);
#1554=DESCRIPTIVE_REPRESENTATION_ITEM('\X2\94A2\X0\','\X2\94A2\X0\');
#1555=PROPERTY_DEFINITION('material property','material name',#3820);
#1556=PROPERTY_DEFINITION('material property','density of part',#3820);
#1557=AXIS2_PLACEMENT_3D('',#1873,#1622,#1623);
#1558=AXIS2_PLACEMENT_3D('',#1874,#1624,#1625);
#1559=AXIS2_PLACEMENT_3D('',#1877,#1626,#1627);
#1560=AXIS2_PLACEMENT_3D('',#1888,#1633,#1634);
#1561=AXIS2_PLACEMENT_3D('',#1890,#1635,#1636);
#1562=AXIS2_PLACEMENT_3D('',#1892,#1637,#1638);
#1563=AXIS2_PLACEMENT_3D('',#1894,#1639,#1640);
#1564=AXIS2_PLACEMENT_3D('',#1895,#1641,#1642);
#1565=AXIS2_PLACEMENT_3D('',#1897,#1643,#1644);
#1566=AXIS2_PLACEMENT_3D('',#1899,#1646,#1647);
#1567=AXIS2_PLACEMENT_3D('',#1901,#1648,#1649);
#1568=AXIS2_PLACEMENT_3D('',#1903,#1651,#1652);
#1569=AXIS2_PLACEMENT_3D('',#1905,#1653,#1654);
#1570=AXIS2_PLACEMENT_3D('',#1907,#1656,#1657);
#1571=AXIS2_PLACEMENT_3D('',#1913,#1661,#1662);
#1572=AXIS2_PLACEMENT_3D('',#1917,#1665,#1666);
#1573=AXIS2_PLACEMENT_3D('',#1921,#1669,#1670);
#1574=AXIS2_PLACEMENT_3D('',#1923,#1671,#1672);
#1575=AXIS2_PLACEMENT_3D('',#1925,#1674,#1675);
#1576=AXIS2_PLACEMENT_3D('',#1926,#1676,#1677);
#1577=AXIS2_PLACEMENT_3D('',#1935,#1682,#1683);
#1578=AXIS2_PLACEMENT_3D('',#1936,#1684,#1685);
#1579=AXIS2_PLACEMENT_3D('',#1937,#1686,#1687);
#1580=AXIS2_PLACEMENT_3D('',#1946,#1692,#1693);
#1581=AXIS2_PLACEMENT_3D('',#1952,#1697,#1698);
#1582=AXIS2_PLACEMENT_3D('',#1954,#1699,#1700);
#1583=AXIS2_PLACEMENT_3D('',#1956,#1701,#1702);
#1584=AXIS2_PLACEMENT_3D('',#1958,#1704,#1705);
#1585=AXIS2_PLACEMENT_3D('',#1964,#1709,#1710);
#1586=AXIS2_PLACEMENT_3D('',#1970,#1714,#1715);
#1587=AXIS2_PLACEMENT_3D('',#1976,#1719,#1720);
#1588=AXIS2_PLACEMENT_3D('',#1982,#1724,#1725);
#1589=AXIS2_PLACEMENT_3D('',#1988,#1729,#1730);
#1590=AXIS2_PLACEMENT_3D('',#1994,#1734,#1735);
#1591=AXIS2_PLACEMENT_3D('',#2003,#1740,#1741);
#1592=AXIS2_PLACEMENT_3D('',#2009,#1745,#1746);
#1593=AXIS2_PLACEMENT_3D('',#2011,#1747,#1748);
#1594=AXIS2_PLACEMENT_3D('',#2013,#1749,#1750);
#1595=AXIS2_PLACEMENT_3D('',#2015,#1752,#1753);
#1596=AXIS2_PLACEMENT_3D('',#2021,#1757,#1758);
#1597=AXIS2_PLACEMENT_3D('',#2027,#1762,#1763);
#1598=AXIS2_PLACEMENT_3D('',#2033,#1767,#1768);
#1599=AXIS2_PLACEMENT_3D('',#2039,#1772,#1773);
#1600=AXIS2_PLACEMENT_3D('',#2047,#1778,#1779);
#1601=AXIS2_PLACEMENT_3D('',#2050,#1782,#1783);
#1602=AXIS2_PLACEMENT_3D('',#2051,#1784,#1785);
#1603=AXIS2_PLACEMENT_3D('',#2055,#1788,#1789);
#1604=AXIS2_PLACEMENT_3D('',#2056,#1790,#1791);
#1605=AXIS2_PLACEMENT_3D('',#2058,#1793,#1794);
#1606=AXIS2_PLACEMENT_3D('',#2060,#1795,#1796);
#1607=AXIS2_PLACEMENT_3D('',#2062,#1797,#1798);
#1608=AXIS2_PLACEMENT_3D('',#2063,#1799,#1800);
#1609=AXIS2_PLACEMENT_3D('',#2065,#1802,#1803);
#1610=AXIS2_PLACEMENT_3D('',#2066,#1804,#1805);
#1611=AXIS2_PLACEMENT_3D('',#2070,#1808,#1809);
#1612=AXIS2_PLACEMENT_3D('',#2071,#1810,#1811);
#1613=AXIS2_PLACEMENT_3D('',#2074,#1812,#1813);
#1614=AXIS2_PLACEMENT_3D('',#2077,#1816,#1817);
#1615=AXIS2_PLACEMENT_3D('',#2078,#1818,#1819);
#1616=AXIS2_PLACEMENT_3D('',#2079,#1820,#1821);
#1617=AXIS2_PLACEMENT_3D('',#2169,#1825,#1826);
#1618=AXIS2_PLACEMENT_3D('',#2588,#1827,#1828);
#1619=AXIS2_PLACEMENT_3D('',#3741,#1865,#1866);
#1620=AXIS2_PLACEMENT_3D('',#3743,#1867,#1868);
#1621=AXIS2_PLACEMENT_3D('',#3807,#1871,#1872);
#1622=DIRECTION('axis',(0.,0.,1.));
#1623=DIRECTION('refdir',(1.,0.,0.));
#1624=DIRECTION('center_axis',(7.04136402448281E-17,0.707106781186548,-0.707106781186547));
#1625=DIRECTION('ref_axis',(1.,1.22464679914735E-16,2.22044604925031E-16));
#1626=DIRECTION('center_axis',(7.04136402448281E-17,0.707106781186548,-0.707106781186547));
#1627=DIRECTION('ref_axis',(-2.43604851491927E-16,0.707106781186547,0.707106781186548));
#1628=DIRECTION('',(-1.,-1.22464679914735E-16,-2.22044604925031E-16));
#1629=DIRECTION('',(-2.43604851491927E-16,0.707106781186547,0.707106781186548));
#1630=DIRECTION('',(1.,1.22464679914735E-16,2.22044604925031E-16));
#1631=DIRECTION('',(2.43604851491927E-16,-0.707106781186547,-0.707106781186548));
#1632=DIRECTION('',(-1.,-1.22464679914735E-16,-2.22044604925031E-16));
#1633=DIRECTION('center_axis',(7.04136402448281E-17,0.707106781186548,-0.707106781186547));
#1634=DIRECTION('ref_axis',(-2.43604851491927E-16,0.707106781186547,0.707106781186548));
#1635=DIRECTION('center_axis',(7.04136402448281E-17,0.707106781186548,-0.707106781186547));
#1636=DIRECTION('ref_axis',(1.,1.22464679914735E-16,2.22044604925031E-16));
#1637=DIRECTION('center_axis',(7.04136402448281E-17,0.707106781186548,-0.707106781186547));
#1638=DIRECTION('ref_axis',(1.,1.22464679914735E-16,2.22044604925031E-16));
#1639=DIRECTION('center_axis',(7.04136402448281E-17,0.707106781186548,-0.707106781186547));
#1640=DIRECTION('ref_axis',(1.,1.22464679914735E-16,2.22044604925031E-16));
#1641=DIRECTION('center_axis',(-7.04136402448281E-17,-0.707106781186548,
0.707106781186547));
#1642=DIRECTION('ref_axis',(1.,1.22464679914735E-16,2.22044604925031E-16));
#1643=DIRECTION('center_axis',(7.04136402448281E-17,0.707106781186548,-0.707106781186547));
#1644=DIRECTION('ref_axis',(1.,1.22464679914735E-16,2.22044604925031E-16));
#1645=DIRECTION('',(-7.04136402448281E-17,-0.707106781186548,0.707106781186547));
#1646=DIRECTION('center_axis',(-7.04136402448281E-17,-0.707106781186548,
0.707106781186547));
#1647=DIRECTION('ref_axis',(1.,1.22464679914735E-16,2.22044604925031E-16));
#1648=DIRECTION('center_axis',(7.04136402448281E-17,0.707106781186548,-0.707106781186547));
#1649=DIRECTION('ref_axis',(1.,1.22464679914735E-16,2.22044604925031E-16));
#1650=DIRECTION('',(-7.04136402448281E-17,-0.707106781186548,0.707106781186547));
#1651=DIRECTION('center_axis',(-7.04136402448281E-17,-0.707106781186548,
0.707106781186547));
#1652=DIRECTION('ref_axis',(1.,1.22464679914735E-16,2.22044604925031E-16));
#1653=DIRECTION('center_axis',(7.04136402448281E-17,0.707106781186548,-0.707106781186547));
#1654=DIRECTION('ref_axis',(1.,1.22464679914735E-16,2.22044604925031E-16));
#1655=DIRECTION('',(-7.04136402448281E-17,-0.707106781186548,0.707106781186547));
#1656=DIRECTION('center_axis',(1.,1.22464679914735E-16,2.22044604925031E-16));
#1657=DIRECTION('ref_axis',(-2.43604851491927E-16,0.707106781186547,0.707106781186548));
#1658=DIRECTION('',(-2.43604851491927E-16,0.707106781186547,0.707106781186548));
#1659=DIRECTION('',(-7.04136402448281E-17,-0.707106781186548,0.707106781186547));
#1660=DIRECTION('',(-7.04136402448281E-17,-0.707106781186548,0.707106781186547));
#1661=DIRECTION('center_axis',(2.43604851491927E-16,-0.707106781186547,
-0.707106781186548));
#1662=DIRECTION('ref_axis',(1.,1.22464679914735E-16,2.22044604925031E-16));
#1663=DIRECTION('',(1.,1.22464679914735E-16,2.22044604925031E-16));
#1664=DIRECTION('',(-7.04136402448281E-17,-0.707106781186548,0.707106781186547));
#1665=DIRECTION('center_axis',(-1.,-1.22464679914735E-16,-2.22044604925031E-16));
#1666=DIRECTION('ref_axis',(2.43604851491927E-16,-0.707106781186547,-0.707106781186548));
#1667=DIRECTION('',(2.43604851491927E-16,-0.707106781186547,-0.707106781186548));
#1668=DIRECTION('',(-7.04136402448281E-17,-0.707106781186548,0.707106781186547));
#1669=DIRECTION('center_axis',(-2.43604851491927E-16,0.707106781186547,
0.707106781186548));
#1670=DIRECTION('ref_axis',(-1.,-1.22464679914735E-16,-2.22044604925031E-16));
#1671=DIRECTION('center_axis',(2.43604851491927E-16,-0.707106781186547,
-0.707106781186548));
#1672=DIRECTION('ref_axis',(-7.04136402448281E-17,-0.707106781186548,0.707106781186547));
#1673=DIRECTION('',(-1.,-1.22464679914735E-16,-2.22044604925031E-16));
#1674=DIRECTION('center_axis',(2.43604851491927E-16,-0.707106781186547,
-0.707106781186548));
#1675=DIRECTION('ref_axis',(-7.04136402448281E-17,-0.707106781186548,0.707106781186547));
#1676=DIRECTION('center_axis',(7.04136402448281E-17,0.707106781186548,-0.707106781186547));
#1677=DIRECTION('ref_axis',(1.,1.22464679914735E-16,2.22044604925031E-16));
#1678=DIRECTION('',(-3.13698264826024E-16,0.707106781186547,0.707106781186548));
#1679=DIRECTION('',(1.,1.22464679914735E-16,2.22044604925031E-16));
#1680=DIRECTION('',(3.83791678160121E-16,-0.707106781186547,-0.707106781186548));
#1681=DIRECTION('',(-1.,-1.22464679914735E-16,-2.22044604925031E-16));
#1682=DIRECTION('center_axis',(7.04136402448281E-17,0.707106781186548,-0.707106781186547));
#1683=DIRECTION('ref_axis',(1.,1.22464679914735E-16,2.22044604925031E-16));
#1684=DIRECTION('center_axis',(7.04136402448281E-17,0.707106781186548,-0.707106781186547));
#1685=DIRECTION('ref_axis',(1.,1.22464679914735E-16,2.22044604925031E-16));
#1686=DIRECTION('center_axis',(-2.22044604925031E-16,-2.46519032881566E-32,
1.));
#1687=DIRECTION('ref_axis',(1.,1.22464679914735E-16,2.22044604925031E-16));
#1688=DIRECTION('',(-1.,-1.22464679914735E-16,-2.22044604925031E-16));
#1689=DIRECTION('',(-1.22464679914735E-16,1.,-2.5407181807812E-33));
#1690=DIRECTION('',(1.,1.22464679914735E-16,2.22044604925031E-16));
#1691=DIRECTION('',(-1.22464679914735E-16,1.,-2.5407181807812E-33));
#1692=DIRECTION('center_axis',(-1.,-1.22464679914735E-16,-2.22044604925031E-16));
#1693=DIRECTION('ref_axis',(-2.22044604925031E-16,-2.46519032881566E-32,
1.));
#1694=DIRECTION('',(2.22044604925031E-16,2.46519032881566E-32,-1.));
#1695=DIRECTION('',(-2.22044604925031E-16,-2.46519032881566E-32,1.));
#1696=DIRECTION('',(-1.22464679914735E-16,1.,-2.5407181807812E-33));
#1697=DIRECTION('center_axis',(-1.22464679914735E-16,1.,-2.5407181807812E-33));
#1698=DIRECTION('ref_axis',(3.44509284839767E-16,3.96495011147752E-32,-1.));
#1699=DIRECTION('center_axis',(1.22464679914735E-16,-1.,2.5407181807812E-33));
#1700=DIRECTION('ref_axis',(-2.22044604925031E-16,-2.46519032881566E-32,
1.));
#1701=DIRECTION('center_axis',(1.22464679914735E-16,-1.,2.5407181807812E-33));
#1702=DIRECTION('ref_axis',(-2.22044604925031E-16,-2.46519032881566E-32,
1.));
#1703=DIRECTION('',(-1.22464679914735E-16,1.,-2.5407181807812E-33));
#1704=DIRECTION('center_axis',(1.,1.22464679914735E-16,2.22044604925031E-16));
#1705=DIRECTION('ref_axis',(2.22044604925031E-16,2.46519032881566E-32,-1.));
#1706=DIRECTION('',(2.22044604925031E-16,2.46519032881566E-32,-1.));
#1707=DIRECTION('',(2.22044604925031E-16,2.46519032881566E-32,-1.));
#1708=DIRECTION('',(-1.22464679914735E-16,1.,-2.5407181807812E-33));
#1709=DIRECTION('center_axis',(-2.22044604925031E-16,-2.46519032881566E-32,
1.));
#1710=DIRECTION('ref_axis',(1.,1.22464679914735E-16,2.22044604925031E-16));
#1711=DIRECTION('',(1.,1.22464679914735E-16,2.22044604925031E-16));
#1712=DIRECTION('',(1.,1.22464679914735E-16,2.22044604925031E-16));
#1713=DIRECTION('',(-1.22464679914735E-16,1.,-2.5407181807812E-33));
#1714=DIRECTION('center_axis',(1.22464679914735E-16,-1.,2.5407181807812E-33));
#1715=DIRECTION('ref_axis',(-2.22044604925031E-16,-2.46519032881566E-32,
1.));
#1716=DIRECTION('',(-1.,-1.22464679914735E-16,-5.80181064481533E-16));
#1717=DIRECTION('',(-2.22044604925031E-16,-2.46519032881566E-32,1.));
#1718=DIRECTION('',(2.22044604925031E-16,2.46519032881566E-32,-1.));
#1719=DIRECTION('center_axis',(1.22464679914735E-16,-1.,2.5407181807812E-33));
#1720=DIRECTION('ref_axis',(-2.22044604925031E-16,-2.46519032881566E-32,
1.));
#1721=DIRECTION('',(1.,1.22464679914735E-16,5.80181064481533E-16));
#1722=DIRECTION('',(-2.22044604925031E-16,-2.46519032881566E-32,1.));
#1723=DIRECTION('',(2.22044604925031E-16,2.46519032881566E-32,-1.));
#1724=DIRECTION('center_axis',(-5.80181064481533E-16,-6.85109701735402E-32,
1.));
#1725=DIRECTION('ref_axis',(1.,1.22464679914735E-16,5.80181064481533E-16));
#1726=DIRECTION('',(-1.22464679914735E-16,1.,-2.5407181807812E-33));
#1727=DIRECTION('',(1.,1.22464679914735E-16,5.80181064481533E-16));
#1728=DIRECTION('',(-1.22464679914735E-16,1.,-2.5407181807812E-33));
#1729=DIRECTION('center_axis',(-5.80181064481533E-16,-6.85109701735402E-32,
1.));
#1730=DIRECTION('ref_axis',(1.,1.22464679914735E-16,5.80181064481533E-16));
#1731=DIRECTION('',(-1.22464679914735E-16,1.,-2.5407181807812E-33));
#1732=DIRECTION('',(1.,1.22464679914735E-16,5.80181064481533E-16));
#1733=DIRECTION('',(-1.22464679914735E-16,1.,-2.5407181807812E-33));
#1734=DIRECTION('center_axis',(2.22044604925031E-16,2.46519032881566E-32,
-1.));
#1735=DIRECTION('ref_axis',(-1.,-1.22464679914735E-16,-2.22044604925031E-16));
#1736=DIRECTION('',(1.,1.22464679914735E-16,2.22044604925031E-16));
#1737=DIRECTION('',(-1.22464679914735E-16,1.,-2.5407181807812E-33));
#1738=DIRECTION('',(-1.,-1.22464679914735E-16,-2.22044604925031E-16));
#1739=DIRECTION('',(-1.22464679914735E-16,1.,-2.5407181807812E-33));
#1740=DIRECTION('center_axis',(1.,1.22464679914735E-16,5.85101859583298E-16));
#1741=DIRECTION('ref_axis',(5.85101859583298E-16,6.91135937706038E-32,-1.));
#1742=DIRECTION('',(-5.85101859583298E-16,-6.91135937706038E-32,1.));
#1743=DIRECTION('',(5.85101859583298E-16,6.91135937706038E-32,-1.));
#1744=DIRECTION('',(-1.22464679914735E-16,1.,-2.5407181807812E-33));
#1745=DIRECTION('center_axis',(-1.22464679914735E-16,1.,-2.5407181807812E-33));
#1746=DIRECTION('ref_axis',(-2.22044604925031E-16,-2.46519032881566E-32,
1.));
#1747=DIRECTION('center_axis',(1.22464679914735E-16,-1.,2.5407181807812E-33));
#1748=DIRECTION('ref_axis',(-2.22044604925031E-16,-2.46519032881566E-32,
1.));
#1749=DIRECTION('center_axis',(1.22464679914735E-16,-1.,2.5407181807812E-33));
#1750=DIRECTION('ref_axis',(-2.22044604925031E-16,-2.46519032881566E-32,
1.));
#1751=DIRECTION('',(-1.22464679914735E-16,1.,-2.5407181807812E-33));
#1752=DIRECTION('center_axis',(-1.,-1.22464679914735E-16,-5.85101859583298E-16));
#1753=DIRECTION('ref_axis',(-5.85101859583298E-16,-6.91135937706038E-32,
1.));
#1754=DIRECTION('',(-5.85101859583298E-16,-6.91135937706038E-32,1.));
#1755=DIRECTION('',(-5.85101859583298E-16,-6.91135937706038E-32,1.));
#1756=DIRECTION('',(-1.22464679914735E-16,1.,-2.5407181807812E-33));
#1757=DIRECTION('center_axis',(2.22044604925031E-16,2.46519032881566E-32,
-1.));
#1758=DIRECTION('ref_axis',(-1.,-1.22464679914735E-16,-2.22044604925031E-16));
#1759=DIRECTION('',(-1.,-1.22464679914735E-16,-2.22044604925031E-16));
#1760=DIRECTION('',(-1.,-1.22464679914735E-16,-2.22044604925031E-16));
#1761=DIRECTION('',(-1.22464679914735E-16,1.,-2.5407181807812E-33));
#1762=DIRECTION('center_axis',(1.22464679914735E-16,-1.,2.5407181807812E-33));
#1763=DIRECTION('ref_axis',(-2.22044604925031E-16,-2.46519032881566E-32,
1.));
#1764=DIRECTION('',(-2.22044604925031E-16,-2.46519032881566E-32,1.));
#1765=DIRECTION('',(2.22044604925031E-16,2.46519032881566E-32,-1.));
#1766=DIRECTION('',(1.,1.22464679914735E-16,2.22044604925031E-16));
#1767=DIRECTION('center_axis',(1.22464679914735E-16,-1.,2.5407181807812E-33));
#1768=DIRECTION('ref_axis',(-2.22044604925031E-16,-2.46519032881566E-32,
1.));
#1769=DIRECTION('',(-2.22044604925031E-16,-2.46519032881566E-32,1.));
#1770=DIRECTION('',(-1.,-1.22464679914735E-16,-2.22044604925031E-16));
#1771=DIRECTION('',(2.22044604925031E-16,2.46519032881566E-32,-1.));
#1772=DIRECTION('center_axis',(2.22044604925031E-16,2.46519032881566E-32,
-1.));
#1773=DIRECTION('ref_axis',(-1.,-1.22464679914735E-16,-2.22044604925031E-16));
#1774=DIRECTION('',(-1.22464679914735E-16,1.,-2.5407181807812E-33));
#1775=DIRECTION('',(-1.,-1.22464679914735E-16,-2.22044604925031E-16));
#1776=DIRECTION('',(-1.,-1.22464679914735E-16,-2.22044604925031E-16));
#1777=DIRECTION('',(-1.22464679914735E-16,1.,-2.5407181807812E-33));
#1778=DIRECTION('center_axis',(2.22044604925031E-16,2.46519032881566E-32,
-1.));
#1779=DIRECTION('ref_axis',(-1.,-1.22464679914735E-16,-2.22044604925031E-16));
#1780=DIRECTION('',(-1.22464679914735E-16,1.,-2.5407181807812E-33));
#1781=DIRECTION('',(-1.22464679914735E-16,1.,-2.5407181807812E-33));
#1782=DIRECTION('center_axis',(7.04136402448281E-17,0.707106781186548,-0.707106781186547));
#1783=DIRECTION('ref_axis',(1.,1.22464679914735E-16,2.22044604925031E-16));
#1784=DIRECTION('center_axis',(-1.22464679914735E-16,1.,-2.5407181807812E-33));
#1785=DIRECTION('ref_axis',(-2.22044604925031E-16,-2.46519032881566E-32,
1.));
#1786=DIRECTION('',(-3.21171660695135E-16,-3.67914664439324E-32,1.));
#1787=DIRECTION('',(4.20298716465238E-16,4.89310295997082E-32,-1.));
#1788=DIRECTION('center_axis',(1.22464679914735E-16,-1.,2.5407181807812E-33));
#1789=DIRECTION('ref_axis',(-2.22044604925031E-16,-2.46519032881566E-32,
1.));
#1790=DIRECTION('center_axis',(-1.,-1.22464679914735E-16,-3.21171660695135E-16));
#1791=DIRECTION('ref_axis',(-3.21171660695135E-16,-3.67914664439324E-32,
1.));
#1792=DIRECTION('',(3.21171660695135E-16,3.67914664439324E-32,-1.));
#1793=DIRECTION('center_axis',(-1.22464679914735E-16,1.,-2.5407181807812E-33));
#1794=DIRECTION('ref_axis',(-2.22044604925031E-16,-2.46519032881566E-32,
1.));
#1795=DIRECTION('center_axis',(-1.22464679914735E-16,1.,-2.5407181807812E-33));
#1796=DIRECTION('ref_axis',(-2.22044604925031E-16,-2.46519032881566E-32,
1.));
#1797=DIRECTION('center_axis',(-1.22464679914735E-16,1.,-2.5407181807812E-33));
#1798=DIRECTION('ref_axis',(-2.22044604925031E-16,-2.46519032881566E-32,
1.));
#1799=DIRECTION('center_axis',(-1.22464679914735E-16,1.,-2.5407181807812E-33));
#1800=DIRECTION('ref_axis',(-2.22044604925031E-16,-2.46519032881566E-32,
1.));
#1801=DIRECTION('',(4.20298716465238E-16,4.89310295997082E-32,-1.));
#1802=DIRECTION('center_axis',(1.,1.22464679914735E-16,4.20298716465238E-16));
#1803=DIRECTION('ref_axis',(4.20298716465238E-16,4.89310295997082E-32,-1.));
#1804=DIRECTION('center_axis',(-1.22464679914735E-16,1.,-2.5407181807812E-33));
#1805=DIRECTION('ref_axis',(-2.22044604925031E-16,-2.46519032881566E-32,
1.));
#1806=DIRECTION('',(1.22464679914735E-16,-1.,2.5407181807812E-33));
#1807=DIRECTION('',(1.22464679914735E-16,-1.,2.5407181807812E-33));
#1808=DIRECTION('center_axis',(1.22464679914735E-16,-1.,2.5407181807812E-33));
#1809=DIRECTION('ref_axis',(-2.22044604925031E-16,-2.46519032881566E-32,
1.));
#1810=DIRECTION('center_axis',(-1.22464679914735E-16,1.,-2.5407181807812E-33));
#1811=DIRECTION('ref_axis',(3.44509284839767E-16,3.96495011147752E-32,-1.));
#1812=DIRECTION('center_axis',(-1.22464679914735E-16,1.,-2.5407181807812E-33));
#1813=DIRECTION('ref_axis',(-2.22044604925031E-16,-2.46519032881566E-32,
1.));
#1814=DIRECTION('',(-1.22464679914735E-16,1.,-2.5407181807812E-33));
#1815=DIRECTION('',(-1.22464679914735E-16,1.,-2.5407181807812E-33));
#1816=DIRECTION('center_axis',(-1.22464679914735E-16,1.,-2.5407181807812E-33));
#1817=DIRECTION('ref_axis',(-2.22044604925031E-16,-2.46519032881566E-32,
1.));
#1818=DIRECTION('center_axis',(-1.22464679914735E-16,1.,-2.5407181807812E-33));
#1819=DIRECTION('ref_axis',(-2.22044604925031E-16,-2.46519032881566E-32,
1.));
#1820=DIRECTION('center_axis',(-1.22464679914735E-16,1.,-2.5407181807812E-33));
#1821=DIRECTION('ref_axis',(-2.22044604925031E-16,-2.46519032881566E-32,
1.));
#1822=DIRECTION('',(-1.22464679914735E-16,1.,-2.5407181807812E-33));
#1823=DIRECTION('',(-1.22464679914735E-16,1.,-2.5407181807812E-33));
#1824=DIRECTION('',(-1.22464679914735E-16,1.,-2.5407181807812E-33));
#1825=DIRECTION('center_axis',(1.22464679914735E-16,-1.,2.5407181807812E-33));
#1826=DIRECTION('ref_axis',(-2.22044604925031E-16,-2.46519032881566E-32,
1.));
#1827=DIRECTION('center_axis',(1.22464679914735E-16,-1.,2.5407181807812E-33));
#1828=DIRECTION('ref_axis',(-2.22044604925031E-16,-2.46519032881566E-32,
1.));
#1829=DIRECTION('',(-1.22464679914735E-16,1.,-2.5407181807812E-33));
#1830=DIRECTION('',(-1.22464679914735E-16,1.,-2.5407181807812E-33));
#1831=DIRECTION('',(-1.22464679914735E-16,1.,-2.5407181807812E-33));
#1832=DIRECTION('',(-1.22464679914735E-16,1.,-2.5407181807812E-33));
#1833=DIRECTION('',(-1.22464679914735E-16,1.,-2.5407181807812E-33));
#1834=DIRECTION('',(-1.22464679914735E-16,1.,-2.5407181807812E-33));
#1835=DIRECTION('',(-1.22464679914735E-16,1.,-2.5407181807812E-33));
#1836=DIRECTION('',(-1.22464679914735E-16,1.,-2.5407181807812E-33));
#1837=DIRECTION('',(-1.22464679914735E-16,1.,-2.5407181807812E-33));
#1838=DIRECTION('',(-1.22464679914735E-16,1.,-2.5407181807812E-33));
#1839=DIRECTION('',(-1.22464679914735E-16,1.,-2.5407181807812E-33));
#1840=DIRECTION('',(-1.22464679914735E-16,1.,-2.5407181807812E-33));
#1841=DIRECTION('',(-1.22464679914735E-16,1.,-2.5407181807812E-33));
#1842=DIRECTION('',(-1.22464679914735E-16,1.,-2.5407181807812E-33));
#1843=DIRECTION('',(-1.22464679914735E-16,1.,-2.5407181807812E-33));
#1844=DIRECTION('',(-1.22464679914735E-16,1.,-2.5407181807812E-33));
#1845=DIRECTION('',(-1.22464679914735E-16,1.,-2.5407181807812E-33));
#1846=DIRECTION('',(-1.22464679914735E-16,1.,-2.5407181807812E-33));
#1847=DIRECTION('',(-1.22464679914735E-16,1.,-2.5407181807812E-33));
#1848=DIRECTION('',(-1.22464679914735E-16,1.,-2.5407181807812E-33));
#1849=DIRECTION('',(-1.22464679914735E-16,1.,-2.5407181807812E-33));
#1850=DIRECTION('',(-1.22464679914735E-16,1.,-2.5407181807812E-33));
#1851=DIRECTION('',(-1.22464679914735E-16,1.,-2.5407181807812E-33));
#1852=DIRECTION('',(-1.22464679914735E-16,1.,-2.5407181807812E-33));
#1853=DIRECTION('',(-1.22464679914735E-16,1.,-2.5407181807812E-33));
#1854=DIRECTION('',(-1.22464679914735E-16,1.,-2.5407181807812E-33));
#1855=DIRECTION('',(-1.22464679914735E-16,1.,-2.5407181807812E-33));
#1856=DIRECTION('',(-1.22464679914735E-16,1.,-2.5407181807812E-33));
#1857=DIRECTION('',(-1.22464679914735E-16,1.,-2.5407181807812E-33));
#1858=DIRECTION('',(-1.22464679914735E-16,1.,-2.5407181807812E-33));
#1859=DIRECTION('',(-1.22464679914735E-16,1.,-2.5407181807812E-33));
#1860=DIRECTION('',(-1.22464679914735E-16,1.,-2.5407181807812E-33));
#1861=DIRECTION('',(-1.22464679914735E-16,1.,-2.5407181807812E-33));
#1862=DIRECTION('',(-1.22464679914735E-16,1.,-2.5407181807812E-33));
#1863=DIRECTION('',(-1.22464679914735E-16,1.,-2.5407181807812E-33));
#1864=DIRECTION('',(-1.22464679914735E-16,1.,-2.5407181807812E-33));
#1865=DIRECTION('center_axis',(-1.22464679914735E-16,1.,-2.5407181807812E-33));
#1866=DIRECTION('ref_axis',(-2.22044604925031E-16,-2.46519032881566E-32,
1.));
#1867=DIRECTION('center_axis',(-1.22464679914735E-16,1.,-2.5407181807812E-33));
#1868=DIRECTION('ref_axis',(-2.22044604925031E-16,-2.46519032881566E-32,
1.));
#1869=DIRECTION('',(-1.22464679914735E-16,1.,-2.5407181807812E-33));
#1870=DIRECTION('',(-1.22464679914735E-16,1.,-2.5407181807812E-33));
#1871=DIRECTION('center_axis',(1.22464679914735E-16,-1.,2.5407181807812E-33));
#1872=DIRECTION('ref_axis',(-2.22044604925031E-16,-2.46519032881566E-32,
1.));
#1873=CARTESIAN_POINT('',(0.,0.,0.));
#1874=CARTESIAN_POINT('Origin',(-3.17844122237348E-15,28.8887301627792,
-1.61862915010153));
#1875=CARTESIAN_POINT('',(0.411250496616873,29.5958369439657,-0.911522368914978));
#1876=CARTESIAN_POINT('',(-3.51402938837073E-15,29.5073593128807,-1.));
#1877=CARTESIAN_POINT('Origin',(-3.73607399329576E-15,30.5073593128807,
-7.75106024538606E-32));
#1878=CARTESIAN_POINT('',(1.5,29.5958369439657,-0.911522368914975));
#1879=CARTESIAN_POINT('',(1.5,29.5958369439657,-0.911522368914977));
#1880=CARTESIAN_POINT('',(1.5,28.1816233815926,-2.32573593128807));
#1881=CARTESIAN_POINT('',(1.5,28.1816233815926,-2.32573593128807));
#1882=CARTESIAN_POINT('',(-1.5,28.1816233815926,-2.32573593128807));
#1883=CARTESIAN_POINT('',(-1.5,28.1816233815926,-2.32573593128807));
#1884=CARTESIAN_POINT('',(-1.5,29.5958369439657,-0.911522368914976));
#1885=CARTESIAN_POINT('',(-1.5,29.5958369439657,-0.911522368914978));
#1886=CARTESIAN_POINT('',(-0.41125049661688,29.5958369439657,-0.911522368914978));
#1887=CARTESIAN_POINT('',(1.5,29.5958369439657,-0.911522368914977));
#1888=CARTESIAN_POINT('Origin',(-3.73607399329576E-15,30.5073593128807,
-7.75106024538606E-32));
#1889=CARTESIAN_POINT('',(-0.375000000000003,28.8887301627792,-1.61862915010152));
#1890=CARTESIAN_POINT('Origin',(-3.11720888241611E-15,28.8887301627792,
-1.61862915010153));
#1891=CARTESIAN_POINT('',(-1.225,28.8887301627792,-1.61862915010152));
#1892=CARTESIAN_POINT('Origin',(-0.850000000000003,28.8887301627792,-1.61862915010153));
#1893=CARTESIAN_POINT('',(0.474999999999996,28.8887301627792,-1.61862915010152));
#1894=CARTESIAN_POINT('Origin',(0.849999999999997,28.8887301627792,-1.61862915010153));
#1895=CARTESIAN_POINT('Origin',(-2.90596796168163E-15,31.0100505063388,
-3.73994949366117));
#1896=CARTESIAN_POINT('',(-0.375000000000003,31.0100505063388,-3.73994949366117));
#1897=CARTESIAN_POINT('Origin',(-2.90596796168163E-15,31.0100505063388,
-3.73994949366117));
#1898=CARTESIAN_POINT('',(-0.375000000000003,31.0100505063388,-3.73994949366117));
#1899=CARTESIAN_POINT('Origin',(-0.850000000000003,31.0100505063388,-3.73994949366117));
#1900=CARTESIAN_POINT('',(-1.225,31.0100505063388,-3.73994949366117));
#1901=CARTESIAN_POINT('Origin',(-0.850000000000003,31.0100505063388,-3.73994949366117));
#1902=CARTESIAN_POINT('',(-1.225,31.0100505063388,-3.73994949366117));
#1903=CARTESIAN_POINT('Origin',(0.849999999999997,31.0100505063388,-3.73994949366117));
#1904=CARTESIAN_POINT('',(0.474999999999996,31.0100505063388,-3.73994949366117));
#1905=CARTESIAN_POINT('Origin',(0.849999999999997,31.0100505063388,-3.73994949366117));
#1906=CARTESIAN_POINT('',(0.474999999999996,31.0100505063388,-3.73994949366117));
#1907=CARTESIAN_POINT('Origin',(1.5,30.3029437251523,-4.44705627484771));
#1908=CARTESIAN_POINT('',(1.5,30.3029437251523,-4.44705627484771));
#1909=CARTESIAN_POINT('',(1.5,31.7171572875254,-3.03284271247462));
#1910=CARTESIAN_POINT('',(1.5,30.4014718625761,-4.34852813742386));
#1911=CARTESIAN_POINT('',(1.5,30.3029437251523,-4.44705627484771));
#1912=CARTESIAN_POINT('',(1.5,31.7171572875254,-3.03284271247462));
#1913=CARTESIAN_POINT('Origin',(-1.5,30.3029437251523,-4.44705627484771));
#1914=CARTESIAN_POINT('',(-1.5,30.3029437251523,-4.44705627484771));
#1915=CARTESIAN_POINT('',(0.799999999999998,30.3029437251523,-4.44705627484771));
#1916=CARTESIAN_POINT('',(-1.5,30.3029437251523,-4.44705627484771));
#1917=CARTESIAN_POINT('Origin',(-1.5,31.7171572875254,-3.03284271247462));
#1918=CARTESIAN_POINT('',(-1.5,31.7171572875254,-3.03284271247462));
#1919=CARTESIAN_POINT('',(-1.5,31.1085786437627,-3.64142135623731));
#1920=CARTESIAN_POINT('',(-1.5,31.7171572875254,-3.03284271247462));
#1921=CARTESIAN_POINT('Origin',(1.5,31.7171572875254,-3.03284271247462));
#1922=CARTESIAN_POINT('',(-3.53570015791161E-15,29.6843145750508,-1.));
#1923=CARTESIAN_POINT('Origin',(-3.51281540300717E-15,28.6843145750508,
-7.28787595440785E-32));
#1924=CARTESIAN_POINT('',(2.3,31.7171572875254,-3.03284271247462));
#1925=CARTESIAN_POINT('Origin',(-3.51281540300717E-15,28.6843145750508,
-7.28787595440785E-32));
#1926=CARTESIAN_POINT('Origin',(3.1,30.5,-4.25));
#1927=CARTESIAN_POINT('',(-6.2,29.,-5.75));
#1928=CARTESIAN_POINT('',(-6.2,32.,-2.75));
#1929=CARTESIAN_POINT('',(-6.2,24.5,-10.25));
#1930=CARTESIAN_POINT('',(6.2,32.,-2.75));
#1931=CARTESIAN_POINT('',(3.1,32.,-2.75));
#1932=CARTESIAN_POINT('',(6.2,29.,-5.75));
#1933=CARTESIAN_POINT('',(6.2,30.1,-4.64999999999999));
#1934=CARTESIAN_POINT('',(3.1,29.,-5.75));
#1935=CARTESIAN_POINT('Origin',(3.1,30.5,-4.25));
#1936=CARTESIAN_POINT('Origin',(3.1,30.5,-4.25));
#1937=CARTESIAN_POINT('Origin',(0.599999999999992,12.4,21.65));
#1938=CARTESIAN_POINT('',(6.19999999999999,12.4,21.65));
#1939=CARTESIAN_POINT('',(0.599999999999992,12.4,21.65));
#1940=CARTESIAN_POINT('',(6.19999999999999,12.4,21.65));
#1941=CARTESIAN_POINT('',(6.19999999999999,14.8,21.65));
#1942=CARTESIAN_POINT('',(6.19999999999999,12.4,21.65));
#1943=CARTESIAN_POINT('',(0.599999999999992,14.8,21.65));
#1944=CARTESIAN_POINT('',(6.19999999999999,14.8,21.65));
#1945=CARTESIAN_POINT('',(0.599999999999992,12.4,21.65));
#1946=CARTESIAN_POINT('Origin',(0.599999999999992,12.4,20.5032562594671));
#1947=CARTESIAN_POINT('',(0.599999999999992,12.4,20.5032562594671));
#1948=CARTESIAN_POINT('',(0.599999999999992,12.4,21.65));
#1949=CARTESIAN_POINT('',(0.599999999999992,14.8,20.5032562594671));
#1950=CARTESIAN_POINT('',(0.599999999999992,14.8,21.65));
#1951=CARTESIAN_POINT('',(0.599999999999992,12.4,20.5032562594671));
#1952=CARTESIAN_POINT('Origin',(-6.92534816086723E-15,12.4,19.35));
#1953=CARTESIAN_POINT('',(-0.600000000000007,12.4,20.5032562594671));
#1954=CARTESIAN_POINT('Origin',(-6.92534816086723E-15,12.4,19.35));
#1955=CARTESIAN_POINT('',(-0.600000000000007,14.8,20.5032562594671));
#1956=CARTESIAN_POINT('Origin',(-7.21926339266259E-15,14.8,19.35));
#1957=CARTESIAN_POINT('',(-0.600000000000007,12.4,20.5032562594671));
#1958=CARTESIAN_POINT('Origin',(-0.600000000000007,12.4,21.65));
#1959=CARTESIAN_POINT('',(-0.600000000000007,12.4,21.65));
#1960=CARTESIAN_POINT('',(-0.600000000000007,12.4,21.65));
#1961=CARTESIAN_POINT('',(-0.600000000000007,14.8,21.65));
#1962=CARTESIAN_POINT('',(-0.600000000000007,14.8,21.65));
#1963=CARTESIAN_POINT('',(-0.600000000000007,12.4,21.65));
#1964=CARTESIAN_POINT('Origin',(-6.20000000000001,12.4,21.65));
#1965=CARTESIAN_POINT('',(-6.20000000000001,12.4,21.65));
#1966=CARTESIAN_POINT('',(-6.20000000000001,12.4,21.65));
#1967=CARTESIAN_POINT('',(-6.20000000000001,14.8,21.65));
#1968=CARTESIAN_POINT('',(-6.20000000000001,14.8,21.65));
#1969=CARTESIAN_POINT('',(-6.20000000000001,12.4,21.65));
#1970=CARTESIAN_POINT('Origin',(-6.88093923988222E-15,12.4,19.15));
#1971=CARTESIAN_POINT('',(6.19999999999999,12.4,16.65));
#1972=CARTESIAN_POINT('',(-6.20000000000001,12.4,16.65));
#1973=CARTESIAN_POINT('',(-3.10000000000001,12.4,16.65));
#1974=CARTESIAN_POINT('',(6.19999999999999,12.4,16.65));
#1975=CARTESIAN_POINT('',(-6.20000000000001,12.4,21.65));
#1976=CARTESIAN_POINT('Origin',(-7.17485447167759E-15,14.8,19.15));
#1977=CARTESIAN_POINT('',(-6.20000000000001,14.8,16.65));
#1978=CARTESIAN_POINT('',(6.19999999999999,14.8,16.65));
#1979=CARTESIAN_POINT('',(-3.10000000000001,14.8,16.65));
#1980=CARTESIAN_POINT('',(-6.20000000000001,14.8,21.65));
#1981=CARTESIAN_POINT('',(6.19999999999999,14.8,16.65));
#1982=CARTESIAN_POINT('Origin',(-6.20000000000001,8.,16.65));
#1983=CARTESIAN_POINT('',(6.19999999999999,32.,16.65));
#1984=CARTESIAN_POINT('',(6.19999999999999,8.,16.65));
#1985=CARTESIAN_POINT('',(-6.20000000000001,32.,16.65));
#1986=CARTESIAN_POINT('',(-9.89087651674234E-15,32.,16.65));
#1987=CARTESIAN_POINT('',(-6.20000000000001,8.,16.65));
#1988=CARTESIAN_POINT('Origin',(-6.20000000000001,8.,16.65));
#1989=CARTESIAN_POINT('',(-6.20000000000001,8.,16.65));
#1990=CARTESIAN_POINT('',(-6.20000000000001,8.,16.65));
#1991=CARTESIAN_POINT('',(6.19999999999999,8.,16.65));
#1992=CARTESIAN_POINT('',(-6.95172419878869E-15,8.,16.65));
#1993=CARTESIAN_POINT('',(6.19999999999999,8.,16.65));
#1994=CARTESIAN_POINT('Origin',(-0.599999999999994,12.4,-10.75));
#1995=CARTESIAN_POINT('',(-6.19999999999999,12.4,-10.75));
#1996=CARTESIAN_POINT('',(-0.599999999999994,12.4,-10.75));
#1997=CARTESIAN_POINT('',(-6.19999999999999,12.4,-10.75));
#1998=CARTESIAN_POINT('',(-6.19999999999999,14.8,-10.75));
#1999=CARTESIAN_POINT('',(-6.19999999999999,12.4,-10.75));
#2000=CARTESIAN_POINT('',(-0.599999999999994,14.8,-10.75));
#2001=CARTESIAN_POINT('',(-6.19999999999999,14.8,-10.75));
#2002=CARTESIAN_POINT('',(-0.599999999999994,12.4,-10.75));
#2003=CARTESIAN_POINT('Origin',(-0.599999999999995,12.4,-9.60325625946708));
#2004=CARTESIAN_POINT('',(-0.599999999999995,12.4,-9.60325625946708));
#2005=CARTESIAN_POINT('',(-0.599999999999994,12.4,-10.75));
#2006=CARTESIAN_POINT('',(-0.599999999999995,14.8,-9.60325625946708));
#2007=CARTESIAN_POINT('',(-0.599999999999994,14.8,-10.75));
#2008=CARTESIAN_POINT('',(-0.599999999999995,12.4,-9.60325625946708));
#2009=CARTESIAN_POINT('Origin',(4.22558864388402E-15,12.4,-8.45));
#2010=CARTESIAN_POINT('',(0.600000000000004,12.4,-9.60325625946708));
#2011=CARTESIAN_POINT('Origin',(4.22558864388402E-15,12.4,-8.45));
#2012=CARTESIAN_POINT('',(0.600000000000004,14.8,-9.60325625946708));
#2013=CARTESIAN_POINT('Origin',(3.93167341208865E-15,14.8,-8.45));
#2014=CARTESIAN_POINT('',(0.600000000000004,12.4,-9.60325625946708));
#2015=CARTESIAN_POINT('Origin',(0.600000000000005,12.4,-10.75));
#2016=CARTESIAN_POINT('',(0.600000000000005,12.4,-10.75));
#2017=CARTESIAN_POINT('',(0.600000000000005,12.4,-10.75));
#2018=CARTESIAN_POINT('',(0.600000000000004,14.8,-10.75));
#2019=CARTESIAN_POINT('',(0.600000000000005,14.8,-10.75));
#2020=CARTESIAN_POINT('',(0.600000000000005,12.4,-10.75));
#2021=CARTESIAN_POINT('Origin',(6.20000000000001,12.4,-10.75));
#2022=CARTESIAN_POINT('',(6.20000000000001,12.4,-10.75));
#2023=CARTESIAN_POINT('',(6.20000000000001,12.4,-10.75));
#2024=CARTESIAN_POINT('',(6.20000000000001,14.8,-10.75));
#2025=CARTESIAN_POINT('',(6.20000000000001,14.8,-10.75));
#2026=CARTESIAN_POINT('',(6.20000000000001,12.4,-10.75));
#2027=CARTESIAN_POINT('Origin',(3.64397503356426E-15,12.4,-8.25));
#2028=CARTESIAN_POINT('',(-6.2,12.4,-5.75));
#2029=CARTESIAN_POINT('',(-6.2,12.4,-10.75));
#2030=CARTESIAN_POINT('',(6.2,12.4,-5.75));
#2031=CARTESIAN_POINT('',(6.2,12.4,-5.75));
#2032=CARTESIAN_POINT('',(3.1,12.4,-5.75));
#2033=CARTESIAN_POINT('Origin',(3.3500598017689E-15,14.8,-8.25));
#2034=CARTESIAN_POINT('',(-6.2,14.8,-5.75));
#2035=CARTESIAN_POINT('',(-6.2,14.8,-10.75));
#2036=CARTESIAN_POINT('',(6.2,14.8,-5.75));
#2037=CARTESIAN_POINT('',(3.1,14.8,-5.75));
#2038=CARTESIAN_POINT('',(6.2,14.8,-5.75));
#2039=CARTESIAN_POINT('Origin',(6.2,8.,-5.75));
#2040=CARTESIAN_POINT('',(6.2,8.,-5.75));
#2041=CARTESIAN_POINT('',(6.2,8.,-5.75));
#2042=CARTESIAN_POINT('',(2.97039039001047E-16,8.,-5.75));
#2043=CARTESIAN_POINT('',(6.2,8.,-5.75));
#2044=CARTESIAN_POINT('',(-6.2,8.,-5.75));
#2045=CARTESIAN_POINT('',(6.2,8.,-5.75));
#2046=CARTESIAN_POINT('',(-6.2,8.,-5.75));
#2047=CARTESIAN_POINT('Origin',(6.2,8.,-5.75));
#2048=CARTESIAN_POINT('',(-6.2,8.,-5.75));
#2049=CARTESIAN_POINT('',(6.2,8.,-5.75));
#2050=CARTESIAN_POINT('Origin',(3.1,30.5,-4.25));
#2051=CARTESIAN_POINT('Origin',(-5.12901285411295E-15,32.,5.45));
#2052=CARTESIAN_POINT('',(-6.20000000000001,32.,16.65));
#2053=CARTESIAN_POINT('',(6.19999999999999,32.,16.65));
#2054=CARTESIAN_POINT('',(-3.81928983226123E-15,32.,-1.));
#2055=CARTESIAN_POINT('Origin',(-3.91886975727153E-15,32.,-8.13029817849983E-32));
#2056=CARTESIAN_POINT('Origin',(-6.2,8.,-5.75));
#2057=CARTESIAN_POINT('',(-6.20000000000001,8.,16.65));
#2058=CARTESIAN_POINT('Origin',(-2.1898605361593E-15,8.,5.45));
#2059=CARTESIAN_POINT('',(-2.60708170182678,8.,5.125));
#2060=CARTESIAN_POINT('Origin',(-9.79717439317883E-16,8.,-2.03257454462496E-32));
#2061=CARTESIAN_POINT('',(2.60708170182677,8.,5.125));
#2062=CARTESIAN_POINT('Origin',(-2.31198506886807E-15,8.,6.));
#2063=CARTESIAN_POINT('Origin',(-9.79717439317883E-16,8.,-2.03257454462496E-32));
#2064=CARTESIAN_POINT('',(6.19999999999999,8.,16.65));
#2065=CARTESIAN_POINT('Origin',(6.19999999999999,8.,16.65));
#2066=CARTESIAN_POINT('Origin',(-4.28626379701574E-16,3.5,-8.89251363273419E-33));
#2067=CARTESIAN_POINT('',(-3.29046454691278E-16,3.5,-1.));
#2068=CARTESIAN_POINT('',(-3.29046454691278E-16,3.5,-1.));
#2069=CARTESIAN_POINT('',(-3.29046454691278E-16,3.5,-1.));
#2070=CARTESIAN_POINT('Origin',(-4.28626379701574E-16,3.5,-8.89251363273419E-33));
#2071=CARTESIAN_POINT('Origin',(-4.28626379701574E-16,3.5,-8.89251363273419E-33));
#2072=CARTESIAN_POINT('',(2.60708170182678,3.5,5.125));
#2073=CARTESIAN_POINT('',(-2.60708170182678,3.5,5.125));
#2074=CARTESIAN_POINT('Origin',(-4.28626379701574E-16,3.5,-8.89251363273419E-33));
#2075=CARTESIAN_POINT('',(-2.60708170182678,3.5,5.125));
#2076=CARTESIAN_POINT('',(2.60708170182678,3.5,5.125));
#2077=CARTESIAN_POINT('Origin',(-1.76089400925176E-15,3.5,6.));
#2078=CARTESIAN_POINT('Origin',(-1.76089400925176E-15,3.5,6.));
#2079=CARTESIAN_POINT('Origin',(-7.6169328708912E-16,3.5,1.5));
#2080=CARTESIAN_POINT('Ctrl Pts',(-2.22229876633906,-2.72153107094624E-16,
0.351977546340519));
#2081=CARTESIAN_POINT('Ctrl Pts',(-2.22229876633906,3.5,0.351977546340519));
#2082=CARTESIAN_POINT('Ctrl Pts',(-2.22525876504326,-2.72515602388482E-16,
0.333288850038447));
#2083=CARTESIAN_POINT('Ctrl Pts',(-2.22525876504326,3.5,0.333288850038447));
#2084=CARTESIAN_POINT('Ctrl Pts',(-2.23371268817757,-2.73550909379149E-16,
0.298374794170205));
#2085=CARTESIAN_POINT('Ctrl Pts',(-2.23371268817757,3.5,0.298374794170205));
#2086=CARTESIAN_POINT('Ctrl Pts',(-2.25398725230276,-2.76033827385152E-16,
0.253386008690984));
#2087=CARTESIAN_POINT('Ctrl Pts',(-2.25398725230276,3.5,0.253386008690984));
#2088=CARTESIAN_POINT('Ctrl Pts',(-2.29302237177822,-2.80814250797147E-16,
0.205207976088918));
#2089=CARTESIAN_POINT('Ctrl Pts',(-2.29302237177822,3.5,0.205207976088918));
#2090=CARTESIAN_POINT('Ctrl Pts',(-2.34741872212079,-2.8747588243038E-16,
0.151567776788814));
#2091=CARTESIAN_POINT('Ctrl Pts',(-2.34741872212079,3.5,0.151567776788814));
#2092=CARTESIAN_POINT('Ctrl Pts',(-2.3823415820342,-2.91752699291383E-16,
0.102302151062437));
#2093=CARTESIAN_POINT('Ctrl Pts',(-2.3823415820342,3.5,0.102302151062437));
#2094=CARTESIAN_POINT('Ctrl Pts',(-2.39678760540322,-2.93521826919311E-16,
0.0557718576225566));
#2095=CARTESIAN_POINT('Ctrl Pts',(-2.39678760540323,3.5,0.0557718576225566));
#2096=CARTESIAN_POINT('Ctrl Pts',(-2.4,-2.93915231795365E-16,0.0194715443178956));
#2097=CARTESIAN_POINT('Ctrl Pts',(-2.4,3.5,0.0194715443178956));
#2098=CARTESIAN_POINT('Ctrl Pts',(-2.4,-2.93915231795365E-16,1.60982338570648E-16));
#2099=CARTESIAN_POINT('Ctrl Pts',(-2.4,3.5,1.60982338570648E-16));
#2100=CARTESIAN_POINT('',(-2.22229876633906,-2.72153107094624E-16,0.351977546340519));
#2101=CARTESIAN_POINT('',(-2.4,-2.93915231795365E-16,-5.32907051820075E-16));
#2102=CARTESIAN_POINT('Ctrl Pts',(-2.22229876633906,-2.72153107094624E-16,
0.351977546340519));
#2103=CARTESIAN_POINT('Ctrl Pts',(-2.22525876504326,-2.72515602388482E-16,
0.333288850038447));
#2104=CARTESIAN_POINT('Ctrl Pts',(-2.23371268817757,-2.73550909379149E-16,
0.298374794170205));
#2105=CARTESIAN_POINT('Ctrl Pts',(-2.25398725230276,-2.76033827385152E-16,
0.253386008690984));
#2106=CARTESIAN_POINT('Ctrl Pts',(-2.29302237177822,-2.80814250797147E-16,
0.205207976088918));
#2107=CARTESIAN_POINT('Ctrl Pts',(-2.34741872212079,-2.8747588243038E-16,
0.151567776788814));
#2108=CARTESIAN_POINT('Ctrl Pts',(-2.3823415820342,-2.91752699291383E-16,
0.102302151062437));
#2109=CARTESIAN_POINT('Ctrl Pts',(-2.39678760540322,-2.93521826919311E-16,
0.0557718576225566));
#2110=CARTESIAN_POINT('Ctrl Pts',(-2.4,-2.93915231795365E-16,0.0194715443178956));
#2111=CARTESIAN_POINT('Ctrl Pts',(-2.4,-2.93915231795365E-16,1.60982338570648E-16));
#2112=CARTESIAN_POINT('',(-2.22229876633906,3.5,0.351977546340519));
#2113=CARTESIAN_POINT('',(-2.22229876633906,-2.72153107094624E-16,0.351977546340519));
#2114=CARTESIAN_POINT('',(-2.4,3.5,-5.32907051820075E-16));
#2115=CARTESIAN_POINT('Ctrl Pts',(-2.4,3.5,1.60982338570648E-16));
#2116=CARTESIAN_POINT('Ctrl Pts',(-2.4,3.5,0.0194715443178956));
#2117=CARTESIAN_POINT('Ctrl Pts',(-2.39678760540323,3.5,0.0557718576225566));
#2118=CARTESIAN_POINT('Ctrl Pts',(-2.3823415820342,3.5,0.102302151062437));
#2119=CARTESIAN_POINT('Ctrl Pts',(-2.34741872212079,3.5,0.151567776788814));
#2120=CARTESIAN_POINT('Ctrl Pts',(-2.29302237177822,3.5,0.205207976088918));
#2121=CARTESIAN_POINT('Ctrl Pts',(-2.25398725230276,3.5,0.253386008690984));
#2122=CARTESIAN_POINT('Ctrl Pts',(-2.23371268817757,3.5,0.298374794170205));
#2123=CARTESIAN_POINT('Ctrl Pts',(-2.22525876504326,3.5,0.333288850038447));
#2124=CARTESIAN_POINT('Ctrl Pts',(-2.22229876633906,3.5,0.351977546340519));
#2125=CARTESIAN_POINT('',(-2.4,-2.93915231795365E-16,-5.32907051820075E-16));
#2126=CARTESIAN_POINT('Ctrl Pts',(-2.28253563910837,-2.79529996437382E-16,
0.741640786499874));
#2127=CARTESIAN_POINT('Ctrl Pts',(-2.28253563910837,3.5,0.741640786499874));
#2128=CARTESIAN_POINT('Ctrl Pts',(-2.28855267720932,-2.8026687108245E-16,
0.723122247394009));
#2129=CARTESIAN_POINT('Ctrl Pts',(-2.28855267720932,3.5,0.723122247394009));
#2130=CARTESIAN_POINT('Ctrl Pts',(-2.29671492210742,-2.81266457791282E-16,
0.687605913359014));
#2131=CARTESIAN_POINT('Ctrl Pts',(-2.29671492210743,3.5,0.687605913359014));
#2132=CARTESIAN_POINT('Ctrl Pts',(-2.29735458887394,-2.81344794377096E-16,
0.638888907855725));
#2133=CARTESIAN_POINT('Ctrl Pts',(-2.29735458887394,3.5,0.638888907855725));
#2134=CARTESIAN_POINT('Ctrl Pts',(-2.27936489097359,-2.79141691781967E-16,
0.581242756273876));
#2135=CARTESIAN_POINT('Ctrl Pts',(-2.27936489097359,3.5,0.581242756273876));
#2136=CARTESIAN_POINT('Ctrl Pts',(-2.24420662068301,-2.74836045464475E-16,
0.513418498506314));
#2137=CARTESIAN_POINT('Ctrl Pts',(-2.24420662068301,3.5,0.513418498506314));
#2138=CARTESIAN_POINT('Ctrl Pts',(-2.2219698467711,-2.72112826065017E-16,
0.455535951362466));
#2139=CARTESIAN_POINT('Ctrl Pts',(-2.22196984677111,3.5,0.455535951362466));
#2140=CARTESIAN_POINT('Ctrl Pts',(-2.21658988971416,-2.71453971346083E-16,
0.406483888904019));
#2141=CARTESIAN_POINT('Ctrl Pts',(-2.21658988971416,3.5,0.406483888904019));
#2142=CARTESIAN_POINT('Ctrl Pts',(-2.21933876763486,-2.71790611800766E-16,
0.370666242642592));
#2143=CARTESIAN_POINT('Ctrl Pts',(-2.21933876763486,3.5,0.370666242642592));
#2144=CARTESIAN_POINT('Ctrl Pts',(-2.22229876633906,-2.72153107094624E-16,
0.35197754634052));
#2145=CARTESIAN_POINT('Ctrl Pts',(-2.22229876633906,3.5,0.35197754634052));
#2146=CARTESIAN_POINT('',(-2.28253563910837,-2.79529996437382E-16,0.741640786499874));
#2147=CARTESIAN_POINT('Ctrl Pts',(-2.28253563910837,-2.79529996437382E-16,
0.741640786499874));
#2148=CARTESIAN_POINT('Ctrl Pts',(-2.28855267720932,-2.8026687108245E-16,
0.723122247394009));
#2149=CARTESIAN_POINT('Ctrl Pts',(-2.29671492210742,-2.81266457791282E-16,
0.687605913359014));
#2150=CARTESIAN_POINT('Ctrl Pts',(-2.29735458887394,-2.81344794377096E-16,
0.638888907855725));
#2151=CARTESIAN_POINT('Ctrl Pts',(-2.27936489097359,-2.79141691781967E-16,
0.581242756273876));
#2152=CARTESIAN_POINT('Ctrl Pts',(-2.24420662068301,-2.74836045464475E-16,
0.513418498506314));
#2153=CARTESIAN_POINT('Ctrl Pts',(-2.2219698467711,-2.72112826065017E-16,
0.455535951362466));
#2154=CARTESIAN_POINT('Ctrl Pts',(-2.21658988971416,-2.71453971346083E-16,
0.406483888904019));
#2155=CARTESIAN_POINT('Ctrl Pts',(-2.21933876763486,-2.71790611800766E-16,
0.370666242642592));
#2156=CARTESIAN_POINT('Ctrl Pts',(-2.22229876633906,-2.72153107094624E-16,
0.35197754634052));
#2157=CARTESIAN_POINT('',(-2.28253563910837,3.5,0.741640786499874));
#2158=CARTESIAN_POINT('',(-2.28253563910837,-2.79529996437382E-16,0.741640786499874));
#2159=CARTESIAN_POINT('Ctrl Pts',(-2.22229876633906,3.5,0.35197754634052));
#2160=CARTESIAN_POINT('Ctrl Pts',(-2.21933876763486,3.5,0.370666242642592));
#2161=CARTESIAN_POINT('Ctrl Pts',(-2.21658988971416,3.5,0.406483888904019));
#2162=CARTESIAN_POINT('Ctrl Pts',(-2.22196984677111,3.5,0.455535951362466));
#2163=CARTESIAN_POINT('Ctrl Pts',(-2.24420662068301,3.5,0.513418498506314));
#2164=CARTESIAN_POINT('Ctrl Pts',(-2.27936489097359,3.5,0.581242756273876));
#2165=CARTESIAN_POINT('Ctrl Pts',(-2.29735458887394,3.5,0.638888907855725));
#2166=CARTESIAN_POINT('Ctrl Pts',(-2.29671492210743,3.5,0.687605913359014));
#2167=CARTESIAN_POINT('Ctrl Pts',(-2.28855267720932,3.5,0.723122247394009));
#2168=CARTESIAN_POINT('Ctrl Pts',(-2.28253563910837,3.5,0.741640786499874));
#2169=CARTESIAN_POINT('Origin',(-4.28626379701574E-16,3.5,-8.89251363273419E-33));
#2170=CARTESIAN_POINT('',(-2.00476467942383,3.5,1.02147862441398));
#2171=CARTESIAN_POINT('Ctrl Pts',(-2.28253563910837,3.5,0.741640786499874));
#2172=CARTESIAN_POINT('Ctrl Pts',(-2.27651860100741,3.5,0.760159325605738));
#2173=CARTESIAN_POINT('Ctrl Pts',(-2.26224601848096,3.5,0.79369029059465));
#2174=CARTESIAN_POINT('Ctrl Pts',(-2.23412838239513,3.5,0.833479162653609));
#2175=CARTESIAN_POINT('Ctrl Pts',(-2.18569085331885,3.5,0.869541799824617));
#2176=CARTESIAN_POINT('Ctrl Pts',(-2.11738111669748,3.5,0.903747264216525));
#2177=CARTESIAN_POINT('Ctrl Pts',(-2.0653686811264,3.5,0.937504780769627));
#2178=CARTESIAN_POINT('Ctrl Pts',(-2.03218412553072,3.5,0.974026473491615));
#2179=CARTESIAN_POINT('Ctrl Pts',(-2.01335493023973,3.5,1.00461930791776));
#2180=CARTESIAN_POINT('Ctrl Pts',(-2.00476467942383,3.5,1.02147862441398));
#2181=CARTESIAN_POINT('',(-1.94164078649987,3.5,1.41068460550194));
#2182=CARTESIAN_POINT('Ctrl Pts',(-2.00476467942383,3.5,1.02147862441398));
#2183=CARTESIAN_POINT('Ctrl Pts',(-1.99617442860792,3.5,1.0383379409102));
#2184=CARTESIAN_POINT('Ctrl Pts',(-1.98249182895565,3.5,1.07155309679253));
#2185=CARTESIAN_POINT('Ctrl Pts',(-1.97245055126324,3.5,1.11986687859095));
#2186=CARTESIAN_POINT('Ctrl Pts',(-1.97571228924838,3.5,1.18178799327072));
#2187=CARTESIAN_POINT('Ctrl Pts',(-1.98819094302886,3.5,1.25715719859606));
#2188=CARTESIAN_POINT('Ctrl Pts',(-1.98748652194407,3.5,1.3175410690722));
#2189=CARTESIAN_POINT('Ctrl Pts',(-1.97182378008194,3.5,1.3636760267089));
#2190=CARTESIAN_POINT('Ctrl Pts',(-1.95308587308929,3.5,1.39493179524203));
#2191=CARTESIAN_POINT('Ctrl Pts',(-1.94164078649987,3.5,1.41068460550194));
#2192=CARTESIAN_POINT('',(-1.59099025766973,3.5,1.59099025766973));
#2193=CARTESIAN_POINT('Ctrl Pts',(-1.94164078649987,3.5,1.41068460550194));
#2194=CARTESIAN_POINT('Ctrl Pts',(-1.93019569991046,3.5,1.42643741576184));
#2195=CARTESIAN_POINT('Ctrl Pts',(-1.90626002927495,3.5,1.45391678795792));
#2196=CARTESIAN_POINT('Ctrl Pts',(-1.86722313059947,3.5,1.48306942661345));
#2197=CARTESIAN_POINT('Ctrl Pts',(-1.81001233519042,3.5,1.50239901303962));
#2198=CARTESIAN_POINT('Ctrl Pts',(-1.73447584525268,3.5,1.51382147334517));
#2199=CARTESIAN_POINT('Ctrl Pts',(-1.67457743317162,3.5,1.52985405292664));
#2200=CARTESIAN_POINT('Ctrl Pts',(-1.63173122161755,3.5,1.55433365514617));
#2201=CARTESIAN_POINT('Ctrl Pts',(-1.60436988699569,3.5,1.57761062834378));
#2202=CARTESIAN_POINT('Ctrl Pts',(-1.59099025766973,3.5,1.59099025766973));
#2203=CARTESIAN_POINT('',(-1.41068460550194,3.5,1.94164078649987));
#2204=CARTESIAN_POINT('Ctrl Pts',(-1.59099025766973,3.5,1.59099025766973));
#2205=CARTESIAN_POINT('Ctrl Pts',(-1.57761062834378,3.5,1.60436988699569));
#2206=CARTESIAN_POINT('Ctrl Pts',(-1.55433365514617,3.5,1.63173122161755));
#2207=CARTESIAN_POINT('Ctrl Pts',(-1.52985405292664,3.5,1.67457743317162));
#2208=CARTESIAN_POINT('Ctrl Pts',(-1.51382147334517,3.5,1.73447584525268));
#2209=CARTESIAN_POINT('Ctrl Pts',(-1.50239901303962,3.5,1.81001233519042));
#2210=CARTESIAN_POINT('Ctrl Pts',(-1.48306942661345,3.5,1.86722313059947));
#2211=CARTESIAN_POINT('Ctrl Pts',(-1.45391678795792,3.5,1.90626002927495));
#2212=CARTESIAN_POINT('Ctrl Pts',(-1.42643741576184,3.5,1.93019569991046));
#2213=CARTESIAN_POINT('Ctrl Pts',(-1.41068460550194,3.5,1.94164078649987));
#2214=CARTESIAN_POINT('',(-1.02147862441398,3.5,2.00476467942383));
#2215=CARTESIAN_POINT('Ctrl Pts',(-1.41068460550194,3.5,1.94164078649987));
#2216=CARTESIAN_POINT('Ctrl Pts',(-1.39493179524203,3.5,1.95308587308929));
#2217=CARTESIAN_POINT('Ctrl Pts',(-1.3636760267089,3.5,1.97182378008194));
#2218=CARTESIAN_POINT('Ctrl Pts',(-1.3175410690722,3.5,1.98748652194407));
#2219=CARTESIAN_POINT('Ctrl Pts',(-1.25715719859607,3.5,1.98819094302886));
#2220=CARTESIAN_POINT('Ctrl Pts',(-1.18178799327072,3.5,1.97571228924838));
#2221=CARTESIAN_POINT('Ctrl Pts',(-1.11986687859095,3.5,1.97245055126324));
#2222=CARTESIAN_POINT('Ctrl Pts',(-1.07155309679253,3.5,1.98249182895565));
#2223=CARTESIAN_POINT('Ctrl Pts',(-1.0383379409102,3.5,1.99617442860792));
#2224=CARTESIAN_POINT('Ctrl Pts',(-1.02147862441398,3.5,2.00476467942383));
#2225=CARTESIAN_POINT('',(-0.741640786499874,3.5,2.28253563910837));
#2226=CARTESIAN_POINT('Ctrl Pts',(-1.02147862441398,3.5,2.00476467942383));
#2227=CARTESIAN_POINT('Ctrl Pts',(-1.00461930791776,3.5,2.01335493023973));
#2228=CARTESIAN_POINT('Ctrl Pts',(-0.974026473491615,3.5,2.03218412553072));
#2229=CARTESIAN_POINT('Ctrl Pts',(-0.937504780769628,3.5,2.0653686811264));
#2230=CARTESIAN_POINT('Ctrl Pts',(-0.903747264216525,3.5,2.11738111669748));
#2231=CARTESIAN_POINT('Ctrl Pts',(-0.869541799824618,3.5,2.18569085331885));
#2232=CARTESIAN_POINT('Ctrl Pts',(-0.83347916265361,3.5,2.23412838239513));
#2233=CARTESIAN_POINT('Ctrl Pts',(-0.793690290594651,3.5,2.26224601848096));
#2234=CARTESIAN_POINT('Ctrl Pts',(-0.760159325605739,3.5,2.27651860100741));
#2235=CARTESIAN_POINT('Ctrl Pts',(-0.741640786499874,3.5,2.28253563910837));
#2236=CARTESIAN_POINT('',(-0.35197754634052,3.5,2.22229876633906));
#2237=CARTESIAN_POINT('Ctrl Pts',(-0.741640786499874,3.5,2.28253563910837));
#2238=CARTESIAN_POINT('Ctrl Pts',(-0.72312224739401,3.5,2.28855267720932));
#2239=CARTESIAN_POINT('Ctrl Pts',(-0.687605913359014,3.5,2.29671492210742));
#2240=CARTESIAN_POINT('Ctrl Pts',(-0.638888907855725,3.5,2.29735458887394));
#2241=CARTESIAN_POINT('Ctrl Pts',(-0.581242756273876,3.5,2.27936489097359));
#2242=CARTESIAN_POINT('Ctrl Pts',(-0.513418498506314,3.5,2.24420662068301));
#2243=CARTESIAN_POINT('Ctrl Pts',(-0.455535951362466,3.5,2.2219698467711));
#2244=CARTESIAN_POINT('Ctrl Pts',(-0.406483888904019,3.5,2.21658988971416));
#2245=CARTESIAN_POINT('Ctrl Pts',(-0.370666242642592,3.5,2.21933876763486));
#2246=CARTESIAN_POINT('Ctrl Pts',(-0.35197754634052,3.5,2.22229876633906));
#2247=CARTESIAN_POINT('',(-4.0642191920907E-16,3.5,2.4));
#2248=CARTESIAN_POINT('Ctrl Pts',(-0.35197754634052,3.5,2.22229876633906));
#2249=CARTESIAN_POINT('Ctrl Pts',(-0.333288850038447,3.5,2.22525876504326));
#2250=CARTESIAN_POINT('Ctrl Pts',(-0.298374794170205,3.5,2.23371268817757));
#2251=CARTESIAN_POINT('Ctrl Pts',(-0.253386008690985,3.5,2.25398725230276));
#2252=CARTESIAN_POINT('Ctrl Pts',(-0.205207976088918,3.5,2.29302237177822));
#2253=CARTESIAN_POINT('Ctrl Pts',(-0.151567776788814,3.5,2.34741872212079));
#2254=CARTESIAN_POINT('Ctrl Pts',(-0.102302151062438,3.5,2.3823415820342));
#2255=CARTESIAN_POINT('Ctrl Pts',(-0.055771857622557,3.5,2.39678760540323));
#2256=CARTESIAN_POINT('Ctrl Pts',(-0.0194715443178961,3.5,2.4));
#2257=CARTESIAN_POINT('Ctrl Pts',(-5.20660583828602E-16,3.5,2.4));
#2258=CARTESIAN_POINT('',(0.351977546340519,3.5,2.22229876633906));
#2259=CARTESIAN_POINT('Ctrl Pts',(-4.0642191920907E-16,3.5,2.4));
#2260=CARTESIAN_POINT('Ctrl Pts',(0.0194715443178951,3.5,2.4));
#2261=CARTESIAN_POINT('Ctrl Pts',(0.055771857622556,3.5,2.39678760540322));
#2262=CARTESIAN_POINT('Ctrl Pts',(0.102302151062437,3.5,2.3823415820342));
#2263=CARTESIAN_POINT('Ctrl Pts',(0.151567776788813,3.5,2.34741872212079));
#2264=CARTESIAN_POINT('Ctrl Pts',(0.205207976088918,3.5,2.29302237177822));
#2265=CARTESIAN_POINT('Ctrl Pts',(0.253386008690984,3.5,2.25398725230276));
#2266=CARTESIAN_POINT('Ctrl Pts',(0.298374794170204,3.5,2.23371268817757));
#2267=CARTESIAN_POINT('Ctrl Pts',(0.333288850038447,3.5,2.22525876504326));
#2268=CARTESIAN_POINT('Ctrl Pts',(0.351977546340519,3.5,2.22229876633906));
#2269=CARTESIAN_POINT('',(0.741640786499873,3.5,2.28253563910837));
#2270=CARTESIAN_POINT('Ctrl Pts',(0.351977546340519,3.5,2.22229876633906));
#2271=CARTESIAN_POINT('Ctrl Pts',(0.370666242642591,3.5,2.21933876763486));
#2272=CARTESIAN_POINT('Ctrl Pts',(0.406483888904018,3.5,2.21658988971416));
#2273=CARTESIAN_POINT('Ctrl Pts',(0.455535951362465,3.5,2.2219698467711));
#2274=CARTESIAN_POINT('Ctrl Pts',(0.513418498506313,3.5,2.24420662068301));
#2275=CARTESIAN_POINT('Ctrl Pts',(0.581242756273876,3.5,2.27936489097359));
#2276=CARTESIAN_POINT('Ctrl Pts',(0.638888907855724,3.5,2.29735458887394));
#2277=CARTESIAN_POINT('Ctrl Pts',(0.687605913359014,3.5,2.29671492210742));
#2278=CARTESIAN_POINT('Ctrl Pts',(0.723122247394009,3.5,2.28855267720932));
#2279=CARTESIAN_POINT('Ctrl Pts',(0.741640786499873,3.5,2.28253563910837));
#2280=CARTESIAN_POINT('',(1.02147862441398,3.5,2.00476467942383));
#2281=CARTESIAN_POINT('Ctrl Pts',(0.741640786499873,3.5,2.28253563910837));
#2282=CARTESIAN_POINT('Ctrl Pts',(0.760159325605738,3.5,2.27651860100741));
#2283=CARTESIAN_POINT('Ctrl Pts',(0.79369029059465,3.5,2.26224601848096));
#2284=CARTESIAN_POINT('Ctrl Pts',(0.833479162653609,3.5,2.23412838239513));
#2285=CARTESIAN_POINT('Ctrl Pts',(0.869541799824617,3.5,2.18569085331885));
#2286=CARTESIAN_POINT('Ctrl Pts',(0.903747264216524,3.5,2.11738111669748));
#2287=CARTESIAN_POINT('Ctrl Pts',(0.937504780769627,3.5,2.0653686811264));
#2288=CARTESIAN_POINT('Ctrl Pts',(0.974026473491615,3.5,2.03218412553072));
#2289=CARTESIAN_POINT('Ctrl Pts',(1.00461930791776,3.5,2.01335493023973));
#2290=CARTESIAN_POINT('Ctrl Pts',(1.02147862441398,3.5,2.00476467942383));
#2291=CARTESIAN_POINT('',(1.41068460550193,3.5,1.94164078649987));
#2292=CARTESIAN_POINT('Ctrl Pts',(1.02147862441398,3.5,2.00476467942383));
#2293=CARTESIAN_POINT('Ctrl Pts',(1.0383379409102,3.5,1.99617442860792));
#2294=CARTESIAN_POINT('Ctrl Pts',(1.07155309679253,3.5,1.98249182895565));
#2295=CARTESIAN_POINT('Ctrl Pts',(1.11986687859095,3.5,1.97245055126324));
#2296=CARTESIAN_POINT('Ctrl Pts',(1.18178799327072,3.5,1.97571228924838));
#2297=CARTESIAN_POINT('Ctrl Pts',(1.25715719859606,3.5,1.98819094302886));
#2298=CARTESIAN_POINT('Ctrl Pts',(1.3175410690722,3.5,1.98748652194407));
#2299=CARTESIAN_POINT('Ctrl Pts',(1.3636760267089,3.5,1.97182378008194));
#2300=CARTESIAN_POINT('Ctrl Pts',(1.39493179524203,3.5,1.95308587308929));
#2301=CARTESIAN_POINT('Ctrl Pts',(1.41068460550193,3.5,1.94164078649987));
#2302=CARTESIAN_POINT('',(1.59099025766973,3.5,1.59099025766973));
#2303=CARTESIAN_POINT('Ctrl Pts',(1.41068460550193,3.5,1.94164078649987));
#2304=CARTESIAN_POINT('Ctrl Pts',(1.42643741576184,3.5,1.93019569991046));
#2305=CARTESIAN_POINT('Ctrl Pts',(1.45391678795791,3.5,1.90626002927495));
#2306=CARTESIAN_POINT('Ctrl Pts',(1.48306942661345,3.5,1.86722313059947));
#2307=CARTESIAN_POINT('Ctrl Pts',(1.50239901303962,3.5,1.81001233519042));
#2308=CARTESIAN_POINT('Ctrl Pts',(1.51382147334517,3.5,1.73447584525268));
#2309=CARTESIAN_POINT('Ctrl Pts',(1.52985405292664,3.5,1.67457743317162));
#2310=CARTESIAN_POINT('Ctrl Pts',(1.55433365514617,3.5,1.63173122161755));
#2311=CARTESIAN_POINT('Ctrl Pts',(1.57761062834378,3.5,1.60436988699569));
#2312=CARTESIAN_POINT('Ctrl Pts',(1.59099025766973,3.5,1.59099025766973));
#2313=CARTESIAN_POINT('',(1.94164078649987,3.5,1.41068460550194));
#2314=CARTESIAN_POINT('Ctrl Pts',(1.59099025766973,3.5,1.59099025766973));
#2315=CARTESIAN_POINT('Ctrl Pts',(1.60436988699569,3.5,1.57761062834378));
#2316=CARTESIAN_POINT('Ctrl Pts',(1.63173122161755,3.5,1.55433365514617));
#2317=CARTESIAN_POINT('Ctrl Pts',(1.67457743317162,3.5,1.52985405292664));
#2318=CARTESIAN_POINT('Ctrl Pts',(1.73447584525268,3.5,1.51382147334517));
#2319=CARTESIAN_POINT('Ctrl Pts',(1.81001233519042,3.5,1.50239901303962));
#2320=CARTESIAN_POINT('Ctrl Pts',(1.86722313059947,3.5,1.48306942661345));
#2321=CARTESIAN_POINT('Ctrl Pts',(1.90626002927495,3.5,1.45391678795792));
#2322=CARTESIAN_POINT('Ctrl Pts',(1.93019569991046,3.5,1.42643741576184));
#2323=CARTESIAN_POINT('Ctrl Pts',(1.94164078649987,3.5,1.41068460550194));
#2324=CARTESIAN_POINT('',(2.00476467942383,3.5,1.02147862441398));
#2325=CARTESIAN_POINT('Ctrl Pts',(1.94164078649987,3.5,1.41068460550194));
#2326=CARTESIAN_POINT('Ctrl Pts',(1.95308587308929,3.5,1.39493179524203));
#2327=CARTESIAN_POINT('Ctrl Pts',(1.97182378008194,3.5,1.3636760267089));
#2328=CARTESIAN_POINT('Ctrl Pts',(1.98748652194407,3.5,1.3175410690722));
#2329=CARTESIAN_POINT('Ctrl Pts',(1.98819094302886,3.5,1.25715719859607));
#2330=CARTESIAN_POINT('Ctrl Pts',(1.97571228924838,3.5,1.18178799327072));
#2331=CARTESIAN_POINT('Ctrl Pts',(1.97245055126324,3.5,1.11986687859095));
#2332=CARTESIAN_POINT('Ctrl Pts',(1.98249182895565,3.5,1.07155309679253));
#2333=CARTESIAN_POINT('Ctrl Pts',(1.99617442860792,3.5,1.0383379409102));
#2334=CARTESIAN_POINT('Ctrl Pts',(2.00476467942383,3.5,1.02147862441398));
#2335=CARTESIAN_POINT('',(2.28253563910837,3.5,0.741640786499874));
#2336=CARTESIAN_POINT('Ctrl Pts',(2.00476467942383,3.5,1.02147862441398));
#2337=CARTESIAN_POINT('Ctrl Pts',(2.01335493023973,3.5,1.00461930791776));
#2338=CARTESIAN_POINT('Ctrl Pts',(2.03218412553072,3.5,0.974026473491615));
#2339=CARTESIAN_POINT('Ctrl Pts',(2.0653686811264,3.5,0.937504780769627));
#2340=CARTESIAN_POINT('Ctrl Pts',(2.11738111669748,3.5,0.903747264216525));
#2341=CARTESIAN_POINT('Ctrl Pts',(2.18569085331885,3.5,0.869541799824618));
#2342=CARTESIAN_POINT('Ctrl Pts',(2.23412838239513,3.5,0.83347916265361));
#2343=CARTESIAN_POINT('Ctrl Pts',(2.26224601848096,3.5,0.79369029059465));
#2344=CARTESIAN_POINT('Ctrl Pts',(2.27651860100741,3.5,0.760159325605738));
#2345=CARTESIAN_POINT('Ctrl Pts',(2.28253563910837,3.5,0.741640786499874));
#2346=CARTESIAN_POINT('',(2.22229876633906,3.5,0.35197754634052));
#2347=CARTESIAN_POINT('Ctrl Pts',(2.28253563910837,3.5,0.741640786499874));
#2348=CARTESIAN_POINT('Ctrl Pts',(2.28855267720932,3.5,0.723122247394009));
#2349=CARTESIAN_POINT('Ctrl Pts',(2.29671492210742,3.5,0.687605913359014));
#2350=CARTESIAN_POINT('Ctrl Pts',(2.29735458887394,3.5,0.638888907855725));
#2351=CARTESIAN_POINT('Ctrl Pts',(2.27936489097359,3.5,0.581242756273876));
#2352=CARTESIAN_POINT('Ctrl Pts',(2.24420662068301,3.5,0.513418498506313));
#2353=CARTESIAN_POINT('Ctrl Pts',(2.2219698467711,3.5,0.455535951362465));
#2354=CARTESIAN_POINT('Ctrl Pts',(2.21658988971416,3.5,0.406483888904018));
#2355=CARTESIAN_POINT('Ctrl Pts',(2.21933876763486,3.5,0.370666242642592));
#2356=CARTESIAN_POINT('Ctrl Pts',(2.22229876633906,3.5,0.35197754634052));
#2357=CARTESIAN_POINT('',(2.4,3.5,1.16573417585641E-16));
#2358=CARTESIAN_POINT('Ctrl Pts',(2.22229876633906,3.5,0.351977546340519));
#2359=CARTESIAN_POINT('Ctrl Pts',(2.22525876504326,3.5,0.333288850038447));
#2360=CARTESIAN_POINT('Ctrl Pts',(2.23371268817757,3.5,0.298374794170205));
#2361=CARTESIAN_POINT('Ctrl Pts',(2.25398725230276,3.5,0.253386008690984));
#2362=CARTESIAN_POINT('Ctrl Pts',(2.29302237177822,3.5,0.205207976088918));
#2363=CARTESIAN_POINT('Ctrl Pts',(2.34741872212079,3.5,0.151567776788814));
#2364=CARTESIAN_POINT('Ctrl Pts',(2.3823415820342,3.5,0.102302151062438));
#2365=CARTESIAN_POINT('Ctrl Pts',(2.39678760540322,3.5,0.0557718576225567));
#2366=CARTESIAN_POINT('Ctrl Pts',(2.4,3.5,0.0194715443178958));
#2367=CARTESIAN_POINT('Ctrl Pts',(2.4,3.5,2.3899182002471E-16));
#2368=CARTESIAN_POINT('',(2.22229876633906,3.5,-0.351977546340519));
#2369=CARTESIAN_POINT('Ctrl Pts',(2.4,3.5,1.16573417585641E-16));
#2370=CARTESIAN_POINT('Ctrl Pts',(2.4,3.5,-0.0194715443178954));
#2371=CARTESIAN_POINT('Ctrl Pts',(2.39678760540322,3.5,-0.0557718576225563));
#2372=CARTESIAN_POINT('Ctrl Pts',(2.3823415820342,3.5,-0.102302151062437));
#2373=CARTESIAN_POINT('Ctrl Pts',(2.34741872212079,3.5,-0.151567776788814));
#2374=CARTESIAN_POINT('Ctrl Pts',(2.29302237177822,3.5,-0.205207976088918));
#2375=CARTESIAN_POINT('Ctrl Pts',(2.25398725230276,3.5,-0.253386008690984));
#2376=CARTESIAN_POINT('Ctrl Pts',(2.23371268817757,3.5,-0.298374794170204));
#2377=CARTESIAN_POINT('Ctrl Pts',(2.22525876504326,3.5,-0.333288850038447));
#2378=CARTESIAN_POINT('Ctrl Pts',(2.22229876633906,3.5,-0.351977546340519));
#2379=CARTESIAN_POINT('',(2.28253563910837,3.5,-0.741640786499874));
#2380=CARTESIAN_POINT('Ctrl Pts',(2.22229876633906,3.5,-0.351977546340519));
#2381=CARTESIAN_POINT('Ctrl Pts',(2.21933876763486,3.5,-0.370666242642592));
#2382=CARTESIAN_POINT('Ctrl Pts',(2.21658988971416,3.5,-0.406483888904018));
#2383=CARTESIAN_POINT('Ctrl Pts',(2.2219698467711,3.5,-0.455535951362465));
#2384=CARTESIAN_POINT('Ctrl Pts',(2.24420662068301,3.5,-0.513418498506313));
#2385=CARTESIAN_POINT('Ctrl Pts',(2.27936489097359,3.5,-0.581242756273876));
#2386=CARTESIAN_POINT('Ctrl Pts',(2.29735458887394,3.5,-0.638888907855725));
#2387=CARTESIAN_POINT('Ctrl Pts',(2.29671492210742,3.5,-0.687605913359014));
#2388=CARTESIAN_POINT('Ctrl Pts',(2.28855267720932,3.5,-0.723122247394009));
#2389=CARTESIAN_POINT('Ctrl Pts',(2.28253563910837,3.5,-0.741640786499874));
#2390=CARTESIAN_POINT('',(2.00476467942383,3.5,-1.02147862441398));
#2391=CARTESIAN_POINT('Ctrl Pts',(2.28253563910837,3.5,-0.741640786499874));
#2392=CARTESIAN_POINT('Ctrl Pts',(2.27651860100741,3.5,-0.760159325605738));
#2393=CARTESIAN_POINT('Ctrl Pts',(2.26224601848096,3.5,-0.79369029059465));
#2394=CARTESIAN_POINT('Ctrl Pts',(2.23412838239513,3.5,-0.833479162653609));
#2395=CARTESIAN_POINT('Ctrl Pts',(2.18569085331885,3.5,-0.869541799824617));
#2396=CARTESIAN_POINT('Ctrl Pts',(2.11738111669748,3.5,-0.903747264216525));
#2397=CARTESIAN_POINT('Ctrl Pts',(2.0653686811264,3.5,-0.937504780769627));
#2398=CARTESIAN_POINT('Ctrl Pts',(2.03218412553072,3.5,-0.974026473491615));
#2399=CARTESIAN_POINT('Ctrl Pts',(2.01335493023973,3.5,-1.00461930791776));
#2400=CARTESIAN_POINT('Ctrl Pts',(2.00476467942383,3.5,-1.02147862441398));
#2401=CARTESIAN_POINT('',(1.94164078649987,3.5,-1.41068460550194));
#2402=CARTESIAN_POINT('Ctrl Pts',(2.00476467942383,3.5,-1.02147862441398));
#2403=CARTESIAN_POINT('Ctrl Pts',(1.99617442860792,3.5,-1.0383379409102));
#2404=CARTESIAN_POINT('Ctrl Pts',(1.98249182895565,3.5,-1.07155309679253));
#2405=CARTESIAN_POINT('Ctrl Pts',(1.97245055126324,3.5,-1.11986687859095));
#2406=CARTESIAN_POINT('Ctrl Pts',(1.97571228924838,3.5,-1.18178799327072));
#2407=CARTESIAN_POINT('Ctrl Pts',(1.98819094302886,3.5,-1.25715719859606));
#2408=CARTESIAN_POINT('Ctrl Pts',(1.98748652194407,3.5,-1.3175410690722));
#2409=CARTESIAN_POINT('Ctrl Pts',(1.97182378008194,3.5,-1.3636760267089));
#2410=CARTESIAN_POINT('Ctrl Pts',(1.95308587308929,3.5,-1.39493179524203));
#2411=CARTESIAN_POINT('Ctrl Pts',(1.94164078649987,3.5,-1.41068460550194));
#2412=CARTESIAN_POINT('',(1.59099025766973,3.5,-1.59099025766973));
#2413=CARTESIAN_POINT('Ctrl Pts',(1.94164078649987,3.5,-1.41068460550194));
#2414=CARTESIAN_POINT('Ctrl Pts',(1.93019569991045,3.5,-1.42643741576184));
#2415=CARTESIAN_POINT('Ctrl Pts',(1.90626002927495,3.5,-1.45391678795792));
#2416=CARTESIAN_POINT('Ctrl Pts',(1.86722313059947,3.5,-1.48306942661345));
#2417=CARTESIAN_POINT('Ctrl Pts',(1.81001233519042,3.5,-1.50239901303962));
#2418=CARTESIAN_POINT('Ctrl Pts',(1.73447584525268,3.5,-1.51382147334517));
#2419=CARTESIAN_POINT('Ctrl Pts',(1.67457743317162,3.5,-1.52985405292664));
#2420=CARTESIAN_POINT('Ctrl Pts',(1.63173122161755,3.5,-1.55433365514617));
#2421=CARTESIAN_POINT('Ctrl Pts',(1.60436988699569,3.5,-1.57761062834378));
#2422=CARTESIAN_POINT('Ctrl Pts',(1.59099025766973,3.5,-1.59099025766973));
#2423=CARTESIAN_POINT('',(1.41068460550193,3.5,-1.94164078649987));
#2424=CARTESIAN_POINT('Ctrl Pts',(1.59099025766973,3.5,-1.59099025766973));
#2425=CARTESIAN_POINT('Ctrl Pts',(1.57761062834378,3.5,-1.60436988699569));
#2426=CARTESIAN_POINT('Ctrl Pts',(1.55433365514617,3.5,-1.63173122161755));
#2427=CARTESIAN_POINT('Ctrl Pts',(1.52985405292664,3.5,-1.67457743317162));
#2428=CARTESIAN_POINT('Ctrl Pts',(1.51382147334517,3.5,-1.73447584525268));
#2429=CARTESIAN_POINT('Ctrl Pts',(1.50239901303962,3.5,-1.81001233519042));
#2430=CARTESIAN_POINT('Ctrl Pts',(1.48306942661345,3.5,-1.86722313059947));
#2431=CARTESIAN_POINT('Ctrl Pts',(1.45391678795792,3.5,-1.90626002927495));
#2432=CARTESIAN_POINT('Ctrl Pts',(1.42643741576184,3.5,-1.93019569991046));
#2433=CARTESIAN_POINT('Ctrl Pts',(1.41068460550194,3.5,-1.94164078649987));
#2434=CARTESIAN_POINT('',(1.02147862441398,3.5,-2.00476467942383));
#2435=CARTESIAN_POINT('Ctrl Pts',(1.41068460550193,3.5,-1.94164078649987));
#2436=CARTESIAN_POINT('Ctrl Pts',(1.39493179524203,3.5,-1.95308587308929));
#2437=CARTESIAN_POINT('Ctrl Pts',(1.3636760267089,3.5,-1.97182378008194));
#2438=CARTESIAN_POINT('Ctrl Pts',(1.3175410690722,3.5,-1.98748652194407));
#2439=CARTESIAN_POINT('Ctrl Pts',(1.25715719859606,3.5,-1.98819094302886));
#2440=CARTESIAN_POINT('Ctrl Pts',(1.18178799327072,3.5,-1.97571228924838));
#2441=CARTESIAN_POINT('Ctrl Pts',(1.11986687859095,3.5,-1.97245055126324));
#2442=CARTESIAN_POINT('Ctrl Pts',(1.07155309679253,3.5,-1.98249182895565));
#2443=CARTESIAN_POINT('Ctrl Pts',(1.0383379409102,3.5,-1.99617442860792));
#2444=CARTESIAN_POINT('Ctrl Pts',(1.02147862441398,3.5,-2.00476467942383));
#2445=CARTESIAN_POINT('',(0.741640786499873,3.5,-2.28253563910837));
#2446=CARTESIAN_POINT('Ctrl Pts',(1.02147862441398,3.5,-2.00476467942383));
#2447=CARTESIAN_POINT('Ctrl Pts',(1.00461930791776,3.5,-2.01335493023973));
#2448=CARTESIAN_POINT('Ctrl Pts',(0.974026473491615,3.5,-2.03218412553072));
#2449=CARTESIAN_POINT('Ctrl Pts',(0.937504780769627,3.5,-2.0653686811264));
#2450=CARTESIAN_POINT('Ctrl Pts',(0.903747264216525,3.5,-2.11738111669748));
#2451=CARTESIAN_POINT('Ctrl Pts',(0.869541799824617,3.5,-2.18569085331885));
#2452=CARTESIAN_POINT('Ctrl Pts',(0.833479162653609,3.5,-2.23412838239513));
#2453=CARTESIAN_POINT('Ctrl Pts',(0.79369029059465,3.5,-2.26224601848096));
#2454=CARTESIAN_POINT('Ctrl Pts',(0.760159325605738,3.5,-2.27651860100741));
#2455=CARTESIAN_POINT('Ctrl Pts',(0.741640786499874,3.5,-2.28253563910837));
#2456=CARTESIAN_POINT('',(0.351977546340519,3.5,-2.22229876633906));
#2457=CARTESIAN_POINT('Ctrl Pts',(0.741640786499873,3.5,-2.28253563910837));
#2458=CARTESIAN_POINT('Ctrl Pts',(0.723122247394009,3.5,-2.28855267720932));
#2459=CARTESIAN_POINT('Ctrl Pts',(0.687605913359014,3.5,-2.29671492210742));
#2460=CARTESIAN_POINT('Ctrl Pts',(0.638888907855725,3.5,-2.29735458887394));
#2461=CARTESIAN_POINT('Ctrl Pts',(0.581242756273876,3.5,-2.27936489097359));
#2462=CARTESIAN_POINT('Ctrl Pts',(0.513418498506313,3.5,-2.24420662068301));
#2463=CARTESIAN_POINT('Ctrl Pts',(0.455535951362465,3.5,-2.2219698467711));
#2464=CARTESIAN_POINT('Ctrl Pts',(0.406483888904018,3.5,-2.21658988971416));
#2465=CARTESIAN_POINT('Ctrl Pts',(0.370666242642591,3.5,-2.21933876763486));
#2466=CARTESIAN_POINT('Ctrl Pts',(0.351977546340519,3.5,-2.22229876633906));
#2467=CARTESIAN_POINT('',(-1.73275084037788E-16,3.5,-2.4));
#2468=CARTESIAN_POINT('Ctrl Pts',(0.351977546340519,3.5,-2.22229876633906));
#2469=CARTESIAN_POINT('Ctrl Pts',(0.333288850038447,3.5,-2.22525876504326));
#2470=CARTESIAN_POINT('Ctrl Pts',(0.298374794170204,3.5,-2.23371268817757));
#2471=CARTESIAN_POINT('Ctrl Pts',(0.253386008690984,3.5,-2.25398725230276));
#2472=CARTESIAN_POINT('Ctrl Pts',(0.205207976088918,3.5,-2.29302237177822));
#2473=CARTESIAN_POINT('Ctrl Pts',(0.151567776788814,3.5,-2.34741872212079));
#2474=CARTESIAN_POINT('Ctrl Pts',(0.102302151062437,3.5,-2.3823415820342));
#2475=CARTESIAN_POINT('Ctrl Pts',(0.0557718576225565,3.5,-2.39678760540323));
#2476=CARTESIAN_POINT('Ctrl Pts',(0.0194715443178955,3.5,-2.4));
#2477=CARTESIAN_POINT('Ctrl Pts',(-4.2676943779181E-17,3.5,-2.4));
#2478=CARTESIAN_POINT('',(-0.35197754634052,3.5,-2.22229876633906));
#2479=CARTESIAN_POINT('Ctrl Pts',(-1.73275084037788E-16,3.5,-2.4));
#2480=CARTESIAN_POINT('Ctrl Pts',(-0.0194715443178959,3.5,-2.4));
#2481=CARTESIAN_POINT('Ctrl Pts',(-0.0557718576225568,3.5,-2.39678760540323));
#2482=CARTESIAN_POINT('Ctrl Pts',(-0.102302151062438,3.5,-2.3823415820342));
#2483=CARTESIAN_POINT('Ctrl Pts',(-0.151567776788814,3.5,-2.34741872212079));
#2484=CARTESIAN_POINT('Ctrl Pts',(-0.205207976088918,3.5,-2.29302237177822));
#2485=CARTESIAN_POINT('Ctrl Pts',(-0.253386008690985,3.5,-2.25398725230276));
#2486=CARTESIAN_POINT('Ctrl Pts',(-0.298374794170205,3.5,-2.23371268817757));
#2487=CARTESIAN_POINT('Ctrl Pts',(-0.333288850038447,3.5,-2.22525876504326));
#2488=CARTESIAN_POINT('Ctrl Pts',(-0.35197754634052,3.5,-2.22229876633906));
#2489=CARTESIAN_POINT('',(-0.741640786499874,3.5,-2.28253563910837));
#2490=CARTESIAN_POINT('Ctrl Pts',(-0.35197754634052,3.5,-2.22229876633906));
#2491=CARTESIAN_POINT('Ctrl Pts',(-0.370666242642592,3.5,-2.21933876763486));
#2492=CARTESIAN_POINT('Ctrl Pts',(-0.406483888904019,3.5,-2.21658988971416));
#2493=CARTESIAN_POINT('Ctrl Pts',(-0.455535951362466,3.5,-2.2219698467711));
#2494=CARTESIAN_POINT('Ctrl Pts',(-0.513418498506314,3.5,-2.24420662068301));
#2495=CARTESIAN_POINT('Ctrl Pts',(-0.581242756273876,3.5,-2.27936489097359));
#2496=CARTESIAN_POINT('Ctrl Pts',(-0.638888907855725,3.5,-2.29735458887394));
#2497=CARTESIAN_POINT('Ctrl Pts',(-0.687605913359014,3.5,-2.29671492210743));
#2498=CARTESIAN_POINT('Ctrl Pts',(-0.72312224739401,3.5,-2.28855267720932));
#2499=CARTESIAN_POINT('Ctrl Pts',(-0.741640786499874,3.5,-2.28253563910837));
#2500=CARTESIAN_POINT('',(-1.02147862441398,3.5,-2.00476467942383));
#2501=CARTESIAN_POINT('Ctrl Pts',(-0.741640786499874,3.5,-2.28253563910837));
#2502=CARTESIAN_POINT('Ctrl Pts',(-0.760159325605738,3.5,-2.27651860100741));
#2503=CARTESIAN_POINT('Ctrl Pts',(-0.79369029059465,3.5,-2.26224601848096));
#2504=CARTESIAN_POINT('Ctrl Pts',(-0.83347916265361,3.5,-2.23412838239513));
#2505=CARTESIAN_POINT('Ctrl Pts',(-0.869541799824618,3.5,-2.18569085331885));
#2506=CARTESIAN_POINT('Ctrl Pts',(-0.903747264216525,3.5,-2.11738111669748));
#2507=CARTESIAN_POINT('Ctrl Pts',(-0.937504780769628,3.5,-2.0653686811264));
#2508=CARTESIAN_POINT('Ctrl Pts',(-0.974026473491615,3.5,-2.03218412553072));
#2509=CARTESIAN_POINT('Ctrl Pts',(-1.00461930791776,3.5,-2.01335493023973));
#2510=CARTESIAN_POINT('Ctrl Pts',(-1.02147862441398,3.5,-2.00476467942383));
#2511=CARTESIAN_POINT('',(-1.41068460550194,3.5,-1.94164078649987));
#2512=CARTESIAN_POINT('Ctrl Pts',(-1.02147862441398,3.5,-2.00476467942383));
#2513=CARTESIAN_POINT('Ctrl Pts',(-1.0383379409102,3.5,-1.99617442860792));
#2514=CARTESIAN_POINT('Ctrl Pts',(-1.07155309679253,3.5,-1.98249182895565));
#2515=CARTESIAN_POINT('Ctrl Pts',(-1.11986687859095,3.5,-1.97245055126324));
#2516=CARTESIAN_POINT('Ctrl Pts',(-1.18178799327072,3.5,-1.97571228924838));
#2517=CARTESIAN_POINT('Ctrl Pts',(-1.25715719859607,3.5,-1.98819094302886));
#2518=CARTESIAN_POINT('Ctrl Pts',(-1.3175410690722,3.5,-1.98748652194407));
#2519=CARTESIAN_POINT('Ctrl Pts',(-1.3636760267089,3.5,-1.97182378008194));
#2520=CARTESIAN_POINT('Ctrl Pts',(-1.39493179524203,3.5,-1.95308587308929));
#2521=CARTESIAN_POINT('Ctrl Pts',(-1.41068460550194,3.5,-1.94164078649987));
#2522=CARTESIAN_POINT('',(-1.59099025766973,3.5,-1.59099025766973));
#2523=CARTESIAN_POINT('Ctrl Pts',(-1.41068460550194,3.5,-1.94164078649987));
#2524=CARTESIAN_POINT('Ctrl Pts',(-1.42643741576184,3.5,-1.93019569991046));
#2525=CARTESIAN_POINT('Ctrl Pts',(-1.45391678795792,3.5,-1.90626002927495));
#2526=CARTESIAN_POINT('Ctrl Pts',(-1.48306942661345,3.5,-1.86722313059947));
#2527=CARTESIAN_POINT('Ctrl Pts',(-1.50239901303962,3.5,-1.81001233519042));
#2528=CARTESIAN_POINT('Ctrl Pts',(-1.51382147334517,3.5,-1.73447584525268));
#2529=CARTESIAN_POINT('Ctrl Pts',(-1.52985405292664,3.5,-1.67457743317162));
#2530=CARTESIAN_POINT('Ctrl Pts',(-1.55433365514617,3.5,-1.63173122161755));
#2531=CARTESIAN_POINT('Ctrl Pts',(-1.57761062834378,3.5,-1.60436988699569));
#2532=CARTESIAN_POINT('Ctrl Pts',(-1.59099025766973,3.5,-1.59099025766973));
#2533=CARTESIAN_POINT('',(-1.94164078649987,3.5,-1.41068460550194));
#2534=CARTESIAN_POINT('Ctrl Pts',(-1.59099025766973,3.5,-1.59099025766973));
#2535=CARTESIAN_POINT('Ctrl Pts',(-1.60436988699569,3.5,-1.57761062834378));
#2536=CARTESIAN_POINT('Ctrl Pts',(-1.63173122161755,3.5,-1.55433365514617));
#2537=CARTESIAN_POINT('Ctrl Pts',(-1.67457743317162,3.5,-1.52985405292664));
#2538=CARTESIAN_POINT('Ctrl Pts',(-1.73447584525268,3.5,-1.51382147334517));
#2539=CARTESIAN_POINT('Ctrl Pts',(-1.81001233519042,3.5,-1.50239901303962));
#2540=CARTESIAN_POINT('Ctrl Pts',(-1.86722313059947,3.5,-1.48306942661345));
#2541=CARTESIAN_POINT('Ctrl Pts',(-1.90626002927495,3.5,-1.45391678795792));
#2542=CARTESIAN_POINT('Ctrl Pts',(-1.93019569991046,3.5,-1.42643741576184));
#2543=CARTESIAN_POINT('Ctrl Pts',(-1.94164078649987,3.5,-1.41068460550194));
#2544=CARTESIAN_POINT('',(-2.00476467942383,3.5,-1.02147862441398));
#2545=CARTESIAN_POINT('Ctrl Pts',(-1.94164078649987,3.5,-1.41068460550194));
#2546=CARTESIAN_POINT('Ctrl Pts',(-1.95308587308929,3.5,-1.39493179524203));
#2547=CARTESIAN_POINT('Ctrl Pts',(-1.97182378008194,3.5,-1.3636760267089));
#2548=CARTESIAN_POINT('Ctrl Pts',(-1.98748652194407,3.5,-1.3175410690722));
#2549=CARTESIAN_POINT('Ctrl Pts',(-1.98819094302886,3.5,-1.25715719859607));
#2550=CARTESIAN_POINT('Ctrl Pts',(-1.97571228924838,3.5,-1.18178799327072));
#2551=CARTESIAN_POINT('Ctrl Pts',(-1.97245055126324,3.5,-1.11986687859095));
#2552=CARTESIAN_POINT('Ctrl Pts',(-1.98249182895565,3.5,-1.07155309679253));
#2553=CARTESIAN_POINT('Ctrl Pts',(-1.99617442860792,3.5,-1.0383379409102));
#2554=CARTESIAN_POINT('Ctrl Pts',(-2.00476467942383,3.5,-1.02147862441398));
#2555=CARTESIAN_POINT('',(-2.28253563910837,3.5,-0.741640786499874));
#2556=CARTESIAN_POINT('Ctrl Pts',(-2.00476467942383,3.5,-1.02147862441398));
#2557=CARTESIAN_POINT('Ctrl Pts',(-2.01335493023973,3.5,-1.00461930791776));
#2558=CARTESIAN_POINT('Ctrl Pts',(-2.03218412553072,3.5,-0.974026473491615));
#2559=CARTESIAN_POINT('Ctrl Pts',(-2.0653686811264,3.5,-0.937504780769628));
#2560=CARTESIAN_POINT('Ctrl Pts',(-2.11738111669748,3.5,-0.903747264216525));
#2561=CARTESIAN_POINT('Ctrl Pts',(-2.18569085331885,3.5,-0.869541799824618));
#2562=CARTESIAN_POINT('Ctrl Pts',(-2.23412838239513,3.5,-0.83347916265361));
#2563=CARTESIAN_POINT('Ctrl Pts',(-2.26224601848096,3.5,-0.793690290594651));
#2564=CARTESIAN_POINT('Ctrl Pts',(-2.27651860100741,3.5,-0.760159325605739));
#2565=CARTESIAN_POINT('Ctrl Pts',(-2.28253563910837,3.5,-0.741640786499874));
#2566=CARTESIAN_POINT('',(-2.22229876633906,3.5,-0.35197754634052));
#2567=CARTESIAN_POINT('Ctrl Pts',(-2.28253563910837,3.5,-0.741640786499874));
#2568=CARTESIAN_POINT('Ctrl Pts',(-2.28855267720932,3.5,-0.72312224739401));
#2569=CARTESIAN_POINT('Ctrl Pts',(-2.29671492210742,3.5,-0.687605913359014));
#2570=CARTESIAN_POINT('Ctrl Pts',(-2.29735458887394,3.5,-0.638888907855725));
#2571=CARTESIAN_POINT('Ctrl Pts',(-2.27936489097359,3.5,-0.581242756273876));
#2572=CARTESIAN_POINT('Ctrl Pts',(-2.24420662068301,3.5,-0.513418498506314));
#2573=CARTESIAN_POINT('Ctrl Pts',(-2.2219698467711,3.5,-0.455535951362466));
#2574=CARTESIAN_POINT('Ctrl Pts',(-2.21658988971416,3.5,-0.406483888904019));
#2575=CARTESIAN_POINT('Ctrl Pts',(-2.21933876763486,3.5,-0.370666242642592));
#2576=CARTESIAN_POINT('Ctrl Pts',(-2.22229876633906,3.5,-0.35197754634052));
#2577=CARTESIAN_POINT('Ctrl Pts',(-2.22229876633906,3.5,-0.35197754634052));
#2578=CARTESIAN_POINT('Ctrl Pts',(-2.22525876504326,3.5,-0.333288850038447));
#2579=CARTESIAN_POINT('Ctrl Pts',(-2.23371268817757,3.5,-0.298374794170205));
#2580=CARTESIAN_POINT('Ctrl Pts',(-2.25398725230276,3.5,-0.253386008690984));
#2581=CARTESIAN_POINT('Ctrl Pts',(-2.29302237177822,3.5,-0.205207976088918));
#2582=CARTESIAN_POINT('Ctrl Pts',(-2.34741872212079,3.5,-0.151567776788814));
#2583=CARTESIAN_POINT('Ctrl Pts',(-2.38234158203421,3.5,-0.102302151062438));
#2584=CARTESIAN_POINT('Ctrl Pts',(-2.39678760540323,3.5,-0.055771857622557));
#2585=CARTESIAN_POINT('Ctrl Pts',(-2.4,3.5,-0.0194715443178961));
#2586=CARTESIAN_POINT('Ctrl Pts',(-2.4,3.5,-5.32907051820075E-16));
#2587=CARTESIAN_POINT('',(-8.4117094861807E-17,3.5,-1.));
#2588=CARTESIAN_POINT('Origin',(-4.28626379701574E-16,3.5,-8.89251363273419E-33));
#2589=CARTESIAN_POINT('Ctrl Pts',(-2.00476467942383,-2.45512864770006E-16,
1.02147862441398));
#2590=CARTESIAN_POINT('Ctrl Pts',(-2.00476467942383,3.5,1.02147862441398));
#2591=CARTESIAN_POINT('Ctrl Pts',(-2.01335493023973,-2.46564867086563E-16,
1.00461930791776));
#2592=CARTESIAN_POINT('Ctrl Pts',(-2.01335493023973,3.5,1.00461930791776));
#2593=CARTESIAN_POINT('Ctrl Pts',(-2.03218412553072,-2.48870778460926E-16,
0.974026473491615));
#2594=CARTESIAN_POINT('Ctrl Pts',(-2.03218412553072,3.5,0.974026473491615));
#2595=CARTESIAN_POINT('Ctrl Pts',(-2.0653686811264,-2.52934714440064E-16,
0.937504780769627));
#2596=CARTESIAN_POINT('Ctrl Pts',(-2.0653686811264,3.5,0.937504780769627));
#2597=CARTESIAN_POINT('Ctrl Pts',(-2.11738111669748,-2.59304400713862E-16,
0.903747264216525));
#2598=CARTESIAN_POINT('Ctrl Pts',(-2.11738111669748,3.5,0.903747264216525));
#2599=CARTESIAN_POINT('Ctrl Pts',(-2.18569085331885,-2.67669930744257E-16,
0.869541799824617));
#2600=CARTESIAN_POINT('Ctrl Pts',(-2.18569085331885,3.5,0.869541799824617));
#2601=CARTESIAN_POINT('Ctrl Pts',(-2.23412838239513,-2.73601817238445E-16,
0.833479162653609));
#2602=CARTESIAN_POINT('Ctrl Pts',(-2.23412838239513,3.5,0.833479162653609));
#2603=CARTESIAN_POINT('Ctrl Pts',(-2.26224601848096,-2.77045234541656E-16,
0.79369029059465));
#2604=CARTESIAN_POINT('Ctrl Pts',(-2.26224601848096,3.5,0.79369029059465));
#2605=CARTESIAN_POINT('Ctrl Pts',(-2.27651860100741,-2.78793121792314E-16,
0.760159325605738));
#2606=CARTESIAN_POINT('Ctrl Pts',(-2.27651860100741,3.5,0.760159325605738));
#2607=CARTESIAN_POINT('Ctrl Pts',(-2.28253563910837,-2.79529996437382E-16,
0.741640786499874));
#2608=CARTESIAN_POINT('Ctrl Pts',(-2.28253563910837,3.5,0.741640786499874));
#2609=CARTESIAN_POINT('',(-2.00476467942383,-2.45512864770006E-16,1.02147862441398));
#2610=CARTESIAN_POINT('Ctrl Pts',(-2.00476467942383,-2.45512864770006E-16,
1.02147862441398));
#2611=CARTESIAN_POINT('Ctrl Pts',(-2.01335493023973,-2.46564867086563E-16,
1.00461930791776));
#2612=CARTESIAN_POINT('Ctrl Pts',(-2.03218412553072,-2.48870778460926E-16,
0.974026473491615));
#2613=CARTESIAN_POINT('Ctrl Pts',(-2.0653686811264,-2.52934714440064E-16,
0.937504780769627));
#2614=CARTESIAN_POINT('Ctrl Pts',(-2.11738111669748,-2.59304400713862E-16,
0.903747264216525));
#2615=CARTESIAN_POINT('Ctrl Pts',(-2.18569085331885,-2.67669930744257E-16,
0.869541799824617));
#2616=CARTESIAN_POINT('Ctrl Pts',(-2.23412838239513,-2.73601817238445E-16,
0.833479162653609));
#2617=CARTESIAN_POINT('Ctrl Pts',(-2.26224601848096,-2.77045234541656E-16,
0.79369029059465));
#2618=CARTESIAN_POINT('Ctrl Pts',(-2.27651860100741,-2.78793121792314E-16,
0.760159325605738));
#2619=CARTESIAN_POINT('Ctrl Pts',(-2.28253563910837,-2.79529996437382E-16,
0.741640786499874));
#2620=CARTESIAN_POINT('',(-2.00476467942383,-2.45512864770006E-16,1.02147862441398));
#2621=CARTESIAN_POINT('Ctrl Pts',(-1.94164078649987,-2.37782417428102E-16,
1.41068460550194));
#2622=CARTESIAN_POINT('Ctrl Pts',(-1.94164078649987,3.5,1.41068460550194));
#2623=CARTESIAN_POINT('Ctrl Pts',(-1.95308587308929,-2.39184036293872E-16,
1.39493179524203));
#2624=CARTESIAN_POINT('Ctrl Pts',(-1.95308587308929,3.5,1.39493179524203));
#2625=CARTESIAN_POINT('Ctrl Pts',(-1.97182378008194,-2.41478768075998E-16,
1.3636760267089));
#2626=CARTESIAN_POINT('Ctrl Pts',(-1.97182378008194,3.5,1.3636760267089));
#2627=CARTESIAN_POINT('Ctrl Pts',(-1.98748652194407,-2.43396900744731E-16,
1.3175410690722));
#2628=CARTESIAN_POINT('Ctrl Pts',(-1.98748652194407,3.5,1.3175410690722));
#2629=CARTESIAN_POINT('Ctrl Pts',(-1.98819094302886,-2.43483167447406E-16,
1.25715719859606));
#2630=CARTESIAN_POINT('Ctrl Pts',(-1.98819094302886,3.5,1.25715719859606));
#2631=CARTESIAN_POINT('Ctrl Pts',(-1.97571228924838,-2.41954973106412E-16,
1.18178799327072));
#2632=CARTESIAN_POINT('Ctrl Pts',(-1.97571228924838,3.5,1.18178799327072));
#2633=CARTESIAN_POINT('Ctrl Pts',(-1.97245055126324,-2.41555525408096E-16,
1.11986687859095));
#2634=CARTESIAN_POINT('Ctrl Pts',(-1.97245055126324,3.5,1.11986687859095));
#2635=CARTESIAN_POINT('Ctrl Pts',(-1.98249182895565,-2.42785227266632E-16,
1.07155309679253));
#2636=CARTESIAN_POINT('Ctrl Pts',(-1.98249182895565,3.5,1.07155309679253));
#2637=CARTESIAN_POINT('Ctrl Pts',(-1.99617442860792,-2.44460862453449E-16,
1.0383379409102));
#2638=CARTESIAN_POINT('Ctrl Pts',(-1.99617442860792,3.5,1.0383379409102));
#2639=CARTESIAN_POINT('Ctrl Pts',(-2.00476467942383,-2.45512864770006E-16,
1.02147862441398));
#2640=CARTESIAN_POINT('Ctrl Pts',(-2.00476467942383,3.5,1.02147862441398));
#2641=CARTESIAN_POINT('',(-1.94164078649987,-2.37782417428102E-16,1.41068460550194));
#2642=CARTESIAN_POINT('Ctrl Pts',(-1.94164078649987,-2.37782417428102E-16,
1.41068460550194));
#2643=CARTESIAN_POINT('Ctrl Pts',(-1.95308587308929,-2.39184036293872E-16,
1.39493179524203));
#2644=CARTESIAN_POINT('Ctrl Pts',(-1.97182378008194,-2.41478768075998E-16,
1.3636760267089));
#2645=CARTESIAN_POINT('Ctrl Pts',(-1.98748652194407,-2.43396900744731E-16,
1.3175410690722));
#2646=CARTESIAN_POINT('Ctrl Pts',(-1.98819094302886,-2.43483167447406E-16,
1.25715719859606));
#2647=CARTESIAN_POINT('Ctrl Pts',(-1.97571228924838,-2.41954973106412E-16,
1.18178799327072));
#2648=CARTESIAN_POINT('Ctrl Pts',(-1.97245055126324,-2.41555525408096E-16,
1.11986687859095));
#2649=CARTESIAN_POINT('Ctrl Pts',(-1.98249182895565,-2.42785227266632E-16,
1.07155309679253));
#2650=CARTESIAN_POINT('Ctrl Pts',(-1.99617442860792,-2.44460862453449E-16,
1.0383379409102));
#2651=CARTESIAN_POINT('Ctrl Pts',(-2.00476467942383,-2.45512864770006E-16,
1.02147862441398));
#2652=CARTESIAN_POINT('',(-1.94164078649987,-2.37782417428102E-16,1.41068460550194));
#2653=CARTESIAN_POINT('Ctrl Pts',(-1.59099025766973,-1.94840112652986E-16,
1.59099025766973));
#2654=CARTESIAN_POINT('Ctrl Pts',(-1.59099025766973,3.5,1.59099025766973));
#2655=CARTESIAN_POINT('Ctrl Pts',(-1.60436988699569,-1.96478644675767E-16,
1.57761062834378));
#2656=CARTESIAN_POINT('Ctrl Pts',(-1.60436988699569,3.5,1.57761062834378));
#2657=CARTESIAN_POINT('Ctrl Pts',(-1.63173122161755,-1.99829441762274E-16,
1.55433365514617));
#2658=CARTESIAN_POINT('Ctrl Pts',(-1.63173122161755,3.5,1.55433365514617));
#2659=CARTESIAN_POINT('Ctrl Pts',(-1.67457743317161,-2.05076589345801E-16,
1.52985405292664));
#2660=CARTESIAN_POINT('Ctrl Pts',(-1.67457743317162,3.5,1.52985405292664));
#2661=CARTESIAN_POINT('Ctrl Pts',(-1.73447584525268,-2.12412029208709E-16,
1.51382147334517));
#2662=CARTESIAN_POINT('Ctrl Pts',(-1.73447584525268,3.5,1.51382147334517));
#2663=CARTESIAN_POINT('Ctrl Pts',(-1.81001233519042,-2.21662581270817E-16,
1.50239901303962));
#2664=CARTESIAN_POINT('Ctrl Pts',(-1.81001233519042,3.5,1.50239901303962));
#2665=CARTESIAN_POINT('Ctrl Pts',(-1.86722313059947,-2.28668883018254E-16,
1.48306942661345));
#2666=CARTESIAN_POINT('Ctrl Pts',(-1.86722313059947,3.5,1.48306942661345));
#2667=CARTESIAN_POINT('Ctrl Pts',(-1.90626002927495,-2.33449524319411E-16,
1.45391678795792));
#2668=CARTESIAN_POINT('Ctrl Pts',(-1.90626002927495,3.5,1.45391678795792));
#2669=CARTESIAN_POINT('Ctrl Pts',(-1.93019569991045,-2.36380798562332E-16,
1.42643741576184));
#2670=CARTESIAN_POINT('Ctrl Pts',(-1.93019569991046,3.5,1.42643741576184));
#2671=CARTESIAN_POINT('Ctrl Pts',(-1.94164078649987,-2.37782417428102E-16,
1.41068460550194));
#2672=CARTESIAN_POINT('Ctrl Pts',(-1.94164078649987,3.5,1.41068460550194));
#2673=CARTESIAN_POINT('',(-1.59099025766973,-1.94840112652986E-16,1.59099025766973));
#2674=CARTESIAN_POINT('Ctrl Pts',(-1.59099025766973,-1.94840112652986E-16,
1.59099025766973));
#2675=CARTESIAN_POINT('Ctrl Pts',(-1.60436988699569,-1.96478644675767E-16,
1.57761062834378));
#2676=CARTESIAN_POINT('Ctrl Pts',(-1.63173122161755,-1.99829441762274E-16,
1.55433365514617));
#2677=CARTESIAN_POINT('Ctrl Pts',(-1.67457743317161,-2.05076589345801E-16,
1.52985405292664));
#2678=CARTESIAN_POINT('Ctrl Pts',(-1.73447584525268,-2.12412029208709E-16,
1.51382147334517));
#2679=CARTESIAN_POINT('Ctrl Pts',(-1.81001233519042,-2.21662581270817E-16,
1.50239901303962));
#2680=CARTESIAN_POINT('Ctrl Pts',(-1.86722313059947,-2.28668883018254E-16,
1.48306942661345));
#2681=CARTESIAN_POINT('Ctrl Pts',(-1.90626002927495,-2.33449524319411E-16,
1.45391678795792));
#2682=CARTESIAN_POINT('Ctrl Pts',(-1.93019569991045,-2.36380798562332E-16,
1.42643741576184));
#2683=CARTESIAN_POINT('Ctrl Pts',(-1.94164078649987,-2.37782417428102E-16,
1.41068460550194));
#2684=CARTESIAN_POINT('',(-1.59099025766973,-1.94840112652986E-16,1.59099025766973));
#2685=CARTESIAN_POINT('Ctrl Pts',(-1.41068460550194,-1.72759038673439E-16,
1.94164078649987));
#2686=CARTESIAN_POINT('Ctrl Pts',(-1.41068460550194,3.5,1.94164078649987));
#2687=CARTESIAN_POINT('Ctrl Pts',(-1.42643741576184,-1.74688201539676E-16,
1.93019569991046));
#2688=CARTESIAN_POINT('Ctrl Pts',(-1.42643741576184,3.5,1.93019569991046));
#2689=CARTESIAN_POINT('Ctrl Pts',(-1.45391678795792,-1.78053454059926E-16,
1.90626002927495));
#2690=CARTESIAN_POINT('Ctrl Pts',(-1.45391678795792,3.5,1.90626002927495));
#2691=CARTESIAN_POINT('Ctrl Pts',(-1.48306942661345,-1.81623622621546E-16,
1.86722313059947));
#2692=CARTESIAN_POINT('Ctrl Pts',(-1.48306942661345,3.5,1.86722313059947));
#2693=CARTESIAN_POINT('Ctrl Pts',(-1.50239901303962,-1.83990814236112E-16,
1.81001233519042));
#2694=CARTESIAN_POINT('Ctrl Pts',(-1.50239901303962,3.5,1.81001233519042));
#2695=CARTESIAN_POINT('Ctrl Pts',(-1.51382147334517,-1.85389662181269E-16,
1.73447584525268));
#2696=CARTESIAN_POINT('Ctrl Pts',(-1.51382147334517,3.5,1.73447584525268));
#2697=CARTESIAN_POINT('Ctrl Pts',(-1.52985405292664,-1.87353086907922E-16,
1.67457743317162));
#2698=CARTESIAN_POINT('Ctrl Pts',(-1.52985405292664,3.5,1.67457743317162));
#2699=CARTESIAN_POINT('Ctrl Pts',(-1.55433365514617,-1.90350973558177E-16,
1.63173122161755));
#2700=CARTESIAN_POINT('Ctrl Pts',(-1.55433365514617,3.5,1.63173122161755));
#2701=CARTESIAN_POINT('Ctrl Pts',(-1.57761062834378,-1.93201580630205E-16,
1.60436988699569));
#2702=CARTESIAN_POINT('Ctrl Pts',(-1.57761062834378,3.5,1.60436988699569));
#2703=CARTESIAN_POINT('Ctrl Pts',(-1.59099025766973,-1.94840112652986E-16,
1.59099025766973));
#2704=CARTESIAN_POINT('Ctrl Pts',(-1.59099025766973,3.5,1.59099025766973));
#2705=CARTESIAN_POINT('',(-1.41068460550194,-1.72759038673439E-16,1.94164078649987));
#2706=CARTESIAN_POINT('Ctrl Pts',(-1.41068460550194,-1.72759038673439E-16,
1.94164078649987));
#2707=CARTESIAN_POINT('Ctrl Pts',(-1.42643741576184,-1.74688201539676E-16,
1.93019569991046));
#2708=CARTESIAN_POINT('Ctrl Pts',(-1.45391678795792,-1.78053454059926E-16,
1.90626002927495));
#2709=CARTESIAN_POINT('Ctrl Pts',(-1.48306942661345,-1.81623622621546E-16,
1.86722313059947));
#2710=CARTESIAN_POINT('Ctrl Pts',(-1.50239901303962,-1.83990814236112E-16,
1.81001233519042));
#2711=CARTESIAN_POINT('Ctrl Pts',(-1.51382147334517,-1.85389662181269E-16,
1.73447584525268));
#2712=CARTESIAN_POINT('Ctrl Pts',(-1.52985405292664,-1.87353086907922E-16,
1.67457743317162));
#2713=CARTESIAN_POINT('Ctrl Pts',(-1.55433365514617,-1.90350973558177E-16,
1.63173122161755));
#2714=CARTESIAN_POINT('Ctrl Pts',(-1.57761062834378,-1.93201580630205E-16,
1.60436988699569));
#2715=CARTESIAN_POINT('Ctrl Pts',(-1.59099025766973,-1.94840112652986E-16,
1.59099025766973));
#2716=CARTESIAN_POINT('',(-1.41068460550194,-1.72759038673439E-16,1.94164078649987));
#2717=CARTESIAN_POINT('Ctrl Pts',(-1.02147862441398,-1.25095052778602E-16,
2.00476467942383));
#2718=CARTESIAN_POINT('Ctrl Pts',(-1.02147862441398,3.5,2.00476467942383));
#2719=CARTESIAN_POINT('Ctrl Pts',(-1.0383379409102,-1.27159723576893E-16,
1.99617442860792));
#2720=CARTESIAN_POINT('Ctrl Pts',(-1.0383379409102,3.5,1.99617442860792));
#2721=CARTESIAN_POINT('Ctrl Pts',(-1.07155309679253,-1.3122740701034E-16,
1.98249182895565));
#2722=CARTESIAN_POINT('Ctrl Pts',(-1.07155309679253,3.5,1.98249182895565));
#2723=CARTESIAN_POINT('Ctrl Pts',(-1.11986687859095,-1.37144138833755E-16,
1.97245055126324));
#2724=CARTESIAN_POINT('Ctrl Pts',(-1.11986687859095,3.5,1.97245055126324));
#2725=CARTESIAN_POINT('Ctrl Pts',(-1.18178799327072,-1.44727288322977E-16,
1.97571228924838));
#2726=CARTESIAN_POINT('Ctrl Pts',(-1.18178799327072,3.5,1.97571228924838));
#2727=CARTESIAN_POINT('Ctrl Pts',(-1.25715719859606,-1.53957353928572E-16,
1.98819094302886));
#2728=CARTESIAN_POINT('Ctrl Pts',(-1.25715719859607,3.5,1.98819094302886));
#2729=CARTESIAN_POINT('Ctrl Pts',(-1.3175410690722,-1.61352245298445E-16,
1.98748652194407));
#2730=CARTESIAN_POINT('Ctrl Pts',(-1.3175410690722,3.5,1.98748652194407));
#2731=CARTESIAN_POINT('Ctrl Pts',(-1.3636760267089,-1.67002148118303E-16,
1.97182378008194));
#2732=CARTESIAN_POINT('Ctrl Pts',(-1.3636760267089,3.5,1.97182378008194));
#2733=CARTESIAN_POINT('Ctrl Pts',(-1.39493179524203,-1.70829875807203E-16,
1.95308587308929));
#2734=CARTESIAN_POINT('Ctrl Pts',(-1.39493179524203,3.5,1.95308587308929));
#2735=CARTESIAN_POINT('Ctrl Pts',(-1.41068460550194,-1.72759038673439E-16,
1.94164078649987));
#2736=CARTESIAN_POINT('Ctrl Pts',(-1.41068460550194,3.5,1.94164078649987));
#2737=CARTESIAN_POINT('',(-1.02147862441398,-1.25095052778602E-16,2.00476467942383));
#2738=CARTESIAN_POINT('Ctrl Pts',(-1.02147862441398,-1.25095052778602E-16,
2.00476467942383));
#2739=CARTESIAN_POINT('Ctrl Pts',(-1.0383379409102,-1.27159723576893E-16,
1.99617442860792));
#2740=CARTESIAN_POINT('Ctrl Pts',(-1.07155309679253,-1.3122740701034E-16,
1.98249182895565));
#2741=CARTESIAN_POINT('Ctrl Pts',(-1.11986687859095,-1.37144138833755E-16,
1.97245055126324));
#2742=CARTESIAN_POINT('Ctrl Pts',(-1.18178799327072,-1.44727288322977E-16,
1.97571228924838));
#2743=CARTESIAN_POINT('Ctrl Pts',(-1.25715719859606,-1.53957353928572E-16,
1.98819094302886));
#2744=CARTESIAN_POINT('Ctrl Pts',(-1.3175410690722,-1.61352245298445E-16,
1.98748652194407));
#2745=CARTESIAN_POINT('Ctrl Pts',(-1.3636760267089,-1.67002148118303E-16,
1.97182378008194));
#2746=CARTESIAN_POINT('Ctrl Pts',(-1.39493179524203,-1.70829875807203E-16,
1.95308587308929));
#2747=CARTESIAN_POINT('Ctrl Pts',(-1.41068460550194,-1.72759038673439E-16,
1.94164078649987));
#2748=CARTESIAN_POINT('',(-1.02147862441398,-1.25095052778602E-16,2.00476467942383));
#2749=CARTESIAN_POINT('Ctrl Pts',(-0.741640786499874,-9.08248015304196E-17,
2.28253563910837));
#2750=CARTESIAN_POINT('Ctrl Pts',(-0.741640786499874,3.5,2.28253563910837));
#2751=CARTESIAN_POINT('Ctrl Pts',(-0.760159325605738,-9.30926684945078E-17,
2.27651860100741));
#2752=CARTESIAN_POINT('Ctrl Pts',(-0.760159325605739,3.5,2.27651860100741));
#2753=CARTESIAN_POINT('Ctrl Pts',(-0.79369029059465,-9.71990273891071E-17,
2.26224601848096));
#2754=CARTESIAN_POINT('Ctrl Pts',(-0.793690290594651,3.5,2.26224601848096));
#2755=CARTESIAN_POINT('Ctrl Pts',(-0.83347916265361,-1.02071758869976E-16,
2.23412838239513));
#2756=CARTESIAN_POINT('Ctrl Pts',(-0.83347916265361,3.5,2.23412838239513));
#2757=CARTESIAN_POINT('Ctrl Pts',(-0.869541799824617,-1.06488158188005E-16,
2.18569085331885));
#2758=CARTESIAN_POINT('Ctrl Pts',(-0.869541799824618,3.5,2.18569085331885));
#2759=CARTESIAN_POINT('Ctrl Pts',(-0.903747264216525,-1.10677119436094E-16,
2.11738111669748));
#2760=CARTESIAN_POINT('Ctrl Pts',(-0.903747264216525,3.5,2.11738111669748));
#2761=CARTESIAN_POINT('Ctrl Pts',(-0.937504780769627,-1.14811222895487E-16,
2.0653686811264));
#2762=CARTESIAN_POINT('Ctrl Pts',(-0.937504780769628,3.5,2.0653686811264));
#2763=CARTESIAN_POINT('Ctrl Pts',(-0.974026473491615,-1.19283840304629E-16,
2.03218412553072));
#2764=CARTESIAN_POINT('Ctrl Pts',(-0.974026473491615,3.5,2.03218412553072));
#2765=CARTESIAN_POINT('Ctrl Pts',(-1.00461930791776,-1.23030381980311E-16,
2.01335493023973));
#2766=CARTESIAN_POINT('Ctrl Pts',(-1.00461930791776,3.5,2.01335493023973));
#2767=CARTESIAN_POINT('Ctrl Pts',(-1.02147862441398,-1.25095052778602E-16,
2.00476467942383));
#2768=CARTESIAN_POINT('Ctrl Pts',(-1.02147862441398,3.5,2.00476467942383));
#2769=CARTESIAN_POINT('',(-0.741640786499874,-9.08248015304196E-17,2.28253563910837));
#2770=CARTESIAN_POINT('Ctrl Pts',(-0.741640786499874,-9.08248015304196E-17,
2.28253563910837));
#2771=CARTESIAN_POINT('Ctrl Pts',(-0.760159325605738,-9.30926684945078E-17,
2.27651860100741));
#2772=CARTESIAN_POINT('Ctrl Pts',(-0.79369029059465,-9.71990273891071E-17,
2.26224601848096));
#2773=CARTESIAN_POINT('Ctrl Pts',(-0.83347916265361,-1.02071758869976E-16,
2.23412838239513));
#2774=CARTESIAN_POINT('Ctrl Pts',(-0.869541799824617,-1.06488158188005E-16,
2.18569085331885));
#2775=CARTESIAN_POINT('Ctrl Pts',(-0.903747264216525,-1.10677119436094E-16,
2.11738111669748));
#2776=CARTESIAN_POINT('Ctrl Pts',(-0.937504780769627,-1.14811222895487E-16,
2.0653686811264));
#2777=CARTESIAN_POINT('Ctrl Pts',(-0.974026473491615,-1.19283840304629E-16,
2.03218412553072));
#2778=CARTESIAN_POINT('Ctrl Pts',(-1.00461930791776,-1.23030381980311E-16,
2.01335493023973));
#2779=CARTESIAN_POINT('Ctrl Pts',(-1.02147862441398,-1.25095052778602E-16,
2.00476467942383));
#2780=CARTESIAN_POINT('',(-0.741640786499874,-9.08248015304196E-17,2.28253563910837));
#2781=CARTESIAN_POINT('Ctrl Pts',(-0.351977546340519,-4.31048175497656E-17,
2.22229876633906));
#2782=CARTESIAN_POINT('Ctrl Pts',(-0.35197754634052,3.5,2.22229876633906));
#2783=CARTESIAN_POINT('Ctrl Pts',(-0.370666242642592,-4.53935227604226E-17,
2.21933876763486));
#2784=CARTESIAN_POINT('Ctrl Pts',(-0.370666242642592,3.5,2.21933876763486));
#2785=CARTESIAN_POINT('Ctrl Pts',(-0.406483888904018,-4.97799193451274E-17,
2.21658988971416));
#2786=CARTESIAN_POINT('Ctrl Pts',(-0.406483888904019,3.5,2.21658988971416));
#2787=CARTESIAN_POINT('Ctrl Pts',(-0.455535951362465,-5.57870644732587E-17,
2.2219698467711));
#2788=CARTESIAN_POINT('Ctrl Pts',(-0.455535951362466,3.5,2.2219698467711));
#2789=CARTESIAN_POINT('Ctrl Pts',(-0.513418498506313,-6.28756320818797E-17,
2.24420662068301));
#2790=CARTESIAN_POINT('Ctrl Pts',(-0.513418498506314,3.5,2.24420662068301));
#2791=CARTESIAN_POINT('Ctrl Pts',(-0.581242756273876,-7.11817080998387E-17,
2.27936489097359));
#2792=CARTESIAN_POINT('Ctrl Pts',(-0.581242756273876,3.5,2.27936489097359));
#2793=CARTESIAN_POINT('Ctrl Pts',(-0.638888907855725,-7.82413256016261E-17,
2.29735458887394));
#2794=CARTESIAN_POINT('Ctrl Pts',(-0.638888907855725,3.5,2.29735458887394));
#2795=CARTESIAN_POINT('Ctrl Pts',(-0.687605913359014,-8.42074380869909E-17,
2.29671492210742));
#2796=CARTESIAN_POINT('Ctrl Pts',(-0.687605913359014,3.5,2.29671492210742));
#2797=CARTESIAN_POINT('Ctrl Pts',(-0.723122247394009,-8.85569345663314E-17,
2.28855267720932));
#2798=CARTESIAN_POINT('Ctrl Pts',(-0.72312224739401,3.5,2.28855267720932));
#2799=CARTESIAN_POINT('Ctrl Pts',(-0.741640786499874,-9.08248015304196E-17,
2.28253563910837));
#2800=CARTESIAN_POINT('Ctrl Pts',(-0.741640786499874,3.5,2.28253563910837));
#2801=CARTESIAN_POINT('',(-0.351977546340519,-4.31048175497656E-17,2.22229876633906));
#2802=CARTESIAN_POINT('Ctrl Pts',(-0.351977546340519,-4.31048175497656E-17,
2.22229876633906));
#2803=CARTESIAN_POINT('Ctrl Pts',(-0.370666242642592,-4.53935227604226E-17,
2.21933876763486));
#2804=CARTESIAN_POINT('Ctrl Pts',(-0.406483888904018,-4.97799193451274E-17,
2.21658988971416));
#2805=CARTESIAN_POINT('Ctrl Pts',(-0.455535951362465,-5.57870644732587E-17,
2.2219698467711));
#2806=CARTESIAN_POINT('Ctrl Pts',(-0.513418498506313,-6.28756320818797E-17,
2.24420662068301));
#2807=CARTESIAN_POINT('Ctrl Pts',(-0.581242756273876,-7.11817080998387E-17,
2.27936489097359));
#2808=CARTESIAN_POINT('Ctrl Pts',(-0.638888907855725,-7.82413256016261E-17,
2.29735458887394));
#2809=CARTESIAN_POINT('Ctrl Pts',(-0.687605913359014,-8.42074380869909E-17,
2.29671492210742));
#2810=CARTESIAN_POINT('Ctrl Pts',(-0.723122247394009,-8.85569345663314E-17,
2.28855267720932));
#2811=CARTESIAN_POINT('Ctrl Pts',(-0.741640786499874,-9.08248015304196E-17,
2.28253563910837));
#2812=CARTESIAN_POINT('',(-0.351977546340519,-4.31048175497656E-17,2.22229876633906));
#2813=CARTESIAN_POINT('Ctrl Pts',(-9.2034204127028E-17,-5.17321571574901E-33,
2.4));
#2814=CARTESIAN_POINT('Ctrl Pts',(-5.20660583828602E-16,3.5,2.4));
#2815=CARTESIAN_POINT('Ctrl Pts',(-0.0194715443178957,-2.38457644233667E-18,
2.4));
#2816=CARTESIAN_POINT('Ctrl Pts',(-0.0194715443178961,3.5,2.4));
#2817=CARTESIAN_POINT('Ctrl Pts',(-0.0557718576225566,-6.83008269199658E-18,
2.39678760540323));
#2818=CARTESIAN_POINT('Ctrl Pts',(-0.055771857622557,3.5,2.39678760540323));
#2819=CARTESIAN_POINT('Ctrl Pts',(-0.102302151062437,-1.25284001844503E-17,
2.3823415820342));
#2820=CARTESIAN_POINT('Ctrl Pts',(-0.102302151062438,3.5,2.3823415820342));
#2821=CARTESIAN_POINT('Ctrl Pts',(-0.151567776788814,-1.85616992698301E-17,
2.34741872212079));
#2822=CARTESIAN_POINT('Ctrl Pts',(-0.151567776788814,3.5,2.34741872212079));
#2823=CARTESIAN_POINT('Ctrl Pts',(-0.205207976088918,-2.513072910768E-17,
2.29302237177822));
#2824=CARTESIAN_POINT('Ctrl Pts',(-0.205207976088918,3.5,2.29302237177822));
#2825=CARTESIAN_POINT('Ctrl Pts',(-0.253386008690984,-3.10308364492137E-17,
2.25398725230276));
#2826=CARTESIAN_POINT('Ctrl Pts',(-0.253386008690984,3.5,2.25398725230276));
#2827=CARTESIAN_POINT('Ctrl Pts',(-0.298374794170204,-3.65403736626791E-17,
2.23371268817757));
#2828=CARTESIAN_POINT('Ctrl Pts',(-0.298374794170205,3.5,2.23371268817757));
#2829=CARTESIAN_POINT('Ctrl Pts',(-0.333288850038447,-4.08161123391086E-17,
2.22525876504326));
#2830=CARTESIAN_POINT('Ctrl Pts',(-0.333288850038447,3.5,2.22525876504326));
#2831=CARTESIAN_POINT('Ctrl Pts',(-0.351977546340519,-4.31048175497656E-17,
2.22229876633906));
#2832=CARTESIAN_POINT('Ctrl Pts',(-0.35197754634052,3.5,2.22229876633906));
#2833=CARTESIAN_POINT('',(2.22044604925033E-17,8.81698578076868E-33,2.4));
#2834=CARTESIAN_POINT('Ctrl Pts',(-9.2034204127028E-17,-5.17321571574901E-33,
2.4));
#2835=CARTESIAN_POINT('Ctrl Pts',(-0.0194715443178957,-2.38457644233667E-18,
2.4));
#2836=CARTESIAN_POINT('Ctrl Pts',(-0.0557718576225566,-6.83008269199658E-18,
2.39678760540323));
#2837=CARTESIAN_POINT('Ctrl Pts',(-0.102302151062437,-1.25284001844503E-17,
2.3823415820342));
#2838=CARTESIAN_POINT('Ctrl Pts',(-0.151567776788814,-1.85616992698301E-17,
2.34741872212079));
#2839=CARTESIAN_POINT('Ctrl Pts',(-0.205207976088918,-2.513072910768E-17,
2.29302237177822));
#2840=CARTESIAN_POINT('Ctrl Pts',(-0.253386008690984,-3.10308364492137E-17,
2.25398725230276));
#2841=CARTESIAN_POINT('Ctrl Pts',(-0.298374794170204,-3.65403736626791E-17,
2.23371268817757));
#2842=CARTESIAN_POINT('Ctrl Pts',(-0.333288850038447,-4.08161123391086E-17,
2.22525876504326));
#2843=CARTESIAN_POINT('Ctrl Pts',(-0.351977546340519,-4.31048175497656E-17,
2.22229876633906));
#2844=CARTESIAN_POINT('',(2.22044604925033E-17,8.81698578076868E-33,2.4));
#2845=CARTESIAN_POINT('Ctrl Pts',(0.351977546340519,4.31048175497656E-17,
2.22229876633906));
#2846=CARTESIAN_POINT('Ctrl Pts',(0.351977546340519,3.5,2.22229876633906));
#2847=CARTESIAN_POINT('Ctrl Pts',(0.333288850038447,4.08161123391087E-17,
2.22525876504326));
#2848=CARTESIAN_POINT('Ctrl Pts',(0.333288850038447,3.5,2.22525876504326));
#2849=CARTESIAN_POINT('Ctrl Pts',(0.298374794170205,3.65403736626791E-17,
2.23371268817757));
#2850=CARTESIAN_POINT('Ctrl Pts',(0.298374794170204,3.5,2.23371268817757));
#2851=CARTESIAN_POINT('Ctrl Pts',(0.253386008690984,3.10308364492137E-17,
2.25398725230276));
#2852=CARTESIAN_POINT('Ctrl Pts',(0.253386008690984,3.5,2.25398725230276));
#2853=CARTESIAN_POINT('Ctrl Pts',(0.205207976088918,2.513072910768E-17,
2.29302237177822));
#2854=CARTESIAN_POINT('Ctrl Pts',(0.205207976088918,3.5,2.29302237177822));
#2855=CARTESIAN_POINT('Ctrl Pts',(0.151567776788814,1.85616992698301E-17,
2.34741872212079));
#2856=CARTESIAN_POINT('Ctrl Pts',(0.151567776788813,3.5,2.34741872212079));
#2857=CARTESIAN_POINT('Ctrl Pts',(0.102302151062437,1.25284001844503E-17,
2.3823415820342));
#2858=CARTESIAN_POINT('Ctrl Pts',(0.102302151062437,3.5,2.3823415820342));
#2859=CARTESIAN_POINT('Ctrl Pts',(0.0557718576225565,6.83008269199658E-18,
2.39678760540322));
#2860=CARTESIAN_POINT('Ctrl Pts',(0.0557718576225561,3.5,2.39678760540322));
#2861=CARTESIAN_POINT('Ctrl Pts',(0.0194715443178956,2.38457644233667E-18,
2.4));
#2862=CARTESIAN_POINT('Ctrl Pts',(0.0194715443178951,3.5,2.4));
#2863=CARTESIAN_POINT('Ctrl Pts',(2.22044604925033E-17,8.81698578076868E-33,
2.4));
#2864=CARTESIAN_POINT('Ctrl Pts',(-4.0642191920907E-16,3.5,2.4));
#2865=CARTESIAN_POINT('',(0.351977546340519,4.31048175497656E-17,2.22229876633906));
#2866=CARTESIAN_POINT('Ctrl Pts',(0.351977546340519,4.31048175497656E-17,
2.22229876633906));
#2867=CARTESIAN_POINT('Ctrl Pts',(0.333288850038447,4.08161123391087E-17,
2.22525876504326));
#2868=CARTESIAN_POINT('Ctrl Pts',(0.298374794170205,3.65403736626791E-17,
2.23371268817757));
#2869=CARTESIAN_POINT('Ctrl Pts',(0.253386008690984,3.10308364492137E-17,
2.25398725230276));
#2870=CARTESIAN_POINT('Ctrl Pts',(0.205207976088918,2.513072910768E-17,
2.29302237177822));
#2871=CARTESIAN_POINT('Ctrl Pts',(0.151567776788814,1.85616992698301E-17,
2.34741872212079));
#2872=CARTESIAN_POINT('Ctrl Pts',(0.102302151062437,1.25284001844503E-17,
2.3823415820342));
#2873=CARTESIAN_POINT('Ctrl Pts',(0.0557718576225565,6.83008269199658E-18,
2.39678760540322));
#2874=CARTESIAN_POINT('Ctrl Pts',(0.0194715443178956,2.38457644233667E-18,
2.4));
#2875=CARTESIAN_POINT('Ctrl Pts',(2.22044604925033E-17,8.81698578076868E-33,
2.4));
#2876=CARTESIAN_POINT('',(0.351977546340519,4.31048175497656E-17,2.22229876633906));
#2877=CARTESIAN_POINT('Ctrl Pts',(0.741640786499874,9.08248015304196E-17,
2.28253563910837));
#2878=CARTESIAN_POINT('Ctrl Pts',(0.741640786499873,3.5,2.28253563910837));
#2879=CARTESIAN_POINT('Ctrl Pts',(0.723122247394009,8.85569345663314E-17,
2.28855267720932));
#2880=CARTESIAN_POINT('Ctrl Pts',(0.723122247394009,3.5,2.28855267720932));
#2881=CARTESIAN_POINT('Ctrl Pts',(0.687605913359014,8.42074380869909E-17,
2.29671492210742));
#2882=CARTESIAN_POINT('Ctrl Pts',(0.687605913359014,3.5,2.29671492210742));
#2883=CARTESIAN_POINT('Ctrl Pts',(0.638888907855725,7.82413256016262E-17,
2.29735458887394));
#2884=CARTESIAN_POINT('Ctrl Pts',(0.638888907855724,3.5,2.29735458887394));
#2885=CARTESIAN_POINT('Ctrl Pts',(0.581242756273876,7.11817080998387E-17,
2.27936489097359));
#2886=CARTESIAN_POINT('Ctrl Pts',(0.581242756273876,3.5,2.27936489097359));
#2887=CARTESIAN_POINT('Ctrl Pts',(0.513418498506314,6.28756320818797E-17,
2.24420662068301));
#2888=CARTESIAN_POINT('Ctrl Pts',(0.513418498506313,3.5,2.24420662068301));
#2889=CARTESIAN_POINT('Ctrl Pts',(0.455535951362466,5.57870644732588E-17,
2.2219698467711));
#2890=CARTESIAN_POINT('Ctrl Pts',(0.455535951362465,3.5,2.2219698467711));
#2891=CARTESIAN_POINT('Ctrl Pts',(0.406483888904019,4.97799193451275E-17,
2.21658988971416));
#2892=CARTESIAN_POINT('Ctrl Pts',(0.406483888904018,3.5,2.21658988971416));
#2893=CARTESIAN_POINT('Ctrl Pts',(0.370666242642592,4.53935227604226E-17,
2.21933876763486));
#2894=CARTESIAN_POINT('Ctrl Pts',(0.370666242642591,3.5,2.21933876763486));
#2895=CARTESIAN_POINT('Ctrl Pts',(0.35197754634052,4.31048175497656E-17,
2.22229876633906));
#2896=CARTESIAN_POINT('Ctrl Pts',(0.351977546340519,3.5,2.22229876633906));
#2897=CARTESIAN_POINT('',(0.741640786499874,9.08248015304196E-17,2.28253563910837));
#2898=CARTESIAN_POINT('Ctrl Pts',(0.741640786499874,9.08248015304196E-17,
2.28253563910837));
#2899=CARTESIAN_POINT('Ctrl Pts',(0.723122247394009,8.85569345663314E-17,
2.28855267720932));
#2900=CARTESIAN_POINT('Ctrl Pts',(0.687605913359014,8.42074380869909E-17,
2.29671492210742));
#2901=CARTESIAN_POINT('Ctrl Pts',(0.638888907855725,7.82413256016262E-17,
2.29735458887394));
#2902=CARTESIAN_POINT('Ctrl Pts',(0.581242756273876,7.11817080998387E-17,
2.27936489097359));
#2903=CARTESIAN_POINT('Ctrl Pts',(0.513418498506314,6.28756320818797E-17,
2.24420662068301));
#2904=CARTESIAN_POINT('Ctrl Pts',(0.455535951362466,5.57870644732588E-17,
2.2219698467711));
#2905=CARTESIAN_POINT('Ctrl Pts',(0.406483888904019,4.97799193451275E-17,
2.21658988971416));
#2906=CARTESIAN_POINT('Ctrl Pts',(0.370666242642592,4.53935227604226E-17,
2.21933876763486));
#2907=CARTESIAN_POINT('Ctrl Pts',(0.35197754634052,4.31048175497656E-17,
2.22229876633906));
#2908=CARTESIAN_POINT('',(0.741640786499874,9.08248015304196E-17,2.28253563910837));
#2909=CARTESIAN_POINT('Ctrl Pts',(1.02147862441398,1.25095052778602E-16,
2.00476467942383));
#2910=CARTESIAN_POINT('Ctrl Pts',(1.02147862441398,3.5,2.00476467942383));
#2911=CARTESIAN_POINT('Ctrl Pts',(1.00461930791776,1.23030381980311E-16,
2.01335493023973));
#2912=CARTESIAN_POINT('Ctrl Pts',(1.00461930791776,3.5,2.01335493023973));
#2913=CARTESIAN_POINT('Ctrl Pts',(0.974026473491615,1.19283840304629E-16,
2.03218412553072));
#2914=CARTESIAN_POINT('Ctrl Pts',(0.974026473491615,3.5,2.03218412553072));
#2915=CARTESIAN_POINT('Ctrl Pts',(0.937504780769627,1.14811222895487E-16,
2.0653686811264));
#2916=CARTESIAN_POINT('Ctrl Pts',(0.937504780769627,3.5,2.0653686811264));
#2917=CARTESIAN_POINT('Ctrl Pts',(0.903747264216525,1.10677119436094E-16,
2.11738111669748));
#2918=CARTESIAN_POINT('Ctrl Pts',(0.903747264216524,3.5,2.11738111669748));
#2919=CARTESIAN_POINT('Ctrl Pts',(0.869541799824617,1.06488158188005E-16,
2.18569085331885));
#2920=CARTESIAN_POINT('Ctrl Pts',(0.869541799824617,3.5,2.18569085331885));
#2921=CARTESIAN_POINT('Ctrl Pts',(0.833479162653609,1.02071758869976E-16,
2.23412838239513));
#2922=CARTESIAN_POINT('Ctrl Pts',(0.833479162653609,3.5,2.23412838239513));
#2923=CARTESIAN_POINT('Ctrl Pts',(0.79369029059465,9.71990273891071E-17,
2.26224601848096));
#2924=CARTESIAN_POINT('Ctrl Pts',(0.79369029059465,3.5,2.26224601848096));
#2925=CARTESIAN_POINT('Ctrl Pts',(0.760159325605738,9.30926684945078E-17,
2.27651860100741));
#2926=CARTESIAN_POINT('Ctrl Pts',(0.760159325605738,3.5,2.27651860100741));
#2927=CARTESIAN_POINT('Ctrl Pts',(0.741640786499874,9.08248015304196E-17,
2.28253563910837));
#2928=CARTESIAN_POINT('Ctrl Pts',(0.741640786499873,3.5,2.28253563910837));
#2929=CARTESIAN_POINT('',(1.02147862441398,1.25095052778602E-16,2.00476467942383));
#2930=CARTESIAN_POINT('Ctrl Pts',(1.02147862441398,1.25095052778602E-16,
2.00476467942383));
#2931=CARTESIAN_POINT('Ctrl Pts',(1.00461930791776,1.23030381980311E-16,
2.01335493023973));
#2932=CARTESIAN_POINT('Ctrl Pts',(0.974026473491615,1.19283840304629E-16,
2.03218412553072));
#2933=CARTESIAN_POINT('Ctrl Pts',(0.937504780769627,1.14811222895487E-16,
2.0653686811264));
#2934=CARTESIAN_POINT('Ctrl Pts',(0.903747264216525,1.10677119436094E-16,
2.11738111669748));
#2935=CARTESIAN_POINT('Ctrl Pts',(0.869541799824617,1.06488158188005E-16,
2.18569085331885));
#2936=CARTESIAN_POINT('Ctrl Pts',(0.833479162653609,1.02071758869976E-16,
2.23412838239513));
#2937=CARTESIAN_POINT('Ctrl Pts',(0.79369029059465,9.71990273891071E-17,
2.26224601848096));
#2938=CARTESIAN_POINT('Ctrl Pts',(0.760159325605738,9.30926684945078E-17,
2.27651860100741));
#2939=CARTESIAN_POINT('Ctrl Pts',(0.741640786499874,9.08248015304196E-17,
2.28253563910837));
#2940=CARTESIAN_POINT('',(1.02147862441398,1.25095052778602E-16,2.00476467942383));
#2941=CARTESIAN_POINT('Ctrl Pts',(1.41068460550194,1.72759038673439E-16,
1.94164078649987));
#2942=CARTESIAN_POINT('Ctrl Pts',(1.41068460550193,3.5,1.94164078649987));
#2943=CARTESIAN_POINT('Ctrl Pts',(1.39493179524203,1.70829875807203E-16,
1.95308587308929));
#2944=CARTESIAN_POINT('Ctrl Pts',(1.39493179524203,3.5,1.95308587308929));
#2945=CARTESIAN_POINT('Ctrl Pts',(1.3636760267089,1.67002148118303E-16,
1.97182378008194));
#2946=CARTESIAN_POINT('Ctrl Pts',(1.3636760267089,3.5,1.97182378008194));
#2947=CARTESIAN_POINT('Ctrl Pts',(1.3175410690722,1.61352245298445E-16,
1.98748652194407));
#2948=CARTESIAN_POINT('Ctrl Pts',(1.3175410690722,3.5,1.98748652194407));
#2949=CARTESIAN_POINT('Ctrl Pts',(1.25715719859606,1.53957353928572E-16,
1.98819094302886));
#2950=CARTESIAN_POINT('Ctrl Pts',(1.25715719859606,3.5,1.98819094302886));
#2951=CARTESIAN_POINT('Ctrl Pts',(1.18178799327072,1.44727288322977E-16,
1.97571228924838));
#2952=CARTESIAN_POINT('Ctrl Pts',(1.18178799327072,3.5,1.97571228924838));
#2953=CARTESIAN_POINT('Ctrl Pts',(1.11986687859095,1.37144138833755E-16,
1.97245055126324));
#2954=CARTESIAN_POINT('Ctrl Pts',(1.11986687859095,3.5,1.97245055126324));
#2955=CARTESIAN_POINT('Ctrl Pts',(1.07155309679253,1.3122740701034E-16,
1.98249182895565));
#2956=CARTESIAN_POINT('Ctrl Pts',(1.07155309679253,3.5,1.98249182895565));
#2957=CARTESIAN_POINT('Ctrl Pts',(1.0383379409102,1.27159723576893E-16,
1.99617442860792));
#2958=CARTESIAN_POINT('Ctrl Pts',(1.0383379409102,3.5,1.99617442860792));
#2959=CARTESIAN_POINT('Ctrl Pts',(1.02147862441398,1.25095052778602E-16,
2.00476467942383));
#2960=CARTESIAN_POINT('Ctrl Pts',(1.02147862441398,3.5,2.00476467942383));
#2961=CARTESIAN_POINT('',(1.41068460550194,1.72759038673439E-16,1.94164078649987));
#2962=CARTESIAN_POINT('Ctrl Pts',(1.41068460550194,1.72759038673439E-16,
1.94164078649987));
#2963=CARTESIAN_POINT('Ctrl Pts',(1.39493179524203,1.70829875807203E-16,
1.95308587308929));
#2964=CARTESIAN_POINT('Ctrl Pts',(1.3636760267089,1.67002148118303E-16,
1.97182378008194));
#2965=CARTESIAN_POINT('Ctrl Pts',(1.3175410690722,1.61352245298445E-16,
1.98748652194407));
#2966=CARTESIAN_POINT('Ctrl Pts',(1.25715719859606,1.53957353928572E-16,
1.98819094302886));
#2967=CARTESIAN_POINT('Ctrl Pts',(1.18178799327072,1.44727288322977E-16,
1.97571228924838));
#2968=CARTESIAN_POINT('Ctrl Pts',(1.11986687859095,1.37144138833755E-16,
1.97245055126324));
#2969=CARTESIAN_POINT('Ctrl Pts',(1.07155309679253,1.3122740701034E-16,
1.98249182895565));
#2970=CARTESIAN_POINT('Ctrl Pts',(1.0383379409102,1.27159723576893E-16,
1.99617442860792));
#2971=CARTESIAN_POINT('Ctrl Pts',(1.02147862441398,1.25095052778602E-16,
2.00476467942383));
#2972=CARTESIAN_POINT('',(1.41068460550194,1.72759038673439E-16,1.94164078649987));
#2973=CARTESIAN_POINT('Ctrl Pts',(1.59099025766973,1.94840112652986E-16,
1.59099025766973));
#2974=CARTESIAN_POINT('Ctrl Pts',(1.59099025766973,3.5,1.59099025766973));
#2975=CARTESIAN_POINT('Ctrl Pts',(1.57761062834378,1.93201580630205E-16,
1.60436988699569));
#2976=CARTESIAN_POINT('Ctrl Pts',(1.57761062834378,3.5,1.60436988699569));
#2977=CARTESIAN_POINT('Ctrl Pts',(1.55433365514617,1.90350973558177E-16,
1.63173122161755));
#2978=CARTESIAN_POINT('Ctrl Pts',(1.55433365514617,3.5,1.63173122161755));
#2979=CARTESIAN_POINT('Ctrl Pts',(1.52985405292664,1.87353086907922E-16,
1.67457743317162));
#2980=CARTESIAN_POINT('Ctrl Pts',(1.52985405292664,3.5,1.67457743317162));
#2981=CARTESIAN_POINT('Ctrl Pts',(1.51382147334517,1.85389662181269E-16,
1.73447584525268));
#2982=CARTESIAN_POINT('Ctrl Pts',(1.51382147334517,3.5,1.73447584525268));
#2983=CARTESIAN_POINT('Ctrl Pts',(1.50239901303962,1.83990814236112E-16,
1.81001233519042));
#2984=CARTESIAN_POINT('Ctrl Pts',(1.50239901303962,3.5,1.81001233519042));
#2985=CARTESIAN_POINT('Ctrl Pts',(1.48306942661345,1.81623622621546E-16,
1.86722313059947));
#2986=CARTESIAN_POINT('Ctrl Pts',(1.48306942661345,3.5,1.86722313059947));
#2987=CARTESIAN_POINT('Ctrl Pts',(1.45391678795792,1.78053454059926E-16,
1.90626002927495));
#2988=CARTESIAN_POINT('Ctrl Pts',(1.45391678795791,3.5,1.90626002927495));
#2989=CARTESIAN_POINT('Ctrl Pts',(1.42643741576184,1.74688201539676E-16,
1.93019569991046));
#2990=CARTESIAN_POINT('Ctrl Pts',(1.42643741576184,3.5,1.93019569991046));
#2991=CARTESIAN_POINT('Ctrl Pts',(1.41068460550194,1.72759038673439E-16,
1.94164078649987));
#2992=CARTESIAN_POINT('Ctrl Pts',(1.41068460550193,3.5,1.94164078649987));
#2993=CARTESIAN_POINT('',(1.59099025766973,1.94840112652986E-16,1.59099025766973));
#2994=CARTESIAN_POINT('Ctrl Pts',(1.59099025766973,1.94840112652986E-16,
1.59099025766973));
#2995=CARTESIAN_POINT('Ctrl Pts',(1.57761062834378,1.93201580630205E-16,
1.60436988699569));
#2996=CARTESIAN_POINT('Ctrl Pts',(1.55433365514617,1.90350973558177E-16,
1.63173122161755));
#2997=CARTESIAN_POINT('Ctrl Pts',(1.52985405292664,1.87353086907922E-16,
1.67457743317162));
#2998=CARTESIAN_POINT('Ctrl Pts',(1.51382147334517,1.85389662181269E-16,
1.73447584525268));
#2999=CARTESIAN_POINT('Ctrl Pts',(1.50239901303962,1.83990814236112E-16,
1.81001233519042));
#3000=CARTESIAN_POINT('Ctrl Pts',(1.48306942661345,1.81623622621546E-16,
1.86722313059947));
#3001=CARTESIAN_POINT('Ctrl Pts',(1.45391678795792,1.78053454059926E-16,
1.90626002927495));
#3002=CARTESIAN_POINT('Ctrl Pts',(1.42643741576184,1.74688201539676E-16,
1.93019569991046));
#3003=CARTESIAN_POINT('Ctrl Pts',(1.41068460550194,1.72759038673439E-16,
1.94164078649987));
#3004=CARTESIAN_POINT('',(1.59099025766973,1.94840112652986E-16,1.59099025766973));
#3005=CARTESIAN_POINT('Ctrl Pts',(1.94164078649987,0.,1.41068460550194));
#3006=CARTESIAN_POINT('Ctrl Pts',(1.94164078649987,3.5,1.41068460550194));
#3007=CARTESIAN_POINT('Ctrl Pts',(1.93019569991045,0.,1.42643741576184));
#3008=CARTESIAN_POINT('Ctrl Pts',(1.93019569991045,3.5,1.42643741576184));
#3009=CARTESIAN_POINT('Ctrl Pts',(1.90626002927495,0.,1.45391678795792));
#3010=CARTESIAN_POINT('Ctrl Pts',(1.90626002927495,3.5,1.45391678795792));
#3011=CARTESIAN_POINT('Ctrl Pts',(1.86722313059947,0.,1.48306942661345));
#3012=CARTESIAN_POINT('Ctrl Pts',(1.86722313059947,3.5,1.48306942661345));
#3013=CARTESIAN_POINT('Ctrl Pts',(1.81001233519042,0.,1.50239901303962));
#3014=CARTESIAN_POINT('Ctrl Pts',(1.81001233519042,3.5,1.50239901303962));
#3015=CARTESIAN_POINT('Ctrl Pts',(1.73447584525268,0.,1.51382147334517));
#3016=CARTESIAN_POINT('Ctrl Pts',(1.73447584525268,3.5,1.51382147334517));
#3017=CARTESIAN_POINT('Ctrl Pts',(1.67457743317162,0.,1.52985405292664));
#3018=CARTESIAN_POINT('Ctrl Pts',(1.67457743317161,3.5,1.52985405292664));
#3019=CARTESIAN_POINT('Ctrl Pts',(1.63173122161755,0.,1.55433365514617));
#3020=CARTESIAN_POINT('Ctrl Pts',(1.63173122161755,3.5,1.55433365514617));
#3021=CARTESIAN_POINT('Ctrl Pts',(1.60436988699569,0.,1.57761062834378));
#3022=CARTESIAN_POINT('Ctrl Pts',(1.60436988699569,3.5,1.57761062834378));
#3023=CARTESIAN_POINT('Ctrl Pts',(1.59099025766973,0.,1.59099025766973));
#3024=CARTESIAN_POINT('Ctrl Pts',(1.59099025766973,3.5,1.59099025766973));
#3025=CARTESIAN_POINT('',(1.94164078649987,2.37782417428102E-16,1.41068460550194));
#3026=CARTESIAN_POINT('Ctrl Pts',(1.94164078649987,0.,1.41068460550194));
#3027=CARTESIAN_POINT('Ctrl Pts',(1.93019569991045,0.,1.42643741576184));
#3028=CARTESIAN_POINT('Ctrl Pts',(1.90626002927495,0.,1.45391678795792));
#3029=CARTESIAN_POINT('Ctrl Pts',(1.86722313059947,0.,1.48306942661345));
#3030=CARTESIAN_POINT('Ctrl Pts',(1.81001233519042,0.,1.50239901303962));
#3031=CARTESIAN_POINT('Ctrl Pts',(1.73447584525268,0.,1.51382147334517));
#3032=CARTESIAN_POINT('Ctrl Pts',(1.67457743317162,0.,1.52985405292664));
#3033=CARTESIAN_POINT('Ctrl Pts',(1.63173122161755,0.,1.55433365514617));
#3034=CARTESIAN_POINT('Ctrl Pts',(1.60436988699569,0.,1.57761062834378));
#3035=CARTESIAN_POINT('Ctrl Pts',(1.59099025766973,0.,1.59099025766973));
#3036=CARTESIAN_POINT('',(1.94164078649987,2.37782417428102E-16,1.41068460550194));
#3037=CARTESIAN_POINT('Ctrl Pts',(2.00476467942383,0.,1.02147862441398));
#3038=CARTESIAN_POINT('Ctrl Pts',(2.00476467942383,3.5,1.02147862441398));
#3039=CARTESIAN_POINT('Ctrl Pts',(1.99617442860792,0.,1.0383379409102));
#3040=CARTESIAN_POINT('Ctrl Pts',(1.99617442860792,3.5,1.0383379409102));
#3041=CARTESIAN_POINT('Ctrl Pts',(1.98249182895565,0.,1.07155309679253));
#3042=CARTESIAN_POINT('Ctrl Pts',(1.98249182895565,3.5,1.07155309679253));
#3043=CARTESIAN_POINT('Ctrl Pts',(1.97245055126324,0.,1.11986687859095));
#3044=CARTESIAN_POINT('Ctrl Pts',(1.97245055126324,3.5,1.11986687859095));
#3045=CARTESIAN_POINT('Ctrl Pts',(1.97571228924838,0.,1.18178799327072));
#3046=CARTESIAN_POINT('Ctrl Pts',(1.97571228924838,3.5,1.18178799327072));
#3047=CARTESIAN_POINT('Ctrl Pts',(1.98819094302886,0.,1.25715719859607));
#3048=CARTESIAN_POINT('Ctrl Pts',(1.98819094302886,3.5,1.25715719859607));
#3049=CARTESIAN_POINT('Ctrl Pts',(1.98748652194407,0.,1.3175410690722));
#3050=CARTESIAN_POINT('Ctrl Pts',(1.98748652194407,3.5,1.3175410690722));
#3051=CARTESIAN_POINT('Ctrl Pts',(1.97182378008194,0.,1.3636760267089));
#3052=CARTESIAN_POINT('Ctrl Pts',(1.97182378008194,3.5,1.3636760267089));
#3053=CARTESIAN_POINT('Ctrl Pts',(1.95308587308929,0.,1.39493179524203));
#3054=CARTESIAN_POINT('Ctrl Pts',(1.95308587308929,3.5,1.39493179524203));
#3055=CARTESIAN_POINT('Ctrl Pts',(1.94164078649987,0.,1.41068460550194));
#3056=CARTESIAN_POINT('Ctrl Pts',(1.94164078649987,3.5,1.41068460550194));
#3057=CARTESIAN_POINT('',(2.00476467942383,2.45512864770006E-16,1.02147862441398));
#3058=CARTESIAN_POINT('Ctrl Pts',(2.00476467942383,0.,1.02147862441398));
#3059=CARTESIAN_POINT('Ctrl Pts',(1.99617442860792,0.,1.0383379409102));
#3060=CARTESIAN_POINT('Ctrl Pts',(1.98249182895565,0.,1.07155309679253));
#3061=CARTESIAN_POINT('Ctrl Pts',(1.97245055126324,0.,1.11986687859095));
#3062=CARTESIAN_POINT('Ctrl Pts',(1.97571228924838,0.,1.18178799327072));
#3063=CARTESIAN_POINT('Ctrl Pts',(1.98819094302886,0.,1.25715719859607));
#3064=CARTESIAN_POINT('Ctrl Pts',(1.98748652194407,0.,1.3175410690722));
#3065=CARTESIAN_POINT('Ctrl Pts',(1.97182378008194,0.,1.3636760267089));
#3066=CARTESIAN_POINT('Ctrl Pts',(1.95308587308929,0.,1.39493179524203));
#3067=CARTESIAN_POINT('Ctrl Pts',(1.94164078649987,0.,1.41068460550194));
#3068=CARTESIAN_POINT('',(2.00476467942383,2.45512864770006E-16,1.02147862441398));
#3069=CARTESIAN_POINT('Ctrl Pts',(2.28253563910837,0.,0.741640786499874));
#3070=CARTESIAN_POINT('Ctrl Pts',(2.28253563910837,3.5,0.741640786499874));
#3071=CARTESIAN_POINT('Ctrl Pts',(2.27651860100741,0.,0.760159325605738));
#3072=CARTESIAN_POINT('Ctrl Pts',(2.27651860100741,3.5,0.760159325605738));
#3073=CARTESIAN_POINT('Ctrl Pts',(2.26224601848096,0.,0.793690290594651));
#3074=CARTESIAN_POINT('Ctrl Pts',(2.26224601848096,3.5,0.793690290594651));
#3075=CARTESIAN_POINT('Ctrl Pts',(2.23412838239513,0.,0.83347916265361));
#3076=CARTESIAN_POINT('Ctrl Pts',(2.23412838239513,3.5,0.83347916265361));
#3077=CARTESIAN_POINT('Ctrl Pts',(2.18569085331885,0.,0.869541799824618));
#3078=CARTESIAN_POINT('Ctrl Pts',(2.18569085331885,3.5,0.869541799824618));
#3079=CARTESIAN_POINT('Ctrl Pts',(2.11738111669748,0.,0.903747264216525));
#3080=CARTESIAN_POINT('Ctrl Pts',(2.11738111669748,3.5,0.903747264216525));
#3081=CARTESIAN_POINT('Ctrl Pts',(2.0653686811264,0.,0.937504780769628));
#3082=CARTESIAN_POINT('Ctrl Pts',(2.0653686811264,3.5,0.937504780769628));
#3083=CARTESIAN_POINT('Ctrl Pts',(2.03218412553072,0.,0.974026473491615));
#3084=CARTESIAN_POINT('Ctrl Pts',(2.03218412553072,3.5,0.974026473491615));
#3085=CARTESIAN_POINT('Ctrl Pts',(2.01335493023973,0.,1.00461930791776));
#3086=CARTESIAN_POINT('Ctrl Pts',(2.01335493023973,3.5,1.00461930791776));
#3087=CARTESIAN_POINT('Ctrl Pts',(2.00476467942383,0.,1.02147862441398));
#3088=CARTESIAN_POINT('Ctrl Pts',(2.00476467942383,3.5,1.02147862441398));
#3089=CARTESIAN_POINT('',(2.28253563910837,2.79529996437382E-16,0.741640786499874));
#3090=CARTESIAN_POINT('Ctrl Pts',(2.28253563910837,0.,0.741640786499874));
#3091=CARTESIAN_POINT('Ctrl Pts',(2.27651860100741,0.,0.760159325605738));
#3092=CARTESIAN_POINT('Ctrl Pts',(2.26224601848096,0.,0.793690290594651));
#3093=CARTESIAN_POINT('Ctrl Pts',(2.23412838239513,0.,0.83347916265361));
#3094=CARTESIAN_POINT('Ctrl Pts',(2.18569085331885,0.,0.869541799824618));
#3095=CARTESIAN_POINT('Ctrl Pts',(2.11738111669748,0.,0.903747264216525));
#3096=CARTESIAN_POINT('Ctrl Pts',(2.0653686811264,0.,0.937504780769628));
#3097=CARTESIAN_POINT('Ctrl Pts',(2.03218412553072,0.,0.974026473491615));
#3098=CARTESIAN_POINT('Ctrl Pts',(2.01335493023973,0.,1.00461930791776));
#3099=CARTESIAN_POINT('Ctrl Pts',(2.00476467942383,0.,1.02147862441398));
#3100=CARTESIAN_POINT('',(2.28253563910837,2.79529996437382E-16,0.741640786499874));
#3101=CARTESIAN_POINT('Ctrl Pts',(2.22229876633906,0.,0.35197754634052));
#3102=CARTESIAN_POINT('Ctrl Pts',(2.22229876633906,3.5,0.35197754634052));
#3103=CARTESIAN_POINT('Ctrl Pts',(2.21933876763486,0.,0.370666242642592));
#3104=CARTESIAN_POINT('Ctrl Pts',(2.21933876763486,3.5,0.370666242642592));
#3105=CARTESIAN_POINT('Ctrl Pts',(2.21658988971416,0.,0.406483888904019));
#3106=CARTESIAN_POINT('Ctrl Pts',(2.21658988971416,3.5,0.406483888904019));
#3107=CARTESIAN_POINT('Ctrl Pts',(2.2219698467711,0.,0.455535951362466));
#3108=CARTESIAN_POINT('Ctrl Pts',(2.2219698467711,3.5,0.455535951362466));
#3109=CARTESIAN_POINT('Ctrl Pts',(2.24420662068301,0.,0.513418498506314));
#3110=CARTESIAN_POINT('Ctrl Pts',(2.24420662068301,3.5,0.513418498506314));
#3111=CARTESIAN_POINT('Ctrl Pts',(2.27936489097359,0.,0.581242756273877));
#3112=CARTESIAN_POINT('Ctrl Pts',(2.27936489097359,3.5,0.581242756273877));
#3113=CARTESIAN_POINT('Ctrl Pts',(2.29735458887394,0.,0.638888907855725));
#3114=CARTESIAN_POINT('Ctrl Pts',(2.29735458887394,3.5,0.638888907855725));
#3115=CARTESIAN_POINT('Ctrl Pts',(2.29671492210742,0.,0.687605913359015));
#3116=CARTESIAN_POINT('Ctrl Pts',(2.29671492210742,3.5,0.687605913359015));
#3117=CARTESIAN_POINT('Ctrl Pts',(2.28855267720932,0.,0.72312224739401));
#3118=CARTESIAN_POINT('Ctrl Pts',(2.28855267720932,3.5,0.72312224739401));
#3119=CARTESIAN_POINT('Ctrl Pts',(2.28253563910837,0.,0.741640786499874));
#3120=CARTESIAN_POINT('Ctrl Pts',(2.28253563910837,3.5,0.741640786499874));
#3121=CARTESIAN_POINT('',(2.22229876633906,2.72153107094624E-16,0.35197754634052));
#3122=CARTESIAN_POINT('Ctrl Pts',(2.22229876633906,0.,0.35197754634052));
#3123=CARTESIAN_POINT('Ctrl Pts',(2.21933876763486,0.,0.370666242642592));
#3124=CARTESIAN_POINT('Ctrl Pts',(2.21658988971416,0.,0.406483888904019));
#3125=CARTESIAN_POINT('Ctrl Pts',(2.2219698467711,0.,0.455535951362466));
#3126=CARTESIAN_POINT('Ctrl Pts',(2.24420662068301,0.,0.513418498506314));
#3127=CARTESIAN_POINT('Ctrl Pts',(2.27936489097359,0.,0.581242756273877));
#3128=CARTESIAN_POINT('Ctrl Pts',(2.29735458887394,0.,0.638888907855725));
#3129=CARTESIAN_POINT('Ctrl Pts',(2.29671492210742,0.,0.687605913359015));
#3130=CARTESIAN_POINT('Ctrl Pts',(2.28855267720932,0.,0.72312224739401));
#3131=CARTESIAN_POINT('Ctrl Pts',(2.28253563910837,0.,0.741640786499874));
#3132=CARTESIAN_POINT('',(2.22229876633906,2.72153107094624E-16,0.35197754634052));
#3133=CARTESIAN_POINT('Ctrl Pts',(2.4,0.,5.55111512312578E-16));
#3134=CARTESIAN_POINT('Ctrl Pts',(2.4,3.5,5.55111512312578E-16));
#3135=CARTESIAN_POINT('Ctrl Pts',(2.4,0.,0.0194715443178961));
#3136=CARTESIAN_POINT('Ctrl Pts',(2.4,3.5,0.0194715443178961));
#3137=CARTESIAN_POINT('Ctrl Pts',(2.39678760540322,0.,0.055771857622557));
#3138=CARTESIAN_POINT('Ctrl Pts',(2.39678760540322,3.5,0.055771857622557));
#3139=CARTESIAN_POINT('Ctrl Pts',(2.3823415820342,0.,0.102302151062438));
#3140=CARTESIAN_POINT('Ctrl Pts',(2.3823415820342,3.5,0.102302151062438));
#3141=CARTESIAN_POINT('Ctrl Pts',(2.34741872212079,0.,0.151567776788814));
#3142=CARTESIAN_POINT('Ctrl Pts',(2.34741872212079,3.5,0.151567776788814));
#3143=CARTESIAN_POINT('Ctrl Pts',(2.29302237177822,0.,0.205207976088919));
#3144=CARTESIAN_POINT('Ctrl Pts',(2.29302237177822,3.5,0.205207976088919));
#3145=CARTESIAN_POINT('Ctrl Pts',(2.25398725230276,0.,0.253386008690985));
#3146=CARTESIAN_POINT('Ctrl Pts',(2.25398725230276,3.5,0.253386008690985));
#3147=CARTESIAN_POINT('Ctrl Pts',(2.23371268817757,0.,0.298374794170205));
#3148=CARTESIAN_POINT('Ctrl Pts',(2.23371268817757,3.5,0.298374794170205));
#3149=CARTESIAN_POINT('Ctrl Pts',(2.22525876504326,0.,0.333288850038448));
#3150=CARTESIAN_POINT('Ctrl Pts',(2.22525876504326,3.5,0.333288850038448));
#3151=CARTESIAN_POINT('Ctrl Pts',(2.22229876633906,0.,0.35197754634052));
#3152=CARTESIAN_POINT('Ctrl Pts',(2.22229876633906,3.5,0.35197754634052));
#3153=CARTESIAN_POINT('',(2.4,2.93915231795365E-16,1.16573417585641E-16));
#3154=CARTESIAN_POINT('Ctrl Pts',(2.4,0.,5.55111512312578E-16));
#3155=CARTESIAN_POINT('Ctrl Pts',(2.4,0.,0.0194715443178961));
#3156=CARTESIAN_POINT('Ctrl Pts',(2.39678760540322,0.,0.055771857622557));
#3157=CARTESIAN_POINT('Ctrl Pts',(2.3823415820342,0.,0.102302151062438));
#3158=CARTESIAN_POINT('Ctrl Pts',(2.34741872212079,0.,0.151567776788814));
#3159=CARTESIAN_POINT('Ctrl Pts',(2.29302237177822,0.,0.205207976088919));
#3160=CARTESIAN_POINT('Ctrl Pts',(2.25398725230276,0.,0.253386008690985));
#3161=CARTESIAN_POINT('Ctrl Pts',(2.23371268817757,0.,0.298374794170205));
#3162=CARTESIAN_POINT('Ctrl Pts',(2.22525876504326,0.,0.333288850038448));
#3163=CARTESIAN_POINT('Ctrl Pts',(2.22229876633906,0.,0.35197754634052));
#3164=CARTESIAN_POINT('',(2.4,2.93915231795365E-16,1.16573417585641E-16));
#3165=CARTESIAN_POINT('Ctrl Pts',(2.22229876633906,0.,-0.351977546340519));
#3166=CARTESIAN_POINT('Ctrl Pts',(2.22229876633906,3.5,-0.351977546340519));
#3167=CARTESIAN_POINT('Ctrl Pts',(2.22525876504326,0.,-0.333288850038447));
#3168=CARTESIAN_POINT('Ctrl Pts',(2.22525876504326,3.5,-0.333288850038447));
#3169=CARTESIAN_POINT('Ctrl Pts',(2.23371268817757,0.,-0.298374794170204));
#3170=CARTESIAN_POINT('Ctrl Pts',(2.23371268817757,3.5,-0.298374794170204));
#3171=CARTESIAN_POINT('Ctrl Pts',(2.25398725230276,0.,-0.253386008690984));
#3172=CARTESIAN_POINT('Ctrl Pts',(2.25398725230276,3.5,-0.253386008690984));
#3173=CARTESIAN_POINT('Ctrl Pts',(2.29302237177822,0.,-0.205207976088918));
#3174=CARTESIAN_POINT('Ctrl Pts',(2.29302237177822,3.5,-0.205207976088918));
#3175=CARTESIAN_POINT('Ctrl Pts',(2.34741872212079,0.,-0.151567776788813));
#3176=CARTESIAN_POINT('Ctrl Pts',(2.34741872212079,3.5,-0.151567776788813));
#3177=CARTESIAN_POINT('Ctrl Pts',(2.3823415820342,0.,-0.102302151062437));
#3178=CARTESIAN_POINT('Ctrl Pts',(2.3823415820342,3.5,-0.102302151062437));
#3179=CARTESIAN_POINT('Ctrl Pts',(2.39678760540323,0.,-0.0557718576225561));
#3180=CARTESIAN_POINT('Ctrl Pts',(2.39678760540322,3.5,-0.0557718576225561));
#3181=CARTESIAN_POINT('Ctrl Pts',(2.4,0.,-0.0194715443178951));
#3182=CARTESIAN_POINT('Ctrl Pts',(2.4,3.5,-0.0194715443178951));
#3183=CARTESIAN_POINT('Ctrl Pts',(2.4,0.,4.40872847693047E-16));
#3184=CARTESIAN_POINT('Ctrl Pts',(2.4,3.5,4.40872847693047E-16));
#3185=CARTESIAN_POINT('',(2.22229876633906,2.72153107094624E-16,-0.351977546340519));
#3186=CARTESIAN_POINT('Ctrl Pts',(2.22229876633906,0.,-0.351977546340519));
#3187=CARTESIAN_POINT('Ctrl Pts',(2.22525876504326,0.,-0.333288850038447));
#3188=CARTESIAN_POINT('Ctrl Pts',(2.23371268817757,0.,-0.298374794170204));
#3189=CARTESIAN_POINT('Ctrl Pts',(2.25398725230276,0.,-0.253386008690984));
#3190=CARTESIAN_POINT('Ctrl Pts',(2.29302237177822,0.,-0.205207976088918));
#3191=CARTESIAN_POINT('Ctrl Pts',(2.34741872212079,0.,-0.151567776788813));
#3192=CARTESIAN_POINT('Ctrl Pts',(2.3823415820342,0.,-0.102302151062437));
#3193=CARTESIAN_POINT('Ctrl Pts',(2.39678760540323,0.,-0.0557718576225561));
#3194=CARTESIAN_POINT('Ctrl Pts',(2.4,0.,-0.0194715443178951));
#3195=CARTESIAN_POINT('Ctrl Pts',(2.4,0.,4.40872847693047E-16));
#3196=CARTESIAN_POINT('',(2.22229876633906,2.72153107094624E-16,-0.351977546340519));
#3197=CARTESIAN_POINT('Ctrl Pts',(2.28253563910837,0.,-0.741640786499873));
#3198=CARTESIAN_POINT('Ctrl Pts',(2.28253563910837,3.5,-0.741640786499873));
#3199=CARTESIAN_POINT('Ctrl Pts',(2.28855267720932,0.,-0.723122247394009));
#3200=CARTESIAN_POINT('Ctrl Pts',(2.28855267720932,3.5,-0.723122247394009));
#3201=CARTESIAN_POINT('Ctrl Pts',(2.29671492210742,0.,-0.687605913359013));
#3202=CARTESIAN_POINT('Ctrl Pts',(2.29671492210742,3.5,-0.687605913359013));
#3203=CARTESIAN_POINT('Ctrl Pts',(2.29735458887394,0.,-0.638888907855724));
#3204=CARTESIAN_POINT('Ctrl Pts',(2.29735458887394,3.5,-0.638888907855724));
#3205=CARTESIAN_POINT('Ctrl Pts',(2.27936489097359,0.,-0.581242756273875));
#3206=CARTESIAN_POINT('Ctrl Pts',(2.27936489097359,3.5,-0.581242756273875));
#3207=CARTESIAN_POINT('Ctrl Pts',(2.24420662068301,0.,-0.513418498506313));
#3208=CARTESIAN_POINT('Ctrl Pts',(2.24420662068301,3.5,-0.513418498506313));
#3209=CARTESIAN_POINT('Ctrl Pts',(2.2219698467711,0.,-0.455535951362465));
#3210=CARTESIAN_POINT('Ctrl Pts',(2.2219698467711,3.5,-0.455535951362465));
#3211=CARTESIAN_POINT('Ctrl Pts',(2.21658988971416,0.,-0.406483888904018));
#3212=CARTESIAN_POINT('Ctrl Pts',(2.21658988971416,3.5,-0.406483888904018));
#3213=CARTESIAN_POINT('Ctrl Pts',(2.21933876763486,0.,-0.370666242642591));
#3214=CARTESIAN_POINT('Ctrl Pts',(2.21933876763486,3.5,-0.370666242642591));
#3215=CARTESIAN_POINT('Ctrl Pts',(2.22229876633906,0.,-0.351977546340519));
#3216=CARTESIAN_POINT('Ctrl Pts',(2.22229876633906,3.5,-0.351977546340519));
#3217=CARTESIAN_POINT('',(2.28253563910837,2.79529996437382E-16,-0.741640786499874));
#3218=CARTESIAN_POINT('Ctrl Pts',(2.28253563910837,0.,-0.741640786499873));
#3219=CARTESIAN_POINT('Ctrl Pts',(2.28855267720932,0.,-0.723122247394009));
#3220=CARTESIAN_POINT('Ctrl Pts',(2.29671492210742,0.,-0.687605913359013));
#3221=CARTESIAN_POINT('Ctrl Pts',(2.29735458887394,0.,-0.638888907855724));
#3222=CARTESIAN_POINT('Ctrl Pts',(2.27936489097359,0.,-0.581242756273875));
#3223=CARTESIAN_POINT('Ctrl Pts',(2.24420662068301,0.,-0.513418498506313));
#3224=CARTESIAN_POINT('Ctrl Pts',(2.2219698467711,0.,-0.455535951362465));
#3225=CARTESIAN_POINT('Ctrl Pts',(2.21658988971416,0.,-0.406483888904018));
#3226=CARTESIAN_POINT('Ctrl Pts',(2.21933876763486,0.,-0.370666242642591));
#3227=CARTESIAN_POINT('Ctrl Pts',(2.22229876633906,0.,-0.351977546340519));
#3228=CARTESIAN_POINT('',(2.28253563910837,2.79529996437382E-16,-0.741640786499874));
#3229=CARTESIAN_POINT('Ctrl Pts',(2.00476467942383,0.,-1.02147862441398));
#3230=CARTESIAN_POINT('Ctrl Pts',(2.00476467942383,3.5,-1.02147862441398));
#3231=CARTESIAN_POINT('Ctrl Pts',(2.01335493023973,0.,-1.00461930791776));
#3232=CARTESIAN_POINT('Ctrl Pts',(2.01335493023973,3.5,-1.00461930791776));
#3233=CARTESIAN_POINT('Ctrl Pts',(2.03218412553072,0.,-0.974026473491615));
#3234=CARTESIAN_POINT('Ctrl Pts',(2.03218412553072,3.5,-0.974026473491615));
#3235=CARTESIAN_POINT('Ctrl Pts',(2.0653686811264,0.,-0.937504780769627));
#3236=CARTESIAN_POINT('Ctrl Pts',(2.0653686811264,3.5,-0.937504780769627));
#3237=CARTESIAN_POINT('Ctrl Pts',(2.11738111669748,0.,-0.903747264216524));
#3238=CARTESIAN_POINT('Ctrl Pts',(2.11738111669748,3.5,-0.903747264216524));
#3239=CARTESIAN_POINT('Ctrl Pts',(2.18569085331885,0.,-0.869541799824617));
#3240=CARTESIAN_POINT('Ctrl Pts',(2.18569085331885,3.5,-0.869541799824617));
#3241=CARTESIAN_POINT('Ctrl Pts',(2.23412838239513,0.,-0.833479162653609));
#3242=CARTESIAN_POINT('Ctrl Pts',(2.23412838239513,3.5,-0.833479162653609));
#3243=CARTESIAN_POINT('Ctrl Pts',(2.26224601848096,0.,-0.79369029059465));
#3244=CARTESIAN_POINT('Ctrl Pts',(2.26224601848096,3.5,-0.79369029059465));
#3245=CARTESIAN_POINT('Ctrl Pts',(2.27651860100741,0.,-0.760159325605738));
#3246=CARTESIAN_POINT('Ctrl Pts',(2.27651860100741,3.5,-0.760159325605738));
#3247=CARTESIAN_POINT('Ctrl Pts',(2.28253563910837,0.,-0.741640786499873));
#3248=CARTESIAN_POINT('Ctrl Pts',(2.28253563910837,3.5,-0.741640786499873));
#3249=CARTESIAN_POINT('',(2.00476467942383,2.45512864770006E-16,-1.02147862441398));
#3250=CARTESIAN_POINT('Ctrl Pts',(2.00476467942383,0.,-1.02147862441398));
#3251=CARTESIAN_POINT('Ctrl Pts',(2.01335493023973,0.,-1.00461930791776));
#3252=CARTESIAN_POINT('Ctrl Pts',(2.03218412553072,0.,-0.974026473491615));
#3253=CARTESIAN_POINT('Ctrl Pts',(2.0653686811264,0.,-0.937504780769627));
#3254=CARTESIAN_POINT('Ctrl Pts',(2.11738111669748,0.,-0.903747264216524));
#3255=CARTESIAN_POINT('Ctrl Pts',(2.18569085331885,0.,-0.869541799824617));
#3256=CARTESIAN_POINT('Ctrl Pts',(2.23412838239513,0.,-0.833479162653609));
#3257=CARTESIAN_POINT('Ctrl Pts',(2.26224601848096,0.,-0.79369029059465));
#3258=CARTESIAN_POINT('Ctrl Pts',(2.27651860100741,0.,-0.760159325605738));
#3259=CARTESIAN_POINT('Ctrl Pts',(2.28253563910837,0.,-0.741640786499873));
#3260=CARTESIAN_POINT('',(2.00476467942383,2.45512864770006E-16,-1.02147862441398));
#3261=CARTESIAN_POINT('Ctrl Pts',(1.94164078649987,0.,-1.41068460550193));
#3262=CARTESIAN_POINT('Ctrl Pts',(1.94164078649987,3.5,-1.41068460550193));
#3263=CARTESIAN_POINT('Ctrl Pts',(1.95308587308929,0.,-1.39493179524203));
#3264=CARTESIAN_POINT('Ctrl Pts',(1.95308587308929,3.5,-1.39493179524203));
#3265=CARTESIAN_POINT('Ctrl Pts',(1.97182378008194,0.,-1.3636760267089));
#3266=CARTESIAN_POINT('Ctrl Pts',(1.97182378008194,3.5,-1.3636760267089));
#3267=CARTESIAN_POINT('Ctrl Pts',(1.98748652194407,0.,-1.3175410690722));
#3268=CARTESIAN_POINT('Ctrl Pts',(1.98748652194407,3.5,-1.3175410690722));
#3269=CARTESIAN_POINT('Ctrl Pts',(1.98819094302886,0.,-1.25715719859606));
#3270=CARTESIAN_POINT('Ctrl Pts',(1.98819094302886,3.5,-1.25715719859606));
#3271=CARTESIAN_POINT('Ctrl Pts',(1.97571228924838,0.,-1.18178799327072));
#3272=CARTESIAN_POINT('Ctrl Pts',(1.97571228924838,3.5,-1.18178799327072));
#3273=CARTESIAN_POINT('Ctrl Pts',(1.97245055126324,0.,-1.11986687859095));
#3274=CARTESIAN_POINT('Ctrl Pts',(1.97245055126324,3.5,-1.11986687859095));
#3275=CARTESIAN_POINT('Ctrl Pts',(1.98249182895565,0.,-1.07155309679253));
#3276=CARTESIAN_POINT('Ctrl Pts',(1.98249182895565,3.5,-1.07155309679253));
#3277=CARTESIAN_POINT('Ctrl Pts',(1.99617442860792,0.,-1.0383379409102));
#3278=CARTESIAN_POINT('Ctrl Pts',(1.99617442860792,3.5,-1.0383379409102));
#3279=CARTESIAN_POINT('Ctrl Pts',(2.00476467942383,0.,-1.02147862441398));
#3280=CARTESIAN_POINT('Ctrl Pts',(2.00476467942383,3.5,-1.02147862441398));
#3281=CARTESIAN_POINT('',(1.94164078649987,2.37782417428102E-16,-1.41068460550194));
#3282=CARTESIAN_POINT('Ctrl Pts',(1.94164078649987,0.,-1.41068460550193));
#3283=CARTESIAN_POINT('Ctrl Pts',(1.95308587308929,0.,-1.39493179524203));
#3284=CARTESIAN_POINT('Ctrl Pts',(1.97182378008194,0.,-1.3636760267089));
#3285=CARTESIAN_POINT('Ctrl Pts',(1.98748652194407,0.,-1.3175410690722));
#3286=CARTESIAN_POINT('Ctrl Pts',(1.98819094302886,0.,-1.25715719859606));
#3287=CARTESIAN_POINT('Ctrl Pts',(1.97571228924838,0.,-1.18178799327072));
#3288=CARTESIAN_POINT('Ctrl Pts',(1.97245055126324,0.,-1.11986687859095));
#3289=CARTESIAN_POINT('Ctrl Pts',(1.98249182895565,0.,-1.07155309679253));
#3290=CARTESIAN_POINT('Ctrl Pts',(1.99617442860792,0.,-1.0383379409102));
#3291=CARTESIAN_POINT('Ctrl Pts',(2.00476467942383,0.,-1.02147862441398));
#3292=CARTESIAN_POINT('',(1.94164078649987,2.37782417428102E-16,-1.41068460550194));
#3293=CARTESIAN_POINT('Ctrl Pts',(1.59099025766973,0.,-1.59099025766973));
#3294=CARTESIAN_POINT('Ctrl Pts',(1.59099025766973,3.5,-1.59099025766973));
#3295=CARTESIAN_POINT('Ctrl Pts',(1.60436988699569,0.,-1.57761062834378));
#3296=CARTESIAN_POINT('Ctrl Pts',(1.60436988699569,3.5,-1.57761062834378));
#3297=CARTESIAN_POINT('Ctrl Pts',(1.63173122161755,0.,-1.55433365514617));
#3298=CARTESIAN_POINT('Ctrl Pts',(1.63173122161755,3.5,-1.55433365514617));
#3299=CARTESIAN_POINT('Ctrl Pts',(1.67457743317162,0.,-1.52985405292664));
#3300=CARTESIAN_POINT('Ctrl Pts',(1.67457743317162,3.5,-1.52985405292664));
#3301=CARTESIAN_POINT('Ctrl Pts',(1.73447584525268,0.,-1.51382147334517));
#3302=CARTESIAN_POINT('Ctrl Pts',(1.73447584525268,3.5,-1.51382147334517));
#3303=CARTESIAN_POINT('Ctrl Pts',(1.81001233519042,0.,-1.50239901303962));
#3304=CARTESIAN_POINT('Ctrl Pts',(1.81001233519042,3.5,-1.50239901303962));
#3305=CARTESIAN_POINT('Ctrl Pts',(1.86722313059947,0.,-1.48306942661345));
#3306=CARTESIAN_POINT('Ctrl Pts',(1.86722313059947,3.5,-1.48306942661345));
#3307=CARTESIAN_POINT('Ctrl Pts',(1.90626002927495,0.,-1.45391678795791));
#3308=CARTESIAN_POINT('Ctrl Pts',(1.90626002927495,3.5,-1.45391678795791));
#3309=CARTESIAN_POINT('Ctrl Pts',(1.93019569991046,0.,-1.42643741576184));
#3310=CARTESIAN_POINT('Ctrl Pts',(1.93019569991046,3.5,-1.42643741576184));
#3311=CARTESIAN_POINT('Ctrl Pts',(1.94164078649987,0.,-1.41068460550193));
#3312=CARTESIAN_POINT('Ctrl Pts',(1.94164078649987,3.5,-1.41068460550193));
#3313=CARTESIAN_POINT('',(1.59099025766973,1.94840112652986E-16,-1.59099025766973));
#3314=CARTESIAN_POINT('Ctrl Pts',(1.59099025766973,0.,-1.59099025766973));
#3315=CARTESIAN_POINT('Ctrl Pts',(1.60436988699569,0.,-1.57761062834378));
#3316=CARTESIAN_POINT('Ctrl Pts',(1.63173122161755,0.,-1.55433365514617));
#3317=CARTESIAN_POINT('Ctrl Pts',(1.67457743317162,0.,-1.52985405292664));
#3318=CARTESIAN_POINT('Ctrl Pts',(1.73447584525268,0.,-1.51382147334517));
#3319=CARTESIAN_POINT('Ctrl Pts',(1.81001233519042,0.,-1.50239901303962));
#3320=CARTESIAN_POINT('Ctrl Pts',(1.86722313059947,0.,-1.48306942661345));
#3321=CARTESIAN_POINT('Ctrl Pts',(1.90626002927495,0.,-1.45391678795791));
#3322=CARTESIAN_POINT('Ctrl Pts',(1.93019569991046,0.,-1.42643741576184));
#3323=CARTESIAN_POINT('Ctrl Pts',(1.94164078649987,0.,-1.41068460550193));
#3324=CARTESIAN_POINT('',(1.59099025766973,1.94840112652986E-16,-1.59099025766973));
#3325=CARTESIAN_POINT('Ctrl Pts',(1.41068460550194,0.,-1.94164078649987));
#3326=CARTESIAN_POINT('Ctrl Pts',(1.41068460550194,3.5,-1.94164078649987));
#3327=CARTESIAN_POINT('Ctrl Pts',(1.42643741576184,0.,-1.93019569991045));
#3328=CARTESIAN_POINT('Ctrl Pts',(1.42643741576184,3.5,-1.93019569991045));
#3329=CARTESIAN_POINT('Ctrl Pts',(1.45391678795792,0.,-1.90626002927495));
#3330=CARTESIAN_POINT('Ctrl Pts',(1.45391678795792,3.5,-1.90626002927495));
#3331=CARTESIAN_POINT('Ctrl Pts',(1.48306942661345,0.,-1.86722313059947));
#3332=CARTESIAN_POINT('Ctrl Pts',(1.48306942661345,3.5,-1.86722313059947));
#3333=CARTESIAN_POINT('Ctrl Pts',(1.50239901303962,0.,-1.81001233519042));
#3334=CARTESIAN_POINT('Ctrl Pts',(1.50239901303962,3.5,-1.81001233519042));
#3335=CARTESIAN_POINT('Ctrl Pts',(1.51382147334517,0.,-1.73447584525268));
#3336=CARTESIAN_POINT('Ctrl Pts',(1.51382147334517,3.5,-1.73447584525268));
#3337=CARTESIAN_POINT('Ctrl Pts',(1.52985405292664,0.,-1.67457743317161));
#3338=CARTESIAN_POINT('Ctrl Pts',(1.52985405292664,3.5,-1.67457743317161));
#3339=CARTESIAN_POINT('Ctrl Pts',(1.55433365514617,0.,-1.63173122161755));
#3340=CARTESIAN_POINT('Ctrl Pts',(1.55433365514617,3.5,-1.63173122161755));
#3341=CARTESIAN_POINT('Ctrl Pts',(1.57761062834378,0.,-1.60436988699569));
#3342=CARTESIAN_POINT('Ctrl Pts',(1.57761062834378,3.5,-1.60436988699569));
#3343=CARTESIAN_POINT('Ctrl Pts',(1.59099025766973,0.,-1.59099025766973));
#3344=CARTESIAN_POINT('Ctrl Pts',(1.59099025766973,3.5,-1.59099025766973));
#3345=CARTESIAN_POINT('',(1.41068460550194,1.72759038673439E-16,-1.94164078649987));
#3346=CARTESIAN_POINT('Ctrl Pts',(1.41068460550194,0.,-1.94164078649987));
#3347=CARTESIAN_POINT('Ctrl Pts',(1.42643741576184,0.,-1.93019569991045));
#3348=CARTESIAN_POINT('Ctrl Pts',(1.45391678795792,0.,-1.90626002927495));
#3349=CARTESIAN_POINT('Ctrl Pts',(1.48306942661345,0.,-1.86722313059947));
#3350=CARTESIAN_POINT('Ctrl Pts',(1.50239901303962,0.,-1.81001233519042));
#3351=CARTESIAN_POINT('Ctrl Pts',(1.51382147334517,0.,-1.73447584525268));
#3352=CARTESIAN_POINT('Ctrl Pts',(1.52985405292664,0.,-1.67457743317161));
#3353=CARTESIAN_POINT('Ctrl Pts',(1.55433365514617,0.,-1.63173122161755));
#3354=CARTESIAN_POINT('Ctrl Pts',(1.57761062834378,0.,-1.60436988699569));
#3355=CARTESIAN_POINT('Ctrl Pts',(1.59099025766973,0.,-1.59099025766973));
#3356=CARTESIAN_POINT('',(1.41068460550194,1.72759038673439E-16,-1.94164078649987));
#3357=CARTESIAN_POINT('Ctrl Pts',(1.02147862441398,0.,-2.00476467942383));
#3358=CARTESIAN_POINT('Ctrl Pts',(1.02147862441398,3.5,-2.00476467942383));
#3359=CARTESIAN_POINT('Ctrl Pts',(1.0383379409102,0.,-1.99617442860792));
#3360=CARTESIAN_POINT('Ctrl Pts',(1.0383379409102,3.5,-1.99617442860792));
#3361=CARTESIAN_POINT('Ctrl Pts',(1.07155309679253,0.,-1.98249182895565));
#3362=CARTESIAN_POINT('Ctrl Pts',(1.07155309679253,3.5,-1.98249182895565));
#3363=CARTESIAN_POINT('Ctrl Pts',(1.11986687859095,0.,-1.97245055126324));
#3364=CARTESIAN_POINT('Ctrl Pts',(1.11986687859095,3.5,-1.97245055126324));
#3365=CARTESIAN_POINT('Ctrl Pts',(1.18178799327072,0.,-1.97571228924838));
#3366=CARTESIAN_POINT('Ctrl Pts',(1.18178799327072,3.5,-1.97571228924838));
#3367=CARTESIAN_POINT('Ctrl Pts',(1.25715719859607,0.,-1.98819094302886));
#3368=CARTESIAN_POINT('Ctrl Pts',(1.25715719859606,3.5,-1.98819094302886));
#3369=CARTESIAN_POINT('Ctrl Pts',(1.3175410690722,0.,-1.98748652194407));
#3370=CARTESIAN_POINT('Ctrl Pts',(1.3175410690722,3.5,-1.98748652194407));
#3371=CARTESIAN_POINT('Ctrl Pts',(1.3636760267089,0.,-1.97182378008194));
#3372=CARTESIAN_POINT('Ctrl Pts',(1.3636760267089,3.5,-1.97182378008194));
#3373=CARTESIAN_POINT('Ctrl Pts',(1.39493179524203,0.,-1.95308587308929));
#3374=CARTESIAN_POINT('Ctrl Pts',(1.39493179524203,3.5,-1.95308587308929));
#3375=CARTESIAN_POINT('Ctrl Pts',(1.41068460550194,0.,-1.94164078649987));
#3376=CARTESIAN_POINT('Ctrl Pts',(1.41068460550194,3.5,-1.94164078649987));
#3377=CARTESIAN_POINT('',(1.02147862441398,1.25095052778602E-16,-2.00476467942383));
#3378=CARTESIAN_POINT('Ctrl Pts',(1.02147862441398,0.,-2.00476467942383));
#3379=CARTESIAN_POINT('Ctrl Pts',(1.0383379409102,0.,-1.99617442860792));
#3380=CARTESIAN_POINT('Ctrl Pts',(1.07155309679253,0.,-1.98249182895565));
#3381=CARTESIAN_POINT('Ctrl Pts',(1.11986687859095,0.,-1.97245055126324));
#3382=CARTESIAN_POINT('Ctrl Pts',(1.18178799327072,0.,-1.97571228924838));
#3383=CARTESIAN_POINT('Ctrl Pts',(1.25715719859607,0.,-1.98819094302886));
#3384=CARTESIAN_POINT('Ctrl Pts',(1.3175410690722,0.,-1.98748652194407));
#3385=CARTESIAN_POINT('Ctrl Pts',(1.3636760267089,0.,-1.97182378008194));
#3386=CARTESIAN_POINT('Ctrl Pts',(1.39493179524203,0.,-1.95308587308929));
#3387=CARTESIAN_POINT('Ctrl Pts',(1.41068460550194,0.,-1.94164078649987));
#3388=CARTESIAN_POINT('',(1.02147862441398,1.25095052778602E-16,-2.00476467942383));
#3389=CARTESIAN_POINT('Ctrl Pts',(0.741640786499874,0.,-2.28253563910837));
#3390=CARTESIAN_POINT('Ctrl Pts',(0.741640786499874,3.5,-2.28253563910837));
#3391=CARTESIAN_POINT('Ctrl Pts',(0.760159325605738,0.,-2.27651860100741));
#3392=CARTESIAN_POINT('Ctrl Pts',(0.760159325605738,3.5,-2.27651860100741));
#3393=CARTESIAN_POINT('Ctrl Pts',(0.793690290594651,0.,-2.26224601848096));
#3394=CARTESIAN_POINT('Ctrl Pts',(0.79369029059465,3.5,-2.26224601848096));
#3395=CARTESIAN_POINT('Ctrl Pts',(0.83347916265361,0.,-2.23412838239513));
#3396=CARTESIAN_POINT('Ctrl Pts',(0.833479162653609,3.5,-2.23412838239513));
#3397=CARTESIAN_POINT('Ctrl Pts',(0.869541799824618,0.,-2.18569085331885));
#3398=CARTESIAN_POINT('Ctrl Pts',(0.869541799824617,3.5,-2.18569085331885));
#3399=CARTESIAN_POINT('Ctrl Pts',(0.903747264216525,0.,-2.11738111669748));
#3400=CARTESIAN_POINT('Ctrl Pts',(0.903747264216525,3.5,-2.11738111669748));
#3401=CARTESIAN_POINT('Ctrl Pts',(0.937504780769628,0.,-2.0653686811264));
#3402=CARTESIAN_POINT('Ctrl Pts',(0.937504780769627,3.5,-2.0653686811264));
#3403=CARTESIAN_POINT('Ctrl Pts',(0.974026473491615,0.,-2.03218412553072));
#3404=CARTESIAN_POINT('Ctrl Pts',(0.974026473491615,3.5,-2.03218412553072));
#3405=CARTESIAN_POINT('Ctrl Pts',(1.00461930791776,0.,-2.01335493023973));
#3406=CARTESIAN_POINT('Ctrl Pts',(1.00461930791776,3.5,-2.01335493023973));
#3407=CARTESIAN_POINT('Ctrl Pts',(1.02147862441398,0.,-2.00476467942383));
#3408=CARTESIAN_POINT('Ctrl Pts',(1.02147862441398,3.5,-2.00476467942383));
#3409=CARTESIAN_POINT('',(0.741640786499874,9.08248015304196E-17,-2.28253563910837));
#3410=CARTESIAN_POINT('Ctrl Pts',(0.741640786499874,0.,-2.28253563910837));
#3411=CARTESIAN_POINT('Ctrl Pts',(0.760159325605738,0.,-2.27651860100741));
#3412=CARTESIAN_POINT('Ctrl Pts',(0.793690290594651,0.,-2.26224601848096));
#3413=CARTESIAN_POINT('Ctrl Pts',(0.83347916265361,0.,-2.23412838239513));
#3414=CARTESIAN_POINT('Ctrl Pts',(0.869541799824618,0.,-2.18569085331885));
#3415=CARTESIAN_POINT('Ctrl Pts',(0.903747264216525,0.,-2.11738111669748));
#3416=CARTESIAN_POINT('Ctrl Pts',(0.937504780769628,0.,-2.0653686811264));
#3417=CARTESIAN_POINT('Ctrl Pts',(0.974026473491615,0.,-2.03218412553072));
#3418=CARTESIAN_POINT('Ctrl Pts',(1.00461930791776,0.,-2.01335493023973));
#3419=CARTESIAN_POINT('Ctrl Pts',(1.02147862441398,0.,-2.00476467942383));
#3420=CARTESIAN_POINT('',(0.741640786499874,9.08248015304196E-17,-2.28253563910837));
#3421=CARTESIAN_POINT('Ctrl Pts',(0.35197754634052,0.,-2.22229876633906));
#3422=CARTESIAN_POINT('Ctrl Pts',(0.35197754634052,3.5,-2.22229876633906));
#3423=CARTESIAN_POINT('Ctrl Pts',(0.370666242642592,0.,-2.21933876763486));
#3424=CARTESIAN_POINT('Ctrl Pts',(0.370666242642592,3.5,-2.21933876763486));
#3425=CARTESIAN_POINT('Ctrl Pts',(0.406483888904019,0.,-2.21658988971416));
#3426=CARTESIAN_POINT('Ctrl Pts',(0.406483888904019,3.5,-2.21658988971416));
#3427=CARTESIAN_POINT('Ctrl Pts',(0.455535951362466,0.,-2.2219698467711));
#3428=CARTESIAN_POINT('Ctrl Pts',(0.455535951362466,3.5,-2.2219698467711));
#3429=CARTESIAN_POINT('Ctrl Pts',(0.513418498506314,0.,-2.24420662068301));
#3430=CARTESIAN_POINT('Ctrl Pts',(0.513418498506314,3.5,-2.24420662068301));
#3431=CARTESIAN_POINT('Ctrl Pts',(0.581242756273877,0.,-2.27936489097359));
#3432=CARTESIAN_POINT('Ctrl Pts',(0.581242756273876,3.5,-2.27936489097359));
#3433=CARTESIAN_POINT('Ctrl Pts',(0.638888907855726,0.,-2.29735458887394));
#3434=CARTESIAN_POINT('Ctrl Pts',(0.638888907855725,3.5,-2.29735458887394));
#3435=CARTESIAN_POINT('Ctrl Pts',(0.687605913359015,0.,-2.29671492210742));
#3436=CARTESIAN_POINT('Ctrl Pts',(0.687605913359014,3.5,-2.29671492210742));
#3437=CARTESIAN_POINT('Ctrl Pts',(0.72312224739401,0.,-2.28855267720932));
#3438=CARTESIAN_POINT('Ctrl Pts',(0.723122247394009,3.5,-2.28855267720932));
#3439=CARTESIAN_POINT('Ctrl Pts',(0.741640786499874,0.,-2.28253563910837));
#3440=CARTESIAN_POINT('Ctrl Pts',(0.741640786499874,3.5,-2.28253563910837));
#3441=CARTESIAN_POINT('',(0.35197754634052,4.31048175497657E-17,-2.22229876633906));
#3442=CARTESIAN_POINT('Ctrl Pts',(0.35197754634052,0.,-2.22229876633906));
#3443=CARTESIAN_POINT('Ctrl Pts',(0.370666242642592,0.,-2.21933876763486));
#3444=CARTESIAN_POINT('Ctrl Pts',(0.406483888904019,0.,-2.21658988971416));
#3445=CARTESIAN_POINT('Ctrl Pts',(0.455535951362466,0.,-2.2219698467711));
#3446=CARTESIAN_POINT('Ctrl Pts',(0.513418498506314,0.,-2.24420662068301));
#3447=CARTESIAN_POINT('Ctrl Pts',(0.581242756273877,0.,-2.27936489097359));
#3448=CARTESIAN_POINT('Ctrl Pts',(0.638888907855726,0.,-2.29735458887394));
#3449=CARTESIAN_POINT('Ctrl Pts',(0.687605913359015,0.,-2.29671492210742));
#3450=CARTESIAN_POINT('Ctrl Pts',(0.72312224739401,0.,-2.28855267720932));
#3451=CARTESIAN_POINT('Ctrl Pts',(0.741640786499874,0.,-2.28253563910837));
#3452=CARTESIAN_POINT('',(0.35197754634052,4.31048175497657E-17,-2.22229876633906));
#3453=CARTESIAN_POINT('Ctrl Pts',(6.93889390390723E-16,0.,-2.4));
#3454=CARTESIAN_POINT('Ctrl Pts',(2.65263010689149E-16,3.5,-2.4));
#3455=CARTESIAN_POINT('Ctrl Pts',(0.0194715443178961,0.,-2.4));
#3456=CARTESIAN_POINT('Ctrl Pts',(0.0194715443178957,3.5,-2.4));
#3457=CARTESIAN_POINT('Ctrl Pts',(0.0557718576225572,0.,-2.39678760540322));
#3458=CARTESIAN_POINT('Ctrl Pts',(0.0557718576225567,3.5,-2.39678760540322));
#3459=CARTESIAN_POINT('Ctrl Pts',(0.102302151062438,0.,-2.3823415820342));
#3460=CARTESIAN_POINT('Ctrl Pts',(0.102302151062438,3.5,-2.3823415820342));
#3461=CARTESIAN_POINT('Ctrl Pts',(0.151567776788814,0.,-2.34741872212079));
#3462=CARTESIAN_POINT('Ctrl Pts',(0.151567776788814,3.5,-2.34741872212079));
#3463=CARTESIAN_POINT('Ctrl Pts',(0.205207976088919,0.,-2.29302237177822));
#3464=CARTESIAN_POINT('Ctrl Pts',(0.205207976088918,3.5,-2.29302237177822));
#3465=CARTESIAN_POINT('Ctrl Pts',(0.253386008690985,0.,-2.25398725230276));
#3466=CARTESIAN_POINT('Ctrl Pts',(0.253386008690985,3.5,-2.25398725230276));
#3467=CARTESIAN_POINT('Ctrl Pts',(0.298374794170205,0.,-2.23371268817757));
#3468=CARTESIAN_POINT('Ctrl Pts',(0.298374794170205,3.5,-2.23371268817757));
#3469=CARTESIAN_POINT('Ctrl Pts',(0.333288850038448,0.,-2.22525876504326));
#3470=CARTESIAN_POINT('Ctrl Pts',(0.333288850038447,3.5,-2.22525876504326));
#3471=CARTESIAN_POINT('Ctrl Pts',(0.35197754634052,0.,-2.22229876633906));
#3472=CARTESIAN_POINT('Ctrl Pts',(0.351977546340519,3.5,-2.22229876633906));
#3473=CARTESIAN_POINT('',(2.55351295663786E-16,2.51737910554036E-32,-2.4));
#3474=CARTESIAN_POINT('Ctrl Pts',(6.93889390390723E-16,0.,-2.4));
#3475=CARTESIAN_POINT('Ctrl Pts',(0.0194715443178961,0.,-2.4));
#3476=CARTESIAN_POINT('Ctrl Pts',(0.0557718576225572,0.,-2.39678760540322));
#3477=CARTESIAN_POINT('Ctrl Pts',(0.102302151062438,0.,-2.3823415820342));
#3478=CARTESIAN_POINT('Ctrl Pts',(0.151567776788814,0.,-2.34741872212079));
#3479=CARTESIAN_POINT('Ctrl Pts',(0.205207976088919,0.,-2.29302237177822));
#3480=CARTESIAN_POINT('Ctrl Pts',(0.253386008690985,0.,-2.25398725230276));
#3481=CARTESIAN_POINT('Ctrl Pts',(0.298374794170205,0.,-2.23371268817757));
#3482=CARTESIAN_POINT('Ctrl Pts',(0.333288850038448,0.,-2.22525876504326));
#3483=CARTESIAN_POINT('Ctrl Pts',(0.35197754634052,0.,-2.22229876633906));
#3484=CARTESIAN_POINT('',(2.55351295663786E-16,2.51737910554036E-32,-2.4));
#3485=CARTESIAN_POINT('Ctrl Pts',(-0.351977546340519,0.,-2.22229876633906));
#3486=CARTESIAN_POINT('Ctrl Pts',(-0.35197754634052,3.5,-2.22229876633906));
#3487=CARTESIAN_POINT('Ctrl Pts',(-0.333288850038447,0.,-2.22525876504326));
#3488=CARTESIAN_POINT('Ctrl Pts',(-0.333288850038447,3.5,-2.22525876504326));
#3489=CARTESIAN_POINT('Ctrl Pts',(-0.298374794170204,0.,-2.23371268817757));
#3490=CARTESIAN_POINT('Ctrl Pts',(-0.298374794170205,3.5,-2.23371268817757));
#3491=CARTESIAN_POINT('Ctrl Pts',(-0.253386008690984,0.,-2.25398725230276));
#3492=CARTESIAN_POINT('Ctrl Pts',(-0.253386008690984,3.5,-2.25398725230276));
#3493=CARTESIAN_POINT('Ctrl Pts',(-0.205207976088918,0.,-2.29302237177822));
#3494=CARTESIAN_POINT('Ctrl Pts',(-0.205207976088918,3.5,-2.29302237177822));
#3495=CARTESIAN_POINT('Ctrl Pts',(-0.151567776788814,0.,-2.34741872212079));
#3496=CARTESIAN_POINT('Ctrl Pts',(-0.151567776788814,3.5,-2.34741872212079));
#3497=CARTESIAN_POINT('Ctrl Pts',(-0.102302151062437,0.,-2.3823415820342));
#3498=CARTESIAN_POINT('Ctrl Pts',(-0.102302151062438,3.5,-2.3823415820342));
#3499=CARTESIAN_POINT('Ctrl Pts',(-0.0557718576225565,0.,-2.39678760540323));
#3500=CARTESIAN_POINT('Ctrl Pts',(-0.0557718576225569,3.5,-2.39678760540323));
#3501=CARTESIAN_POINT('Ctrl Pts',(-0.0194715443178956,0.,-2.4));
#3502=CARTESIAN_POINT('Ctrl Pts',(-0.019471544317896,3.5,-2.4));
#3503=CARTESIAN_POINT('Ctrl Pts',(0.,0.,-2.4));
#3504=CARTESIAN_POINT('Ctrl Pts',(-4.28626379701574E-16,3.5,-2.4));
#3505=CARTESIAN_POINT('',(-0.351977546340519,-4.31048175497656E-17,-2.22229876633906));
#3506=CARTESIAN_POINT('Ctrl Pts',(-0.351977546340519,0.,-2.22229876633906));
#3507=CARTESIAN_POINT('Ctrl Pts',(-0.333288850038447,0.,-2.22525876504326));
#3508=CARTESIAN_POINT('Ctrl Pts',(-0.298374794170204,0.,-2.23371268817757));
#3509=CARTESIAN_POINT('Ctrl Pts',(-0.253386008690984,0.,-2.25398725230276));
#3510=CARTESIAN_POINT('Ctrl Pts',(-0.205207976088918,0.,-2.29302237177822));
#3511=CARTESIAN_POINT('Ctrl Pts',(-0.151567776788814,0.,-2.34741872212079));
#3512=CARTESIAN_POINT('Ctrl Pts',(-0.102302151062437,0.,-2.3823415820342));
#3513=CARTESIAN_POINT('Ctrl Pts',(-0.0557718576225565,0.,-2.39678760540323));
#3514=CARTESIAN_POINT('Ctrl Pts',(-0.0194715443178956,0.,-2.4));
#3515=CARTESIAN_POINT('Ctrl Pts',(0.,0.,-2.4));
#3516=CARTESIAN_POINT('',(-0.351977546340519,-4.31048175497656E-17,-2.22229876633906));
#3517=CARTESIAN_POINT('Ctrl Pts',(-0.741640786499873,0.,-2.28253563910837));
#3518=CARTESIAN_POINT('Ctrl Pts',(-0.741640786499874,3.5,-2.28253563910837));
#3519=CARTESIAN_POINT('Ctrl Pts',(-0.723122247394009,0.,-2.28855267720932));
#3520=CARTESIAN_POINT('Ctrl Pts',(-0.723122247394009,3.5,-2.28855267720932));
#3521=CARTESIAN_POINT('Ctrl Pts',(-0.687605913359014,0.,-2.29671492210742));
#3522=CARTESIAN_POINT('Ctrl Pts',(-0.687605913359014,3.5,-2.29671492210742));
#3523=CARTESIAN_POINT('Ctrl Pts',(-0.638888907855725,0.,-2.29735458887394));
#3524=CARTESIAN_POINT('Ctrl Pts',(-0.638888907855725,3.5,-2.29735458887394));
#3525=CARTESIAN_POINT('Ctrl Pts',(-0.581242756273876,0.,-2.27936489097359));
#3526=CARTESIAN_POINT('Ctrl Pts',(-0.581242756273876,3.5,-2.27936489097359));
#3527=CARTESIAN_POINT('Ctrl Pts',(-0.513418498506313,0.,-2.24420662068301));
#3528=CARTESIAN_POINT('Ctrl Pts',(-0.513418498506314,3.5,-2.24420662068301));
#3529=CARTESIAN_POINT('Ctrl Pts',(-0.455535951362465,0.,-2.2219698467711));
#3530=CARTESIAN_POINT('Ctrl Pts',(-0.455535951362466,3.5,-2.2219698467711));
#3531=CARTESIAN_POINT('Ctrl Pts',(-0.406483888904018,0.,-2.21658988971416));
#3532=CARTESIAN_POINT('Ctrl Pts',(-0.406483888904019,3.5,-2.21658988971416));
#3533=CARTESIAN_POINT('Ctrl Pts',(-0.370666242642592,0.,-2.21933876763486));
#3534=CARTESIAN_POINT('Ctrl Pts',(-0.370666242642592,3.5,-2.21933876763486));
#3535=CARTESIAN_POINT('Ctrl Pts',(-0.351977546340519,0.,-2.22229876633906));
#3536=CARTESIAN_POINT('Ctrl Pts',(-0.35197754634052,3.5,-2.22229876633906));
#3537=CARTESIAN_POINT('',(-0.741640786499874,-9.08248015304196E-17,-2.28253563910837));
#3538=CARTESIAN_POINT('Ctrl Pts',(-0.741640786499873,0.,-2.28253563910837));
#3539=CARTESIAN_POINT('Ctrl Pts',(-0.723122247394009,0.,-2.28855267720932));
#3540=CARTESIAN_POINT('Ctrl Pts',(-0.687605913359014,0.,-2.29671492210742));
#3541=CARTESIAN_POINT('Ctrl Pts',(-0.638888907855725,0.,-2.29735458887394));
#3542=CARTESIAN_POINT('Ctrl Pts',(-0.581242756273876,0.,-2.27936489097359));
#3543=CARTESIAN_POINT('Ctrl Pts',(-0.513418498506313,0.,-2.24420662068301));
#3544=CARTESIAN_POINT('Ctrl Pts',(-0.455535951362465,0.,-2.2219698467711));
#3545=CARTESIAN_POINT('Ctrl Pts',(-0.406483888904018,0.,-2.21658988971416));
#3546=CARTESIAN_POINT('Ctrl Pts',(-0.370666242642592,0.,-2.21933876763486));
#3547=CARTESIAN_POINT('Ctrl Pts',(-0.351977546340519,0.,-2.22229876633906));
#3548=CARTESIAN_POINT('',(-0.741640786499874,-9.08248015304196E-17,-2.28253563910837));
#3549=CARTESIAN_POINT('Ctrl Pts',(-1.02147862441398,0.,-2.00476467942383));
#3550=CARTESIAN_POINT('Ctrl Pts',(-1.02147862441398,3.5,-2.00476467942383));
#3551=CARTESIAN_POINT('Ctrl Pts',(-1.00461930791776,0.,-2.01335493023973));
#3552=CARTESIAN_POINT('Ctrl Pts',(-1.00461930791776,3.5,-2.01335493023973));
#3553=CARTESIAN_POINT('Ctrl Pts',(-0.974026473491615,0.,-2.03218412553072));
#3554=CARTESIAN_POINT('Ctrl Pts',(-0.974026473491615,3.5,-2.03218412553072));
#3555=CARTESIAN_POINT('Ctrl Pts',(-0.937504780769627,0.,-2.0653686811264));
#3556=CARTESIAN_POINT('Ctrl Pts',(-0.937504780769628,3.5,-2.0653686811264));
#3557=CARTESIAN_POINT('Ctrl Pts',(-0.903747264216525,0.,-2.11738111669748));
#3558=CARTESIAN_POINT('Ctrl Pts',(-0.903747264216525,3.5,-2.11738111669748));
#3559=CARTESIAN_POINT('Ctrl Pts',(-0.869541799824618,0.,-2.18569085331885));
#3560=CARTESIAN_POINT('Ctrl Pts',(-0.869541799824618,3.5,-2.18569085331885));
#3561=CARTESIAN_POINT('Ctrl Pts',(-0.83347916265361,0.,-2.23412838239513));
#3562=CARTESIAN_POINT('Ctrl Pts',(-0.83347916265361,3.5,-2.23412838239513));
#3563=CARTESIAN_POINT('Ctrl Pts',(-0.79369029059465,0.,-2.26224601848096));
#3564=CARTESIAN_POINT('Ctrl Pts',(-0.793690290594651,3.5,-2.26224601848096));
#3565=CARTESIAN_POINT('Ctrl Pts',(-0.760159325605738,0.,-2.27651860100741));
#3566=CARTESIAN_POINT('Ctrl Pts',(-0.760159325605739,3.5,-2.27651860100741));
#3567=CARTESIAN_POINT('Ctrl Pts',(-0.741640786499874,0.,-2.28253563910837));
#3568=CARTESIAN_POINT('Ctrl Pts',(-0.741640786499874,3.5,-2.28253563910837));
#3569=CARTESIAN_POINT('',(-1.02147862441398,-1.25095052778602E-16,-2.00476467942383));
#3570=CARTESIAN_POINT('Ctrl Pts',(-1.02147862441398,0.,-2.00476467942383));
#3571=CARTESIAN_POINT('Ctrl Pts',(-1.00461930791776,0.,-2.01335493023973));
#3572=CARTESIAN_POINT('Ctrl Pts',(-0.974026473491615,0.,-2.03218412553072));
#3573=CARTESIAN_POINT('Ctrl Pts',(-0.937504780769627,0.,-2.0653686811264));
#3574=CARTESIAN_POINT('Ctrl Pts',(-0.903747264216525,0.,-2.11738111669748));
#3575=CARTESIAN_POINT('Ctrl Pts',(-0.869541799824618,0.,-2.18569085331885));
#3576=CARTESIAN_POINT('Ctrl Pts',(-0.83347916265361,0.,-2.23412838239513));
#3577=CARTESIAN_POINT('Ctrl Pts',(-0.79369029059465,0.,-2.26224601848096));
#3578=CARTESIAN_POINT('Ctrl Pts',(-0.760159325605738,0.,-2.27651860100741));
#3579=CARTESIAN_POINT('Ctrl Pts',(-0.741640786499874,0.,-2.28253563910837));
#3580=CARTESIAN_POINT('',(-1.02147862441398,-1.25095052778602E-16,-2.00476467942383));
#3581=CARTESIAN_POINT('Ctrl Pts',(-1.41068460550194,0.,-1.94164078649987));
#3582=CARTESIAN_POINT('Ctrl Pts',(-1.41068460550194,3.5,-1.94164078649987));
#3583=CARTESIAN_POINT('Ctrl Pts',(-1.39493179524203,0.,-1.95308587308929));
#3584=CARTESIAN_POINT('Ctrl Pts',(-1.39493179524203,3.5,-1.95308587308929));
#3585=CARTESIAN_POINT('Ctrl Pts',(-1.3636760267089,0.,-1.97182378008194));
#3586=CARTESIAN_POINT('Ctrl Pts',(-1.3636760267089,3.5,-1.97182378008194));
#3587=CARTESIAN_POINT('Ctrl Pts',(-1.3175410690722,0.,-1.98748652194407));
#3588=CARTESIAN_POINT('Ctrl Pts',(-1.3175410690722,3.5,-1.98748652194407));
#3589=CARTESIAN_POINT('Ctrl Pts',(-1.25715719859606,0.,-1.98819094302886));
#3590=CARTESIAN_POINT('Ctrl Pts',(-1.25715719859607,3.5,-1.98819094302886));
#3591=CARTESIAN_POINT('Ctrl Pts',(-1.18178799327072,0.,-1.97571228924838));
#3592=CARTESIAN_POINT('Ctrl Pts',(-1.18178799327072,3.5,-1.97571228924838));
#3593=CARTESIAN_POINT('Ctrl Pts',(-1.11986687859095,0.,-1.97245055126324));
#3594=CARTESIAN_POINT('Ctrl Pts',(-1.11986687859095,3.5,-1.97245055126324));
#3595=CARTESIAN_POINT('Ctrl Pts',(-1.07155309679253,0.,-1.98249182895565));
#3596=CARTESIAN_POINT('Ctrl Pts',(-1.07155309679253,3.5,-1.98249182895565));
#3597=CARTESIAN_POINT('Ctrl Pts',(-1.0383379409102,0.,-1.99617442860792));
#3598=CARTESIAN_POINT('Ctrl Pts',(-1.0383379409102,3.5,-1.99617442860792));
#3599=CARTESIAN_POINT('Ctrl Pts',(-1.02147862441398,0.,-2.00476467942383));
#3600=CARTESIAN_POINT('Ctrl Pts',(-1.02147862441398,3.5,-2.00476467942383));
#3601=CARTESIAN_POINT('',(-1.41068460550193,-1.72759038673439E-16,-1.94164078649987));
#3602=CARTESIAN_POINT('Ctrl Pts',(-1.41068460550194,0.,-1.94164078649987));
#3603=CARTESIAN_POINT('Ctrl Pts',(-1.39493179524203,0.,-1.95308587308929));
#3604=CARTESIAN_POINT('Ctrl Pts',(-1.3636760267089,0.,-1.97182378008194));
#3605=CARTESIAN_POINT('Ctrl Pts',(-1.3175410690722,0.,-1.98748652194407));
#3606=CARTESIAN_POINT('Ctrl Pts',(-1.25715719859606,0.,-1.98819094302886));
#3607=CARTESIAN_POINT('Ctrl Pts',(-1.18178799327072,0.,-1.97571228924838));
#3608=CARTESIAN_POINT('Ctrl Pts',(-1.11986687859095,0.,-1.97245055126324));
#3609=CARTESIAN_POINT('Ctrl Pts',(-1.07155309679253,0.,-1.98249182895565));
#3610=CARTESIAN_POINT('Ctrl Pts',(-1.0383379409102,0.,-1.99617442860792));
#3611=CARTESIAN_POINT('Ctrl Pts',(-1.02147862441398,0.,-2.00476467942383));
#3612=CARTESIAN_POINT('',(-1.41068460550193,-1.72759038673439E-16,-1.94164078649987));
#3613=CARTESIAN_POINT('Ctrl Pts',(-1.59099025766973,0.,-1.59099025766973));
#3614=CARTESIAN_POINT('Ctrl Pts',(-1.59099025766973,3.5,-1.59099025766973));
#3615=CARTESIAN_POINT('Ctrl Pts',(-1.57761062834378,0.,-1.60436988699569));
#3616=CARTESIAN_POINT('Ctrl Pts',(-1.57761062834378,3.5,-1.60436988699569));
#3617=CARTESIAN_POINT('Ctrl Pts',(-1.55433365514617,0.,-1.63173122161755));
#3618=CARTESIAN_POINT('Ctrl Pts',(-1.55433365514617,3.5,-1.63173122161755));
#3619=CARTESIAN_POINT('Ctrl Pts',(-1.52985405292664,0.,-1.67457743317162));
#3620=CARTESIAN_POINT('Ctrl Pts',(-1.52985405292664,3.5,-1.67457743317162));
#3621=CARTESIAN_POINT('Ctrl Pts',(-1.51382147334517,0.,-1.73447584525268));
#3622=CARTESIAN_POINT('Ctrl Pts',(-1.51382147334517,3.5,-1.73447584525268));
#3623=CARTESIAN_POINT('Ctrl Pts',(-1.50239901303962,0.,-1.81001233519042));
#3624=CARTESIAN_POINT('Ctrl Pts',(-1.50239901303962,3.5,-1.81001233519042));
#3625=CARTESIAN_POINT('Ctrl Pts',(-1.48306942661345,0.,-1.86722313059947));
#3626=CARTESIAN_POINT('Ctrl Pts',(-1.48306942661345,3.5,-1.86722313059947));
#3627=CARTESIAN_POINT('Ctrl Pts',(-1.45391678795792,0.,-1.90626002927495));
#3628=CARTESIAN_POINT('Ctrl Pts',(-1.45391678795792,3.5,-1.90626002927495));
#3629=CARTESIAN_POINT('Ctrl Pts',(-1.42643741576184,0.,-1.93019569991046));
#3630=CARTESIAN_POINT('Ctrl Pts',(-1.42643741576184,3.5,-1.93019569991046));
#3631=CARTESIAN_POINT('Ctrl Pts',(-1.41068460550194,0.,-1.94164078649987));
#3632=CARTESIAN_POINT('Ctrl Pts',(-1.41068460550194,3.5,-1.94164078649987));
#3633=CARTESIAN_POINT('',(-1.59099025766973,-1.94840112652986E-16,-1.59099025766973));
#3634=CARTESIAN_POINT('Ctrl Pts',(-1.59099025766973,0.,-1.59099025766973));
#3635=CARTESIAN_POINT('Ctrl Pts',(-1.57761062834378,0.,-1.60436988699569));
#3636=CARTESIAN_POINT('Ctrl Pts',(-1.55433365514617,0.,-1.63173122161755));
#3637=CARTESIAN_POINT('Ctrl Pts',(-1.52985405292664,0.,-1.67457743317162));
#3638=CARTESIAN_POINT('Ctrl Pts',(-1.51382147334517,0.,-1.73447584525268));
#3639=CARTESIAN_POINT('Ctrl Pts',(-1.50239901303962,0.,-1.81001233519042));
#3640=CARTESIAN_POINT('Ctrl Pts',(-1.48306942661345,0.,-1.86722313059947));
#3641=CARTESIAN_POINT('Ctrl Pts',(-1.45391678795792,0.,-1.90626002927495));
#3642=CARTESIAN_POINT('Ctrl Pts',(-1.42643741576184,0.,-1.93019569991046));
#3643=CARTESIAN_POINT('Ctrl Pts',(-1.41068460550194,0.,-1.94164078649987));
#3644=CARTESIAN_POINT('',(-1.59099025766973,-1.94840112652986E-16,-1.59099025766973));
#3645=CARTESIAN_POINT('Ctrl Pts',(-1.94164078649987,-2.37782417428102E-16,
-1.41068460550194));
#3646=CARTESIAN_POINT('Ctrl Pts',(-1.94164078649987,3.5,-1.41068460550194));
#3647=CARTESIAN_POINT('Ctrl Pts',(-1.93019569991046,-2.36380798562332E-16,
-1.42643741576184));
#3648=CARTESIAN_POINT('Ctrl Pts',(-1.93019569991046,3.5,-1.42643741576184));
#3649=CARTESIAN_POINT('Ctrl Pts',(-1.90626002927495,-2.33449524319411E-16,
-1.45391678795792));
#3650=CARTESIAN_POINT('Ctrl Pts',(-1.90626002927495,3.5,-1.45391678795792));
#3651=CARTESIAN_POINT('Ctrl Pts',(-1.86722313059947,-2.28668883018254E-16,
-1.48306942661345));
#3652=CARTESIAN_POINT('Ctrl Pts',(-1.86722313059947,3.5,-1.48306942661345));
#3653=CARTESIAN_POINT('Ctrl Pts',(-1.81001233519042,-2.21662581270817E-16,
-1.50239901303962));
#3654=CARTESIAN_POINT('Ctrl Pts',(-1.81001233519042,3.5,-1.50239901303962));
#3655=CARTESIAN_POINT('Ctrl Pts',(-1.73447584525268,-2.12412029208709E-16,
-1.51382147334517));
#3656=CARTESIAN_POINT('Ctrl Pts',(-1.73447584525268,3.5,-1.51382147334517));
#3657=CARTESIAN_POINT('Ctrl Pts',(-1.67457743317162,-2.05076589345801E-16,
-1.52985405292664));
#3658=CARTESIAN_POINT('Ctrl Pts',(-1.67457743317162,3.5,-1.52985405292664));
#3659=CARTESIAN_POINT('Ctrl Pts',(-1.63173122161755,-1.99829441762274E-16,
-1.55433365514617));
#3660=CARTESIAN_POINT('Ctrl Pts',(-1.63173122161755,3.5,-1.55433365514617));
#3661=CARTESIAN_POINT('Ctrl Pts',(-1.60436988699569,-1.96478644675767E-16,
-1.57761062834378));
#3662=CARTESIAN_POINT('Ctrl Pts',(-1.60436988699569,3.5,-1.57761062834378));
#3663=CARTESIAN_POINT('Ctrl Pts',(-1.59099025766973,-1.94840112652986E-16,
-1.59099025766973));
#3664=CARTESIAN_POINT('Ctrl Pts',(-1.59099025766973,3.5,-1.59099025766973));
#3665=CARTESIAN_POINT('',(-1.94164078649987,-2.37782417428102E-16,-1.41068460550194));
#3666=CARTESIAN_POINT('Ctrl Pts',(-1.94164078649987,-2.37782417428102E-16,
-1.41068460550194));
#3667=CARTESIAN_POINT('Ctrl Pts',(-1.93019569991046,-2.36380798562332E-16,
-1.42643741576184));
#3668=CARTESIAN_POINT('Ctrl Pts',(-1.90626002927495,-2.33449524319411E-16,
-1.45391678795792));
#3669=CARTESIAN_POINT('Ctrl Pts',(-1.86722313059947,-2.28668883018254E-16,
-1.48306942661345));
#3670=CARTESIAN_POINT('Ctrl Pts',(-1.81001233519042,-2.21662581270817E-16,
-1.50239901303962));
#3671=CARTESIAN_POINT('Ctrl Pts',(-1.73447584525268,-2.12412029208709E-16,
-1.51382147334517));
#3672=CARTESIAN_POINT('Ctrl Pts',(-1.67457743317162,-2.05076589345801E-16,
-1.52985405292664));
#3673=CARTESIAN_POINT('Ctrl Pts',(-1.63173122161755,-1.99829441762274E-16,
-1.55433365514617));
#3674=CARTESIAN_POINT('Ctrl Pts',(-1.60436988699569,-1.96478644675767E-16,
-1.57761062834378));
#3675=CARTESIAN_POINT('Ctrl Pts',(-1.59099025766973,-1.94840112652986E-16,
-1.59099025766973));
#3676=CARTESIAN_POINT('',(-1.94164078649987,-2.37782417428102E-16,-1.41068460550194));
#3677=CARTESIAN_POINT('Ctrl Pts',(-2.00476467942383,-2.45512864770006E-16,
-1.02147862441398));
#3678=CARTESIAN_POINT('Ctrl Pts',(-2.00476467942383,3.5,-1.02147862441398));
#3679=CARTESIAN_POINT('Ctrl Pts',(-1.99617442860792,-2.44460862453449E-16,
-1.0383379409102));
#3680=CARTESIAN_POINT('Ctrl Pts',(-1.99617442860792,3.5,-1.0383379409102));
#3681=CARTESIAN_POINT('Ctrl Pts',(-1.98249182895565,-2.42785227266632E-16,
-1.07155309679253));
#3682=CARTESIAN_POINT('Ctrl Pts',(-1.98249182895565,3.5,-1.07155309679253));
#3683=CARTESIAN_POINT('Ctrl Pts',(-1.97245055126324,-2.41555525408096E-16,
-1.11986687859095));
#3684=CARTESIAN_POINT('Ctrl Pts',(-1.97245055126324,3.5,-1.11986687859095));
#3685=CARTESIAN_POINT('Ctrl Pts',(-1.97571228924838,-2.41954973106412E-16,
-1.18178799327072));
#3686=CARTESIAN_POINT('Ctrl Pts',(-1.97571228924838,3.5,-1.18178799327072));
#3687=CARTESIAN_POINT('Ctrl Pts',(-1.98819094302886,-2.43483167447406E-16,
-1.25715719859607));
#3688=CARTESIAN_POINT('Ctrl Pts',(-1.98819094302886,3.5,-1.25715719859607));
#3689=CARTESIAN_POINT('Ctrl Pts',(-1.98748652194407,-2.43396900744731E-16,
-1.3175410690722));
#3690=CARTESIAN_POINT('Ctrl Pts',(-1.98748652194407,3.5,-1.3175410690722));
#3691=CARTESIAN_POINT('Ctrl Pts',(-1.97182378008194,-2.41478768075998E-16,
-1.3636760267089));
#3692=CARTESIAN_POINT('Ctrl Pts',(-1.97182378008194,3.5,-1.3636760267089));
#3693=CARTESIAN_POINT('Ctrl Pts',(-1.95308587308929,-2.39184036293871E-16,
-1.39493179524203));
#3694=CARTESIAN_POINT('Ctrl Pts',(-1.95308587308929,3.5,-1.39493179524203));
#3695=CARTESIAN_POINT('Ctrl Pts',(-1.94164078649987,-2.37782417428102E-16,
-1.41068460550194));
#3696=CARTESIAN_POINT('Ctrl Pts',(-1.94164078649987,3.5,-1.41068460550194));
#3697=CARTESIAN_POINT('',(-2.00476467942383,-2.45512864770006E-16,-1.02147862441398));
#3698=CARTESIAN_POINT('Ctrl Pts',(-2.00476467942383,-2.45512864770006E-16,
-1.02147862441398));
#3699=CARTESIAN_POINT('Ctrl Pts',(-1.99617442860792,-2.44460862453449E-16,
-1.0383379409102));
#3700=CARTESIAN_POINT('Ctrl Pts',(-1.98249182895565,-2.42785227266632E-16,
-1.07155309679253));
#3701=CARTESIAN_POINT('Ctrl Pts',(-1.97245055126324,-2.41555525408096E-16,
-1.11986687859095));
#3702=CARTESIAN_POINT('Ctrl Pts',(-1.97571228924838,-2.41954973106412E-16,
-1.18178799327072));
#3703=CARTESIAN_POINT('Ctrl Pts',(-1.98819094302886,-2.43483167447406E-16,
-1.25715719859607));
#3704=CARTESIAN_POINT('Ctrl Pts',(-1.98748652194407,-2.43396900744731E-16,
-1.3175410690722));
#3705=CARTESIAN_POINT('Ctrl Pts',(-1.97182378008194,-2.41478768075998E-16,
-1.3636760267089));
#3706=CARTESIAN_POINT('Ctrl Pts',(-1.95308587308929,-2.39184036293871E-16,
-1.39493179524203));
#3707=CARTESIAN_POINT('Ctrl Pts',(-1.94164078649987,-2.37782417428102E-16,
-1.41068460550194));
#3708=CARTESIAN_POINT('',(-2.00476467942383,-2.45512864770006E-16,-1.02147862441398));
#3709=CARTESIAN_POINT('Ctrl Pts',(-2.28253563910837,-2.79529996437382E-16,
-0.741640786499874));
#3710=CARTESIAN_POINT('Ctrl Pts',(-2.28253563910837,3.5,-0.741640786499874));
#3711=CARTESIAN_POINT('Ctrl Pts',(-2.27651860100741,-2.78793121792314E-16,
-0.760159325605739));
#3712=CARTESIAN_POINT('Ctrl Pts',(-2.27651860100741,3.5,-0.760159325605739));
#3713=CARTESIAN_POINT('Ctrl Pts',(-2.26224601848096,-2.77045234541656E-16,
-0.793690290594651));
#3714=CARTESIAN_POINT('Ctrl Pts',(-2.26224601848096,3.5,-0.793690290594651));
#3715=CARTESIAN_POINT('Ctrl Pts',(-2.23412838239513,-2.73601817238445E-16,
-0.83347916265361));
#3716=CARTESIAN_POINT('Ctrl Pts',(-2.23412838239513,3.5,-0.83347916265361));
#3717=CARTESIAN_POINT('Ctrl Pts',(-2.18569085331885,-2.67669930744258E-16,
-0.869541799824618));
#3718=CARTESIAN_POINT('Ctrl Pts',(-2.18569085331885,3.5,-0.869541799824618));
#3719=CARTESIAN_POINT('Ctrl Pts',(-2.11738111669748,-2.59304400713862E-16,
-0.903747264216525));
#3720=CARTESIAN_POINT('Ctrl Pts',(-2.11738111669748,3.5,-0.903747264216525));
#3721=CARTESIAN_POINT('Ctrl Pts',(-2.0653686811264,-2.52934714440064E-16,
-0.937504780769628));
#3722=CARTESIAN_POINT('Ctrl Pts',(-2.0653686811264,3.5,-0.937504780769628));
#3723=CARTESIAN_POINT('Ctrl Pts',(-2.03218412553072,-2.48870778460926E-16,
-0.974026473491615));
#3724=CARTESIAN_POINT('Ctrl Pts',(-2.03218412553072,3.5,-0.974026473491615));
#3725=CARTESIAN_POINT('Ctrl Pts',(-2.01335493023973,-2.46564867086563E-16,
-1.00461930791776));
#3726=CARTESIAN_POINT('Ctrl Pts',(-2.01335493023973,3.5,-1.00461930791776));
#3727=CARTESIAN_POINT('Ctrl Pts',(-2.00476467942383,-2.45512864770006E-16,
-1.02147862441398));
#3728=CARTESIAN_POINT('Ctrl Pts',(-2.00476467942383,3.5,-1.02147862441398));
#3729=CARTESIAN_POINT('',(-2.28253563910837,-2.79529996437382E-16,-0.741640786499874));
#3730=CARTESIAN_POINT('Ctrl Pts',(-2.28253563910837,-2.79529996437382E-16,
-0.741640786499874));
#3731=CARTESIAN_POINT('Ctrl Pts',(-2.27651860100741,-2.78793121792314E-16,
-0.760159325605739));
#3732=CARTESIAN_POINT('Ctrl Pts',(-2.26224601848096,-2.77045234541656E-16,
-0.793690290594651));
#3733=CARTESIAN_POINT('Ctrl Pts',(-2.23412838239513,-2.73601817238445E-16,
-0.83347916265361));
#3734=CARTESIAN_POINT('Ctrl Pts',(-2.18569085331885,-2.67669930744258E-16,
-0.869541799824618));
#3735=CARTESIAN_POINT('Ctrl Pts',(-2.11738111669748,-2.59304400713862E-16,
-0.903747264216525));
#3736=CARTESIAN_POINT('Ctrl Pts',(-2.0653686811264,-2.52934714440064E-16,
-0.937504780769628));
#3737=CARTESIAN_POINT('Ctrl Pts',(-2.03218412553072,-2.48870778460926E-16,
-0.974026473491615));
#3738=CARTESIAN_POINT('Ctrl Pts',(-2.01335493023973,-2.46564867086563E-16,
-1.00461930791776));
#3739=CARTESIAN_POINT('Ctrl Pts',(-2.00476467942383,-2.45512864770006E-16,
-1.02147862441398));
#3740=CARTESIAN_POINT('',(-2.28253563910837,-2.79529996437382E-16,-0.741640786499874));
#3741=CARTESIAN_POINT('Origin',(0.,0.,0.));
#3742=CARTESIAN_POINT('',(3.44509284839767E-16,3.96495011147752E-32,-1.));
#3743=CARTESIAN_POINT('Origin',(0.,0.,0.));
#3744=CARTESIAN_POINT('',(9.9579925010296E-17,9.65430546153804E-33,-1.));
#3745=CARTESIAN_POINT('Ctrl Pts',(-2.22229876633906,-2.72153107094624E-16,
-0.35197754634052));
#3746=CARTESIAN_POINT('Ctrl Pts',(-2.22229876633906,3.5,-0.35197754634052));
#3747=CARTESIAN_POINT('Ctrl Pts',(-2.21933876763486,-2.71790611800766E-16,
-0.370666242642592));
#3748=CARTESIAN_POINT('Ctrl Pts',(-2.21933876763486,3.5,-0.370666242642592));
#3749=CARTESIAN_POINT('Ctrl Pts',(-2.21658988971416,-2.71453971346083E-16,
-0.406483888904019));
#3750=CARTESIAN_POINT('Ctrl Pts',(-2.21658988971416,3.5,-0.406483888904019));
#3751=CARTESIAN_POINT('Ctrl Pts',(-2.2219698467711,-2.72112826065017E-16,
-0.455535951362466));
#3752=CARTESIAN_POINT('Ctrl Pts',(-2.2219698467711,3.5,-0.455535951362466));
#3753=CARTESIAN_POINT('Ctrl Pts',(-2.24420662068301,-2.74836045464475E-16,
-0.513418498506314));
#3754=CARTESIAN_POINT('Ctrl Pts',(-2.24420662068301,3.5,-0.513418498506314));
#3755=CARTESIAN_POINT('Ctrl Pts',(-2.27936489097359,-2.79141691781967E-16,
-0.581242756273876));
#3756=CARTESIAN_POINT('Ctrl Pts',(-2.27936489097359,3.5,-0.581242756273876));
#3757=CARTESIAN_POINT('Ctrl Pts',(-2.29735458887394,-2.81344794377096E-16,
-0.638888907855725));
#3758=CARTESIAN_POINT('Ctrl Pts',(-2.29735458887394,3.5,-0.638888907855725));
#3759=CARTESIAN_POINT('Ctrl Pts',(-2.29671492210742,-2.81266457791282E-16,
-0.687605913359014));
#3760=CARTESIAN_POINT('Ctrl Pts',(-2.29671492210742,3.5,-0.687605913359014));
#3761=CARTESIAN_POINT('Ctrl Pts',(-2.28855267720932,-2.8026687108245E-16,
-0.72312224739401));
#3762=CARTESIAN_POINT('Ctrl Pts',(-2.28855267720932,3.5,-0.72312224739401));
#3763=CARTESIAN_POINT('Ctrl Pts',(-2.28253563910837,-2.79529996437382E-16,
-0.741640786499874));
#3764=CARTESIAN_POINT('Ctrl Pts',(-2.28253563910837,3.5,-0.741640786499874));
#3765=CARTESIAN_POINT('',(-2.22229876633906,-2.72153107094624E-16,-0.35197754634052));
#3766=CARTESIAN_POINT('Ctrl Pts',(-2.22229876633906,-2.72153107094624E-16,
-0.35197754634052));
#3767=CARTESIAN_POINT('Ctrl Pts',(-2.21933876763486,-2.71790611800766E-16,
-0.370666242642592));
#3768=CARTESIAN_POINT('Ctrl Pts',(-2.21658988971416,-2.71453971346083E-16,
-0.406483888904019));
#3769=CARTESIAN_POINT('Ctrl Pts',(-2.2219698467711,-2.72112826065017E-16,
-0.455535951362466));
#3770=CARTESIAN_POINT('Ctrl Pts',(-2.24420662068301,-2.74836045464475E-16,
-0.513418498506314));
#3771=CARTESIAN_POINT('Ctrl Pts',(-2.27936489097359,-2.79141691781967E-16,
-0.581242756273876));
#3772=CARTESIAN_POINT('Ctrl Pts',(-2.29735458887394,-2.81344794377096E-16,
-0.638888907855725));
#3773=CARTESIAN_POINT('Ctrl Pts',(-2.29671492210742,-2.81266457791282E-16,
-0.687605913359014));
#3774=CARTESIAN_POINT('Ctrl Pts',(-2.28855267720932,-2.8026687108245E-16,
-0.72312224739401));
#3775=CARTESIAN_POINT('Ctrl Pts',(-2.28253563910837,-2.79529996437382E-16,
-0.741640786499874));
#3776=CARTESIAN_POINT('',(-2.22229876633906,-2.72153107094624E-16,-0.35197754634052));
#3777=CARTESIAN_POINT('Ctrl Pts',(-2.4,-2.93915231795365E-16,-5.32907051820075E-16));
#3778=CARTESIAN_POINT('Ctrl Pts',(-2.4,3.5,-5.32907051820075E-16));
#3779=CARTESIAN_POINT('Ctrl Pts',(-2.4,-2.93915231795365E-16,-0.0194715443178961));
#3780=CARTESIAN_POINT('Ctrl Pts',(-2.4,3.5,-0.0194715443178961));
#3781=CARTESIAN_POINT('Ctrl Pts',(-2.39678760540323,-2.93521826919311E-16,
-0.055771857622557));
#3782=CARTESIAN_POINT('Ctrl Pts',(-2.39678760540323,3.5,-0.055771857622557));
#3783=CARTESIAN_POINT('Ctrl Pts',(-2.3823415820342,-2.91752699291383E-16,
-0.102302151062438));
#3784=CARTESIAN_POINT('Ctrl Pts',(-2.38234158203421,3.5,-0.102302151062438));
#3785=CARTESIAN_POINT('Ctrl Pts',(-2.34741872212079,-2.8747588243038E-16,
-0.151567776788814));
#3786=CARTESIAN_POINT('Ctrl Pts',(-2.34741872212079,3.5,-0.151567776788814));
#3787=CARTESIAN_POINT('Ctrl Pts',(-2.29302237177822,-2.80814250797147E-16,
-0.205207976088918));
#3788=CARTESIAN_POINT('Ctrl Pts',(-2.29302237177822,3.5,-0.205207976088918));
#3789=CARTESIAN_POINT('Ctrl Pts',(-2.25398725230276,-2.76033827385152E-16,
-0.253386008690984));
#3790=CARTESIAN_POINT('Ctrl Pts',(-2.25398725230276,3.5,-0.253386008690984));
#3791=CARTESIAN_POINT('Ctrl Pts',(-2.23371268817757,-2.73550909379149E-16,
-0.298374794170205));
#3792=CARTESIAN_POINT('Ctrl Pts',(-2.23371268817757,3.5,-0.298374794170205));
#3793=CARTESIAN_POINT('Ctrl Pts',(-2.22525876504326,-2.72515602388482E-16,
-0.333288850038447));
#3794=CARTESIAN_POINT('Ctrl Pts',(-2.22525876504326,3.5,-0.333288850038447));
#3795=CARTESIAN_POINT('Ctrl Pts',(-2.22229876633906,-2.72153107094624E-16,
-0.35197754634052));
#3796=CARTESIAN_POINT('Ctrl Pts',(-2.22229876633906,3.5,-0.35197754634052));
#3797=CARTESIAN_POINT('Ctrl Pts',(-2.4,-2.93915231795365E-16,-5.32907051820075E-16));
#3798=CARTESIAN_POINT('Ctrl Pts',(-2.4,-2.93915231795365E-16,-0.0194715443178961));
#3799=CARTESIAN_POINT('Ctrl Pts',(-2.39678760540323,-2.93521826919311E-16,
-0.055771857622557));
#3800=CARTESIAN_POINT('Ctrl Pts',(-2.3823415820342,-2.91752699291383E-16,
-0.102302151062438));
#3801=CARTESIAN_POINT('Ctrl Pts',(-2.34741872212079,-2.8747588243038E-16,
-0.151567776788814));
#3802=CARTESIAN_POINT('Ctrl Pts',(-2.29302237177822,-2.80814250797147E-16,
-0.205207976088918));
#3803=CARTESIAN_POINT('Ctrl Pts',(-2.25398725230276,-2.76033827385152E-16,
-0.253386008690984));
#3804=CARTESIAN_POINT('Ctrl Pts',(-2.23371268817757,-2.73550909379149E-16,
-0.298374794170205));
#3805=CARTESIAN_POINT('Ctrl Pts',(-2.22525876504326,-2.72515602388482E-16,
-0.333288850038447));
#3806=CARTESIAN_POINT('Ctrl Pts',(-2.22229876633906,-2.72153107094624E-16,
-0.35197754634052));
#3807=CARTESIAN_POINT('Origin',(0.,0.,0.));
#3808=UNCERTAINTY_MEASURE_WITH_UNIT(LENGTH_MEASURE(0.01),#3812,
'DISTANCE_ACCURACY_VALUE',
'Maximum model space distance between geometric entities at asserted c
onnectivities');
#3809=UNCERTAINTY_MEASURE_WITH_UNIT(LENGTH_MEASURE(0.01),#3812,
'DISTANCE_ACCURACY_VALUE',
'Maximum model space distance between geometric entities at asserted c
onnectivities');
#3810=(
GEOMETRIC_REPRESENTATION_CONTEXT(3)
GLOBAL_UNCERTAINTY_ASSIGNED_CONTEXT((#3808))
GLOBAL_UNIT_ASSIGNED_CONTEXT((#3812,#3814,#3815))
REPRESENTATION_CONTEXT('','3D')
);
#3811=(
GEOMETRIC_REPRESENTATION_CONTEXT(3)
GLOBAL_UNCERTAINTY_ASSIGNED_CONTEXT((#3809))
GLOBAL_UNIT_ASSIGNED_CONTEXT((#3812,#3814,#3815))
REPRESENTATION_CONTEXT('','3D')
);
#3812=(
LENGTH_UNIT()
NAMED_UNIT(*)
SI_UNIT(.MILLI.,.METRE.)
);
#3813=(
LENGTH_UNIT()
NAMED_UNIT(*)
SI_UNIT($,.METRE.)
);
#3814=(
NAMED_UNIT(*)
PLANE_ANGLE_UNIT()
SI_UNIT($,.RADIAN.)
);
#3815=(
NAMED_UNIT(*)
SI_UNIT($,.STERADIAN.)
SOLID_ANGLE_UNIT()
);
#3816=SHAPE_DEFINITION_REPRESENTATION(#3817,#3818);
#3817=PRODUCT_DEFINITION_SHAPE('',$,#3820);
#3818=SHAPE_REPRESENTATION('',(#1557),#3810);
#3819=PRODUCT_DEFINITION_CONTEXT('part definition',#3824,'design');
#3820=PRODUCT_DEFINITION('servo_mg90s','servo_mg90s v2',#3821,#3819);
#3821=PRODUCT_DEFINITION_FORMATION('',$,#3826);
#3822=PRODUCT_RELATED_PRODUCT_CATEGORY('servo_mg90s v2',
'servo_mg90s v2',(#3826));
#3823=APPLICATION_PROTOCOL_DEFINITION('international standard',
'automotive_design',2009,#3824);
#3824=APPLICATION_CONTEXT(
'Core Data for Automotive Mechanical Design Process');
#3825=PRODUCT_CONTEXT('part definition',#3824,'mechanical');
#3826=PRODUCT('servo_mg90s','servo_mg90s v2',$,(#3825));
#3827=PRESENTATION_STYLE_ASSIGNMENT((#3836));
#3828=PRESENTATION_STYLE_ASSIGNMENT((#3837));
#3829=PRESENTATION_STYLE_ASSIGNMENT((#3838));
#3830=PRESENTATION_STYLE_ASSIGNMENT((#3839));
#3831=PRESENTATION_STYLE_ASSIGNMENT((#3840));
#3832=PRESENTATION_STYLE_ASSIGNMENT((#3841));
#3833=PRESENTATION_STYLE_ASSIGNMENT((#3842));
#3834=PRESENTATION_STYLE_ASSIGNMENT((#3843));
#3835=PRESENTATION_STYLE_ASSIGNMENT((#3844));
#3836=SURFACE_STYLE_USAGE(.BOTH.,#3845);
#3837=SURFACE_STYLE_USAGE(.BOTH.,#3846);
#3838=SURFACE_STYLE_USAGE(.BOTH.,#3847);
#3839=SURFACE_STYLE_USAGE(.BOTH.,#3848);
#3840=SURFACE_STYLE_USAGE(.BOTH.,#3849);
#3841=SURFACE_STYLE_USAGE(.BOTH.,#3850);
#3842=SURFACE_STYLE_USAGE(.BOTH.,#3851);
#3843=SURFACE_STYLE_USAGE(.BOTH.,#3852);
#3844=SURFACE_STYLE_USAGE(.BOTH.,#3853);
#3845=SURFACE_SIDE_STYLE('',(#3854));
#3846=SURFACE_SIDE_STYLE('',(#3855));
#3847=SURFACE_SIDE_STYLE('',(#3856));
#3848=SURFACE_SIDE_STYLE('',(#3857));
#3849=SURFACE_SIDE_STYLE('',(#3858));
#3850=SURFACE_SIDE_STYLE('',(#3859));
#3851=SURFACE_SIDE_STYLE('',(#3860));
#3852=SURFACE_SIDE_STYLE('',(#3861));
#3853=SURFACE_SIDE_STYLE('',(#3862));
#3854=SURFACE_STYLE_FILL_AREA(#3863);
#3855=SURFACE_STYLE_FILL_AREA(#3864);
#3856=SURFACE_STYLE_FILL_AREA(#3865);
#3857=SURFACE_STYLE_FILL_AREA(#3866);
#3858=SURFACE_STYLE_FILL_AREA(#3867);
#3859=SURFACE_STYLE_FILL_AREA(#3868);
#3860=SURFACE_STYLE_FILL_AREA(#3869);
#3861=SURFACE_STYLE_FILL_AREA(#3870);
#3862=SURFACE_STYLE_FILL_AREA(#3871);
#3863=FILL_AREA_STYLE('\X2\94A2\X0\ - \X2\7F0E5149\X0\',(#3872));
#3864=FILL_AREA_STYLE('Plastic  Brown',(#3873));
#3865=FILL_AREA_STYLE('Bottom',(#3874));
#3866=FILL_AREA_STYLE('RightPhoto',(#3875));
#3867=FILL_AREA_STYLE('LeftPhoto',(#3876));
#3868=FILL_AREA_STYLE('BackPhoto',(#3877));
#3869=FILL_AREA_STYLE('Top',(#3878));
#3870=FILL_AREA_STYLE('FrontPhoto',(#3879));
#3871=FILL_AREA_STYLE('\X2\9EC494DC\X0\ - \X2\629B5149\X0\',(#3880));
#3872=FILL_AREA_STYLE_COLOUR('\X2\94A2\X0\ - \X2\7F0E5149\X0\',#3881);
#3873=FILL_AREA_STYLE_COLOUR('Plastic  Brown',#3882);
#3874=FILL_AREA_STYLE_COLOUR('Bottom',#3883);
#3875=FILL_AREA_STYLE_COLOUR('RightPhoto',#3884);
#3876=FILL_AREA_STYLE_COLOUR('LeftPhoto',#3885);
#3877=FILL_AREA_STYLE_COLOUR('BackPhoto',#3886);
#3878=FILL_AREA_STYLE_COLOUR('Top',#3887);
#3879=FILL_AREA_STYLE_COLOUR('FrontPhoto',#3888);
#3880=FILL_AREA_STYLE_COLOUR('\X2\9EC494DC\X0\ - \X2\629B5149\X0\',#3889);
#3881=COLOUR_RGB('\X2\94A2\X0\ - \X2\7F0E5149\X0\',0.627450980392157,0.627450980392157,
0.627450980392157);
#3882=COLOUR_RGB('Plastic  Brown',0.423529411764706,0.313725490196078,0.262745098039216);
#3883=COLOUR_RGB('Bottom',0.,0.,0.);
#3884=COLOUR_RGB('RightPhoto',0.,0.,0.);
#3885=COLOUR_RGB('LeftPhoto',0.,0.,0.);
#3886=COLOUR_RGB('BackPhoto',0.,0.,0.);
#3887=COLOUR_RGB('Top',0.,0.,0.);
#3888=COLOUR_RGB('FrontPhoto',0.,0.,0.);
#3889=COLOUR_RGB('\X2\9EC494DC\X0\ - \X2\629B5149\X0\',0.952941176470588,
0.796078431372549,0.486274509803922);
ENDSEC;
END-ISO-10303-21;
