ISO-10303-21;
HEADER;
/* Generated by software containing ST-Developer
 * from STEP Tools, Inc. (www.steptools.com) 
 */

FILE_DESCRIPTION(
/* description */ (''),
/* implementation_level */ '2;1');

FILE_NAME(
/* name */ 'ONE-LEG_ONE-LEG.step',
/* time_stamp */ '2026-07-15T10:33:11+08:00',
/* author */ (''),
/* organization */ (''),
/* preprocessor_version */ 'ST-DEVELOPER v20.1',
/* originating_system */ 'Autodesk Translation Framework v15.8.0.0',
/* authorisation */ '');

FILE_SCHEMA (('AUTOMOTIVE_DESIGN { 1 0 10303 214 3 1 1 }'));
ENDSEC;

DATA;
#10=MECHANICAL_DESIGN_GEOMETRIC_PRESENTATION_REPRESENTATION('',(#529,#530,
#531,#532,#533,#534,#535,#536,#537,#538,#539,#540,#541),#13452);
#11=ITEM_DEFINED_TRANSFORMATION($,$,#6254,#6516);
#12=ITEM_DEFINED_TRANSFORMATION($,$,#6322,#6517);
#13=ITEM_DEFINED_TRANSFORMATION($,$,#6420,#6518);
#14=ITEM_DEFINED_TRANSFORMATION($,$,#6450,#6519);
#15=ITEM_DEFINED_TRANSFORMATION($,$,#6495,#6520);
#16=ITEM_DEFINED_TRANSFORMATION($,$,#5990,#6549);
#17=ITEM_DEFINED_TRANSFORMATION($,$,#6059,#6550);
#18=ITEM_DEFINED_TRANSFORMATION($,$,#6111,#6551);
#19=ITEM_DEFINED_TRANSFORMATION($,$,#6206,#6552);
#20=ITEM_DEFINED_TRANSFORMATION($,$,#6253,#6553);
#21=ITEM_DEFINED_TRANSFORMATION($,$,#6521,#6554);
#22=(
REPRESENTATION_RELATIONSHIP($,$,#13498,#13497)
REPRESENTATION_RELATIONSHIP_WITH_TRANSFORMATION(#11)
SHAPE_REPRESENTATION_RELATIONSHIP()
);
#23=(
REPRESENTATION_RELATIONSHIP($,$,#13499,#13497)
REPRESENTATION_RELATIONSHIP_WITH_TRANSFORMATION(#12)
SHAPE_REPRESENTATION_RELATIONSHIP()
);
#24=(
REPRESENTATION_RELATIONSHIP($,$,#13500,#13497)
REPRESENTATION_RELATIONSHIP_WITH_TRANSFORMATION(#13)
SHAPE_REPRESENTATION_RELATIONSHIP()
);
#25=(
REPRESENTATION_RELATIONSHIP($,$,#13501,#13497)
REPRESENTATION_RELATIONSHIP_WITH_TRANSFORMATION(#14)
SHAPE_REPRESENTATION_RELATIONSHIP()
);
#26=(
REPRESENTATION_RELATIONSHIP($,$,#13502,#13497)
REPRESENTATION_RELATIONSHIP_WITH_TRANSFORMATION(#15)
SHAPE_REPRESENTATION_RELATIONSHIP()
);
#27=(
REPRESENTATION_RELATIONSHIP($,$,#13493,#13492)
REPRESENTATION_RELATIONSHIP_WITH_TRANSFORMATION(#16)
SHAPE_REPRESENTATION_RELATIONSHIP()
);
#28=(
REPRESENTATION_RELATIONSHIP($,$,#13494,#13492)
REPRESENTATION_RELATIONSHIP_WITH_TRANSFORMATION(#17)
SHAPE_REPRESENTATION_RELATIONSHIP()
);
#29=(
REPRESENTATION_RELATIONSHIP($,$,#13495,#13492)
REPRESENTATION_RELATIONSHIP_WITH_TRANSFORMATION(#18)
SHAPE_REPRESENTATION_RELATIONSHIP()
);
#30=(
REPRESENTATION_RELATIONSHIP($,$,#13496,#13492)
REPRESENTATION_RELATIONSHIP_WITH_TRANSFORMATION(#19)
SHAPE_REPRESENTATION_RELATIONSHIP()
);
#31=(
REPRESENTATION_RELATIONSHIP($,$,#13497,#13492)
REPRESENTATION_RELATIONSHIP_WITH_TRANSFORMATION(#20)
SHAPE_REPRESENTATION_RELATIONSHIP()
);
#32=(
REPRESENTATION_RELATIONSHIP($,$,#13503,#13492)
REPRESENTATION_RELATIONSHIP_WITH_TRANSFORMATION(#21)
SHAPE_REPRESENTATION_RELATIONSHIP()
);
#33=CONTEXT_DEPENDENT_SHAPE_REPRESENTATION(#22,#13480);
#34=CONTEXT_DEPENDENT_SHAPE_REPRESENTATION(#23,#13481);
#35=CONTEXT_DEPENDENT_SHAPE_REPRESENTATION(#24,#13482);
#36=CONTEXT_DEPENDENT_SHAPE_REPRESENTATION(#25,#13483);
#37=CONTEXT_DEPENDENT_SHAPE_REPRESENTATION(#26,#13484);
#38=CONTEXT_DEPENDENT_SHAPE_REPRESENTATION(#27,#13486);
#39=CONTEXT_DEPENDENT_SHAPE_REPRESENTATION(#28,#13487);
#40=CONTEXT_DEPENDENT_SHAPE_REPRESENTATION(#29,#13488);
#41=CONTEXT_DEPENDENT_SHAPE_REPRESENTATION(#30,#13489);
#42=CONTEXT_DEPENDENT_SHAPE_REPRESENTATION(#31,#13490);
#43=CONTEXT_DEPENDENT_SHAPE_REPRESENTATION(#32,#13491);
#44=NEXT_ASSEMBLY_USAGE_OCCURRENCE('\X2\5927817F4E3B52A8529B53D1751F5668\X0\:
1','\X2\5927817F4E3B52A8529B53D1751F5668\X0\:1',
'\X2\5927817F4E3B52A8529B53D1751F5668\X0\:1',#13510,#13511,
'\X2\5927817F4E3B52A8529B53D1751F5668\X0\:1');
#45=NEXT_ASSEMBLY_USAGE_OCCURRENCE('\X2\5C0F817F4FDD630167B6\X0\:1',
'\X2\5C0F817F4FDD630167B6\X0\:1','\X2\5C0F817F4FDD630167B6\X0\:1',#13510,
#13512,'\X2\5C0F817F4FDD630167B6\X0\:1');
#46=NEXT_ASSEMBLY_USAGE_OCCURRENCE('\X2\9ACB517382824FDD630167B6\X0\:1',
'\X2\9ACB517382824FDD630167B6\X0\:1','\X2\9ACB517382824FDD630167B6\X0\:
1',#13510,#13513,'\X2\9ACB517382824FDD630167B6\X0\:1');
#47=NEXT_ASSEMBLY_USAGE_OCCURRENCE('\X2\5927817F76D6677F\X0\:1',
'\X2\5927817F76D6677F\X0\:1','\X2\5927817F76D6677F\X0\:1',#13510,#13514,
'\X2\5927817F76D6677F\X0\:1');
#48=NEXT_ASSEMBLY_USAGE_OCCURRENCE('COL_GROUP:1','COL_GROUP:1',
'COL_GROUP:1',#13510,#13515,'COL_GROUP:1');
#49=NEXT_ASSEMBLY_USAGE_OCCURRENCE('\X2\819D76D64F2052A8\X0\1:1',
'\X2\819D76D64F2052A8\X0\1:1','\X2\819D76D64F2052A8\X0\1:1',#13505,#13506,
'\X2\819D76D64F2052A8\X0\1:1');
#50=NEXT_ASSEMBLY_USAGE_OCCURRENCE('\X2\819D76D68F6C52A8\X0\:1',
'\X2\819D76D68F6C52A8\X0\:1','\X2\819D76D68F6C52A8\X0\:1',#13505,#13507,
'\X2\819D76D68F6C52A8\X0\:1');
#51=NEXT_ASSEMBLY_USAGE_OCCURRENCE('\X2\819D76D64F2052A8\X0\2:1',
'\X2\819D76D64F2052A8\X0\2:1','\X2\819D76D64F2052A8\X0\2:1',#13505,#13508,
'\X2\819D76D64F2052A8\X0\2:1');
#52=NEXT_ASSEMBLY_USAGE_OCCURRENCE('\X2\5C0F817F\X0\:1','\X2\5C0F817F\X0\:
1','\X2\5C0F817F\X0\:1',#13505,#13509,'\X2\5C0F817F\X0\:1');
#53=NEXT_ASSEMBLY_USAGE_OCCURRENCE('\X2\5927817F90E85206\X0\:1',
'\X2\5927817F90E85206\X0\:1','\X2\5927817F90E85206\X0\:1',#13505,#13510,
'\X2\5927817F90E85206\X0\:1');
#54=NEXT_ASSEMBLY_USAGE_OCCURRENCE('\X2\819D76D652A8529B53D1751F5668\X0\:
1','\X2\819D76D652A8529B53D1751F5668\X0\:1','\X2\819D76D652A8529B53D1751F5668\X0\:
1',#13505,#13516,'\X2\819D76D652A8529B53D1751F5668\X0\:1');
#55=SPHERICAL_SURFACE('',#6344,1.6);
#56=SPHERICAL_SURFACE('',#6353,1.6);
#57=SPHERICAL_SURFACE('',#6362,1.6);
#58=SPHERICAL_SURFACE('',#6405,1.6);
#59=SPHERICAL_SURFACE('',#6416,1.6);
#60=SPHERICAL_SURFACE('',#6442,1.6);
#61=SPHERICAL_SURFACE('',#6444,1.6);
#62=SPHERICAL_SURFACE('',#6445,1.6);
#63=SPHERICAL_SURFACE('',#6446,1.6);
#64=SPHERICAL_SURFACE('',#6447,1.6);
#65=SPHERICAL_SURFACE('',#6448,1.6);
#66=ELLIPSE('',#6327,5.40017907175313,3.81766626729493);
#67=ELLIPSE('',#6329,5.39781252988706,3.81766626729493);
#68=ELLIPSE('',#6330,5.40017907175313,3.81766626729493);
#69=ELLIPSE('',#6334,5.39781252988706,3.81766626729493);
#70=ELLIPSE('',#6335,5.40017907175313,3.81766626729493);
#71=ELLIPSE('',#6337,5.39781252988706,3.81766626729493);
#72=ELLIPSE('',#6338,5.40017907175313,3.81766626729493);
#73=ELLIPSE('',#6340,5.39781252988706,3.81766626729493);
#74=ELLIPSE('',#6341,5.40017907175312,3.81766626729493);
#75=ELLIPSE('',#6343,5.39781252988706,3.81766626729493);
#76=ELLIPSE('',#6372,7.09449699163654,5.01766626729493);
#77=ELLIPSE('',#6377,7.0976074042447,5.01766626729493);
#78=ELLIPSE('',#6379,7.0976074042447,5.01766626729493);
#79=ELLIPSE('',#6381,7.09449699163654,5.01766626729493);
#80=ELLIPSE('',#6383,7.0976074042447,5.01766626729493);
#81=ELLIPSE('',#6385,7.09449699163654,5.01766626729492);
#82=ELLIPSE('',#6387,7.09449699163655,5.01766626729492);
#83=ELLIPSE('',#6389,7.0976074042447,5.01766626729492);
#84=ELLIPSE('',#6402,7.09760740424469,5.01766626729493);
#85=ELLIPSE('',#6403,7.09449699163654,5.01766626729493);
#86=B_SPLINE_SURFACE_WITH_KNOTS('',3,1,((#8931,#8932),(#8933,#8934),(#8935,
#8936),(#8937,#8938),(#8939,#8940),(#8941,#8942),(#8943,#8944)),
 .UNSPECIFIED.,.F.,.F.,.F.,(4,3,4),(2,2),(-1.,-0.280742178679678,0.),(0.,
0.3),.UNSPECIFIED.);
#87=B_SPLINE_SURFACE_WITH_KNOTS('',3,1,((#8956,#8957),(#8958,#8959),(#8960,
#8961),(#8962,#8963),(#8964,#8965),(#8966,#8967),(#8968,#8969)),
 .UNSPECIFIED.,.F.,.F.,.F.,(4,3,4),(2,2),(0.,0.710283751862569,1.),(0.,
0.3),.UNSPECIFIED.);
#88=B_SPLINE_SURFACE_WITH_KNOTS('',3,1,((#8979,#8980),(#8981,#8982),(#8983,
#8984),(#8985,#8986),(#8987,#8988),(#8989,#8990),(#8991,#8992)),
 .UNSPECIFIED.,.F.,.F.,.F.,(4,3,4),(2,2),(-1.,-0.280742178679642,0.),(0.,
0.3),.UNSPECIFIED.);
#89=B_SPLINE_SURFACE_WITH_KNOTS('',3,1,((#9002,#9003),(#9004,#9005),(#9006,
#9007),(#9008,#9009),(#9010,#9011),(#9012,#9013),(#9014,#9015)),
 .UNSPECIFIED.,.F.,.F.,.F.,(4,3,4),(2,2),(0.,0.71028375186255,1.),(0.,0.3),
 .UNSPECIFIED.);
#90=B_SPLINE_SURFACE_WITH_KNOTS('',3,1,((#9025,#9026),(#9027,#9028),(#9029,
#9030),(#9031,#9032),(#9033,#9034),(#9035,#9036),(#9037,#9038)),
 .UNSPECIFIED.,.F.,.F.,.F.,(4,3,4),(2,2),(-1.,-0.280742178679643,0.),(0.,
0.3),.UNSPECIFIED.);
#91=B_SPLINE_SURFACE_WITH_KNOTS('',3,1,((#9048,#9049),(#9050,#9051),(#9052,
#9053),(#9054,#9055),(#9056,#9057),(#9058,#9059),(#9060,#9061)),
 .UNSPECIFIED.,.F.,.F.,.F.,(4,3,4),(2,2),(0.,0.710283751862529,1.),(0.,
0.3),.UNSPECIFIED.);
#92=B_SPLINE_SURFACE_WITH_KNOTS('',3,1,((#9071,#9072),(#9073,#9074),(#9075,
#9076),(#9077,#9078),(#9079,#9080),(#9081,#9082),(#9083,#9084)),
 .UNSPECIFIED.,.F.,.F.,.F.,(4,3,4),(2,2),(-1.,-0.280742178679613,0.),(0.,
0.3),.UNSPECIFIED.);
#93=B_SPLINE_SURFACE_WITH_KNOTS('',3,1,((#9094,#9095),(#9096,#9097),(#9098,
#9099),(#9100,#9101),(#9102,#9103),(#9104,#9105),(#9106,#9107)),
 .UNSPECIFIED.,.F.,.F.,.F.,(4,3,4),(2,2),(0.,0.710283751862391,1.),(0.,
0.3),.UNSPECIFIED.);
#94=B_SPLINE_SURFACE_WITH_KNOTS('',3,1,((#9117,#9118),(#9119,#9120),(#9121,
#9122),(#9123,#9124),(#9125,#9126),(#9127,#9128),(#9129,#9130)),
 .UNSPECIFIED.,.F.,.F.,.F.,(4,3,4),(2,2),(-1.,-0.280742178679673,0.),(0.,
0.3),.UNSPECIFIED.);
#95=B_SPLINE_SURFACE_WITH_KNOTS('',3,1,((#9140,#9141),(#9142,#9143),(#9144,
#9145),(#9146,#9147),(#9148,#9149),(#9150,#9151),(#9152,#9153)),
 .UNSPECIFIED.,.F.,.F.,.F.,(4,3,4),(2,2),(0.,0.710283751862469,1.),(0.,
0.3),.UNSPECIFIED.);
#96=B_SPLINE_SURFACE_WITH_KNOTS('',3,1,((#9163,#9164),(#9165,#9166),(#9167,
#9168),(#9169,#9170),(#9171,#9172),(#9173,#9174),(#9175,#9176)),
 .UNSPECIFIED.,.F.,.F.,.F.,(4,3,4),(2,2),(-1.,-0.280742178679714,0.),(0.,
0.3),.UNSPECIFIED.);
#97=B_SPLINE_SURFACE_WITH_KNOTS('',3,1,((#9186,#9187),(#9188,#9189),(#9190,
#9191),(#9192,#9193),(#9194,#9195),(#9196,#9197),(#9198,#9199)),
 .UNSPECIFIED.,.F.,.F.,.F.,(4,3,4),(2,2),(0.,0.710283751862515,1.),(0.,
0.3),.UNSPECIFIED.);
#98=B_SPLINE_SURFACE_WITH_KNOTS('',3,1,((#9209,#9210),(#9211,#9212),(#9213,
#9214),(#9215,#9216),(#9217,#9218),(#9219,#9220),(#9221,#9222)),
 .UNSPECIFIED.,.F.,.F.,.F.,(4,3,4),(2,2),(-1.,-0.280742178679675,0.),(0.,
0.3),.UNSPECIFIED.);
#99=B_SPLINE_SURFACE_WITH_KNOTS('',3,1,((#9232,#9233),(#9234,#9235),(#9236,
#9237),(#9238,#9239),(#9240,#9241),(#9242,#9243),(#9244,#9245)),
 .UNSPECIFIED.,.F.,.F.,.F.,(4,3,4),(2,2),(0.,0.710283751862494,1.),(0.,
0.3),.UNSPECIFIED.);
#100=B_SPLINE_SURFACE_WITH_KNOTS('',3,1,((#9255,#9256),(#9257,#9258),(#9259,
#9260),(#9261,#9262),(#9263,#9264),(#9265,#9266),(#9267,#9268)),
 .UNSPECIFIED.,.F.,.F.,.F.,(4,3,4),(2,2),(-1.,-0.280742178679687,0.),(0.,
0.3),.UNSPECIFIED.);
#101=B_SPLINE_SURFACE_WITH_KNOTS('',3,1,((#9278,#9279),(#9280,#9281),(#9282,
#9283),(#9284,#9285),(#9286,#9287),(#9288,#9289),(#9290,#9291)),
 .UNSPECIFIED.,.F.,.F.,.F.,(4,3,4),(2,2),(0.,0.710283751862601,1.),(0.,
0.3),.UNSPECIFIED.);
#102=B_SPLINE_SURFACE_WITH_KNOTS('',3,1,((#9301,#9302),(#9303,#9304),(#9305,
#9306),(#9307,#9308),(#9309,#9310),(#9311,#9312),(#9313,#9314)),
 .UNSPECIFIED.,.F.,.F.,.F.,(4,3,4),(2,2),(-1.,-0.28074217867973,0.),(0.,
0.3),.UNSPECIFIED.);
#103=B_SPLINE_SURFACE_WITH_KNOTS('',3,1,((#9324,#9325),(#9326,#9327),(#9328,
#9329),(#9330,#9331),(#9332,#9333),(#9334,#9335),(#9336,#9337)),
 .UNSPECIFIED.,.F.,.F.,.F.,(4,3,4),(2,2),(0.,0.710283751862477,1.),(0.,
0.3),.UNSPECIFIED.);
#104=B_SPLINE_SURFACE_WITH_KNOTS('',3,1,((#9347,#9348),(#9349,#9350),(#9351,
#9352),(#9353,#9354),(#9355,#9356),(#9357,#9358),(#9359,#9360)),
 .UNSPECIFIED.,.F.,.F.,.F.,(4,3,4),(2,2),(-1.,-0.280742178679672,0.),(0.,
0.3),.UNSPECIFIED.);
#105=B_SPLINE_SURFACE_WITH_KNOTS('',3,1,((#9370,#9371),(#9372,#9373),(#9374,
#9375),(#9376,#9377),(#9378,#9379),(#9380,#9381),(#9382,#9383)),
 .UNSPECIFIED.,.F.,.F.,.F.,(4,3,4),(2,2),(0.,0.710283751862452,1.),(0.,
0.3),.UNSPECIFIED.);
#106=B_SPLINE_SURFACE_WITH_KNOTS('',3,1,((#9393,#9394),(#9395,#9396),(#9397,
#9398),(#9399,#9400),(#9401,#9402),(#9403,#9404),(#9405,#9406)),
 .UNSPECIFIED.,.F.,.F.,.F.,(4,3,4),(2,2),(-1.,-0.280742178679705,0.),(0.,
0.3),.UNSPECIFIED.);
#107=B_SPLINE_SURFACE_WITH_KNOTS('',3,1,((#9416,#9417),(#9418,#9419),(#9420,
#9421),(#9422,#9423),(#9424,#9425),(#9426,#9427),(#9428,#9429)),
 .UNSPECIFIED.,.F.,.F.,.F.,(4,3,4),(2,2),(0.,0.710283751862464,1.),(0.,
0.3),.UNSPECIFIED.);
#108=B_SPLINE_SURFACE_WITH_KNOTS('',3,1,((#9439,#9440),(#9441,#9442),(#9443,
#9444),(#9445,#9446),(#9447,#9448),(#9449,#9450),(#9451,#9452)),
 .UNSPECIFIED.,.F.,.F.,.F.,(4,3,4),(2,2),(-1.,-0.280742178679675,0.),(0.,
0.3),.UNSPECIFIED.);
#109=B_SPLINE_SURFACE_WITH_KNOTS('',3,1,((#9462,#9463),(#9464,#9465),(#9466,
#9467),(#9468,#9469),(#9470,#9471),(#9472,#9473),(#9474,#9475)),
 .UNSPECIFIED.,.F.,.F.,.F.,(4,3,4),(2,2),(0.,0.710283751862494,1.),(0.,
0.3),.UNSPECIFIED.);
#110=B_SPLINE_SURFACE_WITH_KNOTS('',3,1,((#9485,#9486),(#9487,#9488),(#9489,
#9490),(#9491,#9492),(#9493,#9494),(#9495,#9496),(#9497,#9498)),
 .UNSPECIFIED.,.F.,.F.,.F.,(4,3,4),(2,2),(-1.,-0.28074217867969,0.),(0.,
0.3),.UNSPECIFIED.);
#111=B_SPLINE_SURFACE_WITH_KNOTS('',3,1,((#9508,#9509),(#9510,#9511),(#9512,
#9513),(#9514,#9515),(#9516,#9517),(#9518,#9519),(#9520,#9521)),
 .UNSPECIFIED.,.F.,.F.,.F.,(4,3,4),(2,2),(0.,0.7102837518624,1.),(0.,0.3),
 .UNSPECIFIED.);
#112=B_SPLINE_SURFACE_WITH_KNOTS('',3,1,((#9531,#9532),(#9533,#9534),(#9535,
#9536),(#9537,#9538),(#9539,#9540),(#9541,#9542),(#9543,#9544)),
 .UNSPECIFIED.,.F.,.F.,.F.,(4,3,4),(2,2),(-1.,-0.280742178679682,0.),(0.,
0.3),.UNSPECIFIED.);
#113=B_SPLINE_SURFACE_WITH_KNOTS('',3,1,((#9554,#9555),(#9556,#9557),(#9558,
#9559),(#9560,#9561),(#9562,#9563),(#9564,#9565),(#9566,#9567)),
 .UNSPECIFIED.,.F.,.F.,.F.,(4,3,4),(2,2),(0.,0.710283751862515,1.),(0.,
0.3),.UNSPECIFIED.);
#114=B_SPLINE_SURFACE_WITH_KNOTS('',3,1,((#9577,#9578),(#9579,#9580),(#9581,
#9582),(#9583,#9584),(#9585,#9586),(#9587,#9588),(#9589,#9590)),
 .UNSPECIFIED.,.F.,.F.,.F.,(4,3,4),(2,2),(-1.,-0.280742178679678,0.),(0.,
0.3),.UNSPECIFIED.);
#115=B_SPLINE_SURFACE_WITH_KNOTS('',3,1,((#9600,#9601),(#9602,#9603),(#9604,
#9605),(#9606,#9607),(#9608,#9609),(#9610,#9611),(#9612,#9613)),
 .UNSPECIFIED.,.F.,.F.,.F.,(4,3,4),(2,2),(0.,0.710283751862362,1.),(0.,
0.3),.UNSPECIFIED.);
#116=B_SPLINE_SURFACE_WITH_KNOTS('',3,1,((#9623,#9624),(#9625,#9626),(#9627,
#9628),(#9629,#9630),(#9631,#9632),(#9633,#9634),(#9635,#9636)),
 .UNSPECIFIED.,.F.,.F.,.F.,(4,3,4),(2,2),(-1.,-0.280742178679673,0.),(0.,
0.3),.UNSPECIFIED.);
#117=B_SPLINE_SURFACE_WITH_KNOTS('',3,1,((#9646,#9647),(#9648,#9649),(#9650,
#9651),(#9652,#9653),(#9654,#9655),(#9656,#9657),(#9658,#9659)),
 .UNSPECIFIED.,.F.,.F.,.F.,(4,3,4),(2,2),(0.,0.710283751862568,1.),(0.,
0.3),.UNSPECIFIED.);
#118=B_SPLINE_SURFACE_WITH_KNOTS('',3,1,((#9669,#9670),(#9671,#9672),(#9673,
#9674),(#9675,#9676),(#9677,#9678),(#9679,#9680),(#9681,#9682)),
 .UNSPECIFIED.,.F.,.F.,.F.,(4,3,4),(2,2),(-1.,-0.280742178679671,0.),(0.,
0.3),.UNSPECIFIED.);
#119=B_SPLINE_SURFACE_WITH_KNOTS('',3,1,((#9692,#9693),(#9694,#9695),(#9696,
#9697),(#9698,#9699),(#9700,#9701),(#9702,#9703),(#9704,#9705)),
 .UNSPECIFIED.,.F.,.F.,.F.,(4,3,4),(2,2),(0.,0.710283751862544,1.),(0.,
0.3),.UNSPECIFIED.);
#120=B_SPLINE_SURFACE_WITH_KNOTS('',3,1,((#9715,#9716),(#9717,#9718),(#9719,
#9720),(#9721,#9722),(#9723,#9724),(#9725,#9726),(#9727,#9728)),
 .UNSPECIFIED.,.F.,.F.,.F.,(4,3,4),(2,2),(-1.,-0.280742178679634,0.),(0.,
0.3),.UNSPECIFIED.);
#121=B_SPLINE_SURFACE_WITH_KNOTS('',3,1,((#9738,#9739),(#9740,#9741),(#9742,
#9743),(#9744,#9745),(#9746,#9747),(#9748,#9749),(#9750,#9751)),
 .UNSPECIFIED.,.F.,.F.,.F.,(4,3,4),(2,2),(0.,0.710283751862527,1.),(0.,
0.3),.UNSPECIFIED.);
#122=B_SPLINE_SURFACE_WITH_KNOTS('',3,1,((#9761,#9762),(#9763,#9764),(#9765,
#9766),(#9767,#9768),(#9769,#9770),(#9771,#9772),(#9773,#9774)),
 .UNSPECIFIED.,.F.,.F.,.F.,(4,3,4),(2,2),(-1.,-0.280742178679682,0.),(0.,
0.3),.UNSPECIFIED.);
#123=B_SPLINE_SURFACE_WITH_KNOTS('',3,1,((#9784,#9785),(#9786,#9787),(#9788,
#9789),(#9790,#9791),(#9792,#9793),(#9794,#9795),(#9796,#9797)),
 .UNSPECIFIED.,.F.,.F.,.F.,(4,3,4),(2,2),(0.,0.710283751862515,1.),(0.,
0.3),.UNSPECIFIED.);
#124=B_SPLINE_SURFACE_WITH_KNOTS('',3,1,((#9807,#9808),(#9809,#9810),(#9811,
#9812),(#9813,#9814),(#9815,#9816),(#9817,#9818),(#9819,#9820)),
 .UNSPECIFIED.,.F.,.F.,.F.,(4,3,4),(2,2),(-1.,-0.28074217867968,0.),(0.,
0.3),.UNSPECIFIED.);
#125=B_SPLINE_SURFACE_WITH_KNOTS('',3,1,((#9830,#9831),(#9832,#9833),(#9834,
#9835),(#9836,#9837),(#9838,#9839),(#9840,#9841),(#9842,#9843)),
 .UNSPECIFIED.,.F.,.F.,.F.,(4,3,4),(2,2),(0.,0.710283751862626,1.),(0.,
0.3),.UNSPECIFIED.);
#126=B_SPLINE_SURFACE_WITH_KNOTS('',3,3,((#10572,#10573,#10574,#10575,#10576),
(#10577,#10578,#10579,#10580,#10581),(#10582,#10583,#10584,#10585,#10586),
(#10587,#10588,#10589,#10590,#10591),(#10592,#10593,#10594,#10595,#10596)),
 .UNSPECIFIED.,.F.,.F.,.F.,(4,1,4),(4,1,4),(0.,0.5,1.),(-0.0684993873783849,
0.0941510862410499,0.216138941455626),.UNSPECIFIED.);
#127=B_SPLINE_SURFACE_WITH_KNOTS('',3,3,((#10639,#10640,#10641,#10642),
(#10643,#10644,#10645,#10646),(#10647,#10648,#10649,#10650),(#10651,#10652,
#10653,#10654)),.UNSPECIFIED.,.F.,.F.,.F.,(4,4),(4,4),(0.296464245222227,
0.323407084578363),(-0.0534811476691059,0.),.UNSPECIFIED.);
#128=B_SPLINE_SURFACE_WITH_KNOTS('',3,3,((#11003,#11004,#11005,#11006,#11007),
(#11008,#11009,#11010,#11011,#11012),(#11013,#11014,#11015,#11016,#11017),
(#11018,#11019,#11020,#11021,#11022),(#11023,#11024,#11025,#11026,#11027)),
 .UNSPECIFIED.,.F.,.F.,.F.,(4,1,4),(4,1,4),(0.,0.5,1.),(1.42591488335209,
1.54790274640624,1.71055323047844),.UNSPECIFIED.);
#129=B_SPLINE_SURFACE_WITH_KNOTS('',3,3,((#11073,#11074,#11075,#11076),
(#11077,#11078,#11079,#11080),(#11081,#11082,#11083,#11084),(#11085,#11086,
#11087,#11088)),.UNSPECIFIED.,.F.,.F.,.F.,(4,4),(4,4),(0.184804306963439,
0.211747146319833),(-0.0534811476696817,0.),.UNSPECIFIED.);
#130=B_SPLINE_SURFACE_WITH_KNOTS('',3,3,((#11410,#11411,#11412,#11413,#11414),
(#11415,#11416,#11417,#11418,#11419),(#11420,#11421,#11422,#11423,#11424),
(#11425,#11426,#11427,#11428,#11429),(#11430,#11431,#11432,#11433,#11434)),
 .UNSPECIFIED.,.F.,.F.,.F.,(4,1,4),(4,1,4),(0.,0.5,1.),(-0.068499401972046,
0.0534884611644991,0.216138945346559),.UNSPECIFIED.);
#131=B_SPLINE_SURFACE_WITH_KNOTS('',3,3,((#11454,#11455,#11456,#11457),
(#11458,#11459,#11460,#11461),(#11462,#11463,#11464,#11465),(#11466,#11467,
#11468,#11469)),.UNSPECIFIED.,.F.,.F.,.F.,(4,4),(4,4),(0.296464245222227,
0.323407084578363),(-0.0534811476691061,0.),.UNSPECIFIED.);
#132=B_SPLINE_SURFACE_WITH_KNOTS('',3,3,((#11480,#11481,#11482,#11483,#11484),
(#11485,#11486,#11487,#11488,#11489),(#11490,#11491,#11492,#11493,#11494),
(#11495,#11496,#11497,#11498,#11499),(#11500,#11501,#11502,#11503,#11504)),
 .UNSPECIFIED.,.F.,.F.,.F.,(4,1,4),(4,1,4),(0.,0.5,1.),(1.42591565574982,
1.54790351088197,1.7105539843915),.UNSPECIFIED.);
#133=B_SPLINE_SURFACE_WITH_KNOTS('',3,3,((#11514,#11515,#11516,#11517),
(#11518,#11519,#11520,#11521),(#11522,#11523,#11524,#11525),(#11526,#11527,
#11528,#11529)),.UNSPECIFIED.,.F.,.F.,.F.,(4,4),(4,4),(0.184804306956886,
0.211747146319833),(-0.0534811476834283,0.),.UNSPECIFIED.);
#134=B_SPLINE_SURFACE_WITH_KNOTS('',3,3,((#11530,#11531,#11532,#11533,#11534),
(#11535,#11536,#11537,#11538,#11539),(#11540,#11541,#11542,#11543,#11544),
(#11545,#11546,#11547,#11548,#11549),(#11550,#11551,#11552,#11553,#11554)),
 .UNSPECIFIED.,.F.,.F.,.F.,(4,1,4),(4,1,4),(0.,0.5,1.),(1.50959994064086,
1.63158779431926,1.79423826589046),.UNSPECIFIED.);
#135=B_SPLINE_SURFACE_WITH_KNOTS('',3,3,((#11576,#11577,#11578,#11579),
(#11580,#11581,#11582,#11583),(#11584,#11585,#11586,#11587),(#11588,#11589,
#11590,#11591)),.UNSPECIFIED.,.F.,.F.,.F.,(4,4),(4,4),(0.296464245222227,
0.323407084578363),(-0.0534811476691058,0.),.UNSPECIFIED.);
#136=B_SPLINE_SURFACE_WITH_KNOTS('',3,3,((#11602,#11603,#11604,#11605,#11606),
(#11607,#11608,#11609,#11610,#11611),(#11612,#11613,#11614,#11615,#11616),
(#11617,#11618,#11619,#11620,#11621),(#11622,#11623,#11624,#11625,#11626)),
 .UNSPECIFIED.,.F.,.F.,.F.,(4,1,4),(4,1,4),(0.,0.5,1.),(-0.152183308410059,
-0.0301954548384551,0.13245501659035),.UNSPECIFIED.);
#137=B_SPLINE_SURFACE_WITH_KNOTS('',3,3,((#11636,#11637,#11638,#11639),
(#11640,#11641,#11642,#11643),(#11644,#11645,#11646,#11647),(#11648,#11649,
#11650,#11651)),.UNSPECIFIED.,.F.,.F.,.F.,(4,4),(4,4),(0.184804306963695,
0.211747146319833),(-0.0534811476691098,0.),.UNSPECIFIED.);
#138=B_SPLINE_SURFACE_WITH_KNOTS('',3,3,((#11652,#11653,#11654,#11655,#11656),
(#11657,#11658,#11659,#11660,#11661),(#11662,#11663,#11664,#11665,#11666),
(#11667,#11668,#11669,#11670,#11671),(#11672,#11673,#11674,#11675,#11676)),
 .UNSPECIFIED.,.F.,.F.,.F.,(4,1,4),(4,1,4),(0.,0.5,1.),(-0.0684993873783852,
0.0534884678361911,0.216138941455626),.UNSPECIFIED.);
#139=B_SPLINE_SURFACE_WITH_KNOTS('',3,3,((#11696,#11697,#11698,#11699),
(#11700,#11701,#11702,#11703),(#11704,#11705,#11706,#11707),(#11708,#11709,
#11710,#11711)),.UNSPECIFIED.,.F.,.F.,.F.,(4,4),(4,4),(0.296464245222227,
0.323407084578363),(-0.0534811476691059,0.),.UNSPECIFIED.);
#140=B_SPLINE_SURFACE_WITH_KNOTS('',3,3,((#11722,#11723,#11724,#11725,#11726),
(#11727,#11728,#11729,#11730,#11731),(#11732,#11733,#11734,#11735,#11736),
(#11737,#11738,#11739,#11740,#11741),(#11742,#11743,#11744,#11745,#11746)),
 .UNSPECIFIED.,.F.,.F.,.F.,(4,1,4),(4,1,4),(0.,0.5,1.),(1.42591488335209,
1.54790274640624,1.71055323047844),.UNSPECIFIED.);
#141=B_SPLINE_SURFACE_WITH_KNOTS('',3,3,((#11756,#11757,#11758,#11759),
(#11760,#11761,#11762,#11763),(#11764,#11765,#11766,#11767),(#11768,#11769,
#11770,#11771)),.UNSPECIFIED.,.F.,.F.,.F.,(4,4),(4,4),(0.184804306963439,
0.211747146319833),(-0.0534811476696819,0.),.UNSPECIFIED.);
#142=B_SPLINE_SURFACE_WITH_KNOTS('',3,3,((#11772,#11773,#11774,#11775,#11776),
(#11777,#11778,#11779,#11780,#11781),(#11782,#11783,#11784,#11785,#11786),
(#11787,#11788,#11789,#11790,#11791),(#11792,#11793,#11794,#11795,#11796)),
 .UNSPECIFIED.,.F.,.F.,.F.,(4,1,4),(4,1,4),(0.,0.5,1.),(-0.068499401972046,
0.0534884611645001,0.216138945346562),.UNSPECIFIED.);
#143=B_SPLINE_SURFACE_WITH_KNOTS('',3,3,((#11822,#11823,#11824,#11825,#11826),
(#11827,#11828,#11829,#11830,#11831),(#11832,#11833,#11834,#11835,#11836),
(#11837,#11838,#11839,#11840,#11841),(#11842,#11843,#11844,#11845,#11846)),
 .UNSPECIFIED.,.F.,.F.,.F.,(4,1,4),(4,1,4),(0.,0.5,1.),(1.42591565574982,
1.54790351088197,1.7105539843915),.UNSPECIFIED.);
#144=B_SPLINE_SURFACE_WITH_KNOTS('',3,3,((#11851,#11852,#11853,#11854),
(#11855,#11856,#11857,#11858),(#11859,#11860,#11861,#11862),(#11863,#11864,
#11865,#11866)),.UNSPECIFIED.,.F.,.F.,.F.,(4,4),(4,4),(0.296464245222227,
0.323407084578363),(-0.053481147669106,0.),.UNSPECIFIED.);
#145=B_SPLINE_SURFACE_WITH_KNOTS('',3,3,((#11868,#11869,#11870,#11871),
(#11872,#11873,#11874,#11875),(#11876,#11877,#11878,#11879),(#11880,#11881,
#11882,#11883)),.UNSPECIFIED.,.F.,.F.,.F.,(4,4),(4,4),(0.184804306956887,
0.211747146319833),(-0.0534811476834284,0.),.UNSPECIFIED.);
#146=B_SPLINE_SURFACE_WITH_KNOTS('',3,3,((#11897,#11898,#11899,#11900,#11901),
(#11902,#11903,#11904,#11905,#11906),(#11907,#11908,#11909,#11910,#11911),
(#11912,#11913,#11914,#11915,#11916),(#11917,#11918,#11919,#11920,#11921)),
 .UNSPECIFIED.,.F.,.F.,.F.,(4,1,4),(4,1,4),(0.,0.5,1.),(1.50959994064086,
1.67225041221206,1.79423826589046),.UNSPECIFIED.);
#147=B_SPLINE_SURFACE_WITH_KNOTS('',3,3,((#11937,#11938,#11939,#11940,#11941),
(#11942,#11943,#11944,#11945,#11946),(#11947,#11948,#11949,#11950,#11951),
(#11952,#11953,#11954,#11955,#11956),(#11957,#11958,#11959,#11960,#11961)),
 .UNSPECIFIED.,.F.,.F.,.F.,(4,1,4),(4,1,4),(0.,0.5,1.),(-0.152183308410056,
0.0104671630574894,0.132455016658149),.UNSPECIFIED.);
#148=B_SPLINE_SURFACE_WITH_KNOTS('',3,3,((#11967,#11968,#11969,#11970),
(#11971,#11972,#11973,#11974),(#11975,#11976,#11977,#11978),(#11979,#11980,
#11981,#11982)),.UNSPECIFIED.,.F.,.F.,.F.,(4,4),(4,4),(0.184804306963695,
0.211747146319833),(-0.0534811476691098,0.),.UNSPECIFIED.);
#149=B_SPLINE_SURFACE_WITH_KNOTS('',3,3,((#11983,#11984,#11985,#11986),
(#11987,#11988,#11989,#11990),(#11991,#11992,#11993,#11994),(#11995,#11996,
#11997,#11998)),.UNSPECIFIED.,.F.,.F.,.F.,(4,4),(4,4),(0.296464245222227,
0.323407084578363),(-0.0534811476691062,0.),.UNSPECIFIED.);
#150=B_SPLINE_SURFACE_WITH_KNOTS('',3,1,((#12500,#12501),(#12502,#12503),
(#12504,#12505),(#12506,#12507),(#12508,#12509),(#12510,#12511),(#12512,
#12513)),.UNSPECIFIED.,.F.,.F.,.F.,(4,3,4),(2,2),(-1.,-0.28074217867958,
0.),(0.,0.3),.UNSPECIFIED.);
#151=B_SPLINE_SURFACE_WITH_KNOTS('',3,1,((#12525,#12526),(#12527,#12528),
(#12529,#12530),(#12531,#12532),(#12533,#12534),(#12535,#12536),(#12537,
#12538)),.UNSPECIFIED.,.F.,.F.,.F.,(4,3,4),(2,2),(0.,0.710283751862059,
1.),(0.,0.3),.UNSPECIFIED.);
#152=B_SPLINE_SURFACE_WITH_KNOTS('',3,1,((#12548,#12549),(#12550,#12551),
(#12552,#12553),(#12554,#12555),(#12556,#12557),(#12558,#12559),(#12560,
#12561)),.UNSPECIFIED.,.F.,.F.,.F.,(4,3,4),(2,2),(-1.,-0.280742178679635,
0.),(0.,0.3),.UNSPECIFIED.);
#153=B_SPLINE_SURFACE_WITH_KNOTS('',3,1,((#12571,#12572),(#12573,#12574),
(#12575,#12576),(#12577,#12578),(#12579,#12580),(#12581,#12582),(#12583,
#12584)),.UNSPECIFIED.,.F.,.F.,.F.,(4,3,4),(2,2),(0.,0.710283751861431,
1.),(0.,0.3),.UNSPECIFIED.);
#154=B_SPLINE_SURFACE_WITH_KNOTS('',3,1,((#12594,#12595),(#12596,#12597),
(#12598,#12599),(#12600,#12601),(#12602,#12603),(#12604,#12605),(#12606,
#12607)),.UNSPECIFIED.,.F.,.F.,.F.,(4,3,4),(2,2),(-1.,-0.280742178679507,
0.),(0.,0.3),.UNSPECIFIED.);
#155=B_SPLINE_SURFACE_WITH_KNOTS('',3,1,((#12617,#12618),(#12619,#12620),
(#12621,#12622),(#12623,#12624),(#12625,#12626),(#12627,#12628),(#12629,
#12630)),.UNSPECIFIED.,.F.,.F.,.F.,(4,3,4),(2,2),(0.,0.71028375186176,1.),
(0.,0.3),.UNSPECIFIED.);
#156=B_SPLINE_SURFACE_WITH_KNOTS('',3,1,((#12640,#12641),(#12642,#12643),
(#12644,#12645),(#12646,#12647),(#12648,#12649),(#12650,#12651),(#12652,
#12653)),.UNSPECIFIED.,.F.,.F.,.F.,(4,3,4),(2,2),(-1.,-0.280742178679082,
0.),(0.,0.3),.UNSPECIFIED.);
#157=B_SPLINE_SURFACE_WITH_KNOTS('',3,1,((#12663,#12664),(#12665,#12666),
(#12667,#12668),(#12669,#12670),(#12671,#12672),(#12673,#12674),(#12675,
#12676)),.UNSPECIFIED.,.F.,.F.,.F.,(4,3,4),(2,2),(0.,0.710283751862813,
1.),(0.,0.3),.UNSPECIFIED.);
#158=B_SPLINE_SURFACE_WITH_KNOTS('',3,1,((#12686,#12687),(#12688,#12689),
(#12690,#12691),(#12692,#12693),(#12694,#12695),(#12696,#12697),(#12698,
#12699)),.UNSPECIFIED.,.F.,.F.,.F.,(4,3,4),(2,2),(-1.,-0.280742178679633,
0.),(0.,0.3),.UNSPECIFIED.);
#159=B_SPLINE_SURFACE_WITH_KNOTS('',3,1,((#12709,#12710),(#12711,#12712),
(#12713,#12714),(#12715,#12716),(#12717,#12718),(#12719,#12720),(#12721,
#12722)),.UNSPECIFIED.,.F.,.F.,.F.,(4,3,4),(2,2),(0.,0.710283751861942,
1.),(0.,0.3),.UNSPECIFIED.);
#160=B_SPLINE_SURFACE_WITH_KNOTS('',3,1,((#12732,#12733),(#12734,#12735),
(#12736,#12737),(#12738,#12739),(#12740,#12741),(#12742,#12743),(#12744,
#12745)),.UNSPECIFIED.,.F.,.F.,.F.,(4,3,4),(2,2),(-1.,-0.280742178679134,
0.),(0.,0.3),.UNSPECIFIED.);
#161=B_SPLINE_SURFACE_WITH_KNOTS('',3,1,((#12755,#12756),(#12757,#12758),
(#12759,#12760),(#12761,#12762),(#12763,#12764),(#12765,#12766),(#12767,
#12768)),.UNSPECIFIED.,.F.,.F.,.F.,(4,3,4),(2,2),(0.,0.710283751862486,
1.),(0.,0.3),.UNSPECIFIED.);
#162=B_SPLINE_SURFACE_WITH_KNOTS('',3,1,((#12778,#12779),(#12780,#12781),
(#12782,#12783),(#12784,#12785),(#12786,#12787),(#12788,#12789),(#12790,
#12791)),.UNSPECIFIED.,.F.,.F.,.F.,(4,3,4),(2,2),(-1.,-0.280742178679839,
0.),(0.,0.3),.UNSPECIFIED.);
#163=B_SPLINE_SURFACE_WITH_KNOTS('',3,1,((#12801,#12802),(#12803,#12804),
(#12805,#12806),(#12807,#12808),(#12809,#12810),(#12811,#12812),(#12813,
#12814)),.UNSPECIFIED.,.F.,.F.,.F.,(4,3,4),(2,2),(0.,0.710283751862417,
1.),(0.,0.3),.UNSPECIFIED.);
#164=B_SPLINE_SURFACE_WITH_KNOTS('',3,1,((#12824,#12825),(#12826,#12827),
(#12828,#12829),(#12830,#12831),(#12832,#12833),(#12834,#12835),(#12836,
#12837)),.UNSPECIFIED.,.F.,.F.,.F.,(4,3,4),(2,2),(-1.,-0.280742178680019,
0.),(0.,0.3),.UNSPECIFIED.);
#165=B_SPLINE_SURFACE_WITH_KNOTS('',3,1,((#12847,#12848),(#12849,#12850),
(#12851,#12852),(#12853,#12854),(#12855,#12856),(#12857,#12858),(#12859,
#12860)),.UNSPECIFIED.,.F.,.F.,.F.,(4,3,4),(2,2),(0.,0.710283751862482,
1.),(0.,0.3),.UNSPECIFIED.);
#166=B_SPLINE_SURFACE_WITH_KNOTS('',3,1,((#12870,#12871),(#12872,#12873),
(#12874,#12875),(#12876,#12877),(#12878,#12879),(#12880,#12881),(#12882,
#12883)),.UNSPECIFIED.,.F.,.F.,.F.,(4,3,4),(2,2),(-1.,-0.280742178679626,
0.),(0.,0.3),.UNSPECIFIED.);
#167=B_SPLINE_SURFACE_WITH_KNOTS('',3,1,((#12893,#12894),(#12895,#12896),
(#12897,#12898),(#12899,#12900),(#12901,#12902),(#12903,#12904),(#12905,
#12906)),.UNSPECIFIED.,.F.,.F.,.F.,(4,3,4),(2,2),(0.,0.710283751861643,
1.),(0.,0.3),.UNSPECIFIED.);
#168=B_SPLINE_SURFACE_WITH_KNOTS('',3,1,((#12916,#12917),(#12918,#12919),
(#12920,#12921),(#12922,#12923),(#12924,#12925),(#12926,#12927),(#12928,
#12929)),.UNSPECIFIED.,.F.,.F.,.F.,(4,3,4),(2,2),(-1.,-0.280742178679495,
0.),(0.,0.3),.UNSPECIFIED.);
#169=B_SPLINE_SURFACE_WITH_KNOTS('',3,1,((#12939,#12940),(#12941,#12942),
(#12943,#12944),(#12945,#12946),(#12947,#12948),(#12949,#12950),(#12951,
#12952)),.UNSPECIFIED.,.F.,.F.,.F.,(4,3,4),(2,2),(0.,0.710283751863492,
1.),(0.,0.3),.UNSPECIFIED.);
#170=B_SPLINE_SURFACE_WITH_KNOTS('',3,1,((#12962,#12963),(#12964,#12965),
(#12966,#12967),(#12968,#12969),(#12970,#12971),(#12972,#12973),(#12974,
#12975)),.UNSPECIFIED.,.F.,.F.,.F.,(4,3,4),(2,2),(-1.,-0.280742178680048,
0.),(0.,0.3),.UNSPECIFIED.);
#171=B_SPLINE_SURFACE_WITH_KNOTS('',3,1,((#12985,#12986),(#12987,#12988),
(#12989,#12990),(#12991,#12992),(#12993,#12994),(#12995,#12996),(#12997,
#12998)),.UNSPECIFIED.,.F.,.F.,.F.,(4,3,4),(2,2),(0.,0.710283751863236,
1.),(0.,0.3),.UNSPECIFIED.);
#172=B_SPLINE_SURFACE_WITH_KNOTS('',3,1,((#13008,#13009),(#13010,#13011),
(#13012,#13013),(#13014,#13015),(#13016,#13017),(#13018,#13019),(#13020,
#13021)),.UNSPECIFIED.,.F.,.F.,.F.,(4,3,4),(2,2),(-1.,-0.280742178679779,
0.),(0.,0.3),.UNSPECIFIED.);
#173=B_SPLINE_SURFACE_WITH_KNOTS('',3,1,((#13031,#13032),(#13033,#13034),
(#13035,#13036),(#13037,#13038),(#13039,#13040),(#13041,#13042),(#13043,
#13044)),.UNSPECIFIED.,.F.,.F.,.F.,(4,3,4),(2,2),(0.,0.710283751862723,
1.),(0.,0.3),.UNSPECIFIED.);
#174=B_SPLINE_SURFACE_WITH_KNOTS('',3,1,((#13054,#13055),(#13056,#13057),
(#13058,#13059),(#13060,#13061),(#13062,#13063),(#13064,#13065),(#13066,
#13067)),.UNSPECIFIED.,.F.,.F.,.F.,(4,3,4),(2,2),(-1.,-0.280742178679247,
0.),(0.,0.3),.UNSPECIFIED.);
#175=B_SPLINE_SURFACE_WITH_KNOTS('',3,1,((#13077,#13078),(#13079,#13080),
(#13081,#13082),(#13083,#13084),(#13085,#13086),(#13087,#13088),(#13089,
#13090)),.UNSPECIFIED.,.F.,.F.,.F.,(4,3,4),(2,2),(0.,0.710283751862162,
1.),(0.,0.3),.UNSPECIFIED.);
#176=B_SPLINE_SURFACE_WITH_KNOTS('',3,1,((#13100,#13101),(#13102,#13103),
(#13104,#13105),(#13106,#13107),(#13108,#13109),(#13110,#13111),(#13112,
#13113)),.UNSPECIFIED.,.F.,.F.,.F.,(4,3,4),(2,2),(-1.,-0.280742178679408,
0.),(0.,0.3),.UNSPECIFIED.);
#177=B_SPLINE_SURFACE_WITH_KNOTS('',3,1,((#13123,#13124),(#13125,#13126),
(#13127,#13128),(#13129,#13130),(#13131,#13132),(#13133,#13134),(#13135,
#13136)),.UNSPECIFIED.,.F.,.F.,.F.,(4,3,4),(2,2),(0.,0.710283751862742,
1.),(0.,0.3),.UNSPECIFIED.);
#178=B_SPLINE_SURFACE_WITH_KNOTS('',3,1,((#13146,#13147),(#13148,#13149),
(#13150,#13151),(#13152,#13153),(#13154,#13155),(#13156,#13157),(#13158,
#13159)),.UNSPECIFIED.,.F.,.F.,.F.,(4,3,4),(2,2),(-1.,-0.280742178680143,
0.),(0.,0.3),.UNSPECIFIED.);
#179=B_SPLINE_SURFACE_WITH_KNOTS('',3,1,((#13169,#13170),(#13171,#13172),
(#13173,#13174),(#13175,#13176),(#13177,#13178),(#13179,#13180),(#13181,
#13182)),.UNSPECIFIED.,.F.,.F.,.F.,(4,3,4),(2,2),(0.,0.710283751863398,
1.),(0.,0.3),.UNSPECIFIED.);
#180=B_SPLINE_SURFACE_WITH_KNOTS('',3,1,((#13192,#13193),(#13194,#13195),
(#13196,#13197),(#13198,#13199),(#13200,#13201),(#13202,#13203),(#13204,
#13205)),.UNSPECIFIED.,.F.,.F.,.F.,(4,3,4),(2,2),(-1.,-0.280742178679458,
0.),(0.,0.3),.UNSPECIFIED.);
#181=B_SPLINE_SURFACE_WITH_KNOTS('',3,1,((#13215,#13216),(#13217,#13218),
(#13219,#13220),(#13221,#13222),(#13223,#13224),(#13225,#13226),(#13227,
#13228)),.UNSPECIFIED.,.F.,.F.,.F.,(4,3,4),(2,2),(0.,0.710283751862537,
1.),(0.,0.3),.UNSPECIFIED.);
#182=B_SPLINE_SURFACE_WITH_KNOTS('',3,1,((#13238,#13239),(#13240,#13241),
(#13242,#13243),(#13244,#13245),(#13246,#13247),(#13248,#13249),(#13250,
#13251)),.UNSPECIFIED.,.F.,.F.,.F.,(4,3,4),(2,2),(-1.,-0.280742178679806,
0.),(0.,0.3),.UNSPECIFIED.);
#183=B_SPLINE_SURFACE_WITH_KNOTS('',3,1,((#13261,#13262),(#13263,#13264),
(#13265,#13266),(#13267,#13268),(#13269,#13270),(#13271,#13272),(#13273,
#13274)),.UNSPECIFIED.,.F.,.F.,.F.,(4,3,4),(2,2),(0.,0.710283751862489,
1.),(0.,0.3),.UNSPECIFIED.);
#184=B_SPLINE_SURFACE_WITH_KNOTS('',3,1,((#13284,#13285),(#13286,#13287),
(#13288,#13289),(#13290,#13291),(#13292,#13293),(#13294,#13295),(#13296,
#13297)),.UNSPECIFIED.,.F.,.F.,.F.,(4,3,4),(2,2),(-1.,-0.280742178679854,
0.),(0.,0.3),.UNSPECIFIED.);
#185=B_SPLINE_SURFACE_WITH_KNOTS('',3,1,((#13307,#13308),(#13309,#13310),
(#13311,#13312),(#13313,#13314),(#13315,#13316),(#13317,#13318),(#13319,
#13320)),.UNSPECIFIED.,.F.,.F.,.F.,(4,3,4),(2,2),(0.,0.710283751861983,
1.),(0.,0.3),.UNSPECIFIED.);
#186=B_SPLINE_SURFACE_WITH_KNOTS('',3,1,((#13330,#13331),(#13332,#13333),
(#13334,#13335),(#13336,#13337),(#13338,#13339),(#13340,#13341),(#13342,
#13343)),.UNSPECIFIED.,.F.,.F.,.F.,(4,3,4),(2,2),(-1.,-0.280742178679652,
0.),(0.,0.3),.UNSPECIFIED.);
#187=B_SPLINE_SURFACE_WITH_KNOTS('',3,1,((#13353,#13354),(#13355,#13356),
(#13357,#13358),(#13359,#13360),(#13361,#13362),(#13363,#13364),(#13365,
#13366)),.UNSPECIFIED.,.F.,.F.,.F.,(4,3,4),(2,2),(0.,0.710283751862199,
1.),(0.,0.3),.UNSPECIFIED.);
#188=B_SPLINE_SURFACE_WITH_KNOTS('',3,1,((#13376,#13377),(#13378,#13379),
(#13380,#13381),(#13382,#13383),(#13384,#13385),(#13386,#13387),(#13388,
#13389)),.UNSPECIFIED.,.F.,.F.,.F.,(4,3,4),(2,2),(-1.,-0.280742178679291,
0.),(0.,0.3),.UNSPECIFIED.);
#189=B_SPLINE_SURFACE_WITH_KNOTS('',3,1,((#13399,#13400),(#13401,#13402),
(#13403,#13404),(#13405,#13406),(#13407,#13408),(#13409,#13410),(#13411,
#13412)),.UNSPECIFIED.,.F.,.F.,.F.,(4,3,4),(2,2),(0.,0.710283751862811,
1.),(0.,0.3),.UNSPECIFIED.);
#190=B_SPLINE_CURVE_WITH_KNOTS('',3,(#8609,#8610,#8611,#8612,#8613,#8614,
#8615),.UNSPECIFIED.,.F.,.F.,(4,3,4),(0.,0.280742178679678,1.),
 .UNSPECIFIED.);
#191=B_SPLINE_CURVE_WITH_KNOTS('',3,(#8617,#8618,#8619,#8620,#8621,#8622,
#8623),.UNSPECIFIED.,.F.,.F.,(4,3,4),(-1.,-0.710283751862569,0.),
 .UNSPECIFIED.);
#192=B_SPLINE_CURVE_WITH_KNOTS('',3,(#8625,#8626,#8627,#8628,#8629,#8630,
#8631),.UNSPECIFIED.,.F.,.F.,(4,3,4),(0.,0.280742178679642,1.),
 .UNSPECIFIED.);
#193=B_SPLINE_CURVE_WITH_KNOTS('',3,(#8633,#8634,#8635,#8636,#8637,#8638,
#8639),.UNSPECIFIED.,.F.,.F.,(4,3,4),(-1.,-0.71028375186255,0.),
 .UNSPECIFIED.);
#194=B_SPLINE_CURVE_WITH_KNOTS('',3,(#8641,#8642,#8643,#8644,#8645,#8646,
#8647),.UNSPECIFIED.,.F.,.F.,(4,3,4),(0.,0.280742178679643,1.),
 .UNSPECIFIED.);
#195=B_SPLINE_CURVE_WITH_KNOTS('',3,(#8649,#8650,#8651,#8652,#8653,#8654,
#8655),.UNSPECIFIED.,.F.,.F.,(4,3,4),(-1.,-0.710283751862529,0.),
 .UNSPECIFIED.);
#196=B_SPLINE_CURVE_WITH_KNOTS('',3,(#8657,#8658,#8659,#8660,#8661,#8662,
#8663),.UNSPECIFIED.,.F.,.F.,(4,3,4),(0.,0.280742178679613,1.),
 .UNSPECIFIED.);
#197=B_SPLINE_CURVE_WITH_KNOTS('',3,(#8665,#8666,#8667,#8668,#8669,#8670,
#8671),.UNSPECIFIED.,.F.,.F.,(4,3,4),(-1.,-0.710283751862391,0.),
 .UNSPECIFIED.);
#198=B_SPLINE_CURVE_WITH_KNOTS('',3,(#8673,#8674,#8675,#8676,#8677,#8678,
#8679),.UNSPECIFIED.,.F.,.F.,(4,3,4),(0.,0.280742178679673,1.),
 .UNSPECIFIED.);
#199=B_SPLINE_CURVE_WITH_KNOTS('',3,(#8681,#8682,#8683,#8684,#8685,#8686,
#8687),.UNSPECIFIED.,.F.,.F.,(4,3,4),(-1.,-0.710283751862469,0.),
 .UNSPECIFIED.);
#200=B_SPLINE_CURVE_WITH_KNOTS('',3,(#8689,#8690,#8691,#8692,#8693,#8694,
#8695),.UNSPECIFIED.,.F.,.F.,(4,3,4),(0.,0.280742178679714,1.),
 .UNSPECIFIED.);
#201=B_SPLINE_CURVE_WITH_KNOTS('',3,(#8697,#8698,#8699,#8700,#8701,#8702,
#8703),.UNSPECIFIED.,.F.,.F.,(4,3,4),(-1.,-0.710283751862515,0.),
 .UNSPECIFIED.);
#202=B_SPLINE_CURVE_WITH_KNOTS('',3,(#8705,#8706,#8707,#8708,#8709,#8710,
#8711),.UNSPECIFIED.,.F.,.F.,(4,3,4),(0.,0.280742178679675,1.),
 .UNSPECIFIED.);
#203=B_SPLINE_CURVE_WITH_KNOTS('',3,(#8713,#8714,#8715,#8716,#8717,#8718,
#8719),.UNSPECIFIED.,.F.,.F.,(4,3,4),(-1.,-0.710283751862494,0.),
 .UNSPECIFIED.);
#204=B_SPLINE_CURVE_WITH_KNOTS('',3,(#8721,#8722,#8723,#8724,#8725,#8726,
#8727),.UNSPECIFIED.,.F.,.F.,(4,3,4),(0.,0.280742178679687,1.),
 .UNSPECIFIED.);
#205=B_SPLINE_CURVE_WITH_KNOTS('',3,(#8729,#8730,#8731,#8732,#8733,#8734,
#8735),.UNSPECIFIED.,.F.,.F.,(4,3,4),(-1.,-0.710283751862601,0.),
 .UNSPECIFIED.);
#206=B_SPLINE_CURVE_WITH_KNOTS('',3,(#8737,#8738,#8739,#8740,#8741,#8742,
#8743),.UNSPECIFIED.,.F.,.F.,(4,3,4),(0.,0.28074217867973,1.),
 .UNSPECIFIED.);
#207=B_SPLINE_CURVE_WITH_KNOTS('',3,(#8745,#8746,#8747,#8748,#8749,#8750,
#8751),.UNSPECIFIED.,.F.,.F.,(4,3,4),(-1.,-0.710283751862477,0.),
 .UNSPECIFIED.);
#208=B_SPLINE_CURVE_WITH_KNOTS('',3,(#8753,#8754,#8755,#8756,#8757,#8758,
#8759),.UNSPECIFIED.,.F.,.F.,(4,3,4),(0.,0.280742178679672,1.),
 .UNSPECIFIED.);
#209=B_SPLINE_CURVE_WITH_KNOTS('',3,(#8761,#8762,#8763,#8764,#8765,#8766,
#8767),.UNSPECIFIED.,.F.,.F.,(4,3,4),(-1.,-0.710283751862452,0.),
 .UNSPECIFIED.);
#210=B_SPLINE_CURVE_WITH_KNOTS('',3,(#8769,#8770,#8771,#8772,#8773,#8774,
#8775),.UNSPECIFIED.,.F.,.F.,(4,3,4),(0.,0.280742178679705,1.),
 .UNSPECIFIED.);
#211=B_SPLINE_CURVE_WITH_KNOTS('',3,(#8777,#8778,#8779,#8780,#8781,#8782,
#8783),.UNSPECIFIED.,.F.,.F.,(4,3,4),(-1.,-0.710283751862464,0.),
 .UNSPECIFIED.);
#212=B_SPLINE_CURVE_WITH_KNOTS('',3,(#8785,#8786,#8787,#8788,#8789,#8790,
#8791),.UNSPECIFIED.,.F.,.F.,(4,3,4),(0.,0.280742178679675,1.),
 .UNSPECIFIED.);
#213=B_SPLINE_CURVE_WITH_KNOTS('',3,(#8793,#8794,#8795,#8796,#8797,#8798,
#8799),.UNSPECIFIED.,.F.,.F.,(4,3,4),(-1.,-0.710283751862494,0.),
 .UNSPECIFIED.);
#214=B_SPLINE_CURVE_WITH_KNOTS('',3,(#8801,#8802,#8803,#8804,#8805,#8806,
#8807),.UNSPECIFIED.,.F.,.F.,(4,3,4),(0.,0.28074217867969,1.),
 .UNSPECIFIED.);
#215=B_SPLINE_CURVE_WITH_KNOTS('',3,(#8809,#8810,#8811,#8812,#8813,#8814,
#8815),.UNSPECIFIED.,.F.,.F.,(4,3,4),(-1.,-0.7102837518624,0.),
 .UNSPECIFIED.);
#216=B_SPLINE_CURVE_WITH_KNOTS('',3,(#8817,#8818,#8819,#8820,#8821,#8822,
#8823),.UNSPECIFIED.,.F.,.F.,(4,3,4),(0.,0.280742178679682,1.),
 .UNSPECIFIED.);
#217=B_SPLINE_CURVE_WITH_KNOTS('',3,(#8825,#8826,#8827,#8828,#8829,#8830,
#8831),.UNSPECIFIED.,.F.,.F.,(4,3,4),(-1.,-0.710283751862515,0.),
 .UNSPECIFIED.);
#218=B_SPLINE_CURVE_WITH_KNOTS('',3,(#8833,#8834,#8835,#8836,#8837,#8838,
#8839),.UNSPECIFIED.,.F.,.F.,(4,3,4),(0.,0.280742178679678,1.),
 .UNSPECIFIED.);
#219=B_SPLINE_CURVE_WITH_KNOTS('',3,(#8841,#8842,#8843,#8844,#8845,#8846,
#8847),.UNSPECIFIED.,.F.,.F.,(4,3,4),(-1.,-0.710283751862362,0.),
 .UNSPECIFIED.);
#220=B_SPLINE_CURVE_WITH_KNOTS('',3,(#8849,#8850,#8851,#8852,#8853,#8854,
#8855),.UNSPECIFIED.,.F.,.F.,(4,3,4),(0.,0.280742178679673,1.),
 .UNSPECIFIED.);
#221=B_SPLINE_CURVE_WITH_KNOTS('',3,(#8857,#8858,#8859,#8860,#8861,#8862,
#8863),.UNSPECIFIED.,.F.,.F.,(4,3,4),(-1.,-0.710283751862568,0.),
 .UNSPECIFIED.);
#222=B_SPLINE_CURVE_WITH_KNOTS('',3,(#8865,#8866,#8867,#8868,#8869,#8870,
#8871),.UNSPECIFIED.,.F.,.F.,(4,3,4),(0.,0.280742178679671,1.),
 .UNSPECIFIED.);
#223=B_SPLINE_CURVE_WITH_KNOTS('',3,(#8873,#8874,#8875,#8876,#8877,#8878,
#8879),.UNSPECIFIED.,.F.,.F.,(4,3,4),(-1.,-0.710283751862544,0.),
 .UNSPECIFIED.);
#224=B_SPLINE_CURVE_WITH_KNOTS('',3,(#8881,#8882,#8883,#8884,#8885,#8886,
#8887),.UNSPECIFIED.,.F.,.F.,(4,3,4),(0.,0.280742178679634,1.),
 .UNSPECIFIED.);
#225=B_SPLINE_CURVE_WITH_KNOTS('',3,(#8889,#8890,#8891,#8892,#8893,#8894,
#8895),.UNSPECIFIED.,.F.,.F.,(4,3,4),(-1.,-0.710283751862527,0.),
 .UNSPECIFIED.);
#226=B_SPLINE_CURVE_WITH_KNOTS('',3,(#8897,#8898,#8899,#8900,#8901,#8902,
#8903),.UNSPECIFIED.,.F.,.F.,(4,3,4),(0.,0.280742178679682,1.),
 .UNSPECIFIED.);
#227=B_SPLINE_CURVE_WITH_KNOTS('',3,(#8905,#8906,#8907,#8908,#8909,#8910,
#8911),.UNSPECIFIED.,.F.,.F.,(4,3,4),(-1.,-0.710283751862515,0.),
 .UNSPECIFIED.);
#228=B_SPLINE_CURVE_WITH_KNOTS('',3,(#8913,#8914,#8915,#8916,#8917,#8918,
#8919),.UNSPECIFIED.,.F.,.F.,(4,3,4),(0.,0.28074217867968,1.),
 .UNSPECIFIED.);
#229=B_SPLINE_CURVE_WITH_KNOTS('',3,(#8920,#8921,#8922,#8923,#8924,#8925,
#8926),.UNSPECIFIED.,.F.,.F.,(4,3,4),(-1.,-0.710283751862626,0.),
 .UNSPECIFIED.);
#230=B_SPLINE_CURVE_WITH_KNOTS('',3,(#8948,#8949,#8950,#8951,#8952,#8953,
#8954),.UNSPECIFIED.,.F.,.F.,(4,3,4),(-1.,-0.280742178679678,0.),
 .UNSPECIFIED.);
#231=B_SPLINE_CURVE_WITH_KNOTS('',3,(#8971,#8972,#8973,#8974,#8975,#8976,
#8977),.UNSPECIFIED.,.F.,.F.,(4,3,4),(0.,0.710283751862569,1.),
 .UNSPECIFIED.);
#232=B_SPLINE_CURVE_WITH_KNOTS('',3,(#8994,#8995,#8996,#8997,#8998,#8999,
#9000),.UNSPECIFIED.,.F.,.F.,(4,3,4),(-1.,-0.280742178679642,0.),
 .UNSPECIFIED.);
#233=B_SPLINE_CURVE_WITH_KNOTS('',3,(#9017,#9018,#9019,#9020,#9021,#9022,
#9023),.UNSPECIFIED.,.F.,.F.,(4,3,4),(0.,0.71028375186255,1.),
 .UNSPECIFIED.);
#234=B_SPLINE_CURVE_WITH_KNOTS('',3,(#9040,#9041,#9042,#9043,#9044,#9045,
#9046),.UNSPECIFIED.,.F.,.F.,(4,3,4),(-1.,-0.280742178679643,0.),
 .UNSPECIFIED.);
#235=B_SPLINE_CURVE_WITH_KNOTS('',3,(#9063,#9064,#9065,#9066,#9067,#9068,
#9069),.UNSPECIFIED.,.F.,.F.,(4,3,4),(0.,0.710283751862529,1.),
 .UNSPECIFIED.);
#236=B_SPLINE_CURVE_WITH_KNOTS('',3,(#9086,#9087,#9088,#9089,#9090,#9091,
#9092),.UNSPECIFIED.,.F.,.F.,(4,3,4),(-1.,-0.280742178679613,0.),
 .UNSPECIFIED.);
#237=B_SPLINE_CURVE_WITH_KNOTS('',3,(#9109,#9110,#9111,#9112,#9113,#9114,
#9115),.UNSPECIFIED.,.F.,.F.,(4,3,4),(0.,0.710283751862391,1.),
 .UNSPECIFIED.);
#238=B_SPLINE_CURVE_WITH_KNOTS('',3,(#9132,#9133,#9134,#9135,#9136,#9137,
#9138),.UNSPECIFIED.,.F.,.F.,(4,3,4),(-1.,-0.280742178679673,0.),
 .UNSPECIFIED.);
#239=B_SPLINE_CURVE_WITH_KNOTS('',3,(#9155,#9156,#9157,#9158,#9159,#9160,
#9161),.UNSPECIFIED.,.F.,.F.,(4,3,4),(0.,0.710283751862469,1.),
 .UNSPECIFIED.);
#240=B_SPLINE_CURVE_WITH_KNOTS('',3,(#9178,#9179,#9180,#9181,#9182,#9183,
#9184),.UNSPECIFIED.,.F.,.F.,(4,3,4),(-1.,-0.280742178679714,0.),
 .UNSPECIFIED.);
#241=B_SPLINE_CURVE_WITH_KNOTS('',3,(#9201,#9202,#9203,#9204,#9205,#9206,
#9207),.UNSPECIFIED.,.F.,.F.,(4,3,4),(0.,0.710283751862515,1.),
 .UNSPECIFIED.);
#242=B_SPLINE_CURVE_WITH_KNOTS('',3,(#9224,#9225,#9226,#9227,#9228,#9229,
#9230),.UNSPECIFIED.,.F.,.F.,(4,3,4),(-1.,-0.280742178679675,0.),
 .UNSPECIFIED.);
#243=B_SPLINE_CURVE_WITH_KNOTS('',3,(#9247,#9248,#9249,#9250,#9251,#9252,
#9253),.UNSPECIFIED.,.F.,.F.,(4,3,4),(0.,0.710283751862494,1.),
 .UNSPECIFIED.);
#244=B_SPLINE_CURVE_WITH_KNOTS('',3,(#9270,#9271,#9272,#9273,#9274,#9275,
#9276),.UNSPECIFIED.,.F.,.F.,(4,3,4),(-1.,-0.280742178679687,0.),
 .UNSPECIFIED.);
#245=B_SPLINE_CURVE_WITH_KNOTS('',3,(#9293,#9294,#9295,#9296,#9297,#9298,
#9299),.UNSPECIFIED.,.F.,.F.,(4,3,4),(0.,0.710283751862601,1.),
 .UNSPECIFIED.);
#246=B_SPLINE_CURVE_WITH_KNOTS('',3,(#9316,#9317,#9318,#9319,#9320,#9321,
#9322),.UNSPECIFIED.,.F.,.F.,(4,3,4),(-1.,-0.28074217867973,0.),
 .UNSPECIFIED.);
#247=B_SPLINE_CURVE_WITH_KNOTS('',3,(#9339,#9340,#9341,#9342,#9343,#9344,
#9345),.UNSPECIFIED.,.F.,.F.,(4,3,4),(0.,0.710283751862477,1.),
 .UNSPECIFIED.);
#248=B_SPLINE_CURVE_WITH_KNOTS('',3,(#9362,#9363,#9364,#9365,#9366,#9367,
#9368),.UNSPECIFIED.,.F.,.F.,(4,3,4),(-1.,-0.280742178679672,0.),
 .UNSPECIFIED.);
#249=B_SPLINE_CURVE_WITH_KNOTS('',3,(#9385,#9386,#9387,#9388,#9389,#9390,
#9391),.UNSPECIFIED.,.F.,.F.,(4,3,4),(0.,0.710283751862452,1.),
 .UNSPECIFIED.);
#250=B_SPLINE_CURVE_WITH_KNOTS('',3,(#9408,#9409,#9410,#9411,#9412,#9413,
#9414),.UNSPECIFIED.,.F.,.F.,(4,3,4),(-1.,-0.280742178679705,0.),
 .UNSPECIFIED.);
#251=B_SPLINE_CURVE_WITH_KNOTS('',3,(#9431,#9432,#9433,#9434,#9435,#9436,
#9437),.UNSPECIFIED.,.F.,.F.,(4,3,4),(0.,0.710283751862464,1.),
 .UNSPECIFIED.);
#252=B_SPLINE_CURVE_WITH_KNOTS('',3,(#9454,#9455,#9456,#9457,#9458,#9459,
#9460),.UNSPECIFIED.,.F.,.F.,(4,3,4),(-1.,-0.280742178679675,0.),
 .UNSPECIFIED.);
#253=B_SPLINE_CURVE_WITH_KNOTS('',3,(#9477,#9478,#9479,#9480,#9481,#9482,
#9483),.UNSPECIFIED.,.F.,.F.,(4,3,4),(0.,0.710283751862494,1.),
 .UNSPECIFIED.);
#254=B_SPLINE_CURVE_WITH_KNOTS('',3,(#9500,#9501,#9502,#9503,#9504,#9505,
#9506),.UNSPECIFIED.,.F.,.F.,(4,3,4),(-1.,-0.28074217867969,0.),
 .UNSPECIFIED.);
#255=B_SPLINE_CURVE_WITH_KNOTS('',3,(#9523,#9524,#9525,#9526,#9527,#9528,
#9529),.UNSPECIFIED.,.F.,.F.,(4,3,4),(0.,0.7102837518624,1.),
 .UNSPECIFIED.);
#256=B_SPLINE_CURVE_WITH_KNOTS('',3,(#9546,#9547,#9548,#9549,#9550,#9551,
#9552),.UNSPECIFIED.,.F.,.F.,(4,3,4),(-1.,-0.280742178679682,0.),
 .UNSPECIFIED.);
#257=B_SPLINE_CURVE_WITH_KNOTS('',3,(#9569,#9570,#9571,#9572,#9573,#9574,
#9575),.UNSPECIFIED.,.F.,.F.,(4,3,4),(0.,0.710283751862515,1.),
 .UNSPECIFIED.);
#258=B_SPLINE_CURVE_WITH_KNOTS('',3,(#9592,#9593,#9594,#9595,#9596,#9597,
#9598),.UNSPECIFIED.,.F.,.F.,(4,3,4),(-1.,-0.280742178679678,0.),
 .UNSPECIFIED.);
#259=B_SPLINE_CURVE_WITH_KNOTS('',3,(#9615,#9616,#9617,#9618,#9619,#9620,
#9621),.UNSPECIFIED.,.F.,.F.,(4,3,4),(0.,0.710283751862362,1.),
 .UNSPECIFIED.);
#260=B_SPLINE_CURVE_WITH_KNOTS('',3,(#9638,#9639,#9640,#9641,#9642,#9643,
#9644),.UNSPECIFIED.,.F.,.F.,(4,3,4),(-1.,-0.280742178679673,0.),
 .UNSPECIFIED.);
#261=B_SPLINE_CURVE_WITH_KNOTS('',3,(#9661,#9662,#9663,#9664,#9665,#9666,
#9667),.UNSPECIFIED.,.F.,.F.,(4,3,4),(0.,0.710283751862568,1.),
 .UNSPECIFIED.);
#262=B_SPLINE_CURVE_WITH_KNOTS('',3,(#9684,#9685,#9686,#9687,#9688,#9689,
#9690),.UNSPECIFIED.,.F.,.F.,(4,3,4),(-1.,-0.280742178679671,0.),
 .UNSPECIFIED.);
#263=B_SPLINE_CURVE_WITH_KNOTS('',3,(#9707,#9708,#9709,#9710,#9711,#9712,
#9713),.UNSPECIFIED.,.F.,.F.,(4,3,4),(0.,0.710283751862544,1.),
 .UNSPECIFIED.);
#264=B_SPLINE_CURVE_WITH_KNOTS('',3,(#9730,#9731,#9732,#9733,#9734,#9735,
#9736),.UNSPECIFIED.,.F.,.F.,(4,3,4),(-1.,-0.280742178679634,0.),
 .UNSPECIFIED.);
#265=B_SPLINE_CURVE_WITH_KNOTS('',3,(#9753,#9754,#9755,#9756,#9757,#9758,
#9759),.UNSPECIFIED.,.F.,.F.,(4,3,4),(0.,0.710283751862527,1.),
 .UNSPECIFIED.);
#266=B_SPLINE_CURVE_WITH_KNOTS('',3,(#9776,#9777,#9778,#9779,#9780,#9781,
#9782),.UNSPECIFIED.,.F.,.F.,(4,3,4),(-1.,-0.280742178679682,0.),
 .UNSPECIFIED.);
#267=B_SPLINE_CURVE_WITH_KNOTS('',3,(#9799,#9800,#9801,#9802,#9803,#9804,
#9805),.UNSPECIFIED.,.F.,.F.,(4,3,4),(0.,0.710283751862515,1.),
 .UNSPECIFIED.);
#268=B_SPLINE_CURVE_WITH_KNOTS('',3,(#9822,#9823,#9824,#9825,#9826,#9827,
#9828),.UNSPECIFIED.,.F.,.F.,(4,3,4),(-1.,-0.28074217867968,0.),
 .UNSPECIFIED.);
#269=B_SPLINE_CURVE_WITH_KNOTS('',3,(#9844,#9845,#9846,#9847,#9848,#9849,
#9850),.UNSPECIFIED.,.F.,.F.,(4,3,4),(0.,0.710283751862626,1.),
 .UNSPECIFIED.);
#270=B_SPLINE_CURVE_WITH_KNOTS('',3,(#9856,#9857,#9858,#9859,#9860,#9861,
#9862,#9863,#9864,#9865,#9866,#9867),.UNSPECIFIED.,.F.,.F.,(4,2,2,2,2,4),
(0.176952021100213,0.180746772870687,0.222421388393981,0.261613407379015,
0.297127222461067,0.298924728188181),.UNSPECIFIED.);
#271=B_SPLINE_CURVE_WITH_KNOTS('',3,(#9871,#9872,#9873,#9874,#9875,#9876,
#9877,#9878,#9879,#9880),.UNSPECIFIED.,.F.,.F.,(4,2,2,2,4),(0.373973550308853,
0.412823853766199,0.45763806860033,0.496687683763678,0.497190591967996),
 .UNSPECIFIED.);
#272=B_SPLINE_CURVE_WITH_KNOTS('',3,(#9884,#9885,#9886,#9887),
 .UNSPECIFIED.,.F.,.F.,(4,4),(0.82981369097611,0.872535571841028),
 .UNSPECIFIED.);
#273=B_SPLINE_CURVE_WITH_KNOTS('',3,(#9889,#9890,#9891,#9892,#9893,#9894,
#9895,#9896,#9897,#9898,#9899,#9900,#9901,#9902,#9903,#9904,#9905,#9906,
#9907,#9908,#9909,#9910),.UNSPECIFIED.,.F.,.F.,(4,2,2,2,2,2,2,2,2,2,4),
(0.,0.0752432399076853,0.112864859861528,0.150486479815371,0.184310186387814,
0.218133892960257,0.2519575995327,0.285781306105143,0.323402926058986,0.361024546012829,
0.436267785920514),.UNSPECIFIED.);
#274=B_SPLINE_CURVE_WITH_KNOTS('',3,(#9912,#9913,#9914,#9915),
 .UNSPECIFIED.,.F.,.F.,(4,4),(0.436267788076612,0.478925642719172),
 .UNSPECIFIED.);
#275=B_SPLINE_CURVE_WITH_KNOTS('',3,(#9917,#9918,#9919,#9920,#9921,#9922,
#9923,#9924,#9925,#9926),.UNSPECIFIED.,.F.,.F.,(4,2,2,2,4),(0.168661966491134,
0.192899902057201,0.232302205695102,0.27700132101019,0.291919349125483),
 .UNSPECIFIED.);
#276=B_SPLINE_CURVE_WITH_KNOTS('',3,(#9934,#9935,#9936,#9937,#9938,#9939,
#9940,#9941,#9942,#9943),.UNSPECIFIED.,.F.,.F.,(4,2,2,2,4),(0.373973550308929,
0.412823853766289,0.457638068600438,0.496687683763798,0.497190591968117),
 .UNSPECIFIED.);
#277=B_SPLINE_CURVE_WITH_KNOTS('',3,(#9945,#9946,#9947,#9948),
 .UNSPECIFIED.,.F.,.F.,(4,4),(0.829813690976107,0.872535571841023),
 .UNSPECIFIED.);
#278=B_SPLINE_CURVE_WITH_KNOTS('',3,(#9950,#9951,#9952,#9953,#9954,#9955,
#9956,#9957,#9958,#9959,#9960,#9961,#9962,#9963,#9964,#9965,#9966,#9967,
#9968,#9969,#9970,#9971),.UNSPECIFIED.,.F.,.F.,(4,2,2,2,2,2,2,2,2,2,4),
(0.,0.0752432399076852,0.112864859861528,0.15048647981537,0.184310186387813,
0.218133892960256,0.251957599532699,0.285781306105142,0.323402926058985,
0.361024546012827,0.436267785920512),.UNSPECIFIED.);
#279=B_SPLINE_CURVE_WITH_KNOTS('',3,(#9973,#9974,#9975,#9976),
 .UNSPECIFIED.,.F.,.F.,(4,4),(0.43626778807661,0.47892564271917),
 .UNSPECIFIED.);
#280=B_SPLINE_CURVE_WITH_KNOTS('',3,(#9978,#9979,#9980,#9981,#9982,#9983,
#9984,#9985,#9986,#9987),.UNSPECIFIED.,.F.,.F.,(4,2,2,2,4),(0.168661966491197,
0.19289990205728,0.232302205695209,0.277001321010314,0.291919349125613),
 .UNSPECIFIED.);
#281=B_SPLINE_CURVE_WITH_KNOTS('',3,(#10000,#10001,#10002,#10003,#10004,
#10005,#10006,#10007,#10008,#10009),.UNSPECIFIED.,.F.,.F.,(4,2,2,2,4),(0.373973550308898,
0.412823853766256,0.457638068600405,0.496687683763766,0.497190591968085),
 .UNSPECIFIED.);
#282=B_SPLINE_CURVE_WITH_KNOTS('',3,(#10011,#10012,#10013,#10014),
 .UNSPECIFIED.,.F.,.F.,(4,4),(0.829813690976103,0.872535571841019),
 .UNSPECIFIED.);
#283=B_SPLINE_CURVE_WITH_KNOTS('',3,(#10016,#10017,#10018,#10019,#10020,
#10021,#10022,#10023,#10024,#10025,#10026,#10027,#10028,#10029,#10030,#10031,
#10032,#10033,#10034,#10035,#10036,#10037),.UNSPECIFIED.,.F.,.F.,(4,2,2,
2,2,2,2,2,2,2,4),(0.,0.0752432399076848,0.112864859861527,0.15048647981537,
0.184310186387812,0.218133892960255,0.251957599532698,0.285781306105141,
0.323402926058983,0.361024546012825,0.43626778592051),.UNSPECIFIED.);
#284=B_SPLINE_CURVE_WITH_KNOTS('',3,(#10039,#10040,#10041,#10042),
 .UNSPECIFIED.,.F.,.F.,(4,4),(0.436267788076607,0.478925642719166),
 .UNSPECIFIED.);
#285=B_SPLINE_CURVE_WITH_KNOTS('',3,(#10044,#10045,#10046,#10047,#10048,
#10049,#10050,#10051,#10052,#10053),.UNSPECIFIED.,.F.,.F.,(4,2,2,2,4),(0.168661966491162,
0.192899902057229,0.232302205695134,0.277001321010224,0.291919349125518),
 .UNSPECIFIED.);
#286=B_SPLINE_CURVE_WITH_KNOTS('',3,(#10061,#10062,#10063,#10064,#10065,
#10066,#10067,#10068,#10069,#10070),.UNSPECIFIED.,.F.,.F.,(4,2,2,2,4),(0.373973550308825,
0.412823853766169,0.457638068600304,0.49668768376365,0.497190591967968),
 .UNSPECIFIED.);
#287=B_SPLINE_CURVE_WITH_KNOTS('',3,(#10072,#10073,#10074,#10075),
 .UNSPECIFIED.,.F.,.F.,(4,4),(0.829813690976104,0.872535571841021),
 .UNSPECIFIED.);
#288=B_SPLINE_CURVE_WITH_KNOTS('',3,(#10077,#10078,#10079,#10080,#10081,
#10082,#10083,#10084,#10085,#10086,#10087,#10088,#10089,#10090,#10091,#10092,
#10093,#10094,#10095,#10096,#10097,#10098),.UNSPECIFIED.,.F.,.F.,(4,2,2,
2,2,2,2,2,2,2,4),(0.,0.0752432399076847,0.112864859861527,0.150486479815369,
0.184310186387812,0.218133892960255,0.251957599532698,0.285781306105141,
0.323402926058983,0.361024546012825,0.43626778592051),.UNSPECIFIED.);
#289=B_SPLINE_CURVE_WITH_KNOTS('',3,(#10100,#10101,#10102,#10103),
 .UNSPECIFIED.,.F.,.F.,(4,4),(0.436267788076608,0.478925642719167),
 .UNSPECIFIED.);
#290=B_SPLINE_CURVE_WITH_KNOTS('',3,(#10105,#10106,#10107,#10108,#10109,
#10110,#10111,#10112,#10113,#10114),.UNSPECIFIED.,.F.,.F.,(4,2,2,2,4),(0.168661966491112,
0.192899902057175,0.232302205695069,0.277001321010144,0.291919349125433),
 .UNSPECIFIED.);
#291=B_SPLINE_CURVE_WITH_KNOTS('',3,(#10122,#10123,#10124,#10125,#10126,
#10127,#10128,#10129,#10130,#10131),.UNSPECIFIED.,.F.,.F.,(4,2,2,2,4),(0.373973775619309,
0.411723857280326,0.456525282321496,0.495654887449332,0.497190332684553),
 .UNSPECIFIED.);
#292=B_SPLINE_CURVE_WITH_KNOTS('',3,(#10133,#10134,#10135,#10136),
 .UNSPECIFIED.,.F.,.F.,(4,4),(0.829813690976104,0.872535571841021),
 .UNSPECIFIED.);
#293=B_SPLINE_CURVE_WITH_KNOTS('',3,(#10138,#10139,#10140,#10141,#10142,
#10143,#10144,#10145,#10146,#10147,#10148,#10149,#10150,#10151,#10152,#10153,
#10154,#10155,#10156,#10157,#10158,#10159),.UNSPECIFIED.,.F.,.F.,(4,2,2,
2,2,2,2,2,2,2,4),(0.,0.0752432399076847,0.112864859861527,0.150486479815369,
0.184310186387812,0.218133892960255,0.251957599532698,0.285781306105141,
0.323402926058983,0.361024546012826,0.43626778592051),.UNSPECIFIED.);
#294=B_SPLINE_CURVE_WITH_KNOTS('',3,(#10161,#10162,#10163,#10164),
 .UNSPECIFIED.,.F.,.F.,(4,4),(0.436267788076608,0.478925642719167),
 .UNSPECIFIED.);
#295=B_SPLINE_CURVE_WITH_KNOTS('',3,(#10166,#10167,#10168,#10169,#10170,
#10171,#10172,#10173,#10174,#10175),.UNSPECIFIED.,.F.,.F.,(4,2,2,2,4),(0.168654734837394,
0.192428693464529,0.231085502511853,0.27460714474031,0.291903180315505),
 .UNSPECIFIED.);
#296=B_SPLINE_CURVE_WITH_KNOTS('',3,(#10183,#10184,#10185,#10186,#10187,
#10188,#10189,#10190,#10191,#10192,#10193,#10194,#10195,#10196,#10197,#10198,
#10199,#10200,#10201,#10202,#10203,#10204,#10205,#10206,#10207,#10208),
 .UNSPECIFIED.,.F.,.F.,(4,2,2,2,2,2,2,2,2,2,2,2,4),(0.,0.0510691701167214,
0.102138340233443,0.149705476797854,0.189411125975461,0.229116775153068,
0.268822424330675,0.308528073508282,0.356095210072694,0.407164380189415,
0.458233550306136,0.509302720422858,0.514675539067688),.UNSPECIFIED.);
#297=B_SPLINE_CURVE_WITH_KNOTS('',3,(#10210,#10211,#10212,#10213,#10214,
#10215),.UNSPECIFIED.,.F.,.F.,(4,2,4),(0.860074103833739,0.865397930495552,
0.916467100612273),.UNSPECIFIED.);
#298=B_SPLINE_CURVE_WITH_KNOTS('',3,(#10223,#10224,#10225,#10226,#10227,
#10228,#10229,#10230,#10231,#10232),.UNSPECIFIED.,.F.,.F.,(4,2,2,2,4),(0.377689688551845,
0.399067049554339,0.434377043861903,0.473493290998835,0.499800699981463),
 .UNSPECIFIED.);
#299=B_SPLINE_CURVE_WITH_KNOTS('',3,(#10237,#10238,#10239,#10240,#10241,
#10242,#10243,#10244,#10245,#10246,#10247,#10248),.UNSPECIFIED.,.F.,.F.,
(4,2,2,2,2,4),(0.176952021100231,0.180746772870704,0.222421388393999,0.261613407379038,
0.297127222461088,0.298924728188202),.UNSPECIFIED.);
#300=B_SPLINE_CURVE_WITH_KNOTS('',3,(#10253,#10254,#10255,#10256,#10257,
#10258,#10259,#10260,#10261,#10262,#10263,#10264,#10265,#10266,#10267,#10268,
#10269,#10270,#10271,#10272,#10273,#10274,#10275,#10276,#10277,#10278),
 .UNSPECIFIED.,.F.,.F.,(4,2,2,2,2,2,2,2,2,2,2,2,4),(0.,0.0510691701167211,
0.102138340233442,0.149705476797855,0.189411125975462,0.229116775153068,
0.268822424330675,0.308528073508282,0.356095210072695,0.407164380189416,
0.458233550306138,0.50930272042286,0.514675539067689),.UNSPECIFIED.);
#301=B_SPLINE_CURVE_WITH_KNOTS('',3,(#10280,#10281,#10282,#10283,#10284,
#10285),.UNSPECIFIED.,.F.,.F.,(4,2,4),(0.86007410383374,0.865397930495556,
0.916467100612277),.UNSPECIFIED.);
#302=B_SPLINE_CURVE_WITH_KNOTS('',3,(#10293,#10294,#10295,#10296,#10297,
#10298,#10299,#10300,#10301,#10302),.UNSPECIFIED.,.F.,.F.,(4,2,2,2,4),(0.377689688551799,
0.39906704955429,0.43437704386185,0.473493290998776,0.499800699981398),
 .UNSPECIFIED.);
#303=B_SPLINE_CURVE_WITH_KNOTS('',3,(#10307,#10308,#10309,#10310,#10311,
#10312,#10313,#10314,#10315,#10316,#10317,#10318),.UNSPECIFIED.,.F.,.F.,
(4,2,2,2,2,4),(0.176952021100235,0.180746772870707,0.222421388394001,0.261613407379039,
0.297127222461082,0.298924728188195),.UNSPECIFIED.);
#304=B_SPLINE_CURVE_WITH_KNOTS('',3,(#10323,#10324,#10325,#10326,#10327,
#10328,#10329,#10330,#10331,#10332,#10333,#10334,#10335,#10336,#10337,#10338,
#10339,#10340,#10341,#10342,#10343,#10344,#10345,#10346,#10347,#10348),
 .UNSPECIFIED.,.F.,.F.,(4,2,2,2,2,2,2,2,2,2,2,2,4),(0.,0.0510691701167214,
0.102138340233443,0.149705476797856,0.189411125975462,0.229116775153069,
0.268822424330676,0.308528073508283,0.356095210072695,0.407164380189417,
0.45823355030614,0.509302720422862,0.514675539067692),.UNSPECIFIED.);
#305=B_SPLINE_CURVE_WITH_KNOTS('',3,(#10350,#10351,#10352,#10353,#10354,
#10355),.UNSPECIFIED.,.F.,.F.,(4,2,4),(0.860074103833745,0.865397930495558,
0.916467100612279),.UNSPECIFIED.);
#306=B_SPLINE_CURVE_WITH_KNOTS('',3,(#10363,#10364,#10365,#10366,#10367,
#10368,#10369,#10370,#10371,#10372),.UNSPECIFIED.,.F.,.F.,(4,2,2,2,4),(0.377689688551786,
0.39906704955428,0.434377043861843,0.473493290998775,0.499800699981532),
 .UNSPECIFIED.);
#307=B_SPLINE_CURVE_WITH_KNOTS('',3,(#10377,#10378,#10379,#10380,#10381,
#10382,#10383,#10384,#10385,#10386,#10387,#10388),.UNSPECIFIED.,.F.,.F.,
(4,2,2,2,2,4),(0.176952021100219,0.180746772870692,0.22242138839398,0.261613407379013,
0.297127222461062,0.298924728188177),.UNSPECIFIED.);
#308=B_SPLINE_CURVE_WITH_KNOTS('',3,(#10399,#10400,#10401,#10402,#10403,
#10404,#10405,#10406,#10407,#10408),.UNSPECIFIED.,.F.,.F.,(4,2,2,2,4),(0.377689688551843,
0.399067049554334,0.434377043861894,0.473493290998814,0.499800699981435),
 .UNSPECIFIED.);
#309=B_SPLINE_CURVE_WITH_KNOTS('',3,(#10458,#10459,#10460,#10461,#10462,
#10463,#10464,#10465,#10466,#10467),.UNSPECIFIED.,.F.,.F.,(4,2,2,2,4),(0.377689688551827,
0.399067049554315,0.434377043861876,0.473493290998794,0.499800698336696),
 .UNSPECIFIED.);
#310=B_SPLINE_CURVE_WITH_KNOTS('',3,(#10469,#10470,#10471,#10472,#10473,
#10474),.UNSPECIFIED.,.F.,.F.,(4,2,4),(0.860074103833743,0.865397930495556,
0.916467100612278),.UNSPECIFIED.);
#311=B_SPLINE_CURVE_WITH_KNOTS('',3,(#10476,#10477,#10478,#10479,#10480,
#10481,#10482,#10483,#10484,#10485,#10486,#10487,#10488,#10489,#10490,#10491,
#10492,#10493,#10494,#10495,#10496,#10497,#10498,#10499,#10500,#10501),
 .UNSPECIFIED.,.F.,.F.,(4,2,2,2,2,2,2,2,2,2,2,2,4),(0.,0.0510691701167214,
0.102138340233443,0.149705476797856,0.189411125975462,0.229116775153069,
0.268822424330676,0.308528073508283,0.356095210072696,0.407164380189417,
0.458233550306139,0.50930272042286,0.514675539067691),.UNSPECIFIED.);
#312=B_SPLINE_CURVE_WITH_KNOTS('',3,(#10503,#10504,#10505,#10506,#10507,
#10508,#10509,#10510,#10511,#10512,#10513,#10514),.UNSPECIFIED.,.F.,.F.,
(4,2,2,2,2,4),(0.176952022738439,0.180746772870675,0.222421388393964,0.261613407379002,
0.297127222461052,0.298924728188166),.UNSPECIFIED.);
#313=B_SPLINE_CURVE_WITH_KNOTS('',3,(#10517,#10518,#10519,#10520,#10521,
#10522),.UNSPECIFIED.,.F.,.F.,(4,2,4),(0.860074103833742,0.865397930495556,
0.916467100612277),.UNSPECIFIED.);
#314=B_SPLINE_CURVE_WITH_KNOTS('',3,(#10523,#10524,#10525,#10526,#10527,
#10528,#10529,#10530,#10531,#10532,#10533,#10534,#10535,#10536,#10537,#10538,
#10539,#10540,#10541,#10542,#10543,#10544,#10545,#10546,#10547,#10548),
 .UNSPECIFIED.,.F.,.F.,(4,2,2,2,2,2,2,2,2,2,2,2,4),(0.,0.0510691701167215,
0.102138340233443,0.149705476797856,0.189411125975462,0.229116775153069,
0.268822424330676,0.308528073508283,0.356095210072695,0.407164380189417,
0.458233550306139,0.50930272042286,0.514675539067691),.UNSPECIFIED.);
#315=B_SPLINE_CURVE_WITH_KNOTS('',3,(#10599,#10600,#10601,#10602,#10603,
#10604,#10605,#10606,#10607,#10608),.UNSPECIFIED.,.F.,.F.,(4,2,2,2,4),(0.,
0.0643602400445062,0.128205165528664,0.162696695549473,0.190203730728292),
 .UNSPECIFIED.);
#316=B_SPLINE_CURVE_WITH_KNOTS('',3,(#10610,#10611,#10612,#10613,#10614),
 .UNSPECIFIED.,.F.,.F.,(4,1,4),(-0.216138941455626,-0.0941510862410499,
0.0479702269727188),.UNSPECIFIED.);
#317=B_SPLINE_CURVE_WITH_KNOTS('',3,(#10616,#10617,#10618,#10619,#10620,
#10621,#10622,#10623,#10624,#10625),.UNSPECIFIED.,.F.,.F.,(4,2,2,2,4),(0.,
0.0379322183029444,0.077432223268887,0.0981012443643188,0.118697741447601),
 .UNSPECIFIED.);
#318=B_SPLINE_CURVE_WITH_KNOTS('',3,(#10627,#10628,#10629,#10630,#10631,
#10632,#10633,#10634),.UNSPECIFIED.,.F.,.F.,(4,2,2,4),(0.0540320825090646,
0.0682890446757716,0.103717134471634,0.12654923852238),.UNSPECIFIED.);
#319=B_SPLINE_CURVE_WITH_KNOTS('',3,(#10635,#10636,#10637,#10638),
 .UNSPECIFIED.,.F.,.F.,(4,4),(4.36456793333078E-6,0.0639460563656164),
 .UNSPECIFIED.);
#320=B_SPLINE_CURVE_WITH_KNOTS('',3,(#10657,#10658,#10659,#10660),
 .UNSPECIFIED.,.F.,.F.,(4,4),(-0.323407084578363,-0.296464245222227),
 .UNSPECIFIED.);
#321=B_SPLINE_CURVE_WITH_KNOTS('',3,(#10665,#10666,#10667,#10668,#10669,
#10670),.UNSPECIFIED.,.F.,.F.,(4,2,4),(0.,0.0474876111861839,0.0604262698485377),
 .UNSPECIFIED.);
#322=B_SPLINE_CURVE_WITH_KNOTS('',3,(#10676,#10677,#10678,#10679,#10680,
#10681),.UNSPECIFIED.,.F.,.F.,(4,2,4),(0.867426638322287,0.901671575277038,
0.956458945030176),.UNSPECIFIED.);
#323=B_SPLINE_CURVE_WITH_KNOTS('',3,(#10683,#10684,#10685,#10686,#10687,
#10688,#10689,#10690,#10691,#10692,#10693,#10694,#10695,#10696,#10697,#10698,
#10699,#10700,#10701,#10702,#10703,#10704,#10705,#10706,#10707,#10708),
 .UNSPECIFIED.,.F.,.F.,(4,2,2,2,2,2,2,2,2,2,2,2,4),(0.,0.0547873697531388,
0.109574739506278,0.158787155883826,0.198950946070685,0.239114736257544,
0.279278526444403,0.319442316631262,0.368654733008811,0.42344210276195,
0.478229472515088,0.533016842268227,0.567261779222978),.UNSPECIFIED.);
#324=B_SPLINE_CURVE_WITH_KNOTS('',3,(#10710,#10711,#10712,#10713,#10714,
#10715,#10716,#10717),.UNSPECIFIED.,.F.,.F.,(4,2,2,4),(3.99967794223511E-6,
0.0399712428737418,0.0801601429966421,0.11892087293821),.UNSPECIFIED.);
#325=B_SPLINE_CURVE_WITH_KNOTS('',3,(#10721,#10722,#10723,#10724,#10725,
#10726,#10727,#10728,#10729,#10730),.UNSPECIFIED.,.F.,.F.,(4,2,2,2,4),(0.,
0.0379322183027513,0.0774322232684954,0.0981012443641069,0.118697741447595),
 .UNSPECIFIED.);
#326=B_SPLINE_CURVE_WITH_KNOTS('',3,(#10732,#10733,#10734,#10735,#10736,
#10737),.UNSPECIFIED.,.F.,.F.,(4,2,4),(0.867426638322287,0.901671575277038,
0.956458945030177),.UNSPECIFIED.);
#327=B_SPLINE_CURVE_WITH_KNOTS('',3,(#10739,#10740,#10741,#10742,#10743,
#10744,#10745,#10746,#10747,#10748,#10749,#10750,#10751,#10752,#10753,#10754,
#10755,#10756,#10757,#10758,#10759,#10760,#10761,#10762,#10763,#10764),
 .UNSPECIFIED.,.F.,.F.,(4,2,2,2,2,2,2,2,2,2,2,2,4),(0.,0.0547873697531387,
0.109574739506277,0.158787155883826,0.198950946070685,0.239114736257544,
0.279278526444403,0.319442316631262,0.368654733008811,0.42344210276195,
0.478229472515088,0.533016842268227,0.567261779222978),.UNSPECIFIED.);
#328=B_SPLINE_CURVE_WITH_KNOTS('',3,(#10766,#10767,#10768,#10769,#10770,
#10771,#10772,#10773),.UNSPECIFIED.,.F.,.F.,(4,2,2,4),(0.,0.0399712681784235,
0.0801601767751666,0.118916841152771),.UNSPECIFIED.);
#329=B_SPLINE_CURVE_WITH_KNOTS('',3,(#10777,#10778,#10779,#10780,#10781,
#10782,#10783,#10784,#10785,#10786),.UNSPECIFIED.,.F.,.F.,(4,2,2,2,4),(0.,
0.0379322182984989,0.0774322232648909,0.0981012443617328,0.118697741447583),
 .UNSPECIFIED.);
#330=B_SPLINE_CURVE_WITH_KNOTS('',3,(#10788,#10789,#10790,#10791,#10792,
#10793),.UNSPECIFIED.,.F.,.F.,(4,2,4),(0.867426638322287,0.901671575277038,
0.956458945030177),.UNSPECIFIED.);
#331=B_SPLINE_CURVE_WITH_KNOTS('',3,(#10795,#10796,#10797,#10798,#10799,
#10800,#10801,#10802,#10803,#10804,#10805,#10806,#10807,#10808,#10809,#10810,
#10811,#10812,#10813,#10814,#10815,#10816,#10817,#10818,#10819,#10820),
 .UNSPECIFIED.,.F.,.F.,(4,2,2,2,2,2,2,2,2,2,2,2,4),(0.,0.0547873697531387,
0.109574739506277,0.158787155883826,0.198950946070685,0.239114736257544,
0.279278526444403,0.319442316631262,0.368654733008811,0.42344210276195,
0.478229472515088,0.533016842268227,0.567261779222978),.UNSPECIFIED.);
#332=B_SPLINE_CURVE_WITH_KNOTS('',3,(#10822,#10823,#10824,#10825,#10826,
#10827,#10828,#10829),.UNSPECIFIED.,.F.,.F.,(4,2,2,4),(3.99967794224562E-6,
0.0399712428749665,0.0801601429999181,0.118920872938212),.UNSPECIFIED.);
#333=B_SPLINE_CURVE_WITH_KNOTS('',3,(#10833,#10834,#10835,#10836,#10837,
#10838,#10839,#10840,#10841,#10842),.UNSPECIFIED.,.F.,.F.,(4,2,2,2,4),(0.,
0.0379322183029432,0.0774322232688828,0.0981012443643157,0.1186977414476),
 .UNSPECIFIED.);
#334=B_SPLINE_CURVE_WITH_KNOTS('',3,(#10844,#10845,#10846,#10847,#10848,
#10849),.UNSPECIFIED.,.F.,.F.,(4,2,4),(0.867426638322287,0.901671575277038,
0.956458945030176),.UNSPECIFIED.);
#335=B_SPLINE_CURVE_WITH_KNOTS('',3,(#10851,#10852,#10853,#10854,#10855,
#10856,#10857,#10858,#10859,#10860,#10861,#10862,#10863,#10864,#10865,#10866,
#10867,#10868,#10869,#10870,#10871,#10872,#10873,#10874,#10875,#10876),
 .UNSPECIFIED.,.F.,.F.,(4,2,2,2,2,2,2,2,2,2,2,2,4),(0.,0.0547873697531387,
0.109574739506277,0.158787155883826,0.198950946070685,0.239114736257544,
0.279278526444403,0.319442316631262,0.368654733008811,0.423442102761949,
0.478229472515088,0.533016842268227,0.567261779222978),.UNSPECIFIED.);
#336=B_SPLINE_CURVE_WITH_KNOTS('',3,(#10878,#10879,#10880,#10881,#10882,
#10883,#10884,#10885),.UNSPECIFIED.,.F.,.F.,(4,2,2,4),(3.99967794221905E-6,
0.0399712428737421,0.0801601429966424,0.118920872938209),.UNSPECIFIED.);
#337=B_SPLINE_CURVE_WITH_KNOTS('',3,(#10889,#10890,#10891,#10892,#10893,
#10894,#10895,#10896,#10897,#10898),.UNSPECIFIED.,.F.,.F.,(4,2,2,2,4),(0.,
0.037932218302751,0.0774322232684938,0.0981012443641043,0.118697741447592),
 .UNSPECIFIED.);
#338=B_SPLINE_CURVE_WITH_KNOTS('',3,(#10900,#10901,#10902,#10903,#10904,
#10905),.UNSPECIFIED.,.F.,.F.,(4,2,4),(0.867426638322287,0.901671575277038,
0.956458945030177),.UNSPECIFIED.);
#339=B_SPLINE_CURVE_WITH_KNOTS('',3,(#10907,#10908,#10909,#10910,#10911,
#10912,#10913,#10914,#10915,#10916,#10917,#10918),.UNSPECIFIED.,.F.,.F.,
(4,2,2,2,2,4),(0.,0.0547873697531387,0.109574739506277,0.158787155883826,
0.198950946070685,0.239114736257544),.UNSPECIFIED.);
#340=B_SPLINE_CURVE_WITH_KNOTS('',3,(#10923,#10924,#10925,#10926,#10927,
#10928,#10929,#10930,#10931,#10932,#10933,#10934,#10935,#10936,#10937,#10938),
 .UNSPECIFIED.,.F.,.F.,(4,2,2,2,2,2,2,4),(0.239114736257544,0.279278526444403,
0.319442316631262,0.368654733008811,0.423442102761949,0.478229472515088,
0.533016842268227,0.567261779222978),.UNSPECIFIED.);
#341=B_SPLINE_CURVE_WITH_KNOTS('',3,(#10940,#10941,#10942,#10943,#10944,
#10945,#10946,#10947),.UNSPECIFIED.,.F.,.F.,(4,2,2,4),(3.99967794218945E-6,
0.0399712428750417,0.0801601430002664,0.118920872938215),.UNSPECIFIED.);
#342=B_SPLINE_CURVE_WITH_KNOTS('',3,(#10951,#10952,#10953,#10954,#10955,
#10956,#10957,#10958,#10959,#10960),.UNSPECIFIED.,.F.,.F.,(4,2,2,2,4),(0.,
0.0379322182984981,0.0774322232648874,0.0981012443617314,0.118697741447585),
 .UNSPECIFIED.);
#343=B_SPLINE_CURVE_WITH_KNOTS('',3,(#10962,#10963,#10964,#10965,#10966,
#10967),.UNSPECIFIED.,.F.,.F.,(4,2,4),(0.867426638322287,0.901671575277038,
0.956458945030177),.UNSPECIFIED.);
#344=B_SPLINE_CURVE_WITH_KNOTS('',3,(#10969,#10970,#10971,#10972,#10973,
#10974,#10975,#10976,#10977,#10978,#10979,#10980,#10981,#10982,#10983,#10984,
#10985,#10986,#10987,#10988,#10989,#10990,#10991,#10992,#10993,#10994),
 .UNSPECIFIED.,.F.,.F.,(4,2,2,2,2,2,2,2,2,2,2,2,4),(0.,0.0547873697531386,
0.109574739506277,0.158787155883826,0.198950946070685,0.239114736257544,
0.279278526444403,0.319442316631262,0.368654733008811,0.42344210276195,
0.478229472515088,0.533016842268227,0.567261779222978),.UNSPECIFIED.);
#345=B_SPLINE_CURVE_WITH_KNOTS('',3,(#10995,#10996,#10997,#10998,#10999,
#11000,#11001,#11002),.UNSPECIFIED.,.F.,.F.,(4,2,2,4),(3.99967794232076E-6,
0.0399712428749675,0.0801601429999233,0.118920872938219),.UNSPECIFIED.);
#346=B_SPLINE_CURVE_WITH_KNOTS('',3,(#11029,#11030,#11031,#11032,#11033),
 .UNSPECIFIED.,.F.,.F.,(4,1,4),(-1.69002406755936,-1.54790274640624,-1.42591488335209),
 .UNSPECIFIED.);
#347=B_SPLINE_CURVE_WITH_KNOTS('',3,(#11035,#11036,#11037,#11038,#11039,
#11040,#11041,#11042,#11043,#11044),.UNSPECIFIED.,.F.,.F.,(4,2,2,2,4),(0.,
0.0262435671005392,0.0855704081638692,0.13283660389935,0.177735132785362),
 .UNSPECIFIED.);
#348=B_SPLINE_CURVE_WITH_KNOTS('',3,(#11046,#11047,#11048,#11049),
 .UNSPECIFIED.,.F.,.F.,(4,4),(1.57810776154032,1.64204945605896),
 .UNSPECIFIED.);
#349=B_SPLINE_CURVE_WITH_KNOTS('',3,(#11050,#11051,#11052,#11053,#11054,
#11055),.UNSPECIFIED.,.F.,.F.,(4,2,4),(0.,0.0476073100391092,0.0604173845807716),
 .UNSPECIFIED.);
#350=B_SPLINE_CURVE_WITH_KNOTS('',3,(#11063,#11064,#11065,#11066,#11067,
#11068,#11069,#11070,#11071,#11072),.UNSPECIFIED.,.F.,.F.,(4,2,2,2,4),(0.0870886262980552,
0.0871973250196334,0.104484110809187,0.142599891198303,0.148712831013281),
 .UNSPECIFIED.);
#351=B_SPLINE_CURVE_WITH_KNOTS('',3,(#11089,#11090,#11091,#11092),
 .UNSPECIFIED.,.F.,.F.,(4,4),(-0.211747146319833,-0.184804306963439),
 .UNSPECIFIED.);
#352=B_SPLINE_CURVE_WITH_KNOTS('',3,(#11095,#11096,#11097,#11098),
 .UNSPECIFIED.,.F.,.F.,(4,4),(-0.211747146319833,-0.184804306956886),
 .UNSPECIFIED.);
#353=B_SPLINE_CURVE_WITH_KNOTS('',3,(#11100,#11101,#11102,#11103,#11104,
#11105,#11106,#11107,#11108,#11109),.UNSPECIFIED.,.F.,.F.,(4,2,2,2,4),(0.,
0.0262435671423106,0.0855704081813605,0.132836603807721,0.177735132507146),
 .UNSPECIFIED.);
#354=B_SPLINE_CURVE_WITH_KNOTS('',3,(#11111,#11112,#11113,#11114,#11115,
#11116,#11117,#11118,#11119,#11120,#11121,#11122,#11123,#11124,#11125,#11126,
#11127,#11128,#11129,#11130,#11131,#11132,#11133),.UNSPECIFIED.,.F.,.F.,
(4,3,2,2,2,2,2,2,2,2,4),(-0.01781166024145,0.,0.0266131052979605,0.053226210595921,
0.0786073764154677,0.122040226815267,0.165473077215066,0.190854243034613,
0.217467348332573,0.244080453630534,0.261892113871985),.UNSPECIFIED.);
#355=B_SPLINE_CURVE_WITH_KNOTS('',3,(#11135,#11136,#11137,#11138,#11139,
#11140,#11141,#11142,#11143,#11144),.UNSPECIFIED.,.F.,.F.,(4,2,2,2,4),(0.,
0.0643602399102629,0.128205165464516,0.162696695471653,0.190203730784784),
 .UNSPECIFIED.);
#356=B_SPLINE_CURVE_WITH_KNOTS('',3,(#11146,#11147,#11148,#11149),
 .UNSPECIFIED.,.F.,.F.,(4,4),(-0.323407084578363,-0.296464245222227),
 .UNSPECIFIED.);
#357=B_SPLINE_CURVE_WITH_KNOTS('',3,(#11153,#11154,#11155,#11156),
 .UNSPECIFIED.,.F.,.F.,(4,4),(-0.211747146319833,-0.184804306963695),
 .UNSPECIFIED.);
#358=B_SPLINE_CURVE_WITH_KNOTS('',3,(#11158,#11159,#11160,#11161,#11162,
#11163,#11164,#11165,#11166,#11167),.UNSPECIFIED.,.F.,.F.,(4,2,2,2,4),(0.,
0.0262435671424126,0.0855704081663611,0.132836603800561,0.177735132511305),
 .UNSPECIFIED.);
#359=B_SPLINE_CURVE_WITH_KNOTS('',3,(#11169,#11170,#11171,#11172,#11173,
#11174,#11175,#11176,#11177,#11178,#11179,#11180,#11181),.UNSPECIFIED.,
 .F.,.F.,(4,3,2,2,2,4),(-0.0178116602414501,0.,0.0266131052979603,0.0532262105959207,
0.0786073764154677,0.122040226815267),.UNSPECIFIED.);
#360=B_SPLINE_CURVE_WITH_KNOTS('',3,(#11186,#11187,#11188,#11189,#11190,
#11191,#11192,#11193,#11194,#11195,#11196,#11197),.UNSPECIFIED.,.F.,.F.,
(4,2,2,2,2,4),(0.122040226815267,0.165473077215066,0.190854243034613,0.217467348332574,
0.244080453630534,0.261892113871985),.UNSPECIFIED.);
#361=B_SPLINE_CURVE_WITH_KNOTS('',3,(#11199,#11200,#11201,#11202,#11203,
#11204,#11205,#11206,#11207,#11208),.UNSPECIFIED.,.F.,.F.,(4,2,2,2,4),(0.,
0.0643602400228756,0.128205165494862,0.162696695519891,0.19020373073707),
 .UNSPECIFIED.);
#362=B_SPLINE_CURVE_WITH_KNOTS('',3,(#11210,#11211,#11212,#11213),
 .UNSPECIFIED.,.F.,.F.,(4,4),(-0.323407084578363,-0.296464245222227),
 .UNSPECIFIED.);
#363=B_SPLINE_CURVE_WITH_KNOTS('',3,(#11217,#11218,#11219,#11220),
 .UNSPECIFIED.,.F.,.F.,(4,4),(-0.211747146319833,-0.184804306963439),
 .UNSPECIFIED.);
#364=B_SPLINE_CURVE_WITH_KNOTS('',3,(#11222,#11223,#11224,#11225,#11226,
#11227,#11228,#11229,#11230,#11231),.UNSPECIFIED.,.F.,.F.,(4,2,2,2,4),(0.,
0.0262435671004707,0.0855704081633412,0.132836603898461,0.177735132784131),
 .UNSPECIFIED.);
#365=B_SPLINE_CURVE_WITH_KNOTS('',3,(#11233,#11234,#11235,#11236,#11237,
#11238,#11239,#11240,#11241,#11242,#11243,#11244,#11245,#11246,#11247,#11248,
#11249,#11250,#11251,#11252,#11253,#11254,#11255),.UNSPECIFIED.,.F.,.F.,
(4,3,2,2,2,2,2,2,2,2,4),(-0.01781166024145,0.,0.0266131052979607,0.0532262105959213,
0.0786073764154681,0.122040226815267,0.165473077215066,0.190854243034613,
0.217467348332574,0.244080453630534,0.261892113871985),.UNSPECIFIED.);
#366=B_SPLINE_CURVE_WITH_KNOTS('',3,(#11257,#11258,#11259,#11260,#11261,
#11262,#11263,#11264,#11265,#11266),.UNSPECIFIED.,.F.,.F.,(4,2,2,2,4),(0.,
0.0643602400445072,0.128205165528657,0.162696695549467,0.190203730728396),
 .UNSPECIFIED.);
#367=B_SPLINE_CURVE_WITH_KNOTS('',3,(#11268,#11269,#11270,#11271),
 .UNSPECIFIED.,.F.,.F.,(4,4),(-0.323407084578363,-0.296464245222227),
 .UNSPECIFIED.);
#368=B_SPLINE_CURVE_WITH_KNOTS('',3,(#11275,#11276,#11277,#11278),
 .UNSPECIFIED.,.F.,.F.,(4,4),(-0.211747146319833,-0.184804306956887),
 .UNSPECIFIED.);
#369=B_SPLINE_CURVE_WITH_KNOTS('',3,(#11280,#11281,#11282,#11283,#11284,
#11285,#11286,#11287,#11288,#11289),.UNSPECIFIED.,.F.,.F.,(4,2,2,2,4),(0.,
0.0262435671422312,0.0855704081807016,0.132836603806576,0.177735132505541),
 .UNSPECIFIED.);
#370=B_SPLINE_CURVE_WITH_KNOTS('',3,(#11291,#11292,#11293,#11294,#11295,
#11296,#11297,#11298,#11299,#11300,#11301,#11302,#11303,#11304,#11305,#11306,
#11307,#11308,#11309,#11310,#11311,#11312,#11313),.UNSPECIFIED.,.F.,.F.,
(4,3,2,2,2,2,2,2,2,2,4),(-0.0178116602414498,0.,0.0266131052979601,0.0532262105959203,
0.0786073764154674,0.122040226815267,0.165473077215066,0.190854243034613,
0.217467348332573,0.244080453630534,0.261892113871984),.UNSPECIFIED.);
#371=B_SPLINE_CURVE_WITH_KNOTS('',3,(#11315,#11316,#11317,#11318,#11319,
#11320,#11321,#11322,#11323,#11324),.UNSPECIFIED.,.F.,.F.,(4,2,2,2,4),(0.,
0.0643602399102692,0.12820516546455,0.162696695471728,0.190203730785215),
 .UNSPECIFIED.);
#372=B_SPLINE_CURVE_WITH_KNOTS('',3,(#11326,#11327,#11328,#11329),
 .UNSPECIFIED.,.F.,.F.,(4,4),(-0.323407084578363,-0.296464245222227),
 .UNSPECIFIED.);
#373=B_SPLINE_CURVE_WITH_KNOTS('',3,(#11333,#11334,#11335,#11336),
 .UNSPECIFIED.,.F.,.F.,(4,4),(-0.211747146319833,-0.184804306963695),
 .UNSPECIFIED.);
#374=B_SPLINE_CURVE_WITH_KNOTS('',3,(#11338,#11339,#11340,#11341,#11342,
#11343,#11344,#11345,#11346,#11347),.UNSPECIFIED.,.F.,.F.,(4,2,2,2,4),(0.,
0.0262435671425516,0.0855704081674677,0.132836603802447,0.177735132513933),
 .UNSPECIFIED.);
#375=B_SPLINE_CURVE_WITH_KNOTS('',3,(#11349,#11350,#11351,#11352,#11353,
#11354,#11355,#11356,#11357,#11358,#11359,#11360,#11361,#11362,#11363,#11364,
#11365,#11366,#11367,#11368,#11369,#11370,#11371),.UNSPECIFIED.,.F.,.F.,
(4,3,2,2,2,2,2,2,2,2,4),(-0.0178116602414499,0.,0.0266131052979603,0.0532262105959207,
0.0786073764154676,0.122040226815267,0.165473077215066,0.190854243034613,
0.217467348332573,0.244080453630534,0.261892113871985),.UNSPECIFIED.);
#376=B_SPLINE_CURVE_WITH_KNOTS('',3,(#11373,#11374,#11375,#11376,#11377,
#11378,#11379,#11380,#11381,#11382),.UNSPECIFIED.,.F.,.F.,(4,2,2,2,4),(0.,
0.0578879989049346,0.124408962581311,0.161808273729421,0.201966366383224),
 .UNSPECIFIED.);
#377=B_SPLINE_CURVE_WITH_KNOTS('',3,(#11383,#11384,#11385,#11386),
 .UNSPECIFIED.,.F.,.F.,(4,4),(-0.323407084578363,-0.296464245222227),
 .UNSPECIFIED.);
#378=B_SPLINE_CURVE_WITH_KNOTS('',3,(#11387,#11388,#11389,#11390,#11391,
#11392,#11393,#11394,#11395,#11396,#11397,#11398,#11399,#11400,#11401,#11402,
#11403,#11404,#11405,#11406,#11407,#11408,#11409),.UNSPECIFIED.,.F.,.F.,
(4,3,2,2,2,2,2,2,2,2,4),(-0.0178116602414501,0.,0.0266131052979602,0.0532262105959204,
0.0786073764154675,0.122040226815267,0.165473077215066,0.190854243034614,
0.217467348332574,0.244080453630534,0.261892113871985),.UNSPECIFIED.);
#379=B_SPLINE_CURVE_WITH_KNOTS('',3,(#11435,#11436,#11437,#11438,#11439),
 .UNSPECIFIED.,.F.,.F.,(4,1,4),(-0.216138945346559,-0.0534884611644991,
0.0479763664714926),.UNSPECIFIED.);
#380=B_SPLINE_CURVE_WITH_KNOTS('',3,(#11441,#11442,#11443,#11444,#11445,
#11446,#11447,#11448),.UNSPECIFIED.,.F.,.F.,(4,2,2,4),(0.0683417793745772,
0.0718110199794707,0.093164145844403,0.133333817788882),.UNSPECIFIED.);
#381=B_SPLINE_CURVE_WITH_KNOTS('',3,(#11449,#11450,#11451,#11452,#11453),
 .UNSPECIFIED.,.F.,.F.,(4,1,4),(7.73615702166453E-17,0.0534884611644991,
0.063955632551026),.UNSPECIFIED.);
#382=B_SPLINE_CURVE_WITH_KNOTS('',3,(#11473,#11474,#11475,#11476,#11477,
#11478),.UNSPECIFIED.,.F.,.F.,(4,2,4),(0.,0.0475865868506299,0.060419581727998),
 .UNSPECIFIED.);
#383=B_SPLINE_CURVE_WITH_KNOTS('',3,(#11505,#11506,#11507,#11508,#11509),
 .UNSPECIFIED.,.F.,.F.,(4,1,4),(-1.69002482394143,-1.54790351088197,-1.42591565574982),
 .UNSPECIFIED.);
#384=B_SPLINE_CURVE_WITH_KNOTS('',3,(#11510,#11511,#11512,#11513),
 .UNSPECIFIED.,.F.,.F.,(4,4),(1.57810853997328,1.64205023214575),
 .UNSPECIFIED.);
#385=B_SPLINE_CURVE_WITH_KNOTS('',3,(#11555,#11556,#11557,#11558,#11559),
 .UNSPECIFIED.,.F.,.F.,(4,1,4),(-1.79423826589046,-1.63158779431926,-1.53012295710208),
 .UNSPECIFIED.);
#386=B_SPLINE_CURVE_WITH_KNOTS('',3,(#11561,#11562,#11563,#11564,#11565,
#11566,#11567,#11568,#11569,#11570),.UNSPECIFIED.,.F.,.F.,(4,2,2,2,4),(0.0870886262981746,
0.087197325019753,0.104484110809335,0.142599891198545,0.148712831013548),
 .UNSPECIFIED.);
#387=B_SPLINE_CURVE_WITH_KNOTS('',3,(#11571,#11572,#11573,#11574,#11575),
 .UNSPECIFIED.,.F.,.F.,(4,1,4),(1.57809932507357,1.63158779431926,1.64205495765041),
 .UNSPECIFIED.);
#388=B_SPLINE_CURVE_WITH_KNOTS('',3,(#11595,#11596,#11597,#11598,#11599,
#11600),.UNSPECIFIED.,.F.,.F.,(4,2,4),(0.,0.0476073100391119,0.060417384580772),
 .UNSPECIFIED.);
#389=B_SPLINE_CURVE_WITH_KNOTS('',3,(#11627,#11628,#11629,#11630,#11631),
 .UNSPECIFIED.,.F.,.F.,(4,1,4),(-0.111925870668791,0.0301954548384551,0.152183308410059),
 .UNSPECIFIED.);
#390=B_SPLINE_CURVE_WITH_KNOTS('',3,(#11632,#11633,#11634,#11635),
 .UNSPECIFIED.,.F.,.F.,(4,4),(9.62889805996084E-6,0.0639513482977948),
 .UNSPECIFIED.);
#391=B_SPLINE_CURVE_WITH_KNOTS('',3,(#11677,#11678,#11679,#11680,#11681),
 .UNSPECIFIED.,.F.,.F.,(4,1,4),(-0.216138941455626,-0.0534884678361911,
0.0479763548711752),.UNSPECIFIED.);
#392=B_SPLINE_CURVE_WITH_KNOTS('',3,(#11683,#11684,#11685,#11686,#11687,
#11688,#11689,#11690),.UNSPECIFIED.,.F.,.F.,(4,2,2,4),(0.0540320825090342,
0.0682890446759074,0.103717134472247,0.12654923852334),.UNSPECIFIED.);
#393=B_SPLINE_CURVE_WITH_KNOTS('',3,(#11691,#11692,#11693,#11694,#11695),
 .UNSPECIFIED.,.F.,.F.,(4,1,4),(-2.61319924056867E-16,0.0534884678361911,
0.0639556325510258),.UNSPECIFIED.);
#394=B_SPLINE_CURVE_WITH_KNOTS('',3,(#11715,#11716,#11717,#11718,#11719,
#11720),.UNSPECIFIED.,.F.,.F.,(4,2,4),(0.,0.0474876111861842,0.0604262698485191),
 .UNSPECIFIED.);
#395=B_SPLINE_CURVE_WITH_KNOTS('',3,(#11747,#11748,#11749,#11750,#11751),
 .UNSPECIFIED.,.F.,.F.,(4,1,4),(-1.69002406755936,-1.54790274640624,-1.42591488335209),
 .UNSPECIFIED.);
#396=B_SPLINE_CURVE_WITH_KNOTS('',3,(#11752,#11753,#11754,#11755),
 .UNSPECIFIED.,.F.,.F.,(4,4),(1.57810776154031,1.64204945605896),
 .UNSPECIFIED.);
#397=B_SPLINE_CURVE_WITH_KNOTS('',3,(#11797,#11798,#11799,#11800,#11801),
 .UNSPECIFIED.,.F.,.F.,(4,1,4),(-0.216138945346562,-0.0534884611645001,
0.0479763664714923),.UNSPECIFIED.);
#398=B_SPLINE_CURVE_WITH_KNOTS('',3,(#11803,#11804,#11805,#11806,#11807,
#11808,#11809,#11810),.UNSPECIFIED.,.F.,.F.,(4,2,2,4),(0.0683417793745516,
0.0718110199794612,0.0931641458444396,0.133333817788819),.UNSPECIFIED.);
#399=B_SPLINE_CURVE_WITH_KNOTS('',3,(#11811,#11812,#11813,#11814,#11815),
 .UNSPECIFIED.,.F.,.F.,(4,1,4),(1.67519878887977E-16,0.0534884611645001,
0.063955632551026),.UNSPECIFIED.);
#400=B_SPLINE_CURVE_WITH_KNOTS('',3,(#11817,#11818,#11819,#11820,#11821),
 .UNSPECIFIED.,.F.,.F.,(4,1,4),(-1.69002482394143,-1.54790351088197,-1.42591565574982),
 .UNSPECIFIED.);
#401=B_SPLINE_CURVE_WITH_KNOTS('',3,(#11847,#11848,#11849,#11850),
 .UNSPECIFIED.,.F.,.F.,(4,4),(1.57810853997328,1.64205023214575),
 .UNSPECIFIED.);
#402=B_SPLINE_CURVE_WITH_KNOTS('',3,(#11886,#11887,#11888,#11889,#11890,
#11891),.UNSPECIFIED.,.F.,.F.,(4,2,4),(0.,0.0475865868506292,0.0604195817280745),
 .UNSPECIFIED.);
#403=B_SPLINE_CURVE_WITH_KNOTS('',3,(#11922,#11923,#11924,#11925,#11926),
 .UNSPECIFIED.,.F.,.F.,(4,1,4),(-1.79423826589046,-1.67225041221206,-1.53012908650524),
 .UNSPECIFIED.);
#404=B_SPLINE_CURVE_WITH_KNOTS('',3,(#11927,#11928,#11929,#11930),
 .UNSPECIFIED.,.F.,.F.,(4,4),(1.57810360854796,1.6420453274652),
 .UNSPECIFIED.);
#405=B_SPLINE_CURVE_WITH_KNOTS('',3,(#11932,#11933,#11934,#11935,#11936),
 .UNSPECIFIED.,.F.,.F.,(4,1,4),(-0.11193200013643,-0.0104671630574894,0.152183308410056),
 .UNSPECIFIED.);
#406=B_SPLINE_CURVE_WITH_KNOTS('',3,(#11962,#11963,#11964,#11965,#11966),
 .UNSPECIFIED.,.F.,.F.,(4,1,4),(-1.95719466072953E-16,0.0104671630574894,
0.0639556321541398),.UNSPECIFIED.);
#407=B_SPLINE_CURVE_WITH_KNOTS('',3,(#12177,#12178,#12179,#12180,#12181,
#12182,#12183),.UNSPECIFIED.,.F.,.F.,(4,3,4),(0.,0.28074217867958,1.),
 .UNSPECIFIED.);
#408=B_SPLINE_CURVE_WITH_KNOTS('',3,(#12185,#12186,#12187,#12188,#12189,
#12190,#12191),.UNSPECIFIED.,.F.,.F.,(4,3,4),(-1.,-0.710283751862059,0.),
 .UNSPECIFIED.);
#409=B_SPLINE_CURVE_WITH_KNOTS('',3,(#12193,#12194,#12195,#12196,#12197,
#12198,#12199),.UNSPECIFIED.,.F.,.F.,(4,3,4),(0.,0.280742178679635,1.),
 .UNSPECIFIED.);
#410=B_SPLINE_CURVE_WITH_KNOTS('',3,(#12201,#12202,#12203,#12204,#12205,
#12206,#12207),.UNSPECIFIED.,.F.,.F.,(4,3,4),(-1.,-0.710283751861431,0.),
 .UNSPECIFIED.);
#411=B_SPLINE_CURVE_WITH_KNOTS('',3,(#12209,#12210,#12211,#12212,#12213,
#12214,#12215),.UNSPECIFIED.,.F.,.F.,(4,3,4),(0.,0.280742178679507,1.),
 .UNSPECIFIED.);
#412=B_SPLINE_CURVE_WITH_KNOTS('',3,(#12217,#12218,#12219,#12220,#12221,
#12222,#12223),.UNSPECIFIED.,.F.,.F.,(4,3,4),(-1.,-0.71028375186176,0.),
 .UNSPECIFIED.);
#413=B_SPLINE_CURVE_WITH_KNOTS('',3,(#12225,#12226,#12227,#12228,#12229,
#12230,#12231),.UNSPECIFIED.,.F.,.F.,(4,3,4),(0.,0.280742178679082,1.),
 .UNSPECIFIED.);
#414=B_SPLINE_CURVE_WITH_KNOTS('',3,(#12233,#12234,#12235,#12236,#12237,
#12238,#12239),.UNSPECIFIED.,.F.,.F.,(4,3,4),(-1.,-0.710283751862813,0.),
 .UNSPECIFIED.);
#415=B_SPLINE_CURVE_WITH_KNOTS('',3,(#12241,#12242,#12243,#12244,#12245,
#12246,#12247),.UNSPECIFIED.,.F.,.F.,(4,3,4),(0.,0.280742178679633,1.),
 .UNSPECIFIED.);
#416=B_SPLINE_CURVE_WITH_KNOTS('',3,(#12249,#12250,#12251,#12252,#12253,
#12254,#12255),.UNSPECIFIED.,.F.,.F.,(4,3,4),(-1.,-0.710283751861942,0.),
 .UNSPECIFIED.);
#417=B_SPLINE_CURVE_WITH_KNOTS('',3,(#12257,#12258,#12259,#12260,#12261,
#12262,#12263),.UNSPECIFIED.,.F.,.F.,(4,3,4),(0.,0.280742178679134,1.),
 .UNSPECIFIED.);
#418=B_SPLINE_CURVE_WITH_KNOTS('',3,(#12265,#12266,#12267,#12268,#12269,
#12270,#12271),.UNSPECIFIED.,.F.,.F.,(4,3,4),(-1.,-0.710283751862486,0.),
 .UNSPECIFIED.);
#419=B_SPLINE_CURVE_WITH_KNOTS('',3,(#12273,#12274,#12275,#12276,#12277,
#12278,#12279),.UNSPECIFIED.,.F.,.F.,(4,3,4),(0.,0.280742178679839,1.),
 .UNSPECIFIED.);
#420=B_SPLINE_CURVE_WITH_KNOTS('',3,(#12281,#12282,#12283,#12284,#12285,
#12286,#12287),.UNSPECIFIED.,.F.,.F.,(4,3,4),(-1.,-0.710283751862417,0.),
 .UNSPECIFIED.);
#421=B_SPLINE_CURVE_WITH_KNOTS('',3,(#12289,#12290,#12291,#12292,#12293,
#12294,#12295),.UNSPECIFIED.,.F.,.F.,(4,3,4),(0.,0.280742178680019,1.),
 .UNSPECIFIED.);
#422=B_SPLINE_CURVE_WITH_KNOTS('',3,(#12297,#12298,#12299,#12300,#12301,
#12302,#12303),.UNSPECIFIED.,.F.,.F.,(4,3,4),(-1.,-0.710283751862482,0.),
 .UNSPECIFIED.);
#423=B_SPLINE_CURVE_WITH_KNOTS('',3,(#12305,#12306,#12307,#12308,#12309,
#12310,#12311),.UNSPECIFIED.,.F.,.F.,(4,3,4),(0.,0.280742178679626,1.),
 .UNSPECIFIED.);
#424=B_SPLINE_CURVE_WITH_KNOTS('',3,(#12313,#12314,#12315,#12316,#12317,
#12318,#12319),.UNSPECIFIED.,.F.,.F.,(4,3,4),(-1.,-0.710283751861643,0.),
 .UNSPECIFIED.);
#425=B_SPLINE_CURVE_WITH_KNOTS('',3,(#12321,#12322,#12323,#12324,#12325,
#12326,#12327),.UNSPECIFIED.,.F.,.F.,(4,3,4),(0.,0.280742178679495,1.),
 .UNSPECIFIED.);
#426=B_SPLINE_CURVE_WITH_KNOTS('',3,(#12329,#12330,#12331,#12332,#12333,
#12334,#12335),.UNSPECIFIED.,.F.,.F.,(4,3,4),(-1.,-0.710283751863492,0.),
 .UNSPECIFIED.);
#427=B_SPLINE_CURVE_WITH_KNOTS('',3,(#12337,#12338,#12339,#12340,#12341,
#12342,#12343),.UNSPECIFIED.,.F.,.F.,(4,3,4),(0.,0.280742178680048,1.),
 .UNSPECIFIED.);
#428=B_SPLINE_CURVE_WITH_KNOTS('',3,(#12345,#12346,#12347,#12348,#12349,
#12350,#12351),.UNSPECIFIED.,.F.,.F.,(4,3,4),(-1.,-0.710283751863236,0.),
 .UNSPECIFIED.);
#429=B_SPLINE_CURVE_WITH_KNOTS('',3,(#12353,#12354,#12355,#12356,#12357,
#12358,#12359),.UNSPECIFIED.,.F.,.F.,(4,3,4),(0.,0.280742178679779,1.),
 .UNSPECIFIED.);
#430=B_SPLINE_CURVE_WITH_KNOTS('',3,(#12361,#12362,#12363,#12364,#12365,
#12366,#12367),.UNSPECIFIED.,.F.,.F.,(4,3,4),(-1.,-0.710283751862723,0.),
 .UNSPECIFIED.);
#431=B_SPLINE_CURVE_WITH_KNOTS('',3,(#12369,#12370,#12371,#12372,#12373,
#12374,#12375),.UNSPECIFIED.,.F.,.F.,(4,3,4),(0.,0.280742178679247,1.),
 .UNSPECIFIED.);
#432=B_SPLINE_CURVE_WITH_KNOTS('',3,(#12377,#12378,#12379,#12380,#12381,
#12382,#12383),.UNSPECIFIED.,.F.,.F.,(4,3,4),(-1.,-0.710283751862162,0.),
 .UNSPECIFIED.);
#433=B_SPLINE_CURVE_WITH_KNOTS('',3,(#12385,#12386,#12387,#12388,#12389,
#12390,#12391),.UNSPECIFIED.,.F.,.F.,(4,3,4),(0.,0.280742178679408,1.),
 .UNSPECIFIED.);
#434=B_SPLINE_CURVE_WITH_KNOTS('',3,(#12393,#12394,#12395,#12396,#12397,
#12398,#12399),.UNSPECIFIED.,.F.,.F.,(4,3,4),(-1.,-0.710283751862742,0.),
 .UNSPECIFIED.);
#435=B_SPLINE_CURVE_WITH_KNOTS('',3,(#12401,#12402,#12403,#12404,#12405,
#12406,#12407),.UNSPECIFIED.,.F.,.F.,(4,3,4),(0.,0.280742178680143,1.),
 .UNSPECIFIED.);
#436=B_SPLINE_CURVE_WITH_KNOTS('',3,(#12409,#12410,#12411,#12412,#12413,
#12414,#12415),.UNSPECIFIED.,.F.,.F.,(4,3,4),(-1.,-0.710283751863398,0.),
 .UNSPECIFIED.);
#437=B_SPLINE_CURVE_WITH_KNOTS('',3,(#12417,#12418,#12419,#12420,#12421,
#12422,#12423),.UNSPECIFIED.,.F.,.F.,(4,3,4),(0.,0.280742178679458,1.),
 .UNSPECIFIED.);
#438=B_SPLINE_CURVE_WITH_KNOTS('',3,(#12425,#12426,#12427,#12428,#12429,
#12430,#12431),.UNSPECIFIED.,.F.,.F.,(4,3,4),(-1.,-0.710283751862537,0.),
 .UNSPECIFIED.);
#439=B_SPLINE_CURVE_WITH_KNOTS('',3,(#12433,#12434,#12435,#12436,#12437,
#12438,#12439),.UNSPECIFIED.,.F.,.F.,(4,3,4),(0.,0.280742178679806,1.),
 .UNSPECIFIED.);
#440=B_SPLINE_CURVE_WITH_KNOTS('',3,(#12441,#12442,#12443,#12444,#12445,
#12446,#12447),.UNSPECIFIED.,.F.,.F.,(4,3,4),(-1.,-0.710283751862489,0.),
 .UNSPECIFIED.);
#441=B_SPLINE_CURVE_WITH_KNOTS('',3,(#12449,#12450,#12451,#12452,#12453,
#12454,#12455),.UNSPECIFIED.,.F.,.F.,(4,3,4),(0.,0.280742178679854,1.),
 .UNSPECIFIED.);
#442=B_SPLINE_CURVE_WITH_KNOTS('',3,(#12457,#12458,#12459,#12460,#12461,
#12462,#12463),.UNSPECIFIED.,.F.,.F.,(4,3,4),(-1.,-0.710283751861983,0.),
 .UNSPECIFIED.);
#443=B_SPLINE_CURVE_WITH_KNOTS('',3,(#12465,#12466,#12467,#12468,#12469,
#12470,#12471),.UNSPECIFIED.,.F.,.F.,(4,3,4),(0.,0.280742178679652,1.),
 .UNSPECIFIED.);
#444=B_SPLINE_CURVE_WITH_KNOTS('',3,(#12473,#12474,#12475,#12476,#12477,
#12478,#12479),.UNSPECIFIED.,.F.,.F.,(4,3,4),(-1.,-0.710283751862199,0.),
 .UNSPECIFIED.);
#445=B_SPLINE_CURVE_WITH_KNOTS('',3,(#12481,#12482,#12483,#12484,#12485,
#12486,#12487),.UNSPECIFIED.,.F.,.F.,(4,3,4),(0.,0.280742178679291,1.),
 .UNSPECIFIED.);
#446=B_SPLINE_CURVE_WITH_KNOTS('',3,(#12488,#12489,#12490,#12491,#12492,
#12493,#12494),.UNSPECIFIED.,.F.,.F.,(4,3,4),(-1.,-0.710283751862811,0.),
 .UNSPECIFIED.);
#447=B_SPLINE_CURVE_WITH_KNOTS('',3,(#12517,#12518,#12519,#12520,#12521,
#12522,#12523),.UNSPECIFIED.,.F.,.F.,(4,3,4),(-1.,-0.28074217867958,0.),
 .UNSPECIFIED.);
#448=B_SPLINE_CURVE_WITH_KNOTS('',3,(#12540,#12541,#12542,#12543,#12544,
#12545,#12546),.UNSPECIFIED.,.F.,.F.,(4,3,4),(0.,0.710283751862059,1.),
 .UNSPECIFIED.);
#449=B_SPLINE_CURVE_WITH_KNOTS('',3,(#12563,#12564,#12565,#12566,#12567,
#12568,#12569),.UNSPECIFIED.,.F.,.F.,(4,3,4),(-1.,-0.280742178679635,0.),
 .UNSPECIFIED.);
#450=B_SPLINE_CURVE_WITH_KNOTS('',3,(#12586,#12587,#12588,#12589,#12590,
#12591,#12592),.UNSPECIFIED.,.F.,.F.,(4,3,4),(0.,0.710283751861431,1.),
 .UNSPECIFIED.);
#451=B_SPLINE_CURVE_WITH_KNOTS('',3,(#12609,#12610,#12611,#12612,#12613,
#12614,#12615),.UNSPECIFIED.,.F.,.F.,(4,3,4),(-1.,-0.280742178679507,0.),
 .UNSPECIFIED.);
#452=B_SPLINE_CURVE_WITH_KNOTS('',3,(#12632,#12633,#12634,#12635,#12636,
#12637,#12638),.UNSPECIFIED.,.F.,.F.,(4,3,4),(0.,0.71028375186176,1.),
 .UNSPECIFIED.);
#453=B_SPLINE_CURVE_WITH_KNOTS('',3,(#12655,#12656,#12657,#12658,#12659,
#12660,#12661),.UNSPECIFIED.,.F.,.F.,(4,3,4),(-1.,-0.280742178679082,0.),
 .UNSPECIFIED.);
#454=B_SPLINE_CURVE_WITH_KNOTS('',3,(#12678,#12679,#12680,#12681,#12682,
#12683,#12684),.UNSPECIFIED.,.F.,.F.,(4,3,4),(0.,0.710283751862813,1.),
 .UNSPECIFIED.);
#455=B_SPLINE_CURVE_WITH_KNOTS('',3,(#12701,#12702,#12703,#12704,#12705,
#12706,#12707),.UNSPECIFIED.,.F.,.F.,(4,3,4),(-1.,-0.280742178679633,0.),
 .UNSPECIFIED.);
#456=B_SPLINE_CURVE_WITH_KNOTS('',3,(#12724,#12725,#12726,#12727,#12728,
#12729,#12730),.UNSPECIFIED.,.F.,.F.,(4,3,4),(0.,0.710283751861942,1.),
 .UNSPECIFIED.);
#457=B_SPLINE_CURVE_WITH_KNOTS('',3,(#12747,#12748,#12749,#12750,#12751,
#12752,#12753),.UNSPECIFIED.,.F.,.F.,(4,3,4),(-1.,-0.280742178679134,0.),
 .UNSPECIFIED.);
#458=B_SPLINE_CURVE_WITH_KNOTS('',3,(#12770,#12771,#12772,#12773,#12774,
#12775,#12776),.UNSPECIFIED.,.F.,.F.,(4,3,4),(0.,0.710283751862486,1.),
 .UNSPECIFIED.);
#459=B_SPLINE_CURVE_WITH_KNOTS('',3,(#12793,#12794,#12795,#12796,#12797,
#12798,#12799),.UNSPECIFIED.,.F.,.F.,(4,3,4),(-1.,-0.280742178679839,0.),
 .UNSPECIFIED.);
#460=B_SPLINE_CURVE_WITH_KNOTS('',3,(#12816,#12817,#12818,#12819,#12820,
#12821,#12822),.UNSPECIFIED.,.F.,.F.,(4,3,4),(0.,0.710283751862417,1.),
 .UNSPECIFIED.);
#461=B_SPLINE_CURVE_WITH_KNOTS('',3,(#12839,#12840,#12841,#12842,#12843,
#12844,#12845),.UNSPECIFIED.,.F.,.F.,(4,3,4),(-1.,-0.280742178680019,0.),
 .UNSPECIFIED.);
#462=B_SPLINE_CURVE_WITH_KNOTS('',3,(#12862,#12863,#12864,#12865,#12866,
#12867,#12868),.UNSPECIFIED.,.F.,.F.,(4,3,4),(0.,0.710283751862482,1.),
 .UNSPECIFIED.);
#463=B_SPLINE_CURVE_WITH_KNOTS('',3,(#12885,#12886,#12887,#12888,#12889,
#12890,#12891),.UNSPECIFIED.,.F.,.F.,(4,3,4),(-1.,-0.280742178679626,0.),
 .UNSPECIFIED.);
#464=B_SPLINE_CURVE_WITH_KNOTS('',3,(#12908,#12909,#12910,#12911,#12912,
#12913,#12914),.UNSPECIFIED.,.F.,.F.,(4,3,4),(0.,0.710283751861643,1.),
 .UNSPECIFIED.);
#465=B_SPLINE_CURVE_WITH_KNOTS('',3,(#12931,#12932,#12933,#12934,#12935,
#12936,#12937),.UNSPECIFIED.,.F.,.F.,(4,3,4),(-1.,-0.280742178679495,0.),
 .UNSPECIFIED.);
#466=B_SPLINE_CURVE_WITH_KNOTS('',3,(#12954,#12955,#12956,#12957,#12958,
#12959,#12960),.UNSPECIFIED.,.F.,.F.,(4,3,4),(0.,0.710283751863492,1.),
 .UNSPECIFIED.);
#467=B_SPLINE_CURVE_WITH_KNOTS('',3,(#12977,#12978,#12979,#12980,#12981,
#12982,#12983),.UNSPECIFIED.,.F.,.F.,(4,3,4),(-1.,-0.280742178680048,0.),
 .UNSPECIFIED.);
#468=B_SPLINE_CURVE_WITH_KNOTS('',3,(#13000,#13001,#13002,#13003,#13004,
#13005,#13006),.UNSPECIFIED.,.F.,.F.,(4,3,4),(0.,0.710283751863236,1.),
 .UNSPECIFIED.);
#469=B_SPLINE_CURVE_WITH_KNOTS('',3,(#13023,#13024,#13025,#13026,#13027,
#13028,#13029),.UNSPECIFIED.,.F.,.F.,(4,3,4),(-1.,-0.280742178679779,0.),
 .UNSPECIFIED.);
#470=B_SPLINE_CURVE_WITH_KNOTS('',3,(#13046,#13047,#13048,#13049,#13050,
#13051,#13052),.UNSPECIFIED.,.F.,.F.,(4,3,4),(0.,0.710283751862723,1.),
 .UNSPECIFIED.);
#471=B_SPLINE_CURVE_WITH_KNOTS('',3,(#13069,#13070,#13071,#13072,#13073,
#13074,#13075),.UNSPECIFIED.,.F.,.F.,(4,3,4),(-1.,-0.280742178679247,0.),
 .UNSPECIFIED.);
#472=B_SPLINE_CURVE_WITH_KNOTS('',3,(#13092,#13093,#13094,#13095,#13096,
#13097,#13098),.UNSPECIFIED.,.F.,.F.,(4,3,4),(0.,0.710283751862162,1.),
 .UNSPECIFIED.);
#473=B_SPLINE_CURVE_WITH_KNOTS('',3,(#13115,#13116,#13117,#13118,#13119,
#13120,#13121),.UNSPECIFIED.,.F.,.F.,(4,3,4),(-1.,-0.280742178679408,0.),
 .UNSPECIFIED.);
#474=B_SPLINE_CURVE_WITH_KNOTS('',3,(#13138,#13139,#13140,#13141,#13142,
#13143,#13144),.UNSPECIFIED.,.F.,.F.,(4,3,4),(0.,0.710283751862742,1.),
 .UNSPECIFIED.);
#475=B_SPLINE_CURVE_WITH_KNOTS('',3,(#13161,#13162,#13163,#13164,#13165,
#13166,#13167),.UNSPECIFIED.,.F.,.F.,(4,3,4),(-1.,-0.280742178680143,0.),
 .UNSPECIFIED.);
#476=B_SPLINE_CURVE_WITH_KNOTS('',3,(#13184,#13185,#13186,#13187,#13188,
#13189,#13190),.UNSPECIFIED.,.F.,.F.,(4,3,4),(0.,0.710283751863398,1.),
 .UNSPECIFIED.);
#477=B_SPLINE_CURVE_WITH_KNOTS('',3,(#13207,#13208,#13209,#13210,#13211,
#13212,#13213),.UNSPECIFIED.,.F.,.F.,(4,3,4),(-1.,-0.280742178679458,0.),
 .UNSPECIFIED.);
#478=B_SPLINE_CURVE_WITH_KNOTS('',3,(#13230,#13231,#13232,#13233,#13234,
#13235,#13236),.UNSPECIFIED.,.F.,.F.,(4,3,4),(0.,0.710283751862537,1.),
 .UNSPECIFIED.);
#479=B_SPLINE_CURVE_WITH_KNOTS('',3,(#13253,#13254,#13255,#13256,#13257,
#13258,#13259),.UNSPECIFIED.,.F.,.F.,(4,3,4),(-1.,-0.280742178679806,0.),
 .UNSPECIFIED.);
#480=B_SPLINE_CURVE_WITH_KNOTS('',3,(#13276,#13277,#13278,#13279,#13280,
#13281,#13282),.UNSPECIFIED.,.F.,.F.,(4,3,4),(0.,0.710283751862489,1.),
 .UNSPECIFIED.);
#481=B_SPLINE_CURVE_WITH_KNOTS('',3,(#13299,#13300,#13301,#13302,#13303,
#13304,#13305),.UNSPECIFIED.,.F.,.F.,(4,3,4),(-1.,-0.280742178679854,0.),
 .UNSPECIFIED.);
#482=B_SPLINE_CURVE_WITH_KNOTS('',3,(#13322,#13323,#13324,#13325,#13326,
#13327,#13328),.UNSPECIFIED.,.F.,.F.,(4,3,4),(0.,0.710283751861983,1.),
 .UNSPECIFIED.);
#483=B_SPLINE_CURVE_WITH_KNOTS('',3,(#13345,#13346,#13347,#13348,#13349,
#13350,#13351),.UNSPECIFIED.,.F.,.F.,(4,3,4),(-1.,-0.280742178679652,0.),
 .UNSPECIFIED.);
#484=B_SPLINE_CURVE_WITH_KNOTS('',3,(#13368,#13369,#13370,#13371,#13372,
#13373,#13374),.UNSPECIFIED.,.F.,.F.,(4,3,4),(0.,0.710283751862199,1.),
 .UNSPECIFIED.);
#485=B_SPLINE_CURVE_WITH_KNOTS('',3,(#13391,#13392,#13393,#13394,#13395,
#13396,#13397),.UNSPECIFIED.,.F.,.F.,(4,3,4),(-1.,-0.280742178679291,0.),
 .UNSPECIFIED.);
#486=B_SPLINE_CURVE_WITH_KNOTS('',3,(#13413,#13414,#13415,#13416,#13417,
#13418,#13419),.UNSPECIFIED.,.F.,.F.,(4,3,4),(0.,0.710283751862811,1.),
 .UNSPECIFIED.);
#487=CONICAL_SURFACE('',#6101,7.79800775541958,0.785398163397442);
#488=CONICAL_SURFACE('',#6110,7.79800775541958,0.785398163397442);
#489=CONICAL_SURFACE('',#6243,5.36567395951885,0.785398214196853);
#490=CONICAL_SURFACE('',#6252,5.36567408591015,0.785398112598027);
#491=CONICAL_SURFACE('',#6272,3.469658575071,0.785398214196853);
#492=CONICAL_SURFACE('',#6278,3.4696584486797,0.785398112598027);
#493=CONICAL_SURFACE('',#6308,5.90199224458043,0.785398163397442);
#494=CONICAL_SURFACE('',#6315,5.90199224458043,0.785398163397442);
#495=TOROIDAL_SURFACE('',#6095,6.85,1.55);
#496=TOROIDAL_SURFACE('',#6237,4.41766626729493,1.55);
#497=TOROIDAL_SURFACE('',#6266,4.41766626729493,1.55);
#498=TOROIDAL_SURFACE('',#6311,6.85,1.55);
#499=TOROIDAL_SURFACE('',#6323,2.40037417703998,1.);
#500=TOROIDAL_SURFACE('',#6348,2.39962514024356,1.);
#501=TOROIDAL_SURFACE('',#6350,2.40037417703998,1.);
#502=TOROIDAL_SURFACE('',#6357,2.39962514024356,1.);
#503=TOROIDAL_SURFACE('',#6359,2.40037417703998,1.);
#504=TOROIDAL_SURFACE('',#6366,2.39962514024355,1.);
#505=TOROIDAL_SURFACE('',#6368,2.40037417703998,1.);
#506=TOROIDAL_SURFACE('',#6373,2.39962514024356,1.);
#507=TOROIDAL_SURFACE('',#6408,2.40037417703998,1.);
#508=TOROIDAL_SURFACE('',#6412,2.39962514024356,1.);
#509=SHAPE_REPRESENTATION_RELATIONSHIP('SRR','None',#13493,#519);
#510=SHAPE_REPRESENTATION_RELATIONSHIP('SRR','None',#13494,#520);
#511=SHAPE_REPRESENTATION_RELATIONSHIP('SRR','None',#13495,#521);
#512=SHAPE_REPRESENTATION_RELATIONSHIP('SRR','None',#13496,#522);
#513=SHAPE_REPRESENTATION_RELATIONSHIP('SRR','None',#13498,#523);
#514=SHAPE_REPRESENTATION_RELATIONSHIP('SRR','None',#13499,#524);
#515=SHAPE_REPRESENTATION_RELATIONSHIP('SRR','None',#13500,#525);
#516=SHAPE_REPRESENTATION_RELATIONSHIP('SRR','None',#13501,#526);
#517=SHAPE_REPRESENTATION_RELATIONSHIP('SRR','None',#13502,#527);
#518=SHAPE_REPRESENTATION_RELATIONSHIP('SRR','None',#13503,#528);
#519=ADVANCED_BREP_SHAPE_REPRESENTATION('',(#542),#13441);
#520=ADVANCED_BREP_SHAPE_REPRESENTATION('',(#543),#13442);
#521=ADVANCED_BREP_SHAPE_REPRESENTATION('',(#544),#13443);
#522=ADVANCED_BREP_SHAPE_REPRESENTATION('',(#545),#13444);
#523=ADVANCED_BREP_SHAPE_REPRESENTATION('',(#546),#13446);
#524=ADVANCED_BREP_SHAPE_REPRESENTATION('',(#547),#13447);
#525=ADVANCED_BREP_SHAPE_REPRESENTATION('',(#548),#13448);
#526=ADVANCED_BREP_SHAPE_REPRESENTATION('',(#549),#13449);
#527=ADVANCED_BREP_SHAPE_REPRESENTATION('',(#550,#551,#552,#553),#13450);
#528=ADVANCED_BREP_SHAPE_REPRESENTATION('',(#554),#13451);
#529=STYLED_ITEM('',(#13556),#542);
#530=STYLED_ITEM('',(#13556),#543);
#531=STYLED_ITEM('',(#13556),#544);
#532=STYLED_ITEM('',(#13556),#545);
#533=STYLED_ITEM('',(#13556),#546);
#534=STYLED_ITEM('',(#13556),#547);
#535=STYLED_ITEM('',(#13556),#548);
#536=STYLED_ITEM('',(#13556),#549);
#537=STYLED_ITEM('',(#13556),#550);
#538=STYLED_ITEM('',(#13556),#551);
#539=STYLED_ITEM('',(#13556),#552);
#540=STYLED_ITEM('',(#13556),#553);
#541=STYLED_ITEM('',(#13556),#554);
#542=MANIFOLD_SOLID_BREP('\X2\5B9E4F53\X0\1',#5865);
#543=MANIFOLD_SOLID_BREP('\X2\5B9E4F53\X0\1',#5866);
#544=MANIFOLD_SOLID_BREP('\X2\819D76D64F2052A8\X0\2',#5867);
#545=MANIFOLD_SOLID_BREP('\X2\5C0F817F\X0\',#5868);
#546=MANIFOLD_SOLID_BREP('\X2\5927817F4E3B52A8529B53D1751F5668\X0\',#5869);
#547=MANIFOLD_SOLID_BREP('\X2\5C0F817F4FDD630167B6\X0\',#5870);
#548=MANIFOLD_SOLID_BREP('\X2\9ACB517382824FDD630167B6\X0\',#5871);
#549=MANIFOLD_SOLID_BREP('\X2\5927817F76D6677F\X0\',#5872);
#550=MANIFOLD_SOLID_BREP('\X2\5B9E4F53\X0\1',#5873);
#551=MANIFOLD_SOLID_BREP('\X2\5B9E4F53\X0\2',#5874);
#552=MANIFOLD_SOLID_BREP('\X2\5B9E4F53\X0\3',#5875);
#553=MANIFOLD_SOLID_BREP('\X2\5B9E4F53\X0\4',#5876);
#554=MANIFOLD_SOLID_BREP('\X2\5B9E4F53\X0\1',#5877);
#555=FACE_BOUND('',#1023,.T.);
#556=FACE_BOUND('',#1025,.T.);
#557=FACE_BOUND('',#1032,.T.);
#558=FACE_BOUND('',#1033,.T.);
#559=FACE_BOUND('',#1035,.T.);
#560=FACE_BOUND('',#1037,.T.);
#561=FACE_BOUND('',#1044,.T.);
#562=FACE_BOUND('',#1045,.T.);
#563=FACE_BOUND('',#1051,.T.);
#564=FACE_BOUND('',#1053,.T.);
#565=FACE_BOUND('',#1055,.T.);
#566=FACE_BOUND('',#1056,.T.);
#567=FACE_BOUND('',#1062,.T.);
#568=FACE_BOUND('',#1064,.T.);
#569=FACE_BOUND('',#1069,.T.);
#570=FACE_BOUND('',#1071,.T.);
#571=FACE_BOUND('',#1085,.T.);
#572=FACE_BOUND('',#1097,.T.);
#573=FACE_BOUND('',#1099,.T.);
#574=FACE_BOUND('',#1100,.T.);
#575=FACE_BOUND('',#1102,.T.);
#576=FACE_BOUND('',#1104,.T.);
#577=FACE_BOUND('',#1118,.T.);
#578=FACE_BOUND('',#1119,.T.);
#579=FACE_BOUND('',#1126,.T.);
#580=FACE_BOUND('',#1132,.T.);
#581=FACE_BOUND('',#1134,.T.);
#582=FACE_BOUND('',#1139,.T.);
#583=FACE_BOUND('',#1141,.T.);
#584=FACE_BOUND('',#1147,.T.);
#585=FACE_BOUND('',#1149,.T.);
#586=FACE_BOUND('',#1156,.T.);
#587=FACE_BOUND('',#1166,.T.);
#588=FACE_BOUND('',#1173,.T.);
#589=FACE_BOUND('',#1216,.T.);
#590=FACE_BOUND('',#1250,.T.);
#591=FACE_BOUND('',#1290,.T.);
#592=FACE_BOUND('',#1294,.T.);
#593=FACE_BOUND('',#1296,.T.);
#594=FACE_BOUND('',#1297,.T.);
#595=FACE_BOUND('',#1299,.T.);
#596=FACE_BOUND('',#1300,.T.);
#597=FACE_BOUND('',#1311,.T.);
#598=FACE_BOUND('',#1314,.T.);
#599=FACE_BOUND('',#1330,.T.);
#600=FACE_BOUND('',#1336,.T.);
#601=FACE_BOUND('',#1338,.T.);
#602=FACE_BOUND('',#1341,.T.);
#603=FACE_BOUND('',#1344,.T.);
#604=FACE_BOUND('',#1386,.T.);
#605=PLANE('',#6023);
#606=PLANE('',#6027);
#607=PLANE('',#6040);
#608=PLANE('',#6041);
#609=PLANE('',#6045);
#610=PLANE('',#6058);
#611=PLANE('',#6072);
#612=PLANE('',#6074);
#613=PLANE('',#6093);
#614=PLANE('',#6094);
#615=PLANE('',#6105);
#616=PLANE('',#6106);
#617=PLANE('',#6150);
#618=PLANE('',#6160);
#619=PLANE('',#6163);
#620=PLANE('',#6169);
#621=PLANE('',#6173);
#622=PLANE('',#6174);
#623=PLANE('',#6176);
#624=PLANE('',#6179);
#625=PLANE('',#6183);
#626=PLANE('',#6191);
#627=PLANE('',#6196);
#628=PLANE('',#6199);
#629=PLANE('',#6202);
#630=PLANE('',#6205);
#631=PLANE('',#6210);
#632=PLANE('',#6214);
#633=PLANE('',#6216);
#634=PLANE('',#6235);
#635=PLANE('',#6236);
#636=PLANE('',#6247);
#637=PLANE('',#6248);
#638=PLANE('',#6258);
#639=PLANE('',#6259);
#640=PLANE('',#6261);
#641=PLANE('',#6279);
#642=PLANE('',#6295);
#643=PLANE('',#6304);
#644=PLANE('',#6318);
#645=PLANE('',#6321);
#646=PLANE('',#6371);
#647=PLANE('',#6376);
#648=PLANE('',#6378);
#649=PLANE('',#6380);
#650=PLANE('',#6382);
#651=PLANE('',#6384);
#652=PLANE('',#6386);
#653=PLANE('',#6388);
#654=PLANE('',#6390);
#655=PLANE('',#6392);
#656=PLANE('',#6394);
#657=PLANE('',#6397);
#658=PLANE('',#6399);
#659=PLANE('',#6411);
#660=PLANE('',#6415);
#661=PLANE('',#6419);
#662=PLANE('',#6421);
#663=PLANE('',#6431);
#664=PLANE('',#6439);
#665=PLANE('',#6440);
#666=PLANE('',#6441);
#667=PLANE('',#6443);
#668=PLANE('',#6449);
#669=PLANE('',#6457);
#670=PLANE('',#6458);
#671=PLANE('',#6464);
#672=PLANE('',#6474);
#673=PLANE('',#6488);
#674=PLANE('',#6492);
#675=PLANE('',#6499);
#676=PLANE('',#6500);
#677=PLANE('',#6504);
#678=PLANE('',#6505);
#679=PLANE('',#6509);
#680=PLANE('',#6510);
#681=PLANE('',#6514);
#682=PLANE('',#6515);
#683=PLANE('',#6525);
#684=PLANE('',#6527);
#685=PLANE('',#6531);
#686=PLANE('',#6535);
#687=PLANE('',#6538);
#688=PLANE('',#6544);
#689=PLANE('',#6547);
#690=PLANE('',#6548);
#691=FACE_OUTER_BOUND('',#1014,.T.);
#692=FACE_OUTER_BOUND('',#1015,.T.);
#693=FACE_OUTER_BOUND('',#1016,.T.);
#694=FACE_OUTER_BOUND('',#1017,.T.);
#695=FACE_OUTER_BOUND('',#1018,.T.);
#696=FACE_OUTER_BOUND('',#1019,.T.);
#697=FACE_OUTER_BOUND('',#1020,.T.);
#698=FACE_OUTER_BOUND('',#1021,.T.);
#699=FACE_OUTER_BOUND('',#1022,.T.);
#700=FACE_OUTER_BOUND('',#1024,.T.);
#701=FACE_OUTER_BOUND('',#1026,.T.);
#702=FACE_OUTER_BOUND('',#1027,.T.);
#703=FACE_OUTER_BOUND('',#1028,.T.);
#704=FACE_OUTER_BOUND('',#1029,.T.);
#705=FACE_OUTER_BOUND('',#1030,.T.);
#706=FACE_OUTER_BOUND('',#1031,.T.);
#707=FACE_OUTER_BOUND('',#1034,.T.);
#708=FACE_OUTER_BOUND('',#1036,.T.);
#709=FACE_OUTER_BOUND('',#1038,.T.);
#710=FACE_OUTER_BOUND('',#1039,.T.);
#711=FACE_OUTER_BOUND('',#1040,.T.);
#712=FACE_OUTER_BOUND('',#1041,.T.);
#713=FACE_OUTER_BOUND('',#1042,.T.);
#714=FACE_OUTER_BOUND('',#1043,.T.);
#715=FACE_OUTER_BOUND('',#1046,.T.);
#716=FACE_OUTER_BOUND('',#1047,.T.);
#717=FACE_OUTER_BOUND('',#1048,.T.);
#718=FACE_OUTER_BOUND('',#1049,.T.);
#719=FACE_OUTER_BOUND('',#1050,.T.);
#720=FACE_OUTER_BOUND('',#1052,.T.);
#721=FACE_OUTER_BOUND('',#1054,.T.);
#722=FACE_OUTER_BOUND('',#1057,.T.);
#723=FACE_OUTER_BOUND('',#1058,.T.);
#724=FACE_OUTER_BOUND('',#1059,.T.);
#725=FACE_OUTER_BOUND('',#1060,.T.);
#726=FACE_OUTER_BOUND('',#1061,.T.);
#727=FACE_OUTER_BOUND('',#1063,.T.);
#728=FACE_OUTER_BOUND('',#1065,.T.);
#729=FACE_OUTER_BOUND('',#1066,.T.);
#730=FACE_OUTER_BOUND('',#1067,.T.);
#731=FACE_OUTER_BOUND('',#1068,.T.);
#732=FACE_OUTER_BOUND('',#1070,.T.);
#733=FACE_OUTER_BOUND('',#1072,.T.);
#734=FACE_OUTER_BOUND('',#1073,.T.);
#735=FACE_OUTER_BOUND('',#1074,.T.);
#736=FACE_OUTER_BOUND('',#1075,.T.);
#737=FACE_OUTER_BOUND('',#1076,.T.);
#738=FACE_OUTER_BOUND('',#1077,.T.);
#739=FACE_OUTER_BOUND('',#1078,.T.);
#740=FACE_OUTER_BOUND('',#1079,.T.);
#741=FACE_OUTER_BOUND('',#1080,.T.);
#742=FACE_OUTER_BOUND('',#1081,.T.);
#743=FACE_OUTER_BOUND('',#1082,.T.);
#744=FACE_OUTER_BOUND('',#1083,.T.);
#745=FACE_OUTER_BOUND('',#1084,.T.);
#746=FACE_OUTER_BOUND('',#1086,.T.);
#747=FACE_OUTER_BOUND('',#1087,.T.);
#748=FACE_OUTER_BOUND('',#1088,.T.);
#749=FACE_OUTER_BOUND('',#1089,.T.);
#750=FACE_OUTER_BOUND('',#1090,.T.);
#751=FACE_OUTER_BOUND('',#1091,.T.);
#752=FACE_OUTER_BOUND('',#1092,.T.);
#753=FACE_OUTER_BOUND('',#1093,.T.);
#754=FACE_OUTER_BOUND('',#1094,.T.);
#755=FACE_OUTER_BOUND('',#1095,.T.);
#756=FACE_OUTER_BOUND('',#1096,.T.);
#757=FACE_OUTER_BOUND('',#1098,.T.);
#758=FACE_OUTER_BOUND('',#1101,.T.);
#759=FACE_OUTER_BOUND('',#1103,.T.);
#760=FACE_OUTER_BOUND('',#1105,.T.);
#761=FACE_OUTER_BOUND('',#1106,.T.);
#762=FACE_OUTER_BOUND('',#1107,.T.);
#763=FACE_OUTER_BOUND('',#1108,.T.);
#764=FACE_OUTER_BOUND('',#1109,.T.);
#765=FACE_OUTER_BOUND('',#1110,.T.);
#766=FACE_OUTER_BOUND('',#1111,.T.);
#767=FACE_OUTER_BOUND('',#1112,.T.);
#768=FACE_OUTER_BOUND('',#1113,.T.);
#769=FACE_OUTER_BOUND('',#1114,.T.);
#770=FACE_OUTER_BOUND('',#1115,.T.);
#771=FACE_OUTER_BOUND('',#1116,.T.);
#772=FACE_OUTER_BOUND('',#1117,.T.);
#773=FACE_OUTER_BOUND('',#1120,.T.);
#774=FACE_OUTER_BOUND('',#1121,.T.);
#775=FACE_OUTER_BOUND('',#1122,.T.);
#776=FACE_OUTER_BOUND('',#1123,.T.);
#777=FACE_OUTER_BOUND('',#1124,.T.);
#778=FACE_OUTER_BOUND('',#1125,.T.);
#779=FACE_OUTER_BOUND('',#1127,.T.);
#780=FACE_OUTER_BOUND('',#1128,.T.);
#781=FACE_OUTER_BOUND('',#1129,.T.);
#782=FACE_OUTER_BOUND('',#1130,.T.);
#783=FACE_OUTER_BOUND('',#1131,.T.);
#784=FACE_OUTER_BOUND('',#1133,.T.);
#785=FACE_OUTER_BOUND('',#1135,.T.);
#786=FACE_OUTER_BOUND('',#1136,.T.);
#787=FACE_OUTER_BOUND('',#1137,.T.);
#788=FACE_OUTER_BOUND('',#1138,.T.);
#789=FACE_OUTER_BOUND('',#1140,.T.);
#790=FACE_OUTER_BOUND('',#1142,.T.);
#791=FACE_OUTER_BOUND('',#1143,.T.);
#792=FACE_OUTER_BOUND('',#1144,.T.);
#793=FACE_OUTER_BOUND('',#1145,.T.);
#794=FACE_OUTER_BOUND('',#1146,.T.);
#795=FACE_OUTER_BOUND('',#1148,.T.);
#796=FACE_OUTER_BOUND('',#1150,.T.);
#797=FACE_OUTER_BOUND('',#1151,.T.);
#798=FACE_OUTER_BOUND('',#1152,.T.);
#799=FACE_OUTER_BOUND('',#1153,.T.);
#800=FACE_OUTER_BOUND('',#1154,.T.);
#801=FACE_OUTER_BOUND('',#1155,.T.);
#802=FACE_OUTER_BOUND('',#1157,.T.);
#803=FACE_OUTER_BOUND('',#1158,.T.);
#804=FACE_OUTER_BOUND('',#1159,.T.);
#805=FACE_OUTER_BOUND('',#1160,.T.);
#806=FACE_OUTER_BOUND('',#1161,.T.);
#807=FACE_OUTER_BOUND('',#1162,.T.);
#808=FACE_OUTER_BOUND('',#1163,.T.);
#809=FACE_OUTER_BOUND('',#1164,.T.);
#810=FACE_OUTER_BOUND('',#1165,.T.);
#811=FACE_OUTER_BOUND('',#1167,.T.);
#812=FACE_OUTER_BOUND('',#1168,.T.);
#813=FACE_OUTER_BOUND('',#1169,.T.);
#814=FACE_OUTER_BOUND('',#1170,.T.);
#815=FACE_OUTER_BOUND('',#1171,.T.);
#816=FACE_OUTER_BOUND('',#1172,.T.);
#817=FACE_OUTER_BOUND('',#1174,.T.);
#818=FACE_OUTER_BOUND('',#1175,.T.);
#819=FACE_OUTER_BOUND('',#1176,.T.);
#820=FACE_OUTER_BOUND('',#1177,.T.);
#821=FACE_OUTER_BOUND('',#1178,.T.);
#822=FACE_OUTER_BOUND('',#1179,.T.);
#823=FACE_OUTER_BOUND('',#1180,.T.);
#824=FACE_OUTER_BOUND('',#1181,.T.);
#825=FACE_OUTER_BOUND('',#1182,.T.);
#826=FACE_OUTER_BOUND('',#1183,.T.);
#827=FACE_OUTER_BOUND('',#1184,.T.);
#828=FACE_OUTER_BOUND('',#1185,.T.);
#829=FACE_OUTER_BOUND('',#1186,.T.);
#830=FACE_OUTER_BOUND('',#1187,.T.);
#831=FACE_OUTER_BOUND('',#1188,.T.);
#832=FACE_OUTER_BOUND('',#1189,.T.);
#833=FACE_OUTER_BOUND('',#1190,.T.);
#834=FACE_OUTER_BOUND('',#1191,.T.);
#835=FACE_OUTER_BOUND('',#1192,.T.);
#836=FACE_OUTER_BOUND('',#1193,.T.);
#837=FACE_OUTER_BOUND('',#1194,.T.);
#838=FACE_OUTER_BOUND('',#1195,.T.);
#839=FACE_OUTER_BOUND('',#1196,.T.);
#840=FACE_OUTER_BOUND('',#1197,.T.);
#841=FACE_OUTER_BOUND('',#1198,.T.);
#842=FACE_OUTER_BOUND('',#1199,.T.);
#843=FACE_OUTER_BOUND('',#1200,.T.);
#844=FACE_OUTER_BOUND('',#1201,.T.);
#845=FACE_OUTER_BOUND('',#1202,.T.);
#846=FACE_OUTER_BOUND('',#1203,.T.);
#847=FACE_OUTER_BOUND('',#1204,.T.);
#848=FACE_OUTER_BOUND('',#1205,.T.);
#849=FACE_OUTER_BOUND('',#1206,.T.);
#850=FACE_OUTER_BOUND('',#1207,.T.);
#851=FACE_OUTER_BOUND('',#1208,.T.);
#852=FACE_OUTER_BOUND('',#1209,.T.);
#853=FACE_OUTER_BOUND('',#1210,.T.);
#854=FACE_OUTER_BOUND('',#1211,.T.);
#855=FACE_OUTER_BOUND('',#1212,.T.);
#856=FACE_OUTER_BOUND('',#1213,.T.);
#857=FACE_OUTER_BOUND('',#1214,.T.);
#858=FACE_OUTER_BOUND('',#1215,.T.);
#859=FACE_OUTER_BOUND('',#1217,.T.);
#860=FACE_OUTER_BOUND('',#1218,.T.);
#861=FACE_OUTER_BOUND('',#1219,.T.);
#862=FACE_OUTER_BOUND('',#1220,.T.);
#863=FACE_OUTER_BOUND('',#1221,.T.);
#864=FACE_OUTER_BOUND('',#1222,.T.);
#865=FACE_OUTER_BOUND('',#1223,.T.);
#866=FACE_OUTER_BOUND('',#1224,.T.);
#867=FACE_OUTER_BOUND('',#1225,.T.);
#868=FACE_OUTER_BOUND('',#1226,.T.);
#869=FACE_OUTER_BOUND('',#1227,.T.);
#870=FACE_OUTER_BOUND('',#1228,.T.);
#871=FACE_OUTER_BOUND('',#1229,.T.);
#872=FACE_OUTER_BOUND('',#1230,.T.);
#873=FACE_OUTER_BOUND('',#1231,.T.);
#874=FACE_OUTER_BOUND('',#1232,.T.);
#875=FACE_OUTER_BOUND('',#1233,.T.);
#876=FACE_OUTER_BOUND('',#1234,.T.);
#877=FACE_OUTER_BOUND('',#1235,.T.);
#878=FACE_OUTER_BOUND('',#1236,.T.);
#879=FACE_OUTER_BOUND('',#1237,.T.);
#880=FACE_OUTER_BOUND('',#1238,.T.);
#881=FACE_OUTER_BOUND('',#1239,.T.);
#882=FACE_OUTER_BOUND('',#1240,.T.);
#883=FACE_OUTER_BOUND('',#1241,.T.);
#884=FACE_OUTER_BOUND('',#1242,.T.);
#885=FACE_OUTER_BOUND('',#1243,.T.);
#886=FACE_OUTER_BOUND('',#1244,.T.);
#887=FACE_OUTER_BOUND('',#1245,.T.);
#888=FACE_OUTER_BOUND('',#1246,.T.);
#889=FACE_OUTER_BOUND('',#1247,.T.);
#890=FACE_OUTER_BOUND('',#1248,.T.);
#891=FACE_OUTER_BOUND('',#1249,.T.);
#892=FACE_OUTER_BOUND('',#1251,.T.);
#893=FACE_OUTER_BOUND('',#1252,.T.);
#894=FACE_OUTER_BOUND('',#1253,.T.);
#895=FACE_OUTER_BOUND('',#1254,.T.);
#896=FACE_OUTER_BOUND('',#1255,.T.);
#897=FACE_OUTER_BOUND('',#1256,.T.);
#898=FACE_OUTER_BOUND('',#1257,.T.);
#899=FACE_OUTER_BOUND('',#1258,.T.);
#900=FACE_OUTER_BOUND('',#1259,.T.);
#901=FACE_OUTER_BOUND('',#1260,.T.);
#902=FACE_OUTER_BOUND('',#1261,.T.);
#903=FACE_OUTER_BOUND('',#1262,.T.);
#904=FACE_OUTER_BOUND('',#1263,.T.);
#905=FACE_OUTER_BOUND('',#1264,.T.);
#906=FACE_OUTER_BOUND('',#1265,.T.);
#907=FACE_OUTER_BOUND('',#1266,.T.);
#908=FACE_OUTER_BOUND('',#1267,.T.);
#909=FACE_OUTER_BOUND('',#1268,.T.);
#910=FACE_OUTER_BOUND('',#1269,.T.);
#911=FACE_OUTER_BOUND('',#1270,.T.);
#912=FACE_OUTER_BOUND('',#1271,.T.);
#913=FACE_OUTER_BOUND('',#1272,.T.);
#914=FACE_OUTER_BOUND('',#1273,.T.);
#915=FACE_OUTER_BOUND('',#1274,.T.);
#916=FACE_OUTER_BOUND('',#1275,.T.);
#917=FACE_OUTER_BOUND('',#1276,.T.);
#918=FACE_OUTER_BOUND('',#1277,.T.);
#919=FACE_OUTER_BOUND('',#1278,.T.);
#920=FACE_OUTER_BOUND('',#1279,.T.);
#921=FACE_OUTER_BOUND('',#1280,.T.);
#922=FACE_OUTER_BOUND('',#1281,.T.);
#923=FACE_OUTER_BOUND('',#1282,.T.);
#924=FACE_OUTER_BOUND('',#1283,.T.);
#925=FACE_OUTER_BOUND('',#1284,.T.);
#926=FACE_OUTER_BOUND('',#1285,.T.);
#927=FACE_OUTER_BOUND('',#1286,.T.);
#928=FACE_OUTER_BOUND('',#1287,.T.);
#929=FACE_OUTER_BOUND('',#1288,.T.);
#930=FACE_OUTER_BOUND('',#1289,.T.);
#931=FACE_OUTER_BOUND('',#1291,.T.);
#932=FACE_OUTER_BOUND('',#1292,.T.);
#933=FACE_OUTER_BOUND('',#1293,.T.);
#934=FACE_OUTER_BOUND('',#1295,.T.);
#935=FACE_OUTER_BOUND('',#1298,.T.);
#936=FACE_OUTER_BOUND('',#1301,.T.);
#937=FACE_OUTER_BOUND('',#1302,.T.);
#938=FACE_OUTER_BOUND('',#1303,.T.);
#939=FACE_OUTER_BOUND('',#1304,.T.);
#940=FACE_OUTER_BOUND('',#1305,.T.);
#941=FACE_OUTER_BOUND('',#1306,.T.);
#942=FACE_OUTER_BOUND('',#1307,.T.);
#943=FACE_OUTER_BOUND('',#1308,.T.);
#944=FACE_OUTER_BOUND('',#1309,.T.);
#945=FACE_OUTER_BOUND('',#1310,.T.);
#946=FACE_OUTER_BOUND('',#1312,.T.);
#947=FACE_OUTER_BOUND('',#1313,.T.);
#948=FACE_OUTER_BOUND('',#1315,.T.);
#949=FACE_OUTER_BOUND('',#1316,.T.);
#950=FACE_OUTER_BOUND('',#1317,.T.);
#951=FACE_OUTER_BOUND('',#1318,.T.);
#952=FACE_OUTER_BOUND('',#1319,.T.);
#953=FACE_OUTER_BOUND('',#1320,.T.);
#954=FACE_OUTER_BOUND('',#1321,.T.);
#955=FACE_OUTER_BOUND('',#1322,.T.);
#956=FACE_OUTER_BOUND('',#1323,.T.);
#957=FACE_OUTER_BOUND('',#1324,.T.);
#958=FACE_OUTER_BOUND('',#1325,.T.);
#959=FACE_OUTER_BOUND('',#1326,.T.);
#960=FACE_OUTER_BOUND('',#1327,.T.);
#961=FACE_OUTER_BOUND('',#1328,.T.);
#962=FACE_OUTER_BOUND('',#1329,.T.);
#963=FACE_OUTER_BOUND('',#1331,.T.);
#964=FACE_OUTER_BOUND('',#1332,.T.);
#965=FACE_OUTER_BOUND('',#1333,.T.);
#966=FACE_OUTER_BOUND('',#1334,.T.);
#967=FACE_OUTER_BOUND('',#1335,.T.);
#968=FACE_OUTER_BOUND('',#1337,.T.);
#969=FACE_OUTER_BOUND('',#1339,.T.);
#970=FACE_OUTER_BOUND('',#1340,.T.);
#971=FACE_OUTER_BOUND('',#1342,.T.);
#972=FACE_OUTER_BOUND('',#1343,.T.);
#973=FACE_OUTER_BOUND('',#1345,.T.);
#974=FACE_OUTER_BOUND('',#1346,.T.);
#975=FACE_OUTER_BOUND('',#1347,.T.);
#976=FACE_OUTER_BOUND('',#1348,.T.);
#977=FACE_OUTER_BOUND('',#1349,.T.);
#978=FACE_OUTER_BOUND('',#1350,.T.);
#979=FACE_OUTER_BOUND('',#1351,.T.);
#980=FACE_OUTER_BOUND('',#1352,.T.);
#981=FACE_OUTER_BOUND('',#1353,.T.);
#982=FACE_OUTER_BOUND('',#1354,.T.);
#983=FACE_OUTER_BOUND('',#1355,.T.);
#984=FACE_OUTER_BOUND('',#1356,.T.);
#985=FACE_OUTER_BOUND('',#1357,.T.);
#986=FACE_OUTER_BOUND('',#1358,.T.);
#987=FACE_OUTER_BOUND('',#1359,.T.);
#988=FACE_OUTER_BOUND('',#1360,.T.);
#989=FACE_OUTER_BOUND('',#1361,.T.);
#990=FACE_OUTER_BOUND('',#1362,.T.);
#991=FACE_OUTER_BOUND('',#1363,.T.);
#992=FACE_OUTER_BOUND('',#1364,.T.);
#993=FACE_OUTER_BOUND('',#1365,.T.);
#994=FACE_OUTER_BOUND('',#1366,.T.);
#995=FACE_OUTER_BOUND('',#1367,.T.);
#996=FACE_OUTER_BOUND('',#1368,.T.);
#997=FACE_OUTER_BOUND('',#1369,.T.);
#998=FACE_OUTER_BOUND('',#1370,.T.);
#999=FACE_OUTER_BOUND('',#1371,.T.);
#1000=FACE_OUTER_BOUND('',#1372,.T.);
#1001=FACE_OUTER_BOUND('',#1373,.T.);
#1002=FACE_OUTER_BOUND('',#1374,.T.);
#1003=FACE_OUTER_BOUND('',#1375,.T.);
#1004=FACE_OUTER_BOUND('',#1376,.T.);
#1005=FACE_OUTER_BOUND('',#1377,.T.);
#1006=FACE_OUTER_BOUND('',#1378,.T.);
#1007=FACE_OUTER_BOUND('',#1379,.T.);
#1008=FACE_OUTER_BOUND('',#1380,.T.);
#1009=FACE_OUTER_BOUND('',#1381,.T.);
#1010=FACE_OUTER_BOUND('',#1382,.T.);
#1011=FACE_OUTER_BOUND('',#1383,.T.);
#1012=FACE_OUTER_BOUND('',#1384,.T.);
#1013=FACE_OUTER_BOUND('',#1385,.T.);
#1014=EDGE_LOOP('',(#3682,#3683,#3684,#3685));
#1015=EDGE_LOOP('',(#3686,#3687,#3688,#3689,#3690,#3691,#3692,#3693,#3694,
#3695,#3696,#3697));
#1016=EDGE_LOOP('',(#3698,#3699,#3700,#3701));
#1017=EDGE_LOOP('',(#3702,#3703,#3704,#3705));
#1018=EDGE_LOOP('',(#3706,#3707,#3708,#3709));
#1019=EDGE_LOOP('',(#3710,#3711,#3712,#3713));
#1020=EDGE_LOOP('',(#3714,#3715,#3716,#3717));
#1021=EDGE_LOOP('',(#3718,#3719,#3720,#3721,#3722,#3723,#3724,#3725,#3726,
#3727,#3728,#3729));
#1022=EDGE_LOOP('',(#3730,#3731,#3732,#3733,#3734,#3735,#3736));
#1023=EDGE_LOOP('',(#3737));
#1024=EDGE_LOOP('',(#3738,#3739,#3740,#3741,#3742,#3743));
#1025=EDGE_LOOP('',(#3744));
#1026=EDGE_LOOP('',(#3745,#3746,#3747,#3748));
#1027=EDGE_LOOP('',(#3749,#3750,#3751,#3752));
#1028=EDGE_LOOP('',(#3753,#3754,#3755,#3756));
#1029=EDGE_LOOP('',(#3757,#3758,#3759,#3760));
#1030=EDGE_LOOP('',(#3761,#3762,#3763,#3764));
#1031=EDGE_LOOP('',(#3765,#3766,#3767,#3768,#3769));
#1032=EDGE_LOOP('',(#3770));
#1033=EDGE_LOOP('',(#3771));
#1034=EDGE_LOOP('',(#3772,#3773,#3774,#3775,#3776,#3777,#3778));
#1035=EDGE_LOOP('',(#3779));
#1036=EDGE_LOOP('',(#3780,#3781,#3782,#3783,#3784,#3785));
#1037=EDGE_LOOP('',(#3786));
#1038=EDGE_LOOP('',(#3787,#3788,#3789,#3790));
#1039=EDGE_LOOP('',(#3791,#3792,#3793,#3794));
#1040=EDGE_LOOP('',(#3795,#3796,#3797,#3798));
#1041=EDGE_LOOP('',(#3799,#3800,#3801,#3802));
#1042=EDGE_LOOP('',(#3803,#3804,#3805,#3806));
#1043=EDGE_LOOP('',(#3807,#3808,#3809,#3810,#3811));
#1044=EDGE_LOOP('',(#3812));
#1045=EDGE_LOOP('',(#3813));
#1046=EDGE_LOOP('',(#3814,#3815,#3816,#3817));
#1047=EDGE_LOOP('',(#3818,#3819,#3820,#3821));
#1048=EDGE_LOOP('',(#3822,#3823,#3824,#3825));
#1049=EDGE_LOOP('',(#3826,#3827,#3828,#3829));
#1050=EDGE_LOOP('',(#3830,#3831,#3832,#3833));
#1051=EDGE_LOOP('',(#3834));
#1052=EDGE_LOOP('',(#3835,#3836,#3837,#3838));
#1053=EDGE_LOOP('',(#3839));
#1054=EDGE_LOOP('',(#3840,#3841,#3842,#3843));
#1055=EDGE_LOOP('',(#3844,#3845,#3846,#3847));
#1056=EDGE_LOOP('',(#3848,#3849,#3850,#3851));
#1057=EDGE_LOOP('',(#3852,#3853,#3854,#3855));
#1058=EDGE_LOOP('',(#3856,#3857,#3858,#3859));
#1059=EDGE_LOOP('',(#3860,#3861,#3862,#3863));
#1060=EDGE_LOOP('',(#3864,#3865,#3866,#3867));
#1061=EDGE_LOOP('',(#3868,#3869,#3870,#3871));
#1062=EDGE_LOOP('',(#3872));
#1063=EDGE_LOOP('',(#3873,#3874,#3875,#3876));
#1064=EDGE_LOOP('',(#3877));
#1065=EDGE_LOOP('',(#3878,#3879,#3880,#3881,#3882,#3883));
#1066=EDGE_LOOP('',(#3884,#3885,#3886,#3887,#3888));
#1067=EDGE_LOOP('',(#3889,#3890,#3891,#3892));
#1068=EDGE_LOOP('',(#3893));
#1069=EDGE_LOOP('',(#3894));
#1070=EDGE_LOOP('',(#3895));
#1071=EDGE_LOOP('',(#3896));
#1072=EDGE_LOOP('',(#3897,#3898,#3899,#3900));
#1073=EDGE_LOOP('',(#3901,#3902,#3903,#3904,#3905));
#1074=EDGE_LOOP('',(#3906,#3907,#3908,#3909));
#1075=EDGE_LOOP('',(#3910,#3911,#3912,#3913));
#1076=EDGE_LOOP('',(#3914,#3915,#3916,#3917));
#1077=EDGE_LOOP('',(#3918,#3919,#3920,#3921));
#1078=EDGE_LOOP('',(#3922,#3923,#3924,#3925));
#1079=EDGE_LOOP('',(#3926,#3927,#3928,#3929,#3930,#3931,#3932,#3933,#3934,
#3935,#3936,#3937));
#1080=EDGE_LOOP('',(#3938,#3939,#3940,#3941));
#1081=EDGE_LOOP('',(#3942,#3943,#3944,#3945,#3946,#3947,#3948,#3949,#3950,
#3951,#3952,#3953));
#1082=EDGE_LOOP('',(#3954,#3955,#3956,#3957));
#1083=EDGE_LOOP('',(#3958,#3959,#3960,#3961));
#1084=EDGE_LOOP('',(#3962,#3963,#3964,#3965,#3966,#3967,#3968,#3969,#3970,
#3971));
#1085=EDGE_LOOP('',(#3972));
#1086=EDGE_LOOP('',(#3973,#3974,#3975,#3976));
#1087=EDGE_LOOP('',(#3977,#3978,#3979,#3980));
#1088=EDGE_LOOP('',(#3981,#3982,#3983,#3984));
#1089=EDGE_LOOP('',(#3985,#3986,#3987,#3988));
#1090=EDGE_LOOP('',(#3989,#3990,#3991,#3992));
#1091=EDGE_LOOP('',(#3993,#3994,#3995,#3996));
#1092=EDGE_LOOP('',(#3997,#3998,#3999,#4000));
#1093=EDGE_LOOP('',(#4001,#4002,#4003,#4004));
#1094=EDGE_LOOP('',(#4005,#4006,#4007,#4008));
#1095=EDGE_LOOP('',(#4009,#4010,#4011,#4012));
#1096=EDGE_LOOP('',(#4013,#4014,#4015,#4016,#4017,#4018,#4019,#4020,#4021,
#4022));
#1097=EDGE_LOOP('',(#4023));
#1098=EDGE_LOOP('',(#4024,#4025,#4026,#4027,#4028,#4029,#4030,#4031,#4032,
#4033,#4034,#4035));
#1099=EDGE_LOOP('',(#4036));
#1100=EDGE_LOOP('',(#4037));
#1101=EDGE_LOOP('',(#4038,#4039,#4040,#4041,#4042,#4043,#4044,#4045,#4046,
#4047));
#1102=EDGE_LOOP('',(#4048));
#1103=EDGE_LOOP('',(#4049,#4050,#4051,#4052,#4053,#4054,#4055,#4056,#4057,
#4058));
#1104=EDGE_LOOP('',(#4059));
#1105=EDGE_LOOP('',(#4060,#4061,#4062,#4063));
#1106=EDGE_LOOP('',(#4064,#4065,#4066,#4067));
#1107=EDGE_LOOP('',(#4068,#4069,#4070,#4071));
#1108=EDGE_LOOP('',(#4072,#4073,#4074,#4075));
#1109=EDGE_LOOP('',(#4076,#4077,#4078,#4079));
#1110=EDGE_LOOP('',(#4080,#4081,#4082,#4083));
#1111=EDGE_LOOP('',(#4084,#4085,#4086,#4087));
#1112=EDGE_LOOP('',(#4088,#4089,#4090,#4091));
#1113=EDGE_LOOP('',(#4092,#4093,#4094,#4095));
#1114=EDGE_LOOP('',(#4096,#4097,#4098,#4099));
#1115=EDGE_LOOP('',(#4100,#4101,#4102,#4103));
#1116=EDGE_LOOP('',(#4104,#4105,#4106,#4107));
#1117=EDGE_LOOP('',(#4108,#4109,#4110,#4111,#4112,#4113,#4114,#4115,#4116,
#4117,#4118,#4119));
#1118=EDGE_LOOP('',(#4120));
#1119=EDGE_LOOP('',(#4121));
#1120=EDGE_LOOP('',(#4122,#4123,#4124,#4125));
#1121=EDGE_LOOP('',(#4126,#4127,#4128,#4129));
#1122=EDGE_LOOP('',(#4130,#4131,#4132,#4133));
#1123=EDGE_LOOP('',(#4134,#4135,#4136,#4137));
#1124=EDGE_LOOP('',(#4138,#4139,#4140,#4141));
#1125=EDGE_LOOP('',(#4142,#4143,#4144,#4145));
#1126=EDGE_LOOP('',(#4146,#4147,#4148,#4149));
#1127=EDGE_LOOP('',(#4150,#4151,#4152,#4153));
#1128=EDGE_LOOP('',(#4154,#4155,#4156,#4157));
#1129=EDGE_LOOP('',(#4158,#4159,#4160,#4161));
#1130=EDGE_LOOP('',(#4162,#4163,#4164,#4165));
#1131=EDGE_LOOP('',(#4166,#4167,#4168,#4169));
#1132=EDGE_LOOP('',(#4170));
#1133=EDGE_LOOP('',(#4171,#4172,#4173,#4174));
#1134=EDGE_LOOP('',(#4175));
#1135=EDGE_LOOP('',(#4176,#4177,#4178,#4179,#4180,#4181));
#1136=EDGE_LOOP('',(#4182,#4183,#4184,#4185,#4186));
#1137=EDGE_LOOP('',(#4187,#4188,#4189,#4190));
#1138=EDGE_LOOP('',(#4191,#4192));
#1139=EDGE_LOOP('',(#4193));
#1140=EDGE_LOOP('',(#4194,#4195));
#1141=EDGE_LOOP('',(#4196));
#1142=EDGE_LOOP('',(#4197,#4198,#4199,#4200));
#1143=EDGE_LOOP('',(#4201,#4202,#4203,#4204,#4205));
#1144=EDGE_LOOP('',(#4206,#4207,#4208,#4209));
#1145=EDGE_LOOP('',(#4210));
#1146=EDGE_LOOP('',(#4211));
#1147=EDGE_LOOP('',(#4212));
#1148=EDGE_LOOP('',(#4213));
#1149=EDGE_LOOP('',(#4214));
#1150=EDGE_LOOP('',(#4215,#4216,#4217,#4218));
#1151=EDGE_LOOP('',(#4219,#4220,#4221,#4222,#4223,#4224));
#1152=EDGE_LOOP('',(#4225,#4226,#4227,#4228,#4229));
#1153=EDGE_LOOP('',(#4230,#4231,#4232,#4233,#4234,#4235,#4236,#4237));
#1154=EDGE_LOOP('',(#4238,#4239,#4240,#4241,#4242));
#1155=EDGE_LOOP('',(#4243,#4244,#4245,#4246));
#1156=EDGE_LOOP('',(#4247));
#1157=EDGE_LOOP('',(#4248,#4249,#4250,#4251));
#1158=EDGE_LOOP('',(#4252,#4253,#4254,#4255));
#1159=EDGE_LOOP('',(#4256,#4257,#4258,#4259));
#1160=EDGE_LOOP('',(#4260,#4261,#4262,#4263));
#1161=EDGE_LOOP('',(#4264,#4265,#4266,#4267,#4268,#4269,#4270,#4271,#4272));
#1162=EDGE_LOOP('',(#4273,#4274,#4275,#4276));
#1163=EDGE_LOOP('',(#4277,#4278,#4279,#4280,#4281,#4282,#4283,#4284));
#1164=EDGE_LOOP('',(#4285,#4286,#4287,#4288));
#1165=EDGE_LOOP('',(#4289));
#1166=EDGE_LOOP('',(#4290));
#1167=EDGE_LOOP('',(#4291,#4292,#4293,#4294));
#1168=EDGE_LOOP('',(#4295,#4296,#4297,#4298,#4299));
#1169=EDGE_LOOP('',(#4300,#4301,#4302,#4303,#4304,#4305));
#1170=EDGE_LOOP('',(#4306,#4307,#4308,#4309,#4310));
#1171=EDGE_LOOP('',(#4311,#4312,#4313,#4314));
#1172=EDGE_LOOP('',(#4315,#4316,#4317,#4318,#4319,#4320,#4321,#4322,#4323,
#4324,#4325,#4326,#4327,#4328,#4329,#4330,#4331,#4332,#4333,#4334,#4335,
#4336,#4337,#4338,#4339,#4340,#4341,#4342,#4343,#4344,#4345,#4346,#4347,
#4348,#4349,#4350,#4351,#4352,#4353,#4354));
#1173=EDGE_LOOP('',(#4355));
#1174=EDGE_LOOP('',(#4356,#4357,#4358,#4359));
#1175=EDGE_LOOP('',(#4360,#4361,#4362,#4363));
#1176=EDGE_LOOP('',(#4364,#4365,#4366,#4367));
#1177=EDGE_LOOP('',(#4368,#4369,#4370,#4371));
#1178=EDGE_LOOP('',(#4372,#4373,#4374,#4375));
#1179=EDGE_LOOP('',(#4376,#4377,#4378,#4379));
#1180=EDGE_LOOP('',(#4380,#4381,#4382,#4383));
#1181=EDGE_LOOP('',(#4384,#4385,#4386,#4387));
#1182=EDGE_LOOP('',(#4388,#4389,#4390,#4391));
#1183=EDGE_LOOP('',(#4392,#4393,#4394,#4395));
#1184=EDGE_LOOP('',(#4396,#4397,#4398,#4399));
#1185=EDGE_LOOP('',(#4400,#4401,#4402,#4403));
#1186=EDGE_LOOP('',(#4404,#4405,#4406,#4407));
#1187=EDGE_LOOP('',(#4408,#4409,#4410,#4411));
#1188=EDGE_LOOP('',(#4412,#4413,#4414,#4415));
#1189=EDGE_LOOP('',(#4416,#4417,#4418,#4419));
#1190=EDGE_LOOP('',(#4420,#4421,#4422,#4423));
#1191=EDGE_LOOP('',(#4424,#4425,#4426,#4427));
#1192=EDGE_LOOP('',(#4428,#4429,#4430,#4431));
#1193=EDGE_LOOP('',(#4432,#4433,#4434,#4435));
#1194=EDGE_LOOP('',(#4436,#4437,#4438,#4439));
#1195=EDGE_LOOP('',(#4440,#4441,#4442,#4443));
#1196=EDGE_LOOP('',(#4444,#4445,#4446,#4447));
#1197=EDGE_LOOP('',(#4448,#4449,#4450,#4451));
#1198=EDGE_LOOP('',(#4452,#4453,#4454,#4455));
#1199=EDGE_LOOP('',(#4456,#4457,#4458,#4459));
#1200=EDGE_LOOP('',(#4460,#4461,#4462,#4463));
#1201=EDGE_LOOP('',(#4464,#4465,#4466,#4467));
#1202=EDGE_LOOP('',(#4468,#4469,#4470,#4471));
#1203=EDGE_LOOP('',(#4472,#4473,#4474,#4475));
#1204=EDGE_LOOP('',(#4476,#4477,#4478,#4479));
#1205=EDGE_LOOP('',(#4480,#4481,#4482,#4483));
#1206=EDGE_LOOP('',(#4484,#4485,#4486,#4487));
#1207=EDGE_LOOP('',(#4488,#4489,#4490,#4491));
#1208=EDGE_LOOP('',(#4492,#4493,#4494,#4495));
#1209=EDGE_LOOP('',(#4496,#4497,#4498,#4499));
#1210=EDGE_LOOP('',(#4500,#4501,#4502,#4503));
#1211=EDGE_LOOP('',(#4504,#4505,#4506,#4507));
#1212=EDGE_LOOP('',(#4508,#4509,#4510,#4511));
#1213=EDGE_LOOP('',(#4512,#4513,#4514,#4515));
#1214=EDGE_LOOP('',(#4516,#4517,#4518,#4519));
#1215=EDGE_LOOP('',(#4520,#4521,#4522,#4523));
#1216=EDGE_LOOP('',(#4524,#4525,#4526,#4527,#4528,#4529,#4530,#4531,#4532,
#4533,#4534,#4535,#4536,#4537,#4538,#4539,#4540,#4541,#4542,#4543,#4544,
#4545,#4546,#4547,#4548,#4549,#4550,#4551,#4552,#4553,#4554,#4555,#4556,
#4557,#4558,#4559,#4560,#4561,#4562,#4563));
#1217=EDGE_LOOP('',(#4564,#4565,#4566,#4567));
#1218=EDGE_LOOP('',(#4568,#4569,#4570,#4571,#4572,#4573,#4574,#4575,#4576,
#4577,#4578,#4579,#4580,#4581,#4582,#4583,#4584,#4585,#4586,#4587,#4588,
#4589,#4590,#4591,#4592,#4593,#4594,#4595,#4596,#4597,#4598,#4599,#4600,
#4601,#4602,#4603,#4604,#4605,#4606,#4607,#4608,#4609,#4610,#4611));
#1219=EDGE_LOOP('',(#4612,#4613,#4614,#4615,#4616,#4617,#4618,#4619,#4620,
#4621,#4622));
#1220=EDGE_LOOP('',(#4623,#4624,#4625,#4626));
#1221=EDGE_LOOP('',(#4627,#4628,#4629,#4630));
#1222=EDGE_LOOP('',(#4631,#4632,#4633,#4634,#4635,#4636,#4637,#4638,#4639,
#4640,#4641));
#1223=EDGE_LOOP('',(#4642,#4643,#4644,#4645));
#1224=EDGE_LOOP('',(#4646,#4647,#4648,#4649));
#1225=EDGE_LOOP('',(#4650,#4651,#4652,#4653,#4654,#4655,#4656,#4657,#4658,
#4659,#4660));
#1226=EDGE_LOOP('',(#4661,#4662,#4663,#4664));
#1227=EDGE_LOOP('',(#4665,#4666,#4667,#4668));
#1228=EDGE_LOOP('',(#4669,#4670,#4671,#4672));
#1229=EDGE_LOOP('',(#4673,#4674,#4675,#4676));
#1230=EDGE_LOOP('',(#4677,#4678,#4679,#4680));
#1231=EDGE_LOOP('',(#4681,#4682,#4683,#4684));
#1232=EDGE_LOOP('',(#4685,#4686,#4687,#4688));
#1233=EDGE_LOOP('',(#4689,#4690,#4691,#4692));
#1234=EDGE_LOOP('',(#4693,#4694,#4695,#4696));
#1235=EDGE_LOOP('',(#4697,#4698,#4699,#4700));
#1236=EDGE_LOOP('',(#4701,#4702,#4703,#4704));
#1237=EDGE_LOOP('',(#4705,#4706,#4707,#4708));
#1238=EDGE_LOOP('',(#4709,#4710,#4711,#4712));
#1239=EDGE_LOOP('',(#4713,#4714,#4715,#4716,#4717,#4718));
#1240=EDGE_LOOP('',(#4719,#4720,#4721,#4722));
#1241=EDGE_LOOP('',(#4723,#4724,#4725,#4726));
#1242=EDGE_LOOP('',(#4727,#4728,#4729,#4730,#4731,#4732,#4733,#4734,#4735,
#4736,#4737,#4738,#4739,#4740,#4741,#4742,#4743,#4744,#4745,#4746,#4747,
#4748,#4749,#4750,#4751,#4752,#4753,#4754,#4755,#4756,#4757,#4758,#4759,
#4760,#4761,#4762,#4763,#4764,#4765));
#1243=EDGE_LOOP('',(#4766,#4767,#4768,#4769,#4770,#4771,#4772,#4773,#4774,
#4775,#4776));
#1244=EDGE_LOOP('',(#4777,#4778,#4779,#4780));
#1245=EDGE_LOOP('',(#4781,#4782,#4783,#4784));
#1246=EDGE_LOOP('',(#4785,#4786,#4787,#4788));
#1247=EDGE_LOOP('',(#4789,#4790,#4791,#4792));
#1248=EDGE_LOOP('',(#4793,#4794,#4795,#4796,#4797,#4798,#4799,#4800,#4801,
#4802,#4803));
#1249=EDGE_LOOP('',(#4804));
#1250=EDGE_LOOP('',(#4805));
#1251=EDGE_LOOP('',(#4806,#4807,#4808,#4809,#4810));
#1252=EDGE_LOOP('',(#4811,#4812,#4813));
#1253=EDGE_LOOP('',(#4814,#4815,#4816,#4817,#4818,#4819));
#1254=EDGE_LOOP('',(#4820,#4821,#4822,#4823,#4824,#4825,#4826,#4827,#4828,
#4829,#4830,#4831,#4832,#4833,#4834,#4835,#4836,#4837,#4838,#4839,#4840,
#4841,#4842,#4843,#4844,#4845,#4846,#4847,#4848,#4849,#4850,#4851,#4852,
#4853));
#1255=EDGE_LOOP('',(#4854,#4855,#4856,#4857,#4858));
#1256=EDGE_LOOP('',(#4859,#4860,#4861,#4862,#4863,#4864));
#1257=EDGE_LOOP('',(#4865,#4866,#4867));
#1258=EDGE_LOOP('',(#4868,#4869,#4870,#4871,#4872,#4873,#4874,#4875,#4876,
#4877,#4878,#4879,#4880,#4881,#4882,#4883,#4884,#4885,#4886,#4887,#4888,
#4889,#4890,#4891,#4892,#4893,#4894,#4895,#4896,#4897,#4898,#4899,#4900,
#4901,#4902,#4903,#4904,#4905,#4906,#4907));
#1259=EDGE_LOOP('',(#4908,#4909,#4910,#4911,#4912));
#1260=EDGE_LOOP('',(#4913,#4914,#4915));
#1261=EDGE_LOOP('',(#4916,#4917,#4918,#4919,#4920,#4921));
#1262=EDGE_LOOP('',(#4922,#4923,#4924,#4925,#4926));
#1263=EDGE_LOOP('',(#4927,#4928,#4929));
#1264=EDGE_LOOP('',(#4930,#4931,#4932,#4933,#4934));
#1265=EDGE_LOOP('',(#4935,#4936,#4937));
#1266=EDGE_LOOP('',(#4938,#4939,#4940,#4941,#4942,#4943));
#1267=EDGE_LOOP('',(#4944,#4945,#4946,#4947,#4948));
#1268=EDGE_LOOP('',(#4949,#4950,#4951));
#1269=EDGE_LOOP('',(#4952,#4953,#4954,#4955,#4956));
#1270=EDGE_LOOP('',(#4957,#4958,#4959));
#1271=EDGE_LOOP('',(#4960,#4961,#4962,#4963,#4964,#4965));
#1272=EDGE_LOOP('',(#4966,#4967,#4968,#4969,#4970));
#1273=EDGE_LOOP('',(#4971,#4972,#4973));
#1274=EDGE_LOOP('',(#4974,#4975,#4976,#4977,#4978));
#1275=EDGE_LOOP('',(#4979,#4980,#4981,#4982,#4983));
#1276=EDGE_LOOP('',(#4984,#4985,#4986,#4987,#4988));
#1277=EDGE_LOOP('',(#4989,#4990,#4991));
#1278=EDGE_LOOP('',(#4992,#4993,#4994));
#1279=EDGE_LOOP('',(#4995,#4996,#4997,#4998,#4999,#5000));
#1280=EDGE_LOOP('',(#5001,#5002,#5003,#5004,#5005));
#1281=EDGE_LOOP('',(#5006,#5007,#5008,#5009,#5010));
#1282=EDGE_LOOP('',(#5011,#5012,#5013,#5014,#5015,#5016,#5017));
#1283=EDGE_LOOP('',(#5018,#5019,#5020,#5021,#5022));
#1284=EDGE_LOOP('',(#5023,#5024,#5025,#5026,#5027));
#1285=EDGE_LOOP('',(#5028,#5029,#5030,#5031,#5032));
#1286=EDGE_LOOP('',(#5033,#5034,#5035,#5036,#5037));
#1287=EDGE_LOOP('',(#5038,#5039,#5040));
#1288=EDGE_LOOP('',(#5041,#5042,#5043));
#1289=EDGE_LOOP('',(#5044));
#1290=EDGE_LOOP('',(#5045));
#1291=EDGE_LOOP('',(#5046,#5047,#5048,#5049));
#1292=EDGE_LOOP('',(#5050,#5051,#5052,#5053));
#1293=EDGE_LOOP('',(#5054));
#1294=EDGE_LOOP('',(#5055));
#1295=EDGE_LOOP('',(#5056,#5057,#5058,#5059));
#1296=EDGE_LOOP('',(#5060));
#1297=EDGE_LOOP('',(#5061));
#1298=EDGE_LOOP('',(#5062,#5063,#5064,#5065));
#1299=EDGE_LOOP('',(#5066));
#1300=EDGE_LOOP('',(#5067));
#1301=EDGE_LOOP('',(#5068,#5069,#5070,#5071));
#1302=EDGE_LOOP('',(#5072,#5073,#5074,#5075));
#1303=EDGE_LOOP('',(#5076,#5077,#5078,#5079,#5080,#5081,#5082,#5083));
#1304=EDGE_LOOP('',(#5084,#5085,#5086,#5087));
#1305=EDGE_LOOP('',(#5088,#5089,#5090,#5091));
#1306=EDGE_LOOP('',(#5092,#5093,#5094,#5095));
#1307=EDGE_LOOP('',(#5096,#5097,#5098,#5099,#5100,#5101,#5102,#5103));
#1308=EDGE_LOOP('',(#5104,#5105,#5106,#5107));
#1309=EDGE_LOOP('',(#5108,#5109,#5110,#5111));
#1310=EDGE_LOOP('',(#5112));
#1311=EDGE_LOOP('',(#5113));
#1312=EDGE_LOOP('',(#5114,#5115,#5116,#5117));
#1313=EDGE_LOOP('',(#5118));
#1314=EDGE_LOOP('',(#5119));
#1315=EDGE_LOOP('',(#5120,#5121,#5122,#5123));
#1316=EDGE_LOOP('',(#5124,#5125,#5126,#5127));
#1317=EDGE_LOOP('',(#5128));
#1318=EDGE_LOOP('',(#5129));
#1319=EDGE_LOOP('',(#5130,#5131,#5132,#5133));
#1320=EDGE_LOOP('',(#5134));
#1321=EDGE_LOOP('',(#5135));
#1322=EDGE_LOOP('',(#5136,#5137,#5138,#5139));
#1323=EDGE_LOOP('',(#5140));
#1324=EDGE_LOOP('',(#5141));
#1325=EDGE_LOOP('',(#5142,#5143,#5144,#5145));
#1326=EDGE_LOOP('',(#5146));
#1327=EDGE_LOOP('',(#5147));
#1328=EDGE_LOOP('',(#5148,#5149,#5150,#5151));
#1329=EDGE_LOOP('',(#5152));
#1330=EDGE_LOOP('',(#5153));
#1331=EDGE_LOOP('',(#5154,#5155,#5156,#5157));
#1332=EDGE_LOOP('',(#5158,#5159,#5160,#5161));
#1333=EDGE_LOOP('',(#5162,#5163,#5164,#5165));
#1334=EDGE_LOOP('',(#5166,#5167,#5168,#5169));
#1335=EDGE_LOOP('',(#5170,#5171,#5172,#5173,#5174));
#1336=EDGE_LOOP('',(#5175));
#1337=EDGE_LOOP('',(#5176,#5177,#5178,#5179,#5180));
#1338=EDGE_LOOP('',(#5181));
#1339=EDGE_LOOP('',(#5182,#5183,#5184,#5185,#5186,#5187,#5188,#5189,#5190,
#5191,#5192,#5193));
#1340=EDGE_LOOP('',(#5194,#5195,#5196,#5197,#5198,#5199,#5200,#5201,#5202,
#5203,#5204,#5205,#5206,#5207,#5208,#5209,#5210,#5211,#5212,#5213,#5214,
#5215,#5216,#5217,#5218,#5219,#5220,#5221,#5222,#5223,#5224,#5225,#5226,
#5227,#5228,#5229,#5230,#5231,#5232,#5233));
#1341=EDGE_LOOP('',(#5234));
#1342=EDGE_LOOP('',(#5235,#5236,#5237,#5238));
#1343=EDGE_LOOP('',(#5239));
#1344=EDGE_LOOP('',(#5240));
#1345=EDGE_LOOP('',(#5241,#5242,#5243,#5244));
#1346=EDGE_LOOP('',(#5245,#5246,#5247,#5248));
#1347=EDGE_LOOP('',(#5249,#5250,#5251,#5252));
#1348=EDGE_LOOP('',(#5253,#5254,#5255,#5256));
#1349=EDGE_LOOP('',(#5257,#5258,#5259,#5260));
#1350=EDGE_LOOP('',(#5261,#5262,#5263,#5264));
#1351=EDGE_LOOP('',(#5265,#5266,#5267,#5268));
#1352=EDGE_LOOP('',(#5269,#5270,#5271,#5272));
#1353=EDGE_LOOP('',(#5273,#5274,#5275,#5276));
#1354=EDGE_LOOP('',(#5277,#5278,#5279,#5280));
#1355=EDGE_LOOP('',(#5281,#5282,#5283,#5284));
#1356=EDGE_LOOP('',(#5285,#5286,#5287,#5288));
#1357=EDGE_LOOP('',(#5289,#5290,#5291,#5292));
#1358=EDGE_LOOP('',(#5293,#5294,#5295,#5296));
#1359=EDGE_LOOP('',(#5297,#5298,#5299,#5300));
#1360=EDGE_LOOP('',(#5301,#5302,#5303,#5304));
#1361=EDGE_LOOP('',(#5305,#5306,#5307,#5308));
#1362=EDGE_LOOP('',(#5309,#5310,#5311,#5312));
#1363=EDGE_LOOP('',(#5313,#5314,#5315,#5316));
#1364=EDGE_LOOP('',(#5317,#5318,#5319,#5320));
#1365=EDGE_LOOP('',(#5321,#5322,#5323,#5324));
#1366=EDGE_LOOP('',(#5325,#5326,#5327,#5328));
#1367=EDGE_LOOP('',(#5329,#5330,#5331,#5332));
#1368=EDGE_LOOP('',(#5333,#5334,#5335,#5336));
#1369=EDGE_LOOP('',(#5337,#5338,#5339,#5340));
#1370=EDGE_LOOP('',(#5341,#5342,#5343,#5344));
#1371=EDGE_LOOP('',(#5345,#5346,#5347,#5348));
#1372=EDGE_LOOP('',(#5349,#5350,#5351,#5352));
#1373=EDGE_LOOP('',(#5353,#5354,#5355,#5356));
#1374=EDGE_LOOP('',(#5357,#5358,#5359,#5360));
#1375=EDGE_LOOP('',(#5361,#5362,#5363,#5364));
#1376=EDGE_LOOP('',(#5365,#5366,#5367,#5368));
#1377=EDGE_LOOP('',(#5369,#5370,#5371,#5372));
#1378=EDGE_LOOP('',(#5373,#5374,#5375,#5376));
#1379=EDGE_LOOP('',(#5377,#5378,#5379,#5380));
#1380=EDGE_LOOP('',(#5381,#5382,#5383,#5384));
#1381=EDGE_LOOP('',(#5385,#5386,#5387,#5388));
#1382=EDGE_LOOP('',(#5389,#5390,#5391,#5392));
#1383=EDGE_LOOP('',(#5393,#5394,#5395,#5396));
#1384=EDGE_LOOP('',(#5397,#5398,#5399,#5400));
#1385=EDGE_LOOP('',(#5401));
#1386=EDGE_LOOP('',(#5402,#5403,#5404,#5405,#5406,#5407,#5408,#5409,#5410,
#5411,#5412,#5413,#5414,#5415,#5416,#5417,#5418,#5419,#5420,#5421,#5422,
#5423,#5424,#5425,#5426,#5427,#5428,#5429,#5430,#5431,#5432,#5433,#5434,
#5435,#5436,#5437,#5438,#5439,#5440,#5441));
#1387=LINE('',#7953,#1646);
#1388=LINE('',#7956,#1647);
#1389=LINE('',#7963,#1648);
#1390=LINE('',#7967,#1649);
#1391=LINE('',#7971,#1650);
#1392=LINE('',#7975,#1651);
#1393=LINE('',#7978,#1652);
#1394=LINE('',#7984,#1653);
#1395=LINE('',#7987,#1654);
#1396=LINE('',#7995,#1655);
#1397=LINE('',#8001,#1656);
#1398=LINE('',#8007,#1657);
#1399=LINE('',#8013,#1658);
#1400=LINE('',#8017,#1659);
#1401=LINE('',#8022,#1660);
#1402=LINE('',#8026,#1661);
#1403=LINE('',#8041,#1662);
#1404=LINE('',#8045,#1663);
#1405=LINE('',#8048,#1664);
#1406=LINE('',#8068,#1665);
#1407=LINE('',#8072,#1666);
#1408=LINE('',#8078,#1667);
#1409=LINE('',#8087,#1668);
#1410=LINE('',#8094,#1669);
#1411=LINE('',#8097,#1670);
#1412=LINE('',#8103,#1671);
#1413=LINE('',#8108,#1672);
#1414=LINE('',#8118,#1673);
#1415=LINE('',#8122,#1674);
#1416=LINE('',#8126,#1675);
#1417=LINE('',#8132,#1676);
#1418=LINE('',#8139,#1677);
#1419=LINE('',#8142,#1678);
#1420=LINE('',#8163,#1679);
#1421=LINE('',#8167,#1680);
#1422=LINE('',#8175,#1681);
#1423=LINE('',#8178,#1682);
#1424=LINE('',#8185,#1683);
#1425=LINE('',#8188,#1684);
#1426=LINE('',#8193,#1685);
#1427=LINE('',#8200,#1686);
#1428=LINE('',#8203,#1687);
#1429=LINE('',#8209,#1688);
#1430=LINE('',#8215,#1689);
#1431=LINE('',#8218,#1690);
#1432=LINE('',#8223,#1691);
#1433=LINE('',#8227,#1692);
#1434=LINE('',#8232,#1693);
#1435=LINE('',#8236,#1694);
#1436=LINE('',#8243,#1695);
#1437=LINE('',#8246,#1696);
#1438=LINE('',#8251,#1697);
#1439=LINE('',#8255,#1698);
#1440=LINE('',#8260,#1699);
#1441=LINE('',#8267,#1700);
#1442=LINE('',#8276,#1701);
#1443=LINE('',#8280,#1702);
#1444=LINE('',#8288,#1703);
#1445=LINE('',#8293,#1704);
#1446=LINE('',#8296,#1705);
#1447=LINE('',#8298,#1706);
#1448=LINE('',#8299,#1707);
#1449=LINE('',#8303,#1708);
#1450=LINE('',#8306,#1709);
#1451=LINE('',#8307,#1710);
#1452=LINE('',#8315,#1711);
#1453=LINE('',#8318,#1712);
#1454=LINE('',#8320,#1713);
#1455=LINE('',#8321,#1714);
#1456=LINE('',#8327,#1715);
#1457=LINE('',#8330,#1716);
#1458=LINE('',#8332,#1717);
#1459=LINE('',#8333,#1718);
#1460=LINE('',#8343,#1719);
#1461=LINE('',#8346,#1720);
#1462=LINE('',#8351,#1721);
#1463=LINE('',#8355,#1722);
#1464=LINE('',#8362,#1723);
#1465=LINE('',#8366,#1724);
#1466=LINE('',#8369,#1725);
#1467=LINE('',#8371,#1726);
#1468=LINE('',#8372,#1727);
#1469=LINE('',#8378,#1728);
#1470=LINE('',#8381,#1729);
#1471=LINE('',#8382,#1730);
#1472=LINE('',#8386,#1731);
#1473=LINE('',#8388,#1732);
#1474=LINE('',#8393,#1733);
#1475=LINE('',#8394,#1734);
#1476=LINE('',#8404,#1735);
#1477=LINE('',#8407,#1736);
#1478=LINE('',#8411,#1737);
#1479=LINE('',#8413,#1738);
#1480=LINE('',#8415,#1739);
#1481=LINE('',#8416,#1740);
#1482=LINE('',#8429,#1741);
#1483=LINE('',#8433,#1742);
#1484=LINE('',#8439,#1743);
#1485=LINE('',#8446,#1744);
#1486=LINE('',#8449,#1745);
#1487=LINE('',#8470,#1746);
#1488=LINE('',#8474,#1747);
#1489=LINE('',#8482,#1748);
#1490=LINE('',#8485,#1749);
#1491=LINE('',#8492,#1750);
#1492=LINE('',#8505,#1751);
#1493=LINE('',#8518,#1752);
#1494=LINE('',#8523,#1753);
#1495=LINE('',#8527,#1754);
#1496=LINE('',#8531,#1755);
#1497=LINE('',#8534,#1756);
#1498=LINE('',#8546,#1757);
#1499=LINE('',#8552,#1758);
#1500=LINE('',#8555,#1759);
#1501=LINE('',#8561,#1760);
#1502=LINE('',#8567,#1761);
#1503=LINE('',#8574,#1762);
#1504=LINE('',#8579,#1763);
#1505=LINE('',#8587,#1764);
#1506=LINE('',#8592,#1765);
#1507=LINE('',#8603,#1766);
#1508=LINE('',#8605,#1767);
#1509=LINE('',#8930,#1768);
#1510=LINE('',#8946,#1769);
#1511=LINE('',#8955,#1770);
#1512=LINE('',#8978,#1771);
#1513=LINE('',#9001,#1772);
#1514=LINE('',#9024,#1773);
#1515=LINE('',#9047,#1774);
#1516=LINE('',#9070,#1775);
#1517=LINE('',#9093,#1776);
#1518=LINE('',#9116,#1777);
#1519=LINE('',#9139,#1778);
#1520=LINE('',#9162,#1779);
#1521=LINE('',#9185,#1780);
#1522=LINE('',#9208,#1781);
#1523=LINE('',#9231,#1782);
#1524=LINE('',#9254,#1783);
#1525=LINE('',#9277,#1784);
#1526=LINE('',#9300,#1785);
#1527=LINE('',#9323,#1786);
#1528=LINE('',#9346,#1787);
#1529=LINE('',#9369,#1788);
#1530=LINE('',#9392,#1789);
#1531=LINE('',#9415,#1790);
#1532=LINE('',#9438,#1791);
#1533=LINE('',#9461,#1792);
#1534=LINE('',#9484,#1793);
#1535=LINE('',#9507,#1794);
#1536=LINE('',#9530,#1795);
#1537=LINE('',#9553,#1796);
#1538=LINE('',#9576,#1797);
#1539=LINE('',#9599,#1798);
#1540=LINE('',#9622,#1799);
#1541=LINE('',#9645,#1800);
#1542=LINE('',#9668,#1801);
#1543=LINE('',#9691,#1802);
#1544=LINE('',#9714,#1803);
#1545=LINE('',#9737,#1804);
#1546=LINE('',#9760,#1805);
#1547=LINE('',#9783,#1806);
#1548=LINE('',#9806,#1807);
#1549=LINE('',#9829,#1808);
#1550=LINE('',#9993,#1809);
#1551=LINE('',#10393,#1810);
#1552=LINE('',#10413,#1811);
#1553=LINE('',#10417,#1812);
#1554=LINE('',#10420,#1813);
#1555=LINE('',#10425,#1814);
#1556=LINE('',#10428,#1815);
#1557=LINE('',#10432,#1816);
#1558=LINE('',#10437,#1817);
#1559=LINE('',#10441,#1818);
#1560=LINE('',#10450,#1819);
#1561=LINE('',#10550,#1820);
#1562=LINE('',#10656,#1821);
#1563=LINE('',#10672,#1822);
#1564=LINE('',#10920,#1823);
#1565=LINE('',#11058,#1824);
#1566=LINE('',#11062,#1825);
#1567=LINE('',#11183,#1826);
#1568=LINE('',#11470,#1827);
#1569=LINE('',#11479,#1828);
#1570=LINE('',#11592,#1829);
#1571=LINE('',#11601,#1830);
#1572=LINE('',#11712,#1831);
#1573=LINE('',#11721,#1832);
#1574=LINE('',#11867,#1833);
#1575=LINE('',#11892,#1834);
#1576=LINE('',#12005,#1835);
#1577=LINE('',#12011,#1836);
#1578=LINE('',#12038,#1837);
#1579=LINE('',#12041,#1838);
#1580=LINE('',#12045,#1839);
#1581=LINE('',#12059,#1840);
#1582=LINE('',#12060,#1841);
#1583=LINE('',#12062,#1842);
#1584=LINE('',#12064,#1843);
#1585=LINE('',#12066,#1844);
#1586=LINE('',#12070,#1845);
#1587=LINE('',#12078,#1846);
#1588=LINE('',#12083,#1847);
#1589=LINE('',#12089,#1848);
#1590=LINE('',#12097,#1849);
#1591=LINE('',#12105,#1850);
#1592=LINE('',#12113,#1851);
#1593=LINE('',#12127,#1852);
#1594=LINE('',#12135,#1853);
#1595=LINE('',#12137,#1854);
#1596=LINE('',#12139,#1855);
#1597=LINE('',#12140,#1856);
#1598=LINE('',#12145,#1857);
#1599=LINE('',#12150,#1858);
#1600=LINE('',#12152,#1859);
#1601=LINE('',#12154,#1860);
#1602=LINE('',#12155,#1861);
#1603=LINE('',#12170,#1862);
#1604=LINE('',#12172,#1863);
#1605=LINE('',#12498,#1864);
#1606=LINE('',#12515,#1865);
#1607=LINE('',#12524,#1866);
#1608=LINE('',#12547,#1867);
#1609=LINE('',#12570,#1868);
#1610=LINE('',#12593,#1869);
#1611=LINE('',#12616,#1870);
#1612=LINE('',#12639,#1871);
#1613=LINE('',#12662,#1872);
#1614=LINE('',#12685,#1873);
#1615=LINE('',#12708,#1874);
#1616=LINE('',#12731,#1875);
#1617=LINE('',#12754,#1876);
#1618=LINE('',#12777,#1877);
#1619=LINE('',#12800,#1878);
#1620=LINE('',#12823,#1879);
#1621=LINE('',#12846,#1880);
#1622=LINE('',#12869,#1881);
#1623=LINE('',#12892,#1882);
#1624=LINE('',#12915,#1883);
#1625=LINE('',#12938,#1884);
#1626=LINE('',#12961,#1885);
#1627=LINE('',#12984,#1886);
#1628=LINE('',#13007,#1887);
#1629=LINE('',#13030,#1888);
#1630=LINE('',#13053,#1889);
#1631=LINE('',#13076,#1890);
#1632=LINE('',#13099,#1891);
#1633=LINE('',#13122,#1892);
#1634=LINE('',#13145,#1893);
#1635=LINE('',#13168,#1894);
#1636=LINE('',#13191,#1895);
#1637=LINE('',#13214,#1896);
#1638=LINE('',#13237,#1897);
#1639=LINE('',#13260,#1898);
#1640=LINE('',#13283,#1899);
#1641=LINE('',#13306,#1900);
#1642=LINE('',#13329,#1901);
#1643=LINE('',#13352,#1902);
#1644=LINE('',#13375,#1903);
#1645=LINE('',#13398,#1904);
#1646=VECTOR('',#6563,10.);
#1647=VECTOR('',#6566,10.);
#1648=VECTOR('',#6573,10.);
#1649=VECTOR('',#6576,10.);
#1650=VECTOR('',#6579,10.);
#1651=VECTOR('',#6582,10.);
#1652=VECTOR('',#6585,10.);
#1653=VECTOR('',#6590,10.);
#1654=VECTOR('',#6593,10.);
#1655=VECTOR('',#6604,10.);
#1656=VECTOR('',#6611,10.);
#1657=VECTOR('',#6618,10.);
#1658=VECTOR('',#6625,10.);
#1659=VECTOR('',#6628,10.);
#1660=VECTOR('',#6633,10.);
#1661=VECTOR('',#6636,10.);
#1662=VECTOR('',#6657,1.05);
#1663=VECTOR('',#6662,1.05);
#1664=VECTOR('',#6665,10.);
#1665=VECTOR('',#6696,1.05);
#1666=VECTOR('',#6701,1.05);
#1667=VECTOR('',#6710,10.);
#1668=VECTOR('',#6723,1.15);
#1669=VECTOR('',#6730,10.);
#1670=VECTOR('',#6733,10.);
#1671=VECTOR('',#6740,10.);
#1672=VECTOR('',#6745,10.);
#1673=VECTOR('',#6760,10.);
#1674=VECTOR('',#6763,10.);
#1675=VECTOR('',#6766,10.);
#1676=VECTOR('',#6773,1.15);
#1677=VECTOR('',#6780,10.);
#1678=VECTOR('',#6783,10.);
#1679=VECTOR('',#6814,7.79800775541958);
#1680=VECTOR('',#6819,7.65);
#1681=VECTOR('',#6830,7.65);
#1682=VECTOR('',#6835,7.79800775541958);
#1683=VECTOR('',#6842,2.);
#1684=VECTOR('',#6845,2.);
#1685=VECTOR('',#6850,10.);
#1686=VECTOR('',#6857,10.);
#1687=VECTOR('',#6860,10.);
#1688=VECTOR('',#6867,10.);
#1689=VECTOR('',#6872,10.);
#1690=VECTOR('',#6875,10.);
#1691=VECTOR('',#6880,10.);
#1692=VECTOR('',#6883,10.);
#1693=VECTOR('',#6888,10.);
#1694=VECTOR('',#6891,10.);
#1695=VECTOR('',#6898,2.);
#1696=VECTOR('',#6901,2.);
#1697=VECTOR('',#6906,10.);
#1698=VECTOR('',#6909,10.);
#1699=VECTOR('',#6914,10.);
#1700=VECTOR('',#6923,10.);
#1701=VECTOR('',#6936,10.);
#1702=VECTOR('',#6939,10.);
#1703=VECTOR('',#6948,1.05);
#1704=VECTOR('',#6955,1.05);
#1705=VECTOR('',#6958,10.);
#1706=VECTOR('',#6959,10.);
#1707=VECTOR('',#6960,10.);
#1708=VECTOR('',#6965,10.);
#1709=VECTOR('',#6968,10.);
#1710=VECTOR('',#6969,10.);
#1711=VECTOR('',#6980,10.);
#1712=VECTOR('',#6983,10.);
#1713=VECTOR('',#6984,10.);
#1714=VECTOR('',#6985,10.);
#1715=VECTOR('',#6992,10.);
#1716=VECTOR('',#6995,10.);
#1717=VECTOR('',#6996,10.);
#1718=VECTOR('',#6997,10.);
#1719=VECTOR('',#7012,10.);
#1720=VECTOR('',#7015,10.);
#1721=VECTOR('',#7020,10.);
#1722=VECTOR('',#7023,10.);
#1723=VECTOR('',#7032,1.05);
#1724=VECTOR('',#7037,1.05);
#1725=VECTOR('',#7040,10.);
#1726=VECTOR('',#7041,10.);
#1727=VECTOR('',#7042,10.);
#1728=VECTOR('',#7051,10.);
#1729=VECTOR('',#7054,10.);
#1730=VECTOR('',#7055,10.);
#1731=VECTOR('',#7060,10.);
#1732=VECTOR('',#7063,10.);
#1733=VECTOR('',#7070,10.);
#1734=VECTOR('',#7071,10.);
#1735=VECTOR('',#7084,10.);
#1736=VECTOR('',#7087,10.);
#1737=VECTOR('',#7090,10.);
#1738=VECTOR('',#7091,10.);
#1739=VECTOR('',#7092,10.);
#1740=VECTOR('',#7093,10.);
#1741=VECTOR('',#7114,10.);
#1742=VECTOR('',#7117,10.);
#1743=VECTOR('',#7124,1.15);
#1744=VECTOR('',#7131,10.);
#1745=VECTOR('',#7134,10.);
#1746=VECTOR('',#7165,5.36567395951885);
#1747=VECTOR('',#7170,5.21766616843848);
#1748=VECTOR('',#7181,5.21766636615137);
#1749=VECTOR('',#7186,5.36567408591015);
#1750=VECTOR('',#7195,0.999999999999996);
#1751=VECTOR('',#7212,3.61766642965063);
#1752=VECTOR('',#7229,3.469658575071);
#1753=VECTOR('',#7234,3.61766610493921);
#1754=VECTOR('',#7237,10.);
#1755=VECTOR('',#7240,10.);
#1756=VECTOR('',#7245,3.4696584486797);
#1757=VECTOR('',#7260,10.);
#1758=VECTOR('',#7265,10.);
#1759=VECTOR('',#7268,10.);
#1760=VECTOR('',#7275,10.);
#1761=VECTOR('',#7282,10.);
#1762=VECTOR('',#7293,10.);
#1763=VECTOR('',#7300,4.1);
#1764=VECTOR('',#7311,6.05);
#1765=VECTOR('',#7316,5.90199224458043);
#1766=VECTOR('',#7331,5.90199224458043);
#1767=VECTOR('',#7334,6.05);
#1768=VECTOR('',#7341,1.);
#1769=VECTOR('',#7342,10.);
#1770=VECTOR('',#7343,10.);
#1771=VECTOR('',#7344,10.);
#1772=VECTOR('',#7345,10.);
#1773=VECTOR('',#7346,10.);
#1774=VECTOR('',#7347,10.);
#1775=VECTOR('',#7348,10.);
#1776=VECTOR('',#7349,10.);
#1777=VECTOR('',#7350,10.);
#1778=VECTOR('',#7351,10.);
#1779=VECTOR('',#7352,10.);
#1780=VECTOR('',#7353,10.);
#1781=VECTOR('',#7354,10.);
#1782=VECTOR('',#7355,10.);
#1783=VECTOR('',#7356,10.);
#1784=VECTOR('',#7357,10.);
#1785=VECTOR('',#7358,10.);
#1786=VECTOR('',#7359,10.);
#1787=VECTOR('',#7360,10.);
#1788=VECTOR('',#7361,10.);
#1789=VECTOR('',#7362,10.);
#1790=VECTOR('',#7363,10.);
#1791=VECTOR('',#7364,10.);
#1792=VECTOR('',#7365,10.);
#1793=VECTOR('',#7366,10.);
#1794=VECTOR('',#7367,10.);
#1795=VECTOR('',#7368,10.);
#1796=VECTOR('',#7369,10.);
#1797=VECTOR('',#7370,10.);
#1798=VECTOR('',#7371,10.);
#1799=VECTOR('',#7372,10.);
#1800=VECTOR('',#7373,10.);
#1801=VECTOR('',#7374,10.);
#1802=VECTOR('',#7375,10.);
#1803=VECTOR('',#7376,10.);
#1804=VECTOR('',#7377,10.);
#1805=VECTOR('',#7378,10.);
#1806=VECTOR('',#7379,10.);
#1807=VECTOR('',#7380,10.);
#1808=VECTOR('',#7381,10.);
#1809=VECTOR('',#7404,3.81766626729493);
#1810=VECTOR('',#7485,10.);
#1811=VECTOR('',#7498,10.);
#1812=VECTOR('',#7503,10.);
#1813=VECTOR('',#7506,10.);
#1814=VECTOR('',#7513,10.);
#1815=VECTOR('',#7516,10.);
#1816=VECTOR('',#7521,10.);
#1817=VECTOR('',#7528,10.);
#1818=VECTOR('',#7533,10.);
#1819=VECTOR('',#7546,10.);
#1820=VECTOR('',#7559,5.01766626729492);
#1821=VECTOR('',#7594,10.);
#1822=VECTOR('',#7599,10.);
#1823=VECTOR('',#7612,6.25);
#1824=VECTOR('',#7619,10.);
#1825=VECTOR('',#7622,10.);
#1826=VECTOR('',#7627,7.45);
#1827=VECTOR('',#7636,10.);
#1828=VECTOR('',#7639,10.);
#1829=VECTOR('',#7640,10.);
#1830=VECTOR('',#7643,10.);
#1831=VECTOR('',#7644,10.);
#1832=VECTOR('',#7647,10.);
#1833=VECTOR('',#7650,10.);
#1834=VECTOR('',#7653,10.);
#1835=VECTOR('',#7672,0.999999999999996);
#1836=VECTOR('',#7679,2.7);
#1837=VECTOR('',#7710,10.);
#1838=VECTOR('',#7713,10.);
#1839=VECTOR('',#7718,10.);
#1840=VECTOR('',#7735,10.);
#1841=VECTOR('',#7736,10.);
#1842=VECTOR('',#7739,10.);
#1843=VECTOR('',#7742,10.);
#1844=VECTOR('',#7745,10.);
#1845=VECTOR('',#7750,2.7);
#1846=VECTOR('',#7761,3.9);
#1847=VECTOR('',#7768,1.);
#1848=VECTOR('',#7775,2.);
#1849=VECTOR('',#7786,9.99429944989579);
#1850=VECTOR('',#7797,2.);
#1851=VECTOR('',#7808,2.);
#1852=VECTOR('',#7831,2.7);
#1853=VECTOR('',#7840,10.);
#1854=VECTOR('',#7841,10.);
#1855=VECTOR('',#7842,10.);
#1856=VECTOR('',#7843,10.);
#1857=VECTOR('',#7848,1.15);
#1858=VECTOR('',#7853,10.);
#1859=VECTOR('',#7854,10.);
#1860=VECTOR('',#7855,10.);
#1861=VECTOR('',#7856,10.);
#1862=VECTOR('',#7879,5.);
#1863=VECTOR('',#7880,5.);
#1864=VECTOR('',#7889,1.);
#1865=VECTOR('',#7892,10.);
#1866=VECTOR('',#7893,10.);
#1867=VECTOR('',#7894,10.);
#1868=VECTOR('',#7895,10.);
#1869=VECTOR('',#7896,10.);
#1870=VECTOR('',#7897,10.);
#1871=VECTOR('',#7898,10.);
#1872=VECTOR('',#7899,10.);
#1873=VECTOR('',#7900,10.);
#1874=VECTOR('',#7901,10.);
#1875=VECTOR('',#7902,10.);
#1876=VECTOR('',#7903,10.);
#1877=VECTOR('',#7904,10.);
#1878=VECTOR('',#7905,10.);
#1879=VECTOR('',#7906,10.);
#1880=VECTOR('',#7907,10.);
#1881=VECTOR('',#7908,10.);
#1882=VECTOR('',#7909,10.);
#1883=VECTOR('',#7910,10.);
#1884=VECTOR('',#7911,10.);
#1885=VECTOR('',#7912,10.);
#1886=VECTOR('',#7913,10.);
#1887=VECTOR('',#7914,10.);
#1888=VECTOR('',#7915,10.);
#1889=VECTOR('',#7916,10.);
#1890=VECTOR('',#7917,10.);
#1891=VECTOR('',#7918,10.);
#1892=VECTOR('',#7919,10.);
#1893=VECTOR('',#7920,10.);
#1894=VECTOR('',#7921,10.);
#1895=VECTOR('',#7922,10.);
#1896=VECTOR('',#7923,10.);
#1897=VECTOR('',#7924,10.);
#1898=VECTOR('',#7925,10.);
#1899=VECTOR('',#7926,10.);
#1900=VECTOR('',#7927,10.);
#1901=VECTOR('',#7928,10.);
#1902=VECTOR('',#7929,10.);
#1903=VECTOR('',#7930,10.);
#1904=VECTOR('',#7931,10.);
#1905=CIRCLE('',#5992,2.);
#1906=CIRCLE('',#5993,2.);
#1907=CIRCLE('',#5995,8.);
#1908=CIRCLE('',#5996,8.);
#1909=CIRCLE('',#5997,8.);
#1910=CIRCLE('',#5998,8.);
#1911=CIRCLE('',#5999,8.);
#1912=CIRCLE('',#6000,8.);
#1913=CIRCLE('',#6002,2.);
#1914=CIRCLE('',#6003,2.);
#1915=CIRCLE('',#6005,4.5);
#1916=CIRCLE('',#6006,4.5);
#1917=CIRCLE('',#6008,2.);
#1918=CIRCLE('',#6009,2.);
#1919=CIRCLE('',#6011,4.5);
#1920=CIRCLE('',#6012,4.5);
#1921=CIRCLE('',#6014,2.);
#1922=CIRCLE('',#6015,2.);
#1923=CIRCLE('',#6017,14.0000000000004);
#1924=CIRCLE('',#6018,14.0000000000004);
#1925=CIRCLE('',#6019,14.0000000000004);
#1926=CIRCLE('',#6020,14.0000000000004);
#1927=CIRCLE('',#6021,14.0000000000004);
#1928=CIRCLE('',#6022,14.0000000000004);
#1929=CIRCLE('',#6024,3.);
#1930=CIRCLE('',#6025,3.);
#1931=CIRCLE('',#6026,1.05);
#1932=CIRCLE('',#6028,3.);
#1933=CIRCLE('',#6029,1.05);
#1934=CIRCLE('',#6031,1.05);
#1935=CIRCLE('',#6033,1.05);
#1936=CIRCLE('',#6035,3.);
#1937=CIRCLE('',#6037,3.);
#1938=CIRCLE('',#6039,3.);
#1939=CIRCLE('',#6042,3.);
#1940=CIRCLE('',#6043,3.);
#1941=CIRCLE('',#6044,1.05);
#1942=CIRCLE('',#6046,3.);
#1943=CIRCLE('',#6047,1.05);
#1944=CIRCLE('',#6049,1.05);
#1945=CIRCLE('',#6051,1.05);
#1946=CIRCLE('',#6053,3.);
#1947=CIRCLE('',#6055,3.);
#1948=CIRCLE('',#6057,3.);
#1949=CIRCLE('',#6061,1.15);
#1950=CIRCLE('',#6062,1.15);
#1951=CIRCLE('',#6064,3.);
#1952=CIRCLE('',#6065,3.);
#1953=CIRCLE('',#6067,3.);
#1954=CIRCLE('',#6068,3.);
#1955=CIRCLE('',#6070,3.);
#1956=CIRCLE('',#6071,3.);
#1957=CIRCLE('',#6073,10.);
#1958=CIRCLE('',#6075,10.);
#1959=CIRCLE('',#6077,10.);
#1960=CIRCLE('',#6078,10.);
#1961=CIRCLE('',#6079,10.);
#1962=CIRCLE('',#6080,10.);
#1963=CIRCLE('',#6082,1.15);
#1964=CIRCLE('',#6083,1.15);
#1965=CIRCLE('',#6085,3.);
#1966=CIRCLE('',#6086,3.);
#1967=CIRCLE('',#6088,3.);
#1968=CIRCLE('',#6089,3.);
#1969=CIRCLE('',#6091,3.);
#1970=CIRCLE('',#6092,3.);
#1971=CIRCLE('',#6096,7.94601551083915);
#1972=CIRCLE('',#6097,1.55);
#1973=CIRCLE('',#6098,7.94601551083915);
#1974=CIRCLE('',#6099,7.94601551083915);
#1975=CIRCLE('',#6100,7.94601551083915);
#1976=CIRCLE('',#6102,7.65);
#1977=CIRCLE('',#6104,7.65);
#1978=CIRCLE('',#6107,7.65);
#1979=CIRCLE('',#6109,7.65);
#1980=CIRCLE('',#6113,2.);
#1981=CIRCLE('',#6114,2.);
#1982=CIRCLE('',#6116,7.17165365242869);
#1983=CIRCLE('',#6117,7.17165365242869);
#1984=CIRCLE('',#6119,2.99999999999991);
#1985=CIRCLE('',#6120,2.99999999999991);
#1986=CIRCLE('',#6122,2.);
#1987=CIRCLE('',#6123,2.);
#1988=CIRCLE('',#6125,2.);
#1989=CIRCLE('',#6126,2.);
#1990=CIRCLE('',#6128,70.0000016146499);
#1991=CIRCLE('',#6129,70.0000016146499);
#1992=CIRCLE('',#6130,70.0000016146499);
#1993=CIRCLE('',#6131,70.0000016146499);
#1994=CIRCLE('',#6132,70.0000016146499);
#1995=CIRCLE('',#6133,70.0000016146499);
#1996=CIRCLE('',#6135,2.);
#1997=CIRCLE('',#6136,2.);
#1998=CIRCLE('',#6138,79.999999999998);
#1999=CIRCLE('',#6139,79.999999999998);
#2000=CIRCLE('',#6140,79.999999999998);
#2001=CIRCLE('',#6141,79.999999999998);
#2002=CIRCLE('',#6142,79.999999999998);
#2003=CIRCLE('',#6143,79.999999999998);
#2004=CIRCLE('',#6145,2.99999999999993);
#2005=CIRCLE('',#6146,2.99999999999993);
#2006=CIRCLE('',#6148,7.1716536524289);
#2007=CIRCLE('',#6149,7.1716536524289);
#2008=CIRCLE('',#6151,2.99999999999993);
#2009=CIRCLE('',#6152,3.);
#2010=CIRCLE('',#6153,2.99999999999871);
#2011=CIRCLE('',#6154,1.05);
#2012=CIRCLE('',#6156,1.05);
#2013=CIRCLE('',#6157,1.05);
#2014=CIRCLE('',#6159,1.05);
#2015=CIRCLE('',#6162,3.);
#2016=CIRCLE('',#6165,2.99999999999871);
#2017=CIRCLE('',#6167,2.99999999999998);
#2018=CIRCLE('',#6168,2.99999999999998);
#2019=CIRCLE('',#6171,3.0000000000062);
#2020=CIRCLE('',#6172,3.0000000000062);
#2021=CIRCLE('',#6175,2.99999999999991);
#2022=CIRCLE('',#6177,2.99999999999993);
#2023=CIRCLE('',#6178,2.99999999999991);
#2024=CIRCLE('',#6180,2.99999999999871);
#2025=CIRCLE('',#6181,3.);
#2026=CIRCLE('',#6182,1.05);
#2027=CIRCLE('',#6184,3.0000000000062);
#2028=CIRCLE('',#6185,2.99999999999998);
#2029=CIRCLE('',#6186,1.05);
#2030=CIRCLE('',#6188,1.05);
#2031=CIRCLE('',#6190,1.05);
#2032=CIRCLE('',#6193,2.99999999999998);
#2033=CIRCLE('',#6195,2.99999999999871);
#2034=CIRCLE('',#6198,3.);
#2035=CIRCLE('',#6204,3.0000000000062);
#2036=CIRCLE('',#6208,41.8290481690211);
#2037=CIRCLE('',#6209,41.8290481690211);
#2038=CIRCLE('',#6212,4.);
#2039=CIRCLE('',#6213,4.);
#2040=CIRCLE('',#6215,7.56766639429346);
#2041=CIRCLE('',#6217,7.56766614029639);
#2042=CIRCLE('',#6219,7.56766639429346);
#2043=CIRCLE('',#6220,7.56766614029639);
#2044=CIRCLE('',#6221,7.56766626729494);
#2045=CIRCLE('',#6222,7.56766626729494);
#2046=CIRCLE('',#6224,1.15);
#2047=CIRCLE('',#6225,1.15);
#2048=CIRCLE('',#6227,3.);
#2049=CIRCLE('',#6228,3.);
#2050=CIRCLE('',#6230,5.99999999999999);
#2051=CIRCLE('',#6231,5.99999999999999);
#2052=CIRCLE('',#6233,6.00000000000001);
#2053=CIRCLE('',#6234,6.00000000000001);
#2054=CIRCLE('',#6238,5.51368183381102);
#2055=CIRCLE('',#6239,1.55);
#2056=CIRCLE('',#6240,5.51368172245713);
#2057=CIRCLE('',#6241,5.51368172245713);
#2058=CIRCLE('',#6242,5.51368183381102);
#2059=CIRCLE('',#6244,5.21766619658057);
#2060=CIRCLE('',#6246,5.21766614029639);
#2061=CIRCLE('',#6249,5.21766639429346);
#2062=CIRCLE('',#6251,5.21766633800928);
#2063=CIRCLE('',#6256,0.999999999999996);
#2064=CIRCLE('',#6257,0.999999999999996);
#2065=CIRCLE('',#6260,3.61766642965064);
#2066=CIRCLE('',#6262,6.05);
#2067=CIRCLE('',#6263,4.1);
#2068=CIRCLE('',#6265,3.61766633800928);
#2069=CIRCLE('',#6267,3.32165070077883);
#2070=CIRCLE('',#6268,1.55);
#2071=CIRCLE('',#6269,3.32165081213272);
#2072=CIRCLE('',#6270,3.32165081213272);
#2073=CIRCLE('',#6271,3.32165070077883);
#2074=CIRCLE('',#6274,3.61766619658057);
#2075=CIRCLE('',#6275,3.61766610493922);
#2076=CIRCLE('',#6276,3.61766610493922);
#2077=CIRCLE('',#6277,3.61766610493922);
#2078=CIRCLE('',#6280,90.);
#2079=CIRCLE('',#6281,10.);
#2080=CIRCLE('',#6282,40.0000000000009);
#2081=CIRCLE('',#6283,6.05);
#2082=CIRCLE('',#6285,90.);
#2083=CIRCLE('',#6287,57.7136705535787);
#2084=CIRCLE('',#6288,57.7136705535787);
#2085=CIRCLE('',#6290,7.9999999990566);
#2086=CIRCLE('',#6291,7.9999999990566);
#2087=CIRCLE('',#6293,30.3039824981886);
#2088=CIRCLE('',#6294,30.3039824981886);
#2089=CIRCLE('',#6296,40.0000000000009);
#2090=CIRCLE('',#6297,10.);
#2091=CIRCLE('',#6298,10.);
#2092=CIRCLE('',#6301,10.);
#2093=CIRCLE('',#6303,4.1);
#2094=CIRCLE('',#6305,1.);
#2095=CIRCLE('',#6307,6.05);
#2096=CIRCLE('',#6309,5.75398448916085);
#2097=CIRCLE('',#6310,5.75398448916085);
#2098=CIRCLE('',#6312,1.55);
#2099=CIRCLE('',#6313,5.75398448916085);
#2100=CIRCLE('',#6314,5.75398448916085);
#2101=CIRCLE('',#6316,6.05);
#2102=CIRCLE('',#6319,1.);
#2103=CIRCLE('',#6324,1.47715333971691);
#2104=CIRCLE('',#6325,2.40037417703998);
#2105=CIRCLE('',#6328,3.81766636889375);
#2106=CIRCLE('',#6331,3.81766636889375);
#2107=CIRCLE('',#6332,3.8176661656961);
#2108=CIRCLE('',#6333,3.81766636889375);
#2109=CIRCLE('',#6336,3.81766636889375);
#2110=CIRCLE('',#6339,3.81766636889375);
#2111=CIRCLE('',#6342,3.81766636889375);
#2112=CIRCLE('',#6345,1.47669239399603);
#2113=CIRCLE('',#6346,1.6);
#2114=CIRCLE('',#6347,1.6);
#2115=CIRCLE('',#6349,2.39962514024356);
#2116=CIRCLE('',#6351,1.47715333971691);
#2117=CIRCLE('',#6352,2.40037417703998);
#2118=CIRCLE('',#6354,1.47669239399604);
#2119=CIRCLE('',#6355,1.6);
#2120=CIRCLE('',#6356,1.6);
#2121=CIRCLE('',#6358,2.39962514024356);
#2122=CIRCLE('',#6360,1.47715333971691);
#2123=CIRCLE('',#6361,2.40037417703998);
#2124=CIRCLE('',#6363,1.47669239399603);
#2125=CIRCLE('',#6364,1.6);
#2126=CIRCLE('',#6365,1.6);
#2127=CIRCLE('',#6367,2.39962514024355);
#2128=CIRCLE('',#6369,1.47715333971691);
#2129=CIRCLE('',#6370,2.40037417703998);
#2130=CIRCLE('',#6374,1.47669239399604);
#2131=CIRCLE('',#6375,2.39962514024356);
#2132=CIRCLE('',#6391,5.01766636889375);
#2133=CIRCLE('',#6393,5.01766636889375);
#2134=CIRCLE('',#6395,5.01766636889375);
#2135=CIRCLE('',#6396,5.01766636889375);
#2136=CIRCLE('',#6398,5.01766636889375);
#2137=CIRCLE('',#6400,5.01766636889375);
#2138=CIRCLE('',#6404,5.0176661656961);
#2139=CIRCLE('',#6406,1.6);
#2140=CIRCLE('',#6407,1.6);
#2141=CIRCLE('',#6409,1.47715333971691);
#2142=CIRCLE('',#6410,2.40037417703998);
#2143=CIRCLE('',#6413,1.47669239399604);
#2144=CIRCLE('',#6414,2.39962514024356);
#2145=CIRCLE('',#6417,1.6);
#2146=CIRCLE('',#6418,1.6);
#2147=CIRCLE('',#6422,6.25);
#2148=CIRCLE('',#6423,7.45);
#2149=CIRCLE('',#6425,6.25);
#2150=CIRCLE('',#6426,6.25);
#2151=CIRCLE('',#6427,6.25);
#2152=CIRCLE('',#6428,6.25);
#2153=CIRCLE('',#6429,6.25);
#2154=CIRCLE('',#6430,6.25);
#2155=CIRCLE('',#6432,7.45);
#2156=CIRCLE('',#6434,7.45);
#2157=CIRCLE('',#6435,7.45);
#2158=CIRCLE('',#6436,7.45);
#2159=CIRCLE('',#6437,7.45);
#2160=CIRCLE('',#6438,7.45);
#2161=CIRCLE('',#6452,0.999999999999996);
#2162=CIRCLE('',#6453,0.999999999999996);
#2163=CIRCLE('',#6455,2.7);
#2164=CIRCLE('',#6456,2.7);
#2165=CIRCLE('',#6459,10.);
#2166=CIRCLE('',#6460,30.3039824981886);
#2167=CIRCLE('',#6461,7.9999999990566);
#2168=CIRCLE('',#6462,57.7136705535787);
#2169=CIRCLE('',#6463,2.7);
#2170=CIRCLE('',#6465,40.0000000000009);
#2171=CIRCLE('',#6466,10.);
#2172=CIRCLE('',#6467,90.);
#2173=CIRCLE('',#6468,3.61766642965064);
#2174=CIRCLE('',#6469,3.9);
#2175=CIRCLE('',#6471,3.61766642965064);
#2176=CIRCLE('',#6473,40.0000000000009);
#2177=CIRCLE('',#6475,90.);
#2178=CIRCLE('',#6476,10.);
#2179=CIRCLE('',#6477,57.7136705535787);
#2180=CIRCLE('',#6478,7.9999999990566);
#2181=CIRCLE('',#6479,30.3039824981886);
#2182=CIRCLE('',#6480,10.);
#2183=CIRCLE('',#6487,2.7);
#2184=CIRCLE('',#6489,3.9);
#2185=CIRCLE('',#6490,1.);
#2186=CIRCLE('',#6493,1.);
#2187=CIRCLE('',#6497,2.);
#2188=CIRCLE('',#6498,2.);
#2189=CIRCLE('',#6502,9.99429944989579);
#2190=CIRCLE('',#6503,9.99429944989579);
#2191=CIRCLE('',#6507,2.);
#2192=CIRCLE('',#6508,2.);
#2193=CIRCLE('',#6512,2.);
#2194=CIRCLE('',#6513,2.);
#2195=CIRCLE('',#6523,2.7);
#2196=CIRCLE('',#6524,2.7);
#2197=CIRCLE('',#6526,1.);
#2198=CIRCLE('',#6529,1.15);
#2199=CIRCLE('',#6530,1.15);
#2200=CIRCLE('',#6533,3.);
#2201=CIRCLE('',#6534,3.);
#2202=CIRCLE('',#6536,5.);
#2203=CIRCLE('',#6537,5.);
#2204=CIRCLE('',#6539,5.);
#2205=CIRCLE('',#6540,5.);
#2206=CIRCLE('',#6542,5.);
#2207=CIRCLE('',#6543,5.);
#2208=CIRCLE('',#6545,1.);
#2209=VERTEX_POINT('',#7949);
#2210=VERTEX_POINT('',#7950);
#2211=VERTEX_POINT('',#7952);
#2212=VERTEX_POINT('',#7954);
#2213=VERTEX_POINT('',#7958);
#2214=VERTEX_POINT('',#7960);
#2215=VERTEX_POINT('',#7962);
#2216=VERTEX_POINT('',#7964);
#2217=VERTEX_POINT('',#7966);
#2218=VERTEX_POINT('',#7968);
#2219=VERTEX_POINT('',#7970);
#2220=VERTEX_POINT('',#7972);
#2221=VERTEX_POINT('',#7974);
#2222=VERTEX_POINT('',#7976);
#2223=VERTEX_POINT('',#7980);
#2224=VERTEX_POINT('',#7981);
#2225=VERTEX_POINT('',#7983);
#2226=VERTEX_POINT('',#7985);
#2227=VERTEX_POINT('',#7992);
#2228=VERTEX_POINT('',#7994);
#2229=VERTEX_POINT('',#7998);
#2230=VERTEX_POINT('',#8000);
#2231=VERTEX_POINT('',#8004);
#2232=VERTEX_POINT('',#8006);
#2233=VERTEX_POINT('',#8010);
#2234=VERTEX_POINT('',#8012);
#2235=VERTEX_POINT('',#8014);
#2236=VERTEX_POINT('',#8016);
#2237=VERTEX_POINT('',#8019);
#2238=VERTEX_POINT('',#8021);
#2239=VERTEX_POINT('',#8023);
#2240=VERTEX_POINT('',#8025);
#2241=VERTEX_POINT('',#8029);
#2242=VERTEX_POINT('',#8032);
#2243=VERTEX_POINT('',#8036);
#2244=VERTEX_POINT('',#8039);
#2245=VERTEX_POINT('',#8043);
#2246=VERTEX_POINT('',#8047);
#2247=VERTEX_POINT('',#8056);
#2248=VERTEX_POINT('',#8059);
#2249=VERTEX_POINT('',#8063);
#2250=VERTEX_POINT('',#8066);
#2251=VERTEX_POINT('',#8070);
#2252=VERTEX_POINT('',#8076);
#2253=VERTEX_POINT('',#8084);
#2254=VERTEX_POINT('',#8086);
#2255=VERTEX_POINT('',#8090);
#2256=VERTEX_POINT('',#8091);
#2257=VERTEX_POINT('',#8093);
#2258=VERTEX_POINT('',#8095);
#2259=VERTEX_POINT('',#8099);
#2260=VERTEX_POINT('',#8101);
#2261=VERTEX_POINT('',#8105);
#2262=VERTEX_POINT('',#8107);
#2263=VERTEX_POINT('',#8115);
#2264=VERTEX_POINT('',#8117);
#2265=VERTEX_POINT('',#8120);
#2266=VERTEX_POINT('',#8121);
#2267=VERTEX_POINT('',#8123);
#2268=VERTEX_POINT('',#8125);
#2269=VERTEX_POINT('',#8129);
#2270=VERTEX_POINT('',#8131);
#2271=VERTEX_POINT('',#8135);
#2272=VERTEX_POINT('',#8136);
#2273=VERTEX_POINT('',#8138);
#2274=VERTEX_POINT('',#8140);
#2275=VERTEX_POINT('',#8152);
#2276=VERTEX_POINT('',#8153);
#2277=VERTEX_POINT('',#8155);
#2278=VERTEX_POINT('',#8157);
#2279=VERTEX_POINT('',#8162);
#2280=VERTEX_POINT('',#8166);
#2281=VERTEX_POINT('',#8171);
#2282=VERTEX_POINT('',#8174);
#2283=VERTEX_POINT('',#8181);
#2284=VERTEX_POINT('',#8182);
#2285=VERTEX_POINT('',#8184);
#2286=VERTEX_POINT('',#8186);
#2287=VERTEX_POINT('',#8190);
#2288=VERTEX_POINT('',#8192);
#2289=VERTEX_POINT('',#8196);
#2290=VERTEX_POINT('',#8197);
#2291=VERTEX_POINT('',#8199);
#2292=VERTEX_POINT('',#8201);
#2293=VERTEX_POINT('',#8205);
#2294=VERTEX_POINT('',#8207);
#2295=VERTEX_POINT('',#8211);
#2296=VERTEX_POINT('',#8212);
#2297=VERTEX_POINT('',#8214);
#2298=VERTEX_POINT('',#8216);
#2299=VERTEX_POINT('',#8220);
#2300=VERTEX_POINT('',#8222);
#2301=VERTEX_POINT('',#8224);
#2302=VERTEX_POINT('',#8226);
#2303=VERTEX_POINT('',#8229);
#2304=VERTEX_POINT('',#8231);
#2305=VERTEX_POINT('',#8233);
#2306=VERTEX_POINT('',#8235);
#2307=VERTEX_POINT('',#8239);
#2308=VERTEX_POINT('',#8240);
#2309=VERTEX_POINT('',#8242);
#2310=VERTEX_POINT('',#8244);
#2311=VERTEX_POINT('',#8248);
#2312=VERTEX_POINT('',#8250);
#2313=VERTEX_POINT('',#8252);
#2314=VERTEX_POINT('',#8254);
#2315=VERTEX_POINT('',#8257);
#2316=VERTEX_POINT('',#8259);
#2317=VERTEX_POINT('',#8264);
#2318=VERTEX_POINT('',#8266);
#2319=VERTEX_POINT('',#8273);
#2320=VERTEX_POINT('',#8275);
#2321=VERTEX_POINT('',#8277);
#2322=VERTEX_POINT('',#8279);
#2323=VERTEX_POINT('',#8282);
#2324=VERTEX_POINT('',#8285);
#2325=VERTEX_POINT('',#8287);
#2326=VERTEX_POINT('',#8291);
#2327=VERTEX_POINT('',#8295);
#2328=VERTEX_POINT('',#8297);
#2329=VERTEX_POINT('',#8301);
#2330=VERTEX_POINT('',#8305);
#2331=VERTEX_POINT('',#8311);
#2332=VERTEX_POINT('',#8313);
#2333=VERTEX_POINT('',#8317);
#2334=VERTEX_POINT('',#8319);
#2335=VERTEX_POINT('',#8323);
#2336=VERTEX_POINT('',#8325);
#2337=VERTEX_POINT('',#8329);
#2338=VERTEX_POINT('',#8331);
#2339=VERTEX_POINT('',#8340);
#2340=VERTEX_POINT('',#8342);
#2341=VERTEX_POINT('',#8344);
#2342=VERTEX_POINT('',#8347);
#2343=VERTEX_POINT('',#8350);
#2344=VERTEX_POINT('',#8352);
#2345=VERTEX_POINT('',#8354);
#2346=VERTEX_POINT('',#8357);
#2347=VERTEX_POINT('',#8360);
#2348=VERTEX_POINT('',#8364);
#2349=VERTEX_POINT('',#8368);
#2350=VERTEX_POINT('',#8370);
#2351=VERTEX_POINT('',#8376);
#2352=VERTEX_POINT('',#8380);
#2353=VERTEX_POINT('',#8384);
#2354=VERTEX_POINT('',#8392);
#2355=VERTEX_POINT('',#8400);
#2356=VERTEX_POINT('',#8401);
#2357=VERTEX_POINT('',#8403);
#2358=VERTEX_POINT('',#8405);
#2359=VERTEX_POINT('',#8409);
#2360=VERTEX_POINT('',#8410);
#2361=VERTEX_POINT('',#8412);
#2362=VERTEX_POINT('',#8414);
#2363=VERTEX_POINT('',#8427);
#2364=VERTEX_POINT('',#8428);
#2365=VERTEX_POINT('',#8430);
#2366=VERTEX_POINT('',#8432);
#2367=VERTEX_POINT('',#8436);
#2368=VERTEX_POINT('',#8438);
#2369=VERTEX_POINT('',#8442);
#2370=VERTEX_POINT('',#8443);
#2371=VERTEX_POINT('',#8445);
#2372=VERTEX_POINT('',#8447);
#2373=VERTEX_POINT('',#8459);
#2374=VERTEX_POINT('',#8460);
#2375=VERTEX_POINT('',#8462);
#2376=VERTEX_POINT('',#8464);
#2377=VERTEX_POINT('',#8469);
#2378=VERTEX_POINT('',#8473);
#2379=VERTEX_POINT('',#8478);
#2380=VERTEX_POINT('',#8481);
#2381=VERTEX_POINT('',#8489);
#2382=VERTEX_POINT('',#8491);
#2383=VERTEX_POINT('',#8496);
#2384=VERTEX_POINT('',#8499);
#2385=VERTEX_POINT('',#8501);
#2386=VERTEX_POINT('',#8504);
#2387=VERTEX_POINT('',#8508);
#2388=VERTEX_POINT('',#8509);
#2389=VERTEX_POINT('',#8511);
#2390=VERTEX_POINT('',#8513);
#2391=VERTEX_POINT('',#8520);
#2392=VERTEX_POINT('',#8522);
#2393=VERTEX_POINT('',#8524);
#2394=VERTEX_POINT('',#8526);
#2395=VERTEX_POINT('',#8528);
#2396=VERTEX_POINT('',#8530);
#2397=VERTEX_POINT('',#8536);
#2398=VERTEX_POINT('',#8538);
#2399=VERTEX_POINT('',#8541);
#2400=VERTEX_POINT('',#8544);
#2401=VERTEX_POINT('',#8548);
#2402=VERTEX_POINT('',#8549);
#2403=VERTEX_POINT('',#8551);
#2404=VERTEX_POINT('',#8553);
#2405=VERTEX_POINT('',#8557);
#2406=VERTEX_POINT('',#8559);
#2407=VERTEX_POINT('',#8563);
#2408=VERTEX_POINT('',#8565);
#2409=VERTEX_POINT('',#8569);
#2410=VERTEX_POINT('',#8578);
#2411=VERTEX_POINT('',#8582);
#2412=VERTEX_POINT('',#8585);
#2413=VERTEX_POINT('',#8589);
#2414=VERTEX_POINT('',#8590);
#2415=VERTEX_POINT('',#8595);
#2416=VERTEX_POINT('',#8597);
#2417=VERTEX_POINT('',#8601);
#2418=VERTEX_POINT('',#8607);
#2419=VERTEX_POINT('',#8608);
#2420=VERTEX_POINT('',#8616);
#2421=VERTEX_POINT('',#8624);
#2422=VERTEX_POINT('',#8632);
#2423=VERTEX_POINT('',#8640);
#2424=VERTEX_POINT('',#8648);
#2425=VERTEX_POINT('',#8656);
#2426=VERTEX_POINT('',#8664);
#2427=VERTEX_POINT('',#8672);
#2428=VERTEX_POINT('',#8680);
#2429=VERTEX_POINT('',#8688);
#2430=VERTEX_POINT('',#8696);
#2431=VERTEX_POINT('',#8704);
#2432=VERTEX_POINT('',#8712);
#2433=VERTEX_POINT('',#8720);
#2434=VERTEX_POINT('',#8728);
#2435=VERTEX_POINT('',#8736);
#2436=VERTEX_POINT('',#8744);
#2437=VERTEX_POINT('',#8752);
#2438=VERTEX_POINT('',#8760);
#2439=VERTEX_POINT('',#8768);
#2440=VERTEX_POINT('',#8776);
#2441=VERTEX_POINT('',#8784);
#2442=VERTEX_POINT('',#8792);
#2443=VERTEX_POINT('',#8800);
#2444=VERTEX_POINT('',#8808);
#2445=VERTEX_POINT('',#8816);
#2446=VERTEX_POINT('',#8824);
#2447=VERTEX_POINT('',#8832);
#2448=VERTEX_POINT('',#8840);
#2449=VERTEX_POINT('',#8848);
#2450=VERTEX_POINT('',#8856);
#2451=VERTEX_POINT('',#8864);
#2452=VERTEX_POINT('',#8872);
#2453=VERTEX_POINT('',#8880);
#2454=VERTEX_POINT('',#8888);
#2455=VERTEX_POINT('',#8896);
#2456=VERTEX_POINT('',#8904);
#2457=VERTEX_POINT('',#8912);
#2458=VERTEX_POINT('',#8927);
#2459=VERTEX_POINT('',#8945);
#2460=VERTEX_POINT('',#8947);
#2461=VERTEX_POINT('',#8970);
#2462=VERTEX_POINT('',#8993);
#2463=VERTEX_POINT('',#9016);
#2464=VERTEX_POINT('',#9039);
#2465=VERTEX_POINT('',#9062);
#2466=VERTEX_POINT('',#9085);
#2467=VERTEX_POINT('',#9108);
#2468=VERTEX_POINT('',#9131);
#2469=VERTEX_POINT('',#9154);
#2470=VERTEX_POINT('',#9177);
#2471=VERTEX_POINT('',#9200);
#2472=VERTEX_POINT('',#9223);
#2473=VERTEX_POINT('',#9246);
#2474=VERTEX_POINT('',#9269);
#2475=VERTEX_POINT('',#9292);
#2476=VERTEX_POINT('',#9315);
#2477=VERTEX_POINT('',#9338);
#2478=VERTEX_POINT('',#9361);
#2479=VERTEX_POINT('',#9384);
#2480=VERTEX_POINT('',#9407);
#2481=VERTEX_POINT('',#9430);
#2482=VERTEX_POINT('',#9453);
#2483=VERTEX_POINT('',#9476);
#2484=VERTEX_POINT('',#9499);
#2485=VERTEX_POINT('',#9522);
#2486=VERTEX_POINT('',#9545);
#2487=VERTEX_POINT('',#9568);
#2488=VERTEX_POINT('',#9591);
#2489=VERTEX_POINT('',#9614);
#2490=VERTEX_POINT('',#9637);
#2491=VERTEX_POINT('',#9660);
#2492=VERTEX_POINT('',#9683);
#2493=VERTEX_POINT('',#9706);
#2494=VERTEX_POINT('',#9729);
#2495=VERTEX_POINT('',#9752);
#2496=VERTEX_POINT('',#9775);
#2497=VERTEX_POINT('',#9798);
#2498=VERTEX_POINT('',#9821);
#2499=VERTEX_POINT('',#9854);
#2500=VERTEX_POINT('',#9855);
#2501=VERTEX_POINT('',#9868);
#2502=VERTEX_POINT('',#9870);
#2503=VERTEX_POINT('',#9883);
#2504=VERTEX_POINT('',#9888);
#2505=VERTEX_POINT('',#9911);
#2506=VERTEX_POINT('',#9916);
#2507=VERTEX_POINT('',#9927);
#2508=VERTEX_POINT('',#9929);
#2509=VERTEX_POINT('',#9931);
#2510=VERTEX_POINT('',#9933);
#2511=VERTEX_POINT('',#9944);
#2512=VERTEX_POINT('',#9949);
#2513=VERTEX_POINT('',#9972);
#2514=VERTEX_POINT('',#9977);
#2515=VERTEX_POINT('',#9988);
#2516=VERTEX_POINT('',#9990);
#2517=VERTEX_POINT('',#9992);
#2518=VERTEX_POINT('',#9995);
#2519=VERTEX_POINT('',#9997);
#2520=VERTEX_POINT('',#9999);
#2521=VERTEX_POINT('',#10010);
#2522=VERTEX_POINT('',#10015);
#2523=VERTEX_POINT('',#10038);
#2524=VERTEX_POINT('',#10043);
#2525=VERTEX_POINT('',#10054);
#2526=VERTEX_POINT('',#10056);
#2527=VERTEX_POINT('',#10058);
#2528=VERTEX_POINT('',#10060);
#2529=VERTEX_POINT('',#10071);
#2530=VERTEX_POINT('',#10076);
#2531=VERTEX_POINT('',#10099);
#2532=VERTEX_POINT('',#10104);
#2533=VERTEX_POINT('',#10115);
#2534=VERTEX_POINT('',#10117);
#2535=VERTEX_POINT('',#10119);
#2536=VERTEX_POINT('',#10121);
#2537=VERTEX_POINT('',#10132);
#2538=VERTEX_POINT('',#10137);
#2539=VERTEX_POINT('',#10160);
#2540=VERTEX_POINT('',#10165);
#2541=VERTEX_POINT('',#10176);
#2542=VERTEX_POINT('',#10178);
#2543=VERTEX_POINT('',#10182);
#2544=VERTEX_POINT('',#10209);
#2545=VERTEX_POINT('',#10217);
#2546=VERTEX_POINT('',#10219);
#2547=VERTEX_POINT('',#10222);
#2548=VERTEX_POINT('',#10235);
#2549=VERTEX_POINT('',#10236);
#2550=VERTEX_POINT('',#10252);
#2551=VERTEX_POINT('',#10279);
#2552=VERTEX_POINT('',#10287);
#2553=VERTEX_POINT('',#10289);
#2554=VERTEX_POINT('',#10292);
#2555=VERTEX_POINT('',#10305);
#2556=VERTEX_POINT('',#10306);
#2557=VERTEX_POINT('',#10322);
#2558=VERTEX_POINT('',#10349);
#2559=VERTEX_POINT('',#10357);
#2560=VERTEX_POINT('',#10359);
#2561=VERTEX_POINT('',#10362);
#2562=VERTEX_POINT('',#10375);
#2563=VERTEX_POINT('',#10376);
#2564=VERTEX_POINT('',#10392);
#2565=VERTEX_POINT('',#10396);
#2566=VERTEX_POINT('',#10398);
#2567=VERTEX_POINT('',#10411);
#2568=VERTEX_POINT('',#10415);
#2569=VERTEX_POINT('',#10419);
#2570=VERTEX_POINT('',#10423);
#2571=VERTEX_POINT('',#10427);
#2572=VERTEX_POINT('',#10431);
#2573=VERTEX_POINT('',#10435);
#2574=VERTEX_POINT('',#10439);
#2575=VERTEX_POINT('',#10445);
#2576=VERTEX_POINT('',#10449);
#2577=VERTEX_POINT('',#10455);
#2578=VERTEX_POINT('',#10457);
#2579=VERTEX_POINT('',#10468);
#2580=VERTEX_POINT('',#10475);
#2581=VERTEX_POINT('',#10502);
#2582=VERTEX_POINT('',#10516);
#2583=VERTEX_POINT('',#10549);
#2584=VERTEX_POINT('',#10553);
#2585=VERTEX_POINT('',#10555);
#2586=VERTEX_POINT('',#10566);
#2587=VERTEX_POINT('',#10568);
#2588=VERTEX_POINT('',#10597);
#2589=VERTEX_POINT('',#10598);
#2590=VERTEX_POINT('',#10609);
#2591=VERTEX_POINT('',#10615);
#2592=VERTEX_POINT('',#10626);
#2593=VERTEX_POINT('',#10655);
#2594=VERTEX_POINT('',#10662);
#2595=VERTEX_POINT('',#10664);
#2596=VERTEX_POINT('',#10671);
#2597=VERTEX_POINT('',#10675);
#2598=VERTEX_POINT('',#10682);
#2599=VERTEX_POINT('',#10709);
#2600=VERTEX_POINT('',#10718);
#2601=VERTEX_POINT('',#10720);
#2602=VERTEX_POINT('',#10731);
#2603=VERTEX_POINT('',#10738);
#2604=VERTEX_POINT('',#10765);
#2605=VERTEX_POINT('',#10774);
#2606=VERTEX_POINT('',#10776);
#2607=VERTEX_POINT('',#10787);
#2608=VERTEX_POINT('',#10794);
#2609=VERTEX_POINT('',#10821);
#2610=VERTEX_POINT('',#10830);
#2611=VERTEX_POINT('',#10832);
#2612=VERTEX_POINT('',#10843);
#2613=VERTEX_POINT('',#10850);
#2614=VERTEX_POINT('',#10877);
#2615=VERTEX_POINT('',#10886);
#2616=VERTEX_POINT('',#10888);
#2617=VERTEX_POINT('',#10899);
#2618=VERTEX_POINT('',#10906);
#2619=VERTEX_POINT('',#10919);
#2620=VERTEX_POINT('',#10922);
#2621=VERTEX_POINT('',#10939);
#2622=VERTEX_POINT('',#10948);
#2623=VERTEX_POINT('',#10950);
#2624=VERTEX_POINT('',#10961);
#2625=VERTEX_POINT('',#10968);
#2626=VERTEX_POINT('',#11028);
#2627=VERTEX_POINT('',#11034);
#2628=VERTEX_POINT('',#11045);
#2629=VERTEX_POINT('',#11057);
#2630=VERTEX_POINT('',#11059);
#2631=VERTEX_POINT('',#11061);
#2632=VERTEX_POINT('',#11094);
#2633=VERTEX_POINT('',#11099);
#2634=VERTEX_POINT('',#11110);
#2635=VERTEX_POINT('',#11134);
#2636=VERTEX_POINT('',#11145);
#2637=VERTEX_POINT('',#11150);
#2638=VERTEX_POINT('',#11152);
#2639=VERTEX_POINT('',#11157);
#2640=VERTEX_POINT('',#11168);
#2641=VERTEX_POINT('',#11182);
#2642=VERTEX_POINT('',#11185);
#2643=VERTEX_POINT('',#11198);
#2644=VERTEX_POINT('',#11209);
#2645=VERTEX_POINT('',#11214);
#2646=VERTEX_POINT('',#11216);
#2647=VERTEX_POINT('',#11221);
#2648=VERTEX_POINT('',#11232);
#2649=VERTEX_POINT('',#11256);
#2650=VERTEX_POINT('',#11267);
#2651=VERTEX_POINT('',#11272);
#2652=VERTEX_POINT('',#11274);
#2653=VERTEX_POINT('',#11279);
#2654=VERTEX_POINT('',#11290);
#2655=VERTEX_POINT('',#11314);
#2656=VERTEX_POINT('',#11325);
#2657=VERTEX_POINT('',#11330);
#2658=VERTEX_POINT('',#11332);
#2659=VERTEX_POINT('',#11337);
#2660=VERTEX_POINT('',#11348);
#2661=VERTEX_POINT('',#11372);
#2662=VERTEX_POINT('',#11440);
#2663=VERTEX_POINT('',#11472);
#2664=VERTEX_POINT('',#11560);
#2665=VERTEX_POINT('',#11594);
#2666=VERTEX_POINT('',#11682);
#2667=VERTEX_POINT('',#11714);
#2668=VERTEX_POINT('',#11802);
#2669=VERTEX_POINT('',#11885);
#2670=VERTEX_POINT('',#12002);
#2671=VERTEX_POINT('',#12004);
#2672=VERTEX_POINT('',#12008);
#2673=VERTEX_POINT('',#12010);
#2674=VERTEX_POINT('',#12015);
#2675=VERTEX_POINT('',#12016);
#2676=VERTEX_POINT('',#12018);
#2677=VERTEX_POINT('',#12020);
#2678=VERTEX_POINT('',#12023);
#2679=VERTEX_POINT('',#12026);
#2680=VERTEX_POINT('',#12027);
#2681=VERTEX_POINT('',#12029);
#2682=VERTEX_POINT('',#12031);
#2683=VERTEX_POINT('',#12034);
#2684=VERTEX_POINT('',#12037);
#2685=VERTEX_POINT('',#12039);
#2686=VERTEX_POINT('',#12043);
#2687=VERTEX_POINT('',#12047);
#2688=VERTEX_POINT('',#12049);
#2689=VERTEX_POINT('',#12051);
#2690=VERTEX_POINT('',#12053);
#2691=VERTEX_POINT('',#12055);
#2692=VERTEX_POINT('',#12069);
#2693=VERTEX_POINT('',#12073);
#2694=VERTEX_POINT('',#12075);
#2695=VERTEX_POINT('',#12080);
#2696=VERTEX_POINT('',#12086);
#2697=VERTEX_POINT('',#12088);
#2698=VERTEX_POINT('',#12094);
#2699=VERTEX_POINT('',#12096);
#2700=VERTEX_POINT('',#12102);
#2701=VERTEX_POINT('',#12104);
#2702=VERTEX_POINT('',#12110);
#2703=VERTEX_POINT('',#12112);
#2704=VERTEX_POINT('',#12124);
#2705=VERTEX_POINT('',#12126);
#2706=VERTEX_POINT('',#12130);
#2707=VERTEX_POINT('',#12133);
#2708=VERTEX_POINT('',#12134);
#2709=VERTEX_POINT('',#12136);
#2710=VERTEX_POINT('',#12138);
#2711=VERTEX_POINT('',#12142);
#2712=VERTEX_POINT('',#12144);
#2713=VERTEX_POINT('',#12148);
#2714=VERTEX_POINT('',#12149);
#2715=VERTEX_POINT('',#12151);
#2716=VERTEX_POINT('',#12153);
#2717=VERTEX_POINT('',#12160);
#2718=VERTEX_POINT('',#12164);
#2719=VERTEX_POINT('',#12168);
#2720=VERTEX_POINT('',#12171);
#2721=VERTEX_POINT('',#12175);
#2722=VERTEX_POINT('',#12176);
#2723=VERTEX_POINT('',#12184);
#2724=VERTEX_POINT('',#12192);
#2725=VERTEX_POINT('',#12200);
#2726=VERTEX_POINT('',#12208);
#2727=VERTEX_POINT('',#12216);
#2728=VERTEX_POINT('',#12224);
#2729=VERTEX_POINT('',#12232);
#2730=VERTEX_POINT('',#12240);
#2731=VERTEX_POINT('',#12248);
#2732=VERTEX_POINT('',#12256);
#2733=VERTEX_POINT('',#12264);
#2734=VERTEX_POINT('',#12272);
#2735=VERTEX_POINT('',#12280);
#2736=VERTEX_POINT('',#12288);
#2737=VERTEX_POINT('',#12296);
#2738=VERTEX_POINT('',#12304);
#2739=VERTEX_POINT('',#12312);
#2740=VERTEX_POINT('',#12320);
#2741=VERTEX_POINT('',#12328);
#2742=VERTEX_POINT('',#12336);
#2743=VERTEX_POINT('',#12344);
#2744=VERTEX_POINT('',#12352);
#2745=VERTEX_POINT('',#12360);
#2746=VERTEX_POINT('',#12368);
#2747=VERTEX_POINT('',#12376);
#2748=VERTEX_POINT('',#12384);
#2749=VERTEX_POINT('',#12392);
#2750=VERTEX_POINT('',#12400);
#2751=VERTEX_POINT('',#12408);
#2752=VERTEX_POINT('',#12416);
#2753=VERTEX_POINT('',#12424);
#2754=VERTEX_POINT('',#12432);
#2755=VERTEX_POINT('',#12440);
#2756=VERTEX_POINT('',#12448);
#2757=VERTEX_POINT('',#12456);
#2758=VERTEX_POINT('',#12464);
#2759=VERTEX_POINT('',#12472);
#2760=VERTEX_POINT('',#12480);
#2761=VERTEX_POINT('',#12495);
#2762=VERTEX_POINT('',#12514);
#2763=VERTEX_POINT('',#12516);
#2764=VERTEX_POINT('',#12539);
#2765=VERTEX_POINT('',#12562);
#2766=VERTEX_POINT('',#12585);
#2767=VERTEX_POINT('',#12608);
#2768=VERTEX_POINT('',#12631);
#2769=VERTEX_POINT('',#12654);
#2770=VERTEX_POINT('',#12677);
#2771=VERTEX_POINT('',#12700);
#2772=VERTEX_POINT('',#12723);
#2773=VERTEX_POINT('',#12746);
#2774=VERTEX_POINT('',#12769);
#2775=VERTEX_POINT('',#12792);
#2776=VERTEX_POINT('',#12815);
#2777=VERTEX_POINT('',#12838);
#2778=VERTEX_POINT('',#12861);
#2779=VERTEX_POINT('',#12884);
#2780=VERTEX_POINT('',#12907);
#2781=VERTEX_POINT('',#12930);
#2782=VERTEX_POINT('',#12953);
#2783=VERTEX_POINT('',#12976);
#2784=VERTEX_POINT('',#12999);
#2785=VERTEX_POINT('',#13022);
#2786=VERTEX_POINT('',#13045);
#2787=VERTEX_POINT('',#13068);
#2788=VERTEX_POINT('',#13091);
#2789=VERTEX_POINT('',#13114);
#2790=VERTEX_POINT('',#13137);
#2791=VERTEX_POINT('',#13160);
#2792=VERTEX_POINT('',#13183);
#2793=VERTEX_POINT('',#13206);
#2794=VERTEX_POINT('',#13229);
#2795=VERTEX_POINT('',#13252);
#2796=VERTEX_POINT('',#13275);
#2797=VERTEX_POINT('',#13298);
#2798=VERTEX_POINT('',#13321);
#2799=VERTEX_POINT('',#13344);
#2800=VERTEX_POINT('',#13367);
#2801=VERTEX_POINT('',#13390);
#2802=EDGE_CURVE('',#2209,#2210,#1905,.F.);
#2803=EDGE_CURVE('',#2210,#2211,#1387,.T.);
#2804=EDGE_CURVE('',#2211,#2212,#1906,.F.);
#2805=EDGE_CURVE('',#2212,#2209,#1388,.T.);
#2806=EDGE_CURVE('',#2211,#2213,#1907,.T.);
#2807=EDGE_CURVE('',#2214,#2210,#1908,.T.);
#2808=EDGE_CURVE('',#2214,#2215,#1389,.T.);
#2809=EDGE_CURVE('',#2216,#2215,#1909,.T.);
#2810=EDGE_CURVE('',#2217,#2216,#1390,.T.);
#2811=EDGE_CURVE('',#2218,#2217,#1910,.T.);
#2812=EDGE_CURVE('',#2219,#2218,#1391,.T.);
#2813=EDGE_CURVE('',#2220,#2219,#1911,.T.);
#2814=EDGE_CURVE('',#2220,#2221,#1392,.T.);
#2815=EDGE_CURVE('',#2222,#2221,#1912,.T.);
#2816=EDGE_CURVE('',#2213,#2222,#1393,.T.);
#2817=EDGE_CURVE('',#2223,#2224,#1913,.F.);
#2818=EDGE_CURVE('',#2224,#2225,#1394,.T.);
#2819=EDGE_CURVE('',#2225,#2226,#1914,.F.);
#2820=EDGE_CURVE('',#2226,#2223,#1395,.T.);
#2821=EDGE_CURVE('',#2225,#2212,#1915,.T.);
#2822=EDGE_CURVE('',#2209,#2224,#1916,.T.);
#2823=EDGE_CURVE('',#2218,#2227,#1917,.F.);
#2824=EDGE_CURVE('',#2227,#2228,#1396,.T.);
#2825=EDGE_CURVE('',#2228,#2219,#1918,.F.);
#2826=EDGE_CURVE('',#2229,#2227,#1919,.T.);
#2827=EDGE_CURVE('',#2230,#2229,#1397,.T.);
#2828=EDGE_CURVE('',#2228,#2230,#1920,.T.);
#2829=EDGE_CURVE('',#2229,#2231,#1921,.F.);
#2830=EDGE_CURVE('',#2231,#2232,#1398,.T.);
#2831=EDGE_CURVE('',#2232,#2230,#1922,.F.);
#2832=EDGE_CURVE('',#2226,#2233,#1923,.T.);
#2833=EDGE_CURVE('',#2233,#2234,#1399,.T.);
#2834=EDGE_CURVE('',#2235,#2234,#1924,.T.);
#2835=EDGE_CURVE('',#2236,#2235,#1400,.T.);
#2836=EDGE_CURVE('',#2236,#2232,#1925,.T.);
#2837=EDGE_CURVE('',#2237,#2231,#1926,.T.);
#2838=EDGE_CURVE('',#2237,#2238,#1401,.T.);
#2839=EDGE_CURVE('',#2239,#2238,#1927,.T.);
#2840=EDGE_CURVE('',#2240,#2239,#1402,.T.);
#2841=EDGE_CURVE('',#2223,#2240,#1928,.T.);
#2842=EDGE_CURVE('',#2240,#2241,#1929,.T.);
#2843=EDGE_CURVE('',#2241,#2214,#1930,.T.);
#2844=EDGE_CURVE('',#2242,#2242,#1931,.T.);
#2845=EDGE_CURVE('',#2217,#2237,#1932,.T.);
#2846=EDGE_CURVE('',#2243,#2243,#1933,.T.);
#2847=EDGE_CURVE('',#2244,#2244,#1934,.T.);
#2848=EDGE_CURVE('',#2244,#2243,#1403,.T.);
#2849=EDGE_CURVE('',#2245,#2245,#1935,.T.);
#2850=EDGE_CURVE('',#2245,#2242,#1404,.T.);
#2851=EDGE_CURVE('',#2241,#2246,#1405,.T.);
#2852=EDGE_CURVE('',#2215,#2246,#1936,.T.);
#2853=EDGE_CURVE('',#2238,#2216,#1937,.T.);
#2854=EDGE_CURVE('',#2246,#2239,#1938,.T.);
#2855=EDGE_CURVE('',#2247,#2213,#1939,.T.);
#2856=EDGE_CURVE('',#2233,#2247,#1940,.T.);
#2857=EDGE_CURVE('',#2248,#2248,#1941,.T.);
#2858=EDGE_CURVE('',#2220,#2236,#1942,.T.);
#2859=EDGE_CURVE('',#2249,#2249,#1943,.T.);
#2860=EDGE_CURVE('',#2250,#2250,#1944,.T.);
#2861=EDGE_CURVE('',#2250,#2249,#1406,.T.);
#2862=EDGE_CURVE('',#2251,#2251,#1945,.T.);
#2863=EDGE_CURVE('',#2251,#2248,#1407,.T.);
#2864=EDGE_CURVE('',#2221,#2235,#1946,.T.);
#2865=EDGE_CURVE('',#2252,#2222,#1947,.T.);
#2866=EDGE_CURVE('',#2247,#2252,#1408,.T.);
#2867=EDGE_CURVE('',#2234,#2252,#1948,.T.);
#2868=EDGE_CURVE('',#2253,#2253,#1949,.T.);
#2869=EDGE_CURVE('',#2253,#2254,#1409,.T.);
#2870=EDGE_CURVE('',#2254,#2254,#1950,.T.);
#2871=EDGE_CURVE('',#2255,#2256,#1951,.T.);
#2872=EDGE_CURVE('',#2255,#2257,#1410,.T.);
#2873=EDGE_CURVE('',#2258,#2257,#1952,.T.);
#2874=EDGE_CURVE('',#2256,#2258,#1411,.T.);
#2875=EDGE_CURVE('',#2259,#2256,#1953,.T.);
#2876=EDGE_CURVE('',#2260,#2258,#1954,.T.);
#2877=EDGE_CURVE('',#2259,#2260,#1412,.T.);
#2878=EDGE_CURVE('',#2255,#2261,#1955,.T.);
#2879=EDGE_CURVE('',#2261,#2262,#1413,.T.);
#2880=EDGE_CURVE('',#2257,#2262,#1956,.T.);
#2881=EDGE_CURVE('',#2261,#2259,#1957,.T.);
#2882=EDGE_CURVE('',#2260,#2262,#1958,.T.);
#2883=EDGE_CURVE('',#2263,#2263,#1959,.T.);
#2884=EDGE_CURVE('',#2263,#2264,#1414,.T.);
#2885=EDGE_CURVE('',#2264,#2264,#1960,.T.);
#2886=EDGE_CURVE('',#2265,#2266,#1415,.T.);
#2887=EDGE_CURVE('',#2265,#2267,#1961,.T.);
#2888=EDGE_CURVE('',#2267,#2268,#1416,.T.);
#2889=EDGE_CURVE('',#2268,#2266,#1962,.T.);
#2890=EDGE_CURVE('',#2269,#2269,#1963,.T.);
#2891=EDGE_CURVE('',#2269,#2270,#1417,.T.);
#2892=EDGE_CURVE('',#2270,#2270,#1964,.T.);
#2893=EDGE_CURVE('',#2271,#2272,#1965,.T.);
#2894=EDGE_CURVE('',#2271,#2273,#1418,.T.);
#2895=EDGE_CURVE('',#2274,#2273,#1966,.T.);
#2896=EDGE_CURVE('',#2272,#2274,#1419,.T.);
#2897=EDGE_CURVE('',#2267,#2272,#1967,.T.);
#2898=EDGE_CURVE('',#2268,#2274,#1968,.T.);
#2899=EDGE_CURVE('',#2271,#2265,#1969,.T.);
#2900=EDGE_CURVE('',#2273,#2266,#1970,.T.);
#2901=EDGE_CURVE('',#2275,#2276,#1971,.T.);
#2902=EDGE_CURVE('',#2276,#2277,#1972,.T.);
#2903=EDGE_CURVE('',#2278,#2277,#1973,.T.);
#2904=EDGE_CURVE('',#2277,#2278,#1974,.T.);
#2905=EDGE_CURVE('',#2276,#2275,#1975,.T.);
#2906=EDGE_CURVE('',#2278,#2279,#1420,.T.);
#2907=EDGE_CURVE('',#2279,#2279,#1976,.T.);
#2908=EDGE_CURVE('',#2279,#2280,#1421,.T.);
#2909=EDGE_CURVE('',#2280,#2280,#1977,.T.);
#2910=EDGE_CURVE('',#2281,#2281,#1978,.T.);
#2911=EDGE_CURVE('',#2281,#2282,#1422,.T.);
#2912=EDGE_CURVE('',#2282,#2282,#1979,.T.);
#2913=EDGE_CURVE('',#2282,#2275,#1423,.T.);
#2914=EDGE_CURVE('',#2283,#2284,#1980,.T.);
#2915=EDGE_CURVE('',#2283,#2285,#1424,.T.);
#2916=EDGE_CURVE('',#2285,#2286,#1981,.F.);
#2917=EDGE_CURVE('',#2286,#2284,#1425,.T.);
#2918=EDGE_CURVE('',#2287,#2286,#1982,.T.);
#2919=EDGE_CURVE('',#2288,#2287,#1426,.T.);
#2920=EDGE_CURVE('',#2284,#2288,#1983,.T.);
#2921=EDGE_CURVE('',#2289,#2290,#1984,.T.);
#2922=EDGE_CURVE('',#2289,#2291,#1427,.T.);
#2923=EDGE_CURVE('',#2292,#2291,#1985,.T.);
#2924=EDGE_CURVE('',#2290,#2292,#1428,.T.);
#2925=EDGE_CURVE('',#2293,#2288,#1986,.F.);
#2926=EDGE_CURVE('',#2287,#2294,#1987,.F.);
#2927=EDGE_CURVE('',#2294,#2293,#1429,.T.);
#2928=EDGE_CURVE('',#2295,#2296,#1988,.F.);
#2929=EDGE_CURVE('',#2296,#2297,#1430,.T.);
#2930=EDGE_CURVE('',#2297,#2298,#1989,.F.);
#2931=EDGE_CURVE('',#2298,#2295,#1431,.T.);
#2932=EDGE_CURVE('',#2299,#2294,#1990,.T.);
#2933=EDGE_CURVE('',#2299,#2300,#1432,.T.);
#2934=EDGE_CURVE('',#2301,#2300,#1991,.T.);
#2935=EDGE_CURVE('',#2302,#2301,#1433,.T.);
#2936=EDGE_CURVE('',#2297,#2302,#1992,.T.);
#2937=EDGE_CURVE('',#2303,#2296,#1993,.T.);
#2938=EDGE_CURVE('',#2303,#2304,#1434,.T.);
#2939=EDGE_CURVE('',#2305,#2304,#1994,.T.);
#2940=EDGE_CURVE('',#2306,#2305,#1435,.T.);
#2941=EDGE_CURVE('',#2293,#2306,#1995,.T.);
#2942=EDGE_CURVE('',#2307,#2308,#1996,.F.);
#2943=EDGE_CURVE('',#2308,#2309,#1436,.T.);
#2944=EDGE_CURVE('',#2310,#2309,#1997,.T.);
#2945=EDGE_CURVE('',#2310,#2307,#1437,.T.);
#2946=EDGE_CURVE('',#2311,#2283,#1998,.T.);
#2947=EDGE_CURVE('',#2312,#2311,#1438,.T.);
#2948=EDGE_CURVE('',#2313,#2312,#1999,.T.);
#2949=EDGE_CURVE('',#2313,#2314,#1439,.T.);
#2950=EDGE_CURVE('',#2307,#2314,#2000,.T.);
#2951=EDGE_CURVE('',#2315,#2310,#2001,.T.);
#2952=EDGE_CURVE('',#2315,#2316,#1440,.T.);
#2953=EDGE_CURVE('',#2291,#2316,#2002,.T.);
#2954=EDGE_CURVE('',#2285,#2289,#2003,.T.);
#2955=EDGE_CURVE('',#2315,#2317,#2004,.T.);
#2956=EDGE_CURVE('',#2317,#2318,#1441,.T.);
#2957=EDGE_CURVE('',#2316,#2318,#2005,.T.);
#2958=EDGE_CURVE('',#2309,#2298,#2006,.T.);
#2959=EDGE_CURVE('',#2295,#2308,#2007,.T.);
#2960=EDGE_CURVE('',#2314,#2319,#2008,.T.);
#2961=EDGE_CURVE('',#2319,#2320,#1442,.T.);
#2962=EDGE_CURVE('',#2320,#2321,#2009,.T.);
#2963=EDGE_CURVE('',#2321,#2322,#1443,.T.);
#2964=EDGE_CURVE('',#2322,#2303,#2010,.T.);
#2965=EDGE_CURVE('',#2323,#2323,#2011,.T.);
#2966=EDGE_CURVE('',#2324,#2324,#2012,.T.);
#2967=EDGE_CURVE('',#2324,#2325,#1444,.T.);
#2968=EDGE_CURVE('',#2325,#2325,#2013,.T.);
#2969=EDGE_CURVE('',#2326,#2326,#2014,.T.);
#2970=EDGE_CURVE('',#2326,#2323,#1445,.T.);
#2971=EDGE_CURVE('',#2319,#2327,#1446,.T.);
#2972=EDGE_CURVE('',#2328,#2327,#1447,.T.);
#2973=EDGE_CURVE('',#2320,#2328,#1448,.T.);
#2974=EDGE_CURVE('',#2329,#2328,#2015,.T.);
#2975=EDGE_CURVE('',#2321,#2329,#1449,.T.);
#2976=EDGE_CURVE('',#2330,#2329,#1450,.T.);
#2977=EDGE_CURVE('',#2322,#2330,#1451,.T.);
#2978=EDGE_CURVE('',#2304,#2330,#2016,.T.);
#2979=EDGE_CURVE('',#2306,#2331,#2017,.T.);
#2980=EDGE_CURVE('',#2332,#2305,#2018,.T.);
#2981=EDGE_CURVE('',#2331,#2332,#1452,.T.);
#2982=EDGE_CURVE('',#2331,#2333,#1453,.T.);
#2983=EDGE_CURVE('',#2334,#2332,#1454,.T.);
#2984=EDGE_CURVE('',#2333,#2334,#1455,.T.);
#2985=EDGE_CURVE('',#2333,#2335,#2019,.T.);
#2986=EDGE_CURVE('',#2336,#2334,#2020,.T.);
#2987=EDGE_CURVE('',#2335,#2336,#1456,.T.);
#2988=EDGE_CURVE('',#2335,#2337,#1457,.T.);
#2989=EDGE_CURVE('',#2338,#2336,#1458,.T.);
#2990=EDGE_CURVE('',#2337,#2338,#1459,.T.);
#2991=EDGE_CURVE('',#2337,#2311,#2021,.T.);
#2992=EDGE_CURVE('',#2327,#2313,#2022,.T.);
#2993=EDGE_CURVE('',#2312,#2338,#2023,.T.);
#2994=EDGE_CURVE('',#2302,#2339,#2024,.T.);
#2995=EDGE_CURVE('',#2340,#2339,#1460,.T.);
#2996=EDGE_CURVE('',#2341,#2340,#2025,.T.);
#2997=EDGE_CURVE('',#2341,#2317,#1461,.T.);
#2998=EDGE_CURVE('',#2342,#2342,#2026,.T.);
#2999=EDGE_CURVE('',#2343,#2290,#1462,.T.);
#3000=EDGE_CURVE('',#2344,#2343,#2027,.T.);
#3001=EDGE_CURVE('',#2344,#2345,#1463,.T.);
#3002=EDGE_CURVE('',#2345,#2299,#2028,.T.);
#3003=EDGE_CURVE('',#2346,#2346,#2029,.T.);
#3004=EDGE_CURVE('',#2347,#2347,#2030,.T.);
#3005=EDGE_CURVE('',#2347,#2346,#1464,.T.);
#3006=EDGE_CURVE('',#2348,#2348,#2031,.T.);
#3007=EDGE_CURVE('',#2348,#2342,#1465,.T.);
#3008=EDGE_CURVE('',#2344,#2349,#1466,.T.);
#3009=EDGE_CURVE('',#2350,#2349,#1467,.T.);
#3010=EDGE_CURVE('',#2345,#2350,#1468,.T.);
#3011=EDGE_CURVE('',#2300,#2350,#2032,.T.);
#3012=EDGE_CURVE('',#2351,#2301,#2033,.T.);
#3013=EDGE_CURVE('',#2339,#2351,#1469,.T.);
#3014=EDGE_CURVE('',#2352,#2351,#1470,.T.);
#3015=EDGE_CURVE('',#2340,#2352,#1471,.T.);
#3016=EDGE_CURVE('',#2353,#2352,#2034,.T.);
#3017=EDGE_CURVE('',#2341,#2353,#1472,.T.);
#3018=EDGE_CURVE('',#2318,#2353,#1473,.T.);
#3019=EDGE_CURVE('',#2354,#2292,#1474,.T.);
#3020=EDGE_CURVE('',#2343,#2354,#1475,.T.);
#3021=EDGE_CURVE('',#2349,#2354,#2035,.T.);
#3022=EDGE_CURVE('',#2355,#2356,#2036,.T.);
#3023=EDGE_CURVE('',#2356,#2357,#1476,.T.);
#3024=EDGE_CURVE('',#2358,#2357,#2037,.T.);
#3025=EDGE_CURVE('',#2355,#2358,#1477,.T.);
#3026=EDGE_CURVE('',#2359,#2360,#1478,.T.);
#3027=EDGE_CURVE('',#2361,#2360,#1479,.T.);
#3028=EDGE_CURVE('',#2362,#2361,#1480,.T.);
#3029=EDGE_CURVE('',#2359,#2362,#1481,.T.);
#3030=EDGE_CURVE('',#2359,#2356,#2038,.T.);
#3031=EDGE_CURVE('',#2357,#2362,#2039,.T.);
#3032=EDGE_CURVE('',#2360,#2355,#2040,.T.);
#3033=EDGE_CURVE('',#2361,#2358,#2041,.T.);
#3034=EDGE_CURVE('',#2355,#2360,#2042,.T.);
#3035=EDGE_CURVE('',#2358,#2361,#2043,.T.);
#3036=EDGE_CURVE('',#2363,#2364,#1482,.T.);
#3037=EDGE_CURVE('',#2363,#2365,#2044,.T.);
#3038=EDGE_CURVE('',#2365,#2366,#1483,.T.);
#3039=EDGE_CURVE('',#2366,#2364,#2045,.T.);
#3040=EDGE_CURVE('',#2367,#2367,#2046,.T.);
#3041=EDGE_CURVE('',#2367,#2368,#1484,.T.);
#3042=EDGE_CURVE('',#2368,#2368,#2047,.T.);
#3043=EDGE_CURVE('',#2369,#2370,#2048,.T.);
#3044=EDGE_CURVE('',#2369,#2371,#1485,.T.);
#3045=EDGE_CURVE('',#2372,#2371,#2049,.T.);
#3046=EDGE_CURVE('',#2370,#2372,#1486,.T.);
#3047=EDGE_CURVE('',#2365,#2370,#2050,.T.);
#3048=EDGE_CURVE('',#2366,#2372,#2051,.T.);
#3049=EDGE_CURVE('',#2369,#2363,#2052,.T.);
#3050=EDGE_CURVE('',#2371,#2364,#2053,.T.);
#3051=EDGE_CURVE('',#2373,#2374,#2054,.T.);
#3052=EDGE_CURVE('',#2374,#2375,#2055,.T.);
#3053=EDGE_CURVE('',#2376,#2375,#2056,.T.);
#3054=EDGE_CURVE('',#2375,#2376,#2057,.T.);
#3055=EDGE_CURVE('',#2374,#2373,#2058,.T.);
#3056=EDGE_CURVE('',#2376,#2377,#1487,.T.);
#3057=EDGE_CURVE('',#2377,#2377,#2059,.T.);
#3058=EDGE_CURVE('',#2377,#2378,#1488,.T.);
#3059=EDGE_CURVE('',#2378,#2378,#2060,.T.);
#3060=EDGE_CURVE('',#2379,#2379,#2061,.T.);
#3061=EDGE_CURVE('',#2379,#2380,#1489,.T.);
#3062=EDGE_CURVE('',#2380,#2380,#2062,.T.);
#3063=EDGE_CURVE('',#2380,#2373,#1490,.T.);
#3064=EDGE_CURVE('',#2381,#2381,#2063,.T.);
#3065=EDGE_CURVE('',#2381,#2382,#1491,.T.);
#3066=EDGE_CURVE('',#2382,#2382,#2064,.T.);
#3067=EDGE_CURVE('',#2383,#2383,#2065,.T.);
#3068=EDGE_CURVE('',#2384,#2384,#2066,.T.);
#3069=EDGE_CURVE('',#2385,#2385,#2067,.T.);
#3070=EDGE_CURVE('',#2383,#2386,#1492,.T.);
#3071=EDGE_CURVE('',#2386,#2386,#2068,.T.);
#3072=EDGE_CURVE('',#2387,#2388,#2069,.T.);
#3073=EDGE_CURVE('',#2388,#2389,#2070,.T.);
#3074=EDGE_CURVE('',#2390,#2389,#2071,.T.);
#3075=EDGE_CURVE('',#2389,#2390,#2072,.T.);
#3076=EDGE_CURVE('',#2388,#2387,#2073,.T.);
#3077=EDGE_CURVE('',#2386,#2390,#1493,.T.);
#3078=EDGE_CURVE('',#2391,#2391,#2074,.T.);
#3079=EDGE_CURVE('',#2391,#2392,#1494,.T.);
#3080=EDGE_CURVE('',#2393,#2392,#2075,.T.);
#3081=EDGE_CURVE('',#2394,#2393,#1495,.T.);
#3082=EDGE_CURVE('',#2395,#2394,#2076,.T.);
#3083=EDGE_CURVE('',#2396,#2395,#1496,.T.);
#3084=EDGE_CURVE('',#2392,#2396,#2077,.T.);
#3085=EDGE_CURVE('',#2387,#2391,#1497,.T.);
#3086=EDGE_CURVE('',#2397,#2394,#2078,.T.);
#3087=EDGE_CURVE('',#2397,#2398,#2079,.T.);
#3088=EDGE_CURVE('',#2395,#2398,#2080,.T.);
#3089=EDGE_CURVE('',#2399,#2399,#2081,.T.);
#3090=EDGE_CURVE('',#2393,#2400,#2082,.T.);
#3091=EDGE_CURVE('',#2397,#2400,#1498,.T.);
#3092=EDGE_CURVE('',#2401,#2402,#2083,.T.);
#3093=EDGE_CURVE('',#2402,#2403,#1499,.T.);
#3094=EDGE_CURVE('',#2404,#2403,#2084,.T.);
#3095=EDGE_CURVE('',#2401,#2404,#1500,.T.);
#3096=EDGE_CURVE('',#2405,#2401,#2085,.T.);
#3097=EDGE_CURVE('',#2406,#2404,#2086,.T.);
#3098=EDGE_CURVE('',#2405,#2406,#1501,.T.);
#3099=EDGE_CURVE('',#2407,#2405,#2087,.T.);
#3100=EDGE_CURVE('',#2408,#2406,#2088,.T.);
#3101=EDGE_CURVE('',#2407,#2408,#1502,.T.);
#3102=EDGE_CURVE('',#2409,#2396,#2089,.T.);
#3103=EDGE_CURVE('',#2408,#2409,#2090,.T.);
#3104=EDGE_CURVE('',#2400,#2403,#2091,.T.);
#3105=EDGE_CURVE('',#2409,#2398,#1503,.T.);
#3106=EDGE_CURVE('',#2402,#2407,#2092,.T.);
#3107=EDGE_CURVE('',#2385,#2410,#1504,.T.);
#3108=EDGE_CURVE('',#2410,#2410,#2093,.T.);
#3109=EDGE_CURVE('',#2411,#2411,#2094,.T.);
#3110=EDGE_CURVE('',#2412,#2412,#2095,.T.);
#3111=EDGE_CURVE('',#2412,#2399,#1505,.T.);
#3112=EDGE_CURVE('',#2413,#2414,#2096,.T.);
#3113=EDGE_CURVE('',#2413,#2412,#1506,.T.);
#3114=EDGE_CURVE('',#2414,#2413,#2097,.T.);
#3115=EDGE_CURVE('',#2414,#2415,#2098,.T.);
#3116=EDGE_CURVE('',#2416,#2415,#2099,.T.);
#3117=EDGE_CURVE('',#2415,#2416,#2100,.T.);
#3118=EDGE_CURVE('',#2417,#2417,#2101,.T.);
#3119=EDGE_CURVE('',#2417,#2416,#1507,.T.);
#3120=EDGE_CURVE('',#2384,#2417,#1508,.T.);
#3121=EDGE_CURVE('',#2418,#2419,#190,.T.);
#3122=EDGE_CURVE('',#2419,#2420,#191,.T.);
#3123=EDGE_CURVE('',#2420,#2421,#192,.T.);
#3124=EDGE_CURVE('',#2421,#2422,#193,.T.);
#3125=EDGE_CURVE('',#2422,#2423,#194,.T.);
#3126=EDGE_CURVE('',#2423,#2424,#195,.T.);
#3127=EDGE_CURVE('',#2424,#2425,#196,.T.);
#3128=EDGE_CURVE('',#2425,#2426,#197,.T.);
#3129=EDGE_CURVE('',#2426,#2427,#198,.T.);
#3130=EDGE_CURVE('',#2427,#2428,#199,.T.);
#3131=EDGE_CURVE('',#2428,#2429,#200,.T.);
#3132=EDGE_CURVE('',#2429,#2430,#201,.T.);
#3133=EDGE_CURVE('',#2430,#2431,#202,.T.);
#3134=EDGE_CURVE('',#2431,#2432,#203,.T.);
#3135=EDGE_CURVE('',#2432,#2433,#204,.T.);
#3136=EDGE_CURVE('',#2433,#2434,#205,.T.);
#3137=EDGE_CURVE('',#2434,#2435,#206,.T.);
#3138=EDGE_CURVE('',#2435,#2436,#207,.T.);
#3139=EDGE_CURVE('',#2436,#2437,#208,.T.);
#3140=EDGE_CURVE('',#2437,#2438,#209,.T.);
#3141=EDGE_CURVE('',#2438,#2439,#210,.T.);
#3142=EDGE_CURVE('',#2439,#2440,#211,.T.);
#3143=EDGE_CURVE('',#2440,#2441,#212,.T.);
#3144=EDGE_CURVE('',#2441,#2442,#213,.T.);
#3145=EDGE_CURVE('',#2442,#2443,#214,.T.);
#3146=EDGE_CURVE('',#2443,#2444,#215,.T.);
#3147=EDGE_CURVE('',#2444,#2445,#216,.T.);
#3148=EDGE_CURVE('',#2445,#2446,#217,.T.);
#3149=EDGE_CURVE('',#2446,#2447,#218,.T.);
#3150=EDGE_CURVE('',#2447,#2448,#219,.T.);
#3151=EDGE_CURVE('',#2448,#2449,#220,.T.);
#3152=EDGE_CURVE('',#2449,#2450,#221,.T.);
#3153=EDGE_CURVE('',#2450,#2451,#222,.T.);
#3154=EDGE_CURVE('',#2451,#2452,#223,.T.);
#3155=EDGE_CURVE('',#2452,#2453,#224,.T.);
#3156=EDGE_CURVE('',#2453,#2454,#225,.T.);
#3157=EDGE_CURVE('',#2454,#2455,#226,.T.);
#3158=EDGE_CURVE('',#2455,#2456,#227,.T.);
#3159=EDGE_CURVE('',#2456,#2457,#228,.T.);
#3160=EDGE_CURVE('',#2457,#2418,#229,.T.);
#3161=EDGE_CURVE('',#2458,#2458,#2102,.T.);
#3162=EDGE_CURVE('',#2411,#2458,#1509,.T.);
#3163=EDGE_CURVE('',#2418,#2459,#1510,.T.);
#3164=EDGE_CURVE('',#2460,#2459,#230,.T.);
#3165=EDGE_CURVE('',#2419,#2460,#1511,.T.);
#3166=EDGE_CURVE('',#2461,#2460,#231,.T.);
#3167=EDGE_CURVE('',#2420,#2461,#1512,.T.);
#3168=EDGE_CURVE('',#2462,#2461,#232,.T.);
#3169=EDGE_CURVE('',#2421,#2462,#1513,.T.);
#3170=EDGE_CURVE('',#2463,#2462,#233,.T.);
#3171=EDGE_CURVE('',#2422,#2463,#1514,.T.);
#3172=EDGE_CURVE('',#2464,#2463,#234,.T.);
#3173=EDGE_CURVE('',#2423,#2464,#1515,.T.);
#3174=EDGE_CURVE('',#2465,#2464,#235,.T.);
#3175=EDGE_CURVE('',#2424,#2465,#1516,.T.);
#3176=EDGE_CURVE('',#2466,#2465,#236,.T.);
#3177=EDGE_CURVE('',#2425,#2466,#1517,.T.);
#3178=EDGE_CURVE('',#2467,#2466,#237,.T.);
#3179=EDGE_CURVE('',#2426,#2467,#1518,.T.);
#3180=EDGE_CURVE('',#2468,#2467,#238,.T.);
#3181=EDGE_CURVE('',#2427,#2468,#1519,.T.);
#3182=EDGE_CURVE('',#2469,#2468,#239,.T.);
#3183=EDGE_CURVE('',#2428,#2469,#1520,.T.);
#3184=EDGE_CURVE('',#2470,#2469,#240,.T.);
#3185=EDGE_CURVE('',#2429,#2470,#1521,.T.);
#3186=EDGE_CURVE('',#2471,#2470,#241,.T.);
#3187=EDGE_CURVE('',#2430,#2471,#1522,.T.);
#3188=EDGE_CURVE('',#2472,#2471,#242,.T.);
#3189=EDGE_CURVE('',#2431,#2472,#1523,.T.);
#3190=EDGE_CURVE('',#2473,#2472,#243,.T.);
#3191=EDGE_CURVE('',#2432,#2473,#1524,.T.);
#3192=EDGE_CURVE('',#2474,#2473,#244,.T.);
#3193=EDGE_CURVE('',#2433,#2474,#1525,.T.);
#3194=EDGE_CURVE('',#2475,#2474,#245,.T.);
#3195=EDGE_CURVE('',#2434,#2475,#1526,.T.);
#3196=EDGE_CURVE('',#2476,#2475,#246,.T.);
#3197=EDGE_CURVE('',#2435,#2476,#1527,.T.);
#3198=EDGE_CURVE('',#2477,#2476,#247,.T.);
#3199=EDGE_CURVE('',#2436,#2477,#1528,.T.);
#3200=EDGE_CURVE('',#2478,#2477,#248,.T.);
#3201=EDGE_CURVE('',#2437,#2478,#1529,.T.);
#3202=EDGE_CURVE('',#2479,#2478,#249,.T.);
#3203=EDGE_CURVE('',#2438,#2479,#1530,.T.);
#3204=EDGE_CURVE('',#2480,#2479,#250,.T.);
#3205=EDGE_CURVE('',#2439,#2480,#1531,.T.);
#3206=EDGE_CURVE('',#2481,#2480,#251,.T.);
#3207=EDGE_CURVE('',#2440,#2481,#1532,.T.);
#3208=EDGE_CURVE('',#2482,#2481,#252,.T.);
#3209=EDGE_CURVE('',#2441,#2482,#1533,.T.);
#3210=EDGE_CURVE('',#2483,#2482,#253,.T.);
#3211=EDGE_CURVE('',#2442,#2483,#1534,.T.);
#3212=EDGE_CURVE('',#2484,#2483,#254,.T.);
#3213=EDGE_CURVE('',#2443,#2484,#1535,.T.);
#3214=EDGE_CURVE('',#2485,#2484,#255,.T.);
#3215=EDGE_CURVE('',#2444,#2485,#1536,.T.);
#3216=EDGE_CURVE('',#2486,#2485,#256,.T.);
#3217=EDGE_CURVE('',#2445,#2486,#1537,.T.);
#3218=EDGE_CURVE('',#2487,#2486,#257,.T.);
#3219=EDGE_CURVE('',#2446,#2487,#1538,.T.);
#3220=EDGE_CURVE('',#2488,#2487,#258,.T.);
#3221=EDGE_CURVE('',#2447,#2488,#1539,.T.);
#3222=EDGE_CURVE('',#2489,#2488,#259,.T.);
#3223=EDGE_CURVE('',#2448,#2489,#1540,.T.);
#3224=EDGE_CURVE('',#2490,#2489,#260,.T.);
#3225=EDGE_CURVE('',#2449,#2490,#1541,.T.);
#3226=EDGE_CURVE('',#2491,#2490,#261,.T.);
#3227=EDGE_CURVE('',#2450,#2491,#1542,.T.);
#3228=EDGE_CURVE('',#2492,#2491,#262,.T.);
#3229=EDGE_CURVE('',#2451,#2492,#1543,.T.);
#3230=EDGE_CURVE('',#2493,#2492,#263,.T.);
#3231=EDGE_CURVE('',#2452,#2493,#1544,.T.);
#3232=EDGE_CURVE('',#2494,#2493,#264,.T.);
#3233=EDGE_CURVE('',#2453,#2494,#1545,.T.);
#3234=EDGE_CURVE('',#2495,#2494,#265,.T.);
#3235=EDGE_CURVE('',#2454,#2495,#1546,.T.);
#3236=EDGE_CURVE('',#2496,#2495,#266,.T.);
#3237=EDGE_CURVE('',#2455,#2496,#1547,.T.);
#3238=EDGE_CURVE('',#2497,#2496,#267,.T.);
#3239=EDGE_CURVE('',#2456,#2497,#1548,.T.);
#3240=EDGE_CURVE('',#2498,#2497,#268,.T.);
#3241=EDGE_CURVE('',#2457,#2498,#1549,.T.);
#3242=EDGE_CURVE('',#2459,#2498,#269,.T.);
#3243=EDGE_CURVE('',#2499,#2500,#270,.T.);
#3244=EDGE_CURVE('',#2500,#2501,#2103,.T.);
#3245=EDGE_CURVE('',#2501,#2502,#271,.T.);
#3246=EDGE_CURVE('',#2502,#2499,#2104,.T.);
#3247=EDGE_CURVE('',#2501,#2503,#272,.T.);
#3248=EDGE_CURVE('',#2503,#2504,#273,.T.);
#3249=EDGE_CURVE('',#2504,#2505,#274,.T.);
#3250=EDGE_CURVE('',#2506,#2505,#275,.T.);
#3251=EDGE_CURVE('',#2506,#2507,#66,.T.);
#3252=EDGE_CURVE('',#2507,#2508,#2105,.T.);
#3253=EDGE_CURVE('',#2508,#2509,#67,.T.);
#3254=EDGE_CURVE('',#2510,#2509,#276,.T.);
#3255=EDGE_CURVE('',#2510,#2511,#277,.T.);
#3256=EDGE_CURVE('',#2511,#2512,#278,.T.);
#3257=EDGE_CURVE('',#2512,#2513,#279,.T.);
#3258=EDGE_CURVE('',#2514,#2513,#280,.T.);
#3259=EDGE_CURVE('',#2514,#2515,#68,.T.);
#3260=EDGE_CURVE('',#2515,#2516,#2106,.T.);
#3261=EDGE_CURVE('',#2516,#2517,#1550,.T.);
#3262=EDGE_CURVE('',#2517,#2517,#2107,.T.);
#3263=EDGE_CURVE('',#2516,#2518,#2108,.T.);
#3264=EDGE_CURVE('',#2518,#2519,#69,.T.);
#3265=EDGE_CURVE('',#2520,#2519,#281,.T.);
#3266=EDGE_CURVE('',#2520,#2521,#282,.T.);
#3267=EDGE_CURVE('',#2521,#2522,#283,.T.);
#3268=EDGE_CURVE('',#2522,#2523,#284,.T.);
#3269=EDGE_CURVE('',#2524,#2523,#285,.T.);
#3270=EDGE_CURVE('',#2524,#2525,#70,.T.);
#3271=EDGE_CURVE('',#2525,#2526,#2109,.T.);
#3272=EDGE_CURVE('',#2526,#2527,#71,.T.);
#3273=EDGE_CURVE('',#2528,#2527,#286,.T.);
#3274=EDGE_CURVE('',#2528,#2529,#287,.T.);
#3275=EDGE_CURVE('',#2529,#2530,#288,.T.);
#3276=EDGE_CURVE('',#2530,#2531,#289,.T.);
#3277=EDGE_CURVE('',#2532,#2531,#290,.T.);
#3278=EDGE_CURVE('',#2532,#2533,#72,.T.);
#3279=EDGE_CURVE('',#2533,#2534,#2110,.T.);
#3280=EDGE_CURVE('',#2534,#2535,#73,.T.);
#3281=EDGE_CURVE('',#2536,#2535,#291,.T.);
#3282=EDGE_CURVE('',#2536,#2537,#292,.T.);
#3283=EDGE_CURVE('',#2537,#2538,#293,.T.);
#3284=EDGE_CURVE('',#2538,#2539,#294,.T.);
#3285=EDGE_CURVE('',#2540,#2539,#295,.T.);
#3286=EDGE_CURVE('',#2540,#2541,#74,.T.);
#3287=EDGE_CURVE('',#2541,#2542,#2111,.T.);
#3288=EDGE_CURVE('',#2542,#2502,#75,.T.);
#3289=EDGE_CURVE('',#2543,#2500,#296,.T.);
#3290=EDGE_CURVE('',#2544,#2543,#297,.T.);
#3291=EDGE_CURVE('',#2505,#2544,#2112,.T.);
#3292=EDGE_CURVE('',#2504,#2545,#2113,.T.);
#3293=EDGE_CURVE('',#2546,#2503,#2114,.T.);
#3294=EDGE_CURVE('',#2544,#2547,#298,.T.);
#3295=EDGE_CURVE('',#2547,#2506,#2115,.T.);
#3296=EDGE_CURVE('',#2548,#2549,#299,.T.);
#3297=EDGE_CURVE('',#2549,#2510,#2116,.T.);
#3298=EDGE_CURVE('',#2509,#2548,#2117,.T.);
#3299=EDGE_CURVE('',#2550,#2549,#300,.T.);
#3300=EDGE_CURVE('',#2551,#2550,#301,.T.);
#3301=EDGE_CURVE('',#2513,#2551,#2118,.T.);
#3302=EDGE_CURVE('',#2512,#2552,#2119,.T.);
#3303=EDGE_CURVE('',#2553,#2511,#2120,.T.);
#3304=EDGE_CURVE('',#2551,#2554,#302,.T.);
#3305=EDGE_CURVE('',#2554,#2514,#2121,.T.);
#3306=EDGE_CURVE('',#2555,#2556,#303,.T.);
#3307=EDGE_CURVE('',#2556,#2520,#2122,.T.);
#3308=EDGE_CURVE('',#2519,#2555,#2123,.T.);
#3309=EDGE_CURVE('',#2557,#2556,#304,.T.);
#3310=EDGE_CURVE('',#2558,#2557,#305,.T.);
#3311=EDGE_CURVE('',#2523,#2558,#2124,.T.);
#3312=EDGE_CURVE('',#2522,#2559,#2125,.T.);
#3313=EDGE_CURVE('',#2560,#2521,#2126,.T.);
#3314=EDGE_CURVE('',#2558,#2561,#306,.T.);
#3315=EDGE_CURVE('',#2561,#2524,#2127,.T.);
#3316=EDGE_CURVE('',#2562,#2563,#307,.T.);
#3317=EDGE_CURVE('',#2563,#2528,#2128,.T.);
#3318=EDGE_CURVE('',#2527,#2562,#2129,.T.);
#3319=EDGE_CURVE('',#2564,#2526,#1551,.T.);
#3320=EDGE_CURVE('',#2562,#2564,#76,.T.);
#3321=EDGE_CURVE('',#2531,#2565,#2130,.T.);
#3322=EDGE_CURVE('',#2565,#2566,#308,.T.);
#3323=EDGE_CURVE('',#2566,#2532,#2131,.T.);
#3324=EDGE_CURVE('',#2567,#2566,#77,.T.);
#3325=EDGE_CURVE('',#2533,#2567,#1552,.T.);
#3326=EDGE_CURVE('',#2568,#2547,#78,.T.);
#3327=EDGE_CURVE('',#2507,#2568,#1553,.T.);
#3328=EDGE_CURVE('',#2569,#2542,#1554,.T.);
#3329=EDGE_CURVE('',#2499,#2569,#79,.T.);
#3330=EDGE_CURVE('',#2570,#2554,#80,.T.);
#3331=EDGE_CURVE('',#2515,#2570,#1555,.T.);
#3332=EDGE_CURVE('',#2571,#2508,#1556,.T.);
#3333=EDGE_CURVE('',#2548,#2571,#81,.T.);
#3334=EDGE_CURVE('',#2572,#2518,#1557,.T.);
#3335=EDGE_CURVE('',#2555,#2572,#82,.T.);
#3336=EDGE_CURVE('',#2573,#2561,#83,.T.);
#3337=EDGE_CURVE('',#2525,#2573,#1558,.T.);
#3338=EDGE_CURVE('',#2567,#2574,#2132,.T.);
#3339=EDGE_CURVE('',#2574,#2534,#1559,.T.);
#3340=EDGE_CURVE('',#2573,#2564,#2133,.T.);
#3341=EDGE_CURVE('',#2570,#2575,#2134,.T.);
#3342=EDGE_CURVE('',#2575,#2572,#2135,.T.);
#3343=EDGE_CURVE('',#2541,#2576,#1560,.T.);
#3344=EDGE_CURVE('',#2576,#2569,#2136,.T.);
#3345=EDGE_CURVE('',#2568,#2571,#2137,.T.);
#3346=EDGE_CURVE('',#2576,#2577,#84,.T.);
#3347=EDGE_CURVE('',#2578,#2577,#309,.T.);
#3348=EDGE_CURVE('',#2578,#2579,#310,.T.);
#3349=EDGE_CURVE('',#2579,#2580,#311,.T.);
#3350=EDGE_CURVE('',#2581,#2580,#312,.T.);
#3351=EDGE_CURVE('',#2581,#2574,#85,.T.);
#3352=EDGE_CURVE('',#2565,#2582,#313,.T.);
#3353=EDGE_CURVE('',#2582,#2563,#314,.T.);
#3354=EDGE_CURVE('',#2575,#2583,#1561,.T.);
#3355=EDGE_CURVE('',#2583,#2583,#2138,.T.);
#3356=EDGE_CURVE('',#2530,#2584,#2139,.T.);
#3357=EDGE_CURVE('',#2585,#2529,#2140,.T.);
#3358=EDGE_CURVE('',#2580,#2536,#2141,.T.);
#3359=EDGE_CURVE('',#2535,#2581,#2142,.T.);
#3360=EDGE_CURVE('',#2539,#2578,#2143,.T.);
#3361=EDGE_CURVE('',#2577,#2540,#2144,.T.);
#3362=EDGE_CURVE('',#2538,#2586,#2145,.T.);
#3363=EDGE_CURVE('',#2587,#2537,#2146,.T.);
#3364=EDGE_CURVE('',#2588,#2589,#315,.T.);
#3365=EDGE_CURVE('',#2589,#2590,#316,.T.);
#3366=EDGE_CURVE('',#2590,#2591,#317,.T.);
#3367=EDGE_CURVE('',#2591,#2592,#318,.T.);
#3368=EDGE_CURVE('',#2592,#2588,#319,.T.);
#3369=EDGE_CURVE('',#2593,#2592,#1562,.T.);
#3370=EDGE_CURVE('',#2588,#2593,#320,.T.);
#3371=EDGE_CURVE('',#2594,#2591,#2147,.T.);
#3372=EDGE_CURVE('',#2595,#2594,#321,.T.);
#3373=EDGE_CURVE('',#2595,#2596,#1563,.T.);
#3374=EDGE_CURVE('',#2596,#2593,#2148,.T.);
#3375=EDGE_CURVE('',#2590,#2597,#322,.T.);
#3376=EDGE_CURVE('',#2597,#2598,#323,.T.);
#3377=EDGE_CURVE('',#2599,#2598,#324,.T.);
#3378=EDGE_CURVE('',#2599,#2600,#2149,.T.);
#3379=EDGE_CURVE('',#2601,#2600,#325,.T.);
#3380=EDGE_CURVE('',#2601,#2602,#326,.T.);
#3381=EDGE_CURVE('',#2602,#2603,#327,.T.);
#3382=EDGE_CURVE('',#2604,#2603,#328,.T.);
#3383=EDGE_CURVE('',#2604,#2605,#2150,.T.);
#3384=EDGE_CURVE('',#2606,#2605,#329,.T.);
#3385=EDGE_CURVE('',#2606,#2607,#330,.T.);
#3386=EDGE_CURVE('',#2607,#2608,#331,.T.);
#3387=EDGE_CURVE('',#2609,#2608,#332,.T.);
#3388=EDGE_CURVE('',#2609,#2610,#2151,.T.);
#3389=EDGE_CURVE('',#2611,#2610,#333,.T.);
#3390=EDGE_CURVE('',#2611,#2612,#334,.T.);
#3391=EDGE_CURVE('',#2612,#2613,#335,.T.);
#3392=EDGE_CURVE('',#2614,#2613,#336,.T.);
#3393=EDGE_CURVE('',#2614,#2615,#2152,.T.);
#3394=EDGE_CURVE('',#2616,#2615,#337,.T.);
#3395=EDGE_CURVE('',#2616,#2617,#338,.T.);
#3396=EDGE_CURVE('',#2617,#2618,#339,.T.);
#3397=EDGE_CURVE('',#2618,#2619,#1564,.T.);
#3398=EDGE_CURVE('',#2619,#2619,#2153,.T.);
#3399=EDGE_CURVE('',#2618,#2620,#340,.T.);
#3400=EDGE_CURVE('',#2621,#2620,#341,.T.);
#3401=EDGE_CURVE('',#2621,#2622,#2154,.T.);
#3402=EDGE_CURVE('',#2623,#2622,#342,.T.);
#3403=EDGE_CURVE('',#2623,#2624,#343,.T.);
#3404=EDGE_CURVE('',#2624,#2625,#344,.T.);
#3405=EDGE_CURVE('',#2594,#2625,#345,.T.);
#3406=EDGE_CURVE('',#2598,#2626,#346,.T.);
#3407=EDGE_CURVE('',#2626,#2627,#347,.T.);
#3408=EDGE_CURVE('',#2627,#2628,#348,.T.);
#3409=EDGE_CURVE('',#2628,#2599,#349,.T.);
#3410=EDGE_CURVE('',#2628,#2629,#1565,.T.);
#3411=EDGE_CURVE('',#2629,#2630,#2155,.T.);
#3412=EDGE_CURVE('',#2630,#2631,#1566,.T.);
#3413=EDGE_CURVE('',#2600,#2631,#350,.T.);
#3414=EDGE_CURVE('',#2629,#2627,#351,.T.);
#3415=EDGE_CURVE('',#2596,#2632,#352,.T.);
#3416=EDGE_CURVE('',#2633,#2632,#353,.T.);
#3417=EDGE_CURVE('',#2633,#2634,#354,.T.);
#3418=EDGE_CURVE('',#2635,#2634,#355,.T.);
#3419=EDGE_CURVE('',#2635,#2636,#356,.T.);
#3420=EDGE_CURVE('',#2637,#2636,#2156,.T.);
#3421=EDGE_CURVE('',#2637,#2638,#357,.T.);
#3422=EDGE_CURVE('',#2639,#2638,#358,.T.);
#3423=EDGE_CURVE('',#2639,#2640,#359,.T.);
#3424=EDGE_CURVE('',#2640,#2641,#1567,.T.);
#3425=EDGE_CURVE('',#2641,#2641,#2157,.T.);
#3426=EDGE_CURVE('',#2640,#2642,#360,.T.);
#3427=EDGE_CURVE('',#2643,#2642,#361,.T.);
#3428=EDGE_CURVE('',#2643,#2644,#362,.T.);
#3429=EDGE_CURVE('',#2645,#2644,#2158,.T.);
#3430=EDGE_CURVE('',#2645,#2646,#363,.T.);
#3431=EDGE_CURVE('',#2647,#2646,#364,.T.);
#3432=EDGE_CURVE('',#2647,#2648,#365,.T.);
#3433=EDGE_CURVE('',#2649,#2648,#366,.T.);
#3434=EDGE_CURVE('',#2649,#2650,#367,.T.);
#3435=EDGE_CURVE('',#2651,#2650,#2159,.T.);
#3436=EDGE_CURVE('',#2651,#2652,#368,.T.);
#3437=EDGE_CURVE('',#2653,#2652,#369,.T.);
#3438=EDGE_CURVE('',#2653,#2654,#370,.T.);
#3439=EDGE_CURVE('',#2655,#2654,#371,.T.);
#3440=EDGE_CURVE('',#2655,#2656,#372,.T.);
#3441=EDGE_CURVE('',#2657,#2656,#2160,.T.);
#3442=EDGE_CURVE('',#2657,#2658,#373,.T.);
#3443=EDGE_CURVE('',#2659,#2658,#374,.T.);
#3444=EDGE_CURVE('',#2659,#2660,#375,.T.);
#3445=EDGE_CURVE('',#2661,#2660,#376,.T.);
#3446=EDGE_CURVE('',#2661,#2630,#377,.T.);
#3447=EDGE_CURVE('',#2626,#2589,#378,.T.);
#3448=EDGE_CURVE('',#2634,#2623,#379,.T.);
#3449=EDGE_CURVE('',#2622,#2662,#380,.T.);
#3450=EDGE_CURVE('',#2662,#2635,#381,.T.);
#3451=EDGE_CURVE('',#2636,#2662,#1568,.T.);
#3452=EDGE_CURVE('',#2663,#2621,#382,.T.);
#3453=EDGE_CURVE('',#2663,#2637,#1569,.T.);
#3454=EDGE_CURVE('',#2625,#2633,#383,.T.);
#3455=EDGE_CURVE('',#2632,#2595,#384,.T.);
#3456=EDGE_CURVE('',#2642,#2616,#385,.T.);
#3457=EDGE_CURVE('',#2615,#2664,#386,.T.);
#3458=EDGE_CURVE('',#2664,#2643,#387,.T.);
#3459=EDGE_CURVE('',#2644,#2664,#1570,.T.);
#3460=EDGE_CURVE('',#2665,#2614,#388,.T.);
#3461=EDGE_CURVE('',#2665,#2645,#1571,.T.);
#3462=EDGE_CURVE('',#2620,#2639,#389,.T.);
#3463=EDGE_CURVE('',#2638,#2663,#390,.T.);
#3464=EDGE_CURVE('',#2648,#2611,#391,.T.);
#3465=EDGE_CURVE('',#2610,#2666,#392,.T.);
#3466=EDGE_CURVE('',#2666,#2649,#393,.T.);
#3467=EDGE_CURVE('',#2650,#2666,#1572,.T.);
#3468=EDGE_CURVE('',#2667,#2609,#394,.T.);
#3469=EDGE_CURVE('',#2667,#2651,#1573,.T.);
#3470=EDGE_CURVE('',#2613,#2647,#395,.T.);
#3471=EDGE_CURVE('',#2646,#2665,#396,.T.);
#3472=EDGE_CURVE('',#2654,#2606,#397,.T.);
#3473=EDGE_CURVE('',#2605,#2668,#398,.T.);
#3474=EDGE_CURVE('',#2668,#2655,#399,.T.);
#3475=EDGE_CURVE('',#2608,#2653,#400,.T.);
#3476=EDGE_CURVE('',#2652,#2667,#401,.T.);
#3477=EDGE_CURVE('',#2656,#2668,#1574,.T.);
#3478=EDGE_CURVE('',#2669,#2604,#402,.T.);
#3479=EDGE_CURVE('',#2669,#2657,#1575,.T.);
#3480=EDGE_CURVE('',#2660,#2601,#403,.T.);
#3481=EDGE_CURVE('',#2631,#2661,#404,.T.);
#3482=EDGE_CURVE('',#2603,#2659,#405,.T.);
#3483=EDGE_CURVE('',#2658,#2669,#406,.T.);
#3484=EDGE_CURVE('',#2670,#2670,#2161,.T.);
#3485=EDGE_CURVE('',#2670,#2671,#1576,.T.);
#3486=EDGE_CURVE('',#2671,#2671,#2162,.T.);
#3487=EDGE_CURVE('',#2672,#2672,#2163,.T.);
#3488=EDGE_CURVE('',#2672,#2673,#1577,.T.);
#3489=EDGE_CURVE('',#2673,#2673,#2164,.T.);
#3490=EDGE_CURVE('',#2674,#2675,#2165,.T.);
#3491=EDGE_CURVE('',#2676,#2675,#2166,.T.);
#3492=EDGE_CURVE('',#2676,#2677,#2167,.T.);
#3493=EDGE_CURVE('',#2677,#2674,#2168,.T.);
#3494=EDGE_CURVE('',#2678,#2678,#2169,.T.);
#3495=EDGE_CURVE('',#2679,#2680,#2170,.T.);
#3496=EDGE_CURVE('',#2681,#2680,#2171,.T.);
#3497=EDGE_CURVE('',#2681,#2682,#2172,.T.);
#3498=EDGE_CURVE('',#2682,#2679,#2173,.T.);
#3499=EDGE_CURVE('',#2683,#2683,#2174,.T.);
#3500=EDGE_CURVE('',#2684,#2682,#1578,.T.);
#3501=EDGE_CURVE('',#2685,#2684,#2175,.T.);
#3502=EDGE_CURVE('',#2679,#2685,#1579,.T.);
#3503=EDGE_CURVE('',#2685,#2686,#2176,.T.);
#3504=EDGE_CURVE('',#2680,#2686,#1580,.T.);
#3505=EDGE_CURVE('',#2687,#2684,#2177,.T.);
#3506=EDGE_CURVE('',#2688,#2687,#2178,.T.);
#3507=EDGE_CURVE('',#2688,#2689,#2179,.T.);
#3508=EDGE_CURVE('',#2689,#2690,#2180,.T.);
#3509=EDGE_CURVE('',#2690,#2691,#2181,.T.);
#3510=EDGE_CURVE('',#2686,#2691,#2182,.T.);
#3511=EDGE_CURVE('',#2675,#2691,#1581,.T.);
#3512=EDGE_CURVE('',#2676,#2690,#1582,.T.);
#3513=EDGE_CURVE('',#2677,#2689,#1583,.T.);
#3514=EDGE_CURVE('',#2674,#2688,#1584,.T.);
#3515=EDGE_CURVE('',#2687,#2681,#1585,.T.);
#3516=EDGE_CURVE('',#2678,#2692,#1586,.T.);
#3517=EDGE_CURVE('',#2692,#2692,#2183,.T.);
#3518=EDGE_CURVE('',#2693,#2693,#2184,.T.);
#3519=EDGE_CURVE('',#2694,#2694,#2185,.T.);
#3520=EDGE_CURVE('',#2693,#2683,#1587,.T.);
#3521=EDGE_CURVE('',#2695,#2695,#2186,.T.);
#3522=EDGE_CURVE('',#2695,#2694,#1588,.T.);
#3523=EDGE_CURVE('',#2696,#2696,#2187,.T.);
#3524=EDGE_CURVE('',#2696,#2697,#1589,.T.);
#3525=EDGE_CURVE('',#2697,#2697,#2188,.T.);
#3526=EDGE_CURVE('',#2698,#2698,#2189,.T.);
#3527=EDGE_CURVE('',#2698,#2699,#1590,.T.);
#3528=EDGE_CURVE('',#2699,#2699,#2190,.T.);
#3529=EDGE_CURVE('',#2700,#2700,#2191,.T.);
#3530=EDGE_CURVE('',#2700,#2701,#1591,.T.);
#3531=EDGE_CURVE('',#2701,#2701,#2192,.T.);
#3532=EDGE_CURVE('',#2702,#2702,#2193,.T.);
#3533=EDGE_CURVE('',#2702,#2703,#1592,.T.);
#3534=EDGE_CURVE('',#2703,#2703,#2194,.T.);
#3535=EDGE_CURVE('',#2704,#2704,#2195,.T.);
#3536=EDGE_CURVE('',#2704,#2705,#1593,.T.);
#3537=EDGE_CURVE('',#2705,#2705,#2196,.T.);
#3538=EDGE_CURVE('',#2706,#2706,#2197,.T.);
#3539=EDGE_CURVE('',#2707,#2708,#1594,.T.);
#3540=EDGE_CURVE('',#2709,#2708,#1595,.T.);
#3541=EDGE_CURVE('',#2709,#2710,#1596,.T.);
#3542=EDGE_CURVE('',#2710,#2707,#1597,.T.);
#3543=EDGE_CURVE('',#2711,#2711,#2198,.T.);
#3544=EDGE_CURVE('',#2711,#2712,#1598,.T.);
#3545=EDGE_CURVE('',#2712,#2712,#2199,.T.);
#3546=EDGE_CURVE('',#2713,#2714,#1599,.T.);
#3547=EDGE_CURVE('',#2715,#2714,#1600,.T.);
#3548=EDGE_CURVE('',#2715,#2716,#1601,.T.);
#3549=EDGE_CURVE('',#2716,#2713,#1602,.T.);
#3550=EDGE_CURVE('',#2714,#2707,#2200,.T.);
#3551=EDGE_CURVE('',#2710,#2715,#2201,.T.);
#3552=EDGE_CURVE('',#2716,#2717,#2202,.T.);
#3553=EDGE_CURVE('',#2717,#2709,#2203,.T.);
#3554=EDGE_CURVE('',#2718,#2713,#2204,.T.);
#3555=EDGE_CURVE('',#2708,#2718,#2205,.T.);
#3556=EDGE_CURVE('',#2719,#2719,#2206,.T.);
#3557=EDGE_CURVE('',#2719,#2718,#1603,.T.);
#3558=EDGE_CURVE('',#2717,#2720,#1604,.T.);
#3559=EDGE_CURVE('',#2720,#2720,#2207,.T.);
#3560=EDGE_CURVE('',#2721,#2722,#407,.T.);
#3561=EDGE_CURVE('',#2722,#2723,#408,.T.);
#3562=EDGE_CURVE('',#2723,#2724,#409,.T.);
#3563=EDGE_CURVE('',#2724,#2725,#410,.T.);
#3564=EDGE_CURVE('',#2725,#2726,#411,.T.);
#3565=EDGE_CURVE('',#2726,#2727,#412,.T.);
#3566=EDGE_CURVE('',#2727,#2728,#413,.T.);
#3567=EDGE_CURVE('',#2728,#2729,#414,.T.);
#3568=EDGE_CURVE('',#2729,#2730,#415,.T.);
#3569=EDGE_CURVE('',#2730,#2731,#416,.T.);
#3570=EDGE_CURVE('',#2731,#2732,#417,.T.);
#3571=EDGE_CURVE('',#2732,#2733,#418,.T.);
#3572=EDGE_CURVE('',#2733,#2734,#419,.T.);
#3573=EDGE_CURVE('',#2734,#2735,#420,.T.);
#3574=EDGE_CURVE('',#2735,#2736,#421,.T.);
#3575=EDGE_CURVE('',#2736,#2737,#422,.T.);
#3576=EDGE_CURVE('',#2737,#2738,#423,.T.);
#3577=EDGE_CURVE('',#2738,#2739,#424,.T.);
#3578=EDGE_CURVE('',#2739,#2740,#425,.T.);
#3579=EDGE_CURVE('',#2740,#2741,#426,.T.);
#3580=EDGE_CURVE('',#2741,#2742,#427,.T.);
#3581=EDGE_CURVE('',#2742,#2743,#428,.T.);
#3582=EDGE_CURVE('',#2743,#2744,#429,.T.);
#3583=EDGE_CURVE('',#2744,#2745,#430,.T.);
#3584=EDGE_CURVE('',#2745,#2746,#431,.T.);
#3585=EDGE_CURVE('',#2746,#2747,#432,.T.);
#3586=EDGE_CURVE('',#2747,#2748,#433,.T.);
#3587=EDGE_CURVE('',#2748,#2749,#434,.T.);
#3588=EDGE_CURVE('',#2749,#2750,#435,.T.);
#3589=EDGE_CURVE('',#2750,#2751,#436,.T.);
#3590=EDGE_CURVE('',#2751,#2752,#437,.T.);
#3591=EDGE_CURVE('',#2752,#2753,#438,.T.);
#3592=EDGE_CURVE('',#2753,#2754,#439,.T.);
#3593=EDGE_CURVE('',#2754,#2755,#440,.T.);
#3594=EDGE_CURVE('',#2755,#2756,#441,.T.);
#3595=EDGE_CURVE('',#2756,#2757,#442,.T.);
#3596=EDGE_CURVE('',#2757,#2758,#443,.T.);
#3597=EDGE_CURVE('',#2758,#2759,#444,.T.);
#3598=EDGE_CURVE('',#2759,#2760,#445,.T.);
#3599=EDGE_CURVE('',#2760,#2721,#446,.T.);
#3600=EDGE_CURVE('',#2761,#2761,#2208,.T.);
#3601=EDGE_CURVE('',#2706,#2761,#1605,.T.);
#3602=EDGE_CURVE('',#2721,#2762,#1606,.T.);
#3603=EDGE_CURVE('',#2763,#2762,#447,.T.);
#3604=EDGE_CURVE('',#2722,#2763,#1607,.T.);
#3605=EDGE_CURVE('',#2764,#2763,#448,.T.);
#3606=EDGE_CURVE('',#2723,#2764,#1608,.T.);
#3607=EDGE_CURVE('',#2765,#2764,#449,.T.);
#3608=EDGE_CURVE('',#2724,#2765,#1609,.T.);
#3609=EDGE_CURVE('',#2766,#2765,#450,.T.);
#3610=EDGE_CURVE('',#2725,#2766,#1610,.T.);
#3611=EDGE_CURVE('',#2767,#2766,#451,.T.);
#3612=EDGE_CURVE('',#2726,#2767,#1611,.T.);
#3613=EDGE_CURVE('',#2768,#2767,#452,.T.);
#3614=EDGE_CURVE('',#2727,#2768,#1612,.T.);
#3615=EDGE_CURVE('',#2769,#2768,#453,.T.);
#3616=EDGE_CURVE('',#2728,#2769,#1613,.T.);
#3617=EDGE_CURVE('',#2770,#2769,#454,.T.);
#3618=EDGE_CURVE('',#2729,#2770,#1614,.T.);
#3619=EDGE_CURVE('',#2771,#2770,#455,.T.);
#3620=EDGE_CURVE('',#2730,#2771,#1615,.T.);
#3621=EDGE_CURVE('',#2772,#2771,#456,.T.);
#3622=EDGE_CURVE('',#2731,#2772,#1616,.T.);
#3623=EDGE_CURVE('',#2773,#2772,#457,.T.);
#3624=EDGE_CURVE('',#2732,#2773,#1617,.T.);
#3625=EDGE_CURVE('',#2774,#2773,#458,.T.);
#3626=EDGE_CURVE('',#2733,#2774,#1618,.T.);
#3627=EDGE_CURVE('',#2775,#2774,#459,.T.);
#3628=EDGE_CURVE('',#2734,#2775,#1619,.T.);
#3629=EDGE_CURVE('',#2776,#2775,#460,.T.);
#3630=EDGE_CURVE('',#2735,#2776,#1620,.T.);
#3631=EDGE_CURVE('',#2777,#2776,#461,.T.);
#3632=EDGE_CURVE('',#2736,#2777,#1621,.T.);
#3633=EDGE_CURVE('',#2778,#2777,#462,.T.);
#3634=EDGE_CURVE('',#2737,#2778,#1622,.T.);
#3635=EDGE_CURVE('',#2779,#2778,#463,.T.);
#3636=EDGE_CURVE('',#2738,#2779,#1623,.T.);
#3637=EDGE_CURVE('',#2780,#2779,#464,.T.);
#3638=EDGE_CURVE('',#2739,#2780,#1624,.T.);
#3639=EDGE_CURVE('',#2781,#2780,#465,.T.);
#3640=EDGE_CURVE('',#2740,#2781,#1625,.T.);
#3641=EDGE_CURVE('',#2782,#2781,#466,.T.);
#3642=EDGE_CURVE('',#2741,#2782,#1626,.T.);
#3643=EDGE_CURVE('',#2783,#2782,#467,.T.);
#3644=EDGE_CURVE('',#2742,#2783,#1627,.T.);
#3645=EDGE_CURVE('',#2784,#2783,#468,.T.);
#3646=EDGE_CURVE('',#2743,#2784,#1628,.T.);
#3647=EDGE_CURVE('',#2785,#2784,#469,.T.);
#3648=EDGE_CURVE('',#2744,#2785,#1629,.T.);
#3649=EDGE_CURVE('',#2786,#2785,#470,.T.);
#3650=EDGE_CURVE('',#2745,#2786,#1630,.T.);
#3651=EDGE_CURVE('',#2787,#2786,#471,.T.);
#3652=EDGE_CURVE('',#2746,#2787,#1631,.T.);
#3653=EDGE_CURVE('',#2788,#2787,#472,.T.);
#3654=EDGE_CURVE('',#2747,#2788,#1632,.T.);
#3655=EDGE_CURVE('',#2789,#2788,#473,.T.);
#3656=EDGE_CURVE('',#2748,#2789,#1633,.T.);
#3657=EDGE_CURVE('',#2790,#2789,#474,.T.);
#3658=EDGE_CURVE('',#2749,#2790,#1634,.T.);
#3659=EDGE_CURVE('',#2791,#2790,#475,.T.);
#3660=EDGE_CURVE('',#2750,#2791,#1635,.T.);
#3661=EDGE_CURVE('',#2792,#2791,#476,.T.);
#3662=EDGE_CURVE('',#2751,#2792,#1636,.T.);
#3663=EDGE_CURVE('',#2793,#2792,#477,.T.);
#3664=EDGE_CURVE('',#2752,#2793,#1637,.T.);
#3665=EDGE_CURVE('',#2794,#2793,#478,.T.);
#3666=EDGE_CURVE('',#2753,#2794,#1638,.T.);
#3667=EDGE_CURVE('',#2795,#2794,#479,.T.);
#3668=EDGE_CURVE('',#2754,#2795,#1639,.T.);
#3669=EDGE_CURVE('',#2796,#2795,#480,.T.);
#3670=EDGE_CURVE('',#2755,#2796,#1640,.T.);
#3671=EDGE_CURVE('',#2797,#2796,#481,.T.);
#3672=EDGE_CURVE('',#2756,#2797,#1641,.T.);
#3673=EDGE_CURVE('',#2798,#2797,#482,.T.);
#3674=EDGE_CURVE('',#2757,#2798,#1642,.T.);
#3675=EDGE_CURVE('',#2799,#2798,#483,.T.);
#3676=EDGE_CURVE('',#2758,#2799,#1643,.T.);
#3677=EDGE_CURVE('',#2800,#2799,#484,.T.);
#3678=EDGE_CURVE('',#2759,#2800,#1644,.T.);
#3679=EDGE_CURVE('',#2801,#2800,#485,.T.);
#3680=EDGE_CURVE('',#2760,#2801,#1645,.T.);
#3681=EDGE_CURVE('',#2762,#2801,#486,.T.);
#3682=ORIENTED_EDGE('',*,*,#2802,.T.);
#3683=ORIENTED_EDGE('',*,*,#2803,.T.);
#3684=ORIENTED_EDGE('',*,*,#2804,.T.);
#3685=ORIENTED_EDGE('',*,*,#2805,.T.);
#3686=ORIENTED_EDGE('',*,*,#2806,.F.);
#3687=ORIENTED_EDGE('',*,*,#2803,.F.);
#3688=ORIENTED_EDGE('',*,*,#2807,.F.);
#3689=ORIENTED_EDGE('',*,*,#2808,.T.);
#3690=ORIENTED_EDGE('',*,*,#2809,.F.);
#3691=ORIENTED_EDGE('',*,*,#2810,.F.);
#3692=ORIENTED_EDGE('',*,*,#2811,.F.);
#3693=ORIENTED_EDGE('',*,*,#2812,.F.);
#3694=ORIENTED_EDGE('',*,*,#2813,.F.);
#3695=ORIENTED_EDGE('',*,*,#2814,.T.);
#3696=ORIENTED_EDGE('',*,*,#2815,.F.);
#3697=ORIENTED_EDGE('',*,*,#2816,.F.);
#3698=ORIENTED_EDGE('',*,*,#2817,.T.);
#3699=ORIENTED_EDGE('',*,*,#2818,.T.);
#3700=ORIENTED_EDGE('',*,*,#2819,.T.);
#3701=ORIENTED_EDGE('',*,*,#2820,.T.);
#3702=ORIENTED_EDGE('',*,*,#2805,.F.);
#3703=ORIENTED_EDGE('',*,*,#2821,.F.);
#3704=ORIENTED_EDGE('',*,*,#2818,.F.);
#3705=ORIENTED_EDGE('',*,*,#2822,.F.);
#3706=ORIENTED_EDGE('',*,*,#2823,.T.);
#3707=ORIENTED_EDGE('',*,*,#2824,.T.);
#3708=ORIENTED_EDGE('',*,*,#2825,.T.);
#3709=ORIENTED_EDGE('',*,*,#2812,.T.);
#3710=ORIENTED_EDGE('',*,*,#2824,.F.);
#3711=ORIENTED_EDGE('',*,*,#2826,.F.);
#3712=ORIENTED_EDGE('',*,*,#2827,.F.);
#3713=ORIENTED_EDGE('',*,*,#2828,.F.);
#3714=ORIENTED_EDGE('',*,*,#2829,.T.);
#3715=ORIENTED_EDGE('',*,*,#2830,.T.);
#3716=ORIENTED_EDGE('',*,*,#2831,.T.);
#3717=ORIENTED_EDGE('',*,*,#2827,.T.);
#3718=ORIENTED_EDGE('',*,*,#2832,.T.);
#3719=ORIENTED_EDGE('',*,*,#2833,.T.);
#3720=ORIENTED_EDGE('',*,*,#2834,.F.);
#3721=ORIENTED_EDGE('',*,*,#2835,.F.);
#3722=ORIENTED_EDGE('',*,*,#2836,.T.);
#3723=ORIENTED_EDGE('',*,*,#2830,.F.);
#3724=ORIENTED_EDGE('',*,*,#2837,.F.);
#3725=ORIENTED_EDGE('',*,*,#2838,.T.);
#3726=ORIENTED_EDGE('',*,*,#2839,.F.);
#3727=ORIENTED_EDGE('',*,*,#2840,.F.);
#3728=ORIENTED_EDGE('',*,*,#2841,.F.);
#3729=ORIENTED_EDGE('',*,*,#2820,.F.);
#3730=ORIENTED_EDGE('',*,*,#2822,.T.);
#3731=ORIENTED_EDGE('',*,*,#2817,.F.);
#3732=ORIENTED_EDGE('',*,*,#2841,.T.);
#3733=ORIENTED_EDGE('',*,*,#2842,.T.);
#3734=ORIENTED_EDGE('',*,*,#2843,.T.);
#3735=ORIENTED_EDGE('',*,*,#2807,.T.);
#3736=ORIENTED_EDGE('',*,*,#2802,.F.);
#3737=ORIENTED_EDGE('',*,*,#2844,.T.);
#3738=ORIENTED_EDGE('',*,*,#2826,.T.);
#3739=ORIENTED_EDGE('',*,*,#2823,.F.);
#3740=ORIENTED_EDGE('',*,*,#2811,.T.);
#3741=ORIENTED_EDGE('',*,*,#2845,.T.);
#3742=ORIENTED_EDGE('',*,*,#2837,.T.);
#3743=ORIENTED_EDGE('',*,*,#2829,.F.);
#3744=ORIENTED_EDGE('',*,*,#2846,.T.);
#3745=ORIENTED_EDGE('',*,*,#2847,.F.);
#3746=ORIENTED_EDGE('',*,*,#2848,.T.);
#3747=ORIENTED_EDGE('',*,*,#2846,.F.);
#3748=ORIENTED_EDGE('',*,*,#2848,.F.);
#3749=ORIENTED_EDGE('',*,*,#2849,.F.);
#3750=ORIENTED_EDGE('',*,*,#2850,.T.);
#3751=ORIENTED_EDGE('',*,*,#2844,.F.);
#3752=ORIENTED_EDGE('',*,*,#2850,.F.);
#3753=ORIENTED_EDGE('',*,*,#2843,.F.);
#3754=ORIENTED_EDGE('',*,*,#2851,.T.);
#3755=ORIENTED_EDGE('',*,*,#2852,.F.);
#3756=ORIENTED_EDGE('',*,*,#2808,.F.);
#3757=ORIENTED_EDGE('',*,*,#2845,.F.);
#3758=ORIENTED_EDGE('',*,*,#2810,.T.);
#3759=ORIENTED_EDGE('',*,*,#2853,.F.);
#3760=ORIENTED_EDGE('',*,*,#2838,.F.);
#3761=ORIENTED_EDGE('',*,*,#2842,.F.);
#3762=ORIENTED_EDGE('',*,*,#2840,.T.);
#3763=ORIENTED_EDGE('',*,*,#2854,.F.);
#3764=ORIENTED_EDGE('',*,*,#2851,.F.);
#3765=ORIENTED_EDGE('',*,*,#2854,.T.);
#3766=ORIENTED_EDGE('',*,*,#2839,.T.);
#3767=ORIENTED_EDGE('',*,*,#2853,.T.);
#3768=ORIENTED_EDGE('',*,*,#2809,.T.);
#3769=ORIENTED_EDGE('',*,*,#2852,.T.);
#3770=ORIENTED_EDGE('',*,*,#2849,.T.);
#3771=ORIENTED_EDGE('',*,*,#2847,.T.);
#3772=ORIENTED_EDGE('',*,*,#2821,.T.);
#3773=ORIENTED_EDGE('',*,*,#2804,.F.);
#3774=ORIENTED_EDGE('',*,*,#2806,.T.);
#3775=ORIENTED_EDGE('',*,*,#2855,.F.);
#3776=ORIENTED_EDGE('',*,*,#2856,.F.);
#3777=ORIENTED_EDGE('',*,*,#2832,.F.);
#3778=ORIENTED_EDGE('',*,*,#2819,.F.);
#3779=ORIENTED_EDGE('',*,*,#2857,.F.);
#3780=ORIENTED_EDGE('',*,*,#2828,.T.);
#3781=ORIENTED_EDGE('',*,*,#2831,.F.);
#3782=ORIENTED_EDGE('',*,*,#2836,.F.);
#3783=ORIENTED_EDGE('',*,*,#2858,.F.);
#3784=ORIENTED_EDGE('',*,*,#2813,.T.);
#3785=ORIENTED_EDGE('',*,*,#2825,.F.);
#3786=ORIENTED_EDGE('',*,*,#2859,.F.);
#3787=ORIENTED_EDGE('',*,*,#2860,.F.);
#3788=ORIENTED_EDGE('',*,*,#2861,.T.);
#3789=ORIENTED_EDGE('',*,*,#2859,.T.);
#3790=ORIENTED_EDGE('',*,*,#2861,.F.);
#3791=ORIENTED_EDGE('',*,*,#2862,.F.);
#3792=ORIENTED_EDGE('',*,*,#2863,.T.);
#3793=ORIENTED_EDGE('',*,*,#2857,.T.);
#3794=ORIENTED_EDGE('',*,*,#2863,.F.);
#3795=ORIENTED_EDGE('',*,*,#2858,.T.);
#3796=ORIENTED_EDGE('',*,*,#2835,.T.);
#3797=ORIENTED_EDGE('',*,*,#2864,.F.);
#3798=ORIENTED_EDGE('',*,*,#2814,.F.);
#3799=ORIENTED_EDGE('',*,*,#2855,.T.);
#3800=ORIENTED_EDGE('',*,*,#2816,.T.);
#3801=ORIENTED_EDGE('',*,*,#2865,.F.);
#3802=ORIENTED_EDGE('',*,*,#2866,.F.);
#3803=ORIENTED_EDGE('',*,*,#2856,.T.);
#3804=ORIENTED_EDGE('',*,*,#2866,.T.);
#3805=ORIENTED_EDGE('',*,*,#2867,.F.);
#3806=ORIENTED_EDGE('',*,*,#2833,.F.);
#3807=ORIENTED_EDGE('',*,*,#2834,.T.);
#3808=ORIENTED_EDGE('',*,*,#2867,.T.);
#3809=ORIENTED_EDGE('',*,*,#2865,.T.);
#3810=ORIENTED_EDGE('',*,*,#2815,.T.);
#3811=ORIENTED_EDGE('',*,*,#2864,.T.);
#3812=ORIENTED_EDGE('',*,*,#2862,.T.);
#3813=ORIENTED_EDGE('',*,*,#2860,.T.);
#3814=ORIENTED_EDGE('',*,*,#2868,.F.);
#3815=ORIENTED_EDGE('',*,*,#2869,.T.);
#3816=ORIENTED_EDGE('',*,*,#2870,.F.);
#3817=ORIENTED_EDGE('',*,*,#2869,.F.);
#3818=ORIENTED_EDGE('',*,*,#2871,.F.);
#3819=ORIENTED_EDGE('',*,*,#2872,.T.);
#3820=ORIENTED_EDGE('',*,*,#2873,.F.);
#3821=ORIENTED_EDGE('',*,*,#2874,.F.);
#3822=ORIENTED_EDGE('',*,*,#2875,.T.);
#3823=ORIENTED_EDGE('',*,*,#2874,.T.);
#3824=ORIENTED_EDGE('',*,*,#2876,.F.);
#3825=ORIENTED_EDGE('',*,*,#2877,.F.);
#3826=ORIENTED_EDGE('',*,*,#2878,.T.);
#3827=ORIENTED_EDGE('',*,*,#2879,.T.);
#3828=ORIENTED_EDGE('',*,*,#2880,.F.);
#3829=ORIENTED_EDGE('',*,*,#2872,.F.);
#3830=ORIENTED_EDGE('',*,*,#2878,.F.);
#3831=ORIENTED_EDGE('',*,*,#2871,.T.);
#3832=ORIENTED_EDGE('',*,*,#2875,.F.);
#3833=ORIENTED_EDGE('',*,*,#2881,.F.);
#3834=ORIENTED_EDGE('',*,*,#2870,.T.);
#3835=ORIENTED_EDGE('',*,*,#2880,.T.);
#3836=ORIENTED_EDGE('',*,*,#2882,.F.);
#3837=ORIENTED_EDGE('',*,*,#2876,.T.);
#3838=ORIENTED_EDGE('',*,*,#2873,.T.);
#3839=ORIENTED_EDGE('',*,*,#2868,.T.);
#3840=ORIENTED_EDGE('',*,*,#2883,.F.);
#3841=ORIENTED_EDGE('',*,*,#2884,.T.);
#3842=ORIENTED_EDGE('',*,*,#2885,.T.);
#3843=ORIENTED_EDGE('',*,*,#2884,.F.);
#3844=ORIENTED_EDGE('',*,*,#2886,.F.);
#3845=ORIENTED_EDGE('',*,*,#2887,.T.);
#3846=ORIENTED_EDGE('',*,*,#2888,.T.);
#3847=ORIENTED_EDGE('',*,*,#2889,.T.);
#3848=ORIENTED_EDGE('',*,*,#2879,.F.);
#3849=ORIENTED_EDGE('',*,*,#2881,.T.);
#3850=ORIENTED_EDGE('',*,*,#2877,.T.);
#3851=ORIENTED_EDGE('',*,*,#2882,.T.);
#3852=ORIENTED_EDGE('',*,*,#2890,.F.);
#3853=ORIENTED_EDGE('',*,*,#2891,.T.);
#3854=ORIENTED_EDGE('',*,*,#2892,.F.);
#3855=ORIENTED_EDGE('',*,*,#2891,.F.);
#3856=ORIENTED_EDGE('',*,*,#2893,.F.);
#3857=ORIENTED_EDGE('',*,*,#2894,.T.);
#3858=ORIENTED_EDGE('',*,*,#2895,.F.);
#3859=ORIENTED_EDGE('',*,*,#2896,.F.);
#3860=ORIENTED_EDGE('',*,*,#2897,.T.);
#3861=ORIENTED_EDGE('',*,*,#2896,.T.);
#3862=ORIENTED_EDGE('',*,*,#2898,.F.);
#3863=ORIENTED_EDGE('',*,*,#2888,.F.);
#3864=ORIENTED_EDGE('',*,*,#2899,.T.);
#3865=ORIENTED_EDGE('',*,*,#2886,.T.);
#3866=ORIENTED_EDGE('',*,*,#2900,.F.);
#3867=ORIENTED_EDGE('',*,*,#2894,.F.);
#3868=ORIENTED_EDGE('',*,*,#2899,.F.);
#3869=ORIENTED_EDGE('',*,*,#2893,.T.);
#3870=ORIENTED_EDGE('',*,*,#2897,.F.);
#3871=ORIENTED_EDGE('',*,*,#2887,.F.);
#3872=ORIENTED_EDGE('',*,*,#2892,.T.);
#3873=ORIENTED_EDGE('',*,*,#2900,.T.);
#3874=ORIENTED_EDGE('',*,*,#2889,.F.);
#3875=ORIENTED_EDGE('',*,*,#2898,.T.);
#3876=ORIENTED_EDGE('',*,*,#2895,.T.);
#3877=ORIENTED_EDGE('',*,*,#2890,.T.);
#3878=ORIENTED_EDGE('',*,*,#2901,.T.);
#3879=ORIENTED_EDGE('',*,*,#2902,.T.);
#3880=ORIENTED_EDGE('',*,*,#2903,.F.);
#3881=ORIENTED_EDGE('',*,*,#2904,.F.);
#3882=ORIENTED_EDGE('',*,*,#2902,.F.);
#3883=ORIENTED_EDGE('',*,*,#2905,.T.);
#3884=ORIENTED_EDGE('',*,*,#2903,.T.);
#3885=ORIENTED_EDGE('',*,*,#2904,.T.);
#3886=ORIENTED_EDGE('',*,*,#2906,.T.);
#3887=ORIENTED_EDGE('',*,*,#2907,.F.);
#3888=ORIENTED_EDGE('',*,*,#2906,.F.);
#3889=ORIENTED_EDGE('',*,*,#2907,.T.);
#3890=ORIENTED_EDGE('',*,*,#2908,.T.);
#3891=ORIENTED_EDGE('',*,*,#2909,.F.);
#3892=ORIENTED_EDGE('',*,*,#2908,.F.);
#3893=ORIENTED_EDGE('',*,*,#2885,.F.);
#3894=ORIENTED_EDGE('',*,*,#2909,.T.);
#3895=ORIENTED_EDGE('',*,*,#2883,.T.);
#3896=ORIENTED_EDGE('',*,*,#2910,.F.);
#3897=ORIENTED_EDGE('',*,*,#2910,.T.);
#3898=ORIENTED_EDGE('',*,*,#2911,.T.);
#3899=ORIENTED_EDGE('',*,*,#2912,.F.);
#3900=ORIENTED_EDGE('',*,*,#2911,.F.);
#3901=ORIENTED_EDGE('',*,*,#2912,.T.);
#3902=ORIENTED_EDGE('',*,*,#2913,.T.);
#3903=ORIENTED_EDGE('',*,*,#2905,.F.);
#3904=ORIENTED_EDGE('',*,*,#2901,.F.);
#3905=ORIENTED_EDGE('',*,*,#2913,.F.);
#3906=ORIENTED_EDGE('',*,*,#2914,.F.);
#3907=ORIENTED_EDGE('',*,*,#2915,.T.);
#3908=ORIENTED_EDGE('',*,*,#2916,.T.);
#3909=ORIENTED_EDGE('',*,*,#2917,.T.);
#3910=ORIENTED_EDGE('',*,*,#2917,.F.);
#3911=ORIENTED_EDGE('',*,*,#2918,.F.);
#3912=ORIENTED_EDGE('',*,*,#2919,.F.);
#3913=ORIENTED_EDGE('',*,*,#2920,.F.);
#3914=ORIENTED_EDGE('',*,*,#2921,.F.);
#3915=ORIENTED_EDGE('',*,*,#2922,.T.);
#3916=ORIENTED_EDGE('',*,*,#2923,.F.);
#3917=ORIENTED_EDGE('',*,*,#2924,.F.);
#3918=ORIENTED_EDGE('',*,*,#2925,.T.);
#3919=ORIENTED_EDGE('',*,*,#2919,.T.);
#3920=ORIENTED_EDGE('',*,*,#2926,.T.);
#3921=ORIENTED_EDGE('',*,*,#2927,.T.);
#3922=ORIENTED_EDGE('',*,*,#2928,.T.);
#3923=ORIENTED_EDGE('',*,*,#2929,.T.);
#3924=ORIENTED_EDGE('',*,*,#2930,.T.);
#3925=ORIENTED_EDGE('',*,*,#2931,.T.);
#3926=ORIENTED_EDGE('',*,*,#2932,.F.);
#3927=ORIENTED_EDGE('',*,*,#2933,.T.);
#3928=ORIENTED_EDGE('',*,*,#2934,.F.);
#3929=ORIENTED_EDGE('',*,*,#2935,.F.);
#3930=ORIENTED_EDGE('',*,*,#2936,.F.);
#3931=ORIENTED_EDGE('',*,*,#2929,.F.);
#3932=ORIENTED_EDGE('',*,*,#2937,.F.);
#3933=ORIENTED_EDGE('',*,*,#2938,.T.);
#3934=ORIENTED_EDGE('',*,*,#2939,.F.);
#3935=ORIENTED_EDGE('',*,*,#2940,.F.);
#3936=ORIENTED_EDGE('',*,*,#2941,.F.);
#3937=ORIENTED_EDGE('',*,*,#2927,.F.);
#3938=ORIENTED_EDGE('',*,*,#2942,.T.);
#3939=ORIENTED_EDGE('',*,*,#2943,.T.);
#3940=ORIENTED_EDGE('',*,*,#2944,.F.);
#3941=ORIENTED_EDGE('',*,*,#2945,.T.);
#3942=ORIENTED_EDGE('',*,*,#2946,.F.);
#3943=ORIENTED_EDGE('',*,*,#2947,.F.);
#3944=ORIENTED_EDGE('',*,*,#2948,.F.);
#3945=ORIENTED_EDGE('',*,*,#2949,.T.);
#3946=ORIENTED_EDGE('',*,*,#2950,.F.);
#3947=ORIENTED_EDGE('',*,*,#2945,.F.);
#3948=ORIENTED_EDGE('',*,*,#2951,.F.);
#3949=ORIENTED_EDGE('',*,*,#2952,.T.);
#3950=ORIENTED_EDGE('',*,*,#2953,.F.);
#3951=ORIENTED_EDGE('',*,*,#2922,.F.);
#3952=ORIENTED_EDGE('',*,*,#2954,.F.);
#3953=ORIENTED_EDGE('',*,*,#2915,.F.);
#3954=ORIENTED_EDGE('',*,*,#2955,.T.);
#3955=ORIENTED_EDGE('',*,*,#2956,.T.);
#3956=ORIENTED_EDGE('',*,*,#2957,.F.);
#3957=ORIENTED_EDGE('',*,*,#2952,.F.);
#3958=ORIENTED_EDGE('',*,*,#2931,.F.);
#3959=ORIENTED_EDGE('',*,*,#2958,.F.);
#3960=ORIENTED_EDGE('',*,*,#2943,.F.);
#3961=ORIENTED_EDGE('',*,*,#2959,.F.);
#3962=ORIENTED_EDGE('',*,*,#2959,.T.);
#3963=ORIENTED_EDGE('',*,*,#2942,.F.);
#3964=ORIENTED_EDGE('',*,*,#2950,.T.);
#3965=ORIENTED_EDGE('',*,*,#2960,.T.);
#3966=ORIENTED_EDGE('',*,*,#2961,.T.);
#3967=ORIENTED_EDGE('',*,*,#2962,.T.);
#3968=ORIENTED_EDGE('',*,*,#2963,.T.);
#3969=ORIENTED_EDGE('',*,*,#2964,.T.);
#3970=ORIENTED_EDGE('',*,*,#2937,.T.);
#3971=ORIENTED_EDGE('',*,*,#2928,.F.);
#3972=ORIENTED_EDGE('',*,*,#2965,.T.);
#3973=ORIENTED_EDGE('',*,*,#2966,.F.);
#3974=ORIENTED_EDGE('',*,*,#2967,.T.);
#3975=ORIENTED_EDGE('',*,*,#2968,.F.);
#3976=ORIENTED_EDGE('',*,*,#2967,.F.);
#3977=ORIENTED_EDGE('',*,*,#2969,.F.);
#3978=ORIENTED_EDGE('',*,*,#2970,.T.);
#3979=ORIENTED_EDGE('',*,*,#2965,.F.);
#3980=ORIENTED_EDGE('',*,*,#2970,.F.);
#3981=ORIENTED_EDGE('',*,*,#2961,.F.);
#3982=ORIENTED_EDGE('',*,*,#2971,.T.);
#3983=ORIENTED_EDGE('',*,*,#2972,.F.);
#3984=ORIENTED_EDGE('',*,*,#2973,.F.);
#3985=ORIENTED_EDGE('',*,*,#2962,.F.);
#3986=ORIENTED_EDGE('',*,*,#2973,.T.);
#3987=ORIENTED_EDGE('',*,*,#2974,.F.);
#3988=ORIENTED_EDGE('',*,*,#2975,.F.);
#3989=ORIENTED_EDGE('',*,*,#2963,.F.);
#3990=ORIENTED_EDGE('',*,*,#2975,.T.);
#3991=ORIENTED_EDGE('',*,*,#2976,.F.);
#3992=ORIENTED_EDGE('',*,*,#2977,.F.);
#3993=ORIENTED_EDGE('',*,*,#2964,.F.);
#3994=ORIENTED_EDGE('',*,*,#2977,.T.);
#3995=ORIENTED_EDGE('',*,*,#2978,.F.);
#3996=ORIENTED_EDGE('',*,*,#2938,.F.);
#3997=ORIENTED_EDGE('',*,*,#2979,.F.);
#3998=ORIENTED_EDGE('',*,*,#2940,.T.);
#3999=ORIENTED_EDGE('',*,*,#2980,.F.);
#4000=ORIENTED_EDGE('',*,*,#2981,.F.);
#4001=ORIENTED_EDGE('',*,*,#2982,.F.);
#4002=ORIENTED_EDGE('',*,*,#2981,.T.);
#4003=ORIENTED_EDGE('',*,*,#2983,.F.);
#4004=ORIENTED_EDGE('',*,*,#2984,.F.);
#4005=ORIENTED_EDGE('',*,*,#2985,.F.);
#4006=ORIENTED_EDGE('',*,*,#2984,.T.);
#4007=ORIENTED_EDGE('',*,*,#2986,.F.);
#4008=ORIENTED_EDGE('',*,*,#2987,.F.);
#4009=ORIENTED_EDGE('',*,*,#2988,.F.);
#4010=ORIENTED_EDGE('',*,*,#2987,.T.);
#4011=ORIENTED_EDGE('',*,*,#2989,.F.);
#4012=ORIENTED_EDGE('',*,*,#2990,.F.);
#4013=ORIENTED_EDGE('',*,*,#2920,.T.);
#4014=ORIENTED_EDGE('',*,*,#2925,.F.);
#4015=ORIENTED_EDGE('',*,*,#2941,.T.);
#4016=ORIENTED_EDGE('',*,*,#2979,.T.);
#4017=ORIENTED_EDGE('',*,*,#2982,.T.);
#4018=ORIENTED_EDGE('',*,*,#2985,.T.);
#4019=ORIENTED_EDGE('',*,*,#2988,.T.);
#4020=ORIENTED_EDGE('',*,*,#2991,.T.);
#4021=ORIENTED_EDGE('',*,*,#2946,.T.);
#4022=ORIENTED_EDGE('',*,*,#2914,.T.);
#4023=ORIENTED_EDGE('',*,*,#2968,.T.);
#4024=ORIENTED_EDGE('',*,*,#2989,.T.);
#4025=ORIENTED_EDGE('',*,*,#2986,.T.);
#4026=ORIENTED_EDGE('',*,*,#2983,.T.);
#4027=ORIENTED_EDGE('',*,*,#2980,.T.);
#4028=ORIENTED_EDGE('',*,*,#2939,.T.);
#4029=ORIENTED_EDGE('',*,*,#2978,.T.);
#4030=ORIENTED_EDGE('',*,*,#2976,.T.);
#4031=ORIENTED_EDGE('',*,*,#2974,.T.);
#4032=ORIENTED_EDGE('',*,*,#2972,.T.);
#4033=ORIENTED_EDGE('',*,*,#2992,.T.);
#4034=ORIENTED_EDGE('',*,*,#2948,.T.);
#4035=ORIENTED_EDGE('',*,*,#2993,.T.);
#4036=ORIENTED_EDGE('',*,*,#2969,.T.);
#4037=ORIENTED_EDGE('',*,*,#2966,.T.);
#4038=ORIENTED_EDGE('',*,*,#2958,.T.);
#4039=ORIENTED_EDGE('',*,*,#2930,.F.);
#4040=ORIENTED_EDGE('',*,*,#2936,.T.);
#4041=ORIENTED_EDGE('',*,*,#2994,.T.);
#4042=ORIENTED_EDGE('',*,*,#2995,.F.);
#4043=ORIENTED_EDGE('',*,*,#2996,.F.);
#4044=ORIENTED_EDGE('',*,*,#2997,.T.);
#4045=ORIENTED_EDGE('',*,*,#2955,.F.);
#4046=ORIENTED_EDGE('',*,*,#2951,.T.);
#4047=ORIENTED_EDGE('',*,*,#2944,.T.);
#4048=ORIENTED_EDGE('',*,*,#2998,.F.);
#4049=ORIENTED_EDGE('',*,*,#2918,.T.);
#4050=ORIENTED_EDGE('',*,*,#2916,.F.);
#4051=ORIENTED_EDGE('',*,*,#2954,.T.);
#4052=ORIENTED_EDGE('',*,*,#2921,.T.);
#4053=ORIENTED_EDGE('',*,*,#2999,.F.);
#4054=ORIENTED_EDGE('',*,*,#3000,.F.);
#4055=ORIENTED_EDGE('',*,*,#3001,.T.);
#4056=ORIENTED_EDGE('',*,*,#3002,.T.);
#4057=ORIENTED_EDGE('',*,*,#2932,.T.);
#4058=ORIENTED_EDGE('',*,*,#2926,.F.);
#4059=ORIENTED_EDGE('',*,*,#3003,.F.);
#4060=ORIENTED_EDGE('',*,*,#3004,.F.);
#4061=ORIENTED_EDGE('',*,*,#3005,.T.);
#4062=ORIENTED_EDGE('',*,*,#3003,.T.);
#4063=ORIENTED_EDGE('',*,*,#3005,.F.);
#4064=ORIENTED_EDGE('',*,*,#3006,.F.);
#4065=ORIENTED_EDGE('',*,*,#3007,.T.);
#4066=ORIENTED_EDGE('',*,*,#2998,.T.);
#4067=ORIENTED_EDGE('',*,*,#3007,.F.);
#4068=ORIENTED_EDGE('',*,*,#3001,.F.);
#4069=ORIENTED_EDGE('',*,*,#3008,.T.);
#4070=ORIENTED_EDGE('',*,*,#3009,.F.);
#4071=ORIENTED_EDGE('',*,*,#3010,.F.);
#4072=ORIENTED_EDGE('',*,*,#3002,.F.);
#4073=ORIENTED_EDGE('',*,*,#3010,.T.);
#4074=ORIENTED_EDGE('',*,*,#3011,.F.);
#4075=ORIENTED_EDGE('',*,*,#2933,.F.);
#4076=ORIENTED_EDGE('',*,*,#2994,.F.);
#4077=ORIENTED_EDGE('',*,*,#2935,.T.);
#4078=ORIENTED_EDGE('',*,*,#3012,.F.);
#4079=ORIENTED_EDGE('',*,*,#3013,.F.);
#4080=ORIENTED_EDGE('',*,*,#2995,.T.);
#4081=ORIENTED_EDGE('',*,*,#3013,.T.);
#4082=ORIENTED_EDGE('',*,*,#3014,.F.);
#4083=ORIENTED_EDGE('',*,*,#3015,.F.);
#4084=ORIENTED_EDGE('',*,*,#2996,.T.);
#4085=ORIENTED_EDGE('',*,*,#3015,.T.);
#4086=ORIENTED_EDGE('',*,*,#3016,.F.);
#4087=ORIENTED_EDGE('',*,*,#3017,.F.);
#4088=ORIENTED_EDGE('',*,*,#2997,.F.);
#4089=ORIENTED_EDGE('',*,*,#3017,.T.);
#4090=ORIENTED_EDGE('',*,*,#3018,.F.);
#4091=ORIENTED_EDGE('',*,*,#2956,.F.);
#4092=ORIENTED_EDGE('',*,*,#2960,.F.);
#4093=ORIENTED_EDGE('',*,*,#2949,.F.);
#4094=ORIENTED_EDGE('',*,*,#2992,.F.);
#4095=ORIENTED_EDGE('',*,*,#2971,.F.);
#4096=ORIENTED_EDGE('',*,*,#2991,.F.);
#4097=ORIENTED_EDGE('',*,*,#2990,.T.);
#4098=ORIENTED_EDGE('',*,*,#2993,.F.);
#4099=ORIENTED_EDGE('',*,*,#2947,.T.);
#4100=ORIENTED_EDGE('',*,*,#2999,.T.);
#4101=ORIENTED_EDGE('',*,*,#2924,.T.);
#4102=ORIENTED_EDGE('',*,*,#3019,.F.);
#4103=ORIENTED_EDGE('',*,*,#3020,.F.);
#4104=ORIENTED_EDGE('',*,*,#3000,.T.);
#4105=ORIENTED_EDGE('',*,*,#3020,.T.);
#4106=ORIENTED_EDGE('',*,*,#3021,.F.);
#4107=ORIENTED_EDGE('',*,*,#3008,.F.);
#4108=ORIENTED_EDGE('',*,*,#3021,.T.);
#4109=ORIENTED_EDGE('',*,*,#3019,.T.);
#4110=ORIENTED_EDGE('',*,*,#2923,.T.);
#4111=ORIENTED_EDGE('',*,*,#2953,.T.);
#4112=ORIENTED_EDGE('',*,*,#2957,.T.);
#4113=ORIENTED_EDGE('',*,*,#3018,.T.);
#4114=ORIENTED_EDGE('',*,*,#3016,.T.);
#4115=ORIENTED_EDGE('',*,*,#3014,.T.);
#4116=ORIENTED_EDGE('',*,*,#3012,.T.);
#4117=ORIENTED_EDGE('',*,*,#2934,.T.);
#4118=ORIENTED_EDGE('',*,*,#3011,.T.);
#4119=ORIENTED_EDGE('',*,*,#3009,.T.);
#4120=ORIENTED_EDGE('',*,*,#3006,.T.);
#4121=ORIENTED_EDGE('',*,*,#3004,.T.);
#4122=ORIENTED_EDGE('',*,*,#3022,.T.);
#4123=ORIENTED_EDGE('',*,*,#3023,.T.);
#4124=ORIENTED_EDGE('',*,*,#3024,.F.);
#4125=ORIENTED_EDGE('',*,*,#3025,.F.);
#4126=ORIENTED_EDGE('',*,*,#3026,.T.);
#4127=ORIENTED_EDGE('',*,*,#3027,.F.);
#4128=ORIENTED_EDGE('',*,*,#3028,.F.);
#4129=ORIENTED_EDGE('',*,*,#3029,.F.);
#4130=ORIENTED_EDGE('',*,*,#3030,.F.);
#4131=ORIENTED_EDGE('',*,*,#3029,.T.);
#4132=ORIENTED_EDGE('',*,*,#3031,.F.);
#4133=ORIENTED_EDGE('',*,*,#3023,.F.);
#4134=ORIENTED_EDGE('',*,*,#3030,.T.);
#4135=ORIENTED_EDGE('',*,*,#3022,.F.);
#4136=ORIENTED_EDGE('',*,*,#3032,.F.);
#4137=ORIENTED_EDGE('',*,*,#3026,.F.);
#4138=ORIENTED_EDGE('',*,*,#3031,.T.);
#4139=ORIENTED_EDGE('',*,*,#3028,.T.);
#4140=ORIENTED_EDGE('',*,*,#3033,.T.);
#4141=ORIENTED_EDGE('',*,*,#3024,.T.);
#4142=ORIENTED_EDGE('',*,*,#3027,.T.);
#4143=ORIENTED_EDGE('',*,*,#3034,.F.);
#4144=ORIENTED_EDGE('',*,*,#3025,.T.);
#4145=ORIENTED_EDGE('',*,*,#3035,.T.);
#4146=ORIENTED_EDGE('',*,*,#3036,.F.);
#4147=ORIENTED_EDGE('',*,*,#3037,.T.);
#4148=ORIENTED_EDGE('',*,*,#3038,.T.);
#4149=ORIENTED_EDGE('',*,*,#3039,.T.);
#4150=ORIENTED_EDGE('',*,*,#3040,.F.);
#4151=ORIENTED_EDGE('',*,*,#3041,.T.);
#4152=ORIENTED_EDGE('',*,*,#3042,.F.);
#4153=ORIENTED_EDGE('',*,*,#3041,.F.);
#4154=ORIENTED_EDGE('',*,*,#3043,.F.);
#4155=ORIENTED_EDGE('',*,*,#3044,.T.);
#4156=ORIENTED_EDGE('',*,*,#3045,.F.);
#4157=ORIENTED_EDGE('',*,*,#3046,.F.);
#4158=ORIENTED_EDGE('',*,*,#3047,.T.);
#4159=ORIENTED_EDGE('',*,*,#3046,.T.);
#4160=ORIENTED_EDGE('',*,*,#3048,.F.);
#4161=ORIENTED_EDGE('',*,*,#3038,.F.);
#4162=ORIENTED_EDGE('',*,*,#3049,.T.);
#4163=ORIENTED_EDGE('',*,*,#3036,.T.);
#4164=ORIENTED_EDGE('',*,*,#3050,.F.);
#4165=ORIENTED_EDGE('',*,*,#3044,.F.);
#4166=ORIENTED_EDGE('',*,*,#3049,.F.);
#4167=ORIENTED_EDGE('',*,*,#3043,.T.);
#4168=ORIENTED_EDGE('',*,*,#3047,.F.);
#4169=ORIENTED_EDGE('',*,*,#3037,.F.);
#4170=ORIENTED_EDGE('',*,*,#3042,.T.);
#4171=ORIENTED_EDGE('',*,*,#3050,.T.);
#4172=ORIENTED_EDGE('',*,*,#3039,.F.);
#4173=ORIENTED_EDGE('',*,*,#3048,.T.);
#4174=ORIENTED_EDGE('',*,*,#3045,.T.);
#4175=ORIENTED_EDGE('',*,*,#3040,.T.);
#4176=ORIENTED_EDGE('',*,*,#3051,.T.);
#4177=ORIENTED_EDGE('',*,*,#3052,.T.);
#4178=ORIENTED_EDGE('',*,*,#3053,.F.);
#4179=ORIENTED_EDGE('',*,*,#3054,.F.);
#4180=ORIENTED_EDGE('',*,*,#3052,.F.);
#4181=ORIENTED_EDGE('',*,*,#3055,.T.);
#4182=ORIENTED_EDGE('',*,*,#3053,.T.);
#4183=ORIENTED_EDGE('',*,*,#3054,.T.);
#4184=ORIENTED_EDGE('',*,*,#3056,.T.);
#4185=ORIENTED_EDGE('',*,*,#3057,.F.);
#4186=ORIENTED_EDGE('',*,*,#3056,.F.);
#4187=ORIENTED_EDGE('',*,*,#3057,.T.);
#4188=ORIENTED_EDGE('',*,*,#3058,.T.);
#4189=ORIENTED_EDGE('',*,*,#3059,.F.);
#4190=ORIENTED_EDGE('',*,*,#3058,.F.);
#4191=ORIENTED_EDGE('',*,*,#3035,.F.);
#4192=ORIENTED_EDGE('',*,*,#3033,.F.);
#4193=ORIENTED_EDGE('',*,*,#3059,.T.);
#4194=ORIENTED_EDGE('',*,*,#3034,.T.);
#4195=ORIENTED_EDGE('',*,*,#3032,.T.);
#4196=ORIENTED_EDGE('',*,*,#3060,.F.);
#4197=ORIENTED_EDGE('',*,*,#3060,.T.);
#4198=ORIENTED_EDGE('',*,*,#3061,.T.);
#4199=ORIENTED_EDGE('',*,*,#3062,.F.);
#4200=ORIENTED_EDGE('',*,*,#3061,.F.);
#4201=ORIENTED_EDGE('',*,*,#3062,.T.);
#4202=ORIENTED_EDGE('',*,*,#3063,.T.);
#4203=ORIENTED_EDGE('',*,*,#3055,.F.);
#4204=ORIENTED_EDGE('',*,*,#3051,.F.);
#4205=ORIENTED_EDGE('',*,*,#3063,.F.);
#4206=ORIENTED_EDGE('',*,*,#3064,.F.);
#4207=ORIENTED_EDGE('',*,*,#3065,.T.);
#4208=ORIENTED_EDGE('',*,*,#3066,.T.);
#4209=ORIENTED_EDGE('',*,*,#3065,.F.);
#4210=ORIENTED_EDGE('',*,*,#3066,.F.);
#4211=ORIENTED_EDGE('',*,*,#3067,.F.);
#4212=ORIENTED_EDGE('',*,*,#3064,.T.);
#4213=ORIENTED_EDGE('',*,*,#3068,.T.);
#4214=ORIENTED_EDGE('',*,*,#3069,.T.);
#4215=ORIENTED_EDGE('',*,*,#3067,.T.);
#4216=ORIENTED_EDGE('',*,*,#3070,.T.);
#4217=ORIENTED_EDGE('',*,*,#3071,.T.);
#4218=ORIENTED_EDGE('',*,*,#3070,.F.);
#4219=ORIENTED_EDGE('',*,*,#3072,.T.);
#4220=ORIENTED_EDGE('',*,*,#3073,.T.);
#4221=ORIENTED_EDGE('',*,*,#3074,.F.);
#4222=ORIENTED_EDGE('',*,*,#3075,.F.);
#4223=ORIENTED_EDGE('',*,*,#3073,.F.);
#4224=ORIENTED_EDGE('',*,*,#3076,.T.);
#4225=ORIENTED_EDGE('',*,*,#3071,.F.);
#4226=ORIENTED_EDGE('',*,*,#3077,.T.);
#4227=ORIENTED_EDGE('',*,*,#3074,.T.);
#4228=ORIENTED_EDGE('',*,*,#3075,.T.);
#4229=ORIENTED_EDGE('',*,*,#3077,.F.);
#4230=ORIENTED_EDGE('',*,*,#3078,.F.);
#4231=ORIENTED_EDGE('',*,*,#3079,.T.);
#4232=ORIENTED_EDGE('',*,*,#3080,.F.);
#4233=ORIENTED_EDGE('',*,*,#3081,.F.);
#4234=ORIENTED_EDGE('',*,*,#3082,.F.);
#4235=ORIENTED_EDGE('',*,*,#3083,.F.);
#4236=ORIENTED_EDGE('',*,*,#3084,.F.);
#4237=ORIENTED_EDGE('',*,*,#3079,.F.);
#4238=ORIENTED_EDGE('',*,*,#3072,.F.);
#4239=ORIENTED_EDGE('',*,*,#3085,.T.);
#4240=ORIENTED_EDGE('',*,*,#3078,.T.);
#4241=ORIENTED_EDGE('',*,*,#3085,.F.);
#4242=ORIENTED_EDGE('',*,*,#3076,.F.);
#4243=ORIENTED_EDGE('',*,*,#3082,.T.);
#4244=ORIENTED_EDGE('',*,*,#3086,.F.);
#4245=ORIENTED_EDGE('',*,*,#3087,.T.);
#4246=ORIENTED_EDGE('',*,*,#3088,.F.);
#4247=ORIENTED_EDGE('',*,*,#3089,.F.);
#4248=ORIENTED_EDGE('',*,*,#3081,.T.);
#4249=ORIENTED_EDGE('',*,*,#3090,.T.);
#4250=ORIENTED_EDGE('',*,*,#3091,.F.);
#4251=ORIENTED_EDGE('',*,*,#3086,.T.);
#4252=ORIENTED_EDGE('',*,*,#3092,.T.);
#4253=ORIENTED_EDGE('',*,*,#3093,.T.);
#4254=ORIENTED_EDGE('',*,*,#3094,.F.);
#4255=ORIENTED_EDGE('',*,*,#3095,.F.);
#4256=ORIENTED_EDGE('',*,*,#3096,.T.);
#4257=ORIENTED_EDGE('',*,*,#3095,.T.);
#4258=ORIENTED_EDGE('',*,*,#3097,.F.);
#4259=ORIENTED_EDGE('',*,*,#3098,.F.);
#4260=ORIENTED_EDGE('',*,*,#3099,.T.);
#4261=ORIENTED_EDGE('',*,*,#3098,.T.);
#4262=ORIENTED_EDGE('',*,*,#3100,.F.);
#4263=ORIENTED_EDGE('',*,*,#3101,.F.);
#4264=ORIENTED_EDGE('',*,*,#3080,.T.);
#4265=ORIENTED_EDGE('',*,*,#3084,.T.);
#4266=ORIENTED_EDGE('',*,*,#3102,.F.);
#4267=ORIENTED_EDGE('',*,*,#3103,.F.);
#4268=ORIENTED_EDGE('',*,*,#3100,.T.);
#4269=ORIENTED_EDGE('',*,*,#3097,.T.);
#4270=ORIENTED_EDGE('',*,*,#3094,.T.);
#4271=ORIENTED_EDGE('',*,*,#3104,.F.);
#4272=ORIENTED_EDGE('',*,*,#3090,.F.);
#4273=ORIENTED_EDGE('',*,*,#3083,.T.);
#4274=ORIENTED_EDGE('',*,*,#3088,.T.);
#4275=ORIENTED_EDGE('',*,*,#3105,.F.);
#4276=ORIENTED_EDGE('',*,*,#3102,.T.);
#4277=ORIENTED_EDGE('',*,*,#3093,.F.);
#4278=ORIENTED_EDGE('',*,*,#3106,.T.);
#4279=ORIENTED_EDGE('',*,*,#3101,.T.);
#4280=ORIENTED_EDGE('',*,*,#3103,.T.);
#4281=ORIENTED_EDGE('',*,*,#3105,.T.);
#4282=ORIENTED_EDGE('',*,*,#3087,.F.);
#4283=ORIENTED_EDGE('',*,*,#3091,.T.);
#4284=ORIENTED_EDGE('',*,*,#3104,.T.);
#4285=ORIENTED_EDGE('',*,*,#3069,.F.);
#4286=ORIENTED_EDGE('',*,*,#3107,.T.);
#4287=ORIENTED_EDGE('',*,*,#3108,.T.);
#4288=ORIENTED_EDGE('',*,*,#3107,.F.);
#4289=ORIENTED_EDGE('',*,*,#3108,.F.);
#4290=ORIENTED_EDGE('',*,*,#3109,.F.);
#4291=ORIENTED_EDGE('',*,*,#3110,.F.);
#4292=ORIENTED_EDGE('',*,*,#3111,.T.);
#4293=ORIENTED_EDGE('',*,*,#3089,.T.);
#4294=ORIENTED_EDGE('',*,*,#3111,.F.);
#4295=ORIENTED_EDGE('',*,*,#3112,.F.);
#4296=ORIENTED_EDGE('',*,*,#3113,.T.);
#4297=ORIENTED_EDGE('',*,*,#3110,.T.);
#4298=ORIENTED_EDGE('',*,*,#3113,.F.);
#4299=ORIENTED_EDGE('',*,*,#3114,.F.);
#4300=ORIENTED_EDGE('',*,*,#3112,.T.);
#4301=ORIENTED_EDGE('',*,*,#3115,.T.);
#4302=ORIENTED_EDGE('',*,*,#3116,.F.);
#4303=ORIENTED_EDGE('',*,*,#3117,.F.);
#4304=ORIENTED_EDGE('',*,*,#3115,.F.);
#4305=ORIENTED_EDGE('',*,*,#3114,.T.);
#4306=ORIENTED_EDGE('',*,*,#3118,.F.);
#4307=ORIENTED_EDGE('',*,*,#3119,.T.);
#4308=ORIENTED_EDGE('',*,*,#3116,.T.);
#4309=ORIENTED_EDGE('',*,*,#3117,.T.);
#4310=ORIENTED_EDGE('',*,*,#3119,.F.);
#4311=ORIENTED_EDGE('',*,*,#3068,.F.);
#4312=ORIENTED_EDGE('',*,*,#3120,.T.);
#4313=ORIENTED_EDGE('',*,*,#3118,.T.);
#4314=ORIENTED_EDGE('',*,*,#3120,.F.);
#4315=ORIENTED_EDGE('',*,*,#3121,.T.);
#4316=ORIENTED_EDGE('',*,*,#3122,.T.);
#4317=ORIENTED_EDGE('',*,*,#3123,.T.);
#4318=ORIENTED_EDGE('',*,*,#3124,.T.);
#4319=ORIENTED_EDGE('',*,*,#3125,.T.);
#4320=ORIENTED_EDGE('',*,*,#3126,.T.);
#4321=ORIENTED_EDGE('',*,*,#3127,.T.);
#4322=ORIENTED_EDGE('',*,*,#3128,.T.);
#4323=ORIENTED_EDGE('',*,*,#3129,.T.);
#4324=ORIENTED_EDGE('',*,*,#3130,.T.);
#4325=ORIENTED_EDGE('',*,*,#3131,.T.);
#4326=ORIENTED_EDGE('',*,*,#3132,.T.);
#4327=ORIENTED_EDGE('',*,*,#3133,.T.);
#4328=ORIENTED_EDGE('',*,*,#3134,.T.);
#4329=ORIENTED_EDGE('',*,*,#3135,.T.);
#4330=ORIENTED_EDGE('',*,*,#3136,.T.);
#4331=ORIENTED_EDGE('',*,*,#3137,.T.);
#4332=ORIENTED_EDGE('',*,*,#3138,.T.);
#4333=ORIENTED_EDGE('',*,*,#3139,.T.);
#4334=ORIENTED_EDGE('',*,*,#3140,.T.);
#4335=ORIENTED_EDGE('',*,*,#3141,.T.);
#4336=ORIENTED_EDGE('',*,*,#3142,.T.);
#4337=ORIENTED_EDGE('',*,*,#3143,.T.);
#4338=ORIENTED_EDGE('',*,*,#3144,.T.);
#4339=ORIENTED_EDGE('',*,*,#3145,.T.);
#4340=ORIENTED_EDGE('',*,*,#3146,.T.);
#4341=ORIENTED_EDGE('',*,*,#3147,.T.);
#4342=ORIENTED_EDGE('',*,*,#3148,.T.);
#4343=ORIENTED_EDGE('',*,*,#3149,.T.);
#4344=ORIENTED_EDGE('',*,*,#3150,.T.);
#4345=ORIENTED_EDGE('',*,*,#3151,.T.);
#4346=ORIENTED_EDGE('',*,*,#3152,.T.);
#4347=ORIENTED_EDGE('',*,*,#3153,.T.);
#4348=ORIENTED_EDGE('',*,*,#3154,.T.);
#4349=ORIENTED_EDGE('',*,*,#3155,.T.);
#4350=ORIENTED_EDGE('',*,*,#3156,.T.);
#4351=ORIENTED_EDGE('',*,*,#3157,.T.);
#4352=ORIENTED_EDGE('',*,*,#3158,.T.);
#4353=ORIENTED_EDGE('',*,*,#3159,.T.);
#4354=ORIENTED_EDGE('',*,*,#3160,.T.);
#4355=ORIENTED_EDGE('',*,*,#3161,.F.);
#4356=ORIENTED_EDGE('',*,*,#3109,.T.);
#4357=ORIENTED_EDGE('',*,*,#3162,.T.);
#4358=ORIENTED_EDGE('',*,*,#3161,.T.);
#4359=ORIENTED_EDGE('',*,*,#3162,.F.);
#4360=ORIENTED_EDGE('',*,*,#3121,.F.);
#4361=ORIENTED_EDGE('',*,*,#3163,.T.);
#4362=ORIENTED_EDGE('',*,*,#3164,.F.);
#4363=ORIENTED_EDGE('',*,*,#3165,.F.);
#4364=ORIENTED_EDGE('',*,*,#3122,.F.);
#4365=ORIENTED_EDGE('',*,*,#3165,.T.);
#4366=ORIENTED_EDGE('',*,*,#3166,.F.);
#4367=ORIENTED_EDGE('',*,*,#3167,.F.);
#4368=ORIENTED_EDGE('',*,*,#3123,.F.);
#4369=ORIENTED_EDGE('',*,*,#3167,.T.);
#4370=ORIENTED_EDGE('',*,*,#3168,.F.);
#4371=ORIENTED_EDGE('',*,*,#3169,.F.);
#4372=ORIENTED_EDGE('',*,*,#3124,.F.);
#4373=ORIENTED_EDGE('',*,*,#3169,.T.);
#4374=ORIENTED_EDGE('',*,*,#3170,.F.);
#4375=ORIENTED_EDGE('',*,*,#3171,.F.);
#4376=ORIENTED_EDGE('',*,*,#3125,.F.);
#4377=ORIENTED_EDGE('',*,*,#3171,.T.);
#4378=ORIENTED_EDGE('',*,*,#3172,.F.);
#4379=ORIENTED_EDGE('',*,*,#3173,.F.);
#4380=ORIENTED_EDGE('',*,*,#3126,.F.);
#4381=ORIENTED_EDGE('',*,*,#3173,.T.);
#4382=ORIENTED_EDGE('',*,*,#3174,.F.);
#4383=ORIENTED_EDGE('',*,*,#3175,.F.);
#4384=ORIENTED_EDGE('',*,*,#3127,.F.);
#4385=ORIENTED_EDGE('',*,*,#3175,.T.);
#4386=ORIENTED_EDGE('',*,*,#3176,.F.);
#4387=ORIENTED_EDGE('',*,*,#3177,.F.);
#4388=ORIENTED_EDGE('',*,*,#3128,.F.);
#4389=ORIENTED_EDGE('',*,*,#3177,.T.);
#4390=ORIENTED_EDGE('',*,*,#3178,.F.);
#4391=ORIENTED_EDGE('',*,*,#3179,.F.);
#4392=ORIENTED_EDGE('',*,*,#3129,.F.);
#4393=ORIENTED_EDGE('',*,*,#3179,.T.);
#4394=ORIENTED_EDGE('',*,*,#3180,.F.);
#4395=ORIENTED_EDGE('',*,*,#3181,.F.);
#4396=ORIENTED_EDGE('',*,*,#3130,.F.);
#4397=ORIENTED_EDGE('',*,*,#3181,.T.);
#4398=ORIENTED_EDGE('',*,*,#3182,.F.);
#4399=ORIENTED_EDGE('',*,*,#3183,.F.);
#4400=ORIENTED_EDGE('',*,*,#3131,.F.);
#4401=ORIENTED_EDGE('',*,*,#3183,.T.);
#4402=ORIENTED_EDGE('',*,*,#3184,.F.);
#4403=ORIENTED_EDGE('',*,*,#3185,.F.);
#4404=ORIENTED_EDGE('',*,*,#3132,.F.);
#4405=ORIENTED_EDGE('',*,*,#3185,.T.);
#4406=ORIENTED_EDGE('',*,*,#3186,.F.);
#4407=ORIENTED_EDGE('',*,*,#3187,.F.);
#4408=ORIENTED_EDGE('',*,*,#3133,.F.);
#4409=ORIENTED_EDGE('',*,*,#3187,.T.);
#4410=ORIENTED_EDGE('',*,*,#3188,.F.);
#4411=ORIENTED_EDGE('',*,*,#3189,.F.);
#4412=ORIENTED_EDGE('',*,*,#3134,.F.);
#4413=ORIENTED_EDGE('',*,*,#3189,.T.);
#4414=ORIENTED_EDGE('',*,*,#3190,.F.);
#4415=ORIENTED_EDGE('',*,*,#3191,.F.);
#4416=ORIENTED_EDGE('',*,*,#3135,.F.);
#4417=ORIENTED_EDGE('',*,*,#3191,.T.);
#4418=ORIENTED_EDGE('',*,*,#3192,.F.);
#4419=ORIENTED_EDGE('',*,*,#3193,.F.);
#4420=ORIENTED_EDGE('',*,*,#3136,.F.);
#4421=ORIENTED_EDGE('',*,*,#3193,.T.);
#4422=ORIENTED_EDGE('',*,*,#3194,.F.);
#4423=ORIENTED_EDGE('',*,*,#3195,.F.);
#4424=ORIENTED_EDGE('',*,*,#3137,.F.);
#4425=ORIENTED_EDGE('',*,*,#3195,.T.);
#4426=ORIENTED_EDGE('',*,*,#3196,.F.);
#4427=ORIENTED_EDGE('',*,*,#3197,.F.);
#4428=ORIENTED_EDGE('',*,*,#3138,.F.);
#4429=ORIENTED_EDGE('',*,*,#3197,.T.);
#4430=ORIENTED_EDGE('',*,*,#3198,.F.);
#4431=ORIENTED_EDGE('',*,*,#3199,.F.);
#4432=ORIENTED_EDGE('',*,*,#3139,.F.);
#4433=ORIENTED_EDGE('',*,*,#3199,.T.);
#4434=ORIENTED_EDGE('',*,*,#3200,.F.);
#4435=ORIENTED_EDGE('',*,*,#3201,.F.);
#4436=ORIENTED_EDGE('',*,*,#3140,.F.);
#4437=ORIENTED_EDGE('',*,*,#3201,.T.);
#4438=ORIENTED_EDGE('',*,*,#3202,.F.);
#4439=ORIENTED_EDGE('',*,*,#3203,.F.);
#4440=ORIENTED_EDGE('',*,*,#3141,.F.);
#4441=ORIENTED_EDGE('',*,*,#3203,.T.);
#4442=ORIENTED_EDGE('',*,*,#3204,.F.);
#4443=ORIENTED_EDGE('',*,*,#3205,.F.);
#4444=ORIENTED_EDGE('',*,*,#3142,.F.);
#4445=ORIENTED_EDGE('',*,*,#3205,.T.);
#4446=ORIENTED_EDGE('',*,*,#3206,.F.);
#4447=ORIENTED_EDGE('',*,*,#3207,.F.);
#4448=ORIENTED_EDGE('',*,*,#3143,.F.);
#4449=ORIENTED_EDGE('',*,*,#3207,.T.);
#4450=ORIENTED_EDGE('',*,*,#3208,.F.);
#4451=ORIENTED_EDGE('',*,*,#3209,.F.);
#4452=ORIENTED_EDGE('',*,*,#3144,.F.);
#4453=ORIENTED_EDGE('',*,*,#3209,.T.);
#4454=ORIENTED_EDGE('',*,*,#3210,.F.);
#4455=ORIENTED_EDGE('',*,*,#3211,.F.);
#4456=ORIENTED_EDGE('',*,*,#3145,.F.);
#4457=ORIENTED_EDGE('',*,*,#3211,.T.);
#4458=ORIENTED_EDGE('',*,*,#3212,.F.);
#4459=ORIENTED_EDGE('',*,*,#3213,.F.);
#4460=ORIENTED_EDGE('',*,*,#3146,.F.);
#4461=ORIENTED_EDGE('',*,*,#3213,.T.);
#4462=ORIENTED_EDGE('',*,*,#3214,.F.);
#4463=ORIENTED_EDGE('',*,*,#3215,.F.);
#4464=ORIENTED_EDGE('',*,*,#3147,.F.);
#4465=ORIENTED_EDGE('',*,*,#3215,.T.);
#4466=ORIENTED_EDGE('',*,*,#3216,.F.);
#4467=ORIENTED_EDGE('',*,*,#3217,.F.);
#4468=ORIENTED_EDGE('',*,*,#3148,.F.);
#4469=ORIENTED_EDGE('',*,*,#3217,.T.);
#4470=ORIENTED_EDGE('',*,*,#3218,.F.);
#4471=ORIENTED_EDGE('',*,*,#3219,.F.);
#4472=ORIENTED_EDGE('',*,*,#3149,.F.);
#4473=ORIENTED_EDGE('',*,*,#3219,.T.);
#4474=ORIENTED_EDGE('',*,*,#3220,.F.);
#4475=ORIENTED_EDGE('',*,*,#3221,.F.);
#4476=ORIENTED_EDGE('',*,*,#3150,.F.);
#4477=ORIENTED_EDGE('',*,*,#3221,.T.);
#4478=ORIENTED_EDGE('',*,*,#3222,.F.);
#4479=ORIENTED_EDGE('',*,*,#3223,.F.);
#4480=ORIENTED_EDGE('',*,*,#3151,.F.);
#4481=ORIENTED_EDGE('',*,*,#3223,.T.);
#4482=ORIENTED_EDGE('',*,*,#3224,.F.);
#4483=ORIENTED_EDGE('',*,*,#3225,.F.);
#4484=ORIENTED_EDGE('',*,*,#3152,.F.);
#4485=ORIENTED_EDGE('',*,*,#3225,.T.);
#4486=ORIENTED_EDGE('',*,*,#3226,.F.);
#4487=ORIENTED_EDGE('',*,*,#3227,.F.);
#4488=ORIENTED_EDGE('',*,*,#3153,.F.);
#4489=ORIENTED_EDGE('',*,*,#3227,.T.);
#4490=ORIENTED_EDGE('',*,*,#3228,.F.);
#4491=ORIENTED_EDGE('',*,*,#3229,.F.);
#4492=ORIENTED_EDGE('',*,*,#3154,.F.);
#4493=ORIENTED_EDGE('',*,*,#3229,.T.);
#4494=ORIENTED_EDGE('',*,*,#3230,.F.);
#4495=ORIENTED_EDGE('',*,*,#3231,.F.);
#4496=ORIENTED_EDGE('',*,*,#3155,.F.);
#4497=ORIENTED_EDGE('',*,*,#3231,.T.);
#4498=ORIENTED_EDGE('',*,*,#3232,.F.);
#4499=ORIENTED_EDGE('',*,*,#3233,.F.);
#4500=ORIENTED_EDGE('',*,*,#3156,.F.);
#4501=ORIENTED_EDGE('',*,*,#3233,.T.);
#4502=ORIENTED_EDGE('',*,*,#3234,.F.);
#4503=ORIENTED_EDGE('',*,*,#3235,.F.);
#4504=ORIENTED_EDGE('',*,*,#3157,.F.);
#4505=ORIENTED_EDGE('',*,*,#3235,.T.);
#4506=ORIENTED_EDGE('',*,*,#3236,.F.);
#4507=ORIENTED_EDGE('',*,*,#3237,.F.);
#4508=ORIENTED_EDGE('',*,*,#3158,.F.);
#4509=ORIENTED_EDGE('',*,*,#3237,.T.);
#4510=ORIENTED_EDGE('',*,*,#3238,.F.);
#4511=ORIENTED_EDGE('',*,*,#3239,.F.);
#4512=ORIENTED_EDGE('',*,*,#3159,.F.);
#4513=ORIENTED_EDGE('',*,*,#3239,.T.);
#4514=ORIENTED_EDGE('',*,*,#3240,.F.);
#4515=ORIENTED_EDGE('',*,*,#3241,.F.);
#4516=ORIENTED_EDGE('',*,*,#3160,.F.);
#4517=ORIENTED_EDGE('',*,*,#3241,.T.);
#4518=ORIENTED_EDGE('',*,*,#3242,.F.);
#4519=ORIENTED_EDGE('',*,*,#3163,.F.);
#4520=ORIENTED_EDGE('',*,*,#3092,.F.);
#4521=ORIENTED_EDGE('',*,*,#3096,.F.);
#4522=ORIENTED_EDGE('',*,*,#3099,.F.);
#4523=ORIENTED_EDGE('',*,*,#3106,.F.);
#4524=ORIENTED_EDGE('',*,*,#3242,.T.);
#4525=ORIENTED_EDGE('',*,*,#3240,.T.);
#4526=ORIENTED_EDGE('',*,*,#3238,.T.);
#4527=ORIENTED_EDGE('',*,*,#3236,.T.);
#4528=ORIENTED_EDGE('',*,*,#3234,.T.);
#4529=ORIENTED_EDGE('',*,*,#3232,.T.);
#4530=ORIENTED_EDGE('',*,*,#3230,.T.);
#4531=ORIENTED_EDGE('',*,*,#3228,.T.);
#4532=ORIENTED_EDGE('',*,*,#3226,.T.);
#4533=ORIENTED_EDGE('',*,*,#3224,.T.);
#4534=ORIENTED_EDGE('',*,*,#3222,.T.);
#4535=ORIENTED_EDGE('',*,*,#3220,.T.);
#4536=ORIENTED_EDGE('',*,*,#3218,.T.);
#4537=ORIENTED_EDGE('',*,*,#3216,.T.);
#4538=ORIENTED_EDGE('',*,*,#3214,.T.);
#4539=ORIENTED_EDGE('',*,*,#3212,.T.);
#4540=ORIENTED_EDGE('',*,*,#3210,.T.);
#4541=ORIENTED_EDGE('',*,*,#3208,.T.);
#4542=ORIENTED_EDGE('',*,*,#3206,.T.);
#4543=ORIENTED_EDGE('',*,*,#3204,.T.);
#4544=ORIENTED_EDGE('',*,*,#3202,.T.);
#4545=ORIENTED_EDGE('',*,*,#3200,.T.);
#4546=ORIENTED_EDGE('',*,*,#3198,.T.);
#4547=ORIENTED_EDGE('',*,*,#3196,.T.);
#4548=ORIENTED_EDGE('',*,*,#3194,.T.);
#4549=ORIENTED_EDGE('',*,*,#3192,.T.);
#4550=ORIENTED_EDGE('',*,*,#3190,.T.);
#4551=ORIENTED_EDGE('',*,*,#3188,.T.);
#4552=ORIENTED_EDGE('',*,*,#3186,.T.);
#4553=ORIENTED_EDGE('',*,*,#3184,.T.);
#4554=ORIENTED_EDGE('',*,*,#3182,.T.);
#4555=ORIENTED_EDGE('',*,*,#3180,.T.);
#4556=ORIENTED_EDGE('',*,*,#3178,.T.);
#4557=ORIENTED_EDGE('',*,*,#3176,.T.);
#4558=ORIENTED_EDGE('',*,*,#3174,.T.);
#4559=ORIENTED_EDGE('',*,*,#3172,.T.);
#4560=ORIENTED_EDGE('',*,*,#3170,.T.);
#4561=ORIENTED_EDGE('',*,*,#3168,.T.);
#4562=ORIENTED_EDGE('',*,*,#3166,.T.);
#4563=ORIENTED_EDGE('',*,*,#3164,.T.);
#4564=ORIENTED_EDGE('',*,*,#3243,.T.);
#4565=ORIENTED_EDGE('',*,*,#3244,.T.);
#4566=ORIENTED_EDGE('',*,*,#3245,.T.);
#4567=ORIENTED_EDGE('',*,*,#3246,.T.);
#4568=ORIENTED_EDGE('',*,*,#3245,.F.);
#4569=ORIENTED_EDGE('',*,*,#3247,.T.);
#4570=ORIENTED_EDGE('',*,*,#3248,.T.);
#4571=ORIENTED_EDGE('',*,*,#3249,.T.);
#4572=ORIENTED_EDGE('',*,*,#3250,.F.);
#4573=ORIENTED_EDGE('',*,*,#3251,.T.);
#4574=ORIENTED_EDGE('',*,*,#3252,.T.);
#4575=ORIENTED_EDGE('',*,*,#3253,.T.);
#4576=ORIENTED_EDGE('',*,*,#3254,.F.);
#4577=ORIENTED_EDGE('',*,*,#3255,.T.);
#4578=ORIENTED_EDGE('',*,*,#3256,.T.);
#4579=ORIENTED_EDGE('',*,*,#3257,.T.);
#4580=ORIENTED_EDGE('',*,*,#3258,.F.);
#4581=ORIENTED_EDGE('',*,*,#3259,.T.);
#4582=ORIENTED_EDGE('',*,*,#3260,.T.);
#4583=ORIENTED_EDGE('',*,*,#3261,.T.);
#4584=ORIENTED_EDGE('',*,*,#3262,.F.);
#4585=ORIENTED_EDGE('',*,*,#3261,.F.);
#4586=ORIENTED_EDGE('',*,*,#3263,.T.);
#4587=ORIENTED_EDGE('',*,*,#3264,.T.);
#4588=ORIENTED_EDGE('',*,*,#3265,.F.);
#4589=ORIENTED_EDGE('',*,*,#3266,.T.);
#4590=ORIENTED_EDGE('',*,*,#3267,.T.);
#4591=ORIENTED_EDGE('',*,*,#3268,.T.);
#4592=ORIENTED_EDGE('',*,*,#3269,.F.);
#4593=ORIENTED_EDGE('',*,*,#3270,.T.);
#4594=ORIENTED_EDGE('',*,*,#3271,.T.);
#4595=ORIENTED_EDGE('',*,*,#3272,.T.);
#4596=ORIENTED_EDGE('',*,*,#3273,.F.);
#4597=ORIENTED_EDGE('',*,*,#3274,.T.);
#4598=ORIENTED_EDGE('',*,*,#3275,.T.);
#4599=ORIENTED_EDGE('',*,*,#3276,.T.);
#4600=ORIENTED_EDGE('',*,*,#3277,.F.);
#4601=ORIENTED_EDGE('',*,*,#3278,.T.);
#4602=ORIENTED_EDGE('',*,*,#3279,.T.);
#4603=ORIENTED_EDGE('',*,*,#3280,.T.);
#4604=ORIENTED_EDGE('',*,*,#3281,.F.);
#4605=ORIENTED_EDGE('',*,*,#3282,.T.);
#4606=ORIENTED_EDGE('',*,*,#3283,.T.);
#4607=ORIENTED_EDGE('',*,*,#3284,.T.);
#4608=ORIENTED_EDGE('',*,*,#3285,.F.);
#4609=ORIENTED_EDGE('',*,*,#3286,.T.);
#4610=ORIENTED_EDGE('',*,*,#3287,.T.);
#4611=ORIENTED_EDGE('',*,*,#3288,.T.);
#4612=ORIENTED_EDGE('',*,*,#3244,.F.);
#4613=ORIENTED_EDGE('',*,*,#3289,.F.);
#4614=ORIENTED_EDGE('',*,*,#3290,.F.);
#4615=ORIENTED_EDGE('',*,*,#3291,.F.);
#4616=ORIENTED_EDGE('',*,*,#3249,.F.);
#4617=ORIENTED_EDGE('',*,*,#3292,.T.);
#4618=ORIENTED_EDGE('',*,*,#3292,.F.);
#4619=ORIENTED_EDGE('',*,*,#3248,.F.);
#4620=ORIENTED_EDGE('',*,*,#3293,.F.);
#4621=ORIENTED_EDGE('',*,*,#3293,.T.);
#4622=ORIENTED_EDGE('',*,*,#3247,.F.);
#4623=ORIENTED_EDGE('',*,*,#3250,.T.);
#4624=ORIENTED_EDGE('',*,*,#3291,.T.);
#4625=ORIENTED_EDGE('',*,*,#3294,.T.);
#4626=ORIENTED_EDGE('',*,*,#3295,.T.);
#4627=ORIENTED_EDGE('',*,*,#3296,.T.);
#4628=ORIENTED_EDGE('',*,*,#3297,.T.);
#4629=ORIENTED_EDGE('',*,*,#3254,.T.);
#4630=ORIENTED_EDGE('',*,*,#3298,.T.);
#4631=ORIENTED_EDGE('',*,*,#3297,.F.);
#4632=ORIENTED_EDGE('',*,*,#3299,.F.);
#4633=ORIENTED_EDGE('',*,*,#3300,.F.);
#4634=ORIENTED_EDGE('',*,*,#3301,.F.);
#4635=ORIENTED_EDGE('',*,*,#3257,.F.);
#4636=ORIENTED_EDGE('',*,*,#3302,.T.);
#4637=ORIENTED_EDGE('',*,*,#3302,.F.);
#4638=ORIENTED_EDGE('',*,*,#3256,.F.);
#4639=ORIENTED_EDGE('',*,*,#3303,.F.);
#4640=ORIENTED_EDGE('',*,*,#3303,.T.);
#4641=ORIENTED_EDGE('',*,*,#3255,.F.);
#4642=ORIENTED_EDGE('',*,*,#3258,.T.);
#4643=ORIENTED_EDGE('',*,*,#3301,.T.);
#4644=ORIENTED_EDGE('',*,*,#3304,.T.);
#4645=ORIENTED_EDGE('',*,*,#3305,.T.);
#4646=ORIENTED_EDGE('',*,*,#3306,.T.);
#4647=ORIENTED_EDGE('',*,*,#3307,.T.);
#4648=ORIENTED_EDGE('',*,*,#3265,.T.);
#4649=ORIENTED_EDGE('',*,*,#3308,.T.);
#4650=ORIENTED_EDGE('',*,*,#3307,.F.);
#4651=ORIENTED_EDGE('',*,*,#3309,.F.);
#4652=ORIENTED_EDGE('',*,*,#3310,.F.);
#4653=ORIENTED_EDGE('',*,*,#3311,.F.);
#4654=ORIENTED_EDGE('',*,*,#3268,.F.);
#4655=ORIENTED_EDGE('',*,*,#3312,.T.);
#4656=ORIENTED_EDGE('',*,*,#3312,.F.);
#4657=ORIENTED_EDGE('',*,*,#3267,.F.);
#4658=ORIENTED_EDGE('',*,*,#3313,.F.);
#4659=ORIENTED_EDGE('',*,*,#3313,.T.);
#4660=ORIENTED_EDGE('',*,*,#3266,.F.);
#4661=ORIENTED_EDGE('',*,*,#3269,.T.);
#4662=ORIENTED_EDGE('',*,*,#3311,.T.);
#4663=ORIENTED_EDGE('',*,*,#3314,.T.);
#4664=ORIENTED_EDGE('',*,*,#3315,.T.);
#4665=ORIENTED_EDGE('',*,*,#3316,.T.);
#4666=ORIENTED_EDGE('',*,*,#3317,.T.);
#4667=ORIENTED_EDGE('',*,*,#3273,.T.);
#4668=ORIENTED_EDGE('',*,*,#3318,.T.);
#4669=ORIENTED_EDGE('',*,*,#3318,.F.);
#4670=ORIENTED_EDGE('',*,*,#3272,.F.);
#4671=ORIENTED_EDGE('',*,*,#3319,.F.);
#4672=ORIENTED_EDGE('',*,*,#3320,.F.);
#4673=ORIENTED_EDGE('',*,*,#3277,.T.);
#4674=ORIENTED_EDGE('',*,*,#3321,.T.);
#4675=ORIENTED_EDGE('',*,*,#3322,.T.);
#4676=ORIENTED_EDGE('',*,*,#3323,.T.);
#4677=ORIENTED_EDGE('',*,*,#3323,.F.);
#4678=ORIENTED_EDGE('',*,*,#3324,.F.);
#4679=ORIENTED_EDGE('',*,*,#3325,.F.);
#4680=ORIENTED_EDGE('',*,*,#3278,.F.);
#4681=ORIENTED_EDGE('',*,*,#3295,.F.);
#4682=ORIENTED_EDGE('',*,*,#3326,.F.);
#4683=ORIENTED_EDGE('',*,*,#3327,.F.);
#4684=ORIENTED_EDGE('',*,*,#3251,.F.);
#4685=ORIENTED_EDGE('',*,*,#3246,.F.);
#4686=ORIENTED_EDGE('',*,*,#3288,.F.);
#4687=ORIENTED_EDGE('',*,*,#3328,.F.);
#4688=ORIENTED_EDGE('',*,*,#3329,.F.);
#4689=ORIENTED_EDGE('',*,*,#3305,.F.);
#4690=ORIENTED_EDGE('',*,*,#3330,.F.);
#4691=ORIENTED_EDGE('',*,*,#3331,.F.);
#4692=ORIENTED_EDGE('',*,*,#3259,.F.);
#4693=ORIENTED_EDGE('',*,*,#3298,.F.);
#4694=ORIENTED_EDGE('',*,*,#3253,.F.);
#4695=ORIENTED_EDGE('',*,*,#3332,.F.);
#4696=ORIENTED_EDGE('',*,*,#3333,.F.);
#4697=ORIENTED_EDGE('',*,*,#3308,.F.);
#4698=ORIENTED_EDGE('',*,*,#3264,.F.);
#4699=ORIENTED_EDGE('',*,*,#3334,.F.);
#4700=ORIENTED_EDGE('',*,*,#3335,.F.);
#4701=ORIENTED_EDGE('',*,*,#3315,.F.);
#4702=ORIENTED_EDGE('',*,*,#3336,.F.);
#4703=ORIENTED_EDGE('',*,*,#3337,.F.);
#4704=ORIENTED_EDGE('',*,*,#3270,.F.);
#4705=ORIENTED_EDGE('',*,*,#3325,.T.);
#4706=ORIENTED_EDGE('',*,*,#3338,.T.);
#4707=ORIENTED_EDGE('',*,*,#3339,.T.);
#4708=ORIENTED_EDGE('',*,*,#3279,.F.);
#4709=ORIENTED_EDGE('',*,*,#3337,.T.);
#4710=ORIENTED_EDGE('',*,*,#3340,.T.);
#4711=ORIENTED_EDGE('',*,*,#3319,.T.);
#4712=ORIENTED_EDGE('',*,*,#3271,.F.);
#4713=ORIENTED_EDGE('',*,*,#3331,.T.);
#4714=ORIENTED_EDGE('',*,*,#3341,.T.);
#4715=ORIENTED_EDGE('',*,*,#3342,.T.);
#4716=ORIENTED_EDGE('',*,*,#3334,.T.);
#4717=ORIENTED_EDGE('',*,*,#3263,.F.);
#4718=ORIENTED_EDGE('',*,*,#3260,.F.);
#4719=ORIENTED_EDGE('',*,*,#3328,.T.);
#4720=ORIENTED_EDGE('',*,*,#3287,.F.);
#4721=ORIENTED_EDGE('',*,*,#3343,.T.);
#4722=ORIENTED_EDGE('',*,*,#3344,.T.);
#4723=ORIENTED_EDGE('',*,*,#3327,.T.);
#4724=ORIENTED_EDGE('',*,*,#3345,.T.);
#4725=ORIENTED_EDGE('',*,*,#3332,.T.);
#4726=ORIENTED_EDGE('',*,*,#3252,.F.);
#4727=ORIENTED_EDGE('',*,*,#3243,.F.);
#4728=ORIENTED_EDGE('',*,*,#3329,.T.);
#4729=ORIENTED_EDGE('',*,*,#3344,.F.);
#4730=ORIENTED_EDGE('',*,*,#3346,.T.);
#4731=ORIENTED_EDGE('',*,*,#3347,.F.);
#4732=ORIENTED_EDGE('',*,*,#3348,.T.);
#4733=ORIENTED_EDGE('',*,*,#3349,.T.);
#4734=ORIENTED_EDGE('',*,*,#3350,.F.);
#4735=ORIENTED_EDGE('',*,*,#3351,.T.);
#4736=ORIENTED_EDGE('',*,*,#3338,.F.);
#4737=ORIENTED_EDGE('',*,*,#3324,.T.);
#4738=ORIENTED_EDGE('',*,*,#3322,.F.);
#4739=ORIENTED_EDGE('',*,*,#3352,.T.);
#4740=ORIENTED_EDGE('',*,*,#3353,.T.);
#4741=ORIENTED_EDGE('',*,*,#3316,.F.);
#4742=ORIENTED_EDGE('',*,*,#3320,.T.);
#4743=ORIENTED_EDGE('',*,*,#3340,.F.);
#4744=ORIENTED_EDGE('',*,*,#3336,.T.);
#4745=ORIENTED_EDGE('',*,*,#3314,.F.);
#4746=ORIENTED_EDGE('',*,*,#3310,.T.);
#4747=ORIENTED_EDGE('',*,*,#3309,.T.);
#4748=ORIENTED_EDGE('',*,*,#3306,.F.);
#4749=ORIENTED_EDGE('',*,*,#3335,.T.);
#4750=ORIENTED_EDGE('',*,*,#3342,.F.);
#4751=ORIENTED_EDGE('',*,*,#3354,.T.);
#4752=ORIENTED_EDGE('',*,*,#3355,.T.);
#4753=ORIENTED_EDGE('',*,*,#3354,.F.);
#4754=ORIENTED_EDGE('',*,*,#3341,.F.);
#4755=ORIENTED_EDGE('',*,*,#3330,.T.);
#4756=ORIENTED_EDGE('',*,*,#3304,.F.);
#4757=ORIENTED_EDGE('',*,*,#3300,.T.);
#4758=ORIENTED_EDGE('',*,*,#3299,.T.);
#4759=ORIENTED_EDGE('',*,*,#3296,.F.);
#4760=ORIENTED_EDGE('',*,*,#3333,.T.);
#4761=ORIENTED_EDGE('',*,*,#3345,.F.);
#4762=ORIENTED_EDGE('',*,*,#3326,.T.);
#4763=ORIENTED_EDGE('',*,*,#3294,.F.);
#4764=ORIENTED_EDGE('',*,*,#3290,.T.);
#4765=ORIENTED_EDGE('',*,*,#3289,.T.);
#4766=ORIENTED_EDGE('',*,*,#3317,.F.);
#4767=ORIENTED_EDGE('',*,*,#3353,.F.);
#4768=ORIENTED_EDGE('',*,*,#3352,.F.);
#4769=ORIENTED_EDGE('',*,*,#3321,.F.);
#4770=ORIENTED_EDGE('',*,*,#3276,.F.);
#4771=ORIENTED_EDGE('',*,*,#3356,.T.);
#4772=ORIENTED_EDGE('',*,*,#3356,.F.);
#4773=ORIENTED_EDGE('',*,*,#3275,.F.);
#4774=ORIENTED_EDGE('',*,*,#3357,.F.);
#4775=ORIENTED_EDGE('',*,*,#3357,.T.);
#4776=ORIENTED_EDGE('',*,*,#3274,.F.);
#4777=ORIENTED_EDGE('',*,*,#3350,.T.);
#4778=ORIENTED_EDGE('',*,*,#3358,.T.);
#4779=ORIENTED_EDGE('',*,*,#3281,.T.);
#4780=ORIENTED_EDGE('',*,*,#3359,.T.);
#4781=ORIENTED_EDGE('',*,*,#3359,.F.);
#4782=ORIENTED_EDGE('',*,*,#3280,.F.);
#4783=ORIENTED_EDGE('',*,*,#3339,.F.);
#4784=ORIENTED_EDGE('',*,*,#3351,.F.);
#4785=ORIENTED_EDGE('',*,*,#3285,.T.);
#4786=ORIENTED_EDGE('',*,*,#3360,.T.);
#4787=ORIENTED_EDGE('',*,*,#3347,.T.);
#4788=ORIENTED_EDGE('',*,*,#3361,.T.);
#4789=ORIENTED_EDGE('',*,*,#3361,.F.);
#4790=ORIENTED_EDGE('',*,*,#3346,.F.);
#4791=ORIENTED_EDGE('',*,*,#3343,.F.);
#4792=ORIENTED_EDGE('',*,*,#3286,.F.);
#4793=ORIENTED_EDGE('',*,*,#3358,.F.);
#4794=ORIENTED_EDGE('',*,*,#3349,.F.);
#4795=ORIENTED_EDGE('',*,*,#3348,.F.);
#4796=ORIENTED_EDGE('',*,*,#3360,.F.);
#4797=ORIENTED_EDGE('',*,*,#3284,.F.);
#4798=ORIENTED_EDGE('',*,*,#3362,.T.);
#4799=ORIENTED_EDGE('',*,*,#3362,.F.);
#4800=ORIENTED_EDGE('',*,*,#3283,.F.);
#4801=ORIENTED_EDGE('',*,*,#3363,.F.);
#4802=ORIENTED_EDGE('',*,*,#3363,.T.);
#4803=ORIENTED_EDGE('',*,*,#3282,.F.);
#4804=ORIENTED_EDGE('',*,*,#3355,.F.);
#4805=ORIENTED_EDGE('',*,*,#3262,.T.);
#4806=ORIENTED_EDGE('',*,*,#3364,.T.);
#4807=ORIENTED_EDGE('',*,*,#3365,.T.);
#4808=ORIENTED_EDGE('',*,*,#3366,.T.);
#4809=ORIENTED_EDGE('',*,*,#3367,.T.);
#4810=ORIENTED_EDGE('',*,*,#3368,.T.);
#4811=ORIENTED_EDGE('',*,*,#3368,.F.);
#4812=ORIENTED_EDGE('',*,*,#3369,.F.);
#4813=ORIENTED_EDGE('',*,*,#3370,.F.);
#4814=ORIENTED_EDGE('',*,*,#3367,.F.);
#4815=ORIENTED_EDGE('',*,*,#3371,.F.);
#4816=ORIENTED_EDGE('',*,*,#3372,.F.);
#4817=ORIENTED_EDGE('',*,*,#3373,.T.);
#4818=ORIENTED_EDGE('',*,*,#3374,.T.);
#4819=ORIENTED_EDGE('',*,*,#3369,.T.);
#4820=ORIENTED_EDGE('',*,*,#3366,.F.);
#4821=ORIENTED_EDGE('',*,*,#3375,.T.);
#4822=ORIENTED_EDGE('',*,*,#3376,.T.);
#4823=ORIENTED_EDGE('',*,*,#3377,.F.);
#4824=ORIENTED_EDGE('',*,*,#3378,.T.);
#4825=ORIENTED_EDGE('',*,*,#3379,.F.);
#4826=ORIENTED_EDGE('',*,*,#3380,.T.);
#4827=ORIENTED_EDGE('',*,*,#3381,.T.);
#4828=ORIENTED_EDGE('',*,*,#3382,.F.);
#4829=ORIENTED_EDGE('',*,*,#3383,.T.);
#4830=ORIENTED_EDGE('',*,*,#3384,.F.);
#4831=ORIENTED_EDGE('',*,*,#3385,.T.);
#4832=ORIENTED_EDGE('',*,*,#3386,.T.);
#4833=ORIENTED_EDGE('',*,*,#3387,.F.);
#4834=ORIENTED_EDGE('',*,*,#3388,.T.);
#4835=ORIENTED_EDGE('',*,*,#3389,.F.);
#4836=ORIENTED_EDGE('',*,*,#3390,.T.);
#4837=ORIENTED_EDGE('',*,*,#3391,.T.);
#4838=ORIENTED_EDGE('',*,*,#3392,.F.);
#4839=ORIENTED_EDGE('',*,*,#3393,.T.);
#4840=ORIENTED_EDGE('',*,*,#3394,.F.);
#4841=ORIENTED_EDGE('',*,*,#3395,.T.);
#4842=ORIENTED_EDGE('',*,*,#3396,.T.);
#4843=ORIENTED_EDGE('',*,*,#3397,.T.);
#4844=ORIENTED_EDGE('',*,*,#3398,.F.);
#4845=ORIENTED_EDGE('',*,*,#3397,.F.);
#4846=ORIENTED_EDGE('',*,*,#3399,.T.);
#4847=ORIENTED_EDGE('',*,*,#3400,.F.);
#4848=ORIENTED_EDGE('',*,*,#3401,.T.);
#4849=ORIENTED_EDGE('',*,*,#3402,.F.);
#4850=ORIENTED_EDGE('',*,*,#3403,.T.);
#4851=ORIENTED_EDGE('',*,*,#3404,.T.);
#4852=ORIENTED_EDGE('',*,*,#3405,.F.);
#4853=ORIENTED_EDGE('',*,*,#3371,.T.);
#4854=ORIENTED_EDGE('',*,*,#3377,.T.);
#4855=ORIENTED_EDGE('',*,*,#3406,.T.);
#4856=ORIENTED_EDGE('',*,*,#3407,.T.);
#4857=ORIENTED_EDGE('',*,*,#3408,.T.);
#4858=ORIENTED_EDGE('',*,*,#3409,.T.);
#4859=ORIENTED_EDGE('',*,*,#3409,.F.);
#4860=ORIENTED_EDGE('',*,*,#3410,.T.);
#4861=ORIENTED_EDGE('',*,*,#3411,.T.);
#4862=ORIENTED_EDGE('',*,*,#3412,.T.);
#4863=ORIENTED_EDGE('',*,*,#3413,.F.);
#4864=ORIENTED_EDGE('',*,*,#3378,.F.);
#4865=ORIENTED_EDGE('',*,*,#3408,.F.);
#4866=ORIENTED_EDGE('',*,*,#3414,.F.);
#4867=ORIENTED_EDGE('',*,*,#3410,.F.);
#4868=ORIENTED_EDGE('',*,*,#3364,.F.);
#4869=ORIENTED_EDGE('',*,*,#3370,.T.);
#4870=ORIENTED_EDGE('',*,*,#3374,.F.);
#4871=ORIENTED_EDGE('',*,*,#3415,.T.);
#4872=ORIENTED_EDGE('',*,*,#3416,.F.);
#4873=ORIENTED_EDGE('',*,*,#3417,.T.);
#4874=ORIENTED_EDGE('',*,*,#3418,.F.);
#4875=ORIENTED_EDGE('',*,*,#3419,.T.);
#4876=ORIENTED_EDGE('',*,*,#3420,.F.);
#4877=ORIENTED_EDGE('',*,*,#3421,.T.);
#4878=ORIENTED_EDGE('',*,*,#3422,.F.);
#4879=ORIENTED_EDGE('',*,*,#3423,.T.);
#4880=ORIENTED_EDGE('',*,*,#3424,.T.);
#4881=ORIENTED_EDGE('',*,*,#3425,.T.);
#4882=ORIENTED_EDGE('',*,*,#3424,.F.);
#4883=ORIENTED_EDGE('',*,*,#3426,.T.);
#4884=ORIENTED_EDGE('',*,*,#3427,.F.);
#4885=ORIENTED_EDGE('',*,*,#3428,.T.);
#4886=ORIENTED_EDGE('',*,*,#3429,.F.);
#4887=ORIENTED_EDGE('',*,*,#3430,.T.);
#4888=ORIENTED_EDGE('',*,*,#3431,.F.);
#4889=ORIENTED_EDGE('',*,*,#3432,.T.);
#4890=ORIENTED_EDGE('',*,*,#3433,.F.);
#4891=ORIENTED_EDGE('',*,*,#3434,.T.);
#4892=ORIENTED_EDGE('',*,*,#3435,.F.);
#4893=ORIENTED_EDGE('',*,*,#3436,.T.);
#4894=ORIENTED_EDGE('',*,*,#3437,.F.);
#4895=ORIENTED_EDGE('',*,*,#3438,.T.);
#4896=ORIENTED_EDGE('',*,*,#3439,.F.);
#4897=ORIENTED_EDGE('',*,*,#3440,.T.);
#4898=ORIENTED_EDGE('',*,*,#3441,.F.);
#4899=ORIENTED_EDGE('',*,*,#3442,.T.);
#4900=ORIENTED_EDGE('',*,*,#3443,.F.);
#4901=ORIENTED_EDGE('',*,*,#3444,.T.);
#4902=ORIENTED_EDGE('',*,*,#3445,.F.);
#4903=ORIENTED_EDGE('',*,*,#3446,.T.);
#4904=ORIENTED_EDGE('',*,*,#3411,.F.);
#4905=ORIENTED_EDGE('',*,*,#3414,.T.);
#4906=ORIENTED_EDGE('',*,*,#3407,.F.);
#4907=ORIENTED_EDGE('',*,*,#3447,.T.);
#4908=ORIENTED_EDGE('',*,*,#3418,.T.);
#4909=ORIENTED_EDGE('',*,*,#3448,.T.);
#4910=ORIENTED_EDGE('',*,*,#3402,.T.);
#4911=ORIENTED_EDGE('',*,*,#3449,.T.);
#4912=ORIENTED_EDGE('',*,*,#3450,.T.);
#4913=ORIENTED_EDGE('',*,*,#3450,.F.);
#4914=ORIENTED_EDGE('',*,*,#3451,.F.);
#4915=ORIENTED_EDGE('',*,*,#3419,.F.);
#4916=ORIENTED_EDGE('',*,*,#3449,.F.);
#4917=ORIENTED_EDGE('',*,*,#3401,.F.);
#4918=ORIENTED_EDGE('',*,*,#3452,.F.);
#4919=ORIENTED_EDGE('',*,*,#3453,.T.);
#4920=ORIENTED_EDGE('',*,*,#3420,.T.);
#4921=ORIENTED_EDGE('',*,*,#3451,.T.);
#4922=ORIENTED_EDGE('',*,*,#3405,.T.);
#4923=ORIENTED_EDGE('',*,*,#3454,.T.);
#4924=ORIENTED_EDGE('',*,*,#3416,.T.);
#4925=ORIENTED_EDGE('',*,*,#3455,.T.);
#4926=ORIENTED_EDGE('',*,*,#3372,.T.);
#4927=ORIENTED_EDGE('',*,*,#3455,.F.);
#4928=ORIENTED_EDGE('',*,*,#3415,.F.);
#4929=ORIENTED_EDGE('',*,*,#3373,.F.);
#4930=ORIENTED_EDGE('',*,*,#3427,.T.);
#4931=ORIENTED_EDGE('',*,*,#3456,.T.);
#4932=ORIENTED_EDGE('',*,*,#3394,.T.);
#4933=ORIENTED_EDGE('',*,*,#3457,.T.);
#4934=ORIENTED_EDGE('',*,*,#3458,.T.);
#4935=ORIENTED_EDGE('',*,*,#3458,.F.);
#4936=ORIENTED_EDGE('',*,*,#3459,.F.);
#4937=ORIENTED_EDGE('',*,*,#3428,.F.);
#4938=ORIENTED_EDGE('',*,*,#3457,.F.);
#4939=ORIENTED_EDGE('',*,*,#3393,.F.);
#4940=ORIENTED_EDGE('',*,*,#3460,.F.);
#4941=ORIENTED_EDGE('',*,*,#3461,.T.);
#4942=ORIENTED_EDGE('',*,*,#3429,.T.);
#4943=ORIENTED_EDGE('',*,*,#3459,.T.);
#4944=ORIENTED_EDGE('',*,*,#3400,.T.);
#4945=ORIENTED_EDGE('',*,*,#3462,.T.);
#4946=ORIENTED_EDGE('',*,*,#3422,.T.);
#4947=ORIENTED_EDGE('',*,*,#3463,.T.);
#4948=ORIENTED_EDGE('',*,*,#3452,.T.);
#4949=ORIENTED_EDGE('',*,*,#3463,.F.);
#4950=ORIENTED_EDGE('',*,*,#3421,.F.);
#4951=ORIENTED_EDGE('',*,*,#3453,.F.);
#4952=ORIENTED_EDGE('',*,*,#3433,.T.);
#4953=ORIENTED_EDGE('',*,*,#3464,.T.);
#4954=ORIENTED_EDGE('',*,*,#3389,.T.);
#4955=ORIENTED_EDGE('',*,*,#3465,.T.);
#4956=ORIENTED_EDGE('',*,*,#3466,.T.);
#4957=ORIENTED_EDGE('',*,*,#3466,.F.);
#4958=ORIENTED_EDGE('',*,*,#3467,.F.);
#4959=ORIENTED_EDGE('',*,*,#3434,.F.);
#4960=ORIENTED_EDGE('',*,*,#3465,.F.);
#4961=ORIENTED_EDGE('',*,*,#3388,.F.);
#4962=ORIENTED_EDGE('',*,*,#3468,.F.);
#4963=ORIENTED_EDGE('',*,*,#3469,.T.);
#4964=ORIENTED_EDGE('',*,*,#3435,.T.);
#4965=ORIENTED_EDGE('',*,*,#3467,.T.);
#4966=ORIENTED_EDGE('',*,*,#3392,.T.);
#4967=ORIENTED_EDGE('',*,*,#3470,.T.);
#4968=ORIENTED_EDGE('',*,*,#3431,.T.);
#4969=ORIENTED_EDGE('',*,*,#3471,.T.);
#4970=ORIENTED_EDGE('',*,*,#3460,.T.);
#4971=ORIENTED_EDGE('',*,*,#3471,.F.);
#4972=ORIENTED_EDGE('',*,*,#3430,.F.);
#4973=ORIENTED_EDGE('',*,*,#3461,.F.);
#4974=ORIENTED_EDGE('',*,*,#3439,.T.);
#4975=ORIENTED_EDGE('',*,*,#3472,.T.);
#4976=ORIENTED_EDGE('',*,*,#3384,.T.);
#4977=ORIENTED_EDGE('',*,*,#3473,.T.);
#4978=ORIENTED_EDGE('',*,*,#3474,.T.);
#4979=ORIENTED_EDGE('',*,*,#3472,.F.);
#4980=ORIENTED_EDGE('',*,*,#3438,.F.);
#4981=ORIENTED_EDGE('',*,*,#3475,.F.);
#4982=ORIENTED_EDGE('',*,*,#3386,.F.);
#4983=ORIENTED_EDGE('',*,*,#3385,.F.);
#4984=ORIENTED_EDGE('',*,*,#3387,.T.);
#4985=ORIENTED_EDGE('',*,*,#3475,.T.);
#4986=ORIENTED_EDGE('',*,*,#3437,.T.);
#4987=ORIENTED_EDGE('',*,*,#3476,.T.);
#4988=ORIENTED_EDGE('',*,*,#3468,.T.);
#4989=ORIENTED_EDGE('',*,*,#3474,.F.);
#4990=ORIENTED_EDGE('',*,*,#3477,.F.);
#4991=ORIENTED_EDGE('',*,*,#3440,.F.);
#4992=ORIENTED_EDGE('',*,*,#3476,.F.);
#4993=ORIENTED_EDGE('',*,*,#3436,.F.);
#4994=ORIENTED_EDGE('',*,*,#3469,.F.);
#4995=ORIENTED_EDGE('',*,*,#3473,.F.);
#4996=ORIENTED_EDGE('',*,*,#3383,.F.);
#4997=ORIENTED_EDGE('',*,*,#3478,.F.);
#4998=ORIENTED_EDGE('',*,*,#3479,.T.);
#4999=ORIENTED_EDGE('',*,*,#3441,.T.);
#5000=ORIENTED_EDGE('',*,*,#3477,.T.);
#5001=ORIENTED_EDGE('',*,*,#3365,.F.);
#5002=ORIENTED_EDGE('',*,*,#3447,.F.);
#5003=ORIENTED_EDGE('',*,*,#3406,.F.);
#5004=ORIENTED_EDGE('',*,*,#3376,.F.);
#5005=ORIENTED_EDGE('',*,*,#3375,.F.);
#5006=ORIENTED_EDGE('',*,*,#3448,.F.);
#5007=ORIENTED_EDGE('',*,*,#3417,.F.);
#5008=ORIENTED_EDGE('',*,*,#3454,.F.);
#5009=ORIENTED_EDGE('',*,*,#3404,.F.);
#5010=ORIENTED_EDGE('',*,*,#3403,.F.);
#5011=ORIENTED_EDGE('',*,*,#3456,.F.);
#5012=ORIENTED_EDGE('',*,*,#3426,.F.);
#5013=ORIENTED_EDGE('',*,*,#3423,.F.);
#5014=ORIENTED_EDGE('',*,*,#3462,.F.);
#5015=ORIENTED_EDGE('',*,*,#3399,.F.);
#5016=ORIENTED_EDGE('',*,*,#3396,.F.);
#5017=ORIENTED_EDGE('',*,*,#3395,.F.);
#5018=ORIENTED_EDGE('',*,*,#3464,.F.);
#5019=ORIENTED_EDGE('',*,*,#3432,.F.);
#5020=ORIENTED_EDGE('',*,*,#3470,.F.);
#5021=ORIENTED_EDGE('',*,*,#3391,.F.);
#5022=ORIENTED_EDGE('',*,*,#3390,.F.);
#5023=ORIENTED_EDGE('',*,*,#3445,.T.);
#5024=ORIENTED_EDGE('',*,*,#3480,.T.);
#5025=ORIENTED_EDGE('',*,*,#3379,.T.);
#5026=ORIENTED_EDGE('',*,*,#3413,.T.);
#5027=ORIENTED_EDGE('',*,*,#3481,.T.);
#5028=ORIENTED_EDGE('',*,*,#3480,.F.);
#5029=ORIENTED_EDGE('',*,*,#3444,.F.);
#5030=ORIENTED_EDGE('',*,*,#3482,.F.);
#5031=ORIENTED_EDGE('',*,*,#3381,.F.);
#5032=ORIENTED_EDGE('',*,*,#3380,.F.);
#5033=ORIENTED_EDGE('',*,*,#3382,.T.);
#5034=ORIENTED_EDGE('',*,*,#3482,.T.);
#5035=ORIENTED_EDGE('',*,*,#3443,.T.);
#5036=ORIENTED_EDGE('',*,*,#3483,.T.);
#5037=ORIENTED_EDGE('',*,*,#3478,.T.);
#5038=ORIENTED_EDGE('',*,*,#3483,.F.);
#5039=ORIENTED_EDGE('',*,*,#3442,.F.);
#5040=ORIENTED_EDGE('',*,*,#3479,.F.);
#5041=ORIENTED_EDGE('',*,*,#3481,.F.);
#5042=ORIENTED_EDGE('',*,*,#3412,.F.);
#5043=ORIENTED_EDGE('',*,*,#3446,.F.);
#5044=ORIENTED_EDGE('',*,*,#3425,.F.);
#5045=ORIENTED_EDGE('',*,*,#3398,.T.);
#5046=ORIENTED_EDGE('',*,*,#3484,.T.);
#5047=ORIENTED_EDGE('',*,*,#3485,.T.);
#5048=ORIENTED_EDGE('',*,*,#3486,.F.);
#5049=ORIENTED_EDGE('',*,*,#3485,.F.);
#5050=ORIENTED_EDGE('',*,*,#3487,.F.);
#5051=ORIENTED_EDGE('',*,*,#3488,.T.);
#5052=ORIENTED_EDGE('',*,*,#3489,.T.);
#5053=ORIENTED_EDGE('',*,*,#3488,.F.);
#5054=ORIENTED_EDGE('',*,*,#3489,.F.);
#5055=ORIENTED_EDGE('',*,*,#3484,.F.);
#5056=ORIENTED_EDGE('',*,*,#3490,.T.);
#5057=ORIENTED_EDGE('',*,*,#3491,.F.);
#5058=ORIENTED_EDGE('',*,*,#3492,.T.);
#5059=ORIENTED_EDGE('',*,*,#3493,.T.);
#5060=ORIENTED_EDGE('',*,*,#3494,.T.);
#5061=ORIENTED_EDGE('',*,*,#3487,.T.);
#5062=ORIENTED_EDGE('',*,*,#3495,.T.);
#5063=ORIENTED_EDGE('',*,*,#3496,.F.);
#5064=ORIENTED_EDGE('',*,*,#3497,.T.);
#5065=ORIENTED_EDGE('',*,*,#3498,.T.);
#5066=ORIENTED_EDGE('',*,*,#3486,.T.);
#5067=ORIENTED_EDGE('',*,*,#3499,.T.);
#5068=ORIENTED_EDGE('',*,*,#3498,.F.);
#5069=ORIENTED_EDGE('',*,*,#3500,.F.);
#5070=ORIENTED_EDGE('',*,*,#3501,.F.);
#5071=ORIENTED_EDGE('',*,*,#3502,.F.);
#5072=ORIENTED_EDGE('',*,*,#3502,.T.);
#5073=ORIENTED_EDGE('',*,*,#3503,.T.);
#5074=ORIENTED_EDGE('',*,*,#3504,.F.);
#5075=ORIENTED_EDGE('',*,*,#3495,.F.);
#5076=ORIENTED_EDGE('',*,*,#3501,.T.);
#5077=ORIENTED_EDGE('',*,*,#3505,.F.);
#5078=ORIENTED_EDGE('',*,*,#3506,.F.);
#5079=ORIENTED_EDGE('',*,*,#3507,.T.);
#5080=ORIENTED_EDGE('',*,*,#3508,.T.);
#5081=ORIENTED_EDGE('',*,*,#3509,.T.);
#5082=ORIENTED_EDGE('',*,*,#3510,.F.);
#5083=ORIENTED_EDGE('',*,*,#3503,.F.);
#5084=ORIENTED_EDGE('',*,*,#3491,.T.);
#5085=ORIENTED_EDGE('',*,*,#3511,.T.);
#5086=ORIENTED_EDGE('',*,*,#3509,.F.);
#5087=ORIENTED_EDGE('',*,*,#3512,.F.);
#5088=ORIENTED_EDGE('',*,*,#3492,.F.);
#5089=ORIENTED_EDGE('',*,*,#3512,.T.);
#5090=ORIENTED_EDGE('',*,*,#3508,.F.);
#5091=ORIENTED_EDGE('',*,*,#3513,.F.);
#5092=ORIENTED_EDGE('',*,*,#3493,.F.);
#5093=ORIENTED_EDGE('',*,*,#3513,.T.);
#5094=ORIENTED_EDGE('',*,*,#3507,.F.);
#5095=ORIENTED_EDGE('',*,*,#3514,.F.);
#5096=ORIENTED_EDGE('',*,*,#3514,.T.);
#5097=ORIENTED_EDGE('',*,*,#3506,.T.);
#5098=ORIENTED_EDGE('',*,*,#3515,.T.);
#5099=ORIENTED_EDGE('',*,*,#3496,.T.);
#5100=ORIENTED_EDGE('',*,*,#3504,.T.);
#5101=ORIENTED_EDGE('',*,*,#3510,.T.);
#5102=ORIENTED_EDGE('',*,*,#3511,.F.);
#5103=ORIENTED_EDGE('',*,*,#3490,.F.);
#5104=ORIENTED_EDGE('',*,*,#3500,.T.);
#5105=ORIENTED_EDGE('',*,*,#3497,.F.);
#5106=ORIENTED_EDGE('',*,*,#3515,.F.);
#5107=ORIENTED_EDGE('',*,*,#3505,.T.);
#5108=ORIENTED_EDGE('',*,*,#3494,.F.);
#5109=ORIENTED_EDGE('',*,*,#3516,.T.);
#5110=ORIENTED_EDGE('',*,*,#3517,.T.);
#5111=ORIENTED_EDGE('',*,*,#3516,.F.);
#5112=ORIENTED_EDGE('',*,*,#3518,.T.);
#5113=ORIENTED_EDGE('',*,*,#3519,.F.);
#5114=ORIENTED_EDGE('',*,*,#3518,.F.);
#5115=ORIENTED_EDGE('',*,*,#3520,.T.);
#5116=ORIENTED_EDGE('',*,*,#3499,.F.);
#5117=ORIENTED_EDGE('',*,*,#3520,.F.);
#5118=ORIENTED_EDGE('',*,*,#3517,.F.);
#5119=ORIENTED_EDGE('',*,*,#3521,.T.);
#5120=ORIENTED_EDGE('',*,*,#3521,.F.);
#5121=ORIENTED_EDGE('',*,*,#3522,.T.);
#5122=ORIENTED_EDGE('',*,*,#3519,.T.);
#5123=ORIENTED_EDGE('',*,*,#3522,.F.);
#5124=ORIENTED_EDGE('',*,*,#3523,.F.);
#5125=ORIENTED_EDGE('',*,*,#3524,.T.);
#5126=ORIENTED_EDGE('',*,*,#3525,.F.);
#5127=ORIENTED_EDGE('',*,*,#3524,.F.);
#5128=ORIENTED_EDGE('',*,*,#3525,.T.);
#5129=ORIENTED_EDGE('',*,*,#3523,.T.);
#5130=ORIENTED_EDGE('',*,*,#3526,.F.);
#5131=ORIENTED_EDGE('',*,*,#3527,.T.);
#5132=ORIENTED_EDGE('',*,*,#3528,.F.);
#5133=ORIENTED_EDGE('',*,*,#3527,.F.);
#5134=ORIENTED_EDGE('',*,*,#3528,.T.);
#5135=ORIENTED_EDGE('',*,*,#3526,.T.);
#5136=ORIENTED_EDGE('',*,*,#3529,.F.);
#5137=ORIENTED_EDGE('',*,*,#3530,.T.);
#5138=ORIENTED_EDGE('',*,*,#3531,.F.);
#5139=ORIENTED_EDGE('',*,*,#3530,.F.);
#5140=ORIENTED_EDGE('',*,*,#3531,.T.);
#5141=ORIENTED_EDGE('',*,*,#3529,.T.);
#5142=ORIENTED_EDGE('',*,*,#3532,.F.);
#5143=ORIENTED_EDGE('',*,*,#3533,.T.);
#5144=ORIENTED_EDGE('',*,*,#3534,.F.);
#5145=ORIENTED_EDGE('',*,*,#3533,.F.);
#5146=ORIENTED_EDGE('',*,*,#3534,.T.);
#5147=ORIENTED_EDGE('',*,*,#3532,.T.);
#5148=ORIENTED_EDGE('',*,*,#3535,.F.);
#5149=ORIENTED_EDGE('',*,*,#3536,.T.);
#5150=ORIENTED_EDGE('',*,*,#3537,.T.);
#5151=ORIENTED_EDGE('',*,*,#3536,.F.);
#5152=ORIENTED_EDGE('',*,*,#3537,.F.);
#5153=ORIENTED_EDGE('',*,*,#3538,.F.);
#5154=ORIENTED_EDGE('',*,*,#3539,.T.);
#5155=ORIENTED_EDGE('',*,*,#3540,.F.);
#5156=ORIENTED_EDGE('',*,*,#3541,.T.);
#5157=ORIENTED_EDGE('',*,*,#3542,.T.);
#5158=ORIENTED_EDGE('',*,*,#3543,.T.);
#5159=ORIENTED_EDGE('',*,*,#3544,.T.);
#5160=ORIENTED_EDGE('',*,*,#3545,.T.);
#5161=ORIENTED_EDGE('',*,*,#3544,.F.);
#5162=ORIENTED_EDGE('',*,*,#3546,.T.);
#5163=ORIENTED_EDGE('',*,*,#3547,.F.);
#5164=ORIENTED_EDGE('',*,*,#3548,.T.);
#5165=ORIENTED_EDGE('',*,*,#3549,.T.);
#5166=ORIENTED_EDGE('',*,*,#3550,.T.);
#5167=ORIENTED_EDGE('',*,*,#3542,.F.);
#5168=ORIENTED_EDGE('',*,*,#3551,.T.);
#5169=ORIENTED_EDGE('',*,*,#3547,.T.);
#5170=ORIENTED_EDGE('',*,*,#3552,.F.);
#5171=ORIENTED_EDGE('',*,*,#3548,.F.);
#5172=ORIENTED_EDGE('',*,*,#3551,.F.);
#5173=ORIENTED_EDGE('',*,*,#3541,.F.);
#5174=ORIENTED_EDGE('',*,*,#3553,.F.);
#5175=ORIENTED_EDGE('',*,*,#3545,.F.);
#5176=ORIENTED_EDGE('',*,*,#3546,.F.);
#5177=ORIENTED_EDGE('',*,*,#3554,.F.);
#5178=ORIENTED_EDGE('',*,*,#3555,.F.);
#5179=ORIENTED_EDGE('',*,*,#3539,.F.);
#5180=ORIENTED_EDGE('',*,*,#3550,.F.);
#5181=ORIENTED_EDGE('',*,*,#3543,.F.);
#5182=ORIENTED_EDGE('',*,*,#3556,.F.);
#5183=ORIENTED_EDGE('',*,*,#3557,.T.);
#5184=ORIENTED_EDGE('',*,*,#3554,.T.);
#5185=ORIENTED_EDGE('',*,*,#3549,.F.);
#5186=ORIENTED_EDGE('',*,*,#3552,.T.);
#5187=ORIENTED_EDGE('',*,*,#3558,.T.);
#5188=ORIENTED_EDGE('',*,*,#3559,.F.);
#5189=ORIENTED_EDGE('',*,*,#3558,.F.);
#5190=ORIENTED_EDGE('',*,*,#3553,.T.);
#5191=ORIENTED_EDGE('',*,*,#3540,.T.);
#5192=ORIENTED_EDGE('',*,*,#3555,.T.);
#5193=ORIENTED_EDGE('',*,*,#3557,.F.);
#5194=ORIENTED_EDGE('',*,*,#3560,.T.);
#5195=ORIENTED_EDGE('',*,*,#3561,.T.);
#5196=ORIENTED_EDGE('',*,*,#3562,.T.);
#5197=ORIENTED_EDGE('',*,*,#3563,.T.);
#5198=ORIENTED_EDGE('',*,*,#3564,.T.);
#5199=ORIENTED_EDGE('',*,*,#3565,.T.);
#5200=ORIENTED_EDGE('',*,*,#3566,.T.);
#5201=ORIENTED_EDGE('',*,*,#3567,.T.);
#5202=ORIENTED_EDGE('',*,*,#3568,.T.);
#5203=ORIENTED_EDGE('',*,*,#3569,.T.);
#5204=ORIENTED_EDGE('',*,*,#3570,.T.);
#5205=ORIENTED_EDGE('',*,*,#3571,.T.);
#5206=ORIENTED_EDGE('',*,*,#3572,.T.);
#5207=ORIENTED_EDGE('',*,*,#3573,.T.);
#5208=ORIENTED_EDGE('',*,*,#3574,.T.);
#5209=ORIENTED_EDGE('',*,*,#3575,.T.);
#5210=ORIENTED_EDGE('',*,*,#3576,.T.);
#5211=ORIENTED_EDGE('',*,*,#3577,.T.);
#5212=ORIENTED_EDGE('',*,*,#3578,.T.);
#5213=ORIENTED_EDGE('',*,*,#3579,.T.);
#5214=ORIENTED_EDGE('',*,*,#3580,.T.);
#5215=ORIENTED_EDGE('',*,*,#3581,.T.);
#5216=ORIENTED_EDGE('',*,*,#3582,.T.);
#5217=ORIENTED_EDGE('',*,*,#3583,.T.);
#5218=ORIENTED_EDGE('',*,*,#3584,.T.);
#5219=ORIENTED_EDGE('',*,*,#3585,.T.);
#5220=ORIENTED_EDGE('',*,*,#3586,.T.);
#5221=ORIENTED_EDGE('',*,*,#3587,.T.);
#5222=ORIENTED_EDGE('',*,*,#3588,.T.);
#5223=ORIENTED_EDGE('',*,*,#3589,.T.);
#5224=ORIENTED_EDGE('',*,*,#3590,.T.);
#5225=ORIENTED_EDGE('',*,*,#3591,.T.);
#5226=ORIENTED_EDGE('',*,*,#3592,.T.);
#5227=ORIENTED_EDGE('',*,*,#3593,.T.);
#5228=ORIENTED_EDGE('',*,*,#3594,.T.);
#5229=ORIENTED_EDGE('',*,*,#3595,.T.);
#5230=ORIENTED_EDGE('',*,*,#3596,.T.);
#5231=ORIENTED_EDGE('',*,*,#3597,.T.);
#5232=ORIENTED_EDGE('',*,*,#3598,.T.);
#5233=ORIENTED_EDGE('',*,*,#3599,.T.);
#5234=ORIENTED_EDGE('',*,*,#3600,.F.);
#5235=ORIENTED_EDGE('',*,*,#3538,.T.);
#5236=ORIENTED_EDGE('',*,*,#3601,.T.);
#5237=ORIENTED_EDGE('',*,*,#3600,.T.);
#5238=ORIENTED_EDGE('',*,*,#3601,.F.);
#5239=ORIENTED_EDGE('',*,*,#3559,.T.);
#5240=ORIENTED_EDGE('',*,*,#3535,.T.);
#5241=ORIENTED_EDGE('',*,*,#3560,.F.);
#5242=ORIENTED_EDGE('',*,*,#3602,.T.);
#5243=ORIENTED_EDGE('',*,*,#3603,.F.);
#5244=ORIENTED_EDGE('',*,*,#3604,.F.);
#5245=ORIENTED_EDGE('',*,*,#3561,.F.);
#5246=ORIENTED_EDGE('',*,*,#3604,.T.);
#5247=ORIENTED_EDGE('',*,*,#3605,.F.);
#5248=ORIENTED_EDGE('',*,*,#3606,.F.);
#5249=ORIENTED_EDGE('',*,*,#3562,.F.);
#5250=ORIENTED_EDGE('',*,*,#3606,.T.);
#5251=ORIENTED_EDGE('',*,*,#3607,.F.);
#5252=ORIENTED_EDGE('',*,*,#3608,.F.);
#5253=ORIENTED_EDGE('',*,*,#3563,.F.);
#5254=ORIENTED_EDGE('',*,*,#3608,.T.);
#5255=ORIENTED_EDGE('',*,*,#3609,.F.);
#5256=ORIENTED_EDGE('',*,*,#3610,.F.);
#5257=ORIENTED_EDGE('',*,*,#3564,.F.);
#5258=ORIENTED_EDGE('',*,*,#3610,.T.);
#5259=ORIENTED_EDGE('',*,*,#3611,.F.);
#5260=ORIENTED_EDGE('',*,*,#3612,.F.);
#5261=ORIENTED_EDGE('',*,*,#3565,.F.);
#5262=ORIENTED_EDGE('',*,*,#3612,.T.);
#5263=ORIENTED_EDGE('',*,*,#3613,.F.);
#5264=ORIENTED_EDGE('',*,*,#3614,.F.);
#5265=ORIENTED_EDGE('',*,*,#3566,.F.);
#5266=ORIENTED_EDGE('',*,*,#3614,.T.);
#5267=ORIENTED_EDGE('',*,*,#3615,.F.);
#5268=ORIENTED_EDGE('',*,*,#3616,.F.);
#5269=ORIENTED_EDGE('',*,*,#3567,.F.);
#5270=ORIENTED_EDGE('',*,*,#3616,.T.);
#5271=ORIENTED_EDGE('',*,*,#3617,.F.);
#5272=ORIENTED_EDGE('',*,*,#3618,.F.);
#5273=ORIENTED_EDGE('',*,*,#3568,.F.);
#5274=ORIENTED_EDGE('',*,*,#3618,.T.);
#5275=ORIENTED_EDGE('',*,*,#3619,.F.);
#5276=ORIENTED_EDGE('',*,*,#3620,.F.);
#5277=ORIENTED_EDGE('',*,*,#3569,.F.);
#5278=ORIENTED_EDGE('',*,*,#3620,.T.);
#5279=ORIENTED_EDGE('',*,*,#3621,.F.);
#5280=ORIENTED_EDGE('',*,*,#3622,.F.);
#5281=ORIENTED_EDGE('',*,*,#3570,.F.);
#5282=ORIENTED_EDGE('',*,*,#3622,.T.);
#5283=ORIENTED_EDGE('',*,*,#3623,.F.);
#5284=ORIENTED_EDGE('',*,*,#3624,.F.);
#5285=ORIENTED_EDGE('',*,*,#3571,.F.);
#5286=ORIENTED_EDGE('',*,*,#3624,.T.);
#5287=ORIENTED_EDGE('',*,*,#3625,.F.);
#5288=ORIENTED_EDGE('',*,*,#3626,.F.);
#5289=ORIENTED_EDGE('',*,*,#3572,.F.);
#5290=ORIENTED_EDGE('',*,*,#3626,.T.);
#5291=ORIENTED_EDGE('',*,*,#3627,.F.);
#5292=ORIENTED_EDGE('',*,*,#3628,.F.);
#5293=ORIENTED_EDGE('',*,*,#3573,.F.);
#5294=ORIENTED_EDGE('',*,*,#3628,.T.);
#5295=ORIENTED_EDGE('',*,*,#3629,.F.);
#5296=ORIENTED_EDGE('',*,*,#3630,.F.);
#5297=ORIENTED_EDGE('',*,*,#3574,.F.);
#5298=ORIENTED_EDGE('',*,*,#3630,.T.);
#5299=ORIENTED_EDGE('',*,*,#3631,.F.);
#5300=ORIENTED_EDGE('',*,*,#3632,.F.);
#5301=ORIENTED_EDGE('',*,*,#3575,.F.);
#5302=ORIENTED_EDGE('',*,*,#3632,.T.);
#5303=ORIENTED_EDGE('',*,*,#3633,.F.);
#5304=ORIENTED_EDGE('',*,*,#3634,.F.);
#5305=ORIENTED_EDGE('',*,*,#3576,.F.);
#5306=ORIENTED_EDGE('',*,*,#3634,.T.);
#5307=ORIENTED_EDGE('',*,*,#3635,.F.);
#5308=ORIENTED_EDGE('',*,*,#3636,.F.);
#5309=ORIENTED_EDGE('',*,*,#3577,.F.);
#5310=ORIENTED_EDGE('',*,*,#3636,.T.);
#5311=ORIENTED_EDGE('',*,*,#3637,.F.);
#5312=ORIENTED_EDGE('',*,*,#3638,.F.);
#5313=ORIENTED_EDGE('',*,*,#3578,.F.);
#5314=ORIENTED_EDGE('',*,*,#3638,.T.);
#5315=ORIENTED_EDGE('',*,*,#3639,.F.);
#5316=ORIENTED_EDGE('',*,*,#3640,.F.);
#5317=ORIENTED_EDGE('',*,*,#3579,.F.);
#5318=ORIENTED_EDGE('',*,*,#3640,.T.);
#5319=ORIENTED_EDGE('',*,*,#3641,.F.);
#5320=ORIENTED_EDGE('',*,*,#3642,.F.);
#5321=ORIENTED_EDGE('',*,*,#3580,.F.);
#5322=ORIENTED_EDGE('',*,*,#3642,.T.);
#5323=ORIENTED_EDGE('',*,*,#3643,.F.);
#5324=ORIENTED_EDGE('',*,*,#3644,.F.);
#5325=ORIENTED_EDGE('',*,*,#3581,.F.);
#5326=ORIENTED_EDGE('',*,*,#3644,.T.);
#5327=ORIENTED_EDGE('',*,*,#3645,.F.);
#5328=ORIENTED_EDGE('',*,*,#3646,.F.);
#5329=ORIENTED_EDGE('',*,*,#3582,.F.);
#5330=ORIENTED_EDGE('',*,*,#3646,.T.);
#5331=ORIENTED_EDGE('',*,*,#3647,.F.);
#5332=ORIENTED_EDGE('',*,*,#3648,.F.);
#5333=ORIENTED_EDGE('',*,*,#3583,.F.);
#5334=ORIENTED_EDGE('',*,*,#3648,.T.);
#5335=ORIENTED_EDGE('',*,*,#3649,.F.);
#5336=ORIENTED_EDGE('',*,*,#3650,.F.);
#5337=ORIENTED_EDGE('',*,*,#3584,.F.);
#5338=ORIENTED_EDGE('',*,*,#3650,.T.);
#5339=ORIENTED_EDGE('',*,*,#3651,.F.);
#5340=ORIENTED_EDGE('',*,*,#3652,.F.);
#5341=ORIENTED_EDGE('',*,*,#3585,.F.);
#5342=ORIENTED_EDGE('',*,*,#3652,.T.);
#5343=ORIENTED_EDGE('',*,*,#3653,.F.);
#5344=ORIENTED_EDGE('',*,*,#3654,.F.);
#5345=ORIENTED_EDGE('',*,*,#3586,.F.);
#5346=ORIENTED_EDGE('',*,*,#3654,.T.);
#5347=ORIENTED_EDGE('',*,*,#3655,.F.);
#5348=ORIENTED_EDGE('',*,*,#3656,.F.);
#5349=ORIENTED_EDGE('',*,*,#3587,.F.);
#5350=ORIENTED_EDGE('',*,*,#3656,.T.);
#5351=ORIENTED_EDGE('',*,*,#3657,.F.);
#5352=ORIENTED_EDGE('',*,*,#3658,.F.);
#5353=ORIENTED_EDGE('',*,*,#3588,.F.);
#5354=ORIENTED_EDGE('',*,*,#3658,.T.);
#5355=ORIENTED_EDGE('',*,*,#3659,.F.);
#5356=ORIENTED_EDGE('',*,*,#3660,.F.);
#5357=ORIENTED_EDGE('',*,*,#3589,.F.);
#5358=ORIENTED_EDGE('',*,*,#3660,.T.);
#5359=ORIENTED_EDGE('',*,*,#3661,.F.);
#5360=ORIENTED_EDGE('',*,*,#3662,.F.);
#5361=ORIENTED_EDGE('',*,*,#3590,.F.);
#5362=ORIENTED_EDGE('',*,*,#3662,.T.);
#5363=ORIENTED_EDGE('',*,*,#3663,.F.);
#5364=ORIENTED_EDGE('',*,*,#3664,.F.);
#5365=ORIENTED_EDGE('',*,*,#3591,.F.);
#5366=ORIENTED_EDGE('',*,*,#3664,.T.);
#5367=ORIENTED_EDGE('',*,*,#3665,.F.);
#5368=ORIENTED_EDGE('',*,*,#3666,.F.);
#5369=ORIENTED_EDGE('',*,*,#3592,.F.);
#5370=ORIENTED_EDGE('',*,*,#3666,.T.);
#5371=ORIENTED_EDGE('',*,*,#3667,.F.);
#5372=ORIENTED_EDGE('',*,*,#3668,.F.);
#5373=ORIENTED_EDGE('',*,*,#3593,.F.);
#5374=ORIENTED_EDGE('',*,*,#3668,.T.);
#5375=ORIENTED_EDGE('',*,*,#3669,.F.);
#5376=ORIENTED_EDGE('',*,*,#3670,.F.);
#5377=ORIENTED_EDGE('',*,*,#3594,.F.);
#5378=ORIENTED_EDGE('',*,*,#3670,.T.);
#5379=ORIENTED_EDGE('',*,*,#3671,.F.);
#5380=ORIENTED_EDGE('',*,*,#3672,.F.);
#5381=ORIENTED_EDGE('',*,*,#3595,.F.);
#5382=ORIENTED_EDGE('',*,*,#3672,.T.);
#5383=ORIENTED_EDGE('',*,*,#3673,.F.);
#5384=ORIENTED_EDGE('',*,*,#3674,.F.);
#5385=ORIENTED_EDGE('',*,*,#3596,.F.);
#5386=ORIENTED_EDGE('',*,*,#3674,.T.);
#5387=ORIENTED_EDGE('',*,*,#3675,.F.);
#5388=ORIENTED_EDGE('',*,*,#3676,.F.);
#5389=ORIENTED_EDGE('',*,*,#3597,.F.);
#5390=ORIENTED_EDGE('',*,*,#3676,.T.);
#5391=ORIENTED_EDGE('',*,*,#3677,.F.);
#5392=ORIENTED_EDGE('',*,*,#3678,.F.);
#5393=ORIENTED_EDGE('',*,*,#3598,.F.);
#5394=ORIENTED_EDGE('',*,*,#3678,.T.);
#5395=ORIENTED_EDGE('',*,*,#3679,.F.);
#5396=ORIENTED_EDGE('',*,*,#3680,.F.);
#5397=ORIENTED_EDGE('',*,*,#3599,.F.);
#5398=ORIENTED_EDGE('',*,*,#3680,.T.);
#5399=ORIENTED_EDGE('',*,*,#3681,.F.);
#5400=ORIENTED_EDGE('',*,*,#3602,.F.);
#5401=ORIENTED_EDGE('',*,*,#3556,.T.);
#5402=ORIENTED_EDGE('',*,*,#3681,.T.);
#5403=ORIENTED_EDGE('',*,*,#3679,.T.);
#5404=ORIENTED_EDGE('',*,*,#3677,.T.);
#5405=ORIENTED_EDGE('',*,*,#3675,.T.);
#5406=ORIENTED_EDGE('',*,*,#3673,.T.);
#5407=ORIENTED_EDGE('',*,*,#3671,.T.);
#5408=ORIENTED_EDGE('',*,*,#3669,.T.);
#5409=ORIENTED_EDGE('',*,*,#3667,.T.);
#5410=ORIENTED_EDGE('',*,*,#3665,.T.);
#5411=ORIENTED_EDGE('',*,*,#3663,.T.);
#5412=ORIENTED_EDGE('',*,*,#3661,.T.);
#5413=ORIENTED_EDGE('',*,*,#3659,.T.);
#5414=ORIENTED_EDGE('',*,*,#3657,.T.);
#5415=ORIENTED_EDGE('',*,*,#3655,.T.);
#5416=ORIENTED_EDGE('',*,*,#3653,.T.);
#5417=ORIENTED_EDGE('',*,*,#3651,.T.);
#5418=ORIENTED_EDGE('',*,*,#3649,.T.);
#5419=ORIENTED_EDGE('',*,*,#3647,.T.);
#5420=ORIENTED_EDGE('',*,*,#3645,.T.);
#5421=ORIENTED_EDGE('',*,*,#3643,.T.);
#5422=ORIENTED_EDGE('',*,*,#3641,.T.);
#5423=ORIENTED_EDGE('',*,*,#3639,.T.);
#5424=ORIENTED_EDGE('',*,*,#3637,.T.);
#5425=ORIENTED_EDGE('',*,*,#3635,.T.);
#5426=ORIENTED_EDGE('',*,*,#3633,.T.);
#5427=ORIENTED_EDGE('',*,*,#3631,.T.);
#5428=ORIENTED_EDGE('',*,*,#3629,.T.);
#5429=ORIENTED_EDGE('',*,*,#3627,.T.);
#5430=ORIENTED_EDGE('',*,*,#3625,.T.);
#5431=ORIENTED_EDGE('',*,*,#3623,.T.);
#5432=ORIENTED_EDGE('',*,*,#3621,.T.);
#5433=ORIENTED_EDGE('',*,*,#3619,.T.);
#5434=ORIENTED_EDGE('',*,*,#3617,.T.);
#5435=ORIENTED_EDGE('',*,*,#3615,.T.);
#5436=ORIENTED_EDGE('',*,*,#3613,.T.);
#5437=ORIENTED_EDGE('',*,*,#3611,.T.);
#5438=ORIENTED_EDGE('',*,*,#3609,.T.);
#5439=ORIENTED_EDGE('',*,*,#3607,.T.);
#5440=ORIENTED_EDGE('',*,*,#3605,.T.);
#5441=ORIENTED_EDGE('',*,*,#3603,.T.);
#5442=CYLINDRICAL_SURFACE('',#5991,2.);
#5443=CYLINDRICAL_SURFACE('',#5994,8.);
#5444=CYLINDRICAL_SURFACE('',#6001,2.);
#5445=CYLINDRICAL_SURFACE('',#6004,4.5);
#5446=CYLINDRICAL_SURFACE('',#6007,2.);
#5447=CYLINDRICAL_SURFACE('',#6010,4.5);
#5448=CYLINDRICAL_SURFACE('',#6013,2.);
#5449=CYLINDRICAL_SURFACE('',#6016,14.0000000000004);
#5450=CYLINDRICAL_SURFACE('',#6030,1.05);
#5451=CYLINDRICAL_SURFACE('',#6032,1.05);
#5452=CYLINDRICAL_SURFACE('',#6034,3.);
#5453=CYLINDRICAL_SURFACE('',#6036,3.);
#5454=CYLINDRICAL_SURFACE('',#6038,3.);
#5455=CYLINDRICAL_SURFACE('',#6048,1.05);
#5456=CYLINDRICAL_SURFACE('',#6050,1.05);
#5457=CYLINDRICAL_SURFACE('',#6052,3.);
#5458=CYLINDRICAL_SURFACE('',#6054,3.);
#5459=CYLINDRICAL_SURFACE('',#6056,3.);
#5460=CYLINDRICAL_SURFACE('',#6060,1.15);
#5461=CYLINDRICAL_SURFACE('',#6063,3.);
#5462=CYLINDRICAL_SURFACE('',#6066,3.);
#5463=CYLINDRICAL_SURFACE('',#6069,3.);
#5464=CYLINDRICAL_SURFACE('',#6076,10.);
#5465=CYLINDRICAL_SURFACE('',#6081,1.15);
#5466=CYLINDRICAL_SURFACE('',#6084,3.);
#5467=CYLINDRICAL_SURFACE('',#6087,3.);
#5468=CYLINDRICAL_SURFACE('',#6090,3.);
#5469=CYLINDRICAL_SURFACE('',#6103,7.65);
#5470=CYLINDRICAL_SURFACE('',#6108,7.65);
#5471=CYLINDRICAL_SURFACE('',#6112,2.);
#5472=CYLINDRICAL_SURFACE('',#6115,7.17165365242869);
#5473=CYLINDRICAL_SURFACE('',#6118,2.99999999999991);
#5474=CYLINDRICAL_SURFACE('',#6121,2.);
#5475=CYLINDRICAL_SURFACE('',#6124,2.);
#5476=CYLINDRICAL_SURFACE('',#6127,70.0000016146499);
#5477=CYLINDRICAL_SURFACE('',#6134,2.);
#5478=CYLINDRICAL_SURFACE('',#6137,79.999999999998);
#5479=CYLINDRICAL_SURFACE('',#6144,2.99999999999993);
#5480=CYLINDRICAL_SURFACE('',#6147,7.1716536524289);
#5481=CYLINDRICAL_SURFACE('',#6155,1.05);
#5482=CYLINDRICAL_SURFACE('',#6158,1.05);
#5483=CYLINDRICAL_SURFACE('',#6161,3.);
#5484=CYLINDRICAL_SURFACE('',#6164,2.99999999999871);
#5485=CYLINDRICAL_SURFACE('',#6166,2.99999999999998);
#5486=CYLINDRICAL_SURFACE('',#6170,3.0000000000062);
#5487=CYLINDRICAL_SURFACE('',#6187,1.05);
#5488=CYLINDRICAL_SURFACE('',#6189,1.05);
#5489=CYLINDRICAL_SURFACE('',#6192,2.99999999999998);
#5490=CYLINDRICAL_SURFACE('',#6194,2.99999999999871);
#5491=CYLINDRICAL_SURFACE('',#6197,3.);
#5492=CYLINDRICAL_SURFACE('',#6200,2.99999999999993);
#5493=CYLINDRICAL_SURFACE('',#6201,2.99999999999991);
#5494=CYLINDRICAL_SURFACE('',#6203,3.0000000000062);
#5495=CYLINDRICAL_SURFACE('',#6207,41.8290481690211);
#5496=CYLINDRICAL_SURFACE('',#6211,4.);
#5497=CYLINDRICAL_SURFACE('',#6218,7.56766626729493);
#5498=CYLINDRICAL_SURFACE('',#6223,1.15);
#5499=CYLINDRICAL_SURFACE('',#6226,3.);
#5500=CYLINDRICAL_SURFACE('',#6229,5.99999999999999);
#5501=CYLINDRICAL_SURFACE('',#6232,6.00000000000001);
#5502=CYLINDRICAL_SURFACE('',#6245,5.21766616843848);
#5503=CYLINDRICAL_SURFACE('',#6250,5.21766636615137);
#5504=CYLINDRICAL_SURFACE('',#6255,0.999999999999996);
#5505=CYLINDRICAL_SURFACE('',#6264,3.61766642965063);
#5506=CYLINDRICAL_SURFACE('',#6273,3.61766610493921);
#5507=CYLINDRICAL_SURFACE('',#6284,90.);
#5508=CYLINDRICAL_SURFACE('',#6286,57.7136705535787);
#5509=CYLINDRICAL_SURFACE('',#6289,7.9999999990566);
#5510=CYLINDRICAL_SURFACE('',#6292,30.3039824981886);
#5511=CYLINDRICAL_SURFACE('',#6299,40.0000000000009);
#5512=CYLINDRICAL_SURFACE('',#6300,10.);
#5513=CYLINDRICAL_SURFACE('',#6302,4.1);
#5514=CYLINDRICAL_SURFACE('',#6306,6.05);
#5515=CYLINDRICAL_SURFACE('',#6317,6.05);
#5516=CYLINDRICAL_SURFACE('',#6320,1.);
#5517=CYLINDRICAL_SURFACE('',#6326,3.81766626729493);
#5518=CYLINDRICAL_SURFACE('',#6401,5.01766626729492);
#5519=CYLINDRICAL_SURFACE('',#6424,6.25);
#5520=CYLINDRICAL_SURFACE('',#6433,7.45);
#5521=CYLINDRICAL_SURFACE('',#6451,0.999999999999996);
#5522=CYLINDRICAL_SURFACE('',#6454,2.7);
#5523=CYLINDRICAL_SURFACE('',#6470,3.61766642965063);
#5524=CYLINDRICAL_SURFACE('',#6472,40.0000000000009);
#5525=CYLINDRICAL_SURFACE('',#6481,30.3039824981886);
#5526=CYLINDRICAL_SURFACE('',#6482,7.9999999990566);
#5527=CYLINDRICAL_SURFACE('',#6483,57.7136705535787);
#5528=CYLINDRICAL_SURFACE('',#6484,10.);
#5529=CYLINDRICAL_SURFACE('',#6485,90.);
#5530=CYLINDRICAL_SURFACE('',#6486,2.7);
#5531=CYLINDRICAL_SURFACE('',#6491,3.9);
#5532=CYLINDRICAL_SURFACE('',#6494,1.);
#5533=CYLINDRICAL_SURFACE('',#6496,2.);
#5534=CYLINDRICAL_SURFACE('',#6501,9.99429944989579);
#5535=CYLINDRICAL_SURFACE('',#6506,2.);
#5536=CYLINDRICAL_SURFACE('',#6511,2.);
#5537=CYLINDRICAL_SURFACE('',#6522,2.7);
#5538=CYLINDRICAL_SURFACE('',#6528,1.15);
#5539=CYLINDRICAL_SURFACE('',#6532,3.);
#5540=CYLINDRICAL_SURFACE('',#6541,5.);
#5541=CYLINDRICAL_SURFACE('',#6546,1.);
#5542=ADVANCED_FACE('',(#691),#5442,.T.);
#5543=ADVANCED_FACE('',(#692),#5443,.F.);
#5544=ADVANCED_FACE('',(#693),#5444,.T.);
#5545=ADVANCED_FACE('',(#694),#5445,.F.);
#5546=ADVANCED_FACE('',(#695),#5446,.T.);
#5547=ADVANCED_FACE('',(#696),#5447,.F.);
#5548=ADVANCED_FACE('',(#697),#5448,.T.);
#5549=ADVANCED_FACE('',(#698),#5449,.T.);
#5550=ADVANCED_FACE('',(#699,#555),#605,.F.);
#5551=ADVANCED_FACE('',(#700,#556),#606,.F.);
#5552=ADVANCED_FACE('',(#701),#5450,.F.);
#5553=ADVANCED_FACE('',(#702),#5451,.F.);
#5554=ADVANCED_FACE('',(#703),#5452,.T.);
#5555=ADVANCED_FACE('',(#704),#5453,.T.);
#5556=ADVANCED_FACE('',(#705),#5454,.T.);
#5557=ADVANCED_FACE('',(#706,#557,#558),#607,.T.);
#5558=ADVANCED_FACE('',(#707,#559),#608,.F.);
#5559=ADVANCED_FACE('',(#708,#560),#609,.F.);
#5560=ADVANCED_FACE('',(#709),#5455,.F.);
#5561=ADVANCED_FACE('',(#710),#5456,.F.);
#5562=ADVANCED_FACE('',(#711),#5457,.T.);
#5563=ADVANCED_FACE('',(#712),#5458,.T.);
#5564=ADVANCED_FACE('',(#713),#5459,.T.);
#5565=ADVANCED_FACE('',(#714,#561,#562),#610,.T.);
#5566=ADVANCED_FACE('',(#715),#5460,.F.);
#5567=ADVANCED_FACE('',(#716),#5461,.T.);
#5568=ADVANCED_FACE('',(#717),#5462,.F.);
#5569=ADVANCED_FACE('',(#718),#5463,.F.);
#5570=ADVANCED_FACE('',(#719,#563),#611,.T.);
#5571=ADVANCED_FACE('',(#720,#564),#612,.F.);
#5572=ADVANCED_FACE('',(#721,#565,#566),#5464,.T.);
#5573=ADVANCED_FACE('',(#722),#5465,.F.);
#5574=ADVANCED_FACE('',(#723),#5466,.T.);
#5575=ADVANCED_FACE('',(#724),#5467,.F.);
#5576=ADVANCED_FACE('',(#725),#5468,.F.);
#5577=ADVANCED_FACE('',(#726,#567),#613,.T.);
#5578=ADVANCED_FACE('',(#727,#568),#614,.F.);
#5579=ADVANCED_FACE('',(#728),#495,.F.);
#5580=ADVANCED_FACE('',(#729),#487,.F.);
#5581=ADVANCED_FACE('',(#730),#5469,.F.);
#5582=ADVANCED_FACE('',(#731,#569),#615,.T.);
#5583=ADVANCED_FACE('',(#732,#570),#616,.T.);
#5584=ADVANCED_FACE('',(#733),#5470,.F.);
#5585=ADVANCED_FACE('',(#734),#488,.F.);
#5586=ADVANCED_FACE('',(#735),#5471,.T.);
#5587=ADVANCED_FACE('',(#736),#5472,.F.);
#5588=ADVANCED_FACE('',(#737),#5473,.T.);
#5589=ADVANCED_FACE('',(#738),#5474,.T.);
#5590=ADVANCED_FACE('',(#739),#5475,.T.);
#5591=ADVANCED_FACE('',(#740),#5476,.F.);
#5592=ADVANCED_FACE('',(#741),#5477,.T.);
#5593=ADVANCED_FACE('',(#742),#5478,.T.);
#5594=ADVANCED_FACE('',(#743),#5479,.T.);
#5595=ADVANCED_FACE('',(#744),#5480,.F.);
#5596=ADVANCED_FACE('',(#745,#571),#617,.F.);
#5597=ADVANCED_FACE('',(#746),#5481,.F.);
#5598=ADVANCED_FACE('',(#747),#5482,.F.);
#5599=ADVANCED_FACE('',(#748),#618,.T.);
#5600=ADVANCED_FACE('',(#749),#5483,.T.);
#5601=ADVANCED_FACE('',(#750),#619,.T.);
#5602=ADVANCED_FACE('',(#751),#5484,.F.);
#5603=ADVANCED_FACE('',(#752),#5485,.F.);
#5604=ADVANCED_FACE('',(#753),#620,.T.);
#5605=ADVANCED_FACE('',(#754),#5486,.T.);
#5606=ADVANCED_FACE('',(#755),#621,.T.);
#5607=ADVANCED_FACE('',(#756,#572),#622,.F.);
#5608=ADVANCED_FACE('',(#757,#573,#574),#623,.T.);
#5609=ADVANCED_FACE('',(#758,#575),#624,.F.);
#5610=ADVANCED_FACE('',(#759,#576),#625,.F.);
#5611=ADVANCED_FACE('',(#760),#5487,.F.);
#5612=ADVANCED_FACE('',(#761),#5488,.F.);
#5613=ADVANCED_FACE('',(#762),#626,.T.);
#5614=ADVANCED_FACE('',(#763),#5489,.F.);
#5615=ADVANCED_FACE('',(#764),#5490,.F.);
#5616=ADVANCED_FACE('',(#765),#627,.T.);
#5617=ADVANCED_FACE('',(#766),#5491,.T.);
#5618=ADVANCED_FACE('',(#767),#628,.T.);
#5619=ADVANCED_FACE('',(#768),#5492,.T.);
#5620=ADVANCED_FACE('',(#769),#5493,.T.);
#5621=ADVANCED_FACE('',(#770),#629,.T.);
#5622=ADVANCED_FACE('',(#771),#5494,.T.);
#5623=ADVANCED_FACE('',(#772,#577,#578),#630,.T.);
#5624=ADVANCED_FACE('',(#773),#5495,.F.);
#5625=ADVANCED_FACE('',(#774),#631,.T.);
#5626=ADVANCED_FACE('',(#775),#5496,.T.);
#5627=ADVANCED_FACE('',(#776),#632,.T.);
#5628=ADVANCED_FACE('',(#777),#633,.F.);
#5629=ADVANCED_FACE('',(#778,#579),#5497,.T.);
#5630=ADVANCED_FACE('',(#779),#5498,.F.);
#5631=ADVANCED_FACE('',(#780),#5499,.T.);
#5632=ADVANCED_FACE('',(#781),#5500,.F.);
#5633=ADVANCED_FACE('',(#782),#5501,.F.);
#5634=ADVANCED_FACE('',(#783,#580),#634,.T.);
#5635=ADVANCED_FACE('',(#784,#581),#635,.F.);
#5636=ADVANCED_FACE('',(#785),#496,.F.);
#5637=ADVANCED_FACE('',(#786),#489,.F.);
#5638=ADVANCED_FACE('',(#787),#5502,.F.);
#5639=ADVANCED_FACE('',(#788,#582),#636,.T.);
#5640=ADVANCED_FACE('',(#789,#583),#637,.T.);
#5641=ADVANCED_FACE('',(#790),#5503,.F.);
#5642=ADVANCED_FACE('',(#791),#490,.F.);
#5643=ADVANCED_FACE('',(#792),#5504,.F.);
#5644=ADVANCED_FACE('',(#793),#638,.T.);
#5645=ADVANCED_FACE('',(#794,#584),#639,.F.);
#5646=ADVANCED_FACE('',(#795,#585),#640,.F.);
#5647=ADVANCED_FACE('',(#796),#5505,.T.);
#5648=ADVANCED_FACE('',(#797),#497,.F.);
#5649=ADVANCED_FACE('',(#798),#491,.T.);
#5650=ADVANCED_FACE('',(#799),#5506,.T.);
#5651=ADVANCED_FACE('',(#800),#492,.T.);
#5652=ADVANCED_FACE('',(#801,#586),#641,.T.);
#5653=ADVANCED_FACE('',(#802),#5507,.T.);
#5654=ADVANCED_FACE('',(#803),#5508,.T.);
#5655=ADVANCED_FACE('',(#804),#5509,.T.);
#5656=ADVANCED_FACE('',(#805),#5510,.F.);
#5657=ADVANCED_FACE('',(#806),#642,.F.);
#5658=ADVANCED_FACE('',(#807),#5511,.F.);
#5659=ADVANCED_FACE('',(#808),#5512,.T.);
#5660=ADVANCED_FACE('',(#809),#5513,.F.);
#5661=ADVANCED_FACE('',(#810,#587),#643,.T.);
#5662=ADVANCED_FACE('',(#811),#5514,.T.);
#5663=ADVANCED_FACE('',(#812),#493,.T.);
#5664=ADVANCED_FACE('',(#813),#498,.F.);
#5665=ADVANCED_FACE('',(#814),#494,.T.);
#5666=ADVANCED_FACE('',(#815),#5515,.T.);
#5667=ADVANCED_FACE('',(#816,#588),#644,.F.);
#5668=ADVANCED_FACE('',(#817),#5516,.F.);
#5669=ADVANCED_FACE('',(#818),#86,.T.);
#5670=ADVANCED_FACE('',(#819),#87,.T.);
#5671=ADVANCED_FACE('',(#820),#88,.T.);
#5672=ADVANCED_FACE('',(#821),#89,.T.);
#5673=ADVANCED_FACE('',(#822),#90,.T.);
#5674=ADVANCED_FACE('',(#823),#91,.T.);
#5675=ADVANCED_FACE('',(#824),#92,.T.);
#5676=ADVANCED_FACE('',(#825),#93,.T.);
#5677=ADVANCED_FACE('',(#826),#94,.T.);
#5678=ADVANCED_FACE('',(#827),#95,.T.);
#5679=ADVANCED_FACE('',(#828),#96,.T.);
#5680=ADVANCED_FACE('',(#829),#97,.T.);
#5681=ADVANCED_FACE('',(#830),#98,.T.);
#5682=ADVANCED_FACE('',(#831),#99,.T.);
#5683=ADVANCED_FACE('',(#832),#100,.T.);
#5684=ADVANCED_FACE('',(#833),#101,.T.);
#5685=ADVANCED_FACE('',(#834),#102,.T.);
#5686=ADVANCED_FACE('',(#835),#103,.T.);
#5687=ADVANCED_FACE('',(#836),#104,.T.);
#5688=ADVANCED_FACE('',(#837),#105,.T.);
#5689=ADVANCED_FACE('',(#838),#106,.T.);
#5690=ADVANCED_FACE('',(#839),#107,.T.);
#5691=ADVANCED_FACE('',(#840),#108,.T.);
#5692=ADVANCED_FACE('',(#841),#109,.T.);
#5693=ADVANCED_FACE('',(#842),#110,.T.);
#5694=ADVANCED_FACE('',(#843),#111,.T.);
#5695=ADVANCED_FACE('',(#844),#112,.T.);
#5696=ADVANCED_FACE('',(#845),#113,.T.);
#5697=ADVANCED_FACE('',(#846),#114,.T.);
#5698=ADVANCED_FACE('',(#847),#115,.T.);
#5699=ADVANCED_FACE('',(#848),#116,.T.);
#5700=ADVANCED_FACE('',(#849),#117,.T.);
#5701=ADVANCED_FACE('',(#850),#118,.T.);
#5702=ADVANCED_FACE('',(#851),#119,.T.);
#5703=ADVANCED_FACE('',(#852),#120,.T.);
#5704=ADVANCED_FACE('',(#853),#121,.T.);
#5705=ADVANCED_FACE('',(#854),#122,.T.);
#5706=ADVANCED_FACE('',(#855),#123,.T.);
#5707=ADVANCED_FACE('',(#856),#124,.T.);
#5708=ADVANCED_FACE('',(#857),#125,.T.);
#5709=ADVANCED_FACE('',(#858,#589),#645,.F.);
#5710=ADVANCED_FACE('',(#859),#499,.T.);
#5711=ADVANCED_FACE('',(#860),#5517,.F.);
#5712=ADVANCED_FACE('',(#861),#55,.F.);
#5713=ADVANCED_FACE('',(#862),#500,.T.);
#5714=ADVANCED_FACE('',(#863),#501,.T.);
#5715=ADVANCED_FACE('',(#864),#56,.F.);
#5716=ADVANCED_FACE('',(#865),#502,.T.);
#5717=ADVANCED_FACE('',(#866),#503,.T.);
#5718=ADVANCED_FACE('',(#867),#57,.F.);
#5719=ADVANCED_FACE('',(#868),#504,.T.);
#5720=ADVANCED_FACE('',(#869),#505,.T.);
#5721=ADVANCED_FACE('',(#870),#646,.F.);
#5722=ADVANCED_FACE('',(#871),#506,.T.);
#5723=ADVANCED_FACE('',(#872),#647,.F.);
#5724=ADVANCED_FACE('',(#873),#648,.F.);
#5725=ADVANCED_FACE('',(#874),#649,.F.);
#5726=ADVANCED_FACE('',(#875),#650,.F.);
#5727=ADVANCED_FACE('',(#876),#651,.F.);
#5728=ADVANCED_FACE('',(#877),#652,.F.);
#5729=ADVANCED_FACE('',(#878),#653,.F.);
#5730=ADVANCED_FACE('',(#879),#654,.T.);
#5731=ADVANCED_FACE('',(#880),#655,.T.);
#5732=ADVANCED_FACE('',(#881),#656,.T.);
#5733=ADVANCED_FACE('',(#882),#657,.T.);
#5734=ADVANCED_FACE('',(#883),#658,.T.);
#5735=ADVANCED_FACE('',(#884),#5518,.T.);
#5736=ADVANCED_FACE('',(#885),#58,.F.);
#5737=ADVANCED_FACE('',(#886),#507,.T.);
#5738=ADVANCED_FACE('',(#887),#659,.F.);
#5739=ADVANCED_FACE('',(#888),#508,.T.);
#5740=ADVANCED_FACE('',(#889),#660,.F.);
#5741=ADVANCED_FACE('',(#890),#59,.F.);
#5742=ADVANCED_FACE('',(#891,#590),#661,.T.);
#5743=ADVANCED_FACE('',(#892),#126,.F.);
#5744=ADVANCED_FACE('',(#893),#127,.F.);
#5745=ADVANCED_FACE('',(#894),#662,.T.);
#5746=ADVANCED_FACE('',(#895),#5519,.F.);
#5747=ADVANCED_FACE('',(#896),#128,.F.);
#5748=ADVANCED_FACE('',(#897),#663,.T.);
#5749=ADVANCED_FACE('',(#898),#129,.F.);
#5750=ADVANCED_FACE('',(#899),#5520,.T.);
#5751=ADVANCED_FACE('',(#900),#130,.F.);
#5752=ADVANCED_FACE('',(#901),#131,.F.);
#5753=ADVANCED_FACE('',(#902),#664,.T.);
#5754=ADVANCED_FACE('',(#903),#132,.F.);
#5755=ADVANCED_FACE('',(#904),#133,.F.);
#5756=ADVANCED_FACE('',(#905),#134,.F.);
#5757=ADVANCED_FACE('',(#906),#135,.F.);
#5758=ADVANCED_FACE('',(#907),#665,.T.);
#5759=ADVANCED_FACE('',(#908),#136,.F.);
#5760=ADVANCED_FACE('',(#909),#137,.F.);
#5761=ADVANCED_FACE('',(#910),#138,.F.);
#5762=ADVANCED_FACE('',(#911),#139,.F.);
#5763=ADVANCED_FACE('',(#912),#666,.T.);
#5764=ADVANCED_FACE('',(#913),#140,.F.);
#5765=ADVANCED_FACE('',(#914),#141,.F.);
#5766=ADVANCED_FACE('',(#915),#142,.F.);
#5767=ADVANCED_FACE('',(#916),#60,.F.);
#5768=ADVANCED_FACE('',(#917),#143,.F.);
#5769=ADVANCED_FACE('',(#918),#144,.F.);
#5770=ADVANCED_FACE('',(#919),#145,.F.);
#5771=ADVANCED_FACE('',(#920),#667,.T.);
#5772=ADVANCED_FACE('',(#921),#61,.F.);
#5773=ADVANCED_FACE('',(#922),#62,.F.);
#5774=ADVANCED_FACE('',(#923),#63,.F.);
#5775=ADVANCED_FACE('',(#924),#64,.F.);
#5776=ADVANCED_FACE('',(#925),#146,.F.);
#5777=ADVANCED_FACE('',(#926),#65,.F.);
#5778=ADVANCED_FACE('',(#927),#147,.F.);
#5779=ADVANCED_FACE('',(#928),#148,.F.);
#5780=ADVANCED_FACE('',(#929),#149,.F.);
#5781=ADVANCED_FACE('',(#930,#591),#668,.T.);
#5782=ADVANCED_FACE('',(#931),#5521,.F.);
#5783=ADVANCED_FACE('',(#932),#5522,.F.);
#5784=ADVANCED_FACE('',(#933,#592),#669,.T.);
#5785=ADVANCED_FACE('',(#934,#593,#594),#670,.T.);
#5786=ADVANCED_FACE('',(#935,#595,#596),#671,.T.);
#5787=ADVANCED_FACE('',(#936),#5523,.T.);
#5788=ADVANCED_FACE('',(#937),#5524,.F.);
#5789=ADVANCED_FACE('',(#938),#672,.F.);
#5790=ADVANCED_FACE('',(#939),#5525,.F.);
#5791=ADVANCED_FACE('',(#940),#5526,.T.);
#5792=ADVANCED_FACE('',(#941),#5527,.T.);
#5793=ADVANCED_FACE('',(#942),#5528,.T.);
#5794=ADVANCED_FACE('',(#943),#5529,.T.);
#5795=ADVANCED_FACE('',(#944),#5530,.F.);
#5796=ADVANCED_FACE('',(#945,#597),#673,.T.);
#5797=ADVANCED_FACE('',(#946),#5531,.T.);
#5798=ADVANCED_FACE('',(#947,#598),#674,.F.);
#5799=ADVANCED_FACE('',(#948),#5532,.F.);
#5800=ADVANCED_FACE('',(#949),#5533,.T.);
#5801=ADVANCED_FACE('',(#950),#675,.T.);
#5802=ADVANCED_FACE('',(#951),#676,.F.);
#5803=ADVANCED_FACE('',(#952),#5534,.T.);
#5804=ADVANCED_FACE('',(#953),#677,.T.);
#5805=ADVANCED_FACE('',(#954),#678,.F.);
#5806=ADVANCED_FACE('',(#955),#5535,.T.);
#5807=ADVANCED_FACE('',(#956),#679,.T.);
#5808=ADVANCED_FACE('',(#957),#680,.F.);
#5809=ADVANCED_FACE('',(#958),#5536,.T.);
#5810=ADVANCED_FACE('',(#959),#681,.T.);
#5811=ADVANCED_FACE('',(#960),#682,.F.);
#5812=ADVANCED_FACE('',(#961),#5537,.F.);
#5813=ADVANCED_FACE('',(#962,#599),#683,.T.);
#5814=ADVANCED_FACE('',(#963),#684,.T.);
#5815=ADVANCED_FACE('',(#964),#5538,.F.);
#5816=ADVANCED_FACE('',(#965),#685,.T.);
#5817=ADVANCED_FACE('',(#966),#5539,.T.);
#5818=ADVANCED_FACE('',(#967,#600),#686,.T.);
#5819=ADVANCED_FACE('',(#968,#601),#687,.T.);
#5820=ADVANCED_FACE('',(#969),#5540,.T.);
#5821=ADVANCED_FACE('',(#970,#602),#688,.F.);
#5822=ADVANCED_FACE('',(#971),#5541,.F.);
#5823=ADVANCED_FACE('',(#972,#603),#689,.T.);
#5824=ADVANCED_FACE('',(#973),#150,.T.);
#5825=ADVANCED_FACE('',(#974),#151,.T.);
#5826=ADVANCED_FACE('',(#975),#152,.T.);
#5827=ADVANCED_FACE('',(#976),#153,.T.);
#5828=ADVANCED_FACE('',(#977),#154,.T.);
#5829=ADVANCED_FACE('',(#978),#155,.T.);
#5830=ADVANCED_FACE('',(#979),#156,.T.);
#5831=ADVANCED_FACE('',(#980),#157,.T.);
#5832=ADVANCED_FACE('',(#981),#158,.T.);
#5833=ADVANCED_FACE('',(#982),#159,.T.);
#5834=ADVANCED_FACE('',(#983),#160,.T.);
#5835=ADVANCED_FACE('',(#984),#161,.T.);
#5836=ADVANCED_FACE('',(#985),#162,.T.);
#5837=ADVANCED_FACE('',(#986),#163,.T.);
#5838=ADVANCED_FACE('',(#987),#164,.T.);
#5839=ADVANCED_FACE('',(#988),#165,.T.);
#5840=ADVANCED_FACE('',(#989),#166,.T.);
#5841=ADVANCED_FACE('',(#990),#167,.T.);
#5842=ADVANCED_FACE('',(#991),#168,.T.);
#5843=ADVANCED_FACE('',(#992),#169,.T.);
#5844=ADVANCED_FACE('',(#993),#170,.T.);
#5845=ADVANCED_FACE('',(#994),#171,.T.);
#5846=ADVANCED_FACE('',(#995),#172,.T.);
#5847=ADVANCED_FACE('',(#996),#173,.T.);
#5848=ADVANCED_FACE('',(#997),#174,.T.);
#5849=ADVANCED_FACE('',(#998),#175,.T.);
#5850=ADVANCED_FACE('',(#999),#176,.T.);
#5851=ADVANCED_FACE('',(#1000),#177,.T.);
#5852=ADVANCED_FACE('',(#1001),#178,.T.);
#5853=ADVANCED_FACE('',(#1002),#179,.T.);
#5854=ADVANCED_FACE('',(#1003),#180,.T.);
#5855=ADVANCED_FACE('',(#1004),#181,.T.);
#5856=ADVANCED_FACE('',(#1005),#182,.T.);
#5857=ADVANCED_FACE('',(#1006),#183,.T.);
#5858=ADVANCED_FACE('',(#1007),#184,.T.);
#5859=ADVANCED_FACE('',(#1008),#185,.T.);
#5860=ADVANCED_FACE('',(#1009),#186,.T.);
#5861=ADVANCED_FACE('',(#1010),#187,.T.);
#5862=ADVANCED_FACE('',(#1011),#188,.T.);
#5863=ADVANCED_FACE('',(#1012),#189,.T.);
#5864=ADVANCED_FACE('',(#1013,#604),#690,.F.);
#5865=CLOSED_SHELL('',(#5542,#5543,#5544,#5545,#5546,#5547,#5548,#5549,
#5550,#5551,#5552,#5553,#5554,#5555,#5556,#5557,#5558,#5559,#5560,#5561,
#5562,#5563,#5564,#5565));
#5866=CLOSED_SHELL('',(#5566,#5567,#5568,#5569,#5570,#5571,#5572,#5573,
#5574,#5575,#5576,#5577,#5578,#5579,#5580,#5581,#5582,#5583,#5584,#5585));
#5867=CLOSED_SHELL('',(#5586,#5587,#5588,#5589,#5590,#5591,#5592,#5593,
#5594,#5595,#5596,#5597,#5598,#5599,#5600,#5601,#5602,#5603,#5604,#5605,
#5606,#5607,#5608,#5609,#5610,#5611,#5612,#5613,#5614,#5615,#5616,#5617,
#5618,#5619,#5620,#5621,#5622,#5623));
#5868=CLOSED_SHELL('',(#5624,#5625,#5626,#5627,#5628,#5629,#5630,#5631,
#5632,#5633,#5634,#5635,#5636,#5637,#5638,#5639,#5640,#5641,#5642));
#5869=CLOSED_SHELL('',(#5643,#5644,#5645,#5646,#5647,#5648,#5649,#5650,
#5651,#5652,#5653,#5654,#5655,#5656,#5657,#5658,#5659,#5660,#5661,#5662,
#5663,#5664,#5665,#5666,#5667,#5668,#5669,#5670,#5671,#5672,#5673,#5674,
#5675,#5676,#5677,#5678,#5679,#5680,#5681,#5682,#5683,#5684,#5685,#5686,
#5687,#5688,#5689,#5690,#5691,#5692,#5693,#5694,#5695,#5696,#5697,#5698,
#5699,#5700,#5701,#5702,#5703,#5704,#5705,#5706,#5707,#5708,#5709));
#5870=CLOSED_SHELL('',(#5710,#5711,#5712,#5713,#5714,#5715,#5716,#5717,
#5718,#5719,#5720,#5721,#5722,#5723,#5724,#5725,#5726,#5727,#5728,#5729,
#5730,#5731,#5732,#5733,#5734,#5735,#5736,#5737,#5738,#5739,#5740,#5741,
#5742));
#5871=CLOSED_SHELL('',(#5743,#5744,#5745,#5746,#5747,#5748,#5749,#5750,
#5751,#5752,#5753,#5754,#5755,#5756,#5757,#5758,#5759,#5760,#5761,#5762,
#5763,#5764,#5765,#5766,#5767,#5768,#5769,#5770,#5771,#5772,#5773,#5774,
#5775,#5776,#5777,#5778,#5779,#5780,#5781));
#5872=CLOSED_SHELL('',(#5782,#5783,#5784,#5785,#5786,#5787,#5788,#5789,
#5790,#5791,#5792,#5793,#5794,#5795,#5796,#5797,#5798,#5799));
#5873=CLOSED_SHELL('',(#5800,#5801,#5802));
#5874=CLOSED_SHELL('',(#5803,#5804,#5805));
#5875=CLOSED_SHELL('',(#5806,#5807,#5808));
#5876=CLOSED_SHELL('',(#5809,#5810,#5811));
#5877=CLOSED_SHELL('',(#5812,#5813,#5814,#5815,#5816,#5817,#5818,#5819,
#5820,#5821,#5822,#5823,#5824,#5825,#5826,#5827,#5828,#5829,#5830,#5831,
#5832,#5833,#5834,#5835,#5836,#5837,#5838,#5839,#5840,#5841,#5842,#5843,
#5844,#5845,#5846,#5847,#5848,#5849,#5850,#5851,#5852,#5853,#5854,#5855,
#5856,#5857,#5858,#5859,#5860,#5861,#5862,#5863,#5864));
#5878=DERIVED_UNIT_ELEMENT(#5898,1.);
#5879=DERIVED_UNIT_ELEMENT(#13454,-3.);
#5880=DERIVED_UNIT_ELEMENT(#5898,1.);
#5881=DERIVED_UNIT_ELEMENT(#13454,-3.);
#5882=DERIVED_UNIT_ELEMENT(#5898,1.);
#5883=DERIVED_UNIT_ELEMENT(#13454,-3.);
#5884=DERIVED_UNIT_ELEMENT(#5898,1.);
#5885=DERIVED_UNIT_ELEMENT(#13454,-3.);
#5886=DERIVED_UNIT_ELEMENT(#5898,1.);
#5887=DERIVED_UNIT_ELEMENT(#13454,-3.);
#5888=DERIVED_UNIT_ELEMENT(#5898,1.);
#5889=DERIVED_UNIT_ELEMENT(#13454,-3.);
#5890=DERIVED_UNIT_ELEMENT(#5898,1.);
#5891=DERIVED_UNIT_ELEMENT(#13454,-3.);
#5892=DERIVED_UNIT_ELEMENT(#5898,1.);
#5893=DERIVED_UNIT_ELEMENT(#13454,-3.);
#5894=DERIVED_UNIT_ELEMENT(#5898,1.);
#5895=DERIVED_UNIT_ELEMENT(#13454,-3.);
#5896=DERIVED_UNIT_ELEMENT(#5898,1.);
#5897=DERIVED_UNIT_ELEMENT(#13454,-3.);
#5898=(
MASS_UNIT()
NAMED_UNIT(*)
SI_UNIT(.KILO.,.GRAM.)
);
#5899=DERIVED_UNIT((#5878,#5879));
#5900=DERIVED_UNIT((#5880,#5881));
#5901=DERIVED_UNIT((#5882,#5883));
#5902=DERIVED_UNIT((#5884,#5885));
#5903=DERIVED_UNIT((#5886,#5887));
#5904=DERIVED_UNIT((#5888,#5889));
#5905=DERIVED_UNIT((#5890,#5891));
#5906=DERIVED_UNIT((#5892,#5893));
#5907=DERIVED_UNIT((#5894,#5895));
#5908=DERIVED_UNIT((#5896,#5897));
#5909=MEASURE_REPRESENTATION_ITEM('density measure',
POSITIVE_RATIO_MEASURE(7850.),#5899);
#5910=MEASURE_REPRESENTATION_ITEM('density measure',
POSITIVE_RATIO_MEASURE(7850.),#5900);
#5911=MEASURE_REPRESENTATION_ITEM('density measure',
POSITIVE_RATIO_MEASURE(7850.),#5901);
#5912=MEASURE_REPRESENTATION_ITEM('density measure',
POSITIVE_RATIO_MEASURE(7850.),#5902);
#5913=MEASURE_REPRESENTATION_ITEM('density measure',
POSITIVE_RATIO_MEASURE(7850.),#5903);
#5914=MEASURE_REPRESENTATION_ITEM('density measure',
POSITIVE_RATIO_MEASURE(7850.),#5904);
#5915=MEASURE_REPRESENTATION_ITEM('density measure',
POSITIVE_RATIO_MEASURE(7850.),#5905);
#5916=MEASURE_REPRESENTATION_ITEM('density measure',
POSITIVE_RATIO_MEASURE(7850.),#5906);
#5917=MEASURE_REPRESENTATION_ITEM('density measure',
POSITIVE_RATIO_MEASURE(7850.),#5907);
#5918=MEASURE_REPRESENTATION_ITEM('density measure',
POSITIVE_RATIO_MEASURE(7850.),#5908);
#5919=PROPERTY_DEFINITION_REPRESENTATION(#5969,#5939);
#5920=PROPERTY_DEFINITION_REPRESENTATION(#5970,#5940);
#5921=PROPERTY_DEFINITION_REPRESENTATION(#5971,#5941);
#5922=PROPERTY_DEFINITION_REPRESENTATION(#5972,#5942);
#5923=PROPERTY_DEFINITION_REPRESENTATION(#5973,#5943);
#5924=PROPERTY_DEFINITION_REPRESENTATION(#5974,#5944);
#5925=PROPERTY_DEFINITION_REPRESENTATION(#5975,#5945);
#5926=PROPERTY_DEFINITION_REPRESENTATION(#5976,#5946);
#5927=PROPERTY_DEFINITION_REPRESENTATION(#5977,#5947);
#5928=PROPERTY_DEFINITION_REPRESENTATION(#5978,#5948);
#5929=PROPERTY_DEFINITION_REPRESENTATION(#5979,#5949);
#5930=PROPERTY_DEFINITION_REPRESENTATION(#5980,#5950);
#5931=PROPERTY_DEFINITION_REPRESENTATION(#5981,#5951);
#5932=PROPERTY_DEFINITION_REPRESENTATION(#5982,#5952);
#5933=PROPERTY_DEFINITION_REPRESENTATION(#5983,#5953);
#5934=PROPERTY_DEFINITION_REPRESENTATION(#5984,#5954);
#5935=PROPERTY_DEFINITION_REPRESENTATION(#5985,#5955);
#5936=PROPERTY_DEFINITION_REPRESENTATION(#5986,#5956);
#5937=PROPERTY_DEFINITION_REPRESENTATION(#5987,#5957);
#5938=PROPERTY_DEFINITION_REPRESENTATION(#5988,#5958);
#5939=REPRESENTATION('material name',(#5959),#13441);
#5940=REPRESENTATION('density',(#5909),#13441);
#5941=REPRESENTATION('material name',(#5960),#13442);
#5942=REPRESENTATION('density',(#5910),#13442);
#5943=REPRESENTATION('material name',(#5961),#13443);
#5944=REPRESENTATION('density',(#5911),#13443);
#5945=REPRESENTATION('material name',(#5962),#13444);
#5946=REPRESENTATION('density',(#5912),#13444);
#5947=REPRESENTATION('material name',(#5963),#13446);
#5948=REPRESENTATION('density',(#5913),#13446);
#5949=REPRESENTATION('material name',(#5964),#13447);
#5950=REPRESENTATION('density',(#5914),#13447);
#5951=REPRESENTATION('material name',(#5965),#13448);
#5952=REPRESENTATION('density',(#5915),#13448);
#5953=REPRESENTATION('material name',(#5966),#13449);
#5954=REPRESENTATION('density',(#5916),#13449);
#5955=REPRESENTATION('material name',(#5967),#13450);
#5956=REPRESENTATION('density',(#5917),#13450);
#5957=REPRESENTATION('material name',(#5968),#13451);
#5958=REPRESENTATION('density',(#5918),#13451);
#5959=DESCRIPTIVE_REPRESENTATION_ITEM('\X2\94A2\X0\','\X2\94A2\X0\');
#5960=DESCRIPTIVE_REPRESENTATION_ITEM('\X2\94A2\X0\','\X2\94A2\X0\');
#5961=DESCRIPTIVE_REPRESENTATION_ITEM('\X2\94A2\X0\','\X2\94A2\X0\');
#5962=DESCRIPTIVE_REPRESENTATION_ITEM('\X2\94A2\X0\','\X2\94A2\X0\');
#5963=DESCRIPTIVE_REPRESENTATION_ITEM('\X2\94A2\X0\','\X2\94A2\X0\');
#5964=DESCRIPTIVE_REPRESENTATION_ITEM('\X2\94A2\X0\','\X2\94A2\X0\');
#5965=DESCRIPTIVE_REPRESENTATION_ITEM('\X2\94A2\X0\','\X2\94A2\X0\');
#5966=DESCRIPTIVE_REPRESENTATION_ITEM('\X2\94A2\X0\','\X2\94A2\X0\');
#5967=DESCRIPTIVE_REPRESENTATION_ITEM('\X2\94A2\X0\','\X2\94A2\X0\');
#5968=DESCRIPTIVE_REPRESENTATION_ITEM('\X2\94A2\X0\','\X2\94A2\X0\');
#5969=PROPERTY_DEFINITION('material property','material name',#13506);
#5970=PROPERTY_DEFINITION('material property','density of part',#13506);
#5971=PROPERTY_DEFINITION('material property','material name',#13507);
#5972=PROPERTY_DEFINITION('material property','density of part',#13507);
#5973=PROPERTY_DEFINITION('material property','material name',#13508);
#5974=PROPERTY_DEFINITION('material property','density of part',#13508);
#5975=PROPERTY_DEFINITION('material property','material name',#13509);
#5976=PROPERTY_DEFINITION('material property','density of part',#13509);
#5977=PROPERTY_DEFINITION('material property','material name',#13511);
#5978=PROPERTY_DEFINITION('material property','density of part',#13511);
#5979=PROPERTY_DEFINITION('material property','material name',#13512);
#5980=PROPERTY_DEFINITION('material property','density of part',#13512);
#5981=PROPERTY_DEFINITION('material property','material name',#13513);
#5982=PROPERTY_DEFINITION('material property','density of part',#13513);
#5983=PROPERTY_DEFINITION('material property','material name',#13514);
#5984=PROPERTY_DEFINITION('material property','density of part',#13514);
#5985=PROPERTY_DEFINITION('material property','material name',#13515);
#5986=PROPERTY_DEFINITION('material property','density of part',#13515);
#5987=PROPERTY_DEFINITION('material property','material name',#13516);
#5988=PROPERTY_DEFINITION('material property','density of part',#13516);
#5989=AXIS2_PLACEMENT_3D('',#7946,#6555,#6556);
#5990=AXIS2_PLACEMENT_3D('',#7947,#6557,#6558);
#5991=AXIS2_PLACEMENT_3D('',#7948,#6559,#6560);
#5992=AXIS2_PLACEMENT_3D('',#7951,#6561,#6562);
#5993=AXIS2_PLACEMENT_3D('',#7955,#6564,#6565);
#5994=AXIS2_PLACEMENT_3D('',#7957,#6567,#6568);
#5995=AXIS2_PLACEMENT_3D('',#7959,#6569,#6570);
#5996=AXIS2_PLACEMENT_3D('',#7961,#6571,#6572);
#5997=AXIS2_PLACEMENT_3D('',#7965,#6574,#6575);
#5998=AXIS2_PLACEMENT_3D('',#7969,#6577,#6578);
#5999=AXIS2_PLACEMENT_3D('',#7973,#6580,#6581);
#6000=AXIS2_PLACEMENT_3D('',#7977,#6583,#6584);
#6001=AXIS2_PLACEMENT_3D('',#7979,#6586,#6587);
#6002=AXIS2_PLACEMENT_3D('',#7982,#6588,#6589);
#6003=AXIS2_PLACEMENT_3D('',#7986,#6591,#6592);
#6004=AXIS2_PLACEMENT_3D('',#7988,#6594,#6595);
#6005=AXIS2_PLACEMENT_3D('',#7989,#6596,#6597);
#6006=AXIS2_PLACEMENT_3D('',#7990,#6598,#6599);
#6007=AXIS2_PLACEMENT_3D('',#7991,#6600,#6601);
#6008=AXIS2_PLACEMENT_3D('',#7993,#6602,#6603);
#6009=AXIS2_PLACEMENT_3D('',#7996,#6605,#6606);
#6010=AXIS2_PLACEMENT_3D('',#7997,#6607,#6608);
#6011=AXIS2_PLACEMENT_3D('',#7999,#6609,#6610);
#6012=AXIS2_PLACEMENT_3D('',#8002,#6612,#6613);
#6013=AXIS2_PLACEMENT_3D('',#8003,#6614,#6615);
#6014=AXIS2_PLACEMENT_3D('',#8005,#6616,#6617);
#6015=AXIS2_PLACEMENT_3D('',#8008,#6619,#6620);
#6016=AXIS2_PLACEMENT_3D('',#8009,#6621,#6622);
#6017=AXIS2_PLACEMENT_3D('',#8011,#6623,#6624);
#6018=AXIS2_PLACEMENT_3D('',#8015,#6626,#6627);
#6019=AXIS2_PLACEMENT_3D('',#8018,#6629,#6630);
#6020=AXIS2_PLACEMENT_3D('',#8020,#6631,#6632);
#6021=AXIS2_PLACEMENT_3D('',#8024,#6634,#6635);
#6022=AXIS2_PLACEMENT_3D('',#8027,#6637,#6638);
#6023=AXIS2_PLACEMENT_3D('',#8028,#6639,#6640);
#6024=AXIS2_PLACEMENT_3D('',#8030,#6641,#6642);
#6025=AXIS2_PLACEMENT_3D('',#8031,#6643,#6644);
#6026=AXIS2_PLACEMENT_3D('',#8033,#6645,#6646);
#6027=AXIS2_PLACEMENT_3D('',#8034,#6647,#6648);
#6028=AXIS2_PLACEMENT_3D('',#8035,#6649,#6650);
#6029=AXIS2_PLACEMENT_3D('',#8037,#6651,#6652);
#6030=AXIS2_PLACEMENT_3D('',#8038,#6653,#6654);
#6031=AXIS2_PLACEMENT_3D('',#8040,#6655,#6656);
#6032=AXIS2_PLACEMENT_3D('',#8042,#6658,#6659);
#6033=AXIS2_PLACEMENT_3D('',#8044,#6660,#6661);
#6034=AXIS2_PLACEMENT_3D('',#8046,#6663,#6664);
#6035=AXIS2_PLACEMENT_3D('',#8049,#6666,#6667);
#6036=AXIS2_PLACEMENT_3D('',#8050,#6668,#6669);
#6037=AXIS2_PLACEMENT_3D('',#8051,#6670,#6671);
#6038=AXIS2_PLACEMENT_3D('',#8052,#6672,#6673);
#6039=AXIS2_PLACEMENT_3D('',#8053,#6674,#6675);
#6040=AXIS2_PLACEMENT_3D('',#8054,#6676,#6677);
#6041=AXIS2_PLACEMENT_3D('',#8055,#6678,#6679);
#6042=AXIS2_PLACEMENT_3D('',#8057,#6680,#6681);
#6043=AXIS2_PLACEMENT_3D('',#8058,#6682,#6683);
#6044=AXIS2_PLACEMENT_3D('',#8060,#6684,#6685);
#6045=AXIS2_PLACEMENT_3D('',#8061,#6686,#6687);
#6046=AXIS2_PLACEMENT_3D('',#8062,#6688,#6689);
#6047=AXIS2_PLACEMENT_3D('',#8064,#6690,#6691);
#6048=AXIS2_PLACEMENT_3D('',#8065,#6692,#6693);
#6049=AXIS2_PLACEMENT_3D('',#8067,#6694,#6695);
#6050=AXIS2_PLACEMENT_3D('',#8069,#6697,#6698);
#6051=AXIS2_PLACEMENT_3D('',#8071,#6699,#6700);
#6052=AXIS2_PLACEMENT_3D('',#8073,#6702,#6703);
#6053=AXIS2_PLACEMENT_3D('',#8074,#6704,#6705);
#6054=AXIS2_PLACEMENT_3D('',#8075,#6706,#6707);
#6055=AXIS2_PLACEMENT_3D('',#8077,#6708,#6709);
#6056=AXIS2_PLACEMENT_3D('',#8079,#6711,#6712);
#6057=AXIS2_PLACEMENT_3D('',#8080,#6713,#6714);
#6058=AXIS2_PLACEMENT_3D('',#8081,#6715,#6716);
#6059=AXIS2_PLACEMENT_3D('',#8082,#6717,#6718);
#6060=AXIS2_PLACEMENT_3D('',#8083,#6719,#6720);
#6061=AXIS2_PLACEMENT_3D('',#8085,#6721,#6722);
#6062=AXIS2_PLACEMENT_3D('',#8088,#6724,#6725);
#6063=AXIS2_PLACEMENT_3D('',#8089,#6726,#6727);
#6064=AXIS2_PLACEMENT_3D('',#8092,#6728,#6729);
#6065=AXIS2_PLACEMENT_3D('',#8096,#6731,#6732);
#6066=AXIS2_PLACEMENT_3D('',#8098,#6734,#6735);
#6067=AXIS2_PLACEMENT_3D('',#8100,#6736,#6737);
#6068=AXIS2_PLACEMENT_3D('',#8102,#6738,#6739);
#6069=AXIS2_PLACEMENT_3D('',#8104,#6741,#6742);
#6070=AXIS2_PLACEMENT_3D('',#8106,#6743,#6744);
#6071=AXIS2_PLACEMENT_3D('',#8109,#6746,#6747);
#6072=AXIS2_PLACEMENT_3D('',#8110,#6748,#6749);
#6073=AXIS2_PLACEMENT_3D('',#8111,#6750,#6751);
#6074=AXIS2_PLACEMENT_3D('',#8112,#6752,#6753);
#6075=AXIS2_PLACEMENT_3D('',#8113,#6754,#6755);
#6076=AXIS2_PLACEMENT_3D('',#8114,#6756,#6757);
#6077=AXIS2_PLACEMENT_3D('',#8116,#6758,#6759);
#6078=AXIS2_PLACEMENT_3D('',#8119,#6761,#6762);
#6079=AXIS2_PLACEMENT_3D('',#8124,#6764,#6765);
#6080=AXIS2_PLACEMENT_3D('',#8127,#6767,#6768);
#6081=AXIS2_PLACEMENT_3D('',#8128,#6769,#6770);
#6082=AXIS2_PLACEMENT_3D('',#8130,#6771,#6772);
#6083=AXIS2_PLACEMENT_3D('',#8133,#6774,#6775);
#6084=AXIS2_PLACEMENT_3D('',#8134,#6776,#6777);
#6085=AXIS2_PLACEMENT_3D('',#8137,#6778,#6779);
#6086=AXIS2_PLACEMENT_3D('',#8141,#6781,#6782);
#6087=AXIS2_PLACEMENT_3D('',#8143,#6784,#6785);
#6088=AXIS2_PLACEMENT_3D('',#8144,#6786,#6787);
#6089=AXIS2_PLACEMENT_3D('',#8145,#6788,#6789);
#6090=AXIS2_PLACEMENT_3D('',#8146,#6790,#6791);
#6091=AXIS2_PLACEMENT_3D('',#8147,#6792,#6793);
#6092=AXIS2_PLACEMENT_3D('',#8148,#6794,#6795);
#6093=AXIS2_PLACEMENT_3D('',#8149,#6796,#6797);
#6094=AXIS2_PLACEMENT_3D('',#8150,#6798,#6799);
#6095=AXIS2_PLACEMENT_3D('',#8151,#6800,#6801);
#6096=AXIS2_PLACEMENT_3D('',#8154,#6802,#6803);
#6097=AXIS2_PLACEMENT_3D('',#8156,#6804,#6805);
#6098=AXIS2_PLACEMENT_3D('',#8158,#6806,#6807);
#6099=AXIS2_PLACEMENT_3D('',#8159,#6808,#6809);
#6100=AXIS2_PLACEMENT_3D('',#8160,#6810,#6811);
#6101=AXIS2_PLACEMENT_3D('',#8161,#6812,#6813);
#6102=AXIS2_PLACEMENT_3D('',#8164,#6815,#6816);
#6103=AXIS2_PLACEMENT_3D('',#8165,#6817,#6818);
#6104=AXIS2_PLACEMENT_3D('',#8168,#6820,#6821);
#6105=AXIS2_PLACEMENT_3D('',#8169,#6822,#6823);
#6106=AXIS2_PLACEMENT_3D('',#8170,#6824,#6825);
#6107=AXIS2_PLACEMENT_3D('',#8172,#6826,#6827);
#6108=AXIS2_PLACEMENT_3D('',#8173,#6828,#6829);
#6109=AXIS2_PLACEMENT_3D('',#8176,#6831,#6832);
#6110=AXIS2_PLACEMENT_3D('',#8177,#6833,#6834);
#6111=AXIS2_PLACEMENT_3D('',#8179,#6836,#6837);
#6112=AXIS2_PLACEMENT_3D('',#8180,#6838,#6839);
#6113=AXIS2_PLACEMENT_3D('',#8183,#6840,#6841);
#6114=AXIS2_PLACEMENT_3D('',#8187,#6843,#6844);
#6115=AXIS2_PLACEMENT_3D('',#8189,#6846,#6847);
#6116=AXIS2_PLACEMENT_3D('',#8191,#6848,#6849);
#6117=AXIS2_PLACEMENT_3D('',#8194,#6851,#6852);
#6118=AXIS2_PLACEMENT_3D('',#8195,#6853,#6854);
#6119=AXIS2_PLACEMENT_3D('',#8198,#6855,#6856);
#6120=AXIS2_PLACEMENT_3D('',#8202,#6858,#6859);
#6121=AXIS2_PLACEMENT_3D('',#8204,#6861,#6862);
#6122=AXIS2_PLACEMENT_3D('',#8206,#6863,#6864);
#6123=AXIS2_PLACEMENT_3D('',#8208,#6865,#6866);
#6124=AXIS2_PLACEMENT_3D('',#8210,#6868,#6869);
#6125=AXIS2_PLACEMENT_3D('',#8213,#6870,#6871);
#6126=AXIS2_PLACEMENT_3D('',#8217,#6873,#6874);
#6127=AXIS2_PLACEMENT_3D('',#8219,#6876,#6877);
#6128=AXIS2_PLACEMENT_3D('',#8221,#6878,#6879);
#6129=AXIS2_PLACEMENT_3D('',#8225,#6881,#6882);
#6130=AXIS2_PLACEMENT_3D('',#8228,#6884,#6885);
#6131=AXIS2_PLACEMENT_3D('',#8230,#6886,#6887);
#6132=AXIS2_PLACEMENT_3D('',#8234,#6889,#6890);
#6133=AXIS2_PLACEMENT_3D('',#8237,#6892,#6893);
#6134=AXIS2_PLACEMENT_3D('',#8238,#6894,#6895);
#6135=AXIS2_PLACEMENT_3D('',#8241,#6896,#6897);
#6136=AXIS2_PLACEMENT_3D('',#8245,#6899,#6900);
#6137=AXIS2_PLACEMENT_3D('',#8247,#6902,#6903);
#6138=AXIS2_PLACEMENT_3D('',#8249,#6904,#6905);
#6139=AXIS2_PLACEMENT_3D('',#8253,#6907,#6908);
#6140=AXIS2_PLACEMENT_3D('',#8256,#6910,#6911);
#6141=AXIS2_PLACEMENT_3D('',#8258,#6912,#6913);
#6142=AXIS2_PLACEMENT_3D('',#8261,#6915,#6916);
#6143=AXIS2_PLACEMENT_3D('',#8262,#6917,#6918);
#6144=AXIS2_PLACEMENT_3D('',#8263,#6919,#6920);
#6145=AXIS2_PLACEMENT_3D('',#8265,#6921,#6922);
#6146=AXIS2_PLACEMENT_3D('',#8268,#6924,#6925);
#6147=AXIS2_PLACEMENT_3D('',#8269,#6926,#6927);
#6148=AXIS2_PLACEMENT_3D('',#8270,#6928,#6929);
#6149=AXIS2_PLACEMENT_3D('',#8271,#6930,#6931);
#6150=AXIS2_PLACEMENT_3D('',#8272,#6932,#6933);
#6151=AXIS2_PLACEMENT_3D('',#8274,#6934,#6935);
#6152=AXIS2_PLACEMENT_3D('',#8278,#6937,#6938);
#6153=AXIS2_PLACEMENT_3D('',#8281,#6940,#6941);
#6154=AXIS2_PLACEMENT_3D('',#8283,#6942,#6943);
#6155=AXIS2_PLACEMENT_3D('',#8284,#6944,#6945);
#6156=AXIS2_PLACEMENT_3D('',#8286,#6946,#6947);
#6157=AXIS2_PLACEMENT_3D('',#8289,#6949,#6950);
#6158=AXIS2_PLACEMENT_3D('',#8290,#6951,#6952);
#6159=AXIS2_PLACEMENT_3D('',#8292,#6953,#6954);
#6160=AXIS2_PLACEMENT_3D('',#8294,#6956,#6957);
#6161=AXIS2_PLACEMENT_3D('',#8300,#6961,#6962);
#6162=AXIS2_PLACEMENT_3D('',#8302,#6963,#6964);
#6163=AXIS2_PLACEMENT_3D('',#8304,#6966,#6967);
#6164=AXIS2_PLACEMENT_3D('',#8308,#6970,#6971);
#6165=AXIS2_PLACEMENT_3D('',#8309,#6972,#6973);
#6166=AXIS2_PLACEMENT_3D('',#8310,#6974,#6975);
#6167=AXIS2_PLACEMENT_3D('',#8312,#6976,#6977);
#6168=AXIS2_PLACEMENT_3D('',#8314,#6978,#6979);
#6169=AXIS2_PLACEMENT_3D('',#8316,#6981,#6982);
#6170=AXIS2_PLACEMENT_3D('',#8322,#6986,#6987);
#6171=AXIS2_PLACEMENT_3D('',#8324,#6988,#6989);
#6172=AXIS2_PLACEMENT_3D('',#8326,#6990,#6991);
#6173=AXIS2_PLACEMENT_3D('',#8328,#6993,#6994);
#6174=AXIS2_PLACEMENT_3D('',#8334,#6998,#6999);
#6175=AXIS2_PLACEMENT_3D('',#8335,#7000,#7001);
#6176=AXIS2_PLACEMENT_3D('',#8336,#7002,#7003);
#6177=AXIS2_PLACEMENT_3D('',#8337,#7004,#7005);
#6178=AXIS2_PLACEMENT_3D('',#8338,#7006,#7007);
#6179=AXIS2_PLACEMENT_3D('',#8339,#7008,#7009);
#6180=AXIS2_PLACEMENT_3D('',#8341,#7010,#7011);
#6181=AXIS2_PLACEMENT_3D('',#8345,#7013,#7014);
#6182=AXIS2_PLACEMENT_3D('',#8348,#7016,#7017);
#6183=AXIS2_PLACEMENT_3D('',#8349,#7018,#7019);
#6184=AXIS2_PLACEMENT_3D('',#8353,#7021,#7022);
#6185=AXIS2_PLACEMENT_3D('',#8356,#7024,#7025);
#6186=AXIS2_PLACEMENT_3D('',#8358,#7026,#7027);
#6187=AXIS2_PLACEMENT_3D('',#8359,#7028,#7029);
#6188=AXIS2_PLACEMENT_3D('',#8361,#7030,#7031);
#6189=AXIS2_PLACEMENT_3D('',#8363,#7033,#7034);
#6190=AXIS2_PLACEMENT_3D('',#8365,#7035,#7036);
#6191=AXIS2_PLACEMENT_3D('',#8367,#7038,#7039);
#6192=AXIS2_PLACEMENT_3D('',#8373,#7043,#7044);
#6193=AXIS2_PLACEMENT_3D('',#8374,#7045,#7046);
#6194=AXIS2_PLACEMENT_3D('',#8375,#7047,#7048);
#6195=AXIS2_PLACEMENT_3D('',#8377,#7049,#7050);
#6196=AXIS2_PLACEMENT_3D('',#8379,#7052,#7053);
#6197=AXIS2_PLACEMENT_3D('',#8383,#7056,#7057);
#6198=AXIS2_PLACEMENT_3D('',#8385,#7058,#7059);
#6199=AXIS2_PLACEMENT_3D('',#8387,#7061,#7062);
#6200=AXIS2_PLACEMENT_3D('',#8389,#7064,#7065);
#6201=AXIS2_PLACEMENT_3D('',#8390,#7066,#7067);
#6202=AXIS2_PLACEMENT_3D('',#8391,#7068,#7069);
#6203=AXIS2_PLACEMENT_3D('',#8395,#7072,#7073);
#6204=AXIS2_PLACEMENT_3D('',#8396,#7074,#7075);
#6205=AXIS2_PLACEMENT_3D('',#8397,#7076,#7077);
#6206=AXIS2_PLACEMENT_3D('',#8398,#7078,#7079);
#6207=AXIS2_PLACEMENT_3D('',#8399,#7080,#7081);
#6208=AXIS2_PLACEMENT_3D('',#8402,#7082,#7083);
#6209=AXIS2_PLACEMENT_3D('',#8406,#7085,#7086);
#6210=AXIS2_PLACEMENT_3D('',#8408,#7088,#7089);
#6211=AXIS2_PLACEMENT_3D('',#8417,#7094,#7095);
#6212=AXIS2_PLACEMENT_3D('',#8418,#7096,#7097);
#6213=AXIS2_PLACEMENT_3D('',#8419,#7098,#7099);
#6214=AXIS2_PLACEMENT_3D('',#8420,#7100,#7101);
#6215=AXIS2_PLACEMENT_3D('',#8421,#7102,#7103);
#6216=AXIS2_PLACEMENT_3D('',#8422,#7104,#7105);
#6217=AXIS2_PLACEMENT_3D('',#8423,#7106,#7107);
#6218=AXIS2_PLACEMENT_3D('',#8424,#7108,#7109);
#6219=AXIS2_PLACEMENT_3D('',#8425,#7110,#7111);
#6220=AXIS2_PLACEMENT_3D('',#8426,#7112,#7113);
#6221=AXIS2_PLACEMENT_3D('',#8431,#7115,#7116);
#6222=AXIS2_PLACEMENT_3D('',#8434,#7118,#7119);
#6223=AXIS2_PLACEMENT_3D('',#8435,#7120,#7121);
#6224=AXIS2_PLACEMENT_3D('',#8437,#7122,#7123);
#6225=AXIS2_PLACEMENT_3D('',#8440,#7125,#7126);
#6226=AXIS2_PLACEMENT_3D('',#8441,#7127,#7128);
#6227=AXIS2_PLACEMENT_3D('',#8444,#7129,#7130);
#6228=AXIS2_PLACEMENT_3D('',#8448,#7132,#7133);
#6229=AXIS2_PLACEMENT_3D('',#8450,#7135,#7136);
#6230=AXIS2_PLACEMENT_3D('',#8451,#7137,#7138);
#6231=AXIS2_PLACEMENT_3D('',#8452,#7139,#7140);
#6232=AXIS2_PLACEMENT_3D('',#8453,#7141,#7142);
#6233=AXIS2_PLACEMENT_3D('',#8454,#7143,#7144);
#6234=AXIS2_PLACEMENT_3D('',#8455,#7145,#7146);
#6235=AXIS2_PLACEMENT_3D('',#8456,#7147,#7148);
#6236=AXIS2_PLACEMENT_3D('',#8457,#7149,#7150);
#6237=AXIS2_PLACEMENT_3D('',#8458,#7151,#7152);
#6238=AXIS2_PLACEMENT_3D('',#8461,#7153,#7154);
#6239=AXIS2_PLACEMENT_3D('',#8463,#7155,#7156);
#6240=AXIS2_PLACEMENT_3D('',#8465,#7157,#7158);
#6241=AXIS2_PLACEMENT_3D('',#8466,#7159,#7160);
#6242=AXIS2_PLACEMENT_3D('',#8467,#7161,#7162);
#6243=AXIS2_PLACEMENT_3D('',#8468,#7163,#7164);
#6244=AXIS2_PLACEMENT_3D('',#8471,#7166,#7167);
#6245=AXIS2_PLACEMENT_3D('',#8472,#7168,#7169);
#6246=AXIS2_PLACEMENT_3D('',#8475,#7171,#7172);
#6247=AXIS2_PLACEMENT_3D('',#8476,#7173,#7174);
#6248=AXIS2_PLACEMENT_3D('',#8477,#7175,#7176);
#6249=AXIS2_PLACEMENT_3D('',#8479,#7177,#7178);
#6250=AXIS2_PLACEMENT_3D('',#8480,#7179,#7180);
#6251=AXIS2_PLACEMENT_3D('',#8483,#7182,#7183);
#6252=AXIS2_PLACEMENT_3D('',#8484,#7184,#7185);
#6253=AXIS2_PLACEMENT_3D('',#8486,#7187,#7188);
#6254=AXIS2_PLACEMENT_3D('',#8487,#7189,#7190);
#6255=AXIS2_PLACEMENT_3D('',#8488,#7191,#7192);
#6256=AXIS2_PLACEMENT_3D('',#8490,#7193,#7194);
#6257=AXIS2_PLACEMENT_3D('',#8493,#7196,#7197);
#6258=AXIS2_PLACEMENT_3D('',#8494,#7198,#7199);
#6259=AXIS2_PLACEMENT_3D('',#8495,#7200,#7201);
#6260=AXIS2_PLACEMENT_3D('',#8497,#7202,#7203);
#6261=AXIS2_PLACEMENT_3D('',#8498,#7204,#7205);
#6262=AXIS2_PLACEMENT_3D('',#8500,#7206,#7207);
#6263=AXIS2_PLACEMENT_3D('',#8502,#7208,#7209);
#6264=AXIS2_PLACEMENT_3D('',#8503,#7210,#7211);
#6265=AXIS2_PLACEMENT_3D('',#8506,#7213,#7214);
#6266=AXIS2_PLACEMENT_3D('',#8507,#7215,#7216);
#6267=AXIS2_PLACEMENT_3D('',#8510,#7217,#7218);
#6268=AXIS2_PLACEMENT_3D('',#8512,#7219,#7220);
#6269=AXIS2_PLACEMENT_3D('',#8514,#7221,#7222);
#6270=AXIS2_PLACEMENT_3D('',#8515,#7223,#7224);
#6271=AXIS2_PLACEMENT_3D('',#8516,#7225,#7226);
#6272=AXIS2_PLACEMENT_3D('',#8517,#7227,#7228);
#6273=AXIS2_PLACEMENT_3D('',#8519,#7230,#7231);
#6274=AXIS2_PLACEMENT_3D('',#8521,#7232,#7233);
#6275=AXIS2_PLACEMENT_3D('',#8525,#7235,#7236);
#6276=AXIS2_PLACEMENT_3D('',#8529,#7238,#7239);
#6277=AXIS2_PLACEMENT_3D('',#8532,#7241,#7242);
#6278=AXIS2_PLACEMENT_3D('',#8533,#7243,#7244);
#6279=AXIS2_PLACEMENT_3D('',#8535,#7246,#7247);
#6280=AXIS2_PLACEMENT_3D('',#8537,#7248,#7249);
#6281=AXIS2_PLACEMENT_3D('',#8539,#7250,#7251);
#6282=AXIS2_PLACEMENT_3D('',#8540,#7252,#7253);
#6283=AXIS2_PLACEMENT_3D('',#8542,#7254,#7255);
#6284=AXIS2_PLACEMENT_3D('',#8543,#7256,#7257);
#6285=AXIS2_PLACEMENT_3D('',#8545,#7258,#7259);
#6286=AXIS2_PLACEMENT_3D('',#8547,#7261,#7262);
#6287=AXIS2_PLACEMENT_3D('',#8550,#7263,#7264);
#6288=AXIS2_PLACEMENT_3D('',#8554,#7266,#7267);
#6289=AXIS2_PLACEMENT_3D('',#8556,#7269,#7270);
#6290=AXIS2_PLACEMENT_3D('',#8558,#7271,#7272);
#6291=AXIS2_PLACEMENT_3D('',#8560,#7273,#7274);
#6292=AXIS2_PLACEMENT_3D('',#8562,#7276,#7277);
#6293=AXIS2_PLACEMENT_3D('',#8564,#7278,#7279);
#6294=AXIS2_PLACEMENT_3D('',#8566,#7280,#7281);
#6295=AXIS2_PLACEMENT_3D('',#8568,#7283,#7284);
#6296=AXIS2_PLACEMENT_3D('',#8570,#7285,#7286);
#6297=AXIS2_PLACEMENT_3D('',#8571,#7287,#7288);
#6298=AXIS2_PLACEMENT_3D('',#8572,#7289,#7290);
#6299=AXIS2_PLACEMENT_3D('',#8573,#7291,#7292);
#6300=AXIS2_PLACEMENT_3D('',#8575,#7294,#7295);
#6301=AXIS2_PLACEMENT_3D('',#8576,#7296,#7297);
#6302=AXIS2_PLACEMENT_3D('',#8577,#7298,#7299);
#6303=AXIS2_PLACEMENT_3D('',#8580,#7301,#7302);
#6304=AXIS2_PLACEMENT_3D('',#8581,#7303,#7304);
#6305=AXIS2_PLACEMENT_3D('',#8583,#7305,#7306);
#6306=AXIS2_PLACEMENT_3D('',#8584,#7307,#7308);
#6307=AXIS2_PLACEMENT_3D('',#8586,#7309,#7310);
#6308=AXIS2_PLACEMENT_3D('',#8588,#7312,#7313);
#6309=AXIS2_PLACEMENT_3D('',#8591,#7314,#7315);
#6310=AXIS2_PLACEMENT_3D('',#8593,#7317,#7318);
#6311=AXIS2_PLACEMENT_3D('',#8594,#7319,#7320);
#6312=AXIS2_PLACEMENT_3D('',#8596,#7321,#7322);
#6313=AXIS2_PLACEMENT_3D('',#8598,#7323,#7324);
#6314=AXIS2_PLACEMENT_3D('',#8599,#7325,#7326);
#6315=AXIS2_PLACEMENT_3D('',#8600,#7327,#7328);
#6316=AXIS2_PLACEMENT_3D('',#8602,#7329,#7330);
#6317=AXIS2_PLACEMENT_3D('',#8604,#7332,#7333);
#6318=AXIS2_PLACEMENT_3D('',#8606,#7335,#7336);
#6319=AXIS2_PLACEMENT_3D('',#8928,#7337,#7338);
#6320=AXIS2_PLACEMENT_3D('',#8929,#7339,#7340);
#6321=AXIS2_PLACEMENT_3D('',#9851,#7382,#7383);
#6322=AXIS2_PLACEMENT_3D('',#9852,#7384,#7385);
#6323=AXIS2_PLACEMENT_3D('',#9853,#7386,#7387);
#6324=AXIS2_PLACEMENT_3D('',#9869,#7388,#7389);
#6325=AXIS2_PLACEMENT_3D('',#9881,#7390,#7391);
#6326=AXIS2_PLACEMENT_3D('',#9882,#7392,#7393);
#6327=AXIS2_PLACEMENT_3D('',#9928,#7394,#7395);
#6328=AXIS2_PLACEMENT_3D('',#9930,#7396,#7397);
#6329=AXIS2_PLACEMENT_3D('',#9932,#7398,#7399);
#6330=AXIS2_PLACEMENT_3D('',#9989,#7400,#7401);
#6331=AXIS2_PLACEMENT_3D('',#9991,#7402,#7403);
#6332=AXIS2_PLACEMENT_3D('',#9994,#7405,#7406);
#6333=AXIS2_PLACEMENT_3D('',#9996,#7407,#7408);
#6334=AXIS2_PLACEMENT_3D('',#9998,#7409,#7410);
#6335=AXIS2_PLACEMENT_3D('',#10055,#7411,#7412);
#6336=AXIS2_PLACEMENT_3D('',#10057,#7413,#7414);
#6337=AXIS2_PLACEMENT_3D('',#10059,#7415,#7416);
#6338=AXIS2_PLACEMENT_3D('',#10116,#7417,#7418);
#6339=AXIS2_PLACEMENT_3D('',#10118,#7419,#7420);
#6340=AXIS2_PLACEMENT_3D('',#10120,#7421,#7422);
#6341=AXIS2_PLACEMENT_3D('',#10177,#7423,#7424);
#6342=AXIS2_PLACEMENT_3D('',#10179,#7425,#7426);
#6343=AXIS2_PLACEMENT_3D('',#10180,#7427,#7428);
#6344=AXIS2_PLACEMENT_3D('',#10181,#7429,#7430);
#6345=AXIS2_PLACEMENT_3D('',#10216,#7431,#7432);
#6346=AXIS2_PLACEMENT_3D('',#10218,#7433,#7434);
#6347=AXIS2_PLACEMENT_3D('',#10220,#7435,#7436);
#6348=AXIS2_PLACEMENT_3D('',#10221,#7437,#7438);
#6349=AXIS2_PLACEMENT_3D('',#10233,#7439,#7440);
#6350=AXIS2_PLACEMENT_3D('',#10234,#7441,#7442);
#6351=AXIS2_PLACEMENT_3D('',#10249,#7443,#7444);
#6352=AXIS2_PLACEMENT_3D('',#10250,#7445,#7446);
#6353=AXIS2_PLACEMENT_3D('',#10251,#7447,#7448);
#6354=AXIS2_PLACEMENT_3D('',#10286,#7449,#7450);
#6355=AXIS2_PLACEMENT_3D('',#10288,#7451,#7452);
#6356=AXIS2_PLACEMENT_3D('',#10290,#7453,#7454);
#6357=AXIS2_PLACEMENT_3D('',#10291,#7455,#7456);
#6358=AXIS2_PLACEMENT_3D('',#10303,#7457,#7458);
#6359=AXIS2_PLACEMENT_3D('',#10304,#7459,#7460);
#6360=AXIS2_PLACEMENT_3D('',#10319,#7461,#7462);
#6361=AXIS2_PLACEMENT_3D('',#10320,#7463,#7464);
#6362=AXIS2_PLACEMENT_3D('',#10321,#7465,#7466);
#6363=AXIS2_PLACEMENT_3D('',#10356,#7467,#7468);
#6364=AXIS2_PLACEMENT_3D('',#10358,#7469,#7470);
#6365=AXIS2_PLACEMENT_3D('',#10360,#7471,#7472);
#6366=AXIS2_PLACEMENT_3D('',#10361,#7473,#7474);
#6367=AXIS2_PLACEMENT_3D('',#10373,#7475,#7476);
#6368=AXIS2_PLACEMENT_3D('',#10374,#7477,#7478);
#6369=AXIS2_PLACEMENT_3D('',#10389,#7479,#7480);
#6370=AXIS2_PLACEMENT_3D('',#10390,#7481,#7482);
#6371=AXIS2_PLACEMENT_3D('',#10391,#7483,#7484);
#6372=AXIS2_PLACEMENT_3D('',#10394,#7486,#7487);
#6373=AXIS2_PLACEMENT_3D('',#10395,#7488,#7489);
#6374=AXIS2_PLACEMENT_3D('',#10397,#7490,#7491);
#6375=AXIS2_PLACEMENT_3D('',#10409,#7492,#7493);
#6376=AXIS2_PLACEMENT_3D('',#10410,#7494,#7495);
#6377=AXIS2_PLACEMENT_3D('',#10412,#7496,#7497);
#6378=AXIS2_PLACEMENT_3D('',#10414,#7499,#7500);
#6379=AXIS2_PLACEMENT_3D('',#10416,#7501,#7502);
#6380=AXIS2_PLACEMENT_3D('',#10418,#7504,#7505);
#6381=AXIS2_PLACEMENT_3D('',#10421,#7507,#7508);
#6382=AXIS2_PLACEMENT_3D('',#10422,#7509,#7510);
#6383=AXIS2_PLACEMENT_3D('',#10424,#7511,#7512);
#6384=AXIS2_PLACEMENT_3D('',#10426,#7514,#7515);
#6385=AXIS2_PLACEMENT_3D('',#10429,#7517,#7518);
#6386=AXIS2_PLACEMENT_3D('',#10430,#7519,#7520);
#6387=AXIS2_PLACEMENT_3D('',#10433,#7522,#7523);
#6388=AXIS2_PLACEMENT_3D('',#10434,#7524,#7525);
#6389=AXIS2_PLACEMENT_3D('',#10436,#7526,#7527);
#6390=AXIS2_PLACEMENT_3D('',#10438,#7529,#7530);
#6391=AXIS2_PLACEMENT_3D('',#10440,#7531,#7532);
#6392=AXIS2_PLACEMENT_3D('',#10442,#7534,#7535);
#6393=AXIS2_PLACEMENT_3D('',#10443,#7536,#7537);
#6394=AXIS2_PLACEMENT_3D('',#10444,#7538,#7539);
#6395=AXIS2_PLACEMENT_3D('',#10446,#7540,#7541);
#6396=AXIS2_PLACEMENT_3D('',#10447,#7542,#7543);
#6397=AXIS2_PLACEMENT_3D('',#10448,#7544,#7545);
#6398=AXIS2_PLACEMENT_3D('',#10451,#7547,#7548);
#6399=AXIS2_PLACEMENT_3D('',#10452,#7549,#7550);
#6400=AXIS2_PLACEMENT_3D('',#10453,#7551,#7552);
#6401=AXIS2_PLACEMENT_3D('',#10454,#7553,#7554);
#6402=AXIS2_PLACEMENT_3D('',#10456,#7555,#7556);
#6403=AXIS2_PLACEMENT_3D('',#10515,#7557,#7558);
#6404=AXIS2_PLACEMENT_3D('',#10551,#7560,#7561);
#6405=AXIS2_PLACEMENT_3D('',#10552,#7562,#7563);
#6406=AXIS2_PLACEMENT_3D('',#10554,#7564,#7565);
#6407=AXIS2_PLACEMENT_3D('',#10556,#7566,#7567);
#6408=AXIS2_PLACEMENT_3D('',#10557,#7568,#7569);
#6409=AXIS2_PLACEMENT_3D('',#10558,#7570,#7571);
#6410=AXIS2_PLACEMENT_3D('',#10559,#7572,#7573);
#6411=AXIS2_PLACEMENT_3D('',#10560,#7574,#7575);
#6412=AXIS2_PLACEMENT_3D('',#10561,#7576,#7577);
#6413=AXIS2_PLACEMENT_3D('',#10562,#7578,#7579);
#6414=AXIS2_PLACEMENT_3D('',#10563,#7580,#7581);
#6415=AXIS2_PLACEMENT_3D('',#10564,#7582,#7583);
#6416=AXIS2_PLACEMENT_3D('',#10565,#7584,#7585);
#6417=AXIS2_PLACEMENT_3D('',#10567,#7586,#7587);
#6418=AXIS2_PLACEMENT_3D('',#10569,#7588,#7589);
#6419=AXIS2_PLACEMENT_3D('',#10570,#7590,#7591);
#6420=AXIS2_PLACEMENT_3D('',#10571,#7592,#7593);
#6421=AXIS2_PLACEMENT_3D('',#10661,#7595,#7596);
#6422=AXIS2_PLACEMENT_3D('',#10663,#7597,#7598);
#6423=AXIS2_PLACEMENT_3D('',#10673,#7600,#7601);
#6424=AXIS2_PLACEMENT_3D('',#10674,#7602,#7603);
#6425=AXIS2_PLACEMENT_3D('',#10719,#7604,#7605);
#6426=AXIS2_PLACEMENT_3D('',#10775,#7606,#7607);
#6427=AXIS2_PLACEMENT_3D('',#10831,#7608,#7609);
#6428=AXIS2_PLACEMENT_3D('',#10887,#7610,#7611);
#6429=AXIS2_PLACEMENT_3D('',#10921,#7613,#7614);
#6430=AXIS2_PLACEMENT_3D('',#10949,#7615,#7616);
#6431=AXIS2_PLACEMENT_3D('',#11056,#7617,#7618);
#6432=AXIS2_PLACEMENT_3D('',#11060,#7620,#7621);
#6433=AXIS2_PLACEMENT_3D('',#11093,#7623,#7624);
#6434=AXIS2_PLACEMENT_3D('',#11151,#7625,#7626);
#6435=AXIS2_PLACEMENT_3D('',#11184,#7628,#7629);
#6436=AXIS2_PLACEMENT_3D('',#11215,#7630,#7631);
#6437=AXIS2_PLACEMENT_3D('',#11273,#7632,#7633);
#6438=AXIS2_PLACEMENT_3D('',#11331,#7634,#7635);
#6439=AXIS2_PLACEMENT_3D('',#11471,#7637,#7638);
#6440=AXIS2_PLACEMENT_3D('',#11593,#7641,#7642);
#6441=AXIS2_PLACEMENT_3D('',#11713,#7645,#7646);
#6442=AXIS2_PLACEMENT_3D('',#11816,#7648,#7649);
#6443=AXIS2_PLACEMENT_3D('',#11884,#7651,#7652);
#6444=AXIS2_PLACEMENT_3D('',#11893,#7654,#7655);
#6445=AXIS2_PLACEMENT_3D('',#11894,#7656,#7657);
#6446=AXIS2_PLACEMENT_3D('',#11895,#7658,#7659);
#6447=AXIS2_PLACEMENT_3D('',#11896,#7660,#7661);
#6448=AXIS2_PLACEMENT_3D('',#11931,#7662,#7663);
#6449=AXIS2_PLACEMENT_3D('',#11999,#7664,#7665);
#6450=AXIS2_PLACEMENT_3D('',#12000,#7666,#7667);
#6451=AXIS2_PLACEMENT_3D('',#12001,#7668,#7669);
#6452=AXIS2_PLACEMENT_3D('',#12003,#7670,#7671);
#6453=AXIS2_PLACEMENT_3D('',#12006,#7673,#7674);
#6454=AXIS2_PLACEMENT_3D('',#12007,#7675,#7676);
#6455=AXIS2_PLACEMENT_3D('',#12009,#7677,#7678);
#6456=AXIS2_PLACEMENT_3D('',#12012,#7680,#7681);
#6457=AXIS2_PLACEMENT_3D('',#12013,#7682,#7683);
#6458=AXIS2_PLACEMENT_3D('',#12014,#7684,#7685);
#6459=AXIS2_PLACEMENT_3D('',#12017,#7686,#7687);
#6460=AXIS2_PLACEMENT_3D('',#12019,#7688,#7689);
#6461=AXIS2_PLACEMENT_3D('',#12021,#7690,#7691);
#6462=AXIS2_PLACEMENT_3D('',#12022,#7692,#7693);
#6463=AXIS2_PLACEMENT_3D('',#12024,#7694,#7695);
#6464=AXIS2_PLACEMENT_3D('',#12025,#7696,#7697);
#6465=AXIS2_PLACEMENT_3D('',#12028,#7698,#7699);
#6466=AXIS2_PLACEMENT_3D('',#12030,#7700,#7701);
#6467=AXIS2_PLACEMENT_3D('',#12032,#7702,#7703);
#6468=AXIS2_PLACEMENT_3D('',#12033,#7704,#7705);
#6469=AXIS2_PLACEMENT_3D('',#12035,#7706,#7707);
#6470=AXIS2_PLACEMENT_3D('',#12036,#7708,#7709);
#6471=AXIS2_PLACEMENT_3D('',#12040,#7711,#7712);
#6472=AXIS2_PLACEMENT_3D('',#12042,#7714,#7715);
#6473=AXIS2_PLACEMENT_3D('',#12044,#7716,#7717);
#6474=AXIS2_PLACEMENT_3D('',#12046,#7719,#7720);
#6475=AXIS2_PLACEMENT_3D('',#12048,#7721,#7722);
#6476=AXIS2_PLACEMENT_3D('',#12050,#7723,#7724);
#6477=AXIS2_PLACEMENT_3D('',#12052,#7725,#7726);
#6478=AXIS2_PLACEMENT_3D('',#12054,#7727,#7728);
#6479=AXIS2_PLACEMENT_3D('',#12056,#7729,#7730);
#6480=AXIS2_PLACEMENT_3D('',#12057,#7731,#7732);
#6481=AXIS2_PLACEMENT_3D('',#12058,#7733,#7734);
#6482=AXIS2_PLACEMENT_3D('',#12061,#7737,#7738);
#6483=AXIS2_PLACEMENT_3D('',#12063,#7740,#7741);
#6484=AXIS2_PLACEMENT_3D('',#12065,#7743,#7744);
#6485=AXIS2_PLACEMENT_3D('',#12067,#7746,#7747);
#6486=AXIS2_PLACEMENT_3D('',#12068,#7748,#7749);
#6487=AXIS2_PLACEMENT_3D('',#12071,#7751,#7752);
#6488=AXIS2_PLACEMENT_3D('',#12072,#7753,#7754);
#6489=AXIS2_PLACEMENT_3D('',#12074,#7755,#7756);
#6490=AXIS2_PLACEMENT_3D('',#12076,#7757,#7758);
#6491=AXIS2_PLACEMENT_3D('',#12077,#7759,#7760);
#6492=AXIS2_PLACEMENT_3D('',#12079,#7762,#7763);
#6493=AXIS2_PLACEMENT_3D('',#12081,#7764,#7765);
#6494=AXIS2_PLACEMENT_3D('',#12082,#7766,#7767);
#6495=AXIS2_PLACEMENT_3D('',#12084,#7769,#7770);
#6496=AXIS2_PLACEMENT_3D('',#12085,#7771,#7772);
#6497=AXIS2_PLACEMENT_3D('',#12087,#7773,#7774);
#6498=AXIS2_PLACEMENT_3D('',#12090,#7776,#7777);
#6499=AXIS2_PLACEMENT_3D('',#12091,#7778,#7779);
#6500=AXIS2_PLACEMENT_3D('',#12092,#7780,#7781);
#6501=AXIS2_PLACEMENT_3D('',#12093,#7782,#7783);
#6502=AXIS2_PLACEMENT_3D('',#12095,#7784,#7785);
#6503=AXIS2_PLACEMENT_3D('',#12098,#7787,#7788);
#6504=AXIS2_PLACEMENT_3D('',#12099,#7789,#7790);
#6505=AXIS2_PLACEMENT_3D('',#12100,#7791,#7792);
#6506=AXIS2_PLACEMENT_3D('',#12101,#7793,#7794);
#6507=AXIS2_PLACEMENT_3D('',#12103,#7795,#7796);
#6508=AXIS2_PLACEMENT_3D('',#12106,#7798,#7799);
#6509=AXIS2_PLACEMENT_3D('',#12107,#7800,#7801);
#6510=AXIS2_PLACEMENT_3D('',#12108,#7802,#7803);
#6511=AXIS2_PLACEMENT_3D('',#12109,#7804,#7805);
#6512=AXIS2_PLACEMENT_3D('',#12111,#7806,#7807);
#6513=AXIS2_PLACEMENT_3D('',#12114,#7809,#7810);
#6514=AXIS2_PLACEMENT_3D('',#12115,#7811,#7812);
#6515=AXIS2_PLACEMENT_3D('',#12116,#7813,#7814);
#6516=AXIS2_PLACEMENT_3D('',#12117,#7815,#7816);
#6517=AXIS2_PLACEMENT_3D('',#12118,#7817,#7818);
#6518=AXIS2_PLACEMENT_3D('',#12119,#7819,#7820);
#6519=AXIS2_PLACEMENT_3D('',#12120,#7821,#7822);
#6520=AXIS2_PLACEMENT_3D('',#12121,#7823,#7824);
#6521=AXIS2_PLACEMENT_3D('',#12122,#7825,#7826);
#6522=AXIS2_PLACEMENT_3D('',#12123,#7827,#7828);
#6523=AXIS2_PLACEMENT_3D('',#12125,#7829,#7830);
#6524=AXIS2_PLACEMENT_3D('',#12128,#7832,#7833);
#6525=AXIS2_PLACEMENT_3D('',#12129,#7834,#7835);
#6526=AXIS2_PLACEMENT_3D('',#12131,#7836,#7837);
#6527=AXIS2_PLACEMENT_3D('',#12132,#7838,#7839);
#6528=AXIS2_PLACEMENT_3D('',#12141,#7844,#7845);
#6529=AXIS2_PLACEMENT_3D('',#12143,#7846,#7847);
#6530=AXIS2_PLACEMENT_3D('',#12146,#7849,#7850);
#6531=AXIS2_PLACEMENT_3D('',#12147,#7851,#7852);
#6532=AXIS2_PLACEMENT_3D('',#12156,#7857,#7858);
#6533=AXIS2_PLACEMENT_3D('',#12157,#7859,#7860);
#6534=AXIS2_PLACEMENT_3D('',#12158,#7861,#7862);
#6535=AXIS2_PLACEMENT_3D('',#12159,#7863,#7864);
#6536=AXIS2_PLACEMENT_3D('',#12161,#7865,#7866);
#6537=AXIS2_PLACEMENT_3D('',#12162,#7867,#7868);
#6538=AXIS2_PLACEMENT_3D('',#12163,#7869,#7870);
#6539=AXIS2_PLACEMENT_3D('',#12165,#7871,#7872);
#6540=AXIS2_PLACEMENT_3D('',#12166,#7873,#7874);
#6541=AXIS2_PLACEMENT_3D('',#12167,#7875,#7876);
#6542=AXIS2_PLACEMENT_3D('',#12169,#7877,#7878);
#6543=AXIS2_PLACEMENT_3D('',#12173,#7881,#7882);
#6544=AXIS2_PLACEMENT_3D('',#12174,#7883,#7884);
#6545=AXIS2_PLACEMENT_3D('',#12496,#7885,#7886);
#6546=AXIS2_PLACEMENT_3D('',#12497,#7887,#7888);
#6547=AXIS2_PLACEMENT_3D('',#12499,#7890,#7891);
#6548=AXIS2_PLACEMENT_3D('',#13420,#7932,#7933);
#6549=AXIS2_PLACEMENT_3D('',#13421,#7934,#7935);
#6550=AXIS2_PLACEMENT_3D('',#13422,#7936,#7937);
#6551=AXIS2_PLACEMENT_3D('',#13423,#7938,#7939);
#6552=AXIS2_PLACEMENT_3D('',#13424,#7940,#7941);
#6553=AXIS2_PLACEMENT_3D('',#13425,#7942,#7943);
#6554=AXIS2_PLACEMENT_3D('',#13426,#7944,#7945);
#6555=DIRECTION('axis',(0.,0.,1.));
#6556=DIRECTION('refdir',(1.,0.,0.));
#6557=DIRECTION('axis',(0.,0.,1.));
#6558=DIRECTION('refdir',(1.,0.,0.));
#6559=DIRECTION('center_axis',(0.,-1.,0.));
#6560=DIRECTION('ref_axis',(0.98667410810391,0.,0.162708956106765));
#6561=DIRECTION('center_axis',(0.,1.,0.));
#6562=DIRECTION('ref_axis',(0.98667410810391,0.,0.162708956106765));
#6563=DIRECTION('',(0.,-1.,0.));
#6564=DIRECTION('center_axis',(0.,-1.,0.));
#6565=DIRECTION('ref_axis',(0.98667410810391,0.,0.162708956106765));
#6566=DIRECTION('',(0.,1.,0.));
#6567=DIRECTION('center_axis',(0.,-1.,0.));
#6568=DIRECTION('ref_axis',(-0.91505237271835,0.,0.403335040856257));
#6569=DIRECTION('center_axis',(0.,-1.,0.));
#6570=DIRECTION('ref_axis',(-0.91505237271835,0.,0.403335040856257));
#6571=DIRECTION('center_axis',(0.,1.,0.));
#6572=DIRECTION('ref_axis',(-0.91505237271835,0.,0.403335040856257));
#6573=DIRECTION('',(0.,1.,0.));
#6574=DIRECTION('center_axis',(0.,-1.,0.));
#6575=DIRECTION('ref_axis',(-0.91505237271835,0.,0.403335040856257));
#6576=DIRECTION('',(0.,1.,0.));
#6577=DIRECTION('center_axis',(0.,1.,0.));
#6578=DIRECTION('ref_axis',(-0.91505237271835,0.,0.403335040856257));
#6579=DIRECTION('',(0.,1.,0.));
#6580=DIRECTION('center_axis',(0.,-1.,0.));
#6581=DIRECTION('ref_axis',(-0.91505237271835,0.,0.403335040856257));
#6582=DIRECTION('',(0.,-1.,0.));
#6583=DIRECTION('center_axis',(0.,1.,0.));
#6584=DIRECTION('ref_axis',(-0.91505237271835,0.,0.403335040856257));
#6585=DIRECTION('',(0.,-1.,0.));
#6586=DIRECTION('center_axis',(0.,-1.,0.));
#6587=DIRECTION('ref_axis',(0.345629985455824,0.,-0.938370882515974));
#6588=DIRECTION('center_axis',(0.,1.,0.));
#6589=DIRECTION('ref_axis',(0.345629985455824,0.,-0.938370882515974));
#6590=DIRECTION('',(0.,-1.,0.));
#6591=DIRECTION('center_axis',(0.,-1.,0.));
#6592=DIRECTION('ref_axis',(0.345629985455824,0.,-0.938370882515974));
#6593=DIRECTION('',(0.,1.,0.));
#6594=DIRECTION('center_axis',(0.,-1.,0.));
#6595=DIRECTION('ref_axis',(1.,0.,0.));
#6596=DIRECTION('center_axis',(0.,1.,0.));
#6597=DIRECTION('ref_axis',(1.,0.,0.));
#6598=DIRECTION('center_axis',(0.,-1.,0.));
#6599=DIRECTION('ref_axis',(1.,0.,0.));
#6600=DIRECTION('center_axis',(0.,-1.,0.));
#6601=DIRECTION('ref_axis',(0.613343899856544,0.,0.789815966228061));
#6602=DIRECTION('center_axis',(0.,1.,0.));
#6603=DIRECTION('ref_axis',(0.613343899856544,0.,0.789815966228061));
#6604=DIRECTION('',(0.,-1.,0.));
#6605=DIRECTION('center_axis',(0.,-1.,0.));
#6606=DIRECTION('ref_axis',(0.613343899856544,0.,0.789815966228061));
#6607=DIRECTION('center_axis',(0.,-1.,0.));
#6608=DIRECTION('ref_axis',(1.,0.,0.));
#6609=DIRECTION('center_axis',(0.,-1.,0.));
#6610=DIRECTION('ref_axis',(1.,0.,0.));
#6611=DIRECTION('',(0.,1.,0.));
#6612=DIRECTION('center_axis',(0.,1.,0.));
#6613=DIRECTION('ref_axis',(1.,0.,0.));
#6614=DIRECTION('center_axis',(0.,-1.,0.));
#6615=DIRECTION('ref_axis',(-0.660161990360873,0.,0.751123256518377));
#6616=DIRECTION('center_axis',(0.,1.,0.));
#6617=DIRECTION('ref_axis',(-0.660161990360873,0.,0.751123256518377));
#6618=DIRECTION('',(0.,-1.,0.));
#6619=DIRECTION('center_axis',(0.,-1.,0.));
#6620=DIRECTION('ref_axis',(-0.660161990360873,0.,0.751123256518377));
#6621=DIRECTION('center_axis',(0.,-1.,0.));
#6622=DIRECTION('ref_axis',(-0.915052372718366,0.,0.40333504085622));
#6623=DIRECTION('center_axis',(0.,-1.,0.));
#6624=DIRECTION('ref_axis',(-0.915052372718366,0.,0.40333504085622));
#6625=DIRECTION('',(0.,-1.,0.));
#6626=DIRECTION('center_axis',(0.,-1.,0.));
#6627=DIRECTION('ref_axis',(-0.915052372718366,0.,0.40333504085622));
#6628=DIRECTION('',(0.,-1.,0.));
#6629=DIRECTION('center_axis',(0.,-1.,0.));
#6630=DIRECTION('ref_axis',(-0.915052372718366,0.,0.40333504085622));
#6631=DIRECTION('center_axis',(0.,-1.,0.));
#6632=DIRECTION('ref_axis',(-0.915052372718366,0.,0.40333504085622));
#6633=DIRECTION('',(0.,1.,0.));
#6634=DIRECTION('center_axis',(0.,1.,0.));
#6635=DIRECTION('ref_axis',(-0.915052372718366,0.,0.40333504085622));
#6636=DIRECTION('',(0.,1.,0.));
#6637=DIRECTION('center_axis',(0.,-1.,0.));
#6638=DIRECTION('ref_axis',(-0.915052372718366,0.,0.40333504085622));
#6639=DIRECTION('center_axis',(0.,1.,0.));
#6640=DIRECTION('ref_axis',(0.,0.,1.));
#6641=DIRECTION('center_axis',(0.,-1.,0.));
#6642=DIRECTION('ref_axis',(1.,0.,0.));
#6643=DIRECTION('center_axis',(0.,-1.,0.));
#6644=DIRECTION('ref_axis',(0.138752879024314,0.,-0.990327036166571));
#6645=DIRECTION('center_axis',(0.,1.,0.));
#6646=DIRECTION('ref_axis',(1.,0.,0.));
#6647=DIRECTION('center_axis',(0.,1.,0.));
#6648=DIRECTION('ref_axis',(0.,0.,1.));
#6649=DIRECTION('center_axis',(0.,-1.,0.));
#6650=DIRECTION('ref_axis',(1.,0.,0.));
#6651=DIRECTION('center_axis',(0.,1.,0.));
#6652=DIRECTION('ref_axis',(1.,0.,0.));
#6653=DIRECTION('center_axis',(0.,1.,0.));
#6654=DIRECTION('ref_axis',(1.,0.,0.));
#6655=DIRECTION('center_axis',(0.,-1.,0.));
#6656=DIRECTION('ref_axis',(1.,0.,0.));
#6657=DIRECTION('',(0.,-1.,0.));
#6658=DIRECTION('center_axis',(0.,1.,0.));
#6659=DIRECTION('ref_axis',(1.,0.,0.));
#6660=DIRECTION('center_axis',(0.,-1.,0.));
#6661=DIRECTION('ref_axis',(1.,0.,0.));
#6662=DIRECTION('',(0.,-1.,0.));
#6663=DIRECTION('center_axis',(0.,1.,0.));
#6664=DIRECTION('ref_axis',(0.138752879024314,0.,-0.990327036166571));
#6665=DIRECTION('',(0.,1.,0.));
#6666=DIRECTION('center_axis',(0.,1.,0.));
#6667=DIRECTION('ref_axis',(0.138752879024314,0.,-0.990327036166571));
#6668=DIRECTION('center_axis',(0.,1.,0.));
#6669=DIRECTION('ref_axis',(1.,0.,0.));
#6670=DIRECTION('center_axis',(0.,1.,0.));
#6671=DIRECTION('ref_axis',(1.,0.,0.));
#6672=DIRECTION('center_axis',(0.,1.,0.));
#6673=DIRECTION('ref_axis',(1.,0.,0.));
#6674=DIRECTION('center_axis',(0.,1.,0.));
#6675=DIRECTION('ref_axis',(1.,0.,0.));
#6676=DIRECTION('center_axis',(0.,1.,0.));
#6677=DIRECTION('ref_axis',(0.,0.,1.));
#6678=DIRECTION('center_axis',(0.,-1.,0.));
#6679=DIRECTION('ref_axis',(1.,0.,0.));
#6680=DIRECTION('center_axis',(0.,-1.,0.));
#6681=DIRECTION('ref_axis',(0.138752879024314,0.,-0.990327036166571));
#6682=DIRECTION('center_axis',(0.,-1.,0.));
#6683=DIRECTION('ref_axis',(1.,0.,0.));
#6684=DIRECTION('center_axis',(0.,1.,0.));
#6685=DIRECTION('ref_axis',(1.,0.,0.));
#6686=DIRECTION('center_axis',(0.,-1.,0.));
#6687=DIRECTION('ref_axis',(1.,0.,0.));
#6688=DIRECTION('center_axis',(0.,-1.,0.));
#6689=DIRECTION('ref_axis',(1.,0.,0.));
#6690=DIRECTION('center_axis',(0.,1.,0.));
#6691=DIRECTION('ref_axis',(1.,0.,0.));
#6692=DIRECTION('center_axis',(0.,-1.,0.));
#6693=DIRECTION('ref_axis',(1.,0.,0.));
#6694=DIRECTION('center_axis',(0.,1.,0.));
#6695=DIRECTION('ref_axis',(1.,0.,0.));
#6696=DIRECTION('',(0.,1.,0.));
#6697=DIRECTION('center_axis',(0.,-1.,0.));
#6698=DIRECTION('ref_axis',(1.,0.,0.));
#6699=DIRECTION('center_axis',(0.,1.,0.));
#6700=DIRECTION('ref_axis',(1.,0.,0.));
#6701=DIRECTION('',(0.,1.,0.));
#6702=DIRECTION('center_axis',(0.,-1.,0.));
#6703=DIRECTION('ref_axis',(1.,0.,0.));
#6704=DIRECTION('center_axis',(0.,-1.,0.));
#6705=DIRECTION('ref_axis',(1.,0.,0.));
#6706=DIRECTION('center_axis',(0.,-1.,0.));
#6707=DIRECTION('ref_axis',(0.138752879024314,0.,-0.990327036166571));
#6708=DIRECTION('center_axis',(0.,-1.,0.));
#6709=DIRECTION('ref_axis',(0.138752879024314,0.,-0.990327036166571));
#6710=DIRECTION('',(0.,-1.,0.));
#6711=DIRECTION('center_axis',(0.,-1.,0.));
#6712=DIRECTION('ref_axis',(1.,0.,0.));
#6713=DIRECTION('center_axis',(0.,-1.,0.));
#6714=DIRECTION('ref_axis',(1.,0.,0.));
#6715=DIRECTION('center_axis',(0.,-1.,0.));
#6716=DIRECTION('ref_axis',(1.,0.,0.));
#6717=DIRECTION('axis',(0.,0.,1.));
#6718=DIRECTION('refdir',(1.,0.,0.));
#6719=DIRECTION('center_axis',(0.,1.,0.));
#6720=DIRECTION('ref_axis',(-1.,0.,-1.22464679914735E-16));
#6721=DIRECTION('center_axis',(0.,-1.,0.));
#6722=DIRECTION('ref_axis',(-1.,0.,-1.22464679914735E-16));
#6723=DIRECTION('',(0.,-1.,0.));
#6724=DIRECTION('center_axis',(0.,1.,0.));
#6725=DIRECTION('ref_axis',(-1.,0.,-1.22464679914735E-16));
#6726=DIRECTION('center_axis',(0.,1.,0.));
#6727=DIRECTION('ref_axis',(-0.866025403784438,0.,-0.5));
#6728=DIRECTION('center_axis',(0.,-1.,0.));
#6729=DIRECTION('ref_axis',(-0.138752879024314,0.,0.990327036166571));
#6730=DIRECTION('',(0.,1.,0.));
#6731=DIRECTION('center_axis',(0.,1.,0.));
#6732=DIRECTION('ref_axis',(-0.138752879024314,0.,0.990327036166571));
#6733=DIRECTION('',(0.,1.,0.));
#6734=DIRECTION('center_axis',(0.,1.,0.));
#6735=DIRECTION('ref_axis',(0.568824927831253,0.,0.822458632076879));
#6736=DIRECTION('center_axis',(0.,-1.,0.));
#6737=DIRECTION('ref_axis',(0.568824927831253,0.,0.822458632076879));
#6738=DIRECTION('center_axis',(0.,-1.,0.));
#6739=DIRECTION('ref_axis',(0.568824927831253,0.,0.822458632076879));
#6740=DIRECTION('',(0.,1.,0.));
#6741=DIRECTION('center_axis',(0.,1.,0.));
#6742=DIRECTION('ref_axis',(0.138752879024314,0.,-0.990327036166571));
#6743=DIRECTION('center_axis',(0.,-1.,0.));
#6744=DIRECTION('ref_axis',(0.138752879024314,0.,-0.990327036166571));
#6745=DIRECTION('',(0.,1.,0.));
#6746=DIRECTION('center_axis',(0.,-1.,0.));
#6747=DIRECTION('ref_axis',(0.138752879024314,0.,-0.990327036166571));
#6748=DIRECTION('center_axis',(0.,-1.,0.));
#6749=DIRECTION('ref_axis',(-1.,0.,-1.22464679914735E-16));
#6750=DIRECTION('center_axis',(0.,-1.,0.));
#6751=DIRECTION('ref_axis',(1.,0.,0.));
#6752=DIRECTION('center_axis',(0.,-1.,0.));
#6753=DIRECTION('ref_axis',(-1.,0.,-1.22464679914735E-16));
#6754=DIRECTION('center_axis',(0.,1.,0.));
#6755=DIRECTION('ref_axis',(1.,0.,0.));
#6756=DIRECTION('center_axis',(0.,-1.,0.));
#6757=DIRECTION('ref_axis',(1.,0.,0.));
#6758=DIRECTION('center_axis',(0.,-1.,0.));
#6759=DIRECTION('ref_axis',(1.,0.,0.));
#6760=DIRECTION('',(0.,1.,0.));
#6761=DIRECTION('center_axis',(0.,-1.,0.));
#6762=DIRECTION('ref_axis',(1.,0.,0.));
#6763=DIRECTION('',(0.,1.,0.));
#6764=DIRECTION('center_axis',(0.,-1.,0.));
#6765=DIRECTION('ref_axis',(1.,0.,0.));
#6766=DIRECTION('',(0.,1.,0.));
#6767=DIRECTION('center_axis',(0.,1.,0.));
#6768=DIRECTION('ref_axis',(1.,0.,0.));
#6769=DIRECTION('center_axis',(0.,1.,0.));
#6770=DIRECTION('ref_axis',(1.,0.,0.));
#6771=DIRECTION('center_axis',(0.,-1.,0.));
#6772=DIRECTION('ref_axis',(1.,0.,0.));
#6773=DIRECTION('',(0.,-1.,0.));
#6774=DIRECTION('center_axis',(0.,1.,0.));
#6775=DIRECTION('ref_axis',(1.,0.,0.));
#6776=DIRECTION('center_axis',(0.,1.,0.));
#6777=DIRECTION('ref_axis',(0.866025403784438,0.,0.5));
#6778=DIRECTION('center_axis',(0.,-1.,0.));
#6779=DIRECTION('ref_axis',(0.138752879024314,0.,-0.990327036166571));
#6780=DIRECTION('',(0.,1.,0.));
#6781=DIRECTION('center_axis',(0.,1.,0.));
#6782=DIRECTION('ref_axis',(0.138752879024314,0.,-0.990327036166571));
#6783=DIRECTION('',(0.,1.,0.));
#6784=DIRECTION('center_axis',(0.,1.,0.));
#6785=DIRECTION('ref_axis',(-0.568824927831253,0.,-0.822458632076878));
#6786=DIRECTION('center_axis',(0.,-1.,0.));
#6787=DIRECTION('ref_axis',(-0.568824927831253,0.,-0.822458632076878));
#6788=DIRECTION('center_axis',(0.,-1.,0.));
#6789=DIRECTION('ref_axis',(-0.568824927831253,0.,-0.822458632076878));
#6790=DIRECTION('center_axis',(0.,1.,0.));
#6791=DIRECTION('ref_axis',(-0.138752879024314,0.,0.990327036166571));
#6792=DIRECTION('center_axis',(0.,-1.,0.));
#6793=DIRECTION('ref_axis',(-0.138752879024314,0.,0.990327036166571));
#6794=DIRECTION('center_axis',(0.,-1.,0.));
#6795=DIRECTION('ref_axis',(-0.138752879024314,0.,0.990327036166571));
#6796=DIRECTION('center_axis',(0.,-1.,0.));
#6797=DIRECTION('ref_axis',(1.,0.,0.));
#6798=DIRECTION('center_axis',(0.,-1.,0.));
#6799=DIRECTION('ref_axis',(1.,0.,0.));
#6800=DIRECTION('center_axis',(0.,-1.,0.));
#6801=DIRECTION('ref_axis',(0.,0.,-1.));
#6802=DIRECTION('center_axis',(0.,-1.,0.));
#6803=DIRECTION('ref_axis',(1.,0.,0.));
#6804=DIRECTION('center_axis',(-1.,0.,-1.22464679914735E-16));
#6805=DIRECTION('ref_axis',(-1.22464679914735E-16,0.,1.));
#6806=DIRECTION('center_axis',(0.,-1.,0.));
#6807=DIRECTION('ref_axis',(1.,0.,0.));
#6808=DIRECTION('center_axis',(0.,-1.,0.));
#6809=DIRECTION('ref_axis',(1.,0.,0.));
#6810=DIRECTION('center_axis',(0.,-1.,0.));
#6811=DIRECTION('ref_axis',(1.,0.,0.));
#6812=DIRECTION('center_axis',(0.,-1.,0.));
#6813=DIRECTION('ref_axis',(1.,0.,0.));
#6814=DIRECTION('',(0.707106781186543,0.707106781186552,8.65956056235487E-17));
#6815=DIRECTION('center_axis',(0.,-1.,0.));
#6816=DIRECTION('ref_axis',(1.,0.,0.));
#6817=DIRECTION('center_axis',(0.,-1.,0.));
#6818=DIRECTION('ref_axis',(1.,0.,0.));
#6819=DIRECTION('',(0.,1.,0.));
#6820=DIRECTION('center_axis',(0.,-1.,0.));
#6821=DIRECTION('ref_axis',(1.,0.,0.));
#6822=DIRECTION('center_axis',(0.,1.,0.));
#6823=DIRECTION('ref_axis',(0.,0.,1.));
#6824=DIRECTION('center_axis',(0.,-1.,0.));
#6825=DIRECTION('ref_axis',(0.,0.,-1.));
#6826=DIRECTION('center_axis',(0.,-1.,0.));
#6827=DIRECTION('ref_axis',(1.,0.,0.));
#6828=DIRECTION('center_axis',(0.,-1.,0.));
#6829=DIRECTION('ref_axis',(1.,0.,0.));
#6830=DIRECTION('',(0.,1.,0.));
#6831=DIRECTION('center_axis',(0.,-1.,0.));
#6832=DIRECTION('ref_axis',(1.,0.,0.));
#6833=DIRECTION('center_axis',(0.,1.,0.));
#6834=DIRECTION('ref_axis',(1.,0.,0.));
#6835=DIRECTION('',(-0.707106781186543,0.707106781186552,-8.65956056235487E-17));
#6836=DIRECTION('axis',(0.,0.,1.));
#6837=DIRECTION('refdir',(1.,0.,0.));
#6838=DIRECTION('center_axis',(0.,-1.,0.));
#6839=DIRECTION('ref_axis',(0.437630983781339,0.,0.899154670807296));
#6840=DIRECTION('center_axis',(0.,1.,0.));
#6841=DIRECTION('ref_axis',(0.437630983781339,0.,0.899154670807296));
#6842=DIRECTION('',(0.,-1.,0.));
#6843=DIRECTION('center_axis',(0.,-1.,0.));
#6844=DIRECTION('ref_axis',(0.437630983781339,0.,0.899154670807296));
#6845=DIRECTION('',(0.,1.,0.));
#6846=DIRECTION('center_axis',(0.,-1.,0.));
#6847=DIRECTION('ref_axis',(1.,0.,0.));
#6848=DIRECTION('center_axis',(0.,1.,0.));
#6849=DIRECTION('ref_axis',(1.,0.,0.));
#6850=DIRECTION('',(0.,-1.,0.));
#6851=DIRECTION('center_axis',(0.,-1.,0.));
#6852=DIRECTION('ref_axis',(1.,0.,0.));
#6853=DIRECTION('center_axis',(0.,-1.,0.));
#6854=DIRECTION('ref_axis',(0.499999994285065,0.,-0.866025407083958));
#6855=DIRECTION('center_axis',(0.,1.,0.));
#6856=DIRECTION('ref_axis',(0.499999994285065,0.,-0.866025407083958));
#6857=DIRECTION('',(0.,-1.,0.));
#6858=DIRECTION('center_axis',(0.,-1.,0.));
#6859=DIRECTION('ref_axis',(0.499999994285065,0.,-0.866025407083958));
#6860=DIRECTION('',(0.,-1.,0.));
#6861=DIRECTION('center_axis',(0.,-1.,0.));
#6862=DIRECTION('ref_axis',(-0.699145205733861,0.,-0.714979706914369));
#6863=DIRECTION('center_axis',(0.,1.,0.));
#6864=DIRECTION('ref_axis',(-0.699145205733861,0.,-0.714979706914369));
#6865=DIRECTION('center_axis',(0.,-1.,0.));
#6866=DIRECTION('ref_axis',(-0.699145205733861,0.,-0.714979706914369));
#6867=DIRECTION('',(0.,1.,0.));
#6868=DIRECTION('center_axis',(0.,-1.,0.));
#6869=DIRECTION('ref_axis',(-0.968763195518099,0.,-0.247987642856579));
#6870=DIRECTION('center_axis',(0.,1.,0.));
#6871=DIRECTION('ref_axis',(-0.968763195518099,0.,-0.247987642856579));
#6872=DIRECTION('',(0.,-1.,0.));
#6873=DIRECTION('center_axis',(0.,-1.,0.));
#6874=DIRECTION('ref_axis',(-0.968763195518099,0.,-0.247987642856579));
#6875=DIRECTION('',(0.,1.,0.));
#6876=DIRECTION('center_axis',(0.,-1.,0.));
#6877=DIRECTION('ref_axis',(0.972264342410066,0.,0.233884690559091));
#6878=DIRECTION('center_axis',(0.,-1.,0.));
#6879=DIRECTION('ref_axis',(0.972264342410066,0.,0.233884690559091));
#6880=DIRECTION('',(0.,-1.,0.));
#6881=DIRECTION('center_axis',(0.,1.,0.));
#6882=DIRECTION('ref_axis',(0.972264342410066,0.,0.233884690559091));
#6883=DIRECTION('',(0.,-1.,0.));
#6884=DIRECTION('center_axis',(0.,-1.,0.));
#6885=DIRECTION('ref_axis',(0.972264342410066,0.,0.233884690559091));
#6886=DIRECTION('center_axis',(0.,1.,0.));
#6887=DIRECTION('ref_axis',(0.972264342410066,0.,0.233884690559091));
#6888=DIRECTION('',(0.,1.,0.));
#6889=DIRECTION('center_axis',(0.,-1.,0.));
#6890=DIRECTION('ref_axis',(0.972264342410066,0.,0.233884690559091));
#6891=DIRECTION('',(0.,1.,0.));
#6892=DIRECTION('center_axis',(0.,1.,0.));
#6893=DIRECTION('ref_axis',(0.972264342410066,0.,0.233884690559091));
#6894=DIRECTION('center_axis',(0.,-1.,0.));
#6895=DIRECTION('ref_axis',(-0.710128764676588,0.,-0.704071827002688));
#6896=DIRECTION('center_axis',(0.,1.,0.));
#6897=DIRECTION('ref_axis',(-0.710128764676588,0.,-0.704071827002688));
#6898=DIRECTION('',(0.,-1.,0.));
#6899=DIRECTION('center_axis',(0.,-1.,0.));
#6900=DIRECTION('ref_axis',(-0.710128764676588,0.,-0.704071827002688));
#6901=DIRECTION('',(0.,1.,0.));
#6902=DIRECTION('center_axis',(0.,-1.,0.));
#6903=DIRECTION('ref_axis',(0.981446600039002,0.,0.191735680747959));
#6904=DIRECTION('center_axis',(0.,-1.,0.));
#6905=DIRECTION('ref_axis',(0.981446600039002,0.,0.191735680747959));
#6906=DIRECTION('',(0.,-1.,0.));
#6907=DIRECTION('center_axis',(0.,1.,0.));
#6908=DIRECTION('ref_axis',(0.981446600039002,0.,0.191735680747959));
#6909=DIRECTION('',(0.,-1.,0.));
#6910=DIRECTION('center_axis',(0.,-1.,0.));
#6911=DIRECTION('ref_axis',(0.981446600039002,0.,0.191735680747959));
#6912=DIRECTION('center_axis',(0.,1.,0.));
#6913=DIRECTION('ref_axis',(0.981446600039002,0.,0.191735680747959));
#6914=DIRECTION('',(0.,-1.,0.));
#6915=DIRECTION('center_axis',(0.,-1.,0.));
#6916=DIRECTION('ref_axis',(0.981446600039002,0.,0.191735680747959));
#6917=DIRECTION('center_axis',(0.,1.,0.));
#6918=DIRECTION('ref_axis',(0.981446600039002,0.,0.191735680747959));
#6919=DIRECTION('center_axis',(0.,-1.,0.));
#6920=DIRECTION('ref_axis',(0.656771280311457,0.,0.754089839049731));
#6921=DIRECTION('center_axis',(0.,-1.,0.));
#6922=DIRECTION('ref_axis',(0.656771280311457,0.,0.754089839049731));
#6923=DIRECTION('',(0.,-1.,0.));
#6924=DIRECTION('center_axis',(0.,-1.,0.));
#6925=DIRECTION('ref_axis',(0.656771280311457,0.,0.754089839049731));
#6926=DIRECTION('center_axis',(0.,-1.,0.));
#6927=DIRECTION('ref_axis',(1.,0.,0.));
#6928=DIRECTION('center_axis',(0.,1.,0.));
#6929=DIRECTION('ref_axis',(1.,0.,0.));
#6930=DIRECTION('center_axis',(0.,-1.,0.));
#6931=DIRECTION('ref_axis',(1.,0.,0.));
#6932=DIRECTION('center_axis',(0.,1.,0.));
#6933=DIRECTION('ref_axis',(0.,0.,1.));
#6934=DIRECTION('center_axis',(0.,-1.,0.));
#6935=DIRECTION('ref_axis',(0.656771280311457,0.,0.754089839049731));
#6936=DIRECTION('',(-0.866025407083957,0.,-0.499999994285066));
#6937=DIRECTION('center_axis',(0.,-1.,0.));
#6938=DIRECTION('ref_axis',(1.,0.,0.));
#6939=DIRECTION('',(0.866025407083938,0.,0.499999994285099));
#6940=DIRECTION('center_axis',(0.,1.,0.));
#6941=DIRECTION('ref_axis',(0.688682264354441,0.,0.725063265352507));
#6942=DIRECTION('center_axis',(0.,1.,0.));
#6943=DIRECTION('ref_axis',(1.,0.,0.));
#6944=DIRECTION('center_axis',(0.,1.,0.));
#6945=DIRECTION('ref_axis',(1.,0.,0.));
#6946=DIRECTION('center_axis',(0.,-1.,0.));
#6947=DIRECTION('ref_axis',(1.,0.,0.));
#6948=DIRECTION('',(0.,-1.,0.));
#6949=DIRECTION('center_axis',(0.,1.,0.));
#6950=DIRECTION('ref_axis',(1.,0.,0.));
#6951=DIRECTION('center_axis',(0.,1.,0.));
#6952=DIRECTION('ref_axis',(1.,0.,0.));
#6953=DIRECTION('center_axis',(0.,-1.,0.));
#6954=DIRECTION('ref_axis',(1.,0.,0.));
#6955=DIRECTION('',(0.,-1.,0.));
#6956=DIRECTION('center_axis',(-0.499999994285066,0.,0.866025407083957));
#6957=DIRECTION('ref_axis',(0.866025407083957,0.,0.499999994285066));
#6958=DIRECTION('',(0.,1.,0.));
#6959=DIRECTION('',(0.866025407083957,0.,0.499999994285066));
#6960=DIRECTION('',(0.,1.,0.));
#6961=DIRECTION('center_axis',(0.,1.,0.));
#6962=DIRECTION('ref_axis',(-0.866025407083957,0.,-0.499999994285066));
#6963=DIRECTION('center_axis',(0.,1.,0.));
#6964=DIRECTION('ref_axis',(1.,0.,0.));
#6965=DIRECTION('',(0.,1.,0.));
#6966=DIRECTION('center_axis',(0.499999994285099,0.,-0.866025407083938));
#6967=DIRECTION('ref_axis',(-0.866025407083938,0.,-0.499999994285099));
#6968=DIRECTION('',(-0.866025407083938,0.,-0.499999994285099));
#6969=DIRECTION('',(0.,1.,0.));
#6970=DIRECTION('center_axis',(0.,1.,0.));
#6971=DIRECTION('ref_axis',(0.688682264354441,0.,0.725063265352507));
#6972=DIRECTION('center_axis',(0.,-1.,0.));
#6973=DIRECTION('ref_axis',(0.688682264354441,0.,0.725063265352507));
#6974=DIRECTION('center_axis',(0.,1.,0.));
#6975=DIRECTION('ref_axis',(0.499999994285067,0.,-0.866025407083956));
#6976=DIRECTION('center_axis',(0.,1.,0.));
#6977=DIRECTION('ref_axis',(0.499999994285067,0.,-0.866025407083956));
#6978=DIRECTION('center_axis',(0.,-1.,0.));
#6979=DIRECTION('ref_axis',(0.499999994285067,0.,-0.866025407083956));
#6980=DIRECTION('',(0.,1.,0.));
#6981=DIRECTION('center_axis',(-0.499999994285063,0.,0.866025407083959));
#6982=DIRECTION('ref_axis',(0.866025407083959,0.,0.499999994285062));
#6983=DIRECTION('',(-0.866025407083959,0.,-0.499999994285062));
#6984=DIRECTION('',(0.866025407083959,0.,0.499999994285062));
#6985=DIRECTION('',(0.,1.,0.));
#6986=DIRECTION('center_axis',(0.,1.,0.));
#6987=DIRECTION('ref_axis',(-0.86602540708394,0.,-0.499999994285096));
#6988=DIRECTION('center_axis',(0.,-1.,0.));
#6989=DIRECTION('ref_axis',(1.,0.,0.));
#6990=DIRECTION('center_axis',(0.,1.,0.));
#6991=DIRECTION('ref_axis',(1.,0.,0.));
#6992=DIRECTION('',(0.,1.,0.));
#6993=DIRECTION('center_axis',(0.499999994285423,0.,-0.866025407083751));
#6994=DIRECTION('ref_axis',(-0.866025407083751,0.,-0.499999994285423));
#6995=DIRECTION('',(0.866025407083751,0.,0.499999994285423));
#6996=DIRECTION('',(-0.866025407083751,0.,-0.499999994285423));
#6997=DIRECTION('',(0.,1.,0.));
#6998=DIRECTION('center_axis',(0.,1.,0.));
#6999=DIRECTION('ref_axis',(0.,0.,1.));
#7000=DIRECTION('center_axis',(0.,-1.,0.));
#7001=DIRECTION('ref_axis',(0.499999994285065,0.,-0.866025407083958));
#7002=DIRECTION('center_axis',(0.,1.,0.));
#7003=DIRECTION('ref_axis',(0.,0.,1.));
#7004=DIRECTION('center_axis',(0.,1.,0.));
#7005=DIRECTION('ref_axis',(0.656771280311457,0.,0.754089839049731));
#7006=DIRECTION('center_axis',(0.,1.,0.));
#7007=DIRECTION('ref_axis',(0.499999994285065,0.,-0.866025407083958));
#7008=DIRECTION('center_axis',(0.,-1.,0.));
#7009=DIRECTION('ref_axis',(1.,0.,0.));
#7010=DIRECTION('center_axis',(0.,-1.,0.));
#7011=DIRECTION('ref_axis',(0.688682264354441,0.,0.725063265352507));
#7012=DIRECTION('',(0.866025407083938,0.,0.499999994285099));
#7013=DIRECTION('center_axis',(0.,-1.,0.));
#7014=DIRECTION('ref_axis',(1.,0.,0.));
#7015=DIRECTION('',(0.866025407083957,0.,0.499999994285066));
#7016=DIRECTION('center_axis',(0.,1.,0.));
#7017=DIRECTION('ref_axis',(1.,0.,0.));
#7018=DIRECTION('center_axis',(0.,-1.,0.));
#7019=DIRECTION('ref_axis',(1.,0.,0.));
#7020=DIRECTION('',(0.866025407083751,0.,0.499999994285423));
#7021=DIRECTION('center_axis',(0.,-1.,0.));
#7022=DIRECTION('ref_axis',(1.,0.,0.));
#7023=DIRECTION('',(0.866025407083959,0.,0.499999994285062));
#7024=DIRECTION('center_axis',(0.,-1.,0.));
#7025=DIRECTION('ref_axis',(0.499999994285067,0.,-0.866025407083956));
#7026=DIRECTION('center_axis',(0.,1.,0.));
#7027=DIRECTION('ref_axis',(1.,0.,0.));
#7028=DIRECTION('center_axis',(0.,-1.,0.));
#7029=DIRECTION('ref_axis',(1.,0.,0.));
#7030=DIRECTION('center_axis',(0.,1.,0.));
#7031=DIRECTION('ref_axis',(1.,0.,0.));
#7032=DIRECTION('',(0.,1.,0.));
#7033=DIRECTION('center_axis',(0.,-1.,0.));
#7034=DIRECTION('ref_axis',(1.,0.,0.));
#7035=DIRECTION('center_axis',(0.,1.,0.));
#7036=DIRECTION('ref_axis',(1.,0.,0.));
#7037=DIRECTION('',(0.,1.,0.));
#7038=DIRECTION('center_axis',(-0.499999994285063,0.,0.866025407083959));
#7039=DIRECTION('ref_axis',(-0.866025407083959,0.,-0.499999994285062));
#7040=DIRECTION('',(0.,-1.,0.));
#7041=DIRECTION('',(-0.866025407083959,0.,-0.499999994285062));
#7042=DIRECTION('',(0.,-1.,0.));
#7043=DIRECTION('center_axis',(0.,-1.,0.));
#7044=DIRECTION('ref_axis',(0.499999994285067,0.,-0.866025407083956));
#7045=DIRECTION('center_axis',(0.,1.,0.));
#7046=DIRECTION('ref_axis',(0.499999994285067,0.,-0.866025407083956));
#7047=DIRECTION('center_axis',(0.,-1.,0.));
#7048=DIRECTION('ref_axis',(0.688682264354441,0.,0.725063265352507));
#7049=DIRECTION('center_axis',(0.,1.,0.));
#7050=DIRECTION('ref_axis',(0.688682264354441,0.,0.725063265352507));
#7051=DIRECTION('',(0.,-1.,0.));
#7052=DIRECTION('center_axis',(0.499999994285099,0.,-0.866025407083938));
#7053=DIRECTION('ref_axis',(0.866025407083938,0.,0.499999994285099));
#7054=DIRECTION('',(0.866025407083938,0.,0.499999994285099));
#7055=DIRECTION('',(0.,-1.,0.));
#7056=DIRECTION('center_axis',(0.,-1.,0.));
#7057=DIRECTION('ref_axis',(-0.866025407083957,0.,-0.499999994285066));
#7058=DIRECTION('center_axis',(0.,-1.,0.));
#7059=DIRECTION('ref_axis',(1.,0.,0.));
#7060=DIRECTION('',(0.,-1.,0.));
#7061=DIRECTION('center_axis',(-0.499999994285066,0.,0.866025407083957));
#7062=DIRECTION('ref_axis',(-0.866025407083957,0.,-0.499999994285066));
#7063=DIRECTION('',(-0.866025407083957,0.,-0.499999994285066));
#7064=DIRECTION('center_axis',(0.,-1.,0.));
#7065=DIRECTION('ref_axis',(0.656771280311457,0.,0.754089839049731));
#7066=DIRECTION('center_axis',(0.,-1.,0.));
#7067=DIRECTION('ref_axis',(0.499999994285065,0.,-0.866025407083958));
#7068=DIRECTION('center_axis',(0.499999994285423,0.,-0.866025407083751));
#7069=DIRECTION('ref_axis',(0.866025407083751,0.,0.499999994285423));
#7070=DIRECTION('',(0.866025407083751,0.,0.499999994285423));
#7071=DIRECTION('',(0.,-1.,0.));
#7072=DIRECTION('center_axis',(0.,-1.,0.));
#7073=DIRECTION('ref_axis',(-0.86602540708394,0.,-0.499999994285096));
#7074=DIRECTION('center_axis',(0.,-1.,0.));
#7075=DIRECTION('ref_axis',(1.,0.,0.));
#7076=DIRECTION('center_axis',(0.,-1.,0.));
#7077=DIRECTION('ref_axis',(1.,0.,0.));
#7078=DIRECTION('axis',(0.,0.,1.));
#7079=DIRECTION('refdir',(1.,0.,0.));
#7080=DIRECTION('center_axis',(0.,1.,0.));
#7081=DIRECTION('ref_axis',(-0.222656520306019,0.,0.974896955562595));
#7082=DIRECTION('center_axis',(0.,-1.,0.));
#7083=DIRECTION('ref_axis',(-0.222656520306019,0.,0.974896955562595));
#7084=DIRECTION('',(0.,1.,0.));
#7085=DIRECTION('center_axis',(0.,-1.,0.));
#7086=DIRECTION('ref_axis',(-0.222656520306019,0.,0.974896955562595));
#7087=DIRECTION('',(0.,1.,0.));
#7088=DIRECTION('center_axis',(-0.760941468661164,0.,0.648820530864884));
#7089=DIRECTION('ref_axis',(0.648820530864884,0.,0.760941468661164));
#7090=DIRECTION('',(0.648820530864884,0.,0.760941468661164));
#7091=DIRECTION('',(-2.13849315392323E-8,-0.999999999999999,-2.50804042698683E-8));
#7092=DIRECTION('',(0.648820530864884,0.,0.760941468661164));
#7093=DIRECTION('',(0.,1.,0.));
#7094=DIRECTION('center_axis',(0.,1.,0.));
#7095=DIRECTION('ref_axis',(-0.510067060242356,0.,-0.860134637167764));
#7096=DIRECTION('center_axis',(0.,-1.,0.));
#7097=DIRECTION('ref_axis',(1.,0.,0.));
#7098=DIRECTION('center_axis',(0.,1.,0.));
#7099=DIRECTION('ref_axis',(1.,0.,0.));
#7100=DIRECTION('center_axis',(0.,-1.,0.));
#7101=DIRECTION('ref_axis',(1.,0.,0.));
#7102=DIRECTION('center_axis',(-5.07994132824182E-8,-0.999999999999999,
0.));
#7103=DIRECTION('ref_axis',(0.999999999999999,-5.07994132824182E-8,0.));
#7104=DIRECTION('center_axis',(0.,-1.,0.));
#7105=DIRECTION('ref_axis',(1.,0.,0.));
#7106=DIRECTION('center_axis',(-5.07994132824182E-8,-0.999999999999999,
0.));
#7107=DIRECTION('ref_axis',(0.999999999999999,-5.07994132824182E-8,0.));
#7108=DIRECTION('center_axis',(-5.07994132824182E-8,-0.999999999999999,
0.));
#7109=DIRECTION('ref_axis',(0.999999999999999,-5.07994134257976E-8,0.));
#7110=DIRECTION('center_axis',(-5.07994132824182E-8,-0.999999999999999,
0.));
#7111=DIRECTION('ref_axis',(0.999999999999999,-5.07994132824182E-8,0.));
#7112=DIRECTION('center_axis',(-5.07994132824182E-8,-0.999999999999999,
0.));
#7113=DIRECTION('ref_axis',(0.999999999999999,-5.07994132824182E-8,0.));
#7114=DIRECTION('',(0.,1.,0.));
#7115=DIRECTION('center_axis',(0.,-1.,0.));
#7116=DIRECTION('ref_axis',(1.,0.,0.));
#7117=DIRECTION('',(0.,1.,0.));
#7118=DIRECTION('center_axis',(0.,1.,0.));
#7119=DIRECTION('ref_axis',(1.,0.,0.));
#7120=DIRECTION('center_axis',(0.,1.,0.));
#7121=DIRECTION('ref_axis',(1.,0.,0.));
#7122=DIRECTION('center_axis',(0.,-1.,0.));
#7123=DIRECTION('ref_axis',(1.,0.,0.));
#7124=DIRECTION('',(0.,-1.,0.));
#7125=DIRECTION('center_axis',(0.,1.,0.));
#7126=DIRECTION('ref_axis',(1.,0.,0.));
#7127=DIRECTION('center_axis',(0.,1.,0.));
#7128=DIRECTION('ref_axis',(0.866025403784439,0.,0.5));
#7129=DIRECTION('center_axis',(0.,-1.,0.));
#7130=DIRECTION('ref_axis',(0.14544519305788,0.,-0.989366310229106));
#7131=DIRECTION('',(0.,1.,0.));
#7132=DIRECTION('center_axis',(0.,1.,0.));
#7133=DIRECTION('ref_axis',(0.14544519305788,0.,-0.989366310229106));
#7134=DIRECTION('',(0.,1.,0.));
#7135=DIRECTION('center_axis',(0.,1.,0.));
#7136=DIRECTION('ref_axis',(-0.37349914493122,0.,-0.92763052382705));
#7137=DIRECTION('center_axis',(0.,-1.,0.));
#7138=DIRECTION('ref_axis',(-0.37349914493122,0.,-0.92763052382705));
#7139=DIRECTION('center_axis',(0.,-1.,0.));
#7140=DIRECTION('ref_axis',(-0.37349914493122,0.,-0.92763052382705));
#7141=DIRECTION('center_axis',(0.,1.,0.));
#7142=DIRECTION('ref_axis',(-0.145445193057882,0.,0.989366310229106));
#7143=DIRECTION('center_axis',(0.,-1.,0.));
#7144=DIRECTION('ref_axis',(-0.145445193057882,0.,0.989366310229106));
#7145=DIRECTION('center_axis',(0.,-1.,0.));
#7146=DIRECTION('ref_axis',(-0.145445193057882,0.,0.989366310229106));
#7147=DIRECTION('center_axis',(0.,-1.,0.));
#7148=DIRECTION('ref_axis',(1.,0.,0.));
#7149=DIRECTION('center_axis',(0.,-1.,0.));
#7150=DIRECTION('ref_axis',(1.,0.,0.));
#7151=DIRECTION('center_axis',(-5.07994132824182E-8,-0.999999999999999,
0.));
#7152=DIRECTION('ref_axis',(0.,0.,-1.));
#7153=DIRECTION('center_axis',(-5.07994132824182E-8,-0.999999999999999,
0.));
#7154=DIRECTION('ref_axis',(0.999999999999999,-5.07994132824182E-8,0.));
#7155=DIRECTION('center_axis',(-0.999999999999999,5.07994132824182E-8,0.));
#7156=DIRECTION('ref_axis',(0.,0.,1.));
#7157=DIRECTION('center_axis',(-5.07994132824182E-8,-0.999999999999999,
0.));
#7158=DIRECTION('ref_axis',(0.999999999999999,-5.07994132824182E-8,0.));
#7159=DIRECTION('center_axis',(-5.07994132824182E-8,-0.999999999999999,
0.));
#7160=DIRECTION('ref_axis',(0.999999999999999,-5.07994132824182E-8,0.));
#7161=DIRECTION('center_axis',(-5.07994132824182E-8,-0.999999999999999,
0.));
#7162=DIRECTION('ref_axis',(0.999999999999999,-5.07994132824182E-8,0.));
#7163=DIRECTION('center_axis',(-5.07994132824182E-8,-0.999999999999999,
0.));
#7164=DIRECTION('ref_axis',(0.999999999999999,-5.07994134257976E-8,0.));
#7165=DIRECTION('',(0.707106853027757,0.707106709345331,8.65956100225545E-17));
#7166=DIRECTION('center_axis',(-5.07994132824182E-8,-0.999999999999999,
0.));
#7167=DIRECTION('ref_axis',(0.999999999999999,-5.07994132824182E-8,0.));
#7168=DIRECTION('center_axis',(-5.07994132824182E-8,-0.999999999999999,
0.));
#7169=DIRECTION('ref_axis',(0.999999999999999,-5.07994134257976E-8,0.));
#7170=DIRECTION('',(5.07994132824182E-8,0.999999999999999,0.));
#7171=DIRECTION('center_axis',(-5.07994132824182E-8,-0.999999999999999,
0.));
#7172=DIRECTION('ref_axis',(0.999999999999999,-5.07994132824182E-8,0.));
#7173=DIRECTION('center_axis',(5.07994132824182E-8,0.999999999999999,0.));
#7174=DIRECTION('ref_axis',(0.,0.,1.));
#7175=DIRECTION('center_axis',(-5.07994132824182E-8,-0.999999999999999,
0.));
#7176=DIRECTION('ref_axis',(0.,0.,-1.));
#7177=DIRECTION('center_axis',(-5.07994132824182E-8,-0.999999999999999,
0.));
#7178=DIRECTION('ref_axis',(0.999999999999999,-5.07994132824182E-8,0.));
#7179=DIRECTION('center_axis',(-5.07994132824182E-8,-0.999999999999999,
0.));
#7180=DIRECTION('ref_axis',(0.999999999999999,-5.07994134257976E-8,0.));
#7181=DIRECTION('',(5.07994132824182E-8,0.999999999999999,0.));
#7182=DIRECTION('center_axis',(-5.07994132824182E-8,-0.999999999999999,
0.));
#7183=DIRECTION('ref_axis',(0.999999999999999,-5.07994132824182E-8,0.));
#7184=DIRECTION('center_axis',(5.07994132824182E-8,0.999999999999999,0.));
#7185=DIRECTION('ref_axis',(0.999999999999999,-5.07994134257976E-8,0.));
#7186=DIRECTION('',(-0.707106709345319,0.707106853027769,-8.65956012245425E-17));
#7187=DIRECTION('axis',(0.,0.,1.));
#7188=DIRECTION('refdir',(1.,0.,0.));
#7189=DIRECTION('axis',(0.,0.,1.));
#7190=DIRECTION('refdir',(1.,0.,0.));
#7191=DIRECTION('center_axis',(0.,1.,0.));
#7192=DIRECTION('ref_axis',(1.,0.,0.));
#7193=DIRECTION('center_axis',(0.,1.,0.));
#7194=DIRECTION('ref_axis',(1.,0.,0.));
#7195=DIRECTION('',(0.,1.,0.));
#7196=DIRECTION('center_axis',(2.18952885050753E-47,1.,-1.16318720183212E-46));
#7197=DIRECTION('ref_axis',(1.,0.,0.));
#7198=DIRECTION('center_axis',(-2.18952885050753E-47,-1.,1.16318720183212E-46));
#7199=DIRECTION('ref_axis',(1.,-2.18952885050753E-47,2.82755145625544E-109));
#7200=DIRECTION('center_axis',(0.,1.,0.));
#7201=DIRECTION('ref_axis',(0.,0.,1.));
#7202=DIRECTION('center_axis',(0.,1.,0.));
#7203=DIRECTION('ref_axis',(1.,0.,0.));
#7204=DIRECTION('center_axis',(0.,1.,0.));
#7205=DIRECTION('ref_axis',(0.,0.,1.));
#7206=DIRECTION('center_axis',(0.,-1.,0.));
#7207=DIRECTION('ref_axis',(1.,0.,0.));
#7208=DIRECTION('center_axis',(0.,1.,0.));
#7209=DIRECTION('ref_axis',(1.,0.,0.));
#7210=DIRECTION('center_axis',(-5.07994132824182E-8,-0.999999999999999,
0.));
#7211=DIRECTION('ref_axis',(0.999999999999999,-5.07994135833178E-8,0.));
#7212=DIRECTION('',(5.07994132824182E-8,0.999999999999999,0.));
#7213=DIRECTION('center_axis',(-5.07994132824182E-8,-0.999999999999999,
0.));
#7214=DIRECTION('ref_axis',(0.999999999999999,-5.07994132824182E-8,0.));
#7215=DIRECTION('center_axis',(-5.07994132824182E-8,-0.999999999999999,
0.));
#7216=DIRECTION('ref_axis',(0.,0.,-1.));
#7217=DIRECTION('center_axis',(-5.07994132824182E-8,-0.999999999999999,
0.));
#7218=DIRECTION('ref_axis',(0.999999999999999,-5.07994132824182E-8,0.));
#7219=DIRECTION('center_axis',(-0.999999999999999,5.07994132824182E-8,0.));
#7220=DIRECTION('ref_axis',(0.,0.,1.));
#7221=DIRECTION('center_axis',(-5.07994132824182E-8,-0.999999999999999,
0.));
#7222=DIRECTION('ref_axis',(0.999999999999999,-5.07994132824182E-8,0.));
#7223=DIRECTION('center_axis',(-5.07994132824182E-8,-0.999999999999999,
0.));
#7224=DIRECTION('ref_axis',(0.999999999999999,-5.07994132824182E-8,0.));
#7225=DIRECTION('center_axis',(-5.07994132824182E-8,-0.999999999999999,
0.));
#7226=DIRECTION('ref_axis',(0.999999999999999,-5.07994132824182E-8,0.));
#7227=DIRECTION('center_axis',(-5.07994132824182E-8,-0.999999999999999,
0.));
#7228=DIRECTION('ref_axis',(0.999999999999999,-5.07994135833178E-8,0.));
#7229=DIRECTION('',(0.707106853027757,0.70710670934533,8.65956100225544E-17));
#7230=DIRECTION('center_axis',(-5.07994132824182E-8,-0.999999999999999,
0.));
#7231=DIRECTION('ref_axis',(0.999999999999999,-5.07994133926483E-8,0.));
#7232=DIRECTION('center_axis',(-5.07994132824182E-8,-0.999999999999999,
0.));
#7233=DIRECTION('ref_axis',(0.999999999999999,-5.07994132824182E-8,0.));
#7234=DIRECTION('',(5.07994132824182E-8,0.999999999999999,0.));
#7235=DIRECTION('center_axis',(2.18952885050753E-47,1.,-1.16318720183212E-46));
#7236=DIRECTION('ref_axis',(1.,0.,0.));
#7237=DIRECTION('',(5.07994132824182E-8,0.999999999999999,0.));
#7238=DIRECTION('center_axis',(0.,1.,0.));
#7239=DIRECTION('ref_axis',(1.,0.,0.));
#7240=DIRECTION('',(-5.07994132824182E-8,-0.999999999999999,0.));
#7241=DIRECTION('center_axis',(2.18952885050753E-47,1.,-1.16318720183212E-46));
#7242=DIRECTION('ref_axis',(1.,0.,0.));
#7243=DIRECTION('center_axis',(5.07994132824182E-8,0.999999999999999,0.));
#7244=DIRECTION('ref_axis',(0.999999999999999,-5.07994133926483E-8,0.));
#7245=DIRECTION('',(-0.707106709345319,0.707106853027769,-8.65956012245425E-17));
#7246=DIRECTION('center_axis',(0.,-1.,0.));
#7247=DIRECTION('ref_axis',(0.,0.,-1.));
#7248=DIRECTION('center_axis',(0.,1.,0.));
#7249=DIRECTION('ref_axis',(0.986143751949317,0.,0.165893039309439));
#7250=DIRECTION('center_axis',(0.,-1.,0.));
#7251=DIRECTION('ref_axis',(1.,0.,0.));
#7252=DIRECTION('center_axis',(0.,-1.,0.));
#7253=DIRECTION('ref_axis',(0.999800901648373,0.,-0.0199538733859012));
#7254=DIRECTION('center_axis',(0.,-1.,0.));
#7255=DIRECTION('ref_axis',(1.,0.,0.));
#7256=DIRECTION('center_axis',(0.,-1.,0.));
#7257=DIRECTION('ref_axis',(0.986143751949317,0.,0.165893039309439));
#7258=DIRECTION('center_axis',(-2.18952885050753E-47,-1.,1.16318720183212E-46));
#7259=DIRECTION('ref_axis',(0.986143751949317,0.,0.165893039309439));
#7260=DIRECTION('',(0.,1.,0.));
#7261=DIRECTION('center_axis',(0.,-1.,0.));
#7262=DIRECTION('ref_axis',(0.998784712686411,0.,-0.0492858773273196));
#7263=DIRECTION('center_axis',(-2.18952885050753E-47,-1.,1.16318720183212E-46));
#7264=DIRECTION('ref_axis',(0.998784712686411,0.,-0.0492858773273196));
#7265=DIRECTION('',(0.,-1.,0.));
#7266=DIRECTION('center_axis',(-2.18952885050753E-47,-1.,1.16318720183212E-46));
#7267=DIRECTION('ref_axis',(0.998784712686411,0.,-0.0492858773273196));
#7268=DIRECTION('',(0.,-1.,0.));
#7269=DIRECTION('center_axis',(0.,-1.,0.));
#7270=DIRECTION('ref_axis',(-0.0917834136040541,0.,-0.99577899404797));
#7271=DIRECTION('center_axis',(-2.18952885050753E-47,-1.,1.16318720183212E-46));
#7272=DIRECTION('ref_axis',(-0.990965861917504,0.,0.134114356107387));
#7273=DIRECTION('center_axis',(-2.18952885050753E-47,-1.,1.16318720183212E-46));
#7274=DIRECTION('ref_axis',(-0.990965861917504,0.,0.134114356107387));
#7275=DIRECTION('',(0.,-1.,0.));
#7276=DIRECTION('center_axis',(0.,-1.,0.));
#7277=DIRECTION('ref_axis',(0.990965861917503,0.,-0.134114356107388));
#7278=DIRECTION('center_axis',(2.18952885050753E-47,1.,-1.16318720183212E-46));
#7279=DIRECTION('ref_axis',(0.990965861917503,0.,-0.134114356107388));
#7280=DIRECTION('center_axis',(2.18952885050753E-47,1.,-1.16318720183212E-46));
#7281=DIRECTION('ref_axis',(0.990965861917503,0.,-0.134114356107388));
#7282=DIRECTION('',(0.,-1.,0.));
#7283=DIRECTION('center_axis',(2.18952885050753E-47,1.,-1.16318720183212E-46));
#7284=DIRECTION('ref_axis',(0.,1.16318720183212E-46,1.));
#7285=DIRECTION('center_axis',(2.18952885050753E-47,1.,-1.16318720183212E-46));
#7286=DIRECTION('ref_axis',(0.999800901648373,0.,-0.0199538733859012));
#7287=DIRECTION('center_axis',(-2.18952885050753E-47,-1.,1.16318720183212E-46));
#7288=DIRECTION('ref_axis',(1.,0.,0.));
#7289=DIRECTION('center_axis',(-2.18952885050753E-47,-1.,1.16318720183212E-46));
#7290=DIRECTION('ref_axis',(1.,0.,0.));
#7291=DIRECTION('center_axis',(0.,-1.,0.));
#7292=DIRECTION('ref_axis',(0.999800901648373,0.,-0.0199538733859012));
#7293=DIRECTION('',(0.,-1.,0.));
#7294=DIRECTION('center_axis',(0.,-1.,0.));
#7295=DIRECTION('ref_axis',(-0.781769398186043,0.,0.6235676451355));
#7296=DIRECTION('center_axis',(0.,-1.,0.));
#7297=DIRECTION('ref_axis',(1.,0.,0.));
#7298=DIRECTION('center_axis',(0.,1.,0.));
#7299=DIRECTION('ref_axis',(1.,0.,0.));
#7300=DIRECTION('',(0.,1.,0.));
#7301=DIRECTION('center_axis',(0.,1.,0.));
#7302=DIRECTION('ref_axis',(1.,0.,0.));
#7303=DIRECTION('center_axis',(0.,-1.,0.));
#7304=DIRECTION('ref_axis',(1.,0.,0.));
#7305=DIRECTION('center_axis',(0.,-1.,0.));
#7306=DIRECTION('ref_axis',(1.,0.,1.97215226305253E-31));
#7307=DIRECTION('center_axis',(0.,-1.,0.));
#7308=DIRECTION('ref_axis',(1.,0.,0.));
#7309=DIRECTION('center_axis',(0.,-1.,0.));
#7310=DIRECTION('ref_axis',(1.,0.,0.));
#7311=DIRECTION('',(0.,1.,0.));
#7312=DIRECTION('center_axis',(0.,1.,0.));
#7313=DIRECTION('ref_axis',(1.,0.,0.));
#7314=DIRECTION('center_axis',(0.,-1.,0.));
#7315=DIRECTION('ref_axis',(1.,0.,0.));
#7316=DIRECTION('',(-0.707106781186543,0.707106781186552,-8.65956056235488E-17));
#7317=DIRECTION('center_axis',(0.,-1.,0.));
#7318=DIRECTION('ref_axis',(1.,0.,0.));
#7319=DIRECTION('center_axis',(0.,-1.,0.));
#7320=DIRECTION('ref_axis',(0.,0.,-1.));
#7321=DIRECTION('center_axis',(-1.,0.,-1.22464679914735E-16));
#7322=DIRECTION('ref_axis',(-1.22464679914735E-16,0.,1.));
#7323=DIRECTION('center_axis',(0.,-1.,0.));
#7324=DIRECTION('ref_axis',(1.,0.,0.));
#7325=DIRECTION('center_axis',(0.,-1.,0.));
#7326=DIRECTION('ref_axis',(1.,0.,0.));
#7327=DIRECTION('center_axis',(0.,-1.,0.));
#7328=DIRECTION('ref_axis',(1.,0.,0.));
#7329=DIRECTION('center_axis',(0.,-1.,0.));
#7330=DIRECTION('ref_axis',(1.,0.,0.));
#7331=DIRECTION('',(0.707106781186543,0.707106781186552,8.65956056235488E-17));
#7332=DIRECTION('center_axis',(0.,-1.,0.));
#7333=DIRECTION('ref_axis',(1.,0.,0.));
#7334=DIRECTION('',(0.,1.,0.));
#7335=DIRECTION('center_axis',(-2.18952885050753E-47,-1.,1.16318720183212E-46));
#7336=DIRECTION('ref_axis',(1.,-2.18952885050753E-47,1.97215226305253E-31));
#7337=DIRECTION('center_axis',(2.12110607392917E-47,1.,-2.46519032881567E-32));
#7338=DIRECTION('ref_axis',(1.,-2.12110607392917E-47,1.97215226305253E-31));
#7339=DIRECTION('center_axis',(0.,-1.,0.));
#7340=DIRECTION('ref_axis',(1.,0.,1.97215226305253E-31));
#7341=DIRECTION('',(0.,1.,0.));
#7342=DIRECTION('',(0.,1.,0.));
#7343=DIRECTION('',(0.,1.,0.));
#7344=DIRECTION('',(0.,1.,0.));
#7345=DIRECTION('',(0.,1.,0.));
#7346=DIRECTION('',(0.,1.,0.));
#7347=DIRECTION('',(0.,1.,0.));
#7348=DIRECTION('',(0.,1.,0.));
#7349=DIRECTION('',(0.,1.,0.));
#7350=DIRECTION('',(0.,1.,0.));
#7351=DIRECTION('',(0.,1.,0.));
#7352=DIRECTION('',(0.,1.,0.));
#7353=DIRECTION('',(0.,1.,0.));
#7354=DIRECTION('',(0.,1.,0.));
#7355=DIRECTION('',(0.,1.,0.));
#7356=DIRECTION('',(0.,1.,0.));
#7357=DIRECTION('',(0.,1.,0.));
#7358=DIRECTION('',(0.,1.,0.));
#7359=DIRECTION('',(0.,1.,0.));
#7360=DIRECTION('',(0.,1.,0.));
#7361=DIRECTION('',(0.,1.,0.));
#7362=DIRECTION('',(0.,1.,0.));
#7363=DIRECTION('',(0.,1.,0.));
#7364=DIRECTION('',(0.,1.,0.));
#7365=DIRECTION('',(0.,1.,0.));
#7366=DIRECTION('',(0.,1.,0.));
#7367=DIRECTION('',(0.,1.,0.));
#7368=DIRECTION('',(0.,1.,0.));
#7369=DIRECTION('',(0.,1.,0.));
#7370=DIRECTION('',(0.,1.,0.));
#7371=DIRECTION('',(0.,1.,0.));
#7372=DIRECTION('',(0.,1.,0.));
#7373=DIRECTION('',(0.,1.,0.));
#7374=DIRECTION('',(0.,1.,0.));
#7375=DIRECTION('',(0.,1.,0.));
#7376=DIRECTION('',(0.,1.,0.));
#7377=DIRECTION('',(0.,1.,0.));
#7378=DIRECTION('',(0.,1.,0.));
#7379=DIRECTION('',(0.,1.,0.));
#7380=DIRECTION('',(0.,1.,0.));
#7381=DIRECTION('',(0.,1.,0.));
#7382=DIRECTION('center_axis',(-2.18952885050753E-47,-1.,1.16318720183212E-46));
#7383=DIRECTION('ref_axis',(1.,-2.18952885050753E-47,1.97215226305253E-31));
#7384=DIRECTION('axis',(0.,0.,1.));
#7385=DIRECTION('refdir',(1.,0.,0.));
#7386=DIRECTION('center_axis',(-0.672351132503643,-0.707261703105553,0.218460151838504));
#7387=DIRECTION('ref_axis',(0.309017027773123,0.,0.951056505443428));
#7388=DIRECTION('center_axis',(0.672351132503643,0.707261703105553,-0.218460151838504));
#7389=DIRECTION('ref_axis',(0.643936042609564,-0.704391848029221,-0.29862769037434));
#7390=DIRECTION('center_axis',(-0.672351132503643,-0.707261703105553,0.218460151838504));
#7391=DIRECTION('ref_axis',(0.643936042609564,-0.704391848029221,-0.29862769037434));
#7392=DIRECTION('center_axis',(-5.07994132824182E-8,-0.999999999999999,
0.));
#7393=DIRECTION('ref_axis',(0.999999999999999,-5.07994135393135E-8,0.));
#7394=DIRECTION('center_axis',(0.672645859132823,-0.706951825317851,-0.218555862129629));
#7395=DIRECTION('ref_axis',(0.672351154698941,0.707261703105547,-0.218460083528415));
#7396=DIRECTION('center_axis',(-5.07994132824182E-8,-0.999999999999999,
0.));
#7397=DIRECTION('ref_axis',(0.999999999999999,-5.07994132824182E-8,0.));
#7398=DIRECTION('center_axis',(-0.415535901913675,-0.707261716151616,-0.571935992124171));
#7399=DIRECTION('ref_axis',(0.41571801183929,-0.706951812266062,0.572186743787479));
#7400=DIRECTION('center_axis',(0.415717953705777,-0.706951812266064,0.572186786023942));
#7401=DIRECTION('ref_axis',(0.415535843805644,0.707261716151614,0.571936034342132));
#7402=DIRECTION('center_axis',(-5.07994132824182E-8,-0.999999999999999,
0.));
#7403=DIRECTION('ref_axis',(0.999999999999999,-5.07994132824182E-8,0.));
#7404=DIRECTION('',(5.07994132824182E-8,0.999999999999999,0.));
#7405=DIRECTION('center_axis',(-5.07994132824182E-8,-0.999999999999999,
0.));
#7406=DIRECTION('ref_axis',(0.999999999999999,-5.07994132824182E-8,0.));
#7407=DIRECTION('center_axis',(-5.07994132824182E-8,-0.999999999999999,
0.));
#7408=DIRECTION('ref_axis',(0.999999999999999,-5.07994132824182E-8,0.));
#7409=DIRECTION('center_axis',(0.415535771923209,-0.707261758369569,-0.571936034360634));
#7410=DIRECTION('ref_axis',(0.415718025505771,0.7069517700296,-0.57218678604246));
#7411=DIRECTION('center_axis',(-0.415718083639278,-0.706951770029601,0.572186743805989));
#7412=DIRECTION('ref_axis',(0.415535830031245,-0.707261758369567,-0.57193599214268));
#7413=DIRECTION('center_axis',(-5.07994132824182E-8,-0.999999999999999,
0.));
#7414=DIRECTION('ref_axis',(0.999999999999999,-5.07994132824182E-8,0.));
#7415=DIRECTION('center_axis',(0.672351082851703,-0.707261771415636,0.218460083498472));
#7416=DIRECTION('ref_axis',(0.672645930968033,0.706951756977813,0.218555862099675));
#7417=DIRECTION('center_axis',(-0.672645908763004,-0.706951756977818,-0.218555930439713));
#7418=DIRECTION('ref_axis',(0.672351060656413,-0.70726177141563,0.218460151808563));
#7419=DIRECTION('center_axis',(-5.07994132824182E-8,-0.999999999999999,
0.));
#7420=DIRECTION('ref_axis',(0.999999999999999,-5.07994132824182E-8,0.));
#7421=DIRECTION('center_axis',(0.,-0.707261737260596,0.706951791147829));
#7422=DIRECTION('ref_axis',(3.59127362092644E-8,0.706951791147829,0.707261737260595));
#7423=DIRECTION('center_axis',(0.,-0.706951791147836,-0.707261737260589));
#7424=DIRECTION('ref_axis',(-3.59284812899418E-8,-0.707261737260589,0.706951791147835));
#7425=DIRECTION('center_axis',(-5.07994132824182E-8,-0.999999999999999,
0.));
#7426=DIRECTION('ref_axis',(0.999999999999999,-5.07994132824182E-8,0.));
#7427=DIRECTION('center_axis',(-0.672351132503643,-0.707261703105553,0.218460151838504));
#7428=DIRECTION('ref_axis',(0.672645836927803,-0.706951825317845,-0.21855593046967));
#7429=DIRECTION('center_axis',(-0.951056516295153,4.83131129547232E-8,0.309016994374947));
#7430=DIRECTION('ref_axis',(0.309016994374948,3.51015314037361E-8,0.951056516295153));
#7431=DIRECTION('center_axis',(-0.672645859132823,0.706951825317851,0.218555862129629));
#7432=DIRECTION('ref_axis',(-0.696223872063366,-0.704692594531995,0.136677237244753));
#7433=DIRECTION('center_axis',(3.51015312337451E-8,0.999999999999998,-4.83131131497203E-8));
#7434=DIRECTION('ref_axis',(-0.30901699437495,-3.51015314037362E-8,-0.951056516295152));
#7435=DIRECTION('center_axis',(3.51015312337451E-8,0.999999999999998,-4.83131131497203E-8));
#7436=DIRECTION('ref_axis',(-0.30901699437495,-3.51015314037362E-8,-0.951056516295152));
#7437=DIRECTION('center_axis',(0.672645859132823,-0.706951825317851,-0.218555862129629));
#7438=DIRECTION('ref_axis',(-0.309016961006036,0.,-0.95105652713737));
#7439=DIRECTION('center_axis',(0.672645859132823,-0.706951825317851,-0.218555862129629));
#7440=DIRECTION('ref_axis',(-0.696223872063366,-0.704692594531995,0.136677237244753));
#7441=DIRECTION('center_axis',(-0.415535901913675,-0.707261716151616,-0.571935992124171));
#7442=DIRECTION('ref_axis',(-0.809016940335561,0.,0.5877853266713));
#7443=DIRECTION('center_axis',(0.415535901913675,0.707261716151616,0.571935992124171));
#7444=DIRECTION('ref_axis',(0.482998966608368,-0.704391839853711,0.520138572115886));
#7445=DIRECTION('center_axis',(-0.415535901913675,-0.707261716151616,-0.571935992124171));
#7446=DIRECTION('ref_axis',(0.482998966608368,-0.704391839853711,0.520138572115886));
#7447=DIRECTION('center_axis',(-0.587785252292471,2.98591459890751E-8,-0.809016994374948));
#7448=DIRECTION('ref_axis',(-0.809016994374942,9.18970019525566E-8,0.587785252292474));
#7449=DIRECTION('center_axis',(-0.415717953705777,0.706951812266064,-0.572186786023942));
#7450=DIRECTION('ref_axis',(-0.345132810203731,-0.704692612367214,-0.619912627227375));
#7451=DIRECTION('center_axis',(9.18970021170739E-8,0.999999999999995,-2.98591460868557E-8));
#7452=DIRECTION('ref_axis',(0.809016994374943,-9.18970021607236E-8,-0.587785252292472));
#7453=DIRECTION('center_axis',(9.18970021170739E-8,0.999999999999995,-2.98591460868557E-8));
#7454=DIRECTION('ref_axis',(0.809016994374943,-9.18970021607236E-8,-0.587785252292472));
#7455=DIRECTION('center_axis',(0.415717953705777,-0.706951812266064,0.572186786023942));
#7456=DIRECTION('ref_axis',(0.809017048366977,0.,-0.587785177978812));
#7457=DIRECTION('center_axis',(0.415717953705777,-0.706951812266064,0.572186786023942));
#7458=DIRECTION('ref_axis',(-0.345132810203731,-0.704692612367214,-0.619912627227375));
#7459=DIRECTION('center_axis',(0.415535771923209,-0.707261758369569,-0.571936034360634));
#7460=DIRECTION('ref_axis',(-0.80901704841433,0.,-0.587785177913637));
#7461=DIRECTION('center_axis',(-0.415535771923209,0.707261758369569,0.571936034360634));
#7462=DIRECTION('ref_axis',(-0.345426314164969,-0.704391797770192,0.620091006801808));
#7463=DIRECTION('center_axis',(0.415535771923209,-0.707261758369569,-0.571936034360634));
#7464=DIRECTION('ref_axis',(-0.345426314164969,-0.704391797770193,0.620091006801808));
#7465=DIRECTION('center_axis',(0.587785252292471,-2.98591459890751E-8,-0.809016994374948));
#7466=DIRECTION('ref_axis',(-0.809016994374942,9.18970019525566E-8,-0.587785252292474));
#7467=DIRECTION('center_axis',(0.415718083639278,0.706951770029601,-0.572186743805989));
#7468=DIRECTION('ref_axis',(0.482920015253126,-0.704692654431811,-0.519804310926495));
#7469=DIRECTION('center_axis',(9.18970021170739E-8,0.999999999999995,2.98591460868557E-8));
#7470=DIRECTION('ref_axis',(0.809016994374943,-9.18970021607236E-8,0.587785252292472));
#7471=DIRECTION('center_axis',(9.18970021170739E-8,0.999999999999995,2.98591460868557E-8));
#7472=DIRECTION('ref_axis',(0.809016994374943,-9.18970021607236E-8,0.587785252292472));
#7473=DIRECTION('center_axis',(-0.415718083639278,-0.706951770029601,0.572186743805989));
#7474=DIRECTION('ref_axis',(0.809016940382915,0.,0.587785326606123));
#7475=DIRECTION('center_axis',(-0.415718083639278,-0.706951770029601,0.572186743805989));
#7476=DIRECTION('ref_axis',(0.482920015253126,-0.704692654431812,-0.519804310926495));
#7477=DIRECTION('center_axis',(0.672351082851703,-0.707261771415636,0.218460083498472));
#7478=DIRECTION('ref_axis',(0.309016960976769,0.,-0.951056527146879));
#7479=DIRECTION('center_axis',(-0.672351082851703,0.707261771415636,-0.218460083498472));
#7480=DIRECTION('ref_axis',(-0.696484218821387,-0.704391779936657,-0.136901253794224));
#7481=DIRECTION('center_axis',(0.672351082851703,-0.707261771415636,0.218460083498472));
#7482=DIRECTION('ref_axis',(-0.696484218821387,-0.704391779936657,-0.136901253794224));
#7483=DIRECTION('center_axis',(-0.672351082851703,0.707261771415636,-0.218460083498472));
#7484=DIRECTION('ref_axis',(-0.67264590876301,-0.706951756977812,-0.218555930439715));
#7485=DIRECTION('',(-0.309016946040652,1.56978795531898E-8,0.951056531999917));
#7486=DIRECTION('center_axis',(-0.672351082851703,0.707261771415636,-0.218460083498472));
#7487=DIRECTION('ref_axis',(0.672645930968033,0.706951756977813,0.218555862099675));
#7488=DIRECTION('center_axis',(-0.672645908763004,-0.706951756977818,-0.218555930439713));
#7489=DIRECTION('ref_axis',(-0.309017027743856,0.,0.951056505452937));
#7490=DIRECTION('center_axis',(0.672645908763004,0.706951756977818,0.218555930439713));
#7491=DIRECTION('ref_axis',(0.643593744006194,-0.704692662593943,0.298655895576077));
#7492=DIRECTION('center_axis',(-0.672645908763004,-0.706951756977818,-0.218555930439713));
#7493=DIRECTION('ref_axis',(0.643593744006194,-0.704692662593943,0.298655895576077));
#7494=DIRECTION('center_axis',(0.672645908763004,0.706951756977818,0.218555930439713));
#7495=DIRECTION('ref_axis',(-0.672351082851709,0.70726177141563,-0.218460083498473));
#7496=DIRECTION('center_axis',(0.672645908763004,0.706951756977818,0.218555930439713));
#7497=DIRECTION('ref_axis',(0.672351060656413,-0.70726177141563,0.218460151808563));
#7498=DIRECTION('',(0.309017042666887,-1.56978844617459E-8,-0.95105650060415));
#7499=DIRECTION('center_axis',(-0.672645859132823,0.706951825317851,0.218555862129629));
#7500=DIRECTION('ref_axis',(0.672351132503649,0.707261703105546,-0.218460151838506));
#7501=DIRECTION('center_axis',(-0.672645859132823,0.706951825317851,0.218555862129629));
#7502=DIRECTION('ref_axis',(0.672351154698941,0.707261703105547,-0.218460083528415));
#7503=DIRECTION('',(0.309016946083006,-1.56978795553414E-8,0.951056531986155));
#7504=DIRECTION('center_axis',(0.672351132503643,0.707261703105553,-0.218460151838504));
#7505=DIRECTION('ref_axis',(0.672645859132829,-0.706951825317844,-0.218555862129631));
#7506=DIRECTION('',(-0.309017042709241,1.56978844638975E-8,-0.951056500590388));
#7507=DIRECTION('center_axis',(0.672351132503643,0.707261703105553,-0.218460151838504));
#7508=DIRECTION('ref_axis',(0.672645836927803,-0.706951825317845,-0.21855593046967));
#7509=DIRECTION('center_axis',(-0.415717953705777,0.706951812266064,-0.572186786023942));
#7510=DIRECTION('ref_axis',(0.415535901913679,0.707261716151609,0.571935992124176));
#7511=DIRECTION('center_axis',(-0.415717953705777,0.706951812266064,-0.572186786023942));
#7512=DIRECTION('ref_axis',(0.415535843805645,0.707261716151614,0.571936034342132));
#7513=DIRECTION('',(-0.809017024221006,4.10975901659151E-8,0.587785211212894));
#7514=DIRECTION('center_axis',(0.415535901913675,0.707261716151616,0.571935992124171));
#7515=DIRECTION('ref_axis',(0.415717953705781,-0.706951812266058,0.572186786023948));
#7516=DIRECTION('',(0.809016964502709,-4.10975871322606E-8,-0.587785293408079));
#7517=DIRECTION('center_axis',(0.415535901913675,0.707261716151616,0.571935992124171));
#7518=DIRECTION('ref_axis',(0.41571801183929,-0.706951812266062,0.572186743787479));
#7519=DIRECTION('center_axis',(-0.415535771923209,0.707261758369569,0.571936034360634));
#7520=DIRECTION('ref_axis',(-0.415718083639282,-0.706951770029595,0.572186743805994));
#7521=DIRECTION('',(0.809017024247182,-4.10975901672448E-8,0.587785211176865));
#7522=DIRECTION('center_axis',(-0.415535771923209,0.707261758369569,0.571936034360634));
#7523=DIRECTION('ref_axis',(0.415718025505771,0.7069517700296,-0.57218678604246));
#7524=DIRECTION('center_axis',(0.415718083639278,0.706951770029601,-0.572186743805989));
#7525=DIRECTION('ref_axis',(-0.415535771923213,0.707261758369562,0.571936034360639));
#7526=DIRECTION('center_axis',(0.415718083639278,0.706951770029601,-0.572186743805989));
#7527=DIRECTION('ref_axis',(0.415535830031245,-0.707261758369567,-0.57193599214268));
#7528=DIRECTION('',(-0.809016964528885,4.10975871335903E-8,-0.587785293372051));
#7529=DIRECTION('center_axis',(-5.07994132824182E-8,-0.999999999999999,
0.));
#7530=DIRECTION('ref_axis',(0.,0.,-1.));
#7531=DIRECTION('center_axis',(-5.07994132824182E-8,-0.999999999999999,
0.));
#7532=DIRECTION('ref_axis',(0.999999999999999,-5.07994132824182E-8,0.));
#7533=DIRECTION('',(-0.999999999999998,5.07994132824182E-8,5.08216850707846E-8));
#7534=DIRECTION('center_axis',(-5.07994132824182E-8,-0.999999999999999,
0.));
#7535=DIRECTION('ref_axis',(0.,0.,-1.));
#7536=DIRECTION('center_axis',(-5.07994132824182E-8,-0.999999999999999,
0.));
#7537=DIRECTION('ref_axis',(0.999999999999999,-5.07994132824182E-8,0.));
#7538=DIRECTION('center_axis',(-5.07994132824182E-8,-0.999999999999999,
0.));
#7539=DIRECTION('ref_axis',(0.,0.,-1.));
#7540=DIRECTION('center_axis',(-5.07994132824182E-8,-0.999999999999999,
0.));
#7541=DIRECTION('ref_axis',(0.999999999999999,-5.07994132824182E-8,0.));
#7542=DIRECTION('center_axis',(-5.07994132824182E-8,-0.999999999999999,
0.));
#7543=DIRECTION('ref_axis',(0.999999999999999,-5.07994132824182E-8,0.));
#7544=DIRECTION('center_axis',(-5.07994132824182E-8,-0.999999999999999,
0.));
#7545=DIRECTION('ref_axis',(0.,0.,-1.));
#7546=DIRECTION('',(0.999999999999997,-5.07994132824182E-8,5.07771512543067E-8));
#7547=DIRECTION('center_axis',(-5.07994132824182E-8,-0.999999999999999,
0.));
#7548=DIRECTION('ref_axis',(0.999999999999999,-5.07994132824182E-8,0.));
#7549=DIRECTION('center_axis',(-5.07994132824182E-8,-0.999999999999999,
0.));
#7550=DIRECTION('ref_axis',(0.,0.,-1.));
#7551=DIRECTION('center_axis',(-5.07994132824182E-8,-0.999999999999999,
0.));
#7552=DIRECTION('ref_axis',(0.999999999999999,-5.07994132824182E-8,0.));
#7553=DIRECTION('center_axis',(-5.07994132824182E-8,-0.999999999999999,
0.));
#7554=DIRECTION('ref_axis',(0.999999999999999,-5.07994135393135E-8,0.));
#7555=DIRECTION('center_axis',(0.,0.706951791147836,0.707261737260589));
#7556=DIRECTION('ref_axis',(-3.59284812899418E-8,-0.707261737260589,0.706951791147835));
#7557=DIRECTION('center_axis',(0.,0.707261737260596,-0.706951791147829));
#7558=DIRECTION('ref_axis',(3.59127362092644E-8,0.706951791147829,0.707261737260595));
#7559=DIRECTION('',(5.07994132824182E-8,0.999999999999999,0.));
#7560=DIRECTION('center_axis',(-5.07994132824182E-8,-0.999999999999999,
0.));
#7561=DIRECTION('ref_axis',(0.999999999999999,-5.07994132824182E-8,0.));
#7562=DIRECTION('center_axis',(0.951056516295153,-4.83131129547232E-8,0.309016994374947));
#7563=DIRECTION('ref_axis',(0.309016994374948,3.51015314037361E-8,-0.951056516295153));
#7564=DIRECTION('center_axis',(3.5101531233745E-8,0.999999999999998,4.83131131497203E-8));
#7565=DIRECTION('ref_axis',(-0.30901699437495,-3.51015314037362E-8,0.951056516295152));
#7566=DIRECTION('center_axis',(3.5101531233745E-8,0.999999999999998,4.83131131497203E-8));
#7567=DIRECTION('ref_axis',(-0.30901699437495,-3.51015314037362E-8,0.951056516295152));
#7568=DIRECTION('center_axis',(0.,-0.707261737260596,0.706951791147829));
#7569=DIRECTION('ref_axis',(1.,0.,0.));
#7570=DIRECTION('center_axis',(0.,0.707261737260596,-0.706951791147829));
#7571=DIRECTION('ref_axis',(-0.0850246551450283,-0.704391810998444,-0.704700634749112));
#7572=DIRECTION('center_axis',(0.,-0.707261737260596,0.706951791147829));
#7573=DIRECTION('ref_axis',(-0.0850246551450283,-0.704391810998444,-0.704700634749112));
#7574=DIRECTION('center_axis',(0.,0.707261737260596,-0.706951791147829));
#7575=DIRECTION('ref_axis',(-4.33072911347792E-17,-0.706951791147829,-0.707261737260596));
#7576=DIRECTION('center_axis',(0.,-0.706951791147836,-0.707261737260589));
#7577=DIRECTION('ref_axis',(-1.,0.,0.));
#7578=DIRECTION('center_axis',(0.,0.706951791147836,0.707261737260589));
#7579=DIRECTION('ref_axis',(-0.0851572559820735,-0.70469262557382,0.704383805333058));
#7580=DIRECTION('center_axis',(0.,-0.706951791147836,-0.707261737260589));
#7581=DIRECTION('ref_axis',(-0.0851572559820735,-0.70469262557382,0.704383805333058));
#7582=DIRECTION('center_axis',(0.,0.706951791147836,0.707261737260589));
#7583=DIRECTION('ref_axis',(-4.32883124090343E-17,0.707261737260589,-0.706951791147836));
#7584=DIRECTION('center_axis',(0.,0.,1.));
#7585=DIRECTION('ref_axis',(1.,0.,0.));
#7586=DIRECTION('center_axis',(0.,1.,0.));
#7587=DIRECTION('ref_axis',(-1.,0.,0.));
#7588=DIRECTION('center_axis',(0.,1.,0.));
#7589=DIRECTION('ref_axis',(-1.,0.,0.));
#7590=DIRECTION('center_axis',(5.07994132824182E-8,0.999999999999999,0.));
#7591=DIRECTION('ref_axis',(0.,0.,1.));
#7592=DIRECTION('axis',(0.,0.,1.));
#7593=DIRECTION('refdir',(1.,0.,0.));
#7594=DIRECTION('',(-0.306821481205338,0.,0.951767082153487));
#7595=DIRECTION('center_axis',(0.,-1.,0.));
#7596=DIRECTION('ref_axis',(0.,0.,-1.));
#7597=DIRECTION('center_axis',(0.,-1.,0.));
#7598=DIRECTION('ref_axis',(1.,0.,0.));
#7599=DIRECTION('',(-0.306821481205337,0.,-0.951767082153487));
#7600=DIRECTION('center_axis',(0.,-1.,0.));
#7601=DIRECTION('ref_axis',(1.,0.,0.));
#7602=DIRECTION('center_axis',(0.,-1.,0.));
#7603=DIRECTION('ref_axis',(1.,0.,0.));
#7604=DIRECTION('center_axis',(0.,-1.,0.));
#7605=DIRECTION('ref_axis',(1.,0.,0.));
#7606=DIRECTION('center_axis',(0.,-1.,0.));
#7607=DIRECTION('ref_axis',(1.,0.,0.));
#7608=DIRECTION('center_axis',(0.,-1.,0.));
#7609=DIRECTION('ref_axis',(1.,0.,0.));
#7610=DIRECTION('center_axis',(0.,-1.,0.));
#7611=DIRECTION('ref_axis',(1.,0.,0.));
#7612=DIRECTION('',(0.,1.,0.));
#7613=DIRECTION('center_axis',(0.,-1.,0.));
#7614=DIRECTION('ref_axis',(1.,0.,0.));
#7615=DIRECTION('center_axis',(0.,-1.,0.));
#7616=DIRECTION('ref_axis',(1.,0.,0.));
#7617=DIRECTION('center_axis',(0.,-1.,0.));
#7618=DIRECTION('ref_axis',(0.,0.,-1.));
#7619=DIRECTION('',(0.670843731028042,0.,-0.741598738227336));
#7620=DIRECTION('center_axis',(0.,-1.,0.));
#7621=DIRECTION('ref_axis',(1.,0.,0.));
#7622=DIRECTION('',(-0.97766521223338,0.,0.21016834392615));
#7623=DIRECTION('center_axis',(0.,-1.,0.));
#7624=DIRECTION('ref_axis',(1.,0.,0.));
#7625=DIRECTION('center_axis',(0.,-1.,0.));
#7626=DIRECTION('ref_axis',(1.,0.,0.));
#7627=DIRECTION('',(0.,1.,0.));
#7628=DIRECTION('center_axis',(0.,-1.,0.));
#7629=DIRECTION('ref_axis',(1.,0.,0.));
#7630=DIRECTION('center_axis',(0.,-1.,0.));
#7631=DIRECTION('ref_axis',(1.,0.,0.));
#7632=DIRECTION('center_axis',(0.,-1.,0.));
#7633=DIRECTION('ref_axis',(1.,0.,0.));
#7634=DIRECTION('center_axis',(0.,-1.,0.));
#7635=DIRECTION('ref_axis',(1.,0.,0.));
#7636=DIRECTION('',(0.670843731028042,0.,0.741598738227336));
#7637=DIRECTION('center_axis',(0.,-1.,0.));
#7638=DIRECTION('ref_axis',(0.,0.,-1.));
#7639=DIRECTION('',(-0.977665212233379,0.,-0.210168343926152));
#7640=DIRECTION('',(0.97766521223338,0.,-0.210168343926151));
#7641=DIRECTION('center_axis',(0.,-1.,0.));
#7642=DIRECTION('ref_axis',(0.,0.,-1.));
#7643=DIRECTION('',(-0.670843731028042,0.,0.741598738227335));
#7644=DIRECTION('',(0.306821481205338,0.,-0.951767082153487));
#7645=DIRECTION('center_axis',(0.,-1.,0.));
#7646=DIRECTION('ref_axis',(0.,0.,-1.));
#7647=DIRECTION('',(0.306821481205337,0.,0.951767082153487));
#7648=DIRECTION('center_axis',(0.,0.,1.));
#7649=DIRECTION('ref_axis',(-0.335654093220203,0.941985312892151,0.));
#7650=DIRECTION('',(-0.670843731028041,0.,-0.741598738227336));
#7651=DIRECTION('center_axis',(0.,-1.,0.));
#7652=DIRECTION('ref_axis',(0.,0.,-1.));
#7653=DIRECTION('',(0.977665212233379,0.,0.210168343926152));
#7654=DIRECTION('center_axis',(0.,0.,1.));
#7655=DIRECTION('ref_axis',(-0.335654093220204,0.94198531289215,0.));
#7656=DIRECTION('center_axis',(0.,0.,1.));
#7657=DIRECTION('ref_axis',(0.335654093220197,0.941985312892153,0.));
#7658=DIRECTION('center_axis',(1.,0.,1.23259516440783E-31));
#7659=DIRECTION('ref_axis',(0.,1.,1.89882151931499E-15));
#7660=DIRECTION('center_axis',(0.,0.,1.));
#7661=DIRECTION('ref_axis',(0.335654093220211,0.941985312892148,0.));
#7662=DIRECTION('center_axis',(1.,0.,-8.90766633201227E-32));
#7663=DIRECTION('ref_axis',(0.,1.,-1.45473230946492E-15));
#7664=DIRECTION('center_axis',(0.,1.,0.));
#7665=DIRECTION('ref_axis',(0.,0.,1.));
#7666=DIRECTION('axis',(0.,0.,1.));
#7667=DIRECTION('refdir',(1.,0.,0.));
#7668=DIRECTION('center_axis',(0.,1.,0.));
#7669=DIRECTION('ref_axis',(1.,0.,0.));
#7670=DIRECTION('center_axis',(0.,-1.,0.));
#7671=DIRECTION('ref_axis',(1.,0.,0.));
#7672=DIRECTION('',(0.,1.,0.));
#7673=DIRECTION('center_axis',(0.,-1.,0.));
#7674=DIRECTION('ref_axis',(1.,0.,0.));
#7675=DIRECTION('center_axis',(0.,1.,0.));
#7676=DIRECTION('ref_axis',(1.,0.,0.));
#7677=DIRECTION('center_axis',(2.18952885050753E-47,1.,-1.16318720183212E-46));
#7678=DIRECTION('ref_axis',(1.,0.,0.));
#7679=DIRECTION('',(0.,1.,0.));
#7680=DIRECTION('center_axis',(0.,1.,0.));
#7681=DIRECTION('ref_axis',(1.,0.,0.));
#7682=DIRECTION('center_axis',(0.,-1.,0.));
#7683=DIRECTION('ref_axis',(1.,0.,0.));
#7684=DIRECTION('center_axis',(-2.18952885050753E-47,-1.,1.16318720183212E-46));
#7685=DIRECTION('ref_axis',(1.,-2.18952885050753E-47,2.82755145625544E-109));
#7686=DIRECTION('center_axis',(0.,-1.,0.));
#7687=DIRECTION('ref_axis',(1.,0.,0.));
#7688=DIRECTION('center_axis',(-6.49376066138169E-140,-1.,-4.1573556750867E-142));
#7689=DIRECTION('ref_axis',(0.990965861917503,-6.42951952009735E-140,-0.134114356107388));
#7690=DIRECTION('center_axis',(0.,-1.,0.));
#7691=DIRECTION('ref_axis',(-0.990965861917504,0.,0.134114356107387));
#7692=DIRECTION('center_axis',(6.91738146406258E-140,-1.,3.12430051848283E-141));
#7693=DIRECTION('ref_axis',(0.998784712686411,6.89357646891728E-140,-0.0492858773273196));
#7694=DIRECTION('center_axis',(2.18952885050753E-47,1.,-1.16318720183212E-46));
#7695=DIRECTION('ref_axis',(1.,-2.18952885050753E-47,0.));
#7696=DIRECTION('center_axis',(0.,1.,0.));
#7697=DIRECTION('ref_axis',(0.,0.,1.));
#7698=DIRECTION('center_axis',(-4.43591612371693E-140,-1.,-4.78599258381174E-141));
#7699=DIRECTION('ref_axis',(0.999800901648373,-4.42548303112441E-140,-0.0199538733859012));
#7700=DIRECTION('center_axis',(0.,-1.,0.));
#7701=DIRECTION('ref_axis',(1.,0.,0.));
#7702=DIRECTION('center_axis',(-5.50892321624354E-140,1.,-7.00718399176396E-141));
#7703=DIRECTION('ref_axis',(0.986143751949317,5.54883451460653E-140,0.165893039309439));
#7704=DIRECTION('center_axis',(0.,1.,0.));
#7705=DIRECTION('ref_axis',(1.,0.,0.));
#7706=DIRECTION('center_axis',(0.,-1.,0.));
#7707=DIRECTION('ref_axis',(1.,0.,0.));
#7708=DIRECTION('center_axis',(-5.07994132824182E-8,-0.999999999999999,
0.));
#7709=DIRECTION('ref_axis',(0.0925840913798116,-4.70321782227983E-9,-0.99570486893626));
#7710=DIRECTION('',(5.07994132824182E-8,0.999999999999999,0.));
#7711=DIRECTION('center_axis',(-2.96244231428053E-139,-1.,0.));
#7712=DIRECTION('ref_axis',(1.,0.,0.));
#7713=DIRECTION('',(-5.07994132824182E-8,-0.999999999999999,0.));
#7714=DIRECTION('center_axis',(0.,1.,0.));
#7715=DIRECTION('ref_axis',(0.999800901648373,0.,-0.0199538733859012));
#7716=DIRECTION('center_axis',(-2.96244231428053E-139,-1.,0.));
#7717=DIRECTION('ref_axis',(0.999800901648373,0.,-0.0199538733859012));
#7718=DIRECTION('',(0.,-1.,0.));
#7719=DIRECTION('center_axis',(-2.96244231428053E-139,-1.,0.));
#7720=DIRECTION('ref_axis',(1.,-2.96244231428053E-139,0.));
#7721=DIRECTION('center_axis',(2.96244231428053E-139,1.,0.));
#7722=DIRECTION('ref_axis',(0.986143751949317,0.,0.165893039309439));
#7723=DIRECTION('center_axis',(2.96244231428053E-139,1.,0.));
#7724=DIRECTION('ref_axis',(1.,0.,0.));
#7725=DIRECTION('center_axis',(-6.91738146406258E-140,1.,-3.12430051848283E-141));
#7726=DIRECTION('ref_axis',(0.998784712686411,6.89357646891728E-140,-0.0492858773273196));
#7727=DIRECTION('center_axis',(0.,1.,0.));
#7728=DIRECTION('ref_axis',(-0.990965861917504,0.,0.134114356107387));
#7729=DIRECTION('center_axis',(-6.49376066138169E-140,-1.,-4.1573556750867E-142));
#7730=DIRECTION('ref_axis',(0.990965861917503,-6.42951952009735E-140,-0.134114356107388));
#7731=DIRECTION('center_axis',(2.96244231428053E-139,1.,0.));
#7732=DIRECTION('ref_axis',(1.,0.,0.));
#7733=DIRECTION('center_axis',(0.,1.,0.));
#7734=DIRECTION('ref_axis',(0.990965861917503,0.,-0.134114356107388));
#7735=DIRECTION('',(0.,1.,0.));
#7736=DIRECTION('',(0.,1.,0.));
#7737=DIRECTION('center_axis',(0.,1.,0.));
#7738=DIRECTION('ref_axis',(-0.0917834136040541,0.,-0.99577899404797));
#7739=DIRECTION('',(0.,1.,0.));
#7740=DIRECTION('center_axis',(0.,1.,0.));
#7741=DIRECTION('ref_axis',(0.998784712686411,0.,-0.0492858773273196));
#7742=DIRECTION('',(0.,1.,0.));
#7743=DIRECTION('center_axis',(0.,-1.,0.));
#7744=DIRECTION('ref_axis',(-0.781769398186043,0.,0.6235676451355));
#7745=DIRECTION('',(0.,1.,0.));
#7746=DIRECTION('center_axis',(0.,1.,0.));
#7747=DIRECTION('ref_axis',(0.986143751949317,0.,0.165893039309439));
#7748=DIRECTION('center_axis',(0.,-1.,0.));
#7749=DIRECTION('ref_axis',(1.,0.,0.));
#7750=DIRECTION('',(0.,1.,0.));
#7751=DIRECTION('center_axis',(0.,1.,0.));
#7752=DIRECTION('ref_axis',(1.,0.,0.));
#7753=DIRECTION('center_axis',(0.,1.,0.));
#7754=DIRECTION('ref_axis',(0.,0.,1.));
#7755=DIRECTION('center_axis',(0.,1.,0.));
#7756=DIRECTION('ref_axis',(1.,0.,0.));
#7757=DIRECTION('center_axis',(0.,1.,0.));
#7758=DIRECTION('ref_axis',(1.,0.,0.));
#7759=DIRECTION('center_axis',(0.,1.,0.));
#7760=DIRECTION('ref_axis',(1.,0.,0.));
#7761=DIRECTION('',(0.,-1.,0.));
#7762=DIRECTION('center_axis',(0.,1.,0.));
#7763=DIRECTION('ref_axis',(0.,0.,1.));
#7764=DIRECTION('center_axis',(0.,1.,0.));
#7765=DIRECTION('ref_axis',(1.,0.,0.));
#7766=DIRECTION('center_axis',(0.,-1.,0.));
#7767=DIRECTION('ref_axis',(1.,0.,0.));
#7768=DIRECTION('',(0.,1.,0.));
#7769=DIRECTION('axis',(0.,0.,1.));
#7770=DIRECTION('refdir',(1.,0.,0.));
#7771=DIRECTION('center_axis',(5.55111512312578E-16,1.,-2.77555756156289E-16));
#7772=DIRECTION('ref_axis',(1.,-5.55111512312578E-16,6.37570829880107E-32));
#7773=DIRECTION('center_axis',(3.2540241216295E-16,1.,-2.35775401313093E-16));
#7774=DIRECTION('ref_axis',(1.,-3.2540241216295E-16,0.));
#7775=DIRECTION('',(-5.55111512312578E-16,-1.,2.77555756156289E-16));
#7776=DIRECTION('center_axis',(-3.2540241216295E-16,-1.,2.35775401313093E-16));
#7777=DIRECTION('ref_axis',(1.,-3.2540241216295E-16,0.));
#7778=DIRECTION('center_axis',(-3.2540241216295E-16,-1.,2.35775401313093E-16));
#7779=DIRECTION('ref_axis',(1.,-3.2540241216295E-16,0.));
#7780=DIRECTION('center_axis',(-3.2540241216295E-16,-1.,2.35775401313093E-16));
#7781=DIRECTION('ref_axis',(1.,-3.2540241216295E-16,0.));
#7782=DIRECTION('center_axis',(2.77555756156289E-16,1.,-2.35775401313093E-16));
#7783=DIRECTION('ref_axis',(1.,-2.77555756156289E-16,-1.12810645214601E-32));
#7784=DIRECTION('center_axis',(3.2540241216295E-16,1.,-2.35775401313093E-16));
#7785=DIRECTION('ref_axis',(1.,-3.25402412162951E-16,0.));
#7786=DIRECTION('',(-2.77555756156289E-16,-1.,2.35775401313093E-16));
#7787=DIRECTION('center_axis',(-3.2540241216295E-16,-1.,2.35775401313093E-16));
#7788=DIRECTION('ref_axis',(1.,-3.25402412162951E-16,0.));
#7789=DIRECTION('center_axis',(-3.2540241216295E-16,-1.,2.35775401313093E-16));
#7790=DIRECTION('ref_axis',(1.,-3.2540241216295E-16,0.));
#7791=DIRECTION('center_axis',(-3.2540241216295E-16,-1.,2.35775401313093E-16));
#7792=DIRECTION('ref_axis',(1.,-3.2540241216295E-16,0.));
#7793=DIRECTION('center_axis',(0.,1.,0.));
#7794=DIRECTION('ref_axis',(1.,0.,0.));
#7795=DIRECTION('center_axis',(3.2540241216295E-16,1.,-2.35775401313093E-16));
#7796=DIRECTION('ref_axis',(1.,-3.25402412162951E-16,0.));
#7797=DIRECTION('',(0.,-1.,0.));
#7798=DIRECTION('center_axis',(-3.2540241216295E-16,-1.,2.35775401313093E-16));
#7799=DIRECTION('ref_axis',(1.,-3.25402412162951E-16,0.));
#7800=DIRECTION('center_axis',(-3.2540241216295E-16,-1.,2.35775401313093E-16));
#7801=DIRECTION('ref_axis',(1.,-3.2540241216295E-16,0.));
#7802=DIRECTION('center_axis',(-3.2540241216295E-16,-1.,2.35775401313093E-16));
#7803=DIRECTION('ref_axis',(1.,-3.2540241216295E-16,0.));
#7804=DIRECTION('center_axis',(2.77555756156289E-16,1.,0.));
#7805=DIRECTION('ref_axis',(1.,-2.77555756156289E-16,0.));
#7806=DIRECTION('center_axis',(3.2540241216295E-16,1.,-2.35775401313093E-16));
#7807=DIRECTION('ref_axis',(1.,-3.2540241216295E-16,0.));
#7808=DIRECTION('',(-2.77555756156289E-16,-1.,0.));
#7809=DIRECTION('center_axis',(-3.2540241216295E-16,-1.,2.35775401313093E-16));
#7810=DIRECTION('ref_axis',(1.,-3.2540241216295E-16,0.));
#7811=DIRECTION('center_axis',(-3.2540241216295E-16,-1.,2.35775401313093E-16));
#7812=DIRECTION('ref_axis',(1.,-3.2540241216295E-16,0.));
#7813=DIRECTION('center_axis',(-3.2540241216295E-16,-1.,2.35775401313093E-16));
#7814=DIRECTION('ref_axis',(1.,-3.2540241216295E-16,0.));
#7815=DIRECTION('',(0.,0.,1.));
#7816=DIRECTION('',(1.,0.,0.));
#7817=DIRECTION('',(0.,0.,1.));
#7818=DIRECTION('',(1.,0.,0.));
#7819=DIRECTION('',(0.,0.,1.));
#7820=DIRECTION('',(1.,0.,0.));
#7821=DIRECTION('',(0.,0.,1.));
#7822=DIRECTION('',(1.,0.,0.));
#7823=DIRECTION('',(0.,0.,1.));
#7824=DIRECTION('',(1.,0.,0.));
#7825=DIRECTION('axis',(0.,0.,1.));
#7826=DIRECTION('refdir',(1.,0.,0.));
#7827=DIRECTION('center_axis',(0.,1.,0.));
#7828=DIRECTION('ref_axis',(1.,0.,0.));
#7829=DIRECTION('center_axis',(1.11022302462516E-16,1.,-2.44929349141908E-16));
#7830=DIRECTION('ref_axis',(1.,0.,0.));
#7831=DIRECTION('',(0.,1.,0.));
#7832=DIRECTION('center_axis',(0.,1.,0.));
#7833=DIRECTION('ref_axis',(1.,0.,0.));
#7834=DIRECTION('center_axis',(0.,-1.,0.));
#7835=DIRECTION('ref_axis',(1.,0.,0.));
#7836=DIRECTION('center_axis',(0.,-1.,0.));
#7837=DIRECTION('ref_axis',(1.,0.,2.31727890908672E-30));
#7838=DIRECTION('center_axis',(0.34866908129423,0.,-0.937245897163299));
#7839=DIRECTION('ref_axis',(-0.937245897163299,0.,-0.34866908129423));
#7840=DIRECTION('',(0.937245897163299,0.,0.34866908129423));
#7841=DIRECTION('',(0.,1.,0.));
#7842=DIRECTION('',(-0.937245897163299,0.,-0.34866908129423));
#7843=DIRECTION('',(0.,1.,0.));
#7844=DIRECTION('center_axis',(0.,1.,0.));
#7845=DIRECTION('ref_axis',(1.,0.,2.33856918919922E-30));
#7846=DIRECTION('center_axis',(0.,1.,0.));
#7847=DIRECTION('ref_axis',(1.,0.,2.33856918919922E-30));
#7848=DIRECTION('',(0.,-1.,0.));
#7849=DIRECTION('center_axis',(0.,-1.,0.));
#7850=DIRECTION('ref_axis',(1.,0.,2.33856918919922E-30));
#7851=DIRECTION('center_axis',(-0.637344215889041,0.,0.770579230496633));
#7852=DIRECTION('ref_axis',(0.770579230496633,0.,0.637344215889041));
#7853=DIRECTION('',(-0.770579230496633,0.,-0.637344215889041));
#7854=DIRECTION('',(0.,1.,0.));
#7855=DIRECTION('',(0.770579230496633,0.,0.637344215889041));
#7856=DIRECTION('',(0.,1.,0.));
#7857=DIRECTION('center_axis',(0.,1.,0.));
#7858=DIRECTION('ref_axis',(-0.637344215889042,0.,0.770579230496633));
#7859=DIRECTION('center_axis',(0.,-1.,0.));
#7860=DIRECTION('ref_axis',(-0.637344215889042,0.,0.770579230496633));
#7861=DIRECTION('center_axis',(0.,1.,0.));
#7862=DIRECTION('ref_axis',(-0.637344215889042,1.94435182726204E-16,0.770579230496633));
#7863=DIRECTION('center_axis',(0.,-1.,0.));
#7864=DIRECTION('ref_axis',(0.,0.,-1.));
#7865=DIRECTION('center_axis',(0.,-1.,0.));
#7866=DIRECTION('ref_axis',(1.,0.,2.36658271566303E-30));
#7867=DIRECTION('center_axis',(0.,-1.,0.));
#7868=DIRECTION('ref_axis',(1.,0.,2.36658271566303E-30));
#7869=DIRECTION('center_axis',(0.,1.,0.));
#7870=DIRECTION('ref_axis',(0.,0.,1.));
#7871=DIRECTION('center_axis',(0.,1.,0.));
#7872=DIRECTION('ref_axis',(1.,0.,2.36658271566303E-30));
#7873=DIRECTION('center_axis',(0.,1.,0.));
#7874=DIRECTION('ref_axis',(1.,0.,2.36658271566303E-30));
#7875=DIRECTION('center_axis',(0.,1.,0.));
#7876=DIRECTION('ref_axis',(1.,0.,2.36658271566303E-30));
#7877=DIRECTION('center_axis',(1.11022302462516E-16,1.,-2.44929349141908E-16));
#7878=DIRECTION('ref_axis',(1.,-1.11022302462516E-16,2.36658271566303E-30));
#7879=DIRECTION('',(0.,-1.,0.));
#7880=DIRECTION('',(0.,-1.,0.));
#7881=DIRECTION('center_axis',(-1.11022302462516E-16,-1.,2.44929349141908E-16));
#7882=DIRECTION('ref_axis',(1.,-1.11022302462516E-16,2.36658271566303E-30));
#7883=DIRECTION('center_axis',(-1.11022302462516E-16,-1.,2.44929349141908E-16));
#7884=DIRECTION('ref_axis',(1.,-1.11022302462516E-16,2.36658271566303E-30));
#7885=DIRECTION('center_axis',(1.11022302462516E-16,1.,-2.44929349141908E-16));
#7886=DIRECTION('ref_axis',(1.,-1.11022302462516E-16,2.36658271566303E-30));
#7887=DIRECTION('center_axis',(0.,-1.,4.44089209850063E-16));
#7888=DIRECTION('ref_axis',(1.,0.,2.31727890908672E-30));
#7889=DIRECTION('',(0.,1.,-4.44089209850063E-16));
#7890=DIRECTION('center_axis',(-1.11022302462516E-16,-1.,2.44929349141908E-16));
#7891=DIRECTION('ref_axis',(1.,-1.11022302462516E-16,2.36658271566303E-30));
#7892=DIRECTION('',(0.,1.,0.));
#7893=DIRECTION('',(0.,1.,0.));
#7894=DIRECTION('',(0.,1.,0.));
#7895=DIRECTION('',(0.,1.,0.));
#7896=DIRECTION('',(0.,1.,0.));
#7897=DIRECTION('',(0.,1.,0.));
#7898=DIRECTION('',(0.,1.,0.));
#7899=DIRECTION('',(0.,1.,0.));
#7900=DIRECTION('',(0.,1.,0.));
#7901=DIRECTION('',(0.,1.,0.));
#7902=DIRECTION('',(0.,1.,0.));
#7903=DIRECTION('',(0.,1.,0.));
#7904=DIRECTION('',(0.,1.,0.));
#7905=DIRECTION('',(0.,1.,0.));
#7906=DIRECTION('',(0.,1.,0.));
#7907=DIRECTION('',(0.,1.,0.));
#7908=DIRECTION('',(0.,1.,0.));
#7909=DIRECTION('',(0.,1.,0.));
#7910=DIRECTION('',(0.,1.,0.));
#7911=DIRECTION('',(0.,1.,0.));
#7912=DIRECTION('',(0.,1.,0.));
#7913=DIRECTION('',(0.,1.,0.));
#7914=DIRECTION('',(0.,1.,0.));
#7915=DIRECTION('',(0.,1.,0.));
#7916=DIRECTION('',(0.,1.,0.));
#7917=DIRECTION('',(0.,1.,0.));
#7918=DIRECTION('',(0.,1.,0.));
#7919=DIRECTION('',(0.,1.,0.));
#7920=DIRECTION('',(0.,1.,0.));
#7921=DIRECTION('',(0.,1.,0.));
#7922=DIRECTION('',(0.,1.,0.));
#7923=DIRECTION('',(0.,1.,0.));
#7924=DIRECTION('',(0.,1.,0.));
#7925=DIRECTION('',(0.,1.,0.));
#7926=DIRECTION('',(0.,1.,0.));
#7927=DIRECTION('',(0.,1.,0.));
#7928=DIRECTION('',(0.,1.,0.));
#7929=DIRECTION('',(0.,1.,0.));
#7930=DIRECTION('',(0.,1.,0.));
#7931=DIRECTION('',(0.,1.,0.));
#7932=DIRECTION('center_axis',(-1.11022302462516E-16,-1.,2.44929349141908E-16));
#7933=DIRECTION('ref_axis',(1.,-1.11022302462516E-16,2.36658271566303E-30));
#7934=DIRECTION('',(0.,0.,1.));
#7935=DIRECTION('',(1.,0.,0.));
#7936=DIRECTION('',(0.,0.,1.));
#7937=DIRECTION('',(1.,0.,0.));
#7938=DIRECTION('',(1.31967895139049E-9,1.11669668651117E-16,1.));
#7939=DIRECTION('',(0.999999999999999,5.07994129574934E-8,-1.3196791734351E-9));
#7940=DIRECTION('',(2.72127101602201E-9,1.83697019157449E-16,1.));
#7941=DIRECTION('',(0.999999999999999,5.07994129570158E-8,-2.72127096051087E-9));
#7942=DIRECTION('',(0.,0.,1.));
#7943=DIRECTION('',(1.,0.,0.));
#7944=DIRECTION('',(0.,0.,1.));
#7945=DIRECTION('',(1.,0.,0.));
#7946=CARTESIAN_POINT('',(0.,0.,0.));
#7947=CARTESIAN_POINT('',(0.,0.,0.));
#7948=CARTESIAN_POINT('Origin',(-17.6999185346383,-1.5,-3.65887765074405));
#7949=CARTESIAN_POINT('',(-15.984360724898,-1.5,-4.68691529666896));
#7950=CARTESIAN_POINT('',(-16.405280576813,-1.5,-2.13443921047901));
#7951=CARTESIAN_POINT('Origin',(-17.6999185346383,-1.5,-3.65887765074405));
#7952=CARTESIAN_POINT('',(-16.405280576813,-4.5,-2.13443921047901));
#7953=CARTESIAN_POINT('',(-16.405280576813,-1.5,-2.13443921047901));
#7954=CARTESIAN_POINT('',(-15.984360724898,-4.5,-4.68691529666896));
#7955=CARTESIAN_POINT('Origin',(-17.6999185346383,-4.5,-3.65887765074405));
#7956=CARTESIAN_POINT('',(-15.984360724898,-1.5,-4.68691529666896));
#7957=CARTESIAN_POINT('Origin',(-11.2267287455114,-4.5,3.96331455058116));
#7958=CARTESIAN_POINT('',(-12.243021629201,-4.5,-3.97186968008179));
#7959=CARTESIAN_POINT('Origin',(-11.2267287455114,-4.5,3.96331455058116));
#7960=CARTESIAN_POINT('',(-12.243021629201,-1.5,-3.97186968008179));
#7961=CARTESIAN_POINT('Origin',(-11.2267287455114,-1.5,3.96331455058116));
#7962=CARTESIAN_POINT('',(-12.243021629201,0.5,-3.97186968008179));
#7963=CARTESIAN_POINT('',(-12.243021629201,-1.5,-3.97186968008179));
#7964=CARTESIAN_POINT('',(-18.5471477272582,0.5,7.18999487743122));
#7965=CARTESIAN_POINT('Origin',(-11.2267287455114,0.5,3.96331455058116));
#7966=CARTESIAN_POINT('',(-18.5471477272582,-1.5,7.18999487743122));
#7967=CARTESIAN_POINT('',(-18.5471477272582,-1.5,7.18999487743122));
#7968=CARTESIAN_POINT('',(-19.0555985739104,-1.5,2.31747214926066));
#7969=CARTESIAN_POINT('Origin',(-11.2267287455114,-1.5,3.96331455058116));
#7970=CARTESIAN_POINT('',(-19.0555985739104,-4.5,2.31747214926066));
#7971=CARTESIAN_POINT('',(-19.0555985739104,-4.5,2.31747214926066));
#7972=CARTESIAN_POINT('',(-18.5471477272582,-4.5,7.18999487743122));
#7973=CARTESIAN_POINT('Origin',(-11.2267287455114,-4.5,3.96331455058116));
#7974=CARTESIAN_POINT('',(-18.5471477272582,-6.5,7.18999487743122));
#7975=CARTESIAN_POINT('',(-18.5471477272582,-4.5,7.18999487743122));
#7976=CARTESIAN_POINT('',(-12.243021629201,-6.5,-3.97186968008179));
#7977=CARTESIAN_POINT('Origin',(-11.2267287455114,-6.5,3.96331455058116));
#7978=CARTESIAN_POINT('',(-12.243021629201,-4.5,-3.97186968008179));
#7979=CARTESIAN_POINT('Origin',(-18.4723095736866,-4.5,-5.60233014605993));
#7980=CARTESIAN_POINT('',(-19.6799063783825,-1.5,-7.19660426216677));
#7981=CARTESIAN_POINT('',(-16.5190929827006,-1.5,-6.03238240881072));
#7982=CARTESIAN_POINT('Origin',(-18.4723095736866,-1.5,-5.60233014605993));
#7983=CARTESIAN_POINT('',(-16.5190929827006,-4.5,-6.03238240881072));
#7984=CARTESIAN_POINT('',(-16.5190929827006,-4.5,-6.03238240881072));
#7985=CARTESIAN_POINT('',(-19.6799063783825,-4.5,-7.19660426216677));
#7986=CARTESIAN_POINT('Origin',(-18.4723095736866,-4.5,-5.60233014605993));
#7987=CARTESIAN_POINT('',(-19.6799063783825,-4.5,-7.19660426216677));
#7988=CARTESIAN_POINT('Origin',(-12.1243556529821,-1.5,-7.));
#7989=CARTESIAN_POINT('Origin',(-12.1243556529821,-4.5,-7.));
#7990=CARTESIAN_POINT('Origin',(-12.1243556529821,-1.5,-7.));
#7991=CARTESIAN_POINT('Origin',(-21.0128160310101,-4.5,1.90601154893053));
#7992=CARTESIAN_POINT('',(-21.098812589288,-1.5,3.90416184156729));
#7993=CARTESIAN_POINT('Origin',(-21.0128160310101,-1.5,1.90601154893053));
#7994=CARTESIAN_POINT('',(-21.098812589288,-4.5,3.90416184156729));
#7995=CARTESIAN_POINT('',(-21.098812589288,-4.5,3.90416184156729));
#7996=CARTESIAN_POINT('Origin',(-21.0128160310101,-4.5,1.90601154893053));
#7997=CARTESIAN_POINT('Origin',(-21.2923048454133,-1.5,8.39999999999999));
#7998=CARTESIAN_POINT('',(-22.5364816216844,-1.5,4.07541630334345));
#7999=CARTESIAN_POINT('Origin',(-21.2923048454133,-1.5,8.39999999999999));
#8000=CARTESIAN_POINT('',(-22.5364816216844,-4.5,4.07541630334345));
#8001=CARTESIAN_POINT('',(-22.5364816216844,-1.5,4.07541630334345));
#8002=CARTESIAN_POINT('Origin',(-21.2923048454133,-4.5,8.39999999999999));
#8003=CARTESIAN_POINT('Origin',(-23.0894490778049,-1.5,2.15337910482943));
#8004=CARTESIAN_POINT('',(-25.0665691331872,-1.5,1.8517231972041));
#8005=CARTESIAN_POINT('Origin',(-23.0894490778049,-1.5,2.15337910482943));
#8006=CARTESIAN_POINT('',(-25.0665691331872,-4.5,1.8517231972041));
#8007=CARTESIAN_POINT('',(-25.0665691331872,-1.5,1.8517231972041));
#8008=CARTESIAN_POINT('Origin',(-23.0894490778049,-4.5,2.15337910482943));
#8009=CARTESIAN_POINT('Origin',(-11.226728745511,-4.5,3.96331455058144));
#8010=CARTESIAN_POINT('',(-12.3691629913834,-4.5,-9.9899948774313));
#8011=CARTESIAN_POINT('Origin',(-11.226728745511,-4.5,3.96331455058144));
#8012=CARTESIAN_POINT('',(-12.3691629913834,-6.5,-9.9899948774313));
#8013=CARTESIAN_POINT('',(-12.3691629913834,-4.5,-9.9899948774313));
#8014=CARTESIAN_POINT('',(-24.0374619635685,-6.5,9.61000512256868));
#8015=CARTESIAN_POINT('Origin',(-11.226728745511,-6.5,3.96331455058144));
#8016=CARTESIAN_POINT('',(-24.0374619635685,-4.5,9.61000512256868));
#8017=CARTESIAN_POINT('',(-24.0374619635685,-4.5,9.61000512256868));
#8018=CARTESIAN_POINT('Origin',(-11.226728745511,-4.5,3.96331455058144));
#8019=CARTESIAN_POINT('',(-24.0374619635685,-1.5,9.61000512256868));
#8020=CARTESIAN_POINT('Origin',(-11.226728745511,-1.5,3.96331455058144));
#8021=CARTESIAN_POINT('',(-24.0374619635685,0.5,9.61000512256868));
#8022=CARTESIAN_POINT('',(-24.0374619635685,-1.5,9.61000512256868));
#8023=CARTESIAN_POINT('',(-12.3691629913834,0.5,-9.9899948774313));
#8024=CARTESIAN_POINT('Origin',(-11.226728745511,0.5,3.96331455058144));
#8025=CARTESIAN_POINT('',(-12.3691629913834,-1.5,-9.9899948774313));
#8026=CARTESIAN_POINT('',(-12.3691629913834,-1.5,-9.9899948774313));
#8027=CARTESIAN_POINT('Origin',(-11.226728745511,-1.5,3.96331455058144));
#8028=CARTESIAN_POINT('Origin',(-17.1755421992468,-1.5,0.699999999999996));
#8029=CARTESIAN_POINT('',(-12.5406142900551,-1.5,-4.02901889150029));
#8030=CARTESIAN_POINT('Origin',(-12.1243556529821,-1.5,-7.));
#8031=CARTESIAN_POINT('Origin',(-12.956872927128,-1.5,-1.05803778300057));
#8032=CARTESIAN_POINT('',(-13.1743556529821,-1.5,-7.));
#8033=CARTESIAN_POINT('Origin',(-12.1243556529821,-1.5,-7.));
#8034=CARTESIAN_POINT('Origin',(-17.1755421992468,-1.5,0.699999999999996));
#8035=CARTESIAN_POINT('Origin',(-21.2923048454133,-1.5,8.39999999999999));
#8036=CARTESIAN_POINT('',(-22.3423048454133,-1.5,8.39999999999999));
#8037=CARTESIAN_POINT('Origin',(-21.2923048454133,-1.5,8.39999999999999));
#8038=CARTESIAN_POINT('Origin',(-21.2923048454133,-1.5,8.39999999999999));
#8039=CARTESIAN_POINT('',(-22.3423048454133,0.5,8.39999999999999));
#8040=CARTESIAN_POINT('Origin',(-21.2923048454133,0.5,8.39999999999999));
#8041=CARTESIAN_POINT('',(-22.3423048454133,-1.5,8.39999999999999));
#8042=CARTESIAN_POINT('Origin',(-12.1243556529821,-1.5,-7.));
#8043=CARTESIAN_POINT('',(-13.1743556529821,0.5,-7.));
#8044=CARTESIAN_POINT('Origin',(-12.1243556529821,0.5,-7.));
#8045=CARTESIAN_POINT('',(-13.1743556529821,-1.5,-7.));
#8046=CARTESIAN_POINT('Origin',(-12.956872927128,-1.5,-1.05803778300057));
#8047=CARTESIAN_POINT('',(-12.5406142900551,0.5,-4.02901889150029));
#8048=CARTESIAN_POINT('',(-12.5406142900551,-1.5,-4.02901889150029));
#8049=CARTESIAN_POINT('Origin',(-12.956872927128,0.5,-1.05803778300057));
#8050=CARTESIAN_POINT('Origin',(-21.2923048454133,-1.5,8.39999999999999));
#8051=CARTESIAN_POINT('Origin',(-21.2923048454133,0.5,8.39999999999999));
#8052=CARTESIAN_POINT('Origin',(-12.1243556529821,-1.5,-7.));
#8053=CARTESIAN_POINT('Origin',(-12.1243556529821,0.5,-7.));
#8054=CARTESIAN_POINT('Origin',(-17.1755421992468,0.5,0.699999999999996));
#8055=CARTESIAN_POINT('Origin',(-17.1755421992468,-4.5,0.699999999999995));
#8056=CARTESIAN_POINT('',(-12.5406142900551,-4.5,-4.02901889150029));
#8057=CARTESIAN_POINT('Origin',(-12.956872927128,-4.5,-1.05803778300057));
#8058=CARTESIAN_POINT('Origin',(-12.1243556529821,-4.5,-7.));
#8059=CARTESIAN_POINT('',(-13.1743556529821,-4.5,-7.));
#8060=CARTESIAN_POINT('Origin',(-12.1243556529821,-4.5,-7.));
#8061=CARTESIAN_POINT('Origin',(-17.1755421992468,-4.5,0.699999999999995));
#8062=CARTESIAN_POINT('Origin',(-21.2923048454133,-4.5,8.39999999999999));
#8063=CARTESIAN_POINT('',(-22.3423048454133,-4.5,8.39999999999999));
#8064=CARTESIAN_POINT('Origin',(-21.2923048454133,-4.5,8.39999999999999));
#8065=CARTESIAN_POINT('Origin',(-21.2923048454133,-4.5,8.39999999999999));
#8066=CARTESIAN_POINT('',(-22.3423048454133,-6.5,8.39999999999999));
#8067=CARTESIAN_POINT('Origin',(-21.2923048454133,-6.5,8.39999999999999));
#8068=CARTESIAN_POINT('',(-22.3423048454133,-4.5,8.39999999999999));
#8069=CARTESIAN_POINT('Origin',(-12.1243556529821,-4.5,-7.));
#8070=CARTESIAN_POINT('',(-13.1743556529821,-6.5,-7.));
#8071=CARTESIAN_POINT('Origin',(-12.1243556529821,-6.5,-7.));
#8072=CARTESIAN_POINT('',(-13.1743556529821,-4.5,-7.));
#8073=CARTESIAN_POINT('Origin',(-21.2923048454133,-4.5,8.39999999999999));
#8074=CARTESIAN_POINT('Origin',(-21.2923048454133,-6.5,8.39999999999999));
#8075=CARTESIAN_POINT('Origin',(-12.956872927128,-4.5,-1.05803778300057));
#8076=CARTESIAN_POINT('',(-12.5406142900551,-6.5,-4.02901889150029));
#8077=CARTESIAN_POINT('Origin',(-12.956872927128,-6.5,-1.05803778300057));
#8078=CARTESIAN_POINT('',(-12.5406142900551,-4.5,-4.02901889150029));
#8079=CARTESIAN_POINT('Origin',(-12.1243556529821,-4.5,-7.));
#8080=CARTESIAN_POINT('Origin',(-12.1243556529821,-6.5,-7.));
#8081=CARTESIAN_POINT('Origin',(-17.1755421992468,-6.5,0.699999999999995));
#8082=CARTESIAN_POINT('',(0.,0.,0.));
#8083=CARTESIAN_POINT('Origin',(-12.1243556529821,-4.,-7.));
#8084=CARTESIAN_POINT('',(-10.9743556529821,-2.,-7.));
#8085=CARTESIAN_POINT('Origin',(-12.1243556529821,-2.,-7.));
#8086=CARTESIAN_POINT('',(-10.9743556529821,-4.,-7.));
#8087=CARTESIAN_POINT('',(-10.9743556529821,-4.,-7.));
#8088=CARTESIAN_POINT('Origin',(-12.1243556529821,-4.,-7.));
#8089=CARTESIAN_POINT('Origin',(-12.1243556529821,-4.,-7.));
#8090=CARTESIAN_POINT('',(-12.5406142900551,-4.,-4.02901889150029));
#8091=CARTESIAN_POINT('',(-9.75953985739421,-4.,-8.84598110849971));
#8092=CARTESIAN_POINT('Origin',(-12.1243556529821,-4.,-7.));
#8093=CARTESIAN_POINT('',(-12.5406142900551,-2.,-4.02901889150029));
#8094=CARTESIAN_POINT('',(-12.5406142900551,-4.,-4.02901889150029));
#8095=CARTESIAN_POINT('',(-9.75953985739421,-2.,-8.84598110849971));
#8096=CARTESIAN_POINT('Origin',(-12.1243556529821,-2.,-7.));
#8097=CARTESIAN_POINT('',(-9.75953985739421,-4.,-8.84598110849971));
#8098=CARTESIAN_POINT('Origin',(-7.39472406180628,-4.,-10.6919622169994));
#8099=CARTESIAN_POINT('',(-5.68824927831252,-4.,-8.22458632076879));
#8100=CARTESIAN_POINT('Origin',(-7.39472406180628,-4.,-10.6919622169994));
#8101=CARTESIAN_POINT('',(-5.68824927831252,-2.,-8.22458632076879));
#8102=CARTESIAN_POINT('Origin',(-7.39472406180628,-2.,-10.6919622169994));
#8103=CARTESIAN_POINT('',(-5.68824927831252,-4.,-8.22458632076878));
#8104=CARTESIAN_POINT('Origin',(-12.956872927128,-4.,-1.05803778300057));
#8105=CARTESIAN_POINT('',(-9.96682532856002,-4.,-0.813875217692749));
#8106=CARTESIAN_POINT('Origin',(-12.956872927128,-4.,-1.05803778300057));
#8107=CARTESIAN_POINT('',(-9.96682532856002,-2.,-0.813875217692749));
#8108=CARTESIAN_POINT('',(-9.96682532856002,-4.,-0.813875217692749));
#8109=CARTESIAN_POINT('Origin',(-12.956872927128,-2.,-1.05803778300057));
#8110=CARTESIAN_POINT('Origin',(-10.4063024656473,-4.,-5.40693760884637));
#8111=CARTESIAN_POINT('Origin',(0.,-4.,0.));
#8112=CARTESIAN_POINT('Origin',(-10.4063024656473,-2.,-5.40693760884637));
#8113=CARTESIAN_POINT('Origin',(0.,-2.,0.));
#8114=CARTESIAN_POINT('Origin',(0.,-3.,0.));
#8115=CARTESIAN_POINT('',(-10.,-5.,-1.22464679914735E-15));
#8116=CARTESIAN_POINT('Origin',(0.,-5.,0.));
#8117=CARTESIAN_POINT('',(-10.,-1.,-1.22464679914735E-15));
#8118=CARTESIAN_POINT('',(-10.,-3.,-1.22464679914735E-15));
#8119=CARTESIAN_POINT('Origin',(0.,-1.,0.));
#8120=CARTESIAN_POINT('',(9.96682532856002,-4.,0.813875217692748));
#8121=CARTESIAN_POINT('',(9.96682532856002,-2.,0.813875217692748));
#8122=CARTESIAN_POINT('',(9.96682532856002,-4.,0.813875217692748));
#8123=CARTESIAN_POINT('',(5.68824927831252,-4.,8.22458632076879));
#8124=CARTESIAN_POINT('Origin',(0.,-4.,0.));
#8125=CARTESIAN_POINT('',(5.68824927831252,-2.,8.22458632076879));
#8126=CARTESIAN_POINT('',(5.68824927831253,-4.,8.22458632076879));
#8127=CARTESIAN_POINT('Origin',(0.,-2.,0.));
#8128=CARTESIAN_POINT('Origin',(12.1243556529821,-4.,7.));
#8129=CARTESIAN_POINT('',(10.9743556529821,-2.,7.));
#8130=CARTESIAN_POINT('Origin',(12.1243556529821,-2.,7.));
#8131=CARTESIAN_POINT('',(10.9743556529821,-4.,7.));
#8132=CARTESIAN_POINT('',(10.9743556529821,-4.,7.));
#8133=CARTESIAN_POINT('Origin',(12.1243556529821,-4.,7.));
#8134=CARTESIAN_POINT('Origin',(12.1243556529821,-4.,7.));
#8135=CARTESIAN_POINT('',(12.5406142900551,-4.,4.02901889150029));
#8136=CARTESIAN_POINT('',(9.75953985739422,-4.,8.84598110849971));
#8137=CARTESIAN_POINT('Origin',(12.1243556529821,-4.,7.));
#8138=CARTESIAN_POINT('',(12.5406142900551,-2.,4.02901889150029));
#8139=CARTESIAN_POINT('',(12.5406142900551,-4.,4.02901889150029));
#8140=CARTESIAN_POINT('',(9.75953985739422,-2.,8.84598110849971));
#8141=CARTESIAN_POINT('Origin',(12.1243556529821,-2.,7.));
#8142=CARTESIAN_POINT('',(9.75953985739422,-4.,8.84598110849971));
#8143=CARTESIAN_POINT('Origin',(7.39472406180628,-4.,10.6919622169994));
#8144=CARTESIAN_POINT('Origin',(7.39472406180628,-4.,10.6919622169994));
#8145=CARTESIAN_POINT('Origin',(7.39472406180628,-2.,10.6919622169994));
#8146=CARTESIAN_POINT('Origin',(12.956872927128,-4.,1.05803778300057));
#8147=CARTESIAN_POINT('Origin',(12.956872927128,-4.,1.05803778300057));
#8148=CARTESIAN_POINT('Origin',(12.956872927128,-2.,1.05803778300057));
#8149=CARTESIAN_POINT('Origin',(10.4063024656473,-4.,5.40693760884637));
#8150=CARTESIAN_POINT('Origin',(10.4063024656473,-2.,5.40693760884637));
#8151=CARTESIAN_POINT('Origin',(0.,-3.,0.));
#8152=CARTESIAN_POINT('',(-7.94601551083915,-4.09601551083915,-9.73106246132438E-16));
#8153=CARTESIAN_POINT('',(-9.73106246132438E-16,-4.09601551083915,7.94601551083915));
#8154=CARTESIAN_POINT('Origin',(0.,-4.09601551083915,0.));
#8155=CARTESIAN_POINT('',(-9.73106246132438E-16,-1.90398448916085,7.94601551083915));
#8156=CARTESIAN_POINT('Origin',(-8.38883057415937E-16,-3.,6.85));
#8157=CARTESIAN_POINT('',(-7.94601551083915,-1.90398448916085,-9.73106246132439E-16));
#8158=CARTESIAN_POINT('Origin',(0.,-1.90398448916085,0.));
#8159=CARTESIAN_POINT('Origin',(0.,-1.90398448916085,0.));
#8160=CARTESIAN_POINT('Origin',(0.,-4.09601551083915,0.));
#8161=CARTESIAN_POINT('Origin',(0.,-1.75597673374128,0.));
#8162=CARTESIAN_POINT('',(-7.65,-1.6079689783217,-9.36854801347725E-16));
#8163=CARTESIAN_POINT('',(-7.79800775541958,-1.75597673374128,-9.54980523740082E-16));
#8164=CARTESIAN_POINT('Origin',(0.,-1.6079689783217,0.));
#8165=CARTESIAN_POINT('Origin',(0.,-1.30398448916085,0.));
#8166=CARTESIAN_POINT('',(-7.65,-1.,-9.36854801347725E-16));
#8167=CARTESIAN_POINT('',(-7.65,-1.30398448916085,-9.36854801347725E-16));
#8168=CARTESIAN_POINT('Origin',(0.,-1.,0.));
#8169=CARTESIAN_POINT('Origin',(10.,-1.,0.));
#8170=CARTESIAN_POINT('Origin',(7.65,-5.,0.));
#8171=CARTESIAN_POINT('',(-7.65,-5.,-9.36854801347725E-16));
#8172=CARTESIAN_POINT('Origin',(0.,-5.,0.));
#8173=CARTESIAN_POINT('Origin',(0.,-4.69601551083915,0.));
#8174=CARTESIAN_POINT('',(-7.65,-4.3920310216783,-9.36854801347725E-16));
#8175=CARTESIAN_POINT('',(-7.65,-4.69601551083915,-9.36854801347725E-16));
#8176=CARTESIAN_POINT('Origin',(0.,-4.3920310216783,0.));
#8177=CARTESIAN_POINT('Origin',(0.,-4.24402326625873,0.));
#8178=CARTESIAN_POINT('',(-7.79800775541958,-4.24402326625873,-9.54980523740082E-16));
#8179=CARTESIAN_POINT('',(0.,0.,0.));
#8180=CARTESIAN_POINT('Origin',(41.1381550828007,-1.5,-28.0545349686139));
#8181=CARTESIAN_POINT('',(43.0677720309647,-1.5,-27.5286277207479));
#8182=CARTESIAN_POINT('',(40.262893115238,-1.5,-29.8528443102285));
#8183=CARTESIAN_POINT('Origin',(41.1381550828007,-1.5,-28.0545349686139));
#8184=CARTESIAN_POINT('',(43.0677720309647,-4.5,-27.5286277207479));
#8185=CARTESIAN_POINT('',(43.0677720309647,-1.5,-27.5286277207479));
#8186=CARTESIAN_POINT('',(40.262893115238,-4.5,-29.8528443102285));
#8187=CARTESIAN_POINT('Origin',(41.1381550828007,-4.5,-28.0545349686139));
#8188=CARTESIAN_POINT('',(40.262893115238,-1.5,-29.8528443102285));
#8189=CARTESIAN_POINT('Origin',(37.1243552719866,-1.5,-36.3012701892219));
#8190=CARTESIAN_POINT('',(38.8491399120151,-4.5,-29.3401112299742));
#8191=CARTESIAN_POINT('Origin',(37.1243552719866,-4.5,-36.3012701892219));
#8192=CARTESIAN_POINT('',(38.8491399120151,-1.5,-29.3401112299742));
#8193=CARTESIAN_POINT('',(38.8491399120151,-4.5,-29.3401112299742));
#8194=CARTESIAN_POINT('Origin',(37.1243552719866,-1.5,-36.3012701892219));
#8195=CARTESIAN_POINT('Origin',(41.4544823074055,-4.5,-33.8012702177958));
#8196=CARTESIAN_POINT('',(44.3988221075224,-4.5,-33.2260631755519));
#8197=CARTESIAN_POINT('',(42.9544822902606,-4.5,-36.3993464390476));
#8198=CARTESIAN_POINT('Origin',(41.4544823074055,-4.5,-33.8012702177958));
#8199=CARTESIAN_POINT('',(44.3988221075224,-6.5,-33.2260631755519));
#8200=CARTESIAN_POINT('',(44.3988221075224,-4.5,-33.2260631755519));
#8201=CARTESIAN_POINT('',(42.9544822902606,-6.5,-36.3993464390476));
#8202=CARTESIAN_POINT('Origin',(41.4544823074055,-6.5,-33.8012702177958));
#8203=CARTESIAN_POINT('',(42.9544822902606,-4.5,-36.3993464390476));
#8204=CARTESIAN_POINT('Origin',(39.3301404520912,-4.5,-27.3988130868631));
#8205=CARTESIAN_POINT('',(37.4000995995384,-1.5,-27.9231625004006));
#8206=CARTESIAN_POINT('Origin',(39.3301404520912,-1.5,-27.3988130868631));
#8207=CARTESIAN_POINT('',(37.4000995995384,-4.5,-27.9231625004006));
#8208=CARTESIAN_POINT('Origin',(39.3301404520912,-4.5,-27.3988130868631));
#8209=CARTESIAN_POINT('',(37.4000995995384,-4.5,-27.9231625004006));
#8210=CARTESIAN_POINT('Origin',(20.9370022162424,-1.5,4.45903733377109));
#8211=CARTESIAN_POINT('',(19.0152884452636,-1.5,5.01312774374988));
#8212=CARTESIAN_POINT('',(19.5178818587832,-1.5,3.04974765061689));
#8213=CARTESIAN_POINT('Origin',(20.9370022162424,-1.5,4.45903733377109));
#8214=CARTESIAN_POINT('',(19.5178818587832,-4.5,3.04974765061689));
#8215=CARTESIAN_POINT('',(19.5178818587832,-1.5,3.04974765061689));
#8216=CARTESIAN_POINT('',(19.0152884452636,-4.5,5.01312774374988));
#8217=CARTESIAN_POINT('Origin',(20.9370022162424,-4.5,4.45903733377109));
#8218=CARTESIAN_POINT('',(19.0152884452636,-1.5,5.01312774374988));
#8219=CARTESIAN_POINT('Origin',(-30.1513317979808,-4.5,-46.2753923975341));
#8220=CARTESIAN_POINT('',(37.9071737405903,-4.5,-29.9034636807559));
#8221=CARTESIAN_POINT('Origin',(-30.1513317979808,-4.5,-46.2753923975341));
#8222=CARTESIAN_POINT('',(37.9071737405903,-6.5,-29.9034636807559));
#8223=CARTESIAN_POINT('',(37.9071737405903,-4.5,-29.9034636807559));
#8224=CARTESIAN_POINT('',(18.0564278188389,-6.5,4.47903734783794));
#8225=CARTESIAN_POINT('Origin',(-30.1513317979808,-6.5,-46.2753923975341));
#8226=CARTESIAN_POINT('',(18.0564278188389,-4.5,4.47903734783794));
#8227=CARTESIAN_POINT('',(18.0564278188389,-4.5,4.47903734783794));
#8228=CARTESIAN_POINT('Origin',(-30.1513317979808,-4.5,-46.2753923975341));
#8229=CARTESIAN_POINT('',(18.0564278188389,-1.5,4.47903734783794));
#8230=CARTESIAN_POINT('Origin',(-30.1513317979808,-1.5,-46.2753923975341));
#8231=CARTESIAN_POINT('',(18.0564278188389,0.5,4.47903734783794));
#8232=CARTESIAN_POINT('',(18.0564278188389,-1.5,4.47903734783794));
#8233=CARTESIAN_POINT('',(37.9071737405903,0.5,-29.9034636807559));
#8234=CARTESIAN_POINT('Origin',(-30.1513317979808,0.5,-46.2753923975341));
#8235=CARTESIAN_POINT('',(37.9071737405903,-1.5,-29.9034636807559));
#8236=CARTESIAN_POINT('',(37.9071737405903,-1.5,-29.9034636807559));
#8237=CARTESIAN_POINT('Origin',(-30.1513317979808,-1.5,-46.2753923975341));
#8238=CARTESIAN_POINT('Origin',(21.2731377491766,-4.5,6.35268487082007));
#8239=CARTESIAN_POINT('',(22.6933952785298,-1.5,7.76082852482545));
#8240=CARTESIAN_POINT('',(19.2781251935571,-1.5,6.49384046908201));
#8241=CARTESIAN_POINT('Origin',(21.2731377491766,-1.5,6.35268487082007));
#8242=CARTESIAN_POINT('',(19.2781251935571,-4.5,6.49384046908201));
#8243=CARTESIAN_POINT('',(19.2781251935571,-4.5,6.493840469082));
#8244=CARTESIAN_POINT('',(22.6933952785298,-4.5,7.76082852482545));
#8245=CARTESIAN_POINT('Origin',(21.2731377491766,-4.5,6.35268487082007));
#8246=CARTESIAN_POINT('',(22.6933952785298,-4.5,7.76082852482545));
#8247=CARTESIAN_POINT('Origin',(-34.1169058955958,-4.5,-48.5649176353882));
#8248=CARTESIAN_POINT('',(44.3988221075224,-1.5,-33.2260631755519));
#8249=CARTESIAN_POINT('Origin',(-34.1169058955958,-1.5,-48.5649176353882));
#8250=CARTESIAN_POINT('',(44.3988221075224,0.5,-33.2260631755519));
#8251=CARTESIAN_POINT('',(44.3988221075224,-4.5,-33.2260631755519));
#8252=CARTESIAN_POINT('',(18.4247965293367,0.5,11.7622694885738));
#8253=CARTESIAN_POINT('Origin',(-34.1169058955958,0.5,-48.5649176353882));
#8254=CARTESIAN_POINT('',(18.4247965293367,-1.5,11.7622694885738));
#8255=CARTESIAN_POINT('',(18.4247965293367,-4.5,11.7622694885738));
#8256=CARTESIAN_POINT('Origin',(-34.1169058955958,-1.5,-48.5649176353882));
#8257=CARTESIAN_POINT('',(18.4247965293367,-4.5,11.7622694885738));
#8258=CARTESIAN_POINT('Origin',(-34.1169058955958,-4.5,-48.5649176353882));
#8259=CARTESIAN_POINT('',(18.4247965293367,-6.5,11.7622694885738));
#8260=CARTESIAN_POINT('',(18.4247965293367,-4.5,11.7622694885738));
#8261=CARTESIAN_POINT('Origin',(-34.1169058955958,-6.5,-48.5649176353882));
#8262=CARTESIAN_POINT('Origin',(-34.1169058955958,-4.5,-48.5649176353882));
#8263=CARTESIAN_POINT('Origin',(16.4544826884023,-4.5,9.49999997142463));
#8264=CARTESIAN_POINT('',(14.9544827055472,-4.5,12.0980761926764));
#8265=CARTESIAN_POINT('Origin',(16.4544826884023,-4.5,9.49999997142463));
#8266=CARTESIAN_POINT('',(14.9544827055472,-6.5,12.0980761926764));
#8267=CARTESIAN_POINT('',(14.9544827055472,-4.5,12.0980761926764));
#8268=CARTESIAN_POINT('Origin',(16.4544826884023,-6.5,9.49999997142463));
#8269=CARTESIAN_POINT('Origin',(12.1243556529821,-1.5,7.));
#8270=CARTESIAN_POINT('Origin',(12.1243556529821,-4.5,7.));
#8271=CARTESIAN_POINT('Origin',(12.1243556529821,-1.5,7.));
#8272=CARTESIAN_POINT('Origin',(26.7894189801938,-1.5,-13.4006351089018));
#8273=CARTESIAN_POINT('',(14.9544827055472,-1.5,12.0980761926764));
#8274=CARTESIAN_POINT('Origin',(16.4544826884023,-1.5,9.49999997142463));
#8275=CARTESIAN_POINT('',(10.6243556701269,-1.5,9.59807622125187));
#8276=CARTESIAN_POINT('',(11.706887428981,-1.5,10.2230762141077));
#8277=CARTESIAN_POINT('',(13.6243556358373,-1.5,4.40192377874813));
#8278=CARTESIAN_POINT('Origin',(12.1243556529821,-1.5,7.));
#8279=CARTESIAN_POINT('',(14.4903810429219,-1.5,4.90192377303211));
#8280=CARTESIAN_POINT('',(15.1399000982329,-1.5,5.2769237687463));
#8281=CARTESIAN_POINT('Origin',(15.9903810257765,-1.5,2.30384755178136));
#8282=CARTESIAN_POINT('',(11.0743556529821,-1.5,7.));
#8283=CARTESIAN_POINT('Origin',(12.1243556529821,-1.5,7.));
#8284=CARTESIAN_POINT('Origin',(37.1243552719866,-1.5,-36.3012701892219));
#8285=CARTESIAN_POINT('',(36.0743552719866,0.5,-36.3012701892219));
#8286=CARTESIAN_POINT('Origin',(37.1243552719866,0.5,-36.3012701892219));
#8287=CARTESIAN_POINT('',(36.0743552719866,-1.5,-36.3012701892219));
#8288=CARTESIAN_POINT('',(36.0743552719866,-1.5,-36.3012701892219));
#8289=CARTESIAN_POINT('Origin',(37.1243552719866,-1.5,-36.3012701892219));
#8290=CARTESIAN_POINT('Origin',(12.1243556529821,-1.5,7.));
#8291=CARTESIAN_POINT('',(11.0743556529821,0.5,7.));
#8292=CARTESIAN_POINT('Origin',(12.1243556529821,0.5,7.));
#8293=CARTESIAN_POINT('',(11.0743556529821,-1.5,7.));
#8294=CARTESIAN_POINT('Origin',(10.6243556701269,-1.5,9.59807622125187));
#8295=CARTESIAN_POINT('',(14.9544827055472,0.5,12.0980761926764));
#8296=CARTESIAN_POINT('',(14.9544827055472,-1.5,12.0980761926764));
#8297=CARTESIAN_POINT('',(10.6243556701269,0.5,9.59807622125187));
#8298=CARTESIAN_POINT('',(11.706887428981,0.5,10.2230762141077));
#8299=CARTESIAN_POINT('',(10.6243556701269,-1.5,9.59807622125187));
#8300=CARTESIAN_POINT('Origin',(12.1243556529821,-1.5,7.));
#8301=CARTESIAN_POINT('',(13.6243556358373,0.5,4.40192377874812));
#8302=CARTESIAN_POINT('Origin',(12.1243556529821,0.5,7.));
#8303=CARTESIAN_POINT('',(13.6243556358373,-1.5,4.40192377874813));
#8304=CARTESIAN_POINT('Origin',(14.4903810429213,-1.5,4.90192377303323));
#8305=CARTESIAN_POINT('',(14.4903810429219,0.5,4.90192377303212));
#8306=CARTESIAN_POINT('',(15.1399000982329,0.5,5.2769237687463));
#8307=CARTESIAN_POINT('',(14.4903810429219,-1.5,4.90192377303211));
#8308=CARTESIAN_POINT('Origin',(15.9903810257765,-1.5,2.30384755178136));
#8309=CARTESIAN_POINT('Origin',(15.9903810257765,0.5,2.30384755178136));
#8310=CARTESIAN_POINT('Origin',(34.9903807133601,-1.5,-30.6051177524331));
#8311=CARTESIAN_POINT('',(36.4903806962153,-1.5,-33.203193973685));
#8312=CARTESIAN_POINT('Origin',(34.9903807133601,-1.5,-30.6051177524331));
#8313=CARTESIAN_POINT('',(36.4903806962153,0.5,-33.203193973685));
#8314=CARTESIAN_POINT('Origin',(34.9903807133601,0.5,-30.6051177524331));
#8315=CARTESIAN_POINT('',(36.4903806962153,-1.5,-33.203193973685));
#8316=CARTESIAN_POINT('Origin',(35.6243552891314,-1.5,-33.7031939679701));
#8317=CARTESIAN_POINT('',(35.6243552891314,-1.5,-33.7031939679701));
#8318=CARTESIAN_POINT('',(36.7068870479853,-1.5,-33.0781939751143));
#8319=CARTESIAN_POINT('',(35.6243552891314,0.5,-33.7031939679701));
#8320=CARTESIAN_POINT('',(36.7068870479853,0.5,-33.0781939751143));
#8321=CARTESIAN_POINT('',(35.6243552891314,-1.5,-33.7031939679701));
#8322=CARTESIAN_POINT('Origin',(37.1243552719866,-1.5,-36.3012701892219));
#8323=CARTESIAN_POINT('',(38.6243552548423,-1.5,-38.8993464104744));
#8324=CARTESIAN_POINT('Origin',(37.1243552719866,-1.5,-36.3012701892219));
#8325=CARTESIAN_POINT('',(38.6243552548423,0.5,-38.8993464104744));
#8326=CARTESIAN_POINT('Origin',(37.1243552719866,0.5,-36.3012701892219));
#8327=CARTESIAN_POINT('',(38.6243552548423,-1.5,-38.8993464104744));
#8328=CARTESIAN_POINT('Origin',(42.9544822902606,-1.5,-36.3993464390476));
#8329=CARTESIAN_POINT('',(42.9544822902606,-1.5,-36.3993464390476));
#8330=CARTESIAN_POINT('',(41.8719505314101,-1.5,-37.0243464319019));
#8331=CARTESIAN_POINT('',(42.9544822902606,0.5,-36.3993464390476));
#8332=CARTESIAN_POINT('',(41.8719505314101,0.5,-37.0243464319019));
#8333=CARTESIAN_POINT('',(42.9544822902606,-1.5,-36.3993464390476));
#8334=CARTESIAN_POINT('Origin',(26.7894189801938,-1.5,-13.4006351089018));
#8335=CARTESIAN_POINT('Origin',(41.4544823074055,-1.5,-33.8012702177958));
#8336=CARTESIAN_POINT('Origin',(26.7894189801938,0.5,-13.4006351089018));
#8337=CARTESIAN_POINT('Origin',(16.4544826884023,0.5,9.49999997142463));
#8338=CARTESIAN_POINT('Origin',(41.4544823074055,0.5,-33.8012702177958));
#8339=CARTESIAN_POINT('Origin',(26.7894189801938,-4.5,-13.4006351089018));
#8340=CARTESIAN_POINT('',(14.4903810429219,-4.5,4.90192377303211));
#8341=CARTESIAN_POINT('Origin',(15.9903810257765,-4.5,2.30384755178136));
#8342=CARTESIAN_POINT('',(13.6243556358373,-4.5,4.40192377874813));
#8343=CARTESIAN_POINT('',(13.6243556358373,-4.5,4.40192377874813));
#8344=CARTESIAN_POINT('',(10.6243556701269,-4.5,9.59807622125187));
#8345=CARTESIAN_POINT('Origin',(12.1243556529821,-4.5,7.));
#8346=CARTESIAN_POINT('',(10.6243556701269,-4.5,9.59807622125187));
#8347=CARTESIAN_POINT('',(11.0743556529821,-4.5,7.));
#8348=CARTESIAN_POINT('Origin',(12.1243556529821,-4.5,7.));
#8349=CARTESIAN_POINT('Origin',(26.7894189801938,-4.5,-13.4006351089018));
#8350=CARTESIAN_POINT('',(38.6243552548423,-4.5,-38.8993464104744));
#8351=CARTESIAN_POINT('',(38.6243552548423,-4.5,-38.8993464104744));
#8352=CARTESIAN_POINT('',(35.6243552891314,-4.5,-33.7031939679701));
#8353=CARTESIAN_POINT('Origin',(37.1243552719866,-4.5,-36.3012701892219));
#8354=CARTESIAN_POINT('',(36.4903806962153,-4.5,-33.203193973685));
#8355=CARTESIAN_POINT('',(35.6243552891314,-4.5,-33.7031939679701));
#8356=CARTESIAN_POINT('Origin',(34.9903807133601,-4.5,-30.6051177524331));
#8357=CARTESIAN_POINT('',(36.0743552719866,-4.5,-36.3012701892219));
#8358=CARTESIAN_POINT('Origin',(37.1243552719866,-4.5,-36.3012701892219));
#8359=CARTESIAN_POINT('Origin',(37.1243552719866,-4.5,-36.3012701892219));
#8360=CARTESIAN_POINT('',(36.0743552719866,-6.5,-36.3012701892219));
#8361=CARTESIAN_POINT('Origin',(37.1243552719866,-6.5,-36.3012701892219));
#8362=CARTESIAN_POINT('',(36.0743552719866,-4.5,-36.3012701892219));
#8363=CARTESIAN_POINT('Origin',(12.1243556529821,-4.5,7.));
#8364=CARTESIAN_POINT('',(11.0743556529821,-6.5,7.));
#8365=CARTESIAN_POINT('Origin',(12.1243556529821,-6.5,7.));
#8366=CARTESIAN_POINT('',(11.0743556529821,-4.5,7.));
#8367=CARTESIAN_POINT('Origin',(36.4903806962153,-4.5,-33.203193973685));
#8368=CARTESIAN_POINT('',(35.6243552891314,-6.5,-33.7031939679701));
#8369=CARTESIAN_POINT('',(35.6243552891314,-4.5,-33.7031939679701));
#8370=CARTESIAN_POINT('',(36.4903806962153,-6.5,-33.203193973685));
#8371=CARTESIAN_POINT('',(35.6243552891314,-6.5,-33.7031939679701));
#8372=CARTESIAN_POINT('',(36.4903806962153,-4.5,-33.203193973685));
#8373=CARTESIAN_POINT('Origin',(34.9903807133601,-4.5,-30.6051177524331));
#8374=CARTESIAN_POINT('Origin',(34.9903807133601,-6.5,-30.6051177524331));
#8375=CARTESIAN_POINT('Origin',(15.9903810257765,-4.5,2.30384755178136));
#8376=CARTESIAN_POINT('',(14.4903810429219,-6.5,4.90192377303211));
#8377=CARTESIAN_POINT('Origin',(15.9903810257765,-6.5,2.30384755178136));
#8378=CARTESIAN_POINT('',(14.4903810429219,-4.5,4.90192377303211));
#8379=CARTESIAN_POINT('Origin',(13.6243556358373,-4.5,4.40192377874813));
#8380=CARTESIAN_POINT('',(13.6243556358373,-6.5,4.40192377874813));
#8381=CARTESIAN_POINT('',(13.6243556358373,-6.5,4.40192377874813));
#8382=CARTESIAN_POINT('',(13.6243556358373,-4.5,4.40192377874813));
#8383=CARTESIAN_POINT('Origin',(12.1243556529821,-4.5,7.));
#8384=CARTESIAN_POINT('',(10.6243556701269,-6.5,9.59807622125187));
#8385=CARTESIAN_POINT('Origin',(12.1243556529821,-6.5,7.));
#8386=CARTESIAN_POINT('',(10.6243556701269,-4.5,9.59807622125187));
#8387=CARTESIAN_POINT('Origin',(14.9544827055467,-4.5,12.0980761926772));
#8388=CARTESIAN_POINT('',(10.6243556701269,-6.5,9.59807622125187));
#8389=CARTESIAN_POINT('Origin',(16.4544826884023,-4.5,9.49999997142463));
#8390=CARTESIAN_POINT('Origin',(41.4544823074055,-4.5,-33.8012702177958));
#8391=CARTESIAN_POINT('Origin',(38.6243552548423,-4.5,-38.8993464104744));
#8392=CARTESIAN_POINT('',(38.6243552548423,-6.5,-38.8993464104744));
#8393=CARTESIAN_POINT('',(38.6243552548423,-6.5,-38.8993464104744));
#8394=CARTESIAN_POINT('',(38.6243552548423,-4.5,-38.8993464104744));
#8395=CARTESIAN_POINT('Origin',(37.1243552719866,-4.5,-36.3012701892219));
#8396=CARTESIAN_POINT('Origin',(37.1243552719866,-6.5,-36.3012701892219));
#8397=CARTESIAN_POINT('Origin',(26.7894189801938,-6.5,-13.4006351089018));
#8398=CARTESIAN_POINT('',(0.,0.,0.));
#8399=CARTESIAN_POINT('Origin',(35.9985001982217,-5.4999984649603,-91.4579768317917));
#8400=CARTESIAN_POINT('',(26.6849898851946,-5.4999984649603,-50.678965117732));
#8401=CARTESIAN_POINT('',(-3.0825858064402,-5.4999984649603,-76.546974604493));
#8402=CARTESIAN_POINT('Origin',(35.9985001982217,-5.4999984649603,-91.4579768317917));
#8403=CARTESIAN_POINT('',(-3.0825858064402,-0.499998464960296,-76.546974604493));
#8404=CARTESIAN_POINT('',(-3.0825858064402,-5.4999984649603,-76.546974604493));
#8405=CARTESIAN_POINT('',(26.6849898851946,-0.499998464960296,-50.678965117732));
#8406=CARTESIAN_POINT('Origin',(35.9985001982217,-0.499998464960296,-91.4579768317917));
#8407=CARTESIAN_POINT('',(26.6849898851946,-5.4999984649603,-50.678965117732));
#8408=CARTESIAN_POINT('Origin',(-9.86357140903513,-5.4999984649603,-72.5257932191572));
#8409=CARTESIAN_POINT('',(-9.86357140903513,-5.4999984649603,-72.5257932191572));
#8410=CARTESIAN_POINT('',(19.2414484385929,-5.4999984649603,-38.391212861868));
#8411=CARTESIAN_POINT('',(-9.86357140903513,-5.4999984649603,-72.5257932191572));
#8412=CARTESIAN_POINT('',(19.2414484385929,-0.499998464960296,-38.391212861868));
#8413=CARTESIAN_POINT('',(19.2414484920552,-2.99999961556699,-38.391212799167));
#8414=CARTESIAN_POINT('',(-9.86357140903513,-0.499998464960296,-72.5257932191572));
#8415=CARTESIAN_POINT('',(-9.86357140903513,-0.499998464960296,-72.5257932191572));
#8416=CARTESIAN_POINT('',(-9.86357140903513,-5.4999984649603,-72.5257932191572));
#8417=CARTESIAN_POINT('Origin',(-6.81980553439024,-5.4999984649603,-75.1210753426166));
#8418=CARTESIAN_POINT('Origin',(-6.81980553439024,-5.4999984649603,-75.1210753426166));
#8419=CARTESIAN_POINT('Origin',(-6.81980553439024,-0.499998464960296,-75.1210753426166));
#8420=CARTESIAN_POINT('Origin',(7.93259217540218,-5.4999984649603,-58.7561441022423));
#8421=CARTESIAN_POINT('Origin',(24.9999996190044,-5.49999961556699,-43.3012701892219));
#8422=CARTESIAN_POINT('Origin',(7.93259217540218,-0.499998464960296,-58.7561441022423));
#8423=CARTESIAN_POINT('Origin',(24.9999998730015,-0.499999615567,-43.3012701892219));
#8424=CARTESIAN_POINT('Origin',(24.9999997460029,-2.99999961556699,-43.3012701892219));
#8425=CARTESIAN_POINT('Origin',(24.9999996190044,-5.49999961556699,-43.3012701892219));
#8426=CARTESIAN_POINT('Origin',(24.9999998730015,-0.499999615567,-43.3012701892219));
#8427=CARTESIAN_POINT('',(32.4927549809533,-3.9999984649603,-44.363433896616));
#8428=CARTESIAN_POINT('',(32.4927549809533,-1.9999984649603,-44.363433896616));
#8429=CARTESIAN_POINT('',(32.4927549816171,-3.9999984649603,-44.3634338919332));
#8430=CARTESIAN_POINT('',(27.8265165463978,-3.9999984649603,-36.2812718477351));
#8431=CARTESIAN_POINT('Origin',(24.9999996952036,-3.9999984649603,-43.3012701892219));
#8432=CARTESIAN_POINT('',(27.8265165463978,-1.9999984649603,-36.2812718477351));
#8433=CARTESIAN_POINT('',(27.8265165753943,-3.9999984649603,-36.2812718594102));
#8434=CARTESIAN_POINT('Origin',(24.9999997968024,-1.9999984649603,-43.3012701892219));
#8435=CARTESIAN_POINT('Origin',(37.1243552719866,-3.9999984649603,-36.3012701892219));
#8436=CARTESIAN_POINT('',(35.9743552719866,-1.9999984649603,-36.3012701892219));
#8437=CARTESIAN_POINT('Origin',(37.1243552719866,-1.9999984649603,-36.3012701892219));
#8438=CARTESIAN_POINT('',(35.9743552719866,-3.9999984649603,-36.3012701892219));
#8439=CARTESIAN_POINT('',(35.9743552719866,-3.9999984649603,-36.3012701892219));
#8440=CARTESIAN_POINT('Origin',(37.1243552719866,-3.9999984649603,-36.3012701892219));
#8441=CARTESIAN_POINT('Origin',(37.1243552719866,-3.9999984649603,-36.3012701892219));
#8442=CARTESIAN_POINT('',(37.5606908511602,-3.9999984649603,-39.2693691199093));
#8443=CARTESIAN_POINT('',(34.7720739866527,-3.9999984649603,-34.4393430277389));
#8444=CARTESIAN_POINT('Origin',(37.1243552719866,-3.9999984649603,-36.3012701892219));
#8445=CARTESIAN_POINT('',(37.5606908511602,-1.9999984649603,-39.2693691199093));
#8446=CARTESIAN_POINT('',(37.5606908511602,-3.9999984649603,-39.2693691199093));
#8447=CARTESIAN_POINT('',(34.7720739866527,-1.9999984649603,-34.4393430277389));
#8448=CARTESIAN_POINT('Origin',(37.1243552719866,-1.9999984649603,-36.3012701892219));
#8449=CARTESIAN_POINT('',(34.7720739866527,-3.9999984649603,-34.4393430277389));
#8450=CARTESIAN_POINT('Origin',(30.0675114159851,-3.9999984649603,-30.7154887047728));
#8451=CARTESIAN_POINT('Origin',(30.0675114159851,-3.9999984649603,-30.7154887047728));
#8452=CARTESIAN_POINT('Origin',(30.0675114159851,-1.9999984649603,-30.7154887047728));
#8453=CARTESIAN_POINT('Origin',(38.4333620095075,-3.9999984649603,-45.2055669812839));
#8454=CARTESIAN_POINT('Origin',(38.4333620095075,-3.9999984649603,-45.2055669812839));
#8455=CARTESIAN_POINT('Origin',(38.4333620095075,-1.9999984649603,-45.2055669812839));
#8456=CARTESIAN_POINT('Origin',(33.9754359091922,-3.9999984649603,-38.832352042919));
#8457=CARTESIAN_POINT('Origin',(33.9754359091922,-1.9999984649603,-38.832352042919));
#8458=CARTESIAN_POINT('Origin',(24.9999997460029,-2.99999977558515,-43.3012701892219));
#8459=CARTESIAN_POINT('',(19.486317856515,-4.09601495065554,-43.3012701892219));
#8460=CARTESIAN_POINT('',(24.999999690326,-4.09601523074735,-37.7875883554109));
#8461=CARTESIAN_POINT('Origin',(24.999999690326,-4.09601523074735,-43.3012701892219));
#8462=CARTESIAN_POINT('',(24.9999998016799,-1.90398420906906,-37.7875884667648));
#8463=CARTESIAN_POINT('Origin',(24.9999997460029,-2.99999977558515,-38.883603921927));
#8464=CARTESIAN_POINT('',(19.4863180792228,-1.90398392897726,-43.3012701892219));
#8465=CARTESIAN_POINT('Origin',(24.9999998016799,-1.90398420906906,-43.3012701892219));
#8466=CARTESIAN_POINT('Origin',(24.9999998016799,-1.90398420906906,-43.3012701892219));
#8467=CARTESIAN_POINT('Origin',(24.999999690326,-4.09601523074735,-43.3012701892219));
#8468=CARTESIAN_POINT('Origin',(24.9999998091986,-1.75597646116819,-43.3012701892219));
#8469=CARTESIAN_POINT('',(19.7823336201367,-1.60796844821293,-43.3012701892219));
#8470=CARTESIAN_POINT('',(19.6343258496798,-1.7559761885951,-43.3012701892219));
#8471=CARTESIAN_POINT('Origin',(24.9999998167173,-1.60796871326732,-43.3012701892219));
#8472=CARTESIAN_POINT('Origin',(24.9999998448594,-1.05398422410647,-43.3012701892219));
#8473=CARTESIAN_POINT('',(19.782333704563,-0.49999946989124,-43.3012701892219));
#8474=CARTESIAN_POINT('',(19.7823336764209,-1.05398395905209,-43.3012701892219));
#8475=CARTESIAN_POINT('Origin',(24.9999998730015,-0.499999734945621,-43.3012701892219));
#8476=CARTESIAN_POINT('Origin',(32.5676660132979,-0.500000000000001,-43.3012701892219));
#8477=CARTESIAN_POINT('Origin',(30.2176660132979,-5.5,-43.3012701892219));
#8478=CARTESIAN_POINT('',(19.782333252853,-5.49999946989122,-43.3012701892219));
#8479=CARTESIAN_POINT('Origin',(24.9999996190044,-5.49999973494561,-43.3012701892219));
#8480=CARTESIAN_POINT('Origin',(24.9999996471465,-4.94601524578476,-43.3012701892219));
#8481=CARTESIAN_POINT('',(19.7823333091372,-4.39203049156952,-43.3012701892219));
#8482=CARTESIAN_POINT('',(19.7823332809951,-4.94601498073037,-43.3012701892219));
#8483=CARTESIAN_POINT('Origin',(24.9999996752886,-4.39203075662391,-43.3012701892219));
#8484=CARTESIAN_POINT('Origin',(24.9999996828073,-4.24402299368563,-43.3012701892219));
#8485=CARTESIAN_POINT('',(19.6343255968971,-4.24402272111253,-43.3012701892219));
#8486=CARTESIAN_POINT('',(0.,0.,0.));
#8487=CARTESIAN_POINT('',(0.,0.,0.));
#8488=CARTESIAN_POINT('Origin',(24.9999995936047,-9.,-43.3012701892219));
#8489=CARTESIAN_POINT('',(23.9999995936047,-6.,-43.3012701892219));
#8490=CARTESIAN_POINT('Origin',(24.9999995936047,-6.,-43.3012701892219));
#8491=CARTESIAN_POINT('',(23.9999995936047,0.499999999999999,-43.3012701892219));
#8492=CARTESIAN_POINT('',(23.9999995936047,-9.,-43.3012701892219));
#8493=CARTESIAN_POINT('Origin',(24.9999995936047,0.499999999999999,-43.3012701892219));
#8494=CARTESIAN_POINT('Origin',(-6.56858655152258E-47,0.499999999999999,
3.48956160549637E-46));
#8495=CARTESIAN_POINT('Origin',(11.5302081965679,-6.,-20.6506350941393));
#8496=CARTESIAN_POINT('',(21.382333163954,-6.00000002078042,-43.3012701892219));
#8497=CARTESIAN_POINT('Origin',(24.9999995936047,-6.,-43.3012701892219));
#8498=CARTESIAN_POINT('Origin',(11.5302081965679,-6.,-20.6506350941393));
#8499=CARTESIAN_POINT('',(-6.05,-6.,-7.40911313484149E-16));
#8500=CARTESIAN_POINT('Origin',(0.,-6.,0.));
#8501=CARTESIAN_POINT('',(-4.1,-6.,5.02105187650415E-16));
#8502=CARTESIAN_POINT('Origin',(0.,-6.,0.));
#8503=CARTESIAN_POINT('Origin',(24.9999995836472,-6.19601523765685,-43.3012701892219));
#8504=CARTESIAN_POINT('',(21.3823332456379,-4.39203065412764,-43.3012701892219));
#8505=CARTESIAN_POINT('',(21.3823331539966,-6.19601505388152,-43.3012701892219));
#8506=CARTESIAN_POINT('Origin',(24.9999996752886,-4.39203083790297,-43.3012701892219));
#8507=CARTESIAN_POINT('Origin',(24.9999997460029,-2.99999977558515,-43.3012701892219));
#8508=CARTESIAN_POINT('',(21.6783491009011,-1.90398415168504,-43.3012701892219));
#8509=CARTESIAN_POINT('',(24.9999998016799,-1.90398432042295,-39.9796194884431));
#8510=CARTESIAN_POINT('Origin',(24.9999998016799,-1.90398432042295,-43.3012701892219));
#8511=CARTESIAN_POINT('',(24.999999690326,-4.09601534210124,-39.9796193770892));
#8512=CARTESIAN_POINT('Origin',(24.9999997460029,-2.99999977558515,-38.883603921927));
#8513=CARTESIAN_POINT('',(21.6783488781933,-4.09601517336332,-43.3012701892219));
#8514=CARTESIAN_POINT('Origin',(24.999999690326,-4.09601534210124,-43.3012701892219));
#8515=CARTESIAN_POINT('Origin',(24.999999690326,-4.09601534210124,-43.3012701892219));
#8516=CARTESIAN_POINT('Origin',(24.9999998016799,-1.90398432042295,-43.3012701892219));
#8517=CARTESIAN_POINT('Origin',(24.9999996828073,-4.2440230900021,-43.3012701892219));
#8518=CARTESIAN_POINT('',(21.5303411077363,-4.24402291374548,-43.3012701892219));
#8519=CARTESIAN_POINT('Origin',(24.9999999083586,0.196015672262725,-43.3012701892219));
#8520=CARTESIAN_POINT('',(21.3823337117781,-1.60796861077106,-43.3012701892219));
#8521=CARTESIAN_POINT('Origin',(24.9999998167173,-1.60796879454638,-43.3012701892219));
#8522=CARTESIAN_POINT('',(21.3823338950608,2.00000038052106,-43.3012701892219));
#8523=CARTESIAN_POINT('',(21.3823338034194,0.196015856038041,-43.3012701892219));
#8524=CARTESIAN_POINT('',(27.4285946167474,2.00000001570065,-40.6199579039265));
#8525=CARTESIAN_POINT('Origin',(25.,2.,-43.3012701892219));
#8526=CARTESIAN_POINT('',(27.4285946093077,-1.11022302462516E-15,-40.6199578655672));
#8527=CARTESIAN_POINT('',(27.4285946071857,0.196015548891539,-40.6199578546262));
#8528=CARTESIAN_POINT('',(22.1186782164208,-1.11022302462516E-15,-41.1136931250307));
#8529=CARTESIAN_POINT('Origin',(24.9999998984012,-1.11022302462516E-15,
-43.3012701892219));
#8530=CARTESIAN_POINT('',(22.1186782255304,2.00000028544128,-41.1136933984011));
#8531=CARTESIAN_POINT('',(22.1186782168394,0.196015818632177,-41.1136931375945));
#8532=CARTESIAN_POINT('Origin',(25.,2.,-43.3012701892219));
#8533=CARTESIAN_POINT('Origin',(24.9999998091986,-1.75597655748466,-43.3012701892219));
#8534=CARTESIAN_POINT('',(21.5303413605189,-1.75597638122805,-43.3012701892219));
#8535=CARTESIAN_POINT('Origin',(6.05,-1.11022302462516E-15,0.));
#8536=CARTESIAN_POINT('',(9.78250779955491,-1.11022302462516E-15,-2.07425677090545));
#8537=CARTESIAN_POINT('Origin',(-60.9250067537475,-1.11022302462516E-15,
-57.7559178964011));
#8538=CARTESIAN_POINT('',(4.19725619571332,-1.11022302462516E-15,-9.07651036618954));
#8539=CARTESIAN_POINT('Origin',(0.,-1.11022302462516E-15,0.));
#8540=CARTESIAN_POINT('Origin',(-17.8591311316575,-1.11022302462516E-15,
-42.4458942092435));
#8541=CARTESIAN_POINT('',(-6.05,-1.11022302462516E-15,-7.40911313484149E-16));
#8542=CARTESIAN_POINT('Origin',(0.,-1.11022302462516E-15,0.));
#8543=CARTESIAN_POINT('Origin',(-60.9250067537475,3.,-57.7559178964011));
#8544=CARTESIAN_POINT('',(9.78250779955491,2.,-2.07425677090545));
#8545=CARTESIAN_POINT('Origin',(-60.9250067537475,2.,-57.7559178964011));
#8546=CARTESIAN_POINT('',(9.78250779955486,3.,-2.07425677090543));
#8547=CARTESIAN_POINT('Origin',(-24.653254160443,3.,-40.8510883208275));
#8548=CARTESIAN_POINT('',(32.990277700549,3.,-43.695557207794));
#8549=CARTESIAN_POINT('',(5.16691628927589,3.,8.56171571938797));
#8550=CARTESIAN_POINT('Origin',(-24.653254160443,3.,-40.8510883208275));
#8551=CARTESIAN_POINT('',(5.16691628927589,2.,8.56171571938797));
#8552=CARTESIAN_POINT('',(5.1669162892759,3.,8.56171571938797));
#8553=CARTESIAN_POINT('',(32.990277700549,2.,-43.695557207794));
#8554=CARTESIAN_POINT('Origin',(-24.653254160443,2.,-40.8510883208275));
#8555=CARTESIAN_POINT('',(32.990277700549,3.,-43.695557207794));
#8556=CARTESIAN_POINT('Origin',(25.,3.,-43.3012701892219));
#8557=CARTESIAN_POINT('',(17.0722731055948,3.,-42.2283553404894));
#8558=CARTESIAN_POINT('Origin',(25.,3.,-43.3012701892219));
#8559=CARTESIAN_POINT('',(17.0722731055948,2.,-42.2283553404894));
#8560=CARTESIAN_POINT('Origin',(25.,2.,-43.3012701892219));
#8561=CARTESIAN_POINT('',(17.0722731055948,3.,-42.2283553404894));
#8562=CARTESIAN_POINT('Origin',(-12.9579390302556,3.,-38.1641562402552));
#8563=CARTESIAN_POINT('',(-3.21505177152045,3.,-9.46907821084227));
#8564=CARTESIAN_POINT('Origin',(-12.9579390302556,3.,-38.1641562402552));
#8565=CARTESIAN_POINT('',(-3.21505177152045,2.,-9.46907821084227));
#8566=CARTESIAN_POINT('Origin',(-12.9579390302556,2.,-38.1641562402552));
#8567=CARTESIAN_POINT('',(-3.21505177152045,3.,-9.46907821084227));
#8568=CARTESIAN_POINT('Origin',(14.9226823108076,2.,-21.3697772344453));
#8569=CARTESIAN_POINT('',(4.19725619571332,2.,-9.07651036618954));
#8570=CARTESIAN_POINT('Origin',(-17.8591311316575,2.,-42.4458942092435));
#8571=CARTESIAN_POINT('Origin',(0.,2.,0.));
#8572=CARTESIAN_POINT('Origin',(0.,2.,0.));
#8573=CARTESIAN_POINT('Origin',(-17.8591311316575,3.,-42.4458942092435));
#8574=CARTESIAN_POINT('',(4.19725619571332,3.,-9.07651036618955));
#8575=CARTESIAN_POINT('Origin',(0.,1.5,0.));
#8576=CARTESIAN_POINT('Origin',(0.,3.,0.));
#8577=CARTESIAN_POINT('Origin',(0.,-9.,0.));
#8578=CARTESIAN_POINT('',(-4.1,-1.5,-5.02105187650415E-16));
#8579=CARTESIAN_POINT('',(-4.1,-9.,5.02105187650415E-16));
#8580=CARTESIAN_POINT('Origin',(0.,-1.5,0.));
#8581=CARTESIAN_POINT('Origin',(0.,-1.5,0.));
#8582=CARTESIAN_POINT('',(-1.,-1.5,-1.22464679914736E-16));
#8583=CARTESIAN_POINT('Origin',(-8.31632781251592E-110,-1.5,2.69880267346702E-79));
#8584=CARTESIAN_POINT('Origin',(0.,-0.80398448916085,0.));
#8585=CARTESIAN_POINT('',(-6.05,-1.6079689783217,-7.40911313484149E-16));
#8586=CARTESIAN_POINT('Origin',(0.,-1.6079689783217,0.));
#8587=CARTESIAN_POINT('',(-6.05,-0.80398448916085,-7.40911313484149E-16));
#8588=CARTESIAN_POINT('Origin',(0.,-1.75597673374128,0.));
#8589=CARTESIAN_POINT('',(-5.75398448916085,-1.90398448916085,-7.04659868699436E-16));
#8590=CARTESIAN_POINT('',(-7.04659868699436E-16,-1.90398448916085,5.75398448916085));
#8591=CARTESIAN_POINT('Origin',(0.,-1.90398448916085,0.));
#8592=CARTESIAN_POINT('',(-5.90199224458043,-1.75597673374128,-7.22785591091792E-16));
#8593=CARTESIAN_POINT('Origin',(0.,-1.90398448916085,0.));
#8594=CARTESIAN_POINT('Origin',(0.,-3.,0.));
#8595=CARTESIAN_POINT('',(-7.04659868699436E-16,-4.09601551083915,5.75398448916085));
#8596=CARTESIAN_POINT('Origin',(-8.38883057415937E-16,-3.,6.85));
#8597=CARTESIAN_POINT('',(-5.75398448916085,-4.09601551083915,-7.04659868699436E-16));
#8598=CARTESIAN_POINT('Origin',(0.,-4.09601551083915,0.));
#8599=CARTESIAN_POINT('Origin',(0.,-4.09601551083915,0.));
#8600=CARTESIAN_POINT('Origin',(0.,-4.24402326625873,0.));
#8601=CARTESIAN_POINT('',(-6.05,-4.3920310216783,-7.40911313484149E-16));
#8602=CARTESIAN_POINT('Origin',(0.,-4.3920310216783,0.));
#8603=CARTESIAN_POINT('',(-5.90199224458043,-4.24402326625873,-7.22785591091792E-16));
#8604=CARTESIAN_POINT('Origin',(0.,-5.19601551083915,0.));
#8605=CARTESIAN_POINT('',(-6.05,-5.19601551083915,-7.40911313484149E-16));
#8606=CARTESIAN_POINT('Origin',(-8.31632781251592E-110,2.46519032881566E-32,
2.69880267346702E-79));
#8607=CARTESIAN_POINT('',(2.5,1.3684555315672E-47,9.43689570931399E-17));
#8608=CARTESIAN_POINT('',(2.32106760039857,-7.59230187799055E-33,-0.367620992844543));
#8609=CARTESIAN_POINT('Ctrl Pts',(2.5,-2.18952885050753E-48,-5.99520433297583E-16));
#8610=CARTESIAN_POINT('Ctrl Pts',(2.5,-9.82619380491158E-34,-0.0609928797711647));
#8611=CARTESIAN_POINT('Ctrl Pts',(2.48279804404058,-1.76653732674645E-33,
-0.119366410053279));
#8612=CARTESIAN_POINT('Ctrl Pts',(2.45698615340314,-2.43068707635215E-33,
-0.163322822278405));
#8613=CARTESIAN_POINT('Ctrl Pts',(2.39085642429951,-4.13223012263902E-33,
-0.275938580404922));
#8614=CARTESIAN_POINT('Ctrl Pts',(2.33308467604196,-5.17605746920762E-33,
-0.291748163299148));
#8615=CARTESIAN_POINT('Ctrl Pts',(2.32106760039857,-7.59230187799055E-33,
-0.367620992844543));
#8616=CARTESIAN_POINT('',(2.37764129073788,-1.5997499825429E-32,-0.772542485937369));
#8617=CARTESIAN_POINT('Ctrl Pts',(2.32106760039857,-7.59230187799055E-33,
-0.367620992844543));
#8618=CARTESIAN_POINT('Ctrl Pts',(2.31622713573377,-8.56556243066777E-33,
-0.398182483953687));
#8619=CARTESIAN_POINT('Ctrl Pts',(2.3187931784689,-9.41347290881779E-33,
-0.417662070664581));
#8620=CARTESIAN_POINT('Ctrl Pts',(2.32656506056165,-1.01889916676559E-32,
-0.442532570760218));
#8621=CARTESIAN_POINT('Ctrl Pts',(2.34561901976264,-1.20902946743344E-32,
-0.50350641061972));
#8622=CARTESIAN_POINT('Ctrl Pts',(2.42532672227903,-1.36331275112242E-32,
-0.625781818320089));
#8623=CARTESIAN_POINT('Ctrl Pts',(2.37764129073788,-1.5997499825429E-32,
-0.772542485937369));
#8624=CARTESIAN_POINT('',(2.09386533184266,-2.20337182274762E-32,-1.06687767438794));
#8625=CARTESIAN_POINT('Ctrl Pts',(2.37764129073788,-1.5997499825429E-32,
-0.77254248593737));
#8626=CARTESIAN_POINT('Ctrl Pts',(2.35879345435273,-1.69320263902829E-32,
-0.830550161691334));
#8627=CARTESIAN_POINT('Ctrl Pts',(2.32439500916568,-1.76031523359737E-32,
-0.880750991317326));
#8628=CARTESIAN_POINT('Ctrl Pts',(2.28626316398773,-1.81142799369794E-32,
-0.914579710733076));
#8629=CARTESIAN_POINT('Ctrl Pts',(2.18856987110737,-1.94237822228316E-32,
-1.00124845121042));
#8630=CARTESIAN_POINT('Ctrl Pts',(2.12874024368096,-1.98539926563896E-32,
-0.998431806035525));
#8631=CARTESIAN_POINT('Ctrl Pts',(2.09386533184266,-2.20337182274762E-32,
-1.06687767438794));
#8632=CARTESIAN_POINT('',(2.02254248593737,-3.04290529068096E-32,-1.46946313073118));
#8633=CARTESIAN_POINT('Ctrl Pts',(2.09386533184266,-2.20337182274762E-32,
-1.06687767438794));
#8634=CARTESIAN_POINT('Ctrl Pts',(2.07981775625514,-2.29117092561525E-32,
-1.09444759381289));
#8635=CARTESIAN_POINT('Ctrl Pts',(2.07623868458241,-2.37496444623608E-32,
-1.11376673250246));
#8636=CARTESIAN_POINT('Ctrl Pts',(2.07594477650244,-2.45620953426482E-32,
-1.13982162732688));
#8637=CARTESIAN_POINT('Ctrl Pts',(2.07522421583288,-2.65539431011514E-32,
-1.20369919225204));
#8638=CARTESIAN_POINT('Ctrl Pts',(2.11324556673647,-2.84177976864862E-32,
-1.34462105018826));
#8639=CARTESIAN_POINT('Ctrl Pts',(2.02254248593737,-3.04290529068096E-32,
-1.46946313073118));
#8640=CARTESIAN_POINT('',(1.66170093578839,-3.43183207189146E-32,-1.66170093578839));
#8641=CARTESIAN_POINT('Ctrl Pts',(2.02254248593737,-3.04290529068096E-32,
-1.46946313073118));
#8642=CARTESIAN_POINT('Ctrl Pts',(1.98669177071303,-3.1224008684629E-32,
-1.51880740700192));
#8643=CARTESIAN_POINT('Ctrl Pts',(1.93846399578133,-3.17166481461818E-32,
-1.55592152899826));
#8644=CARTESIAN_POINT('Ctrl Pts',(1.89174480674906,-3.20247208677658E-32,
-1.57631116484967));
#8645=CARTESIAN_POINT('Ctrl Pts',(1.77205085026827,-3.28139991856047E-32,
-1.62854914750327));
#8646=CARTESIAN_POINT('Ctrl Pts',(1.71601988446306,-3.25884807114634E-32,
-1.60738198711371));
#8647=CARTESIAN_POINT('Ctrl Pts',(1.66170093578839,-3.43183207189146E-32,
-1.66170093578839));
#8648=CARTESIAN_POINT('',(1.46946313073118,-2.37782417428102E-16,-2.02254248593737));
#8649=CARTESIAN_POINT('Ctrl Pts',(1.66170093578839,-1.94840112652986E-16,
-1.66170093578839));
#8650=CARTESIAN_POINT('Ctrl Pts',(1.63982132385186,-1.98796023903763E-16,
-1.68358054772491));
#8651=CARTESIAN_POINT('Ctrl Pts',(1.63044748224346,-2.03031034407964E-16,
-1.70084814649389));
#8652=CARTESIAN_POINT('Ctrl Pts',(1.62211655376142,-2.07401835874209E-16,
-1.72553700140654));
#8653=CARTESIAN_POINT('Ctrl Pts',(1.60169200672009,-2.18117525049565E-16,
-1.7860655102813));
#8654=CARTESIAN_POINT('Ctrl Pts',(1.5943052112741,-2.29486191539268E-16,
-1.93183940513827));
#8655=CARTESIAN_POINT('Ctrl Pts',(1.46946313073118,-2.37782417428102E-16,
-2.02254248593737));
#8656=CARTESIAN_POINT('',(1.06687767438793,-2.45512864770006E-16,-2.09386533184266));
#8657=CARTESIAN_POINT('Ctrl Pts',(1.46946313073118,-2.37782417428102E-16,
-2.02254248593737));
#8658=CARTESIAN_POINT('Ctrl Pts',(1.42011885446045,-2.4106153021189E-16,
-2.0583932011617));
#8659=CARTESIAN_POINT('Ctrl Pts',(1.36278262041705,-2.42571331070446E-16,
-2.07878762667811));
#8660=CARTESIAN_POINT('Ctrl Pts',(1.31204928726471,-2.4299635275374E-16,
-2.08374229934509));
#8661=CARTESIAN_POINT('Ctrl Pts',(1.1820711456007,-2.44085252794971E-16,
-2.09643610646937));
#8662=CARTESIAN_POINT('Ctrl Pts',(1.13532354274035,-2.39207357318081E-16,
-2.05899042000437));
#8663=CARTESIAN_POINT('Ctrl Pts',(1.06687767438793,-2.45512864770006E-16,
-2.09386533184266));
#8664=CARTESIAN_POINT('',(0.772542485937369,-2.79529996437382E-16,-2.37764129073788));
#8665=CARTESIAN_POINT('Ctrl Pts',(1.06687767438794,-2.45512864770006E-16,
-2.09386533184266));
#8666=CARTESIAN_POINT('Ctrl Pts',(1.03930775496297,-2.48052716138215E-16,
-2.1079129074302));
#8667=CARTESIAN_POINT('Ctrl Pts',(1.02505672034691,-2.51350860252594E-16,
-2.12143869340063));
#8668=CARTESIAN_POINT('Ctrl Pts',(1.0095042607876,-2.55051979787045E-16,
-2.14234479126532));
#8669=CARTESIAN_POINT('Ctrl Pts',(0.971375024345101,-2.64125841145943E-16,
-2.19359929191412));
#8670=CARTESIAN_POINT('Ctrl Pts',(0.919303153554611,-2.75168412374455E-16,
-2.32995585919675));
#8671=CARTESIAN_POINT('Ctrl Pts',(0.772542485937369,-2.79529996437382E-16,
-2.37764129073788));
#8672=CARTESIAN_POINT('',(0.367620992844542,-2.72153107094624E-16,-2.32106760039857));
#8673=CARTESIAN_POINT('Ctrl Pts',(0.772542485937368,-2.79529996437382E-16,
-2.37764129073788));
#8674=CARTESIAN_POINT('Ctrl Pts',(0.714534810183396,-2.81253928047968E-16,
-2.39648912712304));
#8675=CARTESIAN_POINT('Ctrl Pts',(0.653702587101489,-2.81328810304272E-16,
-2.39816750769365));
#8676=CARTESIAN_POINT('Ctrl Pts',(0.603921241957912,-2.80388186039759E-16,
-2.38720221929432));
#8677=CARTESIAN_POINT('Ctrl Pts',(0.476382081227744,-2.77978318871399E-16,
-2.359109292605));
#8678=CARTESIAN_POINT('Ctrl Pts',(0.443493822389939,-2.69980377300466E-16,
-2.30905052475519));
#8679=CARTESIAN_POINT('Ctrl Pts',(0.367620992844542,-2.72153107094624E-16,
-2.32106760039857));
#8680=CARTESIAN_POINT('',(-6.6613381477509E-17,-2.93915231795365E-16,-2.5));
#8681=CARTESIAN_POINT('Ctrl Pts',(0.367620992844542,-2.72153107094624E-16,
-2.32106760039857));
#8682=CARTESIAN_POINT('Ctrl Pts',(0.337059501735389,-2.73028280232157E-16,
-2.32590806506338));
#8683=CARTESIAN_POINT('Ctrl Pts',(0.319326264672712,-2.75066712631276E-16,
-2.33436804006478));
#8684=CARTESIAN_POINT('Ctrl Pts',(0.298074657138157,-2.7773585886668E-16,
-2.34944494636114));
#8685=CARTESIAN_POINT('Ctrl Pts',(0.245973086619453,-2.84279679638004E-16,
-2.38640829114937));
#8686=CARTESIAN_POINT('Ctrl Pts',(0.154313298003535,-2.93915231795365E-16,
-2.5));
#8687=CARTESIAN_POINT('Ctrl Pts',(-6.6613381477509E-17,-2.93915231795365E-16,
-2.5));
#8688=CARTESIAN_POINT('',(-0.367620992844545,-2.72153107094624E-16,-2.32106760039857));
#8689=CARTESIAN_POINT('Ctrl Pts',(-7.60502771868232E-16,-2.93915231795365E-16,
-2.5));
#8690=CARTESIAN_POINT('Ctrl Pts',(-0.0609928797711725,-2.93915231795365E-16,
-2.5));
#8691=CARTESIAN_POINT('Ctrl Pts',(-0.1193664100533,-2.92547865452435E-16,
-2.48279804404057));
#8692=CARTESIAN_POINT('Ctrl Pts',(-0.163322822278421,-2.90333670096841E-16,
-2.45698615340313));
#8693=CARTESIAN_POINT('Ctrl Pts',(-0.275938580404905,-2.8466093030786E-16,
-2.39085642429951));
#8694=CARTESIAN_POINT('Ctrl Pts',(-0.291748163299144,-2.74325836888783E-16,
-2.33308467604196));
#8695=CARTESIAN_POINT('Ctrl Pts',(-0.367620992844545,-2.72153107094624E-16,
-2.32106760039857));
#8696=CARTESIAN_POINT('',(-0.772542485937369,-2.79529996437382E-16,-2.37764129073788));
#8697=CARTESIAN_POINT('Ctrl Pts',(-0.367620992844542,-2.72153107094624E-16,
-2.32106760039857));
#8698=CARTESIAN_POINT('Ctrl Pts',(-0.398182483953693,-2.71277933957091E-16,
-2.31622713573377));
#8699=CARTESIAN_POINT('Ctrl Pts',(-0.4176620706646,-2.7185711867513E-16,
-2.3187931784689));
#8700=CARTESIAN_POINT('Ctrl Pts',(-0.442532570760233,-2.73233016980932E-16,
-2.32656506056166));
#8701=CARTESIAN_POINT('Ctrl Pts',(-0.503506410619709,-2.76606242394103E-16,
-2.34561901976264));
#8702=CARTESIAN_POINT('Ctrl Pts',(-0.625781818320101,-2.8389158050031E-16,
-2.42532672227903));
#8703=CARTESIAN_POINT('Ctrl Pts',(-0.772542485937369,-2.79529996437382E-16,
-2.37764129073788));
#8704=CARTESIAN_POINT('',(-1.06687767438793,-2.45512864770006E-16,-2.09386533184267));
#8705=CARTESIAN_POINT('Ctrl Pts',(-0.772542485937369,-2.79529996437382E-16,
-2.37764129073788));
#8706=CARTESIAN_POINT('Ctrl Pts',(-0.830550161691339,-2.77806064826797E-16,
-2.35879345435273));
#8707=CARTESIAN_POINT('Ctrl Pts',(-0.880750991317341,-2.7513029722928E-16,
-2.32439500916567));
#8708=CARTESIAN_POINT('Ctrl Pts',(-0.914579710733089,-2.71859271651219E-16,
-2.28626316398771));
#8709=CARTESIAN_POINT('Ctrl Pts',(-1.00124845121041,-2.63478946536466E-16,
-2.18856987110736));
#8710=CARTESIAN_POINT('Ctrl Pts',(-0.998431806035538,-2.5181837222193E-16,
-2.12874024368095));
#8711=CARTESIAN_POINT('Ctrl Pts',(-1.06687767438793,-2.45512864770006E-16,
-2.09386533184267));
#8712=CARTESIAN_POINT('',(-1.46946313073118,-2.37782417428102E-16,-2.02254248593737));
#8713=CARTESIAN_POINT('Ctrl Pts',(-1.06687767438793,-2.45512864770006E-16,
-2.09386533184266));
#8714=CARTESIAN_POINT('Ctrl Pts',(-1.09444759381289,-2.42973013401798E-16,
-2.07981775625514));
#8715=CARTESIAN_POINT('Ctrl Pts',(-1.11376673250247,-2.42036255803139E-16,
-2.07623868458241));
#8716=CARTESIAN_POINT('Ctrl Pts',(-1.1398216273269,-2.4198422366672E-16,
-2.07594477650244));
#8717=CARTESIAN_POINT('Ctrl Pts',(-1.20369919225206,-2.41856658915655E-16,
-2.07522421583289));
#8718=CARTESIAN_POINT('Ctrl Pts',(-1.34462105018827,-2.46078643316936E-16,
-2.11324556673646));
#8719=CARTESIAN_POINT('Ctrl Pts',(-1.46946313073118,-2.37782417428102E-16,
-2.02254248593737));
#8720=CARTESIAN_POINT('',(-1.66170093578839,-1.94840112652986E-16,-1.66170093578839));
#8721=CARTESIAN_POINT('Ctrl Pts',(-1.46946313073118,-2.37782417428102E-16,
-2.02254248593737));
#8722=CARTESIAN_POINT('Ctrl Pts',(-1.51880740700192,-2.34503304644313E-16,
-1.98669177071303));
#8723=CARTESIAN_POINT('Ctrl Pts',(-1.55592152899828,-2.30781058567823E-16,
-1.9384639957813));
#8724=CARTESIAN_POINT('Ctrl Pts',(-1.57631116484968,-2.26773393541449E-16,
-1.89174480674904));
#8725=CARTESIAN_POINT('Ctrl Pts',(-1.62854914750325,-2.16505807712315E-16,
-1.77205085026829));
#8726=CARTESIAN_POINT('Ctrl Pts',(-1.60738198711371,-2.04661170760228E-16,
-1.71601988446306));
#8727=CARTESIAN_POINT('Ctrl Pts',(-1.66170093578839,-1.94840112652986E-16,
-1.66170093578839));
#8728=CARTESIAN_POINT('',(-2.02254248593737,-1.72759038673439E-16,-1.46946313073118));
#8729=CARTESIAN_POINT('Ctrl Pts',(-1.66170093578839,-1.94840112652986E-16,
-1.66170093578839));
#8730=CARTESIAN_POINT('Ctrl Pts',(-1.6835805477249,-1.9088420140221E-16,
-1.63982132385187));
#8731=CARTESIAN_POINT('Ctrl Pts',(-1.70084814649388,-1.88523197847384E-16,
-1.63044748224346));
#8732=CARTESIAN_POINT('Ctrl Pts',(-1.72553700140652,-1.87048328536786E-16,
-1.62211655376143));
#8733=CARTESIAN_POINT('Ctrl Pts',(-1.78606551028128,-1.83432460548112E-16,
-1.60169200672009));
#8734=CARTESIAN_POINT('Ctrl Pts',(-1.93183940513826,-1.84177813994977E-16,
-1.59430521127411));
#8735=CARTESIAN_POINT('Ctrl Pts',(-2.02254248593737,-1.72759038673439E-16,
-1.46946313073118));
#8736=CARTESIAN_POINT('',(-2.09386533184267,-1.25095052778602E-16,-1.06687767438793));
#8737=CARTESIAN_POINT('Ctrl Pts',(-2.02254248593737,-1.72759038673439E-16,
-1.46946313073118));
#8738=CARTESIAN_POINT('Ctrl Pts',(-2.05839320116171,-1.68245727122645E-16,
-1.42011885446043));
#8739=CARTESIAN_POINT('Ctrl Pts',(-2.07878762667813,-1.63841361947563E-16,
-1.36278262041701));
#8740=CARTESIAN_POINT('Ctrl Pts',(-2.0837422993451,-1.59489355648701E-16,
-1.31204928726464));
#8741=CARTESIAN_POINT('Ctrl Pts',(-2.09643610646936,-1.48339571944619E-16,
-1.18207114560066));
#8742=CARTESIAN_POINT('Ctrl Pts',(-2.05899042000437,-1.37470307946289E-16,
-1.13532354274034));
#8743=CARTESIAN_POINT('Ctrl Pts',(-2.09386533184267,-1.25095052778602E-16,
-1.06687767438793));
#8744=CARTESIAN_POINT('',(-2.37764129073788,-9.08248015304196E-17,-0.772542485937368));
#8745=CARTESIAN_POINT('Ctrl Pts',(-2.09386533184266,-1.25095052778602E-16,
-1.06687767438794));
#8746=CARTESIAN_POINT('Ctrl Pts',(-2.10791290743019,-1.20110313800936E-16,
-1.03930775496297));
#8747=CARTESIAN_POINT('Ctrl Pts',(-2.12143869340062,-1.16556175767967E-16,
-1.02505672034693));
#8748=CARTESIAN_POINT('Ctrl Pts',(-2.1423447912653,-1.1380283976733E-16,
-1.00950426078762));
#8749=CARTESIAN_POINT('Ctrl Pts',(-2.19359929191411,-1.07052614893016E-16,
-0.971375024345103));
#8750=CARTESIAN_POINT('Ctrl Pts',(-2.32995585919674,-1.04248376996899E-16,
-0.919303153554628));
#8751=CARTESIAN_POINT('Ctrl Pts',(-2.37764129073788,-9.08248015304196E-17,
-0.772542485937368));
#8752=CARTESIAN_POINT('',(-2.32106760039857,-4.31048175497656E-17,-0.367620992844542));
#8753=CARTESIAN_POINT('Ctrl Pts',(-2.37764129073788,-9.08248015304196E-17,
-0.772542485937368));
#8754=CARTESIAN_POINT('Ctrl Pts',(-2.39648912712304,-8.55190855933048E-17,
-0.714534810183396));
#8755=CARTESIAN_POINT('Ctrl Pts',(-2.39816750769365,-8.08637312699844E-17,
-0.653702587101503));
#8756=CARTESIAN_POINT('Ctrl Pts',(-2.38720221929432,-7.65933883973794E-17,
-0.603921241957916));
#8757=CARTESIAN_POINT('Ctrl Pts',(-2.359109292605,-6.56528253324143E-17,
-0.47638208122772));
#8758=CARTESIAN_POINT('Ctrl Pts',(-2.30905052475519,-5.68228935786124E-17,
-0.443493822389939));
#8759=CARTESIAN_POINT('Ctrl Pts',(-2.32106760039857,-4.31048175497656E-17,
-0.367620992844542));
#8760=CARTESIAN_POINT('',(-2.5,-5.17321571574901E-33,5.07486229170555E-16));
#8761=CARTESIAN_POINT('Ctrl Pts',(-2.32106760039857,-4.31048175497656E-17,
-0.367620992844542));
#8762=CARTESIAN_POINT('Ctrl Pts',(-2.32590806506338,-3.75791918270623E-17,
-0.337059501735387));
#8763=CARTESIAN_POINT('Ctrl Pts',(-2.33436804006479,-3.31798231097542E-17,
-0.319326264672693));
#8764=CARTESIAN_POINT('Ctrl Pts',(-2.34944494636115,-2.94175361304399E-17,
-0.298074657138152));
#8765=CARTESIAN_POINT('Ctrl Pts',(-2.38640829114935,-2.01937134127652E-17,
-0.245973086619483));
#8766=CARTESIAN_POINT('Ctrl Pts',(-2.5,-1.41143825172142E-17,-0.154313298003531));
#8767=CARTESIAN_POINT('Ctrl Pts',(-2.5,-5.17321571574901E-33,5.07486229170555E-16));
#8768=CARTESIAN_POINT('',(-2.32106760039857,4.31048175497656E-17,0.367620992844544));
#8769=CARTESIAN_POINT('Ctrl Pts',(-2.5,8.81698578076868E-33,6.21724893790086E-16));
#8770=CARTESIAN_POINT('Ctrl Pts',(-2.5,5.57875988041579E-18,0.0609928797711705));
#8771=CARTESIAN_POINT('Ctrl Pts',(-2.48279804404057,1.0029404835048E-17,
0.119366410053306));
#8772=CARTESIAN_POINT('Ctrl Pts',(-2.45698615340313,1.38000733677981E-17,
0.163322822278419));
#8773=CARTESIAN_POINT('Ctrl Pts',(-2.39085642429952,2.34604772534608E-17,
0.275938580404887));
#8774=CARTESIAN_POINT('Ctrl Pts',(-2.33308467604196,2.93867415209195E-17,
0.291748163299143));
#8775=CARTESIAN_POINT('Ctrl Pts',(-2.32106760039857,4.31048175497656E-17,
0.367620992844544));
#8776=CARTESIAN_POINT('',(-2.37764129073788,9.08248015304196E-17,0.772542485937369));
#8777=CARTESIAN_POINT('Ctrl Pts',(-2.32106760039857,4.31048175497657E-17,
0.367620992844542));
#8778=CARTESIAN_POINT('Ctrl Pts',(-2.31622713573377,4.86304432724687E-17,
0.398182483953699));
#8779=CARTESIAN_POINT('Ctrl Pts',(-2.31879317846891,5.34444018118618E-17,
0.417662070664612));
#8780=CARTESIAN_POINT('Ctrl Pts',(-2.32656506056166,5.78473609069227E-17,
0.442532570760248));
#8781=CARTESIAN_POINT('Ctrl Pts',(-2.34561901976264,6.86418894342015E-17,
0.503506410619714));
#8782=CARTESIAN_POINT('Ctrl Pts',(-2.42532672227902,7.74012260639405E-17,
0.625781818320111));
#8783=CARTESIAN_POINT('Ctrl Pts',(-2.37764129073788,9.08248015304196E-17,
0.772542485937369));
#8784=CARTESIAN_POINT('',(-2.09386533184267,1.25095052778602E-16,1.06687767438793));
#8785=CARTESIAN_POINT('Ctrl Pts',(-2.37764129073788,9.08248015304196E-17,
0.772542485937369));
#8786=CARTESIAN_POINT('Ctrl Pts',(-2.35879345435273,9.61305174675344E-17,
0.830550161691339));
#8787=CARTESIAN_POINT('Ctrl Pts',(-2.32439500916567,9.99407929158516E-17,
0.880750991317341));
#8788=CARTESIAN_POINT('Ctrl Pts',(-2.28626316398771,1.02842687800968E-16,
0.914579710733089));
#8789=CARTESIAN_POINT('Ctrl Pts',(-2.18856987110736,1.10277304867009E-16,
1.00124845121041));
#8790=CARTESIAN_POINT('Ctrl Pts',(-2.12874024368095,1.12719797610915E-16,
0.998431806035538));
#8791=CARTESIAN_POINT('Ctrl Pts',(-2.09386533184267,1.25095052778602E-16,
1.06687767438793));
#8792=CARTESIAN_POINT('',(-2.02254248593737,1.72759038673439E-16,1.46946313073118));
#8793=CARTESIAN_POINT('Ctrl Pts',(-2.09386533184266,1.25095052778602E-16,
1.06687767438793));
#8794=CARTESIAN_POINT('Ctrl Pts',(-2.07981775625514,1.30079791756269E-16,
1.09444759381289));
#8795=CARTESIAN_POINT('Ctrl Pts',(-2.07623868458241,1.34837116315089E-16,
1.11376673250247));
#8796=CARTESIAN_POINT('Ctrl Pts',(-2.07594477650244,1.39449755212452E-16,
1.1398216273269));
#8797=CARTESIAN_POINT('Ctrl Pts',(-2.07522421583289,1.50758345887182E-16,
1.20369919225206));
#8798=CARTESIAN_POINT('Ctrl Pts',(-2.11324556673646,1.61340263351904E-16,
1.34462105018827));
#8799=CARTESIAN_POINT('Ctrl Pts',(-2.02254248593737,1.72759038673439E-16,
1.46946313073118));
#8800=CARTESIAN_POINT('',(-1.66170093578839,1.94840112652986E-16,1.66170093578839));
#8801=CARTESIAN_POINT('Ctrl Pts',(-2.02254248593737,1.72759038673439E-16,
1.46946313073118));
#8802=CARTESIAN_POINT('Ctrl Pts',(-1.98669177071303,1.77272350224232E-16,
1.51880740700192));
#8803=CARTESIAN_POINT('Ctrl Pts',(-1.9384639957813,1.80069279857604E-16,
1.55592152899828));
#8804=CARTESIAN_POINT('Ctrl Pts',(-1.89174480674903,1.81818343405041E-16,
1.57631116484968));
#8805=CARTESIAN_POINT('Ctrl Pts',(-1.77205085026829,1.86299421533013E-16,
1.62854914750325));
#8806=CARTESIAN_POINT('Ctrl Pts',(-1.71601988446306,1.85019054545744E-16,
1.60738198711371));
#8807=CARTESIAN_POINT('Ctrl Pts',(-1.66170093578839,1.94840112652986E-16,
1.66170093578839));
#8808=CARTESIAN_POINT('',(-1.46946313073118,4.18819982779935E-32,2.02254248593737));
#8809=CARTESIAN_POINT('Ctrl Pts',(-1.66170093578839,3.43183207189146E-32,
1.66170093578839));
#8810=CARTESIAN_POINT('Ctrl Pts',(-1.63982132385185,3.50150983443801E-32,
1.68358054772492));
#8811=CARTESIAN_POINT('Ctrl Pts',(-1.63044748224345,3.57610353424256E-32,
1.70084814649391));
#8812=CARTESIAN_POINT('Ctrl Pts',(-1.62211655376141,3.65308899913219E-32,
1.72553700140658));
#8813=CARTESIAN_POINT('Ctrl Pts',(-1.60169200672009,3.84183065650279E-32,
1.78606551028133));
#8814=CARTESIAN_POINT('Ctrl Pts',(-1.59430521127407,4.04207358257561E-32,
1.93183940513829));
#8815=CARTESIAN_POINT('Ctrl Pts',(-1.46946313073118,4.18819982779935E-32,
2.02254248593737));
#8816=CARTESIAN_POINT('',(-1.06687767438793,4.32436068685852E-32,2.09386533184266));
#8817=CARTESIAN_POINT('Ctrl Pts',(-1.46946313073118,4.18819982779936E-32,
2.02254248593737));
#8818=CARTESIAN_POINT('Ctrl Pts',(-1.42011885446044,4.2459567458463E-32,
2.05839320116171));
#8819=CARTESIAN_POINT('Ctrl Pts',(-1.36278262041702,4.27254974529601E-32,
2.07878762667812));
#8820=CARTESIAN_POINT('Ctrl Pts',(-1.31204928726467,4.28003589906647E-32,
2.0837422993451));
#8821=CARTESIAN_POINT('Ctrl Pts',(-1.1820711456007,4.29921532795148E-32,
2.09643610646936));
#8822=CARTESIAN_POINT('Ctrl Pts',(-1.13532354274034,4.21329812172028E-32,
2.05899042000437));
#8823=CARTESIAN_POINT('Ctrl Pts',(-1.06687767438793,4.32436068685852E-32,
2.09386533184266));
#8824=CARTESIAN_POINT('',(-0.772542485937369,4.92352418486867E-32,2.37764129073788));
#8825=CARTESIAN_POINT('Ctrl Pts',(-1.06687767438793,4.32436068685852E-32,
2.09386533184267));
#8826=CARTESIAN_POINT('Ctrl Pts',(-1.03930775496298,4.36909656421235E-32,
2.10791290743019));
#8827=CARTESIAN_POINT('Ctrl Pts',(-1.02505672034693,4.42718869213881E-32,
2.12143869340061));
#8828=CARTESIAN_POINT('Ctrl Pts',(-1.00950426078763,4.4923786601966E-32,
2.1423447912653));
#8829=CARTESIAN_POINT('Ctrl Pts',(-0.971375024345101,4.65220185062365E-32,
2.1935992919141));
#8830=CARTESIAN_POINT('Ctrl Pts',(-0.919303153554632,4.84670107145739E-32,
2.32995585919674));
#8831=CARTESIAN_POINT('Ctrl Pts',(-0.772542485937369,4.92352418486867E-32,
2.37764129073788));
#8832=CARTESIAN_POINT('',(-0.367620992844541,4.7935907482033E-32,2.32106760039857));
#8833=CARTESIAN_POINT('Ctrl Pts',(-0.772542485937369,4.92352418486867E-32,
2.37764129073788));
#8834=CARTESIAN_POINT('Ctrl Pts',(-0.714534810183396,4.95388879362607E-32,
2.39648912712304));
#8835=CARTESIAN_POINT('Ctrl Pts',(-0.653702587101487,4.95520773829974E-32,
2.39816750769365));
#8836=CARTESIAN_POINT('Ctrl Pts',(-0.60392124195791,4.93863997679211E-32,
2.38720221929432));
#8837=CARTESIAN_POINT('Ctrl Pts',(-0.476382081227744,4.89619358664806E-32,
2.359109292605));
#8838=CARTESIAN_POINT('Ctrl Pts',(-0.443493822389944,4.75532119636607E-32,
2.30905052475519));
#8839=CARTESIAN_POINT('Ctrl Pts',(-0.367620992844541,4.7935907482033E-32,
2.32106760039857));
#8840=CARTESIAN_POINT('',(4.44089209850056E-17,5.17689969051292E-32,2.5));
#8841=CARTESIAN_POINT('Ctrl Pts',(-0.367620992844544,4.7935907482033E-32,
2.32106760039857));
#8842=CARTESIAN_POINT('Ctrl Pts',(-0.337059501735375,4.80900568099589E-32,
2.32590806506338));
#8843=CARTESIAN_POINT('Ctrl Pts',(-0.319326264672688,4.84490977481121E-32,
2.33436804006479));
#8844=CARTESIAN_POINT('Ctrl Pts',(-0.298074657138133,4.89192299775852E-32,
2.34944494636116));
#8845=CARTESIAN_POINT('Ctrl Pts',(-0.245973086619456,5.00718311380934E-32,
2.38640829114938));
#8846=CARTESIAN_POINT('Ctrl Pts',(-0.154313298003512,5.17689969051292E-32,
2.5));
#8847=CARTESIAN_POINT('Ctrl Pts',(4.44089209850056E-17,5.17689969051292E-32,
2.5));
#8848=CARTESIAN_POINT('',(0.367620992844542,4.7935907482033E-32,2.32106760039857));
#8849=CARTESIAN_POINT('Ctrl Pts',(1.58647585604537E-16,5.17689969051292E-32,
2.5));
#8850=CARTESIAN_POINT('Ctrl Pts',(0.0609928797711633,5.17689969051292E-32,
2.5));
#8851=CARTESIAN_POINT('Ctrl Pts',(0.119366410053272,5.15281547291626E-32,
2.48279804404058));
#8852=CARTESIAN_POINT('Ctrl Pts',(0.163322822278399,5.1138155640613E-32,
2.45698615340314));
#8853=CARTESIAN_POINT('Ctrl Pts',(0.275938580404922,5.01389830329688E-32,
2.39085642429952));
#8854=CARTESIAN_POINT('Ctrl Pts',(0.291748163299148,4.83186030004054E-32,
2.33308467604196));
#8855=CARTESIAN_POINT('Ctrl Pts',(0.367620992844542,4.7935907482033E-32,
2.32106760039857));
#8856=CARTESIAN_POINT('',(0.772542485937369,4.92352418486867E-32,2.37764129073788));
#8857=CARTESIAN_POINT('Ctrl Pts',(0.367620992844543,4.7935907482033E-32,
2.32106760039857));
#8858=CARTESIAN_POINT('Ctrl Pts',(0.398182483953686,4.77817581541073E-32,
2.31622713573377));
#8859=CARTESIAN_POINT('Ctrl Pts',(0.417662070664567,4.78837733225369E-32,
2.31879317846889));
#8860=CARTESIAN_POINT('Ctrl Pts',(0.442532570760215,4.81261182826796E-32,
2.32656506056165));
#8861=CARTESIAN_POINT('Ctrl Pts',(0.503506410619742,4.87202640671905E-32,
2.34561901976265));
#8862=CARTESIAN_POINT('Ctrl Pts',(0.625781818320089,5.00034729827996E-32,
2.42532672227903));
#8863=CARTESIAN_POINT('Ctrl Pts',(0.772542485937369,4.92352418486867E-32,
2.37764129073788));
#8864=CARTESIAN_POINT('',(1.06687767438794,4.32436068685852E-32,2.09386533184266));
#8865=CARTESIAN_POINT('Ctrl Pts',(0.772542485937369,4.92352418486867E-32,
2.37764129073788));
#8866=CARTESIAN_POINT('Ctrl Pts',(0.83055016169134,4.89315957611128E-32,
2.35879345435273));
#8867=CARTESIAN_POINT('Ctrl Pts',(0.880750991317338,4.84602972726727E-32,
2.32439500916568));
#8868=CARTESIAN_POINT('Ctrl Pts',(0.914579710733087,4.78841525387204E-32,
2.28626316398772));
#8869=CARTESIAN_POINT('Ctrl Pts',(1.00124845121042,4.64080772013537E-32,
2.18856987110736));
#8870=CARTESIAN_POINT('Ctrl Pts',(0.998431806035528,4.43542325199676E-32,
2.12874024368096));
#8871=CARTESIAN_POINT('Ctrl Pts',(1.06687767438794,4.32436068685852E-32,
2.09386533184266));
#8872=CARTESIAN_POINT('',(1.46946313073118,4.18819982779936E-32,2.02254248593737));
#8873=CARTESIAN_POINT('Ctrl Pts',(1.06687767438793,4.32436068685852E-32,
2.09386533184266));
#8874=CARTESIAN_POINT('Ctrl Pts',(1.09444759381289,4.27962480950468E-32,
2.07981775625514));
#8875=CARTESIAN_POINT('Ctrl Pts',(1.11376673250246,4.26312515382858E-32,
2.07623868458241));
#8876=CARTESIAN_POINT('Ctrl Pts',(1.13982162732688,4.26220868158834E-32,
2.07594477650244));
#8877=CARTESIAN_POINT('Ctrl Pts',(1.20369919225205,4.25996180953519E-32,
2.07522421583288));
#8878=CARTESIAN_POINT('Ctrl Pts',(1.34462105018826,4.33432607302313E-32,
2.11324556673647));
#8879=CARTESIAN_POINT('Ctrl Pts',(1.46946313073118,4.18819982779936E-32,
2.02254248593737));
#8880=CARTESIAN_POINT('',(1.66170093578839,3.43183207189146E-32,1.66170093578839));
#8881=CARTESIAN_POINT('Ctrl Pts',(1.46946313073118,4.18819982779936E-32,
2.02254248593737));
#8882=CARTESIAN_POINT('Ctrl Pts',(1.51880740700191,4.13044290975242E-32,
1.98669177071304));
#8883=CARTESIAN_POINT('Ctrl Pts',(1.55592152899827,4.06488082763888E-32,
1.93846399578131));
#8884=CARTESIAN_POINT('Ctrl Pts',(1.57631116484967,3.99429149578296E-32,
1.89174480674906));
#8885=CARTESIAN_POINT('Ctrl Pts',(1.62854914750325,3.81344254291832E-32,
1.7720508502683));
#8886=CARTESIAN_POINT('Ctrl Pts',(1.60738198711371,3.60481607263658E-32,
1.71601988446306));
#8887=CARTESIAN_POINT('Ctrl Pts',(1.66170093578839,3.43183207189146E-32,
1.66170093578839));
#8888=CARTESIAN_POINT('',(2.02254248593737,3.04290529068096E-32,1.46946313073118));
#8889=CARTESIAN_POINT('Ctrl Pts',(1.66170093578839,3.43183207189146E-32,
1.66170093578839));
#8890=CARTESIAN_POINT('Ctrl Pts',(1.68358054772491,3.36215430934494E-32,
1.63982132385186));
#8891=CARTESIAN_POINT('Ctrl Pts',(1.70084814649389,3.32056858240721E-32,
1.63044748224346));
#8892=CARTESIAN_POINT('Ctrl Pts',(1.72553700140654,3.29459085260075E-32,
1.62211655376142));
#8893=CARTESIAN_POINT('Ctrl Pts',(1.7860655102813,3.23090246953482E-32,
1.60169200672009));
#8894=CARTESIAN_POINT('Ctrl Pts',(1.93183940513827,3.2440308127133E-32,
1.59430521127409));
#8895=CARTESIAN_POINT('Ctrl Pts',(2.02254248593737,3.04290529068096E-32,
1.46946313073118));
#8896=CARTESIAN_POINT('',(2.09386533184266,2.20337182274762E-32,1.06687767438793));
#8897=CARTESIAN_POINT('Ctrl Pts',(2.02254248593737,3.04290529068096E-32,
1.46946313073118));
#8898=CARTESIAN_POINT('Ctrl Pts',(2.05839320116171,2.96340971289901E-32,
1.42011885446044));
#8899=CARTESIAN_POINT('Ctrl Pts',(2.07878762667812,2.88583307091108E-32,
1.36278262041702));
#8900=CARTESIAN_POINT('Ctrl Pts',(2.0837422993451,2.8091786562213E-32,1.31204928726467));
#8901=CARTESIAN_POINT('Ctrl Pts',(2.09643610646936,2.61279103978385E-32,
1.1820711456007));
#8902=CARTESIAN_POINT('Ctrl Pts',(2.05899042000437,2.42134437985628E-32,
1.13532354274034));
#8903=CARTESIAN_POINT('Ctrl Pts',(2.09386533184266,2.20337182274762E-32,
1.06687767438793));
#8904=CARTESIAN_POINT('',(2.37764129073788,1.5997499825429E-32,0.772542485937369));
#8905=CARTESIAN_POINT('Ctrl Pts',(2.09386533184267,2.20337182274762E-32,
1.06687767438793));
#8906=CARTESIAN_POINT('Ctrl Pts',(2.10791290743019,2.11557271987999E-32,
1.03930775496298));
#8907=CARTESIAN_POINT('Ctrl Pts',(2.12143869340061,2.05297162237809E-32,
1.02505672034693));
#8908=CARTESIAN_POINT('Ctrl Pts',(2.1423447912653,2.00447551619636E-32,
1.00950426078763));
#8909=CARTESIAN_POINT('Ctrl Pts',(2.1935992919141,1.88557988479519E-32,
0.971375024345101));
#8910=CARTESIAN_POINT('Ctrl Pts',(2.32995585919674,1.83618721396335E-32,
0.919303153554632));
#8911=CARTESIAN_POINT('Ctrl Pts',(2.37764129073788,1.5997499825429E-32,
0.772542485937369));
#8912=CARTESIAN_POINT('',(2.32106760039857,7.59230187799055E-33,0.367620992844544));
#8913=CARTESIAN_POINT('Ctrl Pts',(2.37764129073788,1.5997499825429E-32,
0.772542485937369));
#8914=CARTESIAN_POINT('Ctrl Pts',(2.39648912712304,1.50629732605749E-32,
0.714534810183396));
#8915=CARTESIAN_POINT('Ctrl Pts',(2.39816750769365,1.42429986642122E-32,
0.653702587101507));
#8916=CARTESIAN_POINT('Ctrl Pts',(2.38720221929432,1.34908383709014E-32,
0.603921241957915));
#8917=CARTESIAN_POINT('Ctrl Pts',(2.359109292605,1.15638134528975E-32,0.476382081227711));
#8918=CARTESIAN_POINT('Ctrl Pts',(2.30905052475519,1.00085462867735E-32,
0.443493822389941));
#8919=CARTESIAN_POINT('Ctrl Pts',(2.32106760039857,7.59230187799056E-33,
0.367620992844541));
#8920=CARTESIAN_POINT('Ctrl Pts',(2.32106760039857,7.59230187799055E-33,
0.367620992844544));
#8921=CARTESIAN_POINT('Ctrl Pts',(2.32590806506338,6.61904132531352E-33,
0.337059501735403));
#8922=CARTESIAN_POINT('Ctrl Pts',(2.33436804006477,5.84415496056287E-33,
0.319326264672734));
#8923=CARTESIAN_POINT('Ctrl Pts',(2.34944494636112,5.18148150264611E-33,
0.298074657138194));
#8924=CARTESIAN_POINT('Ctrl Pts',(2.38640829114933,3.55683603324282E-33,
0.245973086619483));
#8925=CARTESIAN_POINT('Ctrl Pts',(2.5,2.48604817242128E-33,0.154313298003569));
#8926=CARTESIAN_POINT('Ctrl Pts',(2.5,1.49161652940825E-47,9.43689570931399E-17));
#8927=CARTESIAN_POINT('',(-1.,2.46519032881567E-32,-1.22464679914736E-16));
#8928=CARTESIAN_POINT('Origin',(-8.31632781251592E-110,2.46519032881566E-32,
2.69880267346702E-79));
#8929=CARTESIAN_POINT('Origin',(-8.31632781251592E-110,2.46519032881566E-32,
2.69880267346702E-79));
#8930=CARTESIAN_POINT('',(-1.,2.46519032881566E-32,-1.22464679914736E-16));
#8931=CARTESIAN_POINT('Ctrl Pts',(2.32106760039857,-7.59230187799055E-33,
-0.367620992844543));
#8932=CARTESIAN_POINT('Ctrl Pts',(2.32106760039857,3.,-0.367620992844543));
#8933=CARTESIAN_POINT('Ctrl Pts',(2.33308467604196,-5.17605746920762E-33,
-0.291748163299148));
#8934=CARTESIAN_POINT('Ctrl Pts',(2.33308467604196,3.,-0.291748163299148));
#8935=CARTESIAN_POINT('Ctrl Pts',(2.39085642429951,-4.13223012263902E-33,
-0.275938580404922));
#8936=CARTESIAN_POINT('Ctrl Pts',(2.39085642429951,3.,-0.275938580404922));
#8937=CARTESIAN_POINT('Ctrl Pts',(2.45698615340314,-2.43068707635215E-33,
-0.163322822278405));
#8938=CARTESIAN_POINT('Ctrl Pts',(2.45698615340314,3.,-0.163322822278405));
#8939=CARTESIAN_POINT('Ctrl Pts',(2.48279804404058,-1.76653732674645E-33,
-0.119366410053279));
#8940=CARTESIAN_POINT('Ctrl Pts',(2.48279804404058,3.,-0.119366410053279));
#8941=CARTESIAN_POINT('Ctrl Pts',(2.5,-9.82619380491158E-34,-0.0609928797711647));
#8942=CARTESIAN_POINT('Ctrl Pts',(2.5,3.,-0.0609928797711647));
#8943=CARTESIAN_POINT('Ctrl Pts',(2.5,-2.18952885050753E-48,-5.99520433297583E-16));
#8944=CARTESIAN_POINT('Ctrl Pts',(2.5,3.,-5.99520433297583E-16));
#8945=CARTESIAN_POINT('',(2.5,3.,6.93889390390723E-17));
#8946=CARTESIAN_POINT('',(2.5,1.3684555315672E-47,9.43689570931399E-17));
#8947=CARTESIAN_POINT('',(2.32106760039857,3.,-0.367620992844543));
#8948=CARTESIAN_POINT('Ctrl Pts',(2.32106760039857,3.,-0.367620992844543));
#8949=CARTESIAN_POINT('Ctrl Pts',(2.33308467604196,3.,-0.291748163299148));
#8950=CARTESIAN_POINT('Ctrl Pts',(2.39085642429951,3.,-0.275938580404922));
#8951=CARTESIAN_POINT('Ctrl Pts',(2.45698615340314,3.,-0.163322822278405));
#8952=CARTESIAN_POINT('Ctrl Pts',(2.48279804404058,3.,-0.119366410053279));
#8953=CARTESIAN_POINT('Ctrl Pts',(2.5,3.,-0.0609928797711647));
#8954=CARTESIAN_POINT('Ctrl Pts',(2.5,3.,-5.99520433297583E-16));
#8955=CARTESIAN_POINT('',(2.32106760039857,-7.59230187799055E-33,-0.367620992844543));
#8956=CARTESIAN_POINT('Ctrl Pts',(2.37764129073788,-1.5997499825429E-32,
-0.772542485937369));
#8957=CARTESIAN_POINT('Ctrl Pts',(2.37764129073788,3.,-0.772542485937369));
#8958=CARTESIAN_POINT('Ctrl Pts',(2.42532672227903,-1.36331275112242E-32,
-0.625781818320089));
#8959=CARTESIAN_POINT('Ctrl Pts',(2.42532672227903,3.,-0.625781818320089));
#8960=CARTESIAN_POINT('Ctrl Pts',(2.34561901976264,-1.20902946743344E-32,
-0.50350641061972));
#8961=CARTESIAN_POINT('Ctrl Pts',(2.34561901976264,3.,-0.50350641061972));
#8962=CARTESIAN_POINT('Ctrl Pts',(2.32656506056165,-1.01889916676559E-32,
-0.442532570760218));
#8963=CARTESIAN_POINT('Ctrl Pts',(2.32656506056165,3.,-0.442532570760218));
#8964=CARTESIAN_POINT('Ctrl Pts',(2.3187931784689,-9.41347290881779E-33,
-0.417662070664581));
#8965=CARTESIAN_POINT('Ctrl Pts',(2.3187931784689,3.,-0.417662070664581));
#8966=CARTESIAN_POINT('Ctrl Pts',(2.31622713573377,-8.56556243066777E-33,
-0.398182483953687));
#8967=CARTESIAN_POINT('Ctrl Pts',(2.31622713573377,3.,-0.398182483953687));
#8968=CARTESIAN_POINT('Ctrl Pts',(2.32106760039857,-7.59230187799055E-33,
-0.367620992844543));
#8969=CARTESIAN_POINT('Ctrl Pts',(2.32106760039857,3.,-0.367620992844543));
#8970=CARTESIAN_POINT('',(2.37764129073788,3.,-0.772542485937369));
#8971=CARTESIAN_POINT('Ctrl Pts',(2.37764129073788,3.,-0.772542485937369));
#8972=CARTESIAN_POINT('Ctrl Pts',(2.42532672227903,3.,-0.625781818320089));
#8973=CARTESIAN_POINT('Ctrl Pts',(2.34561901976264,3.,-0.50350641061972));
#8974=CARTESIAN_POINT('Ctrl Pts',(2.32656506056165,3.,-0.442532570760218));
#8975=CARTESIAN_POINT('Ctrl Pts',(2.3187931784689,3.,-0.417662070664581));
#8976=CARTESIAN_POINT('Ctrl Pts',(2.31622713573377,3.,-0.398182483953687));
#8977=CARTESIAN_POINT('Ctrl Pts',(2.32106760039857,3.,-0.367620992844543));
#8978=CARTESIAN_POINT('',(2.37764129073788,-1.5997499825429E-32,-0.772542485937369));
#8979=CARTESIAN_POINT('Ctrl Pts',(2.09386533184266,-2.20337182274762E-32,
-1.06687767438794));
#8980=CARTESIAN_POINT('Ctrl Pts',(2.09386533184266,3.,-1.06687767438794));
#8981=CARTESIAN_POINT('Ctrl Pts',(2.12874024368096,-1.98539926563896E-32,
-0.998431806035525));
#8982=CARTESIAN_POINT('Ctrl Pts',(2.12874024368096,3.,-0.998431806035525));
#8983=CARTESIAN_POINT('Ctrl Pts',(2.18856987110737,-1.94237822228316E-32,
-1.00124845121042));
#8984=CARTESIAN_POINT('Ctrl Pts',(2.18856987110737,3.,-1.00124845121042));
#8985=CARTESIAN_POINT('Ctrl Pts',(2.28626316398773,-1.81142799369794E-32,
-0.914579710733076));
#8986=CARTESIAN_POINT('Ctrl Pts',(2.28626316398773,3.,-0.914579710733076));
#8987=CARTESIAN_POINT('Ctrl Pts',(2.32439500916568,-1.76031523359737E-32,
-0.880750991317326));
#8988=CARTESIAN_POINT('Ctrl Pts',(2.32439500916568,3.,-0.880750991317326));
#8989=CARTESIAN_POINT('Ctrl Pts',(2.35879345435273,-1.69320263902829E-32,
-0.830550161691334));
#8990=CARTESIAN_POINT('Ctrl Pts',(2.35879345435273,3.,-0.830550161691334));
#8991=CARTESIAN_POINT('Ctrl Pts',(2.37764129073788,-1.5997499825429E-32,
-0.77254248593737));
#8992=CARTESIAN_POINT('Ctrl Pts',(2.37764129073788,3.,-0.77254248593737));
#8993=CARTESIAN_POINT('',(2.09386533184266,3.,-1.06687767438794));
#8994=CARTESIAN_POINT('Ctrl Pts',(2.09386533184266,3.,-1.06687767438794));
#8995=CARTESIAN_POINT('Ctrl Pts',(2.12874024368096,3.,-0.998431806035525));
#8996=CARTESIAN_POINT('Ctrl Pts',(2.18856987110737,3.,-1.00124845121042));
#8997=CARTESIAN_POINT('Ctrl Pts',(2.28626316398773,3.,-0.914579710733076));
#8998=CARTESIAN_POINT('Ctrl Pts',(2.32439500916568,3.,-0.880750991317326));
#8999=CARTESIAN_POINT('Ctrl Pts',(2.35879345435273,3.,-0.830550161691334));
#9000=CARTESIAN_POINT('Ctrl Pts',(2.37764129073788,3.,-0.77254248593737));
#9001=CARTESIAN_POINT('',(2.09386533184266,-2.20337182274762E-32,-1.06687767438794));
#9002=CARTESIAN_POINT('Ctrl Pts',(2.02254248593737,-3.04290529068096E-32,
-1.46946313073118));
#9003=CARTESIAN_POINT('Ctrl Pts',(2.02254248593737,3.,-1.46946313073118));
#9004=CARTESIAN_POINT('Ctrl Pts',(2.11324556673647,-2.84177976864862E-32,
-1.34462105018826));
#9005=CARTESIAN_POINT('Ctrl Pts',(2.11324556673647,3.,-1.34462105018826));
#9006=CARTESIAN_POINT('Ctrl Pts',(2.07522421583288,-2.65539431011514E-32,
-1.20369919225204));
#9007=CARTESIAN_POINT('Ctrl Pts',(2.07522421583288,3.,-1.20369919225204));
#9008=CARTESIAN_POINT('Ctrl Pts',(2.07594477650244,-2.45620953426482E-32,
-1.13982162732688));
#9009=CARTESIAN_POINT('Ctrl Pts',(2.07594477650244,3.,-1.13982162732688));
#9010=CARTESIAN_POINT('Ctrl Pts',(2.07623868458241,-2.37496444623608E-32,
-1.11376673250246));
#9011=CARTESIAN_POINT('Ctrl Pts',(2.07623868458241,3.,-1.11376673250246));
#9012=CARTESIAN_POINT('Ctrl Pts',(2.07981775625514,-2.29117092561525E-32,
-1.09444759381289));
#9013=CARTESIAN_POINT('Ctrl Pts',(2.07981775625514,3.,-1.09444759381289));
#9014=CARTESIAN_POINT('Ctrl Pts',(2.09386533184266,-2.20337182274762E-32,
-1.06687767438794));
#9015=CARTESIAN_POINT('Ctrl Pts',(2.09386533184266,3.,-1.06687767438794));
#9016=CARTESIAN_POINT('',(2.02254248593737,3.,-1.46946313073118));
#9017=CARTESIAN_POINT('Ctrl Pts',(2.02254248593737,3.,-1.46946313073118));
#9018=CARTESIAN_POINT('Ctrl Pts',(2.11324556673647,3.,-1.34462105018826));
#9019=CARTESIAN_POINT('Ctrl Pts',(2.07522421583288,3.,-1.20369919225204));
#9020=CARTESIAN_POINT('Ctrl Pts',(2.07594477650244,3.,-1.13982162732688));
#9021=CARTESIAN_POINT('Ctrl Pts',(2.07623868458241,3.,-1.11376673250246));
#9022=CARTESIAN_POINT('Ctrl Pts',(2.07981775625514,3.,-1.09444759381289));
#9023=CARTESIAN_POINT('Ctrl Pts',(2.09386533184266,3.,-1.06687767438794));
#9024=CARTESIAN_POINT('',(2.02254248593737,-3.04290529068096E-32,-1.46946313073118));
#9025=CARTESIAN_POINT('Ctrl Pts',(1.66170093578839,-3.43183207189146E-32,
-1.66170093578839));
#9026=CARTESIAN_POINT('Ctrl Pts',(1.66170093578839,3.,-1.66170093578839));
#9027=CARTESIAN_POINT('Ctrl Pts',(1.71601988446306,-3.25884807114634E-32,
-1.60738198711371));
#9028=CARTESIAN_POINT('Ctrl Pts',(1.71601988446306,3.,-1.60738198711371));
#9029=CARTESIAN_POINT('Ctrl Pts',(1.77205085026827,-3.28139991856047E-32,
-1.62854914750327));
#9030=CARTESIAN_POINT('Ctrl Pts',(1.77205085026827,3.,-1.62854914750327));
#9031=CARTESIAN_POINT('Ctrl Pts',(1.89174480674906,-3.20247208677658E-32,
-1.57631116484967));
#9032=CARTESIAN_POINT('Ctrl Pts',(1.89174480674906,3.,-1.57631116484967));
#9033=CARTESIAN_POINT('Ctrl Pts',(1.93846399578133,-3.17166481461818E-32,
-1.55592152899826));
#9034=CARTESIAN_POINT('Ctrl Pts',(1.93846399578133,3.,-1.55592152899826));
#9035=CARTESIAN_POINT('Ctrl Pts',(1.98669177071303,-3.1224008684629E-32,
-1.51880740700192));
#9036=CARTESIAN_POINT('Ctrl Pts',(1.98669177071303,3.,-1.51880740700192));
#9037=CARTESIAN_POINT('Ctrl Pts',(2.02254248593737,-3.04290529068096E-32,
-1.46946313073118));
#9038=CARTESIAN_POINT('Ctrl Pts',(2.02254248593737,3.,-1.46946313073118));
#9039=CARTESIAN_POINT('',(1.66170093578839,3.,-1.66170093578839));
#9040=CARTESIAN_POINT('Ctrl Pts',(1.66170093578839,3.,-1.66170093578839));
#9041=CARTESIAN_POINT('Ctrl Pts',(1.71601988446306,3.,-1.60738198711371));
#9042=CARTESIAN_POINT('Ctrl Pts',(1.77205085026827,3.,-1.62854914750327));
#9043=CARTESIAN_POINT('Ctrl Pts',(1.89174480674906,3.,-1.57631116484967));
#9044=CARTESIAN_POINT('Ctrl Pts',(1.93846399578133,3.,-1.55592152899826));
#9045=CARTESIAN_POINT('Ctrl Pts',(1.98669177071303,3.,-1.51880740700192));
#9046=CARTESIAN_POINT('Ctrl Pts',(2.02254248593737,3.,-1.46946313073118));
#9047=CARTESIAN_POINT('',(1.66170093578839,-3.43183207189146E-32,-1.66170093578839));
#9048=CARTESIAN_POINT('Ctrl Pts',(1.46946313073118,-2.37782417428102E-16,
-2.02254248593737));
#9049=CARTESIAN_POINT('Ctrl Pts',(1.46946313073118,3.,-2.02254248593737));
#9050=CARTESIAN_POINT('Ctrl Pts',(1.5943052112741,-2.29486191539268E-16,
-1.93183940513827));
#9051=CARTESIAN_POINT('Ctrl Pts',(1.5943052112741,3.,-1.93183940513827));
#9052=CARTESIAN_POINT('Ctrl Pts',(1.60169200672009,-2.18117525049565E-16,
-1.7860655102813));
#9053=CARTESIAN_POINT('Ctrl Pts',(1.60169200672009,3.,-1.7860655102813));
#9054=CARTESIAN_POINT('Ctrl Pts',(1.62211655376142,-2.07401835874209E-16,
-1.72553700140654));
#9055=CARTESIAN_POINT('Ctrl Pts',(1.62211655376142,3.,-1.72553700140654));
#9056=CARTESIAN_POINT('Ctrl Pts',(1.63044748224346,-2.03031034407964E-16,
-1.70084814649389));
#9057=CARTESIAN_POINT('Ctrl Pts',(1.63044748224346,3.,-1.70084814649389));
#9058=CARTESIAN_POINT('Ctrl Pts',(1.63982132385186,-1.98796023903763E-16,
-1.68358054772491));
#9059=CARTESIAN_POINT('Ctrl Pts',(1.63982132385186,3.,-1.68358054772491));
#9060=CARTESIAN_POINT('Ctrl Pts',(1.66170093578839,-1.94840112652986E-16,
-1.66170093578839));
#9061=CARTESIAN_POINT('Ctrl Pts',(1.66170093578839,3.,-1.66170093578839));
#9062=CARTESIAN_POINT('',(1.46946313073118,3.,-2.02254248593737));
#9063=CARTESIAN_POINT('Ctrl Pts',(1.46946313073118,3.,-2.02254248593737));
#9064=CARTESIAN_POINT('Ctrl Pts',(1.5943052112741,3.,-1.93183940513827));
#9065=CARTESIAN_POINT('Ctrl Pts',(1.60169200672009,3.,-1.7860655102813));
#9066=CARTESIAN_POINT('Ctrl Pts',(1.62211655376142,3.,-1.72553700140654));
#9067=CARTESIAN_POINT('Ctrl Pts',(1.63044748224346,3.,-1.70084814649389));
#9068=CARTESIAN_POINT('Ctrl Pts',(1.63982132385186,3.,-1.68358054772491));
#9069=CARTESIAN_POINT('Ctrl Pts',(1.66170093578839,3.,-1.66170093578839));
#9070=CARTESIAN_POINT('',(1.46946313073118,-2.37782417428102E-16,-2.02254248593737));
#9071=CARTESIAN_POINT('Ctrl Pts',(1.06687767438793,-2.45512864770006E-16,
-2.09386533184266));
#9072=CARTESIAN_POINT('Ctrl Pts',(1.06687767438793,3.,-2.09386533184266));
#9073=CARTESIAN_POINT('Ctrl Pts',(1.13532354274035,-2.39207357318081E-16,
-2.05899042000437));
#9074=CARTESIAN_POINT('Ctrl Pts',(1.13532354274035,3.,-2.05899042000437));
#9075=CARTESIAN_POINT('Ctrl Pts',(1.1820711456007,-2.44085252794971E-16,
-2.09643610646937));
#9076=CARTESIAN_POINT('Ctrl Pts',(1.1820711456007,3.,-2.09643610646937));
#9077=CARTESIAN_POINT('Ctrl Pts',(1.31204928726471,-2.4299635275374E-16,
-2.08374229934509));
#9078=CARTESIAN_POINT('Ctrl Pts',(1.31204928726471,3.,-2.08374229934509));
#9079=CARTESIAN_POINT('Ctrl Pts',(1.36278262041705,-2.42571331070446E-16,
-2.07878762667811));
#9080=CARTESIAN_POINT('Ctrl Pts',(1.36278262041705,3.,-2.07878762667811));
#9081=CARTESIAN_POINT('Ctrl Pts',(1.42011885446045,-2.4106153021189E-16,
-2.0583932011617));
#9082=CARTESIAN_POINT('Ctrl Pts',(1.42011885446045,3.,-2.0583932011617));
#9083=CARTESIAN_POINT('Ctrl Pts',(1.46946313073118,-2.37782417428102E-16,
-2.02254248593737));
#9084=CARTESIAN_POINT('Ctrl Pts',(1.46946313073118,3.,-2.02254248593737));
#9085=CARTESIAN_POINT('',(1.06687767438793,3.,-2.09386533184266));
#9086=CARTESIAN_POINT('Ctrl Pts',(1.06687767438793,3.,-2.09386533184266));
#9087=CARTESIAN_POINT('Ctrl Pts',(1.13532354274035,3.,-2.05899042000437));
#9088=CARTESIAN_POINT('Ctrl Pts',(1.1820711456007,3.,-2.09643610646937));
#9089=CARTESIAN_POINT('Ctrl Pts',(1.31204928726471,3.,-2.08374229934509));
#9090=CARTESIAN_POINT('Ctrl Pts',(1.36278262041705,3.,-2.07878762667811));
#9091=CARTESIAN_POINT('Ctrl Pts',(1.42011885446045,3.,-2.0583932011617));
#9092=CARTESIAN_POINT('Ctrl Pts',(1.46946313073118,3.,-2.02254248593737));
#9093=CARTESIAN_POINT('',(1.06687767438793,-2.45512864770006E-16,-2.09386533184266));
#9094=CARTESIAN_POINT('Ctrl Pts',(0.772542485937369,-2.79529996437382E-16,
-2.37764129073788));
#9095=CARTESIAN_POINT('Ctrl Pts',(0.772542485937369,3.,-2.37764129073788));
#9096=CARTESIAN_POINT('Ctrl Pts',(0.919303153554611,-2.75168412374455E-16,
-2.32995585919675));
#9097=CARTESIAN_POINT('Ctrl Pts',(0.919303153554611,3.,-2.32995585919675));
#9098=CARTESIAN_POINT('Ctrl Pts',(0.971375024345101,-2.64125841145943E-16,
-2.19359929191412));
#9099=CARTESIAN_POINT('Ctrl Pts',(0.971375024345101,3.,-2.19359929191412));
#9100=CARTESIAN_POINT('Ctrl Pts',(1.0095042607876,-2.55051979787045E-16,
-2.14234479126532));
#9101=CARTESIAN_POINT('Ctrl Pts',(1.0095042607876,3.,-2.14234479126532));
#9102=CARTESIAN_POINT('Ctrl Pts',(1.02505672034691,-2.51350860252594E-16,
-2.12143869340063));
#9103=CARTESIAN_POINT('Ctrl Pts',(1.02505672034691,3.,-2.12143869340063));
#9104=CARTESIAN_POINT('Ctrl Pts',(1.03930775496297,-2.48052716138215E-16,
-2.1079129074302));
#9105=CARTESIAN_POINT('Ctrl Pts',(1.03930775496297,3.,-2.1079129074302));
#9106=CARTESIAN_POINT('Ctrl Pts',(1.06687767438794,-2.45512864770006E-16,
-2.09386533184266));
#9107=CARTESIAN_POINT('Ctrl Pts',(1.06687767438794,3.,-2.09386533184266));
#9108=CARTESIAN_POINT('',(0.772542485937369,3.,-2.37764129073788));
#9109=CARTESIAN_POINT('Ctrl Pts',(0.772542485937369,3.,-2.37764129073788));
#9110=CARTESIAN_POINT('Ctrl Pts',(0.919303153554611,3.,-2.32995585919675));
#9111=CARTESIAN_POINT('Ctrl Pts',(0.971375024345101,3.,-2.19359929191412));
#9112=CARTESIAN_POINT('Ctrl Pts',(1.0095042607876,3.,-2.14234479126532));
#9113=CARTESIAN_POINT('Ctrl Pts',(1.02505672034691,3.,-2.12143869340063));
#9114=CARTESIAN_POINT('Ctrl Pts',(1.03930775496297,3.,-2.1079129074302));
#9115=CARTESIAN_POINT('Ctrl Pts',(1.06687767438794,3.,-2.09386533184266));
#9116=CARTESIAN_POINT('',(0.772542485937369,-2.79529996437382E-16,-2.37764129073788));
#9117=CARTESIAN_POINT('Ctrl Pts',(0.367620992844542,-2.72153107094624E-16,
-2.32106760039857));
#9118=CARTESIAN_POINT('Ctrl Pts',(0.367620992844542,3.,-2.32106760039857));
#9119=CARTESIAN_POINT('Ctrl Pts',(0.443493822389939,-2.69980377300466E-16,
-2.30905052475519));
#9120=CARTESIAN_POINT('Ctrl Pts',(0.443493822389939,3.,-2.30905052475519));
#9121=CARTESIAN_POINT('Ctrl Pts',(0.476382081227744,-2.77978318871399E-16,
-2.359109292605));
#9122=CARTESIAN_POINT('Ctrl Pts',(0.476382081227744,3.,-2.359109292605));
#9123=CARTESIAN_POINT('Ctrl Pts',(0.603921241957912,-2.80388186039759E-16,
-2.38720221929432));
#9124=CARTESIAN_POINT('Ctrl Pts',(0.603921241957912,3.,-2.38720221929432));
#9125=CARTESIAN_POINT('Ctrl Pts',(0.653702587101489,-2.81328810304272E-16,
-2.39816750769365));
#9126=CARTESIAN_POINT('Ctrl Pts',(0.653702587101489,3.,-2.39816750769365));
#9127=CARTESIAN_POINT('Ctrl Pts',(0.714534810183396,-2.81253928047968E-16,
-2.39648912712304));
#9128=CARTESIAN_POINT('Ctrl Pts',(0.714534810183396,3.,-2.39648912712304));
#9129=CARTESIAN_POINT('Ctrl Pts',(0.772542485937368,-2.79529996437382E-16,
-2.37764129073788));
#9130=CARTESIAN_POINT('Ctrl Pts',(0.772542485937368,3.,-2.37764129073788));
#9131=CARTESIAN_POINT('',(0.367620992844542,3.,-2.32106760039857));
#9132=CARTESIAN_POINT('Ctrl Pts',(0.367620992844542,3.,-2.32106760039857));
#9133=CARTESIAN_POINT('Ctrl Pts',(0.443493822389939,3.,-2.30905052475519));
#9134=CARTESIAN_POINT('Ctrl Pts',(0.476382081227744,3.,-2.359109292605));
#9135=CARTESIAN_POINT('Ctrl Pts',(0.603921241957912,3.,-2.38720221929432));
#9136=CARTESIAN_POINT('Ctrl Pts',(0.653702587101489,3.,-2.39816750769365));
#9137=CARTESIAN_POINT('Ctrl Pts',(0.714534810183396,3.,-2.39648912712304));
#9138=CARTESIAN_POINT('Ctrl Pts',(0.772542485937368,3.,-2.37764129073788));
#9139=CARTESIAN_POINT('',(0.367620992844542,-2.72153107094624E-16,-2.32106760039857));
#9140=CARTESIAN_POINT('Ctrl Pts',(-6.6613381477509E-17,-2.93915231795365E-16,
-2.5));
#9141=CARTESIAN_POINT('Ctrl Pts',(-6.6613381477509E-17,3.,-2.5));
#9142=CARTESIAN_POINT('Ctrl Pts',(0.154313298003535,-2.93915231795365E-16,
-2.5));
#9143=CARTESIAN_POINT('Ctrl Pts',(0.154313298003535,3.,-2.5));
#9144=CARTESIAN_POINT('Ctrl Pts',(0.245973086619453,-2.84279679638004E-16,
-2.38640829114937));
#9145=CARTESIAN_POINT('Ctrl Pts',(0.245973086619453,3.,-2.38640829114937));
#9146=CARTESIAN_POINT('Ctrl Pts',(0.298074657138157,-2.7773585886668E-16,
-2.34944494636114));
#9147=CARTESIAN_POINT('Ctrl Pts',(0.298074657138157,3.,-2.34944494636114));
#9148=CARTESIAN_POINT('Ctrl Pts',(0.319326264672712,-2.75066712631276E-16,
-2.33436804006478));
#9149=CARTESIAN_POINT('Ctrl Pts',(0.319326264672712,3.,-2.33436804006478));
#9150=CARTESIAN_POINT('Ctrl Pts',(0.337059501735389,-2.73028280232157E-16,
-2.32590806506338));
#9151=CARTESIAN_POINT('Ctrl Pts',(0.337059501735389,3.,-2.32590806506338));
#9152=CARTESIAN_POINT('Ctrl Pts',(0.367620992844542,-2.72153107094624E-16,
-2.32106760039857));
#9153=CARTESIAN_POINT('Ctrl Pts',(0.367620992844542,3.,-2.32106760039857));
#9154=CARTESIAN_POINT('',(0.,3.,-2.5));
#9155=CARTESIAN_POINT('Ctrl Pts',(-6.6613381477509E-17,3.,-2.5));
#9156=CARTESIAN_POINT('Ctrl Pts',(0.154313298003535,3.,-2.5));
#9157=CARTESIAN_POINT('Ctrl Pts',(0.245973086619453,3.,-2.38640829114937));
#9158=CARTESIAN_POINT('Ctrl Pts',(0.298074657138157,3.,-2.34944494636114));
#9159=CARTESIAN_POINT('Ctrl Pts',(0.319326264672712,3.,-2.33436804006478));
#9160=CARTESIAN_POINT('Ctrl Pts',(0.337059501735389,3.,-2.32590806506338));
#9161=CARTESIAN_POINT('Ctrl Pts',(0.367620992844542,3.,-2.32106760039857));
#9162=CARTESIAN_POINT('',(-6.6613381477509E-17,-2.93915231795365E-16,-2.5));
#9163=CARTESIAN_POINT('Ctrl Pts',(-0.367620992844545,-2.72153107094624E-16,
-2.32106760039857));
#9164=CARTESIAN_POINT('Ctrl Pts',(-0.367620992844545,3.,-2.32106760039857));
#9165=CARTESIAN_POINT('Ctrl Pts',(-0.291748163299144,-2.74325836888783E-16,
-2.33308467604196));
#9166=CARTESIAN_POINT('Ctrl Pts',(-0.291748163299144,3.,-2.33308467604196));
#9167=CARTESIAN_POINT('Ctrl Pts',(-0.275938580404905,-2.8466093030786E-16,
-2.39085642429951));
#9168=CARTESIAN_POINT('Ctrl Pts',(-0.275938580404905,3.,-2.39085642429951));
#9169=CARTESIAN_POINT('Ctrl Pts',(-0.163322822278421,-2.90333670096841E-16,
-2.45698615340313));
#9170=CARTESIAN_POINT('Ctrl Pts',(-0.163322822278421,3.,-2.45698615340313));
#9171=CARTESIAN_POINT('Ctrl Pts',(-0.1193664100533,-2.92547865452435E-16,
-2.48279804404057));
#9172=CARTESIAN_POINT('Ctrl Pts',(-0.1193664100533,3.,-2.48279804404057));
#9173=CARTESIAN_POINT('Ctrl Pts',(-0.0609928797711725,-2.93915231795365E-16,
-2.5));
#9174=CARTESIAN_POINT('Ctrl Pts',(-0.0609928797711725,3.,-2.5));
#9175=CARTESIAN_POINT('Ctrl Pts',(-7.60502771868232E-16,-2.93915231795365E-16,
-2.5));
#9176=CARTESIAN_POINT('Ctrl Pts',(-7.60502771868232E-16,3.,-2.5));
#9177=CARTESIAN_POINT('',(-0.367620992844545,3.,-2.32106760039857));
#9178=CARTESIAN_POINT('Ctrl Pts',(-0.367620992844545,3.,-2.32106760039857));
#9179=CARTESIAN_POINT('Ctrl Pts',(-0.291748163299144,3.,-2.33308467604196));
#9180=CARTESIAN_POINT('Ctrl Pts',(-0.275938580404905,3.,-2.39085642429951));
#9181=CARTESIAN_POINT('Ctrl Pts',(-0.163322822278421,3.,-2.45698615340313));
#9182=CARTESIAN_POINT('Ctrl Pts',(-0.1193664100533,3.,-2.48279804404057));
#9183=CARTESIAN_POINT('Ctrl Pts',(-0.0609928797711725,3.,-2.5));
#9184=CARTESIAN_POINT('Ctrl Pts',(-7.60502771868232E-16,3.,-2.5));
#9185=CARTESIAN_POINT('',(-0.367620992844545,-2.72153107094624E-16,-2.32106760039857));
#9186=CARTESIAN_POINT('Ctrl Pts',(-0.772542485937369,-2.79529996437382E-16,
-2.37764129073788));
#9187=CARTESIAN_POINT('Ctrl Pts',(-0.772542485937369,3.,-2.37764129073788));
#9188=CARTESIAN_POINT('Ctrl Pts',(-0.625781818320101,-2.8389158050031E-16,
-2.42532672227903));
#9189=CARTESIAN_POINT('Ctrl Pts',(-0.625781818320101,3.,-2.42532672227903));
#9190=CARTESIAN_POINT('Ctrl Pts',(-0.503506410619709,-2.76606242394103E-16,
-2.34561901976264));
#9191=CARTESIAN_POINT('Ctrl Pts',(-0.503506410619709,3.,-2.34561901976264));
#9192=CARTESIAN_POINT('Ctrl Pts',(-0.442532570760233,-2.73233016980932E-16,
-2.32656506056166));
#9193=CARTESIAN_POINT('Ctrl Pts',(-0.442532570760233,3.,-2.32656506056166));
#9194=CARTESIAN_POINT('Ctrl Pts',(-0.4176620706646,-2.7185711867513E-16,
-2.3187931784689));
#9195=CARTESIAN_POINT('Ctrl Pts',(-0.4176620706646,3.,-2.3187931784689));
#9196=CARTESIAN_POINT('Ctrl Pts',(-0.398182483953693,-2.71277933957091E-16,
-2.31622713573377));
#9197=CARTESIAN_POINT('Ctrl Pts',(-0.398182483953693,3.,-2.31622713573377));
#9198=CARTESIAN_POINT('Ctrl Pts',(-0.367620992844542,-2.72153107094624E-16,
-2.32106760039857));
#9199=CARTESIAN_POINT('Ctrl Pts',(-0.367620992844542,3.,-2.32106760039857));
#9200=CARTESIAN_POINT('',(-0.772542485937369,3.,-2.37764129073788));
#9201=CARTESIAN_POINT('Ctrl Pts',(-0.772542485937369,3.,-2.37764129073788));
#9202=CARTESIAN_POINT('Ctrl Pts',(-0.625781818320101,3.,-2.42532672227903));
#9203=CARTESIAN_POINT('Ctrl Pts',(-0.503506410619709,3.,-2.34561901976264));
#9204=CARTESIAN_POINT('Ctrl Pts',(-0.442532570760233,3.,-2.32656506056166));
#9205=CARTESIAN_POINT('Ctrl Pts',(-0.4176620706646,3.,-2.3187931784689));
#9206=CARTESIAN_POINT('Ctrl Pts',(-0.398182483953693,3.,-2.31622713573377));
#9207=CARTESIAN_POINT('Ctrl Pts',(-0.367620992844542,3.,-2.32106760039857));
#9208=CARTESIAN_POINT('',(-0.772542485937369,-2.79529996437382E-16,-2.37764129073788));
#9209=CARTESIAN_POINT('Ctrl Pts',(-1.06687767438793,-2.45512864770006E-16,
-2.09386533184267));
#9210=CARTESIAN_POINT('Ctrl Pts',(-1.06687767438793,3.,-2.09386533184267));
#9211=CARTESIAN_POINT('Ctrl Pts',(-0.998431806035538,-2.5181837222193E-16,
-2.12874024368095));
#9212=CARTESIAN_POINT('Ctrl Pts',(-0.998431806035538,3.,-2.12874024368095));
#9213=CARTESIAN_POINT('Ctrl Pts',(-1.00124845121041,-2.63478946536466E-16,
-2.18856987110736));
#9214=CARTESIAN_POINT('Ctrl Pts',(-1.00124845121041,3.,-2.18856987110736));
#9215=CARTESIAN_POINT('Ctrl Pts',(-0.914579710733089,-2.71859271651219E-16,
-2.28626316398771));
#9216=CARTESIAN_POINT('Ctrl Pts',(-0.914579710733089,3.,-2.28626316398771));
#9217=CARTESIAN_POINT('Ctrl Pts',(-0.880750991317341,-2.7513029722928E-16,
-2.32439500916567));
#9218=CARTESIAN_POINT('Ctrl Pts',(-0.880750991317341,3.,-2.32439500916567));
#9219=CARTESIAN_POINT('Ctrl Pts',(-0.830550161691339,-2.77806064826797E-16,
-2.35879345435273));
#9220=CARTESIAN_POINT('Ctrl Pts',(-0.830550161691339,3.,-2.35879345435273));
#9221=CARTESIAN_POINT('Ctrl Pts',(-0.772542485937369,-2.79529996437382E-16,
-2.37764129073788));
#9222=CARTESIAN_POINT('Ctrl Pts',(-0.772542485937369,3.,-2.37764129073788));
#9223=CARTESIAN_POINT('',(-1.06687767438793,3.,-2.09386533184267));
#9224=CARTESIAN_POINT('Ctrl Pts',(-1.06687767438793,3.,-2.09386533184267));
#9225=CARTESIAN_POINT('Ctrl Pts',(-0.998431806035538,3.,-2.12874024368095));
#9226=CARTESIAN_POINT('Ctrl Pts',(-1.00124845121041,3.,-2.18856987110736));
#9227=CARTESIAN_POINT('Ctrl Pts',(-0.914579710733089,3.,-2.28626316398771));
#9228=CARTESIAN_POINT('Ctrl Pts',(-0.880750991317341,3.,-2.32439500916567));
#9229=CARTESIAN_POINT('Ctrl Pts',(-0.830550161691339,3.,-2.35879345435273));
#9230=CARTESIAN_POINT('Ctrl Pts',(-0.772542485937369,3.,-2.37764129073788));
#9231=CARTESIAN_POINT('',(-1.06687767438793,-2.45512864770006E-16,-2.09386533184267));
#9232=CARTESIAN_POINT('Ctrl Pts',(-1.46946313073118,-2.37782417428102E-16,
-2.02254248593737));
#9233=CARTESIAN_POINT('Ctrl Pts',(-1.46946313073118,3.,-2.02254248593737));
#9234=CARTESIAN_POINT('Ctrl Pts',(-1.34462105018827,-2.46078643316936E-16,
-2.11324556673646));
#9235=CARTESIAN_POINT('Ctrl Pts',(-1.34462105018827,3.,-2.11324556673646));
#9236=CARTESIAN_POINT('Ctrl Pts',(-1.20369919225206,-2.41856658915655E-16,
-2.07522421583289));
#9237=CARTESIAN_POINT('Ctrl Pts',(-1.20369919225206,3.,-2.07522421583289));
#9238=CARTESIAN_POINT('Ctrl Pts',(-1.1398216273269,-2.4198422366672E-16,
-2.07594477650244));
#9239=CARTESIAN_POINT('Ctrl Pts',(-1.1398216273269,3.,-2.07594477650244));
#9240=CARTESIAN_POINT('Ctrl Pts',(-1.11376673250247,-2.42036255803139E-16,
-2.07623868458241));
#9241=CARTESIAN_POINT('Ctrl Pts',(-1.11376673250247,3.,-2.07623868458241));
#9242=CARTESIAN_POINT('Ctrl Pts',(-1.09444759381289,-2.42973013401798E-16,
-2.07981775625514));
#9243=CARTESIAN_POINT('Ctrl Pts',(-1.09444759381289,3.,-2.07981775625514));
#9244=CARTESIAN_POINT('Ctrl Pts',(-1.06687767438793,-2.45512864770006E-16,
-2.09386533184266));
#9245=CARTESIAN_POINT('Ctrl Pts',(-1.06687767438793,3.,-2.09386533184266));
#9246=CARTESIAN_POINT('',(-1.46946313073118,3.,-2.02254248593737));
#9247=CARTESIAN_POINT('Ctrl Pts',(-1.46946313073118,3.,-2.02254248593737));
#9248=CARTESIAN_POINT('Ctrl Pts',(-1.34462105018827,3.,-2.11324556673646));
#9249=CARTESIAN_POINT('Ctrl Pts',(-1.20369919225206,3.,-2.07522421583289));
#9250=CARTESIAN_POINT('Ctrl Pts',(-1.1398216273269,3.,-2.07594477650244));
#9251=CARTESIAN_POINT('Ctrl Pts',(-1.11376673250247,3.,-2.07623868458241));
#9252=CARTESIAN_POINT('Ctrl Pts',(-1.09444759381289,3.,-2.07981775625514));
#9253=CARTESIAN_POINT('Ctrl Pts',(-1.06687767438793,3.,-2.09386533184266));
#9254=CARTESIAN_POINT('',(-1.46946313073118,-2.37782417428102E-16,-2.02254248593737));
#9255=CARTESIAN_POINT('Ctrl Pts',(-1.66170093578839,-1.94840112652986E-16,
-1.66170093578839));
#9256=CARTESIAN_POINT('Ctrl Pts',(-1.66170093578839,3.,-1.66170093578839));
#9257=CARTESIAN_POINT('Ctrl Pts',(-1.60738198711371,-2.04661170760228E-16,
-1.71601988446306));
#9258=CARTESIAN_POINT('Ctrl Pts',(-1.60738198711371,3.,-1.71601988446306));
#9259=CARTESIAN_POINT('Ctrl Pts',(-1.62854914750325,-2.16505807712315E-16,
-1.77205085026829));
#9260=CARTESIAN_POINT('Ctrl Pts',(-1.62854914750325,3.,-1.77205085026829));
#9261=CARTESIAN_POINT('Ctrl Pts',(-1.57631116484968,-2.26773393541449E-16,
-1.89174480674904));
#9262=CARTESIAN_POINT('Ctrl Pts',(-1.57631116484968,3.,-1.89174480674904));
#9263=CARTESIAN_POINT('Ctrl Pts',(-1.55592152899828,-2.30781058567823E-16,
-1.9384639957813));
#9264=CARTESIAN_POINT('Ctrl Pts',(-1.55592152899828,3.,-1.9384639957813));
#9265=CARTESIAN_POINT('Ctrl Pts',(-1.51880740700192,-2.34503304644313E-16,
-1.98669177071303));
#9266=CARTESIAN_POINT('Ctrl Pts',(-1.51880740700192,3.,-1.98669177071303));
#9267=CARTESIAN_POINT('Ctrl Pts',(-1.46946313073118,-2.37782417428102E-16,
-2.02254248593737));
#9268=CARTESIAN_POINT('Ctrl Pts',(-1.46946313073118,3.,-2.02254248593737));
#9269=CARTESIAN_POINT('',(-1.66170093578839,3.,-1.66170093578839));
#9270=CARTESIAN_POINT('Ctrl Pts',(-1.66170093578839,3.,-1.66170093578839));
#9271=CARTESIAN_POINT('Ctrl Pts',(-1.60738198711371,3.,-1.71601988446306));
#9272=CARTESIAN_POINT('Ctrl Pts',(-1.62854914750325,3.,-1.77205085026829));
#9273=CARTESIAN_POINT('Ctrl Pts',(-1.57631116484968,3.,-1.89174480674904));
#9274=CARTESIAN_POINT('Ctrl Pts',(-1.55592152899828,3.,-1.9384639957813));
#9275=CARTESIAN_POINT('Ctrl Pts',(-1.51880740700192,3.,-1.98669177071303));
#9276=CARTESIAN_POINT('Ctrl Pts',(-1.46946313073118,3.,-2.02254248593737));
#9277=CARTESIAN_POINT('',(-1.66170093578839,-1.94840112652986E-16,-1.66170093578839));
#9278=CARTESIAN_POINT('Ctrl Pts',(-2.02254248593737,-1.72759038673439E-16,
-1.46946313073118));
#9279=CARTESIAN_POINT('Ctrl Pts',(-2.02254248593737,3.,-1.46946313073118));
#9280=CARTESIAN_POINT('Ctrl Pts',(-1.93183940513826,-1.84177813994977E-16,
-1.59430521127411));
#9281=CARTESIAN_POINT('Ctrl Pts',(-1.93183940513826,3.,-1.59430521127411));
#9282=CARTESIAN_POINT('Ctrl Pts',(-1.78606551028128,-1.83432460548112E-16,
-1.60169200672009));
#9283=CARTESIAN_POINT('Ctrl Pts',(-1.78606551028128,3.,-1.60169200672009));
#9284=CARTESIAN_POINT('Ctrl Pts',(-1.72553700140652,-1.87048328536786E-16,
-1.62211655376143));
#9285=CARTESIAN_POINT('Ctrl Pts',(-1.72553700140652,3.,-1.62211655376143));
#9286=CARTESIAN_POINT('Ctrl Pts',(-1.70084814649388,-1.88523197847384E-16,
-1.63044748224346));
#9287=CARTESIAN_POINT('Ctrl Pts',(-1.70084814649388,3.,-1.63044748224346));
#9288=CARTESIAN_POINT('Ctrl Pts',(-1.6835805477249,-1.9088420140221E-16,
-1.63982132385187));
#9289=CARTESIAN_POINT('Ctrl Pts',(-1.6835805477249,3.,-1.63982132385187));
#9290=CARTESIAN_POINT('Ctrl Pts',(-1.66170093578839,-1.94840112652986E-16,
-1.66170093578839));
#9291=CARTESIAN_POINT('Ctrl Pts',(-1.66170093578839,3.,-1.66170093578839));
#9292=CARTESIAN_POINT('',(-2.02254248593737,3.,-1.46946313073118));
#9293=CARTESIAN_POINT('Ctrl Pts',(-2.02254248593737,3.,-1.46946313073118));
#9294=CARTESIAN_POINT('Ctrl Pts',(-1.93183940513826,3.,-1.59430521127411));
#9295=CARTESIAN_POINT('Ctrl Pts',(-1.78606551028128,3.,-1.60169200672009));
#9296=CARTESIAN_POINT('Ctrl Pts',(-1.72553700140652,3.,-1.62211655376143));
#9297=CARTESIAN_POINT('Ctrl Pts',(-1.70084814649388,3.,-1.63044748224346));
#9298=CARTESIAN_POINT('Ctrl Pts',(-1.6835805477249,3.,-1.63982132385187));
#9299=CARTESIAN_POINT('Ctrl Pts',(-1.66170093578839,3.,-1.66170093578839));
#9300=CARTESIAN_POINT('',(-2.02254248593737,-1.72759038673439E-16,-1.46946313073118));
#9301=CARTESIAN_POINT('Ctrl Pts',(-2.09386533184267,-1.25095052778602E-16,
-1.06687767438793));
#9302=CARTESIAN_POINT('Ctrl Pts',(-2.09386533184267,3.,-1.06687767438793));
#9303=CARTESIAN_POINT('Ctrl Pts',(-2.05899042000437,-1.37470307946289E-16,
-1.13532354274034));
#9304=CARTESIAN_POINT('Ctrl Pts',(-2.05899042000437,3.,-1.13532354274034));
#9305=CARTESIAN_POINT('Ctrl Pts',(-2.09643610646936,-1.48339571944619E-16,
-1.18207114560066));
#9306=CARTESIAN_POINT('Ctrl Pts',(-2.09643610646936,3.,-1.18207114560066));
#9307=CARTESIAN_POINT('Ctrl Pts',(-2.0837422993451,-1.59489355648701E-16,
-1.31204928726464));
#9308=CARTESIAN_POINT('Ctrl Pts',(-2.0837422993451,3.,-1.31204928726464));
#9309=CARTESIAN_POINT('Ctrl Pts',(-2.07878762667813,-1.63841361947563E-16,
-1.36278262041701));
#9310=CARTESIAN_POINT('Ctrl Pts',(-2.07878762667813,3.,-1.36278262041701));
#9311=CARTESIAN_POINT('Ctrl Pts',(-2.05839320116171,-1.68245727122645E-16,
-1.42011885446043));
#9312=CARTESIAN_POINT('Ctrl Pts',(-2.05839320116171,3.,-1.42011885446043));
#9313=CARTESIAN_POINT('Ctrl Pts',(-2.02254248593737,-1.72759038673439E-16,
-1.46946313073118));
#9314=CARTESIAN_POINT('Ctrl Pts',(-2.02254248593737,3.,-1.46946313073118));
#9315=CARTESIAN_POINT('',(-2.09386533184267,3.,-1.06687767438793));
#9316=CARTESIAN_POINT('Ctrl Pts',(-2.09386533184267,3.,-1.06687767438793));
#9317=CARTESIAN_POINT('Ctrl Pts',(-2.05899042000437,3.,-1.13532354274034));
#9318=CARTESIAN_POINT('Ctrl Pts',(-2.09643610646936,3.,-1.18207114560066));
#9319=CARTESIAN_POINT('Ctrl Pts',(-2.0837422993451,3.,-1.31204928726464));
#9320=CARTESIAN_POINT('Ctrl Pts',(-2.07878762667813,3.,-1.36278262041701));
#9321=CARTESIAN_POINT('Ctrl Pts',(-2.05839320116171,3.,-1.42011885446043));
#9322=CARTESIAN_POINT('Ctrl Pts',(-2.02254248593737,3.,-1.46946313073118));
#9323=CARTESIAN_POINT('',(-2.09386533184267,-1.25095052778602E-16,-1.06687767438793));
#9324=CARTESIAN_POINT('Ctrl Pts',(-2.37764129073788,-9.08248015304196E-17,
-0.772542485937368));
#9325=CARTESIAN_POINT('Ctrl Pts',(-2.37764129073788,3.,-0.772542485937368));
#9326=CARTESIAN_POINT('Ctrl Pts',(-2.32995585919674,-1.04248376996899E-16,
-0.919303153554628));
#9327=CARTESIAN_POINT('Ctrl Pts',(-2.32995585919674,3.,-0.919303153554628));
#9328=CARTESIAN_POINT('Ctrl Pts',(-2.19359929191411,-1.07052614893016E-16,
-0.971375024345103));
#9329=CARTESIAN_POINT('Ctrl Pts',(-2.19359929191411,3.,-0.971375024345103));
#9330=CARTESIAN_POINT('Ctrl Pts',(-2.1423447912653,-1.1380283976733E-16,
-1.00950426078762));
#9331=CARTESIAN_POINT('Ctrl Pts',(-2.1423447912653,3.,-1.00950426078762));
#9332=CARTESIAN_POINT('Ctrl Pts',(-2.12143869340062,-1.16556175767967E-16,
-1.02505672034693));
#9333=CARTESIAN_POINT('Ctrl Pts',(-2.12143869340062,3.,-1.02505672034693));
#9334=CARTESIAN_POINT('Ctrl Pts',(-2.10791290743019,-1.20110313800936E-16,
-1.03930775496297));
#9335=CARTESIAN_POINT('Ctrl Pts',(-2.10791290743019,3.,-1.03930775496297));
#9336=CARTESIAN_POINT('Ctrl Pts',(-2.09386533184266,-1.25095052778602E-16,
-1.06687767438794));
#9337=CARTESIAN_POINT('Ctrl Pts',(-2.09386533184266,3.,-1.06687767438794));
#9338=CARTESIAN_POINT('',(-2.37764129073788,3.,-0.772542485937368));
#9339=CARTESIAN_POINT('Ctrl Pts',(-2.37764129073788,3.,-0.772542485937368));
#9340=CARTESIAN_POINT('Ctrl Pts',(-2.32995585919674,3.,-0.919303153554628));
#9341=CARTESIAN_POINT('Ctrl Pts',(-2.19359929191411,3.,-0.971375024345103));
#9342=CARTESIAN_POINT('Ctrl Pts',(-2.1423447912653,3.,-1.00950426078762));
#9343=CARTESIAN_POINT('Ctrl Pts',(-2.12143869340062,3.,-1.02505672034693));
#9344=CARTESIAN_POINT('Ctrl Pts',(-2.10791290743019,3.,-1.03930775496297));
#9345=CARTESIAN_POINT('Ctrl Pts',(-2.09386533184266,3.,-1.06687767438794));
#9346=CARTESIAN_POINT('',(-2.37764129073788,-9.08248015304196E-17,-0.772542485937368));
#9347=CARTESIAN_POINT('Ctrl Pts',(-2.32106760039857,-4.31048175497656E-17,
-0.367620992844542));
#9348=CARTESIAN_POINT('Ctrl Pts',(-2.32106760039857,3.,-0.367620992844542));
#9349=CARTESIAN_POINT('Ctrl Pts',(-2.30905052475519,-5.68228935786124E-17,
-0.443493822389939));
#9350=CARTESIAN_POINT('Ctrl Pts',(-2.30905052475519,3.,-0.443493822389939));
#9351=CARTESIAN_POINT('Ctrl Pts',(-2.359109292605,-6.56528253324143E-17,
-0.47638208122772));
#9352=CARTESIAN_POINT('Ctrl Pts',(-2.359109292605,3.,-0.47638208122772));
#9353=CARTESIAN_POINT('Ctrl Pts',(-2.38720221929432,-7.65933883973794E-17,
-0.603921241957916));
#9354=CARTESIAN_POINT('Ctrl Pts',(-2.38720221929432,3.,-0.603921241957916));
#9355=CARTESIAN_POINT('Ctrl Pts',(-2.39816750769365,-8.08637312699844E-17,
-0.653702587101503));
#9356=CARTESIAN_POINT('Ctrl Pts',(-2.39816750769365,3.,-0.653702587101503));
#9357=CARTESIAN_POINT('Ctrl Pts',(-2.39648912712304,-8.55190855933048E-17,
-0.714534810183396));
#9358=CARTESIAN_POINT('Ctrl Pts',(-2.39648912712304,3.,-0.714534810183396));
#9359=CARTESIAN_POINT('Ctrl Pts',(-2.37764129073788,-9.08248015304196E-17,
-0.772542485937368));
#9360=CARTESIAN_POINT('Ctrl Pts',(-2.37764129073788,3.,-0.772542485937368));
#9361=CARTESIAN_POINT('',(-2.32106760039857,3.,-0.367620992844542));
#9362=CARTESIAN_POINT('Ctrl Pts',(-2.32106760039857,3.,-0.367620992844542));
#9363=CARTESIAN_POINT('Ctrl Pts',(-2.30905052475519,3.,-0.443493822389939));
#9364=CARTESIAN_POINT('Ctrl Pts',(-2.359109292605,3.,-0.47638208122772));
#9365=CARTESIAN_POINT('Ctrl Pts',(-2.38720221929432,3.,-0.603921241957916));
#9366=CARTESIAN_POINT('Ctrl Pts',(-2.39816750769365,3.,-0.653702587101503));
#9367=CARTESIAN_POINT('Ctrl Pts',(-2.39648912712304,3.,-0.714534810183396));
#9368=CARTESIAN_POINT('Ctrl Pts',(-2.37764129073788,3.,-0.772542485937368));
#9369=CARTESIAN_POINT('',(-2.32106760039857,-4.31048175497656E-17,-0.367620992844542));
#9370=CARTESIAN_POINT('Ctrl Pts',(-2.5,-5.17321571574901E-33,5.07486229170555E-16));
#9371=CARTESIAN_POINT('Ctrl Pts',(-2.5,3.,5.07486229170555E-16));
#9372=CARTESIAN_POINT('Ctrl Pts',(-2.5,-1.41143825172142E-17,-0.154313298003531));
#9373=CARTESIAN_POINT('Ctrl Pts',(-2.5,3.,-0.154313298003531));
#9374=CARTESIAN_POINT('Ctrl Pts',(-2.38640829114935,-2.01937134127652E-17,
-0.245973086619483));
#9375=CARTESIAN_POINT('Ctrl Pts',(-2.38640829114935,3.,-0.245973086619483));
#9376=CARTESIAN_POINT('Ctrl Pts',(-2.34944494636115,-2.94175361304399E-17,
-0.298074657138152));
#9377=CARTESIAN_POINT('Ctrl Pts',(-2.34944494636115,3.,-0.298074657138152));
#9378=CARTESIAN_POINT('Ctrl Pts',(-2.33436804006479,-3.31798231097542E-17,
-0.319326264672693));
#9379=CARTESIAN_POINT('Ctrl Pts',(-2.33436804006479,3.,-0.319326264672693));
#9380=CARTESIAN_POINT('Ctrl Pts',(-2.32590806506338,-3.75791918270623E-17,
-0.337059501735387));
#9381=CARTESIAN_POINT('Ctrl Pts',(-2.32590806506338,3.,-0.337059501735387));
#9382=CARTESIAN_POINT('Ctrl Pts',(-2.32106760039857,-4.31048175497656E-17,
-0.367620992844542));
#9383=CARTESIAN_POINT('Ctrl Pts',(-2.32106760039857,3.,-0.367620992844542));
#9384=CARTESIAN_POINT('',(-2.5,3.,4.85722573273506E-16));
#9385=CARTESIAN_POINT('Ctrl Pts',(-2.5,3.,5.07486229170555E-16));
#9386=CARTESIAN_POINT('Ctrl Pts',(-2.5,3.,-0.154313298003531));
#9387=CARTESIAN_POINT('Ctrl Pts',(-2.38640829114935,3.,-0.245973086619483));
#9388=CARTESIAN_POINT('Ctrl Pts',(-2.34944494636115,3.,-0.298074657138152));
#9389=CARTESIAN_POINT('Ctrl Pts',(-2.33436804006479,3.,-0.319326264672693));
#9390=CARTESIAN_POINT('Ctrl Pts',(-2.32590806506338,3.,-0.337059501735387));
#9391=CARTESIAN_POINT('Ctrl Pts',(-2.32106760039857,3.,-0.367620992844542));
#9392=CARTESIAN_POINT('',(-2.5,-5.17321571574901E-33,5.07486229170555E-16));
#9393=CARTESIAN_POINT('Ctrl Pts',(-2.32106760039857,4.31048175497656E-17,
0.367620992844544));
#9394=CARTESIAN_POINT('Ctrl Pts',(-2.32106760039857,3.,0.367620992844544));
#9395=CARTESIAN_POINT('Ctrl Pts',(-2.33308467604196,2.93867415209195E-17,
0.291748163299143));
#9396=CARTESIAN_POINT('Ctrl Pts',(-2.33308467604196,3.,0.291748163299143));
#9397=CARTESIAN_POINT('Ctrl Pts',(-2.39085642429952,2.34604772534608E-17,
0.275938580404887));
#9398=CARTESIAN_POINT('Ctrl Pts',(-2.39085642429952,3.,0.275938580404887));
#9399=CARTESIAN_POINT('Ctrl Pts',(-2.45698615340313,1.38000733677981E-17,
0.163322822278419));
#9400=CARTESIAN_POINT('Ctrl Pts',(-2.45698615340313,3.,0.163322822278419));
#9401=CARTESIAN_POINT('Ctrl Pts',(-2.48279804404057,1.0029404835048E-17,
0.119366410053306));
#9402=CARTESIAN_POINT('Ctrl Pts',(-2.48279804404057,3.,0.119366410053306));
#9403=CARTESIAN_POINT('Ctrl Pts',(-2.5,5.57875988041579E-18,0.0609928797711705));
#9404=CARTESIAN_POINT('Ctrl Pts',(-2.5,3.,0.0609928797711705));
#9405=CARTESIAN_POINT('Ctrl Pts',(-2.5,8.81698578076868E-33,6.21724893790086E-16));
#9406=CARTESIAN_POINT('Ctrl Pts',(-2.5,3.,6.21724893790086E-16));
#9407=CARTESIAN_POINT('',(-2.32106760039857,3.,0.367620992844544));
#9408=CARTESIAN_POINT('Ctrl Pts',(-2.32106760039857,3.,0.367620992844544));
#9409=CARTESIAN_POINT('Ctrl Pts',(-2.33308467604196,3.,0.291748163299143));
#9410=CARTESIAN_POINT('Ctrl Pts',(-2.39085642429952,3.,0.275938580404887));
#9411=CARTESIAN_POINT('Ctrl Pts',(-2.45698615340313,3.,0.163322822278419));
#9412=CARTESIAN_POINT('Ctrl Pts',(-2.48279804404057,3.,0.119366410053306));
#9413=CARTESIAN_POINT('Ctrl Pts',(-2.5,3.,0.0609928797711705));
#9414=CARTESIAN_POINT('Ctrl Pts',(-2.5,3.,6.21724893790086E-16));
#9415=CARTESIAN_POINT('',(-2.32106760039857,4.31048175497656E-17,0.367620992844544));
#9416=CARTESIAN_POINT('Ctrl Pts',(-2.37764129073788,9.08248015304196E-17,
0.772542485937369));
#9417=CARTESIAN_POINT('Ctrl Pts',(-2.37764129073788,3.,0.772542485937369));
#9418=CARTESIAN_POINT('Ctrl Pts',(-2.42532672227902,7.74012260639405E-17,
0.625781818320111));
#9419=CARTESIAN_POINT('Ctrl Pts',(-2.42532672227902,3.,0.625781818320111));
#9420=CARTESIAN_POINT('Ctrl Pts',(-2.34561901976264,6.86418894342015E-17,
0.503506410619714));
#9421=CARTESIAN_POINT('Ctrl Pts',(-2.34561901976264,3.,0.503506410619714));
#9422=CARTESIAN_POINT('Ctrl Pts',(-2.32656506056166,5.78473609069227E-17,
0.442532570760248));
#9423=CARTESIAN_POINT('Ctrl Pts',(-2.32656506056166,3.,0.442532570760248));
#9424=CARTESIAN_POINT('Ctrl Pts',(-2.31879317846891,5.34444018118618E-17,
0.417662070664612));
#9425=CARTESIAN_POINT('Ctrl Pts',(-2.31879317846891,3.,0.417662070664612));
#9426=CARTESIAN_POINT('Ctrl Pts',(-2.31622713573377,4.86304432724687E-17,
0.398182483953699));
#9427=CARTESIAN_POINT('Ctrl Pts',(-2.31622713573377,3.,0.398182483953699));
#9428=CARTESIAN_POINT('Ctrl Pts',(-2.32106760039857,4.31048175497657E-17,
0.367620992844542));
#9429=CARTESIAN_POINT('Ctrl Pts',(-2.32106760039857,3.,0.367620992844542));
#9430=CARTESIAN_POINT('',(-2.37764129073788,3.,0.772542485937369));
#9431=CARTESIAN_POINT('Ctrl Pts',(-2.37764129073788,3.,0.772542485937369));
#9432=CARTESIAN_POINT('Ctrl Pts',(-2.42532672227902,3.,0.625781818320111));
#9433=CARTESIAN_POINT('Ctrl Pts',(-2.34561901976264,3.,0.503506410619714));
#9434=CARTESIAN_POINT('Ctrl Pts',(-2.32656506056166,3.,0.442532570760248));
#9435=CARTESIAN_POINT('Ctrl Pts',(-2.31879317846891,3.,0.417662070664612));
#9436=CARTESIAN_POINT('Ctrl Pts',(-2.31622713573377,3.,0.398182483953699));
#9437=CARTESIAN_POINT('Ctrl Pts',(-2.32106760039857,3.,0.367620992844542));
#9438=CARTESIAN_POINT('',(-2.37764129073788,9.08248015304196E-17,0.772542485937369));
#9439=CARTESIAN_POINT('Ctrl Pts',(-2.09386533184267,1.25095052778602E-16,
1.06687767438793));
#9440=CARTESIAN_POINT('Ctrl Pts',(-2.09386533184267,3.,1.06687767438793));
#9441=CARTESIAN_POINT('Ctrl Pts',(-2.12874024368095,1.12719797610915E-16,
0.998431806035538));
#9442=CARTESIAN_POINT('Ctrl Pts',(-2.12874024368095,3.,0.998431806035538));
#9443=CARTESIAN_POINT('Ctrl Pts',(-2.18856987110736,1.10277304867009E-16,
1.00124845121041));
#9444=CARTESIAN_POINT('Ctrl Pts',(-2.18856987110736,3.,1.00124845121041));
#9445=CARTESIAN_POINT('Ctrl Pts',(-2.28626316398771,1.02842687800968E-16,
0.914579710733089));
#9446=CARTESIAN_POINT('Ctrl Pts',(-2.28626316398771,3.,0.914579710733089));
#9447=CARTESIAN_POINT('Ctrl Pts',(-2.32439500916567,9.99407929158516E-17,
0.880750991317341));
#9448=CARTESIAN_POINT('Ctrl Pts',(-2.32439500916567,3.,0.880750991317341));
#9449=CARTESIAN_POINT('Ctrl Pts',(-2.35879345435273,9.61305174675344E-17,
0.830550161691339));
#9450=CARTESIAN_POINT('Ctrl Pts',(-2.35879345435273,3.,0.830550161691339));
#9451=CARTESIAN_POINT('Ctrl Pts',(-2.37764129073788,9.08248015304196E-17,
0.772542485937369));
#9452=CARTESIAN_POINT('Ctrl Pts',(-2.37764129073788,3.,0.772542485937369));
#9453=CARTESIAN_POINT('',(-2.09386533184267,3.,1.06687767438793));
#9454=CARTESIAN_POINT('Ctrl Pts',(-2.09386533184267,3.,1.06687767438793));
#9455=CARTESIAN_POINT('Ctrl Pts',(-2.12874024368095,3.,0.998431806035538));
#9456=CARTESIAN_POINT('Ctrl Pts',(-2.18856987110736,3.,1.00124845121041));
#9457=CARTESIAN_POINT('Ctrl Pts',(-2.28626316398771,3.,0.914579710733089));
#9458=CARTESIAN_POINT('Ctrl Pts',(-2.32439500916567,3.,0.880750991317341));
#9459=CARTESIAN_POINT('Ctrl Pts',(-2.35879345435273,3.,0.830550161691339));
#9460=CARTESIAN_POINT('Ctrl Pts',(-2.37764129073788,3.,0.772542485937369));
#9461=CARTESIAN_POINT('',(-2.09386533184267,1.25095052778602E-16,1.06687767438793));
#9462=CARTESIAN_POINT('Ctrl Pts',(-2.02254248593737,1.72759038673439E-16,
1.46946313073118));
#9463=CARTESIAN_POINT('Ctrl Pts',(-2.02254248593737,3.,1.46946313073118));
#9464=CARTESIAN_POINT('Ctrl Pts',(-2.11324556673646,1.61340263351904E-16,
1.34462105018827));
#9465=CARTESIAN_POINT('Ctrl Pts',(-2.11324556673646,3.,1.34462105018827));
#9466=CARTESIAN_POINT('Ctrl Pts',(-2.07522421583289,1.50758345887182E-16,
1.20369919225206));
#9467=CARTESIAN_POINT('Ctrl Pts',(-2.07522421583289,3.,1.20369919225206));
#9468=CARTESIAN_POINT('Ctrl Pts',(-2.07594477650244,1.39449755212452E-16,
1.1398216273269));
#9469=CARTESIAN_POINT('Ctrl Pts',(-2.07594477650244,3.,1.1398216273269));
#9470=CARTESIAN_POINT('Ctrl Pts',(-2.07623868458241,1.34837116315089E-16,
1.11376673250247));
#9471=CARTESIAN_POINT('Ctrl Pts',(-2.07623868458241,3.,1.11376673250247));
#9472=CARTESIAN_POINT('Ctrl Pts',(-2.07981775625514,1.30079791756269E-16,
1.09444759381289));
#9473=CARTESIAN_POINT('Ctrl Pts',(-2.07981775625514,3.,1.09444759381289));
#9474=CARTESIAN_POINT('Ctrl Pts',(-2.09386533184266,1.25095052778602E-16,
1.06687767438793));
#9475=CARTESIAN_POINT('Ctrl Pts',(-2.09386533184266,3.,1.06687767438793));
#9476=CARTESIAN_POINT('',(-2.02254248593737,3.,1.46946313073118));
#9477=CARTESIAN_POINT('Ctrl Pts',(-2.02254248593737,3.,1.46946313073118));
#9478=CARTESIAN_POINT('Ctrl Pts',(-2.11324556673646,3.,1.34462105018827));
#9479=CARTESIAN_POINT('Ctrl Pts',(-2.07522421583289,3.,1.20369919225206));
#9480=CARTESIAN_POINT('Ctrl Pts',(-2.07594477650244,3.,1.1398216273269));
#9481=CARTESIAN_POINT('Ctrl Pts',(-2.07623868458241,3.,1.11376673250247));
#9482=CARTESIAN_POINT('Ctrl Pts',(-2.07981775625514,3.,1.09444759381289));
#9483=CARTESIAN_POINT('Ctrl Pts',(-2.09386533184266,3.,1.06687767438793));
#9484=CARTESIAN_POINT('',(-2.02254248593737,1.72759038673439E-16,1.46946313073118));
#9485=CARTESIAN_POINT('Ctrl Pts',(-1.66170093578839,1.94840112652986E-16,
1.66170093578839));
#9486=CARTESIAN_POINT('Ctrl Pts',(-1.66170093578839,3.,1.66170093578839));
#9487=CARTESIAN_POINT('Ctrl Pts',(-1.71601988446306,1.85019054545744E-16,
1.60738198711371));
#9488=CARTESIAN_POINT('Ctrl Pts',(-1.71601988446306,3.,1.60738198711371));
#9489=CARTESIAN_POINT('Ctrl Pts',(-1.77205085026829,1.86299421533013E-16,
1.62854914750325));
#9490=CARTESIAN_POINT('Ctrl Pts',(-1.77205085026829,3.,1.62854914750325));
#9491=CARTESIAN_POINT('Ctrl Pts',(-1.89174480674903,1.81818343405041E-16,
1.57631116484968));
#9492=CARTESIAN_POINT('Ctrl Pts',(-1.89174480674903,3.,1.57631116484968));
#9493=CARTESIAN_POINT('Ctrl Pts',(-1.9384639957813,1.80069279857604E-16,
1.55592152899828));
#9494=CARTESIAN_POINT('Ctrl Pts',(-1.9384639957813,3.,1.55592152899828));
#9495=CARTESIAN_POINT('Ctrl Pts',(-1.98669177071303,1.77272350224232E-16,
1.51880740700192));
#9496=CARTESIAN_POINT('Ctrl Pts',(-1.98669177071303,3.,1.51880740700192));
#9497=CARTESIAN_POINT('Ctrl Pts',(-2.02254248593737,1.72759038673439E-16,
1.46946313073118));
#9498=CARTESIAN_POINT('Ctrl Pts',(-2.02254248593737,3.,1.46946313073118));
#9499=CARTESIAN_POINT('',(-1.66170093578839,3.,1.66170093578839));
#9500=CARTESIAN_POINT('Ctrl Pts',(-1.66170093578839,3.,1.66170093578839));
#9501=CARTESIAN_POINT('Ctrl Pts',(-1.71601988446306,3.,1.60738198711371));
#9502=CARTESIAN_POINT('Ctrl Pts',(-1.77205085026829,3.,1.62854914750325));
#9503=CARTESIAN_POINT('Ctrl Pts',(-1.89174480674903,3.,1.57631116484968));
#9504=CARTESIAN_POINT('Ctrl Pts',(-1.9384639957813,3.,1.55592152899828));
#9505=CARTESIAN_POINT('Ctrl Pts',(-1.98669177071303,3.,1.51880740700192));
#9506=CARTESIAN_POINT('Ctrl Pts',(-2.02254248593737,3.,1.46946313073118));
#9507=CARTESIAN_POINT('',(-1.66170093578839,1.94840112652986E-16,1.66170093578839));
#9508=CARTESIAN_POINT('Ctrl Pts',(-1.46946313073118,4.18819982779935E-32,
2.02254248593737));
#9509=CARTESIAN_POINT('Ctrl Pts',(-1.46946313073118,3.,2.02254248593737));
#9510=CARTESIAN_POINT('Ctrl Pts',(-1.59430521127407,4.04207358257561E-32,
1.93183940513829));
#9511=CARTESIAN_POINT('Ctrl Pts',(-1.59430521127407,3.,1.93183940513829));
#9512=CARTESIAN_POINT('Ctrl Pts',(-1.60169200672009,3.84183065650279E-32,
1.78606551028133));
#9513=CARTESIAN_POINT('Ctrl Pts',(-1.60169200672009,3.,1.78606551028133));
#9514=CARTESIAN_POINT('Ctrl Pts',(-1.62211655376141,3.65308899913219E-32,
1.72553700140658));
#9515=CARTESIAN_POINT('Ctrl Pts',(-1.62211655376141,3.,1.72553700140658));
#9516=CARTESIAN_POINT('Ctrl Pts',(-1.63044748224345,3.57610353424256E-32,
1.70084814649391));
#9517=CARTESIAN_POINT('Ctrl Pts',(-1.63044748224345,3.,1.70084814649391));
#9518=CARTESIAN_POINT('Ctrl Pts',(-1.63982132385185,3.50150983443801E-32,
1.68358054772492));
#9519=CARTESIAN_POINT('Ctrl Pts',(-1.63982132385185,3.,1.68358054772492));
#9520=CARTESIAN_POINT('Ctrl Pts',(-1.66170093578839,3.43183207189146E-32,
1.66170093578839));
#9521=CARTESIAN_POINT('Ctrl Pts',(-1.66170093578839,3.,1.66170093578839));
#9522=CARTESIAN_POINT('',(-1.46946313073118,3.,2.02254248593737));
#9523=CARTESIAN_POINT('Ctrl Pts',(-1.46946313073118,3.,2.02254248593737));
#9524=CARTESIAN_POINT('Ctrl Pts',(-1.59430521127407,3.,1.93183940513829));
#9525=CARTESIAN_POINT('Ctrl Pts',(-1.60169200672009,3.,1.78606551028133));
#9526=CARTESIAN_POINT('Ctrl Pts',(-1.62211655376141,3.,1.72553700140658));
#9527=CARTESIAN_POINT('Ctrl Pts',(-1.63044748224345,3.,1.70084814649391));
#9528=CARTESIAN_POINT('Ctrl Pts',(-1.63982132385185,3.,1.68358054772492));
#9529=CARTESIAN_POINT('Ctrl Pts',(-1.66170093578839,3.,1.66170093578839));
#9530=CARTESIAN_POINT('',(-1.46946313073118,4.18819982779935E-32,2.02254248593737));
#9531=CARTESIAN_POINT('Ctrl Pts',(-1.06687767438793,4.32436068685852E-32,
2.09386533184266));
#9532=CARTESIAN_POINT('Ctrl Pts',(-1.06687767438793,3.,2.09386533184266));
#9533=CARTESIAN_POINT('Ctrl Pts',(-1.13532354274034,4.21329812172028E-32,
2.05899042000437));
#9534=CARTESIAN_POINT('Ctrl Pts',(-1.13532354274034,3.,2.05899042000437));
#9535=CARTESIAN_POINT('Ctrl Pts',(-1.1820711456007,4.29921532795148E-32,
2.09643610646936));
#9536=CARTESIAN_POINT('Ctrl Pts',(-1.1820711456007,3.,2.09643610646936));
#9537=CARTESIAN_POINT('Ctrl Pts',(-1.31204928726467,4.28003589906647E-32,
2.0837422993451));
#9538=CARTESIAN_POINT('Ctrl Pts',(-1.31204928726467,3.,2.0837422993451));
#9539=CARTESIAN_POINT('Ctrl Pts',(-1.36278262041702,4.27254974529601E-32,
2.07878762667812));
#9540=CARTESIAN_POINT('Ctrl Pts',(-1.36278262041702,3.,2.07878762667812));
#9541=CARTESIAN_POINT('Ctrl Pts',(-1.42011885446044,4.2459567458463E-32,
2.05839320116171));
#9542=CARTESIAN_POINT('Ctrl Pts',(-1.42011885446044,3.,2.05839320116171));
#9543=CARTESIAN_POINT('Ctrl Pts',(-1.46946313073118,4.18819982779936E-32,
2.02254248593737));
#9544=CARTESIAN_POINT('Ctrl Pts',(-1.46946313073118,3.,2.02254248593737));
#9545=CARTESIAN_POINT('',(-1.06687767438793,3.,2.09386533184266));
#9546=CARTESIAN_POINT('Ctrl Pts',(-1.06687767438793,3.,2.09386533184266));
#9547=CARTESIAN_POINT('Ctrl Pts',(-1.13532354274034,3.,2.05899042000437));
#9548=CARTESIAN_POINT('Ctrl Pts',(-1.1820711456007,3.,2.09643610646936));
#9549=CARTESIAN_POINT('Ctrl Pts',(-1.31204928726467,3.,2.0837422993451));
#9550=CARTESIAN_POINT('Ctrl Pts',(-1.36278262041702,3.,2.07878762667812));
#9551=CARTESIAN_POINT('Ctrl Pts',(-1.42011885446044,3.,2.05839320116171));
#9552=CARTESIAN_POINT('Ctrl Pts',(-1.46946313073118,3.,2.02254248593737));
#9553=CARTESIAN_POINT('',(-1.06687767438793,4.32436068685852E-32,2.09386533184266));
#9554=CARTESIAN_POINT('Ctrl Pts',(-0.772542485937369,4.92352418486867E-32,
2.37764129073788));
#9555=CARTESIAN_POINT('Ctrl Pts',(-0.772542485937369,3.,2.37764129073788));
#9556=CARTESIAN_POINT('Ctrl Pts',(-0.919303153554632,4.84670107145739E-32,
2.32995585919674));
#9557=CARTESIAN_POINT('Ctrl Pts',(-0.919303153554632,3.,2.32995585919674));
#9558=CARTESIAN_POINT('Ctrl Pts',(-0.971375024345101,4.65220185062365E-32,
2.1935992919141));
#9559=CARTESIAN_POINT('Ctrl Pts',(-0.971375024345101,3.,2.1935992919141));
#9560=CARTESIAN_POINT('Ctrl Pts',(-1.00950426078763,4.4923786601966E-32,
2.1423447912653));
#9561=CARTESIAN_POINT('Ctrl Pts',(-1.00950426078763,3.,2.1423447912653));
#9562=CARTESIAN_POINT('Ctrl Pts',(-1.02505672034693,4.42718869213881E-32,
2.12143869340061));
#9563=CARTESIAN_POINT('Ctrl Pts',(-1.02505672034693,3.,2.12143869340061));
#9564=CARTESIAN_POINT('Ctrl Pts',(-1.03930775496298,4.36909656421235E-32,
2.10791290743019));
#9565=CARTESIAN_POINT('Ctrl Pts',(-1.03930775496298,3.,2.10791290743019));
#9566=CARTESIAN_POINT('Ctrl Pts',(-1.06687767438793,4.32436068685852E-32,
2.09386533184267));
#9567=CARTESIAN_POINT('Ctrl Pts',(-1.06687767438793,3.,2.09386533184267));
#9568=CARTESIAN_POINT('',(-0.772542485937369,3.,2.37764129073788));
#9569=CARTESIAN_POINT('Ctrl Pts',(-0.772542485937369,3.,2.37764129073788));
#9570=CARTESIAN_POINT('Ctrl Pts',(-0.919303153554632,3.,2.32995585919674));
#9571=CARTESIAN_POINT('Ctrl Pts',(-0.971375024345101,3.,2.1935992919141));
#9572=CARTESIAN_POINT('Ctrl Pts',(-1.00950426078763,3.,2.1423447912653));
#9573=CARTESIAN_POINT('Ctrl Pts',(-1.02505672034693,3.,2.12143869340061));
#9574=CARTESIAN_POINT('Ctrl Pts',(-1.03930775496298,3.,2.10791290743019));
#9575=CARTESIAN_POINT('Ctrl Pts',(-1.06687767438793,3.,2.09386533184267));
#9576=CARTESIAN_POINT('',(-0.772542485937369,4.92352418486867E-32,2.37764129073788));
#9577=CARTESIAN_POINT('Ctrl Pts',(-0.367620992844541,4.7935907482033E-32,
2.32106760039857));
#9578=CARTESIAN_POINT('Ctrl Pts',(-0.367620992844541,3.,2.32106760039857));
#9579=CARTESIAN_POINT('Ctrl Pts',(-0.443493822389944,4.75532119636607E-32,
2.30905052475519));
#9580=CARTESIAN_POINT('Ctrl Pts',(-0.443493822389944,3.,2.30905052475519));
#9581=CARTESIAN_POINT('Ctrl Pts',(-0.476382081227744,4.89619358664806E-32,
2.359109292605));
#9582=CARTESIAN_POINT('Ctrl Pts',(-0.476382081227744,3.,2.359109292605));
#9583=CARTESIAN_POINT('Ctrl Pts',(-0.60392124195791,4.93863997679211E-32,
2.38720221929432));
#9584=CARTESIAN_POINT('Ctrl Pts',(-0.60392124195791,3.,2.38720221929432));
#9585=CARTESIAN_POINT('Ctrl Pts',(-0.653702587101487,4.95520773829974E-32,
2.39816750769365));
#9586=CARTESIAN_POINT('Ctrl Pts',(-0.653702587101487,3.,2.39816750769365));
#9587=CARTESIAN_POINT('Ctrl Pts',(-0.714534810183396,4.95388879362607E-32,
2.39648912712304));
#9588=CARTESIAN_POINT('Ctrl Pts',(-0.714534810183396,3.,2.39648912712304));
#9589=CARTESIAN_POINT('Ctrl Pts',(-0.772542485937369,4.92352418486867E-32,
2.37764129073788));
#9590=CARTESIAN_POINT('Ctrl Pts',(-0.772542485937369,3.,2.37764129073788));
#9591=CARTESIAN_POINT('',(-0.367620992844541,3.,2.32106760039857));
#9592=CARTESIAN_POINT('Ctrl Pts',(-0.367620992844541,3.,2.32106760039857));
#9593=CARTESIAN_POINT('Ctrl Pts',(-0.443493822389944,3.,2.30905052475519));
#9594=CARTESIAN_POINT('Ctrl Pts',(-0.476382081227744,3.,2.359109292605));
#9595=CARTESIAN_POINT('Ctrl Pts',(-0.60392124195791,3.,2.38720221929432));
#9596=CARTESIAN_POINT('Ctrl Pts',(-0.653702587101487,3.,2.39816750769365));
#9597=CARTESIAN_POINT('Ctrl Pts',(-0.714534810183396,3.,2.39648912712304));
#9598=CARTESIAN_POINT('Ctrl Pts',(-0.772542485937369,3.,2.37764129073788));
#9599=CARTESIAN_POINT('',(-0.367620992844541,4.7935907482033E-32,2.32106760039857));
#9600=CARTESIAN_POINT('Ctrl Pts',(4.44089209850056E-17,5.17689969051292E-32,
2.5));
#9601=CARTESIAN_POINT('Ctrl Pts',(4.44089209850056E-17,3.,2.5));
#9602=CARTESIAN_POINT('Ctrl Pts',(-0.154313298003512,5.17689969051292E-32,
2.5));
#9603=CARTESIAN_POINT('Ctrl Pts',(-0.154313298003512,3.,2.5));
#9604=CARTESIAN_POINT('Ctrl Pts',(-0.245973086619456,5.00718311380934E-32,
2.38640829114938));
#9605=CARTESIAN_POINT('Ctrl Pts',(-0.245973086619456,3.,2.38640829114938));
#9606=CARTESIAN_POINT('Ctrl Pts',(-0.298074657138133,4.89192299775852E-32,
2.34944494636116));
#9607=CARTESIAN_POINT('Ctrl Pts',(-0.298074657138133,3.,2.34944494636116));
#9608=CARTESIAN_POINT('Ctrl Pts',(-0.319326264672688,4.84490977481121E-32,
2.33436804006479));
#9609=CARTESIAN_POINT('Ctrl Pts',(-0.319326264672688,3.,2.33436804006479));
#9610=CARTESIAN_POINT('Ctrl Pts',(-0.337059501735375,4.80900568099589E-32,
2.32590806506338));
#9611=CARTESIAN_POINT('Ctrl Pts',(-0.337059501735375,3.,2.32590806506338));
#9612=CARTESIAN_POINT('Ctrl Pts',(-0.367620992844544,4.7935907482033E-32,
2.32106760039857));
#9613=CARTESIAN_POINT('Ctrl Pts',(-0.367620992844544,3.,2.32106760039857));
#9614=CARTESIAN_POINT('',(0.,3.,2.5));
#9615=CARTESIAN_POINT('Ctrl Pts',(4.44089209850056E-17,3.,2.5));
#9616=CARTESIAN_POINT('Ctrl Pts',(-0.154313298003512,3.,2.5));
#9617=CARTESIAN_POINT('Ctrl Pts',(-0.245973086619456,3.,2.38640829114938));
#9618=CARTESIAN_POINT('Ctrl Pts',(-0.298074657138133,3.,2.34944494636116));
#9619=CARTESIAN_POINT('Ctrl Pts',(-0.319326264672688,3.,2.33436804006479));
#9620=CARTESIAN_POINT('Ctrl Pts',(-0.337059501735375,3.,2.32590806506338));
#9621=CARTESIAN_POINT('Ctrl Pts',(-0.367620992844544,3.,2.32106760039857));
#9622=CARTESIAN_POINT('',(4.44089209850056E-17,5.17689969051292E-32,2.5));
#9623=CARTESIAN_POINT('Ctrl Pts',(0.367620992844542,4.7935907482033E-32,
2.32106760039857));
#9624=CARTESIAN_POINT('Ctrl Pts',(0.367620992844542,3.,2.32106760039857));
#9625=CARTESIAN_POINT('Ctrl Pts',(0.291748163299148,4.83186030004054E-32,
2.33308467604196));
#9626=CARTESIAN_POINT('Ctrl Pts',(0.291748163299148,3.,2.33308467604196));
#9627=CARTESIAN_POINT('Ctrl Pts',(0.275938580404922,5.01389830329688E-32,
2.39085642429952));
#9628=CARTESIAN_POINT('Ctrl Pts',(0.275938580404922,3.,2.39085642429952));
#9629=CARTESIAN_POINT('Ctrl Pts',(0.163322822278399,5.1138155640613E-32,
2.45698615340314));
#9630=CARTESIAN_POINT('Ctrl Pts',(0.163322822278399,3.,2.45698615340314));
#9631=CARTESIAN_POINT('Ctrl Pts',(0.119366410053272,5.15281547291626E-32,
2.48279804404058));
#9632=CARTESIAN_POINT('Ctrl Pts',(0.119366410053272,3.,2.48279804404058));
#9633=CARTESIAN_POINT('Ctrl Pts',(0.0609928797711633,5.17689969051292E-32,
2.5));
#9634=CARTESIAN_POINT('Ctrl Pts',(0.0609928797711633,3.,2.5));
#9635=CARTESIAN_POINT('Ctrl Pts',(1.58647585604537E-16,5.17689969051292E-32,
2.5));
#9636=CARTESIAN_POINT('Ctrl Pts',(1.58647585604537E-16,3.,2.5));
#9637=CARTESIAN_POINT('',(0.367620992844542,3.,2.32106760039857));
#9638=CARTESIAN_POINT('Ctrl Pts',(0.367620992844542,3.,2.32106760039857));
#9639=CARTESIAN_POINT('Ctrl Pts',(0.291748163299148,3.,2.33308467604196));
#9640=CARTESIAN_POINT('Ctrl Pts',(0.275938580404922,3.,2.39085642429952));
#9641=CARTESIAN_POINT('Ctrl Pts',(0.163322822278399,3.,2.45698615340314));
#9642=CARTESIAN_POINT('Ctrl Pts',(0.119366410053272,3.,2.48279804404058));
#9643=CARTESIAN_POINT('Ctrl Pts',(0.0609928797711633,3.,2.5));
#9644=CARTESIAN_POINT('Ctrl Pts',(1.58647585604537E-16,3.,2.5));
#9645=CARTESIAN_POINT('',(0.367620992844542,4.7935907482033E-32,2.32106760039857));
#9646=CARTESIAN_POINT('Ctrl Pts',(0.772542485937369,4.92352418486867E-32,
2.37764129073788));
#9647=CARTESIAN_POINT('Ctrl Pts',(0.772542485937369,3.,2.37764129073788));
#9648=CARTESIAN_POINT('Ctrl Pts',(0.625781818320089,5.00034729827996E-32,
2.42532672227903));
#9649=CARTESIAN_POINT('Ctrl Pts',(0.625781818320089,3.,2.42532672227903));
#9650=CARTESIAN_POINT('Ctrl Pts',(0.503506410619742,4.87202640671905E-32,
2.34561901976265));
#9651=CARTESIAN_POINT('Ctrl Pts',(0.503506410619742,3.,2.34561901976265));
#9652=CARTESIAN_POINT('Ctrl Pts',(0.442532570760215,4.81261182826796E-32,
2.32656506056165));
#9653=CARTESIAN_POINT('Ctrl Pts',(0.442532570760215,3.,2.32656506056165));
#9654=CARTESIAN_POINT('Ctrl Pts',(0.417662070664567,4.78837733225369E-32,
2.31879317846889));
#9655=CARTESIAN_POINT('Ctrl Pts',(0.417662070664567,3.,2.31879317846889));
#9656=CARTESIAN_POINT('Ctrl Pts',(0.398182483953686,4.77817581541073E-32,
2.31622713573377));
#9657=CARTESIAN_POINT('Ctrl Pts',(0.398182483953686,3.,2.31622713573377));
#9658=CARTESIAN_POINT('Ctrl Pts',(0.367620992844543,4.7935907482033E-32,
2.32106760039857));
#9659=CARTESIAN_POINT('Ctrl Pts',(0.367620992844543,3.,2.32106760039857));
#9660=CARTESIAN_POINT('',(0.772542485937369,3.,2.37764129073788));
#9661=CARTESIAN_POINT('Ctrl Pts',(0.772542485937369,3.,2.37764129073788));
#9662=CARTESIAN_POINT('Ctrl Pts',(0.625781818320089,3.,2.42532672227903));
#9663=CARTESIAN_POINT('Ctrl Pts',(0.503506410619742,3.,2.34561901976265));
#9664=CARTESIAN_POINT('Ctrl Pts',(0.442532570760215,3.,2.32656506056165));
#9665=CARTESIAN_POINT('Ctrl Pts',(0.417662070664567,3.,2.31879317846889));
#9666=CARTESIAN_POINT('Ctrl Pts',(0.398182483953686,3.,2.31622713573377));
#9667=CARTESIAN_POINT('Ctrl Pts',(0.367620992844543,3.,2.32106760039857));
#9668=CARTESIAN_POINT('',(0.772542485937369,4.92352418486867E-32,2.37764129073788));
#9669=CARTESIAN_POINT('Ctrl Pts',(1.06687767438794,4.32436068685852E-32,
2.09386533184266));
#9670=CARTESIAN_POINT('Ctrl Pts',(1.06687767438794,3.,2.09386533184266));
#9671=CARTESIAN_POINT('Ctrl Pts',(0.998431806035528,4.43542325199676E-32,
2.12874024368096));
#9672=CARTESIAN_POINT('Ctrl Pts',(0.998431806035528,3.,2.12874024368096));
#9673=CARTESIAN_POINT('Ctrl Pts',(1.00124845121042,4.64080772013537E-32,
2.18856987110736));
#9674=CARTESIAN_POINT('Ctrl Pts',(1.00124845121042,3.,2.18856987110736));
#9675=CARTESIAN_POINT('Ctrl Pts',(0.914579710733087,4.78841525387204E-32,
2.28626316398772));
#9676=CARTESIAN_POINT('Ctrl Pts',(0.914579710733087,3.,2.28626316398772));
#9677=CARTESIAN_POINT('Ctrl Pts',(0.880750991317338,4.84602972726727E-32,
2.32439500916568));
#9678=CARTESIAN_POINT('Ctrl Pts',(0.880750991317338,3.,2.32439500916568));
#9679=CARTESIAN_POINT('Ctrl Pts',(0.83055016169134,4.89315957611128E-32,
2.35879345435273));
#9680=CARTESIAN_POINT('Ctrl Pts',(0.83055016169134,3.,2.35879345435273));
#9681=CARTESIAN_POINT('Ctrl Pts',(0.772542485937369,4.92352418486867E-32,
2.37764129073788));
#9682=CARTESIAN_POINT('Ctrl Pts',(0.772542485937369,3.,2.37764129073788));
#9683=CARTESIAN_POINT('',(1.06687767438794,3.,2.09386533184266));
#9684=CARTESIAN_POINT('Ctrl Pts',(1.06687767438794,3.,2.09386533184266));
#9685=CARTESIAN_POINT('Ctrl Pts',(0.998431806035528,3.,2.12874024368096));
#9686=CARTESIAN_POINT('Ctrl Pts',(1.00124845121042,3.,2.18856987110736));
#9687=CARTESIAN_POINT('Ctrl Pts',(0.914579710733087,3.,2.28626316398772));
#9688=CARTESIAN_POINT('Ctrl Pts',(0.880750991317338,3.,2.32439500916568));
#9689=CARTESIAN_POINT('Ctrl Pts',(0.83055016169134,3.,2.35879345435273));
#9690=CARTESIAN_POINT('Ctrl Pts',(0.772542485937369,3.,2.37764129073788));
#9691=CARTESIAN_POINT('',(1.06687767438794,4.32436068685852E-32,2.09386533184266));
#9692=CARTESIAN_POINT('Ctrl Pts',(1.46946313073118,4.18819982779936E-32,
2.02254248593737));
#9693=CARTESIAN_POINT('Ctrl Pts',(1.46946313073118,3.,2.02254248593737));
#9694=CARTESIAN_POINT('Ctrl Pts',(1.34462105018826,4.33432607302313E-32,
2.11324556673647));
#9695=CARTESIAN_POINT('Ctrl Pts',(1.34462105018826,3.,2.11324556673647));
#9696=CARTESIAN_POINT('Ctrl Pts',(1.20369919225205,4.25996180953519E-32,
2.07522421583288));
#9697=CARTESIAN_POINT('Ctrl Pts',(1.20369919225205,3.,2.07522421583288));
#9698=CARTESIAN_POINT('Ctrl Pts',(1.13982162732688,4.26220868158834E-32,
2.07594477650244));
#9699=CARTESIAN_POINT('Ctrl Pts',(1.13982162732688,3.,2.07594477650244));
#9700=CARTESIAN_POINT('Ctrl Pts',(1.11376673250246,4.26312515382858E-32,
2.07623868458241));
#9701=CARTESIAN_POINT('Ctrl Pts',(1.11376673250246,3.,2.07623868458241));
#9702=CARTESIAN_POINT('Ctrl Pts',(1.09444759381289,4.27962480950468E-32,
2.07981775625514));
#9703=CARTESIAN_POINT('Ctrl Pts',(1.09444759381289,3.,2.07981775625514));
#9704=CARTESIAN_POINT('Ctrl Pts',(1.06687767438793,4.32436068685852E-32,
2.09386533184266));
#9705=CARTESIAN_POINT('Ctrl Pts',(1.06687767438793,3.,2.09386533184266));
#9706=CARTESIAN_POINT('',(1.46946313073118,3.,2.02254248593737));
#9707=CARTESIAN_POINT('Ctrl Pts',(1.46946313073118,3.,2.02254248593737));
#9708=CARTESIAN_POINT('Ctrl Pts',(1.34462105018826,3.,2.11324556673647));
#9709=CARTESIAN_POINT('Ctrl Pts',(1.20369919225205,3.,2.07522421583288));
#9710=CARTESIAN_POINT('Ctrl Pts',(1.13982162732688,3.,2.07594477650244));
#9711=CARTESIAN_POINT('Ctrl Pts',(1.11376673250246,3.,2.07623868458241));
#9712=CARTESIAN_POINT('Ctrl Pts',(1.09444759381289,3.,2.07981775625514));
#9713=CARTESIAN_POINT('Ctrl Pts',(1.06687767438793,3.,2.09386533184266));
#9714=CARTESIAN_POINT('',(1.46946313073118,4.18819982779936E-32,2.02254248593737));
#9715=CARTESIAN_POINT('Ctrl Pts',(1.66170093578839,3.43183207189146E-32,
1.66170093578839));
#9716=CARTESIAN_POINT('Ctrl Pts',(1.66170093578839,3.,1.66170093578839));
#9717=CARTESIAN_POINT('Ctrl Pts',(1.60738198711371,3.60481607263658E-32,
1.71601988446306));
#9718=CARTESIAN_POINT('Ctrl Pts',(1.60738198711371,3.,1.71601988446306));
#9719=CARTESIAN_POINT('Ctrl Pts',(1.62854914750325,3.81344254291832E-32,
1.7720508502683));
#9720=CARTESIAN_POINT('Ctrl Pts',(1.62854914750325,3.,1.7720508502683));
#9721=CARTESIAN_POINT('Ctrl Pts',(1.57631116484967,3.99429149578296E-32,
1.89174480674906));
#9722=CARTESIAN_POINT('Ctrl Pts',(1.57631116484967,3.,1.89174480674906));
#9723=CARTESIAN_POINT('Ctrl Pts',(1.55592152899827,4.06488082763888E-32,
1.93846399578131));
#9724=CARTESIAN_POINT('Ctrl Pts',(1.55592152899827,3.,1.93846399578131));
#9725=CARTESIAN_POINT('Ctrl Pts',(1.51880740700191,4.13044290975242E-32,
1.98669177071304));
#9726=CARTESIAN_POINT('Ctrl Pts',(1.51880740700191,3.,1.98669177071304));
#9727=CARTESIAN_POINT('Ctrl Pts',(1.46946313073118,4.18819982779936E-32,
2.02254248593737));
#9728=CARTESIAN_POINT('Ctrl Pts',(1.46946313073118,3.,2.02254248593737));
#9729=CARTESIAN_POINT('',(1.66170093578839,3.,1.66170093578839));
#9730=CARTESIAN_POINT('Ctrl Pts',(1.66170093578839,3.,1.66170093578839));
#9731=CARTESIAN_POINT('Ctrl Pts',(1.60738198711371,3.,1.71601988446306));
#9732=CARTESIAN_POINT('Ctrl Pts',(1.62854914750325,3.,1.7720508502683));
#9733=CARTESIAN_POINT('Ctrl Pts',(1.57631116484967,3.,1.89174480674906));
#9734=CARTESIAN_POINT('Ctrl Pts',(1.55592152899827,3.,1.93846399578131));
#9735=CARTESIAN_POINT('Ctrl Pts',(1.51880740700191,3.,1.98669177071304));
#9736=CARTESIAN_POINT('Ctrl Pts',(1.46946313073118,3.,2.02254248593737));
#9737=CARTESIAN_POINT('',(1.66170093578839,3.43183207189146E-32,1.66170093578839));
#9738=CARTESIAN_POINT('Ctrl Pts',(2.02254248593737,3.04290529068096E-32,
1.46946313073118));
#9739=CARTESIAN_POINT('Ctrl Pts',(2.02254248593737,3.,1.46946313073118));
#9740=CARTESIAN_POINT('Ctrl Pts',(1.93183940513827,3.2440308127133E-32,
1.59430521127409));
#9741=CARTESIAN_POINT('Ctrl Pts',(1.93183940513827,3.,1.59430521127409));
#9742=CARTESIAN_POINT('Ctrl Pts',(1.7860655102813,3.23090246953482E-32,
1.60169200672009));
#9743=CARTESIAN_POINT('Ctrl Pts',(1.7860655102813,3.,1.60169200672009));
#9744=CARTESIAN_POINT('Ctrl Pts',(1.72553700140654,3.29459085260075E-32,
1.62211655376142));
#9745=CARTESIAN_POINT('Ctrl Pts',(1.72553700140654,3.,1.62211655376142));
#9746=CARTESIAN_POINT('Ctrl Pts',(1.70084814649389,3.32056858240721E-32,
1.63044748224346));
#9747=CARTESIAN_POINT('Ctrl Pts',(1.70084814649389,3.,1.63044748224346));
#9748=CARTESIAN_POINT('Ctrl Pts',(1.68358054772491,3.36215430934494E-32,
1.63982132385186));
#9749=CARTESIAN_POINT('Ctrl Pts',(1.68358054772491,3.,1.63982132385186));
#9750=CARTESIAN_POINT('Ctrl Pts',(1.66170093578839,3.43183207189146E-32,
1.66170093578839));
#9751=CARTESIAN_POINT('Ctrl Pts',(1.66170093578839,3.,1.66170093578839));
#9752=CARTESIAN_POINT('',(2.02254248593737,3.,1.46946313073118));
#9753=CARTESIAN_POINT('Ctrl Pts',(2.02254248593737,3.,1.46946313073118));
#9754=CARTESIAN_POINT('Ctrl Pts',(1.93183940513827,3.,1.59430521127409));
#9755=CARTESIAN_POINT('Ctrl Pts',(1.7860655102813,3.,1.60169200672009));
#9756=CARTESIAN_POINT('Ctrl Pts',(1.72553700140654,3.,1.62211655376142));
#9757=CARTESIAN_POINT('Ctrl Pts',(1.70084814649389,3.,1.63044748224346));
#9758=CARTESIAN_POINT('Ctrl Pts',(1.68358054772491,3.,1.63982132385186));
#9759=CARTESIAN_POINT('Ctrl Pts',(1.66170093578839,3.,1.66170093578839));
#9760=CARTESIAN_POINT('',(2.02254248593737,3.04290529068096E-32,1.46946313073118));
#9761=CARTESIAN_POINT('Ctrl Pts',(2.09386533184266,2.20337182274762E-32,
1.06687767438793));
#9762=CARTESIAN_POINT('Ctrl Pts',(2.09386533184266,3.,1.06687767438793));
#9763=CARTESIAN_POINT('Ctrl Pts',(2.05899042000437,2.42134437985628E-32,
1.13532354274034));
#9764=CARTESIAN_POINT('Ctrl Pts',(2.05899042000437,3.,1.13532354274034));
#9765=CARTESIAN_POINT('Ctrl Pts',(2.09643610646936,2.61279103978385E-32,
1.1820711456007));
#9766=CARTESIAN_POINT('Ctrl Pts',(2.09643610646936,3.,1.1820711456007));
#9767=CARTESIAN_POINT('Ctrl Pts',(2.0837422993451,2.8091786562213E-32,1.31204928726467));
#9768=CARTESIAN_POINT('Ctrl Pts',(2.0837422993451,3.,1.31204928726467));
#9769=CARTESIAN_POINT('Ctrl Pts',(2.07878762667812,2.88583307091108E-32,
1.36278262041702));
#9770=CARTESIAN_POINT('Ctrl Pts',(2.07878762667812,3.,1.36278262041702));
#9771=CARTESIAN_POINT('Ctrl Pts',(2.05839320116171,2.96340971289901E-32,
1.42011885446044));
#9772=CARTESIAN_POINT('Ctrl Pts',(2.05839320116171,3.,1.42011885446044));
#9773=CARTESIAN_POINT('Ctrl Pts',(2.02254248593737,3.04290529068096E-32,
1.46946313073118));
#9774=CARTESIAN_POINT('Ctrl Pts',(2.02254248593737,3.,1.46946313073118));
#9775=CARTESIAN_POINT('',(2.09386533184266,3.,1.06687767438793));
#9776=CARTESIAN_POINT('Ctrl Pts',(2.09386533184266,3.,1.06687767438793));
#9777=CARTESIAN_POINT('Ctrl Pts',(2.05899042000437,3.,1.13532354274034));
#9778=CARTESIAN_POINT('Ctrl Pts',(2.09643610646936,3.,1.1820711456007));
#9779=CARTESIAN_POINT('Ctrl Pts',(2.0837422993451,3.,1.31204928726467));
#9780=CARTESIAN_POINT('Ctrl Pts',(2.07878762667812,3.,1.36278262041702));
#9781=CARTESIAN_POINT('Ctrl Pts',(2.05839320116171,3.,1.42011885446044));
#9782=CARTESIAN_POINT('Ctrl Pts',(2.02254248593737,3.,1.46946313073118));
#9783=CARTESIAN_POINT('',(2.09386533184266,2.20337182274762E-32,1.06687767438793));
#9784=CARTESIAN_POINT('Ctrl Pts',(2.37764129073788,1.5997499825429E-32,
0.772542485937369));
#9785=CARTESIAN_POINT('Ctrl Pts',(2.37764129073788,3.,0.772542485937369));
#9786=CARTESIAN_POINT('Ctrl Pts',(2.32995585919674,1.83618721396335E-32,
0.919303153554632));
#9787=CARTESIAN_POINT('Ctrl Pts',(2.32995585919674,3.,0.919303153554632));
#9788=CARTESIAN_POINT('Ctrl Pts',(2.1935992919141,1.88557988479519E-32,
0.971375024345101));
#9789=CARTESIAN_POINT('Ctrl Pts',(2.1935992919141,3.,0.971375024345101));
#9790=CARTESIAN_POINT('Ctrl Pts',(2.1423447912653,2.00447551619636E-32,
1.00950426078763));
#9791=CARTESIAN_POINT('Ctrl Pts',(2.1423447912653,3.,1.00950426078763));
#9792=CARTESIAN_POINT('Ctrl Pts',(2.12143869340061,2.05297162237809E-32,
1.02505672034693));
#9793=CARTESIAN_POINT('Ctrl Pts',(2.12143869340061,3.,1.02505672034693));
#9794=CARTESIAN_POINT('Ctrl Pts',(2.10791290743019,2.11557271987999E-32,
1.03930775496298));
#9795=CARTESIAN_POINT('Ctrl Pts',(2.10791290743019,3.,1.03930775496298));
#9796=CARTESIAN_POINT('Ctrl Pts',(2.09386533184267,2.20337182274762E-32,
1.06687767438793));
#9797=CARTESIAN_POINT('Ctrl Pts',(2.09386533184267,3.,1.06687767438793));
#9798=CARTESIAN_POINT('',(2.37764129073788,3.,0.772542485937369));
#9799=CARTESIAN_POINT('Ctrl Pts',(2.37764129073788,3.,0.772542485937369));
#9800=CARTESIAN_POINT('Ctrl Pts',(2.32995585919674,3.,0.919303153554632));
#9801=CARTESIAN_POINT('Ctrl Pts',(2.1935992919141,3.,0.971375024345101));
#9802=CARTESIAN_POINT('Ctrl Pts',(2.1423447912653,3.,1.00950426078763));
#9803=CARTESIAN_POINT('Ctrl Pts',(2.12143869340061,3.,1.02505672034693));
#9804=CARTESIAN_POINT('Ctrl Pts',(2.10791290743019,3.,1.03930775496298));
#9805=CARTESIAN_POINT('Ctrl Pts',(2.09386533184267,3.,1.06687767438793));
#9806=CARTESIAN_POINT('',(2.37764129073788,1.5997499825429E-32,0.772542485937369));
#9807=CARTESIAN_POINT('Ctrl Pts',(2.32106760039857,7.59230187799056E-33,
0.367620992844541));
#9808=CARTESIAN_POINT('Ctrl Pts',(2.32106760039857,3.,0.367620992844541));
#9809=CARTESIAN_POINT('Ctrl Pts',(2.30905052475519,1.00085462867735E-32,
0.443493822389941));
#9810=CARTESIAN_POINT('Ctrl Pts',(2.30905052475519,3.,0.443493822389941));
#9811=CARTESIAN_POINT('Ctrl Pts',(2.359109292605,1.15638134528975E-32,0.476382081227711));
#9812=CARTESIAN_POINT('Ctrl Pts',(2.359109292605,3.,0.476382081227711));
#9813=CARTESIAN_POINT('Ctrl Pts',(2.38720221929432,1.34908383709014E-32,
0.603921241957915));
#9814=CARTESIAN_POINT('Ctrl Pts',(2.38720221929432,3.,0.603921241957915));
#9815=CARTESIAN_POINT('Ctrl Pts',(2.39816750769365,1.42429986642122E-32,
0.653702587101507));
#9816=CARTESIAN_POINT('Ctrl Pts',(2.39816750769365,3.,0.653702587101507));
#9817=CARTESIAN_POINT('Ctrl Pts',(2.39648912712304,1.50629732605749E-32,
0.714534810183396));
#9818=CARTESIAN_POINT('Ctrl Pts',(2.39648912712304,3.,0.714534810183396));
#9819=CARTESIAN_POINT('Ctrl Pts',(2.37764129073788,1.5997499825429E-32,
0.772542485937369));
#9820=CARTESIAN_POINT('Ctrl Pts',(2.37764129073788,3.,0.772542485937369));
#9821=CARTESIAN_POINT('',(2.32106760039857,3.,0.367620992844544));
#9822=CARTESIAN_POINT('Ctrl Pts',(2.32106760039857,3.,0.367620992844541));
#9823=CARTESIAN_POINT('Ctrl Pts',(2.30905052475519,3.,0.443493822389941));
#9824=CARTESIAN_POINT('Ctrl Pts',(2.359109292605,3.,0.476382081227711));
#9825=CARTESIAN_POINT('Ctrl Pts',(2.38720221929432,3.,0.603921241957915));
#9826=CARTESIAN_POINT('Ctrl Pts',(2.39816750769365,3.,0.653702587101507));
#9827=CARTESIAN_POINT('Ctrl Pts',(2.39648912712304,3.,0.714534810183396));
#9828=CARTESIAN_POINT('Ctrl Pts',(2.37764129073788,3.,0.772542485937369));
#9829=CARTESIAN_POINT('',(2.32106760039857,7.59230187799055E-33,0.367620992844544));
#9830=CARTESIAN_POINT('Ctrl Pts',(2.5,1.49161652940825E-47,9.43689570931399E-17));
#9831=CARTESIAN_POINT('Ctrl Pts',(2.5,3.,9.43689570931399E-17));
#9832=CARTESIAN_POINT('Ctrl Pts',(2.5,2.48604817242128E-33,0.154313298003569));
#9833=CARTESIAN_POINT('Ctrl Pts',(2.5,3.,0.154313298003569));
#9834=CARTESIAN_POINT('Ctrl Pts',(2.38640829114933,3.55683603324282E-33,
0.245973086619483));
#9835=CARTESIAN_POINT('Ctrl Pts',(2.38640829114933,3.,0.245973086619483));
#9836=CARTESIAN_POINT('Ctrl Pts',(2.34944494636112,5.18148150264611E-33,
0.298074657138194));
#9837=CARTESIAN_POINT('Ctrl Pts',(2.34944494636112,3.,0.298074657138194));
#9838=CARTESIAN_POINT('Ctrl Pts',(2.33436804006477,5.84415496056287E-33,
0.319326264672734));
#9839=CARTESIAN_POINT('Ctrl Pts',(2.33436804006477,3.,0.319326264672734));
#9840=CARTESIAN_POINT('Ctrl Pts',(2.32590806506338,6.61904132531352E-33,
0.337059501735403));
#9841=CARTESIAN_POINT('Ctrl Pts',(2.32590806506338,3.,0.337059501735403));
#9842=CARTESIAN_POINT('Ctrl Pts',(2.32106760039857,7.59230187799055E-33,
0.367620992844544));
#9843=CARTESIAN_POINT('Ctrl Pts',(2.32106760039857,3.,0.367620992844544));
#9844=CARTESIAN_POINT('Ctrl Pts',(2.5,3.,9.43689570931399E-17));
#9845=CARTESIAN_POINT('Ctrl Pts',(2.5,3.,0.154313298003569));
#9846=CARTESIAN_POINT('Ctrl Pts',(2.38640829114933,3.,0.245973086619483));
#9847=CARTESIAN_POINT('Ctrl Pts',(2.34944494636112,3.,0.298074657138194));
#9848=CARTESIAN_POINT('Ctrl Pts',(2.33436804006477,3.,0.319326264672734));
#9849=CARTESIAN_POINT('Ctrl Pts',(2.32590806506338,3.,0.337059501735403));
#9850=CARTESIAN_POINT('Ctrl Pts',(2.32106760039857,3.,0.367620992844544));
#9851=CARTESIAN_POINT('Origin',(-8.31632781251592E-110,3.,2.69880267346702E-79));
#9852=CARTESIAN_POINT('',(0.,0.,0.));
#9853=CARTESIAN_POINT('Origin',(27.0368298549056,-2.29337375794045,-39.3182403237617));
#9854=CARTESIAN_POINT('',(28.0612513732166,-4.68341604443469,-39.3256302757922));
#9855=CARTESIAN_POINT('',(27.857114316459,-3.57270306803713,-39.1764828086369));
#9856=CARTESIAN_POINT('Ctrl Pts',(28.0612513732166,-4.68341604443469,-39.3256302757922));
#9857=CARTESIAN_POINT('Ctrl Pts',(28.0539634968316,-4.67475455360041,-39.3200185941765));
#9858=CARTESIAN_POINT('Ctrl Pts',(28.0467735533358,-4.66592642900721,-39.3145142456458));
#9859=CARTESIAN_POINT('Ctrl Pts',(27.961862126776,-4.55817332086929,-39.2498613390801));
#9860=CARTESIAN_POINT('Ctrl Pts',(27.89811591242,-4.44153121440561,-39.2048493575353));
#9861=CARTESIAN_POINT('Ctrl Pts',(27.8141825260869,-4.19229538314632,-39.1467790641599));
#9862=CARTESIAN_POINT('Ctrl Pts',(27.7923180764505,-4.06282438153984,-39.1323454282496));
#9863=CARTESIAN_POINT('Ctrl Pts',(27.7937804149189,-3.81442079091984,-39.1333252744004));
#9864=CARTESIAN_POINT('Ctrl Pts',(27.8130909518716,-3.69781924079999,-39.1460762200488));
#9865=CARTESIAN_POINT('Ctrl Pts',(27.8531255276232,-3.58361273759769,-39.173722083091));
#9866=CARTESIAN_POINT('Ctrl Pts',(27.8550982008556,-3.57814209797051,-39.1750863069548));
#9867=CARTESIAN_POINT('Ctrl Pts',(27.8571143164519,-3.57270306803449,-39.1764828086369));
#9868=CARTESIAN_POINT('',(27.3454741223554,-3.42997653823481,-40.2890740496691));
#9869=CARTESIAN_POINT('Origin',(26.7784656141417,-2.56515307697538,-39.2342926831044));
#9870=CARTESIAN_POINT('',(27.5629152750824,-4.56370116982644,-40.4717756562578));
#9871=CARTESIAN_POINT('Ctrl Pts',(27.3454741204323,-3.42997653775038,-40.2890740493807));
#9872=CARTESIAN_POINT('Ctrl Pts',(27.3173505032487,-3.55466206799143,-40.2671753395636));
#9873=CARTESIAN_POINT('Ctrl Pts',(27.3044470760197,-3.6850948391393,-40.2575682245104));
#9874=CARTESIAN_POINT('Ctrl Pts',(27.3127760549273,-3.96416199336049,-40.2638909537079));
#9875=CARTESIAN_POINT('Ctrl Pts',(27.3395937277901,-4.11194602847389,-40.2838559760737));
#9876=CARTESIAN_POINT('Ctrl Pts',(27.4309177502339,-4.36557715751049,-40.3570921778125));
#9877=CARTESIAN_POINT('Ctrl Pts',(27.4893733034338,-4.47232307285466,-40.4052894732494));
#9878=CARTESIAN_POINT('Ctrl Pts',(27.5610866268514,-4.56144554139745,-40.470120101037));
#9879=CARTESIAN_POINT('Ctrl Pts',(27.5620001246397,-4.56257515006205,-40.4709467260468));
#9880=CARTESIAN_POINT('Ctrl Pts',(27.5629152750824,-4.56370116982643,-40.4717756562578));
#9881=CARTESIAN_POINT('Origin',(26.3644787224019,-3.000635461046,-39.0997801719232));
#9882=CARTESIAN_POINT('Origin',(24.9999997460029,-2.99999980606479,-43.3012701892219));
#9883=CARTESIAN_POINT('',(27.3926424289221,-3.00000003963071,-40.3264026761527));
#9884=CARTESIAN_POINT('Ctrl Pts',(27.3454741204323,-3.42997653775037,-40.2890740493807));
#9885=CARTESIAN_POINT('Ctrl Pts',(27.3773513352083,-3.28864950733707,-40.3138955320371));
#9886=CARTESIAN_POINT('Ctrl Pts',(27.392642421688,-3.14240630918043,-40.3264026761527));
#9887=CARTESIAN_POINT('Ctrl Pts',(27.3926424289221,-3.00000003963071,-40.3264026761527));
#9888=CARTESIAN_POINT('',(24.8128944057605,-2.999999930142,-39.4881917321096));
#9889=CARTESIAN_POINT('Ctrl Pts',(27.3926424289221,-3.00000003963071,-40.3264026761527));
#9890=CARTESIAN_POINT('Ctrl Pts',(27.3926424416632,-2.74918923993842,-40.3264026761527));
#9891=CARTESIAN_POINT('Ctrl Pts',(27.3441708860935,-2.48707454713961,-40.2855234746813));
#9892=CARTESIAN_POINT('Ctrl Pts',(27.1941157664094,-2.14523056442485,-40.1764895963809));
#9893=CARTESIAN_POINT('Ctrl Pts',(27.1313728368699,-2.03944402745083,-40.1327287238381));
#9894=CARTESIAN_POINT('Ctrl Pts',(26.9828826033732,-1.85312672816634,-40.0377666994667));
#9895=CARTESIAN_POINT('Ctrl Pts',(26.8971255705806,-1.77258430304617,-39.9866036475084));
#9896=CARTESIAN_POINT('Ctrl Pts',(26.7174107061088,-1.64948540288057,-39.8903478986827));
#9897=CARTESIAN_POINT('Ctrl Pts',(26.6164705273206,-1.59896193377129,-39.8407328096));
#9898=CARTESIAN_POINT('Ctrl Pts',(26.401272582802,-1.53255418272225,-39.7481403933531));
#9899=CARTESIAN_POINT('Ctrl Pts',(26.2869510986034,-1.51669370620474,-39.705294142483));
#9900=CARTESIAN_POINT('Ctrl Pts',(26.0724960549969,-1.51669369531055,-39.6356134748588));
#9901=CARTESIAN_POINT('Ctrl Pts',(25.954823635623,-1.5325541600429,-39.6030803370522));
#9902=CARTESIAN_POINT('Ctrl Pts',(25.7263003785062,-1.59896188855117,-39.5514989952516));
#9903=CARTESIAN_POINT('Ctrl Pts',(25.6154750361543,-1.64948534690288,-39.5323072955329));
#9904=CARTESIAN_POINT('Ctrl Pts',(25.4135049357343,-1.77258422767911,-39.5045460815092));
#9905=CARTESIAN_POINT('Ctrl Pts',(25.314053144013,-1.85312664339078,-39.4955311384669));
#9906=CARTESIAN_POINT('Ctrl Pts',(25.1381047270401,-2.03944392619397,-39.4850766550814));
#9907=CARTESIAN_POINT('Ctrl Pts',(25.0616226255362,-2.14523045609545,-39.4836005728297));
#9908=CARTESIAN_POINT('Ctrl Pts',(24.8761369465391,-2.48707442176493,-39.4836106367488));
#9909=CARTESIAN_POINT('Ctrl Pts',(24.8128944185016,-2.74918910888874,-39.4881917321096));
#9910=CARTESIAN_POINT('Ctrl Pts',(24.8128944057605,-2.99999990858102,-39.4881917321096));
#9911=CARTESIAN_POINT('',(24.8728140778904,-3.42934076527017,-39.4857231056221));
#9912=CARTESIAN_POINT('Ctrl Pts',(24.8128944057605,-2.999999930142,-39.4881917321096));
#9913=CARTESIAN_POINT('Ctrl Pts',(24.8128944004884,-3.14219278613753,-39.4881917320138));
#9914=CARTESIAN_POINT('Ctrl Pts',(24.8325565247618,-3.28821106565163,-39.4870650330887));
#9915=CARTESIAN_POINT('Ctrl Pts',(24.8728140796338,-3.42934076478148,-39.4857231065273));
#9916=CARTESIAN_POINT('',(24.5896820087274,-4.56253869573283,-39.5057181677029));
#9917=CARTESIAN_POINT('Ctrl Pts',(24.5896820087274,-4.56253869573283,-39.5057181677029));
#9918=CARTESIAN_POINT('Ctrl Pts',(24.6484756037148,-4.50856308749367,-39.4993622940558));
#9919=CARTESIAN_POINT('Ctrl Pts',(24.7003212684835,-4.447051866583,-39.4951273609804));
#9920=CARTESIAN_POINT('Ctrl Pts',(24.8161443150195,-4.27011077039047,-39.4873563824893));
#9921=CARTESIAN_POINT('Ctrl Pts',(24.8659238828587,-4.14740867562423,-39.4858572704266));
#9922=CARTESIAN_POINT('Ctrl Pts',(24.9253719744292,-3.87354770439405,-39.4842025296822));
#9923=CARTESIAN_POINT('Ctrl Pts',(24.9284682238569,-3.7221838916306,-39.4842022195788));
#9924=CARTESIAN_POINT('Ctrl Pts',(24.8972298632083,-3.52584734970238,-39.4849794213161));
#9925=CARTESIAN_POINT('Ctrl Pts',(24.8864597508705,-3.47717798549338,-39.4852682480855));
#9926=CARTESIAN_POINT('Ctrl Pts',(24.8728140796338,-3.42934076478148,-39.4857231065273));
#9927=CARTESIAN_POINT('',(24.1023153710517,-4.99999976046296,-39.5906449791585));
#9928=CARTESIAN_POINT('Origin',(24.9999997460675,-2.99872821858399,-43.3012701892219));
#9929=CARTESIAN_POINT('',(23.544334361319,-4.99999973211785,-39.7720188397424));
#9930=CARTESIAN_POINT('Origin',(24.9999996444041,-4.99999980606479,-43.3012701892219));
#9931=CARTESIAN_POINT('',(23.1009749313505,-4.56370094316247,-39.9894307028527));
#9932=CARTESIAN_POINT('Origin',(24.9999997459384,-3.00127053293295,-43.3012701892219));
#9933=CARTESIAN_POINT('',(22.8600224061932,-3.42997631037648,-40.1397716815027));
#9934=CARTESIAN_POINT('Ctrl Pts',(22.8600224053246,-3.42997630989205,-40.1397716832425));
#9935=CARTESIAN_POINT('Ctrl Pts',(22.8305048146249,-3.55466184006227,-40.1597517531145));
#9936=CARTESIAN_POINT('Ctrl Pts',(22.8173805223729,-3.68509461119893,-40.1690548735432));
#9937=CARTESIAN_POINT('Ctrl Pts',(22.8259675814096,-3.96416176543324,-40.1630873611693));
#9938=CARTESIAN_POINT('Ctrl Pts',(22.8532425575052,-4.11194580056987,-40.1437517627054));
#9939=CARTESIAN_POINT('Ctrl Pts',(22.9511149904246,-4.36557692993912,-40.079528674753));
#9940=CARTESIAN_POINT('Ctrl Pts',(23.015017097925,-4.47232284555998,-40.0388279181843));
#9941=CARTESIAN_POINT('Ctrl Pts',(23.0988353214688,-4.56144531471768,-39.9906582560794));
#9942=CARTESIAN_POINT('Ctrl Pts',(23.0999037748722,-4.56257492339016,-39.9900449091766));
#9943=CARTESIAN_POINT('Ctrl Pts',(23.1009749313506,-4.56370094316246,-39.9894307028527));
#9944=CARTESIAN_POINT('',(22.9100998630725,-2.99999981192017,-40.1064471569134));
#9945=CARTESIAN_POINT('Ctrl Pts',(22.8600224053246,-3.42997630989204,-40.1397716832425));
#9946=CARTESIAN_POINT('Ctrl Pts',(22.893479644209,-3.28864927955901,-40.1171249172028));
#9947=CARTESIAN_POINT('Ctrl Pts',(22.9100998558384,-3.1424060814699,-40.1064471569134));
#9948=CARTESIAN_POINT('Ctrl Pts',(22.9100998630725,-2.99999981192017,-40.1064471569134));
#9949=CARTESIAN_POINT('',(21.3157279023483,-2.99999975248799,-42.3009118981604));
#9950=CARTESIAN_POINT('Ctrl Pts',(22.9100998630725,-2.99999981192017,-40.1064471569134));
#9951=CARTESIAN_POINT('Ctrl Pts',(22.9100998758136,-2.74918901222789,-40.1064471569134));
#9952=CARTESIAN_POINT('Ctrl Pts',(22.8562429196591,-2.4870743191555,-40.1399139903853));
#9953=CARTESIAN_POINT('Ctrl Pts',(22.7061759691285,-2.14523033644014,-40.2489315849225));
#9954=CARTESIAN_POINT('Ctrl Pts',(22.6451682783465,-2.03944379955426,-40.2950808087189));
#9955=CARTESIAN_POINT('Ctrl Pts',(22.5089680271584,-1.8531265008941,-40.4069585425427));
#9956=CARTESIAN_POINT('Ctrl Pts',(22.433808695507,-1.77258407631229,-40.4727080787503));
#9957=CARTESIAN_POINT('Ctrl Pts',(22.2867290954129,-1.64948517780454,-40.6138824154351));
#9958=CARTESIAN_POINT('Ctrl Pts',(22.2083501127468,-1.59896170984137,-40.6945503269646));
#9959=CARTESIAN_POINT('Ctrl Pts',(22.0537896722359,-1.53255396187267,-40.8706031074302));
#9960=CARTESIAN_POINT('Ctrl Pts',(21.9777131852643,-1.51669348729799,-40.966089081032));
#9961=CARTESIAN_POINT('Ctrl Pts',(21.8451726792566,-1.51669348056501,-41.1485154372311));
#9962=CARTESIAN_POINT('Ctrl Pts',(21.7778690486377,-1.53255394785606,-41.2503752652359));
#9963=CARTESIAN_POINT('Ctrl Pts',(21.6581947050089,-1.59896168189379,-41.4517742836244));
#9964=CARTESIAN_POINT('Ctrl Pts',(21.6056953979651,-1.64948514320844,-41.5512448838339));
#9965=CARTESIAN_POINT('Ctrl Pts',(21.5168807167613,-1.77258402973289,-41.73475117107));
#9966=CARTESIAN_POINT('Ctrl Pts',(21.4775746998467,-1.85312644849994,-41.8265496711492));
#9967=CARTESIAN_POINT('Ctrl Pts',(21.4132608377805,-2.0394437369741,-41.990655937608));
#9968=CARTESIAN_POINT('Ctrl Pts',(21.3882227272929,-2.1452302694889,-42.0629385990114));
#9969=CARTESIAN_POINT('Ctrl Pts',(21.3309140596262,-2.4870742416697,-42.2393490561075));
#9970=CARTESIAN_POINT('Ctrl Pts',(21.3157279150894,-2.74918893123473,-42.3009118981604));
#9971=CARTESIAN_POINT('Ctrl Pts',(21.3157279023483,-2.99999973092701,-42.3009118981604));
#9972=CARTESIAN_POINT('',(21.3318962809561,-3.42934058539362,-42.2431620352468));
#9973=CARTESIAN_POINT('Ctrl Pts',(21.3157279023483,-2.99999975248799,-42.3009118981604));
#9974=CARTESIAN_POINT('Ctrl Pts',(21.3157278956369,-3.14219260848352,-42.3009118962751));
#9975=CARTESIAN_POINT('Ctrl Pts',(21.3207322667028,-3.28821088725302,-42.2818639286906));
#9976=CARTESIAN_POINT('Ctrl Pts',(21.3318962823557,-3.42934058490493,-42.2431620338685));
#9977=CARTESIAN_POINT('',(21.2634200542409,-4.56253852676069,-42.5186153938347));
#9978=CARTESIAN_POINT('Ctrl Pts',(21.2634200542409,-4.56253852676069,-42.5186153938347));
#9979=CARTESIAN_POINT('Ctrl Pts',(21.2755434810982,-4.5085629161507,-42.4607352918421));
#9980=CARTESIAN_POINT('Ctrl Pts',(21.2875370140581,-4.44705169321556,-42.4101184712037));
#9981=CARTESIAN_POINT('Ctrl Pts',(21.3159376702569,-4.27011059258205,-42.2975628521903));
#9982=CARTESIAN_POINT('Ctrl Pts',(21.3298946667031,-4.14740849599607,-42.2497564246428));
#9983=CARTESIAN_POINT('Ctrl Pts',(21.3466913949267,-3.87354752259919,-42.1927065999931));
#9984=CARTESIAN_POINT('Ctrl Pts',(21.3476478990059,-3.72218370972706,-42.1897618032844));
#9985=CARTESIAN_POINT('Ctrl Pts',(21.3387338843575,-3.52584716893286,-42.2197114277682));
#9986=CARTESIAN_POINT('Ctrl Pts',(21.3356804289033,-3.47717780511587,-42.2300436680198));
#9987=CARTESIAN_POINT('Ctrl Pts',(21.3318962823557,-3.42934058490493,-42.2431620338685));
#9988=CARTESIAN_POINT('',(21.1935856627952,-4.99999961270119,-43.0083724173038));
#9989=CARTESIAN_POINT('Origin',(24.9999997460675,-2.99872821858399,-43.3012701892219));
#9990=CARTESIAN_POINT('',(21.1823333771092,-4.99999961212958,-43.3012701892219));
#9991=CARTESIAN_POINT('Origin',(24.9999996444041,-4.99999980606479,-43.3012701892219));
#9992=CARTESIAN_POINT('',(21.1823335803068,-0.999999612129591,-43.3012701892219));
#9993=CARTESIAN_POINT('',(21.182333478708,-2.99999961212959,-43.3012701892219));
#9994=CARTESIAN_POINT('Origin',(24.9999998476018,-0.999999806064799,-43.3012701892219));
#9995=CARTESIAN_POINT('',(21.1936568402432,-4.99999961270481,-43.5950914978347));
#9996=CARTESIAN_POINT('Origin',(24.9999996444041,-4.99999980606479,-43.3012701892219));
#9997=CARTESIAN_POINT('',(21.2634222262122,-4.56370084981588,-44.0839353543259));
#9998=CARTESIAN_POINT('Origin',(24.9999997459384,-3.00127053293296,-43.3012701892219));
#9999=CARTESIAN_POINT('',(21.3319466083078,-3.42997623275112,-44.3595527956222));
#10000=CARTESIAN_POINT('Ctrl Pts',(21.3319466096941,-3.42997623226669,-44.3595527969859));
#10001=CARTESIAN_POINT('Ctrl Pts',(21.341827343806,-3.55466176443834,-44.3937998690814));
#10002=CARTESIAN_POINT('Ctrl Pts',(21.3466195031881,-3.68509453648514,-44.409156628761));
#10003=CARTESIAN_POINT('Ctrl Pts',(21.3435975990372,-3.96416169012972,-44.3991457740881));
#10004=CARTESIAN_POINT('Ctrl Pts',(21.333636778069,-4.11194572337478,-44.3672306946789));
#10005=CARTESIAN_POINT('Ctrl Pts',(21.3028012279253,-4.36557684620574,-44.254302441723));
#10006=CARTESIAN_POINT('Ctrl Pts',(21.2838393416196,-4.47232275761716,-44.1809506953589));
#10007=CARTESIAN_POINT('Ctrl Pts',(21.2639285229719,-4.5614452215055,-44.0863495791638));
#10008=CARTESIAN_POINT('Ctrl Pts',(21.263675365623,-4.56257483011084,-44.0851438849212));
#10009=CARTESIAN_POINT('Ctrl Pts',(21.2634222262122,-4.56370084981588,-44.0839353543259));
#10010=CARTESIAN_POINT('',(21.3157279023483,-2.99999973092701,-44.3016284802835));
#10011=CARTESIAN_POINT('Ctrl Pts',(21.3319466096941,-3.42997623226669,-44.3595527969859));
#10012=CARTESIAN_POINT('Ctrl Pts',(21.3207471156399,-3.28864919966512,-44.3207348431817));
#10013=CARTESIAN_POINT('Ctrl Pts',(21.3157278951142,-3.14240600047674,-44.3016284802835));
#10014=CARTESIAN_POINT('Ctrl Pts',(21.3157279023483,-2.99999973092701,-44.3016284802835));
#10015=CARTESIAN_POINT('',(22.9100998630726,-2.99999983348115,-46.4960932215305));
#10016=CARTESIAN_POINT('Ctrl Pts',(21.3157279023483,-2.99999973092701,-44.3016284802835));
#10017=CARTESIAN_POINT('Ctrl Pts',(21.3157279150894,-2.74918893123473,-44.3016284802835));
#10018=CARTESIAN_POINT('Ctrl Pts',(21.3309140596262,-2.48707424166969,-44.3631913223364));
#10019=CARTESIAN_POINT('Ctrl Pts',(21.3882227272929,-2.14523026948889,-44.5396017794325));
#10020=CARTESIAN_POINT('Ctrl Pts',(21.4132608377805,-2.03944373697409,-44.6118844408359));
#10021=CARTESIAN_POINT('Ctrl Pts',(21.4775746998467,-1.85312644849993,-44.7759907072947));
#10022=CARTESIAN_POINT('Ctrl Pts',(21.5168807167613,-1.77258402973289,-44.8677892073739));
#10023=CARTESIAN_POINT('Ctrl Pts',(21.6056953979651,-1.64948514320844,-45.05129549461));
#10024=CARTESIAN_POINT('Ctrl Pts',(21.658194705009,-1.5989616818938,-45.1507660948195));
#10025=CARTESIAN_POINT('Ctrl Pts',(21.7778690486377,-1.53255394785607,-45.352165113208));
#10026=CARTESIAN_POINT('Ctrl Pts',(21.8451726792566,-1.51669348056502,-45.4540249412128));
#10027=CARTESIAN_POINT('Ctrl Pts',(21.9777131852643,-1.516693487298,-45.6364512974119));
#10028=CARTESIAN_POINT('Ctrl Pts',(22.0537896722359,-1.53255396187268,-45.7319372710137));
#10029=CARTESIAN_POINT('Ctrl Pts',(22.2083501127468,-1.59896170984138,-45.9079900514793));
#10030=CARTESIAN_POINT('Ctrl Pts',(22.2867290954129,-1.64948517780456,-45.9886579630087));
#10031=CARTESIAN_POINT('Ctrl Pts',(22.433808695507,-1.7725840763123,-46.1298322996936));
#10032=CARTESIAN_POINT('Ctrl Pts',(22.5089680271585,-1.85312650089412,-46.1955818359012));
#10033=CARTESIAN_POINT('Ctrl Pts',(22.6451682783466,-2.03944379955428,-46.307459569725));
#10034=CARTESIAN_POINT('Ctrl Pts',(22.7061759691285,-2.14523033644015,-46.3536087935214));
#10035=CARTESIAN_POINT('Ctrl Pts',(22.8562429196591,-2.48707431915551,-46.4626263880586));
#10036=CARTESIAN_POINT('Ctrl Pts',(22.9100998758136,-2.74918901222789,-46.4960932215305));
#10037=CARTESIAN_POINT('Ctrl Pts',(22.9100998630726,-2.99999981192018,-46.4960932215305));
#10038=CARTESIAN_POINT('',(22.8601727683242,-3.42934066302915,-46.4628704698917));
#10039=CARTESIAN_POINT('Ctrl Pts',(22.9100998630726,-2.99999983348115,-46.4960932215305));
#10040=CARTESIAN_POINT('Ctrl Pts',(22.9100998542144,-3.14219268947667,-46.496093220461));
#10041=CARTESIAN_POINT('Ctrl Pts',(22.8935305911011,-3.28821096715024,-46.4854476280024));
#10042=CARTESIAN_POINT('Ctrl Pts',(22.8601727674459,-3.42934066254046,-46.4628704681347));
#10043=CARTESIAN_POINT('',(23.1009841224019,-4.56253862010784,-46.6131149457335));
#10044=CARTESIAN_POINT('Ctrl Pts',(23.1009841224019,-4.56253862010784,-46.6131149457335));
#10045=CARTESIAN_POINT('Ctrl Pts',(23.0496832210617,-4.50856300627593,-46.5836989490769));
#10046=CARTESIAN_POINT('Ctrl Pts',(23.0052499716257,-4.44705178047436,-46.5566509665953));
#10047=CARTESIAN_POINT('Ctrl Pts',(22.9069795083452,-4.27011067340601,-46.4948587469114));
#10048=CARTESIAN_POINT('Ctrl Pts',(22.8658258473046,-4.14740857402043,-46.466811861869));
#10049=CARTESIAN_POINT('Ctrl Pts',(22.816758723902,-3.87354759727772,-46.4332078719277));
#10050=CARTESIAN_POINT('Ctrl Pts',(22.8142536371318,-3.72218378422973,-46.4313881975752));
#10051=CARTESIAN_POINT('Ctrl Pts',(22.8399828475349,-3.52584724519542,-46.4491208817191));
#10052=CARTESIAN_POINT('Ctrl Pts',(22.8488658240356,-3.47717788198479,-46.4552177306052));
#10053=CARTESIAN_POINT('Ctrl Pts',(22.8601727674459,-3.42934066254046,-46.4628704681347));
#10054=CARTESIAN_POINT('',(23.5451907018695,-4.99999973216135,-46.8308746210108));
#10055=CARTESIAN_POINT('Origin',(24.9999997460675,-2.99872821858398,-43.3012701892219));
#10056=CARTESIAN_POINT('',(24.1032157016841,-4.99999976050869,-47.0121130940432));
#10057=CARTESIAN_POINT('Origin',(24.9999996444041,-4.99999980606479,-43.3012701892219));
#10058=CARTESIAN_POINT('',(24.5896925420493,-4.56370101878846,-47.096823349436));
#10059=CARTESIAN_POINT('Origin',(24.9999997459384,-3.00127053293295,-43.3012701892219));
#10060=CARTESIAN_POINT('',(24.8729955439907,-3.42997641263433,-47.1168233173994));
#10061=CARTESIAN_POINT('Ctrl Pts',(24.872995545716,-3.4299764121499,-47.1168233165023));
#10062=CARTESIAN_POINT('Ctrl Pts',(24.9086197571774,-3.55466194562929,-47.1180091012006));
#10063=CARTESIAN_POINT('Ctrl Pts',(24.9247057576503,-3.68509471824983,-47.118196980211));
#10064=CARTESIAN_POINT('Ctrl Pts',(24.9142510395463,-3.96416187151686,-47.1179774441406));
#10065=CARTESIAN_POINT('Ctrl Pts',(24.8808199271615,-4.11194590356963,-47.1175884387759));
#10066=CARTESIAN_POINT('Ctrl Pts',(24.7638900583858,-4.36557702202703,-47.1120180281114));
#10067=CARTESIAN_POINT('Ctrl Pts',(24.6882688531638,-4.47232293056019,-47.1073849122929));
#10068=CARTESIAN_POINT('Ctrl Pts',(24.5921450606953,-4.56144539057695,-47.0970878692156));
#10069=CARTESIAN_POINT('Ctrl Pts',(24.5909201473664,-4.56257499913293,-47.0969560560964));
#10070=CARTESIAN_POINT('Ctrl Pts',(24.5896925420493,-4.56370101878845,-47.096823349436));
#10071=CARTESIAN_POINT('',(24.8128944057605,-2.99999990858102,-47.1143486463343));
#10072=CARTESIAN_POINT('Ctrl Pts',(24.872995545716,-3.4299764121499,-47.1168233165023));
#10073=CARTESIAN_POINT('Ctrl Pts',(24.832616648771,-3.28864937806604,-47.1154792677173));
#10074=CARTESIAN_POINT('Ctrl Pts',(24.8128943985264,-3.14240617813074,-47.1143486463343));
#10075=CARTESIAN_POINT('Ctrl Pts',(24.8128944057605,-2.99999990858102,-47.1143486463343));
#10076=CARTESIAN_POINT('',(27.3926424289221,-3.00000006119169,-46.2761377022912));
#10077=CARTESIAN_POINT('Ctrl Pts',(24.8128944057605,-2.99999990858102,-47.1143486463343));
#10078=CARTESIAN_POINT('Ctrl Pts',(24.8128944185016,-2.74918910888874,-47.1143486463343));
#10079=CARTESIAN_POINT('Ctrl Pts',(24.8761369465391,-2.48707442176494,-47.1189297416951));
#10080=CARTESIAN_POINT('Ctrl Pts',(25.0616226255362,-2.14523045609545,-47.1189398056142));
#10081=CARTESIAN_POINT('Ctrl Pts',(25.1381047270401,-2.03944392619398,-47.1174637233624));
#10082=CARTESIAN_POINT('Ctrl Pts',(25.314053144013,-1.85312664339079,-47.107009239977));
#10083=CARTESIAN_POINT('Ctrl Pts',(25.4135049357343,-1.77258422767912,-47.0979942969346));
#10084=CARTESIAN_POINT('Ctrl Pts',(25.6154750361543,-1.64948534690289,-47.070233082911));
#10085=CARTESIAN_POINT('Ctrl Pts',(25.7263003785062,-1.59896188855118,-47.0510413831923));
#10086=CARTESIAN_POINT('Ctrl Pts',(25.954823635623,-1.53255416004291,-46.9994600413917));
#10087=CARTESIAN_POINT('Ctrl Pts',(26.0724960549969,-1.51669369531056,-46.9669269035851));
#10088=CARTESIAN_POINT('Ctrl Pts',(26.2869510986034,-1.51669370620475,-46.8972462359608));
#10089=CARTESIAN_POINT('Ctrl Pts',(26.401272582802,-1.53255418272226,-46.8543999850908));
#10090=CARTESIAN_POINT('Ctrl Pts',(26.6164705273206,-1.5989619337713,-46.7618075688439));
#10091=CARTESIAN_POINT('Ctrl Pts',(26.7174107061088,-1.64948540288058,-46.7121924797611));
#10092=CARTESIAN_POINT('Ctrl Pts',(26.8971255705806,-1.77258430304617,-46.6159367309355));
#10093=CARTESIAN_POINT('Ctrl Pts',(26.9828826033732,-1.85312672816635,-46.5647736789771));
#10094=CARTESIAN_POINT('Ctrl Pts',(27.1313728368699,-2.03944402745083,-46.4698116546058));
#10095=CARTESIAN_POINT('Ctrl Pts',(27.1941157664094,-2.14523056442486,-46.4260507820629));
#10096=CARTESIAN_POINT('Ctrl Pts',(27.3441708860935,-2.48707454713961,-46.3170169037626));
#10097=CARTESIAN_POINT('Ctrl Pts',(27.3926424416631,-2.74918923993842,-46.2761377022912));
#10098=CARTESIAN_POINT('Ctrl Pts',(27.3926424289221,-3.00000003963071,-46.2761377022912));
#10099=CARTESIAN_POINT('',(27.3456173786593,-3.42934089088712,-46.3133547754922));
#10100=CARTESIAN_POINT('Ctrl Pts',(27.3926424289221,-3.00000006119169,-46.2761377022912));
#10101=CARTESIAN_POINT('Ctrl Pts',(27.3926424201765,-3.14219291718721,-46.2761377035155));
#10102=CARTESIAN_POINT('Ctrl Pts',(27.3773976710871,-3.28821119492806,-46.2886063331302));
#10103=CARTESIAN_POINT('Ctrl Pts',(27.3456173767168,-3.42934089039842,-46.3133547757846));
#10104=CARTESIAN_POINT('',(27.5629231275175,-4.56253884677173,-46.1307576095965));
#10105=CARTESIAN_POINT('Ctrl Pts',(27.5629231275175,-4.56253884677173,-46.1307576095965));
#10106=CARTESIAN_POINT('Ctrl Pts',(27.5190940037676,-4.50856323331939,-46.1704576258423));
#10107=CARTESIAN_POINT('Ctrl Pts',(27.4796392167439,-4.44705200777072,-46.20435787398));
#10108=CARTESIAN_POINT('Ctrl Pts',(27.3905040865693,-4.27011090116643,-46.2787238009884));
#10109=CARTESIAN_POINT('Ctrl Pts',(27.3511127374527,-4.14740880187037,-46.3091963003011));
#10110=CARTESIAN_POINT('Ctrl Pts',(27.303990878462,-3.87354782522649,-46.3454777170095));
#10111=CARTESIAN_POINT('Ctrl Pts',(27.3014861562402,-3.72218401217852,-46.3472978931199));
#10112=CARTESIAN_POINT('Ctrl Pts',(27.3263017112049,-3.52584747309779,-46.3283076701488));
#10113=CARTESIAN_POINT('Ctrl Pts',(27.3348451514745,-3.47717810986991,-46.3217434897331));
#10114=CARTESIAN_POINT('Ctrl Pts',(27.3456173767168,-3.42934089039842,-46.3133547757846));
#10115=CARTESIAN_POINT('',(27.9072922523893,-4.99999995375355,-45.7755834668279));
#10116=CARTESIAN_POINT('Origin',(24.9999997460675,-2.99872821858399,-43.3012701892219));
#10117=CARTESIAN_POINT('',(28.2520994913989,-4.99999997126955,-45.3008759227001));
#10118=CARTESIAN_POINT('Origin',(24.9999996444041,-4.99999980606479,-43.3012701892219));
#10119=CARTESIAN_POINT('',(28.482993393151,-4.56370122702586,-44.8643858937019));
#10120=CARTESIAN_POINT('Origin',(24.9999997459384,-3.00127053293294,-43.3012701892219));
#10121=CARTESIAN_POINT('',(28.5895599399548,-3.42997660143362,-44.6011291019164));
#10122=CARTESIAN_POINT('Ctrl Pts',(28.5895599396348,-3.4299766009492,-44.6011290999982));
#10123=CARTESIAN_POINT('Ctrl Pts',(28.601352563233,-3.55113197397754,-44.5685637544477));
#10124=CARTESIAN_POINT('Ctrl Pts',(28.6065404509627,-3.67771278749739,-44.5532495591011));
#10125=CARTESIAN_POINT('Ctrl Pts',(28.6039759533729,-3.9531408414536,-44.5606147769029));
#10126=CARTESIAN_POINT('Ctrl Pts',(28.5937531206133,-4.1012109719986,-44.5909393444975));
#10127=CARTESIAN_POINT('Ctrl Pts',(28.553363500417,-4.35627119446524,-44.6980629688538));
#10128=CARTESIAN_POINT('Ctrl Pts',(28.5260763741482,-4.46407310563473,-44.7676668410098));
#10129=CARTESIAN_POINT('Ctrl Pts',(28.4860620788804,-4.55679812312265,-44.8575344293965));
#10130=CARTESIAN_POINT('Ctrl Pts',(28.4845355726081,-4.56026630216553,-44.8609494628558));
#10131=CARTESIAN_POINT('Ctrl Pts',(28.4829933570822,-4.56370121893228,-44.8643858856048));
#10132=CARTESIAN_POINT('',(28.5686341299111,-3.0000000993704,-44.6575239864258));
#10133=CARTESIAN_POINT('Ctrl Pts',(28.5895599396348,-3.4299766009492,-44.6011290999982));
#10134=CARTESIAN_POINT('Ctrl Pts',(28.5758039128703,-3.28864956821775,-44.6391163859708));
#10135=CARTESIAN_POINT('Ctrl Pts',(28.5686341226769,-3.14240636892012,-44.6575239864258));
#10136=CARTESIAN_POINT('Ctrl Pts',(28.5686341299111,-3.00000009937039,-44.6575239864258));
#10137=CARTESIAN_POINT('',(28.5686341299111,-3.00000012093137,-41.9450163920181));
#10138=CARTESIAN_POINT('Ctrl Pts',(28.5686341299111,-3.0000000993704,-44.6575239864258));
#10139=CARTESIAN_POINT('Ctrl Pts',(28.5686341426521,-2.74918929967811,-44.6575239864258));
#10140=CARTESIAN_POINT('Ctrl Pts',(28.5925340483783,-2.48707461055573,-44.5987924170116));
#10141=CARTESIAN_POINT('Ctrl Pts',(28.6498618587566,-2.1452306383759,-44.4223881797596));
#10142=CARTESIAN_POINT('Ctrl Pts',(28.672092293956,-2.03944410571847,-44.3491932493544));
#10143=CARTESIAN_POINT('Ctrl Pts',(28.7165205469258,-1.85312681623414,-44.1786257568285));
#10144=CARTESIAN_POINT('Ctrl Pts',(28.7386791231914,-1.77258439659602,-44.0812557155426));
#10145=CARTESIAN_POINT('Ctrl Pts',(28.7746888374003,-1.6494855073891,-43.8805920544709));
#10146=CARTESIAN_POINT('Ctrl Pts',(28.7906833622917,-1.59896204422004,-43.7692603315334));
#10147=CARTESIAN_POINT('Ctrl Pts',(28.812244163443,-1.5325543051982,-43.5359822907267));
#10148=CARTESIAN_POINT('Ctrl Pts',(28.8176660886489,-1.51669383476359,-43.4140158777967));
#10149=CARTESIAN_POINT('Ctrl Pts',(28.8176660886489,-1.51669383476359,-43.1885245006471));
#10150=CARTESIAN_POINT('Ctrl Pts',(28.812244163443,-1.5325543051982,-43.0665580877171));
#10151=CARTESIAN_POINT('Ctrl Pts',(28.7906833622917,-1.59896204422004,-42.8332800469105));
#10152=CARTESIAN_POINT('Ctrl Pts',(28.7746888374003,-1.6494855073891,-42.721948323973));
#10153=CARTESIAN_POINT('Ctrl Pts',(28.7386791231914,-1.77258439659602,-42.5212846629013));
#10154=CARTESIAN_POINT('Ctrl Pts',(28.7165205469258,-1.85312681623414,-42.4239146216153));
#10155=CARTESIAN_POINT('Ctrl Pts',(28.672092293956,-2.03944410571847,-42.2533471290895));
#10156=CARTESIAN_POINT('Ctrl Pts',(28.6498618587566,-2.1452306383759,-42.1801521986843));
#10157=CARTESIAN_POINT('Ctrl Pts',(28.5925340483783,-2.48707461055573,-42.0037479614322));
#10158=CARTESIAN_POINT('Ctrl Pts',(28.5686341426521,-2.74918929967811,-41.9450163920181));
#10159=CARTESIAN_POINT('Ctrl Pts',(28.5686341299111,-3.00000009937039,-41.9450163920181));
#10160=CARTESIAN_POINT('',(28.5894981151333,-3.42934095407553,-42.0012405598568));
#10161=CARTESIAN_POINT('Ctrl Pts',(28.5686341299111,-3.00000012093137,-41.9450163920181));
#10162=CARTESIAN_POINT('Ctrl Pts',(28.5686341233818,-3.1421929769269,-41.9450163938442));
#10163=CARTESIAN_POINT('Ctrl Pts',(28.575781603157,-3.28821125580526,-41.9633680231978));
#10164=CARTESIAN_POINT('Ctrl Pts',(28.5894981148111,-3.42934095358684,-42.0012405617946));
#10165=CARTESIAN_POINT('',(28.4829890552535,-4.56253890397918,-41.738144818778));
#10166=CARTESIAN_POINT('Ctrl Pts',(28.4829890191817,-4.56253889588486,-41.7381448268688));
#10167=CARTESIAN_POINT('Ctrl Pts',(28.5067392112497,-4.50959501470525,-41.7910655066294));
#10168=CARTESIAN_POINT('Ctrl Pts',(28.5264863593778,-4.44939165366273,-41.8382683465434));
#10169=CARTESIAN_POINT('Ctrl Pts',(28.5692152705973,-4.27633099644489,-41.9446870504257));
#10170=CARTESIAN_POINT('Ctrl Pts',(28.5860817083214,-4.1563885120908,-41.9915325653768));
#10171=CARTESIAN_POINT('Ctrl Pts',(28.6065505769086,-3.88942791823269,-42.0489094690267));
#10172=CARTESIAN_POINT('Ctrl Pts',(28.6081718951192,-3.74225842667909,-42.0538442232677));
#10173=CARTESIAN_POINT('Ctrl Pts',(28.5988741623615,-3.5413915033057,-42.0274012751486));
#10174=CARTESIAN_POINT('Ctrl Pts',(28.5948888821159,-3.48480676035109,-42.0161249615577));
#10175=CARTESIAN_POINT('Ctrl Pts',(28.5894981148111,-3.42934095358684,-42.0012405617946));
#10176=CARTESIAN_POINT('',(28.251614233915,-4.9999999712449,-41.3008754618087));
#10177=CARTESIAN_POINT('Origin',(24.9999997460675,-2.998728218584,-43.3012701892219));
#10178=CARTESIAN_POINT('',(27.9066918273752,-4.99999995372305,-40.8262515917894));
#10179=CARTESIAN_POINT('Origin',(24.9999996444041,-4.99999980606479,-43.3012701892219));
#10180=CARTESIAN_POINT('Origin',(24.9999997459384,-3.00127053293296,-43.3012701892219));
#10181=CARTESIAN_POINT('Origin',(26.3650828289196,-2.99999998743128,-39.0999764580529));
#10182=CARTESIAN_POINT('',(24.9890176033837,-2.99999991752798,-38.2836159402234));
#10183=CARTESIAN_POINT('Ctrl Pts',(24.9890176033837,-2.99999991752798,-38.2836159402234));
#10184=CARTESIAN_POINT('Ctrl Pts',(24.9890176120313,-2.82976935047224,-38.2836159402234));
#10185=CARTESIAN_POINT('Ctrl Pts',(25.0227171202724,-2.6481244209312,-38.2831965705069));
#10186=CARTESIAN_POINT('Ctrl Pts',(25.1584064319283,-2.31174904972515,-38.2856459266088));
#10187=CARTESIAN_POINT('Ctrl Pts',(25.2602600357603,-2.15696759657866,-38.289025516473));
#10188=CARTESIAN_POINT('Ctrl Pts',(25.4828561335943,-1.91556906412202,-38.3057309094185));
#10189=CARTESIAN_POINT('Ctrl Pts',(25.6323561031766,-1.79895990915208,-38.321674051113));
#10190=CARTESIAN_POINT('Ctrl Pts',(25.8840817230385,-1.6584749690961,-38.3607433036167));
#10191=CARTESIAN_POINT('Ctrl Pts',(26.0159379701683,-1.60420127615897,-38.385568136941));
#10192=CARTESIAN_POINT('Ctrl Pts',(26.2862521369282,-1.53340023309341,-38.4492796725744));
#10193=CARTESIAN_POINT('Ctrl Pts',(26.4246695820963,-1.51682689413684,-38.4882869212215));
#10194=CARTESIAN_POINT('Ctrl Pts',(26.6764183579903,-1.51682690692553,-38.570085057012));
#10195=CARTESIAN_POINT('Ctrl Pts',(26.8113283074135,-1.53340025976697,-38.6198872623876));
#10196=CARTESIAN_POINT('Ctrl Pts',(27.0674657566823,-1.60420132957597,-38.7272302259156));
#10197=CARTESIAN_POINT('Ctrl Pts',(27.1887313673559,-1.65847503537153,-38.7846496697386));
#10198=CARTESIAN_POINT('Ctrl Pts',(27.4153459892733,-1.79895999972691,-38.9010025832899));
#10199=CARTESIAN_POINT('Ctrl Pts',(27.5456651381711,-1.9155691689115,-38.9759781845721));
#10200=CARTESIAN_POINT('Ctrl Pts',(27.7355683256237,-2.15696772232287,-39.0933019340982));
#10201=CARTESIAN_POINT('Ctrl Pts',(27.8199560809192,-2.31174918493032,-39.1504358300677));
#10202=CARTESIAN_POINT('Ctrl Pts',(27.9311707044863,-2.64812456867893,-39.2282104255972));
#10203=CARTESIAN_POINT('Ctrl Pts',(27.9581876633282,-2.82976950130433,-39.2483577713546));
#10204=CARTESIAN_POINT('Ctrl Pts',(27.9581876460329,-3.17023063541581,-39.2483577713546));
#10205=CARTESIAN_POINT('Ctrl Pts',(27.9311706687361,-3.35187556529632,-39.2282104255972));
#10206=CARTESIAN_POINT('Ctrl Pts',(27.8697130765326,-3.53775772226162,-39.1852319237263));
#10207=CARTESIAN_POINT('Ctrl Pts',(27.8635606456823,-3.55531231042035,-39.1809479839621));
#10208=CARTESIAN_POINT('Ctrl Pts',(27.8571143164519,-3.57270306803449,-39.1764828086369));
#10209=CARTESIAN_POINT('',(25.1128202600759,-3.5722271381299,-38.2848724483093));
#10210=CARTESIAN_POINT('Ctrl Pts',(25.1128202600816,-3.57222713812731,-38.2848724483133));
#10211=CARTESIAN_POINT('Ctrl Pts',(25.1050582183518,-3.55499201065456,-38.284697877255));
#10212=CARTESIAN_POINT('Ctrl Pts',(25.0976343484053,-3.53759623461759,-38.2845489180235));
#10213=CARTESIAN_POINT('Ctrl Pts',(25.0227170845222,-3.35187541754858,-38.2831965705069));
#10214=CARTESIAN_POINT('Ctrl Pts',(24.989017594736,-3.17023048458371,-38.2836159402234));
#10215=CARTESIAN_POINT('Ctrl Pts',(24.9890176033837,-2.99999991752797,-38.2836159402234));
#10216=CARTESIAN_POINT('Origin',(25.9507747090346,-2.56456152063647,-38.9653596056641));
#10217=CARTESIAN_POINT('',(24.8433924028473,-2.9999999101303,-38.6055492670529));
#10218=CARTESIAN_POINT('Origin',(26.3650828289196,-2.99999998743128,-39.0999764580529));
#10219=CARTESIAN_POINT('',(27.8867732549918,-3.00000006473226,-39.5944036490528));
#10220=CARTESIAN_POINT('Origin',(26.3650828289196,-2.99999998743128,-39.0999764580529));
#10221=CARTESIAN_POINT('Origin',(25.6918321341065,-2.29241247888972,-38.8812240729212));
#10222=CARTESIAN_POINT('',(24.860218180242,-4.6823482523156,-38.285551306777));
#10223=CARTESIAN_POINT('Ctrl Pts',(25.1128202600816,-3.57222713812732,-38.2848724483133));
#10224=CARTESIAN_POINT('Ctrl Pts',(25.1417436007265,-3.63644960437604,-38.2855229444537));
#10225=CARTESIAN_POINT('Ctrl Pts',(25.1626554229521,-3.70403553646836,-38.2862247911228));
#10226=CARTESIAN_POINT('Ctrl Pts',(25.1964334494956,-3.88916671089237,-38.2874062325793));
#10227=CARTESIAN_POINT('Ctrl Pts',(25.1946456276991,-4.00760670770038,-38.2873305296258));
#10228=CARTESIAN_POINT('Ctrl Pts',(25.1473921303691,-4.25032873338143,-38.2857076342143));
#10229=CARTESIAN_POINT('Ctrl Pts',(25.0976399551649,-4.37208203730066,-38.2840597552756));
#10230=CARTESIAN_POINT('Ctrl Pts',(24.979856166767,-4.55521546685773,-38.2834208270801));
#10231=CARTESIAN_POINT('Ctrl Pts',(24.9236723711177,-4.62251997775776,-38.2837829221217));
#10232=CARTESIAN_POINT('Ctrl Pts',(24.860218180242,-4.6823482523156,-38.285551306777));
#10233=CARTESIAN_POINT('Origin',(26.3644779932394,-2.99936430420757,-39.0997799350508));
#10234=CARTESIAN_POINT('Origin',(21.8413283809679,-2.29337349401201,-40.133305758173));
#10235=CARTESIAN_POINT('',(22.164920217669,-4.68341574490452,-39.161306503045));
#10236=CARTESIAN_POINT('',(21.95999076641,-3.5727027684667,-39.3093633327347));
#10237=CARTESIAN_POINT('Ctrl Pts',(22.164920217669,-4.68341574490452,-39.161306503045));
#10238=CARTESIAN_POINT('Ctrl Pts',(22.1573311139491,-4.67475425405493,-39.1665035808032));
#10239=CARTESIAN_POINT('Ctrl Pts',(22.1498743529922,-4.66592612944818,-39.1716406866042));
#10240=CARTESIAN_POINT('Ctrl Pts',(22.0621467148642,-4.55817302116721,-39.2324174104831));
#10241=CARTESIAN_POINT('Ctrl Pts',(21.9996391170358,-4.44153091476645,-39.2791342014231));
#10242=CARTESIAN_POINT('Ctrl Pts',(21.9184741520942,-4.19229508364776,-39.3410148999499));
#10243=CARTESIAN_POINT('Ctrl Pts',(21.8979904666422,-4.06282408211144,-39.35734899472));
#10244=CARTESIAN_POINT('Ctrl Pts',(21.8993742518665,-3.81442049148749,-39.3562610293043));
#10245=CARTESIAN_POINT('Ctrl Pts',(21.9174684099961,-3.69781894130583,-39.3418358818354));
#10246=CARTESIAN_POINT('Ctrl Pts',(21.9561325564697,-3.5836124380339,-39.3123037847115));
#10247=CARTESIAN_POINT('Ctrl Pts',(21.9580396002102,-3.57814179840339,-39.3108492296017));
#10248=CARTESIAN_POINT('Ctrl Pts',(21.9599907664078,-3.57270276846407,-39.3093633327414));
#10249=CARTESIAN_POINT('Origin',(21.6816504796185,-2.56515281806016,-40.3530834921979));
#10250=CARTESIAN_POINT('Origin',(21.4257924790542,-3.00063521016363,-40.7052417502972));
#10251=CARTESIAN_POINT('Origin',(21.4261658374596,-2.9999997365372,-40.7047278666376));
#10252=CARTESIAN_POINT('',(20.2245333072728,-2.99999967549497,-41.7611743926847));
#10253=CARTESIAN_POINT('Ctrl Pts',(20.2245333072728,-2.99999967549497,-41.7611743926847));
#10254=CARTESIAN_POINT('Ctrl Pts',(20.2245333159204,-2.82976910843923,-41.7611743926847));
#10255=CARTESIAN_POINT('Ctrl Pts',(20.2345481987434,-2.64812417769503,-41.7289946721826));
#10256=CARTESIAN_POINT('Ctrl Pts',(20.2788079898888,-2.31174880184442,-41.6007033770527));
#10257=CARTESIAN_POINT('Ctrl Pts',(20.3134966708071,-2.156967345286,-41.5048792016001));
#10258=CARTESIAN_POINT('Ctrl Pts',(20.3981704292109,-1.91556880582297,-41.2983399942338));
#10259=CARTESIAN_POINT('Ctrl Pts',(20.4595312933623,-1.79895964637561,-41.1610837813377));
#10260=CARTESIAN_POINT('Ctrl Pts',(20.5744758599308,-1.65847469937123,-40.9337515600181));
#10261=CARTESIAN_POINT('Ctrl Pts',(20.6388315025125,-1.60420100300512,-40.8160201149729));
#10262=CARTESIAN_POINT('Ctrl Pts',(20.7829564474742,-1.53339995352922,-40.5786240158981));
#10263=CARTESIAN_POINT('Ctrl Pts',(20.8628278889394,-1.51682661159854,-40.4590351062385));
#10264=CARTESIAN_POINT('Ctrl Pts',(21.018417189068,-1.51682661950238,-40.2448848065227));
#10265=CARTESIAN_POINT('Ctrl Pts',(21.1074713675167,-1.53339997001438,-40.1319675470284));
#10266=CARTESIAN_POINT('Ctrl Pts',(21.2887114146931,-1.60420103601863,-39.9215371533701));
#10267=CARTESIAN_POINT('Ctrl Pts',(21.3807936835294,-1.65847474033169,-39.8239502854633));
#10268=CARTESIAN_POINT('Ctrl Pts',(21.5614796445673,-1.79895970235393,-39.644381993446));
#10269=CARTESIAN_POINT('Ctrl Pts',(21.6730565063387,-1.91556887058642,-39.5436098470147));
#10270=CARTESIAN_POINT('Ctrl Pts',(21.843321326577,-2.15696742300017,-39.3992562039073));
#10271=CARTESIAN_POINT('Ctrl Pts',(21.9237361357105,-2.31174888540579,-39.3366540166695));
#10272=CARTESIAN_POINT('Ctrl Pts',(22.032071368489,-2.64812426900814,-39.2549162797166));
#10273=CARTESIAN_POINT('Ctrl Pts',(22.0595813260002,-2.82976920165859,-39.2354474884143));
#10274=CARTESIAN_POINT('Ctrl Pts',(22.0595813087049,-3.17023033577007,-39.2354474884143));
#10275=CARTESIAN_POINT('Ctrl Pts',(22.0320713327389,-3.35187526562554,-39.2549162797166));
#10276=CARTESIAN_POINT('Ctrl Pts',(21.972204901525,-3.53775742267167,-39.3000848268062));
#10277=CARTESIAN_POINT('Ctrl Pts',(21.9662294263912,-3.55531201083938,-39.3046123252192));
#10278=CARTESIAN_POINT('Ctrl Pts',(21.9599907664078,-3.57270276846406,-39.3093633327414));
#10279=CARTESIAN_POINT('',(20.2639854222563,-3.57222689181194,-41.6438193240089));
#10280=CARTESIAN_POINT('Ctrl Pts',(20.2639854222618,-3.57222689180937,-41.6438193240047));
#10281=CARTESIAN_POINT('Ctrl Pts',(20.2614207931187,-3.55499176460063,-41.6511475197806));
#10282=CARTESIAN_POINT('Ctrl Pts',(20.258985023104,-3.53759598881705,-41.6581620095758));
#10283=CARTESIAN_POINT('Ctrl Pts',(20.2345481629933,-3.3518751743124,-41.7289946721826));
#10284=CARTESIAN_POINT('Ctrl Pts',(20.2245332986252,-3.1702302425507,-41.7611743926847));
#10285=CARTESIAN_POINT('Ctrl Pts',(20.2245333072728,-2.99999967549497,-41.7611743926847));
#10286=CARTESIAN_POINT('Origin',(21.1701093681247,-2.56456127778149,-41.0571594297282));
#10287=CARTESIAN_POINT('',(20.4857094337916,-2.99999968876256,-41.9991550576375));
#10288=CARTESIAN_POINT('Origin',(21.4261658374596,-2.9999997365372,-40.7047278666376));
#10289=CARTESIAN_POINT('',(22.3666222411275,-2.99999978431183,-39.4103006756377));
#10290=CARTESIAN_POINT('Origin',(21.4261658374596,-2.9999997365372,-40.7047278666376));
#10291=CARTESIAN_POINT('Origin',(21.0100740747904,-2.29241224105917,-41.2774291566598));
#10292=CARTESIAN_POINT('',(20.1865726805755,-4.68234801489717,-41.8842679032345));
#10293=CARTESIAN_POINT('Ctrl Pts',(20.2639854222618,-3.57222689180937,-41.6438193240048));
#10294=CARTESIAN_POINT('Ctrl Pts',(20.2735418823941,-3.63644935707427,-41.6165126036707));
#10295=CARTESIAN_POINT('Ctrl Pts',(20.2806714843209,-3.70403528846646,-41.5968411581584));
#10296=CARTESIAN_POINT('Ctrl Pts',(20.2922330796566,-3.88916646176189,-41.5650814224502));
#10297=CARTESIAN_POINT('Ctrl Pts',(20.291608610394,-4.00760645862901,-41.5667583427985));
#10298=CARTESIAN_POINT('Ctrl Pts',(20.275463002899,-4.2503284858903,-41.6111975753629));
#10299=CARTESIAN_POINT('Ctrl Pts',(20.2585215049774,-4.37208179147629,-41.6580054773118));
#10300=CARTESIAN_POINT('Ctrl Pts',(20.2215166494486,-4.5552152251369,-41.7698270682632));
#10301=CARTESIAN_POINT('Ctrl Pts',(20.2044992722708,-4.62251973802655,-41.8233729234953));
#10302=CARTESIAN_POINT('Ctrl Pts',(20.1865726805755,-4.68234801489717,-41.8842679032345));
#10303=CARTESIAN_POINT('Origin',(21.4257920284962,-2.99936405332523,-40.7052423706358));
#10304=CARTESIAN_POINT('Origin',(21.0110034238249,-2.293373451832,-45.3263903611433));
#10305=CARTESIAN_POINT('',(20.1865724912889,-4.68341564440563,-44.718271832404));
#10306=CARTESIAN_POINT('',(20.264056259848,-3.57270268231424,-44.9589234525741));
#10307=CARTESIAN_POINT('Ctrl Pts',(20.1865724912889,-4.68341564440562,-44.718271832404));
#10308=CARTESIAN_POINT('Ctrl Pts',(20.189170044239,-4.67475415407351,-44.7270954847165));
#10309=CARTESIAN_POINT('Ctrl Pts',(20.1917514566371,-4.6659260299767,-44.735774739236));
#10310=CARTESIAN_POINT('Ctrl Pts',(20.2224442286456,-4.55817292771143,-44.8379897268837));
#10311=CARTESIAN_POINT('Ctrl Pts',(20.2475586311773,-4.44153082576181,-44.9118742730748));
#10312=CARTESIAN_POINT('Ctrl Pts',(20.2813293279779,-4.19229500048177,-45.0081889413873));
#10313=CARTESIAN_POINT('Ctrl Pts',(20.2905341728793,-4.06282400045361,-45.032717603041));
#10314=CARTESIAN_POINT('Ctrl Pts',(20.2899270781514,-3.81442040972856,-45.0310653572847));
#10315=CARTESIAN_POINT('Ctrl Pts',(20.2817993541064,-3.69781885821483,-45.0093991802078));
#10316=CARTESIAN_POINT('Ctrl Pts',(20.2656605430391,-3.58361235215893,-44.9635014773839));
#10317=CARTESIAN_POINT('Ctrl Pts',(20.2648664880404,-3.57814171239121,-44.9612382890238));
#10318=CARTESIAN_POINT('Ctrl Pts',(20.2640562598538,-3.5727026823116,-44.9589234525783));
#10319=CARTESIAN_POINT('Origin',(21.1706812752229,-2.56515279210323,-45.5461681113983));
#10320=CARTESIAN_POINT('Origin',(21.4265391957481,-3.00063521020157,-45.8983263955039));
#10321=CARTESIAN_POINT('Origin',(21.4261658374596,-2.9999997365372,-45.8978125118063));
#10322=CARTESIAN_POINT('',(22.0595813173526,-2.99999976871433,-47.3670928900296));
#10323=CARTESIAN_POINT('Ctrl Pts',(22.0595813173526,-2.99999976871433,-47.3670928900296));
#10324=CARTESIAN_POINT('Ctrl Pts',(22.0595813260002,-2.82976920165859,-47.3670928900296));
#10325=CARTESIAN_POINT('Ctrl Pts',(22.0320713684891,-2.64812426900815,-47.3476240987273));
#10326=CARTESIAN_POINT('Ctrl Pts',(21.9237361357106,-2.3117488854058,-47.2658863617744));
#10327=CARTESIAN_POINT('Ctrl Pts',(21.8433213265771,-2.15696742300018,-47.2032841745366));
#10328=CARTESIAN_POINT('Ctrl Pts',(21.6730565063388,-1.91556887058643,-47.0589305314292));
#10329=CARTESIAN_POINT('Ctrl Pts',(21.5614796445674,-1.79895970235393,-46.9581583849979));
#10330=CARTESIAN_POINT('Ctrl Pts',(21.3807936835294,-1.6584747403317,-46.7785900929806));
#10331=CARTESIAN_POINT('Ctrl Pts',(21.2887114146932,-1.60420103601863,-46.6810032250738));
#10332=CARTESIAN_POINT('Ctrl Pts',(21.1074713675168,-1.53339997001438,-46.4705728314155));
#10333=CARTESIAN_POINT('Ctrl Pts',(21.0184171890681,-1.51682661950238,-46.3576555719212));
#10334=CARTESIAN_POINT('Ctrl Pts',(20.8628278889394,-1.51682661159853,-46.1435052722054));
#10335=CARTESIAN_POINT('Ctrl Pts',(20.7829564474742,-1.53339995352921,-46.0239163625458));
#10336=CARTESIAN_POINT('Ctrl Pts',(20.6388315025126,-1.60420100300511,-45.786520263471));
#10337=CARTESIAN_POINT('Ctrl Pts',(20.5744758599308,-1.65847469937122,-45.6687888184259));
#10338=CARTESIAN_POINT('Ctrl Pts',(20.4595312933623,-1.79895964637559,-45.4414565971062));
#10339=CARTESIAN_POINT('Ctrl Pts',(20.398170429211,-1.91556880582295,-45.3042003842101));
#10340=CARTESIAN_POINT('Ctrl Pts',(20.3134966708071,-2.15696734528597,-45.0976611768438));
#10341=CARTESIAN_POINT('Ctrl Pts',(20.2788079898888,-2.3117488018444,-45.0018370013912));
#10342=CARTESIAN_POINT('Ctrl Pts',(20.2345481987434,-2.64812417769502,-44.8735457062614));
#10343=CARTESIAN_POINT('Ctrl Pts',(20.2245333159204,-2.82976910843923,-44.8413659857592));
#10344=CARTESIAN_POINT('Ctrl Pts',(20.2245332986252,-3.17023024255071,-44.8413659857592));
#10345=CARTESIAN_POINT('Ctrl Pts',(20.2345481629933,-3.35187517431242,-44.8735457062613));
#10346=CARTESIAN_POINT('Ctrl Pts',(20.259006252872,-3.53775733564219,-44.944439905456));
#10347=CARTESIAN_POINT('Ctrl Pts',(20.2614656357582,-3.55531192423839,-44.9515219931235));
#10348=CARTESIAN_POINT('Ctrl Pts',(20.2640562598538,-3.5727026823116,-44.9589234525783));
#10349=CARTESIAN_POINT('',(21.9601613684761,-3.57222697797668,-47.29330696075));
#10350=CARTESIAN_POINT('Ctrl Pts',(21.9601613684739,-3.5722269779741,-47.2933069607434));
#10351=CARTESIAN_POINT('Ctrl Pts',(21.9663383834346,-3.55499185120944,-47.2980106058674));
#10352=CARTESIAN_POINT('Ctrl Pts',(21.9722568659445,-3.53759607585025,-47.3024947582061));
#10353=CARTESIAN_POINT('Ctrl Pts',(22.032071332739,-3.35187526562554,-47.3476240987273));
#10354=CARTESIAN_POINT('Ctrl Pts',(22.059581308705,-3.17023033577007,-47.3670928900296));
#10355=CARTESIAN_POINT('Ctrl Pts',(22.0595813173526,-2.99999976871433,-47.3670928900296));
#10356=CARTESIAN_POINT('Origin',(21.6822223868254,-2.56456130379652,-46.2502440488933));
#10357=CARTESIAN_POINT('',(22.3666222411275,-2.99999978431183,-47.1922397028062));
#10358=CARTESIAN_POINT('Origin',(21.4261658374596,-2.9999997365372,-45.8978125118063));
#10359=CARTESIAN_POINT('',(20.4857094337916,-2.99999968876256,-44.6033853208064));
#10360=CARTESIAN_POINT('Origin',(21.4261658374596,-2.9999997365372,-45.8978125118063));
#10361=CARTESIAN_POINT('Origin',(21.8422577301791,-2.2924122833336,-46.4705137595726));
#10362=CARTESIAN_POINT('',(22.1649196648559,-4.68234811539693,-47.4412334967909));
#10363=CARTESIAN_POINT('Ctrl Pts',(21.9601613684739,-3.5722269779741,-47.2933069607434));
#10364=CARTESIAN_POINT('Ctrl Pts',(21.9371442404942,-3.63644944158427,-47.2757799833153));
#10365=CARTESIAN_POINT('Ctrl Pts',(21.9206387498408,-3.70403537177583,-47.2629205147117));
#10366=CARTESIAN_POINT('Ctrl Pts',(21.8940061691822,-3.88916654313102,-47.2421104771139));
#10367=CARTESIAN_POINT('Ctrl Pts',(21.8954080394347,-4.00760654010107,-47.243222573839));
#10368=CARTESIAN_POINT('Ctrl Pts',(21.9326829855239,-4.25032857007609,-47.2723104254094));
#10369=CARTESIAN_POINT('Ctrl Pts',(21.9719647306448,-4.37208187851819,-47.3028871786945));
#10370=CARTESIAN_POINT('Ctrl Pts',(22.0668782477208,-4.55521531888054,-47.3726356507742));
#10371=CARTESIAN_POINT('Ctrl Pts',(22.11254472115,-4.62251983495481,-47.4053667142229));
#10372=CARTESIAN_POINT('Ctrl Pts',(22.1649196648559,-4.68234811539693,-47.4412334967909));
#10373=CARTESIAN_POINT('Origin',(21.4265396465398,-2.9993640533632,-45.8983270157666));
#10374=CARTESIAN_POINT('Origin',(25.6933358525409,-2.29337368969174,-47.7208277178212));
#10375=CARTESIAN_POINT('',(24.8602175103675,-4.68341588182405,-48.3169890529998));
#10376=CARTESIAN_POINT('',(25.1130346421479,-3.5727029286395,-48.317663104023));
#10377=CARTESIAN_POINT('Ctrl Pts',(24.8602175103675,-4.68341588182405,-48.3169890529998));
#10378=CARTESIAN_POINT('Ctrl Pts',(24.8694119907062,-4.67475439182706,-48.3172452922757));
#10379=CARTESIAN_POINT('Ctrl Pts',(24.878464152884,-4.66592626805896,-48.3174722607647));
#10380=CARTESIAN_POINT('Ctrl Pts',(24.9851609748867,-4.55817316965464,-48.3198678734117));
#10381=CARTESIAN_POINT('Ctrl Pts',(25.0631901352754,-4.44153107039306,-48.3188142432612));
#10382=CARTESIAN_POINT('Ctrl Pts',(25.1652265561607,-4.19229524858089,-48.3164592833667));
#10383=CARTESIAN_POINT('Ctrl Pts',(25.1913991577122,-4.06282424941468,-48.3152847351972));
#10384=CARTESIAN_POINT('Ctrl Pts',(25.1896401847504,-3.81442065863107,-48.3153515565777));
#10385=CARTESIAN_POINT('Ctrl Pts',(25.1665228250956,-3.6978191063559,-48.3163862702068));
#10386=CARTESIAN_POINT('Ctrl Pts',(25.117884352862,-3.58361259864905,-48.31755202698));
#10387=CARTESIAN_POINT('Ctrl Pts',(25.1154865565274,-3.57814195879985,-48.3176078547603));
#10388=CARTESIAN_POINT('Ctrl Pts',(25.1130346421537,-3.57270292863686,-48.3176631040188));
#10389=CARTESIAN_POINT('Origin',(25.951700074225,-2.56515303497618,-47.636880103425));
#10390=CARTESIAN_POINT('Origin',(26.3656869353926,-3.00063546110738,-47.5023676343228));
#10391=CARTESIAN_POINT('Origin',(28.5758141500528,-2.99999952696339,-54.3023817619287));
#10392=CARTESIAN_POINT('',(24.5203627738843,-4.99999972074022,-48.2959597953902));
#10393=CARTESIAN_POINT('',(25.0678414510818,-4.99999980951111,-49.9809263958849));
#10394=CARTESIAN_POINT('Origin',(24.9999997459384,-3.00127053293295,-43.3012701892219));
#10395=CARTESIAN_POINT('Origin',(27.0383335734075,-2.2924125472912,-47.2838114668879));
#10396=CARTESIAN_POINT('',(27.8572905919595,-3.57222727754738,-47.4259354635788));
#10397=CARTESIAN_POINT('Origin',(26.7793909793737,-2.56456156272969,-47.3679470259275));
#10398=CARTESIAN_POINT('',(28.0612508423471,-4.68234841492619,-47.2769105114641));
#10399=CARTESIAN_POINT('Ctrl Pts',(27.8572905919526,-3.5722272775448,-47.4259354635788));
#10400=CARTESIAN_POINT('Ctrl Pts',(27.8335087598969,-3.63644974111614,-47.4424099161422));
#10401=CARTESIAN_POINT('Ctrl Pts',(27.8161781990006,-3.70403567126578,-47.4541337729803));
#10402=CARTESIAN_POINT('Ctrl Pts',(27.7881567506129,-3.88916684255039,-47.4730321981458));
#10403=CARTESIAN_POINT('Ctrl Pts',(27.7896476150245,-4.00760683952495,-47.4720425913725));
#10404=CARTESIAN_POINT('Ctrl Pts',(27.8288303890917,-4.25032886959694,-47.4455806397382));
#10405=CARTESIAN_POINT('Ctrl Pts',(27.8700493320879,-4.37208217813745,-47.4176702105851));
#10406=CARTESIAN_POINT('Ctrl Pts',(27.9657139543048,-4.55521561853756,-47.3489555460423));
#10407=CARTESIAN_POINT('Ctrl Pts',(28.0109547594831,-4.62252013458989,-47.3156386005093));
#10408=CARTESIAN_POINT('Ctrl Pts',(28.0612508423471,-4.68234841492619,-47.2769105114641));
#10409=CARTESIAN_POINT('Origin',(26.3656876646445,-2.99936430426902,-47.5023673973276));
#10410=CARTESIAN_POINT('Origin',(31.3326692066267,-5.89999960218996,-53.4066253614216));
#10411=CARTESIAN_POINT('',(28.3244833289225,-4.99999991398731,-47.0595655502731));
#10412=CARTESIAN_POINT('Origin',(24.9999997460675,-2.99872821858399,-43.3012701892219));
#10413=CARTESIAN_POINT('',(28.8720683587827,-5.00000000276361,-48.74485849352));
#10414=CARTESIAN_POINT('Origin',(25.8165410054942,-5.89999932197388,-31.4036163175286));
#10415=CARTESIAN_POINT('',(24.5195064330916,-4.99999972069672,-38.3066628910042));
#10416=CARTESIAN_POINT('Origin',(24.9999997460675,-2.99872821858399,-43.3012701892219));
#10417=CARTESIAN_POINT('',(25.0670911189313,-4.999999809473,-36.6213700298284));
#10418=CARTESIAN_POINT('Origin',(28.573396265657,-2.99999952684056,-32.2993729982518));
#10419=CARTESIAN_POINT('',(28.3238389140676,-4.99999991395458,-39.5424048951511));
#10420=CARTESIAN_POINT('',(28.8713179355542,-5.00000000272549,-37.8574382125026));
#10421=CARTESIAN_POINT('Origin',(24.9999997459384,-3.00127053293296,-43.3012701892219));
#10422=CARTESIAN_POINT('Origin',(13.9369835267014,-5.89999871849933,-38.8481159239068));
#10423=CARTESIAN_POINT('',(20.1013652591214,-4.99999949625774,-42.2148278534979));
#10424=CARTESIAN_POINT('Origin',(24.9999997460675,-2.99872821858399,-43.3012701892219));
#10425=CARTESIAN_POINT('',(20.3943253456742,-4.99999957209924,-42.4276758679754));
#10426=CARTESIAN_POINT('Origin',(15.6408139831348,-2.99999886987297,-36.5029949415228));
#10427=CARTESIAN_POINT('',(22.4522291334992,-4.99999961568025,-38.9785579372567));
#10428=CARTESIAN_POINT('',(22.7454667117338,-4.99999969153584,-39.19160745604));
#10429=CARTESIAN_POINT('Origin',(24.9999997459384,-3.00127053293295,-43.3012701892219));
#10430=CARTESIAN_POINT('Origin',(15.6423083178723,-2.99999886994888,-50.1016022122369));
#10431=CARTESIAN_POINT('',(20.1015516034667,-4.99999949626721,-44.3885523879926));
#10432=CARTESIAN_POINT('',(20.3947892239251,-4.9999995721228,-44.1755027333051));
#10433=CARTESIAN_POINT('Origin',(24.9999997459384,-3.00127053293296,-43.3012701892219));
#10434=CARTESIAN_POINT('Origin',(17.3461382413031,-5.89999889168239,-52.446723367804));
#10435=CARTESIAN_POINT('',(22.452970307153,-4.9999996157179,-47.6244191971454));
#10436=CARTESIAN_POINT('Origin',(24.9999997460675,-2.99872821858398,-43.3012701892219));
#10437=CARTESIAN_POINT('',(22.7459303515394,-4.99999969155939,-47.4115713184811));
#10438=CARTESIAN_POINT('Origin',(28.8176660132979,-5.,-43.3012701892219));
#10439=CARTESIAN_POINT('',(29.6020157971027,-4.99999997888521,-45.3008759303191));
#10440=CARTESIAN_POINT('Origin',(24.9999996444041,-4.99999974510549,-43.3012701892219));
#10441=CARTESIAN_POINT('',(32.6926658608428,-5.00000019684772,-45.3008761483771));
#10442=CARTESIAN_POINT('Origin',(28.8176660132979,-5.,-43.3012701892219));
#10443=CARTESIAN_POINT('Origin',(24.9999996444041,-4.99999974510549,-43.3012701892219));
#10444=CARTESIAN_POINT('Origin',(28.8176660132979,-5.,-43.3012701892219));
#10445=CARTESIAN_POINT('',(19.9823333771092,-4.99999949021099,-43.3012701892219));
#10446=CARTESIAN_POINT('Origin',(24.9999996444041,-4.99999974510549,-43.3012701892219));
#10447=CARTESIAN_POINT('Origin',(24.9999996444041,-4.99999974510549,-43.3012701892219));
#10448=CARTESIAN_POINT('Origin',(28.8176660132979,-5.,-43.3012701892219));
#10449=CARTESIAN_POINT('',(29.6016728937321,-4.9999999788678,-41.3008754541892));
#10450=CARTESIAN_POINT('',(32.6926660082101,-5.00000019684773,-41.3008752363048));
#10451=CARTESIAN_POINT('Origin',(24.9999996444041,-4.99999974510549,-43.3012701892219));
#10452=CARTESIAN_POINT('Origin',(28.8176660132979,-5.,-43.3012701892219));
#10453=CARTESIAN_POINT('Origin',(24.9999996444041,-4.99999974510549,-43.3012701892219));
#10454=CARTESIAN_POINT('Origin',(24.9999997460029,-2.9999997451055,-43.3012701892219));
#10455=CARTESIAN_POINT('',(29.7270369788749,-4.6823484954815,-41.6183877319076));
#10456=CARTESIAN_POINT('Origin',(24.9999997460675,-2.998728218584,-43.3012701892219));
#10457=CARTESIAN_POINT('',(29.8057409419028,-3.57222737652752,-41.8584167494628));
#10458=CARTESIAN_POINT('Ctrl Pts',(29.8057409419007,-3.57222737652495,-41.8584167494694));
#10459=CARTESIAN_POINT('Ctrl Pts',(29.8140600848466,-3.636449841727,-41.8861254985278));
#10460=CARTESIAN_POINT('Ctrl Pts',(29.8198546950773,-3.70403577305138,-41.9062307091365));
#10461=CARTESIAN_POINT('Ctrl Pts',(29.8291690552215,-3.88916694623262,-41.9387206158205));
#10462=CARTESIAN_POINT('Ctrl Pts',(29.8286885815332,-4.00760694310704,-41.936996908474));
#10463=CARTESIAN_POINT('Ctrl Pts',(29.8156299045511,-4.25032897052518,-41.8915546713849));
#10464=CARTESIAN_POINT('Ctrl Pts',(29.8018228586348,-4.3720822762704,-41.8437283242427));
#10465=CARTESIAN_POINT('Ctrl Pts',(29.7660333176532,-4.55521570538886,-41.7315118567711));
#10466=CARTESIAN_POINT('Ctrl Pts',(29.7483271960916,-4.62252021443116,-41.6781897924275));
#10467=CARTESIAN_POINT('Ctrl Pts',(29.7270369386765,-4.68234848832594,-41.61838773906));
#10468=CARTESIAN_POINT('',(29.768678847325,-3.00000016033196,-41.7402851160828));
#10469=CARTESIAN_POINT('Ctrl Pts',(29.8057409419007,-3.57222737652494,-41.8584167494694));
#10470=CARTESIAN_POINT('Ctrl Pts',(29.8035083666428,-3.55499224933308,-41.8509806628461));
#10471=CARTESIAN_POINT('Ctrl Pts',(29.8013559339236,-3.53759647356389,-41.8438741111829));
#10472=CARTESIAN_POINT('Ctrl Pts',(29.7794913916487,-3.35187565918993,-41.7722056518463));
#10473=CARTESIAN_POINT('Ctrl Pts',(29.7686788386774,-3.1702307273877,-41.7402851160828));
#10474=CARTESIAN_POINT('Ctrl Pts',(29.768678847325,-3.00000016033196,-41.7402851160828));
#10475=CARTESIAN_POINT('',(29.8058025996847,-3.57270316702936,-44.743918248141));
#10476=CARTESIAN_POINT('Ctrl Pts',(29.768678847325,-3.00000016033196,-41.7402851160828));
#10477=CARTESIAN_POINT('Ctrl Pts',(29.7686788559726,-2.82976959327622,-41.7402851160828));
#10478=CARTESIAN_POINT('Ctrl Pts',(29.7794914273988,-2.64812466257254,-41.7722056518463));
#10479=CARTESIAN_POINT('Ctrl Pts',(29.8190922663814,-2.31174928648526,-41.9020107322976));
#10480=CARTESIAN_POINT('Ctrl Pts',(29.8473525853742,-2.15696782960027,-41.9999236091544));
#10481=CARTESIAN_POINT('Ctrl Pts',(29.9002507981418,-1.91556928852307,-42.2167873171564));
#10482=CARTESIAN_POINT('Ctrl Pts',(29.9312860046957,-1.79896012753519,-42.3638969335071));
#10483=CARTESIAN_POINT('Ctrl Pts',(29.9719164369034,-1.65847517675569,-42.6153752807891));
#10484=CARTESIAN_POINT('Ctrl Pts',(29.989052440487,-1.60420147799085,-42.7484493165937));
#10485=CARTESIAN_POINT('Ctrl Pts',(30.0119908431941,-1.53340042235874,-43.0252213101654));
#10486=CARTESIAN_POINT('Ctrl Pts',(30.0176660886422,-1.51682707665894,-43.1689180252966));
#10487=CARTESIAN_POINT('Ctrl Pts',(30.0176660886422,-1.51682707665894,-43.4336223531473));
#10488=CARTESIAN_POINT('Ctrl Pts',(30.0119908431941,-1.53340042235874,-43.5773190682784));
#10489=CARTESIAN_POINT('Ctrl Pts',(29.989052440487,-1.60420147799085,-43.8540910618501));
#10490=CARTESIAN_POINT('Ctrl Pts',(29.9719164369034,-1.65847517675569,-43.9871650976547));
#10491=CARTESIAN_POINT('Ctrl Pts',(29.9312860046957,-1.79896012753519,-44.2386434449367));
#10492=CARTESIAN_POINT('Ctrl Pts',(29.9002507981418,-1.91556928852307,-44.3857530612874));
#10493=CARTESIAN_POINT('Ctrl Pts',(29.8473525853742,-2.15696782960027,-44.6026167692895));
#10494=CARTESIAN_POINT('Ctrl Pts',(29.8190922663814,-2.31174928648525,-44.7005296461462));
#10495=CARTESIAN_POINT('Ctrl Pts',(29.7794914273988,-2.64812466257254,-44.8303347265976));
#10496=CARTESIAN_POINT('Ctrl Pts',(29.7686788559726,-2.82976959327622,-44.8622552623611));
#10497=CARTESIAN_POINT('Ctrl Pts',(29.7686788386774,-3.1702307273877,-44.8622552623611));
#10498=CARTESIAN_POINT('Ctrl Pts',(29.7794913916487,-3.35187565918993,-44.8303347265976));
#10499=CARTESIAN_POINT('Ctrl Pts',(29.8013749289646,-3.53775782038892,-44.7586040045663));
#10500=CARTESIAN_POINT('Ctrl Pts',(29.8035479914871,-3.55531240897057,-44.7514288857732));
#10501=CARTESIAN_POINT('Ctrl Pts',(29.8058025996826,-3.57270316702672,-44.7439182481342));
#10502=CARTESIAN_POINT('',(29.7270367540816,-4.68341612499302,-44.9841532778043));
#10503=CARTESIAN_POINT('Ctrl Pts',(29.7270367138853,-4.68341611783783,-44.9841532706459));
#10504=CARTESIAN_POINT('Ctrl Pts',(29.7301216615076,-4.67475463112586,-44.9754879867652));
#10505=CARTESIAN_POINT('Ctrl Pts',(29.7331347922952,-4.66592651079109,-44.9669490102296));
#10506=CARTESIAN_POINT('Ctrl Pts',(29.7683842890706,-4.55817341263956,-44.866214596251));
#10507=CARTESIAN_POINT('Ctrl Pts',(29.7914945679614,-4.44153131058814,-44.7916788708154));
#10508=CARTESIAN_POINT('Ctrl Pts',(29.8207858648554,-4.19229548508056,-44.6939087572459));
#10509=CARTESIAN_POINT('Ctrl Pts',(29.8277565863761,-4.06282448493891,-44.6686541849019));
#10510=CARTESIAN_POINT('Ctrl Pts',(29.827276593467,-3.81442089422029,-44.6703477285426));
#10511=CARTESIAN_POINT('Ctrl Pts',(29.821117011701,-3.69781934280656,-44.692653393811));
#10512=CARTESIAN_POINT('Ctrl Pts',(29.8071956017847,-3.58361283686331,-44.7392715739432));
#10513=CARTESIAN_POINT('Ctrl Pts',(29.8065077375345,-3.57814219710098,-44.7415692657691));
#10514=CARTESIAN_POINT('Ctrl Pts',(29.8058025996826,-3.57270316702672,-44.7439182481342));
#10515=CARTESIAN_POINT('Origin',(24.9999997459384,-3.00127053293294,-43.3012701892219));
#10516=CARTESIAN_POINT('',(27.9581876546806,-3.00000006836007,-47.3541826070892));
#10517=CARTESIAN_POINT('Ctrl Pts',(27.8572905919526,-3.57222727754481,-47.4259354635788));
#10518=CARTESIAN_POINT('Ctrl Pts',(27.8636728275005,-3.55499215079057,-47.4215142803607));
#10519=CARTESIAN_POINT('Ctrl Pts',(27.8697664220893,-3.53759637544028,-47.4172711491215));
#10520=CARTESIAN_POINT('Ctrl Pts',(27.9311706687362,-3.35187556529632,-47.3743299528467));
#10521=CARTESIAN_POINT('Ctrl Pts',(27.9581876460329,-3.17023063541581,-47.3541826070892));
#10522=CARTESIAN_POINT('Ctrl Pts',(27.9581876546806,-3.00000006836007,-47.3541826070892));
#10523=CARTESIAN_POINT('Ctrl Pts',(27.9581876546806,-3.00000006836007,-47.3541826070892));
#10524=CARTESIAN_POINT('Ctrl Pts',(27.9581876633282,-2.82976950130433,-47.3541826070892));
#10525=CARTESIAN_POINT('Ctrl Pts',(27.9311707044863,-2.64812456867894,-47.3743299528467));
#10526=CARTESIAN_POINT('Ctrl Pts',(27.8199560809192,-2.31174918493032,-47.4521045483762));
#10527=CARTESIAN_POINT('Ctrl Pts',(27.7355683256237,-2.15696772232287,-47.5092384443457));
#10528=CARTESIAN_POINT('Ctrl Pts',(27.5456651381711,-1.9155691689115,-47.6265621938717));
#10529=CARTESIAN_POINT('Ctrl Pts',(27.4153459892733,-1.79895999972691,-47.701537795154));
#10530=CARTESIAN_POINT('Ctrl Pts',(27.1887313673559,-1.65847503537152,-47.8178907087052));
#10531=CARTESIAN_POINT('Ctrl Pts',(27.0674657566823,-1.60420132957596,-47.8753101525283));
#10532=CARTESIAN_POINT('Ctrl Pts',(26.8113283074135,-1.53340025976696,-47.9826531160562));
#10533=CARTESIAN_POINT('Ctrl Pts',(26.6764183579903,-1.51682690692552,-48.0324553214319));
#10534=CARTESIAN_POINT('Ctrl Pts',(26.4246695820963,-1.51682689413683,-48.1142534572224));
#10535=CARTESIAN_POINT('Ctrl Pts',(26.2862521369282,-1.53340023309341,-48.1532607058695));
#10536=CARTESIAN_POINT('Ctrl Pts',(26.0159379701683,-1.60420127615897,-48.2169722415029));
#10537=CARTESIAN_POINT('Ctrl Pts',(25.8840817230385,-1.65847496909608,-48.2417970748272));
#10538=CARTESIAN_POINT('Ctrl Pts',(25.6323561031766,-1.79895990915207,-48.2808663273309));
#10539=CARTESIAN_POINT('Ctrl Pts',(25.4828561335943,-1.91556906412201,-48.2968094690253));
#10540=CARTESIAN_POINT('Ctrl Pts',(25.2602600357604,-2.15696759657866,-48.3135148619709));
#10541=CARTESIAN_POINT('Ctrl Pts',(25.1584064319283,-2.31174904972515,-48.3168944518351));
#10542=CARTESIAN_POINT('Ctrl Pts',(25.0227171202724,-2.64812442093119,-48.319343807937));
#10543=CARTESIAN_POINT('Ctrl Pts',(24.9890176120313,-2.82976935047224,-48.3189244382205));
#10544=CARTESIAN_POINT('Ctrl Pts',(24.989017594736,-3.17023048458371,-48.3189244382205));
#10545=CARTESIAN_POINT('Ctrl Pts',(25.0227170845222,-3.35187541754859,-48.319343807937));
#10546=CARTESIAN_POINT('Ctrl Pts',(25.0976994335316,-3.53775758144496,-48.3179902855549));
#10547=CARTESIAN_POINT('Ctrl Pts',(25.105194889648,-3.55531217029699,-48.3178397580317));
#10548=CARTESIAN_POINT('Ctrl Pts',(25.1130346421537,-3.57270292863686,-48.3176631040188));
#10549=CARTESIAN_POINT('',(19.9823335803068,-0.999999490210998,-43.3012701892219));
#10550=CARTESIAN_POINT('',(19.982333478708,-2.99999949021099,-43.3012701892219));
#10551=CARTESIAN_POINT('Origin',(24.9999998476018,-0.999999745105503,-43.3012701892219));
#10552=CARTESIAN_POINT('Origin',(26.3650828289196,-2.99999998743128,-47.502563920391));
#10553=CARTESIAN_POINT('',(27.8867732549918,-3.00000006473226,-47.0081367293911));
#10554=CARTESIAN_POINT('Origin',(26.3650828289196,-2.99999998743128,-47.502563920391));
#10555=CARTESIAN_POINT('',(24.8433924028474,-2.9999999101303,-47.996991111391));
#10556=CARTESIAN_POINT('Origin',(26.3650828289196,-2.99999998743128,-47.502563920391));
#10557=CARTESIAN_POINT('Origin',(29.4175013972563,-2.29337387887716,-44.0075867852105));
#10558=CARTESIAN_POINT('Origin',(29.4175013972563,-2.56515321103685,-43.7359265559841));
#10559=CARTESIAN_POINT('Origin',(29.4175013972563,-3.00063561613776,-43.3006349940627));
#10560=CARTESIAN_POINT('Origin',(36.5676660132979,-2.99999993294477,-43.2999990321696));
#10561=CARTESIAN_POINT('Origin',(29.4175013972563,-2.29241266815153,-42.5933724900683));
#10562=CARTESIAN_POINT('Origin',(29.4175013972563,-2.56456169674416,-42.8656408358966));
#10563=CARTESIAN_POINT('Origin',(29.4175013972563,-2.99936445929937,-43.3006342273288));
#10564=CARTESIAN_POINT('Origin',(36.5676660132979,-5.89999986812472,-40.4012699754488));
#10565=CARTESIAN_POINT('Origin',(29.4175013972563,-3.00000014249235,-43.3012701892219));
#10566=CARTESIAN_POINT('',(29.4175013972563,-3.00000014249235,-41.7012701892219));
#10567=CARTESIAN_POINT('Origin',(29.4175013972563,-3.00000014249235,-43.3012701892219));
#10568=CARTESIAN_POINT('',(29.4175013972563,-3.00000014249235,-44.9012701892219));
#10569=CARTESIAN_POINT('Origin',(29.4175013972563,-3.00000014249235,-43.3012701892219));
#10570=CARTESIAN_POINT('Origin',(30.0176660132979,-1.,-43.3012701892219));
#10571=CARTESIAN_POINT('',(0.,0.,0.));
#10572=CARTESIAN_POINT('Ctrl Pts',(1.84009592826318,-5.10379609513878,-5.99266804239188));
#10573=CARTESIAN_POINT('Ctrl Pts',(2.02030599595494,-5.07431252694408,-6.49504194209767));
#10574=CARTESIAN_POINT('Ctrl Pts',(2.52750884152062,-4.78993548198109,-7.23969144782343));
#10575=CARTESIAN_POINT('Ctrl Pts',(3.24682595300883,-4.28122099204459,-7.51641473438192));
#10576=CARTESIAN_POINT('Ctrl Pts',(3.55337624921444,-4.04127424293461,-7.5372828442038));
#10577=CARTESIAN_POINT('Ctrl Pts',(1.96307108227995,-4.93913505500595,-5.92113826648597));
#10578=CARTESIAN_POINT('Ctrl Pts',(2.13600370316854,-4.91560010072646,-6.37655935913254));
#10579=CARTESIAN_POINT('Ctrl Pts',(2.60492715064178,-4.66243855578237,-7.0471357587386));
#10580=CARTESIAN_POINT('Ctrl Pts',(3.25340325848686,-4.19851006439352,-7.30072730075233));
#10581=CARTESIAN_POINT('Ctrl Pts',(3.53007979012574,-3.97798495872201,-7.32186107546425));
#10582=CARTESIAN_POINT('Ctrl Pts',(2.10095330311105,-4.51558050229611,-5.81137223163438));
#10583=CARTESIAN_POINT('Ctrl Pts',(2.25595222618407,-4.49277833518465,-6.17483966761946));
#10584=CARTESIAN_POINT('Ctrl Pts',(2.64829331537663,-4.28722206283612,-6.70233852385982));
#10585=CARTESIAN_POINT('Ctrl Pts',(3.1657234746405,-3.91310891521362,-6.91385988582998));
#10586=CARTESIAN_POINT('Ctrl Pts',(3.38782344928786,-3.73324347709772,-6.93698457693841));
#10587=CARTESIAN_POINT('Ctrl Pts',(1.96708326964828,-4.07679191261742,-5.81276365466447));
#10588=CARTESIAN_POINT('Ctrl Pts',(2.1021514645747,-4.04333201124446,-6.12709805407303));
#10589=CARTESIAN_POINT('Ctrl Pts',(2.45131986471327,-3.84558581800561,-6.59539423274718));
#10590=CARTESIAN_POINT('Ctrl Pts',(2.91783135564965,-3.51554572562667,-6.7883756960445));
#10591=CARTESIAN_POINT('Ctrl Pts',(3.11707186414221,-3.35996364503782,-6.81200087971274));
#10592=CARTESIAN_POINT('Ctrl Pts',(1.84570407131169,-3.89843272213465,-5.84118450732097));
#10593=CARTESIAN_POINT('Ctrl Pts',(1.97301855521248,-3.86056087881994,-6.14724635500537));
#10594=CARTESIAN_POINT('Ctrl Pts',(2.31449918391011,-3.65947009542104,-6.6144020051811));
#10595=CARTESIAN_POINT('Ctrl Pts',(2.78117530135638,-3.33333525959517,-6.80536007594857));
#10596=CARTESIAN_POINT('Ctrl Pts',(2.97915647028391,-3.1820169749948,-6.82840587000843));
#10597=CARTESIAN_POINT('',(2.4760099567685,-4.79927584679679,-7.02651227096226));
#10598=CARTESIAN_POINT('',(2.9791564702839,-3.1820169749948,-6.82840587000843));
#10599=CARTESIAN_POINT('Ctrl Pts',(2.4760099567685,-4.79927584679678,-7.02651227096226));
#10600=CARTESIAN_POINT('Ctrl Pts',(2.61908534695355,-4.6475773062159,-6.97609521097495));
#10601=CARTESIAN_POINT('Ctrl Pts',(2.73055023746839,-4.46642253085379,-6.93215572038914));
#10602=CARTESIAN_POINT('Ctrl Pts',(2.89743997141252,-4.07811694511868,-6.86406574541894));
#10603=CARTESIAN_POINT('Ctrl Pts',(2.94826084256923,-3.88358635654532,-6.84186930698288));
#10604=CARTESIAN_POINT('Ctrl Pts',(2.99103356293307,-3.62261573888276,-6.82323134866954));
#10605=CARTESIAN_POINT('Ctrl Pts',(3.00116686064076,-3.52651491488798,-6.81876091722061));
#10606=CARTESIAN_POINT('Ctrl Pts',(3.00400263068398,-3.3600269846552,-6.81751201574448));
#10607=CARTESIAN_POINT('Ctrl Pts',(3.00036989837484,-3.26815481431718,-6.81915069057752));
#10608=CARTESIAN_POINT('Ctrl Pts',(2.97915647028391,-3.1820169749948,-6.82840587000843));
#10609=CARTESIAN_POINT('',(1.89693298506742,-3.88045657494662,-5.95517802002285));
#10610=CARTESIAN_POINT('Ctrl Pts',(2.97915647028391,-3.1820169749948,-6.82840587000843));
#10611=CARTESIAN_POINT('Ctrl Pts',(2.78117530135638,-3.33333525959517,-6.80536007594857));
#10612=CARTESIAN_POINT('Ctrl Pts',(2.3481575773942,-3.63594805471074,-6.62817460173056));
#10613=CARTESIAN_POINT('Ctrl Pts',(2.02292747122047,-3.83090361181849,-6.21319558222652));
#10614=CARTESIAN_POINT('Ctrl Pts',(1.89709855155539,-3.88048363541097,-5.95510249918559));
#10615=CARTESIAN_POINT('',(1.90733431422084,-5.,-5.95185482129695));
#10616=CARTESIAN_POINT('Ctrl Pts',(1.89693298506742,-3.88045657494662,-5.95517802002284));
#10617=CARTESIAN_POINT('Ctrl Pts',(1.96477493224205,-3.98494453620104,-5.93356798134154));
#10618=CARTESIAN_POINT('Ctrl Pts',(2.01230480574298,-4.10243729219004,-5.91725261943992));
#10619=CARTESIAN_POINT('Ctrl Pts',(2.06512438751899,-4.35451520339337,-5.89903158727086));
#10620=CARTESIAN_POINT('Ctrl Pts',(2.06821554761898,-4.48767368975106,-5.89792046386317));
#10621=CARTESIAN_POINT('Ctrl Pts',(2.0366397814771,-4.68563328683503,-5.90886877478703));
#10622=CARTESIAN_POINT('Ctrl Pts',(2.01933210716906,-4.75231092412987,-5.91484713269908));
#10623=CARTESIAN_POINT('Ctrl Pts',(1.97226953807179,-4.88073167976548,-5.9307054636692));
#10624=CARTESIAN_POINT('Ctrl Pts',(1.94267855943749,-4.94216193447626,-5.94052838714557));
#10625=CARTESIAN_POINT('Ctrl Pts',(1.90733431422084,-5.,-5.95185482129695));
#10626=CARTESIAN_POINT('',(2.1217283855358,-5.,-6.58164880337103));
#10627=CARTESIAN_POINT('Ctrl Pts',(1.90733431422084,-5.,-5.95185482129695));
#10628=CARTESIAN_POINT('Ctrl Pts',(1.92195674501306,-5.,-5.99585744637235));
#10629=CARTESIAN_POINT('Ctrl Pts',(1.93661690509107,-5.,-6.03932495258858));
#10630=CARTESIAN_POINT('Ctrl Pts',(1.98923397018079,-5.,-6.19361296552687));
#10631=CARTESIAN_POINT('Ctrl Pts',(2.02525870948355,-5.,-6.29623157379516));
#10632=CARTESIAN_POINT('Ctrl Pts',(2.0792024406237,-5.,-6.4531297237523));
#10633=CARTESIAN_POINT('Ctrl Pts',(2.10140211546472,-5.,-6.51859625998124));
#10634=CARTESIAN_POINT('Ctrl Pts',(2.1217283855358,-5.,-6.58164880337103));
#10635=CARTESIAN_POINT('Ctrl Pts',(2.12311388517432,-5.00022199768314,-6.58085045239825));
#10636=CARTESIAN_POINT('Ctrl Pts',(2.2274444255792,-4.94875088950368,-6.74759849945998));
#10637=CARTESIAN_POINT('Ctrl Pts',(2.34608937349287,-4.88061254809388,-6.89752569961473));
#10638=CARTESIAN_POINT('Ctrl Pts',(2.47659673411717,-4.7994380054612,-7.02601873747122));
#10639=CARTESIAN_POINT('Ctrl Pts',(2.1217283855358,-5.,-6.58164880337103));
#10640=CARTESIAN_POINT('Ctrl Pts',(2.17642560201712,-5.,-6.75132078959518));
#10641=CARTESIAN_POINT('Ctrl Pts',(2.23112281849844,-5.,-6.92099277581933));
#10642=CARTESIAN_POINT('Ctrl Pts',(2.28582003497977,-5.,-7.09066476204348));
#10643=CARTESIAN_POINT('Ctrl Pts',(2.18083782100505,-4.93309194893226,-6.56259367435475));
#10644=CARTESIAN_POINT('Ctrl Pts',(2.23705885259797,-4.93309194893226,-6.73177442807207));
#10645=CARTESIAN_POINT('Ctrl Pts',(2.29327988392416,-4.93309194893226,-6.90095518099299));
#10646=CARTESIAN_POINT('Ctrl Pts',(2.34950091551708,-4.93309194893226,-7.07013593471031));
#10647=CARTESIAN_POINT('Ctrl Pts',(2.23969054078776,-4.86618389786452,-6.54274220932728));
#10648=CARTESIAN_POINT('Ctrl Pts',(2.297428769388,-4.86618389786452,-6.71141120108285));
#10649=CARTESIAN_POINT('Ctrl Pts',(2.35516699771811,-4.86618389786452,-6.88008019204316));
#10650=CARTESIAN_POINT('Ctrl Pts',(2.41290522631835,-4.86618389786452,-7.04874918379873));
#10651=CARTESIAN_POINT('Ctrl Pts',(2.29826518612674,-4.79927584679678,-6.52210161275808));
#10652=CARTESIAN_POINT('Ctrl Pts',(2.35751344300733,-4.79927584679678,-6.69023849882614));
#10653=CARTESIAN_POINT('Ctrl Pts',(2.41676169988791,-4.79927584679678,-6.8583753848942));
#10654=CARTESIAN_POINT('Ctrl Pts',(2.4760099567685,-4.79927584679678,-7.02651227096226));
#10655=CARTESIAN_POINT('',(2.28582003497977,-5.,-7.09066476204347));
#10656=CARTESIAN_POINT('',(2.28582003497977,-5.,-7.09066476204348));
#10657=CARTESIAN_POINT('Ctrl Pts',(2.4760099567685,-4.79927584679678,-7.02651227096226));
#10658=CARTESIAN_POINT('Ctrl Pts',(2.41290522631835,-4.86618389786452,-7.04874918379873));
#10659=CARTESIAN_POINT('Ctrl Pts',(2.34950091551708,-4.93309194893226,-7.07013593471031));
#10660=CARTESIAN_POINT('Ctrl Pts',(2.28582003497977,-5.,-7.09066476204348));
#10661=CARTESIAN_POINT('Origin',(6.25,-5.,0.));
#10662=CARTESIAN_POINT('',(-1.90733431422084,-5.,-5.95185482129695));
#10663=CARTESIAN_POINT('Origin',(0.,-5.,0.));
#10664=CARTESIAN_POINT('',(-2.12172838553579,-5.,-6.581648803371));
#10665=CARTESIAN_POINT('Ctrl Pts',(-2.12172838553579,-5.,-6.581648803371));
#10666=CARTESIAN_POINT('Ctrl Pts',(-2.07316098819229,-5.,-6.43099165291395));
#10667=CARTESIAN_POINT('Ctrl Pts',(-2.02088226367091,-5.,-6.28587522129183));
#10668=CARTESIAN_POINT('Ctrl Pts',(-1.94055499168528,-5.,-6.05098778296741));
#10669=CARTESIAN_POINT('Ctrl Pts',(-1.92395662232907,-5.,-6.00187558747239));
#10670=CARTESIAN_POINT('Ctrl Pts',(-1.90733431422084,-5.,-5.95185482129695));
#10671=CARTESIAN_POINT('',(-2.28582003497976,-5.,-7.09066476204348));
#10672=CARTESIAN_POINT('',(-2.28582003497976,-5.,-7.09066476204348));
#10673=CARTESIAN_POINT('Origin',(0.,-5.,0.));
#10674=CARTESIAN_POINT('Origin',(0.,-3.,0.));
#10675=CARTESIAN_POINT('',(1.63524560873708,-3.00000014249235,-6.03228578559621));
#10676=CARTESIAN_POINT('Ctrl Pts',(1.89693298506742,-3.88045657494662,-5.95517802002285));
#10677=CARTESIAN_POINT('Ctrl Pts',(1.83305653972061,-3.78207615067478,-5.97552490734339));
#10678=CARTESIAN_POINT('Ctrl Pts',(1.77801116898788,-3.67353402983033,-5.99191950519501));
#10679=CARTESIAN_POINT('Ctrl Pts',(1.66848610775456,-3.37812243657025,-6.02358499829874));
#10680=CARTESIAN_POINT('Ctrl Pts',(1.63524560873708,-3.18262470833615,-6.03228578559621));
#10681=CARTESIAN_POINT('Ctrl Pts',(1.63524560873708,-3.00000014249235,-6.03228578559621));
#10682=CARTESIAN_POINT('',(4.20886895686478,-3.88045657494661,-4.62038116435646));
#10683=CARTESIAN_POINT('Ctrl Pts',(1.63524560873708,-3.00000014249235,-6.03228578559621));
#10684=CARTESIAN_POINT('Ctrl Pts',(1.63524560873708,-2.81737557664856,-6.03228578559621));
#10685=CARTESIAN_POINT('Ctrl Pts',(1.66848610775456,-2.62187784841446,-6.02358499829874));
#10686=CARTESIAN_POINT('Ctrl Pts',(1.8032818970339,-2.25830590946863,-5.98461332288699));
#10687=CARTESIAN_POINT('Ctrl Pts',(1.90467345159723,-2.09021299048013,-5.95395178856259));
#10688=CARTESIAN_POINT('Ctrl Pts',(2.12338094650869,-1.83182250818903,-5.87926126819042));
#10689=CARTESIAN_POINT('Ctrl Pts',(2.26713416274352,-1.70831591757512,-5.8260548239515));
#10690=CARTESIAN_POINT('Ctrl Pts',(2.50614781742104,-1.56080118608548,-5.72671392836383));
#10691=CARTESIAN_POINT('Ctrl Pts',(2.62942837403698,-1.50411238808274,-5.67170439577511));
#10692=CARTESIAN_POINT('Ctrl Pts',(2.88091010897207,-1.42999570875764,-5.54819621887694));
#10693=CARTESIAN_POINT('Ctrl Pts',(3.0090571246197,-1.41254931964972,-5.47959842396418));
#10694=CARTESIAN_POINT('Ctrl Pts',(3.24094287538029,-1.41254931964972,-5.34571912334131));
#10695=CARTESIAN_POINT('Ctrl Pts',(3.36442381624215,-1.42999570875764,-5.26903944982768));
#10696=CARTESIAN_POINT('Ctrl Pts',(3.59712590247862,-1.50411238808275,-5.1130039672352));
#10697=CARTESIAN_POINT('Ctrl Pts',(3.70640583345872,-1.56080118608548,-5.03374463970747));
#10698=CARTESIAN_POINT('Ctrl Pts',(3.91194440001111,-1.70831591757512,-4.8764231906992));
#10699=CARTESIAN_POINT('Ctrl Pts',(4.02989914048446,-1.83182250818903,-4.77853247568359));
#10700=CARTESIAN_POINT('Ctrl Pts',(4.20393677600438,-2.09021299048013,-4.62647148927829));
#10701=CARTESIAN_POINT('Ctrl Pts',(4.28118622092998,-2.25830590946863,-4.55399459445946));
#10702=CARTESIAN_POINT('Ctrl Pts',(4.38233457650426,-2.62187784841446,-4.45674385432624));
#10703=CARTESIAN_POINT('Ctrl Pts',(4.40648992884554,-2.81737557664856,-4.43230713139137));
#10704=CARTESIAN_POINT('Ctrl Pts',(4.40648992884554,-3.18262470833615,-4.43230713139137));
#10705=CARTESIAN_POINT('Ctrl Pts',(4.38233457650426,-3.37812243657025,-4.45674385432624));
#10706=CARTESIAN_POINT('Ctrl Pts',(4.30014892443641,-3.67353402983032,-4.53576259315348));
#10707=CARTESIAN_POINT('Ctrl Pts',(4.25842810084572,-3.78207615067478,-4.57523598364295));
#10708=CARTESIAN_POINT('Ctrl Pts',(4.20886895686478,-3.88045657494661,-4.62038116435646));
#10709=CARTESIAN_POINT('',(4.20079031776962,-5.,-4.62772738027349));
#10710=CARTESIAN_POINT('Ctrl Pts',(4.20079031776962,-5.,-4.62772738027349));
#10711=CARTESIAN_POINT('Ctrl Pts',(4.1475158693245,-4.88787600277867,-4.67608692456445));
#10712=CARTESIAN_POINT('Ctrl Pts',(4.11025105139654,-4.76276513346022,-4.70838748201606));
#10713=CARTESIAN_POINT('Ctrl Pts',(4.07385710088894,-4.49994271229367,-4.73991256446955));
#10714=CARTESIAN_POINT('Ctrl Pts',(4.07529284028979,-4.36452303718593,-4.73869919569059));
#10715=CARTESIAN_POINT('Ctrl Pts',(4.11677750904652,-4.10732045761356,-4.70269817923788));
#10716=CARTESIAN_POINT('Ctrl Pts',(4.15513686556727,-3.9871207647255,-4.66932763067706));
#10717=CARTESIAN_POINT('Ctrl Pts',(4.20886895686478,-3.88045657494661,-4.62038116435646));
#10718=CARTESIAN_POINT('',(6.10812463199047,-5.,-1.32412744102345));
#10719=CARTESIAN_POINT('Origin',(0.,-5.,0.));
#10720=CARTESIAN_POINT('',(6.10580194193221,-3.88045657494662,-1.33479685566639));
#10721=CARTESIAN_POINT('Ctrl Pts',(6.10580194193221,-3.88045657494662,-1.33479685566639));
#10722=CARTESIAN_POINT('Ctrl Pts',(6.12100807304467,-3.98494453620051,-1.26523898663066));
#10723=CARTESIAN_POINT('Ctrl Pts',(6.13064349191637,-4.10243729218885,-1.21591922778952));
#10724=CARTESIAN_POINT('Ctrl Pts',(6.14127340606285,-4.35451520339081,-1.1610656120695));
#10725=CARTESIAN_POINT('Ctrl Pts',(6.1418567250151,-4.48767368974782,-1.15783302719156));
#10726=CARTESIAN_POINT('Ctrl Pts',(6.1355503573329,-4.68563328683185,-1.19065259827557));
#10727=CARTESIAN_POINT('Ctrl Pts',(6.13207393000364,-4.75231092412734,-1.20863066286276));
#10728=CARTESIAN_POINT('Ctrl Pts',(6.12227636293671,-4.88073167976427,-1.25731720875362));
#10729=CARTESIAN_POINT('Ctrl Pts',(6.11598777488949,-4.94216193447569,-1.2878552097122));
#10730=CARTESIAN_POINT('Ctrl Pts',(6.10812463199047,-5.,-1.32412744102345));
#10731=CARTESIAN_POINT('',(6.04173553758263,-3.00000014249235,-1.59997865420484));
#10732=CARTESIAN_POINT('Ctrl Pts',(6.10580194193221,-3.88045657494662,-1.33479685566639));
#10733=CARTESIAN_POINT('Ctrl Pts',(6.09148464056634,-3.78207615067478,-1.40028892370044));
#10734=CARTESIAN_POINT('Ctrl Pts',(6.0781600934243,-3.67353402983033,-1.45615691204153));
#10735=CARTESIAN_POINT('Ctrl Pts',(6.05082068425883,-3.37812243657024,-1.5668411439725));
#10736=CARTESIAN_POINT('Ctrl Pts',(6.04173553758263,-3.18262470833615,-1.59997865420484));
#10737=CARTESIAN_POINT('Ctrl Pts',(6.04173553758263,-3.00000014249235,-1.59997865420484));
#10738=CARTESIAN_POINT('',(6.10580194193221,-3.88045657494661,1.33479685566639));
#10739=CARTESIAN_POINT('Ctrl Pts',(6.04173553758263,-3.00000014249235,-1.59997865420484));
#10740=CARTESIAN_POINT('Ctrl Pts',(6.04173553758263,-2.81737557664856,-1.59997865420484));
#10741=CARTESIAN_POINT('Ctrl Pts',(6.05082068425883,-2.62187784841446,-1.5668411439725));
#10742=CARTESIAN_POINT('Ctrl Pts',(6.08446811796389,-2.25830590946863,-1.43061872842754));
#10743=CARTESIAN_POINT('Ctrl Pts',(6.10861022760162,-2.09021299048013,-1.3274802992843));
#10744=CARTESIAN_POINT('Ctrl Pts',(6.15328008699316,-1.83182250818903,-1.10072879250683));
#10745=CARTESIAN_POINT('Ctrl Pts',(6.17907856275463,-1.70831591757512,-0.949631633252296));
#10746=CARTESIAN_POINT('Ctrl Pts',(6.21255365087978,-1.56080118608548,-0.692969288656362));
#10747=CARTESIAN_POINT('Ctrl Pts',(6.22655427651561,-1.50411238808275,-0.558700428539917));
#10748=CARTESIAN_POINT('Ctrl Pts',(6.24533392521423,-1.42999570875764,-0.279156769049257));
#10749=CARTESIAN_POINT('Ctrl Pts',(6.25,-1.41254931964972,-0.133879300622863));
#10750=CARTESIAN_POINT('Ctrl Pts',(6.25,-1.41254931964972,0.133879300622863));
#10751=CARTESIAN_POINT('Ctrl Pts',(6.24533392521423,-1.42999570875764,0.279156769049257));
#10752=CARTESIAN_POINT('Ctrl Pts',(6.22655427651561,-1.50411238808275,0.558700428539917));
#10753=CARTESIAN_POINT('Ctrl Pts',(6.21255365087978,-1.56080118608548,0.692969288656362));
#10754=CARTESIAN_POINT('Ctrl Pts',(6.17907856275463,-1.70831591757512,0.949631633252296));
#10755=CARTESIAN_POINT('Ctrl Pts',(6.15328008699316,-1.83182250818903,1.10072879250683));
#10756=CARTESIAN_POINT('Ctrl Pts',(6.10861022760162,-2.09021299048013,1.3274802992843));
#10757=CARTESIAN_POINT('Ctrl Pts',(6.08446811796389,-2.25830590946863,1.43061872842754));
#10758=CARTESIAN_POINT('Ctrl Pts',(6.05082068425883,-2.62187784841446,1.5668411439725));
#10759=CARTESIAN_POINT('Ctrl Pts',(6.04173553758263,-2.81737557664856,1.59997865420484));
#10760=CARTESIAN_POINT('Ctrl Pts',(6.04173553758263,-3.18262470833615,1.59997865420484));
#10761=CARTESIAN_POINT('Ctrl Pts',(6.05082068425883,-3.37812243657025,1.5668411439725));
#10762=CARTESIAN_POINT('Ctrl Pts',(6.0781600934243,-3.67353402983033,1.45615691204153));
#10763=CARTESIAN_POINT('Ctrl Pts',(6.09148464056634,-3.78207615067478,1.40028892370044));
#10764=CARTESIAN_POINT('Ctrl Pts',(6.10580194193221,-3.88045657494661,1.33479685566639));
#10765=CARTESIAN_POINT('',(6.10812463199047,-5.,1.32412744102346));
#10766=CARTESIAN_POINT('Ctrl Pts',(6.10812463147623,-5.00000000378254,1.32412744339562));
#10767=CARTESIAN_POINT('Ctrl Pts',(6.12336956617945,-4.88786449594745,1.25380342614903));
#10768=CARTESIAN_POINT('Ctrl Pts',(6.13271061070562,-4.76273967065861,1.20537828944893));
#10769=CARTESIAN_POINT('Ctrl Pts',(6.14181360969808,-4.49990214543948,1.15810540603211));
#10770=CARTESIAN_POINT('Ctrl Pts',(6.14147972912181,-4.36448249580717,1.15996070150477));
#10771=CARTESIAN_POINT('Ctrl Pts',(6.13104279332317,-4.10729534107917,1.21389522122591));
#10772=CARTESIAN_POINT('Ctrl Pts',(6.12132315221002,-3.98710958261353,1.26379771040088));
#10773=CARTESIAN_POINT('Ctrl Pts',(6.10580194193221,-3.88045657494661,1.33479685566639));
#10774=CARTESIAN_POINT('',(4.20079031776962,-5.,4.6277273802735));
#10775=CARTESIAN_POINT('Origin',(0.,-5.,0.));
#10776=CARTESIAN_POINT('',(4.20886895686479,-3.88045657494662,4.62038116435646));
#10777=CARTESIAN_POINT('Ctrl Pts',(4.20886895686478,-3.88045657494662,4.62038116435646));
#10778=CARTESIAN_POINT('Ctrl Pts',(4.15623314080887,-3.98494453618879,4.66832899470561));
#10779=CARTESIAN_POINT('Ctrl Pts',(4.11833868618231,-4.10243729216259,4.70133339164318));
#10780=CARTESIAN_POINT('Ctrl Pts',(4.07614901854669,-4.35451520335044,4.73796597519931));
#10781=CARTESIAN_POINT('Ctrl Pts',(4.07364117739471,-4.48767368970956,4.74008743667274));
#10782=CARTESIAN_POINT('Ctrl Pts',(4.09891057584925,-4.68563328680093,4.71821617651622));
#10783=CARTESIAN_POINT('Ctrl Pts',(4.11274182282739,-4.75231092410093,4.70621646984165));
#10784=CARTESIAN_POINT('Ctrl Pts',(4.150006824859,-4.88073167975019,4.67338825492013));
#10785=CARTESIAN_POINT('Ctrl Pts',(4.17330921544849,-4.94216193446906,4.65267317743613));
#10786=CARTESIAN_POINT('Ctrl Pts',(4.20079031776962,-5.,4.6277273802735));
#10787=CARTESIAN_POINT('',(4.40648992884554,-3.00000014249235,4.43230713139137));
#10788=CARTESIAN_POINT('Ctrl Pts',(4.20886895686479,-3.88045657494662,4.62038116435646));
#10789=CARTESIAN_POINT('Ctrl Pts',(4.25842810084572,-3.78207615067478,4.57523598364295));
#10790=CARTESIAN_POINT('Ctrl Pts',(4.30014892443641,-3.67353402983033,4.53576259315348));
#10791=CARTESIAN_POINT('Ctrl Pts',(4.38233457650427,-3.37812243657025,4.45674385432624));
#10792=CARTESIAN_POINT('Ctrl Pts',(4.40648992884554,-3.18262470833615,4.43230713139137));
#10793=CARTESIAN_POINT('Ctrl Pts',(4.40648992884554,-3.00000014249235,4.43230713139137));
#10794=CARTESIAN_POINT('',(1.89693298506742,-3.88045657494661,5.95517802002284));
#10795=CARTESIAN_POINT('Ctrl Pts',(4.40648992884554,-3.00000014249235,4.43230713139137));
#10796=CARTESIAN_POINT('Ctrl Pts',(4.40648992884554,-2.81737557664856,4.43230713139137));
#10797=CARTESIAN_POINT('Ctrl Pts',(4.38233457650427,-2.62187784841446,4.45674385432624));
#10798=CARTESIAN_POINT('Ctrl Pts',(4.28118622092998,-2.25830590946863,4.55399459445945));
#10799=CARTESIAN_POINT('Ctrl Pts',(4.20393677600438,-2.09021299048013,4.62647148927829));
#10800=CARTESIAN_POINT('Ctrl Pts',(4.02989914048447,-1.83182250818903,4.77853247568358));
#10801=CARTESIAN_POINT('Ctrl Pts',(3.91194440001111,-1.70831591757512,4.8764231906992));
#10802=CARTESIAN_POINT('Ctrl Pts',(3.70640583345873,-1.56080118608548,5.03374463970747));
#10803=CARTESIAN_POINT('Ctrl Pts',(3.59712590247863,-1.50411238808275,5.1130039672352));
#10804=CARTESIAN_POINT('Ctrl Pts',(3.36442381624216,-1.42999570875764,5.26903944982768));
#10805=CARTESIAN_POINT('Ctrl Pts',(3.24094287538029,-1.41254931964972,5.34571912334131));
#10806=CARTESIAN_POINT('Ctrl Pts',(3.00905712461971,-1.41254931964972,5.47959842396417));
#10807=CARTESIAN_POINT('Ctrl Pts',(2.88091010897208,-1.42999570875764,5.54819621887694));
#10808=CARTESIAN_POINT('Ctrl Pts',(2.62942837403699,-1.50411238808275,5.67170439577511));
#10809=CARTESIAN_POINT('Ctrl Pts',(2.50614781742105,-1.56080118608548,5.72671392836383));
#10810=CARTESIAN_POINT('Ctrl Pts',(2.26713416274352,-1.70831591757512,5.8260548239515));
#10811=CARTESIAN_POINT('Ctrl Pts',(2.1233809465087,-1.83182250818903,5.87926126819041));
#10812=CARTESIAN_POINT('Ctrl Pts',(1.90467345159723,-2.09021299048013,5.95395178856259));
#10813=CARTESIAN_POINT('Ctrl Pts',(1.80328189703391,-2.25830590946863,5.98461332288699));
#10814=CARTESIAN_POINT('Ctrl Pts',(1.66848610775456,-2.62187784841446,6.02358499829874));
#10815=CARTESIAN_POINT('Ctrl Pts',(1.63524560873709,-2.81737557664856,6.03228578559621));
#10816=CARTESIAN_POINT('Ctrl Pts',(1.63524560873709,-3.18262470833615,6.03228578559621));
#10817=CARTESIAN_POINT('Ctrl Pts',(1.66848610775456,-3.37812243657025,6.02358499829874));
#10818=CARTESIAN_POINT('Ctrl Pts',(1.77801116898789,-3.67353402983033,5.99191950519501));
#10819=CARTESIAN_POINT('Ctrl Pts',(1.83305653972062,-3.78207615067478,5.97552490734339));
#10820=CARTESIAN_POINT('Ctrl Pts',(1.89693298506742,-3.88045657494661,5.95517802002284));
#10821=CARTESIAN_POINT('',(1.90733431422084,-5.,5.95185482129695));
#10822=CARTESIAN_POINT('Ctrl Pts',(1.90733431422084,-5.,5.95185482129695));
#10823=CARTESIAN_POINT('Ctrl Pts',(1.9758521323169,-4.88787600277523,5.92989756771567));
#10824=CARTESIAN_POINT('Ctrl Pts',(2.02245764459112,-4.76276513345258,5.91377556744815));
#10825=CARTESIAN_POINT('Ctrl Pts',(2.06795614210495,-4.49994271227474,5.8980200229916));
#10826=CARTESIAN_POINT('Ctrl Pts',(2.06618746421497,-4.36452303715991,5.89865672539756));
#10827=CARTESIAN_POINT('Ctrl Pts',(2.01426733501948,-4.10732045759322,5.91658299418447));
#10828=CARTESIAN_POINT('Ctrl Pts',(1.96618791396942,-3.98712076471645,5.93311789712291));
#10829=CARTESIAN_POINT('Ctrl Pts',(1.89693298506742,-3.88045657494661,5.95517802002284));
#10830=CARTESIAN_POINT('',(-1.90733431422085,-5.,5.95185482129695));
#10831=CARTESIAN_POINT('Origin',(0.,-5.,0.));
#10832=CARTESIAN_POINT('',(-1.89693298506742,-3.88045657494662,5.95517802002284));
#10833=CARTESIAN_POINT('Ctrl Pts',(-1.89693298506742,-3.88045657494662,
5.95517802002284));
#10834=CARTESIAN_POINT('Ctrl Pts',(-1.96477493224205,-3.98494453620104,
5.93356798134154));
#10835=CARTESIAN_POINT('Ctrl Pts',(-2.01230480574298,-4.10243729219003,
5.91725261943991));
#10836=CARTESIAN_POINT('Ctrl Pts',(-2.065124387519,-4.35451520339337,5.89903158727086));
#10837=CARTESIAN_POINT('Ctrl Pts',(-2.06821554761898,-4.48767368975106,
5.89792046386317));
#10838=CARTESIAN_POINT('Ctrl Pts',(-2.0366397814771,-4.68563328683503,5.90886877478703));
#10839=CARTESIAN_POINT('Ctrl Pts',(-2.01933210716906,-4.75231092412987,
5.91484713269908));
#10840=CARTESIAN_POINT('Ctrl Pts',(-1.97226953807179,-4.88073167976548,
5.9307054636692));
#10841=CARTESIAN_POINT('Ctrl Pts',(-1.9426785594375,-4.94216193447627,5.94052838714557));
#10842=CARTESIAN_POINT('Ctrl Pts',(-1.90733431422085,-5.,5.95185482129694));
#10843=CARTESIAN_POINT('',(-1.63524560873709,-3.00000014249235,6.03228578559621));
#10844=CARTESIAN_POINT('Ctrl Pts',(-1.89693298506742,-3.88045657494662,
5.95517802002284));
#10845=CARTESIAN_POINT('Ctrl Pts',(-1.83305653972062,-3.78207615067478,
5.97552490734339));
#10846=CARTESIAN_POINT('Ctrl Pts',(-1.77801116898789,-3.67353402983033,
5.99191950519501));
#10847=CARTESIAN_POINT('Ctrl Pts',(-1.66848610775456,-3.37812243657025,
6.02358499829874));
#10848=CARTESIAN_POINT('Ctrl Pts',(-1.63524560873709,-3.18262470833615,
6.03228578559621));
#10849=CARTESIAN_POINT('Ctrl Pts',(-1.63524560873709,-3.00000014249235,
6.03228578559621));
#10850=CARTESIAN_POINT('',(-4.20886895686479,-3.88045657494661,4.62038116435646));
#10851=CARTESIAN_POINT('Ctrl Pts',(-1.63524560873709,-3.00000014249235,
6.03228578559621));
#10852=CARTESIAN_POINT('Ctrl Pts',(-1.63524560873709,-2.81737557664856,
6.03228578559621));
#10853=CARTESIAN_POINT('Ctrl Pts',(-1.66848610775456,-2.62187784841446,
6.02358499829874));
#10854=CARTESIAN_POINT('Ctrl Pts',(-1.80328189703391,-2.25830590946863,
5.98461332288699));
#10855=CARTESIAN_POINT('Ctrl Pts',(-1.90467345159723,-2.09021299048013,
5.95395178856259));
#10856=CARTESIAN_POINT('Ctrl Pts',(-2.12338094650869,-1.83182250818903,
5.87926126819041));
#10857=CARTESIAN_POINT('Ctrl Pts',(-2.26713416274352,-1.70831591757512,
5.8260548239515));
#10858=CARTESIAN_POINT('Ctrl Pts',(-2.50614781742104,-1.56080118608548,
5.72671392836383));
#10859=CARTESIAN_POINT('Ctrl Pts',(-2.62942837403698,-1.50411238808275,
5.67170439577511));
#10860=CARTESIAN_POINT('Ctrl Pts',(-2.88091010897207,-1.42999570875764,
5.54819621887694));
#10861=CARTESIAN_POINT('Ctrl Pts',(-3.00905712461971,-1.41254931964972,
5.47959842396417));
#10862=CARTESIAN_POINT('Ctrl Pts',(-3.24094287538029,-1.41254931964972,
5.34571912334131));
#10863=CARTESIAN_POINT('Ctrl Pts',(-3.36442381624216,-1.42999570875764,
5.26903944982768));
#10864=CARTESIAN_POINT('Ctrl Pts',(-3.59712590247862,-1.50411238808275,
5.1130039672352));
#10865=CARTESIAN_POINT('Ctrl Pts',(-3.70640583345873,-1.56080118608548,
5.03374463970747));
#10866=CARTESIAN_POINT('Ctrl Pts',(-3.91194440001111,-1.70831591757512,
4.8764231906992));
#10867=CARTESIAN_POINT('Ctrl Pts',(-4.02989914048446,-1.83182250818902,
4.77853247568359));
#10868=CARTESIAN_POINT('Ctrl Pts',(-4.20393677600438,-2.09021299048012,
4.62647148927829));
#10869=CARTESIAN_POINT('Ctrl Pts',(-4.28118622092998,-2.25830590946862,
4.55399459445945));
#10870=CARTESIAN_POINT('Ctrl Pts',(-4.38233457650427,-2.62187784841446,
4.45674385432624));
#10871=CARTESIAN_POINT('Ctrl Pts',(-4.40648992884554,-2.81737557664856,
4.43230713139137));
#10872=CARTESIAN_POINT('Ctrl Pts',(-4.40648992884554,-3.18262470833615,
4.43230713139137));
#10873=CARTESIAN_POINT('Ctrl Pts',(-4.38233457650427,-3.37812243657025,
4.45674385432624));
#10874=CARTESIAN_POINT('Ctrl Pts',(-4.30014892443641,-3.67353402983033,
4.53576259315348));
#10875=CARTESIAN_POINT('Ctrl Pts',(-4.25842810084572,-3.78207615067478,
4.57523598364295));
#10876=CARTESIAN_POINT('Ctrl Pts',(-4.20886895686479,-3.88045657494661,
4.62038116435646));
#10877=CARTESIAN_POINT('',(-4.20079031776963,-5.,4.62772738027349));
#10878=CARTESIAN_POINT('Ctrl Pts',(-4.20079031776963,-5.,4.62772738027349));
#10879=CARTESIAN_POINT('Ctrl Pts',(-4.14751586932451,-4.88787600277867,
4.67608692456444));
#10880=CARTESIAN_POINT('Ctrl Pts',(-4.11025105139654,-4.76276513346022,
4.70838748201606));
#10881=CARTESIAN_POINT('Ctrl Pts',(-4.07385710088894,-4.49994271229367,
4.73991256446954));
#10882=CARTESIAN_POINT('Ctrl Pts',(-4.07529284028979,-4.36452303718593,
4.73869919569059));
#10883=CARTESIAN_POINT('Ctrl Pts',(-4.11677750904652,-4.10732045761356,
4.70269817923788));
#10884=CARTESIAN_POINT('Ctrl Pts',(-4.15513686556728,-3.98712076472551,
4.66932763067706));
#10885=CARTESIAN_POINT('Ctrl Pts',(-4.20886895686479,-3.88045657494661,
4.62038116435646));
#10886=CARTESIAN_POINT('',(-6.10812463199047,-5.,1.32412744102345));
#10887=CARTESIAN_POINT('Origin',(0.,-5.,0.));
#10888=CARTESIAN_POINT('',(-6.10580194193221,-3.88045657494662,1.33479685566639));
#10889=CARTESIAN_POINT('Ctrl Pts',(-6.10580194193221,-3.88045657494662,
1.33479685566639));
#10890=CARTESIAN_POINT('Ctrl Pts',(-6.12100807304467,-3.98494453620051,
1.26523898663066));
#10891=CARTESIAN_POINT('Ctrl Pts',(-6.13064349191637,-4.10243729218884,
1.21591922778952));
#10892=CARTESIAN_POINT('Ctrl Pts',(-6.14127340606284,-4.35451520339081,
1.16106561206951));
#10893=CARTESIAN_POINT('Ctrl Pts',(-6.1418567250151,-4.48767368974782,1.15783302719156));
#10894=CARTESIAN_POINT('Ctrl Pts',(-6.1355503573329,-4.68563328683186,1.19065259827557));
#10895=CARTESIAN_POINT('Ctrl Pts',(-6.13207393000364,-4.75231092412734,
1.20863066286276));
#10896=CARTESIAN_POINT('Ctrl Pts',(-6.12227636293672,-4.88073167976427,
1.25731720875362));
#10897=CARTESIAN_POINT('Ctrl Pts',(-6.11598777488949,-4.94216193447569,
1.2878552097122));
#10898=CARTESIAN_POINT('Ctrl Pts',(-6.10812463199047,-5.,1.32412744102345));
#10899=CARTESIAN_POINT('',(-6.04173553758263,-3.00000014249235,1.59997865420484));
#10900=CARTESIAN_POINT('Ctrl Pts',(-6.10580194193221,-3.88045657494662,
1.33479685566639));
#10901=CARTESIAN_POINT('Ctrl Pts',(-6.09148464056634,-3.78207615067478,
1.40028892370044));
#10902=CARTESIAN_POINT('Ctrl Pts',(-6.0781600934243,-3.67353402983033,1.45615691204153));
#10903=CARTESIAN_POINT('Ctrl Pts',(-6.05082068425883,-3.37812243657024,
1.5668411439725));
#10904=CARTESIAN_POINT('Ctrl Pts',(-6.04173553758263,-3.18262470833615,
1.59997865420484));
#10905=CARTESIAN_POINT('Ctrl Pts',(-6.04173553758263,-3.00000014249235,
1.59997865420484));
#10906=CARTESIAN_POINT('',(-6.25,-1.41254931964972,-3.57574295381863E-17));
#10907=CARTESIAN_POINT('Ctrl Pts',(-6.04173553758263,-3.00000014249235,
1.59997865420484));
#10908=CARTESIAN_POINT('Ctrl Pts',(-6.04173553758263,-2.81737557664856,
1.59997865420484));
#10909=CARTESIAN_POINT('Ctrl Pts',(-6.05082068425883,-2.62187784841446,
1.5668411439725));
#10910=CARTESIAN_POINT('Ctrl Pts',(-6.08446811796389,-2.25830590946863,
1.43061872842754));
#10911=CARTESIAN_POINT('Ctrl Pts',(-6.10861022760162,-2.09021299048013,
1.3274802992843));
#10912=CARTESIAN_POINT('Ctrl Pts',(-6.15328008699316,-1.83182250818903,
1.10072879250683));
#10913=CARTESIAN_POINT('Ctrl Pts',(-6.17907856275463,-1.70831591757512,
0.949631633252298));
#10914=CARTESIAN_POINT('Ctrl Pts',(-6.21255365087978,-1.56080118608548,
0.692969288656364));
#10915=CARTESIAN_POINT('Ctrl Pts',(-6.22655427651561,-1.50411238808275,
0.558700428539919));
#10916=CARTESIAN_POINT('Ctrl Pts',(-6.24533392521423,-1.42999570875764,
0.279156769049258));
#10917=CARTESIAN_POINT('Ctrl Pts',(-6.25,-1.41254931964972,0.133879300622864));
#10918=CARTESIAN_POINT('Ctrl Pts',(-6.25,-1.41254931964972,7.28583859910259E-16));
#10919=CARTESIAN_POINT('',(-6.25,-1.,-7.65404249467096E-16));
#10920=CARTESIAN_POINT('',(-6.25,-3.,-7.65404249467096E-16));
#10921=CARTESIAN_POINT('Origin',(0.,-1.,0.));
#10922=CARTESIAN_POINT('',(-6.10580194193221,-3.88045657494661,-1.33479685566639));
#10923=CARTESIAN_POINT('Ctrl Pts',(-6.25,-1.41254931964972,6.93889390390723E-16));
#10924=CARTESIAN_POINT('Ctrl Pts',(-6.25,-1.41254931964972,-0.133879300622862));
#10925=CARTESIAN_POINT('Ctrl Pts',(-6.24533392521423,-1.42999570875764,
-0.279156769049256));
#10926=CARTESIAN_POINT('Ctrl Pts',(-6.22655427651561,-1.50411238808274,
-0.558700428539915));
#10927=CARTESIAN_POINT('Ctrl Pts',(-6.21255365087978,-1.56080118608548,
-0.69296928865636));
#10928=CARTESIAN_POINT('Ctrl Pts',(-6.17907856275463,-1.70831591757512,
-0.949631633252294));
#10929=CARTESIAN_POINT('Ctrl Pts',(-6.15328008699316,-1.83182250818903,
-1.10072879250683));
#10930=CARTESIAN_POINT('Ctrl Pts',(-6.10861022760162,-2.09021299048012,
-1.3274802992843));
#10931=CARTESIAN_POINT('Ctrl Pts',(-6.08446811796389,-2.25830590946863,
-1.43061872842753));
#10932=CARTESIAN_POINT('Ctrl Pts',(-6.05082068425883,-2.62187784841446,
-1.56684114397249));
#10933=CARTESIAN_POINT('Ctrl Pts',(-6.04173553758263,-2.81737557664856,
-1.59997865420484));
#10934=CARTESIAN_POINT('Ctrl Pts',(-6.04173553758263,-3.18262470833615,
-1.59997865420484));
#10935=CARTESIAN_POINT('Ctrl Pts',(-6.05082068425883,-3.37812243657025,
-1.56684114397249));
#10936=CARTESIAN_POINT('Ctrl Pts',(-6.0781600934243,-3.67353402983033,-1.45615691204152));
#10937=CARTESIAN_POINT('Ctrl Pts',(-6.09148464056634,-3.78207615067478,
-1.40028892370044));
#10938=CARTESIAN_POINT('Ctrl Pts',(-6.10580194193221,-3.88045657494661,
-1.33479685566639));
#10939=CARTESIAN_POINT('',(-6.10812463199047,-5.,-1.32412744102346));
#10940=CARTESIAN_POINT('Ctrl Pts',(-6.10812463199047,-5.,-1.32412744102346));
#10941=CARTESIAN_POINT('Ctrl Pts',(-6.1233680016398,-4.88787600277502,-1.25381064314961));
#10942=CARTESIAN_POINT('Ctrl Pts',(-6.13270869598543,-4.76276513345212,
-1.20538808542995));
#10943=CARTESIAN_POINT('Ctrl Pts',(-6.14181324299251,-4.49994271227309,
-1.15810745852065));
#10944=CARTESIAN_POINT('Ctrl Pts',(-6.14148030450569,-4.36452303715733,
-1.15995752970775));
#10945=CARTESIAN_POINT('Ctrl Pts',(-6.13104484407233,-4.10732045759107,
-1.21388481495307));
#10946=CARTESIAN_POINT('Ctrl Pts',(-6.12132477954112,-3.98712076471549,
-1.26379026645064));
#10947=CARTESIAN_POINT('Ctrl Pts',(-6.10580194193221,-3.88045657494661,
-1.33479685566639));
#10948=CARTESIAN_POINT('',(-4.20079031776962,-5.,-4.62772738027349));
#10949=CARTESIAN_POINT('Origin',(0.,-5.,0.));
#10950=CARTESIAN_POINT('',(-4.20886895686479,-3.88045657494662,-4.62038116435646));
#10951=CARTESIAN_POINT('Ctrl Pts',(-4.20886895686479,-3.88045657494662,
-4.62038116435646));
#10952=CARTESIAN_POINT('Ctrl Pts',(-4.15623314080887,-3.98494453618879,
-4.66832899470561));
#10953=CARTESIAN_POINT('Ctrl Pts',(-4.11833868618231,-4.10243729216258,
-4.70133339164317));
#10954=CARTESIAN_POINT('Ctrl Pts',(-4.07614901854669,-4.35451520335044,
-4.7379659751993));
#10955=CARTESIAN_POINT('Ctrl Pts',(-4.07364117739472,-4.48767368970956,
-4.74008743667274));
#10956=CARTESIAN_POINT('Ctrl Pts',(-4.09891057584926,-4.68563328680094,
-4.71821617651622));
#10957=CARTESIAN_POINT('Ctrl Pts',(-4.11274182282739,-4.75231092410094,
-4.70621646984165));
#10958=CARTESIAN_POINT('Ctrl Pts',(-4.150006824859,-4.88073167975019,-4.67338825492013));
#10959=CARTESIAN_POINT('Ctrl Pts',(-4.17330921544849,-4.94216193446906,
-4.65267317743612));
#10960=CARTESIAN_POINT('Ctrl Pts',(-4.20079031776962,-5.,-4.62772738027349));
#10961=CARTESIAN_POINT('',(-4.40648992884555,-3.00000014249235,-4.43230713139137));
#10962=CARTESIAN_POINT('Ctrl Pts',(-4.20886895686479,-3.88045657494662,
-4.62038116435646));
#10963=CARTESIAN_POINT('Ctrl Pts',(-4.25842810084572,-3.78207615067478,
-4.57523598364295));
#10964=CARTESIAN_POINT('Ctrl Pts',(-4.30014892443642,-3.67353402983033,
-4.53576259315348));
#10965=CARTESIAN_POINT('Ctrl Pts',(-4.38233457650427,-3.37812243657025,
-4.45674385432624));
#10966=CARTESIAN_POINT('Ctrl Pts',(-4.40648992884555,-3.18262470833615,
-4.43230713139137));
#10967=CARTESIAN_POINT('Ctrl Pts',(-4.40648992884555,-3.00000014249235,
-4.43230713139137));
#10968=CARTESIAN_POINT('',(-1.89693298506742,-3.88045657494661,-5.95517802002284));
#10969=CARTESIAN_POINT('Ctrl Pts',(-4.40648992884555,-3.00000014249235,
-4.43230713139137));
#10970=CARTESIAN_POINT('Ctrl Pts',(-4.40648992884555,-2.81737557664856,
-4.43230713139137));
#10971=CARTESIAN_POINT('Ctrl Pts',(-4.38233457650427,-2.62187784841446,
-4.45674385432624));
#10972=CARTESIAN_POINT('Ctrl Pts',(-4.28118622092998,-2.25830590946863,
-4.55399459445945));
#10973=CARTESIAN_POINT('Ctrl Pts',(-4.20393677600439,-2.09021299048013,
-4.62647148927829));
#10974=CARTESIAN_POINT('Ctrl Pts',(-4.02989914048447,-1.83182250818903,
-4.77853247568358));
#10975=CARTESIAN_POINT('Ctrl Pts',(-3.91194440001112,-1.70831591757512,
-4.8764231906992));
#10976=CARTESIAN_POINT('Ctrl Pts',(-3.70640583345873,-1.56080118608548,
-5.03374463970746));
#10977=CARTESIAN_POINT('Ctrl Pts',(-3.59712590247863,-1.50411238808275,
-5.11300396723519));
#10978=CARTESIAN_POINT('Ctrl Pts',(-3.36442381624216,-1.42999570875764,
-5.26903944982768));
#10979=CARTESIAN_POINT('Ctrl Pts',(-3.2409428753803,-1.41254931964972,-5.34571912334131));
#10980=CARTESIAN_POINT('Ctrl Pts',(-3.00905712461971,-1.41254931964972,
-5.47959842396417));
#10981=CARTESIAN_POINT('Ctrl Pts',(-2.88091010897208,-1.42999570875764,
-5.54819621887694));
#10982=CARTESIAN_POINT('Ctrl Pts',(-2.62942837403699,-1.50411238808274,
-5.67170439577511));
#10983=CARTESIAN_POINT('Ctrl Pts',(-2.50614781742105,-1.56080118608548,
-5.72671392836383));
#10984=CARTESIAN_POINT('Ctrl Pts',(-2.26713416274352,-1.70831591757512,
-5.82605482395149));
#10985=CARTESIAN_POINT('Ctrl Pts',(-2.1233809465087,-1.83182250818903,-5.87926126819041));
#10986=CARTESIAN_POINT('Ctrl Pts',(-1.90467345159724,-2.09021299048013,
-5.95395178856259));
#10987=CARTESIAN_POINT('Ctrl Pts',(-1.80328189703391,-2.25830590946863,
-5.98461332288699));
#10988=CARTESIAN_POINT('Ctrl Pts',(-1.66848610775457,-2.62187784841446,
-6.02358499829873));
#10989=CARTESIAN_POINT('Ctrl Pts',(-1.63524560873709,-2.81737557664856,
-6.03228578559621));
#10990=CARTESIAN_POINT('Ctrl Pts',(-1.63524560873709,-3.18262470833615,
-6.03228578559621));
#10991=CARTESIAN_POINT('Ctrl Pts',(-1.66848610775457,-3.37812243657025,
-6.02358499829873));
#10992=CARTESIAN_POINT('Ctrl Pts',(-1.77801116898789,-3.67353402983033,
-5.99191950519501));
#10993=CARTESIAN_POINT('Ctrl Pts',(-1.83305653972062,-3.78207615067478,
-5.97552490734339));
#10994=CARTESIAN_POINT('Ctrl Pts',(-1.89693298506742,-3.88045657494661,
-5.95517802002284));
#10995=CARTESIAN_POINT('Ctrl Pts',(-1.90733431422084,-5.,-5.95185482129695));
#10996=CARTESIAN_POINT('Ctrl Pts',(-1.9758521323169,-4.88787600277523,-5.92989756771567));
#10997=CARTESIAN_POINT('Ctrl Pts',(-2.02245764459112,-4.76276513345258,
-5.91377556744815));
#10998=CARTESIAN_POINT('Ctrl Pts',(-2.06795614210495,-4.49994271227473,
-5.8980200229916));
#10999=CARTESIAN_POINT('Ctrl Pts',(-2.06618746421497,-4.36452303715991,
-5.89865672539756));
#11000=CARTESIAN_POINT('Ctrl Pts',(-2.01426733501949,-4.10732045759323,
-5.91658299418447));
#11001=CARTESIAN_POINT('Ctrl Pts',(-1.96618791396943,-3.98712076471646,
-5.93311789712291));
#11002=CARTESIAN_POINT('Ctrl Pts',(-1.89693298506742,-3.88045657494661,
-5.95517802002284));
#11003=CARTESIAN_POINT('Ctrl Pts',(4.75079029398189,-4.0412742429346,-6.84595552312588));
#11004=CARTESIAN_POINT('Ctrl Pts',(4.88599310372463,-4.2812209474542,-6.57004117543763));
#11005=CARTESIAN_POINT('Ctrl Pts',(5.00599903739598,-4.78993616415542,-5.80873328766545));
#11006=CARTESIAN_POINT('Ctrl Pts',(4.61471837840008,-5.07431252216846,-4.99715735292883));
#11007=CARTESIAN_POINT('Ctrl Pts',(4.26975479702698,-5.10379609513877,-4.58990384047221));
#11008=CARTESIAN_POINT('Ctrl Pts',(4.57587779926961,-3.97798495872199,-6.71806931336706));
#11009=CARTESIAN_POINT('Ctrl Pts',(4.69591365700388,-4.19851002341234,-6.46789356747214));
#11010=CARTESIAN_POINT('Ctrl Pts',(4.80053164974915,-4.66243956926229,-5.77950211543654));
#11011=CARTESIAN_POINT('Ctrl Pts',(4.45426059204257,-4.91560009691436,-5.03811321022942));
#11012=CARTESIAN_POINT('Ctrl Pts',(4.14632061695706,-4.93913505500594,-4.66063855993208));
#11013=CARTESIAN_POINT('Ctrl Pts',(4.31370049960747,-3.73324020946972,-6.40243393361191));
#11014=CARTESIAN_POINT('Ctrl Pts',(4.4047239000613,-3.91310561416044,-6.19852740572606));
#11015=CARTESIAN_POINT('Ctrl Pts',(4.48025525175335,-4.28722060366377,-5.64465703894994));
#11016=CARTESIAN_POINT('Ctrl Pts',(4.21959746984525,-4.49277796871855,-5.04112754177515));
#11017=CARTESIAN_POINT('Ctrl Pts',(3.98232485993803,-4.51558013952341,-4.72516076766339));
#11018=CARTESIAN_POINT('Ctrl Pts',(4.34082988036207,-3.35996364503781,-6.10546385962525));
#11019=CARTESIAN_POINT('Ctrl Pts',(4.41999011067188,-3.51554569671415,-5.92110396023406));
#11020=CARTESIAN_POINT('Ctrl Pts',(4.48611572141456,-3.84558550490749,-5.4206032509424));
#11021=CARTESIAN_POINT('Ctrl Pts',(4.25514686717239,-4.04333200582477,-4.88406564236473));
#11022=CARTESIAN_POINT('Ctrl Pts',(4.05045935631019,-4.07679191261741,-4.60992591020704));
#11023=CARTESIAN_POINT('Ctrl Pts',(4.42399471563612,-3.18201697499479,-5.99422812011886));
#11024=CARTESIAN_POINT('Ctrl Pts',(4.50302704230673,-3.33333523147501,-5.81124853533067));
#11025=CARTESIAN_POINT('Ctrl Pts',(4.57098853525331,-3.65947054677828,-5.31161637885836));
#11026=CARTESIAN_POINT('Ctrl Pts',(4.33716226177152,-3.86056087268563,-4.782307411101));
#11027=CARTESIAN_POINT('Ctrl Pts',(4.13576213587622,-3.89843272213464,-4.51901886728481));
#11028=CARTESIAN_POINT('',(4.42399471563612,-3.18201697499479,-5.99422812011886));
#11029=CARTESIAN_POINT('Ctrl Pts',(4.20872073403058,-3.88048364347242,-4.62048681495764));
#11030=CARTESIAN_POINT('Ctrl Pts',(4.36932123401059,-3.83090366503929,-4.85850445079445));
#11031=CARTESIAN_POINT('Ctrl Pts',(4.56608690279581,-3.63594847011812,-5.34765168486468));
#11032=CARTESIAN_POINT('Ctrl Pts',(4.50302704230673,-3.33333523147501,-5.81124853533067));
#11033=CARTESIAN_POINT('Ctrl Pts',(4.42399471563612,-3.18201697499479,-5.99422812011886));
#11034=CARTESIAN_POINT('',(4.84713314827215,-4.79927584679677,-5.65754365806587));
#11035=CARTESIAN_POINT('Ctrl Pts',(4.42399471563612,-3.18201697499479,-5.99422812011886));
#11036=CARTESIAN_POINT('Ctrl Pts',(4.40573073130721,-3.266499075571,-6.00770771557943));
#11037=CARTESIAN_POINT('Ctrl Pts',(4.4023303487323,-3.35621482049052,-6.01015711818491));
#11038=CARTESIAN_POINT('Ctrl Pts',(4.40506957714446,-3.59097745990033,-6.00815009495222));
#11039=CARTESIAN_POINT('Ctrl Pts',(4.43101920531242,-3.7866505350885,-5.98933456690203));
#11040=CARTESIAN_POINT('Ctrl Pts',(4.51668375724402,-4.13689137411595,-5.92489049431571));
#11041=CARTESIAN_POINT('Ctrl Pts',(4.5679259784855,-4.28963823709863,-5.88584402070112));
#11042=CARTESIAN_POINT('Ctrl Pts',(4.69207488121837,-4.56516259058541,-5.78730468297784));
#11043=CARTESIAN_POINT('Ctrl Pts',(4.76408235340362,-4.68991240938194,-5.72869790540848));
#11044=CARTESIAN_POINT('Ctrl Pts',(4.84713314827215,-4.79927584679677,-5.65754365806587));
#11045=CARTESIAN_POINT('',(4.63901086973884,-5.,-5.12829508349004));
#11046=CARTESIAN_POINT('Ctrl Pts',(4.8464108516229,-4.79943825684099,-5.65780555801407));
#11047=CARTESIAN_POINT('Ctrl Pts',(4.80038647117099,-4.88061277591356,-5.48053632431657));
#11048=CARTESIAN_POINT('Ctrl Pts',(4.72986856827131,-4.94875104858653,-5.30282311496908));
#11049=CARTESIAN_POINT('Ctrl Pts',(4.63762614585102,-5.00022209527433,-5.12909612052013));
#11050=CARTESIAN_POINT('Ctrl Pts',(4.63901086973884,-5.,-5.12829508349004));
#11051=CARTESIAN_POINT('Ctrl Pts',(4.53255398476936,-5.,-5.01061001330537));
#11052=CARTESIAN_POINT('Ctrl Pts',(4.43268932831876,-4.99999999999946,-4.89236921197777));
#11053=CARTESIAN_POINT('Ctrl Pts',(4.26936693794259,-4.99999999999946,-4.70530779302266));
#11054=CARTESIAN_POINT('Ctrl Pts',(4.23544710593818,-5.,-4.66673766157539));
#11055=CARTESIAN_POINT('Ctrl Pts',(4.20079031776962,-5.,-4.62772738027349));
#11056=CARTESIAN_POINT('Origin',(6.25,-5.,0.));
#11057=CARTESIAN_POINT('',(4.99778579615891,-5.,-5.52491059979365));
#11058=CARTESIAN_POINT('',(4.99778579615891,-5.,-5.52491059979365));
#11059=CARTESIAN_POINT('',(7.28360583113868,-5.,-1.56575416224982));
#11060=CARTESIAN_POINT('Origin',(0.,-5.,0.));
#11061=CARTESIAN_POINT('',(6.76073925527466,-5.,-1.45335371988096));
#11062=CARTESIAN_POINT('',(7.28360583113868,-5.,-1.56575416224982));
#11063=CARTESIAN_POINT('Ctrl Pts',(6.10812463199047,-5.,-1.32412744102345));
#11064=CARTESIAN_POINT('Ctrl Pts',(6.10853965474797,-5.,-1.32421276833631));
#11065=CARTESIAN_POINT('Ctrl Pts',(6.10895471398392,-4.9999999999991,-1.32429808567715));
#11066=CARTESIAN_POINT('Ctrl Pts',(6.17538423913721,-4.9999999999991,-1.33795018822658));
#11067=CARTESIAN_POINT('Ctrl Pts',(6.23914697171569,-5.,-1.35061873846434));
#11068=CARTESIAN_POINT('Ctrl Pts',(6.45327760329859,-5.,-1.39231787637278));
#11069=CARTESIAN_POINT('Ctrl Pts',(6.57616330975609,-5.,-1.41502511134307));
#11070=CARTESIAN_POINT('Ctrl Pts',(6.72075708929705,-5.,-1.44485787347114));
#11071=CARTESIAN_POINT('Ctrl Pts',(6.74078393841307,-5.,-1.44906393249276));
#11072=CARTESIAN_POINT('Ctrl Pts',(6.76073925527466,-5.,-1.45335371988096));
#11073=CARTESIAN_POINT('Ctrl Pts',(4.49917308964349,-4.79927584679487,-5.25140684219495));
#11074=CARTESIAN_POINT('Ctrl Pts',(4.61515977585256,-4.79927584679487,-5.386785780819));
#11075=CARTESIAN_POINT('Ctrl Pts',(4.73114646206163,-4.79927584679487,-5.52216471944306));
#11076=CARTESIAN_POINT('Ctrl Pts',(4.8471331482707,-4.79927584679487,-5.65754365806711));
#11077=CARTESIAN_POINT('Ctrl Pts',(4.54633569329159,-4.86618389786324,-5.21100000959799));
#11078=CARTESIAN_POINT('Ctrl Pts',(4.66353821068374,-4.86618389786324,-5.34533727821457));
#11079=CARTESIAN_POINT('Ctrl Pts',(4.78074072752224,-4.86618389786324,-5.47967454619957));
#11080=CARTESIAN_POINT('Ctrl Pts',(4.89794324491439,-4.86618389786324,-5.61401181481614));
#11081=CARTESIAN_POINT('Ctrl Pts',(4.59295392619949,-4.93309194893162,-5.16995779169774));
#11082=CARTESIAN_POINT('Ctrl Pts',(4.71135824095489,-4.93309194893162,-5.30323701014429));
#11083=CARTESIAN_POINT('Ctrl Pts',(4.82976255515395,-4.93309194893162,-5.43651622796163));
#11084=CARTESIAN_POINT('Ctrl Pts',(4.94816686990935,-4.93309194893162,-5.56979544640818));
#11085=CARTESIAN_POINT('Ctrl Pts',(4.639010869735,-5.,-5.12829508348579));
#11086=CARTESIAN_POINT('Ctrl Pts',(4.7586025118763,-5.,-5.26050025558841));
#11087=CARTESIAN_POINT('Ctrl Pts',(4.87819415401761,-5.,-5.39270542769103));
#11088=CARTESIAN_POINT('Ctrl Pts',(4.99778579615891,-5.,-5.52491059979365));
#11089=CARTESIAN_POINT('Ctrl Pts',(4.99778579615891,-5.,-5.52491059979365));
#11090=CARTESIAN_POINT('Ctrl Pts',(4.94816686990935,-4.93309194893162,-5.56979544640818));
#11091=CARTESIAN_POINT('Ctrl Pts',(4.89794324491439,-4.86618389786324,-5.61401181481614));
#11092=CARTESIAN_POINT('Ctrl Pts',(4.8471331482707,-4.79927584679487,-5.65754365806711));
#11093=CARTESIAN_POINT('Origin',(0.,-3.,0.));
#11094=CARTESIAN_POINT('',(-2.47600995676851,-4.79927584679677,-7.02651227096226));
#11095=CARTESIAN_POINT('Ctrl Pts',(-2.28582003497976,-5.,-7.09066476204348));
#11096=CARTESIAN_POINT('Ctrl Pts',(-2.34950091553318,-4.93309194891535,
-7.07013593470512));
#11097=CARTESIAN_POINT('Ctrl Pts',(-2.4129052263504,-4.8661838978307,-7.04874918378792));
#11098=CARTESIAN_POINT('Ctrl Pts',(-2.47600995681635,-4.79927584674605,
-7.0265122709454));
#11099=CARTESIAN_POINT('',(-2.97915647028391,-3.18201697499479,-6.82840587000842));
#11100=CARTESIAN_POINT('Ctrl Pts',(-2.97915647028391,-3.18201697499479,
-6.82840587000842));
#11101=CARTESIAN_POINT('Ctrl Pts',(-2.99996213458307,-3.26649907570547,
-6.8193285933211));
#11102=CARTESIAN_POINT('Ctrl Pts',(-3.0037835707403,-3.35621482081468,-6.81760847693595));
#11103=CARTESIAN_POINT('Ctrl Pts',(-3.00067582333601,-3.59097746064149,
-6.81897720675214));
#11104=CARTESIAN_POINT('Ctrl Pts',(-2.97140628387407,-3.78665053608982,
-6.83204247998445));
#11105=CARTESIAN_POINT('Ctrl Pts',(-2.87276380368226,-4.1368913752725,-6.87400812196523));
#11106=CARTESIAN_POINT('Ctrl Pts',(-2.81332745493825,-4.28963823813824,
-6.89886195051349));
#11107=CARTESIAN_POINT('Ctrl Pts',(-2.66591543388973,-4.5651625911613,-6.95710838523519));
#11108=CARTESIAN_POINT('Ctrl Pts',(-2.57915673975017,-4.68991240963478,
-6.99016529655696));
#11109=CARTESIAN_POINT('Ctrl Pts',(-2.47600995676851,-4.79927584679677,
-7.02651227096226));
#11110=CARTESIAN_POINT('',(-4.42399471563613,-3.1820169749948,-5.99422812011886));
#11111=CARTESIAN_POINT('Ctrl Pts',(-2.97915647028391,-3.18201697499479,
-6.82840587000842));
#11112=CARTESIAN_POINT('Ctrl Pts',(-2.96422865442818,-3.12140207587977,
-6.83491870771029));
#11113=CARTESIAN_POINT('Ctrl Pts',(-2.95704521944232,-3.05937234329719,
-6.83801020547449));
#11114=CARTESIAN_POINT('Ctrl Pts',(-2.95704521944232,-3.00000014249235,
-6.83801020547449));
#11115=CARTESIAN_POINT('Ctrl Pts',(-2.95704521944232,-2.91128979149915,
-6.83801020547449));
#11116=CARTESIAN_POINT('Ctrl Pts',(-2.97363974165745,-2.81680490886774,
-6.83090560545209));
#11117=CARTESIAN_POINT('Ctrl Pts',(-3.03974373627573,-2.6423137296464,-6.80174707652375));
#11118=CARTESIAN_POINT('Ctrl Pts',(-3.08914061169684,-2.56227482352668,
-6.77963317544083));
#11119=CARTESIAN_POINT('Ctrl Pts',(-3.19710479026014,-2.43635808532377,
-6.72936851633911));
#11120=CARTESIAN_POINT('Ctrl Pts',(-3.27016746791141,-2.37519105101525,
-6.6943300189102));
#11121=CARTESIAN_POINT('Ctrl Pts',(-3.45075166586457,-2.26646634355125,
-6.60386734904517));
#11122=CARTESIAN_POINT('Ctrl Pts',(-3.59962016065002,-2.22540295387963,
-6.52427734219373));
#11123=CARTESIAN_POINT('Ctrl Pts',(-3.85037983934999,-2.22540295387963,
-6.3795011741944));
#11124=CARTESIAN_POINT('Ctrl Pts',(-3.99374105456344,-2.26646634355125,
-6.29037227931277));
#11125=CARTESIAN_POINT('Ctrl Pts',(-4.16237612373729,-2.37519105101525,
-6.17921311129581));
#11126=CARTESIAN_POINT('Ctrl Pts',(-4.22925169144681,-2.43635808532377,
-6.13345822509575));
#11127=CARTESIAN_POINT('Ctrl Pts',(-4.32676425242311,-2.56227482352668,
-6.06509083331207));
#11128=CARTESIAN_POINT('Ctrl Pts',(-4.37061389024825,-2.6423137296464,-6.03336883487128));
#11129=CARTESIAN_POINT('Ctrl Pts',(-4.42891791434631,-2.81680490886774,
-5.99070036070438));
#11130=CARTESIAN_POINT('Ctrl Pts',(-4.44336793955701,-2.91128979149915,
-5.97988138291362));
#11131=CARTESIAN_POINT('Ctrl Pts',(-4.44336793955701,-3.05937234329719,
-5.97988138291362));
#11132=CARTESIAN_POINT('Ctrl Pts',(-4.43709890646453,-3.12140207587978,
-5.98455667121571));
#11133=CARTESIAN_POINT('Ctrl Pts',(-4.42399471563613,-3.1820169749948,-5.99422812011886));
#11134=CARTESIAN_POINT('',(-4.84713314827215,-4.79927584679679,-5.65754365806586));
#11135=CARTESIAN_POINT('Ctrl Pts',(-4.84713314827215,-4.79927584679678,
-5.65754365806587));
#11136=CARTESIAN_POINT('Ctrl Pts',(-4.73193299868677,-4.64757730653232,
-5.75624205042297));
#11137=CARTESIAN_POINT('Ctrl Pts',(-4.63814783850311,-4.46642253160983,
-5.83080373184002));
#11138=CARTESIAN_POINT('Ctrl Pts',(-4.49573532335053,-4.07811694618186,
-5.94128949368658));
#11139=CARTESIAN_POINT('Ctrl Pts',(-4.45110220810631,-3.88358635741147,
-5.97420344001255));
#11140=CARTESIAN_POINT('Ctrl Pts',(-4.41357490246257,-3.62261573963286,
-6.00192672334578));
#11141=CARTESIAN_POINT('Ctrl Pts',(-4.4046367463839,-3.52651491570246,-6.00846720087814));
#11142=CARTESIAN_POINT('Ctrl Pts',(-4.40213728086885,-3.36002698515941,
-6.0102985991015));
#11143=CARTESIAN_POINT('Ctrl Pts',(-4.40537278104187,-3.26815481452552,
-6.00797189806474));
#11144=CARTESIAN_POINT('Ctrl Pts',(-4.42399471563613,-3.18201697499479,
-5.99422812011886));
#11145=CARTESIAN_POINT('',(-4.99778579615891,-5.,-5.52491059979365));
#11146=CARTESIAN_POINT('Ctrl Pts',(-4.84713314827215,-4.79927584679679,
-5.65754365806586));
#11147=CARTESIAN_POINT('Ctrl Pts',(-4.89794324491535,-4.86618389786452,
-5.61401181481529));
#11148=CARTESIAN_POINT('Ctrl Pts',(-4.94816686990982,-4.93309194893226,
-5.56979544640775));
#11149=CARTESIAN_POINT('Ctrl Pts',(-4.99778579615891,-5.,-5.52491059979365));
#11150=CARTESIAN_POINT('',(-7.28360583113868,-5.,-1.56575416224983));
#11151=CARTESIAN_POINT('Origin',(0.,-5.,0.));
#11152=CARTESIAN_POINT('',(-7.32314310504066,-4.79927584679677,-1.36896861289639));
#11153=CARTESIAN_POINT('Ctrl Pts',(-7.28360583113868,-5.,-1.56575416224983));
#11154=CARTESIAN_POINT('Ctrl Pts',(-7.29766778542691,-4.93309194893226,
-1.50034048830257));
#11155=CARTESIAN_POINT('Ctrl Pts',(-7.3108484712337,-4.86618389786451,-1.43473736898343));
#11156=CARTESIAN_POINT('Ctrl Pts',(-7.32314310504066,-4.79927584679677,
-1.36896861289639));
#11157=CARTESIAN_POINT('',(-7.40315118592003,-3.18201697499479,-0.834177749889566));
#11158=CARTESIAN_POINT('Ctrl Pts',(-7.40315118592003,-3.18201697499479,
-0.834177749889568));
#11159=CARTESIAN_POINT('Ctrl Pts',(-7.40569286586122,-3.2664990757058,-0.811620877720137));
#11160=CARTESIAN_POINT('Ctrl Pts',(-7.40611391945283,-3.35621482081562,
-0.80745135873644));
#11161=CARTESIAN_POINT('Ctrl Pts',(-7.40574540054243,-3.59097746060466,
-0.810827111845043));
#11162=CARTESIAN_POINT('Ctrl Pts',(-7.40242548933945,-3.78665053599402,
-0.842707913177655));
#11163=CARTESIAN_POINT('Ctrl Pts',(-7.38944756129003,-4.13689137514355,
-0.949117627870882));
#11164=CARTESIAN_POINT('Ctrl Pts',(-7.38125343382266,-4.28963823803326,
-1.0130179300653));
#11165=CARTESIAN_POINT('Ctrl Pts',(-7.35799031544643,-4.56516259110942,
-1.16980370248997));
#11166=CARTESIAN_POINT('Ctrl Pts',(-7.34323909334998,-4.689912409612,-1.2614673912906));
#11167=CARTESIAN_POINT('Ctrl Pts',(-7.32314310504066,-4.79927584679677,
-1.36896861289639));
#11168=CARTESIAN_POINT('',(-7.45,-2.22540295387963,-9.07209036436359E-16));
#11169=CARTESIAN_POINT('Ctrl Pts',(-7.40315118592003,-3.18201697499479,
-0.834177749889566));
#11170=CARTESIAN_POINT('Ctrl Pts',(-7.4013275608927,-3.12140207587977,-0.850362036494578));
#11171=CARTESIAN_POINT('Ctrl Pts',(-7.40041315899932,-3.05937234329719,
-0.858128822560874));
#11172=CARTESIAN_POINT('Ctrl Pts',(-7.40041315899932,-3.00000014249235,
-0.858128822560874));
#11173=CARTESIAN_POINT('Ctrl Pts',(-7.40041315899932,-2.91128979149915,
-0.858128822560874));
#11174=CARTESIAN_POINT('Ctrl Pts',(-7.40255765600375,-2.81680490886774,
-0.840205244747703));
#11175=CARTESIAN_POINT('Ctrl Pts',(-7.41035762652397,-2.6423137296464,-0.768378241652469));
#11176=CARTESIAN_POINT('Ctrl Pts',(-7.41590486411994,-2.56227482352668,
-0.714542342128758));
#11177=CARTESIAN_POINT('Ctrl Pts',(-7.42635648170694,-2.43635808532377,
-0.595910291243362));
#11178=CARTESIAN_POINT('Ctrl Pts',(-7.4325435916487,-2.37519105101525,-0.51511690761439));
#11179=CARTESIAN_POINT('Ctrl Pts',(-7.444492720428,-2.26646634355125,-0.313495069732404));
#11180=CARTESIAN_POINT('Ctrl Pts',(-7.45,-2.22540295387964,-0.144776167999332));
#11181=CARTESIAN_POINT('Ctrl Pts',(-7.45,-2.22540295387963,-1.00613961606655E-15));
#11182=CARTESIAN_POINT('',(-7.45,-1.,-9.12361865364778E-16));
#11183=CARTESIAN_POINT('',(-7.45,-3.,-9.12361865364778E-16));
#11184=CARTESIAN_POINT('Origin',(0.,-1.,0.));
#11185=CARTESIAN_POINT('',(-7.40315118592003,-3.1820169749948,0.834177749889567));
#11186=CARTESIAN_POINT('Ctrl Pts',(-7.45,-2.22540295387963,-9.0205620750794E-16));
#11187=CARTESIAN_POINT('Ctrl Pts',(-7.45,-2.22540295387964,0.14477616799933));
#11188=CARTESIAN_POINT('Ctrl Pts',(-7.444492720428,-2.26646634355124,0.313495069732402));
#11189=CARTESIAN_POINT('Ctrl Pts',(-7.4325435916487,-2.37519105101525,0.515116907614388));
#11190=CARTESIAN_POINT('Ctrl Pts',(-7.42635648170694,-2.43635808532377,
0.59591029124336));
#11191=CARTESIAN_POINT('Ctrl Pts',(-7.41590486411994,-2.56227482352668,
0.714542342128757));
#11192=CARTESIAN_POINT('Ctrl Pts',(-7.41035762652397,-2.6423137296464,0.768378241652469));
#11193=CARTESIAN_POINT('Ctrl Pts',(-7.40255765600375,-2.81680490886774,
0.840205244747705));
#11194=CARTESIAN_POINT('Ctrl Pts',(-7.40041315899932,-2.91128979149915,
0.858128822560876));
#11195=CARTESIAN_POINT('Ctrl Pts',(-7.40041315899932,-3.05937234329719,
0.858128822560876));
#11196=CARTESIAN_POINT('Ctrl Pts',(-7.4013275608927,-3.12140207587978,0.850362036494581));
#11197=CARTESIAN_POINT('Ctrl Pts',(-7.40315118592003,-3.1820169749948,0.834177749889568));
#11198=CARTESIAN_POINT('',(-7.32314310504065,-4.79927584679679,1.3689686128964));
#11199=CARTESIAN_POINT('Ctrl Pts',(-7.32314310504066,-4.79927584679678,
1.36896861289639));
#11200=CARTESIAN_POINT('Ctrl Pts',(-7.35101834539068,-4.64757730626689,
1.21985316039623));
#11201=CARTESIAN_POINT('Ctrl Pts',(-7.36869807556877,-4.46642253097561,
1.10135198831695));
#11202=CARTESIAN_POINT('Ctrl Pts',(-7.39317529447467,-4.07811694536107,
0.922776251613812));
#11203=CARTESIAN_POINT('Ctrl Pts',(-7.39936305049601,-3.88358635683036,
0.867665866919429));
#11204=CARTESIAN_POINT('Ctrl Pts',(-7.4046084653085,-3.62261573917552,0.821304625301232));
#11205=CARTESIAN_POINT('Ctrl Pts',(-7.40580360696345,-3.52651491516606,
0.810293716321937));
#11206=CARTESIAN_POINT('Ctrl Pts',(-7.40613991158357,-3.36002698480737,
0.807213416653579));
#11207=CARTESIAN_POINT('Ctrl Pts',(-7.40574267946364,-3.26815481437995,
0.811178792529256));
#11208=CARTESIAN_POINT('Ctrl Pts',(-7.40315118592003,-3.1820169749948,0.834177749889567));
#11209=CARTESIAN_POINT('',(-7.28360583113868,-5.,1.56575416224982));
#11210=CARTESIAN_POINT('Ctrl Pts',(-7.32314310504065,-4.79927584679679,
1.36896861289639));
#11211=CARTESIAN_POINT('Ctrl Pts',(-7.3108484712337,-4.86618389786452,1.43473736898343));
#11212=CARTESIAN_POINT('Ctrl Pts',(-7.29766778542691,-4.93309194893226,
1.50034048830256));
#11213=CARTESIAN_POINT('Ctrl Pts',(-7.28360583113868,-5.,1.56575416224982));
#11214=CARTESIAN_POINT('',(-4.99778579615891,-5.,5.52491059979365));
#11215=CARTESIAN_POINT('Origin',(0.,-5.,0.));
#11216=CARTESIAN_POINT('',(-4.84713314827215,-4.79927584679678,5.65754365806586));
#11217=CARTESIAN_POINT('Ctrl Pts',(-4.99778579615891,-5.,5.52491059979365));
#11218=CARTESIAN_POINT('Ctrl Pts',(-4.94816686990935,-4.93309194893162,
5.56979544640817));
#11219=CARTESIAN_POINT('Ctrl Pts',(-4.8979432449144,-4.86618389786324,5.61401181481614));
#11220=CARTESIAN_POINT('Ctrl Pts',(-4.8471331482707,-4.79927584679487,5.65754365806711));
#11221=CARTESIAN_POINT('',(-4.42399471563612,-3.18201697499479,5.99422812011886));
#11222=CARTESIAN_POINT('Ctrl Pts',(-4.42399471563612,-3.18201697499479,
5.99422812011886));
#11223=CARTESIAN_POINT('Ctrl Pts',(-4.40573073130726,-3.26649907557078,
6.00770771557939));
#11224=CARTESIAN_POINT('Ctrl Pts',(-4.4023303487323,-3.35621482049014,6.01015711818491));
#11225=CARTESIAN_POINT('Ctrl Pts',(-4.40506957714446,-3.59097745990036,
6.00815009495222));
#11226=CARTESIAN_POINT('Ctrl Pts',(-4.43101920531244,-3.78665053508853,
5.98933456690201));
#11227=CARTESIAN_POINT('Ctrl Pts',(-4.51668375724402,-4.13689137411594,
5.92489049431571));
#11228=CARTESIAN_POINT('Ctrl Pts',(-4.5679259784855,-4.28963823709863,5.88584402070112));
#11229=CARTESIAN_POINT('Ctrl Pts',(-4.69207488121837,-4.56516259058541,
5.78730468297784));
#11230=CARTESIAN_POINT('Ctrl Pts',(-4.76408235340362,-4.68991240938195,
5.72869790540847));
#11231=CARTESIAN_POINT('Ctrl Pts',(-4.84713314827215,-4.79927584679677,
5.65754365806587));
#11232=CARTESIAN_POINT('',(-2.97915647028391,-3.18201697499479,6.82840587000843));
#11233=CARTESIAN_POINT('Ctrl Pts',(-4.42399471563612,-3.18201697499479,
5.99422812011886));
#11234=CARTESIAN_POINT('Ctrl Pts',(-4.43709890646453,-3.12140207587977,
5.98455667121571));
#11235=CARTESIAN_POINT('Ctrl Pts',(-4.443367939557,-3.05937234329719,5.97988138291363));
#11236=CARTESIAN_POINT('Ctrl Pts',(-4.443367939557,-3.00000014249235,5.97988138291363));
#11237=CARTESIAN_POINT('Ctrl Pts',(-4.443367939557,-2.91128979149915,5.97988138291363));
#11238=CARTESIAN_POINT('Ctrl Pts',(-4.42891791434631,-2.81680490886774,
5.99070036070439));
#11239=CARTESIAN_POINT('Ctrl Pts',(-4.37061389024824,-2.6423137296464,6.03336883487128));
#11240=CARTESIAN_POINT('Ctrl Pts',(-4.3267642524231,-2.56227482352668,6.06509083331207));
#11241=CARTESIAN_POINT('Ctrl Pts',(-4.2292516914468,-2.43635808532377,6.13345822509576));
#11242=CARTESIAN_POINT('Ctrl Pts',(-4.16237612373729,-2.37519105101525,
6.17921311129581));
#11243=CARTESIAN_POINT('Ctrl Pts',(-3.99374105456343,-2.26646634355125,
6.29037227931277));
#11244=CARTESIAN_POINT('Ctrl Pts',(-3.85037983934998,-2.22540295387963,
6.3795011741944));
#11245=CARTESIAN_POINT('Ctrl Pts',(-3.59962016065001,-2.22540295387963,
6.52427734219374));
#11246=CARTESIAN_POINT('Ctrl Pts',(-3.45075166586456,-2.26646634355125,
6.60386734904517));
#11247=CARTESIAN_POINT('Ctrl Pts',(-3.2701674679114,-2.37519105101525,6.6943300189102));
#11248=CARTESIAN_POINT('Ctrl Pts',(-3.19710479026013,-2.43635808532377,
6.72936851633912));
#11249=CARTESIAN_POINT('Ctrl Pts',(-3.08914061169683,-2.56227482352668,
6.77963317544083));
#11250=CARTESIAN_POINT('Ctrl Pts',(-3.03974373627573,-2.6423137296464,6.80174707652375));
#11251=CARTESIAN_POINT('Ctrl Pts',(-2.97363974165744,-2.81680490886774,
6.83090560545209));
#11252=CARTESIAN_POINT('Ctrl Pts',(-2.95704521944232,-2.91128979149915,
6.8380102054745));
#11253=CARTESIAN_POINT('Ctrl Pts',(-2.95704521944232,-3.05937234329719,
6.8380102054745));
#11254=CARTESIAN_POINT('Ctrl Pts',(-2.96422865442818,-3.12140207587977,
6.83491870771029));
#11255=CARTESIAN_POINT('Ctrl Pts',(-2.97915647028391,-3.18201697499479,
6.82840587000843));
#11256=CARTESIAN_POINT('',(-2.4760099567685,-4.79927584679679,7.02651227096226));
#11257=CARTESIAN_POINT('Ctrl Pts',(-2.47600995676851,-4.79927584679678,
7.02651227096226));
#11258=CARTESIAN_POINT('Ctrl Pts',(-2.61908534695356,-4.6475773062159,6.97609521097494));
#11259=CARTESIAN_POINT('Ctrl Pts',(-2.7305502374684,-4.46642253085378,6.93215572038914));
#11260=CARTESIAN_POINT('Ctrl Pts',(-2.89743997141252,-4.0781169451187,6.86406574541894));
#11261=CARTESIAN_POINT('Ctrl Pts',(-2.94826084256923,-3.88358635654534,
6.84186930698288));
#11262=CARTESIAN_POINT('Ctrl Pts',(-2.99103356293308,-3.62261573888273,
6.82323134866954));
#11263=CARTESIAN_POINT('Ctrl Pts',(-3.00116686064076,-3.52651491488797,
6.81876091722061));
#11264=CARTESIAN_POINT('Ctrl Pts',(-3.00400263068399,-3.36002698465492,
6.81751201574448));
#11265=CARTESIAN_POINT('Ctrl Pts',(-3.0003698983748,-3.26815481431702,6.81915069057753));
#11266=CARTESIAN_POINT('Ctrl Pts',(-2.97915647028391,-3.1820169749948,6.82840587000842));
#11267=CARTESIAN_POINT('',(-2.28582003497977,-5.,7.09066476204347));
#11268=CARTESIAN_POINT('Ctrl Pts',(-2.4760099567685,-4.79927584679679,7.02651227096226));
#11269=CARTESIAN_POINT('Ctrl Pts',(-2.41290522631835,-4.86618389786452,
7.04874918379872));
#11270=CARTESIAN_POINT('Ctrl Pts',(-2.34950091551709,-4.93309194893226,
7.07013593471031));
#11271=CARTESIAN_POINT('Ctrl Pts',(-2.28582003497977,-5.,7.09066476204347));
#11272=CARTESIAN_POINT('',(2.28582003497976,-5.,7.09066476204348));
#11273=CARTESIAN_POINT('Origin',(0.,-5.,0.));
#11274=CARTESIAN_POINT('',(2.47600995676851,-4.79927584679677,7.02651227096226));
#11275=CARTESIAN_POINT('Ctrl Pts',(2.28582003497976,-5.,7.09066476204348));
#11276=CARTESIAN_POINT('Ctrl Pts',(2.34950091553318,-4.93309194891535,7.07013593470512));
#11277=CARTESIAN_POINT('Ctrl Pts',(2.4129052263504,-4.8661838978307,7.04874918378792));
#11278=CARTESIAN_POINT('Ctrl Pts',(2.47600995681635,-4.79927584674605,7.0265122709454));
#11279=CARTESIAN_POINT('',(2.97915647028391,-3.18201697499479,6.82840587000843));
#11280=CARTESIAN_POINT('Ctrl Pts',(2.97915647028391,-3.18201697499479,6.82840587000842));
#11281=CARTESIAN_POINT('Ctrl Pts',(2.99996213458301,-3.26649907570521,6.81932859332113));
#11282=CARTESIAN_POINT('Ctrl Pts',(3.0037835707403,-3.35621482081423,6.81760847693594));
#11283=CARTESIAN_POINT('Ctrl Pts',(3.000675823336,-3.5909774606414,6.81897720675214));
#11284=CARTESIAN_POINT('Ctrl Pts',(2.97140628387409,-3.78665053608972,6.83204247998444));
#11285=CARTESIAN_POINT('Ctrl Pts',(2.87276380368226,-4.13689137527249,6.87400812196522));
#11286=CARTESIAN_POINT('Ctrl Pts',(2.81332745493825,-4.28963823813824,6.89886195051349));
#11287=CARTESIAN_POINT('Ctrl Pts',(2.66591543388972,-4.5651625911613,6.95710838523519));
#11288=CARTESIAN_POINT('Ctrl Pts',(2.57915673975016,-4.68991240963478,6.99016529655696));
#11289=CARTESIAN_POINT('Ctrl Pts',(2.47600995676851,-4.79927584679677,7.02651227096226));
#11290=CARTESIAN_POINT('',(4.42399471563612,-3.18201697499479,5.99422812011886));
#11291=CARTESIAN_POINT('Ctrl Pts',(2.97915647028391,-3.18201697499479,6.82840587000843));
#11292=CARTESIAN_POINT('Ctrl Pts',(2.96422865442818,-3.12140207587977,6.83491870771029));
#11293=CARTESIAN_POINT('Ctrl Pts',(2.95704521944232,-3.05937234329719,6.8380102054745));
#11294=CARTESIAN_POINT('Ctrl Pts',(2.95704521944232,-3.00000014249235,6.8380102054745));
#11295=CARTESIAN_POINT('Ctrl Pts',(2.95704521944232,-2.91128979149915,6.8380102054745));
#11296=CARTESIAN_POINT('Ctrl Pts',(2.97363974165744,-2.81680490886774,6.83090560545209));
#11297=CARTESIAN_POINT('Ctrl Pts',(3.03974373627573,-2.64231372964641,6.80174707652375));
#11298=CARTESIAN_POINT('Ctrl Pts',(3.08914061169683,-2.56227482352668,6.77963317544083));
#11299=CARTESIAN_POINT('Ctrl Pts',(3.19710479026014,-2.43635808532377,6.72936851633912));
#11300=CARTESIAN_POINT('Ctrl Pts',(3.27016746791141,-2.37519105101525,6.6943300189102));
#11301=CARTESIAN_POINT('Ctrl Pts',(3.45075166586456,-2.26646634355125,6.60386734904517));
#11302=CARTESIAN_POINT('Ctrl Pts',(3.59962016065002,-2.22540295387963,6.52427734219374));
#11303=CARTESIAN_POINT('Ctrl Pts',(3.85037983934999,-2.22540295387963,6.3795011741944));
#11304=CARTESIAN_POINT('Ctrl Pts',(3.99374105456344,-2.26646634355125,6.29037227931277));
#11305=CARTESIAN_POINT('Ctrl Pts',(4.16237612373729,-2.37519105101525,6.17921311129581));
#11306=CARTESIAN_POINT('Ctrl Pts',(4.22925169144681,-2.43635808532377,6.13345822509576));
#11307=CARTESIAN_POINT('Ctrl Pts',(4.3267642524231,-2.56227482352668,6.06509083331207));
#11308=CARTESIAN_POINT('Ctrl Pts',(4.37061389024824,-2.6423137296464,6.03336883487128));
#11309=CARTESIAN_POINT('Ctrl Pts',(4.42891791434631,-2.81680490886774,5.99070036070438));
#11310=CARTESIAN_POINT('Ctrl Pts',(4.44336793955701,-2.91128979149915,5.97988138291362));
#11311=CARTESIAN_POINT('Ctrl Pts',(4.44336793955701,-3.05937234329719,5.97988138291362));
#11312=CARTESIAN_POINT('Ctrl Pts',(4.43709890646453,-3.12140207587977,5.98455667121571));
#11313=CARTESIAN_POINT('Ctrl Pts',(4.42399471563612,-3.18201697499479,5.99422812011886));
#11314=CARTESIAN_POINT('',(4.84713314827215,-4.79927584679679,5.65754365806586));
#11315=CARTESIAN_POINT('Ctrl Pts',(4.84713314827215,-4.79927584679678,5.65754365806587));
#11316=CARTESIAN_POINT('Ctrl Pts',(4.73193299868676,-4.6475773065323,5.75624205042298));
#11317=CARTESIAN_POINT('Ctrl Pts',(4.63814783850309,-4.4664225316098,5.83080373184004));
#11318=CARTESIAN_POINT('Ctrl Pts',(4.49573532335048,-4.07811694618173,5.94128949368661));
#11319=CARTESIAN_POINT('Ctrl Pts',(4.45110220810629,-3.88358635741135,5.97420344001256));
#11320=CARTESIAN_POINT('Ctrl Pts',(4.41357490246256,-3.62261573963283,6.00192672334579));
#11321=CARTESIAN_POINT('Ctrl Pts',(4.40463674638389,-3.52651491570244,6.00846720087815));
#11322=CARTESIAN_POINT('Ctrl Pts',(4.40213728086884,-3.36002698515854,6.01029859910151));
#11323=CARTESIAN_POINT('Ctrl Pts',(4.40537278104198,-3.26815481452502,6.00797189806467));
#11324=CARTESIAN_POINT('Ctrl Pts',(4.42399471563612,-3.18201697499479,5.99422812011886));
#11325=CARTESIAN_POINT('',(4.9977857961589,-5.,5.52491059979365));
#11326=CARTESIAN_POINT('Ctrl Pts',(4.84713314827215,-4.79927584679679,5.65754365806586));
#11327=CARTESIAN_POINT('Ctrl Pts',(4.89794324491535,-4.86618389786452,5.6140118148153));
#11328=CARTESIAN_POINT('Ctrl Pts',(4.94816686990982,-4.93309194893226,5.56979544640775));
#11329=CARTESIAN_POINT('Ctrl Pts',(4.9977857961589,-5.,5.52491059979365));
#11330=CARTESIAN_POINT('',(7.28360583113868,-5.,1.56575416224983));
#11331=CARTESIAN_POINT('Origin',(0.,-5.,0.));
#11332=CARTESIAN_POINT('',(7.32314310504066,-4.79927584679677,1.3689686128964));
#11333=CARTESIAN_POINT('Ctrl Pts',(7.28360583113868,-5.,1.56575416224983));
#11334=CARTESIAN_POINT('Ctrl Pts',(7.29766778542691,-4.93309194893226,1.50034048830257));
#11335=CARTESIAN_POINT('Ctrl Pts',(7.3108484712337,-4.86618389786452,1.43473736898343));
#11336=CARTESIAN_POINT('Ctrl Pts',(7.32314310504066,-4.79927584679677,1.3689686128964));
#11337=CARTESIAN_POINT('',(7.40315118592003,-3.18201697499479,0.834177749889566));
#11338=CARTESIAN_POINT('Ctrl Pts',(7.40315118592003,-3.18201697499479,0.834177749889568));
#11339=CARTESIAN_POINT('Ctrl Pts',(7.40569286586124,-3.26649907570625,0.811620877720017));
#11340=CARTESIAN_POINT('Ctrl Pts',(7.40611391945283,-3.3562148208164,0.807451358736449));
#11341=CARTESIAN_POINT('Ctrl Pts',(7.40574540054244,-3.59097746060469,0.810827111845043));
#11342=CARTESIAN_POINT('Ctrl Pts',(7.40242548933945,-3.78665053599406,0.842707913177666));
#11343=CARTESIAN_POINT('Ctrl Pts',(7.38944756129003,-4.13689137514355,0.949117627870884));
#11344=CARTESIAN_POINT('Ctrl Pts',(7.38125343382266,-4.28963823803326,1.01301793006531));
#11345=CARTESIAN_POINT('Ctrl Pts',(7.35799031544643,-4.56516259110942,1.16980370248997));
#11346=CARTESIAN_POINT('Ctrl Pts',(7.34323909334998,-4.689912409612,1.2614673912906));
#11347=CARTESIAN_POINT('Ctrl Pts',(7.32314310504066,-4.79927584679677,1.36896861289639));
#11348=CARTESIAN_POINT('',(7.40315118592003,-3.1820169749948,-0.834177749889566));
#11349=CARTESIAN_POINT('Ctrl Pts',(7.40315118592003,-3.18201697499479,0.834177749889566));
#11350=CARTESIAN_POINT('Ctrl Pts',(7.40132756089271,-3.12140207587977,0.850362036494577));
#11351=CARTESIAN_POINT('Ctrl Pts',(7.40041315899932,-3.05937234329719,0.858128822560872));
#11352=CARTESIAN_POINT('Ctrl Pts',(7.40041315899932,-3.00000014249235,0.858128822560872));
#11353=CARTESIAN_POINT('Ctrl Pts',(7.40041315899932,-2.91128979149915,0.858128822560872));
#11354=CARTESIAN_POINT('Ctrl Pts',(7.40255765600375,-2.81680490886774,0.840205244747703));
#11355=CARTESIAN_POINT('Ctrl Pts',(7.41035762652397,-2.6423137296464,0.768378241652468));
#11356=CARTESIAN_POINT('Ctrl Pts',(7.41590486411994,-2.56227482352668,0.714542342128757));
#11357=CARTESIAN_POINT('Ctrl Pts',(7.42635648170694,-2.43635808532377,0.595910291243361));
#11358=CARTESIAN_POINT('Ctrl Pts',(7.4325435916487,-2.37519105101525,0.515116907614389));
#11359=CARTESIAN_POINT('Ctrl Pts',(7.444492720428,-2.26646634355125,0.313495069732403));
#11360=CARTESIAN_POINT('Ctrl Pts',(7.45,-2.22540295387963,0.144776167999331));
#11361=CARTESIAN_POINT('Ctrl Pts',(7.45,-2.22540295387963,-0.144776167999331));
#11362=CARTESIAN_POINT('Ctrl Pts',(7.444492720428,-2.26646634355125,-0.313495069732403));
#11363=CARTESIAN_POINT('Ctrl Pts',(7.4325435916487,-2.37519105101525,-0.515116907614389));
#11364=CARTESIAN_POINT('Ctrl Pts',(7.42635648170694,-2.43635808532377,-0.595910291243361));
#11365=CARTESIAN_POINT('Ctrl Pts',(7.41590486411994,-2.56227482352668,-0.714542342128757));
#11366=CARTESIAN_POINT('Ctrl Pts',(7.41035762652397,-2.6423137296464,-0.768378241652468));
#11367=CARTESIAN_POINT('Ctrl Pts',(7.40255765600375,-2.81680490886774,-0.840205244747703));
#11368=CARTESIAN_POINT('Ctrl Pts',(7.40041315899932,-2.91128979149915,-0.858128822560872));
#11369=CARTESIAN_POINT('Ctrl Pts',(7.40041315899932,-3.05937234329719,-0.858128822560872));
#11370=CARTESIAN_POINT('Ctrl Pts',(7.4013275608927,-3.12140207587978,-0.850362036494579));
#11371=CARTESIAN_POINT('Ctrl Pts',(7.40315118592003,-3.1820169749948,-0.834177749889566));
#11372=CARTESIAN_POINT('',(7.32314310504065,-4.79927584679679,-1.36896861289639));
#11373=CARTESIAN_POINT('Ctrl Pts',(7.32314310504066,-4.79927584679678,-1.36896861289639));
#11374=CARTESIAN_POINT('Ctrl Pts',(7.34821513526123,-4.66283252488012,-1.23484861663829));
#11375=CARTESIAN_POINT('Ctrl Pts',(7.3650066156988,-4.50254922870763,-1.12547708599557));
#11376=CARTESIAN_POINT('Ctrl Pts',(7.39101509179597,-4.13131670383608,-0.940918481356674));
#11377=CARTESIAN_POINT('Ctrl Pts',(7.39800202191121,-3.92857489044674,-0.879352636405373));
#11378=CARTESIAN_POINT('Ctrl Pts',(7.40412729445685,-3.65570832045852,-0.825697721145378));
#11379=CARTESIAN_POINT('Ctrl Pts',(7.40559262404994,-3.55235729190608,-0.812224132298256));
#11380=CARTESIAN_POINT('Ctrl Pts',(7.40631027094735,-3.34587416389257,-0.805654937479492));
#11381=CARTESIAN_POINT('Ctrl Pts',(7.40538611475322,-3.25630307203931,-0.814343228956768));
#11382=CARTESIAN_POINT('Ctrl Pts',(7.40315118592003,-3.18201697499479,-0.834177749889565));
#11383=CARTESIAN_POINT('Ctrl Pts',(7.32314310504065,-4.79927584679679,-1.36896861289639));
#11384=CARTESIAN_POINT('Ctrl Pts',(7.3108484712337,-4.86618389786452,-1.43473736898343));
#11385=CARTESIAN_POINT('Ctrl Pts',(7.29766778542691,-4.93309194893226,-1.50034048830256));
#11386=CARTESIAN_POINT('Ctrl Pts',(7.28360583113868,-5.,-1.56575416224982));
#11387=CARTESIAN_POINT('Ctrl Pts',(4.42399471563612,-3.18201697499479,-5.99422812011886));
#11388=CARTESIAN_POINT('Ctrl Pts',(4.43709890646452,-3.12140207587977,-5.98455667121571));
#11389=CARTESIAN_POINT('Ctrl Pts',(4.443367939557,-3.05937234329719,-5.97988138291363));
#11390=CARTESIAN_POINT('Ctrl Pts',(4.443367939557,-3.00000014249235,-5.97988138291363));
#11391=CARTESIAN_POINT('Ctrl Pts',(4.443367939557,-2.91128979149915,-5.97988138291363));
#11392=CARTESIAN_POINT('Ctrl Pts',(4.4289179143463,-2.81680490886774,-5.99070036070438));
#11393=CARTESIAN_POINT('Ctrl Pts',(4.37061389024824,-2.6423137296464,-6.03336883487128));
#11394=CARTESIAN_POINT('Ctrl Pts',(4.3267642524231,-2.56227482352668,-6.06509083331208));
#11395=CARTESIAN_POINT('Ctrl Pts',(4.2292516914468,-2.43635808532377,-6.13345822509576));
#11396=CARTESIAN_POINT('Ctrl Pts',(4.16237612373729,-2.37519105101525,-6.17921311129581));
#11397=CARTESIAN_POINT('Ctrl Pts',(3.99374105456343,-2.26646634355125,-6.29037227931277));
#11398=CARTESIAN_POINT('Ctrl Pts',(3.85037983934998,-2.22540295387963,-6.37950117419441));
#11399=CARTESIAN_POINT('Ctrl Pts',(3.59962016065001,-2.22540295387963,-6.52427734219374));
#11400=CARTESIAN_POINT('Ctrl Pts',(3.45075166586456,-2.26646634355125,-6.60386734904518));
#11401=CARTESIAN_POINT('Ctrl Pts',(3.2701674679114,-2.37519105101525,-6.6943300189102));
#11402=CARTESIAN_POINT('Ctrl Pts',(3.19710479026013,-2.43635808532377,-6.72936851633912));
#11403=CARTESIAN_POINT('Ctrl Pts',(3.08914061169683,-2.56227482352668,-6.77963317544083));
#11404=CARTESIAN_POINT('Ctrl Pts',(3.03974373627572,-2.6423137296464,-6.80174707652375));
#11405=CARTESIAN_POINT('Ctrl Pts',(2.97363974165744,-2.81680490886774,-6.83090560545209));
#11406=CARTESIAN_POINT('Ctrl Pts',(2.95704521944231,-2.91128979149915,-6.8380102054745));
#11407=CARTESIAN_POINT('Ctrl Pts',(2.95704521944231,-3.05937234329719,-6.8380102054745));
#11408=CARTESIAN_POINT('Ctrl Pts',(2.96422865442817,-3.12140207587978,-6.83491870771029));
#11409=CARTESIAN_POINT('Ctrl Pts',(2.9791564702839,-3.1820169749948,-6.82840587000843));
#11410=CARTESIAN_POINT('Ctrl Pts',(-4.269754797027,-5.10379609513878,-4.58990384047223));
#11411=CARTESIAN_POINT('Ctrl Pts',(-4.52847748345697,-5.08168341537684,
-4.8953439752871));
#11412=CARTESIAN_POINT('Ctrl Pts',(-4.97847603412808,-4.85437259877001,
-5.68007663503511));
#11413=CARTESIAN_POINT('Ctrl Pts',(-4.93106070663233,-4.36120318169087,
-6.47806972690185));
#11414=CARTESIAN_POINT('Ctrl Pts',(-4.7507902939819,-4.04127424293461,-6.84595552312588));
#11415=CARTESIAN_POINT('Ctrl Pts',(-4.14632061695708,-4.93913505500594,
-4.6606385599321));
#11416=CARTESIAN_POINT('Ctrl Pts',(-4.37727559862841,-4.92148383640995,
-4.94374454809296));
#11417=CARTESIAN_POINT('Ctrl Pts',(-4.77613704184638,-4.7203742166862,-5.66324293281955));
#11418=CARTESIAN_POINT('Ctrl Pts',(-4.7359256092802,-4.27201837775475,-6.38450165280276));
#11419=CARTESIAN_POINT('Ctrl Pts',(-4.57587779926962,-3.97798495872201,
-6.71806931336705));
#11420=CARTESIAN_POINT('Ctrl Pts',(-3.98232485993805,-4.51558013952341,
-4.72516076766341));
#11421=CARTESIAN_POINT('Ctrl Pts',(-4.16027931764369,-4.49847851139332,
-4.96213584861374));
#11422=CARTESIAN_POINT('Ctrl Pts',(-4.46193789850544,-4.33319918006169,
-5.55216628966916));
#11423=CARTESIAN_POINT('Ctrl Pts',(-4.43506503331708,-3.97306074860518,
-6.13055856361005));
#11424=CARTESIAN_POINT('Ctrl Pts',(-4.31370049960747,-3.73324020946974,
-6.40243393361191));
#11425=CARTESIAN_POINT('Ctrl Pts',(-4.0504593563102,-4.07679191261741,-4.60992591020705));
#11426=CARTESIAN_POINT('Ctrl Pts',(-4.20397498969428,-4.05169698248412,
-4.81553070964331));
#11427=CARTESIAN_POINT('Ctrl Pts',(-4.46938408517171,-3.88777229642018,
-5.3368188027492));
#11428=CARTESIAN_POINT('Ctrl Pts',(-4.44637685390948,-3.56740638021515,
-5.85965066090047));
#11429=CARTESIAN_POINT('Ctrl Pts',(-4.34082988036207,-3.35996364503782,
-6.10546385962525));
#11430=CARTESIAN_POINT('Ctrl Pts',(-4.13576213587624,-3.89843272213464,
-4.51901886728482));
#11431=CARTESIAN_POINT('Ctrl Pts',(-4.28681223053133,-3.87002883500395,
-4.71648527545237));
#11432=CARTESIAN_POINT('Ctrl Pts',(-4.55382740105675,-3.70189708170376,
-5.22760976350497));
#11433=CARTESIAN_POINT('Ctrl Pts',(-4.52937115099825,-3.38377464992135,
-5.75025534086127));
#11434=CARTESIAN_POINT('Ctrl Pts',(-4.42399471563613,-3.18201697499479,
-5.99422812011886));
#11435=CARTESIAN_POINT('Ctrl Pts',(-4.42399471563613,-3.18201697499479,
-5.99422812011886));
#11436=CARTESIAN_POINT('Ctrl Pts',(-4.52937115099825,-3.38377464992135,
-5.75025534086127));
#11437=CARTESIAN_POINT('Ctrl Pts',(-4.55206405295946,-3.67895977187711,
-5.26529363090842));
#11438=CARTESIAN_POINT('Ctrl Pts',(-4.32380168570211,-3.84500375531791,
-4.79025151465744));
#11439=CARTESIAN_POINT('Ctrl Pts',(-4.20880974416385,-3.88046688902957,
-4.62042341156143));
#11440=CARTESIAN_POINT('',(-4.63901086973886,-5.,-5.12829508349006));
#11441=CARTESIAN_POINT('Ctrl Pts',(-4.20079031776962,-5.,-4.62772738027349));
#11442=CARTESIAN_POINT('Ctrl Pts',(-4.20940397354404,-5.,-4.63742306047223));
#11443=CARTESIAN_POINT('Ctrl Pts',(-4.21801543968077,-4.99999999999884,
-4.64714042027025));
#11444=CARTESIAN_POINT('Ctrl Pts',(-4.27973278837414,-4.99999999999884,
-4.71694925590205));
#11445=CARTESIAN_POINT('Ctrl Pts',(-4.3280307836857,-5.,-4.77240861767351));
#11446=CARTESIAN_POINT('Ctrl Pts',(-4.48546563822242,-5.,-4.95413199635239));
#11447=CARTESIAN_POINT('Ctrl Pts',(-4.55507510462916,-5.,-5.03550647323935));
#11448=CARTESIAN_POINT('Ctrl Pts',(-4.63901086973886,-5.,-5.12829508349006));
#11449=CARTESIAN_POINT('Ctrl Pts',(-4.63877433890572,-4.99999825050001,
-5.12861143138758));
#11450=CARTESIAN_POINT('Ctrl Pts',(-4.71625809033695,-4.95687978104371,
-5.27381030145122));
#11451=CARTESIAN_POINT('Ctrl Pts',(-4.79047209268457,-4.89142940449447,
-5.45084957928739));
#11452=CARTESIAN_POINT('Ctrl Pts',(-4.8395736686111,-4.81255689632441,-5.62855832301608));
#11453=CARTESIAN_POINT('Ctrl Pts',(-4.84693959334216,-4.79930184202262,
-5.65763596639548));
#11454=CARTESIAN_POINT('Ctrl Pts',(-4.63901086973886,-5.,-5.12829508349006));
#11455=CARTESIAN_POINT('Ctrl Pts',(-4.75860251187888,-5.,-5.26050025559126));
#11456=CARTESIAN_POINT('Ctrl Pts',(-4.87819415401889,-5.,-5.39270542769246));
#11457=CARTESIAN_POINT('Ctrl Pts',(-4.99778579615891,-5.,-5.52491059979365));
#11458=CARTESIAN_POINT('Ctrl Pts',(-4.59295392620375,-4.93309194893226,
-5.16995779170164));
#11459=CARTESIAN_POINT('Ctrl Pts',(-4.71135824095788,-4.93309194893226,
-5.30323701014675));
#11460=CARTESIAN_POINT('Ctrl Pts',(-4.82976255515569,-4.93309194893226,
-5.43651622796264));
#11461=CARTESIAN_POINT('Ctrl Pts',(-4.94816686990982,-4.93309194893226,
-5.56979544640775));
#11462=CARTESIAN_POINT('Ctrl Pts',(-4.54633569329627,-4.86618389786452,
-5.21100000960154));
#11463=CARTESIAN_POINT('Ctrl Pts',(-4.66353821068718,-4.86618389786452,
-5.34533727821665));
#11464=CARTESIAN_POINT('Ctrl Pts',(-4.78074072752444,-4.86618389786452,
-5.47967454620019));
#11465=CARTESIAN_POINT('Ctrl Pts',(-4.89794324491535,-4.86618389786452,
-5.61401181481529));
#11466=CARTESIAN_POINT('Ctrl Pts',(-4.49917308964858,-4.79927584679679,
-5.25140684219816));
#11467=CARTESIAN_POINT('Ctrl Pts',(-4.61515977585644,-4.79927584679679,
-5.38678578082073));
#11468=CARTESIAN_POINT('Ctrl Pts',(-4.73114646206429,-4.79927584679679,
-5.52216471944329));
#11469=CARTESIAN_POINT('Ctrl Pts',(-4.84713314827215,-4.79927584679679,
-5.65754365806586));
#11470=CARTESIAN_POINT('',(-4.99778579615891,-5.,-5.52491059979365));
#11471=CARTESIAN_POINT('Origin',(6.25,-5.,0.));
#11472=CARTESIAN_POINT('',(-6.76073925527463,-5.,-1.45335371988096));
#11473=CARTESIAN_POINT('Ctrl Pts',(-6.76073925527463,-5.,-1.45335371988096));
#11474=CARTESIAN_POINT('Ctrl Pts',(-6.60566008683202,-5.,-1.42001640604265));
#11475=CARTESIAN_POINT('Ctrl Pts',(-6.45341790311161,-4.99999999999892,
-1.39266556797914));
#11476=CARTESIAN_POINT('Ctrl Pts',(-6.20976795368127,-4.99999999999892,
-1.34476006221059));
#11477=CARTESIAN_POINT('Ctrl Pts',(-6.15932390119366,-5.,-1.33465384224511));
#11478=CARTESIAN_POINT('Ctrl Pts',(-6.10812463199047,-5.,-1.32412744102346));
#11479=CARTESIAN_POINT('',(-7.28360583113868,-5.,-1.56575416224983));
#11480=CARTESIAN_POINT('Ctrl Pts',(-3.55337624921445,-4.04127424293459,
-7.5372828442038));
#11481=CARTESIAN_POINT('Ctrl Pts',(-3.24682595243181,-4.28122099249623,
-7.51641473434263));
#11482=CARTESIAN_POINT('Ctrl Pts',(-2.52750883131922,-4.78993548864417,
-7.23969143996433));
#11483=CARTESIAN_POINT('Ctrl Pts',(-2.0203059956806,-5.07431252698894,-6.49504194133284));
#11484=CARTESIAN_POINT('Ctrl Pts',(-1.84009592826321,-5.10379609513877,
-5.99266804239197));
#11485=CARTESIAN_POINT('Ctrl Pts',(-3.53007979012575,-3.97798495872199,
-7.32186107546424));
#11486=CARTESIAN_POINT('Ctrl Pts',(-3.25340325796607,-4.1985100648086,-7.30072730071255));
#11487=CARTESIAN_POINT('Ctrl Pts',(-2.60492714137319,-4.6624385618095,-7.04713575162591));
#11488=CARTESIAN_POINT('Ctrl Pts',(-2.13600370290528,-4.91560010076226,
-6.37655935843919));
#11489=CARTESIAN_POINT('Ctrl Pts',(-1.96307108227998,-4.93913505500594,
-5.92113826648605));
#11490=CARTESIAN_POINT('Ctrl Pts',(-3.38782344928787,-3.7332434770977,-6.93698457693841));
#11491=CARTESIAN_POINT('Ctrl Pts',(-3.16572347422244,-3.91310891555218,
-6.91385988578645));
#11492=CARTESIAN_POINT('Ctrl Pts',(-2.64829330786348,-4.28722206770131,
-6.70233851815646));
#11493=CARTESIAN_POINT('Ctrl Pts',(-2.25595222594811,-4.49277833521934,
-6.1748396670661));
#11494=CARTESIAN_POINT('Ctrl Pts',(-2.10095330311108,-4.5155805022961,-5.81137223163444));
#11495=CARTESIAN_POINT('Ctrl Pts',(-3.11707186414222,-3.35996364503781,
-6.81200087971274));
#11496=CARTESIAN_POINT('Ctrl Pts',(-2.91783135527462,-3.51554572591952,
-6.78837569600003));
#11497=CARTESIAN_POINT('Ctrl Pts',(-2.45131985797422,-3.84558582240974,
-6.59539422764133));
#11498=CARTESIAN_POINT('Ctrl Pts',(-2.10215146436908,-4.04333201129538,
-6.12709805359447));
#11499=CARTESIAN_POINT('Ctrl Pts',(-1.96708326964831,-4.07679191261741,
-5.81276365466452));
#11500=CARTESIAN_POINT('Ctrl Pts',(-2.97915647028391,-3.18201697499479,
-6.82840587000842));
#11501=CARTESIAN_POINT('Ctrl Pts',(-2.78117530098372,-3.33333525987999,
-6.80536007590519));
#11502=CARTESIAN_POINT('Ctrl Pts',(-2.31449917720674,-3.65947009982405,
-6.61440200009277));
#11503=CARTESIAN_POINT('Ctrl Pts',(-1.97301855501867,-3.86056087887758,
-6.1472463545394));
#11504=CARTESIAN_POINT('Ctrl Pts',(-1.84570407131172,-3.89843272213464,
-5.84118450732102));
#11505=CARTESIAN_POINT('Ctrl Pts',(-1.89709855148382,-3.88048363547728,
-5.95510249923344));
#11506=CARTESIAN_POINT('Ctrl Pts',(-2.02292747029799,-3.83090361237288,
-6.21319558132722));
#11507=CARTESIAN_POINT('Ctrl Pts',(-2.34815757124297,-3.63594805874996,
-6.62817459704518));
#11508=CARTESIAN_POINT('Ctrl Pts',(-2.78117530098372,-3.33333525987999,
-6.80536007590519));
#11509=CARTESIAN_POINT('Ctrl Pts',(-2.97915647028391,-3.18201697499479,
-6.82840587000842));
#11510=CARTESIAN_POINT('Ctrl Pts',(-2.47659673374671,-4.79943800581617,
-7.02601873806965));
#11511=CARTESIAN_POINT('Ctrl Pts',(-2.34608937247858,-4.88061254894687,
-6.89752570016484));
#11512=CARTESIAN_POINT('Ctrl Pts',(-2.22744442469539,-4.94875089030765,
-6.7475985001449));
#11513=CARTESIAN_POINT('Ctrl Pts',(-2.12311388452752,-5.00022199830143,
-6.58085045299589));
#11514=CARTESIAN_POINT('Ctrl Pts',(-2.29826518612355,-4.79927584674605,
-6.52210161260734));
#11515=CARTESIAN_POINT('Ctrl Pts',(-2.35751344302115,-4.79927584674605,
-6.69023849872003));
#11516=CARTESIAN_POINT('Ctrl Pts',(-2.41676169991875,-4.79927584674605,
-6.85837538483271));
#11517=CARTESIAN_POINT('Ctrl Pts',(-2.47600995681635,-4.79927584674605,
-7.0265122709454));
#11518=CARTESIAN_POINT('Ctrl Pts',(-2.23969054077112,-4.8661838978307,-6.54274220918174));
#11519=CARTESIAN_POINT('Ctrl Pts',(-2.29742876938759,-4.8661838978307,-6.71141120098222));
#11520=CARTESIAN_POINT('Ctrl Pts',(-2.35516699773393,-4.8661838978307,-6.88008019198744));
#11521=CARTESIAN_POINT('Ctrl Pts',(-2.4129052263504,-4.8661838978307,-7.04874918378792));
#11522=CARTESIAN_POINT('Ctrl Pts',(-2.18083782097482,-4.93309194891535,
-6.56259367421401));
#11523=CARTESIAN_POINT('Ctrl Pts',(-2.23705885258319,-4.93309194891535,
-6.73177442797652));
#11524=CARTESIAN_POINT('Ctrl Pts',(-2.29327988392481,-4.93309194891535,
-6.90095518094262));
#11525=CARTESIAN_POINT('Ctrl Pts',(-2.34950091553318,-4.93309194891535,
-7.07013593470512));
#11526=CARTESIAN_POINT('Ctrl Pts',(-2.12172838549186,-5.,-6.58164880323472));
#11527=CARTESIAN_POINT('Ctrl Pts',(-2.17642560198783,-5.,-6.7513207895043));
#11528=CARTESIAN_POINT('Ctrl Pts',(-2.23112281848379,-5.,-6.92099277577389));
#11529=CARTESIAN_POINT('Ctrl Pts',(-2.28582003497976,-5.,-7.09066476204348));
#11530=CARTESIAN_POINT('Ctrl Pts',(-6.10985072529021,-5.10379609513878,
1.40276420191973));
#11531=CARTESIAN_POINT('Ctrl Pts',(-6.50373090761277,-5.0816834196984,1.47410453955371));
#11532=CARTESIAN_POINT('Ctrl Pts',(-7.4083319789961,-4.85436965622706,1.47146608926067));
#11533=CARTESIAN_POINT('Ctrl Pts',(-8.07570325323174,-4.36120325320452,
1.03138905210983));
#11534=CARTESIAN_POINT('Ctrl Pts',(-8.30416654319634,-4.04127424293461,
0.691327321077923));
#11535=CARTESIAN_POINT('Ctrl Pts',(-6.10939169923706,-4.93913505500594,
1.26049970655395));
#11536=CARTESIAN_POINT('Ctrl Pts',(-6.47004609729953,-4.9214838398596,1.31895958230643));
#11537=CARTESIAN_POINT('Ctrl Pts',(-7.29258402532022,-4.72036840255603,
1.30465337239895));
#11538=CARTESIAN_POINT('Ctrl Pts',(-7.8971033797859,-4.27201844347998,0.909181129932181));
#11539=CARTESIAN_POINT('Ctrl Pts',(-8.10595758939536,-3.97798495872201,
0.603791762097188));
#11540=CARTESIAN_POINT('Ctrl Pts',(-6.08327556619796,-4.51558162961085,
1.08618565492625));
#11541=CARTESIAN_POINT('Ctrl Pts',(-6.37747917772036,-4.49848000482298,
1.12181118857843));
#11542=CARTESIAN_POINT('Ctrl Pts',(-7.03928285123589,-4.33320164492495,
1.0880418963999));
#11543=CARTESIAN_POINT('Ctrl Pts',(-7.52673513985784,-3.97307422398141,
0.775574569873222));
#11544=CARTESIAN_POINT('Ctrl Pts',(-7.70150388915395,-3.73325363123893,
0.534532061681146));
#11545=CARTESIAN_POINT('Ctrl Pts',(-6.01754262595851,-4.07679191261741,
1.20283774445747));
#11546=CARTESIAN_POINT('Ctrl Pts',(-6.27235937230259,-4.05169698738851,
1.23298377723647));
#11547=CARTESIAN_POINT('Ctrl Pts',(-6.85651990305422,-3.88777237921446,
1.20220741927341));
#11548=CARTESIAN_POINT('Ctrl Pts',(-7.29779472080814,-3.56740642658478,
0.920850027739841));
#11549=CARTESIAN_POINT('Ctrl Pts',(-7.45790174450429,-3.35996364503782,
0.706537020087493));
#11550=CARTESIAN_POINT('Ctrl Pts',(-5.98146620718795,-3.89843272213464,
1.3221656400362));
#11551=CARTESIAN_POINT('Ctrl Pts',(-6.22800213220125,-3.87002884055502,
1.35424564889827));
#11552=CARTESIAN_POINT('Ctrl Pts',(-6.80415939414144,-3.70189498572618,
1.32993590265827));
#11553=CARTESIAN_POINT('Ctrl Pts',(-7.24455274348066,-3.38377469502021,
1.04742285716884));
#11554=CARTESIAN_POINT('Ctrl Pts',(-7.40315118592003,-3.18201697499479,
0.834177749889566));
#11555=CARTESIAN_POINT('Ctrl Pts',(-7.40315118592003,-3.18201697499479,
0.834177749889566));
#11556=CARTESIAN_POINT('Ctrl Pts',(-7.24455274348066,-3.38377469502021,
1.04742285716884));
#11557=CARTESIAN_POINT('Ctrl Pts',(-6.83591267244637,-3.67895784977626,
1.30956612329702));
#11558=CARTESIAN_POINT('Ctrl Pts',(-6.31038061361353,-3.84500350181442,
1.34939775795269));
#11559=CARTESIAN_POINT('Ctrl Pts',(-6.10580889082483,-3.88046684120407,
1.33472478699444));
#11560=CARTESIAN_POINT('',(-6.76073925527466,-5.,1.45335371988096));
#11561=CARTESIAN_POINT('Ctrl Pts',(-6.10812463199047,-5.,1.32412744102345));
#11562=CARTESIAN_POINT('Ctrl Pts',(-6.10853965474797,-5.,1.32421276833631));
#11563=CARTESIAN_POINT('Ctrl Pts',(-6.10895471398392,-4.9999999999991,1.32429808567715));
#11564=CARTESIAN_POINT('Ctrl Pts',(-6.1753842391372,-4.9999999999991,1.33795018822657));
#11565=CARTESIAN_POINT('Ctrl Pts',(-6.2391469717157,-5.,1.35061873846435));
#11566=CARTESIAN_POINT('Ctrl Pts',(-6.45327760329865,-5.,1.39231787637279));
#11567=CARTESIAN_POINT('Ctrl Pts',(-6.57616330975608,-5.,1.41502511134307));
#11568=CARTESIAN_POINT('Ctrl Pts',(-6.72075708929711,-5.,1.44485787347115));
#11569=CARTESIAN_POINT('Ctrl Pts',(-6.74078393841309,-5.,1.44906393249276));
#11570=CARTESIAN_POINT('Ctrl Pts',(-6.76073925527466,-5.,1.45335371988096));
#11571=CARTESIAN_POINT('Ctrl Pts',(-6.76089566599864,-4.99999750683186,
1.45299538022789));
#11572=CARTESIAN_POINT('Ctrl Pts',(-6.92538382708525,-4.95687873726659,
1.44750063694468));
#11573=CARTESIAN_POINT('Ctrl Pts',(-7.11581175249998,-4.89142801837269,
1.42325427977814));
#11574=CARTESIAN_POINT('Ctrl Pts',(-7.29426289757974,-4.81255546670879,
1.37692340402318));
#11575=CARTESIAN_POINT('Ctrl Pts',(-7.32312781935164,-4.79930042276281,
1.36876367135675));
#11576=CARTESIAN_POINT('Ctrl Pts',(-6.76073925527466,-5.,1.45335371988096));
#11577=CARTESIAN_POINT('Ctrl Pts',(-6.935028113896,-5.,1.49082053400391));
#11578=CARTESIAN_POINT('Ctrl Pts',(-7.10931697251734,-5.,1.52828734812687));
#11579=CARTESIAN_POINT('Ctrl Pts',(-7.28360583113868,-5.,1.56575416224982));
#11580=CARTESIAN_POINT('Ctrl Pts',(-6.7737917472088,-4.93309194893226,1.3926358826531));
#11581=CARTESIAN_POINT('Ctrl Pts',(-6.94841709355586,-4.93309194893226,
1.42853741792532));
#11582=CARTESIAN_POINT('Ctrl Pts',(-7.12304243907985,-4.93309194893226,
1.46443895303034));
#11583=CARTESIAN_POINT('Ctrl Pts',(-7.29766778542691,-4.93309194893226,
1.50034048830256));
#11584=CARTESIAN_POINT('Ctrl Pts',(-6.78602623408403,-4.86618389786452,
1.33174219972573));
#11585=CARTESIAN_POINT('Ctrl Pts',(-6.96096698007518,-4.86618389786452,
1.36607392286619));
#11586=CARTESIAN_POINT('Ctrl Pts',(-7.13590772524255,-4.86618389786452,
1.40040564584297));
#11587=CARTESIAN_POINT('Ctrl Pts',(-7.3108484712337,-4.86618389786452,1.43473736898343));
#11588=CARTESIAN_POINT('Ctrl Pts',(-6.79743827577532,-4.79927584679679,
1.27069477055991));
#11589=CARTESIAN_POINT('Ctrl Pts',(-6.97267321886376,-4.79927584679679,
1.3034527180054));
#11590=CARTESIAN_POINT('Ctrl Pts',(-7.14790816195221,-4.79927584679679,
1.3362106654509));
#11591=CARTESIAN_POINT('Ctrl Pts',(-7.32314310504065,-4.79927584679679,
1.36896861289639));
#11592=CARTESIAN_POINT('',(-7.28360583113868,-5.,1.56575416224982));
#11593=CARTESIAN_POINT('Origin',(6.25,-5.,0.));
#11594=CARTESIAN_POINT('',(-4.63901086973884,-5.,5.12829508349003));
#11595=CARTESIAN_POINT('Ctrl Pts',(-4.63901086973884,-5.,5.12829508349003));
#11596=CARTESIAN_POINT('Ctrl Pts',(-4.53255398476935,-5.,5.01061001330536));
#11597=CARTESIAN_POINT('Ctrl Pts',(-4.43268932831875,-4.99999999999946,
4.89236921197775));
#11598=CARTESIAN_POINT('Ctrl Pts',(-4.26936693794261,-4.99999999999946,
4.70530779302269));
#11599=CARTESIAN_POINT('Ctrl Pts',(-4.2354471059382,-5.,4.66673766157541));
#11600=CARTESIAN_POINT('Ctrl Pts',(-4.20079031776963,-5.,4.62772738027349));
#11601=CARTESIAN_POINT('',(-4.99778579615891,-5.,5.52491059979365));
#11602=CARTESIAN_POINT('Ctrl Pts',(-8.30416654319634,-4.04127424293459,
-0.691327321077924));
#11603=CARTESIAN_POINT('Ctrl Pts',(-8.13281907530462,-4.28122100122275,
-0.946373619974438));
#11604=CARTESIAN_POINT('Ctrl Pts',(-7.53351488556413,-4.78993295623157,
-1.43097216258852));
#11605=CARTESIAN_POINT('Ctrl Pts',(-6.63502430068777,-5.0743125279429,-1.49788465191136));
#11606=CARTESIAN_POINT('Ctrl Pts',(-6.10985072529018,-5.10379609513877,
-1.40276420191973));
#11607=CARTESIAN_POINT('Ctrl Pts',(-8.10595758939536,-3.97798495872199,
-0.60379176209719));
#11608=CARTESIAN_POINT('Ctrl Pts',(-7.94931693180589,-4.19851007282879,
-0.832833788532542));
#11609=CARTESIAN_POINT('Ctrl Pts',(-7.40546459207372,-4.66243463495944,
-1.26764941324525));
#11610=CARTESIAN_POINT('Ctrl Pts',(-6.59026422904159,-4.91560010152375,
-1.33844620740402));
#11611=CARTESIAN_POINT('Ctrl Pts',(-6.10939169923703,-4.93913505500594,
-1.26049970655394));
#11612=CARTESIAN_POINT('Ctrl Pts',(-7.70150388915395,-3.73325363123892,
-0.534532061681147));
#11613=CARTESIAN_POINT('Ctrl Pts',(-7.5704273268619,-3.91311907623485,-0.715313943266505));
#11614=CARTESIAN_POINT('Ctrl Pts',(-7.12853615313853,-4.28722602546499,
-1.05766054099459));
#11615=CARTESIAN_POINT('Ctrl Pts',(-6.47554704745658,-4.49277946327186,
-1.1336863663691));
#11616=CARTESIAN_POINT('Ctrl Pts',(-6.08327556619793,-4.51558162961084,
-1.08618565492625));
#11617=CARTESIAN_POINT('Ctrl Pts',(-7.45790174450429,-3.35996364503781,
-0.706537020087495));
#11618=CARTESIAN_POINT('Ctrl Pts',(-7.33782147643905,-3.51554573157782,
-0.867271776219122));
#11619=CARTESIAN_POINT('Ctrl Pts',(-6.93744232510764,-3.84558730288249,
-1.17480556923467));
#11620=CARTESIAN_POINT('Ctrl Pts',(-6.35729828708263,-4.04333201237799,
-1.24303245475044));
#11621=CARTESIAN_POINT('Ctrl Pts',(-6.01754262595849,-4.07679191261741,
-1.20283774445747));
#11622=CARTESIAN_POINT('Ctrl Pts',(-7.40315118592004,-3.18201697499479,
-0.834177749889567));
#11623=CARTESIAN_POINT('Ctrl Pts',(-7.28420235380015,-3.33333526538323,
-0.994111580739431));
#11624=CARTESIAN_POINT('Ctrl Pts',(-6.88549264827582,-3.65946842233488,
-1.30279395190641));
#11625=CARTESIAN_POINT('Ctrl Pts',(-6.31018077322606,-3.86056088010294,
-1.36493898510153));
#11626=CARTESIAN_POINT('Ctrl Pts',(-5.98146620718793,-3.89843272213464,
-1.3221656400362));
#11627=CARTESIAN_POINT('Ctrl Pts',(-6.10581930466932,-3.88048360910646,
-1.33461590376518));
#11628=CARTESIAN_POINT('Ctrl Pts',(-6.39224926940013,-3.83090340999639,
-1.35469229383858));
#11629=CARTESIAN_POINT('Ctrl Pts',(-6.91424903491152,-3.63594651898996,
-1.28053066237543));
#11630=CARTESIAN_POINT('Ctrl Pts',(-7.28420235380015,-3.33333526538323,
-0.994111580739431));
#11631=CARTESIAN_POINT('Ctrl Pts',(-7.40315118592004,-3.18201697499479,
-0.834177749889567));
#11632=CARTESIAN_POINT('Ctrl Pts',(-7.32301041036476,-4.79943701297762,
-1.36822013347417));
#11633=CARTESIAN_POINT('Ctrl Pts',(-7.14647821825918,-4.88061168680766,
-1.41699566833394));
#11634=CARTESIAN_POINT('Ctrl Pts',(-6.95731444938628,-4.94875031125705,
-1.44478007798179));
#11635=CARTESIAN_POINT('Ctrl Pts',(-6.76074063800791,-5.00022166126966,
-1.45175752047769));
#11636=CARTESIAN_POINT('Ctrl Pts',(-6.79743827577528,-4.79927584679677,
-1.2706947705599));
#11637=CARTESIAN_POINT('Ctrl Pts',(-6.97267321886374,-4.79927584679677,
-1.3034527180054));
#11638=CARTESIAN_POINT('Ctrl Pts',(-7.1479081619522,-4.79927584679677,-1.3362106654509));
#11639=CARTESIAN_POINT('Ctrl Pts',(-7.32314310504066,-4.79927584679677,
-1.36896861289639));
#11640=CARTESIAN_POINT('Ctrl Pts',(-6.78602623408399,-4.86618389786451,
-1.33174219972572));
#11641=CARTESIAN_POINT('Ctrl Pts',(-6.96096698007516,-4.86618389786451,
-1.36607392286619));
#11642=CARTESIAN_POINT('Ctrl Pts',(-7.13590772524254,-4.86618389786451,
-1.40040564584297));
#11643=CARTESIAN_POINT('Ctrl Pts',(-7.3108484712337,-4.86618389786451,-1.43473736898343));
#11644=CARTESIAN_POINT('Ctrl Pts',(-6.77379174720876,-4.93309194893226,
-1.3926358826531));
#11645=CARTESIAN_POINT('Ctrl Pts',(-6.94841709355584,-4.93309194893226,
-1.42853741792532));
#11646=CARTESIAN_POINT('Ctrl Pts',(-7.12304243907983,-4.93309194893226,
-1.46443895303035));
#11647=CARTESIAN_POINT('Ctrl Pts',(-7.29766778542691,-4.93309194893226,
-1.50034048830257));
#11648=CARTESIAN_POINT('Ctrl Pts',(-6.76073925527463,-5.,-1.45335371988096));
#11649=CARTESIAN_POINT('Ctrl Pts',(-6.93502811389598,-5.,-1.49082053400392));
#11650=CARTESIAN_POINT('Ctrl Pts',(-7.10931697251733,-5.,-1.52828734812688));
#11651=CARTESIAN_POINT('Ctrl Pts',(-7.28360583113868,-5.,-1.56575416224983));
#11652=CARTESIAN_POINT('Ctrl Pts',(-1.84009592826318,-5.10379609513878,
5.99266804239188));
#11653=CARTESIAN_POINT('Ctrl Pts',(-1.975253479032,-5.08168341899276,6.36944846717123));
#11654=CARTESIAN_POINT('Ctrl Pts',(-2.42985005717779,-4.85437196832951,
7.15152734829172));
#11655=CARTESIAN_POINT('Ctrl Pts',(-3.14464252094031,-4.3612032417479,7.50945869777462));
#11656=CARTESIAN_POINT('Ctrl Pts',(-3.55337624921445,-4.04127424293461,
7.5372828442038));
#11657=CARTESIAN_POINT('Ctrl Pts',(-1.96307108227995,-4.93913505500595,
5.92113826648597));
#11658=CARTESIAN_POINT('Ctrl Pts',(-2.0927705479464,-4.92148383929633,6.26270408597091));
#11659=CARTESIAN_POINT('Ctrl Pts',(-2.51644093538126,-4.72037303148844,
6.96787989049549));
#11660=CARTESIAN_POINT('Ctrl Pts',(-3.16117774794058,-4.27201843295068,
7.29368270918169));
#11661=CARTESIAN_POINT('Ctrl Pts',(-3.53007979012574,-3.97798495872201,
7.32186107546424));
#11662=CARTESIAN_POINT('Ctrl Pts',(-2.10095330311106,-4.51558050229611,
5.81137223163438));
#11663=CARTESIAN_POINT('Ctrl Pts',(-2.21720249541582,-4.49847887696251,
6.0839728086232));
#11664=CARTESIAN_POINT('Ctrl Pts',(-2.5773534163957,-4.33319989373734,6.64023079485712));
#11665=CARTESIAN_POINT('Ctrl Pts',(-3.09169014975806,-3.97306406125225,
6.9061516554605));
#11666=CARTESIAN_POINT('Ctrl Pts',(-3.38782344928787,-3.73324347709772,
6.9369845769384));
#11667=CARTESIAN_POINT('Ctrl Pts',(-1.96708326964828,-4.07679191261742,
5.81276365466447));
#11668=CARTESIAN_POINT('Ctrl Pts',(-2.06838441584311,-4.0516969865877,6.0485144542209));
#11669=CARTESIAN_POINT('Ctrl Pts',(-2.38712655517045,-3.88777227570989,
6.53901242025655));
#11670=CARTESIAN_POINT('Ctrl Pts',(-2.8514178528188,-3.56740641915628,6.78050063482175));
#11671=CARTESIAN_POINT('Ctrl Pts',(-3.11707186414222,-3.35996364503782,
6.81200087971274));
#11672=CARTESIAN_POINT('Ctrl Pts',(-1.84570407131169,-3.89843272213465,
5.84118450732097));
#11673=CARTESIAN_POINT('Ctrl Pts',(-1.94118993423729,-3.87002883964861,
6.07073089308428));
#11674=CARTESIAN_POINT('Ctrl Pts',(-2.25032769810229,-3.70189663673066,
6.55753662675442));
#11675=CARTESIAN_POINT('Ctrl Pts',(-2.71518157838055,-3.38377468779529,
6.79767814459528));
#11676=CARTESIAN_POINT('Ctrl Pts',(-2.97915647028391,-3.18201697499479,
6.82840587000843));
#11677=CARTESIAN_POINT('Ctrl Pts',(-2.97915647028391,-3.18201697499479,
6.82840587000843));
#11678=CARTESIAN_POINT('Ctrl Pts',(-2.71518157838055,-3.38377468779529,
6.79767814459528));
#11679=CARTESIAN_POINT('Ctrl Pts',(-2.28384465744903,-3.67895936357422,
6.57485134398582));
#11680=CARTESIAN_POINT('Ctrl Pts',(-1.98657844687826,-3.84500370206132,
6.1396480251421));
#11681=CARTESIAN_POINT('Ctrl Pts',(-1.89699912050227,-3.88046687811377,
5.95514789009848));
#11682=CARTESIAN_POINT('',(-2.12172838553581,-5.,6.58164880337103));
#11683=CARTESIAN_POINT('Ctrl Pts',(-1.90733431422085,-5.,5.95185482129695));
#11684=CARTESIAN_POINT('Ctrl Pts',(-1.92195674501308,-5.,5.99585744637241));
#11685=CARTESIAN_POINT('Ctrl Pts',(-1.93661690509111,-5.,6.03932495258868));
#11686=CARTESIAN_POINT('Ctrl Pts',(-1.98923397018081,-5.,6.19361296552691));
#11687=CARTESIAN_POINT('Ctrl Pts',(-2.02525870948359,-5.,6.29623157379525));
#11688=CARTESIAN_POINT('Ctrl Pts',(-2.07920244062378,-5.,6.45312972375253));
#11689=CARTESIAN_POINT('Ctrl Pts',(-2.10140211546474,-5.,6.5185962599813));
#11690=CARTESIAN_POINT('Ctrl Pts',(-2.1217283855358,-5.,6.58164880337102));
#11691=CARTESIAN_POINT('Ctrl Pts',(-2.12211986634802,-4.9999981124872,6.58160262959011));
#11692=CARTESIAN_POINT('Ctrl Pts',(-2.20912365102435,-4.95687957695856,
6.72130522884447));
#11693=CARTESIAN_POINT('Ctrl Pts',(-2.32533686549041,-4.89142912744372,
6.87409637224034));
#11694=CARTESIAN_POINT('Ctrl Pts',(-2.45468632558229,-4.81255661143618,
7.00547400963875));
#11695=CARTESIAN_POINT('Ctrl Pts',(-2.47618532696881,-4.79930156602354,
7.02639189939582));
#11696=CARTESIAN_POINT('Ctrl Pts',(-2.12172838553581,-5.,6.58164880337103));
#11697=CARTESIAN_POINT('Ctrl Pts',(-2.17642560201713,-5.,6.75132078959518));
#11698=CARTESIAN_POINT('Ctrl Pts',(-2.23112281849845,-5.,6.92099277581932));
#11699=CARTESIAN_POINT('Ctrl Pts',(-2.28582003497977,-5.,7.09066476204347));
#11700=CARTESIAN_POINT('Ctrl Pts',(-2.18083782100505,-4.93309194893226,
6.56259367435474));
#11701=CARTESIAN_POINT('Ctrl Pts',(-2.23705885259798,-4.93309194893226,
6.73177442807207));
#11702=CARTESIAN_POINT('Ctrl Pts',(-2.29327988392416,-4.93309194893226,
6.90095518099298));
#11703=CARTESIAN_POINT('Ctrl Pts',(-2.34950091551709,-4.93309194893226,
7.07013593471031));
#11704=CARTESIAN_POINT('Ctrl Pts',(-2.23969054078776,-4.86618389786452,
6.54274220932728));
#11705=CARTESIAN_POINT('Ctrl Pts',(-2.297428769388,-4.86618389786452,6.71141120108285));
#11706=CARTESIAN_POINT('Ctrl Pts',(-2.35516699771811,-4.86618389786452,
6.88008019204316));
#11707=CARTESIAN_POINT('Ctrl Pts',(-2.41290522631835,-4.86618389786452,
7.04874918379872));
#11708=CARTESIAN_POINT('Ctrl Pts',(-2.29826518612674,-4.79927584679679,
6.52210161275807));
#11709=CARTESIAN_POINT('Ctrl Pts',(-2.35751344300733,-4.79927584679679,
6.69023849882613));
#11710=CARTESIAN_POINT('Ctrl Pts',(-2.41676169988791,-4.79927584679679,
6.8583753848942));
#11711=CARTESIAN_POINT('Ctrl Pts',(-2.4760099567685,-4.79927584679679,7.02651227096226));
#11712=CARTESIAN_POINT('',(-2.28582003497977,-5.,7.09066476204347));
#11713=CARTESIAN_POINT('Origin',(6.25,-5.,0.));
#11714=CARTESIAN_POINT('',(2.12172838553578,-5.,6.581648803371));
#11715=CARTESIAN_POINT('Ctrl Pts',(2.12172838553578,-5.,6.58164880337099));
#11716=CARTESIAN_POINT('Ctrl Pts',(2.07316098819229,-5.,6.43099165291395));
#11717=CARTESIAN_POINT('Ctrl Pts',(2.02088226367092,-5.,6.28587522129185));
#11718=CARTESIAN_POINT('Ctrl Pts',(1.9405549916853,-5.,6.05098778296748));
#11719=CARTESIAN_POINT('Ctrl Pts',(1.92395662232908,-5.,6.00187558747243));
#11720=CARTESIAN_POINT('Ctrl Pts',(1.90733431422084,-5.,5.95185482129695));
#11721=CARTESIAN_POINT('',(2.28582003497976,-5.,7.09066476204348));
#11722=CARTESIAN_POINT('Ctrl Pts',(-4.75079029398189,-4.0412742429346,6.84595552312588));
#11723=CARTESIAN_POINT('Ctrl Pts',(-4.88599310372464,-4.28122094745421,
6.57004117543762));
#11724=CARTESIAN_POINT('Ctrl Pts',(-5.00599903739596,-4.7899361641555,5.80873328766529));
#11725=CARTESIAN_POINT('Ctrl Pts',(-4.61471837840008,-5.07431252216845,
4.99715735292883));
#11726=CARTESIAN_POINT('Ctrl Pts',(-4.26975479702698,-5.10379609513877,
4.58990384047221));
#11727=CARTESIAN_POINT('Ctrl Pts',(-4.57587779926962,-3.97798495872199,
6.71806931336706));
#11728=CARTESIAN_POINT('Ctrl Pts',(-4.69591365700388,-4.19851002341235,
6.46789356747213));
#11729=CARTESIAN_POINT('Ctrl Pts',(-4.80053164974913,-4.66243956926236,
5.7795021154364));
#11730=CARTESIAN_POINT('Ctrl Pts',(-4.45426059204258,-4.91560009691436,
5.03811321022942));
#11731=CARTESIAN_POINT('Ctrl Pts',(-4.14632061695706,-4.93913505500594,
4.66063855993208));
#11732=CARTESIAN_POINT('Ctrl Pts',(-4.31370049960747,-3.73324020946972,
6.40243393361191));
#11733=CARTESIAN_POINT('Ctrl Pts',(-4.40472390006131,-3.91310561416045,
6.19852740572605));
#11734=CARTESIAN_POINT('Ctrl Pts',(-4.48025525175333,-4.28722060366382,
5.64465703894982));
#11735=CARTESIAN_POINT('Ctrl Pts',(-4.21959746984526,-4.49277796871855,
5.04112754177516));
#11736=CARTESIAN_POINT('Ctrl Pts',(-3.98232485993804,-4.51558013952341,
4.72516076766339));
#11737=CARTESIAN_POINT('Ctrl Pts',(-4.34082988036207,-3.35996364503781,
6.10546385962525));
#11738=CARTESIAN_POINT('Ctrl Pts',(-4.41999011067189,-3.51554569671416,
5.92110396023405));
#11739=CARTESIAN_POINT('Ctrl Pts',(-4.48611572141454,-3.84558550490754,
5.42060325094229));
#11740=CARTESIAN_POINT('Ctrl Pts',(-4.2551468671724,-4.04333200582477,4.88406564236473));
#11741=CARTESIAN_POINT('Ctrl Pts',(-4.05045935631019,-4.07679191261741,
4.60992591020704));
#11742=CARTESIAN_POINT('Ctrl Pts',(-4.42399471563612,-3.18201697499479,
5.99422812011886));
#11743=CARTESIAN_POINT('Ctrl Pts',(-4.50302704230673,-3.33333523147502,
5.81124853533066));
#11744=CARTESIAN_POINT('Ctrl Pts',(-4.57098853525329,-3.65947054677833,
5.31161637885825));
#11745=CARTESIAN_POINT('Ctrl Pts',(-4.33716226177153,-3.86056087268562,
4.782307411101));
#11746=CARTESIAN_POINT('Ctrl Pts',(-4.13576213587622,-3.89843272213464,
4.5190188672848));
#11747=CARTESIAN_POINT('Ctrl Pts',(-4.20872073403058,-3.88048364347242,
4.62048681495764));
#11748=CARTESIAN_POINT('Ctrl Pts',(-4.3693212340106,-3.83090366503929,4.85850445079444));
#11749=CARTESIAN_POINT('Ctrl Pts',(-4.56608690279579,-3.63594847011817,
5.34765168486458));
#11750=CARTESIAN_POINT('Ctrl Pts',(-4.50302704230673,-3.33333523147502,
5.81124853533066));
#11751=CARTESIAN_POINT('Ctrl Pts',(-4.42399471563612,-3.18201697499479,
5.99422812011886));
#11752=CARTESIAN_POINT('Ctrl Pts',(-4.84641085162291,-4.79943825684099,
5.65780555801406));
#11753=CARTESIAN_POINT('Ctrl Pts',(-4.80038647117101,-4.88061277591357,
5.48053632431656));
#11754=CARTESIAN_POINT('Ctrl Pts',(-4.72986856827132,-4.94875104858654,
5.30282311496907));
#11755=CARTESIAN_POINT('Ctrl Pts',(-4.63762614585103,-5.00022209527434,
5.12909612052012));
#11756=CARTESIAN_POINT('Ctrl Pts',(-4.49917308964349,-4.79927584679487,
5.25140684219495));
#11757=CARTESIAN_POINT('Ctrl Pts',(-4.61515977585256,-4.79927584679487,
5.386785780819));
#11758=CARTESIAN_POINT('Ctrl Pts',(-4.73114646206163,-4.79927584679487,
5.52216471944305));
#11759=CARTESIAN_POINT('Ctrl Pts',(-4.8471331482707,-4.79927584679487,5.65754365806711));
#11760=CARTESIAN_POINT('Ctrl Pts',(-4.54633569329159,-4.86618389786324,
5.21100000959799));
#11761=CARTESIAN_POINT('Ctrl Pts',(-4.66353821068374,-4.86618389786324,
5.34533727821456));
#11762=CARTESIAN_POINT('Ctrl Pts',(-4.78074072752225,-4.86618389786324,
5.47967454619956));
#11763=CARTESIAN_POINT('Ctrl Pts',(-4.8979432449144,-4.86618389786324,5.61401181481614));
#11764=CARTESIAN_POINT('Ctrl Pts',(-4.59295392619949,-4.93309194893162,
5.16995779169774));
#11765=CARTESIAN_POINT('Ctrl Pts',(-4.71135824095489,-4.93309194893162,
5.30323701014428));
#11766=CARTESIAN_POINT('Ctrl Pts',(-4.82976255515395,-4.93309194893162,
5.43651622796162));
#11767=CARTESIAN_POINT('Ctrl Pts',(-4.94816686990935,-4.93309194893162,
5.56979544640817));
#11768=CARTESIAN_POINT('Ctrl Pts',(-4.639010869735,-5.,5.12829508348579));
#11769=CARTESIAN_POINT('Ctrl Pts',(-4.7586025118763,-5.,5.26050025558841));
#11770=CARTESIAN_POINT('Ctrl Pts',(-4.87819415401761,-5.,5.39270542769103));
#11771=CARTESIAN_POINT('Ctrl Pts',(-4.99778579615891,-5.,5.52491059979365));
#11772=CARTESIAN_POINT('Ctrl Pts',(4.269754797027,-5.10379609513878,4.58990384047223));
#11773=CARTESIAN_POINT('Ctrl Pts',(4.52847748345697,-5.08168341537684,4.89534397528711));
#11774=CARTESIAN_POINT('Ctrl Pts',(4.97847603412808,-4.85437259877001,5.68007663503511));
#11775=CARTESIAN_POINT('Ctrl Pts',(4.93106070663233,-4.36120318169088,6.47806972690184));
#11776=CARTESIAN_POINT('Ctrl Pts',(4.75079029398189,-4.04127424293461,6.84595552312588));
#11777=CARTESIAN_POINT('Ctrl Pts',(4.14632061695708,-4.93913505500594,4.6606385599321));
#11778=CARTESIAN_POINT('Ctrl Pts',(4.37727559862842,-4.92148383640996,4.94374454809297));
#11779=CARTESIAN_POINT('Ctrl Pts',(4.77613704184637,-4.7203742166862,5.66324293281956));
#11780=CARTESIAN_POINT('Ctrl Pts',(4.73592560928021,-4.27201837775475,6.38450165280275));
#11781=CARTESIAN_POINT('Ctrl Pts',(4.57587779926961,-3.97798495872201,6.71806931336706));
#11782=CARTESIAN_POINT('Ctrl Pts',(3.98232485993805,-4.51558013952341,4.72516076766341));
#11783=CARTESIAN_POINT('Ctrl Pts',(4.16027931764369,-4.49847851139332,4.96213584861375));
#11784=CARTESIAN_POINT('Ctrl Pts',(4.46193789850544,-4.33319918006168,5.55216628966918));
#11785=CARTESIAN_POINT('Ctrl Pts',(4.43506503331708,-3.97306074860518,6.13055856361005));
#11786=CARTESIAN_POINT('Ctrl Pts',(4.31370049960747,-3.73324020946974,6.40243393361191));
#11787=CARTESIAN_POINT('Ctrl Pts',(4.0504593563102,-4.07679191261741,4.60992591020705));
#11788=CARTESIAN_POINT('Ctrl Pts',(4.20397498969428,-4.05169698248412,4.81553070964331));
#11789=CARTESIAN_POINT('Ctrl Pts',(4.46938408517171,-3.88777229642017,5.33681880274921));
#11790=CARTESIAN_POINT('Ctrl Pts',(4.44637685390948,-3.56740638021515,5.85965066090047));
#11791=CARTESIAN_POINT('Ctrl Pts',(4.34082988036207,-3.35996364503782,6.10546385962525));
#11792=CARTESIAN_POINT('Ctrl Pts',(4.13576213587623,-3.89843272213464,4.51901886728482));
#11793=CARTESIAN_POINT('Ctrl Pts',(4.28681223053133,-3.87002883500395,4.71648527545237));
#11794=CARTESIAN_POINT('Ctrl Pts',(4.55382740105675,-3.70189708170376,5.22760976350499));
#11795=CARTESIAN_POINT('Ctrl Pts',(4.52937115099825,-3.38377464992136,5.75025534086127));
#11796=CARTESIAN_POINT('Ctrl Pts',(4.42399471563612,-3.18201697499479,5.99422812011886));
#11797=CARTESIAN_POINT('Ctrl Pts',(4.42399471563612,-3.18201697499479,5.99422812011886));
#11798=CARTESIAN_POINT('Ctrl Pts',(4.52937115099825,-3.38377464992136,5.75025534086127));
#11799=CARTESIAN_POINT('Ctrl Pts',(4.55206405295946,-3.67895977187711,5.26529363090843));
#11800=CARTESIAN_POINT('Ctrl Pts',(4.32380168570211,-3.84500375531791,4.79025151465744));
#11801=CARTESIAN_POINT('Ctrl Pts',(4.20880974416385,-3.88046688902957,4.62042341156144));
#11802=CARTESIAN_POINT('',(4.63901086973886,-5.,5.12829508349006));
#11803=CARTESIAN_POINT('Ctrl Pts',(4.20079031776962,-5.,4.6277273802735));
#11804=CARTESIAN_POINT('Ctrl Pts',(4.20940397354402,-5.,4.63742306047222));
#11805=CARTESIAN_POINT('Ctrl Pts',(4.21801543968075,-4.99999999999884,4.64714042027023));
#11806=CARTESIAN_POINT('Ctrl Pts',(4.27973278837406,-4.99999999999884,4.71694925590197));
#11807=CARTESIAN_POINT('Ctrl Pts',(4.32803078368536,-5.,4.77240861767313));
#11808=CARTESIAN_POINT('Ctrl Pts',(4.48546563822257,-5.,4.95413199635256));
#11809=CARTESIAN_POINT('Ctrl Pts',(4.55507510462916,-5.,5.03550647323934));
#11810=CARTESIAN_POINT('Ctrl Pts',(4.63901086973886,-5.,5.12829508349007));
#11811=CARTESIAN_POINT('Ctrl Pts',(4.63877433890572,-4.99999825050001,5.12861143138758));
#11812=CARTESIAN_POINT('Ctrl Pts',(4.71625809033695,-4.95687978104371,5.27381030145122));
#11813=CARTESIAN_POINT('Ctrl Pts',(4.79047209268457,-4.89142940449447,5.45084957928739));
#11814=CARTESIAN_POINT('Ctrl Pts',(4.8395736686111,-4.81255689632442,5.62855832301607));
#11815=CARTESIAN_POINT('Ctrl Pts',(4.84693959334216,-4.79930184202262,5.65763596639547));
#11816=CARTESIAN_POINT('Origin',(3.02500014367979,-3.00000014249235,5.23945394175655));
#11817=CARTESIAN_POINT('Ctrl Pts',(1.89709855148382,-3.88048363547729,5.95510249923344));
#11818=CARTESIAN_POINT('Ctrl Pts',(2.02292747029799,-3.83090361237288,6.21319558132722));
#11819=CARTESIAN_POINT('Ctrl Pts',(2.34815757124295,-3.63594805874997,6.62817459704517));
#11820=CARTESIAN_POINT('Ctrl Pts',(2.78117530098372,-3.33333525987999,6.80536007590519));
#11821=CARTESIAN_POINT('Ctrl Pts',(2.97915647028391,-3.18201697499478,6.82840587000843));
#11822=CARTESIAN_POINT('Ctrl Pts',(3.55337624921445,-4.04127424293459,7.5372828442038));
#11823=CARTESIAN_POINT('Ctrl Pts',(3.24682595243181,-4.28122099249623,7.51641473434263));
#11824=CARTESIAN_POINT('Ctrl Pts',(2.5275088313192,-4.78993548864418,7.23969143996433));
#11825=CARTESIAN_POINT('Ctrl Pts',(2.02030599568059,-5.07431252698895,6.49504194133283));
#11826=CARTESIAN_POINT('Ctrl Pts',(1.84009592826321,-5.10379609513877,5.99266804239197));
#11827=CARTESIAN_POINT('Ctrl Pts',(3.53007979012575,-3.97798495872199,7.32186107546424));
#11828=CARTESIAN_POINT('Ctrl Pts',(3.25340325796606,-4.1985100648086,7.30072730071255));
#11829=CARTESIAN_POINT('Ctrl Pts',(2.60492714137317,-4.66243856180951,7.0471357516259));
#11830=CARTESIAN_POINT('Ctrl Pts',(2.13600370290527,-4.91560010076226,6.37655935843918));
#11831=CARTESIAN_POINT('Ctrl Pts',(1.96307108227998,-4.93913505500594,5.92113826648605));
#11832=CARTESIAN_POINT('Ctrl Pts',(3.38782344928787,-3.7332434770977,6.93698457693841));
#11833=CARTESIAN_POINT('Ctrl Pts',(3.16572347422244,-3.91310891555218,6.91385988578645));
#11834=CARTESIAN_POINT('Ctrl Pts',(2.64829330786347,-4.28722206770132,6.70233851815646));
#11835=CARTESIAN_POINT('Ctrl Pts',(2.2559522259481,-4.49277833521934,6.17483966706609));
#11836=CARTESIAN_POINT('Ctrl Pts',(2.10095330311108,-4.5155805022961,5.81137223163444));
#11837=CARTESIAN_POINT('Ctrl Pts',(3.11707186414222,-3.35996364503781,6.81200087971274));
#11838=CARTESIAN_POINT('Ctrl Pts',(2.91783135527461,-3.51554572591952,6.78837569600003));
#11839=CARTESIAN_POINT('Ctrl Pts',(2.4513198579742,-3.84558582240975,6.59539422764132));
#11840=CARTESIAN_POINT('Ctrl Pts',(2.10215146436908,-4.04333201129538,6.12709805359447));
#11841=CARTESIAN_POINT('Ctrl Pts',(1.96708326964831,-4.07679191261741,5.81276365466453));
#11842=CARTESIAN_POINT('Ctrl Pts',(2.97915647028391,-3.18201697499478,6.82840587000843));
#11843=CARTESIAN_POINT('Ctrl Pts',(2.78117530098372,-3.33333525987999,6.80536007590519));
#11844=CARTESIAN_POINT('Ctrl Pts',(2.31449917720672,-3.65947009982407,6.61440200009276));
#11845=CARTESIAN_POINT('Ctrl Pts',(1.97301855501866,-3.86056087887758,6.1472463545394));
#11846=CARTESIAN_POINT('Ctrl Pts',(1.84570407131171,-3.89843272213464,5.84118450732102));
#11847=CARTESIAN_POINT('Ctrl Pts',(2.4765967337467,-4.79943800581617,7.02601873806965));
#11848=CARTESIAN_POINT('Ctrl Pts',(2.34608937247858,-4.88061254894687,6.89752570016484));
#11849=CARTESIAN_POINT('Ctrl Pts',(2.22744442469539,-4.94875089030765,6.7475985001449));
#11850=CARTESIAN_POINT('Ctrl Pts',(2.12311388452752,-5.00022199830143,6.58085045299588));
#11851=CARTESIAN_POINT('Ctrl Pts',(4.63901086973886,-5.,5.12829508349006));
#11852=CARTESIAN_POINT('Ctrl Pts',(4.75860251187887,-5.,5.26050025559126));
#11853=CARTESIAN_POINT('Ctrl Pts',(4.87819415401889,-5.,5.39270542769246));
#11854=CARTESIAN_POINT('Ctrl Pts',(4.9977857961589,-5.,5.52491059979365));
#11855=CARTESIAN_POINT('Ctrl Pts',(4.59295392620374,-4.93309194893226,5.16995779170164));
#11856=CARTESIAN_POINT('Ctrl Pts',(4.71135824095788,-4.93309194893226,5.30323701014675));
#11857=CARTESIAN_POINT('Ctrl Pts',(4.82976255515568,-4.93309194893226,5.43651622796264));
#11858=CARTESIAN_POINT('Ctrl Pts',(4.94816686990982,-4.93309194893226,5.56979544640775));
#11859=CARTESIAN_POINT('Ctrl Pts',(4.54633569329626,-4.86618389786452,5.21100000960155));
#11860=CARTESIAN_POINT('Ctrl Pts',(4.66353821068717,-4.86618389786452,5.34533727821665));
#11861=CARTESIAN_POINT('Ctrl Pts',(4.78074072752444,-4.86618389786452,5.47967454620019));
#11862=CARTESIAN_POINT('Ctrl Pts',(4.89794324491535,-4.86618389786452,5.6140118148153));
#11863=CARTESIAN_POINT('Ctrl Pts',(4.49917308964858,-4.79927584679679,5.25140684219816));
#11864=CARTESIAN_POINT('Ctrl Pts',(4.61515977585643,-4.79927584679679,5.38678578082073));
#11865=CARTESIAN_POINT('Ctrl Pts',(4.73114646206429,-4.79927584679679,5.5221647194433));
#11866=CARTESIAN_POINT('Ctrl Pts',(4.84713314827215,-4.79927584679679,5.65754365806586));
#11867=CARTESIAN_POINT('',(4.9977857961589,-5.,5.52491059979365));
#11868=CARTESIAN_POINT('Ctrl Pts',(2.29826518612355,-4.79927584674605,6.52210161260734));
#11869=CARTESIAN_POINT('Ctrl Pts',(2.35751344302115,-4.79927584674605,6.69023849872003));
#11870=CARTESIAN_POINT('Ctrl Pts',(2.41676169991875,-4.79927584674605,6.85837538483271));
#11871=CARTESIAN_POINT('Ctrl Pts',(2.47600995681635,-4.79927584674605,7.0265122709454));
#11872=CARTESIAN_POINT('Ctrl Pts',(2.23969054077112,-4.8661838978307,6.54274220918174));
#11873=CARTESIAN_POINT('Ctrl Pts',(2.29742876938759,-4.8661838978307,6.71141120098222));
#11874=CARTESIAN_POINT('Ctrl Pts',(2.35516699773393,-4.8661838978307,6.88008019198744));
#11875=CARTESIAN_POINT('Ctrl Pts',(2.4129052263504,-4.8661838978307,7.04874918378792));
#11876=CARTESIAN_POINT('Ctrl Pts',(2.18083782097481,-4.93309194891535,6.56259367421401));
#11877=CARTESIAN_POINT('Ctrl Pts',(2.23705885258318,-4.93309194891535,6.73177442797652));
#11878=CARTESIAN_POINT('Ctrl Pts',(2.29327988392481,-4.93309194891535,6.90095518094262));
#11879=CARTESIAN_POINT('Ctrl Pts',(2.34950091553318,-4.93309194891535,7.07013593470512));
#11880=CARTESIAN_POINT('Ctrl Pts',(2.12172838549185,-5.,6.58164880323472));
#11881=CARTESIAN_POINT('Ctrl Pts',(2.17642560198782,-5.,6.7513207895043));
#11882=CARTESIAN_POINT('Ctrl Pts',(2.23112281848379,-5.,6.92099277577389));
#11883=CARTESIAN_POINT('Ctrl Pts',(2.28582003497976,-5.,7.09066476204348));
#11884=CARTESIAN_POINT('Origin',(6.25,-5.,0.));
#11885=CARTESIAN_POINT('',(6.76073925527463,-5.,1.45335371988096));
#11886=CARTESIAN_POINT('Ctrl Pts',(6.76073925527463,-5.,1.45335371988096));
#11887=CARTESIAN_POINT('Ctrl Pts',(6.60566008683202,-5.,1.42001640604265));
#11888=CARTESIAN_POINT('Ctrl Pts',(6.4534179031116,-4.99999999999892,1.39266556797914));
#11889=CARTESIAN_POINT('Ctrl Pts',(6.20976795368095,-4.99999999999892,1.34476006221053));
#11890=CARTESIAN_POINT('Ctrl Pts',(6.15932390119351,-5.,1.33465384224508));
#11891=CARTESIAN_POINT('Ctrl Pts',(6.10812463199047,-5.,1.32412744102346));
#11892=CARTESIAN_POINT('',(7.28360583113868,-5.,1.56575416224983));
#11893=CARTESIAN_POINT('Origin',(3.02500014367979,-3.00000014249235,-5.23945394175655));
#11894=CARTESIAN_POINT('Origin',(-3.02500014367979,-3.00000014249235,-5.23945394175655));
#11895=CARTESIAN_POINT('Origin',(-6.05000028735958,-3.00000014249235,1.11022302462516E-15));
#11896=CARTESIAN_POINT('Origin',(-3.02500014367979,-3.00000014249235,5.23945394175655));
#11897=CARTESIAN_POINT('Ctrl Pts',(6.10985072529021,-5.10379609513878,-1.40276420191973));
#11898=CARTESIAN_POINT('Ctrl Pts',(6.6350243017203,-5.07431252788494,-1.49788465209836));
#11899=CARTESIAN_POINT('Ctrl Pts',(7.53351490089766,-4.78993294764633,-1.43097215626254));
#11900=CARTESIAN_POINT('Ctrl Pts',(8.13281907572289,-4.28122100063704,-0.946373619351852));
#11901=CARTESIAN_POINT('Ctrl Pts',(8.30416654319634,-4.04127424293461,-0.69132732107792));
#11902=CARTESIAN_POINT('Ctrl Pts',(6.10939169923706,-4.93913505500594,-1.26049970655395));
#11903=CARTESIAN_POINT('Ctrl Pts',(6.59026422998702,-4.91560010147748,-1.33844620755726));
#11904=CARTESIAN_POINT('Ctrl Pts',(7.4054646059744,-4.66243462719382,-1.26764940747949));
#11905=CARTESIAN_POINT('Ctrl Pts',(7.94931693218826,-4.19851007229049,-0.832833787973432));
#11906=CARTESIAN_POINT('Ctrl Pts',(8.10595758939536,-3.977984958722,-0.603791762097186));
#11907=CARTESIAN_POINT('Ctrl Pts',(6.08327556619796,-4.51558162961085,-1.08618565492625));
#11908=CARTESIAN_POINT('Ctrl Pts',(6.47554704822782,-4.49277946322703,-1.13368636646248));
#11909=CARTESIAN_POINT('Ctrl Pts',(7.12853616433724,-4.28722601919645,-1.0576605362831));
#11910=CARTESIAN_POINT('Ctrl Pts',(7.57042732718187,-3.91311907579579,-0.715313942825202));
#11911=CARTESIAN_POINT('Ctrl Pts',(7.70150388915395,-3.73325363123893,-0.534532061681144));
#11912=CARTESIAN_POINT('Ctrl Pts',(6.01754262595851,-4.07679191261741,-1.20283774445747));
#11913=CARTESIAN_POINT('Ctrl Pts',(6.35729828775061,-4.04333201231221,-1.24303245482946));
#11914=CARTESIAN_POINT('Ctrl Pts',(6.93744233514126,-3.8455872972074,-1.17480556499982));
#11915=CARTESIAN_POINT('Ctrl Pts',(7.33782147673217,-3.51554573119804,-0.867271775826753));
#11916=CARTESIAN_POINT('Ctrl Pts',(7.45790174450429,-3.35996364503782,-0.706537020087491));
#11917=CARTESIAN_POINT('Ctrl Pts',(5.98146620718795,-3.89843272213464,-1.3221656400362));
#11918=CARTESIAN_POINT('Ctrl Pts',(6.31018077387234,-3.86056088002848,-1.36493898518562));
#11919=CARTESIAN_POINT('Ctrl Pts',(6.885492658267,-3.65946841666196,-1.30279394770116));
#11920=CARTESIAN_POINT('Ctrl Pts',(7.28420235409051,-3.33333526501386,-0.994111580349019));
#11921=CARTESIAN_POINT('Ctrl Pts',(7.40315118592004,-3.18201697499479,-0.834177749889564));
#11922=CARTESIAN_POINT('Ctrl Pts',(7.40315118592004,-3.18201697499479,-0.834177749889564));
#11923=CARTESIAN_POINT('Ctrl Pts',(7.28420235409051,-3.33333526501386,-0.994111580349019));
#11924=CARTESIAN_POINT('Ctrl Pts',(6.91424904409778,-3.63594651378566,-1.28053065852682));
#11925=CARTESIAN_POINT('Ctrl Pts',(6.39224927099825,-3.83090340928203,-1.35469229338831));
#11926=CARTESIAN_POINT('Ctrl Pts',(6.10581930466204,-3.88048360902103,-1.33461590365443));
#11927=CARTESIAN_POINT('Ctrl Pts',(6.76074063775762,-5.00022166047277,-1.45175751936978));
#11928=CARTESIAN_POINT('Ctrl Pts',(6.9573144491908,-4.94875031022074,-1.44478007655245));
#11929=CARTESIAN_POINT('Ctrl Pts',(7.14647821829739,-4.8806116857079,-1.41699566684488));
#11930=CARTESIAN_POINT('Ctrl Pts',(7.32301040993409,-4.79943701251904,-1.36822013267158));
#11931=CARTESIAN_POINT('Origin',(6.05000028735958,-3.00000014249235,0.));
#11932=CARTESIAN_POINT('Ctrl Pts',(6.10580889081643,-3.88046684117252,1.33472478695779));
#11933=CARTESIAN_POINT('Ctrl Pts',(6.31038061363871,-3.84500350169007,1.34939775782323));
#11934=CARTESIAN_POINT('Ctrl Pts',(6.83591267568891,-3.67895784862605,1.30956612287735));
#11935=CARTESIAN_POINT('Ctrl Pts',(7.24455274305575,-3.38377469556074,1.04742285774016));
#11936=CARTESIAN_POINT('Ctrl Pts',(7.40315118592003,-3.18201697499479,0.834177749889566));
#11937=CARTESIAN_POINT('Ctrl Pts',(8.30416654319634,-4.04127424293459,0.691327321077923));
#11938=CARTESIAN_POINT('Ctrl Pts',(8.07570325261965,-4.36120325406166,1.03138905302092));
#11939=CARTESIAN_POINT('Ctrl Pts',(7.40833198431658,-4.85436965454535,1.47146608878758));
#11940=CARTESIAN_POINT('Ctrl Pts',(6.5037309062827,-5.08168341985728,1.47410453938958));
#11941=CARTESIAN_POINT('Ctrl Pts',(6.10985072463344,-5.10379609517564,1.40276420180078));
#11942=CARTESIAN_POINT('Ctrl Pts',(8.10595758939536,-3.97798495872199,0.603791762097189));
#11943=CARTESIAN_POINT('Ctrl Pts',(7.89710337922634,-4.27201844426774,0.909181130750378));
#11944=CARTESIAN_POINT('Ctrl Pts',(7.29258403015171,-4.72036840105769,1.30465337191359));
#11945=CARTESIAN_POINT('Ctrl Pts',(6.47004609608395,-4.92148383999601,1.31895958217777));
#11946=CARTESIAN_POINT('Ctrl Pts',(6.10939169863567,-4.93913505503549,1.26049970645635));
#11947=CARTESIAN_POINT('Ctrl Pts',(7.70150388915395,-3.73325363123892,0.534532061681147));
#11948=CARTESIAN_POINT('Ctrl Pts',(7.52673513938961,-3.97307422462392,0.775574570519019));
#11949=CARTESIAN_POINT('Ctrl Pts',(7.03928285512099,-4.33320164370334,1.088041895904));
#11950=CARTESIAN_POINT('Ctrl Pts',(6.37747917673226,-4.49848000494148,1.12181118851241));
#11951=CARTESIAN_POINT('Ctrl Pts',(6.08327556570752,-4.51558162963931,1.086185654867));
#11952=CARTESIAN_POINT('Ctrl Pts',(7.45790174450429,-3.35996364503781,0.706537020087494));
#11953=CARTESIAN_POINT('Ctrl Pts',(7.29779472037919,-3.56740642714055,0.920850028314024));
#11954=CARTESIAN_POINT('Ctrl Pts',(6.85651990649325,-3.88777237804305,1.20220741882437));
#11955=CARTESIAN_POINT('Ctrl Pts',(6.27235937144184,-4.05169698752436,1.23298377718106));
#11956=CARTESIAN_POINT('Ctrl Pts',(6.01754262553339,-4.07679191265922,1.20283774440703));
#11957=CARTESIAN_POINT('Ctrl Pts',(7.40315118592003,-3.18201697499479,0.834177749889566));
#11958=CARTESIAN_POINT('Ctrl Pts',(7.24455274305575,-3.38377469556074,1.04742285774016));
#11959=CARTESIAN_POINT('Ctrl Pts',(6.80415939754627,-3.70189498453321,1.32993590224029));
#11960=CARTESIAN_POINT('Ctrl Pts',(6.22800213136384,-3.87002884070017,1.35424564883519));
#11961=CARTESIAN_POINT('Ctrl Pts',(5.98146620677687,-3.898432722182,1.32216563998271));
#11962=CARTESIAN_POINT('Ctrl Pts',(7.32312781929187,-4.79930042318353,1.36876367191543));
#11963=CARTESIAN_POINT('Ctrl Pts',(7.29426289822448,-4.81255546676153,1.37692340432498));
#11964=CARTESIAN_POINT('Ctrl Pts',(7.11581175398181,-4.89142801785403,1.42325427960344));
#11965=CARTESIAN_POINT('Ctrl Pts',(6.92538382891195,-4.95687873655793,1.44750063664274));
#11966=CARTESIAN_POINT('Ctrl Pts',(6.76089566756813,-4.99999750623836,1.45299537998539));
#11967=CARTESIAN_POINT('Ctrl Pts',(6.79743827577528,-4.79927584679677,1.2706947705599));
#11968=CARTESIAN_POINT('Ctrl Pts',(6.97267321886374,-4.79927584679677,1.3034527180054));
#11969=CARTESIAN_POINT('Ctrl Pts',(7.1479081619522,-4.79927584679677,1.3362106654509));
#11970=CARTESIAN_POINT('Ctrl Pts',(7.32314310504066,-4.79927584679677,1.3689686128964));
#11971=CARTESIAN_POINT('Ctrl Pts',(6.78602623408399,-4.86618389786452,1.33174219972573));
#11972=CARTESIAN_POINT('Ctrl Pts',(6.96096698007515,-4.86618389786452,1.36607392286619));
#11973=CARTESIAN_POINT('Ctrl Pts',(7.13590772524254,-4.86618389786452,1.40040564584297));
#11974=CARTESIAN_POINT('Ctrl Pts',(7.3108484712337,-4.86618389786452,1.43473736898343));
#11975=CARTESIAN_POINT('Ctrl Pts',(6.77379174720876,-4.93309194893226,1.3926358826531));
#11976=CARTESIAN_POINT('Ctrl Pts',(6.94841709355583,-4.93309194893226,1.42853741792532));
#11977=CARTESIAN_POINT('Ctrl Pts',(7.12304243907983,-4.93309194893226,1.46443895303035));
#11978=CARTESIAN_POINT('Ctrl Pts',(7.29766778542691,-4.93309194893226,1.50034048830257));
#11979=CARTESIAN_POINT('Ctrl Pts',(6.76073925527463,-5.,1.45335371988096));
#11980=CARTESIAN_POINT('Ctrl Pts',(6.93502811389598,-5.,1.49082053400392));
#11981=CARTESIAN_POINT('Ctrl Pts',(7.10931697251733,-5.,1.52828734812688));
#11982=CARTESIAN_POINT('Ctrl Pts',(7.28360583113868,-5.,1.56575416224983));
#11983=CARTESIAN_POINT('Ctrl Pts',(6.76073925527466,-5.,-1.45335371988096));
#11984=CARTESIAN_POINT('Ctrl Pts',(6.935028113896,-5.,-1.49082053400391));
#11985=CARTESIAN_POINT('Ctrl Pts',(7.10931697251734,-5.,-1.52828734812687));
#11986=CARTESIAN_POINT('Ctrl Pts',(7.28360583113868,-5.,-1.56575416224982));
#11987=CARTESIAN_POINT('Ctrl Pts',(6.77379174720879,-4.93309194893226,-1.3926358826531));
#11988=CARTESIAN_POINT('Ctrl Pts',(6.94841709355586,-4.93309194893226,-1.42853741792531));
#11989=CARTESIAN_POINT('Ctrl Pts',(7.12304243907984,-4.93309194893226,-1.46443895303034));
#11990=CARTESIAN_POINT('Ctrl Pts',(7.29766778542691,-4.93309194893226,-1.50034048830256));
#11991=CARTESIAN_POINT('Ctrl Pts',(6.78602623408402,-4.86618389786452,-1.33174219972573));
#11992=CARTESIAN_POINT('Ctrl Pts',(6.96096698007518,-4.86618389786452,-1.36607392286619));
#11993=CARTESIAN_POINT('Ctrl Pts',(7.13590772524255,-4.86618389786452,-1.40040564584297));
#11994=CARTESIAN_POINT('Ctrl Pts',(7.3108484712337,-4.86618389786452,-1.43473736898343));
#11995=CARTESIAN_POINT('Ctrl Pts',(6.79743827577532,-4.79927584679679,-1.27069477055991));
#11996=CARTESIAN_POINT('Ctrl Pts',(6.97267321886376,-4.79927584679679,-1.3034527180054));
#11997=CARTESIAN_POINT('Ctrl Pts',(7.14790816195221,-4.79927584679679,-1.3362106654509));
#11998=CARTESIAN_POINT('Ctrl Pts',(7.32314310504065,-4.79927584679679,-1.36896861289639));
#11999=CARTESIAN_POINT('Origin',(7.45,-1.,0.));
#12000=CARTESIAN_POINT('',(0.,0.,0.));
#12001=CARTESIAN_POINT('Origin',(24.9999995936047,-9.,-43.3012701892219));
#12002=CARTESIAN_POINT('',(23.9999995936047,-7.5,-43.3012701892219));
#12003=CARTESIAN_POINT('Origin',(24.9999995936047,-7.5,-43.3012701892219));
#12004=CARTESIAN_POINT('',(23.9999995936047,-6.,-43.3012701892219));
#12005=CARTESIAN_POINT('',(23.9999995936047,-9.,-43.3012701892219));
#12006=CARTESIAN_POINT('Origin',(24.9999995936047,-6.,-43.3012701892219));
#12007=CARTESIAN_POINT('Origin',(24.9999995936047,-9.,-43.3012701892219));
#12008=CARTESIAN_POINT('',(22.2999995936047,-9.,-43.3012701892219));
#12009=CARTESIAN_POINT('Origin',(24.9999995936047,-9.,-43.3012701892219));
#12010=CARTESIAN_POINT('',(22.2999995936047,-7.5,-43.3012701892219));
#12011=CARTESIAN_POINT('',(22.2999995936047,-9.,-43.3012701892219));
#12012=CARTESIAN_POINT('Origin',(24.9999995936047,-7.5,-43.3012701892219));
#12013=CARTESIAN_POINT('Origin',(24.9999995936047,-7.5,-43.3012701892219));
#12014=CARTESIAN_POINT('Origin',(-6.56858655152258E-47,-9.,3.48956160549637E-46));
#12015=CARTESIAN_POINT('',(5.16691628927589,-9.,8.56171571938797));
#12016=CARTESIAN_POINT('',(-3.21505177152045,-9.,-9.46907821084227));
#12017=CARTESIAN_POINT('Origin',(0.,-9.,0.));
#12018=CARTESIAN_POINT('',(17.0722731055948,-9.,-42.2283553404894));
#12019=CARTESIAN_POINT('Origin',(-12.9579390302556,-9.,-38.1641562402552));
#12020=CARTESIAN_POINT('',(32.990277700549,-9.,-43.695557207794));
#12021=CARTESIAN_POINT('Origin',(25.,-9.,-43.3012701892219));
#12022=CARTESIAN_POINT('Origin',(-24.653254160443,-9.,-40.8510883208275));
#12023=CARTESIAN_POINT('',(-2.7,-9.,-3.30654635769785E-16));
#12024=CARTESIAN_POINT('Origin',(-2.18952885050753E-47,-9.,1.16318720183212E-46));
#12025=CARTESIAN_POINT('Origin',(10.,-6.,0.));
#12026=CARTESIAN_POINT('',(22.1186781864635,-6.,-41.1136922260463));
#12027=CARTESIAN_POINT('',(4.19725619571332,-6.,-9.07651036618954));
#12028=CARTESIAN_POINT('Origin',(-17.8591311316575,-6.,-42.4458942092435));
#12029=CARTESIAN_POINT('',(9.7825077995549,-6.,-2.07425677090545));
#12030=CARTESIAN_POINT('Origin',(0.,-6.,0.));
#12031=CARTESIAN_POINT('',(27.4285945711841,-6.,-40.6199576690006));
#12032=CARTESIAN_POINT('Origin',(-60.9250067537475,-6.,-57.7559178964011));
#12033=CARTESIAN_POINT('Origin',(24.9999995936047,-6.,-43.3012701892219));
#12034=CARTESIAN_POINT('',(-3.9,-6.,-4.77612251667468E-16));
#12035=CARTESIAN_POINT('Origin',(0.,-6.,0.));
#12036=CARTESIAN_POINT('Origin',(24.9999995836472,-6.19601523765685,-43.3012701892219));
#12037=CARTESIAN_POINT('',(27.4285945928351,-8.,-40.6199577806338));
#12038=CARTESIAN_POINT('',(27.428594573306,-6.19601536102805,-40.6199576799412));
#12039=CARTESIAN_POINT('',(22.1186781821916,-8.,-41.1136920978542));
#12040=CARTESIAN_POINT('Origin',(24.9999994920059,-8.,-43.3012701892219));
#12041=CARTESIAN_POINT('',(22.1186781860448,-6.19601509128742,-41.1136922134827));
#12042=CARTESIAN_POINT('Origin',(-17.8591311316575,-9.,-42.4458942092435));
#12043=CARTESIAN_POINT('',(4.19725619571332,-8.,-9.07651036618954));
#12044=CARTESIAN_POINT('Origin',(-17.8591311316575,-8.,-42.4458942092435));
#12045=CARTESIAN_POINT('',(4.19725619571332,-9.,-9.07651036618955));
#12046=CARTESIAN_POINT('Origin',(14.9226823108076,-8.,-21.3697772344453));
#12047=CARTESIAN_POINT('',(9.7825077995549,-8.,-2.07425677090545));
#12048=CARTESIAN_POINT('Origin',(-60.9250067537475,-8.,-57.7559178964011));
#12049=CARTESIAN_POINT('',(5.16691628927589,-8.,8.56171571938797));
#12050=CARTESIAN_POINT('Origin',(0.,-8.,0.));
#12051=CARTESIAN_POINT('',(32.990277700549,-8.,-43.695557207794));
#12052=CARTESIAN_POINT('Origin',(-24.653254160443,-8.,-40.8510883208275));
#12053=CARTESIAN_POINT('',(17.0722731055948,-8.,-42.2283553404894));
#12054=CARTESIAN_POINT('Origin',(25.,-8.,-43.3012701892219));
#12055=CARTESIAN_POINT('',(-3.21505177152045,-8.,-9.46907821084227));
#12056=CARTESIAN_POINT('Origin',(-12.9579390302556,-8.,-38.1641562402552));
#12057=CARTESIAN_POINT('Origin',(0.,-8.,0.));
#12058=CARTESIAN_POINT('Origin',(-12.9579390302556,-9.,-38.1641562402552));
#12059=CARTESIAN_POINT('',(-3.21505177152045,-9.,-9.46907821084227));
#12060=CARTESIAN_POINT('',(17.0722731055948,-9.,-42.2283553404894));
#12061=CARTESIAN_POINT('Origin',(25.,-9.,-43.3012701892219));
#12062=CARTESIAN_POINT('',(32.990277700549,-9.,-43.695557207794));
#12063=CARTESIAN_POINT('Origin',(-24.653254160443,-9.,-40.8510883208275));
#12064=CARTESIAN_POINT('',(5.1669162892759,-9.,8.56171571938797));
#12065=CARTESIAN_POINT('Origin',(0.,-7.5,0.));
#12066=CARTESIAN_POINT('',(9.78250779955486,-9.,-2.07425677090543));
#12067=CARTESIAN_POINT('Origin',(-60.9250067537475,-9.,-57.7559178964011));
#12068=CARTESIAN_POINT('Origin',(-2.18952885050753E-47,-3.,1.16318720183212E-46));
#12069=CARTESIAN_POINT('',(-2.7,-3.6,-3.30654635769785E-16));
#12070=CARTESIAN_POINT('',(-2.7,-3.,-3.30654635769785E-16));
#12071=CARTESIAN_POINT('Origin',(-2.18952885050753E-47,-3.6,1.16318720183212E-46));
#12072=CARTESIAN_POINT('Origin',(0.,-1.6,0.));
#12073=CARTESIAN_POINT('',(-3.9,-1.6,-4.77612251667468E-16));
#12074=CARTESIAN_POINT('Origin',(0.,-1.6,0.));
#12075=CARTESIAN_POINT('',(-1.,-1.6,1.22464679914735E-16));
#12076=CARTESIAN_POINT('Origin',(1.97057596545677E-46,-1.6,-1.04686848164891E-45));
#12077=CARTESIAN_POINT('Origin',(0.,-6.,0.));
#12078=CARTESIAN_POINT('',(-3.9,-6.,4.77612251667468E-16));
#12079=CARTESIAN_POINT('Origin',(-1.79884035375674E-62,-3.6,1.43907228300539E-61));
#12080=CARTESIAN_POINT('',(-1.,-3.6,1.22464679914735E-16));
#12081=CARTESIAN_POINT('Origin',(1.97057596545677E-46,-3.6,-1.04686848164891E-45));
#12082=CARTESIAN_POINT('Origin',(1.97057596545677E-46,-1.6,-1.04686848164891E-45));
#12083=CARTESIAN_POINT('',(-1.,-1.6,-1.22464679914735E-16));
#12084=CARTESIAN_POINT('',(0.,0.,0.));
#12085=CARTESIAN_POINT('Origin',(12.0448077572893,-5.00000000000001,-7.13600771369711));
#12086=CARTESIAN_POINT('',(10.0448077572893,-1.00000000000001,-7.13600771369711));
#12087=CARTESIAN_POINT('Origin',(12.0448077572893,-1.00000000000001,-7.13600771369711));
#12088=CARTESIAN_POINT('',(10.0448077572893,-5.00000000000001,-7.13600771369711));
#12089=CARTESIAN_POINT('',(10.0448077572893,-5.00000000000001,-7.13600771369711));
#12090=CARTESIAN_POINT('Origin',(12.0448077572893,-5.00000000000001,-7.13600771369711));
#12091=CARTESIAN_POINT('Origin',(12.0448077572893,-5.00000000000001,-7.13600771369711));
#12092=CARTESIAN_POINT('Origin',(12.0448077572893,-1.00000000000001,-7.13600771369711));
#12093=CARTESIAN_POINT('Origin',(-1.62701206081475E-15,-5.00000000000001,
1.17887700656546E-15));
#12094=CARTESIAN_POINT('',(-9.99429944989579,-1.,-9.88173281790409E-16));
#12095=CARTESIAN_POINT('Origin',(-5.16789036189598E-16,-1.00000000000001,
2.35775401313095E-16));
#12096=CARTESIAN_POINT('',(-9.99429944989579,-5.,-4.50716765380383E-17));
#12097=CARTESIAN_POINT('',(-9.99429944989579,-5.,2.40282568966897E-15));
#12098=CARTESIAN_POINT('Origin',(-1.62701206081475E-15,-5.00000000000001,
1.17887700656546E-15));
#12099=CARTESIAN_POINT('Origin',(-1.62701206081475E-15,-5.00000000000001,
1.17887700656546E-15));
#12100=CARTESIAN_POINT('Origin',(-5.16789036189598E-16,-1.00000000000001,
2.35775401313095E-16));
#12101=CARTESIAN_POINT('Origin',(22.9638704919875,-5.00000000000002,-29.4260009959882));
#12102=CARTESIAN_POINT('',(20.9638704919875,-1.00000000000002,-29.4260009959882));
#12103=CARTESIAN_POINT('Origin',(22.9638704919875,-1.00000000000002,-29.4260009959882));
#12104=CARTESIAN_POINT('',(20.9638704919875,-5.00000000000002,-29.4260009959882));
#12105=CARTESIAN_POINT('',(20.9638704919875,-5.00000000000002,-29.4260009959882));
#12106=CARTESIAN_POINT('Origin',(22.9638704919875,-5.00000000000002,-29.4260009959882));
#12107=CARTESIAN_POINT('Origin',(22.9638704919875,-5.00000000000002,-29.4260009959882));
#12108=CARTESIAN_POINT('Origin',(22.9638704919875,-1.00000000000002,-29.4260009959882));
#12109=CARTESIAN_POINT('Origin',(8.60241557653137,-5.00000000000001,-11.0452906819445));
#12110=CARTESIAN_POINT('',(6.60241557653137,-1.00000000000001,-11.0452906819445));
#12111=CARTESIAN_POINT('Origin',(8.60241557653137,-1.00000000000001,-11.0452906819445));
#12112=CARTESIAN_POINT('',(6.60241557653137,-5.00000000000001,-11.0452906819445));
#12113=CARTESIAN_POINT('',(6.60241557653137,-5.00000000000001,-11.0452906819445));
#12114=CARTESIAN_POINT('Origin',(8.60241557653137,-5.00000000000001,-11.0452906819445));
#12115=CARTESIAN_POINT('Origin',(8.60241557653137,-5.00000000000001,-11.0452906819445));
#12116=CARTESIAN_POINT('Origin',(8.60241557653137,-1.00000000000001,-11.0452906819445));
#12117=CARTESIAN_POINT('',(0.,0.,0.));
#12118=CARTESIAN_POINT('',(0.,0.,0.));
#12119=CARTESIAN_POINT('',(0.,0.,0.));
#12120=CARTESIAN_POINT('',(0.,0.,0.));
#12121=CARTESIAN_POINT('',(0.,0.,0.));
#12122=CARTESIAN_POINT('',(0.,0.,0.));
#12123=CARTESIAN_POINT('Origin',(-10.9,-5.,14.4));
#12124=CARTESIAN_POINT('',(-13.6,-5.,14.4));
#12125=CARTESIAN_POINT('Origin',(-10.9,-5.,14.4));
#12126=CARTESIAN_POINT('',(-13.6,-3.,14.4));
#12127=CARTESIAN_POINT('',(-13.6,-5.,14.4));
#12128=CARTESIAN_POINT('Origin',(-10.9,-3.,14.4));
#12129=CARTESIAN_POINT('Origin',(-10.9,-3.,14.4));
#12130=CARTESIAN_POINT('',(-11.9,-3.,14.4));
#12131=CARTESIAN_POINT('Origin',(-10.9,-3.,14.4));
#12132=CARTESIAN_POINT('Origin',(-9.15665459352886,-4.,9.7137705141835));
#12133=CARTESIAN_POINT('',(-20.2462976015306,-2.,5.58826230851009));
#12134=CARTESIAN_POINT('',(-9.15665459352886,-2.,9.7137705141835));
#12135=CARTESIAN_POINT('',(-12.1353568799284,-2.,8.60565001689313));
#12136=CARTESIAN_POINT('',(-9.15665459352886,-4.,9.7137705141835));
#12137=CARTESIAN_POINT('',(-9.15665459352886,5.55111512312578E-16,9.7137705141835));
#12138=CARTESIAN_POINT('',(-20.2462976015306,-4.,5.58826230851009));
#12139=CARTESIAN_POINT('',(-17.6801783839293,-4.,6.54289591405642));
#12140=CARTESIAN_POINT('',(-20.2462976015306,-4.,5.58826230851009));
#12141=CARTESIAN_POINT('Origin',(-21.2923048454133,-4.,8.39999999999999));
#12142=CARTESIAN_POINT('',(-22.4423048454133,-2.,8.39999999999999));
#12143=CARTESIAN_POINT('Origin',(-21.2923048454133,-2.,8.39999999999999));
#12144=CARTESIAN_POINT('',(-22.4423048454133,-4.,8.39999999999999));
#12145=CARTESIAN_POINT('',(-22.4423048454133,-4.,8.39999999999999));
#12146=CARTESIAN_POINT('Origin',(-21.2923048454133,-4.,8.39999999999999));
#12147=CARTESIAN_POINT('Origin',(-23.2043374930804,-4.,10.7117376914899));
#12148=CARTESIAN_POINT('',(-14.0867210794452,-2.,18.2528961524832));
#12149=CARTESIAN_POINT('',(-23.2043374930804,-2.,10.7117376914899));
#12150=CARTESIAN_POINT('',(-21.0067618724423,-2.,12.5293471667541));
#12151=CARTESIAN_POINT('',(-23.2043374930804,-4.,10.7117376914899));
#12152=CARTESIAN_POINT('',(-23.2043374930804,-4.,10.7117376914899));
#12153=CARTESIAN_POINT('',(-14.0867210794452,-4.,18.2528961524832));
#12154=CARTESIAN_POINT('',(-16.4479536656247,-4.,16.2999263972507));
#12155=CARTESIAN_POINT('',(-14.0867210794452,5.55111512312578E-16,18.2528961524832));
#12156=CARTESIAN_POINT('Origin',(-21.2923048454133,-4.,8.39999999999999));
#12157=CARTESIAN_POINT('Origin',(-21.2923048454133,-2.,8.39999999999999));
#12158=CARTESIAN_POINT('Origin',(-21.2923048454133,-4.,8.39999999999999));
#12159=CARTESIAN_POINT('Origin',(-16.7244797194711,-4.,11.8264480762416));
#12160=CARTESIAN_POINT('',(-15.9,-4.,14.4));
#12161=CARTESIAN_POINT('Origin',(-10.9,-4.,14.4));
#12162=CARTESIAN_POINT('Origin',(-10.9,-4.,14.4));
#12163=CARTESIAN_POINT('Origin',(-16.7244797194711,-2.,11.8264480762416));
#12164=CARTESIAN_POINT('',(-15.9,-2.,14.4));
#12165=CARTESIAN_POINT('Origin',(-10.9,-2.,14.4));
#12166=CARTESIAN_POINT('Origin',(-10.9,-2.,14.4));
#12167=CARTESIAN_POINT('Origin',(-10.9,7.77156307679907E-16,14.4));
#12168=CARTESIAN_POINT('',(-15.9,3.,14.4));
#12169=CARTESIAN_POINT('Origin',(-10.9,3.,14.4));
#12170=CARTESIAN_POINT('',(-15.9,7.77156307679907E-16,14.4));
#12171=CARTESIAN_POINT('',(-15.9,-5.,14.4));
#12172=CARTESIAN_POINT('',(-15.9,7.77156307679907E-16,14.4));
#12173=CARTESIAN_POINT('Origin',(-10.9,-5.,14.4));
#12174=CARTESIAN_POINT('Origin',(-10.9,7.77156307679907E-16,14.4));
#12175=CARTESIAN_POINT('',(-8.87745751406263,7.39764418221946E-16,15.8694631307312));
#12176=CARTESIAN_POINT('',(-8.80613466815733,6.80904979590383E-16,15.4668776743879));
#12177=CARTESIAN_POINT('Ctrl Pts',(-8.87745751406263,7.39764418221946E-16,
15.8694631307312));
#12178=CARTESIAN_POINT('Ctrl Pts',(-8.84160679883831,7.28211638958859E-16,
15.8201188544604));
#12179=CARTESIAN_POINT('Ctrl Pts',(-8.82121237332189,7.16308441184838E-16,
15.7627826204171));
#12180=CARTESIAN_POINT('Ctrl Pts',(-8.81625770065491,7.07684285667658E-16,
15.7120492872647));
#12181=CARTESIAN_POINT('Ctrl Pts',(-8.80356389353062,6.85589311064304E-16,
15.5820711456007));
#12182=CARTESIAN_POINT('Ctrl Pts',(-8.84100957999565,6.89166020500178E-16,
15.5353235427404));
#12183=CARTESIAN_POINT('Ctrl Pts',(-8.80613466815733,6.80904979590383E-16,
15.4668776743879));
#12184=CARTESIAN_POINT('',(-8.52235870926212,6.11578441370969E-16,15.1725424859374));
#12185=CARTESIAN_POINT('Ctrl Pts',(-8.80613466815734,6.80904979590385E-16,
15.4668776743879));
#12186=CARTESIAN_POINT('Ctrl Pts',(-8.79208709256979,6.77577441526631E-16,
15.4393077549629));
#12187=CARTESIAN_POINT('Ctrl Pts',(-8.77856130659936,6.76139418715275E-16,
15.4250567203469));
#12188=CARTESIAN_POINT('Ctrl Pts',(-8.75765520873461,6.7276245755775E-16,
15.4095042607875));
#12189=CARTESIAN_POINT('Ctrl Pts',(-8.70640070808574,6.6448332010421E-16,
15.371375024345));
#12190=CARTESIAN_POINT('Ctrl Pts',(-8.57004414080323,6.39395008278697E-16,
15.3193031535545));
#12191=CARTESIAN_POINT('Ctrl Pts',(-8.52235870926212,6.1157844137097E-16,
15.1725424859374));
#12192=CARTESIAN_POINT('',(-8.57893239960143,5.66402204790548E-16,14.7676209928445));
#12193=CARTESIAN_POINT('Ctrl Pts',(-8.52235870926212,6.11578441370968E-16,
15.1725424859374));
#12194=CARTESIAN_POINT('Ctrl Pts',(-8.50351087287697,6.00583844385484E-16,
15.1145348101834));
#12195=CARTESIAN_POINT('Ctrl Pts',(-8.50183249230635,5.90153263820867E-16,
15.0537025871015));
#12196=CARTESIAN_POINT('Ctrl Pts',(-8.51279778070568,5.83448085420628E-16,
15.0039212419579));
#12197=CARTESIAN_POINT('Ctrl Pts',(-8.54089070739499,5.66269505307008E-16,
14.8763820812277));
#12198=CARTESIAN_POINT('Ctrl Pts',(-8.59094947524482,5.72601776123798E-16,
14.8434938223899));
#12199=CARTESIAN_POINT('Ctrl Pts',(-8.57893239960143,5.66402204790548E-16,
14.7676209928445));
#12200=CARTESIAN_POINT('',(-8.4,4.99600361081323E-16,14.4));
#12201=CARTESIAN_POINT('Ctrl Pts',(-8.57893239960143,5.66402204790548E-16,
14.7676209928445));
#12202=CARTESIAN_POINT('Ctrl Pts',(-8.57409193493661,5.63905024372775E-16,
14.7370595017353));
#12203=CARTESIAN_POINT('Ctrl Pts',(-8.56563195993518,5.63021756590778E-16,
14.7193262646726));
#12204=CARTESIAN_POINT('Ctrl Pts',(-8.5505550536387,5.59905027989035E-16,
14.6980746571379));
#12205=CARTESIAN_POINT('Ctrl Pts',(-8.51359170885038,5.52263890500191E-16,
14.6459730866192));
#12206=CARTESIAN_POINT('Ctrl Pts',(-8.4,5.23281835439792E-16,14.5543132980033));
#12207=CARTESIAN_POINT('Ctrl Pts',(-8.4,4.99600361081323E-16,14.4));
#12208=CARTESIAN_POINT('',(-8.57893239960143,4.72529491349885E-16,14.0323790071554));
#12209=CARTESIAN_POINT('Ctrl Pts',(-8.4,4.99600361081323E-16,14.4));
#12210=CARTESIAN_POINT('Ctrl Pts',(-8.4,4.9024017413024E-16,14.3390071202289));
#12211=CARTESIAN_POINT('Ctrl Pts',(-8.41720195595944,4.82303228674807E-16,
14.2806335899467));
#12212=CARTESIAN_POINT('Ctrl Pts',(-8.44301384659683,4.78173376971068E-16,
14.2366771777216));
#12213=CARTESIAN_POINT('Ctrl Pts',(-8.50914357570037,4.67592750458945E-16,
14.1240614195953));
#12214=CARTESIAN_POINT('Ctrl Pts',(-8.56691532395805,4.7606073586954E-16,
14.1082518367008));
#12215=CARTESIAN_POINT('Ctrl Pts',(-8.57893239960143,4.72529491349884E-16,
14.0323790071554));
#12216=CARTESIAN_POINT('',(-8.52235870926212,4.14791372048922E-16,13.6274575140626));
#12217=CARTESIAN_POINT('Ctrl Pts',(-8.57893239960143,4.72529491349883E-16,
14.0323790071554));
#12218=CARTESIAN_POINT('Ctrl Pts',(-8.58377286426625,4.71107109996265E-16,
14.0018175160462));
#12219=CARTESIAN_POINT('Ctrl Pts',(-8.58120682153109,4.70865057648215E-16,
13.9823379293353));
#12220=CARTESIAN_POINT('Ctrl Pts',(-8.57343493943829,4.68313648713343E-16,
13.9574674292396));
#12221=CARTESIAN_POINT('Ctrl Pts',(-8.55438098023724,4.62058478965565E-16,
13.8964935893801));
#12222=CARTESIAN_POINT('Ctrl Pts',(-8.47467327772105,4.32019646149416E-16,
13.7742181816797));
#12223=CARTESIAN_POINT('Ctrl Pts',(-8.52235870926212,4.14791372048922E-16,
13.6274575140626));
#12224=CARTESIAN_POINT('',(-8.80613466815734,4.08475754509618E-16,13.3331223256121));
#12225=CARTESIAN_POINT('Ctrl Pts',(-8.52235870926212,4.1479137204892E-16,
13.6274575140626));
#12226=CARTESIAN_POINT('Ctrl Pts',(-8.54120654564724,4.0798183544728E-16,
13.5694498383088));
#12227=CARTESIAN_POINT('Ctrl Pts',(-8.57560499083419,4.03315448622187E-16,
13.5192490086828));
#12228=CARTESIAN_POINT('Ctrl Pts',(-8.61373683601206,4.02165182274044E-16,
13.4854202892671));
#12229=CARTESIAN_POINT('Ctrl Pts',(-8.71143012889246,3.99218214805898E-16,
13.3987515487896));
#12230=CARTESIAN_POINT('Ctrl Pts',(-8.77125975631902,4.08993009398463E-16,
13.4015681939645));
#12231=CARTESIAN_POINT('Ctrl Pts',(-8.80613466815734,4.08475754509617E-16,
13.3331223256121));
#12232=CARTESIAN_POINT('',(-8.87745751406264,3.65453169019226E-16,12.9305368692688));
#12233=CARTESIAN_POINT('Ctrl Pts',(-8.80613466815734,4.08475754509618E-16,
13.3331223256121));
#12234=CARTESIAN_POINT('Ctrl Pts',(-8.82018224374485,4.08267404817355E-16,
13.3055524061871));
#12235=CARTESIAN_POINT('Ctrl Pts',(-8.82376131541758,4.08690261673547E-16,
13.2862332674975));
#12236=CARTESIAN_POINT('Ctrl Pts',(-8.82405522349756,4.06953922088826E-16,
13.2601783726732));
#12237=CARTESIAN_POINT('Ctrl Pts',(-8.82477578416714,4.02697019679404E-16,
13.1963008077482));
#12238=CARTESIAN_POINT('Ctrl Pts',(-8.78675443326349,3.74541819356354E-16,
13.0553789498118));
#12239=CARTESIAN_POINT('Ctrl Pts',(-8.87745751406264,3.65453169019225E-16,
12.9305368692688));
#12240=CARTESIAN_POINT('',(-9.23829906421162,3.80511020320298E-16,12.7382990642116));
#12241=CARTESIAN_POINT('Ctrl Pts',(-8.87745751406264,3.65453169019226E-16,
12.9305368692688));
#12242=CARTESIAN_POINT('Ctrl Pts',(-8.91330822928697,3.61860847654404E-16,
12.8811925929981));
#12243=CARTESIAN_POINT('Ctrl Pts',(-8.96153600421871,3.60921797914707E-16,
12.8440784710017));
#12244=CARTESIAN_POINT('Ctrl Pts',(-9.00825519325095,3.62863713006721E-16,
12.8236888351503));
#12245=CARTESIAN_POINT('Ctrl Pts',(-9.12794914973166,3.67838874291143E-16,
12.7714508524968));
#12246=CARTESIAN_POINT('Ctrl Pts',(-9.18398011553695,3.77963653065901E-16,
12.7926180128863));
#12247=CARTESIAN_POINT('Ctrl Pts',(-9.23829906421162,3.80511020320298E-16,
12.7382990642116));
#12248=CARTESIAN_POINT('',(-9.43053686926882,1.18632901636157E-16,12.3774575140626));
#12249=CARTESIAN_POINT('Ctrl Pts',(-9.23829906421162,1.85670907667312E-16,
12.7382990642116));
#12250=CARTESIAN_POINT('Ctrl Pts',(-9.26017867614819,1.8274107310516E-16,
12.716419452275));
#12251=CARTESIAN_POINT('Ctrl Pts',(-9.2695525177566,1.7955243648611E-16,
12.699151853506));
#12252=CARTESIAN_POINT('Ctrl Pts',(-9.27788344623864,1.74430329801565E-16,
12.6744629985933));
#12253=CARTESIAN_POINT('Ctrl Pts',(-9.29830799327992,1.61872700822462E-16,
12.6139344897186));
#12254=CARTESIAN_POINT('Ctrl Pts',(-9.30569478872602,1.26988493679373E-16,
12.4681605948616));
#12255=CARTESIAN_POINT('Ctrl Pts',(-9.43053686926882,1.18632901636157E-16,
12.3774575140626));
#12256=CARTESIAN_POINT('',(-9.83312232561208,1.45859807036133E-16,12.3061346681573));
#12257=CARTESIAN_POINT('Ctrl Pts',(-9.43053686926882,1.18632901636157E-16,
12.3774575140626));
#12258=CARTESIAN_POINT('Ctrl Pts',(-9.47988114553947,1.15330324168748E-16,
12.3416067988384));
#12259=CARTESIAN_POINT('Ctrl Pts',(-9.53721737958272,1.16700731387142E-16,
12.3212123733219));
#12260=CARTESIAN_POINT('Ctrl Pts',(-9.58795071273503,1.21119718056672E-16,
12.3162577006549));
#12261=CARTESIAN_POINT('Ctrl Pts',(-9.71792885439924,1.32441104601887E-16,
12.3035638935305));
#12262=CARTESIAN_POINT('Ctrl Pts',(-9.7646764572596,1.46802679145826E-16,
12.3410095799957));
#12263=CARTESIAN_POINT('Ctrl Pts',(-9.83312232561208,1.45859807036134E-16,
12.3061346681573));
#12264=CARTESIAN_POINT('',(-10.1274575140626,1.09032513470633E-16,12.0223587092621));
#12265=CARTESIAN_POINT('Ctrl Pts',(-9.83312232561208,1.45859807036134E-16,
12.3061346681573));
#12266=CARTESIAN_POINT('Ctrl Pts',(-9.86069224503702,1.4548001920207E-16,
12.2920870925698));
#12267=CARTESIAN_POINT('Ctrl Pts',(-9.87494327965301,1.43749339635434E-16,
12.2785613065995));
#12268=CARTESIAN_POINT('Ctrl Pts',(-9.89049573921237,1.40355492238556E-16,
12.2576552087347));
#12269=CARTESIAN_POINT('Ctrl Pts',(-9.92862497565503,1.3203495558312E-16,
12.2064007080857));
#12270=CARTESIAN_POINT('Ctrl Pts',(-9.98069684644535,1.04418368332388E-16,
12.0700441408032));
#12271=CARTESIAN_POINT('Ctrl Pts',(-10.1274575140626,1.09032513470633E-16,
12.0223587092621));
#12272=CARTESIAN_POINT('',(-10.5323790071555,1.67844387747506E-16,12.0789323996014));
#12273=CARTESIAN_POINT('Ctrl Pts',(-10.1274575140626,1.09032513470633E-16,
12.0223587092621));
#12274=CARTESIAN_POINT('Ctrl Pts',(-10.1854651898167,1.10856270744341E-16,
12.0035108728769));
#12275=CARTESIAN_POINT('Ctrl Pts',(-10.2462974128986,1.17198919547504E-16,
12.0018324923063));
#12276=CARTESIAN_POINT('Ctrl Pts',(-10.2960787580422,1.25411480137923E-16,
12.0127977807057));
#12277=CARTESIAN_POINT('Ctrl Pts',(-10.4236179187723,1.46451953876148E-16,
12.040890707395));
#12278=CARTESIAN_POINT('Ctrl Pts',(-10.4565061776101,1.62364146222571E-16,
12.0909494752448));
#12279=CARTESIAN_POINT('Ctrl Pts',(-10.5323790071555,1.67844387747506E-16,
12.0789323996014));
#12280=CARTESIAN_POINT('',(-10.9,1.64832718732694E-16,11.9));
#12281=CARTESIAN_POINT('Ctrl Pts',(-10.5323790071555,1.67844387747506E-16,
12.0789323996014));
#12282=CARTESIAN_POINT('Ctrl Pts',(-10.5629404982646,1.7005182292086E-16,
12.0740919349366));
#12283=CARTESIAN_POINT('Ctrl Pts',(-10.5806737353272,1.69948511380934E-16,
12.0656319599353));
#12284=CARTESIAN_POINT('Ctrl Pts',(-10.6019253428619,1.68615136701264E-16,
12.0505550536389));
#12285=CARTESIAN_POINT('Ctrl Pts',(-10.6540269133807,1.65346164469981E-16,
12.0135917088505));
#12286=CARTESIAN_POINT('Ctrl Pts',(-10.7456867019965,1.47700501087759E-16,
11.9));
#12287=CARTESIAN_POINT('Ctrl Pts',(-10.9,1.64832718732694E-16,11.9));
#12288=CARTESIAN_POINT('',(-11.2676209928446,2.49472645865821E-16,12.0789323996014));
#12289=CARTESIAN_POINT('Ctrl Pts',(-10.9,1.64832718732694E-16,11.9));
#12290=CARTESIAN_POINT('Ctrl Pts',(-10.9609928797712,1.71604288678715E-16,
11.9));
#12291=CARTESIAN_POINT('Ctrl Pts',(-11.0193664100534,1.82298316409959E-16,
11.9172019559595));
#12292=CARTESIAN_POINT('Ctrl Pts',(-11.0633228222786,1.93500548270384E-16,
11.943013846597));
#12293=CARTESIAN_POINT('Ctrl Pts',(-11.175938580405,2.22200521034482E-16,
12.0091435757006));
#12294=CARTESIAN_POINT('Ctrl Pts',(-11.1917481632992,2.38105734929808E-16,
12.066915323958));
#12295=CARTESIAN_POINT('Ctrl Pts',(-11.2676209928446,2.49472645865821E-16,
12.0789323996014));
#12296=CARTESIAN_POINT('',(-11.6725424859374,2.80571404548398E-16,12.0223587092621));
#12297=CARTESIAN_POINT('Ctrl Pts',(-11.2676209928446,2.49472645865822E-16,
12.0789323996014));
#12298=CARTESIAN_POINT('Ctrl Pts',(-11.2981824839537,2.54051224911719E-16,
12.0837728642662));
#12299=CARTESIAN_POINT('Ctrl Pts',(-11.3176620706646,2.55585394251848E-16,
12.0812068215311));
#12300=CARTESIAN_POINT('Ctrl Pts',(-11.3425325707602,2.56443012293199E-16,
12.0734349394383));
#12301=CARTESIAN_POINT('Ctrl Pts',(-11.4035064106198,2.58545594264325E-16,
12.0543809802373));
#12302=CARTESIAN_POINT('Ctrl Pts',(-11.5257818183201,2.52598135227028E-16,
11.974673277721));
#12303=CARTESIAN_POINT('Ctrl Pts',(-11.6725424859374,2.80571404548399E-16,
12.0223587092621));
#12304=CARTESIAN_POINT('',(-11.9668776743879,3.82754238748941E-16,12.3061346681573));
#12305=CARTESIAN_POINT('Ctrl Pts',(-11.6725424859374,2.805714045484E-16,
12.0223587092621));
#12306=CARTESIAN_POINT('Ctrl Pts',(-11.7305501616913,2.91627938720097E-16,
12.0412065456473));
#12307=CARTESIAN_POINT('Ctrl Pts',(-11.7807509913173,3.05626539435369E-16,
12.0756049908343));
#12308=CARTESIAN_POINT('Ctrl Pts',(-11.8145797107331,3.18721890060751E-16,
12.1137368360123));
#12309=CARTESIAN_POINT('Ctrl Pts',(-11.9012484512105,3.52272008552164E-16,
12.2114301288927));
#12310=CARTESIAN_POINT('Ctrl Pts',(-11.8984318060355,3.66613330842187E-16,
12.271259756319));
#12311=CARTESIAN_POINT('Ctrl Pts',(-11.9668776743879,3.82754238748941E-16,
12.3061346681573));
#12312=CARTESIAN_POINT('',(-12.3694631307312,4.44919261951263E-16,12.3774575140626));
#12313=CARTESIAN_POINT('Ctrl Pts',(-11.9668776743879,3.8275423874894E-16,
12.3061346681573));
#12314=CARTESIAN_POINT('Ctrl Pts',(-11.994447593813,3.89255778449553E-16,
12.3201822437449));
#12315=CARTESIAN_POINT('Ctrl Pts',(-12.0137667325026,3.92277253485548E-16,
12.3237613154176));
#12316=CARTESIAN_POINT('Ctrl Pts',(-12.0398216273271,3.95241914618655E-16,
12.3240552234976));
#12317=CARTESIAN_POINT('Ctrl Pts',(-12.1036991922523,4.02510235419275E-16,
12.324775784167));
#12318=CARTESIAN_POINT('Ctrl Pts',(-12.2446210501884,4.08843159455925E-16,
12.2867544332637));
#12319=CARTESIAN_POINT('Ctrl Pts',(-12.3694631307312,4.44919261951263E-16,
12.3774575140626));
#12320=CARTESIAN_POINT('',(-12.5617009357884,5.54642635458002E-16,12.7382990642116));
#12321=CARTESIAN_POINT('Ctrl Pts',(-12.3694631307312,4.44919261951262E-16,
12.3774575140626));
#12322=CARTESIAN_POINT('Ctrl Pts',(-12.4188074070019,4.59178469748518E-16,
12.4133082292869));
#12323=CARTESIAN_POINT('Ctrl Pts',(-12.4559215289982,4.75111362875838E-16,
12.4615360042186));
#12324=CARTESIAN_POINT('Ctrl Pts',(-12.4763111648496,4.88817968106297E-16,
12.5082551932509));
#12325=CARTESIAN_POINT('Ctrl Pts',(-12.5285491475033,5.23934112969636E-16,
12.6279491497317));
#12326=CARTESIAN_POINT('Ctrl Pts',(-12.5073819871137,5.35307715106739E-16,
12.6839801155369));
#12327=CARTESIAN_POINT('Ctrl Pts',(-12.5617009357884,5.54642635458001E-16,
12.7382990642116));
#12328=CARTESIAN_POINT('',(-12.9225424859374,6.41788777579843E-16,12.9305368692688));
#12329=CARTESIAN_POINT('Ctrl Pts',(-12.5617009357884,5.54642635458001E-16,
12.7382990642116));
#12330=CARTESIAN_POINT('Ctrl Pts',(-12.5835805477248,5.62430719808482E-16,
12.7601786761481));
#12331=CARTESIAN_POINT('Ctrl Pts',(-12.6008481464937,5.66643737511947E-16,
12.7695525177565));
#12332=CARTESIAN_POINT('Ctrl Pts',(-12.6255370014063,5.7142524004907E-16,
12.7778834462385));
#12333=CARTESIAN_POINT('Ctrl Pts',(-12.6860655102811,5.83147825797908E-16,
12.7983079932799));
#12334=CARTESIAN_POINT('Ctrl Pts',(-12.8318394051382,6.01141222179605E-16,
12.8056947887257));
#12335=CARTESIAN_POINT('Ctrl Pts',(-12.9225424859374,6.41788777579843E-16,
12.9305368692688));
#12336=CARTESIAN_POINT('',(-12.9938653318427,7.48312202106241E-16,13.3331223256121));
#12337=CARTESIAN_POINT('Ctrl Pts',(-12.9225424859374,6.41788777579841E-16,
12.9305368692688));
#12338=CARTESIAN_POINT('Ctrl Pts',(-12.9583932011618,6.5785486839375E-16,
12.9798811455396));
#12339=CARTESIAN_POINT('Ctrl Pts',(-12.9787876266782,6.74162431342855E-16,
13.0372173795831));
#12340=CARTESIAN_POINT('Ctrl Pts',(-12.9837422993451,6.87138593158925E-16,
13.0879507127355));
#12341=CARTESIAN_POINT('Ctrl Pts',(-12.9964361064693,7.20383351466363E-16,
13.2179288543995));
#12342=CARTESIAN_POINT('Ctrl Pts',(-12.9589904200044,7.27675906028785E-16,
13.2646764572597));
#12343=CARTESIAN_POINT('Ctrl Pts',(-12.9938653318427,7.48312202106241E-16,
13.3331223256121));
#12344=CARTESIAN_POINT('',(-13.2776412907379,8.5190899157384E-16,13.6274575140626));
#12345=CARTESIAN_POINT('Ctrl Pts',(-12.9938653318427,7.48312202106242E-16,
13.3331223256121));
#12346=CARTESIAN_POINT('Ctrl Pts',(-13.0079129074302,7.56624479147629E-16,
13.3606922450369));
#12347=CARTESIAN_POINT('Ctrl Pts',(-13.0214386934005,7.61616639991939E-16,
13.3749432796529));
#12348=CARTESIAN_POINT('Ctrl Pts',(-13.0423447912651,7.67746937150083E-16,
13.3904957392123));
#12349=CARTESIAN_POINT('Ctrl Pts',(-13.093599291914,7.82776299477966E-16,
13.4286249756549));
#12350=CARTESIAN_POINT('Ctrl Pts',(-13.2299558591967,8.10668849199568E-16,
13.4806968464452));
#12351=CARTESIAN_POINT('Ctrl Pts',(-13.2776412907379,8.51908991573839E-16,
13.6274575140626));
#12352=CARTESIAN_POINT('',(-13.2210676003986,9.44805212134912E-16,14.0323790071555));
#12353=CARTESIAN_POINT('Ctrl Pts',(-13.2776412907379,8.51908991573836E-16,
13.6274575140626));
#12354=CARTESIAN_POINT('Ctrl Pts',(-13.2964891271231,8.68209304496454E-16,
13.6854651898166));
#12355=CARTESIAN_POINT('Ctrl Pts',(-13.2981675076936,8.83295239384401E-16,
13.7462974128986));
#12356=CARTESIAN_POINT('Ctrl Pts',(-13.2872022192943,8.94270760657238E-16,
13.7960787580421));
#12357=CARTESIAN_POINT('Ctrl Pts',(-13.259109292605,9.22389903835786E-16,
13.9236179187722));
#12358=CARTESIAN_POINT('Ctrl Pts',(-13.2090505247552,9.24887564772831E-16,
13.9565061776101));
#12359=CARTESIAN_POINT('Ctrl Pts',(-13.2210676003986,9.44805212134913E-16,
14.0323790071555));
#12360=CARTESIAN_POINT('',(-13.4,1.0547118733939E-15,14.4));
#12361=CARTESIAN_POINT('Ctrl Pts',(-13.2210676003986,9.44805212134912E-16,
14.0323790071555));
#12362=CARTESIAN_POINT('Ctrl Pts',(-13.2259080650634,9.52828018275375E-16,
14.0629404982646));
#12363=CARTESIAN_POINT('Ctrl Pts',(-13.2343680400648,9.58110654774697E-16,
14.0806737353273));
#12364=CARTESIAN_POINT('Ctrl Pts',(-13.2494449463611,9.64989670355704E-16,
14.1019253428618));
#12365=CARTESIAN_POINT('Ctrl Pts',(-13.2864082911492,9.81854630562164E-16,
14.1540269133804));
#12366=CARTESIAN_POINT('Ctrl Pts',(-13.4,1.01691601651817E-15,14.2456867019964));
#12367=CARTESIAN_POINT('Ctrl Pts',(-13.4,1.0547118733939E-15,14.4));
#12368=CARTESIAN_POINT('',(-13.2210676003986,1.12488756067511E-15,14.7676209928445));
#12369=CARTESIAN_POINT('Ctrl Pts',(-13.4,1.0547118733939E-15,14.4));
#12370=CARTESIAN_POINT('Ctrl Pts',(-13.4,1.06965082022539E-15,14.4609928797711));
#12371=CARTESIAN_POINT('Ctrl Pts',(-13.3827980440406,1.08203841063543E-15,
14.5193664100532));
#12372=CARTESIAN_POINT('Ctrl Pts',(-13.3569861534033,1.08993893087192E-15,
14.5633228222782));
#12373=CARTESIAN_POINT('Ctrl Pts',(-13.2908564242997,1.11017996126975E-15,
14.6759385804048));
#12374=CARTESIAN_POINT('Ctrl Pts',(-13.233084676042,1.1076382401266E-15,
14.6917481632991));
#12375=CARTESIAN_POINT('Ctrl Pts',(-13.2210676003986,1.12488756067511E-15,
14.7676209928445));
#12376=CARTESIAN_POINT('',(-13.2776412907379,1.23034566395673E-15,15.1725424859374));
#12377=CARTESIAN_POINT('Ctrl Pts',(-13.2210676003986,1.12488756067511E-15,
14.7676209928445));
#12378=CARTESIAN_POINT('Ctrl Pts',(-13.2162271357338,1.13183556775144E-15,
14.7981824839537));
#12379=CARTESIAN_POINT('Ctrl Pts',(-13.2187931784689,1.13689157863888E-15,
14.8176620706646));
#12380=CARTESIAN_POINT('Ctrl Pts',(-13.2265650605617,1.14384594666881E-15,
14.8425325707603));
#12381=CARTESIAN_POINT('Ctrl Pts',(-13.2456190197627,1.16089564494386E-15,
14.9035064106199));
#12382=CARTESIAN_POINT('Ctrl Pts',(-13.325326722279,1.19969381438974E-15,
15.0257818183201));
#12383=CARTESIAN_POINT('Ctrl Pts',(-13.2776412907379,1.23034566395673E-15,
15.1725424859374));
#12384=CARTESIAN_POINT('',(-12.9938653318427,1.27093153274421E-15,15.4668776743879));
#12385=CARTESIAN_POINT('Ctrl Pts',(-13.2776412907379,1.23034566395673E-15,
15.1725424859374));
#12386=CARTESIAN_POINT('Ctrl Pts',(-13.2587934543527,1.24246091649548E-15,
15.2305501616913));
#12387=CARTESIAN_POINT('Ctrl Pts',(-13.2243950091658,1.25093757876887E-15,
15.2807509913171));
#12388=CARTESIAN_POINT('Ctrl Pts',(-13.1862631639878,1.25498974000214E-15,
15.314579710733));
#12389=CARTESIAN_POINT('Ctrl Pts',(-13.0885698711073,1.26537132453636E-15,
15.4012484512106));
#12390=CARTESIAN_POINT('Ctrl Pts',(-13.028740243681,1.25803902268767E-15,
15.3984318060355));
#12391=CARTESIAN_POINT('Ctrl Pts',(-12.9938653318427,1.27093153274421E-15,
15.4668776743879));
#12392=CARTESIAN_POINT('',(-12.9225424859374,1.36161810412944E-15,15.8694631307312));
#12393=CARTESIAN_POINT('Ctrl Pts',(-12.9938653318427,1.27093153274421E-15,
15.4668776743879));
#12394=CARTESIAN_POINT('Ctrl Pts',(-12.9798177562551,1.27612462141414E-15,
15.4944475938129));
#12395=CARTESIAN_POINT('Ctrl Pts',(-12.9762386845824,1.28045908911673E-15,
15.5137667325024));
#12396=CARTESIAN_POINT('Ctrl Pts',(-12.9759447765024,1.28680806759884E-15,
15.5398216273268));
#12397=CARTESIAN_POINT('Ctrl Pts',(-12.9752242158329,1.30237356068306E-15,
15.6036991922521));
#12398=CARTESIAN_POINT('Ctrl Pts',(-13.0132455667365,1.34111067847077E-15,
15.7446210501882));
#12399=CARTESIAN_POINT('Ctrl Pts',(-12.9225424859374,1.36161810412944E-15,
15.8694631307312));
#12400=CARTESIAN_POINT('',(-12.5617009357884,1.36864132680792E-15,16.0617009357884));
#12401=CARTESIAN_POINT('Ctrl Pts',(-12.9225424859374,1.36161810412944E-15,
15.8694631307312));
#12402=CARTESIAN_POINT('Ctrl Pts',(-12.886691770713,1.36972373704507E-15,
15.918807407002));
#12403=CARTESIAN_POINT('Ctrl Pts',(-12.838463995781,1.37345971641814E-15,
15.9559215289985));
#12404=CARTESIAN_POINT('Ctrl Pts',(-12.7917448067488,1.37326686487354E-15,
15.9763111648498));
#12405=CARTESIAN_POINT('Ctrl Pts',(-12.6720508502684,1.37277278171706E-15,
16.0285491475031));
#12406=CARTESIAN_POINT('Ctrl Pts',(-12.616019884463,1.36136763595508E-15,
16.0073819871137));
#12407=CARTESIAN_POINT('Ctrl Pts',(-12.5617009357884,1.36864132680792E-15,
16.0617009357884));
#12408=CARTESIAN_POINT('',(-12.3694631307312,1.19789691541097E-15,16.4225424859374));
#12409=CARTESIAN_POINT('Ctrl Pts',(-12.5617009357884,1.17380121415493E-15,
16.0617009357884));
#12410=CARTESIAN_POINT('Ctrl Pts',(-12.5398213238519,1.1727751374663E-15,
16.0835805477248));
#12411=CARTESIAN_POINT('Ctrl Pts',(-12.5304474822435,1.17172876358116E-15,
16.1008481464939));
#12412=CARTESIAN_POINT('Ctrl Pts',(-12.5221165537615,1.17248006879942E-15,
16.1255370014063));
#12413=CARTESIAN_POINT('Ctrl Pts',(-12.5016920067202,1.1743220086031E-15,
16.1860655102809));
#12414=CARTESIAN_POINT('Ctrl Pts',(-12.4943052112743,1.19783754925658E-15,
16.3318394051381));
#12415=CARTESIAN_POINT('Ctrl Pts',(-12.3694631307312,1.19789691541097E-15,
16.4225424859374));
#12416=CARTESIAN_POINT('',(-11.9668776743879,1.16293956266909E-15,16.4938653318427));
#12417=CARTESIAN_POINT('Ctrl Pts',(-12.3694631307312,1.19789691541097E-15,
16.4225424859374));
#12418=CARTESIAN_POINT('Ctrl Pts',(-12.3201188544605,1.1979203800946E-15,
16.4583932011617));
#12419=CARTESIAN_POINT('Ctrl Pts',(-12.2627826204171,1.19504017201763E-15,
16.4787876266781));
#12420=CARTESIAN_POINT('Ctrl Pts',(-12.2120492872648,1.1901961636648E-15,
16.4837422993451));
#12421=CARTESIAN_POINT('Ctrl Pts',(-12.0820711456008,1.17778587707835E-15,
16.4964361064694));
#12422=CARTESIAN_POINT('Ctrl Pts',(-12.0353235427404,1.16830219801132E-15,
16.4589904200044));
#12423=CARTESIAN_POINT('Ctrl Pts',(-11.9668776743879,1.16293956266909E-15,
16.4938653318427));
#12424=CARTESIAN_POINT('',(-11.6725424859374,1.16574972456721E-15,16.7776412907379));
#12425=CARTESIAN_POINT('Ctrl Pts',(-11.9668776743879,1.16293956266909E-15,
16.4938653318427));
#12426=CARTESIAN_POINT('Ctrl Pts',(-11.939307754963,1.16077949913494E-15,
16.5079129074302));
#12427=CARTESIAN_POINT('Ctrl Pts',(-11.9250567203469,1.15921203458723E-15,
16.5214386934007));
#12428=CARTESIAN_POINT('Ctrl Pts',(-11.9095042607876,1.15890476244963E-15,
16.5423447912653));
#12429=CARTESIAN_POINT('Ctrl Pts',(-11.8713750243452,1.15815143774611E-15,
16.593599291914));
#12430=CARTESIAN_POINT('Ctrl Pts',(-11.8193031535547,1.17472545376838E-15,
16.7299558591967));
#12431=CARTESIAN_POINT('Ctrl Pts',(-11.6725424859374,1.16574972456721E-15,
16.7776412907379));
#12432=CARTESIAN_POINT('',(-11.2676209928445,1.1143147396331E-15,16.7210676003986));
#12433=CARTESIAN_POINT('Ctrl Pts',(-11.6725424859374,1.16574972456721E-15,
16.7776412907379));
#12434=CARTESIAN_POINT('Ctrl Pts',(-11.6145348101834,1.16220203568292E-15,
16.796489127123));
#12435=CARTESIAN_POINT('Ctrl Pts',(-11.5537025871016,1.15578450462346E-15,
16.7981675076937));
#12436=CARTESIAN_POINT('Ctrl Pts',(-11.5039212419579,1.14851256829755E-15,
16.7872022192943));
#12437=CARTESIAN_POINT('Ctrl Pts',(-11.3763820812275,1.12988196172767E-15,
16.759109292605));
#12438=CARTESIAN_POINT('Ctrl Pts',(-11.3434938223899,1.12196771095219E-15,
16.7090505247552));
#12439=CARTESIAN_POINT('Ctrl Pts',(-11.2676209928445,1.1143147396331E-15,
16.7210676003986));
#12440=CARTESIAN_POINT('',(-10.9,1.09556428394717E-15,16.9));
#12441=CARTESIAN_POINT('Ctrl Pts',(-11.2676209928445,1.1143147396331E-15,
16.7210676003986));
#12442=CARTESIAN_POINT('Ctrl Pts',(-11.2370595017354,1.11123213132221E-15,
16.7259080650634));
#12443=CARTESIAN_POINT('Ctrl Pts',(-11.2193262646729,1.10929701046301E-15,
16.7343680400647));
#12444=CARTESIAN_POINT('Ctrl Pts',(-11.1980746571382,1.10796123890728E-15,
16.7494449463611));
#12445=CARTESIAN_POINT('Ctrl Pts',(-11.1459730866192,1.10468639036726E-15,
16.7864082911496));
#12446=CARTESIAN_POINT('Ctrl Pts',(-11.0543132980035,1.11269650159211E-15,
16.9));
#12447=CARTESIAN_POINT('Ctrl Pts',(-10.9,1.09556428394717E-15,16.9));
#12448=CARTESIAN_POINT('',(-10.5323790071555,1.03268648151478E-15,16.7210676003986));
#12449=CARTESIAN_POINT('Ctrl Pts',(-10.9,1.09556428394717E-15,16.9));
#12450=CARTESIAN_POINT('Ctrl Pts',(-10.8390071202288,1.08879271400115E-15,
16.9));
#12451=CARTESIAN_POINT('Ctrl Pts',(-10.7806335899466,1.07946605261285E-15,
16.8827980440405));
#12452=CARTESIAN_POINT('Ctrl Pts',(-10.7366771777215,1.07047801610803E-15,
16.8569861534031));
#12453=CARTESIAN_POINT('Ctrl Pts',(-10.6240614195951,1.04745078313291E-15,
16.7908564242995));
#12454=CARTESIAN_POINT('Ctrl Pts',(-10.6082518367008,1.04188066265664E-15,
16.733084676042));
#12455=CARTESIAN_POINT('Ctrl Pts',(-10.5323790071555,1.03268648151478E-15,
16.7210676003986));
#12456=CARTESIAN_POINT('',(-10.1274575140626,9.94210833489448E-16,16.7776412907379));
#12457=CARTESIAN_POINT('Ctrl Pts',(-10.5323790071555,1.03268648151478E-15,
16.7210676003986));
#12458=CARTESIAN_POINT('Ctrl Pts',(-10.5018175160463,1.02898307560641E-15,
16.7162271357338));
#12459=CARTESIAN_POINT('Ctrl Pts',(-10.4823379293354,1.02686972154824E-15,
16.7187931784689));
#12460=CARTESIAN_POINT('Ctrl Pts',(-10.4574674292396,1.02463620520108E-15,
16.7265650605617));
#12461=CARTESIAN_POINT('Ctrl Pts',(-10.3964935893801,1.01916039781679E-15,
16.7456190197627));
#12462=CARTESIAN_POINT('Ctrl Pts',(-10.2742181816798,1.01782251874787E-15,
16.825326722279));
#12463=CARTESIAN_POINT('Ctrl Pts',(-10.1274575140626,9.94210833489448E-16,
16.7776412907379));
#12464=CARTESIAN_POINT('',(-9.83312232561207,9.26045130956282E-16,16.4938653318427));
#12465=CARTESIAN_POINT('Ctrl Pts',(-10.1274575140626,9.94210833489449E-16,
16.7776412907379));
#12466=CARTESIAN_POINT('Ctrl Pts',(-10.0694498383087,9.84878230928327E-16,
16.7587934543527));
#12467=CARTESIAN_POINT('Ctrl Pts',(-10.0192490086826,9.73555397810559E-16,
16.7243950091657));
#12468=CARTESIAN_POINT('Ctrl Pts',(-9.98542028926691,9.6373107276325E-16,
16.6862631639877));
#12469=CARTESIAN_POINT('Ctrl Pts',(-9.89875154878962,9.38561279386623E-16,
16.5885698711074));
#12470=CARTESIAN_POINT('Ctrl Pts',(-9.90156819396445,9.35880531411106E-16,
16.5287402436809));
#12471=CARTESIAN_POINT('Ctrl Pts',(-9.83312232561207,9.26045130956283E-16,
16.4938653318427));
#12472=CARTESIAN_POINT('',(-9.43053686926881,8.71610555095862E-16,16.4225424859374));
#12473=CARTESIAN_POINT('Ctrl Pts',(-9.83312232561207,9.26045130956283E-16,
16.4938653318427));
#12474=CARTESIAN_POINT('Ctrl Pts',(-9.80555240618706,9.22083442623889E-16,
16.4798177562551));
#12475=CARTESIAN_POINT('Ctrl Pts',(-9.78623326749756,9.19998725186563E-16,
16.4762386845824));
#12476=CARTESIAN_POINT('Ctrl Pts',(-9.76017837267303,9.1708609618987E-16,
16.4759447765024));
#12477=CARTESIAN_POINT('Ctrl Pts',(-9.69630080774772,9.09945340140288E-16,
16.4752242158329));
#12478=CARTESIAN_POINT('Ctrl Pts',(-9.55537894981167,8.99390431702402E-16,
16.5132455667364));
#12479=CARTESIAN_POINT('Ctrl Pts',(-9.43053686926881,8.71610555095862E-16,
16.4225424859374));
#12480=CARTESIAN_POINT('',(-9.23829906421161,8.04829486364239E-16,16.0617009357884));
#12481=CARTESIAN_POINT('Ctrl Pts',(-9.43053686926881,8.71610555095862E-16,
16.4225424859374));
#12482=CARTESIAN_POINT('Ctrl Pts',(-9.38119259299815,8.60630460082404E-16,
16.3866917707131));
#12483=CARTESIAN_POINT('Ctrl Pts',(-9.34407847100179,8.48419813031554E-16,
16.3384639957814));
#12484=CARTESIAN_POINT('Ctrl Pts',(-9.32368883515039,8.38720872827487E-16,
16.2917448067492));
#12485=CARTESIAN_POINT('Ctrl Pts',(-9.27145085249675,8.13872313793306E-16,
16.1720508502684));
#12486=CARTESIAN_POINT('Ctrl Pts',(-9.29261801288628,8.14343348608249E-16,
16.116019884463));
#12487=CARTESIAN_POINT('Ctrl Pts',(-9.23829906421162,8.04829486364242E-16,
16.0617009357884));
#12488=CARTESIAN_POINT('Ctrl Pts',(-9.23829906421161,8.04829486364239E-16,
16.0617009357884));
#12489=CARTESIAN_POINT('Ctrl Pts',(-9.21641945227511,8.00997313264516E-16,
16.0398213238519));
#12490=CARTESIAN_POINT('Ctrl Pts',(-9.19915185350621,7.99145299115872E-16,
16.0304474822435));
#12491=CARTESIAN_POINT('Ctrl Pts',(-9.17446299859355,7.95838665889334E-16,
16.0221165537614));
#12492=CARTESIAN_POINT('Ctrl Pts',(-9.11393448971869,7.87731948129182E-16,
16.0016920067201));
#12493=CARTESIAN_POINT('Ctrl Pts',(-8.96816059486176,7.68993198300591E-16,
15.9943052112741));
#12494=CARTESIAN_POINT('Ctrl Pts',(-8.87745751406263,7.39764418221947E-16,
15.8694631307312));
#12495=CARTESIAN_POINT('',(-11.9,8.88178610142423E-16,14.4));
#12496=CARTESIAN_POINT('Origin',(-10.9,7.77156307679907E-16,14.4));
#12497=CARTESIAN_POINT('Origin',(-10.9,7.77156307679907E-16,14.4));
#12498=CARTESIAN_POINT('',(-11.9,7.77156307679907E-16,14.4));
#12499=CARTESIAN_POINT('Origin',(-10.9,-5.,14.4));
#12500=CARTESIAN_POINT('Ctrl Pts',(-8.80613466815733,6.80904979590383E-16,
15.4668776743879));
#12501=CARTESIAN_POINT('Ctrl Pts',(-8.80613466815733,3.,15.4668776743879));
#12502=CARTESIAN_POINT('Ctrl Pts',(-8.84100957999565,6.89166020500178E-16,
15.5353235427404));
#12503=CARTESIAN_POINT('Ctrl Pts',(-8.84100957999565,3.,15.5353235427404));
#12504=CARTESIAN_POINT('Ctrl Pts',(-8.80356389353062,6.85589311064304E-16,
15.5820711456007));
#12505=CARTESIAN_POINT('Ctrl Pts',(-8.80356389353062,3.,15.5820711456007));
#12506=CARTESIAN_POINT('Ctrl Pts',(-8.81625770065491,7.07684285667658E-16,
15.7120492872647));
#12507=CARTESIAN_POINT('Ctrl Pts',(-8.81625770065491,3.,15.7120492872647));
#12508=CARTESIAN_POINT('Ctrl Pts',(-8.82121237332189,7.16308441184838E-16,
15.7627826204171));
#12509=CARTESIAN_POINT('Ctrl Pts',(-8.82121237332189,3.,15.7627826204171));
#12510=CARTESIAN_POINT('Ctrl Pts',(-8.84160679883831,7.28211638958859E-16,
15.8201188544604));
#12511=CARTESIAN_POINT('Ctrl Pts',(-8.84160679883831,3.,15.8201188544604));
#12512=CARTESIAN_POINT('Ctrl Pts',(-8.87745751406263,7.39764418221946E-16,
15.8694631307312));
#12513=CARTESIAN_POINT('Ctrl Pts',(-8.87745751406263,3.,15.8694631307312));
#12514=CARTESIAN_POINT('',(-8.87745751406263,3.,15.8694631307312));
#12515=CARTESIAN_POINT('',(-8.87745751406263,7.39764418221946E-16,15.8694631307312));
#12516=CARTESIAN_POINT('',(-8.80613466815733,3.,15.4668776743879));
#12517=CARTESIAN_POINT('Ctrl Pts',(-8.80613466815733,3.,15.4668776743879));
#12518=CARTESIAN_POINT('Ctrl Pts',(-8.84100957999565,3.,15.5353235427404));
#12519=CARTESIAN_POINT('Ctrl Pts',(-8.80356389353062,3.,15.5820711456007));
#12520=CARTESIAN_POINT('Ctrl Pts',(-8.81625770065491,3.,15.7120492872647));
#12521=CARTESIAN_POINT('Ctrl Pts',(-8.82121237332189,3.,15.7627826204171));
#12522=CARTESIAN_POINT('Ctrl Pts',(-8.84160679883831,3.,15.8201188544604));
#12523=CARTESIAN_POINT('Ctrl Pts',(-8.87745751406263,3.,15.8694631307312));
#12524=CARTESIAN_POINT('',(-8.80613466815733,6.80904979590383E-16,15.4668776743879));
#12525=CARTESIAN_POINT('Ctrl Pts',(-8.52235870926212,6.1157844137097E-16,
15.1725424859374));
#12526=CARTESIAN_POINT('Ctrl Pts',(-8.52235870926212,3.,15.1725424859374));
#12527=CARTESIAN_POINT('Ctrl Pts',(-8.57004414080323,6.39395008278697E-16,
15.3193031535545));
#12528=CARTESIAN_POINT('Ctrl Pts',(-8.57004414080323,3.,15.3193031535545));
#12529=CARTESIAN_POINT('Ctrl Pts',(-8.70640070808574,6.6448332010421E-16,
15.371375024345));
#12530=CARTESIAN_POINT('Ctrl Pts',(-8.70640070808574,3.,15.371375024345));
#12531=CARTESIAN_POINT('Ctrl Pts',(-8.75765520873461,6.7276245755775E-16,
15.4095042607875));
#12532=CARTESIAN_POINT('Ctrl Pts',(-8.75765520873461,3.,15.4095042607875));
#12533=CARTESIAN_POINT('Ctrl Pts',(-8.77856130659936,6.76139418715275E-16,
15.4250567203469));
#12534=CARTESIAN_POINT('Ctrl Pts',(-8.77856130659936,3.,15.4250567203469));
#12535=CARTESIAN_POINT('Ctrl Pts',(-8.79208709256979,6.77577441526631E-16,
15.4393077549629));
#12536=CARTESIAN_POINT('Ctrl Pts',(-8.79208709256979,3.,15.4393077549629));
#12537=CARTESIAN_POINT('Ctrl Pts',(-8.80613466815734,6.80904979590385E-16,
15.4668776743879));
#12538=CARTESIAN_POINT('Ctrl Pts',(-8.80613466815734,3.,15.4668776743879));
#12539=CARTESIAN_POINT('',(-8.52235870926212,3.,15.1725424859374));
#12540=CARTESIAN_POINT('Ctrl Pts',(-8.52235870926212,3.,15.1725424859374));
#12541=CARTESIAN_POINT('Ctrl Pts',(-8.57004414080323,3.,15.3193031535545));
#12542=CARTESIAN_POINT('Ctrl Pts',(-8.70640070808574,3.,15.371375024345));
#12543=CARTESIAN_POINT('Ctrl Pts',(-8.75765520873461,3.,15.4095042607875));
#12544=CARTESIAN_POINT('Ctrl Pts',(-8.77856130659936,3.,15.4250567203469));
#12545=CARTESIAN_POINT('Ctrl Pts',(-8.79208709256979,3.,15.4393077549629));
#12546=CARTESIAN_POINT('Ctrl Pts',(-8.80613466815734,3.,15.4668776743879));
#12547=CARTESIAN_POINT('',(-8.52235870926212,6.11578441370969E-16,15.1725424859374));
#12548=CARTESIAN_POINT('Ctrl Pts',(-8.57893239960143,5.66402204790548E-16,
14.7676209928445));
#12549=CARTESIAN_POINT('Ctrl Pts',(-8.57893239960143,3.,14.7676209928445));
#12550=CARTESIAN_POINT('Ctrl Pts',(-8.59094947524482,5.72601776123798E-16,
14.8434938223899));
#12551=CARTESIAN_POINT('Ctrl Pts',(-8.59094947524482,3.,14.8434938223899));
#12552=CARTESIAN_POINT('Ctrl Pts',(-8.54089070739499,5.66269505307008E-16,
14.8763820812277));
#12553=CARTESIAN_POINT('Ctrl Pts',(-8.54089070739499,3.,14.8763820812277));
#12554=CARTESIAN_POINT('Ctrl Pts',(-8.51279778070568,5.83448085420628E-16,
15.0039212419579));
#12555=CARTESIAN_POINT('Ctrl Pts',(-8.51279778070568,3.,15.0039212419579));
#12556=CARTESIAN_POINT('Ctrl Pts',(-8.50183249230635,5.90153263820867E-16,
15.0537025871015));
#12557=CARTESIAN_POINT('Ctrl Pts',(-8.50183249230635,3.,15.0537025871015));
#12558=CARTESIAN_POINT('Ctrl Pts',(-8.50351087287697,6.00583844385484E-16,
15.1145348101834));
#12559=CARTESIAN_POINT('Ctrl Pts',(-8.50351087287697,3.,15.1145348101834));
#12560=CARTESIAN_POINT('Ctrl Pts',(-8.52235870926212,6.11578441370968E-16,
15.1725424859374));
#12561=CARTESIAN_POINT('Ctrl Pts',(-8.52235870926212,3.,15.1725424859374));
#12562=CARTESIAN_POINT('',(-8.57893239960143,3.,14.7676209928445));
#12563=CARTESIAN_POINT('Ctrl Pts',(-8.57893239960143,3.,14.7676209928445));
#12564=CARTESIAN_POINT('Ctrl Pts',(-8.59094947524482,3.,14.8434938223899));
#12565=CARTESIAN_POINT('Ctrl Pts',(-8.54089070739499,3.,14.8763820812277));
#12566=CARTESIAN_POINT('Ctrl Pts',(-8.51279778070568,3.,15.0039212419579));
#12567=CARTESIAN_POINT('Ctrl Pts',(-8.50183249230635,3.,15.0537025871015));
#12568=CARTESIAN_POINT('Ctrl Pts',(-8.50351087287697,3.,15.1145348101834));
#12569=CARTESIAN_POINT('Ctrl Pts',(-8.52235870926212,3.,15.1725424859374));
#12570=CARTESIAN_POINT('',(-8.57893239960143,5.66402204790548E-16,14.7676209928445));
#12571=CARTESIAN_POINT('Ctrl Pts',(-8.4,4.99600361081323E-16,14.4));
#12572=CARTESIAN_POINT('Ctrl Pts',(-8.4,3.,14.4));
#12573=CARTESIAN_POINT('Ctrl Pts',(-8.4,5.23281835439792E-16,14.5543132980033));
#12574=CARTESIAN_POINT('Ctrl Pts',(-8.4,3.,14.5543132980033));
#12575=CARTESIAN_POINT('Ctrl Pts',(-8.51359170885038,5.52263890500191E-16,
14.6459730866192));
#12576=CARTESIAN_POINT('Ctrl Pts',(-8.51359170885038,3.,14.6459730866192));
#12577=CARTESIAN_POINT('Ctrl Pts',(-8.5505550536387,5.59905027989035E-16,
14.6980746571379));
#12578=CARTESIAN_POINT('Ctrl Pts',(-8.5505550536387,3.,14.6980746571379));
#12579=CARTESIAN_POINT('Ctrl Pts',(-8.56563195993518,5.63021756590778E-16,
14.7193262646726));
#12580=CARTESIAN_POINT('Ctrl Pts',(-8.56563195993518,3.,14.7193262646726));
#12581=CARTESIAN_POINT('Ctrl Pts',(-8.57409193493661,5.63905024372775E-16,
14.7370595017353));
#12582=CARTESIAN_POINT('Ctrl Pts',(-8.57409193493661,3.,14.7370595017353));
#12583=CARTESIAN_POINT('Ctrl Pts',(-8.57893239960143,5.66402204790548E-16,
14.7676209928445));
#12584=CARTESIAN_POINT('Ctrl Pts',(-8.57893239960143,3.,14.7676209928445));
#12585=CARTESIAN_POINT('',(-8.4,3.,14.4));
#12586=CARTESIAN_POINT('Ctrl Pts',(-8.4,3.,14.4));
#12587=CARTESIAN_POINT('Ctrl Pts',(-8.4,3.,14.5543132980033));
#12588=CARTESIAN_POINT('Ctrl Pts',(-8.51359170885038,3.,14.6459730866192));
#12589=CARTESIAN_POINT('Ctrl Pts',(-8.5505550536387,3.,14.6980746571379));
#12590=CARTESIAN_POINT('Ctrl Pts',(-8.56563195993518,3.,14.7193262646726));
#12591=CARTESIAN_POINT('Ctrl Pts',(-8.57409193493661,3.,14.7370595017353));
#12592=CARTESIAN_POINT('Ctrl Pts',(-8.57893239960143,3.,14.7676209928445));
#12593=CARTESIAN_POINT('',(-8.4,4.99600361081323E-16,14.4));
#12594=CARTESIAN_POINT('Ctrl Pts',(-8.57893239960143,4.72529491349884E-16,
14.0323790071554));
#12595=CARTESIAN_POINT('Ctrl Pts',(-8.57893239960143,3.,14.0323790071554));
#12596=CARTESIAN_POINT('Ctrl Pts',(-8.56691532395805,4.7606073586954E-16,
14.1082518367008));
#12597=CARTESIAN_POINT('Ctrl Pts',(-8.56691532395805,3.,14.1082518367008));
#12598=CARTESIAN_POINT('Ctrl Pts',(-8.50914357570037,4.67592750458945E-16,
14.1240614195953));
#12599=CARTESIAN_POINT('Ctrl Pts',(-8.50914357570037,3.,14.1240614195953));
#12600=CARTESIAN_POINT('Ctrl Pts',(-8.44301384659683,4.78173376971068E-16,
14.2366771777216));
#12601=CARTESIAN_POINT('Ctrl Pts',(-8.44301384659683,3.,14.2366771777216));
#12602=CARTESIAN_POINT('Ctrl Pts',(-8.41720195595944,4.82303228674807E-16,
14.2806335899467));
#12603=CARTESIAN_POINT('Ctrl Pts',(-8.41720195595944,3.,14.2806335899467));
#12604=CARTESIAN_POINT('Ctrl Pts',(-8.4,4.9024017413024E-16,14.3390071202289));
#12605=CARTESIAN_POINT('Ctrl Pts',(-8.4,3.,14.3390071202289));
#12606=CARTESIAN_POINT('Ctrl Pts',(-8.4,4.99600361081323E-16,14.4));
#12607=CARTESIAN_POINT('Ctrl Pts',(-8.4,3.,14.4));
#12608=CARTESIAN_POINT('',(-8.57893239960143,3.,14.0323790071554));
#12609=CARTESIAN_POINT('Ctrl Pts',(-8.57893239960143,3.,14.0323790071554));
#12610=CARTESIAN_POINT('Ctrl Pts',(-8.56691532395805,3.,14.1082518367008));
#12611=CARTESIAN_POINT('Ctrl Pts',(-8.50914357570037,3.,14.1240614195953));
#12612=CARTESIAN_POINT('Ctrl Pts',(-8.44301384659683,3.,14.2366771777216));
#12613=CARTESIAN_POINT('Ctrl Pts',(-8.41720195595944,3.,14.2806335899467));
#12614=CARTESIAN_POINT('Ctrl Pts',(-8.4,3.,14.3390071202289));
#12615=CARTESIAN_POINT('Ctrl Pts',(-8.4,3.,14.4));
#12616=CARTESIAN_POINT('',(-8.57893239960143,4.72529491349885E-16,14.0323790071554));
#12617=CARTESIAN_POINT('Ctrl Pts',(-8.52235870926212,4.14791372048922E-16,
13.6274575140626));
#12618=CARTESIAN_POINT('Ctrl Pts',(-8.52235870926212,3.,13.6274575140626));
#12619=CARTESIAN_POINT('Ctrl Pts',(-8.47467327772105,4.32019646149416E-16,
13.7742181816797));
#12620=CARTESIAN_POINT('Ctrl Pts',(-8.47467327772105,3.,13.7742181816797));
#12621=CARTESIAN_POINT('Ctrl Pts',(-8.55438098023724,4.62058478965565E-16,
13.8964935893801));
#12622=CARTESIAN_POINT('Ctrl Pts',(-8.55438098023724,3.,13.8964935893801));
#12623=CARTESIAN_POINT('Ctrl Pts',(-8.57343493943829,4.68313648713343E-16,
13.9574674292396));
#12624=CARTESIAN_POINT('Ctrl Pts',(-8.57343493943829,3.,13.9574674292396));
#12625=CARTESIAN_POINT('Ctrl Pts',(-8.58120682153109,4.70865057648215E-16,
13.9823379293353));
#12626=CARTESIAN_POINT('Ctrl Pts',(-8.58120682153109,3.,13.9823379293353));
#12627=CARTESIAN_POINT('Ctrl Pts',(-8.58377286426625,4.71107109996265E-16,
14.0018175160462));
#12628=CARTESIAN_POINT('Ctrl Pts',(-8.58377286426625,3.,14.0018175160462));
#12629=CARTESIAN_POINT('Ctrl Pts',(-8.57893239960143,4.72529491349883E-16,
14.0323790071554));
#12630=CARTESIAN_POINT('Ctrl Pts',(-8.57893239960143,3.,14.0323790071554));
#12631=CARTESIAN_POINT('',(-8.52235870926212,3.,13.6274575140626));
#12632=CARTESIAN_POINT('Ctrl Pts',(-8.52235870926212,3.,13.6274575140626));
#12633=CARTESIAN_POINT('Ctrl Pts',(-8.47467327772105,3.,13.7742181816797));
#12634=CARTESIAN_POINT('Ctrl Pts',(-8.55438098023724,3.,13.8964935893801));
#12635=CARTESIAN_POINT('Ctrl Pts',(-8.57343493943829,3.,13.9574674292396));
#12636=CARTESIAN_POINT('Ctrl Pts',(-8.58120682153109,3.,13.9823379293353));
#12637=CARTESIAN_POINT('Ctrl Pts',(-8.58377286426625,3.,14.0018175160462));
#12638=CARTESIAN_POINT('Ctrl Pts',(-8.57893239960143,3.,14.0323790071554));
#12639=CARTESIAN_POINT('',(-8.52235870926212,4.14791372048922E-16,13.6274575140626));
#12640=CARTESIAN_POINT('Ctrl Pts',(-8.80613466815734,4.08475754509617E-16,
13.3331223256121));
#12641=CARTESIAN_POINT('Ctrl Pts',(-8.80613466815734,3.,13.3331223256121));
#12642=CARTESIAN_POINT('Ctrl Pts',(-8.77125975631902,4.08993009398463E-16,
13.4015681939645));
#12643=CARTESIAN_POINT('Ctrl Pts',(-8.77125975631902,3.,13.4015681939645));
#12644=CARTESIAN_POINT('Ctrl Pts',(-8.71143012889246,3.99218214805898E-16,
13.3987515487896));
#12645=CARTESIAN_POINT('Ctrl Pts',(-8.71143012889246,3.,13.3987515487896));
#12646=CARTESIAN_POINT('Ctrl Pts',(-8.61373683601206,4.02165182274044E-16,
13.4854202892671));
#12647=CARTESIAN_POINT('Ctrl Pts',(-8.61373683601206,3.,13.4854202892671));
#12648=CARTESIAN_POINT('Ctrl Pts',(-8.57560499083419,4.03315448622187E-16,
13.5192490086828));
#12649=CARTESIAN_POINT('Ctrl Pts',(-8.57560499083419,3.,13.5192490086828));
#12650=CARTESIAN_POINT('Ctrl Pts',(-8.54120654564724,4.0798183544728E-16,
13.5694498383088));
#12651=CARTESIAN_POINT('Ctrl Pts',(-8.54120654564724,3.,13.5694498383088));
#12652=CARTESIAN_POINT('Ctrl Pts',(-8.52235870926212,4.1479137204892E-16,
13.6274575140626));
#12653=CARTESIAN_POINT('Ctrl Pts',(-8.52235870926212,3.,13.6274575140626));
#12654=CARTESIAN_POINT('',(-8.80613466815734,3.,13.3331223256121));
#12655=CARTESIAN_POINT('Ctrl Pts',(-8.80613466815734,3.,13.3331223256121));
#12656=CARTESIAN_POINT('Ctrl Pts',(-8.77125975631902,3.,13.4015681939645));
#12657=CARTESIAN_POINT('Ctrl Pts',(-8.71143012889246,3.,13.3987515487896));
#12658=CARTESIAN_POINT('Ctrl Pts',(-8.61373683601206,3.,13.4854202892671));
#12659=CARTESIAN_POINT('Ctrl Pts',(-8.57560499083419,3.,13.5192490086828));
#12660=CARTESIAN_POINT('Ctrl Pts',(-8.54120654564724,3.,13.5694498383088));
#12661=CARTESIAN_POINT('Ctrl Pts',(-8.52235870926212,3.,13.6274575140626));
#12662=CARTESIAN_POINT('',(-8.80613466815734,4.08475754509618E-16,13.3331223256121));
#12663=CARTESIAN_POINT('Ctrl Pts',(-8.87745751406264,3.65453169019225E-16,
12.9305368692688));
#12664=CARTESIAN_POINT('Ctrl Pts',(-8.87745751406264,3.,12.9305368692688));
#12665=CARTESIAN_POINT('Ctrl Pts',(-8.78675443326349,3.74541819356354E-16,
13.0553789498118));
#12666=CARTESIAN_POINT('Ctrl Pts',(-8.78675443326349,3.,13.0553789498118));
#12667=CARTESIAN_POINT('Ctrl Pts',(-8.82477578416714,4.02697019679404E-16,
13.1963008077482));
#12668=CARTESIAN_POINT('Ctrl Pts',(-8.82477578416714,3.,13.1963008077482));
#12669=CARTESIAN_POINT('Ctrl Pts',(-8.82405522349756,4.06953922088826E-16,
13.2601783726732));
#12670=CARTESIAN_POINT('Ctrl Pts',(-8.82405522349756,3.,13.2601783726732));
#12671=CARTESIAN_POINT('Ctrl Pts',(-8.82376131541758,4.08690261673547E-16,
13.2862332674975));
#12672=CARTESIAN_POINT('Ctrl Pts',(-8.82376131541758,3.,13.2862332674975));
#12673=CARTESIAN_POINT('Ctrl Pts',(-8.82018224374485,4.08267404817355E-16,
13.3055524061871));
#12674=CARTESIAN_POINT('Ctrl Pts',(-8.82018224374485,3.,13.3055524061871));
#12675=CARTESIAN_POINT('Ctrl Pts',(-8.80613466815734,4.08475754509618E-16,
13.3331223256121));
#12676=CARTESIAN_POINT('Ctrl Pts',(-8.80613466815734,3.,13.3331223256121));
#12677=CARTESIAN_POINT('',(-8.87745751406264,3.,12.9305368692688));
#12678=CARTESIAN_POINT('Ctrl Pts',(-8.87745751406264,3.,12.9305368692688));
#12679=CARTESIAN_POINT('Ctrl Pts',(-8.78675443326349,3.,13.0553789498118));
#12680=CARTESIAN_POINT('Ctrl Pts',(-8.82477578416714,3.,13.1963008077482));
#12681=CARTESIAN_POINT('Ctrl Pts',(-8.82405522349756,3.,13.2601783726732));
#12682=CARTESIAN_POINT('Ctrl Pts',(-8.82376131541758,3.,13.2862332674975));
#12683=CARTESIAN_POINT('Ctrl Pts',(-8.82018224374485,3.,13.3055524061871));
#12684=CARTESIAN_POINT('Ctrl Pts',(-8.80613466815734,3.,13.3331223256121));
#12685=CARTESIAN_POINT('',(-8.87745751406264,3.65453169019226E-16,12.9305368692688));
#12686=CARTESIAN_POINT('Ctrl Pts',(-9.23829906421162,3.80511020320298E-16,
12.7382990642116));
#12687=CARTESIAN_POINT('Ctrl Pts',(-9.23829906421162,3.,12.7382990642116));
#12688=CARTESIAN_POINT('Ctrl Pts',(-9.18398011553695,3.77963653065901E-16,
12.7926180128863));
#12689=CARTESIAN_POINT('Ctrl Pts',(-9.18398011553695,3.,12.7926180128863));
#12690=CARTESIAN_POINT('Ctrl Pts',(-9.12794914973166,3.67838874291143E-16,
12.7714508524968));
#12691=CARTESIAN_POINT('Ctrl Pts',(-9.12794914973166,3.,12.7714508524968));
#12692=CARTESIAN_POINT('Ctrl Pts',(-9.00825519325095,3.62863713006721E-16,
12.8236888351503));
#12693=CARTESIAN_POINT('Ctrl Pts',(-9.00825519325095,3.,12.8236888351503));
#12694=CARTESIAN_POINT('Ctrl Pts',(-8.96153600421871,3.60921797914707E-16,
12.8440784710017));
#12695=CARTESIAN_POINT('Ctrl Pts',(-8.96153600421871,3.,12.8440784710017));
#12696=CARTESIAN_POINT('Ctrl Pts',(-8.91330822928697,3.61860847654404E-16,
12.8811925929981));
#12697=CARTESIAN_POINT('Ctrl Pts',(-8.91330822928697,3.,12.8811925929981));
#12698=CARTESIAN_POINT('Ctrl Pts',(-8.87745751406264,3.65453169019226E-16,
12.9305368692688));
#12699=CARTESIAN_POINT('Ctrl Pts',(-8.87745751406264,3.,12.9305368692688));
#12700=CARTESIAN_POINT('',(-9.23829906421162,3.,12.7382990642116));
#12701=CARTESIAN_POINT('Ctrl Pts',(-9.23829906421162,3.,12.7382990642116));
#12702=CARTESIAN_POINT('Ctrl Pts',(-9.18398011553695,3.,12.7926180128863));
#12703=CARTESIAN_POINT('Ctrl Pts',(-9.12794914973166,3.,12.7714508524968));
#12704=CARTESIAN_POINT('Ctrl Pts',(-9.00825519325095,3.,12.8236888351503));
#12705=CARTESIAN_POINT('Ctrl Pts',(-8.96153600421871,3.,12.8440784710017));
#12706=CARTESIAN_POINT('Ctrl Pts',(-8.91330822928697,3.,12.8811925929981));
#12707=CARTESIAN_POINT('Ctrl Pts',(-8.87745751406264,3.,12.9305368692688));
#12708=CARTESIAN_POINT('',(-9.23829906421162,3.80511020320298E-16,12.7382990642116));
#12709=CARTESIAN_POINT('Ctrl Pts',(-9.43053686926882,1.18632901636157E-16,
12.3774575140626));
#12710=CARTESIAN_POINT('Ctrl Pts',(-9.43053686926882,3.,12.3774575140626));
#12711=CARTESIAN_POINT('Ctrl Pts',(-9.30569478872602,1.26988493679373E-16,
12.4681605948616));
#12712=CARTESIAN_POINT('Ctrl Pts',(-9.30569478872602,3.,12.4681605948616));
#12713=CARTESIAN_POINT('Ctrl Pts',(-9.29830799327992,1.61872700822462E-16,
12.6139344897186));
#12714=CARTESIAN_POINT('Ctrl Pts',(-9.29830799327992,3.,12.6139344897186));
#12715=CARTESIAN_POINT('Ctrl Pts',(-9.27788344623864,1.74430329801565E-16,
12.6744629985933));
#12716=CARTESIAN_POINT('Ctrl Pts',(-9.27788344623864,3.,12.6744629985933));
#12717=CARTESIAN_POINT('Ctrl Pts',(-9.2695525177566,1.7955243648611E-16,
12.699151853506));
#12718=CARTESIAN_POINT('Ctrl Pts',(-9.2695525177566,3.,12.699151853506));
#12719=CARTESIAN_POINT('Ctrl Pts',(-9.26017867614819,1.8274107310516E-16,
12.716419452275));
#12720=CARTESIAN_POINT('Ctrl Pts',(-9.26017867614819,3.,12.716419452275));
#12721=CARTESIAN_POINT('Ctrl Pts',(-9.23829906421162,1.85670907667312E-16,
12.7382990642116));
#12722=CARTESIAN_POINT('Ctrl Pts',(-9.23829906421162,3.,12.7382990642116));
#12723=CARTESIAN_POINT('',(-9.43053686926882,3.,12.3774575140626));
#12724=CARTESIAN_POINT('Ctrl Pts',(-9.43053686926882,3.,12.3774575140626));
#12725=CARTESIAN_POINT('Ctrl Pts',(-9.30569478872602,3.,12.4681605948616));
#12726=CARTESIAN_POINT('Ctrl Pts',(-9.29830799327992,3.,12.6139344897186));
#12727=CARTESIAN_POINT('Ctrl Pts',(-9.27788344623864,3.,12.6744629985933));
#12728=CARTESIAN_POINT('Ctrl Pts',(-9.2695525177566,3.,12.699151853506));
#12729=CARTESIAN_POINT('Ctrl Pts',(-9.26017867614819,3.,12.716419452275));
#12730=CARTESIAN_POINT('Ctrl Pts',(-9.23829906421162,3.,12.7382990642116));
#12731=CARTESIAN_POINT('',(-9.43053686926882,1.18632901636157E-16,12.3774575140626));
#12732=CARTESIAN_POINT('Ctrl Pts',(-9.83312232561208,1.45859807036134E-16,
12.3061346681573));
#12733=CARTESIAN_POINT('Ctrl Pts',(-9.83312232561208,3.,12.3061346681573));
#12734=CARTESIAN_POINT('Ctrl Pts',(-9.7646764572596,1.46802679145826E-16,
12.3410095799957));
#12735=CARTESIAN_POINT('Ctrl Pts',(-9.7646764572596,3.,12.3410095799957));
#12736=CARTESIAN_POINT('Ctrl Pts',(-9.71792885439924,1.32441104601887E-16,
12.3035638935305));
#12737=CARTESIAN_POINT('Ctrl Pts',(-9.71792885439924,3.,12.3035638935305));
#12738=CARTESIAN_POINT('Ctrl Pts',(-9.58795071273503,1.21119718056672E-16,
12.3162577006549));
#12739=CARTESIAN_POINT('Ctrl Pts',(-9.58795071273503,3.,12.3162577006549));
#12740=CARTESIAN_POINT('Ctrl Pts',(-9.53721737958272,1.16700731387142E-16,
12.3212123733219));
#12741=CARTESIAN_POINT('Ctrl Pts',(-9.53721737958272,3.,12.3212123733219));
#12742=CARTESIAN_POINT('Ctrl Pts',(-9.47988114553947,1.15330324168748E-16,
12.3416067988384));
#12743=CARTESIAN_POINT('Ctrl Pts',(-9.47988114553947,3.,12.3416067988384));
#12744=CARTESIAN_POINT('Ctrl Pts',(-9.43053686926882,1.18632901636157E-16,
12.3774575140626));
#12745=CARTESIAN_POINT('Ctrl Pts',(-9.43053686926882,3.,12.3774575140626));
#12746=CARTESIAN_POINT('',(-9.83312232561208,3.,12.3061346681573));
#12747=CARTESIAN_POINT('Ctrl Pts',(-9.83312232561208,3.,12.3061346681573));
#12748=CARTESIAN_POINT('Ctrl Pts',(-9.7646764572596,3.,12.3410095799957));
#12749=CARTESIAN_POINT('Ctrl Pts',(-9.71792885439924,3.,12.3035638935305));
#12750=CARTESIAN_POINT('Ctrl Pts',(-9.58795071273503,3.,12.3162577006549));
#12751=CARTESIAN_POINT('Ctrl Pts',(-9.53721737958272,3.,12.3212123733219));
#12752=CARTESIAN_POINT('Ctrl Pts',(-9.47988114553947,3.,12.3416067988384));
#12753=CARTESIAN_POINT('Ctrl Pts',(-9.43053686926882,3.,12.3774575140626));
#12754=CARTESIAN_POINT('',(-9.83312232561208,1.45859807036133E-16,12.3061346681573));
#12755=CARTESIAN_POINT('Ctrl Pts',(-10.1274575140626,1.09032513470633E-16,
12.0223587092621));
#12756=CARTESIAN_POINT('Ctrl Pts',(-10.1274575140626,3.,12.0223587092621));
#12757=CARTESIAN_POINT('Ctrl Pts',(-9.98069684644535,1.04418368332388E-16,
12.0700441408032));
#12758=CARTESIAN_POINT('Ctrl Pts',(-9.98069684644535,3.,12.0700441408032));
#12759=CARTESIAN_POINT('Ctrl Pts',(-9.92862497565503,1.3203495558312E-16,
12.2064007080857));
#12760=CARTESIAN_POINT('Ctrl Pts',(-9.92862497565503,3.,12.2064007080857));
#12761=CARTESIAN_POINT('Ctrl Pts',(-9.89049573921237,1.40355492238556E-16,
12.2576552087347));
#12762=CARTESIAN_POINT('Ctrl Pts',(-9.89049573921237,3.,12.2576552087347));
#12763=CARTESIAN_POINT('Ctrl Pts',(-9.87494327965301,1.43749339635434E-16,
12.2785613065995));
#12764=CARTESIAN_POINT('Ctrl Pts',(-9.87494327965301,3.,12.2785613065995));
#12765=CARTESIAN_POINT('Ctrl Pts',(-9.86069224503702,1.4548001920207E-16,
12.2920870925698));
#12766=CARTESIAN_POINT('Ctrl Pts',(-9.86069224503702,3.,12.2920870925698));
#12767=CARTESIAN_POINT('Ctrl Pts',(-9.83312232561208,1.45859807036134E-16,
12.3061346681573));
#12768=CARTESIAN_POINT('Ctrl Pts',(-9.83312232561208,3.,12.3061346681573));
#12769=CARTESIAN_POINT('',(-10.1274575140626,3.,12.0223587092621));
#12770=CARTESIAN_POINT('Ctrl Pts',(-10.1274575140626,3.,12.0223587092621));
#12771=CARTESIAN_POINT('Ctrl Pts',(-9.98069684644535,3.,12.0700441408032));
#12772=CARTESIAN_POINT('Ctrl Pts',(-9.92862497565503,3.,12.2064007080857));
#12773=CARTESIAN_POINT('Ctrl Pts',(-9.89049573921237,3.,12.2576552087347));
#12774=CARTESIAN_POINT('Ctrl Pts',(-9.87494327965301,3.,12.2785613065995));
#12775=CARTESIAN_POINT('Ctrl Pts',(-9.86069224503702,3.,12.2920870925698));
#12776=CARTESIAN_POINT('Ctrl Pts',(-9.83312232561208,3.,12.3061346681573));
#12777=CARTESIAN_POINT('',(-10.1274575140626,1.09032513470633E-16,12.0223587092621));
#12778=CARTESIAN_POINT('Ctrl Pts',(-10.5323790071555,1.67844387747506E-16,
12.0789323996014));
#12779=CARTESIAN_POINT('Ctrl Pts',(-10.5323790071555,3.,12.0789323996014));
#12780=CARTESIAN_POINT('Ctrl Pts',(-10.4565061776101,1.62364146222571E-16,
12.0909494752448));
#12781=CARTESIAN_POINT('Ctrl Pts',(-10.4565061776101,3.,12.0909494752448));
#12782=CARTESIAN_POINT('Ctrl Pts',(-10.4236179187723,1.46451953876148E-16,
12.040890707395));
#12783=CARTESIAN_POINT('Ctrl Pts',(-10.4236179187723,3.,12.040890707395));
#12784=CARTESIAN_POINT('Ctrl Pts',(-10.2960787580422,1.25411480137923E-16,
12.0127977807057));
#12785=CARTESIAN_POINT('Ctrl Pts',(-10.2960787580422,3.,12.0127977807057));
#12786=CARTESIAN_POINT('Ctrl Pts',(-10.2462974128986,1.17198919547504E-16,
12.0018324923063));
#12787=CARTESIAN_POINT('Ctrl Pts',(-10.2462974128986,3.,12.0018324923063));
#12788=CARTESIAN_POINT('Ctrl Pts',(-10.1854651898167,1.10856270744341E-16,
12.0035108728769));
#12789=CARTESIAN_POINT('Ctrl Pts',(-10.1854651898167,3.,12.0035108728769));
#12790=CARTESIAN_POINT('Ctrl Pts',(-10.1274575140626,1.09032513470633E-16,
12.0223587092621));
#12791=CARTESIAN_POINT('Ctrl Pts',(-10.1274575140626,3.,12.0223587092621));
#12792=CARTESIAN_POINT('',(-10.5323790071555,3.,12.0789323996014));
#12793=CARTESIAN_POINT('Ctrl Pts',(-10.5323790071555,3.,12.0789323996014));
#12794=CARTESIAN_POINT('Ctrl Pts',(-10.4565061776101,3.,12.0909494752448));
#12795=CARTESIAN_POINT('Ctrl Pts',(-10.4236179187723,3.,12.040890707395));
#12796=CARTESIAN_POINT('Ctrl Pts',(-10.2960787580422,3.,12.0127977807057));
#12797=CARTESIAN_POINT('Ctrl Pts',(-10.2462974128986,3.,12.0018324923063));
#12798=CARTESIAN_POINT('Ctrl Pts',(-10.1854651898167,3.,12.0035108728769));
#12799=CARTESIAN_POINT('Ctrl Pts',(-10.1274575140626,3.,12.0223587092621));
#12800=CARTESIAN_POINT('',(-10.5323790071555,1.67844387747506E-16,12.0789323996014));
#12801=CARTESIAN_POINT('Ctrl Pts',(-10.9,1.64832718732694E-16,11.9));
#12802=CARTESIAN_POINT('Ctrl Pts',(-10.9,3.,11.9));
#12803=CARTESIAN_POINT('Ctrl Pts',(-10.7456867019965,1.47700501087759E-16,
11.9));
#12804=CARTESIAN_POINT('Ctrl Pts',(-10.7456867019965,3.,11.9));
#12805=CARTESIAN_POINT('Ctrl Pts',(-10.6540269133807,1.65346164469981E-16,
12.0135917088505));
#12806=CARTESIAN_POINT('Ctrl Pts',(-10.6540269133807,3.,12.0135917088505));
#12807=CARTESIAN_POINT('Ctrl Pts',(-10.6019253428619,1.68615136701264E-16,
12.0505550536389));
#12808=CARTESIAN_POINT('Ctrl Pts',(-10.6019253428619,3.,12.0505550536389));
#12809=CARTESIAN_POINT('Ctrl Pts',(-10.5806737353272,1.69948511380934E-16,
12.0656319599353));
#12810=CARTESIAN_POINT('Ctrl Pts',(-10.5806737353272,3.,12.0656319599353));
#12811=CARTESIAN_POINT('Ctrl Pts',(-10.5629404982646,1.7005182292086E-16,
12.0740919349366));
#12812=CARTESIAN_POINT('Ctrl Pts',(-10.5629404982646,3.,12.0740919349366));
#12813=CARTESIAN_POINT('Ctrl Pts',(-10.5323790071555,1.67844387747506E-16,
12.0789323996014));
#12814=CARTESIAN_POINT('Ctrl Pts',(-10.5323790071555,3.,12.0789323996014));
#12815=CARTESIAN_POINT('',(-10.9,3.,11.9));
#12816=CARTESIAN_POINT('Ctrl Pts',(-10.9,3.,11.9));
#12817=CARTESIAN_POINT('Ctrl Pts',(-10.7456867019965,3.,11.9));
#12818=CARTESIAN_POINT('Ctrl Pts',(-10.6540269133807,3.,12.0135917088505));
#12819=CARTESIAN_POINT('Ctrl Pts',(-10.6019253428619,3.,12.0505550536389));
#12820=CARTESIAN_POINT('Ctrl Pts',(-10.5806737353272,3.,12.0656319599353));
#12821=CARTESIAN_POINT('Ctrl Pts',(-10.5629404982646,3.,12.0740919349366));
#12822=CARTESIAN_POINT('Ctrl Pts',(-10.5323790071555,3.,12.0789323996014));
#12823=CARTESIAN_POINT('',(-10.9,1.64832718732694E-16,11.9));
#12824=CARTESIAN_POINT('Ctrl Pts',(-11.2676209928446,2.49472645865821E-16,
12.0789323996014));
#12825=CARTESIAN_POINT('Ctrl Pts',(-11.2676209928446,3.,12.0789323996014));
#12826=CARTESIAN_POINT('Ctrl Pts',(-11.1917481632992,2.38105734929808E-16,
12.066915323958));
#12827=CARTESIAN_POINT('Ctrl Pts',(-11.1917481632992,3.,12.066915323958));
#12828=CARTESIAN_POINT('Ctrl Pts',(-11.175938580405,2.22200521034482E-16,
12.0091435757006));
#12829=CARTESIAN_POINT('Ctrl Pts',(-11.175938580405,3.,12.0091435757006));
#12830=CARTESIAN_POINT('Ctrl Pts',(-11.0633228222786,1.93500548270384E-16,
11.943013846597));
#12831=CARTESIAN_POINT('Ctrl Pts',(-11.0633228222786,3.,11.943013846597));
#12832=CARTESIAN_POINT('Ctrl Pts',(-11.0193664100534,1.82298316409959E-16,
11.9172019559595));
#12833=CARTESIAN_POINT('Ctrl Pts',(-11.0193664100534,3.,11.9172019559595));
#12834=CARTESIAN_POINT('Ctrl Pts',(-10.9609928797712,1.71604288678715E-16,
11.9));
#12835=CARTESIAN_POINT('Ctrl Pts',(-10.9609928797712,3.,11.9));
#12836=CARTESIAN_POINT('Ctrl Pts',(-10.9,1.64832718732694E-16,11.9));
#12837=CARTESIAN_POINT('Ctrl Pts',(-10.9,3.,11.9));
#12838=CARTESIAN_POINT('',(-11.2676209928446,3.,12.0789323996014));
#12839=CARTESIAN_POINT('Ctrl Pts',(-11.2676209928446,3.,12.0789323996014));
#12840=CARTESIAN_POINT('Ctrl Pts',(-11.1917481632992,3.,12.066915323958));
#12841=CARTESIAN_POINT('Ctrl Pts',(-11.175938580405,3.,12.0091435757006));
#12842=CARTESIAN_POINT('Ctrl Pts',(-11.0633228222786,3.,11.943013846597));
#12843=CARTESIAN_POINT('Ctrl Pts',(-11.0193664100534,3.,11.9172019559595));
#12844=CARTESIAN_POINT('Ctrl Pts',(-10.9609928797712,3.,11.9));
#12845=CARTESIAN_POINT('Ctrl Pts',(-10.9,3.,11.9));
#12846=CARTESIAN_POINT('',(-11.2676209928446,2.49472645865821E-16,12.0789323996014));
#12847=CARTESIAN_POINT('Ctrl Pts',(-11.6725424859374,2.80571404548399E-16,
12.0223587092621));
#12848=CARTESIAN_POINT('Ctrl Pts',(-11.6725424859374,3.,12.0223587092621));
#12849=CARTESIAN_POINT('Ctrl Pts',(-11.5257818183201,2.52598135227028E-16,
11.974673277721));
#12850=CARTESIAN_POINT('Ctrl Pts',(-11.5257818183201,3.,11.974673277721));
#12851=CARTESIAN_POINT('Ctrl Pts',(-11.4035064106198,2.58545594264325E-16,
12.0543809802373));
#12852=CARTESIAN_POINT('Ctrl Pts',(-11.4035064106198,3.,12.0543809802373));
#12853=CARTESIAN_POINT('Ctrl Pts',(-11.3425325707602,2.56443012293199E-16,
12.0734349394383));
#12854=CARTESIAN_POINT('Ctrl Pts',(-11.3425325707602,3.,12.0734349394383));
#12855=CARTESIAN_POINT('Ctrl Pts',(-11.3176620706646,2.55585394251848E-16,
12.0812068215311));
#12856=CARTESIAN_POINT('Ctrl Pts',(-11.3176620706646,3.,12.0812068215311));
#12857=CARTESIAN_POINT('Ctrl Pts',(-11.2981824839537,2.54051224911719E-16,
12.0837728642662));
#12858=CARTESIAN_POINT('Ctrl Pts',(-11.2981824839537,3.,12.0837728642662));
#12859=CARTESIAN_POINT('Ctrl Pts',(-11.2676209928446,2.49472645865822E-16,
12.0789323996014));
#12860=CARTESIAN_POINT('Ctrl Pts',(-11.2676209928446,3.,12.0789323996014));
#12861=CARTESIAN_POINT('',(-11.6725424859374,3.,12.0223587092621));
#12862=CARTESIAN_POINT('Ctrl Pts',(-11.6725424859374,3.,12.0223587092621));
#12863=CARTESIAN_POINT('Ctrl Pts',(-11.5257818183201,3.,11.974673277721));
#12864=CARTESIAN_POINT('Ctrl Pts',(-11.4035064106198,3.,12.0543809802373));
#12865=CARTESIAN_POINT('Ctrl Pts',(-11.3425325707602,3.,12.0734349394383));
#12866=CARTESIAN_POINT('Ctrl Pts',(-11.3176620706646,3.,12.0812068215311));
#12867=CARTESIAN_POINT('Ctrl Pts',(-11.2981824839537,3.,12.0837728642662));
#12868=CARTESIAN_POINT('Ctrl Pts',(-11.2676209928446,3.,12.0789323996014));
#12869=CARTESIAN_POINT('',(-11.6725424859374,2.80571404548398E-16,12.0223587092621));
#12870=CARTESIAN_POINT('Ctrl Pts',(-11.9668776743879,3.82754238748941E-16,
12.3061346681573));
#12871=CARTESIAN_POINT('Ctrl Pts',(-11.9668776743879,3.,12.3061346681573));
#12872=CARTESIAN_POINT('Ctrl Pts',(-11.8984318060355,3.66613330842187E-16,
12.271259756319));
#12873=CARTESIAN_POINT('Ctrl Pts',(-11.8984318060355,3.,12.271259756319));
#12874=CARTESIAN_POINT('Ctrl Pts',(-11.9012484512105,3.52272008552164E-16,
12.2114301288927));
#12875=CARTESIAN_POINT('Ctrl Pts',(-11.9012484512105,3.,12.2114301288927));
#12876=CARTESIAN_POINT('Ctrl Pts',(-11.8145797107331,3.18721890060751E-16,
12.1137368360123));
#12877=CARTESIAN_POINT('Ctrl Pts',(-11.8145797107331,3.,12.1137368360123));
#12878=CARTESIAN_POINT('Ctrl Pts',(-11.7807509913173,3.05626539435369E-16,
12.0756049908343));
#12879=CARTESIAN_POINT('Ctrl Pts',(-11.7807509913173,3.,12.0756049908343));
#12880=CARTESIAN_POINT('Ctrl Pts',(-11.7305501616913,2.91627938720097E-16,
12.0412065456473));
#12881=CARTESIAN_POINT('Ctrl Pts',(-11.7305501616913,3.,12.0412065456473));
#12882=CARTESIAN_POINT('Ctrl Pts',(-11.6725424859374,2.805714045484E-16,
12.0223587092621));
#12883=CARTESIAN_POINT('Ctrl Pts',(-11.6725424859374,3.,12.0223587092621));
#12884=CARTESIAN_POINT('',(-11.9668776743879,3.,12.3061346681573));
#12885=CARTESIAN_POINT('Ctrl Pts',(-11.9668776743879,3.,12.3061346681573));
#12886=CARTESIAN_POINT('Ctrl Pts',(-11.8984318060355,3.,12.271259756319));
#12887=CARTESIAN_POINT('Ctrl Pts',(-11.9012484512105,3.,12.2114301288927));
#12888=CARTESIAN_POINT('Ctrl Pts',(-11.8145797107331,3.,12.1137368360123));
#12889=CARTESIAN_POINT('Ctrl Pts',(-11.7807509913173,3.,12.0756049908343));
#12890=CARTESIAN_POINT('Ctrl Pts',(-11.7305501616913,3.,12.0412065456473));
#12891=CARTESIAN_POINT('Ctrl Pts',(-11.6725424859374,3.,12.0223587092621));
#12892=CARTESIAN_POINT('',(-11.9668776743879,3.82754238748941E-16,12.3061346681573));
#12893=CARTESIAN_POINT('Ctrl Pts',(-12.3694631307312,4.44919261951263E-16,
12.3774575140626));
#12894=CARTESIAN_POINT('Ctrl Pts',(-12.3694631307312,3.,12.3774575140626));
#12895=CARTESIAN_POINT('Ctrl Pts',(-12.2446210501884,4.08843159455925E-16,
12.2867544332637));
#12896=CARTESIAN_POINT('Ctrl Pts',(-12.2446210501884,3.,12.2867544332637));
#12897=CARTESIAN_POINT('Ctrl Pts',(-12.1036991922523,4.02510235419275E-16,
12.324775784167));
#12898=CARTESIAN_POINT('Ctrl Pts',(-12.1036991922523,3.,12.324775784167));
#12899=CARTESIAN_POINT('Ctrl Pts',(-12.0398216273271,3.95241914618655E-16,
12.3240552234976));
#12900=CARTESIAN_POINT('Ctrl Pts',(-12.0398216273271,3.,12.3240552234976));
#12901=CARTESIAN_POINT('Ctrl Pts',(-12.0137667325026,3.92277253485548E-16,
12.3237613154176));
#12902=CARTESIAN_POINT('Ctrl Pts',(-12.0137667325026,3.,12.3237613154176));
#12903=CARTESIAN_POINT('Ctrl Pts',(-11.994447593813,3.89255778449553E-16,
12.3201822437449));
#12904=CARTESIAN_POINT('Ctrl Pts',(-11.994447593813,3.,12.3201822437449));
#12905=CARTESIAN_POINT('Ctrl Pts',(-11.9668776743879,3.8275423874894E-16,
12.3061346681573));
#12906=CARTESIAN_POINT('Ctrl Pts',(-11.9668776743879,3.,12.3061346681573));
#12907=CARTESIAN_POINT('',(-12.3694631307312,3.,12.3774575140626));
#12908=CARTESIAN_POINT('Ctrl Pts',(-12.3694631307312,3.,12.3774575140626));
#12909=CARTESIAN_POINT('Ctrl Pts',(-12.2446210501884,3.,12.2867544332637));
#12910=CARTESIAN_POINT('Ctrl Pts',(-12.1036991922523,3.,12.324775784167));
#12911=CARTESIAN_POINT('Ctrl Pts',(-12.0398216273271,3.,12.3240552234976));
#12912=CARTESIAN_POINT('Ctrl Pts',(-12.0137667325026,3.,12.3237613154176));
#12913=CARTESIAN_POINT('Ctrl Pts',(-11.994447593813,3.,12.3201822437449));
#12914=CARTESIAN_POINT('Ctrl Pts',(-11.9668776743879,3.,12.3061346681573));
#12915=CARTESIAN_POINT('',(-12.3694631307312,4.44919261951263E-16,12.3774575140626));
#12916=CARTESIAN_POINT('Ctrl Pts',(-12.5617009357884,5.54642635458001E-16,
12.7382990642116));
#12917=CARTESIAN_POINT('Ctrl Pts',(-12.5617009357884,3.,12.7382990642116));
#12918=CARTESIAN_POINT('Ctrl Pts',(-12.5073819871137,5.35307715106739E-16,
12.6839801155369));
#12919=CARTESIAN_POINT('Ctrl Pts',(-12.5073819871137,3.,12.6839801155369));
#12920=CARTESIAN_POINT('Ctrl Pts',(-12.5285491475033,5.23934112969636E-16,
12.6279491497317));
#12921=CARTESIAN_POINT('Ctrl Pts',(-12.5285491475033,3.,12.6279491497317));
#12922=CARTESIAN_POINT('Ctrl Pts',(-12.4763111648496,4.88817968106297E-16,
12.5082551932509));
#12923=CARTESIAN_POINT('Ctrl Pts',(-12.4763111648496,3.,12.5082551932509));
#12924=CARTESIAN_POINT('Ctrl Pts',(-12.4559215289982,4.75111362875838E-16,
12.4615360042186));
#12925=CARTESIAN_POINT('Ctrl Pts',(-12.4559215289982,3.,12.4615360042186));
#12926=CARTESIAN_POINT('Ctrl Pts',(-12.4188074070019,4.59178469748518E-16,
12.4133082292869));
#12927=CARTESIAN_POINT('Ctrl Pts',(-12.4188074070019,3.,12.4133082292869));
#12928=CARTESIAN_POINT('Ctrl Pts',(-12.3694631307312,4.44919261951262E-16,
12.3774575140626));
#12929=CARTESIAN_POINT('Ctrl Pts',(-12.3694631307312,3.,12.3774575140626));
#12930=CARTESIAN_POINT('',(-12.5617009357884,3.,12.7382990642116));
#12931=CARTESIAN_POINT('Ctrl Pts',(-12.5617009357884,3.,12.7382990642116));
#12932=CARTESIAN_POINT('Ctrl Pts',(-12.5073819871137,3.,12.6839801155369));
#12933=CARTESIAN_POINT('Ctrl Pts',(-12.5285491475033,3.,12.6279491497317));
#12934=CARTESIAN_POINT('Ctrl Pts',(-12.4763111648496,3.,12.5082551932509));
#12935=CARTESIAN_POINT('Ctrl Pts',(-12.4559215289982,3.,12.4615360042186));
#12936=CARTESIAN_POINT('Ctrl Pts',(-12.4188074070019,3.,12.4133082292869));
#12937=CARTESIAN_POINT('Ctrl Pts',(-12.3694631307312,3.,12.3774575140626));
#12938=CARTESIAN_POINT('',(-12.5617009357884,5.54642635458002E-16,12.7382990642116));
#12939=CARTESIAN_POINT('Ctrl Pts',(-12.9225424859374,6.41788777579843E-16,
12.9305368692688));
#12940=CARTESIAN_POINT('Ctrl Pts',(-12.9225424859374,3.,12.9305368692688));
#12941=CARTESIAN_POINT('Ctrl Pts',(-12.8318394051382,6.01141222179605E-16,
12.8056947887257));
#12942=CARTESIAN_POINT('Ctrl Pts',(-12.8318394051382,3.,12.8056947887257));
#12943=CARTESIAN_POINT('Ctrl Pts',(-12.6860655102811,5.83147825797908E-16,
12.7983079932799));
#12944=CARTESIAN_POINT('Ctrl Pts',(-12.6860655102811,3.,12.7983079932799));
#12945=CARTESIAN_POINT('Ctrl Pts',(-12.6255370014063,5.7142524004907E-16,
12.7778834462385));
#12946=CARTESIAN_POINT('Ctrl Pts',(-12.6255370014063,3.,12.7778834462385));
#12947=CARTESIAN_POINT('Ctrl Pts',(-12.6008481464937,5.66643737511947E-16,
12.7695525177565));
#12948=CARTESIAN_POINT('Ctrl Pts',(-12.6008481464937,3.,12.7695525177565));
#12949=CARTESIAN_POINT('Ctrl Pts',(-12.5835805477248,5.62430719808482E-16,
12.7601786761481));
#12950=CARTESIAN_POINT('Ctrl Pts',(-12.5835805477248,3.,12.7601786761481));
#12951=CARTESIAN_POINT('Ctrl Pts',(-12.5617009357884,5.54642635458001E-16,
12.7382990642116));
#12952=CARTESIAN_POINT('Ctrl Pts',(-12.5617009357884,3.,12.7382990642116));
#12953=CARTESIAN_POINT('',(-12.9225424859374,3.,12.9305368692688));
#12954=CARTESIAN_POINT('Ctrl Pts',(-12.9225424859374,3.,12.9305368692688));
#12955=CARTESIAN_POINT('Ctrl Pts',(-12.8318394051382,3.,12.8056947887257));
#12956=CARTESIAN_POINT('Ctrl Pts',(-12.6860655102811,3.,12.7983079932799));
#12957=CARTESIAN_POINT('Ctrl Pts',(-12.6255370014063,3.,12.7778834462385));
#12958=CARTESIAN_POINT('Ctrl Pts',(-12.6008481464937,3.,12.7695525177565));
#12959=CARTESIAN_POINT('Ctrl Pts',(-12.5835805477248,3.,12.7601786761481));
#12960=CARTESIAN_POINT('Ctrl Pts',(-12.5617009357884,3.,12.7382990642116));
#12961=CARTESIAN_POINT('',(-12.9225424859374,6.41788777579843E-16,12.9305368692688));
#12962=CARTESIAN_POINT('Ctrl Pts',(-12.9938653318427,7.48312202106241E-16,
13.3331223256121));
#12963=CARTESIAN_POINT('Ctrl Pts',(-12.9938653318427,3.,13.3331223256121));
#12964=CARTESIAN_POINT('Ctrl Pts',(-12.9589904200044,7.27675906028785E-16,
13.2646764572597));
#12965=CARTESIAN_POINT('Ctrl Pts',(-12.9589904200044,3.,13.2646764572597));
#12966=CARTESIAN_POINT('Ctrl Pts',(-12.9964361064693,7.20383351466363E-16,
13.2179288543995));
#12967=CARTESIAN_POINT('Ctrl Pts',(-12.9964361064693,3.,13.2179288543995));
#12968=CARTESIAN_POINT('Ctrl Pts',(-12.9837422993451,6.87138593158925E-16,
13.0879507127355));
#12969=CARTESIAN_POINT('Ctrl Pts',(-12.9837422993451,3.,13.0879507127355));
#12970=CARTESIAN_POINT('Ctrl Pts',(-12.9787876266782,6.74162431342855E-16,
13.0372173795831));
#12971=CARTESIAN_POINT('Ctrl Pts',(-12.9787876266782,3.,13.0372173795831));
#12972=CARTESIAN_POINT('Ctrl Pts',(-12.9583932011618,6.5785486839375E-16,
12.9798811455396));
#12973=CARTESIAN_POINT('Ctrl Pts',(-12.9583932011618,3.,12.9798811455396));
#12974=CARTESIAN_POINT('Ctrl Pts',(-12.9225424859374,6.41788777579841E-16,
12.9305368692688));
#12975=CARTESIAN_POINT('Ctrl Pts',(-12.9225424859374,3.,12.9305368692688));
#12976=CARTESIAN_POINT('',(-12.9938653318427,3.,13.3331223256121));
#12977=CARTESIAN_POINT('Ctrl Pts',(-12.9938653318427,3.,13.3331223256121));
#12978=CARTESIAN_POINT('Ctrl Pts',(-12.9589904200044,3.,13.2646764572597));
#12979=CARTESIAN_POINT('Ctrl Pts',(-12.9964361064693,3.,13.2179288543995));
#12980=CARTESIAN_POINT('Ctrl Pts',(-12.9837422993451,3.,13.0879507127355));
#12981=CARTESIAN_POINT('Ctrl Pts',(-12.9787876266782,3.,13.0372173795831));
#12982=CARTESIAN_POINT('Ctrl Pts',(-12.9583932011618,3.,12.9798811455396));
#12983=CARTESIAN_POINT('Ctrl Pts',(-12.9225424859374,3.,12.9305368692688));
#12984=CARTESIAN_POINT('',(-12.9938653318427,7.48312202106241E-16,13.3331223256121));
#12985=CARTESIAN_POINT('Ctrl Pts',(-13.2776412907379,8.51908991573839E-16,
13.6274575140626));
#12986=CARTESIAN_POINT('Ctrl Pts',(-13.2776412907379,3.,13.6274575140626));
#12987=CARTESIAN_POINT('Ctrl Pts',(-13.2299558591967,8.10668849199568E-16,
13.4806968464452));
#12988=CARTESIAN_POINT('Ctrl Pts',(-13.2299558591967,3.,13.4806968464452));
#12989=CARTESIAN_POINT('Ctrl Pts',(-13.093599291914,7.82776299477966E-16,
13.4286249756549));
#12990=CARTESIAN_POINT('Ctrl Pts',(-13.093599291914,3.,13.4286249756549));
#12991=CARTESIAN_POINT('Ctrl Pts',(-13.0423447912651,7.67746937150083E-16,
13.3904957392123));
#12992=CARTESIAN_POINT('Ctrl Pts',(-13.0423447912651,3.,13.3904957392123));
#12993=CARTESIAN_POINT('Ctrl Pts',(-13.0214386934005,7.61616639991939E-16,
13.3749432796529));
#12994=CARTESIAN_POINT('Ctrl Pts',(-13.0214386934005,3.,13.3749432796529));
#12995=CARTESIAN_POINT('Ctrl Pts',(-13.0079129074302,7.56624479147629E-16,
13.3606922450369));
#12996=CARTESIAN_POINT('Ctrl Pts',(-13.0079129074302,3.,13.3606922450369));
#12997=CARTESIAN_POINT('Ctrl Pts',(-12.9938653318427,7.48312202106242E-16,
13.3331223256121));
#12998=CARTESIAN_POINT('Ctrl Pts',(-12.9938653318427,3.,13.3331223256121));
#12999=CARTESIAN_POINT('',(-13.2776412907379,3.,13.6274575140626));
#13000=CARTESIAN_POINT('Ctrl Pts',(-13.2776412907379,3.,13.6274575140626));
#13001=CARTESIAN_POINT('Ctrl Pts',(-13.2299558591967,3.,13.4806968464452));
#13002=CARTESIAN_POINT('Ctrl Pts',(-13.093599291914,3.,13.4286249756549));
#13003=CARTESIAN_POINT('Ctrl Pts',(-13.0423447912651,3.,13.3904957392123));
#13004=CARTESIAN_POINT('Ctrl Pts',(-13.0214386934005,3.,13.3749432796529));
#13005=CARTESIAN_POINT('Ctrl Pts',(-13.0079129074302,3.,13.3606922450369));
#13006=CARTESIAN_POINT('Ctrl Pts',(-12.9938653318427,3.,13.3331223256121));
#13007=CARTESIAN_POINT('',(-13.2776412907379,8.5190899157384E-16,13.6274575140626));
#13008=CARTESIAN_POINT('Ctrl Pts',(-13.2210676003986,9.44805212134913E-16,
14.0323790071555));
#13009=CARTESIAN_POINT('Ctrl Pts',(-13.2210676003986,3.,14.0323790071555));
#13010=CARTESIAN_POINT('Ctrl Pts',(-13.2090505247552,9.24887564772831E-16,
13.9565061776101));
#13011=CARTESIAN_POINT('Ctrl Pts',(-13.2090505247552,3.,13.9565061776101));
#13012=CARTESIAN_POINT('Ctrl Pts',(-13.259109292605,9.22389903835786E-16,
13.9236179187722));
#13013=CARTESIAN_POINT('Ctrl Pts',(-13.259109292605,3.,13.9236179187722));
#13014=CARTESIAN_POINT('Ctrl Pts',(-13.2872022192943,8.94270760657238E-16,
13.7960787580421));
#13015=CARTESIAN_POINT('Ctrl Pts',(-13.2872022192943,3.,13.7960787580421));
#13016=CARTESIAN_POINT('Ctrl Pts',(-13.2981675076936,8.83295239384401E-16,
13.7462974128986));
#13017=CARTESIAN_POINT('Ctrl Pts',(-13.2981675076936,3.,13.7462974128986));
#13018=CARTESIAN_POINT('Ctrl Pts',(-13.2964891271231,8.68209304496454E-16,
13.6854651898166));
#13019=CARTESIAN_POINT('Ctrl Pts',(-13.2964891271231,3.,13.6854651898166));
#13020=CARTESIAN_POINT('Ctrl Pts',(-13.2776412907379,8.51908991573836E-16,
13.6274575140626));
#13021=CARTESIAN_POINT('Ctrl Pts',(-13.2776412907379,3.,13.6274575140626));
#13022=CARTESIAN_POINT('',(-13.2210676003986,3.,14.0323790071555));
#13023=CARTESIAN_POINT('Ctrl Pts',(-13.2210676003986,3.,14.0323790071555));
#13024=CARTESIAN_POINT('Ctrl Pts',(-13.2090505247552,3.,13.9565061776101));
#13025=CARTESIAN_POINT('Ctrl Pts',(-13.259109292605,3.,13.9236179187722));
#13026=CARTESIAN_POINT('Ctrl Pts',(-13.2872022192943,3.,13.7960787580421));
#13027=CARTESIAN_POINT('Ctrl Pts',(-13.2981675076936,3.,13.7462974128986));
#13028=CARTESIAN_POINT('Ctrl Pts',(-13.2964891271231,3.,13.6854651898166));
#13029=CARTESIAN_POINT('Ctrl Pts',(-13.2776412907379,3.,13.6274575140626));
#13030=CARTESIAN_POINT('',(-13.2210676003986,9.44805212134912E-16,14.0323790071555));
#13031=CARTESIAN_POINT('Ctrl Pts',(-13.4,1.0547118733939E-15,14.4));
#13032=CARTESIAN_POINT('Ctrl Pts',(-13.4,3.,14.4));
#13033=CARTESIAN_POINT('Ctrl Pts',(-13.4,1.01691601651817E-15,14.2456867019964));
#13034=CARTESIAN_POINT('Ctrl Pts',(-13.4,3.,14.2456867019964));
#13035=CARTESIAN_POINT('Ctrl Pts',(-13.2864082911492,9.81854630562164E-16,
14.1540269133804));
#13036=CARTESIAN_POINT('Ctrl Pts',(-13.2864082911492,3.,14.1540269133804));
#13037=CARTESIAN_POINT('Ctrl Pts',(-13.2494449463611,9.64989670355704E-16,
14.1019253428618));
#13038=CARTESIAN_POINT('Ctrl Pts',(-13.2494449463611,3.,14.1019253428618));
#13039=CARTESIAN_POINT('Ctrl Pts',(-13.2343680400648,9.58110654774697E-16,
14.0806737353273));
#13040=CARTESIAN_POINT('Ctrl Pts',(-13.2343680400648,3.,14.0806737353273));
#13041=CARTESIAN_POINT('Ctrl Pts',(-13.2259080650634,9.52828018275375E-16,
14.0629404982646));
#13042=CARTESIAN_POINT('Ctrl Pts',(-13.2259080650634,3.,14.0629404982646));
#13043=CARTESIAN_POINT('Ctrl Pts',(-13.2210676003986,9.44805212134912E-16,
14.0323790071555));
#13044=CARTESIAN_POINT('Ctrl Pts',(-13.2210676003986,3.,14.0323790071555));
#13045=CARTESIAN_POINT('',(-13.4,3.,14.4));
#13046=CARTESIAN_POINT('Ctrl Pts',(-13.4,3.,14.4));
#13047=CARTESIAN_POINT('Ctrl Pts',(-13.4,3.,14.2456867019964));
#13048=CARTESIAN_POINT('Ctrl Pts',(-13.2864082911492,3.,14.1540269133804));
#13049=CARTESIAN_POINT('Ctrl Pts',(-13.2494449463611,3.,14.1019253428618));
#13050=CARTESIAN_POINT('Ctrl Pts',(-13.2343680400648,3.,14.0806737353273));
#13051=CARTESIAN_POINT('Ctrl Pts',(-13.2259080650634,3.,14.0629404982646));
#13052=CARTESIAN_POINT('Ctrl Pts',(-13.2210676003986,3.,14.0323790071555));
#13053=CARTESIAN_POINT('',(-13.4,1.0547118733939E-15,14.4));
#13054=CARTESIAN_POINT('Ctrl Pts',(-13.2210676003986,1.12488756067511E-15,
14.7676209928445));
#13055=CARTESIAN_POINT('Ctrl Pts',(-13.2210676003986,3.,14.7676209928445));
#13056=CARTESIAN_POINT('Ctrl Pts',(-13.233084676042,1.1076382401266E-15,
14.6917481632991));
#13057=CARTESIAN_POINT('Ctrl Pts',(-13.233084676042,3.,14.6917481632991));
#13058=CARTESIAN_POINT('Ctrl Pts',(-13.2908564242997,1.11017996126975E-15,
14.6759385804048));
#13059=CARTESIAN_POINT('Ctrl Pts',(-13.2908564242997,3.,14.6759385804048));
#13060=CARTESIAN_POINT('Ctrl Pts',(-13.3569861534033,1.08993893087192E-15,
14.5633228222782));
#13061=CARTESIAN_POINT('Ctrl Pts',(-13.3569861534033,3.,14.5633228222782));
#13062=CARTESIAN_POINT('Ctrl Pts',(-13.3827980440406,1.08203841063543E-15,
14.5193664100532));
#13063=CARTESIAN_POINT('Ctrl Pts',(-13.3827980440406,3.,14.5193664100532));
#13064=CARTESIAN_POINT('Ctrl Pts',(-13.4,1.06965082022539E-15,14.4609928797711));
#13065=CARTESIAN_POINT('Ctrl Pts',(-13.4,3.,14.4609928797711));
#13066=CARTESIAN_POINT('Ctrl Pts',(-13.4,1.0547118733939E-15,14.4));
#13067=CARTESIAN_POINT('Ctrl Pts',(-13.4,3.,14.4));
#13068=CARTESIAN_POINT('',(-13.2210676003986,3.,14.7676209928445));
#13069=CARTESIAN_POINT('Ctrl Pts',(-13.2210676003986,3.,14.7676209928445));
#13070=CARTESIAN_POINT('Ctrl Pts',(-13.233084676042,3.,14.6917481632991));
#13071=CARTESIAN_POINT('Ctrl Pts',(-13.2908564242997,3.,14.6759385804048));
#13072=CARTESIAN_POINT('Ctrl Pts',(-13.3569861534033,3.,14.5633228222782));
#13073=CARTESIAN_POINT('Ctrl Pts',(-13.3827980440406,3.,14.5193664100532));
#13074=CARTESIAN_POINT('Ctrl Pts',(-13.4,3.,14.4609928797711));
#13075=CARTESIAN_POINT('Ctrl Pts',(-13.4,3.,14.4));
#13076=CARTESIAN_POINT('',(-13.2210676003986,1.12488756067511E-15,14.7676209928445));
#13077=CARTESIAN_POINT('Ctrl Pts',(-13.2776412907379,1.23034566395673E-15,
15.1725424859374));
#13078=CARTESIAN_POINT('Ctrl Pts',(-13.2776412907379,3.,15.1725424859374));
#13079=CARTESIAN_POINT('Ctrl Pts',(-13.325326722279,1.19969381438974E-15,
15.0257818183201));
#13080=CARTESIAN_POINT('Ctrl Pts',(-13.325326722279,3.,15.0257818183201));
#13081=CARTESIAN_POINT('Ctrl Pts',(-13.2456190197627,1.16089564494386E-15,
14.9035064106199));
#13082=CARTESIAN_POINT('Ctrl Pts',(-13.2456190197627,3.,14.9035064106199));
#13083=CARTESIAN_POINT('Ctrl Pts',(-13.2265650605617,1.14384594666881E-15,
14.8425325707603));
#13084=CARTESIAN_POINT('Ctrl Pts',(-13.2265650605617,3.,14.8425325707603));
#13085=CARTESIAN_POINT('Ctrl Pts',(-13.2187931784689,1.13689157863888E-15,
14.8176620706646));
#13086=CARTESIAN_POINT('Ctrl Pts',(-13.2187931784689,3.,14.8176620706646));
#13087=CARTESIAN_POINT('Ctrl Pts',(-13.2162271357338,1.13183556775144E-15,
14.7981824839537));
#13088=CARTESIAN_POINT('Ctrl Pts',(-13.2162271357338,3.,14.7981824839537));
#13089=CARTESIAN_POINT('Ctrl Pts',(-13.2210676003986,1.12488756067511E-15,
14.7676209928445));
#13090=CARTESIAN_POINT('Ctrl Pts',(-13.2210676003986,3.,14.7676209928445));
#13091=CARTESIAN_POINT('',(-13.2776412907379,3.,15.1725424859374));
#13092=CARTESIAN_POINT('Ctrl Pts',(-13.2776412907379,3.,15.1725424859374));
#13093=CARTESIAN_POINT('Ctrl Pts',(-13.325326722279,3.,15.0257818183201));
#13094=CARTESIAN_POINT('Ctrl Pts',(-13.2456190197627,3.,14.9035064106199));
#13095=CARTESIAN_POINT('Ctrl Pts',(-13.2265650605617,3.,14.8425325707603));
#13096=CARTESIAN_POINT('Ctrl Pts',(-13.2187931784689,3.,14.8176620706646));
#13097=CARTESIAN_POINT('Ctrl Pts',(-13.2162271357338,3.,14.7981824839537));
#13098=CARTESIAN_POINT('Ctrl Pts',(-13.2210676003986,3.,14.7676209928445));
#13099=CARTESIAN_POINT('',(-13.2776412907379,1.23034566395673E-15,15.1725424859374));
#13100=CARTESIAN_POINT('Ctrl Pts',(-12.9938653318427,1.27093153274421E-15,
15.4668776743879));
#13101=CARTESIAN_POINT('Ctrl Pts',(-12.9938653318427,3.,15.4668776743879));
#13102=CARTESIAN_POINT('Ctrl Pts',(-13.028740243681,1.25803902268767E-15,
15.3984318060355));
#13103=CARTESIAN_POINT('Ctrl Pts',(-13.028740243681,3.,15.3984318060355));
#13104=CARTESIAN_POINT('Ctrl Pts',(-13.0885698711073,1.26537132453636E-15,
15.4012484512106));
#13105=CARTESIAN_POINT('Ctrl Pts',(-13.0885698711073,3.,15.4012484512106));
#13106=CARTESIAN_POINT('Ctrl Pts',(-13.1862631639878,1.25498974000214E-15,
15.314579710733));
#13107=CARTESIAN_POINT('Ctrl Pts',(-13.1862631639878,3.,15.314579710733));
#13108=CARTESIAN_POINT('Ctrl Pts',(-13.2243950091658,1.25093757876887E-15,
15.2807509913171));
#13109=CARTESIAN_POINT('Ctrl Pts',(-13.2243950091658,3.,15.2807509913171));
#13110=CARTESIAN_POINT('Ctrl Pts',(-13.2587934543527,1.24246091649548E-15,
15.2305501616913));
#13111=CARTESIAN_POINT('Ctrl Pts',(-13.2587934543527,3.,15.2305501616913));
#13112=CARTESIAN_POINT('Ctrl Pts',(-13.2776412907379,1.23034566395673E-15,
15.1725424859374));
#13113=CARTESIAN_POINT('Ctrl Pts',(-13.2776412907379,3.,15.1725424859374));
#13114=CARTESIAN_POINT('',(-12.9938653318427,3.,15.4668776743879));
#13115=CARTESIAN_POINT('Ctrl Pts',(-12.9938653318427,3.,15.4668776743879));
#13116=CARTESIAN_POINT('Ctrl Pts',(-13.028740243681,3.,15.3984318060355));
#13117=CARTESIAN_POINT('Ctrl Pts',(-13.0885698711073,3.,15.4012484512106));
#13118=CARTESIAN_POINT('Ctrl Pts',(-13.1862631639878,3.,15.314579710733));
#13119=CARTESIAN_POINT('Ctrl Pts',(-13.2243950091658,3.,15.2807509913171));
#13120=CARTESIAN_POINT('Ctrl Pts',(-13.2587934543527,3.,15.2305501616913));
#13121=CARTESIAN_POINT('Ctrl Pts',(-13.2776412907379,3.,15.1725424859374));
#13122=CARTESIAN_POINT('',(-12.9938653318427,1.27093153274421E-15,15.4668776743879));
#13123=CARTESIAN_POINT('Ctrl Pts',(-12.9225424859374,1.36161810412944E-15,
15.8694631307312));
#13124=CARTESIAN_POINT('Ctrl Pts',(-12.9225424859374,3.,15.8694631307312));
#13125=CARTESIAN_POINT('Ctrl Pts',(-13.0132455667365,1.34111067847077E-15,
15.7446210501882));
#13126=CARTESIAN_POINT('Ctrl Pts',(-13.0132455667365,3.,15.7446210501882));
#13127=CARTESIAN_POINT('Ctrl Pts',(-12.9752242158329,1.30237356068306E-15,
15.6036991922521));
#13128=CARTESIAN_POINT('Ctrl Pts',(-12.9752242158329,3.,15.6036991922521));
#13129=CARTESIAN_POINT('Ctrl Pts',(-12.9759447765024,1.28680806759884E-15,
15.5398216273268));
#13130=CARTESIAN_POINT('Ctrl Pts',(-12.9759447765024,3.,15.5398216273268));
#13131=CARTESIAN_POINT('Ctrl Pts',(-12.9762386845824,1.28045908911673E-15,
15.5137667325024));
#13132=CARTESIAN_POINT('Ctrl Pts',(-12.9762386845824,3.,15.5137667325024));
#13133=CARTESIAN_POINT('Ctrl Pts',(-12.9798177562551,1.27612462141414E-15,
15.4944475938129));
#13134=CARTESIAN_POINT('Ctrl Pts',(-12.9798177562551,3.,15.4944475938129));
#13135=CARTESIAN_POINT('Ctrl Pts',(-12.9938653318427,1.27093153274421E-15,
15.4668776743879));
#13136=CARTESIAN_POINT('Ctrl Pts',(-12.9938653318427,3.,15.4668776743879));
#13137=CARTESIAN_POINT('',(-12.9225424859374,3.,15.8694631307312));
#13138=CARTESIAN_POINT('Ctrl Pts',(-12.9225424859374,3.,15.8694631307312));
#13139=CARTESIAN_POINT('Ctrl Pts',(-13.0132455667365,3.,15.7446210501882));
#13140=CARTESIAN_POINT('Ctrl Pts',(-12.9752242158329,3.,15.6036991922521));
#13141=CARTESIAN_POINT('Ctrl Pts',(-12.9759447765024,3.,15.5398216273268));
#13142=CARTESIAN_POINT('Ctrl Pts',(-12.9762386845824,3.,15.5137667325024));
#13143=CARTESIAN_POINT('Ctrl Pts',(-12.9798177562551,3.,15.4944475938129));
#13144=CARTESIAN_POINT('Ctrl Pts',(-12.9938653318427,3.,15.4668776743879));
#13145=CARTESIAN_POINT('',(-12.9225424859374,1.36161810412944E-15,15.8694631307312));
#13146=CARTESIAN_POINT('Ctrl Pts',(-12.5617009357884,1.36864132680792E-15,
16.0617009357884));
#13147=CARTESIAN_POINT('Ctrl Pts',(-12.5617009357884,3.,16.0617009357884));
#13148=CARTESIAN_POINT('Ctrl Pts',(-12.616019884463,1.36136763595508E-15,
16.0073819871137));
#13149=CARTESIAN_POINT('Ctrl Pts',(-12.616019884463,3.,16.0073819871137));
#13150=CARTESIAN_POINT('Ctrl Pts',(-12.6720508502684,1.37277278171706E-15,
16.0285491475031));
#13151=CARTESIAN_POINT('Ctrl Pts',(-12.6720508502684,3.,16.0285491475031));
#13152=CARTESIAN_POINT('Ctrl Pts',(-12.7917448067488,1.37326686487354E-15,
15.9763111648498));
#13153=CARTESIAN_POINT('Ctrl Pts',(-12.7917448067488,3.,15.9763111648498));
#13154=CARTESIAN_POINT('Ctrl Pts',(-12.838463995781,1.37345971641814E-15,
15.9559215289985));
#13155=CARTESIAN_POINT('Ctrl Pts',(-12.838463995781,3.,15.9559215289985));
#13156=CARTESIAN_POINT('Ctrl Pts',(-12.886691770713,1.36972373704507E-15,
15.918807407002));
#13157=CARTESIAN_POINT('Ctrl Pts',(-12.886691770713,3.,15.918807407002));
#13158=CARTESIAN_POINT('Ctrl Pts',(-12.9225424859374,1.36161810412944E-15,
15.8694631307312));
#13159=CARTESIAN_POINT('Ctrl Pts',(-12.9225424859374,3.,15.8694631307312));
#13160=CARTESIAN_POINT('',(-12.5617009357884,3.,16.0617009357884));
#13161=CARTESIAN_POINT('Ctrl Pts',(-12.5617009357884,3.,16.0617009357884));
#13162=CARTESIAN_POINT('Ctrl Pts',(-12.616019884463,3.,16.0073819871137));
#13163=CARTESIAN_POINT('Ctrl Pts',(-12.6720508502684,3.,16.0285491475031));
#13164=CARTESIAN_POINT('Ctrl Pts',(-12.7917448067488,3.,15.9763111648498));
#13165=CARTESIAN_POINT('Ctrl Pts',(-12.838463995781,3.,15.9559215289985));
#13166=CARTESIAN_POINT('Ctrl Pts',(-12.886691770713,3.,15.918807407002));
#13167=CARTESIAN_POINT('Ctrl Pts',(-12.9225424859374,3.,15.8694631307312));
#13168=CARTESIAN_POINT('',(-12.5617009357884,1.36864132680792E-15,16.0617009357884));
#13169=CARTESIAN_POINT('Ctrl Pts',(-12.3694631307312,1.19789691541097E-15,
16.4225424859374));
#13170=CARTESIAN_POINT('Ctrl Pts',(-12.3694631307312,3.,16.4225424859374));
#13171=CARTESIAN_POINT('Ctrl Pts',(-12.4943052112743,1.19783754925658E-15,
16.3318394051381));
#13172=CARTESIAN_POINT('Ctrl Pts',(-12.4943052112743,3.,16.3318394051381));
#13173=CARTESIAN_POINT('Ctrl Pts',(-12.5016920067202,1.1743220086031E-15,
16.1860655102809));
#13174=CARTESIAN_POINT('Ctrl Pts',(-12.5016920067202,3.,16.1860655102809));
#13175=CARTESIAN_POINT('Ctrl Pts',(-12.5221165537615,1.17248006879942E-15,
16.1255370014063));
#13176=CARTESIAN_POINT('Ctrl Pts',(-12.5221165537615,3.,16.1255370014063));
#13177=CARTESIAN_POINT('Ctrl Pts',(-12.5304474822435,1.17172876358116E-15,
16.1008481464939));
#13178=CARTESIAN_POINT('Ctrl Pts',(-12.5304474822435,3.,16.1008481464939));
#13179=CARTESIAN_POINT('Ctrl Pts',(-12.5398213238519,1.1727751374663E-15,
16.0835805477248));
#13180=CARTESIAN_POINT('Ctrl Pts',(-12.5398213238519,3.,16.0835805477248));
#13181=CARTESIAN_POINT('Ctrl Pts',(-12.5617009357884,1.17380121415493E-15,
16.0617009357884));
#13182=CARTESIAN_POINT('Ctrl Pts',(-12.5617009357884,3.,16.0617009357884));
#13183=CARTESIAN_POINT('',(-12.3694631307312,3.,16.4225424859374));
#13184=CARTESIAN_POINT('Ctrl Pts',(-12.3694631307312,3.,16.4225424859374));
#13185=CARTESIAN_POINT('Ctrl Pts',(-12.4943052112743,3.,16.3318394051381));
#13186=CARTESIAN_POINT('Ctrl Pts',(-12.5016920067202,3.,16.1860655102809));
#13187=CARTESIAN_POINT('Ctrl Pts',(-12.5221165537615,3.,16.1255370014063));
#13188=CARTESIAN_POINT('Ctrl Pts',(-12.5304474822435,3.,16.1008481464939));
#13189=CARTESIAN_POINT('Ctrl Pts',(-12.5398213238519,3.,16.0835805477248));
#13190=CARTESIAN_POINT('Ctrl Pts',(-12.5617009357884,3.,16.0617009357884));
#13191=CARTESIAN_POINT('',(-12.3694631307312,1.19789691541097E-15,16.4225424859374));
#13192=CARTESIAN_POINT('Ctrl Pts',(-11.9668776743879,1.16293956266909E-15,
16.4938653318427));
#13193=CARTESIAN_POINT('Ctrl Pts',(-11.9668776743879,3.,16.4938653318427));
#13194=CARTESIAN_POINT('Ctrl Pts',(-12.0353235427404,1.16830219801132E-15,
16.4589904200044));
#13195=CARTESIAN_POINT('Ctrl Pts',(-12.0353235427404,3.,16.4589904200044));
#13196=CARTESIAN_POINT('Ctrl Pts',(-12.0820711456008,1.17778587707835E-15,
16.4964361064694));
#13197=CARTESIAN_POINT('Ctrl Pts',(-12.0820711456008,3.,16.4964361064694));
#13198=CARTESIAN_POINT('Ctrl Pts',(-12.2120492872648,1.1901961636648E-15,
16.4837422993451));
#13199=CARTESIAN_POINT('Ctrl Pts',(-12.2120492872648,3.,16.4837422993451));
#13200=CARTESIAN_POINT('Ctrl Pts',(-12.2627826204171,1.19504017201763E-15,
16.4787876266781));
#13201=CARTESIAN_POINT('Ctrl Pts',(-12.2627826204171,3.,16.4787876266781));
#13202=CARTESIAN_POINT('Ctrl Pts',(-12.3201188544605,1.1979203800946E-15,
16.4583932011617));
#13203=CARTESIAN_POINT('Ctrl Pts',(-12.3201188544605,3.,16.4583932011617));
#13204=CARTESIAN_POINT('Ctrl Pts',(-12.3694631307312,1.19789691541097E-15,
16.4225424859374));
#13205=CARTESIAN_POINT('Ctrl Pts',(-12.3694631307312,3.,16.4225424859374));
#13206=CARTESIAN_POINT('',(-11.9668776743879,3.,16.4938653318427));
#13207=CARTESIAN_POINT('Ctrl Pts',(-11.9668776743879,3.,16.4938653318427));
#13208=CARTESIAN_POINT('Ctrl Pts',(-12.0353235427404,3.,16.4589904200044));
#13209=CARTESIAN_POINT('Ctrl Pts',(-12.0820711456008,3.,16.4964361064694));
#13210=CARTESIAN_POINT('Ctrl Pts',(-12.2120492872648,3.,16.4837422993451));
#13211=CARTESIAN_POINT('Ctrl Pts',(-12.2627826204171,3.,16.4787876266781));
#13212=CARTESIAN_POINT('Ctrl Pts',(-12.3201188544605,3.,16.4583932011617));
#13213=CARTESIAN_POINT('Ctrl Pts',(-12.3694631307312,3.,16.4225424859374));
#13214=CARTESIAN_POINT('',(-11.9668776743879,1.16293956266909E-15,16.4938653318427));
#13215=CARTESIAN_POINT('Ctrl Pts',(-11.6725424859374,1.16574972456721E-15,
16.7776412907379));
#13216=CARTESIAN_POINT('Ctrl Pts',(-11.6725424859374,3.,16.7776412907379));
#13217=CARTESIAN_POINT('Ctrl Pts',(-11.8193031535547,1.17472545376838E-15,
16.7299558591967));
#13218=CARTESIAN_POINT('Ctrl Pts',(-11.8193031535547,3.,16.7299558591967));
#13219=CARTESIAN_POINT('Ctrl Pts',(-11.8713750243452,1.15815143774611E-15,
16.593599291914));
#13220=CARTESIAN_POINT('Ctrl Pts',(-11.8713750243452,3.,16.593599291914));
#13221=CARTESIAN_POINT('Ctrl Pts',(-11.9095042607876,1.15890476244963E-15,
16.5423447912653));
#13222=CARTESIAN_POINT('Ctrl Pts',(-11.9095042607876,3.,16.5423447912653));
#13223=CARTESIAN_POINT('Ctrl Pts',(-11.9250567203469,1.15921203458723E-15,
16.5214386934007));
#13224=CARTESIAN_POINT('Ctrl Pts',(-11.9250567203469,3.,16.5214386934007));
#13225=CARTESIAN_POINT('Ctrl Pts',(-11.939307754963,1.16077949913494E-15,
16.5079129074302));
#13226=CARTESIAN_POINT('Ctrl Pts',(-11.939307754963,3.,16.5079129074302));
#13227=CARTESIAN_POINT('Ctrl Pts',(-11.9668776743879,1.16293956266909E-15,
16.4938653318427));
#13228=CARTESIAN_POINT('Ctrl Pts',(-11.9668776743879,3.,16.4938653318427));
#13229=CARTESIAN_POINT('',(-11.6725424859374,3.,16.7776412907379));
#13230=CARTESIAN_POINT('Ctrl Pts',(-11.6725424859374,3.,16.7776412907379));
#13231=CARTESIAN_POINT('Ctrl Pts',(-11.8193031535547,3.,16.7299558591967));
#13232=CARTESIAN_POINT('Ctrl Pts',(-11.8713750243452,3.,16.593599291914));
#13233=CARTESIAN_POINT('Ctrl Pts',(-11.9095042607876,3.,16.5423447912653));
#13234=CARTESIAN_POINT('Ctrl Pts',(-11.9250567203469,3.,16.5214386934007));
#13235=CARTESIAN_POINT('Ctrl Pts',(-11.939307754963,3.,16.5079129074302));
#13236=CARTESIAN_POINT('Ctrl Pts',(-11.9668776743879,3.,16.4938653318427));
#13237=CARTESIAN_POINT('',(-11.6725424859374,1.16574972456721E-15,16.7776412907379));
#13238=CARTESIAN_POINT('Ctrl Pts',(-11.2676209928445,1.1143147396331E-15,
16.7210676003986));
#13239=CARTESIAN_POINT('Ctrl Pts',(-11.2676209928445,3.,16.7210676003986));
#13240=CARTESIAN_POINT('Ctrl Pts',(-11.3434938223899,1.12196771095219E-15,
16.7090505247552));
#13241=CARTESIAN_POINT('Ctrl Pts',(-11.3434938223899,3.,16.7090505247552));
#13242=CARTESIAN_POINT('Ctrl Pts',(-11.3763820812275,1.12988196172767E-15,
16.759109292605));
#13243=CARTESIAN_POINT('Ctrl Pts',(-11.3763820812275,3.,16.759109292605));
#13244=CARTESIAN_POINT('Ctrl Pts',(-11.5039212419579,1.14851256829755E-15,
16.7872022192943));
#13245=CARTESIAN_POINT('Ctrl Pts',(-11.5039212419579,3.,16.7872022192943));
#13246=CARTESIAN_POINT('Ctrl Pts',(-11.5537025871016,1.15578450462346E-15,
16.7981675076937));
#13247=CARTESIAN_POINT('Ctrl Pts',(-11.5537025871016,3.,16.7981675076937));
#13248=CARTESIAN_POINT('Ctrl Pts',(-11.6145348101834,1.16220203568292E-15,
16.796489127123));
#13249=CARTESIAN_POINT('Ctrl Pts',(-11.6145348101834,3.,16.796489127123));
#13250=CARTESIAN_POINT('Ctrl Pts',(-11.6725424859374,1.16574972456721E-15,
16.7776412907379));
#13251=CARTESIAN_POINT('Ctrl Pts',(-11.6725424859374,3.,16.7776412907379));
#13252=CARTESIAN_POINT('',(-11.2676209928445,3.,16.7210676003986));
#13253=CARTESIAN_POINT('Ctrl Pts',(-11.2676209928445,3.,16.7210676003986));
#13254=CARTESIAN_POINT('Ctrl Pts',(-11.3434938223899,3.,16.7090505247552));
#13255=CARTESIAN_POINT('Ctrl Pts',(-11.3763820812275,3.,16.759109292605));
#13256=CARTESIAN_POINT('Ctrl Pts',(-11.5039212419579,3.,16.7872022192943));
#13257=CARTESIAN_POINT('Ctrl Pts',(-11.5537025871016,3.,16.7981675076937));
#13258=CARTESIAN_POINT('Ctrl Pts',(-11.6145348101834,3.,16.796489127123));
#13259=CARTESIAN_POINT('Ctrl Pts',(-11.6725424859374,3.,16.7776412907379));
#13260=CARTESIAN_POINT('',(-11.2676209928445,1.1143147396331E-15,16.7210676003986));
#13261=CARTESIAN_POINT('Ctrl Pts',(-10.9,1.09556428394717E-15,16.9));
#13262=CARTESIAN_POINT('Ctrl Pts',(-10.9,3.,16.9));
#13263=CARTESIAN_POINT('Ctrl Pts',(-11.0543132980035,1.11269650159211E-15,
16.9));
#13264=CARTESIAN_POINT('Ctrl Pts',(-11.0543132980035,3.,16.9));
#13265=CARTESIAN_POINT('Ctrl Pts',(-11.1459730866192,1.10468639036726E-15,
16.7864082911496));
#13266=CARTESIAN_POINT('Ctrl Pts',(-11.1459730866192,3.,16.7864082911496));
#13267=CARTESIAN_POINT('Ctrl Pts',(-11.1980746571382,1.10796123890728E-15,
16.7494449463611));
#13268=CARTESIAN_POINT('Ctrl Pts',(-11.1980746571382,3.,16.7494449463611));
#13269=CARTESIAN_POINT('Ctrl Pts',(-11.2193262646729,1.10929701046301E-15,
16.7343680400647));
#13270=CARTESIAN_POINT('Ctrl Pts',(-11.2193262646729,3.,16.7343680400647));
#13271=CARTESIAN_POINT('Ctrl Pts',(-11.2370595017354,1.11123213132221E-15,
16.7259080650634));
#13272=CARTESIAN_POINT('Ctrl Pts',(-11.2370595017354,3.,16.7259080650634));
#13273=CARTESIAN_POINT('Ctrl Pts',(-11.2676209928445,1.1143147396331E-15,
16.7210676003986));
#13274=CARTESIAN_POINT('Ctrl Pts',(-11.2676209928445,3.,16.7210676003986));
#13275=CARTESIAN_POINT('',(-10.9,3.,16.9));
#13276=CARTESIAN_POINT('Ctrl Pts',(-10.9,3.,16.9));
#13277=CARTESIAN_POINT('Ctrl Pts',(-11.0543132980035,3.,16.9));
#13278=CARTESIAN_POINT('Ctrl Pts',(-11.1459730866192,3.,16.7864082911496));
#13279=CARTESIAN_POINT('Ctrl Pts',(-11.1980746571382,3.,16.7494449463611));
#13280=CARTESIAN_POINT('Ctrl Pts',(-11.2193262646729,3.,16.7343680400647));
#13281=CARTESIAN_POINT('Ctrl Pts',(-11.2370595017354,3.,16.7259080650634));
#13282=CARTESIAN_POINT('Ctrl Pts',(-11.2676209928445,3.,16.7210676003986));
#13283=CARTESIAN_POINT('',(-10.9,1.09556428394717E-15,16.9));
#13284=CARTESIAN_POINT('Ctrl Pts',(-10.5323790071555,1.03268648151478E-15,
16.7210676003986));
#13285=CARTESIAN_POINT('Ctrl Pts',(-10.5323790071555,3.,16.7210676003986));
#13286=CARTESIAN_POINT('Ctrl Pts',(-10.6082518367008,1.04188066265664E-15,
16.733084676042));
#13287=CARTESIAN_POINT('Ctrl Pts',(-10.6082518367008,3.,16.733084676042));
#13288=CARTESIAN_POINT('Ctrl Pts',(-10.6240614195951,1.04745078313291E-15,
16.7908564242995));
#13289=CARTESIAN_POINT('Ctrl Pts',(-10.6240614195951,3.,16.7908564242995));
#13290=CARTESIAN_POINT('Ctrl Pts',(-10.7366771777215,1.07047801610803E-15,
16.8569861534031));
#13291=CARTESIAN_POINT('Ctrl Pts',(-10.7366771777215,3.,16.8569861534031));
#13292=CARTESIAN_POINT('Ctrl Pts',(-10.7806335899466,1.07946605261285E-15,
16.8827980440405));
#13293=CARTESIAN_POINT('Ctrl Pts',(-10.7806335899466,3.,16.8827980440405));
#13294=CARTESIAN_POINT('Ctrl Pts',(-10.8390071202288,1.08879271400115E-15,
16.9));
#13295=CARTESIAN_POINT('Ctrl Pts',(-10.8390071202288,3.,16.9));
#13296=CARTESIAN_POINT('Ctrl Pts',(-10.9,1.09556428394717E-15,16.9));
#13297=CARTESIAN_POINT('Ctrl Pts',(-10.9,3.,16.9));
#13298=CARTESIAN_POINT('',(-10.5323790071555,3.,16.7210676003986));
#13299=CARTESIAN_POINT('Ctrl Pts',(-10.5323790071555,3.,16.7210676003986));
#13300=CARTESIAN_POINT('Ctrl Pts',(-10.6082518367008,3.,16.733084676042));
#13301=CARTESIAN_POINT('Ctrl Pts',(-10.6240614195951,3.,16.7908564242995));
#13302=CARTESIAN_POINT('Ctrl Pts',(-10.7366771777215,3.,16.8569861534031));
#13303=CARTESIAN_POINT('Ctrl Pts',(-10.7806335899466,3.,16.8827980440405));
#13304=CARTESIAN_POINT('Ctrl Pts',(-10.8390071202288,3.,16.9));
#13305=CARTESIAN_POINT('Ctrl Pts',(-10.9,3.,16.9));
#13306=CARTESIAN_POINT('',(-10.5323790071555,1.03268648151478E-15,16.7210676003986));
#13307=CARTESIAN_POINT('Ctrl Pts',(-10.1274575140626,9.94210833489448E-16,
16.7776412907379));
#13308=CARTESIAN_POINT('Ctrl Pts',(-10.1274575140626,3.,16.7776412907379));
#13309=CARTESIAN_POINT('Ctrl Pts',(-10.2742181816798,1.01782251874787E-15,
16.825326722279));
#13310=CARTESIAN_POINT('Ctrl Pts',(-10.2742181816798,3.,16.825326722279));
#13311=CARTESIAN_POINT('Ctrl Pts',(-10.3964935893801,1.01916039781679E-15,
16.7456190197627));
#13312=CARTESIAN_POINT('Ctrl Pts',(-10.3964935893801,3.,16.7456190197627));
#13313=CARTESIAN_POINT('Ctrl Pts',(-10.4574674292396,1.02463620520108E-15,
16.7265650605617));
#13314=CARTESIAN_POINT('Ctrl Pts',(-10.4574674292396,3.,16.7265650605617));
#13315=CARTESIAN_POINT('Ctrl Pts',(-10.4823379293354,1.02686972154824E-15,
16.7187931784689));
#13316=CARTESIAN_POINT('Ctrl Pts',(-10.4823379293354,3.,16.7187931784689));
#13317=CARTESIAN_POINT('Ctrl Pts',(-10.5018175160463,1.02898307560641E-15,
16.7162271357338));
#13318=CARTESIAN_POINT('Ctrl Pts',(-10.5018175160463,3.,16.7162271357338));
#13319=CARTESIAN_POINT('Ctrl Pts',(-10.5323790071555,1.03268648151478E-15,
16.7210676003986));
#13320=CARTESIAN_POINT('Ctrl Pts',(-10.5323790071555,3.,16.7210676003986));
#13321=CARTESIAN_POINT('',(-10.1274575140626,3.,16.7776412907379));
#13322=CARTESIAN_POINT('Ctrl Pts',(-10.1274575140626,3.,16.7776412907379));
#13323=CARTESIAN_POINT('Ctrl Pts',(-10.2742181816798,3.,16.825326722279));
#13324=CARTESIAN_POINT('Ctrl Pts',(-10.3964935893801,3.,16.7456190197627));
#13325=CARTESIAN_POINT('Ctrl Pts',(-10.4574674292396,3.,16.7265650605617));
#13326=CARTESIAN_POINT('Ctrl Pts',(-10.4823379293354,3.,16.7187931784689));
#13327=CARTESIAN_POINT('Ctrl Pts',(-10.5018175160463,3.,16.7162271357338));
#13328=CARTESIAN_POINT('Ctrl Pts',(-10.5323790071555,3.,16.7210676003986));
#13329=CARTESIAN_POINT('',(-10.1274575140626,9.94210833489448E-16,16.7776412907379));
#13330=CARTESIAN_POINT('Ctrl Pts',(-9.83312232561207,9.26045130956283E-16,
16.4938653318427));
#13331=CARTESIAN_POINT('Ctrl Pts',(-9.83312232561207,3.,16.4938653318427));
#13332=CARTESIAN_POINT('Ctrl Pts',(-9.90156819396445,9.35880531411106E-16,
16.5287402436809));
#13333=CARTESIAN_POINT('Ctrl Pts',(-9.90156819396445,3.,16.5287402436809));
#13334=CARTESIAN_POINT('Ctrl Pts',(-9.89875154878962,9.38561279386623E-16,
16.5885698711074));
#13335=CARTESIAN_POINT('Ctrl Pts',(-9.89875154878962,3.,16.5885698711074));
#13336=CARTESIAN_POINT('Ctrl Pts',(-9.98542028926691,9.6373107276325E-16,
16.6862631639877));
#13337=CARTESIAN_POINT('Ctrl Pts',(-9.98542028926691,3.,16.6862631639877));
#13338=CARTESIAN_POINT('Ctrl Pts',(-10.0192490086826,9.73555397810559E-16,
16.7243950091657));
#13339=CARTESIAN_POINT('Ctrl Pts',(-10.0192490086826,3.,16.7243950091657));
#13340=CARTESIAN_POINT('Ctrl Pts',(-10.0694498383087,9.84878230928327E-16,
16.7587934543527));
#13341=CARTESIAN_POINT('Ctrl Pts',(-10.0694498383087,3.,16.7587934543527));
#13342=CARTESIAN_POINT('Ctrl Pts',(-10.1274575140626,9.94210833489449E-16,
16.7776412907379));
#13343=CARTESIAN_POINT('Ctrl Pts',(-10.1274575140626,3.,16.7776412907379));
#13344=CARTESIAN_POINT('',(-9.83312232561207,3.,16.4938653318427));
#13345=CARTESIAN_POINT('Ctrl Pts',(-9.83312232561207,3.,16.4938653318427));
#13346=CARTESIAN_POINT('Ctrl Pts',(-9.90156819396445,3.,16.5287402436809));
#13347=CARTESIAN_POINT('Ctrl Pts',(-9.89875154878962,3.,16.5885698711074));
#13348=CARTESIAN_POINT('Ctrl Pts',(-9.98542028926691,3.,16.6862631639877));
#13349=CARTESIAN_POINT('Ctrl Pts',(-10.0192490086826,3.,16.7243950091657));
#13350=CARTESIAN_POINT('Ctrl Pts',(-10.0694498383087,3.,16.7587934543527));
#13351=CARTESIAN_POINT('Ctrl Pts',(-10.1274575140626,3.,16.7776412907379));
#13352=CARTESIAN_POINT('',(-9.83312232561207,9.26045130956282E-16,16.4938653318427));
#13353=CARTESIAN_POINT('Ctrl Pts',(-9.43053686926881,8.71610555095862E-16,
16.4225424859374));
#13354=CARTESIAN_POINT('Ctrl Pts',(-9.43053686926881,3.,16.4225424859374));
#13355=CARTESIAN_POINT('Ctrl Pts',(-9.55537894981167,8.99390431702402E-16,
16.5132455667364));
#13356=CARTESIAN_POINT('Ctrl Pts',(-9.55537894981167,3.,16.5132455667364));
#13357=CARTESIAN_POINT('Ctrl Pts',(-9.69630080774772,9.09945340140288E-16,
16.4752242158329));
#13358=CARTESIAN_POINT('Ctrl Pts',(-9.69630080774772,3.,16.4752242158329));
#13359=CARTESIAN_POINT('Ctrl Pts',(-9.76017837267303,9.1708609618987E-16,
16.4759447765024));
#13360=CARTESIAN_POINT('Ctrl Pts',(-9.76017837267303,3.,16.4759447765024));
#13361=CARTESIAN_POINT('Ctrl Pts',(-9.78623326749756,9.19998725186563E-16,
16.4762386845824));
#13362=CARTESIAN_POINT('Ctrl Pts',(-9.78623326749756,3.,16.4762386845824));
#13363=CARTESIAN_POINT('Ctrl Pts',(-9.80555240618706,9.22083442623889E-16,
16.4798177562551));
#13364=CARTESIAN_POINT('Ctrl Pts',(-9.80555240618706,3.,16.4798177562551));
#13365=CARTESIAN_POINT('Ctrl Pts',(-9.83312232561207,9.26045130956283E-16,
16.4938653318427));
#13366=CARTESIAN_POINT('Ctrl Pts',(-9.83312232561207,3.,16.4938653318427));
#13367=CARTESIAN_POINT('',(-9.43053686926881,3.,16.4225424859374));
#13368=CARTESIAN_POINT('Ctrl Pts',(-9.43053686926881,3.,16.4225424859374));
#13369=CARTESIAN_POINT('Ctrl Pts',(-9.55537894981167,3.,16.5132455667364));
#13370=CARTESIAN_POINT('Ctrl Pts',(-9.69630080774772,3.,16.4752242158329));
#13371=CARTESIAN_POINT('Ctrl Pts',(-9.76017837267303,3.,16.4759447765024));
#13372=CARTESIAN_POINT('Ctrl Pts',(-9.78623326749756,3.,16.4762386845824));
#13373=CARTESIAN_POINT('Ctrl Pts',(-9.80555240618706,3.,16.4798177562551));
#13374=CARTESIAN_POINT('Ctrl Pts',(-9.83312232561207,3.,16.4938653318427));
#13375=CARTESIAN_POINT('',(-9.43053686926881,8.71610555095862E-16,16.4225424859374));
#13376=CARTESIAN_POINT('Ctrl Pts',(-9.23829906421162,8.04829486364242E-16,
16.0617009357884));
#13377=CARTESIAN_POINT('Ctrl Pts',(-9.23829906421162,3.,16.0617009357884));
#13378=CARTESIAN_POINT('Ctrl Pts',(-9.29261801288628,8.14343348608249E-16,
16.116019884463));
#13379=CARTESIAN_POINT('Ctrl Pts',(-9.29261801288628,3.,16.116019884463));
#13380=CARTESIAN_POINT('Ctrl Pts',(-9.27145085249675,8.13872313793306E-16,
16.1720508502684));
#13381=CARTESIAN_POINT('Ctrl Pts',(-9.27145085249675,3.,16.1720508502684));
#13382=CARTESIAN_POINT('Ctrl Pts',(-9.32368883515039,8.38720872827487E-16,
16.2917448067492));
#13383=CARTESIAN_POINT('Ctrl Pts',(-9.32368883515039,3.,16.2917448067492));
#13384=CARTESIAN_POINT('Ctrl Pts',(-9.34407847100179,8.48419813031554E-16,
16.3384639957814));
#13385=CARTESIAN_POINT('Ctrl Pts',(-9.34407847100179,3.,16.3384639957814));
#13386=CARTESIAN_POINT('Ctrl Pts',(-9.38119259299815,8.60630460082404E-16,
16.3866917707131));
#13387=CARTESIAN_POINT('Ctrl Pts',(-9.38119259299815,3.,16.3866917707131));
#13388=CARTESIAN_POINT('Ctrl Pts',(-9.43053686926881,8.71610555095862E-16,
16.4225424859374));
#13389=CARTESIAN_POINT('Ctrl Pts',(-9.43053686926881,3.,16.4225424859374));
#13390=CARTESIAN_POINT('',(-9.23829906421161,3.,16.0617009357884));
#13391=CARTESIAN_POINT('Ctrl Pts',(-9.23829906421162,3.,16.0617009357884));
#13392=CARTESIAN_POINT('Ctrl Pts',(-9.29261801288628,3.,16.116019884463));
#13393=CARTESIAN_POINT('Ctrl Pts',(-9.27145085249675,3.,16.1720508502684));
#13394=CARTESIAN_POINT('Ctrl Pts',(-9.32368883515039,3.,16.2917448067492));
#13395=CARTESIAN_POINT('Ctrl Pts',(-9.34407847100179,3.,16.3384639957814));
#13396=CARTESIAN_POINT('Ctrl Pts',(-9.38119259299815,3.,16.3866917707131));
#13397=CARTESIAN_POINT('Ctrl Pts',(-9.43053686926881,3.,16.4225424859374));
#13398=CARTESIAN_POINT('',(-9.23829906421161,8.04829486364239E-16,16.0617009357884));
#13399=CARTESIAN_POINT('Ctrl Pts',(-8.87745751406263,7.39764418221947E-16,
15.8694631307312));
#13400=CARTESIAN_POINT('Ctrl Pts',(-8.87745751406263,3.,15.8694631307312));
#13401=CARTESIAN_POINT('Ctrl Pts',(-8.96816059486176,7.68993198300591E-16,
15.9943052112741));
#13402=CARTESIAN_POINT('Ctrl Pts',(-8.96816059486176,3.,15.9943052112741));
#13403=CARTESIAN_POINT('Ctrl Pts',(-9.11393448971869,7.87731948129182E-16,
16.0016920067201));
#13404=CARTESIAN_POINT('Ctrl Pts',(-9.11393448971869,3.,16.0016920067201));
#13405=CARTESIAN_POINT('Ctrl Pts',(-9.17446299859355,7.95838665889334E-16,
16.0221165537614));
#13406=CARTESIAN_POINT('Ctrl Pts',(-9.17446299859355,3.,16.0221165537614));
#13407=CARTESIAN_POINT('Ctrl Pts',(-9.19915185350621,7.99145299115872E-16,
16.0304474822435));
#13408=CARTESIAN_POINT('Ctrl Pts',(-9.19915185350621,3.,16.0304474822435));
#13409=CARTESIAN_POINT('Ctrl Pts',(-9.21641945227511,8.00997313264516E-16,
16.0398213238519));
#13410=CARTESIAN_POINT('Ctrl Pts',(-9.21641945227511,3.,16.0398213238519));
#13411=CARTESIAN_POINT('Ctrl Pts',(-9.23829906421161,8.04829486364239E-16,
16.0617009357884));
#13412=CARTESIAN_POINT('Ctrl Pts',(-9.23829906421161,3.,16.0617009357884));
#13413=CARTESIAN_POINT('Ctrl Pts',(-8.87745751406263,3.,15.8694631307312));
#13414=CARTESIAN_POINT('Ctrl Pts',(-8.96816059486176,3.,15.9943052112741));
#13415=CARTESIAN_POINT('Ctrl Pts',(-9.11393448971869,3.,16.0016920067201));
#13416=CARTESIAN_POINT('Ctrl Pts',(-9.17446299859355,3.,16.0221165537614));
#13417=CARTESIAN_POINT('Ctrl Pts',(-9.19915185350621,3.,16.0304474822435));
#13418=CARTESIAN_POINT('Ctrl Pts',(-9.21641945227511,3.,16.0398213238519));
#13419=CARTESIAN_POINT('Ctrl Pts',(-9.23829906421161,3.,16.0617009357884));
#13420=CARTESIAN_POINT('Origin',(-10.9,3.,14.4));
#13421=CARTESIAN_POINT('',(0.,0.,0.));
#13422=CARTESIAN_POINT('',(0.,0.,0.));
#13423=CARTESIAN_POINT('',(-2.37836076582631E-7,-1.31784948766158E-14,1.60018100324389E-8));
#13424=CARTESIAN_POINT('',(-1.86956384606504E-7,-1.53503971475545E-6,6.80349876604569E-8));
#13425=CARTESIAN_POINT('',(0.,0.,0.));
#13426=CARTESIAN_POINT('',(0.,0.,0.));
#13427=UNCERTAINTY_MEASURE_WITH_UNIT(LENGTH_MEASURE(0.01),#13453,
'DISTANCE_ACCURACY_VALUE',
'Maximum model space distance between geometric entities at asserted c
onnectivities');
#13428=UNCERTAINTY_MEASURE_WITH_UNIT(LENGTH_MEASURE(0.01),#13453,
'DISTANCE_ACCURACY_VALUE',
'Maximum model space distance between geometric entities at asserted c
onnectivities');
#13429=UNCERTAINTY_MEASURE_WITH_UNIT(LENGTH_MEASURE(0.01),#13453,
'DISTANCE_ACCURACY_VALUE',
'Maximum model space distance between geometric entities at asserted c
onnectivities');
#13430=UNCERTAINTY_MEASURE_WITH_UNIT(LENGTH_MEASURE(0.01),#13453,
'DISTANCE_ACCURACY_VALUE',
'Maximum model space distance between geometric entities at asserted c
onnectivities');
#13431=UNCERTAINTY_MEASURE_WITH_UNIT(LENGTH_MEASURE(0.01),#13453,
'DISTANCE_ACCURACY_VALUE',
'Maximum model space distance between geometric entities at asserted c
onnectivities');
#13432=UNCERTAINTY_MEASURE_WITH_UNIT(LENGTH_MEASURE(0.01),#13453,
'DISTANCE_ACCURACY_VALUE',
'Maximum model space distance between geometric entities at asserted c
onnectivities');
#13433=UNCERTAINTY_MEASURE_WITH_UNIT(LENGTH_MEASURE(0.01),#13453,
'DISTANCE_ACCURACY_VALUE',
'Maximum model space distance between geometric entities at asserted c
onnectivities');
#13434=UNCERTAINTY_MEASURE_WITH_UNIT(LENGTH_MEASURE(0.01),#13453,
'DISTANCE_ACCURACY_VALUE',
'Maximum model space distance between geometric entities at asserted c
onnectivities');
#13435=UNCERTAINTY_MEASURE_WITH_UNIT(LENGTH_MEASURE(0.01),#13453,
'DISTANCE_ACCURACY_VALUE',
'Maximum model space distance between geometric entities at asserted c
onnectivities');
#13436=UNCERTAINTY_MEASURE_WITH_UNIT(LENGTH_MEASURE(0.01),#13453,
'DISTANCE_ACCURACY_VALUE',
'Maximum model space distance between geometric entities at asserted c
onnectivities');
#13437=UNCERTAINTY_MEASURE_WITH_UNIT(LENGTH_MEASURE(0.01),#13453,
'DISTANCE_ACCURACY_VALUE',
'Maximum model space distance between geometric entities at asserted c
onnectivities');
#13438=UNCERTAINTY_MEASURE_WITH_UNIT(LENGTH_MEASURE(0.01),#13453,
'DISTANCE_ACCURACY_VALUE',
'Maximum model space distance between geometric entities at asserted c
onnectivities');
#13439=UNCERTAINTY_MEASURE_WITH_UNIT(LENGTH_MEASURE(0.01),#13453,
'DISTANCE_ACCURACY_VALUE',
'Maximum model space distance between geometric entities at asserted c
onnectivities');
#13440=(
GEOMETRIC_REPRESENTATION_CONTEXT(3)
GLOBAL_UNCERTAINTY_ASSIGNED_CONTEXT((#13427))
GLOBAL_UNIT_ASSIGNED_CONTEXT((#13453,#13455,#13456))
REPRESENTATION_CONTEXT('','3D')
);
#13441=(
GEOMETRIC_REPRESENTATION_CONTEXT(3)
GLOBAL_UNCERTAINTY_ASSIGNED_CONTEXT((#13428))
GLOBAL_UNIT_ASSIGNED_CONTEXT((#13453,#13455,#13456))
REPRESENTATION_CONTEXT('','3D')
);
#13442=(
GEOMETRIC_REPRESENTATION_CONTEXT(3)
GLOBAL_UNCERTAINTY_ASSIGNED_CONTEXT((#13429))
GLOBAL_UNIT_ASSIGNED_CONTEXT((#13453,#13455,#13456))
REPRESENTATION_CONTEXT('','3D')
);
#13443=(
GEOMETRIC_REPRESENTATION_CONTEXT(3)
GLOBAL_UNCERTAINTY_ASSIGNED_CONTEXT((#13430))
GLOBAL_UNIT_ASSIGNED_CONTEXT((#13453,#13455,#13456))
REPRESENTATION_CONTEXT('','3D')
);
#13444=(
GEOMETRIC_REPRESENTATION_CONTEXT(3)
GLOBAL_UNCERTAINTY_ASSIGNED_CONTEXT((#13431))
GLOBAL_UNIT_ASSIGNED_CONTEXT((#13453,#13455,#13456))
REPRESENTATION_CONTEXT('','3D')
);
#13445=(
GEOMETRIC_REPRESENTATION_CONTEXT(3)
GLOBAL_UNCERTAINTY_ASSIGNED_CONTEXT((#13432))
GLOBAL_UNIT_ASSIGNED_CONTEXT((#13453,#13455,#13456))
REPRESENTATION_CONTEXT('','3D')
);
#13446=(
GEOMETRIC_REPRESENTATION_CONTEXT(3)
GLOBAL_UNCERTAINTY_ASSIGNED_CONTEXT((#13433))
GLOBAL_UNIT_ASSIGNED_CONTEXT((#13453,#13455,#13456))
REPRESENTATION_CONTEXT('','3D')
);
#13447=(
GEOMETRIC_REPRESENTATION_CONTEXT(3)
GLOBAL_UNCERTAINTY_ASSIGNED_CONTEXT((#13434))
GLOBAL_UNIT_ASSIGNED_CONTEXT((#13453,#13455,#13456))
REPRESENTATION_CONTEXT('','3D')
);
#13448=(
GEOMETRIC_REPRESENTATION_CONTEXT(3)
GLOBAL_UNCERTAINTY_ASSIGNED_CONTEXT((#13435))
GLOBAL_UNIT_ASSIGNED_CONTEXT((#13453,#13455,#13456))
REPRESENTATION_CONTEXT('','3D')
);
#13449=(
GEOMETRIC_REPRESENTATION_CONTEXT(3)
GLOBAL_UNCERTAINTY_ASSIGNED_CONTEXT((#13436))
GLOBAL_UNIT_ASSIGNED_CONTEXT((#13453,#13455,#13456))
REPRESENTATION_CONTEXT('','3D')
);
#13450=(
GEOMETRIC_REPRESENTATION_CONTEXT(3)
GLOBAL_UNCERTAINTY_ASSIGNED_CONTEXT((#13437))
GLOBAL_UNIT_ASSIGNED_CONTEXT((#13453,#13455,#13456))
REPRESENTATION_CONTEXT('','3D')
);
#13451=(
GEOMETRIC_REPRESENTATION_CONTEXT(3)
GLOBAL_UNCERTAINTY_ASSIGNED_CONTEXT((#13438))
GLOBAL_UNIT_ASSIGNED_CONTEXT((#13453,#13455,#13456))
REPRESENTATION_CONTEXT('','3D')
);
#13452=(
GEOMETRIC_REPRESENTATION_CONTEXT(3)
GLOBAL_UNCERTAINTY_ASSIGNED_CONTEXT((#13439))
GLOBAL_UNIT_ASSIGNED_CONTEXT((#13453,#13455,#13456))
REPRESENTATION_CONTEXT('','3D')
);
#13453=(
LENGTH_UNIT()
NAMED_UNIT(*)
SI_UNIT(.MILLI.,.METRE.)
);
#13454=(
LENGTH_UNIT()
NAMED_UNIT(*)
SI_UNIT($,.METRE.)
);
#13455=(
NAMED_UNIT(*)
PLANE_ANGLE_UNIT()
SI_UNIT($,.RADIAN.)
);
#13456=(
NAMED_UNIT(*)
SI_UNIT($,.STERADIAN.)
SOLID_ANGLE_UNIT()
);
#13457=SHAPE_DEFINITION_REPRESENTATION(#13469,#13492);
#13458=SHAPE_DEFINITION_REPRESENTATION(#13470,#13493);
#13459=SHAPE_DEFINITION_REPRESENTATION(#13471,#13494);
#13460=SHAPE_DEFINITION_REPRESENTATION(#13472,#13495);
#13461=SHAPE_DEFINITION_REPRESENTATION(#13473,#13496);
#13462=SHAPE_DEFINITION_REPRESENTATION(#13474,#13497);
#13463=SHAPE_DEFINITION_REPRESENTATION(#13475,#13498);
#13464=SHAPE_DEFINITION_REPRESENTATION(#13476,#13499);
#13465=SHAPE_DEFINITION_REPRESENTATION(#13477,#13500);
#13466=SHAPE_DEFINITION_REPRESENTATION(#13478,#13501);
#13467=SHAPE_DEFINITION_REPRESENTATION(#13479,#13502);
#13468=SHAPE_DEFINITION_REPRESENTATION(#13485,#13503);
#13469=PRODUCT_DEFINITION_SHAPE('',$,#13505);
#13470=PRODUCT_DEFINITION_SHAPE('',$,#13506);
#13471=PRODUCT_DEFINITION_SHAPE('',$,#13507);
#13472=PRODUCT_DEFINITION_SHAPE('',$,#13508);
#13473=PRODUCT_DEFINITION_SHAPE('',$,#13509);
#13474=PRODUCT_DEFINITION_SHAPE('',$,#13510);
#13475=PRODUCT_DEFINITION_SHAPE('',$,#13511);
#13476=PRODUCT_DEFINITION_SHAPE('',$,#13512);
#13477=PRODUCT_DEFINITION_SHAPE('',$,#13513);
#13478=PRODUCT_DEFINITION_SHAPE('',$,#13514);
#13479=PRODUCT_DEFINITION_SHAPE('',$,#13515);
#13480=PRODUCT_DEFINITION_SHAPE($,$,#44);
#13481=PRODUCT_DEFINITION_SHAPE($,$,#45);
#13482=PRODUCT_DEFINITION_SHAPE($,$,#46);
#13483=PRODUCT_DEFINITION_SHAPE($,$,#47);
#13484=PRODUCT_DEFINITION_SHAPE($,$,#48);
#13485=PRODUCT_DEFINITION_SHAPE('',$,#13516);
#13486=PRODUCT_DEFINITION_SHAPE($,$,#49);
#13487=PRODUCT_DEFINITION_SHAPE($,$,#50);
#13488=PRODUCT_DEFINITION_SHAPE($,$,#51);
#13489=PRODUCT_DEFINITION_SHAPE($,$,#52);
#13490=PRODUCT_DEFINITION_SHAPE($,$,#53);
#13491=PRODUCT_DEFINITION_SHAPE($,$,#54);
#13492=SHAPE_REPRESENTATION('',(#5989,#6549,#6550,#6551,#6552,#6553,#6554),
#13440);
#13493=SHAPE_REPRESENTATION('',(#5990),#13441);
#13494=SHAPE_REPRESENTATION('',(#6059),#13442);
#13495=SHAPE_REPRESENTATION('',(#6111),#13443);
#13496=SHAPE_REPRESENTATION('',(#6206),#13444);
#13497=SHAPE_REPRESENTATION('',(#6253,#6516,#6517,#6518,#6519,#6520),#13445);
#13498=SHAPE_REPRESENTATION('',(#6254),#13446);
#13499=SHAPE_REPRESENTATION('',(#6322),#13447);
#13500=SHAPE_REPRESENTATION('',(#6420),#13448);
#13501=SHAPE_REPRESENTATION('',(#6450),#13449);
#13502=SHAPE_REPRESENTATION('',(#6495),#13450);
#13503=SHAPE_REPRESENTATION('',(#6521),#13451);
#13504=PRODUCT_DEFINITION_CONTEXT('part definition',#13542,'design');
#13505=PRODUCT_DEFINITION('ONE-LEG','ONE-LEG',#13517,#13504);
#13506=PRODUCT_DEFINITION('\X2\819D76D64F2052A8\X0\1','\X2\819D76D64F2052A8\X0\1',
#13518,#13504);
#13507=PRODUCT_DEFINITION('\X2\819D76D68F6C52A8\X0\','\X2\819D76D68F6C52A8\X0\',
#13519,#13504);
#13508=PRODUCT_DEFINITION('\X2\819D76D64F2052A8\X0\2','\X2\819D76D64F2052A8\X0\2',
#13520,#13504);
#13509=PRODUCT_DEFINITION('\X2\5C0F817F\X0\','\X2\5C0F817F\X0\',#13521,
#13504);
#13510=PRODUCT_DEFINITION('\X2\5927817F90E85206\X0\','\X2\5927817F90E85206\X0\',
#13522,#13504);
#13511=PRODUCT_DEFINITION('\X2\5927817F4E3B52A8529B53D1751F5668\X0\',
'\X2\5927817F4E3B52A8529B53D1751F5668\X0\',#13523,#13504);
#13512=PRODUCT_DEFINITION('\X2\5C0F817F4FDD630167B6\X0\',
'\X2\5C0F817F4FDD630167B6\X0\',#13524,#13504);
#13513=PRODUCT_DEFINITION('\X2\9ACB517382824FDD630167B6\X0\',
'\X2\9ACB517382824FDD630167B6\X0\',#13525,#13504);
#13514=PRODUCT_DEFINITION('\X2\5927817F76D6677F\X0\','\X2\5927817F76D6677F\X0\',
#13526,#13504);
#13515=PRODUCT_DEFINITION('COL_GROUP','COL_GROUP',#13527,#13504);
#13516=PRODUCT_DEFINITION('\X2\819D76D652A8529B53D1751F5668\X0\',
'\X2\819D76D652A8529B53D1751F5668\X0\',#13528,#13504);
#13517=PRODUCT_DEFINITION_FORMATION('',$,#13544);
#13518=PRODUCT_DEFINITION_FORMATION('',$,#13545);
#13519=PRODUCT_DEFINITION_FORMATION('',$,#13546);
#13520=PRODUCT_DEFINITION_FORMATION('',$,#13547);
#13521=PRODUCT_DEFINITION_FORMATION('',$,#13548);
#13522=PRODUCT_DEFINITION_FORMATION('',$,#13549);
#13523=PRODUCT_DEFINITION_FORMATION('',$,#13550);
#13524=PRODUCT_DEFINITION_FORMATION('',$,#13551);
#13525=PRODUCT_DEFINITION_FORMATION('',$,#13552);
#13526=PRODUCT_DEFINITION_FORMATION('',$,#13553);
#13527=PRODUCT_DEFINITION_FORMATION('',$,#13554);
#13528=PRODUCT_DEFINITION_FORMATION('',$,#13555);
#13529=PRODUCT_RELATED_PRODUCT_CATEGORY('ONE-LEG','ONE-LEG',(#13544));
#13530=PRODUCT_RELATED_PRODUCT_CATEGORY('\X2\819D76D64F2052A8\X0\1',
'\X2\819D76D64F2052A8\X0\1',(#13545));
#13531=PRODUCT_RELATED_PRODUCT_CATEGORY('\X2\819D76D68F6C52A8\X0\',
'\X2\819D76D68F6C52A8\X0\',(#13546));
#13532=PRODUCT_RELATED_PRODUCT_CATEGORY('\X2\819D76D64F2052A8\X0\2',
'\X2\819D76D64F2052A8\X0\2',(#13547));
#13533=PRODUCT_RELATED_PRODUCT_CATEGORY('\X2\5C0F817F\X0\','\X2\5C0F817F\X0\',
(#13548));
#13534=PRODUCT_RELATED_PRODUCT_CATEGORY('\X2\5927817F90E85206\X0\',
'\X2\5927817F90E85206\X0\',(#13549));
#13535=PRODUCT_RELATED_PRODUCT_CATEGORY('\X2\5927817F4E3B52A8529B53D1751F5668\X0\',
'\X2\5927817F4E3B52A8529B53D1751F5668\X0\',(#13550));
#13536=PRODUCT_RELATED_PRODUCT_CATEGORY('\X2\5C0F817F4FDD630167B6\X0\',
'\X2\5C0F817F4FDD630167B6\X0\',(#13551));
#13537=PRODUCT_RELATED_PRODUCT_CATEGORY('\X2\9ACB517382824FDD630167B6\X0\',
'\X2\9ACB517382824FDD630167B6\X0\',(#13552));
#13538=PRODUCT_RELATED_PRODUCT_CATEGORY('\X2\5927817F76D6677F\X0\',
'\X2\5927817F76D6677F\X0\',(#13553));
#13539=PRODUCT_RELATED_PRODUCT_CATEGORY('COL_GROUP','COL_GROUP',(#13554));
#13540=PRODUCT_RELATED_PRODUCT_CATEGORY('\X2\819D76D652A8529B53D1751F5668\X0\',
'\X2\819D76D652A8529B53D1751F5668\X0\',(#13555));
#13541=APPLICATION_PROTOCOL_DEFINITION('international standard',
'automotive_design',2009,#13542);
#13542=APPLICATION_CONTEXT(
'Core Data for Automotive Mechanical Design Process');
#13543=PRODUCT_CONTEXT('part definition',#13542,'mechanical');
#13544=PRODUCT('ONE-LEG','ONE-LEG',$,(#13543));
#13545=PRODUCT('\X2\819D76D64F2052A8\X0\1','\X2\819D76D64F2052A8\X0\1',
$,(#13543));
#13546=PRODUCT('\X2\819D76D68F6C52A8\X0\','\X2\819D76D68F6C52A8\X0\',$,
(#13543));
#13547=PRODUCT('\X2\819D76D64F2052A8\X0\2','\X2\819D76D64F2052A8\X0\2',
$,(#13543));
#13548=PRODUCT('\X2\5C0F817F\X0\','\X2\5C0F817F\X0\',$,(#13543));
#13549=PRODUCT('\X2\5927817F90E85206\X0\','\X2\5927817F90E85206\X0\',$,
(#13543));
#13550=PRODUCT('\X2\5927817F4E3B52A8529B53D1751F5668\X0\',
'\X2\5927817F4E3B52A8529B53D1751F5668\X0\',$,(#13543));
#13551=PRODUCT('\X2\5C0F817F4FDD630167B6\X0\','\X2\5C0F817F4FDD630167B6\X0\',
$,(#13543));
#13552=PRODUCT('\X2\9ACB517382824FDD630167B6\X0\','\X2\9ACB517382824FDD630167B6\X0\',
$,(#13543));
#13553=PRODUCT('\X2\5927817F76D6677F\X0\','\X2\5927817F76D6677F\X0\',$,
(#13543));
#13554=PRODUCT('COL_GROUP','COL_GROUP',$,(#13543));
#13555=PRODUCT('\X2\819D76D652A8529B53D1751F5668\X0\',
'\X2\819D76D652A8529B53D1751F5668\X0\',$,(#13543));
#13556=PRESENTATION_STYLE_ASSIGNMENT((#13557));
#13557=SURFACE_STYLE_USAGE(.BOTH.,#13558);
#13558=SURFACE_SIDE_STYLE('',(#13559));
#13559=SURFACE_STYLE_FILL_AREA(#13560);
#13560=FILL_AREA_STYLE('\X2\94A2\X0\ - \X2\7F0E5149\X0\',(#13561));
#13561=FILL_AREA_STYLE_COLOUR('\X2\94A2\X0\ - \X2\7F0E5149\X0\',#13562);
#13562=COLOUR_RGB('\X2\94A2\X0\ - \X2\7F0E5149\X0\',0.627450980392157,0.627450980392157,
0.627450980392157);
ENDSEC;
END-ISO-10303-21;
