ISO-10303-21;
HEADER;
/* Generated by software containing ST-Developer
 * from STEP Tools, Inc. (www.steptools.com) 
 */

FILE_DESCRIPTION(
/* description */ (''),
/* implementation_level */ '2;1');

FILE_NAME(
/* name */ '',
/* time_stamp */ '2026-07-15T10:33:12+08:00',
/* author */ (''),
/* organization */ (''),
/* preprocessor_version */ 'ST-DEVELOPER v20.1',
/* originating_system */ 'Autodesk Translation Framework v15.8.0.0',
/* authorisation */ '');

FILE_SCHEMA (('AUTOMOTIVE_DESIGN { 1 0 10303 214 3 1 1 }'));
ENDSEC;

DATA;
#10=MECHANICAL_DESIGN_GEOMETRIC_PRESENTATION_REPRESENTATION('',(#13),#2430);
#11=SHAPE_REPRESENTATION_RELATIONSHIP('SRR','None',#2437,#12);
#12=ADVANCED_BREP_SHAPE_REPRESENTATION('',(#14),#2429);
#13=STYLED_ITEM('',(#2446),#14);
#14=MANIFOLD_SOLID_BREP('\X2\5B9E4F53\X0\1',#978);
#15=B_SPLINE_SURFACE_WITH_KNOTS('',3,1,((#1506,#1507),(#1508,#1509),(#1510,
#1511),(#1512,#1513),(#1514,#1515),(#1516,#1517),(#1518,#1519)),
 .UNSPECIFIED.,.F.,.F.,.F.,(4,3,4),(2,2),(-1.,-0.28074217867958,0.),(0.,
0.3),.UNSPECIFIED.);
#16=B_SPLINE_SURFACE_WITH_KNOTS('',3,1,((#1531,#1532),(#1533,#1534),(#1535,
#1536),(#1537,#1538),(#1539,#1540),(#1541,#1542),(#1543,#1544)),
 .UNSPECIFIED.,.F.,.F.,.F.,(4,3,4),(2,2),(0.,0.710283751862059,1.),(0.,
0.3),.UNSPECIFIED.);
#17=B_SPLINE_SURFACE_WITH_KNOTS('',3,1,((#1554,#1555),(#1556,#1557),(#1558,
#1559),(#1560,#1561),(#1562,#1563),(#1564,#1565),(#1566,#1567)),
 .UNSPECIFIED.,.F.,.F.,.F.,(4,3,4),(2,2),(-1.,-0.280742178679635,0.),(0.,
0.3),.UNSPECIFIED.);
#18=B_SPLINE_SURFACE_WITH_KNOTS('',3,1,((#1577,#1578),(#1579,#1580),(#1581,
#1582),(#1583,#1584),(#1585,#1586),(#1587,#1588),(#1589,#1590)),
 .UNSPECIFIED.,.F.,.F.,.F.,(4,3,4),(2,2),(0.,0.710283751861431,1.),(0.,
0.3),.UNSPECIFIED.);
#19=B_SPLINE_SURFACE_WITH_KNOTS('',3,1,((#1600,#1601),(#1602,#1603),(#1604,
#1605),(#1606,#1607),(#1608,#1609),(#1610,#1611),(#1612,#1613)),
 .UNSPECIFIED.,.F.,.F.,.F.,(4,3,4),(2,2),(-1.,-0.280742178679507,0.),(0.,
0.3),.UNSPECIFIED.);
#20=B_SPLINE_SURFACE_WITH_KNOTS('',3,1,((#1623,#1624),(#1625,#1626),(#1627,
#1628),(#1629,#1630),(#1631,#1632),(#1633,#1634),(#1635,#1636)),
 .UNSPECIFIED.,.F.,.F.,.F.,(4,3,4),(2,2),(0.,0.71028375186176,1.),(0.,0.3),
 .UNSPECIFIED.);
#21=B_SPLINE_SURFACE_WITH_KNOTS('',3,1,((#1646,#1647),(#1648,#1649),(#1650,
#1651),(#1652,#1653),(#1654,#1655),(#1656,#1657),(#1658,#1659)),
 .UNSPECIFIED.,.F.,.F.,.F.,(4,3,4),(2,2),(-1.,-0.280742178679082,0.),(0.,
0.3),.UNSPECIFIED.);
#22=B_SPLINE_SURFACE_WITH_KNOTS('',3,1,((#1669,#1670),(#1671,#1672),(#1673,
#1674),(#1675,#1676),(#1677,#1678),(#1679,#1680),(#1681,#1682)),
 .UNSPECIFIED.,.F.,.F.,.F.,(4,3,4),(2,2),(0.,0.710283751862813,1.),(0.,
0.3),.UNSPECIFIED.);
#23=B_SPLINE_SURFACE_WITH_KNOTS('',3,1,((#1692,#1693),(#1694,#1695),(#1696,
#1697),(#1698,#1699),(#1700,#1701),(#1702,#1703),(#1704,#1705)),
 .UNSPECIFIED.,.F.,.F.,.F.,(4,3,4),(2,2),(-1.,-0.280742178679633,0.),(0.,
0.3),.UNSPECIFIED.);
#24=B_SPLINE_SURFACE_WITH_KNOTS('',3,1,((#1715,#1716),(#1717,#1718),(#1719,
#1720),(#1721,#1722),(#1723,#1724),(#1725,#1726),(#1727,#1728)),
 .UNSPECIFIED.,.F.,.F.,.F.,(4,3,4),(2,2),(0.,0.710283751861942,1.),(0.,
0.3),.UNSPECIFIED.);
#25=B_SPLINE_SURFACE_WITH_KNOTS('',3,1,((#1738,#1739),(#1740,#1741),(#1742,
#1743),(#1744,#1745),(#1746,#1747),(#1748,#1749),(#1750,#1751)),
 .UNSPECIFIED.,.F.,.F.,.F.,(4,3,4),(2,2),(-1.,-0.280742178679134,0.),(0.,
0.3),.UNSPECIFIED.);
#26=B_SPLINE_SURFACE_WITH_KNOTS('',3,1,((#1761,#1762),(#1763,#1764),(#1765,
#1766),(#1767,#1768),(#1769,#1770),(#1771,#1772),(#1773,#1774)),
 .UNSPECIFIED.,.F.,.F.,.F.,(4,3,4),(2,2),(0.,0.710283751862486,1.),(0.,
0.3),.UNSPECIFIED.);
#27=B_SPLINE_SURFACE_WITH_KNOTS('',3,1,((#1784,#1785),(#1786,#1787),(#1788,
#1789),(#1790,#1791),(#1792,#1793),(#1794,#1795),(#1796,#1797)),
 .UNSPECIFIED.,.F.,.F.,.F.,(4,3,4),(2,2),(-1.,-0.280742178679839,0.),(0.,
0.3),.UNSPECIFIED.);
#28=B_SPLINE_SURFACE_WITH_KNOTS('',3,1,((#1807,#1808),(#1809,#1810),(#1811,
#1812),(#1813,#1814),(#1815,#1816),(#1817,#1818),(#1819,#1820)),
 .UNSPECIFIED.,.F.,.F.,.F.,(4,3,4),(2,2),(0.,0.710283751862417,1.),(0.,
0.3),.UNSPECIFIED.);
#29=B_SPLINE_SURFACE_WITH_KNOTS('',3,1,((#1830,#1831),(#1832,#1833),(#1834,
#1835),(#1836,#1837),(#1838,#1839),(#1840,#1841),(#1842,#1843)),
 .UNSPECIFIED.,.F.,.F.,.F.,(4,3,4),(2,2),(-1.,-0.280742178680019,0.),(0.,
0.3),.UNSPECIFIED.);
#30=B_SPLINE_SURFACE_WITH_KNOTS('',3,1,((#1853,#1854),(#1855,#1856),(#1857,
#1858),(#1859,#1860),(#1861,#1862),(#1863,#1864),(#1865,#1866)),
 .UNSPECIFIED.,.F.,.F.,.F.,(4,3,4),(2,2),(0.,0.710283751862482,1.),(0.,
0.3),.UNSPECIFIED.);
#31=B_SPLINE_SURFACE_WITH_KNOTS('',3,1,((#1876,#1877),(#1878,#1879),(#1880,
#1881),(#1882,#1883),(#1884,#1885),(#1886,#1887),(#1888,#1889)),
 .UNSPECIFIED.,.F.,.F.,.F.,(4,3,4),(2,2),(-1.,-0.280742178679626,0.),(0.,
0.3),.UNSPECIFIED.);
#32=B_SPLINE_SURFACE_WITH_KNOTS('',3,1,((#1899,#1900),(#1901,#1902),(#1903,
#1904),(#1905,#1906),(#1907,#1908),(#1909,#1910),(#1911,#1912)),
 .UNSPECIFIED.,.F.,.F.,.F.,(4,3,4),(2,2),(0.,0.710283751861643,1.),(0.,
0.3),.UNSPECIFIED.);
#33=B_SPLINE_SURFACE_WITH_KNOTS('',3,1,((#1922,#1923),(#1924,#1925),(#1926,
#1927),(#1928,#1929),(#1930,#1931),(#1932,#1933),(#1934,#1935)),
 .UNSPECIFIED.,.F.,.F.,.F.,(4,3,4),(2,2),(-1.,-0.280742178679495,0.),(0.,
0.3),.UNSPECIFIED.);
#34=B_SPLINE_SURFACE_WITH_KNOTS('',3,1,((#1945,#1946),(#1947,#1948),(#1949,
#1950),(#1951,#1952),(#1953,#1954),(#1955,#1956),(#1957,#1958)),
 .UNSPECIFIED.,.F.,.F.,.F.,(4,3,4),(2,2),(0.,0.710283751863492,1.),(0.,
0.3),.UNSPECIFIED.);
#35=B_SPLINE_SURFACE_WITH_KNOTS('',3,1,((#1968,#1969),(#1970,#1971),(#1972,
#1973),(#1974,#1975),(#1976,#1977),(#1978,#1979),(#1980,#1981)),
 .UNSPECIFIED.,.F.,.F.,.F.,(4,3,4),(2,2),(-1.,-0.280742178680048,0.),(0.,
0.3),.UNSPECIFIED.);
#36=B_SPLINE_SURFACE_WITH_KNOTS('',3,1,((#1991,#1992),(#1993,#1994),(#1995,
#1996),(#1997,#1998),(#1999,#2000),(#2001,#2002),(#2003,#2004)),
 .UNSPECIFIED.,.F.,.F.,.F.,(4,3,4),(2,2),(0.,0.710283751863236,1.),(0.,
0.3),.UNSPECIFIED.);
#37=B_SPLINE_SURFACE_WITH_KNOTS('',3,1,((#2014,#2015),(#2016,#2017),(#2018,
#2019),(#2020,#2021),(#2022,#2023),(#2024,#2025),(#2026,#2027)),
 .UNSPECIFIED.,.F.,.F.,.F.,(4,3,4),(2,2),(-1.,-0.280742178679779,0.),(0.,
0.3),.UNSPECIFIED.);
#38=B_SPLINE_SURFACE_WITH_KNOTS('',3,1,((#2037,#2038),(#2039,#2040),(#2041,
#2042),(#2043,#2044),(#2045,#2046),(#2047,#2048),(#2049,#2050)),
 .UNSPECIFIED.,.F.,.F.,.F.,(4,3,4),(2,2),(0.,0.710283751862723,1.),(0.,
0.3),.UNSPECIFIED.);
#39=B_SPLINE_SURFACE_WITH_KNOTS('',3,1,((#2060,#2061),(#2062,#2063),(#2064,
#2065),(#2066,#2067),(#2068,#2069),(#2070,#2071),(#2072,#2073)),
 .UNSPECIFIED.,.F.,.F.,.F.,(4,3,4),(2,2),(-1.,-0.280742178679247,0.),(0.,
0.3),.UNSPECIFIED.);
#40=B_SPLINE_SURFACE_WITH_KNOTS('',3,1,((#2083,#2084),(#2085,#2086),(#2087,
#2088),(#2089,#2090),(#2091,#2092),(#2093,#2094),(#2095,#2096)),
 .UNSPECIFIED.,.F.,.F.,.F.,(4,3,4),(2,2),(0.,0.710283751862162,1.),(0.,
0.3),.UNSPECIFIED.);
#41=B_SPLINE_SURFACE_WITH_KNOTS('',3,1,((#2106,#2107),(#2108,#2109),(#2110,
#2111),(#2112,#2113),(#2114,#2115),(#2116,#2117),(#2118,#2119)),
 .UNSPECIFIED.,.F.,.F.,.F.,(4,3,4),(2,2),(-1.,-0.280742178679408,0.),(0.,
0.3),.UNSPECIFIED.);
#42=B_SPLINE_SURFACE_WITH_KNOTS('',3,1,((#2129,#2130),(#2131,#2132),(#2133,
#2134),(#2135,#2136),(#2137,#2138),(#2139,#2140),(#2141,#2142)),
 .UNSPECIFIED.,.F.,.F.,.F.,(4,3,4),(2,2),(0.,0.710283751862742,1.),(0.,
0.3),.UNSPECIFIED.);
#43=B_SPLINE_SURFACE_WITH_KNOTS('',3,1,((#2152,#2153),(#2154,#2155),(#2156,
#2157),(#2158,#2159),(#2160,#2161),(#2162,#2163),(#2164,#2165)),
 .UNSPECIFIED.,.F.,.F.,.F.,(4,3,4),(2,2),(-1.,-0.280742178680143,0.),(0.,
0.3),.UNSPECIFIED.);
#44=B_SPLINE_SURFACE_WITH_KNOTS('',3,1,((#2175,#2176),(#2177,#2178),(#2179,
#2180),(#2181,#2182),(#2183,#2184),(#2185,#2186),(#2187,#2188)),
 .UNSPECIFIED.,.F.,.F.,.F.,(4,3,4),(2,2),(0.,0.710283751863398,1.),(0.,
0.3),.UNSPECIFIED.);
#45=B_SPLINE_SURFACE_WITH_KNOTS('',3,1,((#2198,#2199),(#2200,#2201),(#2202,
#2203),(#2204,#2205),(#2206,#2207),(#2208,#2209),(#2210,#2211)),
 .UNSPECIFIED.,.F.,.F.,.F.,(4,3,4),(2,2),(-1.,-0.280742178679458,0.),(0.,
0.3),.UNSPECIFIED.);
#46=B_SPLINE_SURFACE_WITH_KNOTS('',3,1,((#2221,#2222),(#2223,#2224),(#2225,
#2226),(#2227,#2228),(#2229,#2230),(#2231,#2232),(#2233,#2234)),
 .UNSPECIFIED.,.F.,.F.,.F.,(4,3,4),(2,2),(0.,0.710283751862537,1.),(0.,
0.3),.UNSPECIFIED.);
#47=B_SPLINE_SURFACE_WITH_KNOTS('',3,1,((#2244,#2245),(#2246,#2247),(#2248,
#2249),(#2250,#2251),(#2252,#2253),(#2254,#2255),(#2256,#2257)),
 .UNSPECIFIED.,.F.,.F.,.F.,(4,3,4),(2,2),(-1.,-0.280742178679806,0.),(0.,
0.3),.UNSPECIFIED.);
#48=B_SPLINE_SURFACE_WITH_KNOTS('',3,1,((#2267,#2268),(#2269,#2270),(#2271,
#2272),(#2273,#2274),(#2275,#2276),(#2277,#2278),(#2279,#2280)),
 .UNSPECIFIED.,.F.,.F.,.F.,(4,3,4),(2,2),(0.,0.710283751862489,1.),(0.,
0.3),.UNSPECIFIED.);
#49=B_SPLINE_SURFACE_WITH_KNOTS('',3,1,((#2290,#2291),(#2292,#2293),(#2294,
#2295),(#2296,#2297),(#2298,#2299),(#2300,#2301),(#2302,#2303)),
 .UNSPECIFIED.,.F.,.F.,.F.,(4,3,4),(2,2),(-1.,-0.280742178679854,0.),(0.,
0.3),.UNSPECIFIED.);
#50=B_SPLINE_SURFACE_WITH_KNOTS('',3,1,((#2313,#2314),(#2315,#2316),(#2317,
#2318),(#2319,#2320),(#2321,#2322),(#2323,#2324),(#2325,#2326)),
 .UNSPECIFIED.,.F.,.F.,.F.,(4,3,4),(2,2),(0.,0.710283751861983,1.),(0.,
0.3),.UNSPECIFIED.);
#51=B_SPLINE_SURFACE_WITH_KNOTS('',3,1,((#2336,#2337),(#2338,#2339),(#2340,
#2341),(#2342,#2343),(#2344,#2345),(#2346,#2347),(#2348,#2349)),
 .UNSPECIFIED.,.F.,.F.,.F.,(4,3,4),(2,2),(-1.,-0.280742178679652,0.),(0.,
0.3),.UNSPECIFIED.);
#52=B_SPLINE_SURFACE_WITH_KNOTS('',3,1,((#2359,#2360),(#2361,#2362),(#2363,
#2364),(#2365,#2366),(#2367,#2368),(#2369,#2370),(#2371,#2372)),
 .UNSPECIFIED.,.F.,.F.,.F.,(4,3,4),(2,2),(0.,0.710283751862199,1.),(0.,
0.3),.UNSPECIFIED.);
#53=B_SPLINE_SURFACE_WITH_KNOTS('',3,1,((#2382,#2383),(#2384,#2385),(#2386,
#2387),(#2388,#2389),(#2390,#2391),(#2392,#2393),(#2394,#2395)),
 .UNSPECIFIED.,.F.,.F.,.F.,(4,3,4),(2,2),(-1.,-0.280742178679291,0.),(0.,
0.3),.UNSPECIFIED.);
#54=B_SPLINE_SURFACE_WITH_KNOTS('',3,1,((#2405,#2406),(#2407,#2408),(#2409,
#2410),(#2411,#2412),(#2413,#2414),(#2415,#2416),(#2417,#2418)),
 .UNSPECIFIED.,.F.,.F.,.F.,(4,3,4),(2,2),(0.,0.710283751862811,1.),(0.,
0.3),.UNSPECIFIED.);
#55=B_SPLINE_CURVE_WITH_KNOTS('',3,(#1183,#1184,#1185,#1186,#1187,#1188,
#1189),.UNSPECIFIED.,.F.,.F.,(4,3,4),(0.,0.28074217867958,1.),
 .UNSPECIFIED.);
#56=B_SPLINE_CURVE_WITH_KNOTS('',3,(#1191,#1192,#1193,#1194,#1195,#1196,
#1197),.UNSPECIFIED.,.F.,.F.,(4,3,4),(-1.,-0.710283751862059,0.),
 .UNSPECIFIED.);
#57=B_SPLINE_CURVE_WITH_KNOTS('',3,(#1199,#1200,#1201,#1202,#1203,#1204,
#1205),.UNSPECIFIED.,.F.,.F.,(4,3,4),(0.,0.280742178679635,1.),
 .UNSPECIFIED.);
#58=B_SPLINE_CURVE_WITH_KNOTS('',3,(#1207,#1208,#1209,#1210,#1211,#1212,
#1213),.UNSPECIFIED.,.F.,.F.,(4,3,4),(-1.,-0.710283751861431,0.),
 .UNSPECIFIED.);
#59=B_SPLINE_CURVE_WITH_KNOTS('',3,(#1215,#1216,#1217,#1218,#1219,#1220,
#1221),.UNSPECIFIED.,.F.,.F.,(4,3,4),(0.,0.280742178679507,1.),
 .UNSPECIFIED.);
#60=B_SPLINE_CURVE_WITH_KNOTS('',3,(#1223,#1224,#1225,#1226,#1227,#1228,
#1229),.UNSPECIFIED.,.F.,.F.,(4,3,4),(-1.,-0.71028375186176,0.),
 .UNSPECIFIED.);
#61=B_SPLINE_CURVE_WITH_KNOTS('',3,(#1231,#1232,#1233,#1234,#1235,#1236,
#1237),.UNSPECIFIED.,.F.,.F.,(4,3,4),(0.,0.280742178679082,1.),
 .UNSPECIFIED.);
#62=B_SPLINE_CURVE_WITH_KNOTS('',3,(#1239,#1240,#1241,#1242,#1243,#1244,
#1245),.UNSPECIFIED.,.F.,.F.,(4,3,4),(-1.,-0.710283751862813,0.),
 .UNSPECIFIED.);
#63=B_SPLINE_CURVE_WITH_KNOTS('',3,(#1247,#1248,#1249,#1250,#1251,#1252,
#1253),.UNSPECIFIED.,.F.,.F.,(4,3,4),(0.,0.280742178679633,1.),
 .UNSPECIFIED.);
#64=B_SPLINE_CURVE_WITH_KNOTS('',3,(#1255,#1256,#1257,#1258,#1259,#1260,
#1261),.UNSPECIFIED.,.F.,.F.,(4,3,4),(-1.,-0.710283751861942,0.),
 .UNSPECIFIED.);
#65=B_SPLINE_CURVE_WITH_KNOTS('',3,(#1263,#1264,#1265,#1266,#1267,#1268,
#1269),.UNSPECIFIED.,.F.,.F.,(4,3,4),(0.,0.280742178679134,1.),
 .UNSPECIFIED.);
#66=B_SPLINE_CURVE_WITH_KNOTS('',3,(#1271,#1272,#1273,#1274,#1275,#1276,
#1277),.UNSPECIFIED.,.F.,.F.,(4,3,4),(-1.,-0.710283751862486,0.),
 .UNSPECIFIED.);
#67=B_SPLINE_CURVE_WITH_KNOTS('',3,(#1279,#1280,#1281,#1282,#1283,#1284,
#1285),.UNSPECIFIED.,.F.,.F.,(4,3,4),(0.,0.280742178679839,1.),
 .UNSPECIFIED.);
#68=B_SPLINE_CURVE_WITH_KNOTS('',3,(#1287,#1288,#1289,#1290,#1291,#1292,
#1293),.UNSPECIFIED.,.F.,.F.,(4,3,4),(-1.,-0.710283751862417,0.),
 .UNSPECIFIED.);
#69=B_SPLINE_CURVE_WITH_KNOTS('',3,(#1295,#1296,#1297,#1298,#1299,#1300,
#1301),.UNSPECIFIED.,.F.,.F.,(4,3,4),(0.,0.280742178680019,1.),
 .UNSPECIFIED.);
#70=B_SPLINE_CURVE_WITH_KNOTS('',3,(#1303,#1304,#1305,#1306,#1307,#1308,
#1309),.UNSPECIFIED.,.F.,.F.,(4,3,4),(-1.,-0.710283751862482,0.),
 .UNSPECIFIED.);
#71=B_SPLINE_CURVE_WITH_KNOTS('',3,(#1311,#1312,#1313,#1314,#1315,#1316,
#1317),.UNSPECIFIED.,.F.,.F.,(4,3,4),(0.,0.280742178679626,1.),
 .UNSPECIFIED.);
#72=B_SPLINE_CURVE_WITH_KNOTS('',3,(#1319,#1320,#1321,#1322,#1323,#1324,
#1325),.UNSPECIFIED.,.F.,.F.,(4,3,4),(-1.,-0.710283751861643,0.),
 .UNSPECIFIED.);
#73=B_SPLINE_CURVE_WITH_KNOTS('',3,(#1327,#1328,#1329,#1330,#1331,#1332,
#1333),.UNSPECIFIED.,.F.,.F.,(4,3,4),(0.,0.280742178679495,1.),
 .UNSPECIFIED.);
#74=B_SPLINE_CURVE_WITH_KNOTS('',3,(#1335,#1336,#1337,#1338,#1339,#1340,
#1341),.UNSPECIFIED.,.F.,.F.,(4,3,4),(-1.,-0.710283751863492,0.),
 .UNSPECIFIED.);
#75=B_SPLINE_CURVE_WITH_KNOTS('',3,(#1343,#1344,#1345,#1346,#1347,#1348,
#1349),.UNSPECIFIED.,.F.,.F.,(4,3,4),(0.,0.280742178680048,1.),
 .UNSPECIFIED.);
#76=B_SPLINE_CURVE_WITH_KNOTS('',3,(#1351,#1352,#1353,#1354,#1355,#1356,
#1357),.UNSPECIFIED.,.F.,.F.,(4,3,4),(-1.,-0.710283751863236,0.),
 .UNSPECIFIED.);
#77=B_SPLINE_CURVE_WITH_KNOTS('',3,(#1359,#1360,#1361,#1362,#1363,#1364,
#1365),.UNSPECIFIED.,.F.,.F.,(4,3,4),(0.,0.280742178679779,1.),
 .UNSPECIFIED.);
#78=B_SPLINE_CURVE_WITH_KNOTS('',3,(#1367,#1368,#1369,#1370,#1371,#1372,
#1373),.UNSPECIFIED.,.F.,.F.,(4,3,4),(-1.,-0.710283751862723,0.),
 .UNSPECIFIED.);
#79=B_SPLINE_CURVE_WITH_KNOTS('',3,(#1375,#1376,#1377,#1378,#1379,#1380,
#1381),.UNSPECIFIED.,.F.,.F.,(4,3,4),(0.,0.280742178679247,1.),
 .UNSPECIFIED.);
#80=B_SPLINE_CURVE_WITH_KNOTS('',3,(#1383,#1384,#1385,#1386,#1387,#1388,
#1389),.UNSPECIFIED.,.F.,.F.,(4,3,4),(-1.,-0.710283751862162,0.),
 .UNSPECIFIED.);
#81=B_SPLINE_CURVE_WITH_KNOTS('',3,(#1391,#1392,#1393,#1394,#1395,#1396,
#1397),.UNSPECIFIED.,.F.,.F.,(4,3,4),(0.,0.280742178679408,1.),
 .UNSPECIFIED.);
#82=B_SPLINE_CURVE_WITH_KNOTS('',3,(#1399,#1400,#1401,#1402,#1403,#1404,
#1405),.UNSPECIFIED.,.F.,.F.,(4,3,4),(-1.,-0.710283751862742,0.),
 .UNSPECIFIED.);
#83=B_SPLINE_CURVE_WITH_KNOTS('',3,(#1407,#1408,#1409,#1410,#1411,#1412,
#1413),.UNSPECIFIED.,.F.,.F.,(4,3,4),(0.,0.280742178680143,1.),
 .UNSPECIFIED.);
#84=B_SPLINE_CURVE_WITH_KNOTS('',3,(#1415,#1416,#1417,#1418,#1419,#1420,
#1421),.UNSPECIFIED.,.F.,.F.,(4,3,4),(-1.,-0.710283751863398,0.),
 .UNSPECIFIED.);
#85=B_SPLINE_CURVE_WITH_KNOTS('',3,(#1423,#1424,#1425,#1426,#1427,#1428,
#1429),.UNSPECIFIED.,.F.,.F.,(4,3,4),(0.,0.280742178679458,1.),
 .UNSPECIFIED.);
#86=B_SPLINE_CURVE_WITH_KNOTS('',3,(#1431,#1432,#1433,#1434,#1435,#1436,
#1437),.UNSPECIFIED.,.F.,.F.,(4,3,4),(-1.,-0.710283751862537,0.),
 .UNSPECIFIED.);
#87=B_SPLINE_CURVE_WITH_KNOTS('',3,(#1439,#1440,#1441,#1442,#1443,#1444,
#1445),.UNSPECIFIED.,.F.,.F.,(4,3,4),(0.,0.280742178679806,1.),
 .UNSPECIFIED.);
#88=B_SPLINE_CURVE_WITH_KNOTS('',3,(#1447,#1448,#1449,#1450,#1451,#1452,
#1453),.UNSPECIFIED.,.F.,.F.,(4,3,4),(-1.,-0.710283751862489,0.),
 .UNSPECIFIED.);
#89=B_SPLINE_CURVE_WITH_KNOTS('',3,(#1455,#1456,#1457,#1458,#1459,#1460,
#1461),.UNSPECIFIED.,.F.,.F.,(4,3,4),(0.,0.280742178679854,1.),
 .UNSPECIFIED.);
#90=B_SPLINE_CURVE_WITH_KNOTS('',3,(#1463,#1464,#1465,#1466,#1467,#1468,
#1469),.UNSPECIFIED.,.F.,.F.,(4,3,4),(-1.,-0.710283751861983,0.),
 .UNSPECIFIED.);
#91=B_SPLINE_CURVE_WITH_KNOTS('',3,(#1471,#1472,#1473,#1474,#1475,#1476,
#1477),.UNSPECIFIED.,.F.,.F.,(4,3,4),(0.,0.280742178679652,1.),
 .UNSPECIFIED.);
#92=B_SPLINE_CURVE_WITH_KNOTS('',3,(#1479,#1480,#1481,#1482,#1483,#1484,
#1485),.UNSPECIFIED.,.F.,.F.,(4,3,4),(-1.,-0.710283751862199,0.),
 .UNSPECIFIED.);
#93=B_SPLINE_CURVE_WITH_KNOTS('',3,(#1487,#1488,#1489,#1490,#1491,#1492,
#1493),.UNSPECIFIED.,.F.,.F.,(4,3,4),(0.,0.280742178679291,1.),
 .UNSPECIFIED.);
#94=B_SPLINE_CURVE_WITH_KNOTS('',3,(#1494,#1495,#1496,#1497,#1498,#1499,
#1500),.UNSPECIFIED.,.F.,.F.,(4,3,4),(-1.,-0.710283751862811,0.),
 .UNSPECIFIED.);
#95=B_SPLINE_CURVE_WITH_KNOTS('',3,(#1523,#1524,#1525,#1526,#1527,#1528,
#1529),.UNSPECIFIED.,.F.,.F.,(4,3,4),(-1.,-0.28074217867958,0.),
 .UNSPECIFIED.);
#96=B_SPLINE_CURVE_WITH_KNOTS('',3,(#1546,#1547,#1548,#1549,#1550,#1551,
#1552),.UNSPECIFIED.,.F.,.F.,(4,3,4),(0.,0.710283751862059,1.),
 .UNSPECIFIED.);
#97=B_SPLINE_CURVE_WITH_KNOTS('',3,(#1569,#1570,#1571,#1572,#1573,#1574,
#1575),.UNSPECIFIED.,.F.,.F.,(4,3,4),(-1.,-0.280742178679635,0.),
 .UNSPECIFIED.);
#98=B_SPLINE_CURVE_WITH_KNOTS('',3,(#1592,#1593,#1594,#1595,#1596,#1597,
#1598),.UNSPECIFIED.,.F.,.F.,(4,3,4),(0.,0.710283751861431,1.),
 .UNSPECIFIED.);
#99=B_SPLINE_CURVE_WITH_KNOTS('',3,(#1615,#1616,#1617,#1618,#1619,#1620,
#1621),.UNSPECIFIED.,.F.,.F.,(4,3,4),(-1.,-0.280742178679507,0.),
 .UNSPECIFIED.);
#100=B_SPLINE_CURVE_WITH_KNOTS('',3,(#1638,#1639,#1640,#1641,#1642,#1643,
#1644),.UNSPECIFIED.,.F.,.F.,(4,3,4),(0.,0.71028375186176,1.),
 .UNSPECIFIED.);
#101=B_SPLINE_CURVE_WITH_KNOTS('',3,(#1661,#1662,#1663,#1664,#1665,#1666,
#1667),.UNSPECIFIED.,.F.,.F.,(4,3,4),(-1.,-0.280742178679082,0.),
 .UNSPECIFIED.);
#102=B_SPLINE_CURVE_WITH_KNOTS('',3,(#1684,#1685,#1686,#1687,#1688,#1689,
#1690),.UNSPECIFIED.,.F.,.F.,(4,3,4),(0.,0.710283751862813,1.),
 .UNSPECIFIED.);
#103=B_SPLINE_CURVE_WITH_KNOTS('',3,(#1707,#1708,#1709,#1710,#1711,#1712,
#1713),.UNSPECIFIED.,.F.,.F.,(4,3,4),(-1.,-0.280742178679633,0.),
 .UNSPECIFIED.);
#104=B_SPLINE_CURVE_WITH_KNOTS('',3,(#1730,#1731,#1732,#1733,#1734,#1735,
#1736),.UNSPECIFIED.,.F.,.F.,(4,3,4),(0.,0.710283751861942,1.),
 .UNSPECIFIED.);
#105=B_SPLINE_CURVE_WITH_KNOTS('',3,(#1753,#1754,#1755,#1756,#1757,#1758,
#1759),.UNSPECIFIED.,.F.,.F.,(4,3,4),(-1.,-0.280742178679134,0.),
 .UNSPECIFIED.);
#106=B_SPLINE_CURVE_WITH_KNOTS('',3,(#1776,#1777,#1778,#1779,#1780,#1781,
#1782),.UNSPECIFIED.,.F.,.F.,(4,3,4),(0.,0.710283751862486,1.),
 .UNSPECIFIED.);
#107=B_SPLINE_CURVE_WITH_KNOTS('',3,(#1799,#1800,#1801,#1802,#1803,#1804,
#1805),.UNSPECIFIED.,.F.,.F.,(4,3,4),(-1.,-0.280742178679839,0.),
 .UNSPECIFIED.);
#108=B_SPLINE_CURVE_WITH_KNOTS('',3,(#1822,#1823,#1824,#1825,#1826,#1827,
#1828),.UNSPECIFIED.,.F.,.F.,(4,3,4),(0.,0.710283751862417,1.),
 .UNSPECIFIED.);
#109=B_SPLINE_CURVE_WITH_KNOTS('',3,(#1845,#1846,#1847,#1848,#1849,#1850,
#1851),.UNSPECIFIED.,.F.,.F.,(4,3,4),(-1.,-0.280742178680019,0.),
 .UNSPECIFIED.);
#110=B_SPLINE_CURVE_WITH_KNOTS('',3,(#1868,#1869,#1870,#1871,#1872,#1873,
#1874),.UNSPECIFIED.,.F.,.F.,(4,3,4),(0.,0.710283751862482,1.),
 .UNSPECIFIED.);
#111=B_SPLINE_CURVE_WITH_KNOTS('',3,(#1891,#1892,#1893,#1894,#1895,#1896,
#1897),.UNSPECIFIED.,.F.,.F.,(4,3,4),(-1.,-0.280742178679626,0.),
 .UNSPECIFIED.);
#112=B_SPLINE_CURVE_WITH_KNOTS('',3,(#1914,#1915,#1916,#1917,#1918,#1919,
#1920),.UNSPECIFIED.,.F.,.F.,(4,3,4),(0.,0.710283751861643,1.),
 .UNSPECIFIED.);
#113=B_SPLINE_CURVE_WITH_KNOTS('',3,(#1937,#1938,#1939,#1940,#1941,#1942,
#1943),.UNSPECIFIED.,.F.,.F.,(4,3,4),(-1.,-0.280742178679495,0.),
 .UNSPECIFIED.);
#114=B_SPLINE_CURVE_WITH_KNOTS('',3,(#1960,#1961,#1962,#1963,#1964,#1965,
#1966),.UNSPECIFIED.,.F.,.F.,(4,3,4),(0.,0.710283751863492,1.),
 .UNSPECIFIED.);
#115=B_SPLINE_CURVE_WITH_KNOTS('',3,(#1983,#1984,#1985,#1986,#1987,#1988,
#1989),.UNSPECIFIED.,.F.,.F.,(4,3,4),(-1.,-0.280742178680048,0.),
 .UNSPECIFIED.);
#116=B_SPLINE_CURVE_WITH_KNOTS('',3,(#2006,#2007,#2008,#2009,#2010,#2011,
#2012),.UNSPECIFIED.,.F.,.F.,(4,3,4),(0.,0.710283751863236,1.),
 .UNSPECIFIED.);
#117=B_SPLINE_CURVE_WITH_KNOTS('',3,(#2029,#2030,#2031,#2032,#2033,#2034,
#2035),.UNSPECIFIED.,.F.,.F.,(4,3,4),(-1.,-0.280742178679779,0.),
 .UNSPECIFIED.);
#118=B_SPLINE_CURVE_WITH_KNOTS('',3,(#2052,#2053,#2054,#2055,#2056,#2057,
#2058),.UNSPECIFIED.,.F.,.F.,(4,3,4),(0.,0.710283751862723,1.),
 .UNSPECIFIED.);
#119=B_SPLINE_CURVE_WITH_KNOTS('',3,(#2075,#2076,#2077,#2078,#2079,#2080,
#2081),.UNSPECIFIED.,.F.,.F.,(4,3,4),(-1.,-0.280742178679247,0.),
 .UNSPECIFIED.);
#120=B_SPLINE_CURVE_WITH_KNOTS('',3,(#2098,#2099,#2100,#2101,#2102,#2103,
#2104),.UNSPECIFIED.,.F.,.F.,(4,3,4),(0.,0.710283751862162,1.),
 .UNSPECIFIED.);
#121=B_SPLINE_CURVE_WITH_KNOTS('',3,(#2121,#2122,#2123,#2124,#2125,#2126,
#2127),.UNSPECIFIED.,.F.,.F.,(4,3,4),(-1.,-0.280742178679408,0.),
 .UNSPECIFIED.);
#122=B_SPLINE_CURVE_WITH_KNOTS('',3,(#2144,#2145,#2146,#2147,#2148,#2149,
#2150),.UNSPECIFIED.,.F.,.F.,(4,3,4),(0.,0.710283751862742,1.),
 .UNSPECIFIED.);
#123=B_SPLINE_CURVE_WITH_KNOTS('',3,(#2167,#2168,#2169,#2170,#2171,#2172,
#2173),.UNSPECIFIED.,.F.,.F.,(4,3,4),(-1.,-0.280742178680143,0.),
 .UNSPECIFIED.);
#124=B_SPLINE_CURVE_WITH_KNOTS('',3,(#2190,#2191,#2192,#2193,#2194,#2195,
#2196),.UNSPECIFIED.,.F.,.F.,(4,3,4),(0.,0.710283751863398,1.),
 .UNSPECIFIED.);
#125=B_SPLINE_CURVE_WITH_KNOTS('',3,(#2213,#2214,#2215,#2216,#2217,#2218,
#2219),.UNSPECIFIED.,.F.,.F.,(4,3,4),(-1.,-0.280742178679458,0.),
 .UNSPECIFIED.);
#126=B_SPLINE_CURVE_WITH_KNOTS('',3,(#2236,#2237,#2238,#2239,#2240,#2241,
#2242),.UNSPECIFIED.,.F.,.F.,(4,3,4),(0.,0.710283751862537,1.),
 .UNSPECIFIED.);
#127=B_SPLINE_CURVE_WITH_KNOTS('',3,(#2259,#2260,#2261,#2262,#2263,#2264,
#2265),.UNSPECIFIED.,.F.,.F.,(4,3,4),(-1.,-0.280742178679806,0.),
 .UNSPECIFIED.);
#128=B_SPLINE_CURVE_WITH_KNOTS('',3,(#2282,#2283,#2284,#2285,#2286,#2287,
#2288),.UNSPECIFIED.,.F.,.F.,(4,3,4),(0.,0.710283751862489,1.),
 .UNSPECIFIED.);
#129=B_SPLINE_CURVE_WITH_KNOTS('',3,(#2305,#2306,#2307,#2308,#2309,#2310,
#2311),.UNSPECIFIED.,.F.,.F.,(4,3,4),(-1.,-0.280742178679854,0.),
 .UNSPECIFIED.);
#130=B_SPLINE_CURVE_WITH_KNOTS('',3,(#2328,#2329,#2330,#2331,#2332,#2333,
#2334),.UNSPECIFIED.,.F.,.F.,(4,3,4),(0.,0.710283751861983,1.),
 .UNSPECIFIED.);
#131=B_SPLINE_CURVE_WITH_KNOTS('',3,(#2351,#2352,#2353,#2354,#2355,#2356,
#2357),.UNSPECIFIED.,.F.,.F.,(4,3,4),(-1.,-0.280742178679652,0.),
 .UNSPECIFIED.);
#132=B_SPLINE_CURVE_WITH_KNOTS('',3,(#2374,#2375,#2376,#2377,#2378,#2379,
#2380),.UNSPECIFIED.,.F.,.F.,(4,3,4),(0.,0.710283751862199,1.),
 .UNSPECIFIED.);
#133=B_SPLINE_CURVE_WITH_KNOTS('',3,(#2397,#2398,#2399,#2400,#2401,#2402,
#2403),.UNSPECIFIED.,.F.,.F.,(4,3,4),(-1.,-0.280742178679291,0.),
 .UNSPECIFIED.);
#134=B_SPLINE_CURVE_WITH_KNOTS('',3,(#2419,#2420,#2421,#2422,#2423,#2424,
#2425),.UNSPECIFIED.,.F.,.F.,(4,3,4),(0.,0.710283751862811,1.),
 .UNSPECIFIED.);
#135=FACE_BOUND('',#204,.T.);
#136=FACE_BOUND('',#210,.T.);
#137=FACE_BOUND('',#212,.T.);
#138=FACE_BOUND('',#215,.T.);
#139=FACE_BOUND('',#218,.T.);
#140=FACE_BOUND('',#260,.T.);
#141=PLANE('',#995);
#142=PLANE('',#997);
#143=PLANE('',#1001);
#144=PLANE('',#1005);
#145=PLANE('',#1008);
#146=PLANE('',#1014);
#147=PLANE('',#1017);
#148=PLANE('',#1018);
#149=FACE_OUTER_BOUND('',#202,.T.);
#150=FACE_OUTER_BOUND('',#203,.T.);
#151=FACE_OUTER_BOUND('',#205,.T.);
#152=FACE_OUTER_BOUND('',#206,.T.);
#153=FACE_OUTER_BOUND('',#207,.T.);
#154=FACE_OUTER_BOUND('',#208,.T.);
#155=FACE_OUTER_BOUND('',#209,.T.);
#156=FACE_OUTER_BOUND('',#211,.T.);
#157=FACE_OUTER_BOUND('',#213,.T.);
#158=FACE_OUTER_BOUND('',#214,.T.);
#159=FACE_OUTER_BOUND('',#216,.T.);
#160=FACE_OUTER_BOUND('',#217,.T.);
#161=FACE_OUTER_BOUND('',#219,.T.);
#162=FACE_OUTER_BOUND('',#220,.T.);
#163=FACE_OUTER_BOUND('',#221,.T.);
#164=FACE_OUTER_BOUND('',#222,.T.);
#165=FACE_OUTER_BOUND('',#223,.T.);
#166=FACE_OUTER_BOUND('',#224,.T.);
#167=FACE_OUTER_BOUND('',#225,.T.);
#168=FACE_OUTER_BOUND('',#226,.T.);
#169=FACE_OUTER_BOUND('',#227,.T.);
#170=FACE_OUTER_BOUND('',#228,.T.);
#171=FACE_OUTER_BOUND('',#229,.T.);
#172=FACE_OUTER_BOUND('',#230,.T.);
#173=FACE_OUTER_BOUND('',#231,.T.);
#174=FACE_OUTER_BOUND('',#232,.T.);
#175=FACE_OUTER_BOUND('',#233,.T.);
#176=FACE_OUTER_BOUND('',#234,.T.);
#177=FACE_OUTER_BOUND('',#235,.T.);
#178=FACE_OUTER_BOUND('',#236,.T.);
#179=FACE_OUTER_BOUND('',#237,.T.);
#180=FACE_OUTER_BOUND('',#238,.T.);
#181=FACE_OUTER_BOUND('',#239,.T.);
#182=FACE_OUTER_BOUND('',#240,.T.);
#183=FACE_OUTER_BOUND('',#241,.T.);
#184=FACE_OUTER_BOUND('',#242,.T.);
#185=FACE_OUTER_BOUND('',#243,.T.);
#186=FACE_OUTER_BOUND('',#244,.T.);
#187=FACE_OUTER_BOUND('',#245,.T.);
#188=FACE_OUTER_BOUND('',#246,.T.);
#189=FACE_OUTER_BOUND('',#247,.T.);
#190=FACE_OUTER_BOUND('',#248,.T.);
#191=FACE_OUTER_BOUND('',#249,.T.);
#192=FACE_OUTER_BOUND('',#250,.T.);
#193=FACE_OUTER_BOUND('',#251,.T.);
#194=FACE_OUTER_BOUND('',#252,.T.);
#195=FACE_OUTER_BOUND('',#253,.T.);
#196=FACE_OUTER_BOUND('',#254,.T.);
#197=FACE_OUTER_BOUND('',#255,.T.);
#198=FACE_OUTER_BOUND('',#256,.T.);
#199=FACE_OUTER_BOUND('',#257,.T.);
#200=FACE_OUTER_BOUND('',#258,.T.);
#201=FACE_OUTER_BOUND('',#259,.T.);
#202=EDGE_LOOP('',(#626,#627,#628,#629));
#203=EDGE_LOOP('',(#630));
#204=EDGE_LOOP('',(#631));
#205=EDGE_LOOP('',(#632,#633,#634,#635));
#206=EDGE_LOOP('',(#636,#637,#638,#639));
#207=EDGE_LOOP('',(#640,#641,#642,#643));
#208=EDGE_LOOP('',(#644,#645,#646,#647));
#209=EDGE_LOOP('',(#648,#649,#650,#651,#652));
#210=EDGE_LOOP('',(#653));
#211=EDGE_LOOP('',(#654,#655,#656,#657,#658));
#212=EDGE_LOOP('',(#659));
#213=EDGE_LOOP('',(#660,#661,#662,#663,#664,#665,#666,#667,#668,#669,#670,
#671));
#214=EDGE_LOOP('',(#672,#673,#674,#675,#676,#677,#678,#679,#680,#681,#682,
#683,#684,#685,#686,#687,#688,#689,#690,#691,#692,#693,#694,#695,#696,#697,
#698,#699,#700,#701,#702,#703,#704,#705,#706,#707,#708,#709,#710,#711));
#215=EDGE_LOOP('',(#712));
#216=EDGE_LOOP('',(#713,#714,#715,#716));
#217=EDGE_LOOP('',(#717));
#218=EDGE_LOOP('',(#718));
#219=EDGE_LOOP('',(#719,#720,#721,#722));
#220=EDGE_LOOP('',(#723,#724,#725,#726));
#221=EDGE_LOOP('',(#727,#728,#729,#730));
#222=EDGE_LOOP('',(#731,#732,#733,#734));
#223=EDGE_LOOP('',(#735,#736,#737,#738));
#224=EDGE_LOOP('',(#739,#740,#741,#742));
#225=EDGE_LOOP('',(#743,#744,#745,#746));
#226=EDGE_LOOP('',(#747,#748,#749,#750));
#227=EDGE_LOOP('',(#751,#752,#753,#754));
#228=EDGE_LOOP('',(#755,#756,#757,#758));
#229=EDGE_LOOP('',(#759,#760,#761,#762));
#230=EDGE_LOOP('',(#763,#764,#765,#766));
#231=EDGE_LOOP('',(#767,#768,#769,#770));
#232=EDGE_LOOP('',(#771,#772,#773,#774));
#233=EDGE_LOOP('',(#775,#776,#777,#778));
#234=EDGE_LOOP('',(#779,#780,#781,#782));
#235=EDGE_LOOP('',(#783,#784,#785,#786));
#236=EDGE_LOOP('',(#787,#788,#789,#790));
#237=EDGE_LOOP('',(#791,#792,#793,#794));
#238=EDGE_LOOP('',(#795,#796,#797,#798));
#239=EDGE_LOOP('',(#799,#800,#801,#802));
#240=EDGE_LOOP('',(#803,#804,#805,#806));
#241=EDGE_LOOP('',(#807,#808,#809,#810));
#242=EDGE_LOOP('',(#811,#812,#813,#814));
#243=EDGE_LOOP('',(#815,#816,#817,#818));
#244=EDGE_LOOP('',(#819,#820,#821,#822));
#245=EDGE_LOOP('',(#823,#824,#825,#826));
#246=EDGE_LOOP('',(#827,#828,#829,#830));
#247=EDGE_LOOP('',(#831,#832,#833,#834));
#248=EDGE_LOOP('',(#835,#836,#837,#838));
#249=EDGE_LOOP('',(#839,#840,#841,#842));
#250=EDGE_LOOP('',(#843,#844,#845,#846));
#251=EDGE_LOOP('',(#847,#848,#849,#850));
#252=EDGE_LOOP('',(#851,#852,#853,#854));
#253=EDGE_LOOP('',(#855,#856,#857,#858));
#254=EDGE_LOOP('',(#859,#860,#861,#862));
#255=EDGE_LOOP('',(#863,#864,#865,#866));
#256=EDGE_LOOP('',(#867,#868,#869,#870));
#257=EDGE_LOOP('',(#871,#872,#873,#874));
#258=EDGE_LOOP('',(#875,#876,#877,#878));
#259=EDGE_LOOP('',(#879));
#260=EDGE_LOOP('',(#880,#881,#882,#883,#884,#885,#886,#887,#888,#889,#890,
#891,#892,#893,#894,#895,#896,#897,#898,#899,#900,#901,#902,#903,#904,#905,
#906,#907,#908,#909,#910,#911,#912,#913,#914,#915,#916,#917,#918,#919));
#261=LINE('',#1133,#314);
#262=LINE('',#1141,#315);
#263=LINE('',#1143,#316);
#264=LINE('',#1145,#317);
#265=LINE('',#1146,#318);
#266=LINE('',#1151,#319);
#267=LINE('',#1156,#320);
#268=LINE('',#1158,#321);
#269=LINE('',#1160,#322);
#270=LINE('',#1161,#323);
#271=LINE('',#1176,#324);
#272=LINE('',#1178,#325);
#273=LINE('',#1504,#326);
#274=LINE('',#1521,#327);
#275=LINE('',#1530,#328);
#276=LINE('',#1553,#329);
#277=LINE('',#1576,#330);
#278=LINE('',#1599,#331);
#279=LINE('',#1622,#332);
#280=LINE('',#1645,#333);
#281=LINE('',#1668,#334);
#282=LINE('',#1691,#335);
#283=LINE('',#1714,#336);
#284=LINE('',#1737,#337);
#285=LINE('',#1760,#338);
#286=LINE('',#1783,#339);
#287=LINE('',#1806,#340);
#288=LINE('',#1829,#341);
#289=LINE('',#1852,#342);
#290=LINE('',#1875,#343);
#291=LINE('',#1898,#344);
#292=LINE('',#1921,#345);
#293=LINE('',#1944,#346);
#294=LINE('',#1967,#347);
#295=LINE('',#1990,#348);
#296=LINE('',#2013,#349);
#297=LINE('',#2036,#350);
#298=LINE('',#2059,#351);
#299=LINE('',#2082,#352);
#300=LINE('',#2105,#353);
#301=LINE('',#2128,#354);
#302=LINE('',#2151,#355);
#303=LINE('',#2174,#356);
#304=LINE('',#2197,#357);
#305=LINE('',#2220,#358);
#306=LINE('',#2243,#359);
#307=LINE('',#2266,#360);
#308=LINE('',#2289,#361);
#309=LINE('',#2312,#362);
#310=LINE('',#2335,#363);
#311=LINE('',#2358,#364);
#312=LINE('',#2381,#365);
#313=LINE('',#2404,#366);
#314=VECTOR('',#1025,2.7);
#315=VECTOR('',#1034,10.);
#316=VECTOR('',#1035,10.);
#317=VECTOR('',#1036,10.);
#318=VECTOR('',#1037,10.);
#319=VECTOR('',#1042,1.15);
#320=VECTOR('',#1047,10.);
#321=VECTOR('',#1048,10.);
#322=VECTOR('',#1049,10.);
#323=VECTOR('',#1050,10.);
#324=VECTOR('',#1073,5.);
#325=VECTOR('',#1074,5.);
#326=VECTOR('',#1083,1.);
#327=VECTOR('',#1086,10.);
#328=VECTOR('',#1087,10.);
#329=VECTOR('',#1088,10.);
#330=VECTOR('',#1089,10.);
#331=VECTOR('',#1090,10.);
#332=VECTOR('',#1091,10.);
#333=VECTOR('',#1092,10.);
#334=VECTOR('',#1093,10.);
#335=VECTOR('',#1094,10.);
#336=VECTOR('',#1095,10.);
#337=VECTOR('',#1096,10.);
#338=VECTOR('',#1097,10.);
#339=VECTOR('',#1098,10.);
#340=VECTOR('',#1099,10.);
#341=VECTOR('',#1100,10.);
#342=VECTOR('',#1101,10.);
#343=VECTOR('',#1102,10.);
#344=VECTOR('',#1103,10.);
#345=VECTOR('',#1104,10.);
#346=VECTOR('',#1105,10.);
#347=VECTOR('',#1106,10.);
#348=VECTOR('',#1107,10.);
#349=VECTOR('',#1108,10.);
#350=VECTOR('',#1109,10.);
#351=VECTOR('',#1110,10.);
#352=VECTOR('',#1111,10.);
#353=VECTOR('',#1112,10.);
#354=VECTOR('',#1113,10.);
#355=VECTOR('',#1114,10.);
#356=VECTOR('',#1115,10.);
#357=VECTOR('',#1116,10.);
#358=VECTOR('',#1117,10.);
#359=VECTOR('',#1118,10.);
#360=VECTOR('',#1119,10.);
#361=VECTOR('',#1120,10.);
#362=VECTOR('',#1121,10.);
#363=VECTOR('',#1122,10.);
#364=VECTOR('',#1123,10.);
#365=VECTOR('',#1124,10.);
#366=VECTOR('',#1125,10.);
#367=CIRCLE('',#993,2.7);
#368=CIRCLE('',#994,2.7);
#369=CIRCLE('',#996,1.);
#370=CIRCLE('',#999,1.15);
#371=CIRCLE('',#1000,1.15);
#372=CIRCLE('',#1003,3.);
#373=CIRCLE('',#1004,3.);
#374=CIRCLE('',#1006,5.);
#375=CIRCLE('',#1007,5.);
#376=CIRCLE('',#1009,5.);
#377=CIRCLE('',#1010,5.);
#378=CIRCLE('',#1012,5.);
#379=CIRCLE('',#1013,5.);
#380=CIRCLE('',#1015,1.);
#381=VERTEX_POINT('',#1130);
#382=VERTEX_POINT('',#1132);
#383=VERTEX_POINT('',#1136);
#384=VERTEX_POINT('',#1139);
#385=VERTEX_POINT('',#1140);
#386=VERTEX_POINT('',#1142);
#387=VERTEX_POINT('',#1144);
#388=VERTEX_POINT('',#1148);
#389=VERTEX_POINT('',#1150);
#390=VERTEX_POINT('',#1154);
#391=VERTEX_POINT('',#1155);
#392=VERTEX_POINT('',#1157);
#393=VERTEX_POINT('',#1159);
#394=VERTEX_POINT('',#1166);
#395=VERTEX_POINT('',#1170);
#396=VERTEX_POINT('',#1174);
#397=VERTEX_POINT('',#1177);
#398=VERTEX_POINT('',#1181);
#399=VERTEX_POINT('',#1182);
#400=VERTEX_POINT('',#1190);
#401=VERTEX_POINT('',#1198);
#402=VERTEX_POINT('',#1206);
#403=VERTEX_POINT('',#1214);
#404=VERTEX_POINT('',#1222);
#405=VERTEX_POINT('',#1230);
#406=VERTEX_POINT('',#1238);
#407=VERTEX_POINT('',#1246);
#408=VERTEX_POINT('',#1254);
#409=VERTEX_POINT('',#1262);
#410=VERTEX_POINT('',#1270);
#411=VERTEX_POINT('',#1278);
#412=VERTEX_POINT('',#1286);
#413=VERTEX_POINT('',#1294);
#414=VERTEX_POINT('',#1302);
#415=VERTEX_POINT('',#1310);
#416=VERTEX_POINT('',#1318);
#417=VERTEX_POINT('',#1326);
#418=VERTEX_POINT('',#1334);
#419=VERTEX_POINT('',#1342);
#420=VERTEX_POINT('',#1350);
#421=VERTEX_POINT('',#1358);
#422=VERTEX_POINT('',#1366);
#423=VERTEX_POINT('',#1374);
#424=VERTEX_POINT('',#1382);
#425=VERTEX_POINT('',#1390);
#426=VERTEX_POINT('',#1398);
#427=VERTEX_POINT('',#1406);
#428=VERTEX_POINT('',#1414);
#429=VERTEX_POINT('',#1422);
#430=VERTEX_POINT('',#1430);
#431=VERTEX_POINT('',#1438);
#432=VERTEX_POINT('',#1446);
#433=VERTEX_POINT('',#1454);
#434=VERTEX_POINT('',#1462);
#435=VERTEX_POINT('',#1470);
#436=VERTEX_POINT('',#1478);
#437=VERTEX_POINT('',#1486);
#438=VERTEX_POINT('',#1501);
#439=VERTEX_POINT('',#1520);
#440=VERTEX_POINT('',#1522);
#441=VERTEX_POINT('',#1545);
#442=VERTEX_POINT('',#1568);
#443=VERTEX_POINT('',#1591);
#444=VERTEX_POINT('',#1614);
#445=VERTEX_POINT('',#1637);
#446=VERTEX_POINT('',#1660);
#447=VERTEX_POINT('',#1683);
#448=VERTEX_POINT('',#1706);
#449=VERTEX_POINT('',#1729);
#450=VERTEX_POINT('',#1752);
#451=VERTEX_POINT('',#1775);
#452=VERTEX_POINT('',#1798);
#453=VERTEX_POINT('',#1821);
#454=VERTEX_POINT('',#1844);
#455=VERTEX_POINT('',#1867);
#456=VERTEX_POINT('',#1890);
#457=VERTEX_POINT('',#1913);
#458=VERTEX_POINT('',#1936);
#459=VERTEX_POINT('',#1959);
#460=VERTEX_POINT('',#1982);
#461=VERTEX_POINT('',#2005);
#462=VERTEX_POINT('',#2028);
#463=VERTEX_POINT('',#2051);
#464=VERTEX_POINT('',#2074);
#465=VERTEX_POINT('',#2097);
#466=VERTEX_POINT('',#2120);
#467=VERTEX_POINT('',#2143);
#468=VERTEX_POINT('',#2166);
#469=VERTEX_POINT('',#2189);
#470=VERTEX_POINT('',#2212);
#471=VERTEX_POINT('',#2235);
#472=VERTEX_POINT('',#2258);
#473=VERTEX_POINT('',#2281);
#474=VERTEX_POINT('',#2304);
#475=VERTEX_POINT('',#2327);
#476=VERTEX_POINT('',#2350);
#477=VERTEX_POINT('',#2373);
#478=VERTEX_POINT('',#2396);
#479=EDGE_CURVE('',#381,#381,#367,.T.);
#480=EDGE_CURVE('',#381,#382,#261,.T.);
#481=EDGE_CURVE('',#382,#382,#368,.T.);
#482=EDGE_CURVE('',#383,#383,#369,.T.);
#483=EDGE_CURVE('',#384,#385,#262,.T.);
#484=EDGE_CURVE('',#386,#385,#263,.T.);
#485=EDGE_CURVE('',#386,#387,#264,.T.);
#486=EDGE_CURVE('',#387,#384,#265,.T.);
#487=EDGE_CURVE('',#388,#388,#370,.T.);
#488=EDGE_CURVE('',#388,#389,#266,.T.);
#489=EDGE_CURVE('',#389,#389,#371,.T.);
#490=EDGE_CURVE('',#390,#391,#267,.T.);
#491=EDGE_CURVE('',#392,#391,#268,.T.);
#492=EDGE_CURVE('',#392,#393,#269,.T.);
#493=EDGE_CURVE('',#393,#390,#270,.T.);
#494=EDGE_CURVE('',#391,#384,#372,.T.);
#495=EDGE_CURVE('',#387,#392,#373,.T.);
#496=EDGE_CURVE('',#393,#394,#374,.T.);
#497=EDGE_CURVE('',#394,#386,#375,.T.);
#498=EDGE_CURVE('',#395,#390,#376,.T.);
#499=EDGE_CURVE('',#385,#395,#377,.T.);
#500=EDGE_CURVE('',#396,#396,#378,.T.);
#501=EDGE_CURVE('',#396,#395,#271,.T.);
#502=EDGE_CURVE('',#394,#397,#272,.T.);
#503=EDGE_CURVE('',#397,#397,#379,.T.);
#504=EDGE_CURVE('',#398,#399,#55,.T.);
#505=EDGE_CURVE('',#399,#400,#56,.T.);
#506=EDGE_CURVE('',#400,#401,#57,.T.);
#507=EDGE_CURVE('',#401,#402,#58,.T.);
#508=EDGE_CURVE('',#402,#403,#59,.T.);
#509=EDGE_CURVE('',#403,#404,#60,.T.);
#510=EDGE_CURVE('',#404,#405,#61,.T.);
#511=EDGE_CURVE('',#405,#406,#62,.T.);
#512=EDGE_CURVE('',#406,#407,#63,.T.);
#513=EDGE_CURVE('',#407,#408,#64,.T.);
#514=EDGE_CURVE('',#408,#409,#65,.T.);
#515=EDGE_CURVE('',#409,#410,#66,.T.);
#516=EDGE_CURVE('',#410,#411,#67,.T.);
#517=EDGE_CURVE('',#411,#412,#68,.T.);
#518=EDGE_CURVE('',#412,#413,#69,.T.);
#519=EDGE_CURVE('',#413,#414,#70,.T.);
#520=EDGE_CURVE('',#414,#415,#71,.T.);
#521=EDGE_CURVE('',#415,#416,#72,.T.);
#522=EDGE_CURVE('',#416,#417,#73,.T.);
#523=EDGE_CURVE('',#417,#418,#74,.T.);
#524=EDGE_CURVE('',#418,#419,#75,.T.);
#525=EDGE_CURVE('',#419,#420,#76,.T.);
#526=EDGE_CURVE('',#420,#421,#77,.T.);
#527=EDGE_CURVE('',#421,#422,#78,.T.);
#528=EDGE_CURVE('',#422,#423,#79,.T.);
#529=EDGE_CURVE('',#423,#424,#80,.T.);
#530=EDGE_CURVE('',#424,#425,#81,.T.);
#531=EDGE_CURVE('',#425,#426,#82,.T.);
#532=EDGE_CURVE('',#426,#427,#83,.T.);
#533=EDGE_CURVE('',#427,#428,#84,.T.);
#534=EDGE_CURVE('',#428,#429,#85,.T.);
#535=EDGE_CURVE('',#429,#430,#86,.T.);
#536=EDGE_CURVE('',#430,#431,#87,.T.);
#537=EDGE_CURVE('',#431,#432,#88,.T.);
#538=EDGE_CURVE('',#432,#433,#89,.T.);
#539=EDGE_CURVE('',#433,#434,#90,.T.);
#540=EDGE_CURVE('',#434,#435,#91,.T.);
#541=EDGE_CURVE('',#435,#436,#92,.T.);
#542=EDGE_CURVE('',#436,#437,#93,.T.);
#543=EDGE_CURVE('',#437,#398,#94,.T.);
#544=EDGE_CURVE('',#438,#438,#380,.T.);
#545=EDGE_CURVE('',#383,#438,#273,.T.);
#546=EDGE_CURVE('',#398,#439,#274,.T.);
#547=EDGE_CURVE('',#440,#439,#95,.T.);
#548=EDGE_CURVE('',#399,#440,#275,.T.);
#549=EDGE_CURVE('',#441,#440,#96,.T.);
#550=EDGE_CURVE('',#400,#441,#276,.T.);
#551=EDGE_CURVE('',#442,#441,#97,.T.);
#552=EDGE_CURVE('',#401,#442,#277,.T.);
#553=EDGE_CURVE('',#443,#442,#98,.T.);
#554=EDGE_CURVE('',#402,#443,#278,.T.);
#555=EDGE_CURVE('',#444,#443,#99,.T.);
#556=EDGE_CURVE('',#403,#444,#279,.T.);
#557=EDGE_CURVE('',#445,#444,#100,.T.);
#558=EDGE_CURVE('',#404,#445,#280,.T.);
#559=EDGE_CURVE('',#446,#445,#101,.T.);
#560=EDGE_CURVE('',#405,#446,#281,.T.);
#561=EDGE_CURVE('',#447,#446,#102,.T.);
#562=EDGE_CURVE('',#406,#447,#282,.T.);
#563=EDGE_CURVE('',#448,#447,#103,.T.);
#564=EDGE_CURVE('',#407,#448,#283,.T.);
#565=EDGE_CURVE('',#449,#448,#104,.T.);
#566=EDGE_CURVE('',#408,#449,#284,.T.);
#567=EDGE_CURVE('',#450,#449,#105,.T.);
#568=EDGE_CURVE('',#409,#450,#285,.T.);
#569=EDGE_CURVE('',#451,#450,#106,.T.);
#570=EDGE_CURVE('',#410,#451,#286,.T.);
#571=EDGE_CURVE('',#452,#451,#107,.T.);
#572=EDGE_CURVE('',#411,#452,#287,.T.);
#573=EDGE_CURVE('',#453,#452,#108,.T.);
#574=EDGE_CURVE('',#412,#453,#288,.T.);
#575=EDGE_CURVE('',#454,#453,#109,.T.);
#576=EDGE_CURVE('',#413,#454,#289,.T.);
#577=EDGE_CURVE('',#455,#454,#110,.T.);
#578=EDGE_CURVE('',#414,#455,#290,.T.);
#579=EDGE_CURVE('',#456,#455,#111,.T.);
#580=EDGE_CURVE('',#415,#456,#291,.T.);
#581=EDGE_CURVE('',#457,#456,#112,.T.);
#582=EDGE_CURVE('',#416,#457,#292,.T.);
#583=EDGE_CURVE('',#458,#457,#113,.T.);
#584=EDGE_CURVE('',#417,#458,#293,.T.);
#585=EDGE_CURVE('',#459,#458,#114,.T.);
#586=EDGE_CURVE('',#418,#459,#294,.T.);
#587=EDGE_CURVE('',#460,#459,#115,.T.);
#588=EDGE_CURVE('',#419,#460,#295,.T.);
#589=EDGE_CURVE('',#461,#460,#116,.T.);
#590=EDGE_CURVE('',#420,#461,#296,.T.);
#591=EDGE_CURVE('',#462,#461,#117,.T.);
#592=EDGE_CURVE('',#421,#462,#297,.T.);
#593=EDGE_CURVE('',#463,#462,#118,.T.);
#594=EDGE_CURVE('',#422,#463,#298,.T.);
#595=EDGE_CURVE('',#464,#463,#119,.T.);
#596=EDGE_CURVE('',#423,#464,#299,.T.);
#597=EDGE_CURVE('',#465,#464,#120,.T.);
#598=EDGE_CURVE('',#424,#465,#300,.T.);
#599=EDGE_CURVE('',#466,#465,#121,.T.);
#600=EDGE_CURVE('',#425,#466,#301,.T.);
#601=EDGE_CURVE('',#467,#466,#122,.T.);
#602=EDGE_CURVE('',#426,#467,#302,.T.);
#603=EDGE_CURVE('',#468,#467,#123,.T.);
#604=EDGE_CURVE('',#427,#468,#303,.T.);
#605=EDGE_CURVE('',#469,#468,#124,.T.);
#606=EDGE_CURVE('',#428,#469,#304,.T.);
#607=EDGE_CURVE('',#470,#469,#125,.T.);
#608=EDGE_CURVE('',#429,#470,#305,.T.);
#609=EDGE_CURVE('',#471,#470,#126,.T.);
#610=EDGE_CURVE('',#430,#471,#306,.T.);
#611=EDGE_CURVE('',#472,#471,#127,.T.);
#612=EDGE_CURVE('',#431,#472,#307,.T.);
#613=EDGE_CURVE('',#473,#472,#128,.T.);
#614=EDGE_CURVE('',#432,#473,#308,.T.);
#615=EDGE_CURVE('',#474,#473,#129,.T.);
#616=EDGE_CURVE('',#433,#474,#309,.T.);
#617=EDGE_CURVE('',#475,#474,#130,.T.);
#618=EDGE_CURVE('',#434,#475,#310,.T.);
#619=EDGE_CURVE('',#476,#475,#131,.T.);
#620=EDGE_CURVE('',#435,#476,#311,.T.);
#621=EDGE_CURVE('',#477,#476,#132,.T.);
#622=EDGE_CURVE('',#436,#477,#312,.T.);
#623=EDGE_CURVE('',#478,#477,#133,.T.);
#624=EDGE_CURVE('',#437,#478,#313,.T.);
#625=EDGE_CURVE('',#439,#478,#134,.T.);
#626=ORIENTED_EDGE('',*,*,#479,.F.);
#627=ORIENTED_EDGE('',*,*,#480,.T.);
#628=ORIENTED_EDGE('',*,*,#481,.T.);
#629=ORIENTED_EDGE('',*,*,#480,.F.);
#630=ORIENTED_EDGE('',*,*,#481,.F.);
#631=ORIENTED_EDGE('',*,*,#482,.F.);
#632=ORIENTED_EDGE('',*,*,#483,.T.);
#633=ORIENTED_EDGE('',*,*,#484,.F.);
#634=ORIENTED_EDGE('',*,*,#485,.T.);
#635=ORIENTED_EDGE('',*,*,#486,.T.);
#636=ORIENTED_EDGE('',*,*,#487,.T.);
#637=ORIENTED_EDGE('',*,*,#488,.T.);
#638=ORIENTED_EDGE('',*,*,#489,.T.);
#639=ORIENTED_EDGE('',*,*,#488,.F.);
#640=ORIENTED_EDGE('',*,*,#490,.T.);
#641=ORIENTED_EDGE('',*,*,#491,.F.);
#642=ORIENTED_EDGE('',*,*,#492,.T.);
#643=ORIENTED_EDGE('',*,*,#493,.T.);
#644=ORIENTED_EDGE('',*,*,#494,.T.);
#645=ORIENTED_EDGE('',*,*,#486,.F.);
#646=ORIENTED_EDGE('',*,*,#495,.T.);
#647=ORIENTED_EDGE('',*,*,#491,.T.);
#648=ORIENTED_EDGE('',*,*,#496,.F.);
#649=ORIENTED_EDGE('',*,*,#492,.F.);
#650=ORIENTED_EDGE('',*,*,#495,.F.);
#651=ORIENTED_EDGE('',*,*,#485,.F.);
#652=ORIENTED_EDGE('',*,*,#497,.F.);
#653=ORIENTED_EDGE('',*,*,#489,.F.);
#654=ORIENTED_EDGE('',*,*,#490,.F.);
#655=ORIENTED_EDGE('',*,*,#498,.F.);
#656=ORIENTED_EDGE('',*,*,#499,.F.);
#657=ORIENTED_EDGE('',*,*,#483,.F.);
#658=ORIENTED_EDGE('',*,*,#494,.F.);
#659=ORIENTED_EDGE('',*,*,#487,.F.);
#660=ORIENTED_EDGE('',*,*,#500,.F.);
#661=ORIENTED_EDGE('',*,*,#501,.T.);
#662=ORIENTED_EDGE('',*,*,#498,.T.);
#663=ORIENTED_EDGE('',*,*,#493,.F.);
#664=ORIENTED_EDGE('',*,*,#496,.T.);
#665=ORIENTED_EDGE('',*,*,#502,.T.);
#666=ORIENTED_EDGE('',*,*,#503,.F.);
#667=ORIENTED_EDGE('',*,*,#502,.F.);
#668=ORIENTED_EDGE('',*,*,#497,.T.);
#669=ORIENTED_EDGE('',*,*,#484,.T.);
#670=ORIENTED_EDGE('',*,*,#499,.T.);
#671=ORIENTED_EDGE('',*,*,#501,.F.);
#672=ORIENTED_EDGE('',*,*,#504,.T.);
#673=ORIENTED_EDGE('',*,*,#505,.T.);
#674=ORIENTED_EDGE('',*,*,#506,.T.);
#675=ORIENTED_EDGE('',*,*,#507,.T.);
#676=ORIENTED_EDGE('',*,*,#508,.T.);
#677=ORIENTED_EDGE('',*,*,#509,.T.);
#678=ORIENTED_EDGE('',*,*,#510,.T.);
#679=ORIENTED_EDGE('',*,*,#511,.T.);
#680=ORIENTED_EDGE('',*,*,#512,.T.);
#681=ORIENTED_EDGE('',*,*,#513,.T.);
#682=ORIENTED_EDGE('',*,*,#514,.T.);
#683=ORIENTED_EDGE('',*,*,#515,.T.);
#684=ORIENTED_EDGE('',*,*,#516,.T.);
#685=ORIENTED_EDGE('',*,*,#517,.T.);
#686=ORIENTED_EDGE('',*,*,#518,.T.);
#687=ORIENTED_EDGE('',*,*,#519,.T.);
#688=ORIENTED_EDGE('',*,*,#520,.T.);
#689=ORIENTED_EDGE('',*,*,#521,.T.);
#690=ORIENTED_EDGE('',*,*,#522,.T.);
#691=ORIENTED_EDGE('',*,*,#523,.T.);
#692=ORIENTED_EDGE('',*,*,#524,.T.);
#693=ORIENTED_EDGE('',*,*,#525,.T.);
#694=ORIENTED_EDGE('',*,*,#526,.T.);
#695=ORIENTED_EDGE('',*,*,#527,.T.);
#696=ORIENTED_EDGE('',*,*,#528,.T.);
#697=ORIENTED_EDGE('',*,*,#529,.T.);
#698=ORIENTED_EDGE('',*,*,#530,.T.);
#699=ORIENTED_EDGE('',*,*,#531,.T.);
#700=ORIENTED_EDGE('',*,*,#532,.T.);
#701=ORIENTED_EDGE('',*,*,#533,.T.);
#702=ORIENTED_EDGE('',*,*,#534,.T.);
#703=ORIENTED_EDGE('',*,*,#535,.T.);
#704=ORIENTED_EDGE('',*,*,#536,.T.);
#705=ORIENTED_EDGE('',*,*,#537,.T.);
#706=ORIENTED_EDGE('',*,*,#538,.T.);
#707=ORIENTED_EDGE('',*,*,#539,.T.);
#708=ORIENTED_EDGE('',*,*,#540,.T.);
#709=ORIENTED_EDGE('',*,*,#541,.T.);
#710=ORIENTED_EDGE('',*,*,#542,.T.);
#711=ORIENTED_EDGE('',*,*,#543,.T.);
#712=ORIENTED_EDGE('',*,*,#544,.F.);
#713=ORIENTED_EDGE('',*,*,#482,.T.);
#714=ORIENTED_EDGE('',*,*,#545,.T.);
#715=ORIENTED_EDGE('',*,*,#544,.T.);
#716=ORIENTED_EDGE('',*,*,#545,.F.);
#717=ORIENTED_EDGE('',*,*,#503,.T.);
#718=ORIENTED_EDGE('',*,*,#479,.T.);
#719=ORIENTED_EDGE('',*,*,#504,.F.);
#720=ORIENTED_EDGE('',*,*,#546,.T.);
#721=ORIENTED_EDGE('',*,*,#547,.F.);
#722=ORIENTED_EDGE('',*,*,#548,.F.);
#723=ORIENTED_EDGE('',*,*,#505,.F.);
#724=ORIENTED_EDGE('',*,*,#548,.T.);
#725=ORIENTED_EDGE('',*,*,#549,.F.);
#726=ORIENTED_EDGE('',*,*,#550,.F.);
#727=ORIENTED_EDGE('',*,*,#506,.F.);
#728=ORIENTED_EDGE('',*,*,#550,.T.);
#729=ORIENTED_EDGE('',*,*,#551,.F.);
#730=ORIENTED_EDGE('',*,*,#552,.F.);
#731=ORIENTED_EDGE('',*,*,#507,.F.);
#732=ORIENTED_EDGE('',*,*,#552,.T.);
#733=ORIENTED_EDGE('',*,*,#553,.F.);
#734=ORIENTED_EDGE('',*,*,#554,.F.);
#735=ORIENTED_EDGE('',*,*,#508,.F.);
#736=ORIENTED_EDGE('',*,*,#554,.T.);
#737=ORIENTED_EDGE('',*,*,#555,.F.);
#738=ORIENTED_EDGE('',*,*,#556,.F.);
#739=ORIENTED_EDGE('',*,*,#509,.F.);
#740=ORIENTED_EDGE('',*,*,#556,.T.);
#741=ORIENTED_EDGE('',*,*,#557,.F.);
#742=ORIENTED_EDGE('',*,*,#558,.F.);
#743=ORIENTED_EDGE('',*,*,#510,.F.);
#744=ORIENTED_EDGE('',*,*,#558,.T.);
#745=ORIENTED_EDGE('',*,*,#559,.F.);
#746=ORIENTED_EDGE('',*,*,#560,.F.);
#747=ORIENTED_EDGE('',*,*,#511,.F.);
#748=ORIENTED_EDGE('',*,*,#560,.T.);
#749=ORIENTED_EDGE('',*,*,#561,.F.);
#750=ORIENTED_EDGE('',*,*,#562,.F.);
#751=ORIENTED_EDGE('',*,*,#512,.F.);
#752=ORIENTED_EDGE('',*,*,#562,.T.);
#753=ORIENTED_EDGE('',*,*,#563,.F.);
#754=ORIENTED_EDGE('',*,*,#564,.F.);
#755=ORIENTED_EDGE('',*,*,#513,.F.);
#756=ORIENTED_EDGE('',*,*,#564,.T.);
#757=ORIENTED_EDGE('',*,*,#565,.F.);
#758=ORIENTED_EDGE('',*,*,#566,.F.);
#759=ORIENTED_EDGE('',*,*,#514,.F.);
#760=ORIENTED_EDGE('',*,*,#566,.T.);
#761=ORIENTED_EDGE('',*,*,#567,.F.);
#762=ORIENTED_EDGE('',*,*,#568,.F.);
#763=ORIENTED_EDGE('',*,*,#515,.F.);
#764=ORIENTED_EDGE('',*,*,#568,.T.);
#765=ORIENTED_EDGE('',*,*,#569,.F.);
#766=ORIENTED_EDGE('',*,*,#570,.F.);
#767=ORIENTED_EDGE('',*,*,#516,.F.);
#768=ORIENTED_EDGE('',*,*,#570,.T.);
#769=ORIENTED_EDGE('',*,*,#571,.F.);
#770=ORIENTED_EDGE('',*,*,#572,.F.);
#771=ORIENTED_EDGE('',*,*,#517,.F.);
#772=ORIENTED_EDGE('',*,*,#572,.T.);
#773=ORIENTED_EDGE('',*,*,#573,.F.);
#774=ORIENTED_EDGE('',*,*,#574,.F.);
#775=ORIENTED_EDGE('',*,*,#518,.F.);
#776=ORIENTED_EDGE('',*,*,#574,.T.);
#777=ORIENTED_EDGE('',*,*,#575,.F.);
#778=ORIENTED_EDGE('',*,*,#576,.F.);
#779=ORIENTED_EDGE('',*,*,#519,.F.);
#780=ORIENTED_EDGE('',*,*,#576,.T.);
#781=ORIENTED_EDGE('',*,*,#577,.F.);
#782=ORIENTED_EDGE('',*,*,#578,.F.);
#783=ORIENTED_EDGE('',*,*,#520,.F.);
#784=ORIENTED_EDGE('',*,*,#578,.T.);
#785=ORIENTED_EDGE('',*,*,#579,.F.);
#786=ORIENTED_EDGE('',*,*,#580,.F.);
#787=ORIENTED_EDGE('',*,*,#521,.F.);
#788=ORIENTED_EDGE('',*,*,#580,.T.);
#789=ORIENTED_EDGE('',*,*,#581,.F.);
#790=ORIENTED_EDGE('',*,*,#582,.F.);
#791=ORIENTED_EDGE('',*,*,#522,.F.);
#792=ORIENTED_EDGE('',*,*,#582,.T.);
#793=ORIENTED_EDGE('',*,*,#583,.F.);
#794=ORIENTED_EDGE('',*,*,#584,.F.);
#795=ORIENTED_EDGE('',*,*,#523,.F.);
#796=ORIENTED_EDGE('',*,*,#584,.T.);
#797=ORIENTED_EDGE('',*,*,#585,.F.);
#798=ORIENTED_EDGE('',*,*,#586,.F.);
#799=ORIENTED_EDGE('',*,*,#524,.F.);
#800=ORIENTED_EDGE('',*,*,#586,.T.);
#801=ORIENTED_EDGE('',*,*,#587,.F.);
#802=ORIENTED_EDGE('',*,*,#588,.F.);
#803=ORIENTED_EDGE('',*,*,#525,.F.);
#804=ORIENTED_EDGE('',*,*,#588,.T.);
#805=ORIENTED_EDGE('',*,*,#589,.F.);
#806=ORIENTED_EDGE('',*,*,#590,.F.);
#807=ORIENTED_EDGE('',*,*,#526,.F.);
#808=ORIENTED_EDGE('',*,*,#590,.T.);
#809=ORIENTED_EDGE('',*,*,#591,.F.);
#810=ORIENTED_EDGE('',*,*,#592,.F.);
#811=ORIENTED_EDGE('',*,*,#527,.F.);
#812=ORIENTED_EDGE('',*,*,#592,.T.);
#813=ORIENTED_EDGE('',*,*,#593,.F.);
#814=ORIENTED_EDGE('',*,*,#594,.F.);
#815=ORIENTED_EDGE('',*,*,#528,.F.);
#816=ORIENTED_EDGE('',*,*,#594,.T.);
#817=ORIENTED_EDGE('',*,*,#595,.F.);
#818=ORIENTED_EDGE('',*,*,#596,.F.);
#819=ORIENTED_EDGE('',*,*,#529,.F.);
#820=ORIENTED_EDGE('',*,*,#596,.T.);
#821=ORIENTED_EDGE('',*,*,#597,.F.);
#822=ORIENTED_EDGE('',*,*,#598,.F.);
#823=ORIENTED_EDGE('',*,*,#530,.F.);
#824=ORIENTED_EDGE('',*,*,#598,.T.);
#825=ORIENTED_EDGE('',*,*,#599,.F.);
#826=ORIENTED_EDGE('',*,*,#600,.F.);
#827=ORIENTED_EDGE('',*,*,#531,.F.);
#828=ORIENTED_EDGE('',*,*,#600,.T.);
#829=ORIENTED_EDGE('',*,*,#601,.F.);
#830=ORIENTED_EDGE('',*,*,#602,.F.);
#831=ORIENTED_EDGE('',*,*,#532,.F.);
#832=ORIENTED_EDGE('',*,*,#602,.T.);
#833=ORIENTED_EDGE('',*,*,#603,.F.);
#834=ORIENTED_EDGE('',*,*,#604,.F.);
#835=ORIENTED_EDGE('',*,*,#533,.F.);
#836=ORIENTED_EDGE('',*,*,#604,.T.);
#837=ORIENTED_EDGE('',*,*,#605,.F.);
#838=ORIENTED_EDGE('',*,*,#606,.F.);
#839=ORIENTED_EDGE('',*,*,#534,.F.);
#840=ORIENTED_EDGE('',*,*,#606,.T.);
#841=ORIENTED_EDGE('',*,*,#607,.F.);
#842=ORIENTED_EDGE('',*,*,#608,.F.);
#843=ORIENTED_EDGE('',*,*,#535,.F.);
#844=ORIENTED_EDGE('',*,*,#608,.T.);
#845=ORIENTED_EDGE('',*,*,#609,.F.);
#846=ORIENTED_EDGE('',*,*,#610,.F.);
#847=ORIENTED_EDGE('',*,*,#536,.F.);
#848=ORIENTED_EDGE('',*,*,#610,.T.);
#849=ORIENTED_EDGE('',*,*,#611,.F.);
#850=ORIENTED_EDGE('',*,*,#612,.F.);
#851=ORIENTED_EDGE('',*,*,#537,.F.);
#852=ORIENTED_EDGE('',*,*,#612,.T.);
#853=ORIENTED_EDGE('',*,*,#613,.F.);
#854=ORIENTED_EDGE('',*,*,#614,.F.);
#855=ORIENTED_EDGE('',*,*,#538,.F.);
#856=ORIENTED_EDGE('',*,*,#614,.T.);
#857=ORIENTED_EDGE('',*,*,#615,.F.);
#858=ORIENTED_EDGE('',*,*,#616,.F.);
#859=ORIENTED_EDGE('',*,*,#539,.F.);
#860=ORIENTED_EDGE('',*,*,#616,.T.);
#861=ORIENTED_EDGE('',*,*,#617,.F.);
#862=ORIENTED_EDGE('',*,*,#618,.F.);
#863=ORIENTED_EDGE('',*,*,#540,.F.);
#864=ORIENTED_EDGE('',*,*,#618,.T.);
#865=ORIENTED_EDGE('',*,*,#619,.F.);
#866=ORIENTED_EDGE('',*,*,#620,.F.);
#867=ORIENTED_EDGE('',*,*,#541,.F.);
#868=ORIENTED_EDGE('',*,*,#620,.T.);
#869=ORIENTED_EDGE('',*,*,#621,.F.);
#870=ORIENTED_EDGE('',*,*,#622,.F.);
#871=ORIENTED_EDGE('',*,*,#542,.F.);
#872=ORIENTED_EDGE('',*,*,#622,.T.);
#873=ORIENTED_EDGE('',*,*,#623,.F.);
#874=ORIENTED_EDGE('',*,*,#624,.F.);
#875=ORIENTED_EDGE('',*,*,#543,.F.);
#876=ORIENTED_EDGE('',*,*,#624,.T.);
#877=ORIENTED_EDGE('',*,*,#625,.F.);
#878=ORIENTED_EDGE('',*,*,#546,.F.);
#879=ORIENTED_EDGE('',*,*,#500,.T.);
#880=ORIENTED_EDGE('',*,*,#625,.T.);
#881=ORIENTED_EDGE('',*,*,#623,.T.);
#882=ORIENTED_EDGE('',*,*,#621,.T.);
#883=ORIENTED_EDGE('',*,*,#619,.T.);
#884=ORIENTED_EDGE('',*,*,#617,.T.);
#885=ORIENTED_EDGE('',*,*,#615,.T.);
#886=ORIENTED_EDGE('',*,*,#613,.T.);
#887=ORIENTED_EDGE('',*,*,#611,.T.);
#888=ORIENTED_EDGE('',*,*,#609,.T.);
#889=ORIENTED_EDGE('',*,*,#607,.T.);
#890=ORIENTED_EDGE('',*,*,#605,.T.);
#891=ORIENTED_EDGE('',*,*,#603,.T.);
#892=ORIENTED_EDGE('',*,*,#601,.T.);
#893=ORIENTED_EDGE('',*,*,#599,.T.);
#894=ORIENTED_EDGE('',*,*,#597,.T.);
#895=ORIENTED_EDGE('',*,*,#595,.T.);
#896=ORIENTED_EDGE('',*,*,#593,.T.);
#897=ORIENTED_EDGE('',*,*,#591,.T.);
#898=ORIENTED_EDGE('',*,*,#589,.T.);
#899=ORIENTED_EDGE('',*,*,#587,.T.);
#900=ORIENTED_EDGE('',*,*,#585,.T.);
#901=ORIENTED_EDGE('',*,*,#583,.T.);
#902=ORIENTED_EDGE('',*,*,#581,.T.);
#903=ORIENTED_EDGE('',*,*,#579,.T.);
#904=ORIENTED_EDGE('',*,*,#577,.T.);
#905=ORIENTED_EDGE('',*,*,#575,.T.);
#906=ORIENTED_EDGE('',*,*,#573,.T.);
#907=ORIENTED_EDGE('',*,*,#571,.T.);
#908=ORIENTED_EDGE('',*,*,#569,.T.);
#909=ORIENTED_EDGE('',*,*,#567,.T.);
#910=ORIENTED_EDGE('',*,*,#565,.T.);
#911=ORIENTED_EDGE('',*,*,#563,.T.);
#912=ORIENTED_EDGE('',*,*,#561,.T.);
#913=ORIENTED_EDGE('',*,*,#559,.T.);
#914=ORIENTED_EDGE('',*,*,#557,.T.);
#915=ORIENTED_EDGE('',*,*,#555,.T.);
#916=ORIENTED_EDGE('',*,*,#553,.T.);
#917=ORIENTED_EDGE('',*,*,#551,.T.);
#918=ORIENTED_EDGE('',*,*,#549,.T.);
#919=ORIENTED_EDGE('',*,*,#547,.T.);
#920=CYLINDRICAL_SURFACE('',#992,2.7);
#921=CYLINDRICAL_SURFACE('',#998,1.15);
#922=CYLINDRICAL_SURFACE('',#1002,3.);
#923=CYLINDRICAL_SURFACE('',#1011,5.);
#924=CYLINDRICAL_SURFACE('',#1016,1.);
#925=ADVANCED_FACE('',(#149),#920,.F.);
#926=ADVANCED_FACE('',(#150,#135),#141,.T.);
#927=ADVANCED_FACE('',(#151),#142,.T.);
#928=ADVANCED_FACE('',(#152),#921,.F.);
#929=ADVANCED_FACE('',(#153),#143,.T.);
#930=ADVANCED_FACE('',(#154),#922,.T.);
#931=ADVANCED_FACE('',(#155,#136),#144,.T.);
#932=ADVANCED_FACE('',(#156,#137),#145,.T.);
#933=ADVANCED_FACE('',(#157),#923,.T.);
#934=ADVANCED_FACE('',(#158,#138),#146,.F.);
#935=ADVANCED_FACE('',(#159),#924,.F.);
#936=ADVANCED_FACE('',(#160,#139),#147,.T.);
#937=ADVANCED_FACE('',(#161),#15,.T.);
#938=ADVANCED_FACE('',(#162),#16,.T.);
#939=ADVANCED_FACE('',(#163),#17,.T.);
#940=ADVANCED_FACE('',(#164),#18,.T.);
#941=ADVANCED_FACE('',(#165),#19,.T.);
#942=ADVANCED_FACE('',(#166),#20,.T.);
#943=ADVANCED_FACE('',(#167),#21,.T.);
#944=ADVANCED_FACE('',(#168),#22,.T.);
#945=ADVANCED_FACE('',(#169),#23,.T.);
#946=ADVANCED_FACE('',(#170),#24,.T.);
#947=ADVANCED_FACE('',(#171),#25,.T.);
#948=ADVANCED_FACE('',(#172),#26,.T.);
#949=ADVANCED_FACE('',(#173),#27,.T.);
#950=ADVANCED_FACE('',(#174),#28,.T.);
#951=ADVANCED_FACE('',(#175),#29,.T.);
#952=ADVANCED_FACE('',(#176),#30,.T.);
#953=ADVANCED_FACE('',(#177),#31,.T.);
#954=ADVANCED_FACE('',(#178),#32,.T.);
#955=ADVANCED_FACE('',(#179),#33,.T.);
#956=ADVANCED_FACE('',(#180),#34,.T.);
#957=ADVANCED_FACE('',(#181),#35,.T.);
#958=ADVANCED_FACE('',(#182),#36,.T.);
#959=ADVANCED_FACE('',(#183),#37,.T.);
#960=ADVANCED_FACE('',(#184),#38,.T.);
#961=ADVANCED_FACE('',(#185),#39,.T.);
#962=ADVANCED_FACE('',(#186),#40,.T.);
#963=ADVANCED_FACE('',(#187),#41,.T.);
#964=ADVANCED_FACE('',(#188),#42,.T.);
#965=ADVANCED_FACE('',(#189),#43,.T.);
#966=ADVANCED_FACE('',(#190),#44,.T.);
#967=ADVANCED_FACE('',(#191),#45,.T.);
#968=ADVANCED_FACE('',(#192),#46,.T.);
#969=ADVANCED_FACE('',(#193),#47,.T.);
#970=ADVANCED_FACE('',(#194),#48,.T.);
#971=ADVANCED_FACE('',(#195),#49,.T.);
#972=ADVANCED_FACE('',(#196),#50,.T.);
#973=ADVANCED_FACE('',(#197),#51,.T.);
#974=ADVANCED_FACE('',(#198),#52,.T.);
#975=ADVANCED_FACE('',(#199),#53,.T.);
#976=ADVANCED_FACE('',(#200),#54,.T.);
#977=ADVANCED_FACE('',(#201,#140),#148,.F.);
#978=CLOSED_SHELL('',(#925,#926,#927,#928,#929,#930,#931,#932,#933,#934,
#935,#936,#937,#938,#939,#940,#941,#942,#943,#944,#945,#946,#947,#948,#949,
#950,#951,#952,#953,#954,#955,#956,#957,#958,#959,#960,#961,#962,#963,#964,
#965,#966,#967,#968,#969,#970,#971,#972,#973,#974,#975,#976,#977));
#979=DERIVED_UNIT_ELEMENT(#981,1.);
#980=DERIVED_UNIT_ELEMENT(#2432,-3.);
#981=(
MASS_UNIT()
NAMED_UNIT(*)
SI_UNIT(.KILO.,.GRAM.)
);
#982=DERIVED_UNIT((#979,#980));
#983=MEASURE_REPRESENTATION_ITEM('density measure',
POSITIVE_RATIO_MEASURE(7850.),#982);
#984=PROPERTY_DEFINITION_REPRESENTATION(#989,#986);
#985=PROPERTY_DEFINITION_REPRESENTATION(#990,#987);
#986=REPRESENTATION('material name',(#988),#2429);
#987=REPRESENTATION('density',(#983),#2429);
#988=DESCRIPTIVE_REPRESENTATION_ITEM('\X2\94A2\X0\','\X2\94A2\X0\');
#989=PROPERTY_DEFINITION('material property','material name',#2439);
#990=PROPERTY_DEFINITION('material property','density of part',#2439);
#991=AXIS2_PLACEMENT_3D('',#1128,#1019,#1020);
#992=AXIS2_PLACEMENT_3D('',#1129,#1021,#1022);
#993=AXIS2_PLACEMENT_3D('',#1131,#1023,#1024);
#994=AXIS2_PLACEMENT_3D('',#1134,#1026,#1027);
#995=AXIS2_PLACEMENT_3D('',#1135,#1028,#1029);
#996=AXIS2_PLACEMENT_3D('',#1137,#1030,#1031);
#997=AXIS2_PLACEMENT_3D('',#1138,#1032,#1033);
#998=AXIS2_PLACEMENT_3D('',#1147,#1038,#1039);
#999=AXIS2_PLACEMENT_3D('',#1149,#1040,#1041);
#1000=AXIS2_PLACEMENT_3D('',#1152,#1043,#1044);
#1001=AXIS2_PLACEMENT_3D('',#1153,#1045,#1046);
#1002=AXIS2_PLACEMENT_3D('',#1162,#1051,#1052);
#1003=AXIS2_PLACEMENT_3D('',#1163,#1053,#1054);
#1004=AXIS2_PLACEMENT_3D('',#1164,#1055,#1056);
#1005=AXIS2_PLACEMENT_3D('',#1165,#1057,#1058);
#1006=AXIS2_PLACEMENT_3D('',#1167,#1059,#1060);
#1007=AXIS2_PLACEMENT_3D('',#1168,#1061,#1062);
#1008=AXIS2_PLACEMENT_3D('',#1169,#1063,#1064);
#1009=AXIS2_PLACEMENT_3D('',#1171,#1065,#1066);
#1010=AXIS2_PLACEMENT_3D('',#1172,#1067,#1068);
#1011=AXIS2_PLACEMENT_3D('',#1173,#1069,#1070);
#1012=AXIS2_PLACEMENT_3D('',#1175,#1071,#1072);
#1013=AXIS2_PLACEMENT_3D('',#1179,#1075,#1076);
#1014=AXIS2_PLACEMENT_3D('',#1180,#1077,#1078);
#1015=AXIS2_PLACEMENT_3D('',#1502,#1079,#1080);
#1016=AXIS2_PLACEMENT_3D('',#1503,#1081,#1082);
#1017=AXIS2_PLACEMENT_3D('',#1505,#1084,#1085);
#1018=AXIS2_PLACEMENT_3D('',#2426,#1126,#1127);
#1019=DIRECTION('axis',(0.,0.,1.));
#1020=DIRECTION('refdir',(1.,0.,0.));
#1021=DIRECTION('center_axis',(0.,1.,0.));
#1022=DIRECTION('ref_axis',(1.,0.,0.));
#1023=DIRECTION('center_axis',(1.11022302462516E-16,1.,-2.44929349141908E-16));
#1024=DIRECTION('ref_axis',(1.,0.,0.));
#1025=DIRECTION('',(0.,1.,0.));
#1026=DIRECTION('center_axis',(0.,1.,0.));
#1027=DIRECTION('ref_axis',(1.,0.,0.));
#1028=DIRECTION('center_axis',(0.,-1.,0.));
#1029=DIRECTION('ref_axis',(1.,0.,0.));
#1030=DIRECTION('center_axis',(0.,-1.,0.));
#1031=DIRECTION('ref_axis',(1.,0.,2.31727890908672E-30));
#1032=DIRECTION('center_axis',(0.34866908129423,0.,-0.937245897163299));
#1033=DIRECTION('ref_axis',(-0.937245897163299,0.,-0.34866908129423));
#1034=DIRECTION('',(0.937245897163299,0.,0.34866908129423));
#1035=DIRECTION('',(0.,1.,0.));
#1036=DIRECTION('',(-0.937245897163299,0.,-0.34866908129423));
#1037=DIRECTION('',(0.,1.,0.));
#1038=DIRECTION('center_axis',(0.,1.,0.));
#1039=DIRECTION('ref_axis',(1.,0.,2.33856918919922E-30));
#1040=DIRECTION('center_axis',(0.,1.,0.));
#1041=DIRECTION('ref_axis',(1.,0.,2.33856918919922E-30));
#1042=DIRECTION('',(0.,-1.,0.));
#1043=DIRECTION('center_axis',(0.,-1.,0.));
#1044=DIRECTION('ref_axis',(1.,0.,2.33856918919922E-30));
#1045=DIRECTION('center_axis',(-0.637344215889041,0.,0.770579230496633));
#1046=DIRECTION('ref_axis',(0.770579230496633,0.,0.637344215889041));
#1047=DIRECTION('',(-0.770579230496633,0.,-0.637344215889041));
#1048=DIRECTION('',(0.,1.,0.));
#1049=DIRECTION('',(0.770579230496633,0.,0.637344215889041));
#1050=DIRECTION('',(0.,1.,0.));
#1051=DIRECTION('center_axis',(0.,1.,0.));
#1052=DIRECTION('ref_axis',(-0.637344215889042,0.,0.770579230496633));
#1053=DIRECTION('center_axis',(0.,-1.,0.));
#1054=DIRECTION('ref_axis',(-0.637344215889042,0.,0.770579230496633));
#1055=DIRECTION('center_axis',(0.,1.,0.));
#1056=DIRECTION('ref_axis',(-0.637344215889042,1.94435182726204E-16,0.770579230496633));
#1057=DIRECTION('center_axis',(0.,-1.,0.));
#1058=DIRECTION('ref_axis',(0.,0.,-1.));
#1059=DIRECTION('center_axis',(0.,-1.,0.));
#1060=DIRECTION('ref_axis',(1.,0.,2.36658271566303E-30));
#1061=DIRECTION('center_axis',(0.,-1.,0.));
#1062=DIRECTION('ref_axis',(1.,0.,2.36658271566303E-30));
#1063=DIRECTION('center_axis',(0.,1.,0.));
#1064=DIRECTION('ref_axis',(0.,0.,1.));
#1065=DIRECTION('center_axis',(0.,1.,0.));
#1066=DIRECTION('ref_axis',(1.,0.,2.36658271566303E-30));
#1067=DIRECTION('center_axis',(0.,1.,0.));
#1068=DIRECTION('ref_axis',(1.,0.,2.36658271566303E-30));
#1069=DIRECTION('center_axis',(0.,1.,0.));
#1070=DIRECTION('ref_axis',(1.,0.,2.36658271566303E-30));
#1071=DIRECTION('center_axis',(1.11022302462516E-16,1.,-2.44929349141908E-16));
#1072=DIRECTION('ref_axis',(1.,-1.11022302462516E-16,2.36658271566303E-30));
#1073=DIRECTION('',(0.,-1.,0.));
#1074=DIRECTION('',(0.,-1.,0.));
#1075=DIRECTION('center_axis',(-1.11022302462516E-16,-1.,2.44929349141908E-16));
#1076=DIRECTION('ref_axis',(1.,-1.11022302462516E-16,2.36658271566303E-30));
#1077=DIRECTION('center_axis',(-1.11022302462516E-16,-1.,2.44929349141908E-16));
#1078=DIRECTION('ref_axis',(1.,-1.11022302462516E-16,2.36658271566303E-30));
#1079=DIRECTION('center_axis',(1.11022302462516E-16,1.,-2.44929349141908E-16));
#1080=DIRECTION('ref_axis',(1.,-1.11022302462516E-16,2.36658271566303E-30));
#1081=DIRECTION('center_axis',(0.,-1.,4.44089209850063E-16));
#1082=DIRECTION('ref_axis',(1.,0.,2.31727890908672E-30));
#1083=DIRECTION('',(0.,1.,-4.44089209850063E-16));
#1084=DIRECTION('center_axis',(-1.11022302462516E-16,-1.,2.44929349141908E-16));
#1085=DIRECTION('ref_axis',(1.,-1.11022302462516E-16,2.36658271566303E-30));
#1086=DIRECTION('',(0.,1.,0.));
#1087=DIRECTION('',(0.,1.,0.));
#1088=DIRECTION('',(0.,1.,0.));
#1089=DIRECTION('',(0.,1.,0.));
#1090=DIRECTION('',(0.,1.,0.));
#1091=DIRECTION('',(0.,1.,0.));
#1092=DIRECTION('',(0.,1.,0.));
#1093=DIRECTION('',(0.,1.,0.));
#1094=DIRECTION('',(0.,1.,0.));
#1095=DIRECTION('',(0.,1.,0.));
#1096=DIRECTION('',(0.,1.,0.));
#1097=DIRECTION('',(0.,1.,0.));
#1098=DIRECTION('',(0.,1.,0.));
#1099=DIRECTION('',(0.,1.,0.));
#1100=DIRECTION('',(0.,1.,0.));
#1101=DIRECTION('',(0.,1.,0.));
#1102=DIRECTION('',(0.,1.,0.));
#1103=DIRECTION('',(0.,1.,0.));
#1104=DIRECTION('',(0.,1.,0.));
#1105=DIRECTION('',(0.,1.,0.));
#1106=DIRECTION('',(0.,1.,0.));
#1107=DIRECTION('',(0.,1.,0.));
#1108=DIRECTION('',(0.,1.,0.));
#1109=DIRECTION('',(0.,1.,0.));
#1110=DIRECTION('',(0.,1.,0.));
#1111=DIRECTION('',(0.,1.,0.));
#1112=DIRECTION('',(0.,1.,0.));
#1113=DIRECTION('',(0.,1.,0.));
#1114=DIRECTION('',(0.,1.,0.));
#1115=DIRECTION('',(0.,1.,0.));
#1116=DIRECTION('',(0.,1.,0.));
#1117=DIRECTION('',(0.,1.,0.));
#1118=DIRECTION('',(0.,1.,0.));
#1119=DIRECTION('',(0.,1.,0.));
#1120=DIRECTION('',(0.,1.,0.));
#1121=DIRECTION('',(0.,1.,0.));
#1122=DIRECTION('',(0.,1.,0.));
#1123=DIRECTION('',(0.,1.,0.));
#1124=DIRECTION('',(0.,1.,0.));
#1125=DIRECTION('',(0.,1.,0.));
#1126=DIRECTION('center_axis',(-1.11022302462516E-16,-1.,2.44929349141908E-16));
#1127=DIRECTION('ref_axis',(1.,-1.11022302462516E-16,2.36658271566303E-30));
#1128=CARTESIAN_POINT('',(0.,0.,0.));
#1129=CARTESIAN_POINT('Origin',(-10.9,-5.,14.4));
#1130=CARTESIAN_POINT('',(-13.6,-5.,14.4));
#1131=CARTESIAN_POINT('Origin',(-10.9,-5.,14.4));
#1132=CARTESIAN_POINT('',(-13.6,-3.,14.4));
#1133=CARTESIAN_POINT('',(-13.6,-5.,14.4));
#1134=CARTESIAN_POINT('Origin',(-10.9,-3.,14.4));
#1135=CARTESIAN_POINT('Origin',(-10.9,-3.,14.4));
#1136=CARTESIAN_POINT('',(-11.9,-3.,14.4));
#1137=CARTESIAN_POINT('Origin',(-10.9,-3.,14.4));
#1138=CARTESIAN_POINT('Origin',(-9.15665459352886,-4.,9.7137705141835));
#1139=CARTESIAN_POINT('',(-20.2462976015306,-2.,5.58826230851009));
#1140=CARTESIAN_POINT('',(-9.15665459352886,-2.,9.7137705141835));
#1141=CARTESIAN_POINT('',(-12.1353568799284,-2.,8.60565001689313));
#1142=CARTESIAN_POINT('',(-9.15665459352886,-4.,9.7137705141835));
#1143=CARTESIAN_POINT('',(-9.15665459352886,5.55111512312578E-16,9.7137705141835));
#1144=CARTESIAN_POINT('',(-20.2462976015306,-4.,5.58826230851009));
#1145=CARTESIAN_POINT('',(-17.6801783839293,-4.,6.54289591405642));
#1146=CARTESIAN_POINT('',(-20.2462976015306,-4.,5.58826230851009));
#1147=CARTESIAN_POINT('Origin',(-21.2923048454133,-4.,8.39999999999999));
#1148=CARTESIAN_POINT('',(-22.4423048454133,-2.,8.39999999999999));
#1149=CARTESIAN_POINT('Origin',(-21.2923048454133,-2.,8.39999999999999));
#1150=CARTESIAN_POINT('',(-22.4423048454133,-4.,8.39999999999999));
#1151=CARTESIAN_POINT('',(-22.4423048454133,-4.,8.39999999999999));
#1152=CARTESIAN_POINT('Origin',(-21.2923048454133,-4.,8.39999999999999));
#1153=CARTESIAN_POINT('Origin',(-23.2043374930804,-4.,10.7117376914899));
#1154=CARTESIAN_POINT('',(-14.0867210794452,-2.,18.2528961524832));
#1155=CARTESIAN_POINT('',(-23.2043374930804,-2.,10.7117376914899));
#1156=CARTESIAN_POINT('',(-21.0067618724423,-2.,12.5293471667541));
#1157=CARTESIAN_POINT('',(-23.2043374930804,-4.,10.7117376914899));
#1158=CARTESIAN_POINT('',(-23.2043374930804,-4.,10.7117376914899));
#1159=CARTESIAN_POINT('',(-14.0867210794452,-4.,18.2528961524832));
#1160=CARTESIAN_POINT('',(-16.4479536656247,-4.,16.2999263972507));
#1161=CARTESIAN_POINT('',(-14.0867210794452,5.55111512312578E-16,18.2528961524832));
#1162=CARTESIAN_POINT('Origin',(-21.2923048454133,-4.,8.39999999999999));
#1163=CARTESIAN_POINT('Origin',(-21.2923048454133,-2.,8.39999999999999));
#1164=CARTESIAN_POINT('Origin',(-21.2923048454133,-4.,8.39999999999999));
#1165=CARTESIAN_POINT('Origin',(-16.7244797194711,-4.,11.8264480762416));
#1166=CARTESIAN_POINT('',(-15.9,-4.,14.4));
#1167=CARTESIAN_POINT('Origin',(-10.9,-4.,14.4));
#1168=CARTESIAN_POINT('Origin',(-10.9,-4.,14.4));
#1169=CARTESIAN_POINT('Origin',(-16.7244797194711,-2.,11.8264480762416));
#1170=CARTESIAN_POINT('',(-15.9,-2.,14.4));
#1171=CARTESIAN_POINT('Origin',(-10.9,-2.,14.4));
#1172=CARTESIAN_POINT('Origin',(-10.9,-2.,14.4));
#1173=CARTESIAN_POINT('Origin',(-10.9,7.77156307679907E-16,14.4));
#1174=CARTESIAN_POINT('',(-15.9,3.,14.4));
#1175=CARTESIAN_POINT('Origin',(-10.9,3.,14.4));
#1176=CARTESIAN_POINT('',(-15.9,7.77156307679907E-16,14.4));
#1177=CARTESIAN_POINT('',(-15.9,-5.,14.4));
#1178=CARTESIAN_POINT('',(-15.9,7.77156307679907E-16,14.4));
#1179=CARTESIAN_POINT('Origin',(-10.9,-5.,14.4));
#1180=CARTESIAN_POINT('Origin',(-10.9,7.77156307679907E-16,14.4));
#1181=CARTESIAN_POINT('',(-8.87745751406263,7.39764418221946E-16,15.8694631307312));
#1182=CARTESIAN_POINT('',(-8.80613466815733,6.80904979590383E-16,15.4668776743879));
#1183=CARTESIAN_POINT('Ctrl Pts',(-8.87745751406263,7.39764418221946E-16,
15.8694631307312));
#1184=CARTESIAN_POINT('Ctrl Pts',(-8.84160679883831,7.28211638958859E-16,
15.8201188544604));
#1185=CARTESIAN_POINT('Ctrl Pts',(-8.82121237332189,7.16308441184838E-16,
15.7627826204171));
#1186=CARTESIAN_POINT('Ctrl Pts',(-8.81625770065491,7.07684285667658E-16,
15.7120492872647));
#1187=CARTESIAN_POINT('Ctrl Pts',(-8.80356389353062,6.85589311064304E-16,
15.5820711456007));
#1188=CARTESIAN_POINT('Ctrl Pts',(-8.84100957999565,6.89166020500178E-16,
15.5353235427404));
#1189=CARTESIAN_POINT('Ctrl Pts',(-8.80613466815733,6.80904979590383E-16,
15.4668776743879));
#1190=CARTESIAN_POINT('',(-8.52235870926212,6.11578441370969E-16,15.1725424859374));
#1191=CARTESIAN_POINT('Ctrl Pts',(-8.80613466815734,6.80904979590385E-16,
15.4668776743879));
#1192=CARTESIAN_POINT('Ctrl Pts',(-8.79208709256979,6.77577441526631E-16,
15.4393077549629));
#1193=CARTESIAN_POINT('Ctrl Pts',(-8.77856130659936,6.76139418715275E-16,
15.4250567203469));
#1194=CARTESIAN_POINT('Ctrl Pts',(-8.75765520873461,6.7276245755775E-16,
15.4095042607875));
#1195=CARTESIAN_POINT('Ctrl Pts',(-8.70640070808574,6.6448332010421E-16,
15.371375024345));
#1196=CARTESIAN_POINT('Ctrl Pts',(-8.57004414080323,6.39395008278697E-16,
15.3193031535545));
#1197=CARTESIAN_POINT('Ctrl Pts',(-8.52235870926212,6.1157844137097E-16,
15.1725424859374));
#1198=CARTESIAN_POINT('',(-8.57893239960143,5.66402204790548E-16,14.7676209928445));
#1199=CARTESIAN_POINT('Ctrl Pts',(-8.52235870926212,6.11578441370968E-16,
15.1725424859374));
#1200=CARTESIAN_POINT('Ctrl Pts',(-8.50351087287697,6.00583844385484E-16,
15.1145348101834));
#1201=CARTESIAN_POINT('Ctrl Pts',(-8.50183249230635,5.90153263820867E-16,
15.0537025871015));
#1202=CARTESIAN_POINT('Ctrl Pts',(-8.51279778070568,5.83448085420628E-16,
15.0039212419579));
#1203=CARTESIAN_POINT('Ctrl Pts',(-8.54089070739499,5.66269505307008E-16,
14.8763820812277));
#1204=CARTESIAN_POINT('Ctrl Pts',(-8.59094947524482,5.72601776123798E-16,
14.8434938223899));
#1205=CARTESIAN_POINT('Ctrl Pts',(-8.57893239960143,5.66402204790548E-16,
14.7676209928445));
#1206=CARTESIAN_POINT('',(-8.4,4.99600361081323E-16,14.4));
#1207=CARTESIAN_POINT('Ctrl Pts',(-8.57893239960143,5.66402204790548E-16,
14.7676209928445));
#1208=CARTESIAN_POINT('Ctrl Pts',(-8.57409193493661,5.63905024372775E-16,
14.7370595017353));
#1209=CARTESIAN_POINT('Ctrl Pts',(-8.56563195993518,5.63021756590778E-16,
14.7193262646726));
#1210=CARTESIAN_POINT('Ctrl Pts',(-8.5505550536387,5.59905027989035E-16,
14.6980746571379));
#1211=CARTESIAN_POINT('Ctrl Pts',(-8.51359170885038,5.52263890500191E-16,
14.6459730866192));
#1212=CARTESIAN_POINT('Ctrl Pts',(-8.4,5.23281835439792E-16,14.5543132980033));
#1213=CARTESIAN_POINT('Ctrl Pts',(-8.4,4.99600361081323E-16,14.4));
#1214=CARTESIAN_POINT('',(-8.57893239960143,4.72529491349885E-16,14.0323790071554));
#1215=CARTESIAN_POINT('Ctrl Pts',(-8.4,4.99600361081323E-16,14.4));
#1216=CARTESIAN_POINT('Ctrl Pts',(-8.4,4.9024017413024E-16,14.3390071202289));
#1217=CARTESIAN_POINT('Ctrl Pts',(-8.41720195595944,4.82303228674807E-16,
14.2806335899467));
#1218=CARTESIAN_POINT('Ctrl Pts',(-8.44301384659683,4.78173376971068E-16,
14.2366771777216));
#1219=CARTESIAN_POINT('Ctrl Pts',(-8.50914357570037,4.67592750458945E-16,
14.1240614195953));
#1220=CARTESIAN_POINT('Ctrl Pts',(-8.56691532395805,4.7606073586954E-16,
14.1082518367008));
#1221=CARTESIAN_POINT('Ctrl Pts',(-8.57893239960143,4.72529491349884E-16,
14.0323790071554));
#1222=CARTESIAN_POINT('',(-8.52235870926212,4.14791372048922E-16,13.6274575140626));
#1223=CARTESIAN_POINT('Ctrl Pts',(-8.57893239960143,4.72529491349883E-16,
14.0323790071554));
#1224=CARTESIAN_POINT('Ctrl Pts',(-8.58377286426625,4.71107109996265E-16,
14.0018175160462));
#1225=CARTESIAN_POINT('Ctrl Pts',(-8.58120682153109,4.70865057648215E-16,
13.9823379293353));
#1226=CARTESIAN_POINT('Ctrl Pts',(-8.57343493943829,4.68313648713343E-16,
13.9574674292396));
#1227=CARTESIAN_POINT('Ctrl Pts',(-8.55438098023724,4.62058478965565E-16,
13.8964935893801));
#1228=CARTESIAN_POINT('Ctrl Pts',(-8.47467327772105,4.32019646149416E-16,
13.7742181816797));
#1229=CARTESIAN_POINT('Ctrl Pts',(-8.52235870926212,4.14791372048922E-16,
13.6274575140626));
#1230=CARTESIAN_POINT('',(-8.80613466815734,4.08475754509618E-16,13.3331223256121));
#1231=CARTESIAN_POINT('Ctrl Pts',(-8.52235870926212,4.1479137204892E-16,
13.6274575140626));
#1232=CARTESIAN_POINT('Ctrl Pts',(-8.54120654564724,4.0798183544728E-16,
13.5694498383088));
#1233=CARTESIAN_POINT('Ctrl Pts',(-8.57560499083419,4.03315448622187E-16,
13.5192490086828));
#1234=CARTESIAN_POINT('Ctrl Pts',(-8.61373683601206,4.02165182274044E-16,
13.4854202892671));
#1235=CARTESIAN_POINT('Ctrl Pts',(-8.71143012889246,3.99218214805898E-16,
13.3987515487896));
#1236=CARTESIAN_POINT('Ctrl Pts',(-8.77125975631902,4.08993009398463E-16,
13.4015681939645));
#1237=CARTESIAN_POINT('Ctrl Pts',(-8.80613466815734,4.08475754509617E-16,
13.3331223256121));
#1238=CARTESIAN_POINT('',(-8.87745751406264,3.65453169019226E-16,12.9305368692688));
#1239=CARTESIAN_POINT('Ctrl Pts',(-8.80613466815734,4.08475754509618E-16,
13.3331223256121));
#1240=CARTESIAN_POINT('Ctrl Pts',(-8.82018224374485,4.08267404817355E-16,
13.3055524061871));
#1241=CARTESIAN_POINT('Ctrl Pts',(-8.82376131541758,4.08690261673547E-16,
13.2862332674975));
#1242=CARTESIAN_POINT('Ctrl Pts',(-8.82405522349756,4.06953922088826E-16,
13.2601783726732));
#1243=CARTESIAN_POINT('Ctrl Pts',(-8.82477578416714,4.02697019679404E-16,
13.1963008077482));
#1244=CARTESIAN_POINT('Ctrl Pts',(-8.78675443326349,3.74541819356354E-16,
13.0553789498118));
#1245=CARTESIAN_POINT('Ctrl Pts',(-8.87745751406264,3.65453169019225E-16,
12.9305368692688));
#1246=CARTESIAN_POINT('',(-9.23829906421162,3.80511020320298E-16,12.7382990642116));
#1247=CARTESIAN_POINT('Ctrl Pts',(-8.87745751406264,3.65453169019226E-16,
12.9305368692688));
#1248=CARTESIAN_POINT('Ctrl Pts',(-8.91330822928697,3.61860847654404E-16,
12.8811925929981));
#1249=CARTESIAN_POINT('Ctrl Pts',(-8.96153600421871,3.60921797914707E-16,
12.8440784710017));
#1250=CARTESIAN_POINT('Ctrl Pts',(-9.00825519325095,3.62863713006721E-16,
12.8236888351503));
#1251=CARTESIAN_POINT('Ctrl Pts',(-9.12794914973166,3.67838874291143E-16,
12.7714508524968));
#1252=CARTESIAN_POINT('Ctrl Pts',(-9.18398011553695,3.77963653065901E-16,
12.7926180128863));
#1253=CARTESIAN_POINT('Ctrl Pts',(-9.23829906421162,3.80511020320298E-16,
12.7382990642116));
#1254=CARTESIAN_POINT('',(-9.43053686926882,1.18632901636157E-16,12.3774575140626));
#1255=CARTESIAN_POINT('Ctrl Pts',(-9.23829906421162,1.85670907667312E-16,
12.7382990642116));
#1256=CARTESIAN_POINT('Ctrl Pts',(-9.26017867614819,1.8274107310516E-16,
12.716419452275));
#1257=CARTESIAN_POINT('Ctrl Pts',(-9.2695525177566,1.7955243648611E-16,
12.699151853506));
#1258=CARTESIAN_POINT('Ctrl Pts',(-9.27788344623864,1.74430329801565E-16,
12.6744629985933));
#1259=CARTESIAN_POINT('Ctrl Pts',(-9.29830799327992,1.61872700822462E-16,
12.6139344897186));
#1260=CARTESIAN_POINT('Ctrl Pts',(-9.30569478872602,1.26988493679373E-16,
12.4681605948616));
#1261=CARTESIAN_POINT('Ctrl Pts',(-9.43053686926882,1.18632901636157E-16,
12.3774575140626));
#1262=CARTESIAN_POINT('',(-9.83312232561208,1.45859807036133E-16,12.3061346681573));
#1263=CARTESIAN_POINT('Ctrl Pts',(-9.43053686926882,1.18632901636157E-16,
12.3774575140626));
#1264=CARTESIAN_POINT('Ctrl Pts',(-9.47988114553947,1.15330324168748E-16,
12.3416067988384));
#1265=CARTESIAN_POINT('Ctrl Pts',(-9.53721737958272,1.16700731387142E-16,
12.3212123733219));
#1266=CARTESIAN_POINT('Ctrl Pts',(-9.58795071273503,1.21119718056672E-16,
12.3162577006549));
#1267=CARTESIAN_POINT('Ctrl Pts',(-9.71792885439924,1.32441104601887E-16,
12.3035638935305));
#1268=CARTESIAN_POINT('Ctrl Pts',(-9.7646764572596,1.46802679145826E-16,
12.3410095799957));
#1269=CARTESIAN_POINT('Ctrl Pts',(-9.83312232561208,1.45859807036134E-16,
12.3061346681573));
#1270=CARTESIAN_POINT('',(-10.1274575140626,1.09032513470633E-16,12.0223587092621));
#1271=CARTESIAN_POINT('Ctrl Pts',(-9.83312232561208,1.45859807036134E-16,
12.3061346681573));
#1272=CARTESIAN_POINT('Ctrl Pts',(-9.86069224503702,1.4548001920207E-16,
12.2920870925698));
#1273=CARTESIAN_POINT('Ctrl Pts',(-9.87494327965301,1.43749339635434E-16,
12.2785613065995));
#1274=CARTESIAN_POINT('Ctrl Pts',(-9.89049573921237,1.40355492238556E-16,
12.2576552087347));
#1275=CARTESIAN_POINT('Ctrl Pts',(-9.92862497565503,1.3203495558312E-16,
12.2064007080857));
#1276=CARTESIAN_POINT('Ctrl Pts',(-9.98069684644535,1.04418368332388E-16,
12.0700441408032));
#1277=CARTESIAN_POINT('Ctrl Pts',(-10.1274575140626,1.09032513470633E-16,
12.0223587092621));
#1278=CARTESIAN_POINT('',(-10.5323790071555,1.67844387747506E-16,12.0789323996014));
#1279=CARTESIAN_POINT('Ctrl Pts',(-10.1274575140626,1.09032513470633E-16,
12.0223587092621));
#1280=CARTESIAN_POINT('Ctrl Pts',(-10.1854651898167,1.10856270744341E-16,
12.0035108728769));
#1281=CARTESIAN_POINT('Ctrl Pts',(-10.2462974128986,1.17198919547504E-16,
12.0018324923063));
#1282=CARTESIAN_POINT('Ctrl Pts',(-10.2960787580422,1.25411480137923E-16,
12.0127977807057));
#1283=CARTESIAN_POINT('Ctrl Pts',(-10.4236179187723,1.46451953876148E-16,
12.040890707395));
#1284=CARTESIAN_POINT('Ctrl Pts',(-10.4565061776101,1.62364146222571E-16,
12.0909494752448));
#1285=CARTESIAN_POINT('Ctrl Pts',(-10.5323790071555,1.67844387747506E-16,
12.0789323996014));
#1286=CARTESIAN_POINT('',(-10.9,1.64832718732694E-16,11.9));
#1287=CARTESIAN_POINT('Ctrl Pts',(-10.5323790071555,1.67844387747506E-16,
12.0789323996014));
#1288=CARTESIAN_POINT('Ctrl Pts',(-10.5629404982646,1.7005182292086E-16,
12.0740919349366));
#1289=CARTESIAN_POINT('Ctrl Pts',(-10.5806737353272,1.69948511380934E-16,
12.0656319599353));
#1290=CARTESIAN_POINT('Ctrl Pts',(-10.6019253428619,1.68615136701264E-16,
12.0505550536389));
#1291=CARTESIAN_POINT('Ctrl Pts',(-10.6540269133807,1.65346164469981E-16,
12.0135917088505));
#1292=CARTESIAN_POINT('Ctrl Pts',(-10.7456867019965,1.47700501087759E-16,
11.9));
#1293=CARTESIAN_POINT('Ctrl Pts',(-10.9,1.64832718732694E-16,11.9));
#1294=CARTESIAN_POINT('',(-11.2676209928446,2.49472645865821E-16,12.0789323996014));
#1295=CARTESIAN_POINT('Ctrl Pts',(-10.9,1.64832718732694E-16,11.9));
#1296=CARTESIAN_POINT('Ctrl Pts',(-10.9609928797712,1.71604288678715E-16,
11.9));
#1297=CARTESIAN_POINT('Ctrl Pts',(-11.0193664100534,1.82298316409959E-16,
11.9172019559595));
#1298=CARTESIAN_POINT('Ctrl Pts',(-11.0633228222786,1.93500548270384E-16,
11.943013846597));
#1299=CARTESIAN_POINT('Ctrl Pts',(-11.175938580405,2.22200521034482E-16,
12.0091435757006));
#1300=CARTESIAN_POINT('Ctrl Pts',(-11.1917481632992,2.38105734929808E-16,
12.066915323958));
#1301=CARTESIAN_POINT('Ctrl Pts',(-11.2676209928446,2.49472645865821E-16,
12.0789323996014));
#1302=CARTESIAN_POINT('',(-11.6725424859374,2.80571404548398E-16,12.0223587092621));
#1303=CARTESIAN_POINT('Ctrl Pts',(-11.2676209928446,2.49472645865822E-16,
12.0789323996014));
#1304=CARTESIAN_POINT('Ctrl Pts',(-11.2981824839537,2.54051224911719E-16,
12.0837728642662));
#1305=CARTESIAN_POINT('Ctrl Pts',(-11.3176620706646,2.55585394251848E-16,
12.0812068215311));
#1306=CARTESIAN_POINT('Ctrl Pts',(-11.3425325707602,2.56443012293199E-16,
12.0734349394383));
#1307=CARTESIAN_POINT('Ctrl Pts',(-11.4035064106198,2.58545594264325E-16,
12.0543809802373));
#1308=CARTESIAN_POINT('Ctrl Pts',(-11.5257818183201,2.52598135227028E-16,
11.974673277721));
#1309=CARTESIAN_POINT('Ctrl Pts',(-11.6725424859374,2.80571404548399E-16,
12.0223587092621));
#1310=CARTESIAN_POINT('',(-11.9668776743879,3.82754238748941E-16,12.3061346681573));
#1311=CARTESIAN_POINT('Ctrl Pts',(-11.6725424859374,2.805714045484E-16,
12.0223587092621));
#1312=CARTESIAN_POINT('Ctrl Pts',(-11.7305501616913,2.91627938720097E-16,
12.0412065456473));
#1313=CARTESIAN_POINT('Ctrl Pts',(-11.7807509913173,3.05626539435369E-16,
12.0756049908343));
#1314=CARTESIAN_POINT('Ctrl Pts',(-11.8145797107331,3.18721890060751E-16,
12.1137368360123));
#1315=CARTESIAN_POINT('Ctrl Pts',(-11.9012484512105,3.52272008552164E-16,
12.2114301288927));
#1316=CARTESIAN_POINT('Ctrl Pts',(-11.8984318060355,3.66613330842187E-16,
12.271259756319));
#1317=CARTESIAN_POINT('Ctrl Pts',(-11.9668776743879,3.82754238748941E-16,
12.3061346681573));
#1318=CARTESIAN_POINT('',(-12.3694631307312,4.44919261951263E-16,12.3774575140626));
#1319=CARTESIAN_POINT('Ctrl Pts',(-11.9668776743879,3.8275423874894E-16,
12.3061346681573));
#1320=CARTESIAN_POINT('Ctrl Pts',(-11.994447593813,3.89255778449553E-16,
12.3201822437449));
#1321=CARTESIAN_POINT('Ctrl Pts',(-12.0137667325026,3.92277253485548E-16,
12.3237613154176));
#1322=CARTESIAN_POINT('Ctrl Pts',(-12.0398216273271,3.95241914618655E-16,
12.3240552234976));
#1323=CARTESIAN_POINT('Ctrl Pts',(-12.1036991922523,4.02510235419275E-16,
12.324775784167));
#1324=CARTESIAN_POINT('Ctrl Pts',(-12.2446210501884,4.08843159455925E-16,
12.2867544332637));
#1325=CARTESIAN_POINT('Ctrl Pts',(-12.3694631307312,4.44919261951263E-16,
12.3774575140626));
#1326=CARTESIAN_POINT('',(-12.5617009357884,5.54642635458002E-16,12.7382990642116));
#1327=CARTESIAN_POINT('Ctrl Pts',(-12.3694631307312,4.44919261951262E-16,
12.3774575140626));
#1328=CARTESIAN_POINT('Ctrl Pts',(-12.4188074070019,4.59178469748518E-16,
12.4133082292869));
#1329=CARTESIAN_POINT('Ctrl Pts',(-12.4559215289982,4.75111362875838E-16,
12.4615360042186));
#1330=CARTESIAN_POINT('Ctrl Pts',(-12.4763111648496,4.88817968106297E-16,
12.5082551932509));
#1331=CARTESIAN_POINT('Ctrl Pts',(-12.5285491475033,5.23934112969636E-16,
12.6279491497317));
#1332=CARTESIAN_POINT('Ctrl Pts',(-12.5073819871137,5.35307715106739E-16,
12.6839801155369));
#1333=CARTESIAN_POINT('Ctrl Pts',(-12.5617009357884,5.54642635458001E-16,
12.7382990642116));
#1334=CARTESIAN_POINT('',(-12.9225424859374,6.41788777579843E-16,12.9305368692688));
#1335=CARTESIAN_POINT('Ctrl Pts',(-12.5617009357884,5.54642635458001E-16,
12.7382990642116));
#1336=CARTESIAN_POINT('Ctrl Pts',(-12.5835805477248,5.62430719808482E-16,
12.7601786761481));
#1337=CARTESIAN_POINT('Ctrl Pts',(-12.6008481464937,5.66643737511947E-16,
12.7695525177565));
#1338=CARTESIAN_POINT('Ctrl Pts',(-12.6255370014063,5.7142524004907E-16,
12.7778834462385));
#1339=CARTESIAN_POINT('Ctrl Pts',(-12.6860655102811,5.83147825797908E-16,
12.7983079932799));
#1340=CARTESIAN_POINT('Ctrl Pts',(-12.8318394051382,6.01141222179605E-16,
12.8056947887257));
#1341=CARTESIAN_POINT('Ctrl Pts',(-12.9225424859374,6.41788777579843E-16,
12.9305368692688));
#1342=CARTESIAN_POINT('',(-12.9938653318427,7.48312202106241E-16,13.3331223256121));
#1343=CARTESIAN_POINT('Ctrl Pts',(-12.9225424859374,6.41788777579841E-16,
12.9305368692688));
#1344=CARTESIAN_POINT('Ctrl Pts',(-12.9583932011618,6.5785486839375E-16,
12.9798811455396));
#1345=CARTESIAN_POINT('Ctrl Pts',(-12.9787876266782,6.74162431342855E-16,
13.0372173795831));
#1346=CARTESIAN_POINT('Ctrl Pts',(-12.9837422993451,6.87138593158925E-16,
13.0879507127355));
#1347=CARTESIAN_POINT('Ctrl Pts',(-12.9964361064693,7.20383351466363E-16,
13.2179288543995));
#1348=CARTESIAN_POINT('Ctrl Pts',(-12.9589904200044,7.27675906028785E-16,
13.2646764572597));
#1349=CARTESIAN_POINT('Ctrl Pts',(-12.9938653318427,7.48312202106241E-16,
13.3331223256121));
#1350=CARTESIAN_POINT('',(-13.2776412907379,8.5190899157384E-16,13.6274575140626));
#1351=CARTESIAN_POINT('Ctrl Pts',(-12.9938653318427,7.48312202106242E-16,
13.3331223256121));
#1352=CARTESIAN_POINT('Ctrl Pts',(-13.0079129074302,7.56624479147629E-16,
13.3606922450369));
#1353=CARTESIAN_POINT('Ctrl Pts',(-13.0214386934005,7.61616639991939E-16,
13.3749432796529));
#1354=CARTESIAN_POINT('Ctrl Pts',(-13.0423447912651,7.67746937150083E-16,
13.3904957392123));
#1355=CARTESIAN_POINT('Ctrl Pts',(-13.093599291914,7.82776299477966E-16,
13.4286249756549));
#1356=CARTESIAN_POINT('Ctrl Pts',(-13.2299558591967,8.10668849199568E-16,
13.4806968464452));
#1357=CARTESIAN_POINT('Ctrl Pts',(-13.2776412907379,8.51908991573839E-16,
13.6274575140626));
#1358=CARTESIAN_POINT('',(-13.2210676003986,9.44805212134912E-16,14.0323790071555));
#1359=CARTESIAN_POINT('Ctrl Pts',(-13.2776412907379,8.51908991573836E-16,
13.6274575140626));
#1360=CARTESIAN_POINT('Ctrl Pts',(-13.2964891271231,8.68209304496454E-16,
13.6854651898166));
#1361=CARTESIAN_POINT('Ctrl Pts',(-13.2981675076936,8.83295239384401E-16,
13.7462974128986));
#1362=CARTESIAN_POINT('Ctrl Pts',(-13.2872022192943,8.94270760657238E-16,
13.7960787580421));
#1363=CARTESIAN_POINT('Ctrl Pts',(-13.259109292605,9.22389903835786E-16,
13.9236179187722));
#1364=CARTESIAN_POINT('Ctrl Pts',(-13.2090505247552,9.24887564772831E-16,
13.9565061776101));
#1365=CARTESIAN_POINT('Ctrl Pts',(-13.2210676003986,9.44805212134913E-16,
14.0323790071555));
#1366=CARTESIAN_POINT('',(-13.4,1.0547118733939E-15,14.4));
#1367=CARTESIAN_POINT('Ctrl Pts',(-13.2210676003986,9.44805212134912E-16,
14.0323790071555));
#1368=CARTESIAN_POINT('Ctrl Pts',(-13.2259080650634,9.52828018275375E-16,
14.0629404982646));
#1369=CARTESIAN_POINT('Ctrl Pts',(-13.2343680400648,9.58110654774697E-16,
14.0806737353273));
#1370=CARTESIAN_POINT('Ctrl Pts',(-13.2494449463611,9.64989670355704E-16,
14.1019253428618));
#1371=CARTESIAN_POINT('Ctrl Pts',(-13.2864082911492,9.81854630562164E-16,
14.1540269133804));
#1372=CARTESIAN_POINT('Ctrl Pts',(-13.4,1.01691601651817E-15,14.2456867019964));
#1373=CARTESIAN_POINT('Ctrl Pts',(-13.4,1.0547118733939E-15,14.4));
#1374=CARTESIAN_POINT('',(-13.2210676003986,1.12488756067511E-15,14.7676209928445));
#1375=CARTESIAN_POINT('Ctrl Pts',(-13.4,1.0547118733939E-15,14.4));
#1376=CARTESIAN_POINT('Ctrl Pts',(-13.4,1.06965082022539E-15,14.4609928797711));
#1377=CARTESIAN_POINT('Ctrl Pts',(-13.3827980440406,1.08203841063543E-15,
14.5193664100532));
#1378=CARTESIAN_POINT('Ctrl Pts',(-13.3569861534033,1.08993893087192E-15,
14.5633228222782));
#1379=CARTESIAN_POINT('Ctrl Pts',(-13.2908564242997,1.11017996126975E-15,
14.6759385804048));
#1380=CARTESIAN_POINT('Ctrl Pts',(-13.233084676042,1.1076382401266E-15,
14.6917481632991));
#1381=CARTESIAN_POINT('Ctrl Pts',(-13.2210676003986,1.12488756067511E-15,
14.7676209928445));
#1382=CARTESIAN_POINT('',(-13.2776412907379,1.23034566395673E-15,15.1725424859374));
#1383=CARTESIAN_POINT('Ctrl Pts',(-13.2210676003986,1.12488756067511E-15,
14.7676209928445));
#1384=CARTESIAN_POINT('Ctrl Pts',(-13.2162271357338,1.13183556775144E-15,
14.7981824839537));
#1385=CARTESIAN_POINT('Ctrl Pts',(-13.2187931784689,1.13689157863888E-15,
14.8176620706646));
#1386=CARTESIAN_POINT('Ctrl Pts',(-13.2265650605617,1.14384594666881E-15,
14.8425325707603));
#1387=CARTESIAN_POINT('Ctrl Pts',(-13.2456190197627,1.16089564494386E-15,
14.9035064106199));
#1388=CARTESIAN_POINT('Ctrl Pts',(-13.325326722279,1.19969381438974E-15,
15.0257818183201));
#1389=CARTESIAN_POINT('Ctrl Pts',(-13.2776412907379,1.23034566395673E-15,
15.1725424859374));
#1390=CARTESIAN_POINT('',(-12.9938653318427,1.27093153274421E-15,15.4668776743879));
#1391=CARTESIAN_POINT('Ctrl Pts',(-13.2776412907379,1.23034566395673E-15,
15.1725424859374));
#1392=CARTESIAN_POINT('Ctrl Pts',(-13.2587934543527,1.24246091649548E-15,
15.2305501616913));
#1393=CARTESIAN_POINT('Ctrl Pts',(-13.2243950091658,1.25093757876887E-15,
15.2807509913171));
#1394=CARTESIAN_POINT('Ctrl Pts',(-13.1862631639878,1.25498974000214E-15,
15.314579710733));
#1395=CARTESIAN_POINT('Ctrl Pts',(-13.0885698711073,1.26537132453636E-15,
15.4012484512106));
#1396=CARTESIAN_POINT('Ctrl Pts',(-13.028740243681,1.25803902268767E-15,
15.3984318060355));
#1397=CARTESIAN_POINT('Ctrl Pts',(-12.9938653318427,1.27093153274421E-15,
15.4668776743879));
#1398=CARTESIAN_POINT('',(-12.9225424859374,1.36161810412944E-15,15.8694631307312));
#1399=CARTESIAN_POINT('Ctrl Pts',(-12.9938653318427,1.27093153274421E-15,
15.4668776743879));
#1400=CARTESIAN_POINT('Ctrl Pts',(-12.9798177562551,1.27612462141414E-15,
15.4944475938129));
#1401=CARTESIAN_POINT('Ctrl Pts',(-12.9762386845824,1.28045908911673E-15,
15.5137667325024));
#1402=CARTESIAN_POINT('Ctrl Pts',(-12.9759447765024,1.28680806759884E-15,
15.5398216273268));
#1403=CARTESIAN_POINT('Ctrl Pts',(-12.9752242158329,1.30237356068306E-15,
15.6036991922521));
#1404=CARTESIAN_POINT('Ctrl Pts',(-13.0132455667365,1.34111067847077E-15,
15.7446210501882));
#1405=CARTESIAN_POINT('Ctrl Pts',(-12.9225424859374,1.36161810412944E-15,
15.8694631307312));
#1406=CARTESIAN_POINT('',(-12.5617009357884,1.36864132680792E-15,16.0617009357884));
#1407=CARTESIAN_POINT('Ctrl Pts',(-12.9225424859374,1.36161810412944E-15,
15.8694631307312));
#1408=CARTESIAN_POINT('Ctrl Pts',(-12.886691770713,1.36972373704507E-15,
15.918807407002));
#1409=CARTESIAN_POINT('Ctrl Pts',(-12.838463995781,1.37345971641814E-15,
15.9559215289985));
#1410=CARTESIAN_POINT('Ctrl Pts',(-12.7917448067488,1.37326686487354E-15,
15.9763111648498));
#1411=CARTESIAN_POINT('Ctrl Pts',(-12.6720508502684,1.37277278171706E-15,
16.0285491475031));
#1412=CARTESIAN_POINT('Ctrl Pts',(-12.616019884463,1.36136763595508E-15,
16.0073819871137));
#1413=CARTESIAN_POINT('Ctrl Pts',(-12.5617009357884,1.36864132680792E-15,
16.0617009357884));
#1414=CARTESIAN_POINT('',(-12.3694631307312,1.19789691541097E-15,16.4225424859374));
#1415=CARTESIAN_POINT('Ctrl Pts',(-12.5617009357884,1.17380121415493E-15,
16.0617009357884));
#1416=CARTESIAN_POINT('Ctrl Pts',(-12.5398213238519,1.1727751374663E-15,
16.0835805477248));
#1417=CARTESIAN_POINT('Ctrl Pts',(-12.5304474822435,1.17172876358116E-15,
16.1008481464939));
#1418=CARTESIAN_POINT('Ctrl Pts',(-12.5221165537615,1.17248006879942E-15,
16.1255370014063));
#1419=CARTESIAN_POINT('Ctrl Pts',(-12.5016920067202,1.1743220086031E-15,
16.1860655102809));
#1420=CARTESIAN_POINT('Ctrl Pts',(-12.4943052112743,1.19783754925658E-15,
16.3318394051381));
#1421=CARTESIAN_POINT('Ctrl Pts',(-12.3694631307312,1.19789691541097E-15,
16.4225424859374));
#1422=CARTESIAN_POINT('',(-11.9668776743879,1.16293956266909E-15,16.4938653318427));
#1423=CARTESIAN_POINT('Ctrl Pts',(-12.3694631307312,1.19789691541097E-15,
16.4225424859374));
#1424=CARTESIAN_POINT('Ctrl Pts',(-12.3201188544605,1.1979203800946E-15,
16.4583932011617));
#1425=CARTESIAN_POINT('Ctrl Pts',(-12.2627826204171,1.19504017201763E-15,
16.4787876266781));
#1426=CARTESIAN_POINT('Ctrl Pts',(-12.2120492872648,1.1901961636648E-15,
16.4837422993451));
#1427=CARTESIAN_POINT('Ctrl Pts',(-12.0820711456008,1.17778587707835E-15,
16.4964361064694));
#1428=CARTESIAN_POINT('Ctrl Pts',(-12.0353235427404,1.16830219801132E-15,
16.4589904200044));
#1429=CARTESIAN_POINT('Ctrl Pts',(-11.9668776743879,1.16293956266909E-15,
16.4938653318427));
#1430=CARTESIAN_POINT('',(-11.6725424859374,1.16574972456721E-15,16.7776412907379));
#1431=CARTESIAN_POINT('Ctrl Pts',(-11.9668776743879,1.16293956266909E-15,
16.4938653318427));
#1432=CARTESIAN_POINT('Ctrl Pts',(-11.939307754963,1.16077949913494E-15,
16.5079129074302));
#1433=CARTESIAN_POINT('Ctrl Pts',(-11.9250567203469,1.15921203458723E-15,
16.5214386934007));
#1434=CARTESIAN_POINT('Ctrl Pts',(-11.9095042607876,1.15890476244963E-15,
16.5423447912653));
#1435=CARTESIAN_POINT('Ctrl Pts',(-11.8713750243452,1.15815143774611E-15,
16.593599291914));
#1436=CARTESIAN_POINT('Ctrl Pts',(-11.8193031535547,1.17472545376838E-15,
16.7299558591967));
#1437=CARTESIAN_POINT('Ctrl Pts',(-11.6725424859374,1.16574972456721E-15,
16.7776412907379));
#1438=CARTESIAN_POINT('',(-11.2676209928445,1.1143147396331E-15,16.7210676003986));
#1439=CARTESIAN_POINT('Ctrl Pts',(-11.6725424859374,1.16574972456721E-15,
16.7776412907379));
#1440=CARTESIAN_POINT('Ctrl Pts',(-11.6145348101834,1.16220203568292E-15,
16.796489127123));
#1441=CARTESIAN_POINT('Ctrl Pts',(-11.5537025871016,1.15578450462346E-15,
16.7981675076937));
#1442=CARTESIAN_POINT('Ctrl Pts',(-11.5039212419579,1.14851256829755E-15,
16.7872022192943));
#1443=CARTESIAN_POINT('Ctrl Pts',(-11.3763820812275,1.12988196172767E-15,
16.759109292605));
#1444=CARTESIAN_POINT('Ctrl Pts',(-11.3434938223899,1.12196771095219E-15,
16.7090505247552));
#1445=CARTESIAN_POINT('Ctrl Pts',(-11.2676209928445,1.1143147396331E-15,
16.7210676003986));
#1446=CARTESIAN_POINT('',(-10.9,1.09556428394717E-15,16.9));
#1447=CARTESIAN_POINT('Ctrl Pts',(-11.2676209928445,1.1143147396331E-15,
16.7210676003986));
#1448=CARTESIAN_POINT('Ctrl Pts',(-11.2370595017354,1.11123213132221E-15,
16.7259080650634));
#1449=CARTESIAN_POINT('Ctrl Pts',(-11.2193262646729,1.10929701046301E-15,
16.7343680400647));
#1450=CARTESIAN_POINT('Ctrl Pts',(-11.1980746571382,1.10796123890728E-15,
16.7494449463611));
#1451=CARTESIAN_POINT('Ctrl Pts',(-11.1459730866192,1.10468639036726E-15,
16.7864082911496));
#1452=CARTESIAN_POINT('Ctrl Pts',(-11.0543132980035,1.11269650159211E-15,
16.9));
#1453=CARTESIAN_POINT('Ctrl Pts',(-10.9,1.09556428394717E-15,16.9));
#1454=CARTESIAN_POINT('',(-10.5323790071555,1.03268648151478E-15,16.7210676003986));
#1455=CARTESIAN_POINT('Ctrl Pts',(-10.9,1.09556428394717E-15,16.9));
#1456=CARTESIAN_POINT('Ctrl Pts',(-10.8390071202288,1.08879271400115E-15,
16.9));
#1457=CARTESIAN_POINT('Ctrl Pts',(-10.7806335899466,1.07946605261285E-15,
16.8827980440405));
#1458=CARTESIAN_POINT('Ctrl Pts',(-10.7366771777215,1.07047801610803E-15,
16.8569861534031));
#1459=CARTESIAN_POINT('Ctrl Pts',(-10.6240614195951,1.04745078313291E-15,
16.7908564242995));
#1460=CARTESIAN_POINT('Ctrl Pts',(-10.6082518367008,1.04188066265664E-15,
16.733084676042));
#1461=CARTESIAN_POINT('Ctrl Pts',(-10.5323790071555,1.03268648151478E-15,
16.7210676003986));
#1462=CARTESIAN_POINT('',(-10.1274575140626,9.94210833489448E-16,16.7776412907379));
#1463=CARTESIAN_POINT('Ctrl Pts',(-10.5323790071555,1.03268648151478E-15,
16.7210676003986));
#1464=CARTESIAN_POINT('Ctrl Pts',(-10.5018175160463,1.02898307560641E-15,
16.7162271357338));
#1465=CARTESIAN_POINT('Ctrl Pts',(-10.4823379293354,1.02686972154824E-15,
16.7187931784689));
#1466=CARTESIAN_POINT('Ctrl Pts',(-10.4574674292396,1.02463620520108E-15,
16.7265650605617));
#1467=CARTESIAN_POINT('Ctrl Pts',(-10.3964935893801,1.01916039781679E-15,
16.7456190197627));
#1468=CARTESIAN_POINT('Ctrl Pts',(-10.2742181816798,1.01782251874787E-15,
16.825326722279));
#1469=CARTESIAN_POINT('Ctrl Pts',(-10.1274575140626,9.94210833489448E-16,
16.7776412907379));
#1470=CARTESIAN_POINT('',(-9.83312232561207,9.26045130956282E-16,16.4938653318427));
#1471=CARTESIAN_POINT('Ctrl Pts',(-10.1274575140626,9.94210833489449E-16,
16.7776412907379));
#1472=CARTESIAN_POINT('Ctrl Pts',(-10.0694498383087,9.84878230928327E-16,
16.7587934543527));
#1473=CARTESIAN_POINT('Ctrl Pts',(-10.0192490086826,9.73555397810559E-16,
16.7243950091657));
#1474=CARTESIAN_POINT('Ctrl Pts',(-9.98542028926691,9.6373107276325E-16,
16.6862631639877));
#1475=CARTESIAN_POINT('Ctrl Pts',(-9.89875154878962,9.38561279386623E-16,
16.5885698711074));
#1476=CARTESIAN_POINT('Ctrl Pts',(-9.90156819396445,9.35880531411106E-16,
16.5287402436809));
#1477=CARTESIAN_POINT('Ctrl Pts',(-9.83312232561207,9.26045130956283E-16,
16.4938653318427));
#1478=CARTESIAN_POINT('',(-9.43053686926881,8.71610555095862E-16,16.4225424859374));
#1479=CARTESIAN_POINT('Ctrl Pts',(-9.83312232561207,9.26045130956283E-16,
16.4938653318427));
#1480=CARTESIAN_POINT('Ctrl Pts',(-9.80555240618706,9.22083442623889E-16,
16.4798177562551));
#1481=CARTESIAN_POINT('Ctrl Pts',(-9.78623326749756,9.19998725186563E-16,
16.4762386845824));
#1482=CARTESIAN_POINT('Ctrl Pts',(-9.76017837267303,9.1708609618987E-16,
16.4759447765024));
#1483=CARTESIAN_POINT('Ctrl Pts',(-9.69630080774772,9.09945340140288E-16,
16.4752242158329));
#1484=CARTESIAN_POINT('Ctrl Pts',(-9.55537894981167,8.99390431702402E-16,
16.5132455667364));
#1485=CARTESIAN_POINT('Ctrl Pts',(-9.43053686926881,8.71610555095862E-16,
16.4225424859374));
#1486=CARTESIAN_POINT('',(-9.23829906421161,8.04829486364239E-16,16.0617009357884));
#1487=CARTESIAN_POINT('Ctrl Pts',(-9.43053686926881,8.71610555095862E-16,
16.4225424859374));
#1488=CARTESIAN_POINT('Ctrl Pts',(-9.38119259299815,8.60630460082404E-16,
16.3866917707131));
#1489=CARTESIAN_POINT('Ctrl Pts',(-9.34407847100179,8.48419813031554E-16,
16.3384639957814));
#1490=CARTESIAN_POINT('Ctrl Pts',(-9.32368883515039,8.38720872827487E-16,
16.2917448067492));
#1491=CARTESIAN_POINT('Ctrl Pts',(-9.27145085249675,8.13872313793306E-16,
16.1720508502684));
#1492=CARTESIAN_POINT('Ctrl Pts',(-9.29261801288628,8.14343348608249E-16,
16.116019884463));
#1493=CARTESIAN_POINT('Ctrl Pts',(-9.23829906421162,8.04829486364242E-16,
16.0617009357884));
#1494=CARTESIAN_POINT('Ctrl Pts',(-9.23829906421161,8.04829486364239E-16,
16.0617009357884));
#1495=CARTESIAN_POINT('Ctrl Pts',(-9.21641945227511,8.00997313264516E-16,
16.0398213238519));
#1496=CARTESIAN_POINT('Ctrl Pts',(-9.19915185350621,7.99145299115872E-16,
16.0304474822435));
#1497=CARTESIAN_POINT('Ctrl Pts',(-9.17446299859355,7.95838665889334E-16,
16.0221165537614));
#1498=CARTESIAN_POINT('Ctrl Pts',(-9.11393448971869,7.87731948129182E-16,
16.0016920067201));
#1499=CARTESIAN_POINT('Ctrl Pts',(-8.96816059486176,7.68993198300591E-16,
15.9943052112741));
#1500=CARTESIAN_POINT('Ctrl Pts',(-8.87745751406263,7.39764418221947E-16,
15.8694631307312));
#1501=CARTESIAN_POINT('',(-11.9,8.88178610142423E-16,14.4));
#1502=CARTESIAN_POINT('Origin',(-10.9,7.77156307679907E-16,14.4));
#1503=CARTESIAN_POINT('Origin',(-10.9,7.77156307679907E-16,14.4));
#1504=CARTESIAN_POINT('',(-11.9,7.77156307679907E-16,14.4));
#1505=CARTESIAN_POINT('Origin',(-10.9,-5.,14.4));
#1506=CARTESIAN_POINT('Ctrl Pts',(-8.80613466815733,6.80904979590383E-16,
15.4668776743879));
#1507=CARTESIAN_POINT('Ctrl Pts',(-8.80613466815733,3.,15.4668776743879));
#1508=CARTESIAN_POINT('Ctrl Pts',(-8.84100957999565,6.89166020500178E-16,
15.5353235427404));
#1509=CARTESIAN_POINT('Ctrl Pts',(-8.84100957999565,3.,15.5353235427404));
#1510=CARTESIAN_POINT('Ctrl Pts',(-8.80356389353062,6.85589311064304E-16,
15.5820711456007));
#1511=CARTESIAN_POINT('Ctrl Pts',(-8.80356389353062,3.,15.5820711456007));
#1512=CARTESIAN_POINT('Ctrl Pts',(-8.81625770065491,7.07684285667658E-16,
15.7120492872647));
#1513=CARTESIAN_POINT('Ctrl Pts',(-8.81625770065491,3.,15.7120492872647));
#1514=CARTESIAN_POINT('Ctrl Pts',(-8.82121237332189,7.16308441184838E-16,
15.7627826204171));
#1515=CARTESIAN_POINT('Ctrl Pts',(-8.82121237332189,3.,15.7627826204171));
#1516=CARTESIAN_POINT('Ctrl Pts',(-8.84160679883831,7.28211638958859E-16,
15.8201188544604));
#1517=CARTESIAN_POINT('Ctrl Pts',(-8.84160679883831,3.,15.8201188544604));
#1518=CARTESIAN_POINT('Ctrl Pts',(-8.87745751406263,7.39764418221946E-16,
15.8694631307312));
#1519=CARTESIAN_POINT('Ctrl Pts',(-8.87745751406263,3.,15.8694631307312));
#1520=CARTESIAN_POINT('',(-8.87745751406263,3.,15.8694631307312));
#1521=CARTESIAN_POINT('',(-8.87745751406263,7.39764418221946E-16,15.8694631307312));
#1522=CARTESIAN_POINT('',(-8.80613466815733,3.,15.4668776743879));
#1523=CARTESIAN_POINT('Ctrl Pts',(-8.80613466815733,3.,15.4668776743879));
#1524=CARTESIAN_POINT('Ctrl Pts',(-8.84100957999565,3.,15.5353235427404));
#1525=CARTESIAN_POINT('Ctrl Pts',(-8.80356389353062,3.,15.5820711456007));
#1526=CARTESIAN_POINT('Ctrl Pts',(-8.81625770065491,3.,15.7120492872647));
#1527=CARTESIAN_POINT('Ctrl Pts',(-8.82121237332189,3.,15.7627826204171));
#1528=CARTESIAN_POINT('Ctrl Pts',(-8.84160679883831,3.,15.8201188544604));
#1529=CARTESIAN_POINT('Ctrl Pts',(-8.87745751406263,3.,15.8694631307312));
#1530=CARTESIAN_POINT('',(-8.80613466815733,6.80904979590383E-16,15.4668776743879));
#1531=CARTESIAN_POINT('Ctrl Pts',(-8.52235870926212,6.1157844137097E-16,
15.1725424859374));
#1532=CARTESIAN_POINT('Ctrl Pts',(-8.52235870926212,3.,15.1725424859374));
#1533=CARTESIAN_POINT('Ctrl Pts',(-8.57004414080323,6.39395008278697E-16,
15.3193031535545));
#1534=CARTESIAN_POINT('Ctrl Pts',(-8.57004414080323,3.,15.3193031535545));
#1535=CARTESIAN_POINT('Ctrl Pts',(-8.70640070808574,6.6448332010421E-16,
15.371375024345));
#1536=CARTESIAN_POINT('Ctrl Pts',(-8.70640070808574,3.,15.371375024345));
#1537=CARTESIAN_POINT('Ctrl Pts',(-8.75765520873461,6.7276245755775E-16,
15.4095042607875));
#1538=CARTESIAN_POINT('Ctrl Pts',(-8.75765520873461,3.,15.4095042607875));
#1539=CARTESIAN_POINT('Ctrl Pts',(-8.77856130659936,6.76139418715275E-16,
15.4250567203469));
#1540=CARTESIAN_POINT('Ctrl Pts',(-8.77856130659936,3.,15.4250567203469));
#1541=CARTESIAN_POINT('Ctrl Pts',(-8.79208709256979,6.77577441526631E-16,
15.4393077549629));
#1542=CARTESIAN_POINT('Ctrl Pts',(-8.79208709256979,3.,15.4393077549629));
#1543=CARTESIAN_POINT('Ctrl Pts',(-8.80613466815734,6.80904979590385E-16,
15.4668776743879));
#1544=CARTESIAN_POINT('Ctrl Pts',(-8.80613466815734,3.,15.4668776743879));
#1545=CARTESIAN_POINT('',(-8.52235870926212,3.,15.1725424859374));
#1546=CARTESIAN_POINT('Ctrl Pts',(-8.52235870926212,3.,15.1725424859374));
#1547=CARTESIAN_POINT('Ctrl Pts',(-8.57004414080323,3.,15.3193031535545));
#1548=CARTESIAN_POINT('Ctrl Pts',(-8.70640070808574,3.,15.371375024345));
#1549=CARTESIAN_POINT('Ctrl Pts',(-8.75765520873461,3.,15.4095042607875));
#1550=CARTESIAN_POINT('Ctrl Pts',(-8.77856130659936,3.,15.4250567203469));
#1551=CARTESIAN_POINT('Ctrl Pts',(-8.79208709256979,3.,15.4393077549629));
#1552=CARTESIAN_POINT('Ctrl Pts',(-8.80613466815734,3.,15.4668776743879));
#1553=CARTESIAN_POINT('',(-8.52235870926212,6.11578441370969E-16,15.1725424859374));
#1554=CARTESIAN_POINT('Ctrl Pts',(-8.57893239960143,5.66402204790548E-16,
14.7676209928445));
#1555=CARTESIAN_POINT('Ctrl Pts',(-8.57893239960143,3.,14.7676209928445));
#1556=CARTESIAN_POINT('Ctrl Pts',(-8.59094947524482,5.72601776123798E-16,
14.8434938223899));
#1557=CARTESIAN_POINT('Ctrl Pts',(-8.59094947524482,3.,14.8434938223899));
#1558=CARTESIAN_POINT('Ctrl Pts',(-8.54089070739499,5.66269505307008E-16,
14.8763820812277));
#1559=CARTESIAN_POINT('Ctrl Pts',(-8.54089070739499,3.,14.8763820812277));
#1560=CARTESIAN_POINT('Ctrl Pts',(-8.51279778070568,5.83448085420628E-16,
15.0039212419579));
#1561=CARTESIAN_POINT('Ctrl Pts',(-8.51279778070568,3.,15.0039212419579));
#1562=CARTESIAN_POINT('Ctrl Pts',(-8.50183249230635,5.90153263820867E-16,
15.0537025871015));
#1563=CARTESIAN_POINT('Ctrl Pts',(-8.50183249230635,3.,15.0537025871015));
#1564=CARTESIAN_POINT('Ctrl Pts',(-8.50351087287697,6.00583844385484E-16,
15.1145348101834));
#1565=CARTESIAN_POINT('Ctrl Pts',(-8.50351087287697,3.,15.1145348101834));
#1566=CARTESIAN_POINT('Ctrl Pts',(-8.52235870926212,6.11578441370968E-16,
15.1725424859374));
#1567=CARTESIAN_POINT('Ctrl Pts',(-8.52235870926212,3.,15.1725424859374));
#1568=CARTESIAN_POINT('',(-8.57893239960143,3.,14.7676209928445));
#1569=CARTESIAN_POINT('Ctrl Pts',(-8.57893239960143,3.,14.7676209928445));
#1570=CARTESIAN_POINT('Ctrl Pts',(-8.59094947524482,3.,14.8434938223899));
#1571=CARTESIAN_POINT('Ctrl Pts',(-8.54089070739499,3.,14.8763820812277));
#1572=CARTESIAN_POINT('Ctrl Pts',(-8.51279778070568,3.,15.0039212419579));
#1573=CARTESIAN_POINT('Ctrl Pts',(-8.50183249230635,3.,15.0537025871015));
#1574=CARTESIAN_POINT('Ctrl Pts',(-8.50351087287697,3.,15.1145348101834));
#1575=CARTESIAN_POINT('Ctrl Pts',(-8.52235870926212,3.,15.1725424859374));
#1576=CARTESIAN_POINT('',(-8.57893239960143,5.66402204790548E-16,14.7676209928445));
#1577=CARTESIAN_POINT('Ctrl Pts',(-8.4,4.99600361081323E-16,14.4));
#1578=CARTESIAN_POINT('Ctrl Pts',(-8.4,3.,14.4));
#1579=CARTESIAN_POINT('Ctrl Pts',(-8.4,5.23281835439792E-16,14.5543132980033));
#1580=CARTESIAN_POINT('Ctrl Pts',(-8.4,3.,14.5543132980033));
#1581=CARTESIAN_POINT('Ctrl Pts',(-8.51359170885038,5.52263890500191E-16,
14.6459730866192));
#1582=CARTESIAN_POINT('Ctrl Pts',(-8.51359170885038,3.,14.6459730866192));
#1583=CARTESIAN_POINT('Ctrl Pts',(-8.5505550536387,5.59905027989035E-16,
14.6980746571379));
#1584=CARTESIAN_POINT('Ctrl Pts',(-8.5505550536387,3.,14.6980746571379));
#1585=CARTESIAN_POINT('Ctrl Pts',(-8.56563195993518,5.63021756590778E-16,
14.7193262646726));
#1586=CARTESIAN_POINT('Ctrl Pts',(-8.56563195993518,3.,14.7193262646726));
#1587=CARTESIAN_POINT('Ctrl Pts',(-8.57409193493661,5.63905024372775E-16,
14.7370595017353));
#1588=CARTESIAN_POINT('Ctrl Pts',(-8.57409193493661,3.,14.7370595017353));
#1589=CARTESIAN_POINT('Ctrl Pts',(-8.57893239960143,5.66402204790548E-16,
14.7676209928445));
#1590=CARTESIAN_POINT('Ctrl Pts',(-8.57893239960143,3.,14.7676209928445));
#1591=CARTESIAN_POINT('',(-8.4,3.,14.4));
#1592=CARTESIAN_POINT('Ctrl Pts',(-8.4,3.,14.4));
#1593=CARTESIAN_POINT('Ctrl Pts',(-8.4,3.,14.5543132980033));
#1594=CARTESIAN_POINT('Ctrl Pts',(-8.51359170885038,3.,14.6459730866192));
#1595=CARTESIAN_POINT('Ctrl Pts',(-8.5505550536387,3.,14.6980746571379));
#1596=CARTESIAN_POINT('Ctrl Pts',(-8.56563195993518,3.,14.7193262646726));
#1597=CARTESIAN_POINT('Ctrl Pts',(-8.57409193493661,3.,14.7370595017353));
#1598=CARTESIAN_POINT('Ctrl Pts',(-8.57893239960143,3.,14.7676209928445));
#1599=CARTESIAN_POINT('',(-8.4,4.99600361081323E-16,14.4));
#1600=CARTESIAN_POINT('Ctrl Pts',(-8.57893239960143,4.72529491349884E-16,
14.0323790071554));
#1601=CARTESIAN_POINT('Ctrl Pts',(-8.57893239960143,3.,14.0323790071554));
#1602=CARTESIAN_POINT('Ctrl Pts',(-8.56691532395805,4.7606073586954E-16,
14.1082518367008));
#1603=CARTESIAN_POINT('Ctrl Pts',(-8.56691532395805,3.,14.1082518367008));
#1604=CARTESIAN_POINT('Ctrl Pts',(-8.50914357570037,4.67592750458945E-16,
14.1240614195953));
#1605=CARTESIAN_POINT('Ctrl Pts',(-8.50914357570037,3.,14.1240614195953));
#1606=CARTESIAN_POINT('Ctrl Pts',(-8.44301384659683,4.78173376971068E-16,
14.2366771777216));
#1607=CARTESIAN_POINT('Ctrl Pts',(-8.44301384659683,3.,14.2366771777216));
#1608=CARTESIAN_POINT('Ctrl Pts',(-8.41720195595944,4.82303228674807E-16,
14.2806335899467));
#1609=CARTESIAN_POINT('Ctrl Pts',(-8.41720195595944,3.,14.2806335899467));
#1610=CARTESIAN_POINT('Ctrl Pts',(-8.4,4.9024017413024E-16,14.3390071202289));
#1611=CARTESIAN_POINT('Ctrl Pts',(-8.4,3.,14.3390071202289));
#1612=CARTESIAN_POINT('Ctrl Pts',(-8.4,4.99600361081323E-16,14.4));
#1613=CARTESIAN_POINT('Ctrl Pts',(-8.4,3.,14.4));
#1614=CARTESIAN_POINT('',(-8.57893239960143,3.,14.0323790071554));
#1615=CARTESIAN_POINT('Ctrl Pts',(-8.57893239960143,3.,14.0323790071554));
#1616=CARTESIAN_POINT('Ctrl Pts',(-8.56691532395805,3.,14.1082518367008));
#1617=CARTESIAN_POINT('Ctrl Pts',(-8.50914357570037,3.,14.1240614195953));
#1618=CARTESIAN_POINT('Ctrl Pts',(-8.44301384659683,3.,14.2366771777216));
#1619=CARTESIAN_POINT('Ctrl Pts',(-8.41720195595944,3.,14.2806335899467));
#1620=CARTESIAN_POINT('Ctrl Pts',(-8.4,3.,14.3390071202289));
#1621=CARTESIAN_POINT('Ctrl Pts',(-8.4,3.,14.4));
#1622=CARTESIAN_POINT('',(-8.57893239960143,4.72529491349885E-16,14.0323790071554));
#1623=CARTESIAN_POINT('Ctrl Pts',(-8.52235870926212,4.14791372048922E-16,
13.6274575140626));
#1624=CARTESIAN_POINT('Ctrl Pts',(-8.52235870926212,3.,13.6274575140626));
#1625=CARTESIAN_POINT('Ctrl Pts',(-8.47467327772105,4.32019646149416E-16,
13.7742181816797));
#1626=CARTESIAN_POINT('Ctrl Pts',(-8.47467327772105,3.,13.7742181816797));
#1627=CARTESIAN_POINT('Ctrl Pts',(-8.55438098023724,4.62058478965565E-16,
13.8964935893801));
#1628=CARTESIAN_POINT('Ctrl Pts',(-8.55438098023724,3.,13.8964935893801));
#1629=CARTESIAN_POINT('Ctrl Pts',(-8.57343493943829,4.68313648713343E-16,
13.9574674292396));
#1630=CARTESIAN_POINT('Ctrl Pts',(-8.57343493943829,3.,13.9574674292396));
#1631=CARTESIAN_POINT('Ctrl Pts',(-8.58120682153109,4.70865057648215E-16,
13.9823379293353));
#1632=CARTESIAN_POINT('Ctrl Pts',(-8.58120682153109,3.,13.9823379293353));
#1633=CARTESIAN_POINT('Ctrl Pts',(-8.58377286426625,4.71107109996265E-16,
14.0018175160462));
#1634=CARTESIAN_POINT('Ctrl Pts',(-8.58377286426625,3.,14.0018175160462));
#1635=CARTESIAN_POINT('Ctrl Pts',(-8.57893239960143,4.72529491349883E-16,
14.0323790071554));
#1636=CARTESIAN_POINT('Ctrl Pts',(-8.57893239960143,3.,14.0323790071554));
#1637=CARTESIAN_POINT('',(-8.52235870926212,3.,13.6274575140626));
#1638=CARTESIAN_POINT('Ctrl Pts',(-8.52235870926212,3.,13.6274575140626));
#1639=CARTESIAN_POINT('Ctrl Pts',(-8.47467327772105,3.,13.7742181816797));
#1640=CARTESIAN_POINT('Ctrl Pts',(-8.55438098023724,3.,13.8964935893801));
#1641=CARTESIAN_POINT('Ctrl Pts',(-8.57343493943829,3.,13.9574674292396));
#1642=CARTESIAN_POINT('Ctrl Pts',(-8.58120682153109,3.,13.9823379293353));
#1643=CARTESIAN_POINT('Ctrl Pts',(-8.58377286426625,3.,14.0018175160462));
#1644=CARTESIAN_POINT('Ctrl Pts',(-8.57893239960143,3.,14.0323790071554));
#1645=CARTESIAN_POINT('',(-8.52235870926212,4.14791372048922E-16,13.6274575140626));
#1646=CARTESIAN_POINT('Ctrl Pts',(-8.80613466815734,4.08475754509617E-16,
13.3331223256121));
#1647=CARTESIAN_POINT('Ctrl Pts',(-8.80613466815734,3.,13.3331223256121));
#1648=CARTESIAN_POINT('Ctrl Pts',(-8.77125975631902,4.08993009398463E-16,
13.4015681939645));
#1649=CARTESIAN_POINT('Ctrl Pts',(-8.77125975631902,3.,13.4015681939645));
#1650=CARTESIAN_POINT('Ctrl Pts',(-8.71143012889246,3.99218214805898E-16,
13.3987515487896));
#1651=CARTESIAN_POINT('Ctrl Pts',(-8.71143012889246,3.,13.3987515487896));
#1652=CARTESIAN_POINT('Ctrl Pts',(-8.61373683601206,4.02165182274044E-16,
13.4854202892671));
#1653=CARTESIAN_POINT('Ctrl Pts',(-8.61373683601206,3.,13.4854202892671));
#1654=CARTESIAN_POINT('Ctrl Pts',(-8.57560499083419,4.03315448622187E-16,
13.5192490086828));
#1655=CARTESIAN_POINT('Ctrl Pts',(-8.57560499083419,3.,13.5192490086828));
#1656=CARTESIAN_POINT('Ctrl Pts',(-8.54120654564724,4.0798183544728E-16,
13.5694498383088));
#1657=CARTESIAN_POINT('Ctrl Pts',(-8.54120654564724,3.,13.5694498383088));
#1658=CARTESIAN_POINT('Ctrl Pts',(-8.52235870926212,4.1479137204892E-16,
13.6274575140626));
#1659=CARTESIAN_POINT('Ctrl Pts',(-8.52235870926212,3.,13.6274575140626));
#1660=CARTESIAN_POINT('',(-8.80613466815734,3.,13.3331223256121));
#1661=CARTESIAN_POINT('Ctrl Pts',(-8.80613466815734,3.,13.3331223256121));
#1662=CARTESIAN_POINT('Ctrl Pts',(-8.77125975631902,3.,13.4015681939645));
#1663=CARTESIAN_POINT('Ctrl Pts',(-8.71143012889246,3.,13.3987515487896));
#1664=CARTESIAN_POINT('Ctrl Pts',(-8.61373683601206,3.,13.4854202892671));
#1665=CARTESIAN_POINT('Ctrl Pts',(-8.57560499083419,3.,13.5192490086828));
#1666=CARTESIAN_POINT('Ctrl Pts',(-8.54120654564724,3.,13.5694498383088));
#1667=CARTESIAN_POINT('Ctrl Pts',(-8.52235870926212,3.,13.6274575140626));
#1668=CARTESIAN_POINT('',(-8.80613466815734,4.08475754509618E-16,13.3331223256121));
#1669=CARTESIAN_POINT('Ctrl Pts',(-8.87745751406264,3.65453169019225E-16,
12.9305368692688));
#1670=CARTESIAN_POINT('Ctrl Pts',(-8.87745751406264,3.,12.9305368692688));
#1671=CARTESIAN_POINT('Ctrl Pts',(-8.78675443326349,3.74541819356354E-16,
13.0553789498118));
#1672=CARTESIAN_POINT('Ctrl Pts',(-8.78675443326349,3.,13.0553789498118));
#1673=CARTESIAN_POINT('Ctrl Pts',(-8.82477578416714,4.02697019679404E-16,
13.1963008077482));
#1674=CARTESIAN_POINT('Ctrl Pts',(-8.82477578416714,3.,13.1963008077482));
#1675=CARTESIAN_POINT('Ctrl Pts',(-8.82405522349756,4.06953922088826E-16,
13.2601783726732));
#1676=CARTESIAN_POINT('Ctrl Pts',(-8.82405522349756,3.,13.2601783726732));
#1677=CARTESIAN_POINT('Ctrl Pts',(-8.82376131541758,4.08690261673547E-16,
13.2862332674975));
#1678=CARTESIAN_POINT('Ctrl Pts',(-8.82376131541758,3.,13.2862332674975));
#1679=CARTESIAN_POINT('Ctrl Pts',(-8.82018224374485,4.08267404817355E-16,
13.3055524061871));
#1680=CARTESIAN_POINT('Ctrl Pts',(-8.82018224374485,3.,13.3055524061871));
#1681=CARTESIAN_POINT('Ctrl Pts',(-8.80613466815734,4.08475754509618E-16,
13.3331223256121));
#1682=CARTESIAN_POINT('Ctrl Pts',(-8.80613466815734,3.,13.3331223256121));
#1683=CARTESIAN_POINT('',(-8.87745751406264,3.,12.9305368692688));
#1684=CARTESIAN_POINT('Ctrl Pts',(-8.87745751406264,3.,12.9305368692688));
#1685=CARTESIAN_POINT('Ctrl Pts',(-8.78675443326349,3.,13.0553789498118));
#1686=CARTESIAN_POINT('Ctrl Pts',(-8.82477578416714,3.,13.1963008077482));
#1687=CARTESIAN_POINT('Ctrl Pts',(-8.82405522349756,3.,13.2601783726732));
#1688=CARTESIAN_POINT('Ctrl Pts',(-8.82376131541758,3.,13.2862332674975));
#1689=CARTESIAN_POINT('Ctrl Pts',(-8.82018224374485,3.,13.3055524061871));
#1690=CARTESIAN_POINT('Ctrl Pts',(-8.80613466815734,3.,13.3331223256121));
#1691=CARTESIAN_POINT('',(-8.87745751406264,3.65453169019226E-16,12.9305368692688));
#1692=CARTESIAN_POINT('Ctrl Pts',(-9.23829906421162,3.80511020320298E-16,
12.7382990642116));
#1693=CARTESIAN_POINT('Ctrl Pts',(-9.23829906421162,3.,12.7382990642116));
#1694=CARTESIAN_POINT('Ctrl Pts',(-9.18398011553695,3.77963653065901E-16,
12.7926180128863));
#1695=CARTESIAN_POINT('Ctrl Pts',(-9.18398011553695,3.,12.7926180128863));
#1696=CARTESIAN_POINT('Ctrl Pts',(-9.12794914973166,3.67838874291143E-16,
12.7714508524968));
#1697=CARTESIAN_POINT('Ctrl Pts',(-9.12794914973166,3.,12.7714508524968));
#1698=CARTESIAN_POINT('Ctrl Pts',(-9.00825519325095,3.62863713006721E-16,
12.8236888351503));
#1699=CARTESIAN_POINT('Ctrl Pts',(-9.00825519325095,3.,12.8236888351503));
#1700=CARTESIAN_POINT('Ctrl Pts',(-8.96153600421871,3.60921797914707E-16,
12.8440784710017));
#1701=CARTESIAN_POINT('Ctrl Pts',(-8.96153600421871,3.,12.8440784710017));
#1702=CARTESIAN_POINT('Ctrl Pts',(-8.91330822928697,3.61860847654404E-16,
12.8811925929981));
#1703=CARTESIAN_POINT('Ctrl Pts',(-8.91330822928697,3.,12.8811925929981));
#1704=CARTESIAN_POINT('Ctrl Pts',(-8.87745751406264,3.65453169019226E-16,
12.9305368692688));
#1705=CARTESIAN_POINT('Ctrl Pts',(-8.87745751406264,3.,12.9305368692688));
#1706=CARTESIAN_POINT('',(-9.23829906421162,3.,12.7382990642116));
#1707=CARTESIAN_POINT('Ctrl Pts',(-9.23829906421162,3.,12.7382990642116));
#1708=CARTESIAN_POINT('Ctrl Pts',(-9.18398011553695,3.,12.7926180128863));
#1709=CARTESIAN_POINT('Ctrl Pts',(-9.12794914973166,3.,12.7714508524968));
#1710=CARTESIAN_POINT('Ctrl Pts',(-9.00825519325095,3.,12.8236888351503));
#1711=CARTESIAN_POINT('Ctrl Pts',(-8.96153600421871,3.,12.8440784710017));
#1712=CARTESIAN_POINT('Ctrl Pts',(-8.91330822928697,3.,12.8811925929981));
#1713=CARTESIAN_POINT('Ctrl Pts',(-8.87745751406264,3.,12.9305368692688));
#1714=CARTESIAN_POINT('',(-9.23829906421162,3.80511020320298E-16,12.7382990642116));
#1715=CARTESIAN_POINT('Ctrl Pts',(-9.43053686926882,1.18632901636157E-16,
12.3774575140626));
#1716=CARTESIAN_POINT('Ctrl Pts',(-9.43053686926882,3.,12.3774575140626));
#1717=CARTESIAN_POINT('Ctrl Pts',(-9.30569478872602,1.26988493679373E-16,
12.4681605948616));
#1718=CARTESIAN_POINT('Ctrl Pts',(-9.30569478872602,3.,12.4681605948616));
#1719=CARTESIAN_POINT('Ctrl Pts',(-9.29830799327992,1.61872700822462E-16,
12.6139344897186));
#1720=CARTESIAN_POINT('Ctrl Pts',(-9.29830799327992,3.,12.6139344897186));
#1721=CARTESIAN_POINT('Ctrl Pts',(-9.27788344623864,1.74430329801565E-16,
12.6744629985933));
#1722=CARTESIAN_POINT('Ctrl Pts',(-9.27788344623864,3.,12.6744629985933));
#1723=CARTESIAN_POINT('Ctrl Pts',(-9.2695525177566,1.7955243648611E-16,
12.699151853506));
#1724=CARTESIAN_POINT('Ctrl Pts',(-9.2695525177566,3.,12.699151853506));
#1725=CARTESIAN_POINT('Ctrl Pts',(-9.26017867614819,1.8274107310516E-16,
12.716419452275));
#1726=CARTESIAN_POINT('Ctrl Pts',(-9.26017867614819,3.,12.716419452275));
#1727=CARTESIAN_POINT('Ctrl Pts',(-9.23829906421162,1.85670907667312E-16,
12.7382990642116));
#1728=CARTESIAN_POINT('Ctrl Pts',(-9.23829906421162,3.,12.7382990642116));
#1729=CARTESIAN_POINT('',(-9.43053686926882,3.,12.3774575140626));
#1730=CARTESIAN_POINT('Ctrl Pts',(-9.43053686926882,3.,12.3774575140626));
#1731=CARTESIAN_POINT('Ctrl Pts',(-9.30569478872602,3.,12.4681605948616));
#1732=CARTESIAN_POINT('Ctrl Pts',(-9.29830799327992,3.,12.6139344897186));
#1733=CARTESIAN_POINT('Ctrl Pts',(-9.27788344623864,3.,12.6744629985933));
#1734=CARTESIAN_POINT('Ctrl Pts',(-9.2695525177566,3.,12.699151853506));
#1735=CARTESIAN_POINT('Ctrl Pts',(-9.26017867614819,3.,12.716419452275));
#1736=CARTESIAN_POINT('Ctrl Pts',(-9.23829906421162,3.,12.7382990642116));
#1737=CARTESIAN_POINT('',(-9.43053686926882,1.18632901636157E-16,12.3774575140626));
#1738=CARTESIAN_POINT('Ctrl Pts',(-9.83312232561208,1.45859807036134E-16,
12.3061346681573));
#1739=CARTESIAN_POINT('Ctrl Pts',(-9.83312232561208,3.,12.3061346681573));
#1740=CARTESIAN_POINT('Ctrl Pts',(-9.7646764572596,1.46802679145826E-16,
12.3410095799957));
#1741=CARTESIAN_POINT('Ctrl Pts',(-9.7646764572596,3.,12.3410095799957));
#1742=CARTESIAN_POINT('Ctrl Pts',(-9.71792885439924,1.32441104601887E-16,
12.3035638935305));
#1743=CARTESIAN_POINT('Ctrl Pts',(-9.71792885439924,3.,12.3035638935305));
#1744=CARTESIAN_POINT('Ctrl Pts',(-9.58795071273503,1.21119718056672E-16,
12.3162577006549));
#1745=CARTESIAN_POINT('Ctrl Pts',(-9.58795071273503,3.,12.3162577006549));
#1746=CARTESIAN_POINT('Ctrl Pts',(-9.53721737958272,1.16700731387142E-16,
12.3212123733219));
#1747=CARTESIAN_POINT('Ctrl Pts',(-9.53721737958272,3.,12.3212123733219));
#1748=CARTESIAN_POINT('Ctrl Pts',(-9.47988114553947,1.15330324168748E-16,
12.3416067988384));
#1749=CARTESIAN_POINT('Ctrl Pts',(-9.47988114553947,3.,12.3416067988384));
#1750=CARTESIAN_POINT('Ctrl Pts',(-9.43053686926882,1.18632901636157E-16,
12.3774575140626));
#1751=CARTESIAN_POINT('Ctrl Pts',(-9.43053686926882,3.,12.3774575140626));
#1752=CARTESIAN_POINT('',(-9.83312232561208,3.,12.3061346681573));
#1753=CARTESIAN_POINT('Ctrl Pts',(-9.83312232561208,3.,12.3061346681573));
#1754=CARTESIAN_POINT('Ctrl Pts',(-9.7646764572596,3.,12.3410095799957));
#1755=CARTESIAN_POINT('Ctrl Pts',(-9.71792885439924,3.,12.3035638935305));
#1756=CARTESIAN_POINT('Ctrl Pts',(-9.58795071273503,3.,12.3162577006549));
#1757=CARTESIAN_POINT('Ctrl Pts',(-9.53721737958272,3.,12.3212123733219));
#1758=CARTESIAN_POINT('Ctrl Pts',(-9.47988114553947,3.,12.3416067988384));
#1759=CARTESIAN_POINT('Ctrl Pts',(-9.43053686926882,3.,12.3774575140626));
#1760=CARTESIAN_POINT('',(-9.83312232561208,1.45859807036133E-16,12.3061346681573));
#1761=CARTESIAN_POINT('Ctrl Pts',(-10.1274575140626,1.09032513470633E-16,
12.0223587092621));
#1762=CARTESIAN_POINT('Ctrl Pts',(-10.1274575140626,3.,12.0223587092621));
#1763=CARTESIAN_POINT('Ctrl Pts',(-9.98069684644535,1.04418368332388E-16,
12.0700441408032));
#1764=CARTESIAN_POINT('Ctrl Pts',(-9.98069684644535,3.,12.0700441408032));
#1765=CARTESIAN_POINT('Ctrl Pts',(-9.92862497565503,1.3203495558312E-16,
12.2064007080857));
#1766=CARTESIAN_POINT('Ctrl Pts',(-9.92862497565503,3.,12.2064007080857));
#1767=CARTESIAN_POINT('Ctrl Pts',(-9.89049573921237,1.40355492238556E-16,
12.2576552087347));
#1768=CARTESIAN_POINT('Ctrl Pts',(-9.89049573921237,3.,12.2576552087347));
#1769=CARTESIAN_POINT('Ctrl Pts',(-9.87494327965301,1.43749339635434E-16,
12.2785613065995));
#1770=CARTESIAN_POINT('Ctrl Pts',(-9.87494327965301,3.,12.2785613065995));
#1771=CARTESIAN_POINT('Ctrl Pts',(-9.86069224503702,1.4548001920207E-16,
12.2920870925698));
#1772=CARTESIAN_POINT('Ctrl Pts',(-9.86069224503702,3.,12.2920870925698));
#1773=CARTESIAN_POINT('Ctrl Pts',(-9.83312232561208,1.45859807036134E-16,
12.3061346681573));
#1774=CARTESIAN_POINT('Ctrl Pts',(-9.83312232561208,3.,12.3061346681573));
#1775=CARTESIAN_POINT('',(-10.1274575140626,3.,12.0223587092621));
#1776=CARTESIAN_POINT('Ctrl Pts',(-10.1274575140626,3.,12.0223587092621));
#1777=CARTESIAN_POINT('Ctrl Pts',(-9.98069684644535,3.,12.0700441408032));
#1778=CARTESIAN_POINT('Ctrl Pts',(-9.92862497565503,3.,12.2064007080857));
#1779=CARTESIAN_POINT('Ctrl Pts',(-9.89049573921237,3.,12.2576552087347));
#1780=CARTESIAN_POINT('Ctrl Pts',(-9.87494327965301,3.,12.2785613065995));
#1781=CARTESIAN_POINT('Ctrl Pts',(-9.86069224503702,3.,12.2920870925698));
#1782=CARTESIAN_POINT('Ctrl Pts',(-9.83312232561208,3.,12.3061346681573));
#1783=CARTESIAN_POINT('',(-10.1274575140626,1.09032513470633E-16,12.0223587092621));
#1784=CARTESIAN_POINT('Ctrl Pts',(-10.5323790071555,1.67844387747506E-16,
12.0789323996014));
#1785=CARTESIAN_POINT('Ctrl Pts',(-10.5323790071555,3.,12.0789323996014));
#1786=CARTESIAN_POINT('Ctrl Pts',(-10.4565061776101,1.62364146222571E-16,
12.0909494752448));
#1787=CARTESIAN_POINT('Ctrl Pts',(-10.4565061776101,3.,12.0909494752448));
#1788=CARTESIAN_POINT('Ctrl Pts',(-10.4236179187723,1.46451953876148E-16,
12.040890707395));
#1789=CARTESIAN_POINT('Ctrl Pts',(-10.4236179187723,3.,12.040890707395));
#1790=CARTESIAN_POINT('Ctrl Pts',(-10.2960787580422,1.25411480137923E-16,
12.0127977807057));
#1791=CARTESIAN_POINT('Ctrl Pts',(-10.2960787580422,3.,12.0127977807057));
#1792=CARTESIAN_POINT('Ctrl Pts',(-10.2462974128986,1.17198919547504E-16,
12.0018324923063));
#1793=CARTESIAN_POINT('Ctrl Pts',(-10.2462974128986,3.,12.0018324923063));
#1794=CARTESIAN_POINT('Ctrl Pts',(-10.1854651898167,1.10856270744341E-16,
12.0035108728769));
#1795=CARTESIAN_POINT('Ctrl Pts',(-10.1854651898167,3.,12.0035108728769));
#1796=CARTESIAN_POINT('Ctrl Pts',(-10.1274575140626,1.09032513470633E-16,
12.0223587092621));
#1797=CARTESIAN_POINT('Ctrl Pts',(-10.1274575140626,3.,12.0223587092621));
#1798=CARTESIAN_POINT('',(-10.5323790071555,3.,12.0789323996014));
#1799=CARTESIAN_POINT('Ctrl Pts',(-10.5323790071555,3.,12.0789323996014));
#1800=CARTESIAN_POINT('Ctrl Pts',(-10.4565061776101,3.,12.0909494752448));
#1801=CARTESIAN_POINT('Ctrl Pts',(-10.4236179187723,3.,12.040890707395));
#1802=CARTESIAN_POINT('Ctrl Pts',(-10.2960787580422,3.,12.0127977807057));
#1803=CARTESIAN_POINT('Ctrl Pts',(-10.2462974128986,3.,12.0018324923063));
#1804=CARTESIAN_POINT('Ctrl Pts',(-10.1854651898167,3.,12.0035108728769));
#1805=CARTESIAN_POINT('Ctrl Pts',(-10.1274575140626,3.,12.0223587092621));
#1806=CARTESIAN_POINT('',(-10.5323790071555,1.67844387747506E-16,12.0789323996014));
#1807=CARTESIAN_POINT('Ctrl Pts',(-10.9,1.64832718732694E-16,11.9));
#1808=CARTESIAN_POINT('Ctrl Pts',(-10.9,3.,11.9));
#1809=CARTESIAN_POINT('Ctrl Pts',(-10.7456867019965,1.47700501087759E-16,
11.9));
#1810=CARTESIAN_POINT('Ctrl Pts',(-10.7456867019965,3.,11.9));
#1811=CARTESIAN_POINT('Ctrl Pts',(-10.6540269133807,1.65346164469981E-16,
12.0135917088505));
#1812=CARTESIAN_POINT('Ctrl Pts',(-10.6540269133807,3.,12.0135917088505));
#1813=CARTESIAN_POINT('Ctrl Pts',(-10.6019253428619,1.68615136701264E-16,
12.0505550536389));
#1814=CARTESIAN_POINT('Ctrl Pts',(-10.6019253428619,3.,12.0505550536389));
#1815=CARTESIAN_POINT('Ctrl Pts',(-10.5806737353272,1.69948511380934E-16,
12.0656319599353));
#1816=CARTESIAN_POINT('Ctrl Pts',(-10.5806737353272,3.,12.0656319599353));
#1817=CARTESIAN_POINT('Ctrl Pts',(-10.5629404982646,1.7005182292086E-16,
12.0740919349366));
#1818=CARTESIAN_POINT('Ctrl Pts',(-10.5629404982646,3.,12.0740919349366));
#1819=CARTESIAN_POINT('Ctrl Pts',(-10.5323790071555,1.67844387747506E-16,
12.0789323996014));
#1820=CARTESIAN_POINT('Ctrl Pts',(-10.5323790071555,3.,12.0789323996014));
#1821=CARTESIAN_POINT('',(-10.9,3.,11.9));
#1822=CARTESIAN_POINT('Ctrl Pts',(-10.9,3.,11.9));
#1823=CARTESIAN_POINT('Ctrl Pts',(-10.7456867019965,3.,11.9));
#1824=CARTESIAN_POINT('Ctrl Pts',(-10.6540269133807,3.,12.0135917088505));
#1825=CARTESIAN_POINT('Ctrl Pts',(-10.6019253428619,3.,12.0505550536389));
#1826=CARTESIAN_POINT('Ctrl Pts',(-10.5806737353272,3.,12.0656319599353));
#1827=CARTESIAN_POINT('Ctrl Pts',(-10.5629404982646,3.,12.0740919349366));
#1828=CARTESIAN_POINT('Ctrl Pts',(-10.5323790071555,3.,12.0789323996014));
#1829=CARTESIAN_POINT('',(-10.9,1.64832718732694E-16,11.9));
#1830=CARTESIAN_POINT('Ctrl Pts',(-11.2676209928446,2.49472645865821E-16,
12.0789323996014));
#1831=CARTESIAN_POINT('Ctrl Pts',(-11.2676209928446,3.,12.0789323996014));
#1832=CARTESIAN_POINT('Ctrl Pts',(-11.1917481632992,2.38105734929808E-16,
12.066915323958));
#1833=CARTESIAN_POINT('Ctrl Pts',(-11.1917481632992,3.,12.066915323958));
#1834=CARTESIAN_POINT('Ctrl Pts',(-11.175938580405,2.22200521034482E-16,
12.0091435757006));
#1835=CARTESIAN_POINT('Ctrl Pts',(-11.175938580405,3.,12.0091435757006));
#1836=CARTESIAN_POINT('Ctrl Pts',(-11.0633228222786,1.93500548270384E-16,
11.943013846597));
#1837=CARTESIAN_POINT('Ctrl Pts',(-11.0633228222786,3.,11.943013846597));
#1838=CARTESIAN_POINT('Ctrl Pts',(-11.0193664100534,1.82298316409959E-16,
11.9172019559595));
#1839=CARTESIAN_POINT('Ctrl Pts',(-11.0193664100534,3.,11.9172019559595));
#1840=CARTESIAN_POINT('Ctrl Pts',(-10.9609928797712,1.71604288678715E-16,
11.9));
#1841=CARTESIAN_POINT('Ctrl Pts',(-10.9609928797712,3.,11.9));
#1842=CARTESIAN_POINT('Ctrl Pts',(-10.9,1.64832718732694E-16,11.9));
#1843=CARTESIAN_POINT('Ctrl Pts',(-10.9,3.,11.9));
#1844=CARTESIAN_POINT('',(-11.2676209928446,3.,12.0789323996014));
#1845=CARTESIAN_POINT('Ctrl Pts',(-11.2676209928446,3.,12.0789323996014));
#1846=CARTESIAN_POINT('Ctrl Pts',(-11.1917481632992,3.,12.066915323958));
#1847=CARTESIAN_POINT('Ctrl Pts',(-11.175938580405,3.,12.0091435757006));
#1848=CARTESIAN_POINT('Ctrl Pts',(-11.0633228222786,3.,11.943013846597));
#1849=CARTESIAN_POINT('Ctrl Pts',(-11.0193664100534,3.,11.9172019559595));
#1850=CARTESIAN_POINT('Ctrl Pts',(-10.9609928797712,3.,11.9));
#1851=CARTESIAN_POINT('Ctrl Pts',(-10.9,3.,11.9));
#1852=CARTESIAN_POINT('',(-11.2676209928446,2.49472645865821E-16,12.0789323996014));
#1853=CARTESIAN_POINT('Ctrl Pts',(-11.6725424859374,2.80571404548399E-16,
12.0223587092621));
#1854=CARTESIAN_POINT('Ctrl Pts',(-11.6725424859374,3.,12.0223587092621));
#1855=CARTESIAN_POINT('Ctrl Pts',(-11.5257818183201,2.52598135227028E-16,
11.974673277721));
#1856=CARTESIAN_POINT('Ctrl Pts',(-11.5257818183201,3.,11.974673277721));
#1857=CARTESIAN_POINT('Ctrl Pts',(-11.4035064106198,2.58545594264325E-16,
12.0543809802373));
#1858=CARTESIAN_POINT('Ctrl Pts',(-11.4035064106198,3.,12.0543809802373));
#1859=CARTESIAN_POINT('Ctrl Pts',(-11.3425325707602,2.56443012293199E-16,
12.0734349394383));
#1860=CARTESIAN_POINT('Ctrl Pts',(-11.3425325707602,3.,12.0734349394383));
#1861=CARTESIAN_POINT('Ctrl Pts',(-11.3176620706646,2.55585394251848E-16,
12.0812068215311));
#1862=CARTESIAN_POINT('Ctrl Pts',(-11.3176620706646,3.,12.0812068215311));
#1863=CARTESIAN_POINT('Ctrl Pts',(-11.2981824839537,2.54051224911719E-16,
12.0837728642662));
#1864=CARTESIAN_POINT('Ctrl Pts',(-11.2981824839537,3.,12.0837728642662));
#1865=CARTESIAN_POINT('Ctrl Pts',(-11.2676209928446,2.49472645865822E-16,
12.0789323996014));
#1866=CARTESIAN_POINT('Ctrl Pts',(-11.2676209928446,3.,12.0789323996014));
#1867=CARTESIAN_POINT('',(-11.6725424859374,3.,12.0223587092621));
#1868=CARTESIAN_POINT('Ctrl Pts',(-11.6725424859374,3.,12.0223587092621));
#1869=CARTESIAN_POINT('Ctrl Pts',(-11.5257818183201,3.,11.974673277721));
#1870=CARTESIAN_POINT('Ctrl Pts',(-11.4035064106198,3.,12.0543809802373));
#1871=CARTESIAN_POINT('Ctrl Pts',(-11.3425325707602,3.,12.0734349394383));
#1872=CARTESIAN_POINT('Ctrl Pts',(-11.3176620706646,3.,12.0812068215311));
#1873=CARTESIAN_POINT('Ctrl Pts',(-11.2981824839537,3.,12.0837728642662));
#1874=CARTESIAN_POINT('Ctrl Pts',(-11.2676209928446,3.,12.0789323996014));
#1875=CARTESIAN_POINT('',(-11.6725424859374,2.80571404548398E-16,12.0223587092621));
#1876=CARTESIAN_POINT('Ctrl Pts',(-11.9668776743879,3.82754238748941E-16,
12.3061346681573));
#1877=CARTESIAN_POINT('Ctrl Pts',(-11.9668776743879,3.,12.3061346681573));
#1878=CARTESIAN_POINT('Ctrl Pts',(-11.8984318060355,3.66613330842187E-16,
12.271259756319));
#1879=CARTESIAN_POINT('Ctrl Pts',(-11.8984318060355,3.,12.271259756319));
#1880=CARTESIAN_POINT('Ctrl Pts',(-11.9012484512105,3.52272008552164E-16,
12.2114301288927));
#1881=CARTESIAN_POINT('Ctrl Pts',(-11.9012484512105,3.,12.2114301288927));
#1882=CARTESIAN_POINT('Ctrl Pts',(-11.8145797107331,3.18721890060751E-16,
12.1137368360123));
#1883=CARTESIAN_POINT('Ctrl Pts',(-11.8145797107331,3.,12.1137368360123));
#1884=CARTESIAN_POINT('Ctrl Pts',(-11.7807509913173,3.05626539435369E-16,
12.0756049908343));
#1885=CARTESIAN_POINT('Ctrl Pts',(-11.7807509913173,3.,12.0756049908343));
#1886=CARTESIAN_POINT('Ctrl Pts',(-11.7305501616913,2.91627938720097E-16,
12.0412065456473));
#1887=CARTESIAN_POINT('Ctrl Pts',(-11.7305501616913,3.,12.0412065456473));
#1888=CARTESIAN_POINT('Ctrl Pts',(-11.6725424859374,2.805714045484E-16,
12.0223587092621));
#1889=CARTESIAN_POINT('Ctrl Pts',(-11.6725424859374,3.,12.0223587092621));
#1890=CARTESIAN_POINT('',(-11.9668776743879,3.,12.3061346681573));
#1891=CARTESIAN_POINT('Ctrl Pts',(-11.9668776743879,3.,12.3061346681573));
#1892=CARTESIAN_POINT('Ctrl Pts',(-11.8984318060355,3.,12.271259756319));
#1893=CARTESIAN_POINT('Ctrl Pts',(-11.9012484512105,3.,12.2114301288927));
#1894=CARTESIAN_POINT('Ctrl Pts',(-11.8145797107331,3.,12.1137368360123));
#1895=CARTESIAN_POINT('Ctrl Pts',(-11.7807509913173,3.,12.0756049908343));
#1896=CARTESIAN_POINT('Ctrl Pts',(-11.7305501616913,3.,12.0412065456473));
#1897=CARTESIAN_POINT('Ctrl Pts',(-11.6725424859374,3.,12.0223587092621));
#1898=CARTESIAN_POINT('',(-11.9668776743879,3.82754238748941E-16,12.3061346681573));
#1899=CARTESIAN_POINT('Ctrl Pts',(-12.3694631307312,4.44919261951263E-16,
12.3774575140626));
#1900=CARTESIAN_POINT('Ctrl Pts',(-12.3694631307312,3.,12.3774575140626));
#1901=CARTESIAN_POINT('Ctrl Pts',(-12.2446210501884,4.08843159455925E-16,
12.2867544332637));
#1902=CARTESIAN_POINT('Ctrl Pts',(-12.2446210501884,3.,12.2867544332637));
#1903=CARTESIAN_POINT('Ctrl Pts',(-12.1036991922523,4.02510235419275E-16,
12.324775784167));
#1904=CARTESIAN_POINT('Ctrl Pts',(-12.1036991922523,3.,12.324775784167));
#1905=CARTESIAN_POINT('Ctrl Pts',(-12.0398216273271,3.95241914618655E-16,
12.3240552234976));
#1906=CARTESIAN_POINT('Ctrl Pts',(-12.0398216273271,3.,12.3240552234976));
#1907=CARTESIAN_POINT('Ctrl Pts',(-12.0137667325026,3.92277253485548E-16,
12.3237613154176));
#1908=CARTESIAN_POINT('Ctrl Pts',(-12.0137667325026,3.,12.3237613154176));
#1909=CARTESIAN_POINT('Ctrl Pts',(-11.994447593813,3.89255778449553E-16,
12.3201822437449));
#1910=CARTESIAN_POINT('Ctrl Pts',(-11.994447593813,3.,12.3201822437449));
#1911=CARTESIAN_POINT('Ctrl Pts',(-11.9668776743879,3.8275423874894E-16,
12.3061346681573));
#1912=CARTESIAN_POINT('Ctrl Pts',(-11.9668776743879,3.,12.3061346681573));
#1913=CARTESIAN_POINT('',(-12.3694631307312,3.,12.3774575140626));
#1914=CARTESIAN_POINT('Ctrl Pts',(-12.3694631307312,3.,12.3774575140626));
#1915=CARTESIAN_POINT('Ctrl Pts',(-12.2446210501884,3.,12.2867544332637));
#1916=CARTESIAN_POINT('Ctrl Pts',(-12.1036991922523,3.,12.324775784167));
#1917=CARTESIAN_POINT('Ctrl Pts',(-12.0398216273271,3.,12.3240552234976));
#1918=CARTESIAN_POINT('Ctrl Pts',(-12.0137667325026,3.,12.3237613154176));
#1919=CARTESIAN_POINT('Ctrl Pts',(-11.994447593813,3.,12.3201822437449));
#1920=CARTESIAN_POINT('Ctrl Pts',(-11.9668776743879,3.,12.3061346681573));
#1921=CARTESIAN_POINT('',(-12.3694631307312,4.44919261951263E-16,12.3774575140626));
#1922=CARTESIAN_POINT('Ctrl Pts',(-12.5617009357884,5.54642635458001E-16,
12.7382990642116));
#1923=CARTESIAN_POINT('Ctrl Pts',(-12.5617009357884,3.,12.7382990642116));
#1924=CARTESIAN_POINT('Ctrl Pts',(-12.5073819871137,5.35307715106739E-16,
12.6839801155369));
#1925=CARTESIAN_POINT('Ctrl Pts',(-12.5073819871137,3.,12.6839801155369));
#1926=CARTESIAN_POINT('Ctrl Pts',(-12.5285491475033,5.23934112969636E-16,
12.6279491497317));
#1927=CARTESIAN_POINT('Ctrl Pts',(-12.5285491475033,3.,12.6279491497317));
#1928=CARTESIAN_POINT('Ctrl Pts',(-12.4763111648496,4.88817968106297E-16,
12.5082551932509));
#1929=CARTESIAN_POINT('Ctrl Pts',(-12.4763111648496,3.,12.5082551932509));
#1930=CARTESIAN_POINT('Ctrl Pts',(-12.4559215289982,4.75111362875838E-16,
12.4615360042186));
#1931=CARTESIAN_POINT('Ctrl Pts',(-12.4559215289982,3.,12.4615360042186));
#1932=CARTESIAN_POINT('Ctrl Pts',(-12.4188074070019,4.59178469748518E-16,
12.4133082292869));
#1933=CARTESIAN_POINT('Ctrl Pts',(-12.4188074070019,3.,12.4133082292869));
#1934=CARTESIAN_POINT('Ctrl Pts',(-12.3694631307312,4.44919261951262E-16,
12.3774575140626));
#1935=CARTESIAN_POINT('Ctrl Pts',(-12.3694631307312,3.,12.3774575140626));
#1936=CARTESIAN_POINT('',(-12.5617009357884,3.,12.7382990642116));
#1937=CARTESIAN_POINT('Ctrl Pts',(-12.5617009357884,3.,12.7382990642116));
#1938=CARTESIAN_POINT('Ctrl Pts',(-12.5073819871137,3.,12.6839801155369));
#1939=CARTESIAN_POINT('Ctrl Pts',(-12.5285491475033,3.,12.6279491497317));
#1940=CARTESIAN_POINT('Ctrl Pts',(-12.4763111648496,3.,12.5082551932509));
#1941=CARTESIAN_POINT('Ctrl Pts',(-12.4559215289982,3.,12.4615360042186));
#1942=CARTESIAN_POINT('Ctrl Pts',(-12.4188074070019,3.,12.4133082292869));
#1943=CARTESIAN_POINT('Ctrl Pts',(-12.3694631307312,3.,12.3774575140626));
#1944=CARTESIAN_POINT('',(-12.5617009357884,5.54642635458002E-16,12.7382990642116));
#1945=CARTESIAN_POINT('Ctrl Pts',(-12.9225424859374,6.41788777579843E-16,
12.9305368692688));
#1946=CARTESIAN_POINT('Ctrl Pts',(-12.9225424859374,3.,12.9305368692688));
#1947=CARTESIAN_POINT('Ctrl Pts',(-12.8318394051382,6.01141222179605E-16,
12.8056947887257));
#1948=CARTESIAN_POINT('Ctrl Pts',(-12.8318394051382,3.,12.8056947887257));
#1949=CARTESIAN_POINT('Ctrl Pts',(-12.6860655102811,5.83147825797908E-16,
12.7983079932799));
#1950=CARTESIAN_POINT('Ctrl Pts',(-12.6860655102811,3.,12.7983079932799));
#1951=CARTESIAN_POINT('Ctrl Pts',(-12.6255370014063,5.7142524004907E-16,
12.7778834462385));
#1952=CARTESIAN_POINT('Ctrl Pts',(-12.6255370014063,3.,12.7778834462385));
#1953=CARTESIAN_POINT('Ctrl Pts',(-12.6008481464937,5.66643737511947E-16,
12.7695525177565));
#1954=CARTESIAN_POINT('Ctrl Pts',(-12.6008481464937,3.,12.7695525177565));
#1955=CARTESIAN_POINT('Ctrl Pts',(-12.5835805477248,5.62430719808482E-16,
12.7601786761481));
#1956=CARTESIAN_POINT('Ctrl Pts',(-12.5835805477248,3.,12.7601786761481));
#1957=CARTESIAN_POINT('Ctrl Pts',(-12.5617009357884,5.54642635458001E-16,
12.7382990642116));
#1958=CARTESIAN_POINT('Ctrl Pts',(-12.5617009357884,3.,12.7382990642116));
#1959=CARTESIAN_POINT('',(-12.9225424859374,3.,12.9305368692688));
#1960=CARTESIAN_POINT('Ctrl Pts',(-12.9225424859374,3.,12.9305368692688));
#1961=CARTESIAN_POINT('Ctrl Pts',(-12.8318394051382,3.,12.8056947887257));
#1962=CARTESIAN_POINT('Ctrl Pts',(-12.6860655102811,3.,12.7983079932799));
#1963=CARTESIAN_POINT('Ctrl Pts',(-12.6255370014063,3.,12.7778834462385));
#1964=CARTESIAN_POINT('Ctrl Pts',(-12.6008481464937,3.,12.7695525177565));
#1965=CARTESIAN_POINT('Ctrl Pts',(-12.5835805477248,3.,12.7601786761481));
#1966=CARTESIAN_POINT('Ctrl Pts',(-12.5617009357884,3.,12.7382990642116));
#1967=CARTESIAN_POINT('',(-12.9225424859374,6.41788777579843E-16,12.9305368692688));
#1968=CARTESIAN_POINT('Ctrl Pts',(-12.9938653318427,7.48312202106241E-16,
13.3331223256121));
#1969=CARTESIAN_POINT('Ctrl Pts',(-12.9938653318427,3.,13.3331223256121));
#1970=CARTESIAN_POINT('Ctrl Pts',(-12.9589904200044,7.27675906028785E-16,
13.2646764572597));
#1971=CARTESIAN_POINT('Ctrl Pts',(-12.9589904200044,3.,13.2646764572597));
#1972=CARTESIAN_POINT('Ctrl Pts',(-12.9964361064693,7.20383351466363E-16,
13.2179288543995));
#1973=CARTESIAN_POINT('Ctrl Pts',(-12.9964361064693,3.,13.2179288543995));
#1974=CARTESIAN_POINT('Ctrl Pts',(-12.9837422993451,6.87138593158925E-16,
13.0879507127355));
#1975=CARTESIAN_POINT('Ctrl Pts',(-12.9837422993451,3.,13.0879507127355));
#1976=CARTESIAN_POINT('Ctrl Pts',(-12.9787876266782,6.74162431342855E-16,
13.0372173795831));
#1977=CARTESIAN_POINT('Ctrl Pts',(-12.9787876266782,3.,13.0372173795831));
#1978=CARTESIAN_POINT('Ctrl Pts',(-12.9583932011618,6.5785486839375E-16,
12.9798811455396));
#1979=CARTESIAN_POINT('Ctrl Pts',(-12.9583932011618,3.,12.9798811455396));
#1980=CARTESIAN_POINT('Ctrl Pts',(-12.9225424859374,6.41788777579841E-16,
12.9305368692688));
#1981=CARTESIAN_POINT('Ctrl Pts',(-12.9225424859374,3.,12.9305368692688));
#1982=CARTESIAN_POINT('',(-12.9938653318427,3.,13.3331223256121));
#1983=CARTESIAN_POINT('Ctrl Pts',(-12.9938653318427,3.,13.3331223256121));
#1984=CARTESIAN_POINT('Ctrl Pts',(-12.9589904200044,3.,13.2646764572597));
#1985=CARTESIAN_POINT('Ctrl Pts',(-12.9964361064693,3.,13.2179288543995));
#1986=CARTESIAN_POINT('Ctrl Pts',(-12.9837422993451,3.,13.0879507127355));
#1987=CARTESIAN_POINT('Ctrl Pts',(-12.9787876266782,3.,13.0372173795831));
#1988=CARTESIAN_POINT('Ctrl Pts',(-12.9583932011618,3.,12.9798811455396));
#1989=CARTESIAN_POINT('Ctrl Pts',(-12.9225424859374,3.,12.9305368692688));
#1990=CARTESIAN_POINT('',(-12.9938653318427,7.48312202106241E-16,13.3331223256121));
#1991=CARTESIAN_POINT('Ctrl Pts',(-13.2776412907379,8.51908991573839E-16,
13.6274575140626));
#1992=CARTESIAN_POINT('Ctrl Pts',(-13.2776412907379,3.,13.6274575140626));
#1993=CARTESIAN_POINT('Ctrl Pts',(-13.2299558591967,8.10668849199568E-16,
13.4806968464452));
#1994=CARTESIAN_POINT('Ctrl Pts',(-13.2299558591967,3.,13.4806968464452));
#1995=CARTESIAN_POINT('Ctrl Pts',(-13.093599291914,7.82776299477966E-16,
13.4286249756549));
#1996=CARTESIAN_POINT('Ctrl Pts',(-13.093599291914,3.,13.4286249756549));
#1997=CARTESIAN_POINT('Ctrl Pts',(-13.0423447912651,7.67746937150083E-16,
13.3904957392123));
#1998=CARTESIAN_POINT('Ctrl Pts',(-13.0423447912651,3.,13.3904957392123));
#1999=CARTESIAN_POINT('Ctrl Pts',(-13.0214386934005,7.61616639991939E-16,
13.3749432796529));
#2000=CARTESIAN_POINT('Ctrl Pts',(-13.0214386934005,3.,13.3749432796529));
#2001=CARTESIAN_POINT('Ctrl Pts',(-13.0079129074302,7.56624479147629E-16,
13.3606922450369));
#2002=CARTESIAN_POINT('Ctrl Pts',(-13.0079129074302,3.,13.3606922450369));
#2003=CARTESIAN_POINT('Ctrl Pts',(-12.9938653318427,7.48312202106242E-16,
13.3331223256121));
#2004=CARTESIAN_POINT('Ctrl Pts',(-12.9938653318427,3.,13.3331223256121));
#2005=CARTESIAN_POINT('',(-13.2776412907379,3.,13.6274575140626));
#2006=CARTESIAN_POINT('Ctrl Pts',(-13.2776412907379,3.,13.6274575140626));
#2007=CARTESIAN_POINT('Ctrl Pts',(-13.2299558591967,3.,13.4806968464452));
#2008=CARTESIAN_POINT('Ctrl Pts',(-13.093599291914,3.,13.4286249756549));
#2009=CARTESIAN_POINT('Ctrl Pts',(-13.0423447912651,3.,13.3904957392123));
#2010=CARTESIAN_POINT('Ctrl Pts',(-13.0214386934005,3.,13.3749432796529));
#2011=CARTESIAN_POINT('Ctrl Pts',(-13.0079129074302,3.,13.3606922450369));
#2012=CARTESIAN_POINT('Ctrl Pts',(-12.9938653318427,3.,13.3331223256121));
#2013=CARTESIAN_POINT('',(-13.2776412907379,8.5190899157384E-16,13.6274575140626));
#2014=CARTESIAN_POINT('Ctrl Pts',(-13.2210676003986,9.44805212134913E-16,
14.0323790071555));
#2015=CARTESIAN_POINT('Ctrl Pts',(-13.2210676003986,3.,14.0323790071555));
#2016=CARTESIAN_POINT('Ctrl Pts',(-13.2090505247552,9.24887564772831E-16,
13.9565061776101));
#2017=CARTESIAN_POINT('Ctrl Pts',(-13.2090505247552,3.,13.9565061776101));
#2018=CARTESIAN_POINT('Ctrl Pts',(-13.259109292605,9.22389903835786E-16,
13.9236179187722));
#2019=CARTESIAN_POINT('Ctrl Pts',(-13.259109292605,3.,13.9236179187722));
#2020=CARTESIAN_POINT('Ctrl Pts',(-13.2872022192943,8.94270760657238E-16,
13.7960787580421));
#2021=CARTESIAN_POINT('Ctrl Pts',(-13.2872022192943,3.,13.7960787580421));
#2022=CARTESIAN_POINT('Ctrl Pts',(-13.2981675076936,8.83295239384401E-16,
13.7462974128986));
#2023=CARTESIAN_POINT('Ctrl Pts',(-13.2981675076936,3.,13.7462974128986));
#2024=CARTESIAN_POINT('Ctrl Pts',(-13.2964891271231,8.68209304496454E-16,
13.6854651898166));
#2025=CARTESIAN_POINT('Ctrl Pts',(-13.2964891271231,3.,13.6854651898166));
#2026=CARTESIAN_POINT('Ctrl Pts',(-13.2776412907379,8.51908991573836E-16,
13.6274575140626));
#2027=CARTESIAN_POINT('Ctrl Pts',(-13.2776412907379,3.,13.6274575140626));
#2028=CARTESIAN_POINT('',(-13.2210676003986,3.,14.0323790071555));
#2029=CARTESIAN_POINT('Ctrl Pts',(-13.2210676003986,3.,14.0323790071555));
#2030=CARTESIAN_POINT('Ctrl Pts',(-13.2090505247552,3.,13.9565061776101));
#2031=CARTESIAN_POINT('Ctrl Pts',(-13.259109292605,3.,13.9236179187722));
#2032=CARTESIAN_POINT('Ctrl Pts',(-13.2872022192943,3.,13.7960787580421));
#2033=CARTESIAN_POINT('Ctrl Pts',(-13.2981675076936,3.,13.7462974128986));
#2034=CARTESIAN_POINT('Ctrl Pts',(-13.2964891271231,3.,13.6854651898166));
#2035=CARTESIAN_POINT('Ctrl Pts',(-13.2776412907379,3.,13.6274575140626));
#2036=CARTESIAN_POINT('',(-13.2210676003986,9.44805212134912E-16,14.0323790071555));
#2037=CARTESIAN_POINT('Ctrl Pts',(-13.4,1.0547118733939E-15,14.4));
#2038=CARTESIAN_POINT('Ctrl Pts',(-13.4,3.,14.4));
#2039=CARTESIAN_POINT('Ctrl Pts',(-13.4,1.01691601651817E-15,14.2456867019964));
#2040=CARTESIAN_POINT('Ctrl Pts',(-13.4,3.,14.2456867019964));
#2041=CARTESIAN_POINT('Ctrl Pts',(-13.2864082911492,9.81854630562164E-16,
14.1540269133804));
#2042=CARTESIAN_POINT('Ctrl Pts',(-13.2864082911492,3.,14.1540269133804));
#2043=CARTESIAN_POINT('Ctrl Pts',(-13.2494449463611,9.64989670355704E-16,
14.1019253428618));
#2044=CARTESIAN_POINT('Ctrl Pts',(-13.2494449463611,3.,14.1019253428618));
#2045=CARTESIAN_POINT('Ctrl Pts',(-13.2343680400648,9.58110654774697E-16,
14.0806737353273));
#2046=CARTESIAN_POINT('Ctrl Pts',(-13.2343680400648,3.,14.0806737353273));
#2047=CARTESIAN_POINT('Ctrl Pts',(-13.2259080650634,9.52828018275375E-16,
14.0629404982646));
#2048=CARTESIAN_POINT('Ctrl Pts',(-13.2259080650634,3.,14.0629404982646));
#2049=CARTESIAN_POINT('Ctrl Pts',(-13.2210676003986,9.44805212134912E-16,
14.0323790071555));
#2050=CARTESIAN_POINT('Ctrl Pts',(-13.2210676003986,3.,14.0323790071555));
#2051=CARTESIAN_POINT('',(-13.4,3.,14.4));
#2052=CARTESIAN_POINT('Ctrl Pts',(-13.4,3.,14.4));
#2053=CARTESIAN_POINT('Ctrl Pts',(-13.4,3.,14.2456867019964));
#2054=CARTESIAN_POINT('Ctrl Pts',(-13.2864082911492,3.,14.1540269133804));
#2055=CARTESIAN_POINT('Ctrl Pts',(-13.2494449463611,3.,14.1019253428618));
#2056=CARTESIAN_POINT('Ctrl Pts',(-13.2343680400648,3.,14.0806737353273));
#2057=CARTESIAN_POINT('Ctrl Pts',(-13.2259080650634,3.,14.0629404982646));
#2058=CARTESIAN_POINT('Ctrl Pts',(-13.2210676003986,3.,14.0323790071555));
#2059=CARTESIAN_POINT('',(-13.4,1.0547118733939E-15,14.4));
#2060=CARTESIAN_POINT('Ctrl Pts',(-13.2210676003986,1.12488756067511E-15,
14.7676209928445));
#2061=CARTESIAN_POINT('Ctrl Pts',(-13.2210676003986,3.,14.7676209928445));
#2062=CARTESIAN_POINT('Ctrl Pts',(-13.233084676042,1.1076382401266E-15,
14.6917481632991));
#2063=CARTESIAN_POINT('Ctrl Pts',(-13.233084676042,3.,14.6917481632991));
#2064=CARTESIAN_POINT('Ctrl Pts',(-13.2908564242997,1.11017996126975E-15,
14.6759385804048));
#2065=CARTESIAN_POINT('Ctrl Pts',(-13.2908564242997,3.,14.6759385804048));
#2066=CARTESIAN_POINT('Ctrl Pts',(-13.3569861534033,1.08993893087192E-15,
14.5633228222782));
#2067=CARTESIAN_POINT('Ctrl Pts',(-13.3569861534033,3.,14.5633228222782));
#2068=CARTESIAN_POINT('Ctrl Pts',(-13.3827980440406,1.08203841063543E-15,
14.5193664100532));
#2069=CARTESIAN_POINT('Ctrl Pts',(-13.3827980440406,3.,14.5193664100532));
#2070=CARTESIAN_POINT('Ctrl Pts',(-13.4,1.06965082022539E-15,14.4609928797711));
#2071=CARTESIAN_POINT('Ctrl Pts',(-13.4,3.,14.4609928797711));
#2072=CARTESIAN_POINT('Ctrl Pts',(-13.4,1.0547118733939E-15,14.4));
#2073=CARTESIAN_POINT('Ctrl Pts',(-13.4,3.,14.4));
#2074=CARTESIAN_POINT('',(-13.2210676003986,3.,14.7676209928445));
#2075=CARTESIAN_POINT('Ctrl Pts',(-13.2210676003986,3.,14.7676209928445));
#2076=CARTESIAN_POINT('Ctrl Pts',(-13.233084676042,3.,14.6917481632991));
#2077=CARTESIAN_POINT('Ctrl Pts',(-13.2908564242997,3.,14.6759385804048));
#2078=CARTESIAN_POINT('Ctrl Pts',(-13.3569861534033,3.,14.5633228222782));
#2079=CARTESIAN_POINT('Ctrl Pts',(-13.3827980440406,3.,14.5193664100532));
#2080=CARTESIAN_POINT('Ctrl Pts',(-13.4,3.,14.4609928797711));
#2081=CARTESIAN_POINT('Ctrl Pts',(-13.4,3.,14.4));
#2082=CARTESIAN_POINT('',(-13.2210676003986,1.12488756067511E-15,14.7676209928445));
#2083=CARTESIAN_POINT('Ctrl Pts',(-13.2776412907379,1.23034566395673E-15,
15.1725424859374));
#2084=CARTESIAN_POINT('Ctrl Pts',(-13.2776412907379,3.,15.1725424859374));
#2085=CARTESIAN_POINT('Ctrl Pts',(-13.325326722279,1.19969381438974E-15,
15.0257818183201));
#2086=CARTESIAN_POINT('Ctrl Pts',(-13.325326722279,3.,15.0257818183201));
#2087=CARTESIAN_POINT('Ctrl Pts',(-13.2456190197627,1.16089564494386E-15,
14.9035064106199));
#2088=CARTESIAN_POINT('Ctrl Pts',(-13.2456190197627,3.,14.9035064106199));
#2089=CARTESIAN_POINT('Ctrl Pts',(-13.2265650605617,1.14384594666881E-15,
14.8425325707603));
#2090=CARTESIAN_POINT('Ctrl Pts',(-13.2265650605617,3.,14.8425325707603));
#2091=CARTESIAN_POINT('Ctrl Pts',(-13.2187931784689,1.13689157863888E-15,
14.8176620706646));
#2092=CARTESIAN_POINT('Ctrl Pts',(-13.2187931784689,3.,14.8176620706646));
#2093=CARTESIAN_POINT('Ctrl Pts',(-13.2162271357338,1.13183556775144E-15,
14.7981824839537));
#2094=CARTESIAN_POINT('Ctrl Pts',(-13.2162271357338,3.,14.7981824839537));
#2095=CARTESIAN_POINT('Ctrl Pts',(-13.2210676003986,1.12488756067511E-15,
14.7676209928445));
#2096=CARTESIAN_POINT('Ctrl Pts',(-13.2210676003986,3.,14.7676209928445));
#2097=CARTESIAN_POINT('',(-13.2776412907379,3.,15.1725424859374));
#2098=CARTESIAN_POINT('Ctrl Pts',(-13.2776412907379,3.,15.1725424859374));
#2099=CARTESIAN_POINT('Ctrl Pts',(-13.325326722279,3.,15.0257818183201));
#2100=CARTESIAN_POINT('Ctrl Pts',(-13.2456190197627,3.,14.9035064106199));
#2101=CARTESIAN_POINT('Ctrl Pts',(-13.2265650605617,3.,14.8425325707603));
#2102=CARTESIAN_POINT('Ctrl Pts',(-13.2187931784689,3.,14.8176620706646));
#2103=CARTESIAN_POINT('Ctrl Pts',(-13.2162271357338,3.,14.7981824839537));
#2104=CARTESIAN_POINT('Ctrl Pts',(-13.2210676003986,3.,14.7676209928445));
#2105=CARTESIAN_POINT('',(-13.2776412907379,1.23034566395673E-15,15.1725424859374));
#2106=CARTESIAN_POINT('Ctrl Pts',(-12.9938653318427,1.27093153274421E-15,
15.4668776743879));
#2107=CARTESIAN_POINT('Ctrl Pts',(-12.9938653318427,3.,15.4668776743879));
#2108=CARTESIAN_POINT('Ctrl Pts',(-13.028740243681,1.25803902268767E-15,
15.3984318060355));
#2109=CARTESIAN_POINT('Ctrl Pts',(-13.028740243681,3.,15.3984318060355));
#2110=CARTESIAN_POINT('Ctrl Pts',(-13.0885698711073,1.26537132453636E-15,
15.4012484512106));
#2111=CARTESIAN_POINT('Ctrl Pts',(-13.0885698711073,3.,15.4012484512106));
#2112=CARTESIAN_POINT('Ctrl Pts',(-13.1862631639878,1.25498974000214E-15,
15.314579710733));
#2113=CARTESIAN_POINT('Ctrl Pts',(-13.1862631639878,3.,15.314579710733));
#2114=CARTESIAN_POINT('Ctrl Pts',(-13.2243950091658,1.25093757876887E-15,
15.2807509913171));
#2115=CARTESIAN_POINT('Ctrl Pts',(-13.2243950091658,3.,15.2807509913171));
#2116=CARTESIAN_POINT('Ctrl Pts',(-13.2587934543527,1.24246091649548E-15,
15.2305501616913));
#2117=CARTESIAN_POINT('Ctrl Pts',(-13.2587934543527,3.,15.2305501616913));
#2118=CARTESIAN_POINT('Ctrl Pts',(-13.2776412907379,1.23034566395673E-15,
15.1725424859374));
#2119=CARTESIAN_POINT('Ctrl Pts',(-13.2776412907379,3.,15.1725424859374));
#2120=CARTESIAN_POINT('',(-12.9938653318427,3.,15.4668776743879));
#2121=CARTESIAN_POINT('Ctrl Pts',(-12.9938653318427,3.,15.4668776743879));
#2122=CARTESIAN_POINT('Ctrl Pts',(-13.028740243681,3.,15.3984318060355));
#2123=CARTESIAN_POINT('Ctrl Pts',(-13.0885698711073,3.,15.4012484512106));
#2124=CARTESIAN_POINT('Ctrl Pts',(-13.1862631639878,3.,15.314579710733));
#2125=CARTESIAN_POINT('Ctrl Pts',(-13.2243950091658,3.,15.2807509913171));
#2126=CARTESIAN_POINT('Ctrl Pts',(-13.2587934543527,3.,15.2305501616913));
#2127=CARTESIAN_POINT('Ctrl Pts',(-13.2776412907379,3.,15.1725424859374));
#2128=CARTESIAN_POINT('',(-12.9938653318427,1.27093153274421E-15,15.4668776743879));
#2129=CARTESIAN_POINT('Ctrl Pts',(-12.9225424859374,1.36161810412944E-15,
15.8694631307312));
#2130=CARTESIAN_POINT('Ctrl Pts',(-12.9225424859374,3.,15.8694631307312));
#2131=CARTESIAN_POINT('Ctrl Pts',(-13.0132455667365,1.34111067847077E-15,
15.7446210501882));
#2132=CARTESIAN_POINT('Ctrl Pts',(-13.0132455667365,3.,15.7446210501882));
#2133=CARTESIAN_POINT('Ctrl Pts',(-12.9752242158329,1.30237356068306E-15,
15.6036991922521));
#2134=CARTESIAN_POINT('Ctrl Pts',(-12.9752242158329,3.,15.6036991922521));
#2135=CARTESIAN_POINT('Ctrl Pts',(-12.9759447765024,1.28680806759884E-15,
15.5398216273268));
#2136=CARTESIAN_POINT('Ctrl Pts',(-12.9759447765024,3.,15.5398216273268));
#2137=CARTESIAN_POINT('Ctrl Pts',(-12.9762386845824,1.28045908911673E-15,
15.5137667325024));
#2138=CARTESIAN_POINT('Ctrl Pts',(-12.9762386845824,3.,15.5137667325024));
#2139=CARTESIAN_POINT('Ctrl Pts',(-12.9798177562551,1.27612462141414E-15,
15.4944475938129));
#2140=CARTESIAN_POINT('Ctrl Pts',(-12.9798177562551,3.,15.4944475938129));
#2141=CARTESIAN_POINT('Ctrl Pts',(-12.9938653318427,1.27093153274421E-15,
15.4668776743879));
#2142=CARTESIAN_POINT('Ctrl Pts',(-12.9938653318427,3.,15.4668776743879));
#2143=CARTESIAN_POINT('',(-12.9225424859374,3.,15.8694631307312));
#2144=CARTESIAN_POINT('Ctrl Pts',(-12.9225424859374,3.,15.8694631307312));
#2145=CARTESIAN_POINT('Ctrl Pts',(-13.0132455667365,3.,15.7446210501882));
#2146=CARTESIAN_POINT('Ctrl Pts',(-12.9752242158329,3.,15.6036991922521));
#2147=CARTESIAN_POINT('Ctrl Pts',(-12.9759447765024,3.,15.5398216273268));
#2148=CARTESIAN_POINT('Ctrl Pts',(-12.9762386845824,3.,15.5137667325024));
#2149=CARTESIAN_POINT('Ctrl Pts',(-12.9798177562551,3.,15.4944475938129));
#2150=CARTESIAN_POINT('Ctrl Pts',(-12.9938653318427,3.,15.4668776743879));
#2151=CARTESIAN_POINT('',(-12.9225424859374,1.36161810412944E-15,15.8694631307312));
#2152=CARTESIAN_POINT('Ctrl Pts',(-12.5617009357884,1.36864132680792E-15,
16.0617009357884));
#2153=CARTESIAN_POINT('Ctrl Pts',(-12.5617009357884,3.,16.0617009357884));
#2154=CARTESIAN_POINT('Ctrl Pts',(-12.616019884463,1.36136763595508E-15,
16.0073819871137));
#2155=CARTESIAN_POINT('Ctrl Pts',(-12.616019884463,3.,16.0073819871137));
#2156=CARTESIAN_POINT('Ctrl Pts',(-12.6720508502684,1.37277278171706E-15,
16.0285491475031));
#2157=CARTESIAN_POINT('Ctrl Pts',(-12.6720508502684,3.,16.0285491475031));
#2158=CARTESIAN_POINT('Ctrl Pts',(-12.7917448067488,1.37326686487354E-15,
15.9763111648498));
#2159=CARTESIAN_POINT('Ctrl Pts',(-12.7917448067488,3.,15.9763111648498));
#2160=CARTESIAN_POINT('Ctrl Pts',(-12.838463995781,1.37345971641814E-15,
15.9559215289985));
#2161=CARTESIAN_POINT('Ctrl Pts',(-12.838463995781,3.,15.9559215289985));
#2162=CARTESIAN_POINT('Ctrl Pts',(-12.886691770713,1.36972373704507E-15,
15.918807407002));
#2163=CARTESIAN_POINT('Ctrl Pts',(-12.886691770713,3.,15.918807407002));
#2164=CARTESIAN_POINT('Ctrl Pts',(-12.9225424859374,1.36161810412944E-15,
15.8694631307312));
#2165=CARTESIAN_POINT('Ctrl Pts',(-12.9225424859374,3.,15.8694631307312));
#2166=CARTESIAN_POINT('',(-12.5617009357884,3.,16.0617009357884));
#2167=CARTESIAN_POINT('Ctrl Pts',(-12.5617009357884,3.,16.0617009357884));
#2168=CARTESIAN_POINT('Ctrl Pts',(-12.616019884463,3.,16.0073819871137));
#2169=CARTESIAN_POINT('Ctrl Pts',(-12.6720508502684,3.,16.0285491475031));
#2170=CARTESIAN_POINT('Ctrl Pts',(-12.7917448067488,3.,15.9763111648498));
#2171=CARTESIAN_POINT('Ctrl Pts',(-12.838463995781,3.,15.9559215289985));
#2172=CARTESIAN_POINT('Ctrl Pts',(-12.886691770713,3.,15.918807407002));
#2173=CARTESIAN_POINT('Ctrl Pts',(-12.9225424859374,3.,15.8694631307312));
#2174=CARTESIAN_POINT('',(-12.5617009357884,1.36864132680792E-15,16.0617009357884));
#2175=CARTESIAN_POINT('Ctrl Pts',(-12.3694631307312,1.19789691541097E-15,
16.4225424859374));
#2176=CARTESIAN_POINT('Ctrl Pts',(-12.3694631307312,3.,16.4225424859374));
#2177=CARTESIAN_POINT('Ctrl Pts',(-12.4943052112743,1.19783754925658E-15,
16.3318394051381));
#2178=CARTESIAN_POINT('Ctrl Pts',(-12.4943052112743,3.,16.3318394051381));
#2179=CARTESIAN_POINT('Ctrl Pts',(-12.5016920067202,1.1743220086031E-15,
16.1860655102809));
#2180=CARTESIAN_POINT('Ctrl Pts',(-12.5016920067202,3.,16.1860655102809));
#2181=CARTESIAN_POINT('Ctrl Pts',(-12.5221165537615,1.17248006879942E-15,
16.1255370014063));
#2182=CARTESIAN_POINT('Ctrl Pts',(-12.5221165537615,3.,16.1255370014063));
#2183=CARTESIAN_POINT('Ctrl Pts',(-12.5304474822435,1.17172876358116E-15,
16.1008481464939));
#2184=CARTESIAN_POINT('Ctrl Pts',(-12.5304474822435,3.,16.1008481464939));
#2185=CARTESIAN_POINT('Ctrl Pts',(-12.5398213238519,1.1727751374663E-15,
16.0835805477248));
#2186=CARTESIAN_POINT('Ctrl Pts',(-12.5398213238519,3.,16.0835805477248));
#2187=CARTESIAN_POINT('Ctrl Pts',(-12.5617009357884,1.17380121415493E-15,
16.0617009357884));
#2188=CARTESIAN_POINT('Ctrl Pts',(-12.5617009357884,3.,16.0617009357884));
#2189=CARTESIAN_POINT('',(-12.3694631307312,3.,16.4225424859374));
#2190=CARTESIAN_POINT('Ctrl Pts',(-12.3694631307312,3.,16.4225424859374));
#2191=CARTESIAN_POINT('Ctrl Pts',(-12.4943052112743,3.,16.3318394051381));
#2192=CARTESIAN_POINT('Ctrl Pts',(-12.5016920067202,3.,16.1860655102809));
#2193=CARTESIAN_POINT('Ctrl Pts',(-12.5221165537615,3.,16.1255370014063));
#2194=CARTESIAN_POINT('Ctrl Pts',(-12.5304474822435,3.,16.1008481464939));
#2195=CARTESIAN_POINT('Ctrl Pts',(-12.5398213238519,3.,16.0835805477248));
#2196=CARTESIAN_POINT('Ctrl Pts',(-12.5617009357884,3.,16.0617009357884));
#2197=CARTESIAN_POINT('',(-12.3694631307312,1.19789691541097E-15,16.4225424859374));
#2198=CARTESIAN_POINT('Ctrl Pts',(-11.9668776743879,1.16293956266909E-15,
16.4938653318427));
#2199=CARTESIAN_POINT('Ctrl Pts',(-11.9668776743879,3.,16.4938653318427));
#2200=CARTESIAN_POINT('Ctrl Pts',(-12.0353235427404,1.16830219801132E-15,
16.4589904200044));
#2201=CARTESIAN_POINT('Ctrl Pts',(-12.0353235427404,3.,16.4589904200044));
#2202=CARTESIAN_POINT('Ctrl Pts',(-12.0820711456008,1.17778587707835E-15,
16.4964361064694));
#2203=CARTESIAN_POINT('Ctrl Pts',(-12.0820711456008,3.,16.4964361064694));
#2204=CARTESIAN_POINT('Ctrl Pts',(-12.2120492872648,1.1901961636648E-15,
16.4837422993451));
#2205=CARTESIAN_POINT('Ctrl Pts',(-12.2120492872648,3.,16.4837422993451));
#2206=CARTESIAN_POINT('Ctrl Pts',(-12.2627826204171,1.19504017201763E-15,
16.4787876266781));
#2207=CARTESIAN_POINT('Ctrl Pts',(-12.2627826204171,3.,16.4787876266781));
#2208=CARTESIAN_POINT('Ctrl Pts',(-12.3201188544605,1.1979203800946E-15,
16.4583932011617));
#2209=CARTESIAN_POINT('Ctrl Pts',(-12.3201188544605,3.,16.4583932011617));
#2210=CARTESIAN_POINT('Ctrl Pts',(-12.3694631307312,1.19789691541097E-15,
16.4225424859374));
#2211=CARTESIAN_POINT('Ctrl Pts',(-12.3694631307312,3.,16.4225424859374));
#2212=CARTESIAN_POINT('',(-11.9668776743879,3.,16.4938653318427));
#2213=CARTESIAN_POINT('Ctrl Pts',(-11.9668776743879,3.,16.4938653318427));
#2214=CARTESIAN_POINT('Ctrl Pts',(-12.0353235427404,3.,16.4589904200044));
#2215=CARTESIAN_POINT('Ctrl Pts',(-12.0820711456008,3.,16.4964361064694));
#2216=CARTESIAN_POINT('Ctrl Pts',(-12.2120492872648,3.,16.4837422993451));
#2217=CARTESIAN_POINT('Ctrl Pts',(-12.2627826204171,3.,16.4787876266781));
#2218=CARTESIAN_POINT('Ctrl Pts',(-12.3201188544605,3.,16.4583932011617));
#2219=CARTESIAN_POINT('Ctrl Pts',(-12.3694631307312,3.,16.4225424859374));
#2220=CARTESIAN_POINT('',(-11.9668776743879,1.16293956266909E-15,16.4938653318427));
#2221=CARTESIAN_POINT('Ctrl Pts',(-11.6725424859374,1.16574972456721E-15,
16.7776412907379));
#2222=CARTESIAN_POINT('Ctrl Pts',(-11.6725424859374,3.,16.7776412907379));
#2223=CARTESIAN_POINT('Ctrl Pts',(-11.8193031535547,1.17472545376838E-15,
16.7299558591967));
#2224=CARTESIAN_POINT('Ctrl Pts',(-11.8193031535547,3.,16.7299558591967));
#2225=CARTESIAN_POINT('Ctrl Pts',(-11.8713750243452,1.15815143774611E-15,
16.593599291914));
#2226=CARTESIAN_POINT('Ctrl Pts',(-11.8713750243452,3.,16.593599291914));
#2227=CARTESIAN_POINT('Ctrl Pts',(-11.9095042607876,1.15890476244963E-15,
16.5423447912653));
#2228=CARTESIAN_POINT('Ctrl Pts',(-11.9095042607876,3.,16.5423447912653));
#2229=CARTESIAN_POINT('Ctrl Pts',(-11.9250567203469,1.15921203458723E-15,
16.5214386934007));
#2230=CARTESIAN_POINT('Ctrl Pts',(-11.9250567203469,3.,16.5214386934007));
#2231=CARTESIAN_POINT('Ctrl Pts',(-11.939307754963,1.16077949913494E-15,
16.5079129074302));
#2232=CARTESIAN_POINT('Ctrl Pts',(-11.939307754963,3.,16.5079129074302));
#2233=CARTESIAN_POINT('Ctrl Pts',(-11.9668776743879,1.16293956266909E-15,
16.4938653318427));
#2234=CARTESIAN_POINT('Ctrl Pts',(-11.9668776743879,3.,16.4938653318427));
#2235=CARTESIAN_POINT('',(-11.6725424859374,3.,16.7776412907379));
#2236=CARTESIAN_POINT('Ctrl Pts',(-11.6725424859374,3.,16.7776412907379));
#2237=CARTESIAN_POINT('Ctrl Pts',(-11.8193031535547,3.,16.7299558591967));
#2238=CARTESIAN_POINT('Ctrl Pts',(-11.8713750243452,3.,16.593599291914));
#2239=CARTESIAN_POINT('Ctrl Pts',(-11.9095042607876,3.,16.5423447912653));
#2240=CARTESIAN_POINT('Ctrl Pts',(-11.9250567203469,3.,16.5214386934007));
#2241=CARTESIAN_POINT('Ctrl Pts',(-11.939307754963,3.,16.5079129074302));
#2242=CARTESIAN_POINT('Ctrl Pts',(-11.9668776743879,3.,16.4938653318427));
#2243=CARTESIAN_POINT('',(-11.6725424859374,1.16574972456721E-15,16.7776412907379));
#2244=CARTESIAN_POINT('Ctrl Pts',(-11.2676209928445,1.1143147396331E-15,
16.7210676003986));
#2245=CARTESIAN_POINT('Ctrl Pts',(-11.2676209928445,3.,16.7210676003986));
#2246=CARTESIAN_POINT('Ctrl Pts',(-11.3434938223899,1.12196771095219E-15,
16.7090505247552));
#2247=CARTESIAN_POINT('Ctrl Pts',(-11.3434938223899,3.,16.7090505247552));
#2248=CARTESIAN_POINT('Ctrl Pts',(-11.3763820812275,1.12988196172767E-15,
16.759109292605));
#2249=CARTESIAN_POINT('Ctrl Pts',(-11.3763820812275,3.,16.759109292605));
#2250=CARTESIAN_POINT('Ctrl Pts',(-11.5039212419579,1.14851256829755E-15,
16.7872022192943));
#2251=CARTESIAN_POINT('Ctrl Pts',(-11.5039212419579,3.,16.7872022192943));
#2252=CARTESIAN_POINT('Ctrl Pts',(-11.5537025871016,1.15578450462346E-15,
16.7981675076937));
#2253=CARTESIAN_POINT('Ctrl Pts',(-11.5537025871016,3.,16.7981675076937));
#2254=CARTESIAN_POINT('Ctrl Pts',(-11.6145348101834,1.16220203568292E-15,
16.796489127123));
#2255=CARTESIAN_POINT('Ctrl Pts',(-11.6145348101834,3.,16.796489127123));
#2256=CARTESIAN_POINT('Ctrl Pts',(-11.6725424859374,1.16574972456721E-15,
16.7776412907379));
#2257=CARTESIAN_POINT('Ctrl Pts',(-11.6725424859374,3.,16.7776412907379));
#2258=CARTESIAN_POINT('',(-11.2676209928445,3.,16.7210676003986));
#2259=CARTESIAN_POINT('Ctrl Pts',(-11.2676209928445,3.,16.7210676003986));
#2260=CARTESIAN_POINT('Ctrl Pts',(-11.3434938223899,3.,16.7090505247552));
#2261=CARTESIAN_POINT('Ctrl Pts',(-11.3763820812275,3.,16.759109292605));
#2262=CARTESIAN_POINT('Ctrl Pts',(-11.5039212419579,3.,16.7872022192943));
#2263=CARTESIAN_POINT('Ctrl Pts',(-11.5537025871016,3.,16.7981675076937));
#2264=CARTESIAN_POINT('Ctrl Pts',(-11.6145348101834,3.,16.796489127123));
#2265=CARTESIAN_POINT('Ctrl Pts',(-11.6725424859374,3.,16.7776412907379));
#2266=CARTESIAN_POINT('',(-11.2676209928445,1.1143147396331E-15,16.7210676003986));
#2267=CARTESIAN_POINT('Ctrl Pts',(-10.9,1.09556428394717E-15,16.9));
#2268=CARTESIAN_POINT('Ctrl Pts',(-10.9,3.,16.9));
#2269=CARTESIAN_POINT('Ctrl Pts',(-11.0543132980035,1.11269650159211E-15,
16.9));
#2270=CARTESIAN_POINT('Ctrl Pts',(-11.0543132980035,3.,16.9));
#2271=CARTESIAN_POINT('Ctrl Pts',(-11.1459730866192,1.10468639036726E-15,
16.7864082911496));
#2272=CARTESIAN_POINT('Ctrl Pts',(-11.1459730866192,3.,16.7864082911496));
#2273=CARTESIAN_POINT('Ctrl Pts',(-11.1980746571382,1.10796123890728E-15,
16.7494449463611));
#2274=CARTESIAN_POINT('Ctrl Pts',(-11.1980746571382,3.,16.7494449463611));
#2275=CARTESIAN_POINT('Ctrl Pts',(-11.2193262646729,1.10929701046301E-15,
16.7343680400647));
#2276=CARTESIAN_POINT('Ctrl Pts',(-11.2193262646729,3.,16.7343680400647));
#2277=CARTESIAN_POINT('Ctrl Pts',(-11.2370595017354,1.11123213132221E-15,
16.7259080650634));
#2278=CARTESIAN_POINT('Ctrl Pts',(-11.2370595017354,3.,16.7259080650634));
#2279=CARTESIAN_POINT('Ctrl Pts',(-11.2676209928445,1.1143147396331E-15,
16.7210676003986));
#2280=CARTESIAN_POINT('Ctrl Pts',(-11.2676209928445,3.,16.7210676003986));
#2281=CARTESIAN_POINT('',(-10.9,3.,16.9));
#2282=CARTESIAN_POINT('Ctrl Pts',(-10.9,3.,16.9));
#2283=CARTESIAN_POINT('Ctrl Pts',(-11.0543132980035,3.,16.9));
#2284=CARTESIAN_POINT('Ctrl Pts',(-11.1459730866192,3.,16.7864082911496));
#2285=CARTESIAN_POINT('Ctrl Pts',(-11.1980746571382,3.,16.7494449463611));
#2286=CARTESIAN_POINT('Ctrl Pts',(-11.2193262646729,3.,16.7343680400647));
#2287=CARTESIAN_POINT('Ctrl Pts',(-11.2370595017354,3.,16.7259080650634));
#2288=CARTESIAN_POINT('Ctrl Pts',(-11.2676209928445,3.,16.7210676003986));
#2289=CARTESIAN_POINT('',(-10.9,1.09556428394717E-15,16.9));
#2290=CARTESIAN_POINT('Ctrl Pts',(-10.5323790071555,1.03268648151478E-15,
16.7210676003986));
#2291=CARTESIAN_POINT('Ctrl Pts',(-10.5323790071555,3.,16.7210676003986));
#2292=CARTESIAN_POINT('Ctrl Pts',(-10.6082518367008,1.04188066265664E-15,
16.733084676042));
#2293=CARTESIAN_POINT('Ctrl Pts',(-10.6082518367008,3.,16.733084676042));
#2294=CARTESIAN_POINT('Ctrl Pts',(-10.6240614195951,1.04745078313291E-15,
16.7908564242995));
#2295=CARTESIAN_POINT('Ctrl Pts',(-10.6240614195951,3.,16.7908564242995));
#2296=CARTESIAN_POINT('Ctrl Pts',(-10.7366771777215,1.07047801610803E-15,
16.8569861534031));
#2297=CARTESIAN_POINT('Ctrl Pts',(-10.7366771777215,3.,16.8569861534031));
#2298=CARTESIAN_POINT('Ctrl Pts',(-10.7806335899466,1.07946605261285E-15,
16.8827980440405));
#2299=CARTESIAN_POINT('Ctrl Pts',(-10.7806335899466,3.,16.8827980440405));
#2300=CARTESIAN_POINT('Ctrl Pts',(-10.8390071202288,1.08879271400115E-15,
16.9));
#2301=CARTESIAN_POINT('Ctrl Pts',(-10.8390071202288,3.,16.9));
#2302=CARTESIAN_POINT('Ctrl Pts',(-10.9,1.09556428394717E-15,16.9));
#2303=CARTESIAN_POINT('Ctrl Pts',(-10.9,3.,16.9));
#2304=CARTESIAN_POINT('',(-10.5323790071555,3.,16.7210676003986));
#2305=CARTESIAN_POINT('Ctrl Pts',(-10.5323790071555,3.,16.7210676003986));
#2306=CARTESIAN_POINT('Ctrl Pts',(-10.6082518367008,3.,16.733084676042));
#2307=CARTESIAN_POINT('Ctrl Pts',(-10.6240614195951,3.,16.7908564242995));
#2308=CARTESIAN_POINT('Ctrl Pts',(-10.7366771777215,3.,16.8569861534031));
#2309=CARTESIAN_POINT('Ctrl Pts',(-10.7806335899466,3.,16.8827980440405));
#2310=CARTESIAN_POINT('Ctrl Pts',(-10.8390071202288,3.,16.9));
#2311=CARTESIAN_POINT('Ctrl Pts',(-10.9,3.,16.9));
#2312=CARTESIAN_POINT('',(-10.5323790071555,1.03268648151478E-15,16.7210676003986));
#2313=CARTESIAN_POINT('Ctrl Pts',(-10.1274575140626,9.94210833489448E-16,
16.7776412907379));
#2314=CARTESIAN_POINT('Ctrl Pts',(-10.1274575140626,3.,16.7776412907379));
#2315=CARTESIAN_POINT('Ctrl Pts',(-10.2742181816798,1.01782251874787E-15,
16.825326722279));
#2316=CARTESIAN_POINT('Ctrl Pts',(-10.2742181816798,3.,16.825326722279));
#2317=CARTESIAN_POINT('Ctrl Pts',(-10.3964935893801,1.01916039781679E-15,
16.7456190197627));
#2318=CARTESIAN_POINT('Ctrl Pts',(-10.3964935893801,3.,16.7456190197627));
#2319=CARTESIAN_POINT('Ctrl Pts',(-10.4574674292396,1.02463620520108E-15,
16.7265650605617));
#2320=CARTESIAN_POINT('Ctrl Pts',(-10.4574674292396,3.,16.7265650605617));
#2321=CARTESIAN_POINT('Ctrl Pts',(-10.4823379293354,1.02686972154824E-15,
16.7187931784689));
#2322=CARTESIAN_POINT('Ctrl Pts',(-10.4823379293354,3.,16.7187931784689));
#2323=CARTESIAN_POINT('Ctrl Pts',(-10.5018175160463,1.02898307560641E-15,
16.7162271357338));
#2324=CARTESIAN_POINT('Ctrl Pts',(-10.5018175160463,3.,16.7162271357338));
#2325=CARTESIAN_POINT('Ctrl Pts',(-10.5323790071555,1.03268648151478E-15,
16.7210676003986));
#2326=CARTESIAN_POINT('Ctrl Pts',(-10.5323790071555,3.,16.7210676003986));
#2327=CARTESIAN_POINT('',(-10.1274575140626,3.,16.7776412907379));
#2328=CARTESIAN_POINT('Ctrl Pts',(-10.1274575140626,3.,16.7776412907379));
#2329=CARTESIAN_POINT('Ctrl Pts',(-10.2742181816798,3.,16.825326722279));
#2330=CARTESIAN_POINT('Ctrl Pts',(-10.3964935893801,3.,16.7456190197627));
#2331=CARTESIAN_POINT('Ctrl Pts',(-10.4574674292396,3.,16.7265650605617));
#2332=CARTESIAN_POINT('Ctrl Pts',(-10.4823379293354,3.,16.7187931784689));
#2333=CARTESIAN_POINT('Ctrl Pts',(-10.5018175160463,3.,16.7162271357338));
#2334=CARTESIAN_POINT('Ctrl Pts',(-10.5323790071555,3.,16.7210676003986));
#2335=CARTESIAN_POINT('',(-10.1274575140626,9.94210833489448E-16,16.7776412907379));
#2336=CARTESIAN_POINT('Ctrl Pts',(-9.83312232561207,9.26045130956283E-16,
16.4938653318427));
#2337=CARTESIAN_POINT('Ctrl Pts',(-9.83312232561207,3.,16.4938653318427));
#2338=CARTESIAN_POINT('Ctrl Pts',(-9.90156819396445,9.35880531411106E-16,
16.5287402436809));
#2339=CARTESIAN_POINT('Ctrl Pts',(-9.90156819396445,3.,16.5287402436809));
#2340=CARTESIAN_POINT('Ctrl Pts',(-9.89875154878962,9.38561279386623E-16,
16.5885698711074));
#2341=CARTESIAN_POINT('Ctrl Pts',(-9.89875154878962,3.,16.5885698711074));
#2342=CARTESIAN_POINT('Ctrl Pts',(-9.98542028926691,9.6373107276325E-16,
16.6862631639877));
#2343=CARTESIAN_POINT('Ctrl Pts',(-9.98542028926691,3.,16.6862631639877));
#2344=CARTESIAN_POINT('Ctrl Pts',(-10.0192490086826,9.73555397810559E-16,
16.7243950091657));
#2345=CARTESIAN_POINT('Ctrl Pts',(-10.0192490086826,3.,16.7243950091657));
#2346=CARTESIAN_POINT('Ctrl Pts',(-10.0694498383087,9.84878230928327E-16,
16.7587934543527));
#2347=CARTESIAN_POINT('Ctrl Pts',(-10.0694498383087,3.,16.7587934543527));
#2348=CARTESIAN_POINT('Ctrl Pts',(-10.1274575140626,9.94210833489449E-16,
16.7776412907379));
#2349=CARTESIAN_POINT('Ctrl Pts',(-10.1274575140626,3.,16.7776412907379));
#2350=CARTESIAN_POINT('',(-9.83312232561207,3.,16.4938653318427));
#2351=CARTESIAN_POINT('Ctrl Pts',(-9.83312232561207,3.,16.4938653318427));
#2352=CARTESIAN_POINT('Ctrl Pts',(-9.90156819396445,3.,16.5287402436809));
#2353=CARTESIAN_POINT('Ctrl Pts',(-9.89875154878962,3.,16.5885698711074));
#2354=CARTESIAN_POINT('Ctrl Pts',(-9.98542028926691,3.,16.6862631639877));
#2355=CARTESIAN_POINT('Ctrl Pts',(-10.0192490086826,3.,16.7243950091657));
#2356=CARTESIAN_POINT('Ctrl Pts',(-10.0694498383087,3.,16.7587934543527));
#2357=CARTESIAN_POINT('Ctrl Pts',(-10.1274575140626,3.,16.7776412907379));
#2358=CARTESIAN_POINT('',(-9.83312232561207,9.26045130956282E-16,16.4938653318427));
#2359=CARTESIAN_POINT('Ctrl Pts',(-9.43053686926881,8.71610555095862E-16,
16.4225424859374));
#2360=CARTESIAN_POINT('Ctrl Pts',(-9.43053686926881,3.,16.4225424859374));
#2361=CARTESIAN_POINT('Ctrl Pts',(-9.55537894981167,8.99390431702402E-16,
16.5132455667364));
#2362=CARTESIAN_POINT('Ctrl Pts',(-9.55537894981167,3.,16.5132455667364));
#2363=CARTESIAN_POINT('Ctrl Pts',(-9.69630080774772,9.09945340140288E-16,
16.4752242158329));
#2364=CARTESIAN_POINT('Ctrl Pts',(-9.69630080774772,3.,16.4752242158329));
#2365=CARTESIAN_POINT('Ctrl Pts',(-9.76017837267303,9.1708609618987E-16,
16.4759447765024));
#2366=CARTESIAN_POINT('Ctrl Pts',(-9.76017837267303,3.,16.4759447765024));
#2367=CARTESIAN_POINT('Ctrl Pts',(-9.78623326749756,9.19998725186563E-16,
16.4762386845824));
#2368=CARTESIAN_POINT('Ctrl Pts',(-9.78623326749756,3.,16.4762386845824));
#2369=CARTESIAN_POINT('Ctrl Pts',(-9.80555240618706,9.22083442623889E-16,
16.4798177562551));
#2370=CARTESIAN_POINT('Ctrl Pts',(-9.80555240618706,3.,16.4798177562551));
#2371=CARTESIAN_POINT('Ctrl Pts',(-9.83312232561207,9.26045130956283E-16,
16.4938653318427));
#2372=CARTESIAN_POINT('Ctrl Pts',(-9.83312232561207,3.,16.4938653318427));
#2373=CARTESIAN_POINT('',(-9.43053686926881,3.,16.4225424859374));
#2374=CARTESIAN_POINT('Ctrl Pts',(-9.43053686926881,3.,16.4225424859374));
#2375=CARTESIAN_POINT('Ctrl Pts',(-9.55537894981167,3.,16.5132455667364));
#2376=CARTESIAN_POINT('Ctrl Pts',(-9.69630080774772,3.,16.4752242158329));
#2377=CARTESIAN_POINT('Ctrl Pts',(-9.76017837267303,3.,16.4759447765024));
#2378=CARTESIAN_POINT('Ctrl Pts',(-9.78623326749756,3.,16.4762386845824));
#2379=CARTESIAN_POINT('Ctrl Pts',(-9.80555240618706,3.,16.4798177562551));
#2380=CARTESIAN_POINT('Ctrl Pts',(-9.83312232561207,3.,16.4938653318427));
#2381=CARTESIAN_POINT('',(-9.43053686926881,8.71610555095862E-16,16.4225424859374));
#2382=CARTESIAN_POINT('Ctrl Pts',(-9.23829906421162,8.04829486364242E-16,
16.0617009357884));
#2383=CARTESIAN_POINT('Ctrl Pts',(-9.23829906421162,3.,16.0617009357884));
#2384=CARTESIAN_POINT('Ctrl Pts',(-9.29261801288628,8.14343348608249E-16,
16.116019884463));
#2385=CARTESIAN_POINT('Ctrl Pts',(-9.29261801288628,3.,16.116019884463));
#2386=CARTESIAN_POINT('Ctrl Pts',(-9.27145085249675,8.13872313793306E-16,
16.1720508502684));
#2387=CARTESIAN_POINT('Ctrl Pts',(-9.27145085249675,3.,16.1720508502684));
#2388=CARTESIAN_POINT('Ctrl Pts',(-9.32368883515039,8.38720872827487E-16,
16.2917448067492));
#2389=CARTESIAN_POINT('Ctrl Pts',(-9.32368883515039,3.,16.2917448067492));
#2390=CARTESIAN_POINT('Ctrl Pts',(-9.34407847100179,8.48419813031554E-16,
16.3384639957814));
#2391=CARTESIAN_POINT('Ctrl Pts',(-9.34407847100179,3.,16.3384639957814));
#2392=CARTESIAN_POINT('Ctrl Pts',(-9.38119259299815,8.60630460082404E-16,
16.3866917707131));
#2393=CARTESIAN_POINT('Ctrl Pts',(-9.38119259299815,3.,16.3866917707131));
#2394=CARTESIAN_POINT('Ctrl Pts',(-9.43053686926881,8.71610555095862E-16,
16.4225424859374));
#2395=CARTESIAN_POINT('Ctrl Pts',(-9.43053686926881,3.,16.4225424859374));
#2396=CARTESIAN_POINT('',(-9.23829906421161,3.,16.0617009357884));
#2397=CARTESIAN_POINT('Ctrl Pts',(-9.23829906421162,3.,16.0617009357884));
#2398=CARTESIAN_POINT('Ctrl Pts',(-9.29261801288628,3.,16.116019884463));
#2399=CARTESIAN_POINT('Ctrl Pts',(-9.27145085249675,3.,16.1720508502684));
#2400=CARTESIAN_POINT('Ctrl Pts',(-9.32368883515039,3.,16.2917448067492));
#2401=CARTESIAN_POINT('Ctrl Pts',(-9.34407847100179,3.,16.3384639957814));
#2402=CARTESIAN_POINT('Ctrl Pts',(-9.38119259299815,3.,16.3866917707131));
#2403=CARTESIAN_POINT('Ctrl Pts',(-9.43053686926881,3.,16.4225424859374));
#2404=CARTESIAN_POINT('',(-9.23829906421161,8.04829486364239E-16,16.0617009357884));
#2405=CARTESIAN_POINT('Ctrl Pts',(-8.87745751406263,7.39764418221947E-16,
15.8694631307312));
#2406=CARTESIAN_POINT('Ctrl Pts',(-8.87745751406263,3.,15.8694631307312));
#2407=CARTESIAN_POINT('Ctrl Pts',(-8.96816059486176,7.68993198300591E-16,
15.9943052112741));
#2408=CARTESIAN_POINT('Ctrl Pts',(-8.96816059486176,3.,15.9943052112741));
#2409=CARTESIAN_POINT('Ctrl Pts',(-9.11393448971869,7.87731948129182E-16,
16.0016920067201));
#2410=CARTESIAN_POINT('Ctrl Pts',(-9.11393448971869,3.,16.0016920067201));
#2411=CARTESIAN_POINT('Ctrl Pts',(-9.17446299859355,7.95838665889334E-16,
16.0221165537614));
#2412=CARTESIAN_POINT('Ctrl Pts',(-9.17446299859355,3.,16.0221165537614));
#2413=CARTESIAN_POINT('Ctrl Pts',(-9.19915185350621,7.99145299115872E-16,
16.0304474822435));
#2414=CARTESIAN_POINT('Ctrl Pts',(-9.19915185350621,3.,16.0304474822435));
#2415=CARTESIAN_POINT('Ctrl Pts',(-9.21641945227511,8.00997313264516E-16,
16.0398213238519));
#2416=CARTESIAN_POINT('Ctrl Pts',(-9.21641945227511,3.,16.0398213238519));
#2417=CARTESIAN_POINT('Ctrl Pts',(-9.23829906421161,8.04829486364239E-16,
16.0617009357884));
#2418=CARTESIAN_POINT('Ctrl Pts',(-9.23829906421161,3.,16.0617009357884));
#2419=CARTESIAN_POINT('Ctrl Pts',(-8.87745751406263,3.,15.8694631307312));
#2420=CARTESIAN_POINT('Ctrl Pts',(-8.96816059486176,3.,15.9943052112741));
#2421=CARTESIAN_POINT('Ctrl Pts',(-9.11393448971869,3.,16.0016920067201));
#2422=CARTESIAN_POINT('Ctrl Pts',(-9.17446299859355,3.,16.0221165537614));
#2423=CARTESIAN_POINT('Ctrl Pts',(-9.19915185350621,3.,16.0304474822435));
#2424=CARTESIAN_POINT('Ctrl Pts',(-9.21641945227511,3.,16.0398213238519));
#2425=CARTESIAN_POINT('Ctrl Pts',(-9.23829906421161,3.,16.0617009357884));
#2426=CARTESIAN_POINT('Origin',(-10.9,3.,14.4));
#2427=UNCERTAINTY_MEASURE_WITH_UNIT(LENGTH_MEASURE(0.01),#2431,
'DISTANCE_ACCURACY_VALUE',
'Maximum model space distance between geometric entities at asserted c
onnectivities');
#2428=UNCERTAINTY_MEASURE_WITH_UNIT(LENGTH_MEASURE(0.01),#2431,
'DISTANCE_ACCURACY_VALUE',
'Maximum model space distance between geometric entities at asserted c
onnectivities');
#2429=(
GEOMETRIC_REPRESENTATION_CONTEXT(3)
GLOBAL_UNCERTAINTY_ASSIGNED_CONTEXT((#2427))
GLOBAL_UNIT_ASSIGNED_CONTEXT((#2431,#2433,#2434))
REPRESENTATION_CONTEXT('','3D')
);
#2430=(
GEOMETRIC_REPRESENTATION_CONTEXT(3)
GLOBAL_UNCERTAINTY_ASSIGNED_CONTEXT((#2428))
GLOBAL_UNIT_ASSIGNED_CONTEXT((#2431,#2433,#2434))
REPRESENTATION_CONTEXT('','3D')
);
#2431=(
LENGTH_UNIT()
NAMED_UNIT(*)
SI_UNIT(.MILLI.,.METRE.)
);
#2432=(
LENGTH_UNIT()
NAMED_UNIT(*)
SI_UNIT($,.METRE.)
);
#2433=(
NAMED_UNIT(*)
PLANE_ANGLE_UNIT()
SI_UNIT($,.RADIAN.)
);
#2434=(
NAMED_UNIT(*)
SI_UNIT($,.STERADIAN.)
SOLID_ANGLE_UNIT()
);
#2435=SHAPE_DEFINITION_REPRESENTATION(#2436,#2437);
#2436=PRODUCT_DEFINITION_SHAPE('',$,#2439);
#2437=SHAPE_REPRESENTATION('',(#991),#2429);
#2438=PRODUCT_DEFINITION_CONTEXT('part definition',#2443,'design');
#2439=PRODUCT_DEFINITION('\X2\819D76D652A8529B53D1751F5668\X0\',
'\X2\819D76D652A8529B53D1751F5668\X0\',#2440,#2438);
#2440=PRODUCT_DEFINITION_FORMATION('',$,#2445);
#2441=PRODUCT_RELATED_PRODUCT_CATEGORY('\X2\819D76D652A8529B53D1751F5668\X0\',
'\X2\819D76D652A8529B53D1751F5668\X0\',(#2445));
#2442=APPLICATION_PROTOCOL_DEFINITION('international standard',
'automotive_design',2009,#2443);
#2443=APPLICATION_CONTEXT(
'Core Data for Automotive Mechanical Design Process');
#2444=PRODUCT_CONTEXT('part definition',#2443,'mechanical');
#2445=PRODUCT('\X2\819D76D652A8529B53D1751F5668\X0\',
'\X2\819D76D652A8529B53D1751F5668\X0\',$,(#2444));
#2446=PRESENTATION_STYLE_ASSIGNMENT((#2447));
#2447=SURFACE_STYLE_USAGE(.BOTH.,#2448);
#2448=SURFACE_SIDE_STYLE('',(#2449));
#2449=SURFACE_STYLE_FILL_AREA(#2450);
#2450=FILL_AREA_STYLE('\X2\94A2\X0\ - \X2\7F0E5149\X0\',(#2451));
#2451=FILL_AREA_STYLE_COLOUR('\X2\94A2\X0\ - \X2\7F0E5149\X0\',#2452);
#2452=COLOUR_RGB('\X2\94A2\X0\ - \X2\7F0E5149\X0\',0.627450980392157,0.627450980392157,
0.627450980392157);
ENDSEC;
END-ISO-10303-21;
